event,x,y,z,adc,zelem,layer
162,-31.3696,-0.82815,121.976,839.401,0,7
162,-31.1161,-4.06525,154.223,436.428,0,7
162,-31.0326,-4.66009,261.696,986.636,0,7
162,-30.85,-5.74547,278.885,810.165,0,7
162,-30.6685,-6.64692,-90.5208,610.655,0,7
162,-30.5531,-7.15855,53.0329,711.25,0,7
162,-30.5123,-7.33044,202.423,75.8206,0,7
162,-30.407,-7.75546,-88.8553,324.522,0,7
162,-30.3993,-7.78596,-29.604,37.1387,0,7
162,-30.4214,-7.69899,202.468,45.4683,0,7
162,-29.9726,-9.29404,289.793,864.263,0,7
162,-29.2522,-11.3599,-58.2982,44.5173,0,7
162,-29.016,-11.9501,155.673,796.23,0,7
162,-28.619,-12.8721,176.757,303.552,0,7
162,-28.533,-13.0616,-54.6137,202.754,0,7
162,-28.3585,-13.4362,187.173,1738.7,0,7
162,-28.3563,-13.4407,297.258,715.834,0,7
162,-28.1946,-13.7769,-17.0708,134.046,0,7
162,-27.3231,-15.4332,50.9913,215.447,0,7
162,-26.5532,-16.7231,162.185,952.078,0,7
162,-26.7248,-16.4476,105.556,1466.12,0,7
162,-26.7176,-16.4592,72.0729,861.645,0,7
162,-26.652,-16.5653,268.838,1733.02,0,7
162,-26.1451,-17.3543,-68.9619,1171.1,0,7
162,-25.5203,-18.2607,-8.828,17.1354,0,7
162,-25.5203,-18.2607,179.225,271.167,0,7
162,-25.0019,-18.9643,-9.252,16.0555,0,7
162,-25.0019,-18.9643,21.276,17.1093,0,7
162,-25.0019,-18.9643,47.4921,381.007,0,7
162,-25.0019,-18.9643,111.213,1966.77,0,7
162,-23.5472,-20.7428,-30.4598,725.669,0,7
162,-23.4581,-20.8436,114.181,733.09,0,7
162,-22.4292,-21.9469,70.7903,345.737,0,7
162,-21.8441,-22.5293,-96.8232,733.928,0,7
162,-21.8865,-22.4882,-35.9527,309.113,0,7
162,-21.8782,-22.4962,-52.924,14.0416,0,7
162,-21.3716,-22.978,-83.2657,46.5724,0,7
162,-21.0815,-23.2445,207.702,222.651,0,7
162,-20.8811,-23.4247,-39.1496,1595.01,0,7
162,-20.7581,-23.5338,17.0113,768.793,0,7
162,-20.7662,-23.5266,233.79,2932.01,0,7
162,-19.4405,-24.6333,266.529,866.297,0,7
162,-17.2474,-26.2157,255.999,3635.69,0,7
162,-16.635,-26.6085,191.236,352.558,0,7
162,-15.343,-27.3739,173.368,580.28,0,7
162,-12.7169,-28.6883,288.396,563.935,0,7
162,-12.299,-28.8699,56.2594,642.907,0,7
162,-12.4461,-28.8068,291.387,643.151,0,7
162,-11.895,-29.0387,83.7888,851.335,0,7
162,-8.37486,-30.2423,48.6254,26.2325,0,7
162,-7.07883,-30.5717,250.806,1299.93,0,7
162,-6.63681,-30.6706,302.155,763.494,0,7
162,-5.33956,-30.9229,292.804,175.731,0,7
162,-5.23237,-30.9412,85.3785,836.196,0,7
162,-4.09996,-31.1115,55.4305,796.554,0,7
162,-3.06938,-31.23,124.348,1120.6,0,7
162,-2.37366,-31.2906,-53.1877,2023.31,0,7
162,-2.57403,-31.2748,296.419,1131.84,0,7
162,-2.41276,-31.2876,-95.8214,676.476,0,7
162,-1.66622,-31.3362,-30.3935,235.152,0,7
162,-0.779717,-31.3708,-38.7029,964.143,0,7
162,-0.670986,-31.3733,288.07,197.432,0,7
162,-0.396454,-31.378,-91.2651,142.82,0,7
162,0.245519,-31.3795,-19.2044,249.748,0,7
162,1.53308,-31.343,-87.1037,2597.79,0,7
162,1.19055,-31.3579,-32.4545,668.307,0,7
162,3.69098,-31.1627,251.999,418.302,0,7
162,4.02558,-31.1212,-81.5676,318.742,0,7
162,5.68494,-30.8613,-41.3372,580.216,0,7
162,6.91181,-30.6098,163.307,445.918,0,7
162,7.21248,-30.5404,-71.4359,561.155,0,7
162,7.26939,-30.5269,83.5024,218.803,0,7
162,7.35059,-30.5075,182.98,417.855,0,7
162,7.73672,-30.4118,-36.2284,1237.4,0,7
162,8.78649,-30.1253,194.454,456.64,0,7
162,8.79246,-30.1236,114.12,492.494,0,7
162,9.0634,-30.0431,81.3639,1333.98,0,7
162,9.11107,-30.0287,305.78,114.206,0,7
162,9.45618,-29.9218,228.52,64.2458,0,7
162,9.96149,-29.7574,33.576,307.967,0,7
162,9.97824,-29.7518,195.352,74.6863,0,7
162,10.5392,-29.5578,275.225,949.055,0,7
162,11.1037,-29.3504,-17.1335,124.299,0,7
162,11.1521,-29.332,149.326,181.762,0,7
162,11.9857,-29.0014,296.953,770.107,0,7
162,13.0108,-28.5562,142.644,960.355,0,7
162,14.3614,-27.9013,93.7873,1022.91,0,7
162,14.4287,-27.8666,73.7836,1482.55,0,7
162,14.787,-27.6781,294.734,131.112,0,7
162,15.3196,-27.387,236.39,2114.79,0,7
162,17.1322,-26.2911,300.543,1505.99,0,7
162,17.4864,-26.0569,298.138,441.975,0,7
162,17.599,-25.9809,304.091,531.061,0,7
162,19.0453,-24.9402,114.428,215.988,0,7
162,20.6686,-23.6124,114.013,438.919,0,7
162,21.1598,-23.1733,159.76,343.404,0,7
162,21.3498,-22.9983,-56.8858,1357.5,0,7
162,21.8926,-22.4822,116.543,249.793,0,7
162,23.03,-21.3157,84.6989,1199.99,0,7
162,24.5883,-19.4974,305.438,417.85,0,7
162,25.0653,-18.8804,-102.724,1656.42,0,7
162,25.0852,-18.8539,132.717,258.689,0,7
162,25.8345,-17.8134,178.148,1894.23,0,7
162,26.161,-17.3303,74.0564,183.248,0,7
162,26.2091,-17.2574,300.101,286.604,0,7
162,27.1116,-15.8018,40.4991,576.128,0,7
162,27.3719,-15.3464,243.98,2686.02,0,7
162,27.3922,-15.3103,247.268,11.3,0,7
162,27.7516,-14.6488,-70.6144,55.6525,0,7
162,27.9678,-14.2316,266.831,516.351,0,7
162,28.696,-12.6994,7.01697,402.88,0,7
162,29.266,-11.3241,-55.6307,1132.41,0,7
162,29.294,-11.2515,58.1378,1386.36,0,7
162,30.4714,-7.49849,-100.874,3812.4,0,7
162,31.2237,-3.13345,-32.7618,900.545,0,7
162,31.2978,-2.27616,-50.0474,742.531,0,7
162,31.2999,-2.24774,-92.9255,790.565,0,7
162,31.3504,-1.37326,143.612,828.33,0,7
162,31.3744,-0.616392,107.385,500.041,0,7
162,31.3771,-0.462608,263.873,892.402,0,7
162,31.3576,1.19752,-99.88,700.329,0,7
162,31.3483,1.42213,-50.7718,1163.9,0,7
162,31.3487,1.41339,-27.5455,1539.45,0,7
162,31.3392,1.60982,138.745,224.911,0,7
162,31.3286,1.80329,49.0229,96.6763,0,7
162,31.0211,4.73562,146.42,325.977,0,7
162,30.809,5.96187,-86.9628,607.004,0,7
162,30.6314,6.81557,220.25,443.109,0,7
162,29.0617,11.8387,172.22,96.2791,0,7
162,28.8562,12.331,84.2795,44.3018,0,7
162,28.7234,12.6372,225.225,1902.17,0,7
162,28.7271,12.6289,-100.233,248.883,0,7
162,28.5423,13.0413,196.393,685.47,0,7
162,28.4159,13.3144,-73.038,155.421,0,7
162,28.3854,13.3793,297.926,58.2495,0,7
162,28.1279,13.9124,256.118,2693.94,0,7
162,28.0458,14.0773,278.493,717.282,0,7
162,27.9055,14.3534,99.6141,246.983,0,7
162,27.747,14.6573,162.785,1136.64,0,7
162,27.2054,15.6397,41.1729,739.069,0,7
162,27.2349,15.5883,31.2313,3553,0,7
162,26.5929,16.6599,-96.1452,1933.94,0,7
162,26.2116,17.2536,229.233,1562.94,0,7
162,25.8797,17.7476,-37.7678,418.77,0,7
162,25.5889,18.1644,271.02,707.025,0,7
162,25.1623,18.7509,256.509,574.649,0,7
162,25.0707,18.8731,-99.1011,349.935,0,7
162,24.7885,19.2423,100.263,170.631,0,7
162,24.5442,19.553,210.059,762.402,0,7
162,18.6846,25.2116,243.906,377.582,0,7
162,18.6846,25.2116,264.881,656.279,0,7
162,18.2607,25.5202,199.536,57.5099,0,7
162,18.2607,25.5202,209.293,58.5283,0,7
162,17.9753,25.7221,-48.9008,306.073,0,7
162,17.9753,25.7221,199.704,2306.8,0,7
162,17.9753,25.7221,209.312,136.038,0,7
162,17.9753,25.7221,223.011,431.113,0,7
162,17.252,26.2127,-105.36,37.3468,0,7
162,17.252,26.2127,209.269,64.5839,0,7
162,12.4916,28.7871,241.038,331.127,0,7
162,11.6851,29.1238,-30.7012,27.248,0,7
162,6.72626,30.6512,222.4,211.942,0,7
162,6.4551,30.7094,171.704,141.853,0,7
162,4.32873,31.0805,96.9702,4127.12,0,7
162,3.92174,31.1345,37.7442,1031.83,0,7
162,2.62798,31.2703,285.18,16067.1,0,7
162,1.24567,31.3558,135.693,481.723,0,7
162,1.06922,31.3623,-100.489,228.568,0,7
162,0.62608,31.3743,300.114,211.094,0,7
162,0.454345,31.3772,55.321,507.888,0,7
162,-0.311872,31.379,188.538,828.462,0,7
162,-2.09521,31.3105,99.1684,729.729,0,7
162,-2.44666,31.285,259.17,176.179,0,7
162,-3.09709,31.2273,287.427,754.696,0,7
162,-4.75966,31.0174,299.842,697.191,0,7
162,-5.58,30.8804,195.77,619.832,0,7
162,-5.46967,30.9001,302.031,754.101,0,7
162,-6.6342,30.6712,127.096,308.425,0,7
162,-7.69899,30.4214,269.538,25.1404,0,7
162,-8.41898,30.2301,-47.7296,53.6217,0,7
162,-8.44338,30.2233,268.892,32.2774,0,7
162,-10.2371,29.6637,-9.0946,2598.91,0,7
162,-11.4281,29.2256,-103.009,453.853,0,7
162,-13.9852,28.0918,-92.9446,82.5482,0,7
162,-15.9435,27.0285,277.525,2163.2,0,7
162,-16.9718,26.395,274.022,3775.5,0,7
162,-17.1743,26.2637,54.6928,324.08,0,7
162,-18.2307,25.5417,290.855,780.2,0,7
162,-19.2078,24.8152,65.9839,181.714,0,7
162,-21.6262,22.7385,-55.4545,778.571,0,7
162,-22.7754,21.5874,268.056,1698.25,0,7
162,-23.1479,21.1875,-60.5888,523.316,0,7
162,-23.6887,20.5811,222.819,1131.77,0,7
162,-24.1206,20.0731,217.093,184.125,0,7
162,-24.2402,19.9286,-26.831,436.1,0,7
162,-25.0194,18.9411,239.968,591.569,0,7
162,-26.2246,17.2338,-12.072,533.876,0,7
162,-26.3983,16.9667,93.4607,95.9372,0,7
162,-26.4066,16.9537,299.027,283.028,0,7
162,-26.5972,16.653,-81.8411,268.058,0,7
162,-26.6439,16.5783,-9.01101,959.903,0,7
162,-26.8653,16.2171,-105.5,16,0,7
162,-27.0886,15.8411,-104.019,2784.86,0,7
162,-27.4662,15.1771,288.903,485.26,0,7
162,-27.6452,14.8485,-22.4374,298.968,0,7
162,-27.8843,14.3944,-69.3015,2527.7,0,7
162,-28.3485,13.4573,256.505,1817.86,0,7
162,-28.7301,12.6221,290.589,1692.18,0,7
162,-29.2023,11.4875,-74.4884,557.124,0,7
162,-29.6775,10.1972,0.741928,700.526,0,7
162,-29.827,9.75112,54.5735,211.719,0,7
162,-29.9149,9.47804,206.172,567.078,0,7
162,-30.1345,8.75483,189.214,160.323,0,7
162,-30.1416,8.73047,260.939,265.982,0,7
162,-30.1471,8.71124,31.028,17.0938,0,7
162,-30.1471,8.71124,57.6166,122.305,0,7
162,-30.1471,8.71124,305.356,28.071,0,7
162,-30.2423,8.37486,31.028,14.0954,0,7
162,-30.2423,8.37486,57.5345,41.3495,0,7
162,-30.2423,8.37486,305.508,54.6681,0,7
162,-30.5015,7.37538,-64.7383,730.835,0,7
162,-30.5351,7.23479,162.429,429.776,0,7
162,-30.6144,6.89144,136.371,392.19,0,7
162,-30.7394,6.31057,209.314,837.058,0,7
162,-30.9567,5.14014,263.426,258.693,0,7
162,-31.031,4.67025,-20.8382,520.532,0,7
162,-31.0028,4.85401,17.1669,1113.5,0,7
162,-31.0934,4.23526,-66.2218,3056.23,0,7
162,-31.1552,3.7535,-70.861,577.257,0,7
162,-31.2022,3.34036,126.26,1170.57,0,7
162,-31.1862,3.48635,141.297,379.796,0,7
162,-31.1827,3.51788,224.695,516.934,0,7
162,-31.2065,3.30017,303.698,307.679,0,7
162,-31.2911,2.3674,106.953,546.157,0,7
162,-31.2782,2.53146,259.643,1567.27,0,7
162,-31.3284,1.80713,241.263,574.865,0,7
162,-31.3792,0.287774,257.624,737.227,0,7
162,-31.3794,-0.265016,-65.938,387.095,1,7
162,-31.3662,-0.946432,-22.3989,961.822,1,7
162,-31.352,-1.33784,-264.862,3676.64,1,7
162,-31.2921,-2.35363,103.392,240.46,1,7
162,-31.2206,-3.16404,-152.473,607.832,1,7
162,-31.1374,-3.89884,-8.02603,2649.57,1,7
162,-31.0996,-4.18969,42.2674,198.825,1,7
162,-30.9859,-4.96076,78.1986,39.4925,1,7
162,-30.8028,-5.99339,-147.982,129.991,1,7
162,-30.6984,-6.50726,103.272,1691.73,1,7
162,-30.5458,-7.18958,-101.613,81.6194,1,7
162,-30.5458,-7.18958,-252.361,311.744,1,7
162,-30.3928,-7.81117,-155.415,442.744,1,7
162,-30.378,-7.86832,-122.804,58.6524,1,7
162,-30.1597,-8.66766,27.8233,807.142,1,7
162,-30.0136,-9.16092,-41.5201,289.782,1,7
162,-29.8881,-9.56213,-236.905,2261.34,1,7
162,-29.7327,-10.0352,-278.251,314.474,1,7
162,-29.2036,-11.4842,1.05564,858.113,1,7
162,-29.0424,-11.886,5.29782,358.624,1,7
162,-28.9235,-12.1724,-17.9724,1835.26,1,7
162,-28.5862,-12.9448,-291.158,1249.07,1,7
162,-28.1713,-13.8243,93.9803,126.692,1,7
162,-28.278,-13.6047,52.0827,305.188,1,7
162,-28.0699,-14.0292,-37.8471,373.989,1,7
162,-28.1921,-13.7818,-301.051,78.319,1,7
162,-27.7683,-14.6171,-62.4013,479.163,1,7
162,-26.7293,-16.4403,73.498,5571.23,1,7
162,-26.7745,-16.3664,70.308,11.2315,1,7
162,-25.889,-17.734,-83.9787,114.285,1,7
162,-25.8714,-17.7596,-118.236,1253.01,1,7
162,-24.7969,-19.2315,-241.604,1355.93,1,7
162,-24.4038,-19.7279,-102.501,341.739,1,7
162,-23.1991,-21.1314,-12.2629,919.456,1,7
162,-22.998,-21.3501,-261.758,1008.5,1,7
162,-21.2527,-23.0881,30.5588,220.717,1,7
162,-19.2179,-24.8074,-257.697,1528.74,1,7
162,-18.4557,-25.3796,-297.75,1134.49,1,7
162,-17.7137,-25.9029,39.996,563.85,1,7
162,-15.4569,-27.3097,-301.357,533.841,1,7
162,-14.9704,-27.5794,-305.566,857.574,1,7
162,-14.5105,-27.8241,-248.811,709.578,1,7
162,-12.9765,-28.5718,-269.114,414.825,1,7
162,-11.1082,-29.3487,-48.0382,482.346,1,7
162,-11.1,-29.3518,-76.5547,527.148,1,7
162,-10.5285,-29.5616,44.7863,757.528,1,7
162,-10.383,-29.613,-299.49,246.35,1,7
162,-9.72124,-29.8368,70.425,554.461,1,7
162,-8.76497,-30.1316,-91.9738,1130.09,1,7
162,-7.77807,-30.4013,60.132,30.0567,1,7
162,-7.54908,-30.4589,50.1974,455.836,1,7
162,-5.30255,-30.9293,-278.166,2042.49,1,7
162,-3.41806,-31.1938,-66.4778,894.507,1,7
162,-3.10189,-31.2268,100.536,380.781,1,7
162,-1.91547,-31.322,-275.572,405.224,1,7
162,0.473389,-31.3769,-191.874,1453.73,1,7
162,1.24129,-31.3559,-251.342,694.326,1,7
162,1.46174,-31.3464,-282.321,1160.64,1,7
162,2.11541,-31.3091,-303.159,276.43,1,7
162,2.3333,-31.2936,-98.6751,311.727,1,7
162,3.12982,-31.224,-91.5405,693.029,1,7
162,3.94507,-31.1315,44.9681,309.223,1,7
162,5.99339,-30.8028,86.5087,199.291,1,7
162,7.69899,-30.4214,-285.176,143.316,1,7
162,9.39461,-29.9412,-255.373,802.851,1,7
162,10.0314,-29.7339,-205.231,283.036,1,7
162,10.2033,-29.6754,-68.7272,1329.28,1,7
162,10.7539,-29.4803,102.464,2028.99,1,7
162,12.1701,-28.9245,-27.6355,87.1368,1,7
162,12.1701,-28.9245,-206.805,302.248,1,7
162,12.4916,-28.7871,-205.716,22.0849,1,7
162,12.4916,-28.7871,-207.412,15.5042,1,7
162,16.7465,-26.5385,90.3714,408.527,1,7
162,17.0135,-26.3681,-297.805,258.68,1,7
162,18.2607,-25.5203,-276.37,74.3745,1,7
162,18.9643,-25.0019,-276.706,40.3451,1,7
162,20.1895,-24.0234,-14.6274,856.903,1,7
162,20.1635,-24.0451,-303.09,631.529,1,7
162,20.301,-23.9292,-139.58,1695.55,1,7
162,21.0392,-23.2828,-96.1801,3819.38,1,7
162,22.5086,-21.8654,-282.183,625.691,1,7
162,23.3294,-20.9875,-205.887,645.774,1,7
162,24.9257,-19.0643,-283.234,856.251,1,7
162,25.2176,-18.6764,-49.1864,303.558,1,7
162,25.1797,-18.7275,-208.43,234.333,1,7
162,25.7221,-17.9753,-284.403,31.1803,1,7
162,26.2127,-17.252,-264.738,119.295,1,7
162,28.7328,-12.6158,-43.8635,1093.28,1,7
162,28.8371,-12.3757,46.9286,1338.06,1,7
162,28.8987,-12.2311,-293.932,1795.33,1,7
162,29.3028,-11.2286,-267.245,1360.07,1,7
162,29.2464,-11.3746,-305.771,676.287,1,7
162,29.5416,-10.5844,-97.9379,72.2391,1,7
162,30.0992,-8.87555,-269.707,617.134,1,7
162,30.1079,-8.84605,23.7674,1107.02,1,7
162,30.1294,-8.77242,26.0428,430.014,1,7
162,30.2423,-8.37486,-53.6548,39.5002,1,7
162,30.2423,-8.37486,-269.571,50.3035,1,7
162,30.5184,-7.305,20.0919,893.585,1,7
162,31.0525,-4.5255,-186.54,933.382,1,7
162,31.0399,-4.61105,-219.364,524.744,1,7
162,31.1278,-3.97432,-130.736,413.663,1,7
162,31.2321,-3.04872,-257.115,3112.81,1,7
162,31.3287,-1.80231,-83.2625,1465.46,1,7
162,31.3607,-1.11535,-191.751,110.211,1,7
162,31.3786,-0.345098,71.7451,143.798,1,7
162,31.2611,2.73515,-267.778,315.739,1,7
162,31.2636,2.70596,-141.268,25.1078,1,7
162,31.1976,3.38322,-288.114,775.015,1,7
162,30.9393,5.24339,10.6952,228.342,1,7
162,30.9596,5.12229,-269.389,796.232,1,7
162,30.8554,5.71641,-178.251,879.178,1,7
162,30.6027,6.94359,54.1931,1330.75,1,7
162,30.4201,7.70413,30.3927,362.432,1,7
162,30.2423,8.37483,-94.5014,50.1947,1,7
162,29.1309,11.6674,-26.5749,3450.7,1,7
162,28.7103,12.667,-63.1526,422.253,1,7
162,28.6887,12.716,-227.178,1238.97,1,7
162,28.5524,13.019,-282.26,762.24,1,7
162,27.5587,15.0085,34.1376,350.444,1,7
162,27.2494,15.5629,-41.4177,965.536,1,7
162,26.3084,17.1057,49.6543,110.138,1,7
162,25.4793,18.3177,-53.9978,550.849,1,7
162,25.1223,18.8044,-108.533,575.285,1,7
162,25.1185,18.8095,-270.284,142.035,1,7
162,24.9611,19.0179,-154.041,317.007,1,7
162,23.9209,20.3107,102.31,519.424,1,7
162,23.7276,20.5363,-120.611,727.915,1,7
162,23.2535,21.0716,-5.24529,636.901,1,7
162,23.1552,21.1795,-288.684,421.46,1,7
162,22.9837,21.3655,50.7212,614.607,1,7
162,22.7513,21.6128,22.5568,2266.11,1,7
162,22.7385,21.6262,19.428,11.5576,1,7
162,22.489,21.8857,22.9371,2410.58,1,7
162,22.4914,21.8831,-251.499,698.255,1,7
162,21.8214,22.5513,-166.865,1174.32,1,7
162,21.6574,22.7089,-146.629,1700.99,1,7
162,21.311,23.0343,-262.591,450.097,1,7
162,21.0676,23.2571,-37.1592,2223.11,1,7
162,20.242,23.9791,24.4281,510.317,1,7
162,20.1922,24.0211,-22.685,571.834,1,7
162,19.5919,24.5131,-235.987,240.04,1,7
162,18.4873,25.3566,-288.641,73.9258,1,7
162,18.1933,25.5683,-285.291,385.127,1,7
162,17.7981,25.845,50.3055,1088.07,1,7
162,17.6856,25.9221,-299.293,312.467,1,7
162,17.0942,26.3158,54.7966,655.026,1,7
162,14.8195,27.6608,2.55694,3190.54,1,7
162,14.773,27.6856,38.0523,323.104,1,7
162,13.2907,28.427,-32.5014,226.967,1,7
162,11.9324,29.0233,28.3312,1049.42,1,7
162,11.9915,28.999,105.312,612.119,1,7
162,11.707,29.115,-262.49,912.051,1,7
162,9.89592,29.7793,87.5543,836.694,1,7
162,10.0307,29.7342,-109.718,275.855,1,7
162,8.71124,30.1471,-75.6852,95.3004,1,7
162,8.37485,30.2423,-75.972,22.1982,1,7
162,5.28161,30.9328,-125.886,4494.45,1,7
162,5.31181,30.9277,-253.71,562.148,1,7
162,4.52251,31.0529,-290.172,320.273,1,7
162,2.90006,31.2462,-269.905,1469.86,1,7
162,0.803044,31.3702,-299.288,1008.97,1,7
162,0.335039,31.3787,-43.5118,229.952,1,7
162,-3.64591,31.168,74.7645,930.557,1,7
162,-5.99339,30.8028,72.8883,1078.19,1,7
162,-7.18958,30.5458,-97.381,220.862,1,7
162,-8.50174,30.2069,18.9784,134.39,1,7
162,-10.1199,29.7039,-74.8465,130.338,1,7
162,-10.547,29.555,-302.11,365.255,1,7
162,-10.9104,29.4228,-300.128,659.714,1,7
162,-10.9935,29.3918,-157.61,272.495,1,7
162,-11.2515,29.294,-267.388,274.018,1,7
162,-11.4292,29.2252,-282.212,963.867,1,7
162,-11.6509,29.1375,-108.631,1480.45,1,7
162,-12.3619,28.843,87.308,150.32,1,7
162,-12.5017,28.7827,-236.257,1390.7,1,7
162,-13.6387,28.2616,-193.803,1361.52,1,7
162,-13.6878,28.2379,-22.8209,840.194,1,7
162,-13.9293,28.1196,38.1387,340.35,1,7
162,-14.1249,28.0218,51.6024,297.463,1,7
162,-14.5378,27.8098,-82.466,754.67,1,7
162,-15.2563,27.4223,-265.263,915.533,1,7
162,-15.739,27.1481,30.0053,738.816,1,7
162,-16.5365,26.6698,-229.407,376.436,1,7
162,-17.4037,26.1122,-38.3599,729.142,1,7
162,-17.5421,26.0195,-143.997,1660.66,1,7
162,-17.8317,25.8218,-102.43,286,1,7
162,-18.4754,25.3652,-27.4442,900.428,1,7
162,-19.4121,24.6558,99.9703,1383.08,1,7
162,-19.8723,24.2864,93.4271,344.035,1,7
162,-21.0451,23.2774,-11.09,1058.09,1,7
162,-21.6262,22.7385,-292.546,116.241,1,7
162,-21.8925,22.4823,-292.855,327.071,1,7
162,-22.4341,21.9419,-151.237,55.3484,1,7
162,-23.9406,20.2875,74.4976,721.78,1,7
162,-25.025,18.9337,-142.872,445.639,1,7
162,-24.9624,19.0161,-284.892,406.902,1,7
162,-25.8175,17.8379,-64.1689,2109.93,1,7
162,-26.8368,16.2641,-270.118,483.806,1,7
162,-27.1847,15.6757,-297.335,456.83,1,7
162,-27.9981,14.1718,-36.6208,187.008,1,7
162,-28.5083,13.1154,-282.381,1488.41,1,7
162,-29.0153,11.9518,-92.3838,1143.93,1,7
162,-29.3068,11.2181,-283.323,656.238,1,7
162,-29.6462,10.2878,-154.403,5520.46,1,7
162,-29.7178,10.0791,-93.6419,202.94,1,7
162,-29.856,9.6621,-249.816,3170.74,1,7
162,-30.0812,8.93625,72.2766,248.009,1,7
162,-30.134,8.75659,82.4008,169.047,1,7
162,-30.378,7.86834,-51.5471,54.5881,1,7
162,-30.6984,6.50729,-24.244,17.0693,1,7
162,-30.6984,6.50729,-28.484,14.1785,1,7
162,-30.8028,5.99341,-24.668,12.0719,1,7
162,-30.8028,5.99341,-148.529,286.878,1,7
162,-30.8028,5.99341,-168.473,2221.74,1,7
162,-30.8987,5.47787,90.7437,296.823,1,7
162,-31.2636,2.70598,-5.93674,259.161,1,7
162,-31.3045,2.1832,-5.40947,85.4993,1,7
162,-31.3453,1.48522,21.7359,83.5393,1,7
162,-31.3804,0.087414,-66.1256,81.3956,1,7
162,-31.9506,-0.29375,257.899,754.535,0,8
162,-31.9369,-0.98125,120.426,159.987,0,8
162,-31.6968,-4.03016,153.856,162.631,0,8
162,-31.4076,-5.87297,277.616,381.064,0,8
162,-31.2463,-6.67805,-91.6306,447.879,0,8
162,-31.1193,-7.24689,51.7713,2215.52,0,8
162,-30.9567,-7.91302,-88.919,238.93,0,8
162,-30.6962,-8.86987,202.499,202.781,0,8
162,-29.7497,-11.6571,-59.1897,140.703,0,8
162,-29.0794,-13.2408,-55.1213,404.585,0,8
162,-28.7203,-14.0026,-17.1204,335.808,0,8
162,-27.3302,-16.5526,267.941,1713.83,0,8
162,-27.1263,-16.8848,104.378,200.737,0,8
162,-26.8842,-17.2677,162.977,386.859,0,8
162,-26.6093,-17.6883,-70.5218,1113.18,0,8
162,-26.5021,-17.8485,-18.6323,271.628,0,8
162,-25.7763,-18.8816,-9.22124,113.395,0,8
162,-25.7763,-18.8816,48.6035,38.3947,0,8
162,-24.6134,-20.3743,98.307,1571.37,0,8
162,-23.727,-21.4,-31.6745,451.738,0,8
162,-22.8163,-22.3685,69.6281,254.419,0,8
162,-22.2812,-22.9015,-98.1095,392.159,0,8
162,-21.7467,-23.4096,-84.1902,409.976,0,8
162,-21.5404,-23.5996,206.938,202.345,0,8
162,-21.3242,-23.7952,-41.2286,851.73,0,8
162,-21.1487,-23.9513,232.304,2796.61,0,8
162,-20.7546,-24.2936,15.3285,462.912,0,8
162,-19.9699,-24.9426,265.431,332.305,0,8
162,-16.8271,-27.1621,190.085,406.855,0,8
162,-15.5786,-27.8969,172.034,327.376,0,8
162,-13.5977,-28.9142,288.407,622.939,0,8
162,-12.8934,-29.2351,54.963,197.055,0,8
162,-12.5413,-29.3879,290.258,724.64,0,8
162,-12.4112,-29.443,45.507,429.086,0,8
162,-11.9476,-29.6342,83.0447,103.536,0,8
162,-8.52738,-30.7931,47.6105,118.556,0,8
162,-7.28295,-31.1109,248.953,468.891,0,8
162,-6.81327,-31.2171,300.753,498.044,0,8
162,-2.63349,-31.8433,295.75,459.795,0,8
162,-2.07556,-31.8845,-30.5567,258.411,0,8
162,-1.49669,-31.9169,201.176,313.241,0,8
162,-0.860365,-31.9404,-39.049,954.376,0,8
162,-0.780555,-31.9425,287.328,822.84,0,8
162,-0.436451,-31.949,-91.084,41.0466,0,8
162,-0.0797634,-31.9519,-18.8185,176.226,0,8
162,0.906308,-31.9391,-86.2662,254.535,0,8
162,1.3152,-31.9249,-34.2883,140.385,0,8
162,1.61125,-31.9113,-88.8573,795.253,0,8
162,3.91596,-31.7111,250.333,765.529,0,8
162,4.38845,-31.6492,-81.8628,699.362,0,8
162,5.62574,-31.4528,-41.9235,270.166,0,8
162,6.95474,-31.1859,-71.567,458.364,0,8
162,6.96842,-31.1829,163.083,541.568,0,8
162,7.56601,-31.0433,82.9272,149.391,0,8
162,7.72036,-31.0053,181.572,175.574,0,8
162,7.89788,-30.9605,-38.1604,112.663,0,8
162,8.84498,-30.7034,112.646,626.656,0,8
162,9.15143,-30.6134,193.879,497.443,0,8
162,9.23647,-30.5879,305.394,577.043,0,8
162,9.66197,-30.4561,78.2146,601.586,0,8
162,10.1781,-30.2876,194.893,647.544,0,8
162,10.4055,-30.2102,33.1215,184.425,0,8
162,10.8,-30.0714,274.028,520.447,0,8
162,11.2741,-29.8969,148.775,202.79,0,8
162,11.3582,-29.8651,-17.2701,353.185,0,8
162,11.9264,-29.6427,295.883,64.4838,0,8
162,13.3432,-29.0326,141.599,395.471,0,8
162,14.6902,-28.3748,36.8207,187.297,0,8
162,14.9315,-28.2486,93.5539,505.162,0,8
162,14.9681,-28.2292,70.9729,290.124,0,8
162,15.2488,-28.0785,-20.7788,868.077,0,8
162,15.7289,-27.8125,234.632,774.471,0,8
162,17.5084,-26.728,299.78,224.652,0,8
162,17.7697,-26.555,297.017,423.05,0,8
162,17.8683,-26.4888,302.779,257.669,0,8
162,18.877,-25.7796,114.355,635.162,0,8
162,21.1199,-23.9766,159.604,432.688,0,8
162,21.0821,-24.0099,113.034,426.143,0,8
162,22.0201,-23.1527,115.6,24.2033,0,8
162,22.8691,-22.3145,269.985,61.1736,0,8
162,23.5226,-21.6244,83.3674,460.085,0,8
162,24.7843,-20.166,198.143,313.626,0,8
162,24.9176,-20.0011,304.707,199.392,0,8
162,25.5123,-19.2368,132.204,183.391,0,8
162,25.7478,-18.9203,-104.99,373.774,0,8
162,26.3238,-18.1105,177.209,596.332,0,8
162,26.598,-17.7052,73.3508,226.432,0,8
162,27.5551,-16.1756,39.1343,922.438,0,8
162,27.8564,-15.651,240.445,532.057,0,8
162,27.8586,-15.647,243.898,480.456,0,8
162,28.2098,-15.0045,-71.2888,155.455,0,8
162,28.2314,-14.9639,265.536,121.466,0,8
162,29.152,-13.0802,6.2818,561.525,0,8
162,29.7856,-11.5649,-57.4306,538.509,0,8
162,29.8477,-11.4036,57.1523,244.795,0,8
162,30.6962,-8.86989,-65.8486,105.786,0,8
162,30.7931,-8.52738,-65.644,13.1404,0,8
162,31.6955,-4.04011,77.5233,295.048,0,8
162,31.8177,-2.92664,34.7215,572.048,0,8
162,31.8494,-2.55802,-51.0514,817.904,0,8
162,31.8641,-2.36784,-94.3507,1003.24,0,8
162,31.9232,1.35625,-29.8009,255.297,0,8
162,31.9172,1.49045,-101.614,796.715,0,8
162,31.9168,1.50011,-51.8565,681.781,0,8
162,31.8955,1.89855,138.207,393.072,0,8
162,31.8053,3.05808,238.988,1078.59,0,8
162,31.5002,5.35421,-82.0013,218.191,0,8
162,31.3516,6.16484,-88.259,267.803,0,8
162,29.3881,12.5407,196.278,964.106,0,8
162,29.398,12.5175,172.357,711.81,0,8
162,29.4147,12.4782,83.7656,255.124,0,8
162,29.3724,12.5775,222.367,1234.83,0,8
162,29.0098,13.3927,-73.6073,223.357,0,8
162,28.9448,13.5324,297.607,794.141,0,8
162,28.6983,14.0476,254.031,761.893,0,8
162,28.6037,14.2394,275.957,1423.32,0,8
162,28.3041,14.826,99.3983,203.493,0,8
162,27.7102,15.9083,29.184,836.807,0,8
162,27.21,16.7496,-98.9869,582.979,0,8
162,26.8662,17.2956,226.775,578.253,0,8
162,26.534,17.8011,-60.8045,288.915,0,8
162,26.3901,18.0137,-38.3233,227.421,0,8
162,26.1401,18.3745,220.731,1114.08,0,8
162,26.009,18.5596,270.3,2977.06,0,8
162,25.9601,18.628,255.659,260.096,0,8
162,25.2317,19.6033,-99.1202,576.279,0,8
162,24.8397,20.0978,208.558,220.035,0,8
162,21.2342,23.8755,284.167,63.9072,0,8
162,18.1565,26.2921,-49.0502,634.161,0,8
162,17.8624,26.4927,-49.108,11.0155,0,8
162,17.8624,26.4927,199.569,100.72,0,8
162,15.5891,27.891,-16.0114,104.365,0,8
162,14.6485,28.3964,145.384,41.1664,0,8
162,11.5668,29.7849,-31.0972,214.206,0,8
162,6.82753,31.214,136.481,100.336,0,8
162,6.41227,31.302,171.231,75.5204,0,8
162,4.36756,31.6521,95.7534,698.701,0,8
162,3.80469,31.7247,36.6354,4893.81,0,8
162,3.4527,31.7649,-78.3313,714.569,0,8
162,2.96495,31.8141,283.717,11227.6,0,8
162,1.43047,31.92,134.731,1114.51,0,8
162,0.634534,31.9457,54.8488,173.825,0,8
162,-0.821291,31.9414,152.887,1378.48,0,8
162,-2.01674,31.8883,98.9758,1120.1,0,8
162,-2.59418,31.8465,257.711,399.735,0,8
162,-3.33791,31.7772,286.107,1241.75,0,8
162,-5.37986,31.4958,195.352,149.197,0,8
162,-5.8182,31.4178,300.659,1010.2,0,8
162,-6.51845,31.28,126.912,88.8761,0,8
162,-8.64432,30.7605,-48.0844,162.432,0,8
162,-10.3967,30.2132,-10.7358,1349.96,0,8
162,-14.3475,28.5496,-93.2009,314.171,0,8
162,-16.0415,27.6333,276.54,688.662,0,8
162,-16.6673,27.2604,273.542,1341.04,0,8
162,-17.3088,26.8577,54.1913,113.628,0,8
162,-18.8201,25.8212,288.823,350.168,0,8
162,-19.4685,25.3359,65.9054,404.048,0,8
162,-22.0031,23.1688,-57.3417,443.601,0,8
162,-23.3594,21.8007,266.914,935.749,0,8
162,-23.8103,21.3073,-60.4837,204.286,0,8
162,-24.0655,21.0186,221.296,541.011,0,8
162,-24.62,20.3663,-26.8378,168.162,0,8
162,-24.71,20.257,216.536,91.4178,0,8
162,-25.402,19.3821,237.556,495.96,0,8
162,-26.7495,17.4755,299.338,179.944,0,8
162,-26.9607,17.1479,-82.6402,74.9377,0,8
162,-26.9749,17.1256,93.0607,312.319,0,8
162,-27.2072,16.7541,-105.5,105,0,8
162,-27.1653,16.822,-10.2492,366.678,0,8
162,-27.6323,16.0433,-105.453,190.178,0,8
162,-27.891,15.5891,287.352,28.1803,0,8
162,-28.9511,13.519,254.505,1539.31,0,8
162,-29.0963,13.2037,289.837,542.42,0,8
162,-29.7849,11.5668,-75.4594,379.208,0,8
162,-30.194,10.4525,1.02783,621.777,0,8
162,-30.307,10.1202,54.7628,308.162,0,8
162,-30.3388,10.0243,206.307,1315.94,0,8
162,-30.6583,8.9998,188.628,295.172,0,8
162,-30.6962,8.86989,31.452,16.1126,0,8
162,-30.6962,8.86989,258.934,197.82,0,8
162,-30.7931,8.52738,31.2509,44.3695,0,8
162,-30.7931,8.52738,304.932,12.0555,0,8
162,-30.8862,8.18381,58.588,1.00001,0,8
162,-31.1126,7.27557,135.346,307.351,0,8
162,-31.0884,7.3785,162.628,616.352,0,8
162,-31.5178,5.24945,263.786,831.648,0,8
162,-31.5984,4.7401,209.281,585.303,0,8
162,-31.6121,4.6483,-68.0777,1231.25,0,8
162,-31.589,4.80296,15.779,154.965,0,8
162,-31.7437,3.6425,-71.9149,1972.61,0,8
162,-31.757,3.52451,224.403,1374.6,0,8
162,-31.7706,3.4002,303.014,463.665,0,8
162,-31.8232,2.86639,104.783,936.043,0,8
162,-31.8526,2.51855,240.198,566.436,0,8
162,-31.8448,2.61497,258.61,977.417,0,8
162,-31.9519,-0.0889725,22.4612,241.747,1,8
162,-31.9519,-0.0889756,-65.3474,161.615,1,8
162,-31.9297,-1.19434,-20.3544,302.565,1,8
162,-31.9164,-1.50799,-262.939,1196.12,1,8
162,-31.854,-2.50011,103.883,427.563,1,8
162,-31.8135,-2.97208,-151.993,1162.55,1,8
162,-31.7154,-3.88113,-5.69712,698.215,1,8
162,-31.1817,-6.97357,-250.751,86.9117,1,8
162,-30.9426,-7.96785,28.1594,47.248,1,8
162,-30.462,-9.64347,-233.871,1155.48,1,8
162,-30.3271,-10.0597,-276.781,96.1277,1,8
162,-29.7437,-11.6724,4.81858,670.033,1,8
162,-29.7697,-11.606,2.3782,890.193,1,8
162,-29.5077,-12.2567,-72.058,479.44,1,8
162,-28.8002,-13.8376,52.4439,623.495,1,8
162,-28.778,-13.8838,-300.666,202.895,1,8
162,-27.6233,-16.0587,84.5466,407.105,1,8
162,-27.6211,-16.0625,41.8739,151.835,1,8
162,-27.4886,-16.2882,74.5772,1467.91,1,8
162,-24.7759,-20.1763,-102.165,196.825,1,8
162,-24.4752,-20.5401,-97.6102,620.874,1,8
162,-23.4727,-21.6786,-11.0686,286.119,1,8
162,-22.4039,-22.7815,-302.579,83.8175,1,8
162,-21.8302,-23.3318,31.3498,462.839,1,8
162,-19.5511,-25.2723,-256.008,437.204,1,8
162,-18.1565,-26.2921,41.1927,42.2203,1,8
162,-17.4651,-26.7563,48.1501,398.087,1,8
162,-15.8605,-27.7376,-300.244,208.309,1,8
162,-14.833,-28.3004,-246.781,422.48,1,8
162,-13.7014,-28.8652,-268.961,176.123,1,8
162,-13.1944,-29.1005,100.646,630.577,1,8
162,-11.5666,-29.785,-46.5644,165.155,1,8
162,-10.871,-30.0458,-298.92,679.916,1,8
162,-10.6337,-30.1306,67.2045,674.828,1,8
162,-9.78082,-30.4182,71.4263,365.214,1,8
162,-8.87396,-30.695,-92.9398,593.851,1,8
162,-7.82952,-30.9779,-60.4137,1736.74,1,8
162,-7.16737,-31.1377,49.7972,330.635,1,8
162,-5.24842,-31.518,-276.81,196.823,1,8
162,-3.52681,-31.7568,-65.4294,259.16,1,8
162,0.299386,-31.9506,-191.798,682.828,1,8
162,1.26076,-31.9271,-281.373,776.352,1,8
162,2.34782,-31.8656,-302.474,433.55,1,8
162,3.17575,-31.7938,-291.58,230.465,1,8
162,3.95412,-31.7064,46.3983,832.99,1,8
162,7.49364,-31.0608,-285.255,39.248,1,8
162,7.8392,-30.9754,-285.17,115.128,1,8
162,9.84238,-30.3983,-149.566,479.97,1,8
162,9.77165,-30.4211,-253.949,111.584,1,8
162,10.363,-30.2248,-67.5964,924.452,1,8
162,11.0637,-29.9754,104.697,887.777,1,8
162,12.0629,-29.5875,-27.3561,54.6298,1,8
162,12.5556,-29.3818,-207.215,135.206,1,8
162,16.9409,-27.0912,91.9337,228.856,1,8
162,17.3684,-26.8192,-297.263,214.251,1,8
162,18.8816,-25.7763,19.8811,88.3026,1,8
162,20.5899,-24.4333,-301.748,395.72,1,8
162,20.6577,-24.376,-13.2824,311.79,1,8
162,20.7915,-24.262,-137.612,1992.73,1,8
162,21.2786,-23.8359,-95.8874,1885.99,1,8
162,22.9059,-22.2767,30.5023,108.729,1,8
162,22.9059,-22.2767,-281.111,135.099,1,8
162,23.7278,-21.3991,-205.767,440.141,1,8
162,25.4765,-19.2842,-282.001,300.005,1,8
162,25.5541,-19.1812,-48.6516,747.33,1,8
162,25.7392,-18.9321,-208.464,400.769,1,8
162,26.0882,-18.4482,-283.703,50.761,1,8
162,26.2921,-18.1564,-283.444,90.1039,1,8
162,26.4927,-17.8624,-264.075,55.2513,1,8
162,29.1781,-13.0219,-43.7623,897.864,1,8
162,29.323,-12.6922,47.0065,1313.95,1,8
162,29.5077,-12.2566,-292.233,361.854,1,8
162,29.7683,-11.6094,-265.535,1671.2,1,8
162,30.6498,-9.02871,23.2174,705.018,1,8
162,30.6922,-8.88365,-52.746,150.8,1,8
162,30.6962,-8.86989,26.6821,150.27,1,8
162,30.6962,-8.86989,-229.7,48.4186,1,8
162,30.7931,-8.52738,26.636,13.0416,1,8
162,30.7931,-8.52738,-229.844,118.076,1,8
162,31.6161,-4.621,-217.959,392.291,1,8
162,31.7133,-3.89872,-129.975,112.141,1,8
162,31.8053,-3.05862,-254.052,1001.34,1,8
162,31.909,-1.65696,-81.1223,737.53,1,8
162,31.8592,2.43355,-268.133,64.9144,1,8
162,31.8227,2.87161,-140.45,245.226,1,8
162,31.763,3.46979,-287.342,414.286,1,8
162,31.4999,5.35606,-267.771,357.48,1,8
162,31.4215,5.79839,98.8804,839.773,1,8
162,31.4258,5.77482,-176.905,266.443,1,8
162,31.1425,7.14666,55.4618,445.947,1,8
162,30.9709,7.85725,31.0799,289.295,1,8
162,29.6557,11.8941,-24.5875,3377.35,1,8
162,29.1441,13.0978,-225.202,387.796,1,8
162,28.7588,13.9235,-280.513,1156.89,1,8
162,28.0135,15.368,36.4269,176.719,1,8
162,27.7569,15.8268,-39.5376,163.103,1,8
162,27.1911,16.7802,-272.986,292.197,1,8
162,26.7947,17.4062,50.5357,151.775,1,8
162,26.0203,18.5439,-53.0132,627.897,1,8
162,25.6303,19.0793,-268.93,263.557,1,8
162,25.3749,19.4177,-152.84,59.7389,1,8
162,24.3427,20.697,102.39,76.8378,1,8
162,24.2828,20.7672,-118.744,667.074,1,8
162,24.1106,20.9669,102.333,56.4944,1,8
162,23.6411,21.4949,-3.83335,508.205,1,8
162,23.3193,21.8435,19.9645,10521.7,1,8
162,23.5408,21.6047,-287.709,307.022,1,8
162,23.3675,21.792,51.7655,330.58,1,8
162,22.0534,23.121,-164.295,1432.56,1,8
162,21.8639,23.3003,-145.812,284.743,1,8
162,21.6713,23.4794,-262.959,267.608,1,8
162,21.4631,23.67,-37.6259,2279.18,1,8
162,20.626,24.4029,24.1335,329.052,1,8
162,19.8612,25.0292,-235.552,558.297,1,8
162,18.8477,25.8011,-283.891,59.4728,1,8
162,18.8588,25.7929,-287.939,71.1911,1,8
162,17.4185,26.7867,55.1012,715.711,1,8
162,15.0754,28.172,38.6781,854.771,1,8
162,12.9665,29.2028,29.2925,621.184,1,8
162,12.1295,29.5602,-260.867,838.268,1,8
162,10.1247,30.3054,-108.409,78.7496,1,8
162,9.83625,30.4003,88.5717,164.474,1,8
162,8.86989,30.6962,-74.7,14.1509,1,8
162,5.44701,31.4843,-126.155,3177.4,1,8
162,5.35179,31.5006,-252.083,751.387,1,8
162,2.7738,31.8314,-267.849,548.938,1,8
162,2.05143,31.8861,-174.812,450.206,1,8
162,1.00677,31.9361,-298.474,348.221,1,8
162,-3.8135,31.7236,74.5513,227.717,1,8
162,-6.27715,31.3293,74.3588,161.221,1,8
162,-7.49364,31.0608,-95.9,19.137,1,8
162,-10.3394,30.2329,-74.0027,586.507,1,8
162,-12.6619,29.3361,87.2875,1494.08,1,8
162,-12.604,29.361,-233.484,649.856,1,8
162,-13.7346,28.8494,-192.255,505.792,1,8
162,-14.0536,28.6954,39.1627,238.832,1,8
162,-14.0963,28.6744,-20.1767,573.53,1,8
162,-14.2816,28.5826,51.9566,139.447,1,8
162,-15.4452,27.971,-263.392,1253.27,1,8
162,-15.5746,27.8991,8.53066,160.64,1,8
162,-16.2183,27.5299,30.8202,545.761,1,8
162,-16.9709,27.0725,-228.824,414.058,1,8
162,-17.617,26.6565,-132.616,417.603,1,8
162,-18.0842,26.3418,-95.2204,6485.1,1,8
162,-18.0813,26.3438,-38.6191,635.947,1,8
162,-17.945,26.4369,-142.731,737.004,1,8
162,-18.1564,26.2921,-112.012,12,1,8
162,-18.8985,25.7638,-25.6352,215.314,1,8
162,-19.7802,25.0933,99.9989,491.771,1,8
162,-21.7608,23.3965,-10.4868,49.3865,1,8
162,-22.8481,22.336,-150.728,100.293,1,8
162,-22.9775,22.2028,-305.743,382.473,1,8
162,-25.0637,19.8177,-285.143,132.417,1,8
162,-25.4252,19.3518,-142.442,256.536,1,8
162,-26.4247,17.9629,-62.8237,738.707,1,8
162,-27.3165,16.5753,-295.176,1273.31,1,8
162,-27.5995,16.0997,-269.896,272.838,1,8
162,-28.3096,14.8154,-90.1052,1561.69,1,8
162,-29.0811,13.2372,-281.182,92.0339,1,8
162,-29.4285,12.4456,-89.588,154.259,1,8
162,-30.3713,9.92531,-247.83,1027.52,1,8
162,-30.5728,9.28617,72.6801,178.581,1,8
162,-30.6962,8.86989,81.5542,36.2958,1,8
162,-30.7931,8.52738,81.7659,58.8475,1,8
162,-30.9313,8.01165,-305.78,25.0139,1,8
162,-31.9519,0.0890035,22.5862,186.684,1,8
162,-31.9519,0.0890044,-65.4575,218.212,1,8
162,-32.5136,-0.781534,258.084,408.303,0,9
162,-32.5041,-1.10878,119.806,152.565,0,9
162,-32.376,-3.08851,305.389,264.128,0,9
162,-32.2729,-4.02595,153.525,309.609,0,9
162,-32.2262,-4.38393,258.953,259.96,0,9
162,-31.9632,-6.00852,276.702,236.563,0,9
162,-31.8259,-6.6978,-92.3947,275.345,0,9
162,-31.6791,-7.3606,50.515,2819.88,0,9
162,-31.1436,-9.37121,202.547,150.011,0,9
162,-30.9812,-9.89495,202.505,45.4128,0,9
162,-30.1716,-12.1418,-59.7722,180.651,0,9
162,-30.0341,-12.478,153.704,137.822,0,9
162,-29.5989,-13.4778,176.211,153.402,0,9
162,-29.4025,-13.9011,296.785,587.598,0,9
162,-29.3522,-14.007,185.06,406.539,0,9
162,-28.382,-15.8811,51.0013,707.051,0,9
162,-27.6392,-17.1412,71.0401,158.417,0,9
162,-27.5044,-17.3566,103.338,845.047,0,9
162,-27.0777,-18.0151,-71.9435,1369.16,0,9
162,-26.9977,-18.1348,163.128,358.289,0,9
162,-26.3436,-19.0725,-9.45304,88.6086,0,9
162,-26.1295,-19.3648,-9.53602,34.3973,0,9
162,-26.1295,-19.3648,21.276,16.0832,0,9
162,-26.1295,-19.3648,47.3483,41.52,0,9
162,-26.1295,-19.3648,110.125,968.37,0,9
162,-25.1263,-20.6499,96.3646,126.533,0,9
162,-25.0739,-20.7134,124.048,529.299,0,9
162,-23.5664,-22.4136,-35.5356,82.1322,0,9
162,-23.2737,-22.7174,-35.3505,132.094,0,9
162,-22.7168,-23.2743,-99.1102,243.883,0,9
162,-22.0996,-23.8612,-84.9064,74.76,0,9
162,-21.9679,-23.9824,206.245,146.688,0,9
162,-21.758,-24.173,-43.0485,1105.91,0,9
162,-21.529,-24.3772,231.083,1357.62,0,9
162,-20.9259,-24.8968,14.2419,214.127,0,9
162,-20.5744,-25.1881,264.164,754.066,0,9
162,-17.4271,-27.4598,255.62,1030.37,0,9
162,-17.0698,-27.6833,189.193,299.977,0,9
162,-15.8204,-28.4159,171.264,137.859,0,9
162,-13.3371,-29.6625,54.1086,571.911,0,9
162,-12.5828,-29.9903,44.7261,681.847,0,9
162,-12.0882,-30.1931,82.4,487.154,0,9
162,-8.67977,-31.3434,46.7002,63.884,0,9
162,-7.45247,-31.6576,247.532,590.646,0,9
162,-6.99869,-31.761,300.003,301.404,0,9
162,-6.0337,-31.9584,293.23,43.4128,0,9
162,-5.21034,-32.1029,82.2267,324.983,0,9
162,-3.26125,-32.3591,122.995,198.366,0,9
162,-2.66642,-32.4135,-53.5083,1709.17,0,9
162,-2.41,-32.4336,-30.6977,508.296,0,9
162,-2.65039,-32.4148,294.946,1265.67,0,9
162,-2.1874,-32.4494,-97.7431,388.384,0,9
162,-1.6652,-32.4803,200.919,495.115,0,9
162,-0.991861,-32.5079,275.932,515.752,0,9
162,-0.863205,-32.5115,286.76,1145.78,0,9
162,0.718521,-32.5151,-85.7471,849.781,0,9
162,1.45104,-32.4906,-90.3944,352.32,0,9
162,4.0821,-32.2658,248.494,1552.39,0,9
162,5.51659,-32.0517,-42.4757,194.201,0,9
162,7.81828,-31.5693,82.2831,1006.12,0,9
162,7.94828,-31.5368,180.704,276.924,0,9
162,8.94173,-31.2696,111.455,627.089,0,9
162,9.347,-31.1509,304.389,571.706,0,9
162,9.9813,-30.9535,76.8002,533.605,0,9
162,10.0093,-30.9444,228.609,247.285,0,9
162,10.3671,-30.8264,194.686,249.234,0,9
162,11.0225,-30.5982,273.069,281.433,0,9
162,11.6689,-30.3576,-17.3462,247.692,0,9
162,13.6409,-29.5241,140.661,191.292,0,9
162,14.9102,-28.9038,293.315,45.3279,0,9
162,15.3357,-28.6804,69.1252,873.216,0,9
162,15.2313,-28.7359,293.064,38.5089,0,9
162,15.7363,-28.4625,-21.3391,472.102,0,9
162,17.901,-27.1533,299.054,433.295,0,9
162,18.0761,-27.037,296.017,278.8,0,9
162,18.1348,-26.9977,301.932,504.497,0,9
162,18.9625,-26.4229,114.226,675.749,0,9
162,21.508,-24.3957,112.098,284.288,0,9
162,22.4068,-23.5729,113.911,331.53,0,9
162,23.3003,-22.6901,162.673,629.636,0,9
162,23.2947,-22.6959,269.198,777.893,0,9
162,24.01,-21.9378,82.195,776.168,0,9
162,25.1694,-20.5972,197.439,678.044,0,9
162,25.2871,-20.4526,303.822,229.573,0,9
162,25.9312,-19.6295,131.399,416.678,0,9
162,26.8173,-18.4005,176.491,808.99,0,9
162,27.0463,-18.0621,72.6284,408.921,0,9
162,28.0219,-16.5081,38.143,1506.73,0,9
162,28.3466,-15.9441,237.933,1188.72,0,9
162,28.3537,-15.9316,243.079,277.234,0,9
162,28.5258,-15.6213,264.465,438.075,0,9
162,28.6897,-15.3181,-72.067,225.619,0,9
162,29.6246,-13.4212,5.45509,235.176,0,9
162,30.3016,-11.8135,-58.5905,440.833,0,9
162,30.4054,-11.5438,56.2418,350.008,0,9
162,31.5511,-7.89147,-102.956,22.0555,0,9
162,32.3741,-3.10905,-33.0371,1790.99,0,9
162,32.3988,-2.8398,-52.1336,429.736,0,9
162,32.4312,-2.44207,-95.2414,669.445,0,9
162,32.5004,-1.2131,143.907,644.256,0,9
162,32.4954,1.33962,-31.3419,406.796,0,9
162,32.4794,1.68374,-103.013,654.988,0,9
162,32.4861,1.54821,-52.7967,717.532,0,9
162,32.4768,1.73277,48.5465,130.713,0,9
162,32.3695,3.15653,237.309,542.685,0,9
162,32.0363,5.60525,-82.5636,128.609,0,9
162,31.9392,6.13473,179.959,2289.73,0,9
162,31.9061,6.30464,-89.1687,428.37,0,9
162,31.7549,7.02631,221.061,382.37,0,9
162,30.182,12.1157,196.171,372.832,0,9
162,30.3576,11.6688,305.253,470.73,0,9
162,29.9152,12.7603,221.169,648.329,0,9
162,29.6989,13.2559,172.541,253.754,0,9
162,29.5854,13.5075,-74.1721,1033,0,9
162,29.4957,13.7022,297.219,68.2513,0,9
162,29.2478,14.2236,252.604,332.515,0,9
162,29.164,14.3948,274.345,1354.28,0,9
162,28.5696,15.541,40.4267,542.503,0,9
162,28.5645,15.5505,161.773,315.732,0,9
162,28.3895,15.8677,162.044,24.1265,0,9
162,28.1859,16.2266,27.7791,1248.92,0,9
162,27.9227,16.6754,41.0859,322.73,0,9
162,27.7493,16.9623,-100.169,42.3018,0,9
162,27.3972,17.5254,225.085,325.453,0,9
162,27.3,17.6765,-28.5803,150.557,0,9
162,27.0388,18.0734,-60.4093,111.876,0,9
162,26.8655,18.33,-39.0312,387.946,0,9
162,26.4492,18.9258,269.434,3297.33,0,9
162,25.7161,19.9104,99.9827,550.683,0,9
162,25.4429,20.2584,-99.146,417.29,0,9
162,25.2445,20.5051,207.563,384.239,0,9
162,21.6231,24.2937,283.153,157.706,0,9
162,20.8646,24.9483,240.458,306.561,0,9
162,20.085,25.5801,209.27,45.4405,0,9
162,19.6053,25.9495,261.51,165.792,0,9
162,19.1333,26.2995,239.772,757.231,0,9
162,18.813,26.5295,222.696,582.368,0,9
162,18.5323,26.7263,-49.1436,3312.84,0,9
162,18.2173,26.9421,-105.5,59,0,9
162,17.1405,27.6396,68.5862,364.142,0,9
162,17.0411,27.701,121.037,783.419,0,9
162,16.0169,28.3056,-16.157,382.703,0,9
162,14.9156,28.901,145.006,214.727,0,9
162,13.4215,29.6245,135.302,192.172,0,9
162,13.4573,29.6082,203.405,211.369,0,9
162,12.6392,29.9666,240.193,1025.21,0,9
162,11.7664,30.3199,-31.8521,472.475,0,9
162,10.3948,30.8171,59.156,203.25,0,9
162,9.15993,31.2064,-54.2535,775.057,0,9
162,7.37318,31.6762,190.732,186.15,0,9
162,7.01847,31.7567,222.179,299.818,0,9
162,6.77894,31.8087,135.744,298.479,0,9
162,4.42466,32.2206,94.1968,550.005,0,9
162,3.85852,32.2933,35.3144,2409.66,0,9
162,3.24133,32.3611,284.588,9101.5,0,9
162,0.834494,32.5123,-101.03,113.826,0,9
162,0.48892,32.5193,298.917,395.672,0,9
162,0.0123809,32.523,187.594,597.963,0,9
162,-2.70968,32.4099,256.577,573.66,0,9
162,-3.4705,32.3373,285.211,317.237,0,9
162,-4.22319,32.2476,290.931,400.222,0,9
162,-5.08236,32.1234,194.966,737.548,0,9
162,-5.10367,32.1201,298.846,561.865,0,9
162,-6.10523,31.9448,299.653,775.704,0,9
162,-9.07476,31.2313,268.483,142.352,0,9
162,-10.5731,30.7564,-11.8571,324.213,0,9
162,-11.7163,30.3393,-102.744,870.991,0,9
162,-16.1828,28.2111,275.745,629.401,0,9
162,-16.6371,27.9456,273.272,2247.37,0,9
162,-19.3297,26.1555,287.276,243.373,0,9
162,-22.3847,23.5939,-57.9722,450.969,0,9
162,-23.4224,22.564,152.845,339.873,0,9
162,-23.956,21.9968,265.662,755.983,0,9
162,-25.3137,20.4197,216.291,136.319,0,9
162,-25.8141,19.7832,235.851,1972.91,0,9
162,-27.2723,17.7192,-83.5861,400.462,0,9
162,-27.2743,17.7161,-12.9731,73.5266,0,9
162,-27.6868,17.0642,-11.3287,598.612,0,9
162,-28.2382,16.1354,286.822,344.632,0,9
162,-28.7758,15.1558,-69.0523,1936.56,0,9
162,-28.7441,15.2158,-22.2478,458.386,0,9
162,-29.5276,13.6334,253.015,1248.81,0,9
162,-29.5934,13.4899,289.018,399.367,0,9
162,-30.2768,11.8769,290.705,2479.22,0,9
162,-30.3181,11.7712,-76.4409,2423.39,0,9
162,-30.7243,10.6661,54.9668,190.658,0,9
162,-31.3434,8.67977,31.6158,42.4709,0,9
162,-31.6304,7.56723,-65.8342,830.644,0,9
162,-31.6335,7.55428,134.568,560.286,0,9
162,-31.6379,7.5359,162.807,282.086,0,9
162,-32.0451,5.55482,264.13,199.943,0,9
162,-32.1507,4.90674,-68.9135,516.594,0,9
162,-32.1337,5.01679,-20.8613,519.048,0,9
162,-32.1718,4.76693,15.2023,572.254,0,9
162,-32.3142,3.67961,141.26,440.798,0,9
162,-32.3259,3.57544,209.233,591.673,0,9
162,-32.3325,3.51515,302.38,384.463,0,9
162,-32.3598,3.25438,103.169,609.473,0,9
162,-32.3884,2.95637,239.519,1420.94,0,9
162,-32.4035,2.78573,126.518,984.647,0,9
162,-32.4067,2.74808,256.781,1533.33,0,9
162,-32.5229,-0.090565,-64.4698,65.0146,1,9
162,-32.517,-0.622108,-65.796,47.3027,1,9
162,-32.5145,-0.745629,23.0469,102.893,1,9
162,-32.4955,-1.33834,-19.0859,615.792,1,9
162,-32.4901,-1.46213,23.6281,429.339,1,9
162,-32.412,-2.68439,-151.414,411.601,1,9
162,-32.2931,-3.86011,-4.12609,2392.31,1,9
162,-32.196,-4.60011,43.2479,138.075,1,9
162,-31.6989,-7.27488,27.5423,180.767,1,9
162,-31.529,-7.97929,-120.916,14.0418,1,9
162,-31.291,-8.86658,27.9868,354.067,1,9
162,-31.0102,-9.80379,-41.2467,261.847,1,9
162,-31.0452,-9.69232,-232.494,494.303,1,9
162,-30.9752,-9.91369,-275.426,804.554,1,9
162,-30.3637,-11.653,3.88318,1210.65,1,9
162,-30.2591,-11.9218,-71.6898,166.869,1,9
162,-30.0986,-12.3215,-18.5381,1168.19,1,9
162,-29.725,-13.1974,-290.143,270.158,1,9
162,-29.3779,-13.9529,-300.332,680.166,1,9
162,-29.2853,-14.1463,94.2356,196.302,1,9
162,-29.1881,-14.3458,-38.2145,184.42,1,9
162,-28.8847,-14.9473,-62.849,370.268,1,9
162,-28.836,-15.041,43.5056,190.101,1,9
162,-28.1978,-16.2058,85.8665,498.121,1,9
162,-28.113,-16.3526,75.1337,1115.17,1,9
162,-27.3225,-17.6416,-83.6525,130.315,1,9
162,-27.0481,-18.0595,-116.404,619.896,1,9
162,-25.7866,-19.8191,-240.458,113.644,1,9
162,-23.9694,-21.9822,-259.026,471,1,9
162,-23.7368,-22.2331,-10.3507,262.931,1,9
162,-22.3449,-23.6316,32.0538,546.451,1,9
162,-22.4136,-23.5664,-302.185,58.4666,1,9
162,-19.8806,-25.7392,-254.843,935.283,1,9
162,-18.5332,-26.7258,41.8482,170.101,1,9
162,-15.8397,-28.4051,-305.415,340.304,1,9
162,-13.6138,-29.5366,100.772,82.6697,1,9
162,-12.0561,-30.2059,-45.2708,751.207,1,9
162,-11.4863,-30.4271,-298.531,547.604,1,9
162,-11.354,-30.4768,-75.7498,181.448,1,9
162,-11.0188,-30.5995,45.5403,406.41,1,9
162,-10.474,-30.7903,67.764,41.1634,1,9
162,-9.89035,-30.9827,72.2078,440.491,1,9
162,-9.0284,-31.2447,61.404,21.1464,1,9
162,-8.67977,-31.3434,61.2273,51.6681,1,9
162,-7.71876,-31.5938,-59.1061,870.823,1,9
162,-7.67798,-31.6037,-295.617,270.475,1,9
162,-6.76739,-31.8111,49.5611,590.633,1,9
162,-5.0697,-32.1254,-275.608,258.173,1,9
162,-3.60947,-32.3221,-64.6879,368.866,1,9
162,-3.2517,-32.36,100.862,279.836,1,9
162,-2.18883,-32.4493,-275.314,442.463,1,9
162,0.849976,-32.5119,-250.582,240.92,1,9
162,1.02131,-32.507,-280.488,1744.68,1,9
162,2.36766,-32.4367,-98.418,473.692,1,9
162,2.58177,-32.4204,-301.762,470.691,1,9
162,3.00266,-32.3841,-291.007,188.375,1,9
162,3.47244,-32.3371,-91.0549,276.213,1,9
162,3.97099,-32.2797,47.382,179.312,1,9
162,9.89496,-30.9812,-252.988,39.3557,1,9
162,12.78,-29.9068,-207.143,50.4651,1,9
162,13.2779,-29.6891,-204.41,350.116,1,9
162,19.3648,-26.1295,-276.678,101.928,1,9
162,25.8772,-19.7007,-48.1049,459.095,1,9
162,25.9751,-19.5714,-281.116,209.446,1,9
162,26.2933,-19.1417,-208.456,319.027,1,9
162,26.4494,-18.9255,-282.875,61.9183,1,9
162,28.8203,-15.071,11.1047,35.1803,1,9
162,29.6177,-13.4363,-43.4698,858.743,1,9
162,29.8348,-12.9471,47.0691,679.961,1,9
162,30.0782,-12.3714,-291.525,354.672,1,9
162,30.2551,-11.932,-264.585,338.574,1,9
162,30.6786,-10.7968,-97.8087,285.152,1,9
162,31.2093,-9.15021,-51.7735,982.293,1,9
162,31.2447,-9.0284,27.484,20.111,1,9
162,31.2447,-9.0284,-227.986,318.429,1,9
162,31.3434,-8.67977,27.2873,50.5279,1,9
162,31.529,-7.97932,-303.236,21.111,1,9
162,31.6177,-7.62024,20.5962,235.58,1,9
162,31.6843,-7.33844,23.5428,563.552,1,9
162,32.1564,-4.86975,-186.309,263.816,1,9
162,32.1973,-4.59154,-217.08,338.258,1,9
162,32.3778,-3.06955,-252.457,511.43,1,9
162,32.4925,-1.40761,-191.597,110.593,1,9
162,32.5219,-0.27175,-32.1241,36.3646,1,9
162,32.3723,3.1276,-139.713,151.563,1,9
162,32.33,3.53807,-286.584,697.202,1,9
162,32.0556,5.49424,10.9201,349.929,1,9
162,32.0536,5.50582,-266.497,1167.65,1,9
162,32.0393,5.58815,-305.78,30.0278,1,9
162,32.0049,5.78213,99.5199,1486.18,1,9
162,31.995,5.83656,-175.766,1033.14,1,9
162,31.6727,7.388,56.6294,760.497,1,9
162,30.1817,12.1166,-23.082,981.274,1,9
162,29.6043,13.4658,-62.9899,314.314,1,9
162,29.6247,13.4209,-223.657,541.374,1,9
162,29.0605,14.6026,-279.189,742.488,1,9
162,28.4982,15.6716,37.5803,697.573,1,9
162,28.2628,16.0922,-38.6946,165.142,1,9
162,27.7198,17.0105,-272.21,154.975,1,9
162,27.2877,17.6954,51.6987,467.663,1,9
162,26.5393,18.7992,-52.0622,379.035,1,9
162,26.1438,19.3454,-108.363,841.486,1,9
162,26.1095,19.3917,-267.935,196.003,1,9
162,25.8115,19.7866,-151.833,154.949,1,9
162,24.7658,21.0808,-117.416,357.507,1,9
162,24.1547,21.7784,20.4048,3880.07,1,9
162,23.9383,22.016,-287.032,589.366,1,9
162,23.7558,22.2128,52.5949,486.226,1,9
162,22.7328,23.2587,-275.244,236.147,1,9
162,22.3674,23.6103,-162.95,361.266,1,9
162,22.1173,23.8447,-145.112,162.241,1,9
162,22.007,23.9466,-263.363,733.561,1,9
162,20.9752,24.8553,23.8579,334.924,1,9
162,20.8074,24.996,-21.7889,365.961,1,9
162,20.0784,25.5852,-235.159,433.34,1,9
162,19.275,26.1958,-282.968,100.089,1,9
162,19.2521,26.2126,-287.128,324.048,1,9
162,18.1837,26.9648,-298.176,154.758,1,9
162,17.7662,27.2416,55.6088,275.399,1,9
162,15.3932,28.6495,39.3807,310.116,1,9
162,13.6642,29.5133,30.013,356.778,1,9
162,13.4879,29.5943,-32.0836,108.128,1,9
162,12.4656,30.0392,-259.286,382,1,9
162,10.2365,30.87,-107.745,584.672,1,9
162,9.7808,31.0174,89.3323,715.356,1,9
162,5.57422,32.0417,-126.306,2883.04,1,9
162,5.41166,32.0696,-250.691,539.302,1,9
162,2.61261,32.4179,-266.335,700.682,1,9
162,2.3082,32.441,-174.018,397.673,1,9
162,0.324114,32.5214,-43.1582,177.726,1,9
162,-3.93707,32.2838,74.2387,362.97,1,9
162,-7.27488,31.6989,-94.6488,289.015,1,9
162,-9.01638,31.2482,19.6356,139.276,1,9
162,-11.0402,30.5918,-157.173,303.183,1,9
162,-10.9833,30.6123,-298.885,718.991,1,9
162,-11.5977,30.3848,-300.678,276.584,1,9
162,-11.6952,30.3474,-267.341,96.0303,1,9
162,-12.122,30.1795,-280.759,191.723,1,9
162,-12.6526,29.9609,-231.717,588.162,1,9
162,-13.7844,29.4574,-190.971,1033.89,1,9
162,-14.1917,29.2633,39.9084,306.625,1,9
162,-14.4587,29.1323,-18.5754,360.445,1,9
162,-14.9755,28.87,-81.4512,218.067,1,9
162,-15.6413,28.5148,-261.156,862.931,1,9
162,-16.8106,27.8415,31.4229,857.87,1,9
162,-17.8494,27.1872,-131.7,134.483,1,9
162,-18.1281,27.0022,-93.1966,757.352,1,9
162,-18.3335,26.8632,-141.924,219.491,1,9
162,-19.3043,26.1742,-23.8527,161.136,1,9
162,-22.2617,23.71,-9.53561,1340.39,1,9
162,-22.3451,23.6314,-291.31,1114.91,1,9
162,-23.4156,22.5711,-305.584,237.896,1,9
162,-24.9241,20.8934,77.3021,425.589,1,9
162,-25.7927,19.8111,-141.84,349.587,1,9
162,-27.0726,18.0227,-61.6405,362.634,1,9
162,-27.6529,17.1191,-294.052,1008.79,1,9
162,-28.2597,16.0977,-269.519,818.269,1,9
162,-28.9262,14.8667,-35.4883,154.287,1,9
162,-29.0531,14.6172,-90.5941,778.299,1,9
162,-29.6454,13.3751,-280.53,132.195,1,9
162,-29.9057,12.7825,-87.9818,543.428,1,9
162,-30.3233,11.7577,-282.703,171.065,1,9
162,-30.6647,10.8361,-155.043,2471.08,1,9
162,-30.781,10.5013,-93.5731,384.007,1,9
162,-30.8997,10.1467,-246.441,679.356,1,9
162,-31.025,9.75676,72.9698,239.988,1,9
162,-31.8892,6.38934,-27.8018,70.7299,1,9
162,-32.4674,1.90111,-4.95668,339.651,1,9
162,-32.5229,0.0905979,-64.5589,261.476,1,9
162,-33.0736,-1.17236,118.857,388.117,0,10
162,-33.0677,-1.32901,258.291,777.262,0,10
162,-32.521,-6.13364,275.898,486.562,0,10
162,-32.4091,-6.70019,-93.2931,425.507,0,10
162,-32.2373,-7.48301,49.6129,557.03,0,10
162,-32.059,-8.21341,-89.1584,78.4993,0,10
162,-31.7937,-9.187,-31.046,67.4267,0,10
162,-31.6357,-9.71698,202.748,31.1631,0,10
162,-30.8498,-11.9803,291.14,30.2021,0,10
162,-30.5944,-12.6184,-60.4455,425.531,0,10
162,-30.5127,-12.8145,152.521,1241.94,0,10
162,-30.1388,-13.671,-55.6236,203.25,0,10
162,-30.0892,-13.7796,175.704,251.689,0,10
162,-29.9585,-14.0615,296.368,517.749,0,10
162,-29.7759,-14.4442,-17.3504,500.804,0,10
162,-29.806,-14.3819,184.161,342.117,0,10
162,-28.4977,-16.8262,267.072,1251.66,0,10
162,-28.0814,-17.5121,70.3983,385.297,0,10
162,-27.8631,-17.8574,101.72,192.07,0,10
162,-27.5426,-18.3479,-73.1979,316.463,0,10
162,-27.3365,-18.6536,-18.8285,111.058,0,10
162,-27.3365,-18.6536,163.337,133.732,0,10
162,-26.6979,-19.5566,46.9747,51.246,0,10
162,-26.3674,-20,46.2076,501.736,0,10
162,-25.5677,-21.0127,94.204,11.0277,0,10
162,-25.5677,-21.0127,95.3854,75.9616,0,10
162,-25.4029,-21.2115,123.311,1320.43,0,10
162,-24.3858,-22.3735,-32.2683,150.43,0,10
162,-24.4166,-22.3398,110.318,51.6062,0,10
162,-23.1429,-23.6569,-99.8522,487.707,0,10
162,-22.4683,-24.2985,-85.7883,110.197,0,10
162,-22.4087,-24.3535,205.522,363.778,0,10
162,-21.9245,-24.7902,230.217,1718.06,0,10
162,-21.14,-25.4625,13.4897,611.986,0,10
162,-17.4463,-28.1223,255.461,2884.94,0,10
162,-16.0759,-28.9276,170.47,182.93,0,10
162,-13.7796,-30.0893,53.2969,238.834,0,10
162,-12.9075,-30.4735,289.432,890.501,0,10
162,-12.6271,-30.5908,44.2495,184.111,0,10
162,-9.18702,-31.7937,45.5093,115.621,0,10
162,-8.83226,-31.8941,45.5388,96.3121,0,10
162,-7.62636,-32.2037,246.196,567.268,0,10
162,-7.13399,-32.3163,299.123,288.571,0,10
162,-6.3506,-32.4794,293.397,358.199,0,10
162,-5.26378,-32.6731,81.0602,462.295,0,10
162,-3.3788,-32.9215,122.127,152.904,0,10
162,-2.67063,-32.9865,294.2,344.077,0,10
162,-1.54354,-33.0584,275.721,562.382,0,10
162,-0.938381,-33.0811,-39.4086,340.276,0,10
162,-0.224772,-33.0936,-18.4657,700.593,0,10
162,0.4717,-33.091,-85.1884,342.988,0,10
162,1.38333,-33.0655,-91.0677,352.134,0,10
162,4.25918,-32.8192,247.224,952.171,0,10
162,5.29693,-32.6677,-43.0178,110.15,0,10
162,6.76744,-32.3951,-71.6642,517.48,0,10
162,7.17546,-32.3072,162.849,239.476,0,10
162,9.38419,-31.736,302.828,285.998,0,10
162,9.6319,-31.6617,193.242,399.766,0,10
162,10.4235,-31.41,74.7084,407.642,0,10
162,10.5955,-31.3524,194.32,259.553,0,10
162,10.9713,-31.2229,32.5412,478.452,0,10
162,11.2579,-31.1207,272.235,244.444,0,10
162,11.5424,-31.0163,148.266,97.0039,0,10
162,12.3233,-30.7144,294.725,189.118,0,10
162,14.0585,-29.9599,139.805,753.666,0,10
162,15.1664,-29.4146,36.3003,1168.51,0,10
162,15.6543,-29.1579,67.6977,780.373,0,10
162,16.1361,-28.8941,93.6529,2146.23,0,10
162,16.2115,-28.8518,-21.9546,224.829,0,10
162,18.3162,-27.5637,295.293,1075.21,0,10
162,18.3232,-27.5591,298.368,316.387,0,10
162,18.4086,-27.5021,300.939,346.62,0,10
162,21.4449,-25.2062,159.478,1459.76,0,10
162,21.9302,-24.7851,111.246,458.464,0,10
162,22.597,-24.1789,-58.8237,289.955,0,10
162,22.5798,-24.1949,112.838,244.849,0,10
162,23.762,-23.0349,268.169,395.323,0,10
162,25.5103,-21.0823,196.814,362.034,0,10
162,27.4366,-18.506,298.623,472.119,0,10
162,28.4571,-16.8947,36.5643,528.743,0,10
162,28.8365,-16.2386,235.789,1461.28,0,10
162,28.8616,-16.194,242.432,316.674,0,10
162,28.862,-16.1934,263.643,639.027,0,10
162,30.136,-13.6771,7.8928,3666.6,0,10
162,30.8331,-12.0232,-59.3536,969.822,0,10
162,30.9466,-11.7279,55.3398,398.618,0,10
162,31.7992,-9.16789,-65.9551,185.645,0,10
162,32.7937,-4.45089,75.719,607.405,0,10
162,32.9445,-3.14643,-52.8737,273.974,0,10
162,32.9683,-2.88656,34.2764,1799.46,0,10
162,32.9711,-2.85377,36.54,11.3298,0,10
162,32.9998,-2.49991,-96.0969,203.54,0,10
162,33.0785,-1.02728,144.202,467.833,0,10
162,33.0678,1.32639,-32.5418,290.736,0,10
162,33.0553,1.60807,-53.726,579.503,0,10
162,33.0545,1.62459,47.9999,384.037,0,10
162,33.0306,2.05361,-104.263,137.601,0,10
162,33.0271,2.11025,137.522,306.66,0,10
162,32.92,3.39281,145.773,256.358,0,10
162,32.9356,3.23784,236.057,1019.66,0,10
162,32.4558,6.46975,-90.016,212.864,0,10
162,32.3271,7.08488,221.67,549.687,0,10
162,30.9536,11.7096,196.053,396.545,0,10
162,30.878,11.9076,303.873,67.148,0,10
162,30.4986,12.8481,83.3556,427.91,0,10
162,30.1297,13.6909,-74.8395,389.927,0,10
162,29.8045,14.3852,251.262,438.715,0,10
162,29.7165,14.5659,272.834,725.96,0,10
162,29.2796,15.4254,40.186,597.605,0,10
162,29.0697,15.8175,99.2195,425.197,0,10
162,28.8207,16.2667,161.291,182.302,0,10
162,28.6605,16.5474,26.3612,303.237,0,10
162,28.3002,17.1563,40.8513,270.945,0,10
162,28.3118,17.1371,-101.606,559.857,0,10
162,28.0156,17.6172,223.185,564.7,0,10
162,27.7241,18.0724,-29.0614,196.274,0,10
162,27.3852,18.582,-39.6489,169.768,0,10
162,27.1368,18.9429,220.077,762.955,0,10
162,27.021,19.1078,255.164,333.788,0,10
162,26.8943,19.2857,268.403,1137.02,0,10
162,26.1565,20.275,99.6743,92.4056,0,10
162,25.6843,20.8699,206.564,12.1144,0,10
162,21.6225,25.0541,209.274,385.633,0,10
162,22.0357,24.6914,281.879,220.382,0,10
162,21.3365,25.2981,44.1255,432.247,0,10
162,21.2811,25.3447,239.318,1020.27,0,10
162,20.7265,25.8002,142.767,519.992,0,10
162,20.0595,26.3222,260.65,111.807,0,10
162,19.4152,26.8009,238.54,364.638,0,10
162,18.5267,27.4227,199.698,1549.7,0,10
162,17.9226,27.8212,49.5232,216.321,0,10
162,17.157,28.2998,119.656,319.272,0,10
162,14.5669,29.716,203.578,247.978,0,10
162,13.9201,30.0245,203.172,32.1232,0,10
162,13.0385,30.4177,53.0751,345.329,0,10
162,11.9031,30.8797,-32.5388,292.61,0,10
162,10.8797,31.2549,58.9094,272.732,0,10
162,9.18702,31.7937,-54.9081,51.5899,0,10
162,8.83226,31.8941,-54.62,12.1478,0,10
162,7.21124,32.2992,221.911,268.751,0,10
162,6.77397,32.3937,134.963,133.878,0,10
162,6.38719,32.4722,171.111,80.0647,0,10
162,5.96902,32.5517,-96.8024,519.823,0,10
162,4.48531,32.789,92.7305,2138.33,0,10
162,3.74821,32.8815,33.7214,3084.02,0,10
162,3.61901,32.8959,-78.9917,394.879,0,10
162,3.47009,32.912,284.355,9458.9,0,10
162,1.57398,33.0569,133.851,605.191,0,10
162,0.998242,33.0793,54.5281,170.647,0,10
162,0.417615,33.0918,298.271,314.138,0,10
162,-0.780381,33.0852,150.878,1166.55,0,10
162,-1.94586,33.0371,98.7935,2769.75,0,10
162,-2.77895,32.9775,255.799,82.2516,0,10
162,-3.59972,32.898,284.499,244.014,0,10
162,-5.26411,32.6731,298.052,192.078,0,10
162,-5.52853,32.6294,1.02123,118.44,0,10
162,-9.07653,31.8254,-48.4493,69.4561,0,10
162,-9.67696,31.648,268.007,174.617,0,10
162,-10.7336,31.3054,-12.8384,618.781,0,10
162,-11.8416,30.9033,-102.498,1278.42,0,10
162,-14.9756,29.5122,-93.3922,576.772,0,10
162,-16.5727,28.6459,273.101,3837.11,0,10
162,-17.8473,27.8696,53.892,424.702,0,10
162,-19.8439,26.4851,285.813,1260.12,0,10
162,-20.1183,26.2773,65.8405,430.068,0,10
162,-23.7977,22.998,152.705,1776.1,0,10
162,-24.5303,22.2149,264.193,215.24,0,10
162,-24.9358,21.7588,-60.2182,175.129,0,10
162,-25.4413,21.1655,-26.8373,572.091,0,10
162,-26.2438,20.1619,233.979,1057.3,0,10
162,-27.6527,18.1815,-84.0358,233.751,0,10
162,-27.5922,18.2732,299.686,385.159,0,10
162,-28.0168,17.6154,92.662,630.695,0,10
162,-28.1854,17.3442,-105.5,133,0,10
162,-28.2489,17.2406,-12.5789,344.542,0,10
162,-28.6435,16.5768,286.023,520.823,0,10
162,-29.2356,15.5086,-68.9249,1387.51,0,10
162,-30.0928,13.7719,251.892,2525.46,0,10
162,-30.8673,11.9351,-77.3862,578.655,0,10
162,-30.9067,11.8328,290.818,803.263,0,10
162,-31.2854,10.7919,1.39651,681.441,0,10
162,-31.3533,10.5931,206.401,1713.94,0,10
162,-31.8941,8.83226,256.792,35.4952,0,10
162,-32.1664,7.78214,133.84,586.372,0,10
162,-32.1993,7.64495,-66.5879,266.595,0,10
162,-32.1977,7.65144,162.99,619.259,0,10
162,-32.6753,5.24988,-21.0218,275.807,0,10
162,-32.6908,5.15262,-69.7706,916.821,0,10
162,-32.8862,3.7063,-73.03,996.846,0,10
162,-32.8807,3.75527,141.24,141.899,0,10
162,-32.8943,3.63335,301.681,465.024,0,10
162,-32.9213,3.38061,224.063,233.6,0,10
162,-32.9264,3.33072,238.932,274.961,0,10
162,-32.9615,2.96275,209.25,508.184,0,10
162,-32.969,2.87831,255.179,1171.49,0,10
162,-32.9999,2.49973,126.657,372.979,0,10
162,-33.0826,-0.884455,-65.7071,57.2619,1,10
162,-33.0627,-1.44899,-17.4245,956.311,1,10
162,-33.042,-1.86075,-260.205,1201.12,1,10
162,-32.9866,-2.669,24.3396,2982.68,1,10
162,-32.8719,-3.83122,-2.4157,1584.81,1,10
162,-32.8216,-4.24017,25.3864,219.967,1,10
162,-32.705,-5.06161,25.9134,313.093,1,10
162,-32.0525,-8.23875,-101.16,75.7024,1,10
162,-31.8498,-8.99057,28.7591,176.234,1,10
162,-31.6218,-9.76218,-231.095,730.811,1,10
162,-31.5631,-9.95028,-274.192,273.339,1,10
162,-31.4989,-10.1518,-40.8585,222.677,1,10
162,-31.0883,-11.3471,4.09603,1155.65,1,10
162,-30.9843,-11.6281,-71.2365,563.487,1,10
162,-30.3416,-13.2147,-289.645,650.554,1,10
162,-29.8608,-14.2678,94.4251,102.633,1,10
162,-29.8675,-14.2537,-38.4718,372.303,1,10
162,-29.4013,-15.1922,44.0436,91.2884,1,10
162,-28.7876,-16.3252,87.3155,578.921,1,10
162,-28.7295,-16.4273,75.6665,1427.12,1,10
162,-28.536,-16.7611,41.9515,210.205,1,10
162,-28.2293,-17.2727,-83.3584,191.82,1,10
162,-27.6889,-18.1264,-115.726,106.197,1,10
162,-26.2556,-20.1466,-239.784,35.6028,1,10
162,-25.4945,-21.1014,-101.797,112.241,1,10
162,-25.3049,-21.3284,-97.3448,150.417,1,10
162,-24.4998,-22.2485,-257.584,727.447,1,10
162,-22.8074,-23.9804,32.7352,31.1404,1,10
162,-20.2127,-26.2047,-253.407,400.009,1,10
162,-18.8929,-27.1716,42.7081,695.081,1,10
162,-17.9956,-27.774,48.4388,132.751,1,10
162,-16.4708,-28.7045,-299.63,274.809,1,10
162,-15.437,-29.2735,-243.941,1076.69,1,10
162,-14.3998,-29.7974,-268.773,461.783,1,10
162,-11.4084,-31.0659,-75.3764,564.76,1,10
162,-9.18702,-31.7937,-93.8113,268.375,1,10
162,-8.83226,-31.8941,-94.0551,34.1404,1,10
162,-8.11759,-32.0834,-295.04,638.253,1,10
162,-7.64832,-32.1985,-58.1526,1533.16,1,10
162,-6.47532,-32.4547,49.2298,1097.32,1,10
162,-4.93404,-32.7245,-273.959,121.97,1,10
162,-3.70637,-32.8862,-63.8643,505.153,1,10
162,-3.31623,-32.9278,101.065,381.99,1,10
162,0.146917,-33.0941,-191.746,282.659,1,10
162,0.723,-33.0865,-250.04,626.018,1,10
162,0.852835,-33.0834,-279.904,758.889,1,10
162,2.92401,-32.965,-290.152,296.472,1,10
162,2.9318,-32.9643,-301.154,226.193,1,10
162,3.71712,-32.885,-90.6583,231.163,1,10
162,4.01508,-32.8499,48.2919,352.382,1,10
162,19.258,-26.9141,20.415,321.69,1,10
162,19.5566,-26.6979,20.5467,45.5587,1,10
162,20,-26.3674,-276.872,115.793,1,10
162,20.2925,-26.1429,-276.988,166.049,1,10
162,20.2925,-26.1429,-289.713,61.873,1,10
162,23.7325,-23.0653,33.4212,853.179,1,10
162,24.5692,-22.1719,-205.702,372.111,1,10
162,26.8737,-19.3143,-282.057,435.867,1,10
162,30.3218,-13.26,47.1612,647.305,1,10
162,30.6456,-12.4935,-290.575,479.462,1,10
162,30.7125,-12.3282,-263.257,1002.17,1,10
162,30.71,-12.3343,-305.059,1477.84,1,10
162,31.2602,-10.8646,-97.6044,297.563,1,10
162,31.677,-9.58151,-50.5501,572.999,1,10
162,31.7365,-9.38268,22.3646,1018.38,1,10
162,31.7937,-9.18702,-226.759,372.687,1,10
162,32.0865,-8.10514,-302.404,292.012,1,10
162,32.1333,-7.91765,-269.128,257.607,1,10
162,32.2583,-7.392,24.6036,659.163,1,10
162,32.6315,-5.51601,-186.14,333.628,1,10
162,32.7775,-4.5688,-216.382,287.103,1,10
162,32.9093,-3.49546,-128.684,380.638,1,10
162,32.9504,-3.08389,-251.224,55.4788,1,10
162,33.0931,-0.298291,-31.0905,188.241,1,10
162,33.0009,2.48626,-170.948,12.0971,1,10
162,32.8948,3.6295,-285.833,297.299,1,10
162,32.5825,5.79801,100.114,1478.69,1,10
162,32.6005,5.69639,-264.466,1312.39,1,10
162,32.565,5.89576,-174.371,610.055,1,10
162,32.2138,7.58363,58.1686,277.616,1,10
162,31.7937,9.18699,71.3512,41.2908,1,10
162,30.7068,12.3422,-21.8746,2795.47,1,10
162,30.0505,13.8639,-62.8101,254.048,1,10
162,29.2947,15.3967,-277.675,964.581,1,10
162,28.9706,15.9982,39.4371,615.91,1,10
162,28.7863,16.3275,-37.1907,420.917,1,10
162,28.2392,17.2565,-271.039,1405.58,1,10
162,27.7677,18.0054,53.1086,361.862,1,10
162,27.0518,19.064,-51.2533,340.059,1,10
162,26.6668,19.599,-108.27,451.789,1,10
162,26.6008,19.6885,-266.95,1190.28,1,10
162,26.2212,20.1913,-150.983,920.109,1,10
162,24.9894,21.6972,102.556,551.232,1,10
162,24.8193,21.8916,19.7681,1375.25,1,10
162,24.462,22.2901,-2.85825,389.707,1,10
162,24.3345,22.4292,-286.468,179.907,1,10
162,24.1143,22.6659,53.2763,181.193,1,10
162,23.0852,23.7131,-274.276,330.646,1,10
162,22.6483,24.1308,-161.318,1075.84,1,10
162,22.2444,24.5036,-38.282,3387.33,1,10
162,21.3391,25.2959,23.5733,197.255,1,10
162,21.0353,25.5491,-21.1886,146.698,1,10
162,18.4623,27.466,-297.382,239.976,1,10
162,15.7256,29.1195,39.9779,371.588,1,10
162,14.4921,29.7526,30.5928,330.38,1,10
162,13.5583,30.1896,-31.5915,502.259,1,10
162,12.9101,30.4724,-258.017,434.555,1,10
162,10.3751,31.426,-106.573,184.295,1,10
162,9.76994,31.6194,90.123,202.319,1,10
162,5.68544,32.6024,-126.455,1619.86,1,10
162,5.445,32.6434,-249.144,691.082,1,10
162,2.52611,32.9978,-173.339,292.762,1,10
162,2.51244,32.9989,-264.965,2034.87,1,10
162,1.35451,33.0667,-297.774,208.175,1,10
162,0.276523,33.0932,-42.696,64.5037,1,10
162,-2.58917,32.993,-103.113,1265.85,1,10
162,-4.00592,32.8511,73.9061,142.009,1,10
162,-9.41588,31.7267,20.0963,137.333,1,10
162,-11.1193,31.1705,-298.197,930.61,1,10
162,-11.9026,30.8799,-300.14,115.433,1,10
162,-12.513,30.6376,-279.919,174.132,1,10
162,-12.8421,30.5012,-230.222,799.308,1,10
162,-13.1909,30.3519,87.3397,258.405,1,10
162,-14.3953,29.7996,40.5655,175.224,1,10
162,-14.6883,29.6562,52.2981,464.293,1,10
162,-15.1107,29.4433,-80.9441,40.3812,1,10
162,-15.7505,29.106,-259.454,250.413,1,10
162,-16.0599,28.9365,8.68388,133.71,1,10
162,-17.3528,28.1801,32.1306,408.537,1,10
162,-17.6991,27.964,-228.197,864.361,1,10
162,-18.0597,27.7324,-130.889,361.744,1,10
162,-18.2802,27.5876,-92.1784,1466.17,1,10
162,-19.4505,26.7753,-39.1559,740.765,1,10
162,-19.6768,26.6095,-23.0281,372.857,1,10
162,-20.433,26.0333,94.3959,781.754,1,10
162,-20.5175,25.9667,100.053,470.154,1,10
162,-22.6579,24.1218,-290.551,487.194,1,10
162,-22.77,24.016,-8.56908,122.144,1,10
162,-23.7135,23.0848,-150.355,160.52,1,10
162,-25.4205,21.1906,78.4396,285.92,1,10
162,-25.6055,20.9666,-285.378,1926.91,1,10
162,-27.6234,18.2259,-60.8028,390.477,1,10
162,-27.9799,17.6738,-293.145,1237.15,1,10
162,-29.3504,15.2903,-35.004,561.817,1,10
162,-29.6925,14.615,-90.956,371.377,1,10
162,-30.2088,13.5156,-279.965,556.757,1,10
162,-30.3572,13.1787,-85.9191,309.086,1,10
162,-30.7705,12.1825,-282.215,284.826,1,10
162,-31.1239,11.2491,-155.519,1622.42,1,10
162,-31.4042,10.4411,-244.968,432.438,1,10
162,-32.0372,8.29809,-60.28,50.7076,1,10
162,-33.523,-3.08973,303.236,14.0139,0,11
162,-32.9717,-6.79746,-94.0801,209.127,0,11
162,-32.2894,-9.52543,-31.8276,53.1573,0,11
162,-31.3245,-12.3336,291.368,593.884,0,11
162,-30.9896,-13.1524,151.291,780.645,0,11
162,-30.707,-13.7993,-56.1349,157.559,0,11
162,-30.2623,-14.749,183.376,164.453,0,11
162,-29.5012,-16.2178,50.8356,42.2757,0,11
162,-28.5124,-17.8993,69.61,303.765,0,11
162,-28.2616,-18.2927,100.855,858.684,0,11
162,-28.0157,-18.6671,-74.1653,733.019,0,11
162,-27.8079,-18.9753,-19.0678,191.991,0,11
162,-27.8079,-18.9753,174.695,133.043,0,11
162,-27.1583,-19.8939,-9.7439,87.3227,0,11
162,-27.1583,-19.8939,109.499,966.929,0,11
162,-26.935,-20.1952,-9.96512,61.6347,0,11
162,-26.935,-20.1952,20.9738,68.9207,0,11
162,-25.7245,-21.7161,122.468,1248.34,0,11
162,-24.6672,-22.91,109.59,268.178,0,11
162,-24.567,-23.0175,-35.2247,315.756,0,11
162,-24.6091,-22.9724,-32.9298,187.759,0,11
162,-24.0029,-23.6051,-54.5183,52.7896,0,11
162,-23.5484,-24.0585,-101.197,456.813,0,11
162,-22.8261,-24.7448,-86.6094,138.709,0,11
162,-22.8938,-24.6822,204.866,77.9446,0,11
162,-22.6096,-24.9429,-46.1498,753.538,0,11
162,-22.3166,-25.2053,228.993,1838.07,0,11
162,-21.5807,-25.8382,262.43,734.911,0,11
162,-21.3379,-26.0391,12.4061,327.364,0,11
162,-17.5335,-28.7388,255.204,1462.31,0,11
162,-17.4979,-28.7605,187.852,300.976,0,11
162,-14.1957,-30.5257,52.3514,676.624,0,11
162,-13.0522,-31.0319,288.771,761.276,0,11
162,-12.4239,-31.2888,81.8475,140.462,0,11
162,-8.34121,-32.6154,144.455,109.813,0,11
162,-7.8086,-32.747,244.629,535.177,0,11
162,-7.29225,-32.8658,298.248,84.0834,0,11
162,-5.31646,-33.2427,79.5181,509.561,0,11
162,-3.51818,-33.4808,121.335,127.155,0,11
162,-2.9551,-33.5352,-54.0301,1068.65,0,11
162,-2.71084,-33.5558,-30.7043,222.109,0,11
162,-2.72769,-33.5544,293.605,341.063,0,11
162,-2.22312,-33.5916,275.525,474.613,0,11
162,-1.93385,-33.6095,-99.9034,183.069,0,11
162,-1.94116,-33.6091,200.664,241.176,0,11
162,-0.447971,-33.6621,-90.2964,231.866,0,11
162,1.3255,-33.639,-91.7227,679.47,0,11
162,4.51004,-33.3616,245.751,1313.15,0,11
162,5.29801,-33.2456,-82.355,970.523,0,11
162,7.16771,-32.8932,162.666,281.289,0,11
162,8.25299,-32.6378,81.5557,345.257,0,11
162,9.08109,-32.4172,109.755,853.688,0,11
162,9.43402,-32.3162,301.859,881.863,0,11
162,10.0148,-32.141,192.735,141.523,0,11
162,10.6959,-31.9208,228.632,195.522,0,11
162,10.9194,-31.845,72.6159,406.126,0,11
162,11.3357,-31.6992,32.0136,754.264,0,11
162,11.4848,-31.6455,147.648,55.7169,0,11
162,11.5216,-31.6321,270.981,307.336,0,11
162,12.2274,-31.3661,-17.5362,178.436,0,11
162,12.5097,-31.2545,293.979,602.125,0,11
162,14.4057,-30.4272,138.918,453.702,0,11
162,15.3764,-29.9484,35.9155,717.211,0,11
162,15.6814,-29.7898,292.091,683.444,0,11
162,15.9676,-29.6374,66.4529,827.536,0,11
162,16.9821,-29.068,228.968,693.202,0,11
162,18.5887,-28.0677,294.216,283.821,0,11
162,18.7169,-27.9824,297.672,381.834,0,11
162,18.636,-28.0364,299.78,409.124,0,11
162,19.1259,-27.7045,114.109,922.274,0,11
162,21.5576,-25.8574,159.2,409.245,0,11
162,22.3375,-25.1868,110.505,230.157,0,11
162,23.0541,-24.5325,-59.6749,289.614,0,11
162,24.3054,-23.2935,161.938,631.564,0,11
162,24.2527,-23.3483,266.936,636.833,0,11
162,25.8633,-21.5505,195.984,614.091,0,11
162,26.0623,-21.3095,302.4,758.648,0,11
162,26.8059,-20.3663,130.546,920.018,0,11
162,27.7876,-19.0049,175.723,317.653,0,11
162,27.8178,-18.9607,297.894,660.084,0,11
162,27.9728,-18.7313,71.7557,214.793,0,11
162,28.8954,-17.2741,35.5435,211.716,0,11
162,29.3265,-16.5316,233.614,830.942,0,11
162,29.3648,-16.4635,241.724,611.299,0,11
162,29.6055,-16.0267,-72.9122,94.9862,0,11
162,31.3503,-12.2677,-60.3984,474.957,0,11
162,31.4896,-11.9057,54.4209,491.165,0,11
162,32.3321,-9.37949,-66.1194,634.565,0,11
162,32.6626,-8.15428,276.075,1981.56,0,11
162,33.3261,-4.76543,74.1885,1458.17,0,11
162,33.4892,-3.43731,-54.0836,1233.78,0,11
162,33.5259,-3.05775,-33.3397,517.717,0,11
162,33.5705,-2.52209,-96.4234,2422.66,0,11
162,33.5491,-2.79249,33.7643,508.519,0,11
162,33.6394,1.31587,-33.9289,815.15,0,11
162,33.6174,1.79173,-54.5806,173.849,0,11
162,33.5876,2.28302,-105.166,239.414,0,11
162,33.5865,2.29905,136.819,136.266,0,11
162,33.536,2.9452,145.564,640.027,0,11
162,33.4986,3.34371,234.203,1016.54,0,11
162,33.1836,5.67343,178.1,2055.39,0,11
162,33.1228,6.01812,-83.1205,189.509,0,11
162,33.0019,6.64938,-90.8983,140.697,0,11
162,31.7551,11.1783,195.908,291.562,0,11
162,31.3831,12.1835,303.16,648.109,0,11
162,31.0713,12.9581,82.7159,227.416,0,11
162,30.4925,14.2669,172.613,423.777,0,11
162,30.3654,14.5354,249.853,425.242,0,11
162,30.2873,14.6975,270.789,505.197,0,11
162,29.4896,16.2389,98.9364,490.927,0,11
162,29.1963,16.7605,160.653,367.474,0,11
162,29.1251,16.884,25.2403,603.785,0,11
162,28.8364,17.3725,-102.806,302.068,0,11
162,28.5282,17.874,221.619,966.693,0,11
162,28.4074,18.0655,-60.2597,238.445,0,11
162,28.1211,18.508,-60.0103,43.6356,0,11
162,27.7457,19.0661,254.498,383.041,0,11
162,27.624,19.242,219.796,1129.18,0,11
162,27.3297,19.6577,267.48,938.664,0,11
162,26.1392,21.2151,-99.1491,128.67,0,11
162,24.9048,22.6515,249.862,285.661,0,11
162,22.5884,24.962,280.364,185.449,0,11
162,21.7459,25.6993,237.585,718.683,0,11
162,21.1041,26.2289,142.338,455.111,0,11
162,20.5654,26.6534,259.137,161.462,0,11
162,19.6248,27.3534,222.448,438.569,0,11
162,19.7018,27.2979,237.195,664.699,0,11
162,19.2584,27.6126,-49.2352,3111.36,0,11
162,18.8015,27.9256,199.727,2570.03,0,11
162,17.3983,28.8208,118.757,1055.7,0,11
162,16.8627,29.1374,-16.2212,167.139,0,11
162,15.4077,29.9323,144.728,369.278,0,11
162,14.1408,30.5512,134.424,144.527,0,11
162,13.3061,30.9239,52.2091,458.849,0,11
162,12.9051,31.0934,239.749,1016.43,0,11
162,11.9989,31.4542,-33.2416,177.858,0,11
162,8.09283,32.6779,191.057,914.246,0,11
162,6.60979,33.0098,134.137,193.793,0,11
162,4.54691,33.3566,91.6457,1588.05,0,11
162,3.8014,33.4498,285.717,11059.4,0,11
162,3.72841,33.458,-79.5944,446.719,0,11
162,3.68149,33.4632,32.4029,1570.88,0,11
162,1.69988,33.6222,133.188,504.465,0,11
162,1.18998,33.6441,54.2208,211.034,0,11
162,0.637745,33.6591,-101.498,344.653,0,11
162,0.229434,33.6643,186.91,766.97,0,11
162,0.207457,33.6645,297.638,437.651,0,11
162,-2.85494,33.5438,254.89,236.306,0,11
162,-3.73723,33.457,283.677,221.428,0,11
162,-4.93213,33.3018,194.521,233.581,0,11
162,-5.17948,33.2643,290.951,490.496,0,11
162,-5.45901,33.2195,297.306,330.134,0,11
162,-5.6299,33.191,0.0582459,154.296,0,11
162,-6.33297,33.0641,126.387,734.811,0,11
162,-6.61467,33.0089,297.933,187.614,0,11
162,-10.9104,31.8481,-13.8296,314.219,0,11
162,-15.3427,29.9656,-93.6739,201.025,0,11
162,-16.5399,29.3219,272.793,2244.38,0,11
162,-20.3903,26.7876,284.077,549.003,0,11
162,-23.1302,24.4609,-60.097,218.698,0,11
162,-24.1674,23.4366,152.459,764.505,0,11
162,-25.0564,22.4837,263.257,335.296,0,11
162,-26.331,20.9766,215.838,143.216,0,11
162,-26.6675,20.5471,232.367,332.312,0,11
162,-28.0357,18.637,-84.8476,237.831,0,11
162,-28.2746,18.2725,-13.2838,80.7625,0,11
162,-28.5459,17.8457,92.3414,536.925,0,11
162,-28.7774,17.47,-13.3208,567.502,0,11
162,-29.0975,16.9315,285.134,710.614,0,11
162,-29.71,15.8322,-68.7841,3061.53,0,11
162,-29.9391,15.3944,-22.1756,379.77,0,11
162,-30.6488,13.928,250.534,1051.62,0,11
162,-31.4863,11.9145,-78.4212,303.024,0,11
162,-31.7709,11.1333,55.0935,406.523,0,11
162,-32.2642,9.6105,187.531,226.688,0,11
162,-32.444,8.98457,255.729,73.0914,0,11
162,-33.1804,5.69194,-71.3477,114.332,0,11
162,-33.1804,5.69194,264.598,178.677,0,11
162,-33.523,3.08976,253.758,404.771,0,11
162,-33.6274,1.59334,209.257,61.6591,0,11
162,-33.6272,-1.59706,-16.3531,2812.46,1,11
162,-33.6006,-2.0831,-258.686,2275.61,1,11
162,-33.5829,-2.35167,-151.011,622.271,1,11
162,-33.5543,-2.72884,104.907,459.835,1,11
162,-33.4442,-3.84994,-0.872861,1492.62,1,11
162,-33.308,-4.89017,44.5591,165.075,1,11
162,-33.2418,-5.32192,-147.204,18.1248,1,11
162,-32.9717,-6.79746,-248.116,12.0694,1,11
162,-32.7262,-7.89541,-119.534,136.433,1,11
162,-32.2358,-9.70514,-228.817,52.5341,1,11
162,-29.2945,-16.5884,88.9598,56.7982,1,11
162,-29.2945,-16.5884,76.2838,229.562,1,11
162,-29.0132,-17.0755,-83.1261,122.932,1,11
162,-28.8212,-17.3977,41.9898,111.85,1,11
162,-26.935,-20.1952,-239.085,40.1925,1,11
162,-24.9048,-22.6515,-256.176,46.6935,1,11
162,-24.5228,-23.0645,-9.51045,152.513,1,11
162,-23.1379,-24.4535,-301.873,340.541,1,11
162,-20.5491,-26.666,-252.436,404.663,1,11
162,-19.2601,-27.6114,43.4868,535.439,1,11
162,-18.213,-28.313,48.596,959.811,1,11
162,-16.7081,-29.2263,-305.22,639.863,1,11
162,-16.7909,-29.1788,-298.93,399.164,1,11
162,-15.7294,-29.7645,-242.274,420.195,1,11
162,-15.1429,-30.0671,-268.531,167.317,1,11
162,-14.3753,-30.4416,100.773,109.35,1,11
162,-12.793,-31.1397,-43.7457,322.535,1,11
162,-12.4434,-31.281,-298.172,314.54,1,11
162,-11.4997,-31.6401,46.0835,1179.85,1,11
162,-10.4959,-31.9871,68.3078,251.722,1,11
162,-10.1693,-32.0924,72.9095,260.429,1,11
162,-9.44343,-32.3135,63.2725,781.416,1,11
162,-9.34545,-32.3419,-94.3951,56.4821,1,11
162,-7.53499,-32.811,-56.5133,5990.24,1,11
162,-3.78595,-33.4515,-63.1518,179.193,1,11
162,-2.59786,-33.5647,-275.178,797.699,1,11
162,-0.11403,-33.6649,-191.689,455.05,1,11
162,0.732501,-33.6571,-279.178,1095.09,1,11
162,2.35048,-33.5829,-98.1322,457.682,1,11
162,4.02207,-33.424,49.1229,90.2788,1,11
162,6.79746,-32.9717,-285.673,59.3989,1,11
162,7.53035,-32.8121,-285.452,86.102,1,11
162,12.8831,-31.1025,-26.3936,100.295,1,11
162,13.5728,-30.8078,-207.15,77.7962,1,11
162,23.5524,-24.0546,-279.27,76.7374,1,11
162,24.1899,-23.4134,34.6142,736.276,1,11
162,26.6113,-20.6199,-47.6628,299.34,1,11
162,26.9368,-20.1928,-280.367,123.342,1,11
162,27.2649,-19.7475,-208.31,207.196,1,11
162,27.2802,-19.7263,-281.185,1198.6,1,11
162,30.0043,-15.2669,11.1676,92.744,1,11
162,30.4892,-14.2739,-43.2396,531.751,1,11
162,30.7906,-13.6118,47.2605,757.854,1,11
162,31.1698,-12.7195,-261.93,376.925,1,11
162,31.1759,-12.7044,-304.488,2023.75,1,11
162,31.2449,-12.5338,-289.287,518.532,1,11
162,32.1138,-10.1015,-49.2317,1073.48,1,11
162,32.2709,-9.58789,21.9199,513.445,1,11
162,32.3269,-9.39754,-225.521,1107.53,1,11
162,32.8271,-7.46475,25.6348,412.592,1,11
162,32.8031,-7.56931,20.8461,208.366,1,11
162,33.3621,-4.50639,-215.425,322.839,1,11
162,33.5053,-3.27644,-128.308,56.4438,1,11
162,33.6218,-1.70734,-191.491,92.7856,1,11
162,33.6628,-0.393805,-30.2302,256.075,1,11
162,33.552,2.75663,68.7195,51.3434,1,11
162,33.4695,3.62397,-139.282,235.309,1,11
162,33.4603,3.70798,-285.366,611.656,1,11
162,33.1726,5.73751,11.2367,540.753,1,11
162,33.1487,5.87391,-263.015,695.568,1,11
162,33.1537,5.84582,-305.627,463.447,1,11
162,33.1341,5.95547,-173.499,415.843,1,11
162,32.7642,7.73583,58.9619,594.028,1,11
162,31.2251,12.583,-19.9618,3571.63,1,11
162,30.5501,14.1432,-220.028,294.319,1,11
162,29.4614,16.2901,-275.936,502.672,1,11
162,29.4389,16.3306,41.5054,916.157,1,11
162,28.7762,17.472,-269.456,1023.08,1,11
162,27.5543,19.3416,-50.4997,720.49,1,11
162,27.1906,19.8497,-108.191,1757.48,1,11
162,27.1109,19.9585,-265.471,180.944,1,11
162,26.6374,20.5861,-149.702,186.83,1,11
162,25.6478,21.8066,-114.961,313.578,1,11
162,24.7214,22.8516,-285.622,226.442,1,11
162,24.4574,23.1338,54.079,364.007,1,11
162,23.4348,24.1692,-273.538,442.467,1,11
162,22.9273,24.6512,-159.672,956.817,1,11
162,22.7088,24.8525,-144.54,546.281,1,11
162,22.7481,24.8165,-263.755,283.162,1,11
162,22.642,24.9134,-38.6288,2680.59,1,11
162,20.6328,26.6013,-234.775,485.164,1,11
162,20.0239,27.0625,-282.228,240.619,1,11
162,19.9973,27.0822,-285.282,777.794,1,11
162,18.7469,27.9624,-296.792,371.008,1,11
162,18.4709,28.1454,56.1503,222.167,1,11
162,15.1759,30.0505,31.3312,245.094,1,11
162,13.279,30.9355,-256.542,1098.24,1,11
162,10.4939,31.9878,-105.827,239.72,1,11
162,9.70516,32.2358,90.8706,34.314,1,11
162,9.46888,32.306,-72.9167,201.529,1,11
162,5.79792,33.1621,-126.698,3256.72,1,11
162,5.49051,33.2144,-248.071,191.884,1,11
162,2.27234,33.5883,-262.797,2154.35,1,11
162,1.42963,33.6347,-297.051,335.399,1,11
162,-2.81368,33.5473,-101.496,525.857,1,11
162,-6.79746,32.9717,75.9861,33.1542,1,11
162,-9.81391,32.2029,20.5371,141.598,1,11
162,-10.9885,31.8212,-72.5827,1168.76,1,11
162,-11.2518,31.7291,-297.429,738.144,1,11
162,-11.3214,31.7043,-156.928,976.551,1,11
162,-12.1654,31.3901,-267.273,156.782,1,11
162,-13.0151,31.0475,-279.3,489.845,1,11
162,-13.0561,31.0303,-228.702,813.664,1,11
162,-13.9806,30.6249,-188.198,835.09,1,11
162,-14.8389,30.2183,52.7266,144.355,1,11
162,-15.1224,30.0774,-15.7344,245.875,1,11
162,-15.317,29.9788,-80.2317,303.879,1,11
162,-15.8917,29.6782,-257.777,551.109,1,11
162,-16.2864,29.4634,9.03559,274.218,1,11
162,-17.8555,28.5398,32.8738,394.302,1,11
162,-18.2278,28.3035,-129.804,811.217,1,11
162,-20.0667,27.0309,-21.7921,455.458,1,11
162,-20.3252,26.837,-39.5812,384.123,1,11
162,-22.9958,24.5872,-289.595,750.691,1,11
162,-23.4293,24.1746,-7.89595,712.429,1,11
162,-24.1733,23.4305,-149.949,154.242,1,11
162,-25.6299,21.8276,-285.576,879.808,1,11
162,-25.8689,21.5439,79.4489,437.987,1,11
162,-26.6176,20.6117,-141.38,62.7097,1,11
162,-28.1898,18.4031,-60.0159,180.979,1,11
162,-28.356,18.146,-292.36,267.395,1,11
162,-29.5107,16.2006,-269.321,1548.7,1,11
162,-29.8324,15.6002,-34.2948,307.259,1,11
162,-30.4187,14.4236,-91.4094,257.291,1,11
162,-30.7801,13.6355,-279.004,284.725,1,11
162,-30.8293,13.5238,-84.3149,589.893,1,11
162,-31.2317,12.5667,-281.715,734.346,1,11
162,-31.6049,11.596,-155.943,1792.57,1,11
162,-31.8392,10.9364,-93.4345,290.231,1,11
162,-31.9376,10.6455,-244.137,322.066,1,11
162,-32.3419,9.34544,-305.152,68.5099,1,11
162,-32.444,8.98457,-305.305,244.748,1,11
162,-32.5896,8.44119,-59.3937,127.129,1,11
162,-32.9717,6.79749,91.2258,977.537,1,11
162,-33.6274,1.59335,-1.54709,252.841,1,11
162,-33.665,0.0937765,-62.6284,57.4267,1,11
162,-34.0138,-3.90096,254.974,301.12,0,12
162,-32.8691,-9.58019,-32.6689,873.543,0,12
162,-31.7879,-12.7156,291.644,773.724,0,12
162,-31.551,-13.2927,-61.2313,826.966,0,12
162,-31.4963,-13.4216,150.442,822.095,0,12
162,-31.0997,-14.3167,175.307,561.054,0,12
162,-31.0601,-14.4024,295.879,627.53,0,12
162,-30.8616,-14.823,-17.4265,350.15,0,12
162,-30.752,-15.049,182.57,273.092,0,12
162,-30.0661,-16.3764,50.9457,209.589,0,12
162,-29.6657,-17.091,266.223,1006.1,0,12
162,-28.958,-18.2646,68.9834,389.864,0,12
162,-28.5494,-18.8969,99.3314,727.604,0,12
162,-28.489,-18.9878,-75.5367,1647.15,0,12
162,-28.4933,-18.9813,-72.852,11.4536,0,12
162,-27.7318,-20.0776,46.8256,52.7605,0,12
162,-27.7318,-20.0776,109.16,1902.89,0,12
162,-27.7317,-20.0776,163.631,70.2497,0,12
162,-27.5064,-20.3853,20.674,45.2377,0,12
162,-27.5064,-20.3853,46.5547,34.2116,0,12
162,-27.2776,-20.6904,20.5598,79.9976,0,12
162,-27.2776,-20.6904,44.3623,27.5087,0,12
162,-27.2776,-20.6904,46.5217,38.0609,0,12
162,-27.0454,-20.993,20.2536,29.1664,0,12
162,-27.0454,-20.993,43.9697,384.813,0,12
162,-25.3819,-22.9765,-34.9747,374.753,0,12
162,-25.0695,-23.3169,108.342,59.6974,0,12
162,-24.8176,-23.5848,-33.6032,359.682,0,12
162,-24.5288,-23.885,-55.4217,1259.95,0,12
162,-23.8749,-24.5387,67.7562,316.896,0,12
162,-23.0422,-25.3222,-47.7248,859.822,0,12
162,-22.7202,-25.6115,227.659,1718.75,0,12
162,-22.0772,-26.1678,261.496,634.147,0,12
162,-21.3473,-26.7666,10.9024,304.158,0,12
162,-17.7332,-29.2864,187.027,506.668,0,12
162,-17.6609,-29.33,255.016,1198.5,0,12
162,-16.5391,-29.9769,288.593,491.099,0,12
162,-14.771,-30.8865,51.312,410.971,0,12
162,-13.2218,-31.5807,288.08,240.734,0,12
162,-12.8761,-31.7233,43.6789,429.604,0,12
162,-12.4808,-31.8809,81.2489,529.368,0,12
162,-8.39228,-33.1923,143.559,776.472,0,12
162,-8.03235,-33.2812,243.362,338.188,0,12
162,-6.80714,-33.5533,293.768,192.339,0,12
162,-3.68472,-34.0379,120.659,101.034,0,12
162,-2.87638,-34.1158,-30.8882,572.165,0,12
162,-2.87828,-34.1156,275.301,793.737,0,12
162,-2.7504,-34.1261,292.785,404.924,0,12
162,-1.04169,-34.2209,-39.777,395.94,0,12
162,-1.15066,-34.2175,285.295,193.545,0,12
162,-0.310582,-34.2354,-18.2013,606.412,0,12
162,0.198102,-34.2362,-84.6429,445.123,0,12
162,1.14098,-34.2178,-92.7415,146.978,0,12
162,4.71662,-33.9104,243.661,1173.4,0,12
162,5.30036,-33.824,-43.758,628.072,0,12
162,5.80019,-33.7419,-82.6553,251.646,0,12
162,6.56594,-33.6013,-71.8074,1108.29,0,12
162,9.1981,-32.9781,108.66,326.571,0,12
162,9.53796,-32.8814,301.125,285.905,0,12
162,11.0421,-32.4072,193.895,251.057,0,12
162,11.3335,-32.3065,71.2192,2018.05,0,12
162,11.2272,-32.3436,228.612,54.1992,0,12
162,11.6157,-32.2061,147.1,296.121,0,12
162,11.9042,-32.1006,269.686,216.302,0,12
162,12.6626,-31.8091,-17.6159,732.753,0,12
162,12.6807,-31.8018,293.255,520.439,0,12
162,14.9327,-30.8087,137.426,363.777,0,12
162,15.6606,-30.4451,291.361,862.11,0,12
162,16.363,-30.0734,64.5921,795.036,0,12
162,16.9811,-29.7288,-22.4532,274.347,0,12
162,17.3579,-29.5103,227.831,595.076,0,12
162,18.9772,-28.4961,113.971,661.282,0,12
162,18.8638,-28.5713,293.075,568.194,0,12
162,22.7477,-25.5871,109.482,210.43,0,12
162,23.2169,-25.1622,110.769,867.928,0,12
162,23.542,-24.8583,-60.3323,351.057,0,12
162,24.7407,-23.6655,265.695,370.429,0,12
162,24.8616,-23.5385,161.27,403.464,0,12
162,25.3906,-22.9669,78.5184,1091.95,0,12
162,26.412,-21.7845,301.364,357.85,0,12
162,27.2354,-20.7459,129.945,487.551,0,12
162,28.2015,-19.4122,297.225,542.569,0,12
162,28.4101,-19.1056,71.1081,915.918,0,12
162,29.2898,-17.7275,34.2803,907.646,0,12
162,29.8135,-16.8319,230.99,668.739,0,12
162,29.8663,-16.738,241.304,345.129,0,12
162,30.0863,-16.3392,-73.4188,199.731,0,12
162,31.1615,-14.1816,3.75518,156.677,0,12
162,31.8783,-12.4873,-61.4289,421.914,0,12
162,32.0391,-12.0687,53.8151,1254.75,0,12
162,32.918,-9.41068,-103.069,193.343,0,12
162,33.2321,-8.23335,274.727,1038.14,0,12
162,33.8697,-4.99996,73.0708,622.304,0,12
162,34.0917,-3.1482,-33.5931,644.137,0,12
162,34.1172,-2.85967,-98.7618,263.612,0,12
162,34.2307,-0.648107,144.432,223.078,0,12
162,34.2117,1.31009,-35.111,310.626,0,12
162,34.1981,1.62647,47.4932,1417.4,0,12
162,34.1753,2.05148,-56.0507,475.25,0,12
162,34.1454,2.50024,136.084,155.006,0,12
162,34.0635,3.44054,232.75,479.869,0,12
162,33.6773,6.16413,-83.8166,130.524,0,12
162,33.5528,6.80958,-91.7325,106.148,0,12
162,33.4509,7.29373,222.198,722.289,0,12
162,31.894,12.4473,302.237,247.752,0,12
162,31.2001,14.0966,-75.474,394.429,0,12
162,30.9344,14.6704,248.487,66.0637,0,12
162,30.8458,14.8559,269.451,231.2,0,12
162,30.7702,15.0117,172.743,309.616,0,12
162,30.4431,15.6645,39.7925,361.391,0,12
162,30.5813,15.393,305.57,439.091,0,12
162,29.572,17.2527,23.5927,302.427,0,12
162,29.5234,17.3357,160.018,157.028,0,12
162,29.3686,17.5968,-104.145,474.887,0,12
162,29.0166,18.1713,40.6854,391.497,0,12
162,28.6136,18.7995,-29.5039,84.0096,0,12
162,28.3698,19.1654,253.945,627.124,0,12
162,28.3365,19.2146,-40.3054,593.819,0,12
162,28.1158,19.5361,219.508,2561.71,0,12
162,27.1382,20.8729,99.4793,297.811,0,12
162,26.5841,21.5742,-21.457,2251.84,0,12
162,23.8392,24.5733,209.288,394.261,0,12
162,23.0149,25.3471,279.475,247.025,0,12
162,22.2633,26.0097,44.0452,480.505,0,12
162,22.1634,26.0949,236.248,120.861,0,12
162,21.0673,26.9876,258.028,241.557,0,12
162,19.6331,28.0482,-49.3484,3467.64,0,12
162,19.6114,28.0634,242.356,344,0,12
162,18.6519,28.71,49.4775,209.312,0,12
162,17.6308,29.3481,117.881,1302.72,0,12
162,15.0355,30.7586,203.222,1088.58,0,12
162,14.6195,30.9585,133.757,64.7049,0,12
162,12.1133,32.0223,-33.899,285.663,0,12
162,11.5284,32.2375,58.6046,733.436,0,12
162,7.52773,33.399,221.595,115.03,0,12
162,6.55876,33.6027,133.314,133.293,0,12
162,6.50177,33.6138,170.721,112.09,0,12
162,6.19263,33.6721,-96.9104,111.994,0,12
162,4.58752,33.9281,90.0854,1649.73,0,12
162,4.01452,34.0006,286.574,10736.5,0,12
162,3.91709,34.012,-80.1763,289.775,0,12
162,1.81204,34.1888,132.443,1299.06,0,12
162,0.524152,34.2328,-101.928,158.523,0,12
162,-0.744267,34.2287,148.847,272.443,0,12
162,-1.94121,34.1817,98.4793,356.392,0,12
162,-2.90788,34.1131,254.18,272.592,0,12
162,-3.99195,34.0033,282.963,316.209,0,12
162,-4.52751,33.9361,194.238,603.277,0,12
162,-5.85024,33.7333,-0.696612,252.808,0,12
162,-5.71284,33.7568,296.749,170.167,0,12
162,-5.95937,33.7142,291.017,580.752,0,12
162,-7.03318,33.5066,296.685,314.881,0,12
162,-9.61646,32.8585,-48.9055,114.963,0,12
162,-10.2867,32.6549,267.628,256.479,0,12
162,-11.0222,32.414,-15.2719,891.455,0,12
162,-12.2131,31.9843,-102.17,2159.38,0,12
162,-14.7126,30.9144,304.941,501.076,0,12
162,-16.4702,30.0148,273.351,178.405,0,12
162,-18.3804,28.8846,53.5258,372.499,0,12
162,-20.6971,27.2725,65.7118,157.383,0,12
162,-21.005,27.036,282.012,464.897,0,12
162,-23.5032,24.895,-60.9332,206.497,0,12
162,-25.5828,22.7526,262.332,38.3018,0,12
162,-26.1708,22.0737,-60.0713,216.395,0,12
162,-26.2638,21.963,-26.898,155.494,0,12
162,-27.0692,20.9622,231.082,423.135,0,12
162,-28.3993,19.1216,-85.6443,358.788,0,12
162,-28.4282,19.0787,300.006,115.193,0,12
162,-29.1182,18.0079,-105.5,137,0,12
162,-29.2917,17.7243,-14.1669,1045.25,0,12
162,-29.5344,17.3169,284.431,489.154,0,12
162,-30.175,16.175,-68.618,2954.55,0,12
162,-30.5952,15.3653,-22.0463,257.077,0,12
162,-31.0512,14.4217,287.128,168.452,0,12
162,-31.198,14.1011,249.113,2174.88,0,12
162,-32.266,11.4482,55.3133,213.251,0,12
162,-32.3239,11.2837,206.534,2932.29,0,12
162,-32.3936,11.082,1.71027,421.499,0,12
162,-32.7583,9.95253,186.969,239.756,0,12
162,-32.995,9.13714,254.052,12.0816,0,12
162,-33.1431,8.58454,58.8666,58.2252,0,12
162,-33.7439,5.7886,-71.8864,186.058,0,12
162,-33.7439,5.7886,-21.01,157.609,0,12
162,-33.7439,5.7886,264.957,57.2219,0,12
162,-34.1783,2.00128,127.011,76.7962,0,12
162,-34.2367,-0.0953384,-3.54335,160.766,1,12
162,-34.2225,-0.990208,-65.614,88.5271,1,12
162,-34.189,-1.80844,-14.311,858.414,1,12
162,-34.1692,-2.15032,-150.504,1613.31,1,12
162,-34.0204,-3.84321,1.34095,1365.27,1,12
162,-33.1431,-8.5845,-100.988,28.0971,1,12
162,-32.8377,-9.68718,-272.708,13.2347,1,12
162,-29.3106,-17.6931,42.1167,310.144,1,12
162,-24.6764,-23.7325,-8.83488,32.1787,1,12
162,-23.3112,-25.0748,-301.504,362.596,1,12
162,-20.888,-27.1265,-251.023,631.848,1,12
162,-19.6018,-28.0701,44.3401,593.258,1,12
162,-17.1878,-29.6098,-305.065,442.31,1,12
162,-17.103,-29.6588,-298.161,234.018,1,12
162,-16.0339,-30.2502,-241.158,104.967,1,12
162,-13.2474,-31.57,-42.5178,799.933,1,12
162,-13.0713,-31.6433,-297.655,749.463,1,12
162,-11.7751,-32.1482,46.6662,1788.19,1,12
162,-11.697,-32.1767,-74.7376,380.802,1,12
162,-11.3206,-32.311,-305.78,49.0356,1,12
162,-10.2724,-32.6594,73.6596,220.67,1,12
162,-10.3672,-32.6294,68.7946,479.637,1,12
162,-9.80572,-32.8025,63.8383,51.3031,1,12
162,-9.33473,-32.9397,-95.1954,578.029,1,12
162,-4.67977,-33.9155,-273.232,5580.68,1,12
162,-3.90099,-34.0138,-62.2256,52.4063,1,12
162,-3.39819,-34.0677,101.291,312.329,1,12
162,-2.80601,-34.1216,-275.083,2793.97,1,12
162,0.5294,-34.2327,-249.509,231.446,1,12
162,0.609812,-34.2314,-278.54,1589.62,1,12
162,2.23825,-34.1636,-97.9319,511.299,1,12
162,2.87191,-34.1161,-289.513,756.394,1,12
162,3.20973,-34.086,-300.454,208.989,1,12
162,4.04303,-33.9972,49.8061,234.561,1,12
162,4.05412,-33.9959,-90.2356,163.661,1,12
162,7.09956,-33.4926,-285.718,131.445,1,12
162,13.1018,-31.6307,-25.9795,71.9169,1,12
162,20.993,-27.0454,-277.111,58.5515,1,12
162,20.993,-27.0454,-288.333,263.268,1,12
162,23.7325,-24.6764,-278.436,69.4716,1,12
162,25.3918,-22.9655,-205.621,215.602,1,12
162,26.9318,-21.1385,-47.0909,469.618,1,12
162,27.8431,-19.9228,-261.26,36.0987,1,12
162,30.9344,-14.6704,-42.9426,177.17,1,12
162,31.2866,-13.9035,47.2967,1748.96,1,12
162,31.659,-13.0332,-303.906,1188.66,1,12
162,31.6548,-13.0434,-261.115,378.586,1,12
162,31.8538,-12.5498,-287.924,403.551,1,12
162,32.6141,-10.4152,-48.0419,297.946,1,12
162,32.849,-9.64895,-223.462,799.591,1,12
162,33.2481,-8.16847,-301.724,252.617,1,12
162,33.4131,-7.4648,-268.888,796.829,1,12
162,33.3986,-7.52953,26.8934,1367.27,1,12
162,33.7062,-6.00438,-185.825,366.687,1,12
162,33.9447,-4.4624,-214.346,340.447,1,12
162,34.1804,-1.96414,-191.529,289.186,1,12
162,34.2316,-0.594161,-28.8916,416.026,1,12
162,34.1029,3.02454,67.7024,525.54,1,12
162,34.0239,3.81233,-138.499,281.09,1,12
162,34.0281,3.77448,-284.874,1212.18,1,12
162,33.7217,5.91675,100.804,1405.24,1,12
162,33.7275,5.88338,11.5825,422.997,1,12
162,33.711,5.97693,-305.132,377.532,1,12
162,33.7,6.03894,-172.487,529.521,1,12
162,33.695,6.06682,-261.348,1040.6,1,12
162,33.3108,7.90891,59.7551,322.223,1,12
162,32.8754,9.55857,72.8381,170.574,1,12
162,31.7415,12.831,-18.165,2333.31,1,12
162,30.9854,14.5624,-62.7105,525.568,1,12
162,31.008,14.5141,-218.395,855.913,1,12
162,29.9172,16.6468,43.0891,393.641,1,12
162,29.8314,16.8001,-34.7956,265.355,1,12
162,29.3041,17.7039,-268.575,289.117,1,12
162,28.7409,18.6043,54.2395,794.373,1,12
162,28.0679,19.6048,-49.7052,165.973,1,12
162,27.6229,20.227,-264.499,470.671,1,12
162,27.0579,20.9768,-148.923,131.837,1,12
162,26.096,22.162,-113.66,1511.69,1,12
162,25.8245,22.4778,102.621,397.204,1,12
162,25.1032,23.2807,-284.756,210.843,1,12
162,23.7955,24.6157,-272.747,975.022,1,12
162,23.1503,25.2234,-157.662,1628.95,1,12
162,23.0438,25.3208,-39.0137,2187.1,1,12
162,22.9845,25.3746,-144.095,816.079,1,12
162,22.0921,26.1553,23.3775,672.739,1,12
162,21.632,26.5371,-20.5971,269.67,1,12
162,20.8782,27.1341,-234.304,161.542,1,12
162,20.4674,27.4453,-281.462,313.584,1,12
162,20.3645,27.5217,-284.414,305.288,1,12
162,19.0333,28.4586,-296.024,318.422,1,12
162,18.8913,28.5531,56.5588,451.079,1,12
162,16.2986,30.1084,32.1495,661.826,1,12
162,16.3773,30.0656,40.6427,472.717,1,12
162,13.8058,31.3298,-31.1594,361.55,1,12
162,13.6601,31.3937,-255.324,592.6,1,12
162,10.6042,32.5532,-105.033,381.32,1,12
162,5.93766,33.718,-127.029,3336.73,1,12
162,5.54199,33.7853,-246.871,726.092,1,12
162,2.15655,34.1688,-261.239,405.883,1,12
162,1.56506,34.201,-296.342,229.893,1,12
162,0.286068,34.2356,-42.4224,152.408,1,12
162,-3.16578,34.0901,-99.6891,814.68,1,12
162,-4.37668,33.9559,73.7,39.1526,1,12
162,-7.09956,33.4926,76.5925,261.103,1,12
162,-11.2659,32.3301,-296.795,1186.47,1,12
162,-11.4753,32.2564,-156.693,1067.93,1,12
162,-12.7282,31.7829,-299.34,479.874,1,12
162,-13.2853,31.5541,-278.329,333.445,1,12
162,-13.6775,31.3861,87.4208,230.648,1,12
162,-14.0626,31.2154,-186.884,741.288,1,12
162,-14.7503,30.8964,42.1198,362.044,1,12
162,-15.4744,30.5402,-13.7719,593.013,1,12
162,-15.5495,30.502,-79.8306,131.343,1,12
162,-16.0656,30.2334,-256.171,461.599,1,12
162,-18.4651,28.8305,33.57,246.603,1,12
162,-19.4734,28.1593,-139.388,212.622,1,12
162,-20.4547,27.4548,-20.1761,420.775,1,12
162,-20.852,27.1542,94.7591,197.855,1,12
162,-21.269,26.8289,100.129,692.614,1,12
162,-23.2931,25.0916,-288.815,94.0864,1,12
162,-23.9525,24.463,-6.78172,125.242,1,12
162,-24.7134,23.694,-304.397,230.177,1,12
162,-26.3288,21.885,80.2853,230.516,1,12
162,-26.9887,21.0658,-141.011,181.891,1,12
162,-28.5791,18.8518,-290.719,1360.52,1,12
162,-28.7861,18.5343,-59.2187,404.53,1,12
162,-30.2384,16.056,-33.5864,1240.4,1,12
162,-30.2543,16.0262,-269.019,566.893,1,12
162,-31.0129,14.5038,-91.7701,2962.33,1,12
162,-31.2979,13.878,-82.6848,1067.96,1,12
162,-31.3465,13.768,-278.137,256.11,1,12
162,-32.4512,10.9122,-242.897,476.862,1,12
162,-32.5708,10.5498,73.6966,947.459,1,12
162,-32.8416,9.67423,-304.834,607.758,1,12
162,-33.1431,8.58454,80.2215,47.2497,1,12
162,-33.1431,8.58454,-58.4122,93.9692,1,12
162,-33.7439,5.7886,-27.1736,196.884,1,12
162,-33.7439,5.78861,-146.356,13.1126,1,12
162,-34.2367,0.0953705,-3.4178,277.132,1,12
162,-34.8075,-0.17476,209.212,327.665,0,13
162,-34.8013,-0.678541,209.108,14.0416,0,13
162,-34.7807,-1.37557,116.375,1044.43,0,13
162,-34.687,-2.89814,258.852,209.083,0,13
162,-34.6307,-3.50777,301.579,234.3,0,13
162,-34.6031,-3.76992,254.12,738.31,0,13
162,-34.5798,-3.9782,152.528,128.774,0,13
162,-34.1726,-6.62018,272.591,414.744,0,13
162,-34.1334,-6.819,-95.7986,652.707,0,13
162,-33.9158,-7.82997,47.0285,298.352,0,13
162,-33.3338,-10.0222,-33.2544,355.851,0,13
162,-32.1817,-13.2637,291.921,1690.76,0,13
162,-31.9959,-13.7059,-62.0367,502.696,0,13
162,-31.9323,-13.8533,148.747,1904.61,0,13
162,-31.8003,-14.1538,-56.67,161.123,0,13
162,-31.6159,-14.561,295.482,308.608,0,13
162,-31.5706,-14.659,174.819,454.503,0,13
162,-31.395,-15.0315,-17.6199,187.999,0,13
162,-31.245,-15.3408,181.663,156.828,0,13
162,-30.3031,-17.1264,265.663,1468.9,0,13
162,-28.9677,-19.2992,98.251,978.52,0,13
162,-28.9583,-19.3135,-76.8971,1089.77,0,13
162,-28.3076,-20.2551,108.494,683.962,0,13
162,-26.2648,-22.8419,120.841,491.514,0,13
162,-25.9971,-23.146,-34.7614,532.146,0,13
162,-25.3055,-23.9002,107.371,540.856,0,13
162,-25.0942,-24.122,-34.3667,657.068,0,13
162,-24.1873,-25.0313,67.2597,1541.98,0,13
162,-23.5333,-25.6471,-87.6905,168.132,0,13
162,-23.7058,-25.4877,204.2,62.5807,0,13
162,-23.4812,-25.6948,-49.7677,490.308,0,13
162,-23.1201,-26.0202,226.6,659.358,0,13
162,-22.7889,-26.3108,259.857,194.483,0,13
162,-21.4535,-27.4106,9.82757,213.652,0,13
162,-17.9413,-29.8278,186.177,257.895,0,13
162,-17.628,-30.014,288.573,562.959,0,13
162,-16.7507,-30.5124,168.808,252.767,0,13
162,-15.3271,-31.2517,49.7956,168.923,0,13
162,-13.3463,-32.1476,287.359,1098.23,0,13
162,-12.9545,-32.3074,43.1462,259.553,0,13
162,-9.47627,-33.4931,42.1988,186.991,0,13
162,-8.36526,-33.7878,143.049,673.664,0,13
162,-8.26632,-33.8121,241.742,697.784,0,13
162,-7.63134,-33.961,296.478,250.339,0,13
162,-7.19334,-34.0565,293.968,1197.86,0,13
162,-3.89159,-34.5897,274.99,364.337,0,13
162,-3.84112,-34.5953,119.813,215.703,0,13
162,-3.28331,-34.6527,-54.2533,668.438,0,13
162,-2.1442,-34.7418,200.486,167.164,0,13
162,-1.62571,-34.7699,-102.007,832.89,0,13
162,-1.45374,-34.7775,-39.9544,29.1404,0,13
162,-1.40435,-34.7796,284.652,412.491,0,13
162,-0.244728,-34.807,-83.9581,273.306,0,13
162,1.05684,-34.7919,-93.5742,253.883,0,13
162,4.89565,-34.4619,242.459,644.675,0,13
162,5.20605,-34.4164,-44.0555,211.148,0,13
162,6.34826,-34.2241,-71.8445,288.787,0,13
162,7.33579,-34.0261,162.415,668.588,0,13
162,9.61997,-33.4521,299.932,1285.83,0,13
162,10.5901,-33.1578,192.178,97.2939,0,13
162,10.7056,-33.1207,305.668,270.063,0,13
162,11.252,-32.9391,193.54,335.174,0,13
162,11.756,-32.7626,69.0067,1042.18,0,13
162,11.9348,-32.6979,31.5321,305.284,0,13
162,12.1875,-32.6045,268.804,93.3197,0,13
162,12.9613,-32.3047,-17.6808,153.843,0,13
162,15.2529,-31.288,136.682,1048.02,0,13
162,15.8691,-30.98,35.4062,1264.42,0,13
162,15.8732,-30.9779,290.634,1035.46,0,13
162,16.67,-30.5565,93.038,531.478,0,13
162,16.7015,-30.5393,63.5319,35.3451,0,13
162,17.3598,-30.17,-23.188,106.375,0,13
162,17.7653,-29.933,225.929,1099.99,0,13
162,18.814,-29.2852,113.843,736.728,0,13
162,19.1335,-29.0775,292.046,353.332,0,13
162,19.1641,-29.0573,298.307,96.6241,0,13
162,19.4493,-28.8672,296.936,154.716,0,13
162,21.8407,-27.103,159.067,446.679,0,13
162,23.2439,-25.9097,108.913,505.786,0,13
162,23.9719,-25.2376,-61.1507,486.44,0,13
162,25.4648,-23.7305,160.529,384.793,0,13
162,25.8574,-23.3021,77.3618,684.741,0,13
162,26.6345,-22.4096,195.239,152.379,0,13
162,26.78,-22.2356,300.765,444.892,0,13
162,27.665,-21.1243,129.391,221.957,0,13
162,28.617,-19.8156,296.428,337.989,0,13
162,28.7894,-19.5642,174.733,836.573,0,13
162,28.8646,-19.4532,70.6487,256.417,0,13
162,30.3004,-17.1311,229.151,511.565,0,13
162,30.3839,-16.9825,240.401,163.896,0,13
162,31.6711,-14.4407,2.86792,385.481,0,13
162,32.4017,-12.7169,-62.1527,459.538,0,13
162,32.5802,-12.2522,53.1865,1141.58,0,13
162,33.4138,-9.75227,-66.1877,2846.59,0,13
162,33.7924,-8.34636,273.537,5217.54,0,13
162,34.4267,-5.13758,72.2939,1161.38,0,13
162,34.564,-4.11346,-56.3473,531.176,0,13
162,34.6806,-2.97392,-99.6078,267.474,0,13
162,34.7083,-2.63082,33.3165,233.473,0,13
162,34.7859,1.23778,-36.3725,395.038,0,13
162,34.7696,1.63341,47.1459,1179.09,0,13
162,34.7402,2.17066,-57.0465,225.261,0,13
162,34.7203,2.46737,145.305,287.107,0,13
162,34.7041,2.68579,135.678,760.626,0,13
162,34.6277,3.53772,231.41,546.328,0,13
162,34.3871,5.39608,176.649,1028.56,0,13
162,34.0943,7.01181,-92.7135,210.511,0,13
162,34.0186,7.37045,222.802,202.372,0,13
162,33.1306,10.675,195.776,277.654,0,13
162,32.4104,12.6947,301.318,356.039,0,13
162,32.1386,13.3679,82.1109,293.001,0,13
162,31.835,14.0757,-75.9835,403.439,0,13
162,31.4844,14.8433,246.688,301.172,0,13
162,31.4056,15.0092,268.147,423.875,0,13
162,31.1338,15.5651,39.503,1470.83,0,13
162,30.9911,15.8475,304.938,542.562,0,13
162,30.2358,17.245,98.7703,289.757,0,13
162,30.0376,17.5878,21.983,334.63,0,13
162,29.9307,17.7691,-105.386,108.096,0,13
162,29.448,18.5581,-59.8054,117.473,0,13
162,29.0776,19.1333,-29.9978,224.633,0,13
162,28.1665,20.4509,265.964,908.251,0,13
162,27.6966,21.0829,99.1773,251.3,0,13
162,27.2343,21.6767,-22.2478,7163.13,0,13
162,25.6194,23.5635,247.692,14.1894,0,13
162,25.0881,24.1284,209.299,85.7041,0,13
162,24.8177,24.4064,209.108,14.0277,0,13
162,23.4518,25.7216,278.14,923.049,0,13
162,22.5927,26.4795,234.721,811.946,0,13
162,21.8735,27.0766,141.605,342.505,0,13
162,21.4772,27.392,257.068,260.626,0,13
162,19.2744,28.9842,199.796,1803.82,0,13
162,19.1035,29.0972,49.3843,59.5099,0,13
162,17.6688,29.9901,-16.2989,757.784,0,13
162,17.753,29.9403,116.599,233.154,0,13
162,15.856,30.9867,144.435,88.8407,0,13
162,15.1831,31.3219,202.935,796.946,0,13
162,13.8553,31.9315,50.2114,595.255,0,13
162,12.9905,32.293,239.185,496.269,0,13
162,6.37362,34.2194,132.577,120.89,0,13
162,6.328,34.2279,170.389,305.599,0,13
162,4.27008,34.545,286.019,9363.59,0,13
162,3.60529,34.6207,30.0247,1202.34,0,13
162,1.94704,34.7534,131.58,324.867,0,13
162,1.46674,34.777,53.7331,117.787,0,13
162,0.046335,34.8079,296.495,108.461,0,13
162,-0.736994,34.8001,148,745.261,0,13
162,-3.0021,34.6782,253.146,253.878,0,13
162,-4.1547,34.5591,282.101,647.443,0,13
162,-6.00268,34.2864,-1.57688,509.216,0,13
162,-5.94106,34.2971,296.359,82.3556,0,13
162,-6.25466,34.2413,126.108,1226.1,0,13
162,-6.66869,34.1631,291.059,751.336,0,13
162,-7.28833,34.0363,295.827,113.931,0,13
162,-10.9528,33.0398,267.144,159.166,0,13
162,-11.1126,32.9864,-16.3683,172.985,0,13
162,-12.3916,32.5275,-102.148,349.435,0,13
162,-15.9677,30.9293,-93.8851,939.946,0,13
162,-16.6536,30.5655,272.39,2321.23,0,13
162,-18.6125,29.4137,53.1815,562.523,0,13
162,-20.9289,27.8132,65.8032,293.924,0,13
162,-21.5805,27.3107,280.507,1076.86,0,13
162,-23.8057,25.3944,-62.3208,574.374,0,13
162,-26.2388,22.8717,261.384,1376.21,0,13
162,-26.6732,22.3636,-26.956,71.6037,0,13
162,-26.91,22.0781,-59.8206,240.347,0,13
162,-27.3901,21.4796,215.441,162.261,0,13
162,-27.4282,21.4309,228.829,751.536,0,13
162,-28.7328,19.6473,-86.3122,150.485,0,13
162,-28.7528,19.6181,300.278,1278.38,0,13
162,-29.2869,18.8113,-13.5893,78.4022,0,13
162,-29.5508,18.394,-105.5,143,0,13
162,-29.5602,18.379,91.9675,535.289,0,13
162,-29.7978,17.9911,-15.6152,851.648,0,13
162,-29.9385,17.7561,283.497,216.415,0,13
162,-30.6388,16.5184,-68.4383,2305.65,0,13
162,-30.6635,16.4724,-65.22,27,0,13
162,-31.5242,14.7586,286.4,255.975,0,13
162,-31.7979,14.1592,247.499,900.265,0,13
162,-32.6281,12.1244,-80.2418,133.382,0,13
162,-32.7901,11.679,206.598,2040.71,0,13
162,-32.8818,11.4182,291.15,208.613,0,13
162,-32.9738,11.1499,1.99879,353.54,0,13
162,-33.7279,8.6035,132.332,317.332,0,13
162,-33.9299,7.76846,-67.7572,165.303,0,13
162,-34.301,5.91887,-72.7919,458.148,0,13
162,-34.4477,4.9945,97.0696,481.449,0,13
162,-34.4752,4.80079,12.7972,284.018,0,13
162,-34.4734,4.81373,236.76,386.373,0,13
162,-34.6268,3.54589,-75.1745,520.346,0,13
162,-34.6557,3.25155,223.204,563.72,0,13
162,-34.6578,3.22858,250.919,592.855,0,13
162,-34.7605,-1.81577,-150.163,427.531,1,13
162,-34.7502,-2.00317,-12.8509,215.012,1,13
162,-34.7328,-2.28547,-256.773,1133.73,1,13
162,-34.6883,-2.88287,105.462,186.553,1,13
162,-34.5942,-3.85097,2.62099,513.07,1,13
162,-34.4306,-5.11131,45.0169,1497.75,1,13
162,-34.383,-5.42179,-146.792,498.505,1,13
162,-33.9259,-7.78597,-117.656,113.684,1,13
162,-33.4878,-9.49501,-148.88,535.75,1,13
162,-33.4224,-9.7229,2.49936,484.09,1,13
162,-33.3491,-9.97145,-271.749,176.205,1,13
162,-32.9647,-11.1768,-40.3263,241.106,1,13
162,-32.9161,-11.319,-70.4716,265.843,1,13
162,-32.7165,-11.8835,6.43041,3036.3,1,13
162,-32.7187,-11.8777,-19.4823,183.433,1,13
162,-32.0406,-13.6011,-288.453,446.403,1,13
162,-31.5823,-14.6339,95.1203,456.305,1,13
162,-31.6744,-14.4335,-39.2439,433.93,1,13
162,-31.2184,-15.3948,-63.7083,297.591,1,13
162,-30.9872,-15.855,46.132,220.889,1,13
162,-30.6581,-16.4825,77.4908,2760.5,1,13
162,-30.6009,-16.5884,92.3622,331.787,1,13
162,-29.7091,-18.1372,42.1701,520.142,1,13
162,-29.4854,-18.4986,-113.4,210.594,1,13
162,-27.83,-20.9065,-238.449,109.059,1,13
162,-26.5309,-22.5322,-101.172,222.79,1,13
162,-26.3852,-22.7027,-96.841,213.078,1,13
162,-26.053,-23.0831,-253.656,191.57,1,13
162,-25.0881,-24.1284,-7.92949,52.3728,1,13
162,-24.8177,-24.4064,34.1096,126.252,1,13
162,-21.2261,-27.587,-249.708,399.802,1,13
162,-19.9768,-28.5047,45.031,389.218,1,13
162,-18.7211,-29.3447,49.0546,431.042,1,13
162,-16.2886,-30.7615,-239.921,385.044,1,13
162,-15.9203,-30.9537,-268.317,746.944,1,13
162,-15.0057,-31.4073,100.864,431.188,1,13
162,-13.6276,-32.0293,-297.249,429.548,1,13
162,-13.7743,-31.9665,-41.2713,499.429,1,13
162,-11.7764,-32.7552,-74.3203,810.104,1,13
162,-11.5501,-32.8357,-305.216,642.144,1,13
162,-10.2131,-33.2758,64.4681,160.236,1,13
162,-7.39319,-34.0137,-54.3078,466.045,1,13
162,-4.54336,-34.5101,-290.94,11,1,13
162,-3.99564,-34.5778,-61.5074,225.362,1,13
162,-0.24068,-34.8071,-191.648,491.765,1,13
162,0.33133,-34.8063,-277.613,1194.78,1,13
162,0.311492,-34.8065,-249.063,226.131,1,13
162,2.66498,-34.7057,-288.974,418.967,1,13
162,3.55988,-34.6254,-299.827,250.762,1,13
162,4.08,-34.568,50.7708,304.811,1,13
162,4.2794,-34.5438,-89.7712,279.647,1,13
162,11.1878,-32.9609,-64.5021,839.797,1,13
162,11.116,-32.9852,-146.847,1078.25,1,13
162,18.1688,-29.6898,96.7155,325.001,1,13
162,19.0482,-29.1334,-294.775,237.095,1,13
162,22.1261,-26.8705,-277.49,99.8028,1,13
162,22.6867,-26.399,-297.598,861.85,1,13
162,22.8052,-26.2966,-8.62988,590.296,1,13
162,22.9425,-26.1769,-130.586,585.838,1,13
162,23.9556,-25.2531,-277.898,779.142,1,13
162,25.3031,-23.9028,37.5261,464.817,1,13
162,25.7695,-23.3992,-205.422,117.006,1,13
162,27.9605,-20.7316,-279.003,729.534,1,13
162,28.3646,-20.1752,-208.388,321.352,1,13
162,28.274,-20.302,-260.231,767.945,1,13
162,28.6421,-19.7793,-89.116,17.1433,1,13
162,31.4504,-14.9152,-192.728,36.5016,1,13
162,31.7811,-14.1968,47.3531,2127.94,1,13
162,31.7749,-14.2108,36.2793,1400,1,13
162,32.136,-13.3741,-303.433,2557,1,13
162,32.429,-12.6471,-287.094,595.334,1,13
162,32.9381,-11.2548,-97.1523,510.139,1,13
162,33.0564,-10.9026,-47.3241,407.458,1,13
162,33.3486,-9.97285,21.2581,470.049,1,13
162,33.382,-9.86061,-221.733,1029.35,1,13
162,33.8559,-8.08511,-301.194,530.236,1,13
162,33.9737,-7.5748,21.0987,465.231,1,13
162,33.9705,-7.58898,28.3814,263.793,1,13
162,34.1821,-6.57085,-185.607,348.548,1,13
162,34.5246,-4.43192,-213.297,443.498,1,13
162,34.6579,-3.22788,-127.369,245.958,1,13
162,34.798,-0.829111,-27.5973,211.688,1,13
162,34.5768,4.00466,66.7052,683.837,1,13
162,34.591,3.88004,-284.026,1396.28,1,13
162,34.5666,4.09154,-137.665,92.8467,1,13
162,34.2979,5.93643,101.48,1114.23,1,13
162,34.2668,6.11354,-171.207,1635.22,1,13
162,34.2278,6.32808,-259.809,900.116,1,13
162,34.2624,6.13824,-304.5,267.803,1,13
162,28.3076,20.2551,-108.046,325.785,1,13
162,25.6194,23.5635,-0.721184,245.735,1,13
162,25.0881,24.1284,54.8074,36.3002,1,13
162,24.1974,25.0215,-271.961,1953.83,1,13
162,23.4646,25.71,-264.112,732.293,1,13
162,23.2295,25.9226,-143.46,438.708,1,13
162,22.4756,26.5789,23.0723,504.448,1,13
162,21.8881,27.0647,-19.9995,291.015,1,13
162,21.012,27.7504,-280.781,235.155,1,13
162,20.7363,27.957,-283.543,342.958,1,13
162,17.4479,30.1191,33.0943,218.568,1,13
162,16.7976,30.4866,41.2982,380.812,1,13
162,14.1035,31.8227,-253.811,1805.09,1,13
162,13.7845,31.9621,-30.6918,236.461,1,13
162,10.7115,33.1188,-104.085,138.416,1,13
162,9.84628,33.3862,-72.3245,304.954,1,13
162,9.81626,33.3951,91.6044,304.477,1,13
162,6.03018,34.2816,-127.15,3577,1,13
162,5.54303,34.3637,-245.578,628.063,1,13
162,3.12119,34.6677,-171.704,690.004,1,13
162,1.98088,34.7515,-259.604,860.053,1,13
162,1.82734,34.7599,-295.675,519.572,1,13
162,0.290841,34.8067,-42.0071,85.3411,1,13
162,-3.38742,34.6427,-98.3312,1160.03,1,13
162,-4.71166,34.4875,73.4804,209.67,1,13
162,-12.6572,32.4251,-267.234,325.893,1,13
162,-13.3247,32.1565,-298.722,164.307,1,13
162,-13.7518,31.9762,-277.646,103.418,1,13
162,-13.965,31.8837,87.4755,334.316,1,13
162,-14.0598,31.842,-185.829,176.956,1,13
162,-14.8662,31.4736,42.8386,353.396,1,13
162,-15.8148,31.0078,-11.9846,796.83,1,13
162,-16.242,30.7862,-254.524,1113.57,1,13
162,-16.7816,30.4954,9.31409,321.115,1,13
162,-18.5943,29.4252,-127.966,227.971,1,13
162,-19.8814,28.5713,-138.56,1557.03,1,13
162,-20.9656,27.7855,95.1366,460.586,1,13
162,-21.4259,27.4321,-39.9066,814.718,1,13
162,-21.6578,27.2494,100.168,1581.76,1,13
162,-23.5022,25.6756,-288.171,166.518,1,13
162,-25.0376,24.1808,-149.508,145.294,1,13
162,-25.1523,24.0614,-303.912,248.277,1,13
162,-26.1783,22.941,-285.709,203.957,1,13
162,-26.7719,22.2453,81.6171,1101.48,1,13
162,-27.4199,21.4415,-140.675,155.415,1,13
162,-29.3463,18.7185,-58.3647,719.275,1,13
162,-31.718,14.3373,-80.6094,482.142,1,13
162,-31.8949,13.9393,-277.264,272.08,1,13
162,-32.2433,13.1134,-281.158,743.483,1,13
162,-32.6207,12.1442,-156.562,2040.06,1,13
162,-32.9683,11.166,-241.456,143.445,1,13
162,-35.3686,-0.886711,209.29,66.5271,0,14
162,-35.3497,-1.45727,115.256,806.148,0,14
162,-35.3508,-1.42869,209.216,88.9022,0,14
162,-35.1911,-3.64831,252.868,720.871,0,14
162,-35.1921,-3.63865,300.233,218.288,0,14
162,-35.1656,-3.88681,152.2,806.272,0,14
162,-34.7027,-6.88819,-96.7275,236.398,0,14
162,-34.4747,-7.95092,45.9252,1196.93,0,14
162,-32.9039,-13.0022,202.755,404.24,0,14
162,-32.6265,-13.6833,292.115,846.986,0,14
162,-32.5306,-13.9098,148.507,1313.63,0,14
162,-32.3985,-14.2148,-62.6526,759,0,14
162,-32.3486,-14.3281,-57.2892,340.735,0,14
162,-31.6827,-15.7457,181.011,356.176,0,14
162,-31.1166,-16.8368,50.9656,395.944,0,14
162,-30.8861,-17.256,265.212,1026.11,0,14
162,-29.8355,-19.0149,67.8751,205.122,0,14
162,-29.4273,-19.6407,-78.0303,1289.4,0,14
162,-29.3524,-19.7525,97.3439,62.4496,0,14
162,-29.4242,-19.6454,171.631,467.72,0,14
162,-28.5415,-20.9071,-10.1616,95.4705,0,14
162,-28.5415,-20.9071,20.4789,118.418,0,14
162,-28.5415,-20.9071,46.4433,135.432,0,14
162,-28.5415,-20.9071,163.945,25.1803,0,14
162,-28.1881,-21.3811,20.2617,220.246,0,14
162,-28.1881,-21.3811,163.933,71.5931,0,14
162,-27.9482,-21.6938,41.7438,143.477,0,14
162,-27.9482,-21.6938,163.74,14,0,14
162,-26.4933,-23.4484,120.104,633.407,0,14
162,-25.5214,-24.5027,-56.0224,498.301,0,14
162,-25.2689,-24.763,-35.1634,185.007,0,14
162,-24.4648,-25.5577,66.2987,256.136,0,14
162,-23.8796,-26.1054,-88.3483,97.0972,0,14
162,-23.8889,-26.0968,-50.7697,140.745,0,14
162,-23.5275,-26.4231,225.753,521.593,0,14
162,-23.2557,-26.6626,259.054,201.016,0,14
162,-21.6653,-27.9703,8.81383,71.4821,0,14
162,-18.4983,-30.1585,288.724,622.884,0,14
162,-18.2052,-30.3363,185.282,303.423,0,14
162,-18.0846,-30.4084,254.847,1968.2,0,14
162,-16.9861,-31.0354,167.987,249.833,0,14
162,-15.8601,-31.6257,49.0352,122.99,0,14
162,-13.4243,-32.734,286.614,215.696,0,14
162,-12.7786,-32.9914,80.6236,257.639,0,14
162,-8.4718,-34.3504,239.876,1488.17,0,14
162,-7.79412,-34.5105,295.624,241.913,0,14
162,-4.40907,-35.1039,274.896,1247.83,0,14
162,-3.96477,-35.1568,118.989,333.214,0,14
162,-3.50124,-35.206,-54.5451,674.958,0,14
162,-3.12137,-35.2417,-31.0524,424.68,0,14
162,-2.80944,-35.268,292.04,1016.23,0,14
162,-1.54662,-35.3459,-102.949,537.83,0,14
162,-1.52942,-35.3466,284.193,357.471,0,14
162,-0.743947,-35.3719,-89.6193,172.382,0,14
162,-0.546758,-35.3755,-83.4638,441.263,0,14
162,-0.480934,-35.3764,-17.8587,425.21,0,14
162,0.939584,-35.3672,-94.8747,669.598,0,14
162,5.04984,-35.0175,-44.7652,373.005,0,14
162,5.13672,-35.0048,241.34,3202.6,0,14
162,6.19959,-34.8323,-72.051,402.101,0,14
162,6.56435,-34.7654,-83.1163,895.661,0,14
162,9.67108,-34.0322,298.606,1109.89,0,14
162,10.7352,-33.7117,305.263,287.342,0,14
162,10.8717,-33.6679,191.634,141.508,0,14
162,11.9272,-33.3086,146.375,342.623,0,14
162,11.8579,-33.3334,228.534,750.95,0,14
162,12.4108,-33.1315,267.949,162.765,0,14
162,12.5441,-33.0812,31.313,200.584,0,14
162,13.0518,-32.8843,292.471,584.123,0,14
162,15.5359,-31.7861,135.772,1135.34,0,14
162,16.0537,-31.5278,34.7647,760.88,0,14
162,16.0591,-31.525,289.838,721.655,0,14
162,18.1888,-30.3462,224.383,1894.75,0,14
162,19.5964,-29.4568,296.853,1471.72,0,14
162,21.7724,-27.887,158.864,404.512,0,14
162,23.595,-26.3628,107.81,1491.38,0,14
162,24.3823,-25.6364,-61.9793,232.112,0,14
162,25.6964,-24.3191,263.343,506.597,0,14
162,26.0631,-23.9257,159.906,384.764,0,14
162,26.3189,-23.644,76.4993,422.852,0,14
162,26.9747,-22.893,194.574,200.836,0,14
162,27.1294,-22.7094,299.917,261.124,0,14
162,28.952,-20.3348,295.776,352.38,0,14
162,29.3017,-19.8276,69.937,477.824,0,14
162,29.288,-19.8478,174.019,536.218,0,14
162,30.1569,-18.501,31.8854,310.269,0,14
162,30.7864,-17.4332,227.254,311.793,0,14
162,30.9006,-17.2301,239.865,381.622,0,14
162,31.0623,-16.9369,-74.1893,109.56,0,14
162,32.1369,-14.7967,2.12765,447.373,0,14
162,32.9285,-12.9397,-63.2506,2196.27,0,14
162,33.1345,-12.4028,52.2795,213.909,0,14
162,34.9602,-5.43211,71.2517,654.269,0,14
162,35.121,-4.27044,-57.3335,72.6298,0,14
162,35.2372,-3.17181,-33.873,913.083,0,14
162,35.2865,-2.56578,32.8546,280.74,0,14
162,35.3597,1.19069,-37.7938,227.037,0,14
162,35.3424,1.62318,46.6283,654.899,0,14
162,35.3373,1.73206,145.057,309.146,0,14
162,35.305,2.29831,-57.8559,88.9674,0,14
162,35.0103,5.09896,175.754,3431.98,0,14
162,34.6291,7.24887,-93.7596,283.876,0,14
162,32.924,12.9511,300.398,293.221,0,14
162,32.6982,13.5111,81.5542,308.204,0,14
162,32.3833,14.2493,-76.6925,293.974,0,14
162,32.0356,15.0147,245.667,375.345,0,14
162,31.9788,15.1355,266.228,402.352,0,14
162,31.4843,16.1388,172.875,252.814,0,14
162,31.4351,16.2345,304.04,667.275,0,14
162,30.6171,17.729,98.499,259.221,0,14
162,30.4909,17.9452,20.9099,93.1805,0,14
162,30.1043,18.5865,-59.4336,633.505,0,14
162,30.3247,18.2246,159.403,357.727,0,14
162,29.8669,18.9655,40.3595,245.584,0,14
162,29.4221,19.6485,253.44,532.6,0,14
162,29.319,19.802,-41.3785,326.705,0,14
162,29.0874,20.1406,219.105,1347.67,0,14
162,28.5826,20.8509,265.212,517.004,0,14
162,28.0099,21.6141,-23.3201,7824.47,0,14
162,25.9064,24.0952,209.299,103.869,0,14
162,25.6364,24.3823,209.295,55.4821,0,14
162,23.8139,26.1653,276.53,1797.73,0,14
162,23.1137,26.7858,44.0415,737.672,0,14
162,23.0151,26.8706,233.334,363.016,0,14
162,22.2836,27.4803,141.045,562.388,0,14
162,21.917,27.7735,255.761,271.544,0,14
162,20.8532,28.5809,221.984,889.789,0,14
162,20.392,28.9118,-49.5675,2114.22,0,14
162,19.5146,29.5111,199.842,2074.44,0,14
162,18.1561,30.3658,-16.4058,467.439,0,14
162,17.9835,30.4683,115.58,435.749,0,14
162,15.9466,31.5821,143.966,237.444,0,14
162,15.3,31.9004,133.129,192.423,0,14
162,15.3354,31.8834,202.92,286.762,0,14
162,14.1284,32.4363,49.4127,518.401,0,14
162,12.3956,33.1372,-34.5982,183.154,0,14
162,12.1601,33.2243,58.3566,642.194,0,14
162,8.53201,34.3355,-56.826,477.988,0,14
162,6.35987,34.8034,131.768,503.037,0,14
162,4.64962,35.0728,286.34,16446.3,0,14
162,4.62886,35.0756,87.5963,690.333,0,14
162,3.48876,35.2073,28.5171,694.095,0,14
162,2.14537,35.3146,130.963,241.42,0,14
162,0.616886,35.3743,185.687,500.491,0,14
162,0.468831,35.3766,-102.359,778.129,0,14
162,-0.200157,35.3791,295.83,448.186,0,14
162,-0.721719,35.3723,147.155,155.312,0,14
162,-1.91399,35.3279,98.2689,800.633,0,14
162,-3.06264,35.2469,252.3,234.357,0,14
162,-4.3525,35.111,193.782,417.098,0,14
162,-6.12182,34.846,125.782,835.263,0,14
162,-6.13574,34.8436,-2.68376,998.046,0,14
162,-6.12953,34.8447,295.712,503.897,0,14
162,-7.58478,34.5571,290.948,225.882,0,14
162,-7.69425,34.5329,294.55,269.249,0,14
162,-10.0415,33.9248,-49.0534,116.145,0,14
162,-11.2526,33.5426,-17.2894,230.084,0,14
162,-11.476,33.4668,266.754,328.972,0,14
162,-12.5269,33.0878,-101.913,1388.4,0,14
162,-15.5482,31.7801,302.007,151.881,0,14
162,-16.5441,31.2732,271.924,2405.37,0,14
162,-16.5691,31.26,274.404,11.3195,0,14
162,-22.0716,27.6508,279.224,860.582,0,14
162,-24.0952,25.9064,-61.404,11.4997,0,14
162,-25.3026,24.7285,151.444,25.0694,0,14
162,-26.8694,23.0165,260.094,160.766,0,14
162,-27.0249,22.8337,-26.984,118.554,0,14
162,-27.8494,21.8205,228.055,76.5164,0,14
162,-28.0452,21.5682,215.073,481.34,0,14
162,-29.0212,20.2359,-86.9659,232.799,0,14
162,-29.8154,19.0464,-13.916,54.2219,0,14
162,-30.1611,18.4942,91.548,321.676,0,14
162,-30.2925,18.2781,-16.4608,326.112,0,14
162,-31.7245,15.6615,-21.9139,290.368,0,14
162,-31.9805,15.1317,285.712,313.545,0,14
162,-33.1706,12.306,55.4908,134.81,0,14
162,-33.243,12.1088,-81.0754,644.886,0,14
162,-33.2472,12.0973,206.641,284.353,0,14
162,-33.5673,11.1785,291.319,603.179,0,14
162,-33.7939,10.4736,186.53,194.417,0,14
162,-34.2613,8.82516,32.1846,217.108,0,14
162,-34.2655,8.80887,131.239,142.394,0,14
162,-34.4138,8.21076,59.2159,715.986,0,14
162,-34.4057,8.2443,163.42,352.836,0,14
162,-34.5025,7.82932,-68.2856,236.268,0,14
162,-34.7431,6.68145,265.202,143.943,0,14
162,-34.8112,6.31671,-73.9034,799.481,0,14
162,-34.8638,6.01974,-21.1039,192.72,0,14
162,-34.9545,5.46855,95.4002,914.216,0,14
162,-34.9775,5.31934,235.946,541.89,0,14
162,-35.0542,4.78817,11.9982,109.171,0,14
162,-35.2107,3.45417,-75.8732,997.243,0,14
162,-35.2186,3.37262,249.463,2611.34,0,14
162,-35.2117,3.44332,252.356,11.1255,0,14
162,-35.3535,1.36093,127.178,578.487,0,14
162,-35.3622,-1.11209,-65.4761,245.614,1,14
162,-35.3483,-1.49143,-149.699,413.103,1,14
162,-35.3094,-2.22872,-11.3097,960.71,1,14
162,-35.2383,-3.16052,-1.56966,2687.92,1,14
162,-34.992,-5.22327,-146.499,498.067,1,14
162,-34.9888,-5.2448,45.7412,607.364,1,14
162,-34.4386,-8.10583,1.77341,33.1664,1,14
162,-34.4386,-8.10583,-116.06,44.2774,1,14
162,-34.2984,-8.68016,1.41491,25.2064,1,14
162,-34.013,-9.73841,-148.066,528.794,1,14
162,-33.9933,-9.80721,-270.269,438.654,1,14
162,-33.6438,-10.9462,-70.0144,410.669,1,14
162,-33.275,-12.0208,7.71418,792.875,1,14
162,-32.6635,-13.5949,-287.923,653.998,1,14
162,-32.2354,-14.5808,-299.134,534.851,1,14
162,-31.9345,-15.2285,-64.021,348.931,1,14
162,-31.3887,-16.324,78.3645,1635.18,1,14
162,-31.2226,-16.6394,93.9404,126.323,1,14
162,-31.11,-16.8491,-82.7006,469.617,1,14
162,-30.0985,-18.5959,-112.601,207.226,1,14
162,-28.3116,-21.2174,-237.787,368.711,1,14
162,-26.826,-23.067,-100.855,38.1664,1,14
162,-26.5246,-23.413,-252.66,622.386,1,14
162,-25.3754,-24.6539,35.1915,286.477,1,14
162,-25.351,-24.679,-7.47748,1163.76,1,14
162,-24.0953,-25.9064,-300.972,47.2219,1,14
162,-21.5567,-28.0541,-248.087,827.188,1,14
162,-20.3483,-28.9426,45.8848,1030.91,1,14
162,-17.8678,-30.5363,-304.921,545.769,1,14
162,-17.7004,-30.6336,-297.454,138.612,1,14
162,-16.5975,-31.2449,-237.811,333.186,1,14
162,-14.1278,-32.4365,-40.4026,119.601,1,14
162,-12.2997,-33.1729,47.071,335.873,1,14
162,-11.8106,-33.3502,-303.944,1186.01,1,14
162,-10.6555,-33.737,65.327,494.5,1,14
162,-10.2537,-33.8612,69.377,274.298,1,14
162,-9.63384,-34.0428,-95.8209,362.978,1,14
162,-7.29278,-34.6199,-53.1147,1265.91,1,14
162,-5.64604,-34.9263,48.5658,62.4683,1,14
162,-3.44343,-35.2117,101.532,283.837,1,14
162,-3.30166,-35.2253,-274.747,364.18,1,14
162,0.249123,-35.3788,-277.072,1569.8,1,14
162,2.24691,-35.3083,-97.7517,731.782,1,14
162,2.62454,-35.2822,-288.094,1244.08,1,14
162,3.8006,-35.175,-299.138,113.041,1,14
162,10.388,-33.8203,-204.687,35.182,1,14
162,10.7641,-33.7025,-204.868,17.1404,1,14
162,11.3336,-33.5153,-63.8107,455.833,1,14
162,11.5889,-33.4278,-247.738,596.665,1,14
162,18.3996,-30.2189,97.6781,376.32,1,14
162,21.3811,-28.1881,-287.702,42.531,1,14
162,21.6938,-27.9482,-287.568,186.427,1,14
162,22.6779,-27.1558,-94.9867,1764.15,1,14
162,23.0809,-26.8141,-296.731,871.919,1,14
162,23.265,-26.6545,-7.72481,329.304,1,14
162,23.3871,-26.5475,-129.155,337.482,1,14
162,25.781,-24.2294,38.9078,829.499,1,14
162,27.588,-22.1501,-46.601,509.691,1,14
162,28.4267,-21.0629,-278.165,1215.17,1,14
162,28.614,-20.8077,-259.431,477.256,1,14
162,29.0002,-20.2661,-88.4264,87.9684,1,14
162,31.967,-15.1602,-89.3294,56.548,1,14
162,31.967,-15.1602,-192.211,71.8229,1,14
162,32.5619,-13.8365,-258.415,224.891,1,14
162,32.9999,-12.7565,-285.931,1005.55,1,14
162,33.5386,-11.2644,-46.5015,326.008,1,14
162,33.8803,-10.1906,20.7771,205.568,1,14
162,34.5386,-7.66863,29.6066,1047.77,1,14
162,34.5848,-7.4575,21.3436,517.408,1,14
162,35.2644,-2.85445,-126.852,20.1526,1,14
162,35.3119,-2.18931,-191.392,627.543,1,14
162,35.3631,-1.08374,-28.484,11.1232,1,14
162,35.156,3.97238,-283.185,563.841,1,14
162,35.0905,4.51464,-137.206,145.383,1,14
162,35.0331,4.94005,65.6766,331.052,1,14
162,34.8744,5.95814,102.09,1000.27,1,14
162,34.8449,6.12858,11.9199,791.524,1,14
162,34.8314,6.20439,-170.046,213.071,1,14
162,34.7688,6.54616,-258.017,634.234,1,14
162,34.3877,8.31923,61.5684,304.1,1,14
162,28.5415,20.9071,-262.597,137.564,1,14
162,27.9482,21.6938,-146.563,64.7186,1,14
162,25.9064,24.0952,-283.312,429.087,1,14
162,25.6364,24.3823,55.6785,441.645,1,14
162,24.6001,25.4275,-271.24,890.915,1,14
162,23.8547,26.1281,-39.7678,2474.23,1,14
162,23.8265,26.1538,-264.404,200.544,1,14
162,23.495,26.452,-142.8,95.6331,1,14
162,22.1203,27.6119,-19.48,616.369,1,14
162,21.374,28.1935,-233.849,202.57,1,14
162,21.482,28.1114,-279.972,161.972,1,14
162,21.1092,28.3923,-282.842,203.203,1,14
162,19.619,29.4418,56.9868,567.527,1,14
162,19.6349,29.4311,-295.419,240.259,1,14
162,18.2324,30.32,33.8095,381.279,1,14
162,17.2098,30.9119,41.8902,233.108,1,14
162,14.4722,32.2843,-252.631,2036.34,1,14
162,10.8217,33.684,-103.463,89.7713,1,14
162,10.0645,33.918,-71.4335,194.993,1,14
162,9.72567,34.0167,92.3759,562.776,1,14
162,6.1146,34.8473,-127.43,4230.63,1,14
162,5.50821,34.9483,-244.256,471.058,1,14
162,3.24955,35.2302,-170.914,321.686,1,14
162,1.80123,35.3338,-257.826,389.661,1,14
162,-3.69583,35.1861,-96.4164,1219.44,1,14
162,-10.7791,33.6977,21.5268,398.998,1,14
162,-11.4776,33.4662,-295.794,373.781,1,14
162,-11.7456,33.3731,-70.8647,260.085,1,14
162,-11.7074,33.3865,-156.393,577.337,1,14
162,-12.951,32.9241,-267.071,91.5898,1,14
162,-13.7115,32.6147,-297.964,404.18,1,14
162,-14.1735,32.4166,-184.648,853.188,1,14
162,-14.1514,32.4262,-276.864,345.918,1,14
162,-15.0206,32.0329,43.6234,125.535,1,14
162,-15.4201,31.8425,53.3592,188.569,1,14
162,-16.4026,31.3477,-252.925,291.032,1,14
162,-18.8105,29.9648,-127.054,532.49,1,14
162,-19.4105,29.5797,34.1499,471.712,1,14
162,-20.3057,28.9724,-137.672,515.745,1,14
162,-22.0729,27.6498,-40.1923,1068.75,1,14
162,-23.7556,26.2182,-287.419,386.492,1,14
162,-25.4641,24.5622,-5.34317,57.4176,1,14
162,-25.5006,24.5243,-149.084,522.072,1,14
162,-26.2327,23.7396,-285.984,155.436,1,14
162,-27.2327,22.5855,83.058,198.982,1,14
162,-27.7517,21.9446,-140.22,543.799,1,14
162,-29.2589,19.8907,-288.968,505.781,1,14
162,-29.8993,18.9144,-57.5334,359.74,1,14
162,-31.2918,16.509,-32.7882,414.854,1,14
162,-31.4282,16.2479,-268.75,363.829,1,14
162,-32.1863,14.6888,-92.1719,1343.58,1,14
162,-32.4592,14.0756,-276.533,413.473,1,14
162,-32.7487,13.3882,-280.708,264.484,1,14
162,-33.0729,12.5662,-157.175,3424.19,1,14
162,-33.4294,11.5844,-93.1356,1615.2,1,14
162,-33.4847,11.4237,-240.053,327.223,1,14
162,-33.6053,11.0638,74.0923,341.305,1,14
162,-33.785,10.5023,-304.242,1201.57,1,14
162,-35.9181,-1.53446,114.464,2806.29,0,15
162,-35.9035,-1.84476,209.187,347.645,0,15
162,-35.7977,-3.31504,251.471,325.469,0,15
162,-35.7584,-3.71508,299.274,236.699,0,15
162,-35.739,-3.89725,151.851,159.234,0,15
162,-35.7063,-4.18689,259.293,79.8378,0,15
162,-35.3138,-6.73826,-97.4311,241.174,0,15
162,-35.2597,-7.01568,270.725,50.6215,0,15
162,-35.0315,-8.07855,45.1373,1764.52,0,15
162,-33.1399,-13.936,202.797,146.193,0,15
162,-33.0777,-14.083,292.362,3187.15,0,15
162,-33.059,-14.127,294.756,12.1101,0,15
162,-32.7692,-14.7867,-63.3765,495.645,0,15
162,-32.6945,-14.9511,294.756,54.1015,0,15
162,-32.5203,-15.3264,174.329,648.37,0,15
162,-32.4623,-15.4489,-17.7632,638.219,0,15
162,-32.1443,-16.1,180.185,94.3262,0,15
162,-31.4556,-17.4073,264.957,2659.69,0,15
162,-30.2793,-19.3812,67.1529,136.674,0,15
162,-29.9493,-19.8873,170.336,876.572,0,15
162,-29.6977,-20.2612,96.0227,877.084,0,15
162,-29.1202,-21.0828,-10.3746,101.949,0,15
162,-29.1202,-21.0828,20.3172,201.353,0,15
162,-29.1202,-21.0828,46.1895,161.646,0,15
162,-28.2762,-22.2019,40.9672,276.528,0,15
162,-28.2762,-22.2019,87.3773,858.914,0,15
162,-28.2762,-22.2019,164.108,139.12,0,15
162,-26.7969,-23.9665,119.267,717.297,0,15
162,-26.0411,-24.7856,-56.6613,472.641,0,15
162,-24.6305,-26.1879,202.748,12,0,15
162,-24.2402,-26.5495,-89.3372,345.921,0,15
162,-23.9501,-26.8116,224.566,1738.38,0,15
162,-23.8395,-26.9099,257.696,863.423,0,15
162,-18.4344,-30.8648,184.335,396.552,0,15
162,-17.2123,-31.5627,167.19,154.584,0,15
162,-16.3885,-31.9982,48.0435,728.278,0,15
162,-13.5861,-33.2849,286.136,220.004,0,15
162,-13.2607,-33.4159,42.5598,148.725,0,15
162,-12.8958,-33.5584,80.0494,96.5393,0,15
162,-8.64698,-34.8955,238.872,931.844,0,15
162,-8.52816,-34.9247,142.423,292.21,0,15
162,-7.96953,-35.0564,294.389,1110.55,0,15
162,-4.9948,-35.6022,274.696,307.637,0,15
162,-5.33505,-35.5528,73.4455,88.0692,0,15
162,-3.71145,-35.7588,-31.0747,922.657,0,15
162,-4.10618,-35.7156,118.305,199.69,0,15
162,-2.83353,-35.8391,291.251,275.711,0,15
162,-2.40936,-35.8701,200.18,415.788,0,15
162,-1.3601,-35.9252,-104.259,623.678,0,15
162,-1.50606,-35.9193,-40.4387,525.637,0,15
162,-0.525967,-35.9471,-17.5918,242.385,0,15
162,0.836087,-35.9412,-96.2507,961.731,0,15
162,0.901033,-35.9396,-94.476,6.75437,0,15
162,5.33875,-35.5523,239.735,500.17,0,15
162,7.50978,-35.1578,162.179,632.583,0,15
162,9.7074,-34.6155,297.294,1114.54,0,15
162,10.6892,-34.325,304.927,446.419,0,15
162,11.6923,-33.9964,193.124,202.181,0,15
162,12.0214,-33.8815,145.937,398.179,0,15
162,12.2214,-33.8098,228.486,245.539,0,15
162,12.6967,-33.6342,267.128,343.357,0,15
162,13.16,-33.4557,291.733,357.004,0,15
162,13.5215,-33.3112,-17.8637,377.758,0,15
162,15.9387,-32.2246,134.911,377.098,0,15
162,16.3076,-32.0395,34.8403,1377.09,0,15
162,16.2582,-32.0646,289.107,990.954,0,15
162,16.7753,-31.7971,93.1099,1080.39,0,15
162,17.4812,-31.4146,92.9508,231.888,0,15
162,18.225,-30.989,-23.6782,276.253,0,15
162,18.5916,-30.7705,222.878,699.132,0,15
162,19.117,-30.4468,113.638,108.589,0,15
162,19.6395,-30.1124,295.654,344.398,0,15
162,20.2261,-29.7216,295.677,261.659,0,15
162,23.9409,-26.8198,107.125,1489,0,15
162,24.8003,-26.0271,-62.5379,416.423,0,15
162,26.7736,-23.9925,75.5878,528.743,0,15
162,26.6816,-24.0948,159.258,871.145,0,15
162,27.2984,-23.3937,193.853,130.225,0,15
162,27.4799,-23.1802,299.038,121.855,0,15
162,28.5011,-21.9124,128.156,509.074,0,15
162,29.7895,-20.126,173.263,407.6,0,15
162,30.5901,-18.8869,30.7595,748.628,0,15
162,31.2679,-17.7422,224.943,716.196,0,15
162,31.5394,-17.255,-74.9278,116.526,0,15
162,32.5981,-15.1601,1.41959,199.219,0,15
162,33.4395,-13.2009,-64.8122,462.235,0,15
162,33.6757,-12.5863,51.3961,1003.79,0,15
162,34.4928,-10.1349,-103.218,593.156,0,15
162,34.4891,-10.1475,-66.3479,510.596,0,15
162,34.9394,-8.46775,270.368,984.705,0,15
162,35.496,-5.7007,70.0924,3311.56,0,15
162,35.6427,-4.69767,-58.0538,386.271,0,15
162,35.8125,-3.15189,-101.682,632.077,0,15
162,35.87,2.41097,-58.8032,143.746,0,15
162,35.8232,3.02712,134.641,790.257,0,15
162,35.7521,3.77516,228.375,635.131,0,15
162,35.5998,5.012,175.031,923.193,0,15
162,35.311,6.75257,-84.5991,206.038,0,15
162,35.1603,7.49785,223.372,223.509,0,15
162,34.4883,10.15,195.646,596.864,0,15
162,33.4255,13.2364,298.726,560.898,0,15
162,33.2532,13.6636,80.9834,292.638,0,15
162,32.61,15.1345,244.303,211.405,0,15
162,32.5565,15.2492,264.301,248.892,0,15
162,32.3091,15.7667,39.1821,724.402,0,15
162,31.9009,16.5771,303.145,204.62,0,15
162,31.765,16.8361,172.951,288.843,0,15
162,30.9516,18.2884,19.5202,348.37,0,15
162,30.5654,18.9268,158.829,272.172,0,15
162,30.095,19.6661,40.1898,277.96,0,15
162,30.1702,19.5505,252.694,141.234,0,15
162,30.0076,19.7992,-30.3963,264.348,0,15
162,28.7967,21.5225,-23.6395,8560.47,0,15
162,28.7638,21.5664,98.868,15.0261,0,15
162,26.3247,24.4843,244.428,91.2844,0,15
162,24.4122,26.3915,275.56,538.921,0,15
162,23.6237,27.0996,43.9622,432.63,0,15
162,23.4201,27.2757,232.235,655.409,0,15
162,21.3262,28.9424,221.688,498.056,0,15
162,20.791,29.3292,230.332,527.545,0,15
162,19.8156,29.9968,49.3717,188.988,0,15
162,19.7762,30.0228,199.877,556.504,0,15
162,18.2178,30.9932,114.724,334.568,0,15
162,15.7527,32.3159,132.422,180.197,0,15
162,14.4296,32.928,48.5403,402.673,0,15
162,13.0996,33.4794,238.686,616.162,0,15
162,12.6944,33.6351,58.0984,372.893,0,15
162,12.5053,33.7059,-35.2781,212.527,0,15
162,8.45686,34.9421,-57.5867,413.093,0,15
162,8.0735,35.0326,221.151,228.196,0,15
162,6.86632,35.2891,-97.0001,112.463,0,15
162,6.20898,35.4107,130.982,144.225,0,15
162,6.4498,35.3676,170.012,361.577,0,15
162,4.61209,35.6538,85.9965,522.388,0,15
162,4.26548,35.697,-81.0342,189.959,0,15
162,3.3584,35.7937,27.1465,655.498,0,15
162,2.32891,35.8754,130.253,250.723,0,15
162,1.7151,35.91,53.4284,257.624,0,15
162,0.883151,35.9401,185.132,170.632,0,15
162,-0.680007,35.9445,145.818,448.844,0,15
162,-1.81271,35.9052,98.0242,618.846,0,15
162,-3.13354,35.8141,251.436,162.375,0,15
162,-4.01983,35.7255,193.38,189.964,0,15
162,-4.37291,35.684,280.887,378.434,0,15
162,-6.2823,35.3977,-4.00736,685.029,0,15
162,-8.0926,35.0282,293.431,234.976,0,15
162,-8.49625,34.9325,290.951,437.705,0,15
162,-10.2839,34.4486,-49.3191,321.016,0,15
162,-10.7782,34.2972,305.505,364.475,0,15
162,-11.4011,34.0952,-18.3217,593.802,0,15
162,-11.9364,33.9115,266.348,81.2791,0,15
162,-16.5962,31.891,-94.0463,355.705,0,15
162,-19.1556,30.4225,52.7076,198.346,0,15
162,-19.1747,30.4105,305.176,484.57,0,15
162,-21.5424,28.7818,65.6788,429.573,0,15
162,-22.66,27.9104,277.204,1208.05,0,15
162,-24.5085,26.3021,-64.0537,109.587,0,15
162,-27.4175,23.2539,259.19,138.848,0,15
162,-28.1045,22.4189,-59.6433,307.437,0,15
162,-28.5722,21.8196,214.816,119.018,0,15
162,-29.4368,20.6384,-87.8068,535.193,0,15
162,-29.5012,20.5462,300.578,657.097,0,15
162,-30.4577,19.0996,-105.5,134,0,15
162,-30.7939,18.5528,-17.356,504.991,0,15
162,-30.778,18.579,282.921,163.962,0,15
162,-31.5376,17.2582,-68.2376,2111.6,0,15
162,-31.5751,17.1895,-66.492,11.0612,0,15
162,-32.419,15.5395,-21.7834,446.327,0,15
162,-32.963,14.3496,244.949,2145.84,0,15
162,-33.5411,12.9406,55.6899,906.873,0,15
162,-33.8476,12.1163,-81.9575,261.375,0,15
162,-34.1051,11.3713,2.35072,848.031,0,15
162,-34.3094,10.7394,186.083,710.367,0,15
162,-34.2959,10.7823,291.489,240.196,0,15
162,-34.8024,9.01433,304.084,29.111,0,15
162,-34.961,8.37834,163.692,638.769,0,15
162,-35.0782,7.87313,59.5314,133.329,0,15
162,-35.3156,6.72851,-75.3347,601.901,0,15
162,-35.4407,6.03495,93.1782,302.308,0,15
162,-35.5011,5.66924,235.467,835.611,0,15
162,-35.715,4.11158,141.104,365.935,0,15
162,-35.7219,4.05154,299.5,666.725,0,15
162,-35.7853,3.44698,-76.6704,1088.23,0,15
162,-35.8103,3.1766,222.833,806.143,0,15
162,-35.94,0.885176,127.3,265.891,0,15
162,-35.9257,-1.34715,-65.4954,330.708,1,15
162,-35.8756,-2.32619,-9.96006,1861.04,1,15
162,-35.8391,-2.8324,-253.948,1087.52,1,15
162,-35.6956,-4.27644,-0.922621,701.526,1,15
162,-35.5563,-5.31225,-0.423008,591.316,1,15
162,-35.5336,-5.46169,46.2444,438.934,1,15
162,-34.5253,-10.0234,-146.99,435.183,1,15
162,-34.5776,-9.84158,-269.653,572.998,1,15
162,-34,-11.6819,-19.8183,545.458,1,15
162,-33.9013,-11.9652,-40.1427,310.53,1,15
162,-33.8649,-12.068,8.57482,703.262,1,15
162,-32.975,-14.3218,-39.5718,561.601,1,15
162,-32.7047,-14.9288,95.4057,675.562,1,15
162,-32.8268,-14.6583,-298.742,202.043,1,15
162,-32.5104,-15.3474,54.5744,284.394,1,15
162,-32.1033,-16.1817,47.3778,325.07,1,15
162,-31.9358,-16.5098,-82.4474,295.753,1,15
162,-31.8486,-16.6774,95.5106,445.675,1,15
162,-30.7052,-18.6991,-111.814,331.3,1,15
162,-30.4972,-19.0366,42.2812,697.166,1,15
162,-28.8129,-21.5008,-237.161,510.336,1,15
162,-27.2019,-23.5058,-96.5386,184.416,1,15
162,-27.0392,-23.6928,-251.474,287.346,1,15
162,-26.1306,-24.6913,35.7972,181.872,1,15
162,-24.1895,-26.5958,-300.844,71.8436,1,15
162,-21.8855,-28.5218,-247.004,43.6583,1,15
162,-20.7174,-29.3812,46.6828,970.747,1,15
162,-19.2733,-30.3481,49.31,644.875,1,15
162,-18.2105,-30.9975,-304.843,517.572,1,15
162,-18.0679,-31.0809,-296.787,453.444,1,15
162,-16.8892,-31.7368,-236.368,279.065,1,15
162,-16.6077,-31.885,-268.189,710.201,1,15
162,-14.8435,-32.7435,-296.587,238.568,1,15
162,-14.5797,-32.8618,-39.2914,927.372,1,15
162,-12.5935,-33.673,47.6385,966.628,1,15
162,-12.0422,-33.8741,-73.9112,518.855,1,15
162,-12.1479,-33.8363,-302.152,1065.44,1,15
162,-11.0137,-34.2223,66.1271,535.238,1,15
162,-10.4775,-34.3903,75.3227,333.672,1,15
162,-10.0319,-34.5229,69.9735,1193.28,1,15
162,-9.75457,-34.6022,-96.504,177.431,1,15
162,-9.78517,-34.5936,-293.129,743.356,1,15
162,-7.2851,-35.205,-51.9668,1351.17,1,15
162,-5.2437,-35.5664,48.2114,303.377,1,15
162,-4.2341,-35.7007,-267.207,488.994,1,15
162,-4.1499,-35.7106,-60.6431,411.212,1,15
162,-3.4421,-35.7857,101.765,832.833,1,15
162,-0.454391,-35.948,-191.534,161.103,1,15
162,-0.0358071,-35.9509,-276.217,1033.79,1,15
162,0.037666,-35.9509,-248.534,231.633,1,15
162,2.55884,-35.8597,-287.633,560.445,1,15
162,4.09627,-35.7168,41.7998,1032,1,15
162,4.49391,-35.6689,-89.3295,22.1526,1,15
162,5.68327,-35.4988,-286.318,91.1527,1,15
162,5.68327,-35.4988,-305.78,15.0163,1,15
162,10.5991,-34.353,-204.655,629.04,1,15
162,11.4831,-34.0677,-63.0333,500.956,1,15
162,11.5766,-34.036,-146.129,207.905,1,15
162,11.927,-33.9148,-246.878,510.139,1,15
162,19.7063,-30.0687,-294.146,554.364,1,15
162,22.9167,-27.7,-277.675,241.818,1,15
162,23.4956,-27.2107,-295.612,647.358,1,15
162,23.7174,-27.0176,-6.58677,609.091,1,15
162,23.8199,-26.9273,-128.031,895.603,1,15
162,24.5686,-26.246,-277.049,257.885,1,15
162,26.2703,-24.5426,40.2057,1250.73,1,15
162,26.5776,-24.2095,-205.398,270.165,1,15
162,27.9008,-22.6719,-46.0366,750.661,1,15
162,28.6469,-21.7215,-277.428,277.457,1,15
162,28.9246,-21.3502,-258.686,479.17,1,15
162,29.0557,-21.1715,-277.378,545.713,1,15
162,32.4832,-15.4049,-88.7457,427.34,1,15
162,32.7759,-14.7718,47.5604,2952.56,1,15
162,32.8183,-14.6774,45.292,11.5631,1,15
162,33.02,-14.2179,-257.459,890.05,1,15
162,33.6272,-12.7154,-284.691,126.56,1,15
162,34.0517,-11.5304,-96.8976,168.634,1,15
162,35.8337,-2.90054,-125.976,51.738,1,15
162,35.8337,2.90051,-169.215,71.0322,1,15
162,33.7729,12.323,-277.312,148.787,1,15
162,33.2966,13.5574,-14.1733,1785.58,1,15
162,32.4036,15.5717,-213.872,1435.39,1,15
162,32.3293,15.7253,-62.4577,409.643,1,15
162,31.3614,17.5764,47.6914,1062.98,1,15
162,31.3622,17.575,-31.2551,233.138,1,15
162,30.8888,18.3943,-265.688,1501.68,1,15
162,30.5859,18.8937,-271.383,918.644,1,15
162,29.6254,20.3667,-47.1507,525.145,1,15
162,29.2884,20.8484,-107.844,1176.1,1,15
162,29.1213,21.0811,-261.514,1096.69,1,15
162,28.3394,22.1211,-145.793,200.781,1,15
162,27.4834,23.176,-109.391,1220.66,1,15
162,26.506,24.2879,0.752618,390.02,1,15
162,26.3103,24.4997,-282.539,337.883,1,15
162,25.9949,24.8341,56.3532,391.751,1,15
162,24.2752,26.5175,-40.1255,1217.99,1,15
162,23.2084,27.4561,22.7512,356.353,1,15
162,21.96,28.4644,-279.267,384.402,1,15
162,21.4955,28.8169,-233.497,267.563,1,15
162,21.4966,28.816,-282.009,298.528,1,15
162,19.882,29.9529,-294.698,425.612,1,15
162,19.512,30.1952,34.8976,1786.44,1,15
162,14.8062,32.7604,-251.687,902.62,1,15
162,14.0236,33.103,-30.2273,423.256,1,15
162,10.8781,34.2656,-102.51,464.445,1,15
162,10.2784,34.4503,-70.8055,110.15,1,15
162,9.77305,34.597,92.9894,472.903,1,15
162,6.19784,35.4126,-127.586,3575.5,1,15
162,5.53249,35.5227,-242.744,1547.83,1,15
162,3.40917,35.7889,-170.068,339.022,1,15
162,2.09655,35.8897,-295.071,437.418,1,15
162,1.55905,35.9171,-256.117,1428.41,1,15
162,0.300391,35.9496,-41.5043,41.1925,1,15
162,-4.0647,35.7204,-94.6929,992.797,1,15
162,-11.2551,34.1437,22.0134,386.943,1,15
162,-11.5355,34.05,-295.134,564.98,1,15
162,-12.0394,33.8751,-70.2574,617.351,1,15
162,-14.4676,32.9114,87.5296,95.7285,1,15
162,-14.3109,32.9798,-183.455,134.63,1,15
162,-14.5171,32.8895,-275.933,320.57,1,15
162,-15.1575,32.5994,44.3267,644.321,1,15
162,-15.5856,32.3969,53.348,13.1509,1,15
162,-16.2288,32.0795,-78.8249,544.604,1,15
162,-16.585,31.8968,-9.09019,381.705,1,15
162,-16.6045,31.8866,-251.549,561.388,1,15
162,-17.235,31.5503,9.61916,258.301,1,15
162,-19.0388,30.4958,-126.304,299.297,1,15
162,-19.9693,29.8947,34.8914,1198.95,1,15
162,-20.7285,29.3734,-136.688,115.02,1,15
162,-21.4084,28.8816,95.6046,181.384,1,15
162,-21.5956,28.7419,-15.8797,329.519,1,15
162,-22.4185,28.1047,100.167,403.829,1,15
162,-24.0568,26.7158,-286.592,399.027,1,15
162,-25.9916,24.8376,-4.33215,547.977,1,15
162,-26.0025,24.8262,-302.993,86.9447,1,15
162,-26.2244,24.5916,-286.225,392.782,1,15
162,-27.6863,22.9332,83.9381,204.367,1,15
162,-30.5308,18.9825,-56.9049,648.706,1,15
162,-31.7126,16.9345,-32.0734,65.6941,1,15
162,-32.1905,16.0075,-268.451,145.399,1,15
162,-32.9017,14.4894,-92.6912,737.314,1,15
162,-33.0255,14.2051,-275.547,81.2287,1,15
162,-33.58,12.8394,-161.078,3820.55,1,15
162,-34.0031,11.6728,74.3002,415.532,1,15
162,-34.0114,11.6488,-238.72,441.423,1,15
162,-34.8024,9.01433,-11.7374,34.4215,1,15
162,-36.4883,-1.58192,113.84,1129.08,0,16
162,-36.4073,-2.89918,209.124,310.777,0,16
162,-36.3866,-3.14936,249.753,163.285,0,16
162,-36.3208,-3.83396,298.4,358.946,0,16
162,-36.1924,-4.90028,259.567,651.037,0,16
162,-35.8895,-6.77076,-98.2341,335.756,0,16
162,-35.8228,-7.11532,269.718,210.059,0,16
162,-33.4682,-14.6212,292.672,1648.08,0,16
162,-33.4279,-14.7132,-57.8021,369.189,0,16
162,-33.1748,-15.2752,-64.2155,412.265,0,16
162,-33.0051,-15.6384,173.85,856.167,0,16
162,-32.6346,-16.3976,179.35,134.204,0,16
162,-32.2878,-17.0705,50.9164,254.233,0,16
162,-32.0547,-17.5043,264.559,2859,0,16
162,-30.7298,-19.7378,66.3474,58.7283,0,16
162,-30.5563,-20.0053,169.025,76.9537,0,16
162,-30.3412,-20.3301,-80.5934,464.568,0,16
162,-28.1197,-23.3063,164.284,43.3312,0,16
162,-27.8831,-23.5888,-34.259,1349.52,0,16
162,-27.0331,-24.5583,118.514,376.461,0,16
162,-26.6102,-25.0159,-57.3467,246.301,0,16
162,-25.0139,-26.6122,65.6027,70.4619,0,16
162,-24.3644,-27.208,223.303,2238.6,0,16
162,-19.8273,-30.6721,288.721,997.792,0,16
162,-18.625,-31.4167,183.654,254.881,0,16
162,-18.1389,-31.6999,254.351,740.828,0,16
162,-17.4628,-32.0772,166.338,67.7935,0,16
162,-16.8579,-32.3993,47.3285,227.736,0,16
162,-13.2747,-34.0247,41.9753,132.695,0,16
162,-13.0315,-34.1186,79.3798,72.9813,0,16
162,-8.84344,-35.4358,237.201,1196.03,0,16
162,-8.43954,-35.5341,141.666,291.071,0,16
162,-5.40052,-36.1211,72.1508,313.209,0,16
162,-4.24747,-36.2748,117.432,343.858,0,16
162,-2.86713,-36.4099,290.592,522.402,0,16
162,-2.62395,-36.4282,199.93,133.454,0,16
162,-1.65527,-36.4851,283.617,729.076,0,16
162,-1.05151,-36.5075,-105.391,146.512,0,16
162,-0.899445,-36.5115,-82.8778,796.349,0,16
162,-0.823432,-36.5133,-89.1439,408.751,0,16
162,0.69891,-36.5159,-97.0875,508.247,0,16
162,5.02954,-36.1746,-45.4216,694.452,0,16
162,5.8957,-36.0436,-72.2219,286.248,0,16
162,7.16379,-35.8131,-83.4641,451.391,0,16
162,7.58933,-35.7254,161.891,534.63,0,16
162,9.89052,-35.1579,79.4361,411.71,0,16
162,9.87119,-35.1633,174.808,1005.2,0,16
162,9.81769,-35.1783,296.49,234.23,0,16
162,11.4046,-34.6963,305.78,544.055,0,16
162,11.4118,-34.694,190.967,150.834,0,16
162,12.9415,-34.1529,266.199,280.326,0,16
162,13.0805,-34.0999,30.6354,157.121,0,16
162,13.2973,-34.0159,291.046,181.807,0,16
162,13.9917,-33.7362,-17.9788,215.047,0,16
162,16.3958,-32.6356,134.084,808.768,0,16
162,16.6814,-32.4905,92.4222,698.153,0,16
162,17.888,-31.8421,92.932,31.2081,0,16
162,18.7218,-31.3591,-24.2648,88.4977,0,16
162,18.8553,-31.279,113.587,246.866,0,16
162,18.9581,-31.2168,221.689,1351.29,0,16
162,19.9216,-30.6109,294.82,544.521,0,16
162,20.1441,-30.465,289.56,1597.21,0,16
162,20.6234,-30.1426,294.891,310.603,0,16
162,22.0062,-29.1484,158.732,305.054,0,16
162,24.4458,-27.1349,105.392,238.302,0,16
162,25.2346,-26.4029,-63.3141,194.616,0,16
162,27.256,-24.3108,73.9167,1499.1,0,16
162,27.2725,-24.2922,158.647,140.753,0,16
162,27.6147,-23.9024,193.185,454.108,0,16
162,27.7967,-23.6906,298.224,105.289,0,16
162,29.77,-21.1577,295.206,328.215,0,16
162,30.1569,-20.6025,68.7887,541.367,0,16
162,30.2892,-20.4075,172.6,432.998,0,16
162,30.9777,-19.3464,29.1279,393.601,0,16
162,31.7529,-18.0459,222.285,349.374,0,16
162,31.99,-17.6222,-75.4915,320.185,0,16
162,31.9191,-17.7503,239.102,402.198,0,16
162,33.0921,-15.4536,0.598312,287.167,0,16
162,33.9703,-13.4134,-65.6212,816.955,0,16
162,34.2239,-12.7524,50.3129,1021.18,0,16
162,34.972,-10.5289,-103.38,15.0139,0,16
162,35.5376,-8.42495,268.447,1293.51,0,16
162,36.0481,-5.86797,69.1975,1046.31,0,16
162,36.1848,-4.95572,-58.9757,282.998,0,16
162,36.3724,-3.3087,-34.1152,785.385,0,16
162,36.5037,1.17536,-40.3207,442.166,0,16
162,36.4888,1.56973,46.049,477.046,0,16
162,36.432,2.57085,-59.6371,397.493,0,16
162,36.3873,3.14109,134.257,811.454,0,16
162,36.3152,3.88636,226.481,1172.01,0,16
162,36.1869,4.94022,174.571,1804.18,0,16
162,35.8397,7.0296,-85.1471,373.805,0,16
162,35.7322,7.55733,224.019,112.018,0,16
162,35.7138,7.64365,-95.4921,358.828,0,16
162,33.9406,13.4884,297.742,306.01,0,16
162,33.5309,14.477,-77.3442,1484.25,0,16
162,33.159,15.3095,242.916,171.792,0,16
162,32.9988,15.6518,38.8832,194.34,0,16
162,32.3325,16.9855,302.309,239.168,0,16
162,31.2975,18.8247,-59.1186,290.701,0,16
162,31.4132,18.6308,18.2059,257.839,0,16
162,30.9342,19.4158,158.21,299.58,0,16
162,30.7645,19.6836,252.171,98.5964,0,16
162,30.4458,20.1731,-30.8419,252.383,0,16
162,29.6009,21.3936,-24.2525,10430,0,16
162,29.5832,21.418,0.076,11,0,16
162,29.4457,21.6068,264.316,670.965,0,16
162,29.1901,21.9509,98.5933,43.2774,0,16
162,24.9618,26.661,273.875,453.539,0,16
162,24.8858,26.732,305.607,299.197,0,16
162,23.85,27.66,230.035,606.533,0,16
162,22.9124,28.4415,253.227,522.191,0,16
162,21.2383,29.7126,-49.8172,1373.11,0,16
162,20.0437,30.5311,199.897,2012.39,0,16
162,20.1683,30.449,49.3838,96.36,0,16
162,18.9727,31.2079,-16.5438,395.486,0,16
162,18.4611,31.5133,113.775,246.829,0,16
162,16.3516,32.6577,143.651,277.751,0,16
162,16.1202,32.7726,131.732,266.015,0,16
162,15.9726,32.8447,202.379,126.54,0,16
162,14.7139,33.4276,47.8619,171.297,0,16
162,13.0546,34.1098,238.226,141.747,0,16
162,12.5991,34.2807,-35.9831,345.234,0,16
162,10.061,35.1095,191.675,524.684,0,16
162,8.12618,35.6071,-58.2461,119.652,0,16
162,6.385,35.9601,169.687,389.238,0,16
162,6.09606,36.0103,130.029,686.845,0,16
162,5.14851,36.1579,288.723,11897.9,0,16
162,4.59465,36.2324,84.5873,272.696,0,16
162,4.35277,36.2623,-81.6715,708.632,0,16
162,3.19959,36.3822,25.8483,699.41,0,16
162,1.89446,36.4734,53.0185,333.979,0,16
162,0.24856,36.5218,-102.775,303.961,0,16
162,-0.305139,36.5213,294.752,105.357,0,16
162,-0.659287,36.5166,144.631,215.141,0,16
162,-3.18821,36.3832,250.335,454.121,0,16
162,-4.52026,36.2418,280.029,336.372,0,16
162,-5.89523,36.0437,125.585,349.134,0,16
162,-6.40278,35.957,-4.89778,1116.98,0,16
162,-8.40073,35.5433,292.522,187.128,0,16
162,-10.5065,34.9787,-49.5698,175.054,0,16
162,-10.8638,34.8694,304.344,564.403,0,16
162,-11.5384,34.6521,-19.3271,293.911,0,16
162,-16.3849,32.641,299.13,423.812,0,16
162,-16.5718,32.5465,271.349,1886.87,0,16
162,-19.3522,30.9741,52.4136,90.89,0,16
162,-19.5126,30.8733,303.862,177.655,0,16
162,-23.2372,28.1768,275.533,828.265,0,16
162,-24.7898,26.821,-65.3343,401.452,0,16
162,-28.0164,23.4303,258.488,26.2571,0,16
162,-28.8844,22.3515,-59.3964,1120.13,0,16
162,-29.8986,20.9756,300.899,567.349,0,16
162,-30.8376,19.5689,-14.3517,248.106,0,16
162,-31.2451,18.9115,91.2278,367.108,0,16
162,-31.2484,18.9061,282.019,378.446,0,16
162,-31.3597,18.7208,-18.4573,632.404,0,16
162,-31.9767,17.6463,-68.1269,539.476,0,16
162,-33.5381,14.4601,243.736,1265.47,0,16
162,-34.2108,12.7876,206.716,398.317,0,16
162,-34.4172,12.2212,-82.8675,399.475,0,16
162,-35.4294,8.86913,32.5574,298.137,0,16
162,-35.3559,9.15768,97.8464,34.2203,0,16
162,-35.7383,7.52842,59.8167,190.317,0,16
162,-35.8494,6.97996,-76.1388,820.782,0,16
162,-35.9534,6.42288,-21.1229,177.639,0,16
162,-35.9968,6.17508,234.732,166.356,0,16
162,-36.3452,3.59527,247.079,883.245,0,16
162,-36.364,3.3995,-77.4879,702.33,0,16
162,-36.4391,-2.46755,-8.63408,170.917,1,16
162,-36.4023,-2.96176,-252.789,1340.09,1,16
162,-36.1549,-5.16961,-146.183,291.222,1,16
162,-35.1474,-9.92774,-268.494,192.325,1,16
162,-34.9878,-10.4763,-145.343,209.531,1,16
162,-34.8607,-10.8918,-69.645,328.425,1,16
162,-34.772,-11.1719,-20.1042,637.903,1,16
162,-34.463,-12.0913,9.28349,399.019,1,16
162,-33.7576,-13.94,-287.302,549.868,1,16
162,-33.7094,-14.0561,-39.8817,286.235,1,16
162,-33.1362,-15.3588,-64.3638,358.848,1,16
162,-32.6136,-16.4394,79.3614,2427.32,1,16
162,-32.6822,-16.3026,-82.1706,81.4297,1,16
162,-32.4481,-16.7636,97.0571,617.833,1,16
162,-31.2958,-18.8275,-110.994,180.855,1,16
162,-29.3024,-21.8006,-236.498,401.406,1,16
162,-27.5553,-23.9709,-250.146,630.053,1,16
162,-26.7965,-24.8163,36.4817,255.99,1,16
162,-22.2094,-28.9938,-245.663,636.913,1,16
162,-21.1098,-29.8039,47.4604,754.101,1,16
162,-19.5061,-30.8774,49.5996,399.162,1,16
162,-18.4339,-31.5292,-296.2,411.506,1,16
162,-17.2001,-32.2189,-267.926,977.976,1,16
162,-17.1833,-32.2278,-234.926,217.882,1,16
162,-16.24,-32.7134,101.01,116.666,1,16
162,-14.9569,-33.3195,-38.6659,195.705,1,16
162,-12.4382,-34.3393,-300.632,558.644,1,16
162,-12.1168,-34.4541,-73.3867,741.979,1,16
162,-11.4052,-34.6961,66.9527,205.994,1,16
162,-10.5538,-34.9645,75.9426,221.672,1,16
162,-9.90561,-35.1537,-97.2934,57.6004,1,16
162,-7.32853,-35.7798,-51.2237,2894.23,1,16
162,-4.88338,-36.1947,47.8583,569.028,1,16
162,-4.28131,-36.2708,-59.7467,405.768,1,16
162,-4.08371,-36.2936,-266.082,526.028,1,16
162,-3.82372,-36.3219,-274.564,184.906,1,16
162,-0.616617,-36.5174,-191.511,81.5687,1,16
162,-0.216496,-36.522,-275.444,1432.42,1,16
162,-0.195136,-36.5221,-248.033,541.918,1,16
162,2.20233,-36.4561,-97.526,233.494,1,16
162,2.3853,-36.4446,-286.984,824.234,1,16
162,5.08987,-36.1662,-89.0214,397.38,1,16
162,11.6505,-34.6145,-62.2145,641.808,1,16
162,11.8184,-34.5576,-145.473,240.725,1,16
162,12.2293,-34.4143,-246.057,319.89,1,16
162,15.0963,-33.2566,-206.988,12.0694,1,16
162,18.9013,-31.2513,99.4937,230.914,1,16
162,20.0554,-30.5235,-293.475,130.649,1,16
162,23.9322,-27.5889,-294.201,669.391,1,16
162,24.2021,-27.3525,-5.20491,149.131,1,16
162,24.4233,-27.1552,-128.548,12.2102,1,16
162,26.754,-24.8621,41.7102,820.077,1,16
162,28.9853,-22.2205,-276.568,199.349,1,16
162,29.2146,-21.9182,-257.896,910.225,1,16
162,29.8003,-21.115,-87.7801,283.564,1,16
162,29.82,-21.0872,-208.26,27.0971,1,16
162,33.1046,-15.4267,-191.856,105.067,1,16
162,33.4794,-14.5955,-256.181,149.235,1,16
162,34.1945,-12.8312,-283.742,207.69,1,16
162,34.444,-12.1454,-44.2964,308.22,1,16
162,34.9154,-10.7153,20.2361,271.639,1,16
162,35.8109,-7.1751,21.7039,46.2619,1,16
162,36.4907,-1.52536,-23.5905,44.4633,1,16
162,33.8144,13.8016,-12.6879,786.699,1,16
162,32.8749,15.9105,-212.383,789.241,1,16
162,31.833,17.9042,49.5287,1791.34,1,16
162,31.8634,17.8501,-30.3044,266.277,1,16
162,31.4167,18.625,-264.797,1049.73,1,16
162,30.8111,19.6107,-270.021,792.746,1,16
162,30.7074,19.7726,57.9985,84.0001,1,16
162,30.1418,20.6245,-46.3585,622.819,1,16
162,29.8378,21.062,-107.758,806.553,1,16
162,29.6253,21.3598,-259.976,304.492,1,16
162,28.6964,22.5924,-144.86,116.05,1,16
162,27.9507,23.5087,-108.463,876.924,1,16
162,26.92,24.6823,1.51661,165.839,1,16
162,26.7163,24.9026,-281.619,1014.17,1,16
162,25.3094,26.3313,-269.996,3257.06,1,16
162,24.6903,26.9126,-40.4829,2341.36,1,16
162,23.9816,27.546,-142.247,139.188,1,16
162,22.738,28.5812,-18.8913,961.704,1,16
162,22.3995,28.8473,-278.391,455.11,1,16
162,21.9025,29.2264,-281.226,311.939,1,16
162,20.8089,30.0149,36.1129,567.561,1,16
162,20.2981,30.3626,57.4542,376.157,1,16
162,20.3009,30.3607,35.3841,188.647,1,16
162,20.0611,30.5197,-294.061,154.159,1,16
162,17.8191,31.8807,42.5653,61.6159,1,16
162,15.1943,33.2119,-250.474,950.049,1,16
162,13.9828,33.7399,-29.9078,521.911,1,16
162,10.9816,34.8325,-101.701,233.537,1,16
162,10.5289,34.972,-70.2263,27.2341,1,16
162,6.24352,35.985,-131.666,6052.92,1,16
162,5.59167,36.092,-241.68,373.836,1,16
162,3.86601,36.3174,-169.494,74.6755,1,16
162,2.28785,36.4509,-294.269,743.28,1,16
162,1.50942,36.4914,-254.648,642.768,1,16
162,-4.37787,36.2593,-92.9997,1557.31,1,16
162,-5.32209,36.1328,72.8937,162.582,1,16
162,-11.5851,34.6365,-294.351,142.91,1,16
162,-11.9084,34.5267,-156.149,586.507,1,16
162,-12.2507,34.4067,-69.4543,563.626,1,16
162,-13.4459,33.9575,-267.107,614.074,1,16
162,-14.2403,33.632,-181.987,257.38,1,16
162,-14.6052,33.4752,-296.974,402.461,1,16
162,-15.0378,33.2831,-275.216,121.501,1,16
162,-15.758,32.9482,53.8036,315.521,1,16
162,-16.4512,32.6076,-78.2631,400.269,1,16
162,-16.9174,32.3682,-7.63014,639.241,1,16
162,-17.3304,32.149,9.82744,324.782,1,16
162,-20.555,30.1893,35.5921,531.328,1,16
162,-21.155,29.7719,-135.664,368.134,1,16
162,-21.4687,29.5465,95.9591,486.277,1,16
162,-21.9739,29.1727,-14.5125,232.037,1,16
162,-23.4011,28.0408,-40.6913,1227.94,1,16
162,-26.3679,25.2712,-148.615,488.294,1,16
162,-26.6426,24.9814,-3.60121,241.134,1,16
162,-28.2383,23.1624,85.2507,577.831,1,16
162,-28.5212,22.8132,-139.798,913.145,1,16
162,-30.0531,20.7537,-287.512,83.246,1,16
162,-31.0733,19.1925,-55.9035,914.676,1,16
162,-33.6641,14.1643,-280.081,48.1886,1,16
162,-34.0872,13.1134,-157.794,1509.44,1,16
162,-34.4885,12.0185,-92.9879,2274.05,1,16
162,-34.5394,11.8714,-237.355,1135.71,1,16
162,-34.7603,11.2082,-303.772,3821.98,1,16
162,-37.0562,-1.66716,112.771,719.807,0,17
162,-36.9842,-2.84771,248.722,263.411,0,17
162,-36.8976,-3.80868,209.104,464.854,0,17
162,-36.8785,-3.98946,151.554,1187.35,0,17
162,-36.8837,-3.94117,297.195,1387.02,0,17
162,-36.6643,-5.62787,259.799,453.791,0,17
162,-36.4674,-6.78739,-99.0237,482.835,0,17
162,-36.3764,-7.25934,268.9,758.873,0,17
162,-36.1497,-8.31509,42.8652,3808.14,0,17
162,-33.9878,-14.8583,-58.3847,321.759,0,17
162,-33.8083,-15.2624,293.305,1926.88,0,17
162,-33.9846,-14.8656,145.875,194.433,0,17
162,-33.5249,-15.8752,-64.8303,321.687,0,17
162,-33.5074,-15.9122,-17.9242,739.35,0,17
162,-33.124,-16.6955,178.423,345.453,0,17
162,-32.5934,-17.709,264.204,2945.38,0,17
162,-31.1632,-20.1195,65.4948,103.172,0,17
162,-31.1374,-20.1595,168.042,124.881,0,17
162,-30.7647,-20.7237,-81.9089,768.616,0,17
162,-30.6399,-20.9078,106.863,370.751,0,17
162,-29.8016,-22.0863,-10.948,26.0693,0,17
162,-29.8016,-22.0863,19.7566,102.911,0,17
162,-28.5391,-23.6952,-33.973,613.119,0,17
162,-27.2014,-25.2195,117.825,245.796,0,17
162,-25.2292,-27.1924,64.8383,50.2513,0,17
162,-24.9584,-27.4412,-91.0528,62.7846,0,17
162,-24.7743,-27.6075,222.098,1239.33,0,17
162,-21.9289,-29.9176,6.02629,554.681,0,17
162,-20.8332,-30.6907,288.697,473.057,0,17
162,-17.7007,-32.598,165.638,229.101,0,17
162,-17.329,-32.7971,46.4624,825.332,0,17
162,-13.8125,-34.4261,285.148,73.2146,0,17
162,-13.3227,-34.6186,41.4035,136.24,0,17
162,-9.04528,-35.974,235.816,415.382,0,17
162,-8.54368,-36.0964,294.672,475.422,0,17
162,-8.4427,-36.1201,141.154,289.164,0,17
162,-8.39742,-36.1307,292.277,227.616,0,17
162,-6.35246,-36.5457,274.404,53.2497,0,17
162,-5.86396,-36.6273,274.612,37.2896,0,17
162,-5.40655,-36.6976,70.4822,118.863,0,17
162,-4.34548,-36.8383,-31.1598,347.247,0,17
162,-4.37051,-36.8353,116.648,757.045,0,17
162,-2.87932,-36.9818,289.878,721.979,0,17
162,-1.78119,-37.0509,282.981,409.231,0,17
162,-1.59818,-37.0593,-40.8475,433.436,0,17
162,-1.10301,-37.0773,-82.3533,414.126,0,17
162,-0.929703,-37.082,-105.5,20,0,17
162,-0.518359,-37.0901,-17.2761,479.171,0,17
162,0.581846,-37.0891,-97.9191,451.458,0,17
162,4.88881,-36.7701,-45.9528,494.667,0,17
162,5.48924,-36.6853,-72.2798,190.882,0,17
162,5.79029,-36.639,236.85,772.334,0,17
162,7.74438,-36.2763,-83.7743,673.941,0,17
162,9.94574,-35.7355,295.26,60.5531,0,17
162,10.2363,-35.6533,173.5,809.45,0,17
162,10.7238,-35.5098,304.18,444.751,0,17
162,11.4972,-35.2669,305.529,728.815,0,17
162,11.8465,-35.1512,190.507,120.166,0,17
162,12.1336,-35.0531,192.689,239.72,0,17
162,12.2772,-35.003,145.49,673.473,0,17
162,13.0643,-34.717,228.469,271.85,0,17
162,13.1983,-34.6662,265.201,459.156,0,17
162,13.3873,-34.5937,290.35,347.211,0,17
162,13.572,-34.5216,30.1282,195.939,0,17
162,16.7585,-33.0922,34.3169,821.489,0,17
162,16.7721,-33.0853,133.228,664.041,0,17
162,16.7038,-33.1199,288.304,408.265,0,17
162,18.3045,-32.2628,92.689,344.124,0,17
162,18.7962,-31.9788,113.485,282.93,0,17
162,19.1612,-31.7615,-24.7017,445.428,0,17
162,21.5852,-30.1665,160.348,2.03169,0,17
162,21.8748,-29.9572,158.639,409.604,0,17
162,24.8483,-27.5409,104.7,57.3557,0,17
162,25.6662,-26.7804,-63.9997,319.232,0,17
162,27.1281,-25.2984,260.463,368.046,0,17
162,27.6948,-24.6767,72.8834,1041.59,0,17
162,27.9711,-24.3631,192.471,422.118,0,17
162,28.173,-24.1293,297.315,222.313,0,17
162,29.3841,-22.6388,127.456,247.125,0,17
162,30.1535,-21.6034,294.366,537.562,0,17
162,30.5875,-20.9845,68.0372,791.814,0,17
162,30.7868,-20.6909,172.091,262.744,0,17
162,31.3905,-19.763,28.354,701.185,0,17
162,32.248,-18.3305,221.148,131.45,0,17
162,32.441,-17.9867,238.307,242.748,0,17
162,33.5892,-15.7388,-0.29687,244.088,0,17
162,34.5057,-13.6123,-66.4344,402.786,0,17
162,34.7724,-12.9159,49.4972,331.252,0,17
162,35.5619,-10.5496,-66.4932,788.033,0,17
162,36.1132,-8.47235,266.817,528.116,0,17
162,36.5795,-6.15495,68.2831,89.2791,0,17
162,36.6984,-5.40072,-60.1959,528.065,0,17
162,36.9349,-3.42873,-103.646,1210.51,0,17
162,37.0205,-2.32998,32.0007,496.42,0,17
162,37.0907,0.474805,144.782,468.164,0,17
162,37.0752,1.17036,-41.8812,319.562,0,17
162,37.0653,1.45061,45.6302,69.6974,0,17
162,36.9956,2.6956,-60.5356,130.749,0,17
162,36.8793,3.98286,225.26,234.14,0,17
162,36.2576,7.83105,-96.3231,461.062,0,17
162,36.0461,8.75336,195.498,153.483,0,17
162,34.3477,14.0064,80.3895,175.884,0,17
162,34.1169,14.5595,-77.9789,432.402,0,17
162,33.7362,15.4212,241.588,925.665,0,17
162,32.7739,17.3728,301.457,406.333,0,17
162,32.5278,17.8293,173.002,190.982,0,17
162,32.0372,18.6966,-58.814,306.998,0,17
162,31.6986,19.265,98.136,314.52,0,17
162,31.2292,20.0169,157.555,221.379,0,17
162,30.8226,20.6376,39.9534,336.664,0,17
162,30.7663,20.7213,-42.6721,371.123,0,17
162,30.5701,21.0098,218.188,1658.47,0,17
162,29.8476,22.0242,263.502,460.948,0,17
162,28.959,23.1801,209.178,99.748,0,17
162,25.4584,26.978,304.964,182.599,0,17
162,24.9317,27.4654,303.064,445.358,0,17
162,24.5753,27.7849,43.8947,492.044,0,17
162,24.2769,28.0459,228.709,212.312,0,17
162,23.4331,28.7547,251.733,309.935,0,17
162,22.0945,29.7956,221.441,635.745,0,17
162,21.6395,30.1276,-49.8803,1983.17,0,17
162,20.3318,31.0252,199.944,669.966,0,17
162,18.5639,32.1142,112.572,258.338,0,17
162,16.4693,33.2371,143.363,425.563,0,17
162,16.2904,33.3251,202.375,431.037,0,17
162,15.0536,33.9018,47.1169,233.467,0,17
162,13.4531,34.5681,57.8958,231.116,0,17
162,12.7449,34.8355,-36.8192,440.307,0,17
162,10.5722,35.5552,191.781,588.58,0,17
162,8.45113,36.1182,220.858,260.45,0,17
162,7.14551,36.399,-97.0343,143.55,0,17
162,5.96046,36.6117,129.301,612.776,0,17
162,5.44535,36.6918,288.757,10114.5,0,17
162,4.55814,36.8126,83.3123,817.049,0,17
162,3.18643,36.9566,24.6528,3540.96,0,17
162,2.50965,37.0087,129.407,188.646,0,17
162,1.19691,37.0744,184.628,475.011,0,17
162,0.103325,37.0936,-103.213,104.109,0,17
162,-0.612256,37.0886,294.319,277.632,0,17
162,-1.69017,37.0552,97.8305,1474.38,0,17
162,-3.23688,36.9522,249.757,173.636,0,17
162,-3.75746,36.9029,192.965,347.236,0,17
162,-4.73827,36.7898,279.406,234.043,0,17
162,-5.64754,36.6613,125.279,407.995,0,17
162,-6.52473,36.5153,-5.61397,247.898,0,17
162,-6.55737,36.5095,294.244,253.215,0,17
162,-8.69338,36.0606,291.693,447.491,0,17
162,-10.7473,35.5026,302.89,216.388,0,17
162,-11.6659,35.2115,-20.721,220.161,0,17
162,-12.7121,34.8474,265.917,395.608,0,17
162,-12.8883,34.7827,-101.501,1863.24,0,17
162,-13.9897,34.3545,305.78,79.9723,0,17
162,-16.8074,33.0674,297.676,449.822,0,17
162,-17.2017,32.864,-94.313,594.932,0,17
162,-19.8441,31.3393,303.161,525.222,0,17
162,-22.1834,29.7294,65.623,281.938,0,17
162,-22.5812,29.4284,305.78,54.0277,0,17
162,-23.9386,28.3353,273.333,1107.08,0,17
162,-25.1459,27.2695,-66.7632,324.968,0,17
162,-28.6184,23.5994,257.091,255.026,0,17
162,-30.207,21.5285,-88.5957,408.707,0,17
162,-31.3357,19.8499,-105.5,179,0,17
162,-31.3668,19.8006,-14.6312,694.867,0,17
162,-31.5349,19.5318,280.905,367.139,0,17
162,-31.9432,18.8566,-19.6667,620.943,0,17
162,-32.4331,18.0011,-68.0245,1552.14,0,17
162,-33.4058,16.1244,283.347,134.865,0,17
162,-34.1031,14.5918,242.439,2472.43,0,17
162,-34.5708,13.4463,56.0221,2020.42,0,17
162,-35.0047,12.2725,-83.9898,450.757,0,17
162,-35.2257,11.6228,2.65167,370.652,0,17
162,-35.3585,11.2124,185.423,354.134,0,17
162,-35.5659,10.536,291.705,297.765,0,17
162,-35.9393,9.18201,303.805,1139.12,0,17
162,-36.0674,8.66509,32.9439,1486.01,0,17
162,-36.0702,8.65344,163.929,786.989,0,17
162,-36.2304,7.95621,-69.6092,128.1,0,17
162,-36.3878,7.20231,-77.0725,894.613,0,17
162,-36.4066,7.1066,89.5001,994.768,0,17
162,-36.3757,7.26294,265.869,108.416,0,17
162,-36.4549,6.85453,-21.2081,247.918,0,17
162,-36.5254,6.4683,234.323,90.6689,0,17
162,-36.7783,4.82697,10.6399,170.425,0,17
162,-36.8473,4.26873,141.125,137.095,0,17
162,-36.8993,3.79297,245.148,649.212,0,17
162,-36.9436,3.33371,-78.2593,1030.25,0,17
162,-36.9702,3.02459,222.267,408.474,0,17
162,-37.0916,0.397897,127.558,1207.12,0,17
162,-37.081,-0.970943,-148.823,191.218,1,17
162,-36.9972,-2.67346,-7.6046,179.684,1,17
162,-36.9622,-3.12097,-251.596,470.824,1,17
162,-36.6407,-5.77942,46.8795,210.159,1,17
162,-36.244,-7.89399,-114.817,31.1956,1,17
162,-36.1538,-8.29727,86.0995,105.821,1,17
162,-36.1538,-8.29727,-114.556,14.0416,1,17
162,-36.0591,-8.69952,85.572,12.1387,1,17
162,-35.6926,-10.0985,-100.14,23.0139,1,17
162,-35.5347,-10.641,-69.2211,331.811,1,17
162,-35.4986,-10.7607,-20.4926,229.342,1,17
162,-35.4961,-10.7689,-144.429,184.438,1,17
162,-35.0378,-12.1776,10.1113,110.697,1,17
162,-34.8667,-12.6592,-39.6145,1425.27,1,17
162,-34.0413,-14.7355,-298.377,69.6575,1,17
162,-33.8009,-15.2788,95.6824,474.126,1,17
162,-33.8216,-15.2329,-64.8938,359.042,1,17
162,-33.2376,-16.4683,79.8957,1448.17,1,17
162,-33.162,-16.62,48.1066,388.49,1,17
162,-33.0081,-16.9235,98.1667,744.849,1,17
162,-31.9528,-18.8403,-110.237,196.618,1,17
162,-31.3575,-19.8155,42.4744,341.945,1,17
162,-28.0698,-24.2493,-248.866,426.859,1,17
162,-27.9431,-24.3952,-96.2373,169.925,1,17
162,-27.8395,-24.5133,-100.362,244.26,1,17
162,-27.4049,-24.9983,37.2446,454.455,1,17
162,-22.5592,-29.4453,-244.252,90.5814,1,17
162,-18.9698,-31.8761,-304.591,248.174,1,17
162,-18.7468,-32.0078,-295.465,276.174,1,17
162,-17.486,-32.7137,-233.67,246.569,1,17
162,-16.6761,-33.1338,100.986,244.908,1,17
162,-15.834,-33.5444,-296.147,267.765,1,17
162,-15.3882,-33.7512,-37.6069,503.906,1,17
162,-13.0734,-34.7135,48.2408,136.574,1,17
162,-12.7197,-34.8447,-299.234,1038.18,1,17
162,-11.8745,-35.1417,67.5803,28.4244,1,17
162,-10.6413,-35.5346,76.6911,199.902,1,17
162,-10.0774,-35.6986,70.4918,956.957,1,17
162,-10.0175,-35.7154,-97.9018,125.459,1,17
162,-7.17893,-36.3924,-49.5533,1149.18,1,17
162,-4.38972,-36.833,-59.1289,321.787,1,17
162,-4.1458,-36.8613,-274.312,215.881,1,17
162,-3.89574,-36.8886,-264.386,805.912,1,17
162,-3.46067,-36.9319,102.013,551.897,1,17
162,-0.390544,-37.0916,-274.643,1151.34,1,17
162,2.07928,-37.0354,-97.2459,314.24,1,17
162,2.30246,-37.0222,-286.169,63.3068,1,17
162,4.52427,-36.8168,-297.899,221.231,1,17
162,5.67301,-36.6573,-286.34,499.268,1,17
162,5.50833,-36.6824,-305.603,311.777,1,17
162,10.7529,-35.501,-204.501,310.493,1,17
162,11.8085,-35.1639,-61.4188,290.239,1,17
162,12.0828,-35.0706,-144.73,482.813,1,17
162,12.46,-34.9384,-245.176,121.598,1,17
162,14.004,-34.3487,-24.4991,30.2938,1,17
162,19.1756,-31.7528,100.5,497.597,1,17
162,20.4357,-30.9568,-292.87,268.457,1,17
162,20.9078,-30.6399,22.7988,49.6705,1,17
162,23.8089,-28.4443,-277.887,396.755,1,17
162,24.7598,-27.6205,-4.44328,54.4819,1,17
162,24.8094,-27.576,-124.86,623.223,1,17
162,24.9668,-27.4335,-275.869,335.528,1,17
162,27.2842,-25.1299,43.5896,460.558,1,17
162,27.3923,-25.012,-205.233,298.601,1,17
162,29.3021,-22.7449,-275.733,178.412,1,17
162,29.5051,-22.4809,-257.13,695.385,1,17
162,30.0624,-21.73,-87.2839,267.281,1,17
162,30.088,-21.6945,-275.278,295.659,1,17
162,30.523,-21.0782,-208.269,101.34,1,17
162,33.5157,-15.8946,12.5252,298.643,1,17
162,33.5215,-15.8825,-88.2682,563.132,1,17
162,33.7455,-15.4007,47.7201,1313.56,1,17
162,33.7217,-15.4528,-191.422,115.332,1,17
162,34.7863,-12.8784,-282.412,648.273,1,17
162,34.9016,-12.5627,-43.4214,158.868,1,17
162,35.1767,-11.7703,-96.6061,152.952,1,17
162,35.4263,-10.9964,19.7755,222.586,1,17
162,36.2453,-7.88804,-299.24,348.516,1,17
162,36.2606,-7.81729,33.1639,494.316,1,17
162,36.3789,-7.24713,21.8134,604.778,1,17
162,36.6445,-5.755,-268.051,238.764,1,17
162,36.846,-4.27967,-209.727,356.823,1,17
162,37.0198,-2.34072,-125.018,806.304,1,17
162,37.0603,-1.57269,-22.5806,177.168,1,17
162,36.8468,4.27229,-281.778,663.618,1,17
162,36.6857,5.48667,-135.302,414.52,1,17
162,36.6151,5.93924,103.522,425.036,1,17
162,36.5341,6.41875,-167.072,539.024,1,17
162,36.5096,6.55691,12.6433,221.991,1,17
162,36.4886,6.67271,-302.921,290.182,1,17
162,36.3982,7.14951,-253.312,464.338,1,17
162,36.0114,8.8951,64.5487,400.751,1,17
162,34.3487,14.004,-11.5022,784.066,1,17
162,31.968,18.8146,-263.519,367.332,1,17
162,29.175,22.9076,-143.929,127.246,1,17
162,27.0203,25.4135,-280.814,92.0602,1,17
162,26.5919,25.8614,57.5498,61.8333,1,17
162,25.7238,26.725,-269.214,3083.95,1,17
162,25.1019,27.31,-40.7591,1256.12,1,17
162,24.8598,27.5306,-265.096,162.199,1,17
162,24.2517,28.0677,-141.589,407.64,1,17
162,23.9694,28.3092,22.4452,417.105,1,17
162,23.0282,29.08,-18.2445,323.08,1,17
162,22.8912,29.1879,-277.687,480.676,1,17
162,22.302,29.6406,-280.788,439.559,1,17
162,21.6925,30.0895,36.7372,188.986,1,17
162,20.6663,30.8033,57.8974,282.851,1,17
162,20.2564,31.0745,-293.362,62.3345,1,17
162,18.1953,32.3245,43.1885,181.647,1,17
162,15.7055,33.6047,-248.792,707.152,1,17
162,11.0704,35.4032,-100.897,419.464,1,17
162,10.7966,35.4877,-69.6803,242.704,1,17
162,6.31646,36.5519,-128.059,1349.57,1,17
162,5.66614,36.6584,-240.523,425.101,1,17
162,4.02117,36.8751,-168.611,66.6281,1,17
162,2.43356,37.0138,-293.663,1684.33,1,17
162,1.39806,37.0673,-253.441,550.22,1,17
162,0.309941,37.0924,-41.3195,53.7465,1,17
162,-4.67109,36.7984,-91.3947,397.809,1,17
162,-5.5735,36.6726,72.5789,472.74,1,17
162,-8.29727,36.1538,79.7744,58.3418,1,17
162,-11.9275,35.1237,22.4602,968.563,1,17
162,-11.9954,35.1006,-155.803,930.127,1,17
162,-14.3781,34.1937,-180.653,523.942,1,17
162,-14.9775,33.9355,87.5928,257.745,1,17
162,-15.2525,33.8128,-296.452,26.2146,1,17
162,-15.574,33.6659,45.2013,570.089,1,17
162,-15.4511,33.7225,-274.308,735.656,1,17
162,-17.264,32.8313,-5.91807,773.611,1,17
162,-19.3897,31.6225,-124.291,598.574,1,17
162,-21.1299,30.4872,36.3214,155.908,1,17
162,-22.3496,29.6047,-13.6479,99.3866,1,17
162,-23.172,28.9655,100.202,486.564,1,17
162,-24.6809,27.6911,-285.648,283.776,1,17
162,-26.6913,25.7588,-286.428,163.561,1,17
162,-26.8215,25.6232,-148.257,124.142,1,17
162,-26.9366,25.5021,-301.999,268.211,1,17
162,-28.7514,23.4372,86.5518,1027.37,1,17
162,-28.8451,23.3218,-139.274,2255.89,1,17
162,-30.2589,21.4556,-285.949,440.777,1,17
162,-31.6677,19.3158,-55.1914,1167.53,1,17
162,-32.6328,17.6364,-30.8317,457.793,1,17
162,-34.0833,14.638,-93.184,866.699,1,17
162,-34.1535,14.4735,-279.66,259.108,1,17
162,-34.1905,14.3858,-273.781,70.5391,1,17
162,-34.5542,13.4889,-158.214,1112.66,1,17
162,-35.0393,12.1734,74.7095,636.854,1,17
162,-35.0666,12.0945,-235.936,863.498,1,17
162,-35.1818,11.7551,-303.225,658.701,1,17
162,-37.6647,-0.153438,127.754,389.517,0,18
162,-37.6253,-1.72923,112.025,334.612,0,18
162,-37.5672,-2.71226,247.459,694.236,0,18
162,-37.4592,-3.93175,151.01,270.51,0,18
162,-37.4485,-4.03281,296.014,535.693,0,18
162,-37.3976,-4.47983,209.136,527.841,0,18
162,-37.1914,-5.95424,259.14,2,0,18
162,-37.1065,-6.46244,260.009,417.338,0,18
162,-36.9356,-7.37658,268.038,793.216,0,18
162,-36.7088,-8.43318,41.7372,329.057,0,18
162,-34.4764,-15.1667,145.018,299.227,0,18
162,-34.2012,-15.7774,202.833,133.91,0,18
162,-34.2374,-15.6988,293.398,1799.68,0,18
162,-34.0266,-16.1507,173.358,956.352,0,18
162,-33.3756,-17.4562,50.9225,225.943,0,18
162,-33.2617,-17.6723,263.55,1186.63,0,18
162,-31.7193,-20.311,166.815,563.877,0,18
162,-31.1714,-21.1423,-83.3718,226.365,0,18
162,-31.1118,-21.2298,45.868,11.0829,0,18
162,-29.8817,-22.929,82.4891,957.174,0,18
162,-28.8718,-24.1882,164.508,430.458,0,18
162,-27.5804,-25.651,-58.0711,624.602,0,18
162,-27.5053,-25.7315,116.927,409.596,0,18
162,-26.2584,-27.0028,-37.0377,221.907,0,18
162,-26.0405,-27.2129,201.424,179.807,0,18
162,-25.5332,-27.6895,254.168,56.6695,0,18
162,-25.4014,-27.8104,64.3992,176.32,0,18
162,-25.2961,-27.9063,-91.729,379.934,0,18
162,-25.1826,-28.0087,221.228,456.968,0,18
162,-21.9457,-30.6111,4.91603,443.313,0,18
162,-21.5214,-30.9109,288.858,143.338,0,18
162,-19.1044,-32.4604,182.142,38.4494,0,18
162,-18.4381,-32.8434,254.068,640.712,0,18
162,-17.9174,-33.1303,45.2129,616.111,0,18
162,-17.9541,-33.1104,164.886,57.465,0,18
162,-9.28471,-36.5027,234.291,1376.07,0,18
162,-8.98754,-36.577,294.991,382.223,0,18
162,-8.54302,-36.6834,291.363,391.829,0,18
162,-5.4162,-37.2735,69.4967,602.541,0,18
162,-4.21295,-37.4286,-55.1469,934.772,0,18
162,-4.47524,-37.3982,115.792,476.311,0,18
162,-2.9482,-37.5494,199.747,368.236,0,18
162,-2.91653,-37.5519,289.072,306.559,0,18
162,-1.93327,-37.6154,282.265,416.955,0,18
162,-1.5568,-37.6328,-81.7369,336.021,0,18
162,-1.68412,-37.6273,-41.2345,308.052,0,18
162,-0.901319,-37.6542,-88.7491,1366.17,0,18
162,-0.523064,-37.6614,-17.0633,319.36,0,18
162,0.491539,-37.6618,-98.753,284.587,0,18
162,5.98291,-37.1868,235.489,411.026,0,18
162,7.78623,-36.8514,161.714,542.118,0,18
162,8.31788,-36.7351,-83.9797,910.076,0,18
162,10.5129,-36.1681,172.101,46.3174,0,18
162,10.6762,-36.1202,303.524,87.6387,0,18
162,11.6163,-35.829,304.891,578.77,0,18
162,12.2363,-35.622,190.003,405.905,0,18
162,12.3913,-35.5684,144.778,207.195,0,18
162,12.3853,-35.5704,192.287,407.843,0,18
162,13.4737,-35.1726,264.003,716.101,0,18
162,13.5042,-35.1609,228.427,373.638,0,18
162,13.5095,-35.1588,289.612,348.928,0,18
162,14.5867,-34.7258,-18.1285,344.074,0,18
162,16.981,-33.6199,91.9791,1288.41,0,18
162,16.8612,-33.6802,287.503,1107.74,0,18
162,16.9586,-33.6312,33.9102,802.107,0,18
162,17.1444,-33.5368,132.349,1345.02,0,18
162,19.5586,-32.1887,-25.0005,664.332,0,18
162,20.4943,-31.6012,293.509,687.327,0,18
162,20.5496,-31.5653,287.02,381.906,0,18
162,21.3269,-31.0454,294.251,213.571,0,18
162,25.3331,-27.8727,104.08,773.605,0,18
162,26.1532,-27.1047,-64.8242,558.047,0,18
162,27.5974,-25.6327,259.505,363.263,0,18
162,28.1304,-25.0466,72.0797,1468.57,0,18
162,28.4518,-24.6809,157.484,831.595,0,18
162,29.7656,-23.0795,126.792,85.2913,0,18
162,30.5129,-22.082,293.679,443.92,0,18
162,31.0172,-21.3679,67.3046,360.041,0,18
162,31.278,-20.9842,171.669,218.957,0,18
162,31.8306,-20.1362,27.2198,1084.29,0,18
162,32.9131,-18.3134,-76.323,134.657,0,18
162,32.993,-18.169,237.552,325.806,0,18
162,34.0859,-16.0251,-1.04661,162.68,0,18
162,35.0358,-13.8255,-67.4837,455.982,0,18
162,35.3263,-13.0654,48.7042,134.378,0,18
162,35.9435,-11.257,-103.39,164.971,0,18
162,36.079,-10.8146,-66.7458,219.208,0,18
162,36.6882,-8.5223,265.473,676.618,0,18
162,37.2195,-5.77578,-61.3154,590.178,0,18
162,37.5083,-3.43189,-34.4419,992.019,0,18
162,37.4928,-3.59739,-104.815,991.641,0,18
162,37.6642,0.253137,145.184,1065.06,0,18
162,37.6467,1.17239,-43.04,678.39,0,18
162,37.643,1.28725,45.3321,405.554,0,18
162,37.5544,2.88368,-61.3999,199.832,0,18
162,37.4962,3.56168,133.425,28.1631,0,18
162,37.4433,4.08093,223.729,916.104,0,18
162,37.4055,4.41384,172.784,1371.76,0,18
162,36.9305,7.40197,-85.8647,239.531,0,18
162,36.9109,7.4991,224.455,170.795,0,18
162,36.7997,8.02729,-97.7315,727.386,0,18
162,36.7166,8.39913,195.34,436.045,0,18
162,34.9256,14.1015,79.8593,201.305,0,18
162,34.6803,14.6945,-78.6385,258.45,0,18
162,34.2825,15.6001,240.055,1067.52,0,18
162,33.1066,17.9611,300.095,825.204,0,18
162,32.7015,18.6886,173.237,486.636,0,18
162,32.3434,19.3016,15.848,479.297,0,18
162,31.9062,20.0161,305.726,140.277,0,18
162,31.2085,21.0875,-27.7274,9110.61,0,18
162,31.2566,21.0161,-43.3098,464.178,0,18
162,31.1228,21.2137,39.7,865.8,0,18
162,31.109,21.234,217.756,1631.18,0,18
162,30.1905,22.5208,262.374,1745.44,0,18
162,30.1352,22.5947,209.108,26.0416,0,18
162,29.7873,23.0515,209.264,91.8827,0,18
162,27.7223,25.4976,240.484,15.1404,0,18
162,25.8827,27.363,271.464,1200.87,0,18
162,25.9288,27.3194,303.971,145.22,0,18
162,25.3364,27.8697,302.12,363.527,0,18
162,25.0465,28.1305,43.8331,224.516,0,18
162,24.6966,28.4382,227.212,562.09,0,18
162,23.9826,29.0429,139.299,149.481,0,18
162,23.9038,29.1078,250.841,498.165,0,18
162,22.054,30.5332,-49.9656,2134.73,0,18
162,20.8573,31.3628,49.3322,91.8863,0,18
162,20.6461,31.5023,199.965,1132.82,0,18
162,19.8793,31.9917,-16.6438,828.344,0,18
162,18.686,32.703,111.253,99.155,0,18
162,16.8772,33.6721,130.869,91.7604,0,18
162,15.3358,34.4016,46.1947,176.658,0,18
162,13.9113,35.0018,57.5625,627.107,0,18
162,13.1132,35.3086,237.855,450.065,0,18
162,8.05334,36.794,-58.8496,350.751,0,18
162,6.34359,37.127,169.362,178.724,0,18
162,5.92959,37.1953,128.474,645.155,0,18
162,5.76975,37.2205,289.308,11872.1,0,18
162,4.53538,37.3909,-82.2138,435.546,0,18
162,4.5621,37.3877,82.0591,1116.92,0,18
162,3.12537,37.5351,23.2458,877.633,0,18
162,2.70309,37.5679,128.419,886.532,0,18
162,2.21596,37.5998,52.6949,306.767,0,18
162,1.36583,37.6402,184.066,711.215,0,18
162,-0.776943,37.657,293.65,798.267,0,18
162,-3.39976,37.5112,192.622,426.018,0,18
162,-3.28051,37.5219,248.832,284.504,0,18
162,-4.91626,37.3428,278.795,40.5662,0,18
162,-6.6914,37.0659,-6.70633,351.699,0,18
162,-6.87526,37.0322,293.448,1007.56,0,18
162,-8.98178,36.5784,290.761,520.124,0,18
162,-10.2761,36.2361,291,336.95,0,18
162,-10.7853,36.0878,301.3,469.986,0,18
162,-10.9318,36.0437,-49.8673,269.957,0,18
162,-11.8342,35.7576,-21.5714,141.035,0,18
162,-13.1171,35.3072,265.607,797.523,0,18
162,-13.8963,35.0078,305.655,139.621,0,18
162,-16.8576,33.6819,268.558,205.317,0,18
162,-17.2626,33.4762,296.072,341.47,0,18
162,-17.567,33.3175,-94.6256,668.777,0,18
162,-19.7507,32.0712,51.9803,119.883,0,18
162,-20.1833,31.8008,302.32,601.563,0,18
162,-22.975,29.8463,305.592,148.942,0,18
162,-24.4644,28.6382,271.94,753.065,0,18
162,-25.5156,27.7057,-67.4904,407.875,0,18
162,-29.2702,23.7046,255.835,183.184,0,18
162,-30.001,22.7727,-59.1898,320.778,0,18
162,-30.2595,22.428,213.99,96.6763,0,18
162,-30.6586,21.8793,301.177,256.11,0,18
162,-31.75,20.263,-105.5,184,0,18
162,-31.9594,19.9311,280.222,398.11,0,18
162,-32.4579,19.1085,-20.5065,1250.56,0,18
162,-32.8931,18.3494,-67.8873,2071.13,0,18
162,-34.2482,15.6752,-21.6416,958.893,0,18
162,-34.6722,14.7136,240.773,1201.63,0,18
162,-34.9563,14.0252,56.044,12.0555,0,18
162,-35.121,13.6076,206.933,2695.53,0,18
162,-35.8619,11.5141,184.833,187.107,0,18
162,-35.8899,11.4266,2.91342,380.97,0,18
162,-36.2516,10.2214,128.672,99.0579,0,18
162,-36.2515,10.2216,291.939,68.4716,0,18
162,-36.4814,9.36817,97.7888,91.7196,0,18
162,-36.5302,9.17603,303.658,285.579,0,18
162,-36.8186,7.93982,-70.2464,148.07,0,18
162,-36.9099,7.50394,88.3679,852.324,0,18
162,-36.9204,7.45215,266.261,244.02,0,18
162,-36.9095,7.50585,-78.0395,236.058,0,18
162,-36.9667,7.21928,60.134,846.948,0,18
162,-36.9961,7.06685,233.456,1314.91,0,18
162,-37.36,4.7833,9.92524,252.565,0,18
162,-37.4163,4.32111,141.137,184.942,0,18
162,-37.4211,4.27949,298.146,190.436,0,18
162,-37.453,3.99088,243.752,285.858,0,18
162,-37.5213,3.28701,-79.0432,829.84,0,18
162,-37.6649,0.104918,127.7,17.0155,0,18
162,-37.6608,-0.559408,-148.323,127.742,1,18
162,-37.6302,-1.6191,-65.3927,840.123,1,18
162,-37.5457,-2.99559,-5.89552,220.262,1,18
162,-37.5071,-3.44525,-250.331,2584.66,1,18
162,-37.3575,-4.80305,-145.941,655.46,1,18
162,-37.1955,-5.92859,47.5201,430.654,1,18
162,-37.1914,-5.95425,-241.309,137.051,1,18
162,-36.2243,-10.3174,-20.909,258.289,1,18
162,-36.2166,-10.3445,-68.8151,236.972,1,18
162,-36.0091,-11.0452,-143.609,340.37,1,18
162,-35.6646,-12.1114,10.9987,118.454,1,18
162,-35.3002,-13.1359,-39.3479,295.208,1,18
162,-34.9488,-14.0441,-40.2416,635.865,1,18
162,-34.6281,-14.8172,-298.011,550.083,1,18
162,-34.4377,-15.2544,95.9801,400.246,1,18
162,-34.0964,-16.0027,55.6534,503.924,1,18
162,-34.0227,-16.1588,-81.9567,251.377,1,18
162,-33.935,-16.3422,80.6866,1794.64,1,18
162,-33.6806,-16.8602,100.653,549.209,1,18
162,-33.7068,-16.8078,48.7471,144.244,1,18
162,-32.5699,-18.917,-109.465,300.694,1,18
162,-30.2482,-22.4433,-235.627,294.315,1,18
162,-28.5943,-24.5157,-247.432,276.155,1,18
162,-28.2905,-24.8657,-96.0671,200.008,1,18
162,-28.0876,-25.0946,37.9241,311.669,1,18
162,-28.1017,-25.0788,-100.026,364.678,1,18
162,-22.8858,-29.9148,-242.954,780.519,1,18
162,-21.8315,-30.6927,48.5372,477.864,1,18
162,-19.9664,-31.9373,49.8014,239.688,1,18
162,-17.9306,-33.1232,-267.728,182.884,1,18
162,-17.7778,-33.2055,-232.05,1063.13,1,18
162,-16.3176,-33.9469,-295.616,183.747,1,18
162,-16.0047,-34.0955,-36.0663,275.893,1,18
162,-13.3528,-35.2187,48.8583,75.4821,1,18
162,-13.0318,-35.3387,-297.85,1930.37,1,18
162,-12.3824,-35.5714,68.4649,600.823,1,18
162,-12.4185,-35.5589,-72.8581,285.567,1,18
162,-10.6829,-36.1183,77.3885,1111.53,1,18
162,-10.1989,-36.2579,-98.4192,508.871,1,18
162,-7.17842,-36.9746,-51.5658,3341.13,1,18
162,-4.53924,-37.3905,-58.2914,177.664,1,18
162,-4.32282,-37.4161,47.5266,601.763,1,18
162,-3.69529,-37.4833,-262.965,518.297,1,18
162,-0.951258,-37.653,-191.511,169.335,1,18
162,-0.722809,-37.6581,-273.714,679.518,1,18
162,-0.379658,-37.6631,-247.437,728.117,1,18
162,2.05212,-37.6091,-285.579,439.548,1,18
162,4.123,-37.4387,54.6364,413.609,1,18
162,5.3094,-37.2889,-286.505,771.87,1,18
162,4.84466,-37.3521,-297.345,145.194,1,18
162,5.32512,-37.2867,-88.5113,1110.31,1,18
162,5.40036,-37.2758,-305.236,626.918,1,18
162,19.442,-32.2593,101.781,424.174,1,18
162,22.5947,-30.1352,-285.022,356.158,1,18
162,24.3702,-28.7184,-278.117,512.416,1,18
162,24.7991,-28.3488,-292.545,456.64,1,18
162,25.163,-28.0263,-3.55808,478.345,1,18
162,25.2111,-27.9831,-275.127,430.455,1,18
162,25.2423,-27.9549,-123.586,1594.73,1,18
162,27.747,-25.4707,-205.083,213.535,1,18
162,27.8175,-25.3937,45.0116,190.92,1,18
162,28.9423,-24.1038,-45.0977,546.793,1,18
162,29.7916,-23.0459,-256.342,413.53,1,18
162,29.6413,-23.2389,-274.856,477.361,1,18
162,30.6047,-21.9546,-274.427,171.633,1,18
162,34.0431,-16.1157,-87.7803,137.023,1,18
162,34.3824,-15.3786,-254.109,1473.37,1,18
162,34.383,-15.3772,-256.172,11.3668,1,18
162,34.5161,-15.0762,-301.313,1330.03,1,18
162,35.3665,-12.9561,-42.4837,233.247,1,18
162,35.7479,-11.8635,-96.4341,115.091,1,18
162,36.7427,-8.28425,-184.83,77.3884,1,18
162,36.8364,-7.85674,34.7043,550.883,1,18
162,36.8479,-7.80306,-298.487,458.476,1,18
162,37.4325,-4.17849,-208.869,163.643,1,18
162,37.5615,-2.79028,-191.286,464.379,1,18
162,37.62,-1.84091,-21.3673,391.981,1,18
162,37.6621,-0.466576,-270.316,345.225,1,18
162,37.5368,3.10511,-167.918,236.772,1,18
162,37.5422,3.0388,-258.317,123.64,1,18
162,37.411,4.36673,-280.906,137.425,1,18
162,37.235,5.67523,-134.911,339.978,1,18
162,37.1952,5.93029,104.046,1406.48,1,18
162,37.1009,6.49399,-166.144,511.97,1,18
162,36.9307,7.40082,-251.508,267.654,1,18
162,36.6996,8.47317,62.3355,145.381,1,18
162,36.5502,9.09579,61.5665,452.723,1,18
162,36.5466,9.1105,65.6704,1081.85,1,18
162,36.5138,9.24084,-90.9742,61.6053,1,18
162,34.7979,14.4138,-9.48537,336.74,1,18
162,32.4604,19.1044,-262.189,104.063,1,18
162,27.7223,25.4976,2.90233,113.606,1,18
162,27.0015,26.2597,58.4709,86.3959,1,18
162,26.1026,27.1534,-268.354,559.679,1,18
162,25.5203,27.7014,-43.3739,4921.81,1,18
162,24.4204,28.6757,22.1511,120.765,1,18
162,24.4471,28.653,-140.931,654.835,1,18
162,23.1964,29.6746,37.9353,357.442,1,18
162,23.3898,29.5224,-276.803,784.98,1,18
162,22.738,30.0273,-279.758,377.643,1,18
162,22.5331,30.1813,37.4285,239.403,1,18
162,18.6023,32.7507,43.7908,106.934,1,18
162,16.0607,34.0691,-247.884,837.773,1,18
162,14.1476,34.907,-29.3441,262.326,1,18
162,11.1525,35.976,-99.8156,617.687,1,18
162,6.37543,37.1215,-128.241,3338.62,1,18
162,5.73118,37.2264,-239.274,800.884,1,18
162,4.25859,37.4235,-167.912,694.043,1,18
162,0.944025,37.6532,-259.02,423,1,18
162,-11.758,35.7827,-293.673,114.133,1,18
162,-12.3556,35.5808,23.0814,925.815,1,18
162,-13.9598,34.9825,-267.012,168.316,1,18
162,-14.4861,34.7679,-179.614,338.798,1,18
162,-15.6857,34.2434,46.1505,703.773,1,18
162,-15.6765,34.2476,-295.806,326.05,1,18
162,-15.9087,34.1404,-273.315,369.073,1,18
162,-16.1434,34.03,54.0962,235.942,1,18
162,-16.8499,33.6858,-77.3497,351.593,1,18
162,-17.6204,33.2892,-4.01252,405.659,1,18
162,-17.7154,33.2388,10.0745,242.047,1,18
162,-19.5145,32.2155,-123.242,266.432,1,18
162,-21.8013,30.7141,36.9349,299.918,1,18
162,-21.7467,30.7528,-141.151,439,1,18
162,-21.9482,30.6093,96.4261,78.4855,1,18
162,-22.8675,29.9288,-12.1414,413.249,1,18
162,-23.5483,29.3961,100.282,897.406,1,18
162,-24.5863,28.5336,-41.0953,266.827,1,18
162,-24.9054,28.2555,-284.897,568.006,1,18
162,-27.9133,25.2883,-1.81433,421.152,1,18
162,-29.217,23.7702,87.3682,1620.37,1,18
162,-30.5257,22.0644,-284.585,318.979,1,18
162,-33.0729,18.0231,-30.4465,473.857,1,18
162,-34.1167,15.9595,-268.119,608.588,1,18
162,-34.7482,14.5333,-93.6633,559.182,1,18
162,-34.7171,14.6074,-272.926,43.5552,1,18
162,-34.9865,13.9499,-158.698,1489.14,1,18
162,-35.5524,12.437,-92.8341,616.607,1,18
162,-35.5973,12.3078,-234.849,2467.86,1,18
162,-35.6044,12.2873,-302.88,963.123,1,18
162,-38.2302,-0.674272,128.005,39.2619,0,19
162,-38.1933,-1.80966,111.281,104.056,0,19
162,-38.1579,-2.44444,245.997,197.378,0,19
162,-38.0144,-4.11164,295.234,1399.48,0,19
162,-37.8647,-5.31659,209.129,1054.2,0,19
162,-37.5042,-7.44531,260.39,835.811,0,19
162,-37.2673,-8.55281,40.8319,356.648,0,19
162,-35.0838,-15.2028,-58.87,529.352,0,19
162,-34.9713,-15.46,143.799,563.899,0,19
162,-34.4782,-16.5304,202.983,1076.33,0,19
162,-34.5487,-16.3825,-18.1332,595.139,0,19
162,-34.4868,-16.5125,-65.7146,321.304,0,19
162,-34.5082,-16.4677,172.909,307.371,0,19
162,-33.954,-17.582,50.8878,392.518,0,19
162,-34.028,-17.4383,176.714,102.673,0,19
162,-32.3257,-20.4218,165.501,216.072,0,19
162,-31.9978,-20.9317,64.4493,203.553,0,19
162,-31.6826,-21.4059,45.6605,312.66,0,19
162,-31.6125,-21.5093,-84.8135,787.756,0,19
162,-30.8458,-22.595,-11.1538,131.914,0,19
162,-30.8458,-22.595,19.4255,71.3347,0,19
162,-30.4639,-23.1073,80.7995,420.005,0,19
162,-29.1411,-24.7547,164.696,549.682,0,19
162,-28.1742,-25.8499,-58.6376,235.844,0,19
162,-27.7024,-26.3548,116.205,241.61,0,19
162,-26.5124,-27.5516,-37.8185,262.714,0,19
162,-26.4797,-27.583,200.746,569.527,0,19
162,-26.0548,-27.9847,253.175,155.262,0,19
162,-25.6527,-28.3538,-92.6159,493.237,0,19
162,-25.6528,-28.3537,63.6637,380.403,0,19
162,-22.5859,-30.8525,288.824,538.956,0,19
162,-21.9273,-31.324,3.70001,226.9,0,19
162,-19.2102,-33.0601,181.334,59.6511,0,19
162,-18.5781,-33.4194,43.9194,323.213,0,19
162,-18.6053,-33.4042,253.898,878.055,0,19
162,-18.0885,-33.6869,164.124,444.393,0,19
162,-14.129,-35.5299,283.871,79.2706,0,19
162,-13.6429,-35.7193,40.6621,43.1664,0,19
162,-9.48362,-37.0413,232.901,684.871,0,19
162,-8.52125,-37.2745,140.483,300.197,0,19
162,-8.72517,-37.2273,290.645,265.127,0,19
162,-5.38377,-37.8552,67.7331,241.131,0,19
162,-4.64268,-37.9532,-31.3297,625.128,0,19
162,-4.58263,-37.9605,114.993,771.892,0,19
162,-4.46798,-37.9742,-55.3904,2006.5,0,19
162,-3.12482,-38.1082,199.487,258.362,0,19
162,-0.948232,-38.2243,-88.3441,1660.74,0,19
162,-0.490628,-38.233,-16.835,227.708,0,19
162,0.43667,-38.2336,-99.8214,161.797,0,19
162,4.79476,-37.9343,-46.5755,306.601,0,19
162,5.26104,-37.8724,-72.4557,863.646,0,19
162,6.32185,-37.7099,233.276,541.065,0,19
162,8.71524,-37.2296,-84.2245,1262.21,0,19
162,10.8067,-36.6772,78.2402,635.208,0,19
162,10.9472,-36.6355,171.458,300.667,0,19
162,11.7816,-36.3757,304.539,749.559,0,19
162,12.5876,-36.1047,189.514,80.4267,0,19
162,13.7909,-35.6624,262.553,114.066,0,19
162,13.6429,-35.7193,288.853,118.476,0,19
162,14.2144,-35.4958,29.6378,611.48,0,19
162,16.7852,-34.3549,91.6838,536.18,0,19
162,17.5442,-33.9735,131.254,2018.3,0,19
162,17.5294,-33.9812,134.06,11.5828,0,19
162,18.8901,-33.244,113.354,482.457,0,19
162,19.1105,-33.1178,92.4719,240.492,0,19
162,20.0625,-32.5499,-25.5005,189.374,0,19
162,20.8415,-32.0567,286.171,1262.38,0,19
162,20.7781,-32.0978,292.588,706.094,0,19
162,21.7673,-31.4354,293.539,697.307,0,19
162,25.8029,-28.2172,103.102,166.328,0,19
162,26.5849,-27.4817,-65.3329,745.186,0,19
162,28.1025,-25.9278,258.227,727.86,0,19
162,28.5643,-25.4181,71.2778,1679.18,0,19
162,28.747,-25.2113,191.652,264.593,0,19
162,28.8838,-25.0545,296.18,460.637,0,19
162,30.161,-23.5013,126.233,133.006,0,19
162,30.8544,-22.5833,293.011,293.312,0,19
162,31.4699,-21.7174,66.5693,729.073,0,19
162,31.7795,-21.2618,171.055,459.347,0,19
162,32.242,-20.5537,25.5267,754.648,0,19
162,33.3546,-18.6941,-76.9759,139.376,0,19
162,33.5294,-18.3788,236.972,211.074,0,19
162,34.5403,-16.4002,-1.72238,283.424,0,19
162,35.8841,-13.2035,47.8337,648.636,0,19
162,36.4026,-11.6982,-103.565,499.189,0,19
162,36.5056,-11.3727,-19.8328,363.613,0,19
162,37.2846,-8.47703,263.879,474.777,0,19
162,37.7475,-6.09296,-62.3892,647.46,0,19
162,38.0547,-3.71995,-105.396,464.758,0,19
162,38.0732,-3.52584,-34.7434,1117.31,0,19
162,38.1744,-2.17213,31.5086,304.356,0,19
162,38.2301,-0.67546,144.047,269.638,0,19
162,38.23,0.680381,145.732,237.259,0,19
162,38.2182,1.17121,-44.6757,231.574,0,19
162,38.117,3.01511,-62.1386,459.48,0,19
162,38.0542,3.72471,132.749,455.285,0,19
162,38.017,4.08704,171.711,1083.89,0,19
162,38.0072,4.17752,221.85,695.366,0,19
162,37.4795,7.56856,225.015,121.975,0,19
162,37.3418,8.22122,-98.9905,853.302,0,19
162,35.4889,14.2316,294.749,588.522,0,19
162,34.8554,15.7195,38.3869,2464.37,0,19
162,34.8162,15.8061,239.201,3169,0,19
162,33.5725,18.2999,298.836,747.206,0,19
162,33.1658,19.0271,-58.4926,133.732,0,19
162,32.7974,19.6553,14.2179,942.598,0,19
162,32.3966,20.3091,97.9245,1319.57,0,19
162,32.3748,20.3439,251.234,498.152,0,19
162,32.2872,20.4826,304.839,578.845,0,19
162,32.0319,20.8796,-28.9464,6241.99,0,19
162,31.7875,21.2498,-31.5483,174.439,0,19
162,31.9029,21.0761,157.036,149.797,0,19
162,30.6035,22.9221,98.1027,262.639,0,19
162,30.6182,22.9025,261.714,731.271,0,19
162,26.6267,27.4411,303.395,78.8265,0,19
162,26.3604,27.6971,270.185,181.65,0,19
162,25.7374,28.277,301.202,214.644,0,19
162,25.5133,28.4793,43.821,499.846,0,19
162,25.1211,28.8259,225.857,201.503,0,19
162,24.4129,29.428,249.419,440.044,0,19
162,22.8827,30.633,221.165,97.8411,0,19
162,22.4653,30.9404,-50.0373,2357.26,0,19
162,21.2956,31.7568,49.2485,423.826,0,19
162,20.9687,31.9737,201.031,4405.73,0,19
162,18.8851,33.2468,110.333,402.909,0,19
162,17.3513,34.0725,130.252,204.583,0,19
162,17.137,34.1808,202.367,1147.12,0,19
162,16.874,34.3114,142.993,399.108,0,19
162,16.4459,34.5186,201.723,81.4977,0,19
162,15.6289,34.8961,45.3988,189.939,0,19
162,13.0422,35.943,-37.5044,504.451,0,19
162,13.0066,35.9559,237.441,1122.58,0,19
162,11.2824,36.5336,191.992,331.165,0,19
162,8.82865,37.2029,220.629,172.116,0,19
162,7.89632,37.4119,-59.5333,729.231,0,19
162,7.49688,37.4939,-97.1059,113.499,0,19
162,6.04003,37.756,290.171,12349.5,0,19
162,5.77295,37.7978,127.718,526.427,0,19
162,4.65848,37.9513,-82.9578,165.903,0,19
162,4.59715,37.9587,80.6743,784.828,0,19
162,3.02495,38.1163,22.1799,5114.36,0,19
162,2.88359,38.1272,127.694,1011.25,0,19
162,2.53449,38.152,52.327,160.864,0,19
162,1.52153,38.2058,183.877,567.717,0,19
162,-0.0390281,38.2361,-103.682,172.865,0,19
162,-0.573249,38.2318,141.975,84.6528,0,19
162,-0.904506,38.2254,292.888,644.812,0,19
162,-1.62972,38.2014,97.6188,612.654,0,19
162,-2.89872,38.1261,192.306,206.047,0,19
162,-3.34358,38.0896,247.725,1071.76,0,19
162,-5.02667,37.9042,277.565,184.409,0,19
162,-5.48422,37.8408,124.981,357.759,0,19
162,-6.92291,37.6042,-7.32439,387.207,0,19
162,-9.26748,37.096,290.024,250.204,0,19
162,-10.8052,36.6776,300.07,243.86,0,19
162,-11.9804,36.3107,-22.6037,211.486,0,19
162,-13.2481,35.8676,-101.233,1505.51,0,19
162,-13.729,35.6863,265.086,651.079,0,19
162,-16.9591,34.2693,267.616,53.7258,0,19
162,-17.673,33.9067,294.639,1581.77,0,19
162,-20.5188,32.2642,301.366,446.509,0,19
162,-22.7892,30.7026,65.5799,334.603,0,19
162,-25.8832,28.1435,-68.3761,481.805,0,19
162,-29.7865,23.9742,254.838,182.489,0,19
162,-30.8294,22.6174,-90.0952,267.448,0,19
162,-30.7727,22.6945,-59.1115,108.018,0,19
162,-30.8932,22.5302,213.608,90.5115,0,19
162,-32.363,20.3626,-15.0894,434.19,0,19
162,-32.3644,20.3604,279.435,503.663,0,19
162,-32.8327,19.5963,90.5081,197.082,0,19
162,-32.9738,19.358,-21.3576,1279.51,0,19
162,-33.3468,18.7081,-67.7683,1864.67,0,19
162,-34.2693,16.9591,282.884,11.0923,0,19
162,-34.4561,16.5763,282.036,12,0,19
162,-35.3029,14.6869,239.336,1328.62,0,19
162,-35.7797,13.4838,-34.7354,580.685,0,19
162,-36.164,12.4163,-85.828,102.772,0,19
162,-36.7719,10.4798,127.714,126.742,0,19
162,-37.0386,9.49423,97.7124,805.742,0,19
162,-37.131,9.12631,303.449,1128.63,0,19
162,-37.1759,8.94153,164.191,1100.93,0,19
162,-37.2724,8.53018,33.1701,559.134,0,19
162,-37.3869,8.01359,86.7568,651.281,0,19
162,-37.3961,7.97078,-79.3209,1142.87,0,19
162,-37.405,7.92892,-70.7387,84.5017,0,19
162,-37.49,7.51648,232.703,1129.51,0,19
162,-37.5463,7.23012,-21.2254,694.577,0,19
162,-37.6423,6.71265,60.4842,271.349,0,19
162,-37.9385,4.7614,9.08004,354.21,0,19
162,-37.9853,4.37229,297.436,452.629,0,19
162,-38.0095,4.15653,242.228,746.696,0,19
162,-38.1017,3.20279,-79.636,36.1387,0,19
162,-38.1226,2.94444,221.849,345.194,0,19
162,-38.2358,-0.163414,-147.913,391.891,1,19
162,-38.11,-3.10333,-4.32384,1104.36,1,19
162,-38.0607,-3.65784,-248.863,3261,1,19
162,-37.9697,-4.50592,-145.66,134.087,1,19
162,-37.7566,-6.0363,-240.24,386.798,1,19
162,-37.7553,-6.04453,48.0809,227.642,1,19
162,-37.0279,-9.53601,-21.0083,52.4494,1,19
162,-37.0146,-9.58729,-265.924,17.1248,1,19
162,-36.7919,-10.4096,-99.9508,49.3575,1,19
162,-36.4975,-11.3987,-142.534,537.473,1,19
162,-36.2362,-12.2039,11.8636,413.351,1,19
162,-35.6947,-13.7072,-40.2953,820.385,1,19
162,-35.5512,-14.0753,-286.186,373.395,1,19
162,-35.1328,-15.0893,-65.1407,642.376,1,19
162,-34.8074,-15.8254,-81.7512,491.828,1,19
162,-34.5962,-16.282,81.3174,2812.48,1,19
162,-34.6375,-16.1938,56.1226,657.686,1,19
162,-34.3104,-16.8759,101.914,111.093,1,19
162,-34.2824,-16.9327,49.3998,211.361,1,19
162,-33.1705,-19.0188,-108.796,288.676,1,19
162,-32.1,-20.7747,42.5671,195.505,1,19
162,-30.7432,-22.7344,-235.042,231.713,1,19
162,-29.1769,-24.7125,-246.028,668.172,1,19
162,-28.7912,-25.1608,38.5816,369.767,1,19
162,-23.2232,-30.3757,-241.842,451.855,1,19
162,-22.2473,-31.0976,49.504,447.294,1,19
162,-19.6084,-32.8254,-304.464,1046.67,1,19
162,-19.3862,-32.9572,-294.812,304.357,1,19
162,-18.0732,-33.6951,-230.725,558.398,1,19
162,-17.4253,-34.0347,101.03,297.533,1,19
162,-17.2401,-34.1288,-295.301,273.697,1,19
162,-16.4183,-34.5317,-35.2559,216.027,1,19
162,-12.4013,-36.1691,-72.3353,246.335,1,19
162,-10.6912,-36.711,78.1403,694.134,1,19
162,-10.3554,-36.8071,-99.2597,368.376,1,19
162,-7.12194,-37.567,-47.074,695.898,1,19
162,-4.65072,-37.9522,-57.5365,337.199,1,19
162,-4.66511,-37.9504,-274.157,745.981,1,19
162,-3.89267,-38.0374,47.1896,490.119,1,19
162,-3.51592,-38.0741,102.253,712.393,1,19
162,-3.50929,-38.0747,-261.77,93.0351,1,19
162,-1.04978,-38.2217,-272.847,1287.33,1,19
162,-0.686588,-38.2299,-247.058,103.074,1,19
162,1.98728,-38.1844,-97.0108,433.226,1,19
162,4.1231,-38.0131,55.4273,667.015,1,19
162,4.60758,-37.9575,-286.768,395.137,1,19
162,5.34793,-37.8603,-296.789,304.893,1,19
162,5.50272,-37.8381,-88.0523,436.716,1,19
162,10.9244,-36.6423,-204.269,176.986,1,19
162,12.1286,-36.2615,-60.7299,666.306,1,19
162,12.5553,-36.116,-144.09,580.167,1,19
162,19.7146,-32.7618,102.612,763.904,1,19
162,21.0957,-31.89,-292.203,185.581,1,19
162,21.5449,-31.5883,23.5316,309.564,1,19
162,23.4453,-30.2046,-94.1756,268.899,1,19
162,25.2186,-28.7406,-291.712,145.225,1,19
162,25.3505,-28.6243,-274.402,223.674,1,19
162,25.5786,-28.4207,-2.65246,693.995,1,19
162,25.6995,-28.3114,-122.155,443.983,1,19
162,28.3431,-25.6645,46.1623,588.709,1,19
162,29.1807,-24.708,-44.6286,939.578,1,19
162,29.9999,-23.7066,-274.136,369.542,1,19
162,30.0827,-23.6016,-255.565,354.184,1,19
162,30.7334,-22.7478,-86.3972,496.203,1,19
162,34.7184,-16.0198,47.8476,1052.61,1,19
162,34.604,-16.2654,12.8758,480.095,1,19
162,34.8489,-15.7338,-190.957,437.649,1,19
162,34.8385,-15.7568,-252.631,295.446,1,19
162,34.9419,-15.5262,-300.748,1629.41,1,19
162,35.7758,-13.494,-41.2043,711.993,1,19
162,37.0815,-9.3253,31.986,86.0419,1,19
162,37.4116,-7.89773,36.26,2300.89,1,19
162,37.561,-7.15346,22.1001,112.636,1,19
162,37.846,-5.448,-267.845,701.002,1,19
162,38.012,-4.13342,-207.821,618.72,1,19
162,38.1234,-2.93318,-191.106,299.921,1,19
162,38.1765,-2.13365,-124.028,277.496,1,19
162,38.1785,-2.0988,-20.075,126.75,1,19
162,38.2265,-0.857416,-270.666,61.4436,1,19
162,38.1011,3.20996,-167.259,500.805,1,19
162,38.1064,3.14721,-257.404,447.941,1,19
162,37.973,4.47771,-280.3,398.909,1,19
162,37.7723,5.93716,104.556,338.598,1,19
162,37.6695,6.55802,-164.761,854.425,1,19
162,37.6224,6.82282,12.9308,152.62,1,19
162,37.5972,6.9604,-302.324,478.472,1,19
162,37.4823,7.55479,-250.957,73.4039,1,19
162,37.0655,9.38855,-90.4004,986.068,1,19
162,37.0675,9.38096,55.521,208,1,19
162,36.7919,10.4096,60.1842,118.832,1,19
162,35.3603,14.5481,-8.00045,754.957,1,19
162,34.1008,17.2955,-62.1323,511.554,1,19
162,33.3911,18.6288,-26.5989,1102.18,1,19
162,33.0251,19.2702,-261.326,189.8,1,19
162,32.1768,20.6557,60.5401,662.482,1,19
162,31.6742,21.4183,-43.7327,279.963,1,19
162,31.4993,21.6748,-266.371,919.287,1,19
162,31.2085,22.0914,-256.996,528.477,1,19
162,29.949,23.7709,-141.875,595.86,1,19
162,27.8931,26.1529,-279.369,853.667,1,19
162,26.4967,27.5668,-267.771,3057.85,1,19
162,25.9689,28.0645,-41.5565,2419.97,1,19
162,25.5611,28.4364,-265.469,288.672,1,19
162,24.4097,29.4307,38.9836,2264.44,1,19
162,23.8233,29.9073,-276.087,262.893,1,19
162,23.586,30.0948,-17.6705,615.02,1,19
162,23.1373,30.4411,-278.903,248.377,1,19
162,20.8547,32.0481,-292.606,225.279,1,19
162,16.5009,34.4923,-246.442,780.385,1,19
162,14.0713,35.5528,-28.9582,663.05,1,19
162,11.2448,36.5452,-68.8723,238.388,1,19
162,9.50477,37.0359,95.5535,55.4683,1,19
162,6.43774,37.6903,-128.468,3010.09,1,19
162,5.79836,37.7939,-237.734,172.013,1,19
162,4.53325,37.9664,-167.121,420.313,1,19
162,2.904,38.1257,-292.702,266.157,1,19
162,-5.87878,37.7815,72.2464,814.619,1,19
162,-11.7639,36.3815,-293.075,542.495,1,19
162,-12.138,36.2583,-155.619,176.766,1,19
162,-12.8873,35.9988,-67.8377,967.112,1,19
162,-15.5162,34.9464,87.6459,345.248,1,19
162,-16.0236,34.7166,-295.54,4017.15,1,19
162,-16.2383,34.6167,54.4995,469.311,1,19
162,-16.2889,34.5929,-272.347,251.882,1,19
162,-21.9856,31.2831,96.7838,397.048,1,19
162,-22.4052,30.984,37.6162,439.461,1,19
162,-25.2535,28.7099,-41.4172,1177.05,1,19
162,-25.2339,28.7271,-284.048,333.483,1,19
162,-26.6808,27.3886,-286.859,590.561,1,19
162,-27.799,26.2529,-301.59,689.302,1,19
162,-28.4916,25.4996,-0.994339,262.377,1,19
162,-29.6672,24.1217,88.2876,1439.3,1,19
162,-29.6804,24.1054,-141.612,4011.85,1,19
162,-30.9047,22.5144,-283.85,122.259,1,19
162,-32.7638,19.7113,-54.1653,549.229,1,19
162,-33.5164,18.4024,-29.7057,479.678,1,19
162,-34.7601,15.929,-267.821,480.704,1,19
162,-35.1251,15.1072,-279.119,768.849,1,19
162,-35.4109,14.4246,-94.1142,1220.98,1,19
162,-35.3588,14.5518,-271.999,1043.95,1,19
162,-35.4624,14.2974,-159.08,2617.45,1,19
162,-36.0436,12.7616,75.0322,217.327,1,19
162,-36.0694,12.6886,-92.6174,686.032,1,19
162,-36.1176,12.5507,-233.301,2859.6,1,19
162,-36.8109,10.3421,-5.1675,462.213,1,19
162,-37.0146,9.58732,92.0727,57.2896,1,19
162,-38.236,0.106508,-148.041,80.1433,1,19
162,-38.7612,-1.89307,110.378,205.572,0,20
162,-38.7415,-2.26051,244.857,616.603,0,20
162,-38.58,-4.19537,294.366,375.286,0,20
162,-38.3223,-6.11703,209.073,257.9,0,20
162,-38.2116,-6.7743,-101.737,74.15,0,20
162,-38.0526,-7.6169,266.591,701.58,0,20
162,-37.9275,-8.21702,260.603,1705.19,0,20
162,-37.8254,-8.67467,40.0232,1040.31,0,20
162,-36.9677,-11.807,305.78,19.1077,0,20
162,-35.6605,-15.3083,-59.4775,135.938,0,20
162,-35.4361,-15.8208,142.338,325.298,0,20
162,-34.808,-17.1585,-66.2529,98.8221,0,20
162,-34.6343,-17.5065,203.003,363.74,0,20
162,-34.483,-17.8027,175.995,869.926,0,20
162,-34.4289,-17.9071,262.708,2051.88,0,20
162,-32.8722,-20.626,164.765,332.123,0,20
162,-32.4056,-21.3516,63.7757,340.498,0,20
162,-32.2113,-21.6437,45.4347,516.054,0,20
162,-32.0735,-21.8472,-86.0731,934.222,0,20
162,-29.9103,-24.7263,35.5823,955.494,0,20
162,-29.1257,-25.6459,164.873,191.969,0,20
162,-27.9238,-26.9495,115.323,1032.01,0,20
162,-26.9025,-27.9691,199.958,474.045,0,20
162,-26.8203,-28.0479,-38.6858,64.3484,0,20
162,-26.6058,-28.2515,228.004,121.897,0,20
162,-26.6578,-28.2024,252,360.736,0,20
162,-26.0048,-28.8057,-93.5,653.374,0,20
162,-25.8677,-28.9289,62.9149,352.039,0,20
162,-23.4881,-30.8921,288.88,226.782,0,20
162,-22.0169,-31.9573,2.89172,2540.44,0,20
162,-19.3419,-33.6438,179.975,390.809,0,20
162,-19.0367,-33.8174,43.0891,136.152,0,20
162,-18.1744,-34.2885,163.316,15.111,0,20
162,-9.44112,-37.6415,295.31,368.291,0,20
162,-8.87664,-37.7786,289.783,865.389,0,20
162,-8.4303,-37.8807,139.918,309.65,0,20
162,-5.39001,-38.4313,66.4814,581.789,0,20
162,-4.88488,-38.4987,-31.5249,530.069,0,20
162,-4.69311,-38.5226,114.178,505.866,0,20
162,-2.99851,-38.6914,288.452,233.726,0,20
162,-1.92197,-38.7598,-81.2095,1143.44,0,20
162,-2.20077,-38.7449,281.802,132.479,0,20
162,-1.82997,-38.7642,-41.6482,357.641,0,20
162,-0.493892,-38.8043,-16.7075,245.244,0,20
162,0.211525,-38.8068,-100.668,171.203,0,20
162,4.68552,-38.5235,-47.1451,833.021,0,20
162,6.54482,-38.2515,231.868,468.811,0,20
162,7.96868,-37.9804,161.474,396.26,0,20
162,9.21669,-37.697,-84.5614,82.7595,0,20
162,10.6831,-37.308,303.052,778.377,0,20
162,11.1681,-37.1657,77.6071,998.443,0,20
162,11.1921,-37.1585,170.61,659.957,0,20
162,11.9415,-36.9245,303.879,615.864,0,20
162,12.5367,-36.7266,144.113,410.235,0,20
162,12.8059,-36.6337,191.853,623.287,0,20
162,14.0545,-36.173,261.694,317.019,0,20
162,14.2846,-36.0828,228.474,503.28,0,20
162,14.6931,-35.9184,29.1408,381.35,0,20
162,15.2294,-35.6943,-18.3431,290.139,0,20
162,17.0871,-34.8431,286.261,930.515,0,20
162,17.4082,-34.6838,33.438,255.782,0,20
162,18.1415,-34.306,129.755,222.047,0,20
162,18.6331,-34.0415,113.227,500.993,0,20
162,20.6052,-32.8853,-26.0753,264.776,0,20
162,21.0027,-32.6328,291.734,120.431,0,20
162,21.138,-32.5453,285.307,1618.64,0,20
162,21.1541,-32.5349,287.972,11.3917,0,20
162,22.1019,-31.8986,158.211,438.035,0,20
162,22.1628,-31.8563,292.818,520.455,0,20
162,26.2319,-28.599,102.415,255.749,0,20
162,27.0114,-27.8639,-66.1028,282.326,0,20
162,28.6439,-26.1829,256.912,158.139,0,20
162,29.0081,-25.7788,69.9946,1816.99,0,20
162,29.0185,-25.7671,190.971,881.288,0,20
162,29.2534,-25.5,295.414,440.502,0,20
162,29.528,-25.1816,156.813,417.47,0,20
162,31.2438,-23.0183,292.286,121.579,0,20
162,32.2838,-21.5353,170.371,1004.59,0,20
162,32.6359,-20.9979,24.5057,900.542,0,20
162,33.8153,-19.0404,-77.7636,90.9438,0,20
162,34.0665,-18.5874,236.109,268.421,0,20
162,35.0078,-16.7471,-2.6108,418.021,0,20
162,36.0892,-14.2683,-69.4185,1043.15,0,20
162,36.439,-13.3496,46.4962,90.7562,0,20
162,37.1357,-11.2675,-66.8699,280.124,0,20
162,38.2632,-6.47653,-63.156,644.547,0,20
162,38.7521,-2.07087,30.9896,321.779,0,20
162,38.7895,1.17961,-45.9848,920.313,0,20
162,38.7887,1.20419,44.6647,181.999,0,20
162,38.613,3.87966,171.025,2459.92,0,20
162,38.6054,3.95466,131.991,223.71,0,20
162,38.5731,4.2584,220.785,121.751,0,20
162,38.0696,7.53113,225.663,176.496,0,20
162,37.9978,7.88558,-86.2952,112.348,0,20
162,37.9328,8.19242,195.23,187.446,0,20
162,37.8843,8.41405,-99.7305,836.834,0,20
162,36.0023,14.4861,79.293,409.498,0,20
162,36.0052,14.479,293.465,436.49,0,20
162,35.8125,14.9492,-79.2744,411.337,0,20
162,35.5826,15.4886,38.0545,516.829,0,20
162,35.3476,16.0174,237.157,317.286,0,20
162,33.82,19.0322,-58.2179,482.801,0,20
162,33.9985,18.7114,297.992,406.633,0,20
162,33.4047,19.7519,173.25,217.647,0,20
162,33.263,19.9896,12.7401,204.369,0,20
162,32.817,20.7137,-29.1309,8730.18,0,20
162,32.9328,20.5291,250.683,214.134,0,20
162,33.0705,20.3065,304.379,148.153,0,20
162,32.6522,20.9726,303.714,84.0531,0,20
162,32.2295,21.6165,-43.9416,491.034,0,20
162,32.2185,21.6329,-32.067,258.344,0,20
162,32.1726,21.7012,156.452,258.311,0,20
162,32.1149,21.7864,217.316,1749.38,0,20
162,31.6712,22.4265,209.326,749.628,0,20
162,31.8412,22.1846,39.4605,319.372,0,20
162,27.1128,27.7653,302.376,260.643,0,20
162,26.8095,28.0583,269.214,210.94,0,20
162,26.1712,28.6545,300.159,1093.95,0,20
162,25.5482,29.2113,224.477,269.963,0,20
162,24.8562,29.8024,248.099,607.099,0,20
162,23.4224,30.942,220.915,154.671,0,20
162,22.888,31.3394,-50.1192,3069.13,0,20
162,21.2762,32.4551,200.051,1202.4,0,20
162,20.6898,32.8321,-16.8241,387.519,0,20
162,19.0887,33.7881,109.459,159.408,0,20
162,17.7691,34.5003,129.337,129.64,0,20
162,17.6941,34.5389,202.138,187.163,0,20
162,15.9589,35.3741,43.9826,547.611,0,20
162,14.7677,35.8877,57.4045,634.867,0,20
162,13.1189,36.5227,-38.2466,2015.2,0,20
162,9.04981,37.7375,220.333,374.607,0,20
162,7.55048,38.0658,-60.2335,160.051,0,20
162,6.32283,38.2889,290.826,12201.5,0,20
162,6.31905,38.2895,169.106,579.197,0,20
162,5.67276,38.3905,126.896,266.64,0,20
162,4.64537,38.5284,79.4046,727.869,0,20
162,3.05836,38.6867,126.848,474.345,0,20
162,2.92451,38.697,20.7569,1340.38,0,20
162,1.7767,38.7667,183.31,1167.61,0,20
162,-0.40895,38.8052,141.173,143.964,0,20
162,-2.75879,38.7092,191.943,405.838,0,20
162,-5.02849,38.4802,124.795,370.134,0,20
162,-5.2796,38.4466,276.771,31.2356,0,20
162,-7.22992,38.128,292.565,746.789,0,20
162,-9.58772,37.6044,289.183,137.448,0,20
162,-11.4935,37.0663,-50.1492,302.522,0,20
162,-12.104,36.8715,-23.5897,307.961,0,20
162,-12.2287,36.8303,290.946,472.492,0,20
162,-13.4207,36.4129,-101.038,1294.83,0,20
162,-14.0679,36.1678,305.256,200.189,0,20
162,-16.6155,35.0705,270.481,1580.32,0,20
162,-16.9901,34.8905,266.999,96.7473,0,20
162,-18.2418,34.2528,-94.8223,378.021,0,20
162,-18.0416,34.3586,293.147,742.111,0,20
162,-20.242,33.11,51.6197,267.827,0,20
162,-20.8552,32.7273,300.572,472.272,0,20
162,-23.0112,31.249,65.5206,152.686,0,20
162,-23.8414,30.6203,305.14,480.761,0,20
162,-26.2521,28.5804,-69.2374,297.314,0,20
162,-30.3838,24.1421,254.044,190.228,0,20
162,-31.2075,23.0674,-90.7043,124.512,0,20
162,-31.4491,22.737,301.463,310.347,0,20
162,-32.5405,21.1454,-105.431,281.58,0,20
162,-32.7482,20.8223,278.602,471.774,0,20
162,-33.49,19.6071,-22.2969,1079.07,0,20
162,-34.8053,17.1641,281.842,400.341,0,20
162,-35.3886,15.9266,-21.4393,1052.27,0,20
162,-35.8544,14.8485,56.3082,554.398,0,20
162,-35.8588,14.8378,237.878,2009.33,0,20
162,-36.1573,14.0948,206.989,2278.19,0,20
162,-36.3698,13.5371,-34.3151,212.207,0,20
162,-36.7786,12.3834,-86.8414,324.518,0,20
162,-36.8475,12.1767,184.371,284.509,0,20
162,-37.056,11.5268,3.2132,563.73,0,20
162,-37.2451,10.9002,126.988,392.716,0,20
162,-37.927,8.21928,33.4433,398.725,0,20
162,-37.9027,8.33043,-80.5118,238.464,0,20
162,-37.9631,8.05108,266.645,383.078,0,20
162,-37.9762,7.98897,232.048,295.659,0,20
162,-38.3142,6.16762,60.8335,1398.37,0,20
162,-38.5365,4.57706,8.52944,268.439,0,20
162,-38.5512,4.4519,296.799,376.244,0,20
162,-38.5547,4.42177,141.044,126.955,0,20
162,-38.5662,4.31974,241.029,577.897,0,20
162,-38.6734,3.22188,-80.1255,776.204,0,20
162,-38.7069,2.79119,221.474,122.483,0,20
162,-38.7655,-1.80277,-65.3502,543.781,1,20
162,-38.6595,-3.38545,-2.70728,1286.21,1,20
162,-38.6114,-3.89498,-247.598,1079.95,1,20
162,-38.3727,-5.79238,-238.901,992.044,1,20
162,-37.5911,-9.63968,88.1975,141.624,1,20
162,-37.581,-9.67909,33.9771,57.3084,1,20
162,-37.5827,-9.67253,-264.591,194.108,1,20
162,-37.3416,-10.5651,-68.5567,65.4178,1,20
162,-37.3329,-10.5958,-99.7981,129.157,1,20
162,-36.8087,-12.2936,12.8233,87.5654,1,20
162,-36.1898,-14.0111,-39.0526,649.492,1,20
162,-36.1188,-14.1933,-285.539,953.416,1,20
162,-35.8664,-14.8195,-65.5152,463.197,1,20
162,-35.6476,-15.3382,96.3486,235.385,1,20
162,-35.8175,-14.9373,-297.655,270.222,1,20
162,-35.5642,-15.5308,-81.5335,104.46,1,20
162,-35.2298,-16.275,81.8454,3923.08,1,20
162,-34.8666,-17.0393,50.0426,235.379,1,20
162,-32.4901,-21.2227,42.6371,544.605,1,20
162,-29.697,-24.982,-244.736,1404.89,1,20
162,-29.0481,-25.7337,-95.817,1230.21,1,20
162,-28.8126,-25.9971,-99.6241,433.682,1,20
162,-24.9725,-29.705,-299.911,114.343,1,20
162,-23.5524,-30.8431,-240.088,183.948,1,20
162,-22.6792,-31.4907,50.2671,178.02,1,20
162,-20.4355,-32.991,50.1022,356.965,1,20
162,-19.6977,-33.4367,-294.151,646.781,1,20
162,-18.7067,-34.0011,-267.453,476.87,1,20
162,-18.387,-34.175,-229.157,909.897,1,20
162,-17.6862,-34.5429,-295.027,878.112,1,20
162,-16.7858,-34.9893,-34.2278,387.257,1,20
162,-13.8959,-36.2342,49.3385,116.056,1,20
162,-13.1583,-36.5085,70.0105,449.932,1,20
162,-11.343,-37.1127,-291.504,130.364,1,20
162,-7.06884,-38.1582,-46.0545,317.736,1,20
162,-4.98652,-38.4857,-273.986,759.136,1,20
162,-4.7645,-38.5138,-56.7135,336.252,1,20
162,-3.36012,-38.6617,-260.32,839.151,1,20
162,-1.22507,-38.7881,-272.113,1864.48,1,20
162,-1.1524,-38.7903,-191.445,343.339,1,20
162,1.94087,-38.7588,-284.844,224.287,1,20
162,4.12044,-38.588,56.4,297.975,1,20
162,5.52531,-38.412,-295.981,936.594,1,20
162,5.51994,-38.4128,-304.794,413.096,1,20
162,10.8736,-37.2529,-204.23,266.041,1,20
162,12.2644,-36.8185,-59.9485,690.109,1,20
162,12.8951,-36.6023,-143.506,346.523,1,20
162,19.9574,-33.2824,103.563,53.3451,1,20
162,21.4896,-32.3143,-291.601,133.897,1,20
162,21.812,-32.0975,24.0741,377.967,1,20
162,25.1904,-29.5205,-278.349,416.004,1,20
162,25.4254,-29.3184,-273.897,223.626,1,20
162,25.64,-29.1308,-290.776,179.21,1,20
162,26.0072,-28.8035,-1.62802,112.523,1,20
162,26.1524,-28.6717,-120.628,904.502,1,20
162,28.5516,-26.2835,-205.033,195.192,1,20
162,28.8428,-25.9636,47.4244,1287.26,1,20
162,30.3218,-24.2199,-254.85,257.918,1,20
162,30.2252,-24.3403,-273.153,347.864,1,20
162,31.0151,-23.3254,-85.7999,1158.68,1,20
162,31.5602,-22.5825,-273.589,87.1183,1,20
162,35.1759,-16.3911,-87.3635,288.838,1,20
162,35.2745,-16.1778,13.1528,192.421,1,20
162,35.2804,-16.165,-251.894,210.395,1,20
162,35.4372,-15.8182,-190.544,613.705,1,20
162,36.1861,-14.0206,-39.8646,327.487,1,20
162,36.5916,-12.9255,-278.846,132.345,1,20
162,36.8958,-12.0297,-96.0746,173.65,1,20
162,37.6692,-9.3297,32.6531,240.714,1,20
162,37.7064,-9.17837,-184.607,132.529,1,20
162,37.9837,-7.95301,37.3861,1084.21,1,20
162,38.0162,-7.79621,-297.848,308.042,1,20
162,38.4986,-4.88606,-267.606,407.161,1,20
162,38.7401,-2.28457,-19.1782,160.989,1,20
162,38.7635,-1.84488,-123.684,280.387,1,20
162,38.6637,3.33651,-166.704,288.365,1,20
162,38.6674,3.29335,-256.858,122.678,1,20
162,38.5369,4.57414,-279.505,366.89,1,20
162,38.3461,5.96548,104.868,1945.8,1,20
162,38.3291,6.07388,-133.896,180.744,1,20
162,38.2402,6.61044,-163.479,390.005,1,20
162,38.1492,7.11716,-301.738,613.286,1,20
162,37.6294,9.4889,67.7855,1062.78,1,20
162,36.9677,11.807,59.8886,35.1826,1,20
162,36.9677,11.807,58.7068,111.991,1,20
162,36.2587,13.832,-274.763,426.247,1,20
162,35.8693,14.8125,-6.59766,838.974,1,20
162,34.4822,17.8043,-61.8866,200.542,1,20
162,33.905,18.8802,-25.0421,504.795,1,20
162,32.6773,20.9334,61.7635,2084.47,1,20
162,31.9115,22.0833,-107.498,2130.54,1,20
162,31.727,22.3476,-255.598,796.573,1,20
162,30.3654,24.1652,-140.45,405.171,1,20
162,29.8847,24.7572,-102.865,907.435,1,20
162,28.8049,26.0057,103.218,683.516,1,20
162,28.2713,26.5847,-278.559,591.941,1,20
162,27.8219,27.0547,60.2815,818.819,1,20
162,26.8739,27.9966,-267.036,2870.64,1,20
162,26.3806,28.4618,-41.8723,198.229,1,20
162,25.849,28.9455,40.2669,2210.47,1,20
162,25.1803,29.5291,21.8345,471.033,1,20
162,25.0631,29.6286,-140.212,73.5776,1,20
162,24.3425,30.2234,-275.179,197.867,1,20
162,23.7955,30.656,-17.2116,160.042,1,20
162,23.5271,30.8625,-278.169,182.938,1,20
162,22.7032,31.4735,-232.283,474.729,1,20
162,21.731,32.1524,58.8079,230.902,1,20
162,21.1476,32.5391,-291.767,333.622,1,20
162,19.2248,33.7109,44.4259,81.8035,1,20
162,17.0185,34.8767,-250.111,350,1,20
162,11.4776,37.0713,-68.2142,290.147,1,20
162,11.3011,37.1254,-97.5695,179.694,1,20
162,9.44871,37.6396,96.4627,137.342,1,20
162,5.82334,38.368,-236.749,346.24,1,20
162,4.78775,38.5109,-166.437,1092.37,1,20
162,3.04673,38.6876,-291.945,251.201,1,20
162,-9.52112,37.6213,81.756,15.071,1,20
162,-11.7834,36.9752,-292.332,159.49,1,20
162,-13.0362,36.5523,23.817,398.02,1,20
162,-13.1787,36.5012,-67.1419,643.103,1,20
162,-14.4141,36.0312,-266.994,560.038,1,20
162,-14.4506,36.0166,-177.11,247.787,1,20
162,-15.9071,35.3974,87.7706,167.57,1,20
162,-15.986,35.3619,47.8894,332.056,1,20
162,-16.5207,35.1152,-294.931,528.516,1,20
162,-16.7707,34.9965,-271.82,490.242,1,20
162,-17.3021,34.7369,-76.6354,174.706,1,20
162,-22.7588,31.4333,-132.234,1200.03,1,20
162,-22.9969,31.2595,38.4294,330.929,1,20
162,-23.6178,30.7931,-9.51835,735.436,1,20
162,-24.2817,30.2723,100.394,323.866,1,20
162,-25.4805,29.2704,-283.286,205.48,1,20
162,-25.8641,28.9321,-41.6332,723.556,1,20
162,-29.2433,25.5116,-0.363214,362.533,1,20
162,-30.1086,24.4845,-141.243,3840.5,1,20
162,-30.1155,24.4759,89.4679,3642.18,1,20
162,-31.2597,22.9967,-282.975,472.893,1,20
162,-33.333,19.8727,-53.2806,505.973,1,20
162,-33.977,18.7505,-28.877,302.096,1,20
162,-35.4922,15.6945,-267.705,77.8622,1,20
162,-35.5834,15.4867,-278.632,650.877,1,20
162,-35.9469,14.6231,-159.496,2150.09,1,20
162,-36.4713,13.2612,75.3827,363.488,1,20
162,-36.5995,12.9032,-302.507,1110.31,1,20
162,-36.6401,12.7873,-231.915,2109.63,1,20
162,-37.3416,10.5651,-4.09001,314.306,1,20
162,-39.3634,-1.07633,128.001,103.39,0,21
162,-39.3321,-1.90232,243.373,246.733,0,21
162,-39.2071,-3.66554,150.188,349.317,0,21
162,-39.147,-4.2603,293.381,1787.8,0,21
162,-38.7964,-6.7436,-102.64,119.618,0,21
162,-38.8112,-6.65783,209.108,16.031,0,21
162,-38.7147,-7.19776,209.108,22.111,0,21
162,-38.6103,-7.73819,265.341,2434.45,0,21
162,-38.3821,-8.8005,39.0084,848.184,0,21
162,-38.3023,-9.14153,260.819,985.648,0,21
162,-36.2059,-15.4845,-59.9793,756.989,0,21
162,-35.9114,-16.1557,141.575,252.378,0,21
162,-35.5867,-16.859,-18.2669,785.839,0,21
162,-35.5346,-16.9685,294.039,3428.69,0,21
162,-35.4482,-17.1481,172.449,344.964,0,21
162,-35.5798,-16.8735,301.394,887,0,21
162,-35.1826,-17.6868,-66.972,126.873,0,21
162,-35.0586,-17.9312,262.184,1304.11,0,21
162,-35.0961,-17.8577,50.7842,27.1787,0,21
162,-34.8196,-18.3911,203.074,918.509,0,21
162,-34.9374,-18.1663,175.17,270.165,0,21
162,-33.488,-20.7169,163.398,451.661,0,21
162,-32.8071,-21.7791,45.2544,283.4,0,21
162,-32.8302,-21.7443,63.252,23.1797,0,21
162,-32.5396,-22.1768,-86.8771,2022.38,0,21
162,-30.28,-25.1745,34.5,938.45,0,21
162,-29.202,-26.4174,-59.6715,406.77,0,21
162,-29.3413,-26.2626,165.026,223.94,0,21
162,-28.1506,-27.535,114.833,746.698,0,21
162,-27.3297,-28.35,199.391,499.247,0,21
162,-27.2803,-28.3976,228.367,502.27,0,21
162,-27.244,-28.4324,251.118,147.053,0,21
162,-26.8184,-28.8342,-39.2081,38.5784,0,21
162,-26.3362,-29.2752,-94.2399,379.361,0,21
162,-24.5045,-30.8247,288.863,585.817,0,21
162,-22.0966,-32.5941,1.6763,1298.84,0,21
162,-19.6679,-34.1146,42.2685,67.849,0,21
162,-19.4662,-34.2301,178.926,110.469,0,21
162,-18.9613,-34.5124,253.672,1573.94,0,21
162,-18.459,-34.7836,162.554,158.765,0,21
162,-14.3062,-36.6874,282.507,259.155,0,21
162,-9.60407,-38.189,273.611,528.28,0,21
162,-9.03953,-38.3265,288.866,345.25,0,21
162,-5.38365,-39.0083,64.5203,1209.17,0,21
162,-4.87509,-39.0752,113.419,782.802,0,21
162,-4.71684,-39.0946,-50.9356,3638.58,0,21
162,-3.34475,-39.2358,199.242,294.157,0,21
162,-3.00701,-39.2631,287.663,136.478,0,21
162,-2.26351,-39.313,-80.762,205.039,0,21
162,-1.92362,-39.3311,-41.9924,239.13,0,21
162,-1.04152,-39.3643,-87.9943,476.162,0,21
162,0.0539209,-39.3781,-102.272,59.6217,0,21
162,4.49116,-39.1211,-47.7587,148.298,0,21
162,4.95067,-39.0657,-72.6328,651.709,0,21
162,6.72745,-38.7992,230.969,359.445,0,21
162,9.6668,-38.1731,99.3089,186.115,0,21
162,10.6033,-37.9237,302.546,220.052,0,21
162,11.4181,-37.6863,77.4353,189.199,0,21
162,11.4366,-37.6807,169.701,319.286,0,21
162,12.0495,-37.4892,303.113,452.746,0,21
162,12.6409,-37.294,143.795,446.56,0,21
162,13.0201,-37.1633,191.459,583.986,0,21
162,14.3422,-36.6734,260.972,588.267,0,21
162,18.6234,-34.6959,113.096,198.273,0,21
162,18.5723,-34.7232,129.003,564.838,0,21
162,19.9218,-33.967,92.2814,170.497,0,21
162,21.0466,-33.2817,-26.4245,105.787,0,21
162,21.1866,-33.1928,290.597,1173.42,0,21
162,21.427,-33.0381,284.462,1941.8,0,21
162,22.0814,-32.6044,158.038,506.818,0,21
162,22.534,-32.2932,292.252,1556.65,0,21
162,26.6419,-28.9973,101.569,351.157,0,21
162,27.4772,-28.2071,-66.8783,586.023,0,21
162,29.1107,-26.5179,255.963,233.121,0,21
162,29.3823,-26.2167,190.258,844.477,0,21
162,29.4409,-26.1509,68.9182,1435.61,0,21
162,29.5914,-25.9805,294.511,176.812,0,21
162,30.0002,-25.5073,156.108,13.1248,0,21
162,30.2825,-25.1715,156.172,85.0156,0,21
162,31.0222,-24.254,125.6,163.134,0,21
162,32.7905,-21.804,169.605,232.29,0,21
162,33.0562,-21.3991,23.5983,647.819,0,21
162,34.291,-19.3588,-78.4751,206.926,0,21
162,34.5911,-18.8173,235.394,933.792,0,21
162,35.4828,-17.0764,-3.32617,225.025,0,21
162,36.6171,-14.4852,-70.3137,695.748,0,21
162,36.9958,-13.4886,45.875,129.781,0,21
162,37.3504,-12.4732,-103.733,480.774,0,21
162,37.5736,-11.7839,-20.3688,590.829,0,21
162,38.7848,-6.81012,-63.9752,659.477,0,21
162,39.205,-3.68825,-35.0306,1640.42,0,21
162,39.3556,-1.33218,143.839,529.199,0,21
162,39.3646,1.03159,146.091,374.169,0,21
162,39.3604,1.18096,-47.4032,545.95,0,21
162,39.3605,1.17811,44.2831,465.952,0,21
162,39.1514,4.21913,131.458,497.884,0,21
162,38.519,8.18049,-86.8875,375.981,0,21
162,36.5578,14.6342,78.6852,351.93,0,21
162,36.528,14.7086,292.361,49.5033,0,21
162,36.2524,15.3752,37.7742,371.612,0,21
162,34.388,19.186,297.168,153.308,0,21
162,33.686,20.3934,-31.2856,4054.49,0,21
162,33.7225,20.3329,11.5081,355.703,0,21
162,33.6604,20.4356,173.421,207.279,0,21
162,33.6187,20.504,303.689,135.985,0,21
162,33.4157,20.8333,250.236,29.0954,0,21
162,33.058,21.3964,97.5715,336.776,0,21
162,33.1183,21.3029,302.829,672.722,0,21
162,32.6567,22.0039,209.265,241.451,0,21
162,32.7174,21.9136,-44.6253,107.902,0,21
162,32.6242,22.0522,216.991,1933.83,0,21
162,32.4797,22.2644,155.723,366.085,0,21
162,32.0238,22.9153,39.2478,509.924,0,21
162,31.5825,23.5198,97.8472,1094.82,0,21
162,31.4731,23.666,259.9,346.726,0,21
162,28.8342,26.8183,194.293,330.999,0,21
162,28.8342,26.8183,236.316,137.197,0,21
162,28.5337,27.1379,236.043,44.5889,0,21
162,28.2122,27.4719,-99.3197,248.754,0,21
162,27.3831,28.2984,267.978,339.996,0,21
162,26.4639,29.1599,43.7505,1063.14,0,21
162,26.6169,29.0203,298.84,217.575,0,21
162,26.005,29.5698,223.065,53.85,0,21
162,25.3376,30.1437,247.179,224.788,0,21
162,25.1481,30.302,138.172,993.976,0,21
162,23.3115,31.7366,-50.2455,2335.27,0,21
162,22.0099,32.6527,49.1865,730.548,0,21
162,21.5968,32.9274,200.092,1956.57,0,21
162,21.281,33.1323,-16.8931,93.2461,0,21
162,19.2752,34.3381,108.544,205.539,0,21
162,18.1718,34.9345,128.78,90.673,0,21
162,17.3066,35.3711,142.544,151.753,0,21
162,16.8837,35.5749,201.444,214.966,0,21
162,16.2515,35.8681,42.9791,629.111,0,21
162,13.0759,37.1437,237.036,1201.08,0,21
162,12.1865,37.4449,192.303,222.428,0,21
162,8.01103,38.5546,-97.1374,61.3101,0,21
162,7.1525,38.7231,-60.9555,196.8,0,21
162,6.64727,38.813,290.241,9787.21,0,21
162,6.23115,38.882,168.708,684.617,0,21
162,4.955,39.0651,-83.483,196.653,0,21
162,2.85751,39.2743,52.0429,774.145,0,21
162,-0.374454,39.3763,139.755,1300.63,0,21
162,-1.08323,39.3632,292.127,254.141,0,21
162,-1.60865,39.3452,97.3319,1385.93,0,21
162,-3.44175,39.2274,246.103,269.394,0,21
162,-7.25696,38.7036,-9.28644,909.781,0,21
162,-7.44435,38.668,291.852,419.191,0,21
162,-11.7594,37.5813,-50.4166,228.247,0,21
162,-13.1127,37.1308,291.021,796.579,0,21
162,-14.0444,36.7884,304.752,1588.05,0,21
162,-14.5127,36.6062,264.649,393.219,0,21
162,-16.6443,35.6876,273.889,4178.3,0,21
162,-16.9297,35.553,266.222,177.607,0,21
162,-18.4722,34.7766,292.02,474.045,0,21
162,-20.4586,33.6464,51.2757,303.537,0,21
162,-21.1884,33.1917,299.641,56.7397,0,21
162,-24.3161,30.9735,304.633,204.71,0,21
162,-26.6187,29.0186,-70.4352,2411.54,0,21
162,-29.8577,25.674,-27.06,12.4812,0,21
162,-31.0633,24.2013,252.817,773.831,0,21
162,-31.4797,23.6572,-91.3148,127.041,0,21
162,-31.7437,23.3018,301.777,234.978,0,21
162,-31.9712,22.9887,-58.8204,265.192,0,21
162,-31.9755,22.9826,213.191,195.747,0,21
162,-32.9272,21.597,-105.4,603.992,0,21
162,-33.0986,21.3335,277.859,92.4403,0,21
162,-33.3702,20.9061,-15.4471,621.829,0,21
162,-33.935,19.9763,90.0966,465.11,0,21
162,-34.0108,19.847,-23.188,1270.06,0,21
162,-35.2709,17.51,281.042,554.802,0,21
162,-36.135,15.6493,-21.3818,617.077,0,21
162,-36.4253,14.9609,236.325,468.301,0,21
162,-36.5326,14.6971,207.025,521.651,0,21
162,-37.3714,12.4101,183.697,185.228,0,21
162,-37.7128,11.3304,3.51099,362.458,0,21
162,-37.7562,11.1849,126.219,362.928,0,21
162,-38.151,9.75363,97.6517,705.212,0,21
162,-38.2852,9.21273,83.0699,924.109,0,21
162,-38.2738,9.26031,292.32,947.662,0,21
162,-38.2812,9.22954,303.102,708.678,0,21
162,-38.4092,8.6816,-81.2815,299.659,0,21
162,-38.4397,8.54531,267.002,87.6348,0,21
162,-38.4637,8.43669,231.41,434.276,0,21
162,-38.5345,8.10737,-71.4806,301.06,0,21
162,-38.6417,7.57987,-21.2928,771.441,0,21
162,-39.1172,4.52562,7.77093,307.681,0,21
162,-39.1166,4.53057,296.177,296.848,0,21
162,-39.1261,4.4476,239.944,3448.62,0,21
162,-39.2519,3.14997,-81.0067,321.13,0,21
162,-39.3778,-0.140086,-24.4863,529.04,1,21
162,-39.3626,-1.10462,-24.2257,352.97,1,21
162,-39.2135,-3.59637,-1.2713,836.404,1,21
162,-39.1669,-4.07328,-246.663,1103.09,1,21
162,-39.1396,-4.32783,-145.359,664.77,1,21
162,-38.9629,-5.70307,-237.615,925.978,1,21
162,-38.8884,-6.19118,-22.2283,279.146,1,21
162,-38.8829,-6.22506,48.7614,196.133,1,21
162,-38.1256,-9.8527,89.44,112.697,1,21
162,-38.1746,-9.66114,-263.558,29.6043,1,21
162,-38.1202,-9.87363,-67.7489,53.2913,1,21
162,-37.8664,-10.8059,-99.6818,612.691,1,21
162,-37.5047,-12.0014,-140.641,322.774,1,21
162,-37.3941,-12.3417,13.5773,278.698,1,21
162,-37.1807,-12.9705,-41.2749,202.221,1,21
162,-36.6584,-14.3805,-65.8325,1187.75,1,21
162,-36.7018,-14.2693,-284.915,747.226,1,21
162,-36.6621,-14.3711,-38.8079,870.292,1,21
162,-36.2839,-15.3007,96.6711,248.165,1,21
162,-35.8639,-16.2609,81.4634,4268.99,1,21
162,-35.6923,-16.6341,56.6386,300.387,1,21
162,-34.4358,-19.0999,-107.17,266.3,1,21
162,-31.751,-23.2918,-234.294,88.8066,1,21
162,-30.167,-25.3098,-243.834,1158.16,1,21
162,-30.0451,-25.4544,39.5181,307.923,1,21
162,-23.8791,-31.3117,-238.77,156.206,1,21
162,-23.0338,-31.9387,51.0287,118.952,1,21
162,-20.6556,-33.5258,50.4855,84.4561,1,21
162,-20.2022,-33.801,-304.338,989.75,1,21
162,-20.0339,-33.901,-293.383,422.198,1,21
162,-18.3092,-34.8627,-294.594,235.83,1,21
162,-18.1332,-34.9545,101.142,623.516,1,21
162,-17.1936,-35.4262,-33.4231,148.156,1,21
162,-14.2028,-36.7276,49.7569,570.741,1,21
162,-13.6029,-36.954,70.8772,593.258,1,21
162,-11.8237,-37.5611,-290.888,640.128,1,21
162,-10.9435,-37.8269,78.8306,524.449,1,21
162,-10.707,-37.8945,-99.9683,583.923,1,21
162,-9.59271,-38.1918,72.0128,1110.83,1,21
162,-7.05208,-38.7415,-44.8335,683.733,1,21
162,-4.85884,-39.0772,-55.9309,1082.04,1,21
162,-3.54932,-39.2178,102.501,730.409,1,21
162,-3.4355,-39.228,46.901,1637.68,1,21
162,-3.01163,-39.2628,-258.365,1273.17,1,21
162,-1.55223,-39.3475,-271.033,934.939,1,21
162,-1.25945,-39.358,-191.406,316.363,1,21
162,-1.04821,-39.3641,-246.489,245.93,1,21
162,1.78203,-39.3378,-283.956,99.7301,1,21
162,1.97408,-39.3286,-96.7732,163.114,1,21
162,4.33738,-39.1385,-286.904,402.542,1,21
162,4.1361,-39.1603,57.2975,341.249,1,21
162,5.5412,-38.9863,-304.337,950.865,1,21
162,12.3799,-37.3815,-59.2445,256.007,1,21
162,20.1303,-33.8439,104.301,101.322,1,21
162,21.8586,-32.7542,-290.936,234.691,1,21
162,25.6731,-29.8585,-273.037,550.905,1,21
162,26.0865,-29.498,-289.88,406.875,1,21
162,26.4568,-29.1663,-1.00365,332.927,1,21
162,26.6132,-29.0236,-119.337,717.494,1,21
162,29.3346,-26.2701,49.0186,840.026,1,21
162,29.7349,-25.8161,-43.9151,572.88,1,21
162,30.5672,-24.825,-272.317,642.103,1,21
162,32.1515,-22.7358,-272.879,187.897,1,21
162,35.6316,-16.7638,47.9716,898.99,1,21
162,35.7236,-16.5667,-250.685,477.841,1,21
162,35.9116,-16.1553,-299.928,2544.67,1,21
162,36.6519,-14.397,-39.1006,468.43,1,21
162,37.1857,-12.9559,-278.08,45.3697,1,21
162,38.2702,-9.27517,33.3453,227.698,1,21
162,38.5603,-7.98377,38.7663,925.811,1,21
162,38.6274,-7.65254,-297.256,279.135,1,21
162,38.7671,-6.90997,22.2905,563.093,1,21
162,39.1286,-4.42617,-267.442,350.755,1,21
162,39.1766,-3.97811,-205.728,377.083,1,21
162,39.237,-3.33029,-191.09,337.829,1,21
162,39.3006,-2.46959,-17.8062,1189.4,1,21
162,39.3482,-1.53468,-123.116,189.27,1,21
162,39.3612,-1.15489,-270.971,329.234,1,21
162,39.3759,-0.412605,20.4831,182.313,1,21
162,39.2234,3.48737,-256.271,627.137,1,21
162,39.1012,4.66204,-278.687,285.181,1,21
162,38.9197,5.99123,105.386,1051.76,1,21
162,38.8226,6.59076,-133.39,124.436,1,21
162,38.8042,6.69869,-162.572,583.958,1,21
162,38.7226,7.15482,13.2659,317.43,1,21
162,38.7019,7.26631,-301.203,508.141,1,21
162,38.1876,9.6094,-89.9343,904.235,1,21
162,38.1728,9.66798,68.9175,377.484,1,21
162,36.7533,14.136,56.9887,682.79,1,21
162,36.7642,14.1078,-274.05,1096.8,1,21
162,36.3701,15.0946,-4.86664,1456.57,1,21
162,34.4147,19.138,-24.0133,1163.36,1,21
162,34.1263,19.6476,-259.591,255.282,1,21
162,33.1746,21.215,63.1489,270.499,1,21
162,32.6879,21.9577,-42.3524,272.751,1,21
162,32.5042,22.2286,-107.397,2470.18,1,21
162,32.2202,22.6384,-255.083,104.154,1,21
162,31.8686,23.1306,-263.656,1252.08,1,21
162,30.7811,24.5592,-139.69,484.827,1,21
162,30.3595,25.0786,-101.524,1212.26,1,21
162,28.6681,26.9958,-277.983,783.39,1,21
162,28.1948,27.4898,60.9889,621.3,1,21
162,28.2296,27.4541,42.1586,65.7151,1,21
162,27.1259,28.545,41.3336,1122.02,1,21
162,27.2698,28.4076,-267.932,5726.02,1,21
162,27.2964,28.382,-286.7,12,1,21
162,26.2453,29.3568,-265.927,198.678,1,21
162,25.236,30.2287,-139.615,241,1,21
162,24.8562,30.5419,-274.602,181.321,1,21
162,24.04,31.1883,-16.5866,270.13,1,21
162,23.922,31.2789,-277.45,773.885,1,21
162,22.8778,32.0506,-231.902,58.2341,1,21
162,22.1437,32.5621,59.1176,187.92,1,21
162,21.4357,33.0325,-291.216,908.111,1,21
162,19.6768,34.1095,45.0919,157.383,1,21
162,17.399,35.3258,-243.873,1432.09,1,21
162,14.2774,36.6987,-28.4814,791.407,1,21
162,11.7201,37.5935,-67.4587,151.878,1,21
162,11.335,37.7114,-96.823,212.12,1,21
162,9.33155,38.2565,97.2058,510.657,1,21
162,6.5399,38.8312,-128.851,1998.04,1,21
162,5.76298,38.9541,-235.174,214.601,1,21
162,3.31429,39.2384,-291.207,124.782,1,21
162,-6.16843,38.892,71.8904,57.3745,1,21
162,-9.66114,38.1746,82.5837,210.773,1,21
162,-11.8214,37.5618,-291.698,122.95,1,21
162,-12.3454,37.3928,-155.317,458.553,1,21
162,-13.5106,36.9878,24.2076,51.3084,1,21
162,-13.5454,36.9751,-66.5036,127.577,1,21
162,-14.528,36.6002,-175.627,481.764,1,21
162,-14.6631,36.5462,-266.956,84.8223,1,21
162,-16.0536,35.9571,48.6313,205.161,1,21
162,-16.6167,35.7004,54.7484,589.467,1,21
162,-17.1279,35.458,-294.184,720.465,1,21
162,-17.1894,35.4282,-271.175,428.446,1,21
162,-17.4699,35.2907,-76.0791,181.07,1,21
162,-18.3552,34.8385,10.5518,970.025,1,21
162,-20.1752,33.8171,-121.091,172.482,1,21
162,-22.3497,32.4211,97.183,287.21,1,21
162,-23.1257,31.8722,-131.358,453.234,1,21
162,-23.9843,31.2312,-8.00322,3371.62,1,21
162,-26.4354,29.1857,-41.8445,139.051,1,21
162,-27.055,28.6123,-287.066,488.271,1,21
162,-28.5998,27.0681,-147.285,205.556,1,21
162,-29.8816,25.6462,0.750818,345.318,1,21
162,-30.5624,24.8309,90.9969,1310.65,1,21
162,-33.9467,19.9564,-52.499,168.197,1,21
162,-34.4451,19.0832,-28.4377,162.722,1,21
162,-36.1539,15.6055,-267.459,329.845,1,21
162,-36.4563,14.8853,-159.861,2331.93,1,21
162,-36.5486,14.6573,-94.5451,716.259,1,21
162,-36.9838,13.5215,-302.046,840.288,1,21
162,-37.1086,13.1753,-92.4555,823.575,1,21
162,-37.1635,13.0197,-230.263,439.966,1,21
162,-39.3779,0.109687,-24.346,189.929,1,21
162,-39.3779,0.109693,-147.306,185.916,1,21
162,-39.9162,-1.61262,241.62,1100.79,0,22
162,-39.9157,-1.62591,128.266,465.026,0,22
162,-39.8841,-2.27351,107.993,838.649,0,22
162,-39.7123,-4.34059,293.697,3497.83,0,22
162,-39.3778,-6.73015,-103.356,127.525,0,22
162,-39.1672,-7.86341,266.073,4772.15,0,22
162,-39.0475,-8.43798,209.069,586.966,0,22
162,-39.1703,-7.84816,287.548,11,0,22
162,-39.1703,-7.84816,288.396,11,0,22
162,-38.9415,-8.91417,37.7299,2122.06,0,22
162,-38.6942,-9.93302,260.836,36.0416,0,22
162,-38.4998,-10.6615,261.26,17.0693,0,22
162,-36.751,-15.6611,-60.4655,1125.74,0,22
162,-36.5174,-16.1983,292.689,413.928,0,22
162,-36.389,-16.4849,140.285,651.996,0,22
162,-36.1178,-17.0707,-18.3706,535.305,0,22
162,-35.8966,-17.5311,294.353,2299.35,0,22
162,-35.9025,-17.5191,171.94,292.398,0,22
162,-35.7123,-17.9036,261.533,1791.4,0,22
162,-35.7051,-17.9179,50.7906,51.2766,0,22
162,-35.4163,-18.4822,-68.2349,570.683,0,22
162,-35.4067,-18.5006,174.198,984.09,0,22
162,-35.0378,-19.1901,203.194,212.507,0,22
162,-34.1118,-20.7916,161.896,548.356,0,22
162,-33.5654,-21.6627,44.9037,156.788,0,22
162,-32.9983,-22.5171,-88.6425,556.079,0,22
162,-32.9983,-22.5171,-11.372,36.111,0,22
162,-32.9983,-22.5171,19.3,115.24,0,22
162,-32.2275,-23.6071,-32.8651,63.8159,0,22
162,-32.2275,-23.6071,-20.276,20.1529,0,22
162,-32.2275,-23.6071,88.3296,88.1095,0,22
162,-31.8285,-24.1424,86.7462,257.383,0,22
162,-30.5828,-25.7021,33.4686,5350.93,0,22
162,-29.8541,-26.5451,-60.7531,468.409,0,22
162,-29.4887,-26.9504,165.153,292.462,0,22
162,-28.0111,-28.4831,198.747,25.1526,0,22
162,-27.692,-28.7934,198.613,100.019,0,22
162,-26.9541,-29.4853,-39.8658,414.515,0,22
162,-26.3619,-30.016,61.9585,1151.53,0,22
162,-25.4984,-30.7528,288.887,392.814,0,22
162,-22.0685,-33.3,0.321035,700.156,0,22
162,-20.4594,-34.3121,40.4235,1116.32,0,22
162,-19.6521,-34.7808,177.979,95.9283,0,22
162,-19.0263,-35.127,253.399,1298.31,0,22
162,-14.3864,-37.2685,281.58,321.773,0,22
162,-10.8427,-38.4492,273.274,601.006,0,22
162,-9.21044,-38.8725,287.367,1741.71,0,22
162,-8.32692,-39.0713,138.856,907.132,0,22
162,-5.38658,-39.584,-31.6518,491.495,0,22
162,-5.43492,-39.5774,63.5417,88.4145,0,22
162,-4.938,-39.6424,-55.9672,762.061,0,22
162,-3.52918,-39.7926,199.014,289.245,0,22
162,-2.96584,-39.8386,286.597,822.007,0,22
162,-2.60038,-39.8641,280.359,766.227,0,22
162,-1.09379,-39.9338,-87.5995,759.589,0,22
162,-0.477786,-39.9459,-16.3684,121.409,0,22
162,-0.260856,-39.9479,-103.817,237.634,0,22
162,4.21463,-39.7259,-48.2409,171.358,0,22
162,4.58912,-39.6843,-72.7977,360.737,0,22
162,7.04689,-39.3224,228.94,670.859,0,22
162,8.08564,-39.122,161.121,766.226,0,22
162,9.67106,-38.7605,98.1293,351.673,0,22
162,11.856,-38.1489,76.5043,459.488,0,22
162,11.7357,-38.1861,168.487,484.589,0,22
162,12.1943,-38.0422,301.847,2948.27,0,22
162,12.6689,-37.8868,143.237,67.4894,0,22
162,13.4143,-37.6293,188.698,439.154,0,22
162,13.2881,-37.674,191.088,473.004,0,22
162,14.1305,-37.3663,287.19,438.587,0,22
162,14.6756,-37.1555,259.387,677.643,0,22
162,15.0924,-36.9882,228.383,750.676,0,22
162,15.5041,-36.8175,28.3812,731.842,0,22
162,15.8874,-36.6537,-18.4937,194.981,0,22
162,16.7148,-36.2839,91.236,11.0155,0,22
162,17.5151,-35.9044,284.893,1638.22,0,22
162,17.7537,-35.7871,33.0581,367.151,0,22
162,18.2166,-35.5536,113.05,1303.21,0,22
162,18.962,-35.1617,127.914,1296.88,0,22
162,20.4133,-34.3395,92.0837,412.867,0,22
162,21.4271,-33.7163,-26.7773,1354.47,0,22
162,21.4279,-33.7158,289.38,1349.69,0,22
162,21.6975,-33.5429,283.31,1317.43,0,22
162,21.8079,-33.4712,157.841,759.876,0,22
162,22.8939,-32.738,291.698,1507.67,0,22
162,27.0663,-29.3823,100.441,998.928,0,22
162,27.9086,-28.5835,-67.7454,305.538,0,22
162,29.5957,-26.8328,254.977,956.975,0,22
162,29.8755,-26.521,293.59,1116.58,0,22
162,30.9818,-25.2197,154.918,973.374,0,22
162,31.4358,-24.6515,124.886,576.64,0,22
162,31.9177,-24.0243,291.151,458.382,0,22
162,32.7849,-22.8266,64.7138,775.596,0,22
162,33.471,-21.8082,22.0584,1657.41,0,22
162,33.2861,-22.0895,168.889,325.691,0,22
162,34.6938,-19.8052,-79.0079,198.928,0,22
162,35.1147,-19.0489,234.666,208.23,0,22
162,35.9508,-17.4196,-4.07723,291.138,0,22
162,37.1399,-14.7151,-71.7536,1582.08,0,22
162,37.8081,-12.9018,-103.988,200.259,0,22
162,38.0931,-12.0343,-20.8973,451.097,0,22
162,38.159,-11.8236,-67.0042,338.367,0,22
162,39.2966,-7.18887,-65.2245,408.126,0,22
162,39.761,-3.86952,-35.2916,652.351,0,22
162,39.8879,-2.20513,143.432,1043.16,0,22
162,39.9028,-1.91691,30.6128,391.519,0,22
162,39.9042,-1.88653,305.78,152.18,0,22
162,39.9316,1.17324,-49.0994,1335.36,0,22
162,39.9318,1.16587,43.9987,182.192,0,22
162,39.8097,3.33062,169.229,3510.16,0,22
162,39.792,3.53616,-65.4134,773.819,0,22
162,39.7051,4.40566,130.752,1318.61,0,22
162,39.5218,5.82529,194.826,61.4405,0,22
162,39.3562,6.85549,195.006,577.038,0,22
162,39.2371,7.50718,226.44,509.103,0,22
162,38.9634,8.81832,-101.518,1771.27,0,22
162,37.1057,14.8011,78.0536,179.406,0,22
162,37.0059,15.0488,-80.5116,435.41,0,22
162,37.0269,14.9971,291.194,732.3,0,22
162,36.552,16.1202,233.848,623.575,0,22
162,35.1623,18.9609,-57.6077,1479.51,0,22
162,34.6369,19.9046,-31.8762,14736.7,0,22
162,34.7606,19.6877,295.924,1444.88,0,22
162,33.8724,21.1795,209.249,844.389,0,22
162,34.1595,20.7131,302.317,456.557,0,22
162,33.4787,21.7964,301.759,221.453,0,22
162,33.3206,22.0374,97.4536,620.573,0,22
162,33.3699,21.9625,209.108,13,0,22
162,33.126,22.3288,-32.5748,939.754,0,22
162,32.5895,23.1047,154.853,1522.72,0,22
162,32.3446,23.4464,38.9723,652.349,0,22
162,31.855,24.1074,258.997,712.491,0,22
162,28.9472,27.5312,192.373,240.196,0,22
162,28.0111,28.4831,266.003,293.869,0,22
162,26.9563,29.4833,43.7179,802.906,0,22
162,27.1098,29.3422,297.469,283.146,0,22
162,26.4616,29.9281,221.836,441.611,0,22
162,25.972,30.3539,245.113,1152.35,0,22
162,25.5421,30.7166,137.601,683.734,0,22
162,24.2654,31.7348,220.7,136.317,0,22
162,23.7337,32.1344,-49.6405,6726.39,0,22
162,22.4038,33.0753,49.157,357.003,0,22
162,21.9409,33.3842,200.123,1738.98,0,22
162,19.3922,34.9263,107.208,537.454,0,22
162,18.7868,35.2557,128.083,1816.66,0,22
162,18.3633,35.4781,202.007,246.631,0,22
162,17.4676,35.9276,142.276,133.412,0,22
162,17.0496,36.1278,201.056,369.97,0,22
162,16.5518,36.3586,41.9592,418.736,0,22
162,15.6808,36.7426,56.9186,1058.88,0,22
162,13.3653,37.6467,-39.3898,723.832,0,22
162,12.7914,37.8456,192.515,408.18,0,22
162,12.9306,37.7982,236.575,194.344,0,22
162,9.41206,38.8242,219.999,217.767,0,22
162,8.21809,39.0944,-97.2016,412.217,0,22
162,6.98654,39.3331,-61.7358,321.473,0,22
162,6.21371,39.4626,168.388,444.034,0,22
162,5.35178,39.5887,125.188,1162.21,0,22
162,5.15293,39.6151,-84.0468,217.399,0,22
162,4.69991,39.6714,76.3264,1132.6,0,22
162,3.36162,39.8071,125.694,733.063,0,22
162,3.10988,39.8276,51.5661,146.215,0,22
162,2.0699,39.8951,182.555,1476.72,0,22
162,-0.341413,39.9473,138.243,393.696,0,22
162,-0.722379,39.9423,-104.849,159.235,0,22
162,-1.52102,39.9198,97.0873,1192.31,0,22
162,-1.4984,39.9207,291.035,643.949,0,22
162,-3.48341,39.7966,244.786,843.528,0,22
162,-3.52416,39.7931,304.449,591.772,0,22
162,-4.74069,39.6665,124.439,180.908,0,22
162,-5.74704,39.5333,274.799,482.617,0,22
162,-7.43699,39.2505,-10.4243,948.396,0,22
162,-7.63886,39.2117,290.992,894.167,0,22
162,-10.6615,38.4998,296.011,228.76,0,22
162,-11.9868,38.1081,-50.7818,687.376,0,22
162,-13.7279,37.516,-100.826,1025.28,0,22
162,-14.1956,37.3416,291.023,2333.15,0,22
162,-13.9308,37.4412,304.215,684.379,0,22
162,-15.1014,36.9845,264.161,363.804,0,22
162,-16.5558,36.3567,269.744,2054.87,0,22
162,-16.9439,36.1775,265.367,2239.31,0,22
162,-18.8784,35.2067,-95.0668,139.928,0,22
162,-18.9318,35.178,290.293,646.549,0,22
162,-20.6514,34.1969,50.789,428.972,0,22
162,-23.563,32.2598,65.4565,152.624,0,22
162,-24.7678,31.3443,304.084,551.586,0,22
162,-27.906,28.586,148.911,954.177,0,22
162,-30.1639,26.1924,-26.5604,469.548,0,22
162,-31.7023,24.3078,-92.4901,1066.96,0,22
162,-31.7097,24.2982,251.228,2575.65,0,22
162,-32.0743,23.8149,302.063,285.107,0,22
162,-32.6068,23.0804,212.74,294.783,0,22
162,-32.7267,22.91,-58.69,612.779,0,22
162,-33.2625,22.125,-105.364,330.94,0,22
162,-33.3936,21.9265,276.498,416.133,0,22
162,-33.8938,21.1452,-15.7334,305.527,0,22
162,-34.5475,20.0593,-23.9574,7143.44,0,22
162,-34.4936,20.1518,89.7481,950.796,0,22
162,-35.7209,17.8864,279.942,1066.95,0,22
162,-36.7953,15.5567,-21.2584,867.702,0,22
162,-37.8652,12.7332,183.274,636.709,0,22
162,-37.98,12.3866,-89.1293,252.814,0,22
162,-38.2423,11.5512,125.338,379.338,0,22
162,-38.4399,10.8759,3.892,11.1387,0,22
162,-38.6726,10.0168,80.3785,80.7318,0,22
162,-38.6726,10.0168,81.666,168.214,0,22
162,-38.6726,10.0168,97.6004,89.285,0,22
162,-38.7975,9.52148,81.1697,339.51,0,22
162,-38.7818,9.58532,97.6072,62.9558,0,22
162,-38.8323,9.37845,164.62,1176.43,0,22
162,-38.8926,9.12528,-82.6675,857.498,0,22
162,-38.8613,9.25783,230.083,993.736,0,22
162,-38.8655,9.24023,302.847,716.182,0,22
162,-39.0504,8.42436,292.656,1609.45,0,22
162,-39.1123,8.13247,-72.1869,286.19,0,22
162,-39.1502,7.94809,-21.3161,647.127,0,22
162,-39.1623,7.88822,33.6689,599.758,0,22
162,-39.5978,5.28386,61.3256,696.204,0,22
162,-39.6875,4.56139,6.91791,651.181,0,22
162,-39.6886,4.55183,237.898,546.081,0,22
162,-39.8363,2.9958,-82.0833,717.735,0,22
162,-39.8662,2.5673,221.154,294.366,0,22
162,-39.8628,-2.62056,-23.6168,2878.75,1,22
162,-39.8978,-2.01786,-65.2943,287.587,1,22
162,-39.7483,-3.99691,-145.048,2091.19,1,22
162,-39.7592,-3.88797,-6.11285,206,1,22
162,-39.7033,-4.42164,-244.849,1143.18,1,22
162,-39.6835,-4.5963,-23.0259,407.486,1,22
162,-39.5529,-5.61015,-22.6913,344.991,1,22
162,-39.5726,-5.46926,-236.52,329.2,1,22
162,-38.7153,-9.85049,34.5275,52.7007,1,22
162,-38.6943,-9.93268,-67.6354,246.522,1,22
162,-38.1158,-11.9621,-41.7645,892.733,1,22
162,-38.3787,-11.0898,-99.5374,118.746,1,22
162,-38.0431,-12.1915,14.7139,758.968,1,22
162,-37.97,-12.4173,-139.291,1094.2,1,22
162,-37.55,-13.6348,-66.65,4871.19,1,22
162,-37.318,-14.2575,-284.363,372.125,1,22
162,-37.0584,-14.9191,-38.3777,115.776,1,22
162,-37.0929,-14.8331,-81.0613,247.467,1,22
162,-36.9597,-15.162,-297.154,707.083,1,22
162,-36.5715,-16.0757,83.3168,3866.26,1,22
162,-35.9632,-17.394,51.0898,548.866,1,22
162,-35.0948,-19.0857,-106.138,571.098,1,22
162,-33.2172,-22.1929,42.7259,523.476,1,22
162,-32.3709,-23.41,-233.231,527.057,1,22
162,-30.7348,-25.5202,40.3028,1280.79,1,22
162,-30.7421,-25.5114,-241.906,1164.4,1,22
162,-29.7884,-26.6188,-95.5368,411.632,1,22
162,-29.3959,-27.0515,-99.2673,713.904,1,22
162,-29.0562,-27.4162,-305.623,489.824,1,22
162,-25.5401,-30.7182,-299.353,712.01,1,22
162,-24.1909,-31.7916,-236.987,688.352,1,22
162,-23.4451,-32.3456,51.4884,481.227,1,22
162,-20.8394,-34.0826,50.739,885.555,1,22
162,-20.5426,-34.2623,-304.138,640.117,1,22
162,-20.3584,-34.3721,-292.7,169.981,1,22
162,-19.3659,-34.9409,-267.273,639.098,1,22
162,-19.0919,-35.0914,-294.071,431.747,1,22
162,-18.6499,-35.3283,101.19,76.9266,1,22
162,-18.0095,-35.659,-31.5677,880.492,1,22
162,-14.5535,-37.2035,50.2914,219.289,1,22
162,-14.1514,-37.3583,71.7772,870.607,1,22
162,-12.6685,-37.8869,-71.4425,117.37,1,22
162,-12.1753,-38.0482,-290.441,684.227,1,22
162,-11.0378,-38.3937,79.6652,3723.16,1,22
162,-10.9113,-38.4298,-101.315,1815.11,1,22
162,-10.0168,-38.6726,-277.136,91.8923,1,22
162,-9.32248,-38.8458,72.519,568.047,1,22
162,-6.90014,-39.3484,-43.1744,1695.67,1,22
162,-5.44133,-39.5765,-273.81,1466.57,1,22
162,-4.95808,-39.6399,-55.1637,618.13,1,22
162,-3.49281,-39.7958,102.704,1304.48,1,22
162,-2.9051,-39.843,46.5857,582.167,1,22
162,-1.76869,-39.9096,-270.27,675.812,1,22
162,-1.48589,-39.9212,-191.357,177.135,1,22
162,-1.25762,-39.929,-245.988,849.68,1,22
162,1.60198,-39.9167,-283.389,257.067,1,22
162,1.87885,-39.9046,-96.5717,415.256,1,22
162,4.09096,-39.7388,58.4411,383.995,1,22
162,5.50236,-39.5681,-303.808,238.473,1,22
162,6.22708,-39.4605,-294.952,535.114,1,22
162,6.29644,-39.4495,-87.2019,915.759,1,22
162,11.0898,-38.3787,-204.164,81.9316,1,22
162,12.4634,-37.9548,-57.9079,815.253,1,22
162,13.4052,-37.6325,-142.305,244.98,1,22
162,16.5125,-36.3764,-206.733,89.9869,1,22
162,16.5125,-36.3764,-297.458,41.4452,1,22
162,20.3232,-34.3929,105.195,149.933,1,22
162,22.2887,-33.153,24.8078,380.574,1,22
162,22.2542,-33.1761,-290.3,116.105,1,22
162,23.6071,-32.2275,-282.498,1480.78,1,22
162,23.6071,-32.2275,-285.004,11.5286,1,22
162,24.1424,-31.8285,-93.7856,1954.7,1,22
162,25.8402,-30.4662,-272.369,272.997,1,22
162,26.0309,-30.3035,-278.555,1000.45,1,22
162,26.6396,-29.7697,-288.38,402.086,1,22
162,26.9202,-29.5162,0.217275,1107.27,1,22
162,27.1311,-29.3225,-117.48,1091.85,1,22
162,29.3493,-27.1021,-204.925,574.878,1,22
162,29.9175,-26.4735,50.6422,604.848,1,22
162,30.0301,-26.3458,-43.3842,677.292,1,22
162,30.759,-25.491,-252.87,1055.48,1,22
162,30.8032,-25.4376,-271.064,800.158,1,22
162,31.5794,-24.4673,-84.9986,1080.74,1,22
162,36.1016,-17.1049,45.5101,3023.19,1,22
162,36.0954,-17.118,29.18,13,1,22
162,36.1039,-17.1002,-248.85,594.661,1,22
162,36.2939,-16.6931,-86.7249,322.553,1,22
162,36.32,-16.6363,-299.167,3287.09,1,22
162,36.4244,-16.4063,13.4692,317.031,1,22
162,36.5694,-16.0806,-190.114,341.885,1,22
162,37.0035,-15.0549,-37.6525,920.635,1,22
162,37.8236,-12.8562,-276.259,230.085,1,22
162,38.0425,-12.1932,-95.9056,348.52,1,22
162,38.8615,-9.25692,33.9653,553.431,1,22
162,39.1356,-8.01921,35.9264,5546.91,1,22
162,39.126,-8.06626,10.1,11,1,22
162,39.2503,-7.43763,-296.619,410.722,1,22
162,39.3645,-6.80745,22.4892,228.816,1,22
162,39.7461,-4.01896,-267.253,1051.5,1,22
162,39.7593,-3.88651,-204.337,856.167,1,22
162,39.7894,-3.56536,-191.005,122.339,1,22
162,39.8409,-2.93432,-15.7066,535.927,1,22
162,39.927,-1.3207,-122.207,511.911,1,22
162,39.9234,-1.42377,-271.263,285.874,1,22
162,39.9441,-0.610378,20.7229,234.254,1,22
162,39.7934,3.52065,-166.101,473.047,1,22
162,39.7692,3.7838,-255.419,598.071,1,22
162,39.657,4.81977,-278.073,288.742,1,22
162,39.4904,6.03456,105.468,274.469,1,22
162,39.3717,6.76558,-161.302,880.801,1,22
162,39.328,7.01543,-132.411,769.182,1,22
162,39.265,7.35974,13.5799,324.311,1,22
162,39.2533,7.42191,-300.526,434.933,1,22
162,38.7605,9.67101,-89.306,869.7,1,22
162,38.7218,9.82487,70.0074,843.985,1,22
162,37.2565,14.4174,-273.15,753.543,1,22
162,36.3656,16.5364,54.6772,4056.26,1,22
162,36.8903,15.3301,-3.8594,233.751,1,22
162,35.358,18.5936,-61.8911,388.358,1,22
162,32.6622,23.0019,48.0012,6015.3,1,22
162,34.9375,19.372,-22.0807,608.678,1,22
162,34.6759,19.8366,-258.22,297.655,1,22
162,33.6734,21.4943,64.4282,1182,1,22
162,33.2814,22.0965,-40.8703,263.65,1,22
162,32.7758,22.8397,-253.137,1708.02,1,22
162,32.0683,23.8229,-262.372,797.049,1,22
162,31.169,24.9881,-138.34,538.695,1,22
162,30.8423,25.3901,-99.5637,4343.48,1,22
162,29.1856,27.2784,43.2315,2008.31,1,22
162,29.5676,26.8638,103.306,204.237,1,22
162,29.0152,27.4595,-277.081,571.379,1,22
162,28.6019,27.8898,61.5629,216.627,1,22
162,28.6387,27.852,42.9306,30.1892,1,22
162,28.0111,28.4831,-265.211,45.5604,1,22
162,27.6312,28.8517,-266.506,5884.73,1,22
162,27.2687,29.1946,-42.5623,1957.96,1,22
162,26.5799,29.8231,-266.28,229.035,1,22
162,26.0252,30.3084,21.3374,957.451,1,22
162,25.3981,30.8357,-139.032,193.624,1,22
162,25.3303,30.8915,-273.695,315.297,1,22
162,24.2699,31.7314,-15.8872,577.484,1,22
162,24.3426,31.6756,-276.578,880.587,1,22
162,22.9274,32.7146,-231.474,304.705,1,22
162,21.6623,33.5657,-290.363,1668.18,1,22
162,17.8294,35.7494,-242.446,1671.27,1,22
162,14.2342,37.3269,-28.1107,521.757,1,22
162,11.9694,38.1135,-66.6979,427.402,1,22
162,11.3606,38.2994,-95.5911,542.344,1,22
162,6.56754,39.4053,-129.158,4415.93,1,22
162,5.76207,39.5311,-233.862,489.29,1,22
162,5.1544,39.6149,-165.365,652.038,1,22
162,3.63504,39.7831,-290.501,1174.84,1,22
162,-11.8427,38.1531,-290.804,109.538,1,22
162,-12.3693,37.9856,-155.071,399.576,1,22
162,-13.8014,37.489,-65.6993,199.795,1,22
162,-14.0671,37.3901,24.5388,240.24,1,22
162,-14.4229,37.2543,-173.793,442.129,1,22
162,-14.9099,37.0621,-266.791,414.324,1,22
162,-16.1623,36.5333,49.5489,298.093,1,22
162,-16.4547,36.4026,87.7787,211.647,1,22
162,-16.7499,36.2677,55.1295,639.929,1,22
162,-17.6949,35.8162,-270.092,1105.98,1,22
162,-17.6313,35.8475,-75.4629,382.38,1,22
162,-17.7195,35.804,-293.481,153.54,1,22
162,-18.525,35.3939,10.9104,199.061,1,22
162,-20.2665,34.4264,-119.934,1025.5,1,22
162,-22.4009,33.0773,97.5531,691.411,1,22
162,-23.5447,32.2731,-130.357,674.115,1,22
162,-24.312,31.6991,39.871,1169.88,1,22
162,-24.3644,31.6589,-6.21575,1151.56,1,22
162,-25.0599,31.1112,100.385,372.627,1,22
162,-25.8598,30.4496,-281.414,656.329,1,22
162,-27.1646,29.2915,-42.1954,838.087,1,22
162,-27.0198,29.4251,-287.281,284.665,1,22
162,-29.0766,27.3945,-146.914,504.138,1,22
162,-33.0405,22.4551,-150.952,15368.2,1,22
162,-29.1427,27.3242,-300.167,367.66,1,22
162,-30.5757,25.7106,1.81678,1597.13,1,22
162,-31.0118,25.1828,90.7238,5566.12,1,22
162,-34.651,19.88,-51.2964,636.857,1,22
162,-36.4984,16.2411,-277.736,274.177,1,22
162,-36.8624,15.397,-160.359,993.843,1,22
162,-37.0704,14.8893,-268.727,818.535,1,22
162,-37.2826,14.3498,-95.295,2030.14,1,22
162,-37.4119,14.009,75.9052,709.167,1,22
162,-37.3932,14.059,-301.579,1029.56,1,22
162,-37.5805,13.5503,-92.3163,259.087,1,22
162,-37.6851,13.2566,-228.582,2254.21,1,22
162,-38.4517,10.8338,92.4616,317.544,1,22
162,-39.7592,3.888,-47.9646,196.792,1,22
162,-41.6516,-1.11119,239.059,1317.91,0,23
162,-41.5827,-2.64009,105.291,314.915,0,23
162,-41.5752,-2.75502,128.656,92.6634,0,23
162,-41.5313,-3.35211,149.049,449.751,0,23
162,-41.4055,-4.65516,288.913,548.24,0,23
162,-41.0959,-6.87135,-105.095,325.553,0,23
162,-40.8119,-8.39489,261.558,1028.24,0,23
162,-40.6247,-9.25865,35.2315,746.874,0,23
162,-40.4843,-9.85436,208.995,390.902,0,23
162,-40.1797,-11.0308,-90.236,39.0971,0,23
162,-40.1797,-11.0308,209.108,22.1892,0,23
162,-39.8854,-12.0518,304.456,773.838,0,23
162,-39.6578,-12.7809,261.799,1716.42,0,23
162,-39.275,-13.9126,262.231,417.616,0,23
162,-39.1124,-14.3634,-39.9678,597.533,0,23
162,-38.3937,-16.1868,-61.2527,620.326,0,23
162,-38.1663,-16.716,291.788,60.2751,0,23
162,-37.8553,-17.4088,138.003,876.831,0,23
162,-37.7467,-17.6431,-18.6228,297.244,0,23
162,-37.351,-18.466,50.8883,464.628,0,23
162,-37.3412,-18.4858,171.171,844.997,0,23
162,-37.4818,-18.1989,266.713,391,0,23
162,-37.211,-18.7465,294.974,2673.23,0,23
162,-36.8214,-19.5006,172.094,978.547,0,23
162,-36.6055,-19.9029,-69.6995,634.932,0,23
162,-36.2696,-20.5087,203.161,413.641,0,23
162,-35.9321,-21.0943,203.243,179.603,0,23
162,-35.7711,-21.3663,44.596,103.536,0,23
162,-35.7715,-21.3657,159.957,777.645,0,23
162,-35.5175,-21.7852,44.3907,80.5979,0,23
162,-34.741,-23.0034,18.5597,359.551,0,23
162,-34.6118,-23.1973,-12.0254,142.422,0,23
162,-34.6079,-23.203,60.9228,774.866,0,23
162,-34.4058,-23.5017,-91.7232,48.1168,0,23
162,-33.962,-24.1386,-32.5645,2992.52,0,23
162,-33.0275,-25.4022,84.7973,1395.6,0,23
162,-31.6157,-27.1393,30.5483,868.454,0,23
162,-31.3907,-27.3991,-61.5903,1056.97,0,23
162,-29.8814,-29.0378,229.884,28.137,0,23
162,-28.863,-30.0502,111.325,513.682,0,23
162,-29.0378,-29.8814,197.861,49.9559,0,23
162,-28.4004,-30.4878,288.96,225.998,0,23
162,-27.8448,-30.9961,288.99,502.879,0,23
162,-27.718,-31.1095,-97.1484,1048.58,0,23
162,-27.4084,-31.3826,289.123,77.3312,0,23
162,-27.0949,-31.6537,60.5867,775.568,0,23
162,-22.2049,-35.2567,-2.61728,529.232,0,23
162,-22.0596,-35.3477,37.9187,827.923,0,23
162,-20.2454,-36.4172,175.825,684.292,0,23
162,-19.5068,-36.8181,252.966,1708.61,0,23
162,-19.3538,-36.8988,159.542,686.753,0,23
162,-14.8289,-38.9383,280.49,152.756,0,23
162,-14.5619,-39.0389,272.336,778.097,0,23
162,-14.0272,-39.2343,38.3898,336.887,0,23
162,-14.0583,-39.2231,75.7892,167.051,0,23
162,-13.2672,-39.4977,272.705,909.314,0,23
162,-12.3538,-39.7929,29.5617,389.906,0,23
162,-11.4906,-40.0507,296.247,277.426,0,23
162,-9.81073,-40.4949,284.73,837.334,0,23
162,-8.40223,-40.8104,138.023,1384.56,0,23
162,-5.57335,-41.292,-56.4419,382.323,0,23
162,-5.43122,-41.3109,110.314,535.68,0,23
162,-3.82951,-41.49,-78.9916,60.4283,0,23
162,-3.48994,-41.52,-79.2659,194.985,0,23
162,-2.97142,-41.5603,279.201,821.864,0,23
162,-1.38517,-41.6434,-87.2064,215.894,0,23
162,-0.4519,-41.6639,-105.127,182.681,0,23
162,-0.340756,-41.665,-15.7878,279.909,0,23
162,3.90046,-41.4834,-73.0709,881.624,0,23
162,4.02931,-41.4711,-49.4138,622.635,0,23
162,8.29839,-40.8317,160.7,677.441,0,23
162,9.88273,-40.4774,95.5616,544.443,0,23
162,10.2068,-40.3969,300.667,157.833,0,23
162,11.4751,-40.0551,-85.5536,227.602,0,23
162,12.6934,-39.6858,300.112,1794.58,0,23
162,12.8246,-39.6436,75.5833,572.709,0,23
162,12.7334,-39.673,166.195,521.705,0,23
162,12.9396,-39.6063,142.083,651.596,0,23
162,13.9124,-39.2751,190.586,90.6588,0,23
162,14.374,-39.1085,187.655,384.677,0,23
162,14.5052,-39.06,285.441,399.913,0,23
162,15.4654,-38.6899,257.285,1147.9,0,23
162,16.3379,-38.3297,228.352,92.8459,0,23
162,18.505,-37.3317,32.1478,280.636,0,23
162,20.3713,-36.3469,124.999,472.176,0,23
162,21.5568,-35.6566,91.9064,439.81,0,23
162,22.0453,-35.3567,157.637,1331.06,0,23
162,22.1441,-35.2949,286.807,1928.84,0,23
162,22.4249,-35.1171,280.028,559.856,0,23
162,22.9037,-34.8067,-27.9643,319.074,0,23
162,24.1706,-33.9392,290.01,736.956,0,23
162,25.2981,-33.1073,305.78,455.111,0,23
162,28.3559,-30.5292,98.1532,734.572,0,23
162,29.0378,-29.8814,57.0301,613.332,0,23
162,29.2813,-29.6428,57.0887,50.4787,0,23
162,30.6297,-28.2473,187.66,510.042,0,23
162,31.0617,-27.7716,251.765,670.413,0,23
162,31.0081,-27.8314,291.88,982.648,0,23
162,32.6554,-25.8788,153.794,759.352,0,23
162,32.6645,-25.8674,123.262,891.62,0,23
162,33.041,-25.3847,289.715,451.817,0,23
162,34.0543,-24.0083,63.3917,283.347,0,23
162,34.6816,-23.0928,18.644,2140.4,0,23
162,34.7641,-22.9684,167.855,519.264,0,23
162,36.1024,-20.8016,-80.2143,891.945,0,23
162,36.7063,-19.7163,233.741,2265.22,0,23
162,38.7095,-15.4165,-74.3313,1113.1,0,23
162,39.2249,-14.0534,-104.452,587.912,0,23
162,39.1932,-14.1414,43.1255,312.365,0,23
162,39.72,-12.586,-21.6737,411.715,0,23
162,39.7465,-12.5022,-67.34,50.2341,0,23
162,40.8257,-8.32795,-68.0586,901.521,0,23
162,41.4576,-4.16639,-35.7111,637.993,0,23
162,41.4983,-3.73902,142.964,60.0832,0,23
162,41.5511,-3.09732,143.112,322.554,0,23
162,41.6442,-1.36068,305.305,416.078,0,23
162,41.6526,1.07221,-52.8549,2252.88,0,23
162,41.6559,0.937361,42.9,44.2064,0,23
162,41.6058,2.24565,146.806,835.968,0,23
162,41.578,2.71258,167.02,7645.77,0,23
162,41.468,4.0608,-68.0612,869.256,0,23
162,41.3425,5.18499,129.82,23.1664,0,23
162,41.2522,5.86074,194.847,61.6453,0,23
162,40.9468,7.71039,227.406,155.811,0,23
162,40.6666,9.07276,-88.5453,511.575,0,23
162,40.574,9.47842,-104.25,989.143,0,23
162,38.8542,15.0479,36.9863,1233.96,0,23
162,38.798,15.1923,77.1454,1327.58,0,23
162,38.715,15.4024,304.928,168.226,0,23
162,38.6335,15.6057,37.0535,131.816,0,23
162,38.557,15.7939,288.044,710.127,0,23
162,38.211,16.6135,230.776,762.499,0,23
162,37.0751,19.0138,-36.3419,14409.1,0,23
162,37.0045,19.151,-57.3306,389.514,0,23
162,36.5257,20.0489,209.21,441.507,0,23
162,36.0334,20.9209,293.366,409.39,0,23
162,35.6728,21.5299,248.845,313.574,0,23
162,35.6809,21.5166,300.442,714.851,0,23
162,35.559,21.7174,5.64062,629.042,0,23
162,34.8886,22.7789,173.725,615.58,0,23
162,34.7376,23.0084,-46.6194,1721.91,0,23
162,34.7953,22.921,299.761,1470.41,0,23
162,34.6624,23.1216,216.056,2645.92,0,23
162,34.4299,23.4664,97.0348,383.362,0,23
162,34.4839,23.3869,-33.2773,268.967,0,23
162,33.6217,24.6104,153.895,755.513,0,23
162,33.6919,24.5142,97.273,160.712,0,23
162,33.3469,24.9815,38.7859,409.889,0,23
162,33.0654,25.3528,257.248,653.833,0,23
162,30.1563,28.7521,231.258,613.404,0,23
162,30.1509,28.7578,298.286,154.863,0,23
162,29.9211,28.9968,189.991,471.964,0,23
162,29.9999,28.9153,299.204,42.9523,0,23
162,29.2812,29.6428,263.38,26.0416,0,23
162,29.0378,29.8814,-99.3794,146.791,0,23
162,28.3455,30.5389,43.6574,978.716,0,23
162,28.4016,30.4867,295.649,1805.74,0,23
162,27.4315,31.3624,241.936,567.947,0,23
162,26.7297,31.9627,136.712,326.483,0,23
162,24.9901,33.3404,-50.6292,3805.29,0,23
162,23.4402,34.4477,49.0463,198.571,0,23
162,23.0671,34.6987,-17.1316,281.358,0,23
162,22.9112,34.8018,200.24,3582.17,0,23
162,20.0272,36.5376,126.464,529.892,0,23
162,19.8665,36.6253,201.706,50.3712,0,23
162,19.5662,36.7866,201.634,60.6575,0,23
162,18.0455,37.556,141.692,29.0677,0,23
162,17.6358,37.7501,200.559,462.507,0,23
162,17.2736,37.9172,40.356,25.3251,0,23
162,16.7793,38.1385,56.6084,424.092,0,23
162,13.9986,39.2445,192.862,918.105,0,23
162,13.7062,39.3476,-40.9949,1064.34,0,23
162,12.8822,39.625,235.954,517.373,0,23
162,9.92459,40.4672,219.456,264.673,0,23
162,8.74019,40.7394,-97.2786,198.305,0,23
162,7.98438,40.8942,291.284,13815.7,0,23
162,7.87779,40.9149,295.793,101,0,23
162,5.52302,41.2987,-85.3063,56.3695,0,23
162,5.01754,41.3632,123.377,365.175,0,23
162,4.75505,41.3942,73.4574,1250.01,0,23
162,3.8338,41.4896,123.756,1984.28,0,23
162,3.56834,41.5133,51.0636,271.763,0,23
162,2.67302,41.5806,181.428,1430.83,0,23
162,2.38219,41.5982,14.6003,1499.23,0,23
162,-0.284658,41.6654,135.758,317.11,0,23
162,-0.937358,41.6559,-105.153,135.128,0,23
162,-1.27812,41.6468,190.613,88.8933,0,23
162,-1.62813,41.6346,190.801,459.732,0,23
162,-3.24741,41.5397,302.882,380.06,0,23
162,-3.61957,41.5089,242.166,1890.95,0,23
162,-3.89173,41.4843,123.917,587.794,0,23
162,-6.27162,41.1917,272.588,519.553,0,23
162,-7.80119,40.9296,-12.1565,667.819,0,23
162,-8.34413,40.8223,289.677,583.218,0,23
162,-11.3592,40.0881,284.156,23.3706,0,23
162,-11.6868,39.9939,283.24,216.87,0,23
162,-12.7448,39.6694,-28.8187,1711.95,0,23
162,-14.066,39.2203,-100.528,548.088,0,23
162,-14.2359,39.159,303.36,910.019,0,23
162,-15.7766,38.5641,291.012,414.759,0,23
162,-16.4945,38.2625,263.38,21.248,0,23
162,-16.6146,38.2105,290.945,305.414,0,23
162,-16.7759,38.14,269.165,1527.22,0,23
162,-17.171,37.9637,263.223,482.501,0,23
162,-19.9926,36.5566,-95.4727,389.984,0,23
162,-21.3513,35.78,50.3411,2120.72,0,23
162,-22.5606,35.0301,296.156,218.015,0,23
162,-24.4073,33.7694,65.3831,746.43,0,23
162,-25.8915,32.6453,303.241,284.17,0,23
162,-27.9984,30.8574,-74.1008,381.889,0,23
162,-28.9997,29.9183,148.16,1717.66,0,23
162,-29.2813,29.6428,254.052,39.2252,0,23
162,-31.4763,27.3007,-27.0807,155.001,0,23
162,-32.8432,25.6401,-93.6131,1474.1,0,23
162,-33.1963,25.1812,302.543,1291.74,0,23
162,-33.4323,24.8671,248.865,552.117,0,23
162,-34.2124,23.7824,212.076,24.0433,0,23
162,-34.4666,23.4125,-105.403,103.583,0,23
162,-34.6538,23.1344,274.404,55.1265,0,23
162,-34.6916,23.0777,-105.5,21,0,23
162,-34.7253,23.0269,-58.2968,198.471,0,23
162,-34.7247,23.0279,275.454,167.909,0,23
162,-35.4306,21.9263,-16.2636,345.746,0,23
162,-35.9837,21.0062,-67.0772,4405.45,0,23
162,-36.0914,20.8207,-26.9403,3113.52,0,23
162,-36.0492,20.8937,89.252,942.655,0,23
162,-37.1102,18.9452,278.248,205.716,0,23
162,-38.0569,16.9636,56.9351,632.963,0,23
162,-38.3805,16.2181,207.233,703.033,0,23
162,-38.7817,15.2338,231.56,333.292,0,23
162,-39.3161,13.796,-33.231,112.17,0,23
162,-39.4457,13.4211,182.618,172.659,0,23
162,-39.719,12.5892,-90.927,687.862,0,23
162,-39.7646,12.4446,123.946,544.595,0,23
162,-39.9965,11.6778,75.1818,990.042,0,23
162,-40.1797,11.0308,4.08323,94.7212,0,23
162,-40.1797,11.0308,77.4574,70.6439,0,23
162,-40.3121,10.5369,228.398,53.3745,0,23
162,-40.3121,10.5369,239.212,42.2755,0,23
162,-40.6352,9.21227,267.62,50.1387,0,23
162,-40.6352,9.21228,302.626,84.5654,0,23
162,-40.7452,8.71292,-21.399,199.256,0,23
162,-40.8491,8.21226,-73.5993,121.488,0,23
162,-40.8491,8.21226,292.895,100.619,0,23
162,-41.0448,7.17037,34.2284,299.292,0,23
162,-41.345,5.16508,233.645,1118.73,0,23
162,-41.3843,4.84005,140.919,710.589,0,23
162,-41.4246,4.4819,5.04894,359.339,0,23
162,-41.5249,3.43042,62.2192,204.443,0,23
162,-41.5723,2.79901,-83.7178,283.092,0,23
162,-41.5827,2.64006,62.6382,91.5457,0,23
162,-41.52,-3.48997,-144.408,168.596,1,23
162,-41.3634,-5.01584,-233.276,33.0971,1,23
162,-41.3634,-5.01584,-242.206,317.054,1,23
162,-40.6352,-9.21231,-43.0498,72.7884,1,23
162,-40.6352,-9.21231,-259.14,23.0876,1,23
162,-40.6352,-9.21231,-260.261,74.356,1,23
162,-40.5191,-9.71027,36.3673,127.675,1,23
162,-40.5191,-9.71027,-67.068,38.2375,1,23
162,-40.3969,-10.2068,-42.6997,61.3998,1,23
162,-40.0881,-11.3592,92.4778,372.445,1,23
162,-40.0881,-11.3592,-42.476,25.0835,1,23
162,-39.96,-11.8022,-99.1885,102.616,1,23
162,-39.8643,-12.1212,-67.2564,200.04,1,23
162,-39.8234,-12.2551,17.3861,409.53,1,23
162,-39.6205,-12.8958,-66.9553,647.583,1,23
162,-39.4697,-13.3503,-136.81,625.428,1,23
162,-39.0368,-14.5676,-80.7271,796.936,1,23
162,-39.0736,-14.4687,-283.412,464.702,1,23
162,-38.7384,-15.3436,-296.528,117.374,1,23
162,-38.454,-16.043,84.9162,4151.58,1,23
162,-38.4828,-15.9739,-38.1566,117.594,1,23
162,-37.8178,-17.49,57.8517,241.527,1,23
162,-37.6096,-17.9335,52.3709,641.842,1,23
162,-36.9454,-19.2646,-103.956,22.1265,1,23
162,-36.8114,-19.5195,-104.777,272.896,1,23
162,-34.3171,-23.6311,42.9766,256.175,1,23
162,-33.8256,-24.3293,-231.886,1306.02,1,23
162,-32.3053,-26.3146,-238.703,1157.36,1,23
162,-30.3714,-28.5249,-98.6035,173.328,1,23
162,-30.1601,-28.7482,-304.406,4259.14,1,23
162,-28.2639,-30.6144,-0.194735,568.407,1,23
162,-26.1847,-32.4107,-298.893,119.662,1,23
162,-24.5746,-33.6478,53.5499,579.798,1,23
162,-21.5381,-35.6679,50.9897,169.157,1,23
162,-21.4157,-35.7415,-303.961,627.826,1,23
162,-21.4811,-35.7023,-291.279,266.314,1,23
162,-19.7165,-36.7062,101.316,209.218,1,23
162,-19.1133,-37.0239,-29.9789,240.371,1,23
162,-15.2338,-38.7817,73.4746,70.5932,1,23
162,-15.2338,-38.7817,51.026,55.7952,1,23
162,-12.8485,-39.6359,-70.506,611.794,1,23
162,-12.8637,-39.631,-289.954,340.981,1,23
162,-11.3977,-40.0772,-102.426,513.005,1,23
162,-11.3591,-40.0881,81.1736,442.047,1,23
162,-11.3591,-40.0881,-106.283,45,1,23
162,-8.93383,-40.6974,73.5943,267.114,1,23
162,-6.98705,-41.0764,-40.1044,1989.14,1,23
162,-6.47693,-41.1599,-273.325,606.428,1,23
162,-5.23437,-41.3363,-53.3976,980.822,1,23
162,-3.46501,-41.5221,103.106,254.654,1,23
162,-2.56498,-41.5874,-268.176,2039.98,1,23
162,-2.32253,-41.6016,-253.751,573.433,1,23
162,-1.97531,-41.6196,-191.254,346.054,1,23
162,-1.7217,-41.6308,45.9256,453.681,1,23
162,-1.845,-41.6255,-244.899,143.964,1,23
162,1.14927,-41.6505,-281.81,467.701,1,23
162,1.78897,-41.628,-96.1378,423.841,1,23
162,2.46996,-41.5931,-287.548,23.0816,1,23
162,5.46791,-41.3061,-303.47,512.407,1,23
162,6.99757,-41.0746,-293.957,1076.68,1,23
162,7.00142,-41.0739,-86.6653,318.765,1,23
162,8.57495,-40.7745,86.916,320.838,1,23
162,12.929,-39.6097,-56.3487,638.889,1,23
162,14.1755,-39.1809,-140.97,900.765,1,23
162,15.0221,-38.8642,-21.5982,214.892,1,23
162,15.3468,-38.7371,-237.77,1527.09,1,23
162,18.505,-37.3317,-299.163,99.4648,1,23
162,19.8747,-36.6209,-67.2783,614.188,1,23
162,20.9461,-36.0187,-194.126,510.569,1,23
162,23.2481,-34.5777,-289.478,521.724,1,23
162,24.4536,-33.7359,-281.231,1833.04,1,23
162,24.6926,-33.5613,-102.231,1984,1,23
162,27.274,-31.4995,-278.942,363.664,1,23
162,27.8578,-30.9844,-286.144,940.392,1,23
162,28.394,-30.4937,3.42911,1952.3,1,23
162,28.5468,-30.3507,-113.448,1745.66,1,23
162,30.544,-28.3399,-204.71,409.781,1,23
162,30.9546,-27.8909,-42.5425,650.997,1,23
162,31.4041,-27.3837,54.2052,524.961,1,23
162,31.4759,-27.3012,-250.748,1433.64,1,23
162,31.7333,-27.0016,-268.717,980.965,1,23
162,32.4707,-26.1102,-83.9874,588.36,1,23
162,34.4143,-23.4892,-269.04,375.16,1,23
162,34.7983,-22.9165,-208.083,194.408,1,23
162,36.2864,-20.4789,-41.2745,365.806,1,23
162,36.5645,-19.9781,-231.595,897.17,1,23
162,37.407,-18.3522,-245.691,479.348,1,23
162,37.5616,-18.0338,48.3103,1566.45,1,23
162,37.7236,-17.6923,-298.026,4857.16,1,23
162,37.9172,-17.2735,-86.1524,584.867,1,23
162,38.1872,-16.6681,14.1491,345.978,1,23
162,38.2779,-16.4589,-34.6144,92.7171,1,23
162,38.3962,-16.1809,-35.4505,102.283,1,23
162,39.5759,-13.0322,-273.507,1447.41,1,23
162,39.7054,-12.6322,-95.3422,145.884,1,23
162,40.0658,-11.4377,-183.801,520.126,1,23
162,40.583,-9.43992,34.8509,443.077,1,23
162,40.8574,-8.17079,42.9588,827.194,1,23
162,41.0491,-7.14543,-295.188,559.852,1,23
162,41.1787,-6.35656,22.9891,218.285,1,23
162,41.5157,-3.54067,-12.296,460.806,1,23
162,41.4928,-3.79975,-202.382,128.699,1,23
162,41.5436,-3.19664,-266.909,524.048,1,23
162,41.6252,-1.85173,-271.689,493.329,1,23
162,41.4848,3.88616,-164.897,114.744,1,23
162,41.4218,4.50786,-254.208,84.4364,1,23
162,41.3888,4.80163,-253.34,140.22,1,23
162,41.3449,5.16638,-276.552,764.242,1,23
162,41.0809,6.96077,-158.104,1380.44,1,23
162,40.9349,7.77323,14.1575,606.888,1,23
162,40.9038,7.93533,-130.914,448.142,1,23
162,40.9415,7.73813,-300.002,139.207,1,23
162,40.4938,9.81521,-88.4962,897.842,1,23
162,40.3121,10.5369,72.09,269.949,1,23
162,39.6046,12.9446,83.627,686.43,1,23
162,39.4544,13.3954,36.9444,223.649,1,23
162,38.7437,15.3303,-271.795,395.449,1,23
162,36.5854,19.9398,-61.556,98.4056,1,23
162,36.5159,20.0669,-19.4355,437.367,1,23
162,36.3047,20.4464,-255.643,250.725,1,23
162,35.0923,22.4638,65.9906,1139.96,1,23
162,34.8669,22.812,-38.6809,175.012,1,23
162,34.6136,23.1946,-107.055,1255.64,1,23
162,34.3159,23.6328,-250.877,320.6,1,23
162,32.8999,25.5673,-259.923,133.166,1,23
162,32.5689,25.9877,-258.354,258.695,1,23
162,32.4173,26.1765,-135.839,679.352,1,23
162,32.2135,26.4269,-96.2151,1348.34,1,23
162,30.5718,28.31,103.604,381.284,1,23
162,30.2345,28.6699,-275.254,1066.36,1,23
162,28.8336,30.0784,-263.366,5396.26,1,23
162,28.622,30.2798,-43.7105,3761.03,1,23
162,27.5775,31.2341,-266.723,590.776,1,23
162,27.2798,31.4944,20.9105,46.3451,1,23
162,26.7927,31.9099,-271.862,1183.5,1,23
162,26.1388,32.4477,-137.772,105.711,1,23
162,25.1261,33.238,-15.022,446.543,1,23
162,23.5303,34.3862,60.0413,1082.83,1,23
162,23.6304,34.3175,-231.085,408.846,1,23
162,22.3961,35.1355,-289.138,119.825,1,23
162,21.0867,35.9366,46.9584,366.924,1,23
162,19.2537,36.9511,-238.324,1242.6,1,23
162,14.1476,39.191,-27.2533,212.452,1,23
162,12.6238,39.708,-65.7852,124.337,1,23
162,11.7342,39.98,-93.826,899.86,1,23
162,8.98526,40.686,100.224,267.682,1,23
162,6.62782,41.1359,-129.717,6649.6,1,23
162,6.57665,41.1441,-136.439,931,1,23
162,6.02027,41.2292,-163.397,316.956,1,23
162,5.83493,41.2558,-230.536,690.916,1,23
162,4.25167,41.4489,-288.96,205.538,1,23
162,-0.371452,41.6647,-39.3362,162.984,1,23
162,-7.72361,40.9443,70.9849,518.661,1,23
162,-12.0136,39.8969,-289.615,139.271,1,23
162,-14.508,39.059,-170.371,439.14,1,23
162,-15.2672,38.7686,25.604,320.822,1,23
162,-16.6283,38.2046,51.2062,675.985,1,23
162,-17.2124,37.945,87.8077,944.672,1,23
162,-17.2516,37.9272,55.6823,1386.56,1,23
162,-18.2741,37.4453,-74.2702,147.561,1,23
162,-18.874,37.1465,-268.368,618.818,1,23
162,-19.0745,37.0439,-292.31,521.821,1,23
162,-19.158,37.0008,11.1402,300.328,1,23
162,-20.7467,36.134,-117.183,1255.96,1,23
162,-22.7396,34.9142,98.4349,325.309,1,23
162,-24.8505,33.4446,-127.569,462.017,1,23
162,-25.5846,32.8865,-2.673,521.819,1,23
162,-26.2226,32.38,41.7769,1616.12,1,23
162,-26.367,32.2625,100.565,127.638,1,23
162,-26.6643,32.0172,-279.959,345.765,1,23
162,-28.0317,30.8271,-149.658,2851.35,1,23
162,-27.2798,31.4944,-287.699,104.06,1,23
162,-28.8429,30.0695,-42.7504,700.94,1,23
162,-30.3807,28.5149,-146.311,684.863,1,23
162,-30.4306,28.4616,-298.92,213.659,1,23
162,-32.3478,26.2623,3.50498,798.134,1,23
162,-32.9263,25.5333,-278.189,578.388,1,23
162,-36.2302,20.5781,-26.5232,165.367,1,23
162,-36.4335,20.2161,-48.3717,177.856,1,23
162,-37.9442,17.2142,-277.021,185.463,1,23
162,-38.2665,16.4854,-161.475,4015.22,1,23
162,-38.7293,15.3664,-300.636,2207.12,1,23
162,-38.7219,15.3852,-151.505,153.415,1,23
162,-38.8053,15.1735,-266.796,1591.45,1,23
162,-38.8627,15.0259,76.4277,2107.27,1,23
162,-39.0065,14.6485,-95.8695,1703.5,1,23
162,-39.0196,14.6136,-151.61,564.667,1,23
162,-39.1929,14.1422,-92.2043,218.168,1,23
162,-39.202,14.1172,-151.632,91.7595,1,23
162,-39.2105,14.0935,-225.089,527.559,1,23
162,-39.5054,13.2442,-151.725,865.702,1,23
162,-40.0413,11.523,92.5906,52.4575,1,23
162,-40.6421,9.18208,-48.5302,1965.03,1,23
162,-41.2755,5.69368,-141.029,208.304,1,23
162,-41.3117,5.42525,-203.777,237.147,1,23
162,-41.3676,4.98083,-240.268,466.008,1,23
162,-41.4727,4.0126,13.2678,811.136,1,23
162,-41.6398,1.48848,-47.0533,107.59,1,23
162,-41.639,1.50977,-52.8973,352.06,1,23
162,-41.6596,0.754111,-46.645,479.83,1,23
162,-42.6867,-0.1237,63.54,430.792,0,24
162,-42.6865,-0.194845,235.078,1110.25,0,24
162,-42.6818,-0.658167,236.846,96.803,0,24
162,-42.6769,-0.925305,63.9209,274.844,0,24
162,-42.5987,-2.74318,103.797,656.201,0,24
162,-42.5567,-3.33153,148.515,385.909,0,24
162,-42.5487,-3.43234,128.883,379.227,0,24
162,-42.493,-4.06378,129.098,214.179,0,24
162,-42.4002,-4.93916,286.575,289.454,0,24
162,-41.6329,-9.42702,33.6097,714.003,0,24
162,-41.534,-9.85384,67.2359,313.762,0,24
162,-41.096,-11.5451,-90.236,71.1526,0,24
162,-40.9676,-11.9927,304.033,567.83,0,24
162,-40.814,-12.5057,208.977,672.036,0,24
162,-39.9673,-14.9929,-40.8698,151.307,0,24
162,-39.9479,-15.0444,262.38,223.148,0,24
162,-39.6589,-15.7905,262.656,349.597,0,24
162,-39.3909,-16.4478,-62.124,852.766,0,24
162,-39.3045,-16.6532,262.877,270.48,0,24
162,-39.1617,-16.9863,291.341,248.591,0,24
162,-38.7731,-17.8554,-18.8203,84.8484,0,24
162,-38.7507,-17.904,136.059,753.377,0,24
162,-38.5511,-18.3299,267.567,927,0,24
162,-38.3962,-18.6521,50.8358,215.34,0,24
162,-38.2114,-19.0279,170.545,477.243,0,24
162,-37.8892,-19.6616,295.552,2300.83,0,24
162,-37.6086,-20.1932,170.415,253.759,0,24
162,-37.2139,-20.9117,-70.8959,1403.82,0,24
162,-37.0394,-21.2192,44.1149,1189.78,0,24
162,-36.8875,-21.4822,157.527,707.846,0,24
162,-36.0503,-22.8594,203.322,581.427,0,24
162,-36.0282,-22.8941,18.242,1490.49,0,24
162,-35.6319,-23.5061,-12.3725,439.382,0,24
162,-35.3885,-23.871,-32.251,131.706,0,24
162,-35.4124,-23.8356,59.4304,469.424,0,24
162,-35.1497,-24.2213,-94.292,147.196,0,24
162,-33.4406,-26.531,82.0466,708.47,0,24
162,-32.3798,-27.8158,-56.7881,370,0,24
162,-32.2435,-27.9736,28.5413,1891.63,0,24
162,-31.0205,-29.3241,230.577,518.937,0,24
162,-29.8333,-30.5311,165.931,138.359,0,24
162,-29.8739,-30.4913,196.388,24.2448,0,24
162,-29.6791,-30.681,289.068,465.081,0,24
162,-29.1169,-31.2151,109.746,899.661,0,24
162,-28.3418,-31.9204,-98.7593,506.715,0,24
162,-27.8412,-32.358,-42.678,295.455,0,24
162,-27.4724,-32.6717,59.6135,673.786,0,24
162,-23.0008,-35.9602,36.3696,989.942,0,24
162,-22.3947,-36.3407,-3.75258,133.792,0,24
162,-22.1365,-36.4986,-4.73411,95.8763,0,24
162,-21.7204,-36.7477,-5.012,22.177,0,24
162,-20.6079,-37.3829,174.343,489.415,0,24
162,-19.7715,-37.832,252.648,2260.41,0,24
162,-19.7182,-37.8598,157.676,430.305,0,24
162,-16.1352,-39.5199,271.978,1076.74,0,24
162,-14.9785,-39.9727,279.55,615.436,0,24
162,-14.05,-40.3084,74.9971,155.197,0,24
162,-12.7328,-40.7437,28.1423,425.989,0,24
162,-12.2471,-40.8923,296.779,91.5115,0,24
162,-8.4134,-41.8496,136.841,54.3851,0,24
162,-3.40138,-42.5512,277.98,63.731,0,24
162,3.40141,-42.5512,-73.1833,497.319,0,24
162,3.40141,-42.5512,-49.956,30.1269,0,24
162,10.1178,-41.4705,94.0387,69.7272,0,24
162,10.1178,-41.4705,300.038,75.6937,0,24
162,12.9507,-40.6749,298.786,1153.71,0,24
162,13.1235,-40.6195,141.461,421.313,0,24
162,13.3515,-40.5452,164.307,500.888,0,24
162,13.4331,-40.5182,74.8448,146.424,0,24
162,14.3329,-40.2087,190.21,198.737,0,24
162,14.6383,-40.0985,284.359,398.893,0,24
162,15.1262,-39.917,186.781,588.015,0,24
162,16.01,-39.5709,255.29,625.621,0,24
162,16.4162,-39.4041,89.7268,134.171,0,24
162,17.0587,-39.1302,228.188,25.0277,0,24
162,17.5376,-38.9179,-18.8393,142.673,0,24
162,17.5376,-38.9179,26.5872,194.406,0,24
162,17.5376,-38.9179,112.578,156.964,0,24
162,21.2062,-37.0468,123.301,935.737,0,24
162,21.5505,-36.8476,157.328,210.989,0,24
162,22.0203,-36.5688,157.209,59.3068,0,24
162,22.6203,-36.2007,285.177,2243.13,0,24
162,23.7311,-35.4825,-28.8469,1019.76,0,24
162,24.8059,-34.7396,288.854,235.799,0,24
162,25.8015,-34.0067,305.554,1758.29,0,24
162,29.1167,-31.2152,96.5203,147.461,0,24
162,29.749,-30.6132,56.755,361.533,0,24
162,31.0959,-29.2441,186.636,25.0954,0,24
162,31.3341,-28.9887,186.212,22.0277,0,24
162,31.9699,-28.2859,249.433,587.325,0,24
162,33.2726,-26.7414,122.188,36.1925,0,24
162,33.4903,-26.4683,122.143,189.836,0,24
162,33.6775,-26.2297,288.785,164.239,0,24
162,33.8005,-26.071,152.729,735.748,0,24
162,34.0813,-25.7029,152.198,378.135,0,24
162,34.8332,-24.6743,62.3563,140.019,0,24
162,35.3563,-23.9187,16.2502,471.476,0,24
162,35.7041,-23.3964,166.551,579.682,0,24
162,36.8458,-21.5536,-81.1565,241.057,0,24
162,37.7558,-19.9166,231.979,791.003,0,24
162,39.9201,-15.1181,-105.076,23.0277,0,24
162,40.2019,-14.3518,41.1316,899.179,0,24
162,40.6307,-13.089,-22.4592,390.336,0,24
162,41.6751,-9.23903,-70.4555,1196.69,0,24
162,42.471,-4.28756,142.693,504.774,0,24
162,42.3971,-4.96527,-35.964,29.0832,0,24
162,42.4727,-4.27091,-36.388,27.0139,0,24
162,42.6668,-1.3094,29.332,43.2358,0,24
162,42.6739,-1.05384,304.705,54.2724,0,24
162,42.6791,0.816981,42.4521,393.279,0,24
162,42.6743,1.03566,-55.0519,997.857,0,24
162,42.6201,2.38734,166.031,1983.94,0,24
162,42.5961,2.78335,147.202,547.366,0,24
162,42.4724,4.27362,194.504,431.438,0,24
162,42.4656,4.34133,-69.7767,684.992,0,24
162,42.3425,5.41138,128.805,168.118,0,24
162,42.0175,7.52976,228.232,153.3,0,24
162,41.9497,7.89924,227.995,85.518,0,24
162,41.5421,9.81944,-105.5,136,0,24
162,40.0338,14.8143,36.6111,195.153,0,24
162,39.7807,15.4813,304.029,771.174,0,24
162,39.7648,15.5219,-82.2251,630.539,0,24
162,39.7794,15.4845,76.246,273.426,0,24
162,39.4709,16.2549,297.218,1948,0,24
162,39.1996,16.8985,228.37,313.365,0,24
162,38.5826,18.2635,-38.59,17452.7,0,24
162,38.6998,18.0139,-34.0606,92,0,24
162,38.246,18.9582,-56.9526,101.707,0,24
162,38.246,18.9582,209.108,28.0122,0,24
162,38.0557,19.3375,-56.8478,86.5287,0,24
162,37.9394,19.5646,209.176,134.789,0,24
162,36.6526,21.8805,247.895,847.061,0,24
162,36.6101,21.9516,290.645,733.483,0,24
162,36.632,21.9151,298.593,406.03,0,24
162,36.3874,22.3187,4.316,23.2325,0,24
162,35.6532,23.4738,-47.4018,424.571,0,24
162,35.5758,23.591,215.49,3489.41,0,24
162,35.1683,24.1942,173.871,1379.72,0,24
162,35.5413,23.6429,220.223,206,0,24
162,35.4888,23.7217,297.575,416.118,0,24
162,35.2977,24.0051,-33.81,384.936,0,24
162,33.6973,26.2042,38.4056,567.185,0,24
162,33.8062,26.0636,152.35,240.491,0,24
162,33.7665,26.115,255.589,1141.61,0,24
162,31.0147,29.3302,297.419,309.17,0,24
162,30.7347,29.6235,228.994,245.602,0,24
162,29.1912,31.1456,-99.4339,1608.32,0,24
162,29.2665,31.0748,43.5726,2138.99,0,24
162,29.2441,31.0959,300.971,680,0,24
162,28.4011,31.8677,239.374,454.396,0,24
162,27.5596,32.5982,135.932,234.687,0,24
162,26.2793,33.6388,219.957,125.773,0,24
162,25.8414,33.9764,-50.816,3686.15,0,24
162,24.0975,35.2347,-17.2778,291.869,0,24
162,24.0773,35.2485,49.0404,46.3851,0,24
162,23.6018,35.5686,200.315,2283.03,0,24
162,20.7983,37.2774,125.71,774.88,0,24
162,20.3531,37.5223,205.08,48,0,24
162,20.3531,37.5223,206.14,22,0,24
162,18.2424,38.5926,141.449,174.964,0,24
162,18.022,38.696,38.253,436.029,0,24
162,18.0139,38.6998,56.188,63.7194,0,24
162,17.6383,38.8724,56.268,140.019,0,24
162,14.8208,40.0314,193.066,709.689,0,24
162,13.969,40.3366,-42.1145,162.398,0,24
162,10.1997,41.4504,219.208,487.696,0,24
162,9.05053,41.7164,-97.3194,419.445,0,24
162,8.6713,41.7969,292.265,13457.2,0,24
162,6.52242,42.1857,-63.7747,52.4821,0,24
162,6.17708,42.2376,-63.3744,79.2847,0,24
162,5.87206,42.2811,-64.1673,106.57,0,24
162,5.76793,42.2954,-85.6452,157.099,0,24
162,4.64784,42.4331,69.8044,915.979,0,24
162,4.00805,42.4983,50.3975,160.681,0,24
162,4.0583,42.4935,122.728,139.719,0,24
162,3.03396,42.5789,180.707,557.001,0,24
162,2.09981,42.6352,12.1995,918.448,0,24
162,-0.169984,42.6866,134.084,481.884,0,24
162,-0.901905,42.6774,190.179,208.279,0,24
162,-1.13377,42.6718,-105.5,157,0,24
162,-1.27526,42.6678,96.5446,608.262,0,24
162,-2.05959,42.6372,288.879,204.248,0,24
162,-2.92253,42.5867,301.478,494.266,0,24
162,-3.70491,42.5258,123.523,572.858,0,24
162,-3.68736,42.5273,240.506,1361,0,24
162,-6.65032,42.1657,271.04,612.032,0,24
162,-8.17384,41.897,-13.6475,228.482,0,24
162,-10.7527,41.3104,290.173,182.438,0,24
162,-12.2008,40.9061,281.885,449.874,0,24
162,-12.8617,40.7032,-31.4494,611.451,0,24
162,-13.1015,40.6266,-51.353,497.696,0,24
162,-14.1681,40.2671,302.419,638.777,0,24
162,-14.2942,40.2225,-100.168,1052.97,0,24
162,-16.9797,39.1646,268.746,2117.71,0,24
162,-17.054,39.1322,261.648,826.472,0,24
162,-18.0806,38.6686,290.982,1741.56,0,24
162,-21.7427,36.7345,49.9349,510.458,0,24
162,-23.2497,35.7998,293.735,744.972,0,24
162,-24.8432,34.7129,65.3265,253.693,0,24
162,-26.7353,33.2775,302.384,669.204,0,24
162,-28.5571,31.7279,-76.2194,266.729,0,24
162,-29.543,30.812,147.556,1092.13,0,24
162,-29.749,30.6132,253.198,215.965,0,24
162,-29.9984,30.3688,253.213,88.2268,0,24
162,-33.2726,26.7414,-88.6052,442,0,24
162,-34.4418,25.2177,246.844,42.154,0,24
162,-34.6969,24.8656,245.922,216.015,0,24
162,-35.2878,24.0196,273.449,541.731,0,24
162,-35.3271,23.9618,211.485,299.245,0,24
162,-36.721,21.7656,-66.8708,4570.92,0,24
162,-37.0568,21.1887,88.7091,915.033,0,24
162,-37.0984,21.1159,-29.4342,717.464,0,24
162,-37.9479,19.5482,276.923,528.632,0,24
162,-38.7668,17.8691,57.1662,223.607,0,24
162,-39.1992,16.8996,207.223,288.815,0,24
162,-39.9201,15.1181,227.733,95.5142,0,24
162,-40.3366,13.969,181.548,29.1093,0,24
162,-40.3934,13.8039,-32.996,28.0416,0,24
162,-40.5196,13.4288,-32.4573,460.15,0,24
162,-40.5962,13.1954,122.258,367.273,0,24
162,-40.6337,13.0795,71.016,94.6053,0,24
162,-40.7745,12.6337,-92.6789,1305.13,0,24
162,-40.8255,12.468,73.0404,684.535,0,24
162,-41.2994,10.795,-86.3302,187.179,0,24
162,-41.2994,10.795,4.721,251.612,0,24
162,-41.2994,10.795,237.659,113.952,0,24
162,-41.917,8.07074,-74.6137,168.715,0,24
162,-42.1417,6.80057,34.5401,267.335,0,24
162,-42.143,6.79253,293.296,167.105,0,24
162,-42.2498,6.09304,34.7006,346.258,0,24
162,-42.3611,5.26376,293.605,542.628,0,24
162,-42.4014,4.92899,140.876,225.467,0,24
162,-42.4562,4.43176,3.94186,311.45,0,24
162,-42.6351,2.10313,219.939,294.699,0,24
162,-42.6494,1.78826,62.9806,377.331,0,24
162,-42.6833,0.551216,63.363,1219.38,0,24
162,-42.6868,0.0872974,234.972,24.0447,0,24
162,-42.4898,-4.09717,-45.1699,96.1438,1,24
162,-42.4171,-4.79182,-44.7228,145.917,1,24
162,-42.4171,-4.79182,-232.221,231.299,1,24
162,-41.4705,-10.1178,37.236,22.1169,1,24
162,-40.8763,-12.3005,18.8389,394.057,1,24
162,-40.2209,-14.2986,-133.817,52.5695,1,24
162,-40.1177,-14.5856,-282.642,454.032,1,24
162,-39.7352,-15.5975,97.6389,633.141,1,24
162,-39.6314,-15.8595,86.1399,5711.68,1,24
162,-39.2016,-16.894,-37.688,514.439,1,24
162,-38.7788,-17.8431,58.6034,700.77,1,24
162,-38.5989,-18.2291,53.8224,265.121,1,24
162,-38.0614,-19.3262,-102.876,580.961,1,24
162,-35.0024,-24.4337,43.0187,332.645,1,24
162,-34.6888,-24.8769,-231.33,612.508,1,24
162,-34.1595,-25.5989,43.8679,3158.97,1,24
162,-33.3235,-26.678,-236.383,866.112,1,24
162,-31.5447,-28.7594,-94.8303,376.967,1,24
162,-30.8042,-29.5511,-302.968,2098.09,1,24
162,-28.7314,-31.5702,0.772,35.2016,1,24
162,-25.7778,-34.0246,-231.268,694.076,1,24
162,-25.3584,-34.3384,55.55,137.509,1,24
162,-20.0454,-37.6876,-27.8494,64.8602,1,24
162,-15.9314,-39.6026,51.6693,175.636,1,24
162,-10.5319,-41.3673,-272.416,276.94,1,24
162,-8.7056,-41.7898,74.2061,328.253,1,24
162,-6.90819,-42.1242,-273.099,402.111,1,24
162,-5.44583,-42.3381,-51.4909,577.389,1,24
162,-3.36286,-42.5542,103.534,104.695,1,24
162,-3.02023,-42.5799,-266.833,1546.2,1,24
162,-2.27981,-42.626,-191.3,48.3035,1,24
162,-2.20721,-42.6298,-244.416,350.472,1,24
162,-1.13486,-42.6718,45.5632,79.9421,1,24
162,-0.567113,-42.6831,45.2811,299.413,1,24
162,0.836464,-42.6787,-280.527,433.82,1,24
162,1.30942,-42.6668,-287.972,45.2642,1,24
162,1.57423,-42.6579,-95.9,58.4977,1,24
162,2.04983,-42.6377,-287.697,352.147,1,24
162,4.07548,-42.4919,62.1094,554.115,1,24
162,5.37086,-42.3477,-302.865,340.249,1,24
162,7.27508,-42.0624,-86.1484,1370.41,1,24
162,7.81757,-41.965,-292.7,341.478,1,24
162,8.85085,-41.7592,86.9094,326.044,1,24
162,13.2026,-40.5939,-54.8115,1235.34,1,24
162,14.7507,-40.0573,-139.93,236.904,1,24
162,15.3233,-39.8418,-20.9727,742.137,1,24
162,15.8986,-39.6157,-236.294,442.533,1,24
162,20.5064,-37.4387,-67.2355,59.6037,1,24
162,21.7454,-36.7329,-193.156,233.315,1,24
162,23.3448,-35.7378,26.4161,750.997,1,24
162,23.9329,-35.3467,-288.396,31.1354,1,24
162,24.746,-34.7823,-279.463,390.611,1,24
162,25.0651,-34.5531,-93.0012,4821.93,1,24
162,26.5233,-33.4468,-269.369,678.327,1,24
162,27.9054,-32.3026,-279.126,172.652,1,24
162,28.7314,-31.5702,-284.832,54.8467,1,24
162,29.1961,-31.1409,5.0049,646.158,1,24
162,31.2664,-29.0617,-204.605,615.493,1,24
162,31.4324,-28.8821,-41.9318,483.497,1,24
162,31.963,-28.2938,-249.589,742.739,1,24
162,32.2143,-28.0073,-267.085,755.48,1,24
162,32.3421,-27.8596,55.8499,365.103,1,24
162,32.9429,-27.1466,-83.072,317.813,1,24
162,35.3663,-23.9039,-268.378,285.859,1,24
162,36.882,-21.4917,-40.9973,108.866,1,24
162,37.5992,-20.2106,-228.713,449.805,1,24
162,38.1865,-19.0778,-243.575,436.972,1,24
162,38.3934,-18.6579,48.4473,1400.87,1,24
162,38.5046,-18.4273,-297.046,1098.15,1,24
162,38.9937,-17.3684,-32.9372,872.1,1,24
162,38.9512,-17.4636,-85.4443,837.453,1,24
162,39.2508,-16.7794,14.4114,136.649,1,24
162,39.3739,-16.4885,-188.996,165.999,1,24
162,40.7737,-12.6362,-95.052,89.2619,1,24
162,40.72,-12.8084,-98.02,2.31206,1,24
162,40.9342,-12.1064,-183.491,199.611,1,24
162,41.6368,-9.41013,35.9304,693.192,1,24
162,41.894,-8.18927,45.7441,827.878,1,24
162,42.2238,-6.27085,23.2193,356.587,1,24
162,42.4549,-4.44462,-190.672,138.981,1,24
162,42.4917,-4.07725,-9.8823,868.439,1,24
162,42.54,-3.538,-200.608,476.499,1,24
162,42.6212,-2.36756,-272.285,194.82,1,24
162,42.6269,-2.26262,-266.456,128.732,1,24
162,42.6668,-1.3094,21.124,24.2203,1,24
162,42.6863,-0.234356,-119.798,687.908,1,24
162,42.4876,4.12059,-164.123,367.572,1,24
162,42.3537,5.32279,-252.1,1395.47,1,24
162,42.3537,5.32296,-275.523,705.966,1,24
162,42.0968,7.07302,-155.947,705.326,1,24
162,41.9144,8.08412,-299.028,297.405,1,24
162,41.8836,8.24217,14.34,24.2064,1,24
162,41.8195,8.56168,-130.001,456.398,1,24
162,40.5304,13.3963,85.2197,285.612,1,24
162,39.629,15.8654,-270.819,853.063,1,24
162,37.4316,20.5193,-17.5807,651.469,1,24
162,37.247,20.8527,-254.152,594.62,1,24
162,35.8954,23.1018,-36.9349,1965.83,1,24
162,35.2485,24.0773,-248.701,521.461,1,24
162,33.1163,26.9347,-93.1226,811.817,1,24
162,33.1171,26.9338,-134.182,175.667,1,24
162,32.9284,27.1641,-256.309,476.567,1,24
162,30.9176,29.4325,-273.939,397.503,1,24
162,29.5651,30.7908,-261.68,3611.79,1,24
162,29.4048,30.9439,-44.3627,4960.56,1,24
162,29.371,30.976,-50.5536,470,1,24
162,28.0437,32.1826,20.6141,167.023,1,24
162,28.1532,32.0869,-267.54,520.293,1,24
162,27.7196,32.4622,-270.363,466.607,1,24
162,26.4352,33.5164,-136.961,276.826,1,24
162,26.2054,33.6964,-273.265,441.922,1,24
162,25.437,34.2802,-14.2151,227.41,1,24
162,24.2738,35.1135,60.9547,564.313,1,24
162,24.0714,35.2525,-230.657,615.429,1,24
162,22.8284,36.0698,-287.874,677.777,1,24
162,21.8914,36.6461,47.9843,340.796,1,24
162,20.2211,37.5936,-235.596,749.054,1,24
162,14.3212,40.2129,-26.6929,460.971,1,24
162,13.1411,40.6138,-64.3441,75.5221,1,24
162,11.683,41.057,-91.7974,129.161,1,24
162,8.84812,41.7598,101.169,205.473,1,24
162,6.60025,42.1735,-130.085,5897.02,1,24
162,6.48055,42.1921,-162.17,340.01,1,24
162,-0.514473,42.6838,-39.084,56.3573,1,24
162,-12.0201,40.9596,-288.369,75.7724,1,24
162,-12.7735,40.7309,-154.413,196.264,1,24
162,-15.1182,39.9201,-63.2245,81.4028,1,24
162,-15.994,39.5773,26.1454,170.036,1,24
162,-16.071,39.5461,-266.717,1006.39,1,24
162,-16.9103,39.1946,52.6005,290.156,1,24
162,-17.4975,38.9359,56.1375,1399.34,1,24
162,-17.7428,38.8248,87.9487,264.715,1,24
162,-18.6058,38.4187,-73.5085,352.885,1,24
162,-19.4963,37.9745,11.4373,231.202,1,24
162,-19.8512,37.7902,-266.37,190.874,1,24
162,-19.989,37.7175,-291.177,126.874,1,24
162,-20.462,37.463,-290.671,110.678,1,24
162,-21.0841,37.1164,-115.477,794.154,1,24
162,-23.085,35.9062,98.7997,111.551,1,24
162,-25.6279,34.1377,-125.968,166.391,1,24
162,-26.6662,33.333,-149.361,2005.25,1,24
162,-26.3311,33.5983,-0.121309,179.486,1,24
162,-27.0235,33.0439,100.485,553.626,1,24
162,-27.1748,32.9196,42.8749,1357.65,1,24
162,-27.0859,32.9928,-278.445,1180.45,1,24
162,-27.0592,33.0147,-288.122,604.588,1,24
162,-27.4585,32.6833,-287.884,130.612,1,24
162,-29.749,30.6132,-43.0995,151.136,1,24
162,-31.179,29.1555,-145.786,377.277,1,24
162,-31.2566,29.0722,-298.305,694.783,1,24
162,-33.3519,26.6424,97.4557,746.27,1,24
162,-33.5851,26.3479,-276.674,908.913,1,24
162,-33.7412,26.1477,5.74425,519.189,1,24
162,-37.027,21.2408,-25.443,552.254,1,24
162,-37.5383,20.3235,-46.812,115.329,1,24
162,-38.7497,17.9062,-276.308,747.107,1,24
162,-39.0606,17.2174,-162.227,2468.69,1,24
162,-39.6458,15.8235,76.9283,220.029,1,24
162,-40.0768,14.6975,-96.4547,752.051,1,24
162,-40.0426,14.7906,-266.338,307.787,1,24
162,-40.1013,14.6307,-91.9933,228.969,1,24
162,-40.9183,12.1599,-151.876,1715.39,1,24
162,-40.8341,12.4399,92.8025,338.5,1,24
162,-41.3927,10.4315,-152.06,617.567,1,24
162,-41.6872,9.18435,-46.8134,1031.79,1,24
162,-42.2828,5.85997,74.0243,696.185,1,24
162,-42.3177,5.6022,-203.602,385.741,1,24
162,-42.333,5.48532,-140.182,550.279,1,24
162,-42.404,4.9063,-238.409,481.308,1,24
162,-42.4363,4.61832,16.5407,126.214,1,24
162,-42.6164,2.45268,-145.11,508.549,1,24
162,-42.6475,1.83289,-50.956,41.3356,1,24
162,-43.7067,-0.0894066,233.479,99.7415,0,25
162,-43.6665,-1.8767,64.265,100.107,0,25
162,-43.62,-2.75354,64.5332,280.052,0,25
162,-43.6088,-2.92497,102.081,189.525,0,25
162,-43.5578,-3.60614,64.9158,592.803,0,25
162,-43.4647,-4.59361,65.2029,168.347,0,25
162,-43.4091,-5.09253,285.178,713.54,0,25
162,-43.3492,-5.57978,65.591,310.878,0,25
162,-43.2327,-6.41979,65.9857,697.12,0,25
162,-43.0622,-7.47869,66.1094,168.886,0,25
162,-42.9137,-8.2884,66.5354,228.143,0,25
162,-42.7835,-8.9364,257.466,1674.21,0,25
162,-42.7418,-9.13346,66.9369,260.887,0,25
162,-42.6439,-9.58033,31.8681,699.409,0,25
162,-42.0512,-11.9154,-90.3993,62.3329,0,25
162,-41.5288,-13.6251,208.921,63.4144,0,25
162,-41.4159,-13.9644,208.958,135.666,0,25
162,-41.1819,-14.6402,208.903,70.4977,0,25
162,-40.7665,-15.7601,-41.9888,566.259,0,25
162,-40.1362,-17.3023,290.767,88.5776,0,25
162,-39.8703,-17.9064,263.192,226.042,0,25
162,-39.6906,-18.3014,258.659,1674.65,0,25
162,-39.6879,-18.3072,-18.9003,741.671,0,25
162,-39.549,-18.6054,134.25,588.269,0,25
162,-39.513,-18.6817,263.391,593.651,0,25
162,-39.1377,-19.4557,263.651,491.176,0,25
162,-39.0801,-19.5712,170.1,34.2635,0,25
162,-38.7138,-20.2861,295.909,1997.72,0,25
162,-38.398,-20.8776,168.785,1098.42,0,25
162,-38.3246,-21.0122,43.8215,206.509,0,25
162,-38.0008,-21.5922,155.373,2077.03,0,25
162,-37.463,-22.5124,17.9817,126.281,0,25
162,-37.2361,-22.8857,17.752,118.777,0,25
162,-36.8144,-23.5582,-12.6879,1382.78,0,25
162,-36.658,-23.8008,-31.7098,926.753,0,25
162,-36.5464,-23.9717,203.354,152.363,0,25
162,-36.2911,-24.3565,203.353,64.6436,0,25
162,-36.1453,-24.5724,58.8024,198.159,0,25
162,-35.9895,-24.8,-96.4895,308.525,0,25
162,-34.7279,-26.5378,-20.9418,289.862,0,25
162,-34.0258,-27.4322,80.3968,767.482,0,25
162,-32.8308,-28.8518,27.048,1328.42,0,25
162,-32.1202,-29.6408,231.246,175.637,0,25
162,-31.6704,-30.1209,289.015,203.63,0,25
162,-29.8067,-31.9663,166.18,117.986,0,25
162,-29.3445,-32.3911,108.411,988.466,0,25
162,-28.9516,-32.7428,-100.381,473.677,0,25
162,-28.0738,-33.4984,-43.6859,200.296,0,25
162,-27.7963,-33.729,-44.444,32.1648,0,25
162,-24.188,-36.4036,34.283,824.965,0,25
162,-22.1907,-37.6544,-6.39947,95.6094,0,25
162,-21.7759,-37.8958,-7.132,23.0416,0,25
162,-20.9169,-38.3767,173.027,189.826,0,25
162,-20.1448,-38.7875,156.783,563.013,0,25
162,-19.3956,-39.1675,271.21,1167.92,0,25
162,-18.4113,-39.6397,271.518,887.193,0,25
162,-14.2083,-41.3329,74.0985,152.992,0,25
162,-14.0084,-41.4011,36.8745,379.542,0,25
162,-13.1071,-41.6952,296.956,114.659,0,25
162,-10.4301,-42.4441,281.848,1021.06,0,25
162,-7.94188,-42.9792,-32.1689,1211.33,0,25
162,-8.19753,-42.9312,135.969,330.927,0,25
162,-6.21154,-43.2632,-57.0656,806.091,0,25
162,-6.00182,-43.2928,107.68,892.777,0,25
162,-5.19557,-43.3969,-77.5738,267.612,0,25
162,-4.65528,-43.4582,198.047,196.803,0,25
162,-3.66084,-43.5532,277.149,171.587,0,25
162,-3.08548,-43.5978,283.074,612.041,0,25
162,-2.94774,-43.6073,-43.8046,105.826,0,25
162,-1.60893,-43.6772,-85.996,50.2391,0,25
162,-0.26817,-43.706,-15.188,43.2064,0,25
162,2.92111,-43.6091,-73.4849,261.763,0,25
162,3.51102,-43.5656,-50.7638,196.087,0,25
162,8.50647,-42.871,160.222,429.461,0,25
162,9.99456,-42.5487,91.6193,347.025,0,25
162,10.4252,-42.4453,282.117,840.892,0,25
162,13.9499,-41.4208,74.1615,199.942,0,25
162,13.9458,-41.4222,162.624,498.2,0,25
162,14.767,-41.1366,189.56,1522.2,0,25
162,14.8299,-41.114,282.88,772.819,0,25
162,15.7833,-40.7575,186.067,135.087,0,25
162,16.4961,-40.4742,253.503,448.045,0,25
162,16.8084,-40.3455,112.279,70.4128,0,25
162,17.1379,-40.2067,112.216,69.4732,0,25
162,20.9964,-38.3332,156.956,32.0294,0,25
162,21.7859,-37.8901,157.034,314.237,0,25
162,22.0545,-37.7344,121.483,996.32,0,25
162,23.1472,-37.0741,91.5283,1161.18,0,25
162,23.1301,-37.0848,283.586,371.874,0,25
162,23.4585,-36.8779,277.03,228.307,0,25
162,24.7089,-36.0521,-29.7276,704.845,0,25
162,25.6235,-35.4079,287.966,579.998,0,25
162,26.2795,-34.9238,305.072,570.845,0,25
162,29.855,-31.9212,95.4042,449.564,0,25
162,30.4533,-31.3509,56.4698,519.742,0,25
162,31.7868,-29.998,185.727,536.583,0,25
162,32.1015,-29.6611,288.541,215.2,0,25
162,32.8749,-28.8015,248.06,138.575,0,25
162,34.1371,-27.2936,121.217,1230.55,0,25
162,34.2453,-27.1577,287.633,590.207,0,25
162,35.0549,-26.1043,151.363,722.04,0,25
162,35.5985,-25.358,61.4563,1069.76,0,25
162,36.0651,-24.69,14.2585,955.237,0,25
162,36.6624,-23.794,165.373,218.824,0,25
162,37.6604,-22.1805,-82.0631,494.968,0,25
162,38.7238,-20.267,230.926,1373.65,0,25
162,40.537,-16.3413,-78.1668,482.154,0,25
162,41.1897,-14.6184,39.8479,999.236,0,25
162,41.564,-13.5173,-23.0719,394.854,0,25
162,41.5842,-13.4551,-67.764,26.0277,0,25
162,42.5272,-10.0858,-72.4278,179.127,0,25
162,43.3511,-5.56475,142.235,326.97,0,25
162,43.4163,-5.03094,-36.3139,536.75,0,25
162,43.6945,-1.0387,28.5121,583.621,0,25
162,43.7003,-0.751796,304.203,485.637,0,25
162,43.7029,0.580774,41.5485,495.244,0,25
162,43.6652,1.90724,164.619,3328.17,0,25
162,43.5782,3.35015,147.564,972.565,0,25
162,43.451,4.72203,-71.7314,475.513,0,25
162,43.3292,5.73265,127.991,662.676,0,25
162,43.052,7.53701,229.006,346.481,0,25
162,42.5348,10.0534,-89.891,971.437,0,25
162,41.1919,14.612,36.2713,164.489,0,25
162,40.8723,15.4836,302.575,1407.69,0,25
162,40.7921,15.6936,-83.2312,1687.84,0,25
162,40.746,15.813,75.6056,589.303,0,25
162,40.2029,17.1468,-41.3923,18097.6,0,25
162,40.3809,16.7231,284.795,328.264,0,25
162,39.3028,19.12,-56.4467,775.425,0,25
162,39.3007,19.1244,209.218,333.515,0,25
162,37.6367,22.2208,247.045,369.002,0,25
162,37.6047,22.2749,297.157,667.324,0,25
162,37.3987,22.6191,289.469,140.072,0,25
162,37.35,22.6994,288.396,21.1628,0,25
162,36.5407,23.9805,214.964,3804.82,0,25
162,36.5873,23.9093,-41.1163,574,0,25
162,36.2107,24.4759,296.454,1802.34,0,25
162,36.075,24.6755,-34.2258,288.593,0,25
162,35.4614,25.5494,96.4956,553.659,0,25
162,35.6195,25.3286,174.052,329.006,0,25
162,34.4541,26.8923,254.294,319.084,0,25
162,34.268,27.1292,151.812,226.036,0,25
162,34.1793,27.2408,38.236,36.1968,0,25
162,32.0293,29.739,296.158,200.719,0,25
162,30.6532,31.1555,185.127,173.978,0,25
162,30.0649,31.7236,43.5492,966.715,0,25
162,30.0192,31.7668,291.599,1542.19,0,25
162,29.2602,32.4673,237.726,1266.27,0,25
162,27.207,34.2062,219.821,108.041,0,25
162,26.6261,34.6603,-50.9606,4102.45,0,25
162,26.6779,34.6205,-45.8632,239,0,25
162,24.947,35.8878,-17.308,21.2219,0,25
162,24.8426,35.9601,48.9506,79.6033,0,25
162,24.3401,36.3021,200.368,2828.49,0,25
162,21.684,37.9485,124.438,299.056,0,25
162,18.6053,39.549,35.7987,2339.49,0,25
162,18.5783,39.5617,55.8507,210.914,0,25
162,18.5159,39.591,140.902,445.324,0,25
162,18.1195,39.774,199.809,174.269,0,25
162,15.805,40.7491,193.389,1889.93,0,25
162,15.8132,40.7459,199.804,500,0,25
162,13.9617,41.4168,-43.1033,364.891,0,25
162,12.225,41.9623,234.717,523.604,0,25
162,9.32382,42.7007,294.06,17837.4,0,25
162,6.0245,43.2896,-86.6697,307.4,0,25
162,6.03415,43.2883,167.247,86.6037,0,25
162,5.27909,43.3868,-65.3538,373.554,0,25
162,4.72859,43.4503,68.31,185.652,0,25
162,4.26071,43.4986,120.506,1774.91,0,25
162,4.50756,43.4737,50.2225,103.034,0,25
162,3.5448,43.5628,179.779,273.42,0,25
162,1.86178,43.6671,9.92866,1524.2,0,25
162,-0.0796998,43.7067,189.55,363.123,0,25
162,-0.110578,43.7067,132.802,2857.42,0,25
162,-0.0894068,43.7067,136.983,132,0,25
162,-1.18213,43.6908,96.3297,486.027,0,25
162,-2.57802,43.6307,287.521,682.839,0,25
162,-2.61441,43.6285,300.26,336.859,0,25
162,-3.03559,43.6013,123.351,1169.48,0,25
162,-3.74084,43.5464,238.75,493.703,0,25
162,-6.93798,43.1526,269.604,291.635,0,25
162,-8.47304,42.8776,-15.8436,145.325,0,25
162,-9.13963,42.7405,287.564,70.1508,0,25
162,-12.9472,41.7451,280.141,599.094,0,25
162,-13.1201,41.6911,-33.1782,1516.33,0,25
162,-13.4893,41.5731,-51.6817,773.928,0,25
162,-13.9644,41.4159,301.775,145.98,0,25
162,-14.4245,41.2579,-99.7615,632.13,0,25
162,-14.3028,41.3003,301.676,67.8728,0,25
162,-16.9193,40.2991,260.053,343.584,0,25
162,-16.9733,40.2764,276.144,744,0,25
162,-18.1206,39.7735,262.177,165.529,0,25
162,-19.6234,39.0539,290.967,587.689,0,25
162,-20.505,38.5983,290.994,933.632,0,25
162,-21.1897,38.2267,-96.0554,89.8914,0,25
162,-22.1242,37.6936,49.5633,330.708,0,25
162,-25.304,35.637,65.2129,176.046,0,25
162,-27.5006,33.9706,301.831,542.225,0,25
162,-29.1253,32.5884,-78.7746,300.911,0,25
162,-29.1524,32.5641,-77.092,27.6012,0,25
162,-30.0893,31.7005,146.875,885.457,0,25
162,-30.4593,31.3451,252.634,336.479,0,25
162,-33.789,27.7234,-96.5253,1032.16,0,25
162,-34.5784,26.7323,303.236,60.3745,0,25
162,-35.8878,24.947,243.715,63.3851,0,25
162,-35.9865,24.8043,271.94,140.986,0,25
162,-36.4264,24.1536,210.739,143.419,0,25
162,-37.1862,22.9667,-57.8467,428.208,0,25
162,-37.4635,22.5116,-66.6517,2856.29,0,25
162,-37.2759,22.8208,-17.2098,161.786,0,25
162,-38.0801,21.452,88.0151,216.596,0,25
162,-38.7481,20.2206,275.894,615.172,0,25
162,-39.4698,18.7728,57.3866,1232.41,0,25
162,-39.9933,17.63,213.71,569,0,25
162,-40.9369,15.312,-20.8912,119.775,0,25
162,-41.4656,13.8162,121.047,280.439,0,25
162,-41.4895,13.7444,68.9419,128.007,0,25
162,-41.5584,13.5347,70.0174,134.48,0,25
162,-41.6153,13.3585,-32.148,111.458,0,25
162,-41.8848,12.4879,-94.6127,610.487,0,25
162,-42.1473,11.571,-89.1651,44.3434,0,25
162,-42.7028,9.31436,301.751,83.6347,0,25
162,-42.9228,8.24111,-75.2802,173.997,0,25
162,-43.2671,6.18408,293.601,847.014,0,25
162,-43.347,5.59621,35.0162,403.803,0,25
162,-43.3251,5.76363,228.869,481.312,0,25
162,-43.3607,5.48918,293.759,91.4031,0,25
162,-43.4187,5.00988,140.844,96.2913,0,25
162,-43.488,4.36745,3.00398,516.211,0,25
162,-43.6402,2.41239,-86.844,21.0571,0,25
162,-43.6652,1.90589,219.555,1603.36,0,25
162,-43.7064,0.177217,233.398,356.993,0,25
162,-43.505,-4.19505,-230.308,25.1464,1,25
162,-42.7028,-9.31438,-65.9974,104.763,1,25
162,-42.5447,-10.0118,38.1127,105.06,1,25
162,-41.9188,-12.3734,20.3453,570.225,1,25
162,-41.7988,-12.7729,95.0862,86.5859,1,25
162,-41.4844,-13.7596,-80.0993,350.214,1,25
162,-41.1319,-14.7802,-132.49,438.54,1,25
162,-40.8111,-15.644,87.1393,4574.11,1,25
162,-40.8385,-15.5724,-295.535,260.93,1,25
162,-40.7863,-15.7086,97.9328,163.635,1,25
162,-39.8972,-17.8464,-37.2123,241.51,1,25
162,-39.6119,-18.4712,54.3983,520.469,1,25
162,-39.2408,-19.2468,-101.226,754.675,1,25
162,-35.5994,-25.3568,-230.183,295.081,1,25
162,-35.5366,-25.4447,43.1625,307.552,1,25
162,-34.2981,-27.0911,-233.773,2345.84,1,25
162,-32.2381,-29.5125,-94.4748,177.216,1,25
162,-31.4787,-30.3212,-301.935,1709,1,25
162,-31.4251,-30.3768,-97.9189,96.4438,1,25
162,-29.2735,-32.4553,1.49601,185.838,1,25
162,-29.1524,-32.5641,2.468,34.1925,1,25
162,-26.9161,-34.4356,-298.058,552.085,1,25
162,-26.2957,-34.9116,-228.814,1442.76,1,25
162,-26.0421,-35.1012,56.4918,145.139,1,25
162,-23.3086,-36.9729,-291.947,489.802,1,25
162,-22.4992,-37.4709,51.711,440.418,1,25
162,-22.5464,-37.4425,-303.428,49.7736,1,25
162,-22.0852,-37.7164,-303.66,23.1232,1,25
162,-21.153,-38.247,-25.94,31.676,1,25
162,-17.2038,-40.1785,76.55,2284.63,1,25
162,-14.24,-41.322,-288.327,316.374,1,25
162,-13.229,-41.6567,-69.4898,334.458,1,25
162,-12.2805,-41.9461,-104.476,325.384,1,25
162,-10.7297,-42.3693,-270.894,220.568,1,25
162,-8.27111,-42.917,75.1389,491.532,1,25
162,-7.56817,-43.0466,-272.921,397.851,1,25
162,-6.98894,-43.1444,-36.0905,2215.02,1,25
162,-5.64382,-43.3409,-50.3903,1052.83,1,25
162,-3.17194,-43.5915,103.689,144.155,1,25
162,-2.69443,-43.6237,-243.8,565.84,1,25
162,-2.63107,-43.6275,-191.132,343.991,1,25
162,0.0509885,-43.7068,45.0341,293.778,1,25
162,0.483795,-43.7041,-279.655,151.273,1,25
162,1.22033,-43.6898,-287.953,308.271,1,25
162,1.48139,-43.6817,-95.6493,555.384,1,25
162,4.10896,-43.5132,63.1634,534.496,1,25
162,5.34948,-43.3782,-302.368,481.643,1,25
162,7.98347,-42.9715,-85.5174,213.703,1,25
162,8.19588,-42.9315,-291.894,266.242,1,25
162,9.09107,-42.7509,86.9842,347.902,1,25
162,13.4799,-41.5761,-53.7366,512.95,1,25
162,15.2437,-40.9624,-139.062,400.919,1,25
162,15.6464,-40.8102,-20.4457,125.62,1,25
162,16.5919,-40.4351,-234.607,698.022,1,25
162,17.6301,-39.9933,-295.817,62.4561,1,25
162,21.3021,-38.1642,-67.2439,460.305,1,25
162,22.641,-37.3854,-192.311,428.224,1,25
162,23.7318,-36.7027,27.2236,207.45,1,25
162,24.5047,-36.1912,-287.757,97.0188,1,25
162,25.2577,-35.6698,-92.6929,3002.44,1,25
162,25.1246,-35.7636,-278.519,376.078,1,25
162,28.649,-33.0078,-279.499,748.545,1,25
162,29.4551,-32.2906,-282.901,1012.59,1,25
162,30.0682,-31.7205,7.01694,1899.19,1,25
162,31.9455,-29.829,-41.4003,404.983,1,25
162,31.968,-29.8049,-204.531,358.43,1,25
162,32.1375,-29.6221,-247.759,653.758,1,25
162,32.7679,-28.9231,-265.591,209.439,1,25
162,33.4622,-28.117,-82.5364,340.463,1,25
162,36.2651,-24.3952,-267.217,598.186,1,25
162,36.8211,-23.5477,-208.104,233.505,1,25
162,37.6351,-22.2234,-40.7223,323.198,1,25
162,38.8225,-20.0774,-240.877,690.307,1,25
162,39.2766,-19.1738,-296.176,1412.19,1,25
162,39.9303,-17.7724,-84.8479,264.54,1,25
162,40.4826,-16.4756,-188.262,511.47,1,25
162,41.7592,-12.9017,-269.08,486.789,1,25
162,41.7988,-12.7729,-183.243,164.217,1,25
162,42.6881,-9.38117,36.9413,340.878,1,25
162,42.9185,-8.26355,47.9766,466.503,1,25
162,43.1991,-6.64247,-293.477,186.403,1,25
162,43.3023,-5.93277,23.4752,155.98,1,25
162,43.4743,-4.50239,-7.92402,1025.73,1,25
162,43.5816,-3.30536,-198.255,736.768,1,25
162,43.6721,-1.7412,-266.304,370.019,1,25
162,43.6738,-1.69804,21.3563,96.7873,1,25
162,43.6979,-0.881517,-266.115,123.865,1,25
162,43.7063,0.198816,-119.102,348.043,1,25
162,43.4875,4.37298,-163.128,112.7,1,25
162,43.361,5.48707,-274.205,648.424,1,25
162,43.2901,6.02073,-250.74,644.654,1,25
162,43.1166,7.15829,-154.085,705.109,1,25
162,42.8907,8.40667,14.7638,245.007,1,25
162,42.8916,8.40203,-298.028,386.475,1,25
162,42.7413,9.13575,-129.015,1590.7,1,25
162,42.5447,10.0118,-87.3933,135.976,1,25
162,41.1447,14.7445,38.1105,286.571,1,25
162,40.4677,16.5121,-269.719,392.406,1,25
162,38.3476,20.9701,-15.1671,1019.45,1,25
162,38.2596,21.1303,-251.913,536.901,1,25
162,38.1198,21.3814,-61.132,54.1387,1,25
162,36.8668,23.476,69.261,867.272,1,25
162,36.7823,23.6082,-35.7724,2101.46,1,25
162,36.6099,23.8746,-106.708,1323.26,1,25
162,36.1821,24.5182,-246.6,560.111,1,25
162,33.9397,27.5387,-91.5902,392.893,1,25
162,33.7757,27.7396,-132.229,672.635,1,25
162,33.2734,28.3401,-254.363,685.218,1,25
162,31.8971,29.8807,103.848,345.123,1,25
162,31.6224,30.1713,-272.622,628.678,1,25
162,30.1727,31.6211,-44.9331,3725.6,1,25
162,28.8203,32.8584,20.1981,1966.42,1,25
162,28.7158,32.9498,-267.994,1470.96,1,25
162,26.7261,34.5832,-135.968,394.963,1,25
162,25.9642,35.1588,-13.4256,161.256,1,25
162,24.947,35.8878,61.3954,203.692,1,25
162,24.5882,36.1345,-230.067,490.426,1,25
162,23.2877,36.9861,-287.029,239.103,1,25
162,22.542,37.4452,48.7895,1350.36,1,25
162,20.9644,38.3507,-233.802,1446.91,1,25
162,13.4764,41.5773,-63.4025,169.753,1,25
162,11.9263,42.0482,-90.8116,1136.69,1,25
162,8.80029,42.8117,102.282,339.062,1,25
162,7.08321,43.129,-160.775,1224.51,1,25
162,6.55309,43.2127,-130.483,4288.42,1,25
162,5.86156,43.312,-225.805,1005.38,1,25
162,5.00648,43.4191,-287.266,1221.9,1,25
162,-0.63272,43.7022,-38.5216,728.142,1,25
162,-8.96471,42.7775,70.308,24.2203,1,25
162,-11.6537,42.1245,86.844,64.4033,1,25
162,-11.7433,42.0996,88.116,29.1093,1,25
162,-12.0438,42.0146,-287.438,138.726,1,25
162,-12.9587,41.7415,-154.156,613.478,1,25
162,-14.3594,41.2807,-165.487,702.672,1,25
162,-15.5637,40.8418,-62.1798,293.825,1,25
162,-16.5925,40.4348,-266.665,114.898,1,25
162,-16.8981,40.308,27.1029,760.629,1,25
162,-17.0629,40.2386,53.7912,902.775,1,25
162,-18.2242,39.7261,88.0386,359.233,1,25
162,-18.7987,39.4575,-72.7108,307.168,1,25
162,-19.6937,39.0185,11.8605,362.507,1,25
162,-20.5662,38.5657,-265.33,515.522,1,25
162,-21.2948,38.1683,-113.632,173.095,1,25
162,-21.2726,38.1806,-290.012,137.67,1,25
162,-23.3203,36.9655,99.1795,251.28,1,25
162,-24.9859,35.8607,-149.089,1557.58,1,25
162,-25.7697,35.3016,-149.094,172.959,1,25
162,-26.4796,34.7723,-124.071,495.458,1,25
162,-27.0408,34.3378,1.52524,430.664,1,25
162,-27.371,34.0751,-288.273,148.249,1,25
162,-27.5404,33.9383,-277.207,170.317,1,25
162,-27.7008,33.8076,100.559,1071.98,1,25
162,-32.2039,29.5498,-297.3,21.0148,1,25
162,-34.11,27.3274,-274.25,1009.01,1,25
162,-34.1757,27.2453,99.078,739.23,1,25
162,-35.0392,26.1254,7.30793,338.251,1,25
162,-37.8958,21.7759,-24.4158,55.7415,1,25
162,-39.8795,17.886,-162.916,4535.46,1,25
162,-40.4938,16.4479,77.3365,1211.39,1,25
162,-40.8717,15.4851,-263.694,1048.52,1,25
162,-40.9992,15.1444,-91.8646,71.5654,1,25
162,-41.1735,14.6639,-97.1788,961.234,1,25
162,-41.1087,14.8446,-221.031,292.803,1,25
162,-41.2309,14.5015,-266.116,129.763,1,25
162,-42.6397,9.59906,-152.185,2095.39,1,25
162,-43.3159,5.83238,-203.456,96.6902,1,25
162,-43.3634,5.46783,-139.307,214.831,1,25
162,-43.4168,5.0265,18.1143,660.612,1,25
162,-43.4463,4.76511,-237.025,258.58,1,25
162,-43.5894,3.20141,-144.371,700.671,1,25
162,-43.6594,2.03565,-49.5891,586.405,1,25
162,-44.6315,-2.91894,147.614,353.075,0,26
162,-44.6146,-3.16541,100.581,208.959,0,26
162,-44.3969,-5.42194,129.423,581.066,0,26
162,-44.4134,-5.2853,282.977,489.233,0,26
162,-43.7771,-9.16816,256.074,2315.84,0,26
162,-41.956,-15.4979,208.893,47.359,0,26
162,-41.7035,-16.165,208.924,670.713,0,26
162,-41.1163,-17.6049,290.242,352.77,0,26
162,-40.7569,-18.4219,257.965,1049.47,0,26
162,-40.6305,-18.6989,-19.1185,529.9,0,26
162,-40.4716,-19.0404,50.8167,97.496,0,26
162,-40.415,-19.1602,132.356,1069.59,0,26
162,-40.0347,-19.9427,43.324,73.2081,0,26
162,-39.8872,-20.2361,169.481,231.322,0,26
162,-39.6041,-20.7846,43.5332,334.075,0,26
162,-39.6061,-20.7809,263.89,918.776,0,26
162,-39.4424,-21.09,296.516,4064.68,0,26
162,-39.1247,-21.6735,264.243,293.59,0,26
162,-39.0139,-21.8724,153.53,1015.08,0,26
162,-38.7276,-22.3754,264.415,492.153,0,26
162,-38.3949,-22.9417,-73.23,171.221,0,26
162,-38.5038,-22.7584,17.5843,77.9976,0,26
162,-37.8776,-23.786,-31.3763,908.729,0,26
162,-38.073,-23.472,-13.2235,133.593,0,26
162,-37.1381,-24.9249,203.368,94.7595,0,26
162,-36.7875,-25.4395,-98.9984,218.774,0,26
162,-36.8294,-25.3788,57.5034,64.9136,0,26
162,-36.6593,-25.6239,203.419,196.268,0,26
162,-35.3676,-27.3792,-21.1544,544.921,0,26
162,-34.3895,-28.598,-64.5163,926.479,0,26
162,-34.4371,-28.5408,77.6809,924.543,0,26
162,-33.2825,-29.8791,24.269,654.38,0,26
162,-33.0633,-30.1216,289.244,328.364,0,26
162,-33.2254,-29.9426,231.604,234.602,0,26
162,-30.0538,-33.1249,166.433,601.104,0,26
162,-29.7078,-33.4355,107.072,568.162,0,26
162,-29.429,-33.6811,-102.029,525.029,0,26
162,-28.1562,-34.7522,-45.1189,856.636,0,26
162,-28.1076,-34.7915,57.592,434.018,0,26
162,-25.2745,-36.901,32.4453,1288.63,0,26
162,-23.3224,-38.1648,270.241,327.399,0,26
162,-22.7583,-38.5038,270.164,31.0139,0,26
162,-21.7415,-39.087,270.65,1082.72,0,26
162,-21.8095,-39.0491,-8.74653,1128.63,0,26
162,-20.7662,-39.6138,270.968,384.714,0,26
162,-20.5558,-39.7233,155.767,341.301,0,26
162,-20.5242,-39.7397,252.212,1472.18,0,26
162,-15.3336,-42.0163,277.236,617.514,0,26
162,-14.331,-42.3687,73.5799,110.885,0,26
162,-14.1645,-42.4247,36.1221,671.812,0,26
162,-13.7465,-42.562,297.3,122.475,0,26
162,-13.6165,-42.6037,23.9968,751.856,0,26
162,-10.7662,-43.4117,279.922,723.126,0,26
162,-8.95228,-43.8217,-32.2477,110.591,0,26
162,-8.45642,-43.9201,-32.3767,46.3728,0,26
162,-8.04787,-43.9968,135.208,99.5254,0,26
162,-6.62314,-44.2337,-57.3484,1042.73,0,26
162,-5.90865,-44.3348,-76.7755,723.208,0,26
162,-6.26455,-44.2859,106.263,343.566,0,26
162,-5.20255,-44.4232,197.66,23.0555,0,26
162,-3.91389,-44.5552,276.252,444.083,0,26
162,-3.11456,-44.6182,282.137,2710.6,0,26
162,-1.92048,-44.6856,-85.7862,57.5011,0,26
162,-0.274424,-44.726,-14.764,37.1787,0,26
162,0.0914939,-44.7267,-14.7782,340.728,0,26
162,3.20454,-44.6119,-51.5798,133.227,0,26
162,8.65947,-43.8805,159.92,162.068,0,26
162,9.86036,-43.6264,298.29,922.939,0,26
162,9.94661,-43.6068,89.5435,918.112,0,26
162,10.4855,-43.4803,280.37,495.788,0,26
162,13.298,-42.7042,140.168,207.153,0,26
162,13.554,-42.6237,296.081,1993.85,0,26
162,14.552,-42.2933,73.6109,510.919,0,26
162,14.6144,-42.2718,160.714,705.79,0,26
162,15.1235,-42.0923,281.739,534.902,0,26
162,15.1541,-42.0813,189.079,244.242,0,26
162,16.5079,-41.5689,89.1264,275.61,0,26
162,16.6811,-41.4997,112.164,316.655,0,26
162,16.4864,-41.5774,185.496,131.131,0,26
162,16.9961,-41.3717,251.976,281.524,0,26
162,21.2213,-39.3718,156.767,419.969,0,26
162,23.0578,-38.3252,119.644,225.295,0,26
162,23.5411,-38.0303,281.826,110.368,0,26
162,23.8251,-37.853,274.519,780.717,0,26
162,25.5274,-36.7265,-30.3398,327.36,0,26
162,26.3267,-36.1578,286.923,535.507,0,26
162,26.6128,-35.9478,304.32,725.655,0,26
162,30.7334,-32.4953,93.5009,355.503,0,26
162,31.1558,-32.0906,56.2133,921.099,0,26
162,32.5819,-30.6416,287.112,175.578,0,26
162,33.6876,-29.4216,246.175,61.2533,0,26
162,36.3027,-26.1267,149.928,312.404,0,26
162,41.6302,-16.3527,-105.322,191.54,0,26
162,42.2039,-14.8093,38.0789,168.577,0,26
162,43.3913,-10.8481,-74.273,848.535,0,26
162,44.2205,-6.71065,141.885,669.255,0,26
162,44.4093,-5.32024,-36.6503,245.867,0,26
162,44.7206,-0.742962,27.8337,268.58,0,26
162,44.7251,-0.394931,303.351,215.22,0,26
162,44.7252,0.376695,40.9474,173.978,0,26
162,44.7081,1.29388,162.939,3066.16,0,26
162,44.6861,1.90777,194.225,205.161,0,26
162,44.5635,3.81884,147.78,924.832,0,26
162,44.4431,5.02988,-73.3375,654.94,0,26
162,44.2821,6.29121,126.854,212.988,0,26
162,43.4663,10.5436,-90.6131,315.781,0,26
162,42.3621,14.3507,35.8062,1165.99,0,26
162,41.6767,16.2338,-43.5987,19044.5,0,26
162,41.9924,15.3989,301.075,591.071,0,26
162,41.8342,15.8237,-84.2067,740.415,0,26
162,41.7227,16.1154,75.054,747.029,0,26
162,41.6606,16.2752,-37.1535,745,0,26
162,41.3932,16.9437,209.108,77.1942,0,26
162,41.2572,17.2723,282.632,268.268,0,26
162,41.2164,17.3694,209.108,26.0816,0,26
162,41.0282,17.8093,209.188,174.255,0,26
162,40.544,18.8858,-55.844,278.574,0,26
162,38.5665,22.6521,246.657,92.8566,0,26
162,38.5539,22.6735,295.205,607.869,0,26
162,37.4279,24.4875,-48.7278,969.36,0,26
162,36.894,25.2847,294.736,989.425,0,26
162,36.8414,25.3614,-34.9477,543.652,0,26
162,36.6113,25.6924,95.9757,549.574,0,26
162,36.1064,26.3973,174.101,766.035,0,26
162,35.8889,26.6922,96.2912,242.28,0,26
162,35.1469,27.6619,252.904,830.996,0,26
162,34.6873,28.2361,150.814,842.566,0,26
162,34.7359,28.1763,37.879,347.414,0,26
162,33.1927,29.9788,294.576,418.815,0,26
162,32.1403,31.1045,255.417,426.817,0,26
162,31.0832,32.1609,183.438,712.826,0,26
162,30.9551,32.2842,43.4861,565.858,0,26
162,30.8089,32.4238,289.89,703.515,0,26
162,29.5192,33.6022,-99.4225,326.305,0,26
162,29.0212,34.0331,134.428,793.395,0,26
162,27.9456,34.9218,219.444,363.499,0,26
162,25.8623,36.4915,-17.5979,93.7546,0,26
162,25.4969,36.7477,48.9348,107.294,0,26
162,25.0787,37.0344,200.457,1580.65,0,26
162,22.4737,38.6706,123.664,133.624,0,26
162,19.3709,40.3145,55.62,32.2727,0,26
162,18.696,40.6318,140.42,91.7052,0,26
162,16.5838,41.5387,193.567,174.917,0,26
162,14.1846,42.418,-44.18,593.372,0,26
162,12.1935,43.0326,234.266,64.6486,0,26
162,11.841,43.1309,234.358,51.319,0,26
162,9.9291,43.6108,293.9,12018.6,0,26
162,9.90919,43.6153,-97.4548,308.915,0,26
162,6.35774,44.2726,-87.4755,137.213,0,26
162,4.89376,44.4583,-66.2364,507.22,0,26
162,4.80692,44.4677,120.237,767.725,0,26
162,3.97719,44.5496,118.864,909.388,0,26
162,3.91632,44.555,179.272,641.802,0,26
162,1.55798,44.6997,7.18493,2648.09,0,26
162,0.600605,44.7228,188.994,228.759,0,26
162,-1.02425,44.7151,96.0031,575.77,0,26
162,-2.45992,44.6591,122.943,1694.42,0,26
162,-2.41848,44.6614,298.87,654.002,0,26
162,-2.95062,44.6294,286.651,566.349,0,26
162,-3.7463,44.5696,247.948,1513,0,26
162,-8.77014,43.8585,-16.7737,610.261,0,26
162,-9.58852,43.6869,286.501,240.854,0,26
162,-13.3449,42.6896,-35.6907,299.99,0,26
162,-13.6612,42.5894,278.081,747.815,0,26
162,-14.2218,42.4055,301.031,119.609,0,26
162,-16.9744,41.3806,258.797,959.953,0,26
162,-17.1373,41.3134,267.843,2822.43,0,26
162,-19.0975,40.4447,261.483,190.405,0,26
162,-21.5354,39.2009,290.997,500.04,0,26
162,-21.886,39.0063,-96.3299,196.065,0,26
162,-22.5384,38.633,49.0798,242.637,0,26
162,-24.6039,37.3515,290.11,702.456,0,26
162,-25.8288,36.5152,65.1674,141.048,0,26
162,-28.1884,34.7261,301.234,344.506,0,26
162,-29.7513,33.3968,-80.4719,588.264,0,26
162,-30.6741,32.5513,146.325,1219.29,0,26
162,-31.1663,32.0804,252.085,643.648,0,26
162,-33.4899,29.6465,-27.1978,190.983,0,26
162,-34.3733,28.6175,-97.4201,229.153,0,26
162,-35.1727,27.6292,303.405,427.878,0,26
162,-36.3567,26.0514,-105.076,81.4855,0,26
162,-36.4073,25.9806,270.002,283.221,0,26
162,-36.9397,25.2179,242.25,397.337,0,26
162,-38.1475,23.3507,-66.4404,1249.97,0,26
162,-38.2113,23.2462,-17.732,83.1942,0,26
162,-38.3512,23.0147,-57.7353,149.855,0,26
162,-39.0036,21.8907,-32.5772,116.412,0,26
162,-39.1103,21.6996,87.7243,255.42,0,26
162,-39.5211,20.9421,274.166,1860.29,0,26
162,-40.1913,19.625,57.74,57.1664,0,26
162,-40.8416,18.2333,207.47,749.287,0,26
162,-42.019,15.3261,-20.6476,176.133,0,26
162,-42.2039,14.8093,119.396,78.7977,0,26
162,-42.7211,13.2436,-31.6591,845.728,0,26
162,-42.9509,12.4784,-96.4903,2779.71,0,26
162,-42.986,12.3569,-91.0395,343.19,0,26
162,-43.1309,11.841,268.892,24.0971,0,26
162,-43.66,9.71041,5.31976,167.966,0,26
162,-43.9657,8.21605,-76.1622,480.193,0,26
162,-44.3636,5.68842,291.73,817.406,0,26
162,-44.4391,5.06466,35.3354,273.154,0,26
162,-44.463,4.85016,294.021,390.719,0,26
162,-44.5261,4.23231,1.79364,1131.45,0,26
162,-44.5274,4.21882,35.5081,565.008,0,26
162,-44.6773,2.10325,-82.5638,232,0,26
162,-44.6994,1.56554,218.86,88.4405,0,26
162,-44.7162,0.975548,230.056,138.101,0,26
162,-44.7223,0.631683,231.526,556.538,0,26
162,-44.5375,-4.11082,-228.284,664.124,1,26
162,-43.0349,-12.1854,22.2188,593.698,1,26
162,-42.8797,-12.7206,-98.569,116.661,1,26
162,-42.6967,-13.3221,95.7766,207.048,1,26
162,-42.577,-13.6997,96.4676,90.5345,1,26
162,-42.2699,-14.6199,-280.965,464.411,1,26
162,-42.0291,-15.2985,98.4983,318.814,1,26
162,-42.0227,-15.3161,88.5551,7566.25,1,26
162,-40.7582,-18.4189,59.6096,116.241,1,26
162,-40.5957,-18.7744,55.5644,985.717,1,26
162,-40.4374,-19.1129,-99.5167,634.732,1,26
162,-36.7631,-25.4747,46.3764,535.431,1,26
162,-36.2925,-26.1408,43.294,698.274,1,26
162,-35.2863,-27.4839,-231.396,1795.47,1,26
162,-32.8224,-30.3838,-94.2149,220.263,1,26
162,-32.1469,-31.0976,-300.637,3119.15,1,26
162,-31.8201,-31.432,-97.596,38.0416,1,26
162,-29.5772,-33.5511,3.27706,551.521,1,26
162,-26.8937,-35.7382,-297.5,270.684,1,26
162,-26.8636,-35.7608,-227.34,28.2219,1,26
162,-26.7171,-35.8703,58.012,24.137,1,26
162,-24.246,-37.5848,-291.516,904.557,1,26
162,-23.1881,-38.2465,-288.53,645.166,1,26
162,-22.8671,-38.4393,51.9629,330.79,1,26
162,-22.6607,-38.5614,-303.347,89.5499,1,26
162,-21.6466,-39.1396,-266.348,38.111,1,26
162,-18.2499,-40.8342,77.9934,459.636,1,26
162,-13.2445,-42.7208,-68.6044,385.826,1,26
162,-12.6889,-42.8891,-105.739,273.793,1,26
162,-10.9564,-43.3641,-268.982,320.102,1,26
162,-8.27155,-43.9553,-272.625,667.295,1,26
162,-7.79006,-44.0432,75.9405,510.211,1,26
162,-7.05023,-44.1676,-34.0177,6768.71,1,26
162,-7.01487,-44.1733,-47.6267,1942,1,26
162,-5.85003,-44.3426,-49.0091,519.824,1,26
162,-4.07009,-44.5412,-264.122,843.509,1,26
162,-3.19693,-44.6124,-242.92,180.943,1,26
162,-3.15352,-44.6155,103.953,423.198,1,26
162,-2.87148,-44.6345,-191.096,402.657,1,26
162,-0.655988,-44.722,-288.396,70.0947,1,26
162,0.247072,-44.7261,-278.619,424.277,1,26
162,0.0885929,-44.7267,-288.396,107.859,1,26
162,0.724702,-44.7209,44.6782,115.995,1,26
162,1.38903,-44.7052,-95.3747,367.313,1,26
162,4.02542,-44.5453,64.8054,412.442,1,26
162,5.38425,-44.4015,-302.109,168.969,1,26
162,8.27672,-43.9543,-84.876,33.0139,1,26
162,9.06631,-43.7983,-290.923,556.965,1,26
162,9.3848,-43.7311,87.0247,599.354,1,26
162,13.7567,-42.5587,-52.5148,2330.24,1,26
162,15.7252,-41.8713,-137.956,174.123,1,26
162,15.9374,-41.791,-19.9176,395.602,1,26
162,17.2007,-41.2871,-233.023,502.607,1,26
162,17.5379,-41.145,-295.604,21.111,1,26
162,21.8868,-39.0058,-67.2494,367.611,1,26
162,23.5411,-38.0303,-191.037,96.9105,1,26
162,23.9391,-37.781,-190.556,99.7792,1,26
162,24.1429,-37.6511,27.7213,735.826,1,26
162,25.1315,-36.9986,-287.036,178.919,1,26
162,25.5453,-36.7141,-277.356,638.654,1,26
162,26.9428,-35.7011,-267.105,188.374,1,26
162,29.3273,-33.7698,-279.605,102.454,1,26
162,30.2285,-32.9655,-281.233,1394.5,1,26
162,30.9337,-32.3047,8.79991,541.033,1,26
162,32.3405,-30.8963,-40.5278,668.871,1,26
162,32.6385,-30.5812,-246.694,894.853,1,26
162,32.6659,-30.552,-204.417,475.561,1,26
162,33.1622,-30.0126,-264.079,65.4697,1,26
162,33.64,-29.476,-81.6317,150.565,1,26
162,34.0184,-29.0385,-81.9347,392.06,1,26
162,37.2935,-24.6917,-265.131,380.665,1,26
162,37.7701,-23.9563,-208.037,313.68,1,26
162,38.2823,-23.1291,-40.4471,109.715,1,26
162,39.5685,-20.8523,-238.85,1047.6,1,26
162,40.2349,-19.5356,-28.2509,74.7513,1,26
162,40.4584,-19.0684,-29.6706,714.598,1,26
162,40.9125,-18.0736,-84.376,419.732,1,26
162,41.3227,-17.115,15.0579,209.696,1,26
162,42.4086,-14.2124,-182.832,437.164,1,26
162,42.6106,-13.5949,-183.025,143.183,1,26
162,42.8269,-12.8976,-266.979,208.838,1,26
162,42.8274,-12.8959,-94.628,22.2064,1,26
162,43.6993,-9.53173,37.7965,68.2791,1,26
162,43.9559,-8.26826,50.3125,1151.29,1,26
162,44.2535,-6.4893,-292.396,180.335,1,26
162,44.3661,-5.66877,23.6289,281.677,1,26
162,44.4407,-5.05055,-5.48317,1149.4,1,26
162,44.4299,-5.14456,-190.602,212.347,1,26
162,44.6108,-3.21943,-196.665,453.807,1,26
162,44.6292,-2.95373,-272.964,260.323,1,26
162,44.6877,-1.86916,21.5558,480.784,1,26
162,44.7267,-0.0754735,-265.785,268.509,1,26
162,44.7231,0.575977,-118.172,528.39,1,26
162,44.3665,5.66556,-273.19,1738.7,1,26
162,44.1775,6.98821,-249.062,1275.63,1,26
162,44.1314,7.2736,-152.23,474.447,1,26
162,43.8823,8.65036,15.107,450.058,1,26
162,43.5652,10.1272,-127.62,508.423,1,26
162,43.5619,10.1415,-86.8312,460.395,1,26
162,42.3492,14.3887,87.612,374.138,1,26
162,41.9735,15.4503,38.8287,148.645,1,26
162,41.35,17.0488,-268.64,1052.27,1,26
162,39.267,21.4147,-12.9735,446.337,1,26
162,39.2605,21.4266,-249.814,1102.73,1,26
162,38.5966,22.6007,-60.9804,64.3451,1,26
162,37.7625,23.9683,71.2314,1673.43,1,26
162,37.6841,24.0915,-34.578,1374.35,1,26
162,37.6317,24.1731,-106.543,2350.8,1,26
162,37.6401,24.1602,-112.785,597,1,26
162,37.1525,24.9034,-244.4,332.414,1,26
162,34.5162,28.445,-130.606,600.603,1,26
162,33.7722,29.3245,-253.125,253.733,1,26
162,33.4108,29.7356,-251.453,343.159,1,26
162,32.5281,30.6987,103.964,556.128,1,26
162,32.2948,30.944,-271.22,616.437,1,26
162,31.0412,32.2014,-259.117,4596.4,1,26
162,30.9763,32.2639,-45.5187,2281.98,1,26
162,29.5827,33.5463,19.769,134.561,1,26
162,29.4661,33.6487,-268.116,1127.69,1,26
162,27.6911,35.1239,-270.419,421.222,1,26
162,27.1145,35.571,-135.392,328,1,26
162,26.3222,36.1612,-12.6452,1485.47,1,26
162,25.5292,36.7253,61.828,28.217,1,26
162,24.5049,37.4165,-229.342,237.943,1,26
162,23.7347,37.9098,-285.849,725.864,1,26
162,23.1226,38.2862,49.617,783.102,1,26
162,21.8012,39.0537,-231.635,2969.14,1,26
162,14.0848,42.4512,-62.4221,142.841,1,26
162,12.1935,43.0326,-89.2572,457.066,1,26
162,11.841,43.1309,-88.692,30.225,1,26
162,8.54638,43.9027,103.596,553.075,1,26
162,7.59427,44.0774,-159.627,114.787,1,26
162,6.50933,44.2506,-130.841,5925.19,1,26
162,6.65325,44.2292,-141.016,1409,1,26
162,5.88718,44.3377,-223.482,406.907,1,26
162,5.46374,44.3918,-286.019,953.072,1,26
162,-0.722344,44.721,-38.2104,393.574,1,26
162,-9.35292,43.738,70.0742,113.733,1,26
162,-9.71043,43.66,70.112,48.3606,1,26
162,-12.0131,43.0833,-286.286,450.357,1,26
162,-12.1935,43.0326,88.7448,72.6159,1,26
162,-13.0548,42.7792,-153.988,108.433,1,26
162,-14.5223,42.3035,-164.026,1522.12,1,26
162,-16.0987,41.7291,-60.8869,424.669,1,26
162,-17.0759,41.3389,-266.57,354.474,1,26
162,-17.2593,41.2626,55.1627,892.273,1,26
162,-17.8035,41.0307,27.607,367.631,1,26
162,-17.9689,40.9586,56.9468,279.017,1,26
162,-20.0748,39.9686,12.0162,633.387,1,26
162,-21.4868,39.2276,-112.044,892.748,1,26
162,-21.4864,39.2278,-264.177,192.497,1,26
162,-22.2621,38.7928,-289.091,986.314,1,26
162,-23.5021,38.0544,99.6572,688.976,1,26
162,-23.6355,37.9717,-148.805,1111.1,1,26
162,-24.6105,37.3472,-148.948,1166.21,1,26
162,-27.199,35.5064,-288.58,306.155,1,26
162,-27.2025,35.5037,-122.456,546.54,1,26
162,-27.9458,34.9216,-276.155,263.806,1,26
162,-28.3718,34.5764,100.579,830.212,1,26
162,-29.3385,33.76,44.7339,298.927,1,26
162,-29.7649,33.3847,45.2859,230.525,1,26
162,-32.8935,30.3068,-144.502,233.285,1,26
162,-32.9153,30.2832,-296.741,328.895,1,26
162,-34.7193,28.1968,-272.647,733.236,1,26
162,-36.2497,26.2001,8.82721,437.882,1,26
162,-38.5612,22.661,-23.4224,405.181,1,26
162,-39.6888,20.6224,-44.5368,682.259,1,26
162,-40.3145,19.3709,-274.855,208.637,1,26
162,-40.4716,19.0404,-275.244,473.525,1,26
162,-40.6431,18.6715,-163.864,1965.23,1,26
162,-41.0497,17.7597,-299.007,2948.23,1,26
162,-41.2164,17.3694,77.7229,57.4436,1,26
162,-41.9519,15.5087,-91.6957,348.112,1,26
162,-43.7392,9.34709,-44.0208,1165.16,1,26
162,-44.0086,7.98303,-152.429,1127.71,1,26
162,-44.297,6.18597,-203.382,125.004,1,26
162,-44.3977,5.41602,20.1117,774.609,1,26
162,-44.4313,5.13245,72.7503,561.496,1,26
162,-44.4185,5.24284,-138.839,140.44,1,26
162,-44.4873,4.62244,-235.428,184.997,1,26
162,-44.6773,2.10325,-48.412,28.1664,1,26
162,-45.6552,-2.89865,147.007,79.5883,0,27
162,-45.6149,-3.47572,98.9872,465.127,0,27
162,-45.4186,-5.47214,281.326,673.244,0,27
162,-45.2694,-6.59407,129.816,892.067,0,27
162,-44.7701,-9.40409,254.477,1768.28,0,27
162,-44.6514,-9.95238,28.2079,517.507,0,27
162,-43.9629,-12.6516,-90.4802,62.5285,0,27
162,-42.3714,-17.247,-64.1586,110.975,0,27
162,-42.3487,-17.3027,-43.9294,210.385,0,27
162,-42.1008,-17.8975,208.94,289.978,0,27
162,-41.8686,-18.4342,257.118,704.639,0,27
162,-41.5674,-19.1036,-19.3036,372.818,0,27
162,-41.5625,-19.1143,42.7955,354.526,0,27
162,-41.5527,-19.1355,50.8352,276.906,0,27
162,-41.2017,-19.88,42.9248,895.731,0,27
162,-40.6593,-20.9671,168.858,196.729,0,27
162,-40.1865,-21.8596,297.016,2085.43,0,27
162,-39.9009,-22.3766,17.2851,1041.68,0,27
162,-40.1291,-21.9649,151.51,452.578,0,27
162,-40.0081,-22.1844,166.142,694.237,0,27
162,-39.5713,-22.9545,17.2204,72.5426,0,27
162,-38.8104,-24.2189,264.827,817.445,0,27
162,-38.857,-24.144,-74.4276,360.883,0,27
162,-38.2363,-25.1154,265.139,338.986,0,27
162,-37.5737,-26.0962,-101.249,459.648,0,27
162,-37.5749,-26.0945,56.3458,447.419,0,27
162,-37.6183,-26.0319,265.5,85.3728,0,27
162,-37.1749,-26.6613,203.596,109.82,0,27
162,-36.9957,-26.9094,265.695,882.001,0,27
162,-36.6886,-27.3266,203.44,65.3329,0,27
162,-36.4638,-27.6259,203.485,95.3467,0,27
162,-36.122,-28.0713,-21.3633,109.938,0,27
162,-35.4223,-28.9493,-65.5249,100.442,0,27
162,-34.6876,-29.8256,289.312,351.644,0,27
162,-34.5397,-29.9968,232.36,1122.89,0,27
162,-33.8907,-30.7281,22.7509,527.314,0,27
162,-30.0567,-34.4876,-103.485,519.069,0,27
162,-29.8194,-34.693,105.587,1028.44,0,27
162,-29.8623,-34.656,166.765,286.83,0,27
162,-28.5675,-35.7309,-46.0915,428.199,0,27
162,-28.3383,-35.9129,56.2983,145.113,0,27
162,-26.5589,-37.2481,30.389,851.33,0,27
162,-21.8472,-40.1933,-10.4468,133.857,0,27
162,-21.5327,-40.3626,-11.2722,191.537,0,27
162,-21.4422,-40.4107,169.625,358.493,0,27
162,-20.8161,-40.7368,251.896,1811.62,0,27
162,-20.896,-40.6959,154.082,476.365,0,27
162,-14.602,-43.3541,72.9847,325.421,0,27
162,-14.0705,-43.5295,21.977,664.511,0,27
162,-14.2087,-43.4846,35.3771,523.688,0,27
162,-14.2611,-43.4674,297.599,81.359,0,27
162,-11.0805,-44.3849,278.635,843.974,0,27
162,-9.54973,-44.7392,-32.3793,315.724,0,27
162,-8.09742,-45.0248,134.345,76.3728,0,27
162,-6.77103,-45.2432,-75.976,165.945,0,27
162,-6.92769,-45.2195,-57.6841,277.439,0,27
162,-6.6067,-45.2675,104.615,378.979,0,27
162,-5.48624,-45.4169,197.517,469.691,0,27
162,-3.19005,-45.6357,-44.4799,812.635,0,27
162,-3.1436,-45.639,280.941,1836.71,0,27
162,0.0935828,-45.747,-14.34,21.0555,0,27
162,2.89865,-45.6552,-52.6628,57.3312,0,27
162,8.77145,-44.8983,159.704,282.26,0,27
162,9.59659,-44.7292,297.38,357.041,0,27
162,10.0567,-44.628,88.0276,283.85,0,27
162,10.5631,-44.5109,278.246,1032.21,0,27
162,13.3634,-43.7518,139.213,827.878,0,27
162,13.8728,-43.5929,294.98,1302.25,0,27
162,15.0949,-43.185,159.628,74.659,0,27
162,15.3269,-43.1032,280.747,607.682,0,27
162,15.4451,-43.061,72.5818,614.374,0,27
162,15.4998,-43.0413,112.012,33.14,0,27
162,15.525,-43.0322,188.618,429.83,0,27
162,15.6757,-42.9775,88.692,21.0875,0,27
162,16.0268,-42.8478,88.268,27.0817,0,27
162,16.3816,-42.7135,112.012,111.35,0,27
162,17.1718,-42.402,184.57,1058.23,0,27
162,17.5931,-42.2289,249.683,520.809,0,27
162,20.3173,-40.9879,24.8142,62.6469,0,27
162,21.1401,-40.5696,156.626,541.399,0,27
162,23.8999,-39.0076,117.874,649.072,0,27
162,23.8124,-39.0611,280.116,296.361,0,27
162,24.2767,-38.7742,273.056,1648.14,0,27
162,24.8449,-38.4126,91.0381,220.861,0,27
162,26.4158,-37.3498,-31.2969,453.035,0,27
162,27.0152,-36.9185,286.175,326.574,0,27
162,31.4858,-33.1879,91.7647,731.317,0,27
162,44.3074,-11.3864,-75.4924,956.322,0,27
162,45.0549,-7.92803,141.523,850.34,0,27
162,45.3963,-5.65423,-36.9697,513.675,0,27
162,45.7429,-0.619947,27.3489,155.331,0,27
162,45.7462,0.280714,40.3697,137.728,0,27
162,45.7395,0.831291,161.61,1772.48,0,27
162,45.5043,4.70712,148.252,752.591,0,27
162,45.2508,6.7204,125.759,233.549,0,27
162,45.1358,7.45341,230.264,950.214,0,27
162,43.2299,14.9657,-46.2769,21433.5,0,27
162,43.4878,14.1989,35.5911,492.763,0,27
162,43.4674,14.2612,-36.2982,1289,0,27
162,43.1973,15.0596,-35.9183,2468,0,27
162,43.1667,15.1472,-25.788,22,0,27
162,43.1,15.3358,299.665,228.927,0,27
162,42.9291,15.8078,-85.0154,170.805,0,27
162,42.7355,16.3242,74.1437,1021.25,0,27
162,42.6549,16.5335,209.206,232.871,0,27
162,42.3709,17.2484,209.192,129.99,0,27
162,42.1654,17.7448,280.624,475.605,0,27
162,41.925,18.3054,-55.468,100.624,0,27
162,39.4439,23.1727,246.023,577.224,0,27
162,39.5022,23.0731,293.609,311.986,0,27
162,38.7108,24.3777,285.73,668.367,0,27
162,38.3821,24.892,213.874,3704,0,27
162,37.6195,26.0303,-35.685,228.082,0,27
162,37.6209,26.0282,293.321,1184.78,0,27
162,36.4825,27.6011,96.034,339.745,0,27
162,36.4562,27.6359,174.267,320.555,0,27
162,34.9692,29.495,37.5269,811.552,0,27
162,34.8966,29.5808,149.78,1101.03,0,27
162,34.3798,30.1799,292.797,58.3695,0,27
162,34.3327,30.2335,293.908,22.9533,0,27
162,32.938,31.7472,253.701,165.272,0,27
162,31.8779,32.8115,43.3791,253.482,0,27
162,31.3833,33.2849,181.016,2005.68,0,27
162,31.5855,33.0931,288.342,416.192,0,27
162,29.7316,34.7682,-99.5045,1212.18,0,27
162,29.7443,34.7574,133.605,462.736,0,27
162,28.9493,35.4223,219.049,84.8345,0,27
162,28.1552,36.0567,-51.301,1480.39,0,27
162,25.7888,37.7854,200.514,4027.33,0,27
162,23.3191,39.3575,122.526,266.621,0,27
162,22.567,39.7936,201.052,62.2668,0,27
162,20.2605,41.016,55.3869,224.228,0,27
162,19.7734,41.253,32.6132,181.878,0,27
162,18.9653,41.6307,139.998,168.263,0,27
162,18.6878,41.756,199.121,178.634,0,27
162,17.3195,42.3418,193.725,535.252,0,27
162,14.4388,43.4087,-44.8753,113.723,0,27
162,11.3863,44.3074,233.46,164.337,0,27
162,11.3463,44.3177,218.414,162.971,0,27
162,10.679,44.4832,295.035,14318.5,0,27
162,6.61991,45.2656,-88.0812,163.106,0,27
162,5.77449,45.3812,166.53,224.434,0,27
162,5.23085,45.4471,49.3422,647.203,0,27
162,4.29365,45.5452,-66.916,65.3436,0,27
162,4.24377,45.5498,178.661,1108.14,0,27
162,3.46923,45.6154,116.956,289.638,0,27
162,1.36813,45.7266,188.529,782.823,0,27
162,1.32779,45.7278,5.06056,2435.52,0,27
162,0.0819712,45.747,128.641,849.48,0,27
162,-2.02519,45.7023,297.361,371.296,0,27
162,-3.45869,45.6162,285.599,63.8401,0,27
162,-3.79507,45.5894,235.778,509.118,0,27
162,-7.77867,45.0809,266.636,1240.73,0,27
162,-9.16247,44.8202,-19.0134,397.923,0,27
162,-9.98898,44.6432,285.606,471.102,0,27
162,-13.4612,43.7218,-37.8706,151.947,0,27
162,-13.5481,43.6949,-36.812,22.3521,0,27
162,-14.0714,43.5292,300.417,2892.93,0,27
162,-14.5137,43.3838,-52.4374,340.948,0,27
162,-14.9705,43.2283,-99.4127,379.75,0,27
162,-17.133,42.4177,267.289,2478.43,0,27
162,-19.8064,41.2372,261.045,417.24,0,27
162,-22.532,39.8134,-96.3881,113.909,0,27
162,-22.8005,39.6602,48.6626,315.97,0,27
162,-22.8441,39.6351,290.943,685.922,0,27
162,-23.541,39.2253,291.02,319.872,0,27
162,-25.2162,38.1699,288.715,836.813,0,27
162,-29.0252,35.3601,300.504,782.919,0,27
162,-30.3788,34.2042,-82.2211,693.018,0,27
162,-31.2597,33.401,145.932,1053.79,0,27
162,-34.1933,30.391,-27.2238,235.793,0,27
162,-34.7407,29.7638,-99.0081,302.72,0,27
162,-35.6319,28.6909,303.899,359.517,0,27
162,-36.9681,26.9474,-105.057,434.104,0,27
162,-38.1481,25.2491,239.915,381.589,0,27
162,-38.4827,24.7361,210.067,81.6577,0,27
162,-38.9402,24.0096,-66.2918,2584.76,0,27
162,-39.169,23.6345,-17.9843,112.647,0,27
162,-39.5569,22.9794,-57.5051,812.596,0,27
162,-40.0019,22.1957,-34.6263,594.449,0,27
162,-40.3663,21.5257,273.353,735.85,0,27
162,-40.7355,20.8187,57.74,27.0138,0,27
162,-41.6096,19.0116,207.587,898.261,0,27
162,-43.1044,15.3236,-20.507,51.4666,0,27
162,-43.1043,15.3236,118.623,285.83,0,27
162,-43.3241,14.6907,-20.4895,270.508,0,27
162,-43.9131,12.8233,-92.3151,2313.28,0,27
162,-43.9007,12.8657,-31.1722,1450.32,0,27
162,-43.9974,12.531,269.653,741.929,0,27
162,-44.0028,12.5122,-98.114,1032.25,0,27
162,-44.8125,9.19994,301.298,634.025,0,27
162,-45.006,8.20094,-77.1616,471.173,0,27
162,-45.3652,5.89894,290.882,300.798,0,27
162,-45.4711,5.01772,140.844,133.761,0,27
162,-45.5561,4.17641,0.791155,995.564,0,27
162,-45.5504,4.23806,294.21,847.151,0,27
162,-45.602,3.64077,35.8414,959.457,0,27
162,-45.6121,3.51218,294.404,287.539,0,27
162,-45.6625,2.78144,36.0016,253.777,0,27
162,-45.6989,2.0986,-89.2692,470.894,0,27
162,-45.7241,1.45022,228.278,1240.37,0,27
162,-45.7264,1.37503,218.577,434.808,0,27
162,-44.6149,-10.1145,39.7472,118.474,1,27
162,-44.058,-12.3163,23.5726,335.271,1,27
162,-43.867,-12.9803,-79.5252,415.142,1,27
162,-43.8579,-13.0108,-98.2916,144.824,1,27
162,-43.4401,-14.3443,97.7947,694.044,1,27
162,-43.2042,-15.0397,89.7126,1694.59,1,27
162,-43.1043,-15.3236,98.716,22.1803,1,27
162,-42.8144,-16.1159,-128.81,1060.56,1,27
162,-41.6947,-18.8242,60.1912,350.523,1,27
162,-41.5838,-19.068,56.6061,435.809,1,27
162,-41.5379,-19.1676,-98.332,948.819,1,27
162,-41.4663,-19.3221,-36.6078,1178.3,1,27
162,-38.0892,-25.3379,47.836,25.0555,1,27
162,-37.8592,-25.6803,47.0742,531.2,1,27
162,-37.757,-25.8303,-305.359,672.43,1,27
162,-37.4989,-26.2037,-228.404,466.55,1,27
162,-36.9135,-27.0221,43.3976,223.781,1,27
162,-36.2675,-27.883,-228.933,1316.24,1,27
162,-33.4299,-31.2288,-94.03,243.823,1,27
162,-32.9423,-31.7428,-299.59,918.621,1,27
162,-32.6772,-32.0156,-298.986,89.2142,1,27
162,-30.0582,-34.4862,4.16061,352.079,1,27
162,-27.2098,-36.7753,-297.136,181.248,1,27
162,-25.6911,-37.8519,-290.65,633.59,1,27
162,-23.8825,-39.0182,-287.39,249.439,1,27
162,-23.2113,-39.4212,-21.4273,107.59,1,27
162,-22.9982,-39.5459,-22.3564,111.319,1,27
162,-22.9545,-39.5713,101.684,21.0693,1,27
162,-22.1404,-40.0325,-265.924,41.0277,1,27
162,-19.4424,-41.41,80.1838,173.33,1,27
162,-19.0791,-41.5787,79.5119,90.7839,1,27
162,-13.2503,-43.7862,-68.0195,328.868,1,27
162,-13.128,-43.823,-106.72,818.926,1,27
162,-11.5041,-44.277,85.7774,202.519,1,27
162,-11.1486,-44.3678,-266.685,230.934,1,27
162,-9.06452,-44.8401,-272.241,628.462,1,27
162,-7.5183,-45.1251,76.453,229.457,1,27
162,-7.10211,-45.1924,-32.3819,4073.52,1,27
162,-6.07393,-45.3421,-47.5887,911.864,1,27
162,-4.77048,-45.4977,-262.508,1239.88,1,27
162,-3.64523,-45.6016,-242.436,83.4838,1,27
162,-2.98612,-45.6495,104.12,192.453,1,27
162,-1.21621,-45.7309,-288.82,25.2635,1,27
162,-0.810423,-45.7399,-288.539,148.243,1,27
162,1.35714,-45.727,-95.0554,150.657,1,27
162,4.01233,-45.5708,66.4901,606.565,1,27
162,5.12716,-45.4589,-301.28,292.319,1,27
162,8.84841,-44.8832,-84.6551,367.145,1,27
162,9.6491,-44.7179,87.0375,160.143,1,27
162,9.59909,-44.7287,-289.98,128.516,1,27
162,11.2064,-44.3533,-203.22,185.156,1,27
162,14.0586,-43.5333,-51.3412,189.787,1,27
162,16.1931,-42.7853,-19.3766,294.19,1,27
162,18.11,-42.0098,-230.649,121.142,1,27
162,18.11,-42.0098,-295.007,61.3989,1,27
162,22.4672,-39.85,-67.2269,65.673,1,27
162,24.3821,-38.708,28.5153,218.271,1,27
162,24.8116,-38.4341,-189.914,243.602,1,27
162,25.9577,-37.6695,-276.221,235.295,1,27
162,27.206,-36.7781,-266.173,196.96,1,27
162,30.008,-34.5299,-279.916,132.662,1,27
162,31.0729,-33.5749,-279.226,784.87,1,27
162,31.7472,-32.938,10.545,271.256,1,27
162,32.7517,-31.9394,-39.7994,318.462,1,27
162,32.8029,-31.8868,-244.719,467.105,1,27
162,33.3888,-31.2727,-204.21,373.222,1,27
162,33.5804,-31.0669,-262.532,34.137,1,27
162,33.8026,-30.825,-263.242,132.201,1,27
162,34.238,-30.3407,-80.7559,431.622,1,27
162,38.2498,-25.0948,-264.093,190.592,1,27
162,38.9241,-24.0357,-40.2631,1266.65,1,27
162,40.2818,-21.6835,-236.8,353.289,1,27
162,40.9006,-20.4925,-294.578,980.915,1,27
162,40.9424,-20.4087,-26.4505,303.786,1,27
162,41.9117,-18.336,-84.111,117.467,1,27
162,42.5052,-16.9145,15.6571,456.353,1,27
162,42.6066,-16.6575,-187.25,247.359,1,27
162,43.2685,-14.8537,-182.508,593.999,1,27
162,43.8539,-13.0244,-94.204,94.5148,1,27
162,43.9063,-12.8467,-265.586,355.011,1,27
162,44.7778,-9.36716,38.4013,833.837,1,27
162,44.9926,-8.27422,52.808,763.837,1,27
162,45.3501,-6.01385,-291.54,349.824,1,27
162,45.4322,-5.35806,24.0463,817.294,1,27
162,45.4057,-5.57811,-3.30057,528.73,1,27
162,45.3946,-5.66846,-190.479,184.072,1,27
162,45.6449,-3.05629,-194.962,201.401,1,27
162,45.701,-2.05226,21.779,102.933,1,27
162,45.7444,0.49246,-265.63,845.991,1,27
162,45.7355,1.02916,-116.93,92.5393,1,27
162,45.483,4.90845,-162.079,201.208,1,27
162,45.3534,5.98891,-271.558,694.582,1,27
162,45.1538,7.34375,-150.764,897.154,1,27
162,45.0757,7.80888,-247.764,1040.11,1,27
162,44.8716,8.90737,15.4319,202,1,27
162,44.8726,8.90197,-296.541,565.136,1,27
162,44.5805,10.2654,-86.2709,865.448,1,27
162,44.4435,10.8432,-126.204,136.702,1,27
162,43.2634,14.8687,89.3051,245.103,1,27
162,42.8214,16.0972,39.3985,750.879,1,27
162,42.2044,17.6518,-267.543,355.434,1,27
162,40.1945,21.8449,-10.6007,1302.57,1,27
162,40.2489,21.7444,-247.854,786.457,1,27
162,39.3324,23.3616,-60.708,46.1232,1,27
162,38.6906,24.4098,-32.7627,670.601,1,27
162,38.6597,24.4586,72.6636,763.784,1,27
162,38.5863,24.5742,-106.367,1210.27,1,27
162,38.1088,25.3084,-242.174,676.036,1,27
162,35.2422,29.1683,-128.433,778.576,1,27
162,34.0842,30.5133,-250.889,54.3207,1,27
162,33.1343,31.5423,104.04,377.252,1,27
162,32.9781,31.7055,-269.22,269.544,1,27
162,32.5981,32.0962,-305.78,58.1803,1,27
162,32.0976,32.5966,68.612,57.3362,1,27
162,31.813,32.8745,-46.1572,2805.4,1,27
162,31.8229,32.8649,-257.489,2994.74,1,27
162,30.4155,34.1715,-266.809,396.182,1,27
162,30.2334,34.3327,19.428,44.1265,1,27
162,29.898,34.6252,-268.656,160.426,1,27
162,28.446,35.8277,-268.74,537.875,1,27
162,27.4061,36.6293,-134.455,347.844,1,27
162,26.6768,37.1638,-11.6791,792.885,1,27
162,26.3902,37.3678,62.2271,138.651,1,27
162,24.159,38.8477,-284.819,129.22,1,27
162,23.865,39.0289,50.4799,323.646,1,27
162,22.8274,39.6448,-228.637,1104.81,1,27
162,14.5208,43.3814,-61.137,991.607,1,27
162,14.0333,43.5415,-24.9505,146.942,1,27
162,8.20897,45.0046,105.167,359.95,1,27
162,8.10133,45.0241,-158.545,482.772,1,27
162,6.3769,45.3005,-131.234,5912.91,1,27
162,5.90373,45.3646,-221.325,376.153,1,27
162,5.91966,45.3625,-284.873,135.735,1,27
162,-0.905295,45.7381,-37.6635,435.782,1,27
162,-10.2122,44.5927,69.5769,863.215,1,27
162,-12.7344,43.939,89.6777,674.316,1,27
162,-13.058,43.8439,-153.556,328.722,1,27
162,-16.5985,42.6297,-60.0422,202.12,1,27
162,-17.5218,42.2585,56.5407,149.748,1,27
162,-17.5735,42.237,-266.488,230.156,1,27
162,-18.11,42.0098,57.3255,128.706,1,27
162,-18.5201,41.8306,28.0389,74.6609,1,27
162,-19.6241,41.3242,-71.1269,1664.17,1,27
162,-20.4601,40.9168,12.3835,171.219,1,27
162,-21.6949,40.2756,-110.422,91.1036,1,27
162,-21.9765,40.1227,-111.164,22.3111,1,27
162,-22.595,39.7777,-262.168,397.582,1,27
162,-23.2901,39.3747,-148.708,2639.83,1,27
162,-23.4088,39.3043,-287.879,517.008,1,27
162,-23.4701,39.2677,100.378,529.242,1,27
162,-27.0604,36.8854,-288.932,295.723,1,27
162,-27.9927,36.1829,-120.881,281.45,1,27
162,-28.2761,35.9619,-274.64,310.407,1,27
162,-29.0644,35.3279,100.648,1430.35,1,27
162,-30.8043,33.8215,46.3058,1130.85,1,27
162,-32.8992,31.7874,-44.2978,558.442,1,27
162,-33.6846,30.9539,-144.128,129.652,1,27
162,-33.7008,30.9363,-295.788,580.23,1,27
162,-35.4223,28.9493,-271.757,395.58,1,27
162,-37.5141,26.1819,10.6529,1403.51,1,27
162,-39.3575,23.3192,-22.2236,353.271,1,27
162,-40.7424,20.8051,-43.3904,243.344,1,27
162,-41.2341,19.8128,-274.193,108.801,1,27
162,-41.4128,19.4365,-164.532,3448.54,1,27
162,-41.7774,18.6399,-298.405,1857.11,1,27
162,-42.8847,15.9279,-91.6019,494.288,1,27
162,-42.9204,15.8315,-260.952,784.258,1,27
162,-43.3026,14.7541,-98.4089,570.811,1,27
162,-44.771,9.39967,-42.4322,348.72,1,27
162,-45.3255,6.19655,-152.62,1056.39,1,27
162,-45.2999,6.3808,-203.269,99.8239,1,27
162,-45.3664,5.88985,22.3764,608.228,1,27
162,-45.4427,5.26824,-137.96,320.707,1,27
162,-45.4838,4.90082,-142.739,198.615,1,27
162,-45.527,4.48214,-233.992,474.272,1,27
162,-45.5464,4.2805,71.7978,204.952,1,27
162,-45.5444,4.30188,-143.185,48.2941,1,27
162,-45.6807,2.46458,-47.2304,399,1,27
162,-46.6962,-2.58136,146.703,207.53,0,28
162,-46.624,-3.66036,97.7291,1065.97,0,28
162,-46.4274,-5.62991,280.073,329.046,0,28
162,-46.1762,-7.4132,130.005,463.985,0,28
162,-45.7591,-9.65924,252.519,1007.63,0,28
162,-45.652,-10.1535,26.4865,662.567,0,28
162,-45.2954,-11.6417,302.506,154.015,0,28
162,-43.3542,-17.539,-64.6259,150.848,0,28
162,-43.1731,-17.98,-44.5628,576.057,0,28
162,-43.1919,-17.9348,42.2677,154.737,0,28
162,-43.1086,-18.1342,289.057,425.157,0,28
162,-42.9666,-18.468,256.372,1851.7,0,28
162,-42.831,-18.7803,42.476,118.541,0,28
162,-42.5115,-19.4928,208.878,243.578,0,28
162,-42.5065,-19.5037,-19.3546,157.864,0,28
162,-42.5593,-19.3884,50.956,22.276,0,28
162,-42.3181,-19.9092,208.897,62.5865,0,28
162,-42.0955,-20.3756,129.015,660.17,0,28
162,-41.4919,-21.5782,168.197,263.105,0,28
162,-41.2218,-22.0898,16.8829,421.357,0,28
162,-41.2475,-22.0419,149.262,728.801,0,28
162,-40.9718,-22.5502,297.307,1897.92,0,28
162,-40.6798,-23.0728,-13.8244,1925.82,0,28
162,-40.733,-22.9788,-30.527,735.125,0,28
162,-40.7757,-22.9028,164.292,4505.64,0,28
162,-40.3314,-23.6765,-30.6922,327.019,0,28
162,-39.358,-25.2616,-75.8144,1229.41,0,28
162,-38.2914,-26.8509,55.0221,80.5099,0,28
162,-37.1484,-28.4112,203.627,1135.4,0,28
162,-37.0719,-28.511,265.989,276.081,0,28
162,-37.0155,-28.5842,289.375,149.548,0,28
162,-36.6917,-28.9985,-21.436,91.3988,0,28
162,-36.5509,-29.1759,289.402,216.121,0,28
162,-36.4533,-29.2977,-66.068,36.182,0,28
162,-36.3875,-29.3794,266.247,222.955,0,28
162,-36.1747,-29.6411,289.478,229.534,0,28
162,-35.2663,-30.7162,266.725,1266.28,0,28
162,-35.4302,-30.527,73.9726,1952.35,0,28
162,-34.3697,-31.7163,20.648,696.893,0,28
162,-34.1734,-31.9277,267.086,477.337,0,28
162,-32.7297,-33.4061,267.736,114.334,0,28
162,-32.1901,-33.9263,267.834,396.899,0,28
162,-31.279,-34.7681,268.132,389.346,0,28
162,-30.6491,-35.3247,-104.929,118.145,0,28
162,-30.4949,-35.4579,268.414,738.617,0,28
162,-29.9289,-35.9369,103.87,655.799,0,28
162,-29.7429,-36.091,268.468,33.0832,0,28
162,-29.426,-36.3498,268.843,174.476,0,28
162,-28.6019,-37.0017,55.3276,325.55,0,28
162,-28.5041,-37.0772,-47.3826,479.86,0,28
162,-28.0158,-37.4474,27.6754,157.06,0,28
162,-21.5438,-41.5098,-12.5599,1239.83,0,28
162,-21.6287,-41.4656,167.971,1073.12,0,28
162,-21.2225,-41.675,152.729,355.716,0,28
162,-15.7127,-44.0489,275.04,320.28,0,28
162,-15.0555,-44.2779,298.053,1498.73,0,28
162,-14.6818,-44.4032,72.1457,856.104,0,28
162,-14.5477,-44.4473,19.5829,897.924,0,28
162,-14.226,-44.5513,34.5484,426.165,0,28
162,-11.4324,-45.3487,276.801,424.436,0,28
162,-7.75804,-46.1195,-74.9931,640.063,0,28
162,-7.87903,-46.099,133.708,702.031,0,28
162,-7.48688,-46.1643,-57.9968,527.788,0,28
162,-7.14592,-46.2183,-75.396,23.2896,0,28
162,-6.92545,-46.2519,103.482,158.592,0,28
162,-5.82498,-46.4033,197.21,288.532,0,28
162,-4.67919,-46.5328,274.828,54.1698,0,28
162,-3.43396,-46.6413,-45.1057,387.375,0,28
162,-3.18669,-46.6588,279.89,547.273,0,28
162,8.91149,-45.9106,159.5,57.1575,0,28
162,9.43289,-45.8063,296.88,177.193,0,28
162,10.0473,-45.6755,86.1267,452.68,0,28
162,10.6292,-45.5436,276.523,614.386,0,28
162,13.4856,-44.781,138.334,441.974,0,28
162,14.2502,-44.5436,293.611,1097.29,0,28
162,15.5196,-44.1174,111.73,259.951,0,28
162,15.3988,-44.1597,279.613,279.09,0,28
162,15.8228,-44.0095,88.1967,668.655,0,28
162,15.8933,-43.9841,71.7882,292.574,0,28
162,15.908,-43.9788,188.176,426.251,0,28
162,18.3381,-43.0222,247.692,32.2447,0,28
162,20.8135,-41.8808,24.2506,550.503,0,28
162,20.9571,-41.8091,156.401,1099.16,0,28
162,24.2685,-39.978,278.326,760.946,0,28
162,24.841,-39.6248,116.029,1111.83,0,28
162,24.7877,-39.6582,271.516,1815.28,0,28
162,25.6652,-39.096,90.812,49.2635,0,28
162,27.3974,-37.9023,-32.0709,132.544,0,28
162,27.4754,-37.8458,303.23,2007.28,0,28
162,27.8041,-37.6049,285.013,365.357,0,28
162,32.2831,-33.8379,90.3788,362.333,0,28
162,32.5039,-33.6258,55.7178,727.85,0,28
162,33.3652,-32.7714,-75.9673,665.216,0,28
162,33.4469,-32.688,182.481,517.542,0,28
162,33.8349,-32.2861,284.156,743.402,0,28
162,35.674,-30.2418,241.925,197.291,0,28
162,36.3658,-29.4063,118.841,648.226,0,28
162,37.8499,-27.4697,58.1154,1301.15,0,28
162,38.084,-27.1442,7.34061,1443.89,0,28
162,38.7012,-26.2567,148.183,535.574,0,28
162,39.3659,-25.2492,162.628,614.645,0,28
162,39.9962,-24.2385,-84.7868,477.088,0,28
162,41.5567,-21.4533,-12.4501,65.0208,0,28
162,41.7308,-21.1126,-12.0713,61.8616,0,28
162,41.7308,-21.1126,227.623,958.874,0,28
162,43.3002,-17.6717,-83.5137,1244.77,0,28
162,44.2147,-15.2401,34.494,313.871,0,28
162,44.3382,-14.8768,-25.3713,706.716,0,28
162,44.377,-14.7609,-68.188,31.0277,0,28
162,44.6522,-13.9061,305.78,98.0416,0,28
162,44.9632,-12.8649,-78.5467,151.211,0,28
162,45.8367,-9.28429,141.078,419.159,0,28
162,46.3888,-5.93977,-37.1684,253.765,0,28
162,46.7617,-0.736779,193.844,91.1542,0,28
162,46.7672,-0.180647,26.7676,208.143,0,28
162,46.767,-0.216444,193.844,57.2048,0,28
162,46.7673,0.145237,40.0449,93.225,0,28
162,46.7657,0.410244,302.268,335.535,0,28
162,46.4815,5.16408,148.463,789.631,0,28
162,46.4239,5.6589,-76.0251,415.762,0,28
162,46.172,7.43926,230.847,287.235,0,28
162,44.8037,13.4101,-49.308,16761.6,0,28
162,44.8568,13.2312,-44.298,331,0,28
162,44.801,13.4189,34.844,70.2464,0,28
162,44.5716,14.1622,35.1525,338.508,0,28
162,44.5548,14.2152,-38.0369,1117,0,28
162,44.031,15.7631,209.174,1100.19,0,28
162,43.949,15.99,-85.9533,332.17,0,28
162,43.0969,18.1619,-55.044,33.2358,0,28
162,43.0969,18.1619,278.956,319.254,0,28
162,40.4688,23.4409,292.183,325.696,0,28
162,40.3576,23.6318,245.148,30.2757,0,28
162,39.4081,25.1833,284.09,383.658,0,28
162,39.3659,25.2492,213.288,954.465,0,28
162,39.1676,25.5558,-50.572,1370.84,0,28
162,38.5318,26.5046,95.403,878.889,0,28
162,38.3956,26.7016,-36.0192,246.371,0,28
162,38.2767,26.8718,291.255,643.22,0,28
162,36.8827,28.7552,95.7623,338.775,0,28
162,36.5275,29.2051,249.761,1682.9,0,28
162,35.2529,30.7316,148.792,540.316,0,28
162,35.3833,30.5813,291.796,793.384,0,28
162,35.252,30.7327,37.2341,157.054,0,28
162,33.9265,32.1899,251.813,339.964,0,28
162,32.8661,33.2719,43.3087,296.215,0,28
162,32.5928,33.5397,43.3262,177.423,0,28
162,32.5928,33.5397,286.058,54.4927,0,28
162,32.1787,33.9371,230.714,1706.58,0,28
162,31.7598,34.3294,178.809,280.482,0,28
162,27.4738,37.847,-17.732,34.2219,0,28
162,11.2727,45.3886,296.31,16295.6,0,28
162,11.0994,45.4313,233.058,550.953,0,28
162,10.8519,45.4911,-97.5506,91.5132,0,28
162,6.76757,46.2753,-88.5809,121.969,0,28
162,5.77845,46.4091,48.8165,277.182,0,28
162,5.61429,46.4293,166.056,596.907,0,28
162,4.67996,46.5328,177.964,337.437,0,28
162,3.9684,46.5988,-68.0216,908.803,0,28
162,2.99357,46.6716,115.492,972.767,0,28
162,2.06891,46.7217,187.907,749.863,0,28
162,0.199873,46.7671,126.823,755.029,0,28
162,-1.12362,46.754,122.188,75.2227,0,28
162,-1.81698,46.7322,296.375,445.393,0,28
162,-3.75709,46.6163,284.306,484.144,0,28
162,-3.83559,46.6099,234.32,649.241,0,28
162,-8.09224,46.0621,265.74,911.951,0,28
162,-9.45336,45.8021,-20.3168,425.246,0,28
162,-10.4371,45.588,284.355,199.653,0,28
162,-13.7039,44.7147,-39.1233,319.247,0,28
162,-14.1198,44.5851,299.765,454.103,0,28
162,-15.1345,44.251,-99.1488,625.674,0,28
162,-14.9423,44.3162,274.664,85.536,0,28
162,-15.3044,44.1925,274.043,143.751,0,28
162,-16.7232,43.6753,255.661,794.155,0,28
162,-17.3447,43.4323,266.914,3289.87,0,28
162,-20.5755,41.9982,260.582,310.442,0,28
162,-23.0881,40.6711,-96.7852,197.299,0,28
162,-23.6833,40.3274,305.739,529.148,0,28
162,-24.7893,39.6572,291.004,593.08,0,28
162,-25.4898,39.2106,290.995,311.94,0,28
162,-25.8595,38.9677,286.635,599.9,0,28
162,-26.694,38.4009,65.1013,91.0653,0,28
162,-31.0111,35.0073,-83.9518,507.302,0,28
162,-31.8056,34.2871,145.342,1148.44,0,28
162,-32.5455,33.5856,251.07,461.421,0,28
162,-34.8969,31.1353,-27.2378,265.306,0,28
162,-36.1813,29.633,304.288,380.997,0,28
162,-37.6977,27.6782,-104.999,133.366,0,28
162,-37.7287,27.6359,267.743,442.917,0,28
162,-39.2489,25.4308,238.155,706.303,0,28
162,-39.6572,24.7893,-66.0904,4042.95,0,28
162,-39.566,24.9345,209.621,195.432,0,28
162,-40.0912,24.081,-18.3561,201.631,0,28
162,-40.6573,23.1125,-57.3029,946.494,0,28
162,-40.9502,22.5894,-57.1771,363.846,0,28
162,-40.9368,22.6136,-36.1953,384.208,0,28
162,-41.0492,22.409,86.996,64.2497,0,28
162,-41.1316,22.2574,271.742,776.635,0,28
162,-41.5376,21.4902,58.0975,361.897,0,28
162,-42.3274,19.8894,207.726,955.901,0,28
162,-44.5039,14.3735,-20.3178,323.26,0,28
162,-44.6722,13.8416,-94.9322,406.273,0,28
162,-44.8797,13.1534,270.106,389.283,0,28
162,-45.0158,12.6797,-30.8219,264.304,0,28
162,-45.0766,12.4618,-99.5329,147.679,0,28
162,-45.524,10.7129,97.3396,59.8061,0,28
162,-45.812,9.40515,300.946,57.3451,0,28
162,-46.0249,8.30128,-77.7826,575.71,0,28
162,-46.0155,8.35301,6.24696,244.694,0,28
162,-46.3724,6.06656,290.147,528.254,0,28
162,-46.5049,4.94928,140.844,50.2774,0,28
162,-46.5937,4.02818,-0.569242,216.977,0,28
162,-46.6795,2.86783,294.568,112.72,0,28
162,-46.7144,2.2275,294.733,230.971,0,28
162,-46.7235,2.02818,36.3104,342.27,0,28
162,-46.7285,1.90859,-90.4812,891.937,0,28
162,-46.7529,1.16699,36.5491,542.465,0,28
162,-46.7531,1.16001,218.215,127.078,0,28
162,-46.5867,-4.10783,-64.7683,61.3606,1,28
162,-45.0178,-12.6727,-79.3044,592.166,1,28
162,-44.8282,-13.3278,-98.012,213.789,1,28
162,-44.3998,-14.6922,90.9447,5566.19,1,28
162,-44.3823,-14.745,-279.618,1120.32,1,28
162,-44.2562,-15.1191,99.1898,482.185,1,28
162,-44.1071,-15.5488,-294.218,396.553,1,28
162,-43.6427,-16.8081,-126.907,152.978,1,28
162,-42.7759,-18.9055,-96.4305,502.119,1,28
162,-42.6382,-19.2141,60.6379,264.282,1,28
162,-42.6175,-19.2601,57.5361,789.284,1,28
162,-42.0305,-20.5094,-36.116,73.2203,1,28
162,-39.4278,-25.1525,49.0976,780.215,1,28
162,-38.4312,-26.6504,-227.361,669.652,1,28
162,-37.5233,-27.9141,43.4771,396.815,1,28
162,-34.0386,-32.0714,-93.7203,473.407,1,28
162,-33.5686,-32.563,-298.263,2246.25,1,28
162,-32.7297,-33.4061,-96.5744,68.3362,1,28
162,-31.7598,-34.3294,-305.581,55.5171,1,28
162,-30.4748,-35.4752,-0.488186,323,1,28
162,-28.1458,-37.3499,60.2245,571.739,1,28
162,-27.4326,-37.8768,-296.833,549.648,1,28
162,-26.8812,-38.2701,-290.103,189.755,1,28
162,-24.4992,-39.837,-286.544,266.179,1,28
162,-24.184,-40.0292,-19.4146,729.556,1,28
162,-23.7286,-40.3008,101.604,126.107,1,28
162,-23.5346,-40.4144,52.924,51.1665,1,28
162,-23.5677,-40.3951,-302.979,122.026,1,28
162,-22.9683,-40.7389,-265.713,89.0188,1,28
162,-22.6343,-40.9254,-265.924,28.246,1,28
162,-20.2677,-42.1476,81.4644,1915.46,1,28
162,-18.1619,-43.0969,54.4297,82.1801,1,28
162,-16.0254,-43.9362,-286.476,64.7293,1,28
162,-13.4953,-44.7781,-107.656,556.894,1,28
162,-13.4487,-44.7921,-67.4925,745.067,1,28
162,-11.7202,-45.2751,86.6434,131.227,1,28
162,-11.3078,-45.3799,-264.819,137.096,1,28
162,-9.74908,-45.7401,-272.07,284.114,1,28
162,-7.07782,-46.2288,77.3518,400.851,1,28
162,-7.17865,-46.2133,-30.3413,2850.95,1,28
162,-6.27861,-46.3441,-46.4746,163.89,1,28
162,-5.21536,-46.4758,-261.123,1176.36,1,28
162,-4.05456,-46.5914,-241.778,175.945,1,28
162,-3.38003,-46.6452,-190.993,120.319,1,28
162,-2.92078,-46.6762,104.397,628.077,1,28
162,-2.22051,-46.7148,85.9305,313.227,1,28
162,-1.83308,-46.7316,-288.82,70.2619,1,28
162,-0.526815,-46.7645,-276.46,506.455,1,28
162,1.14113,-46.7536,-94.9079,671.088,1,28
162,2.63303,-46.6933,43.7669,245.689,1,28
162,4.41164,-46.559,-299.862,1031.09,1,28
162,9.28143,-45.8373,-84.2274,328.825,1,28
162,10.0177,-45.682,87.0922,458.5,1,28
162,10.4794,-45.5783,-289.008,591.925,1,28
162,14.2984,-44.5281,-50.0656,247.516,1,28
162,16.4227,-43.7892,-18.7247,420.397,1,28
162,16.7119,-43.6797,-136.15,314.914,1,28
162,23.2141,-40.5993,-67.068,44,1,28
162,24.6926,-39.7174,29.3067,170.707,1,28
162,25.7154,-39.063,-188.87,839.425,1,28
162,25.8856,-38.9504,-91.8072,5120.21,1,28
162,26.2706,-38.6918,-275.106,447.064,1,28
162,26.5367,-38.5098,-285.163,66.4981,1,28
162,27.4776,-37.8442,-265.256,362.581,1,28
162,30.532,-35.426,-280.094,381.289,1,28
162,31.8811,-34.2168,-278.235,541.965,1,28
162,32.5928,-33.5397,12.2825,306.399,1,28
162,32.8661,-33.2719,12.644,23.2203,1,28
162,34.0685,-32.0396,-204.02,34.0832,1,28
162,34.1332,-31.9707,-261.425,1080.12,1,28
162,39.476,-25.0768,-39.7295,241.048,1,28
162,39.7621,-24.6205,-208.042,966.972,1,28
162,40.9784,-22.5382,-234.751,2072.64,1,28
162,41.5295,-21.5058,-24.9451,386.877,1,28
162,41.5778,-21.4123,-293.652,2139.53,1,28
162,41.6699,-21.2324,48.9822,368.868,1,28
162,41.7308,-21.1126,-25.516,25.1265,1,28
162,42.906,-18.6085,-83.5188,104.604,1,28
162,43.5992,-16.9206,16.036,27.0832,1,28
162,43.6515,-16.7852,-186.782,132.95,1,28
162,44.887,-13.1284,-93.975,728.84,1,28
162,44.9868,-12.7822,-263.074,822.952,1,28
162,45.8332,-9.30135,39.5078,329.923,1,28
162,46.0073,-8.39816,54.0875,377.196,1,28
162,46.3804,-6.00482,-1.36939,618.056,1,28
162,46.3877,-5.94826,-190.345,302.328,1,28
162,46.4001,-5.85063,-290.494,328,1,28
162,46.5158,-4.84595,24.405,202.243,1,28
162,46.6494,-3.32101,-273.494,249.673,1,28
162,46.6901,-2.68908,-193.059,181.568,1,28
162,46.6981,-2.54618,21.9387,284.113,1,28
162,46.7358,1.72146,-116.104,719.228,1,28
162,46.732,1.82267,-265.199,523.144,1,28
162,46.4853,5.13029,-161.254,241.433,1,28
162,46.3598,6.16164,-270.546,411.381,1,28
162,46.1785,7.3993,-148.456,1065.08,1,28
162,45.9632,8.63639,-246.695,357.337,1,28
162,45.8587,9.17475,15.7274,224.194,1,28
162,45.8799,9.0682,-245.944,424.056,1,28
162,45.8679,9.12883,-295.939,345.856,1,28
162,45.6351,10.2291,-85.3246,195.828,1,28
162,45.2954,11.6417,-125.704,118.581,1,28
162,45.0512,12.5535,81.8474,323.03,1,28
162,44.1228,15.5041,91.0971,162.71,1,28
162,43.6805,16.7096,39.8784,505.71,1,28
162,42.9923,18.4083,-266.257,297.307,1,28
162,41.2435,22.0494,-245.871,1479.24,1,28
162,41.122,22.2752,-8.62398,548.084,1,28
162,40.0343,24.1755,-60.6173,121.621,1,28
162,39.6603,24.7842,-31.0747,346.648,1,28
162,39.5634,24.9387,-106.243,961.073,1,28
162,39.541,24.9741,74.4891,1015.43,1,28
162,39.0265,25.7707,-240.741,356.903,1,28
162,33.7828,32.3408,104.186,242.549,1,28
162,33.6166,32.5134,-268.239,117.083,1,28
162,33.5397,32.5928,-305.194,65.3989,1,28
162,33.2719,32.8661,-305.145,58.4544,1,28
162,32.6247,33.5086,-46.9437,1902.02,1,28
162,32.5658,33.5659,-256.127,2744.85,1,28
162,32.6126,33.5204,69.8219,323.21,1,28
162,31.4611,34.6035,-264.804,210.99,1,28
162,31.2711,34.7752,19.2558,158.382,1,28
162,31.3362,34.7166,-265.924,24.6967,1,28
162,30.9078,35.0985,19.004,50.1354,1,28
162,29.1959,36.5349,-267.282,501.155,1,28
162,27.7046,37.6783,-133.393,275.974,1,28
162,27.2061,38.0398,-11.2691,1551.77,1,28
162,27.0591,38.1445,63.0152,770.865,1,28
162,25.0701,39.4802,-228.461,187.844,1,28
162,24.5373,39.8136,51.0404,154.79,1,28
162,24.5509,39.8052,-284.074,302.846,1,28
162,23.6318,40.3576,-227.116,45.359,1,28
162,13.8934,44.6561,-24.5857,340.516,1,28
162,8.78544,45.9349,-157.159,586.816,1,28
162,6.20768,46.3537,-131.666,5064.06,1,28
162,6.41212,46.3258,-284.194,398.595,1,28
162,-1.17169,46.7528,-37.1323,415.041,1,28
162,-13.2907,44.8392,90.8778,263.661,1,28
162,-14.1486,44.5759,-158.782,552.412,1,28
162,-17.0669,43.5422,-59.0381,406.349,1,28
162,-17.6155,43.3231,57.5542,552.508,1,28
162,-18.5139,42.9469,57.588,47.2791,1,28
162,-19.0395,42.7164,28.9439,83.5393,1,28
162,-19.7366,42.3989,88.1202,973.292,1,28
162,-19.6314,42.4477,29.2047,928.568,1,28
162,-19.9903,42.2799,-70.3781,976.361,1,28
162,-20.6534,41.9599,12.7233,117.53,1,28
162,-21.9465,41.2983,-109.071,373.669,1,28
162,-22.7441,40.8645,-148.556,987.386,1,28
162,-23.4777,40.4474,-260.598,561.417,1,28
162,-23.6607,40.3407,100.72,177.745,1,28
162,-24.4334,39.8774,-287.001,399.327,1,28
162,-24.8519,39.6179,-286.288,118.734,1,28
162,-26.5758,38.4828,-289.365,542.406,1,28
162,-27.0754,38.1329,-289.133,626.744,1,28
162,-28.5725,37.0245,-273.079,778.453,1,28
162,-28.7695,36.8716,-119.1,296.192,1,28
162,-29.7294,36.1021,100.747,622.523,1,28
162,-32.2764,33.8442,48.0013,843.813,1,28
162,-33.9955,32.117,-44.7744,1139.72,1,28
162,-34.4696,31.6077,-143.753,273.031,1,28
162,-36.8101,28.8482,105.133,306.666,1,28
162,-38.591,26.4185,11.7016,112.488,1,28
162,-38.8807,25.9902,12.3427,799.814,1,28
162,-40.0948,24.075,-21.3072,376.745,1,28
162,-41.8674,20.8404,-41.9542,1338.25,1,28
162,-42.2065,20.1447,-165.292,2594.92,1,28
162,-42.4745,19.5734,-297.751,2580.41,1,28
162,-42.8849,18.657,78.6407,173.428,1,28
162,-43.7823,16.4411,-91.4332,413.526,1,28
162,-43.9745,15.9199,93.6872,938.543,1,28
162,-44.0017,15.8445,-258.799,554.634,1,28
162,-44.3239,14.9196,-98.8837,484.315,1,28
162,-44.8108,13.3862,-265.075,227.243,1,28
162,-44.9704,12.84,-264.816,431.131,1,28
162,-45.8276,9.32922,-40.8828,636.291,1,28
162,-46.3026,6.57821,-203.004,148.844,1,28
162,-46.3495,6.2387,23.7507,276.907,1,28
162,-46.4537,5.40882,-142.254,129.22,1,28
162,-46.4967,5.02545,-137,189.459,1,28
162,-46.542,4.58676,-152.716,68.0855,1,28
162,-46.5646,4.35201,-232.444,1406.11,1,28
162,-46.6261,3.63384,70.7409,829.588,1,28
162,-46.6912,2.67018,-45.6554,356.128,1,28
162,-47.7817,-0.768893,37.0867,325.704,0,29
162,-47.7637,-1.51917,37.4356,513.882,0,29
162,-47.7254,-2.44247,146.155,90.6486,0,29
162,-47.6351,-3.81894,96.3039,1071.68,0,29
162,-47.4281,-5.853,277.708,433.283,0,29
162,-47.0102,-8.5865,130.324,1165.7,0,29
162,-46.7339,-9.98134,250.977,950.15,0,29
162,-46.6526,-10.3544,24.9592,756.744,0,29
162,-46.4292,-11.3143,301.833,1148.15,0,29
162,-45.8694,-13.4044,-90.6637,251.633,0,29
162,-45.0226,-16.0203,41.4525,229.796,0,29
162,-44.5761,-17.2238,41.8739,1059.89,0,29
162,-44.3732,-17.7398,-65.22,76.3157,0,29
162,-44.0602,-18.5036,255.519,1750.17,0,29
162,-44.1147,-18.3733,288.382,309.944,0,29
162,-43.6246,-19.5084,50.7677,198.506,0,29
162,-43.5014,-19.7816,-19.5807,197.439,0,29
162,-43.2175,-20.3945,208.82,76.4683,0,29
162,-42.9672,-20.9166,127.44,467.409,0,29
162,-42.8529,-21.1497,208.867,443.965,0,29
162,-42.729,-21.3989,16.6017,210.399,0,29
162,-42.5527,-21.7475,208.684,23.0139,0,29
162,-42.3661,-22.1087,146.998,924.91,0,29
162,-42.3506,-22.1384,167.697,558.643,0,29
162,-41.9185,-22.9461,-14.1691,357.184,0,29
162,-41.7664,-23.2218,297.795,4319.86,0,29
162,-41.8267,-23.1129,-30.2227,239.578,0,29
162,-41.6111,-23.499,163.228,3068.01,0,29
162,-39.9374,-26.2428,-76.684,625.085,0,29
162,-39.064,-27.5262,54.0639,460.066,0,29
162,-38.7169,-28.0123,289.33,111.81,0,29
162,-38.1895,-28.727,289.467,363.104,0,29
162,-37.7335,-29.3235,203.732,73.8699,0,29
162,-37.4621,-29.6694,-67.4369,301.338,0,29
162,-37.3708,-29.7844,-21.548,24.2081,0,29
162,-37.1259,-30.0891,233.928,116.679,0,29
162,-36.8499,-30.4264,233.499,96.9905,0,29
162,-35.8956,-31.5466,72.0088,1626.53,0,29
162,-34.2071,-33.37,191.3,53.3205,0,29
162,-31.2363,-36.166,-105.5,138,0,29
162,-30.0332,-37.1711,167.226,604.271,0,29
162,-30.0534,-37.1548,102.532,939.153,0,29
162,-29.5847,-37.5291,167.407,76.6258,0,29
162,-29.1689,-37.8531,26.1823,58.448,0,29
162,-28.7304,-38.187,-48.4317,467.342,0,29
162,-28.7813,-38.1487,26.7712,151.068,0,29
162,-28.7766,-38.1522,53.9912,490.441,0,29
162,-21.9309,-42.4584,165.788,1760.51,0,29
162,-21.5603,-42.6478,151.394,421.927,0,29
162,-21.4256,-42.7157,251.22,1658.12,0,29
162,-21.2982,-42.7793,-14.5206,63.7023,0,29
162,-20.9385,-42.9565,-15.3863,205.873,0,29
162,-16.1912,-44.9614,298.394,76.496,0,29
162,-15.8229,-45.0924,273.779,46.3834,0,29
162,-14.9267,-45.3969,18.2493,937.664,0,29
162,-14.8149,-45.4335,71.2269,464.887,0,29
162,-14.2207,-45.623,33.5763,505.933,0,29
162,-11.8001,-46.3081,275.217,816.194,0,29
162,-11.376,-46.4141,-32.6904,89.5148,0,29
162,-8.62286,-47.0035,-74.2265,476.897,0,29
162,-7.88273,-47.1333,-58.3524,2455.91,0,29
162,-7.78985,-47.1487,132.746,352.301,0,29
162,-7.16303,-47.248,102.345,569.204,0,29
162,-6.07549,-47.4001,197.006,426.465,0,29
162,-4.96534,-47.5292,273.627,405.518,0,29
162,-3.63293,-47.6496,-45.543,267.29,0,29
162,-3.22299,-47.6791,278.894,601.246,0,29
162,0.0977543,-47.7878,-74.1248,152.032,0,29
162,8.91839,-46.9483,159.266,227.331,0,29
162,9.36626,-46.861,296.022,537.498,0,29
162,10.0656,-46.7158,84.3999,578.003,0,29
162,10.6368,-46.5891,274.685,287.393,0,29
162,13.6182,-45.8064,137.825,388.492,0,29
162,14.8659,-45.4168,111.54,550.846,0,29
162,14.6055,-45.5012,292.083,1623.69,0,29
162,15.6114,-45.166,87.9185,305.69,0,29
162,15.6374,-45.157,278.542,414.843,0,29
162,16.3519,-44.9032,156.448,755.895,0,29
162,16.3005,-44.9219,187.715,133.899,0,29
162,16.7841,-44.7435,71.054,291.858,0,29
162,21.2237,-42.8163,-19.4793,249.828,0,29
162,21.2237,-42.8163,156.108,40.1143,0,29
162,21.2237,-42.8163,228.057,71.3051,0,29
162,24.7368,-40.8873,276.971,1067.09,0,29
162,25.3038,-40.5389,269.447,2929.53,0,29
162,25.862,-40.1851,113.925,1741.8,0,29
162,26.385,-39.8437,90.5885,146.329,0,29
162,27.8184,-38.8564,302.533,1683.66,0,29
162,28.1893,-38.5882,-32.7776,220.755,0,29
162,28.5457,-38.3253,283.967,105.756,0,29
162,33.1449,-34.4253,88.5107,335.782,0,29
162,33.1635,-34.4074,55.4043,82.7132,0,29
162,33.9979,-33.5832,-77.092,22.0849,0,29
162,34.4074,-33.1634,283.03,66.0138,0,29
162,38.5576,-28.2312,56.9084,271.029,0,29
162,41.5314,-23.6396,-104.3,241.762,0,29
162,46.6446,-10.3906,140.742,306.415,0,29
162,47.3564,-6.40755,-37.4307,477.194,0,29
162,47.7394,-2.15236,193.623,105.893,0,29
162,47.7744,-1.13708,193.674,469.869,0,29
162,47.7878,0.0686225,26.1164,161.14,0,29
162,47.4061,6.02898,148.917,519.566,0,29
162,47.4025,6.05655,-77.4796,628.873,0,29
162,47.3128,6.72178,148.9,22.111,0,29
162,47.1812,7.59076,124.165,196.469,0,29
162,46.4588,11.1921,-53.1262,11693,0,29
162,46.5172,10.9467,-45.2465,708,0,29
162,46.2603,11.986,-92.4042,297.786,0,29
162,46.0619,12.7273,-50.9264,169.662,0,29
162,45.8974,13.3084,34.6059,244.162,0,29
162,45.4065,14.8974,209.266,60.6283,0,29
162,45.2831,15.2683,209.239,73.867,0,29
162,45.2338,15.4139,297.509,456.003,0,29
162,45.1567,15.6383,209.108,25.071,0,29
162,45.1567,15.6383,305.78,40.2014,0,29
162,44.1196,18.3615,-54.8477,964.363,0,29
162,43.9453,18.7749,276.589,212.074,0,29
162,41.4647,23.7564,290.223,211.91,0,29
162,41.2917,24.0557,244.406,131.582,0,29
162,40.3486,25.6061,212.849,1956.98,0,29
162,40.0328,26.097,-51.2607,884.713,0,29
162,39.9588,26.2103,281.814,1507.38,0,29
162,39.572,26.7907,95.1215,140.498,0,29
162,38.999,27.6181,290.066,303.715,0,29
162,37.2439,29.9428,95.478,865.391,0,29
162,37.3861,29.7652,174.409,279.821,0,29
162,37.1966,30.0016,248.551,1090.02,0,29
162,37.0461,30.1873,174.54,174.302,0,29
162,36.4706,30.8801,298.49,1572,0,29
162,35.6768,31.7938,37.0005,386.002,0,29
162,35.562,31.9222,147.94,570.545,0,29
162,33.287,34.2879,284.796,743.719,0,29
162,33.069,34.4982,228.621,73.1879,0,29
162,32.0486,35.4482,176.829,770.512,0,29
162,31.2644,36.1417,132.513,171.855,0,29
162,30.544,36.7525,218.479,270.906,0,29
162,30.0233,37.1791,-99.5532,439.372,0,29
162,29.8701,37.3023,-51.6372,2745.66,0,29
162,28.6071,38.2794,-17.9061,497.999,0,29
162,27.6436,38.9809,48.6633,228.347,0,29
162,27.4202,39.1384,200.649,2768.61,0,29
162,24.1187,41.255,200.625,891.918,0,29
162,22.2298,42.3027,54.692,911.15,0,29
162,20.9805,42.936,29.2528,273.803,0,29
162,19.0464,43.8283,194.173,1325.17,0,29
162,19.1834,43.7685,198.362,180.34,0,29
162,14.6426,45.4893,-47.132,73.7391,0,29
162,11.9274,46.2755,296.302,7063.3,0,29
162,11.2482,46.4452,-97.632,466.793,0,29
162,7.20305,47.2419,-89.4771,159.329,0,29
162,6.12208,47.3941,48.429,269.625,0,29
162,5.38227,47.4838,165.522,120.781,0,29
162,5.27424,47.496,177.058,1493.78,0,29
162,3.06212,47.6897,-69.3924,614.434,0,29
162,2.6872,47.7123,187.563,395.56,0,29
162,2.75357,47.7085,114.322,194.474,0,29
162,0.339918,47.7867,124.508,583.177,0,29
162,-0.0858838,47.7878,121.799,1522.46,0,29
162,-0.604181,47.7841,95.2915,250.773,0,29
162,-1.39535,47.7675,294.756,1825.59,0,29
162,-3.78064,47.6381,232.098,202.493,0,29
162,-4.18507,47.6043,283.19,1891.52,0,29
162,-8.52743,47.0209,263.877,200.516,0,29
162,-9.76914,46.7787,-21.987,508.074,0,29
162,-10.7914,46.5535,283.739,125.47,0,29
162,-13.8848,45.7263,298.914,577.165,0,29
162,-13.8998,45.7218,-41.908,477.122,0,29
162,-15.2811,45.2788,-98.921,834.87,0,29
162,-15.2683,45.2831,-53.1262,75.4993,0,29
162,-15.6383,45.1567,-52.924,22.0571,0,29
162,-15.9278,45.0554,272.543,912.125,0,29
162,-16.7253,44.7655,254.433,1362.98,0,29
162,-17.4615,44.4835,266.461,3525.22,0,29
162,-21.5384,42.6589,259.937,371.59,0,29
162,-23.5187,41.5999,47.7215,630.844,0,29
162,-23.7937,41.4432,-97.0024,822.616,0,29
162,-23.7634,41.4606,305.536,479.934,0,29
162,-26.5029,39.7653,284.72,618.007,0,29
162,-26.7091,39.6271,291.017,301.708,0,29
162,-27.1917,39.2975,64.948,55.1681,0,29
162,-27.5524,39.0455,291.026,123.48,0,29
162,-30.5426,36.7537,299.209,133.11,0,29
162,-31.5655,35.879,-85.6376,203.796,0,29
162,-32.3859,35.1402,144.686,1245.86,0,29
162,-33.2021,34.3701,250.544,367.375,0,29
162,-35.5142,31.9753,-27.2268,610.393,0,29
162,-35.744,31.7183,-101.16,634.02,0,29
162,-38.2132,28.6956,265.86,575.259,0,29
162,-40.3652,25.5799,-65.9389,2666.66,0,29
162,-40.3707,25.5713,236.659,386.296,0,29
162,-40.7071,25.0322,209.024,336.327,0,29
162,-41.0392,24.484,-18.7513,64.3606,0,29
162,-41.9255,22.9333,-38.4896,1068.77,0,29
162,-41.8711,23.0324,270.399,155.192,0,29
162,-42.1574,22.5042,-56.9283,909.447,0,29
162,-42.0817,22.6454,86.5812,360.088,0,29
162,-42.2056,22.4136,58.3002,354.164,0,29
162,-43.0978,20.6461,207.832,2066.9,0,29
162,-44.6905,16.9247,115.228,72.5204,0,29
162,-44.6905,16.9247,178.156,31.2064,0,29
162,-45.5016,14.6044,-96.8722,566.446,0,29
162,-45.6251,14.214,-20.1425,431.288,0,29
162,-45.7308,13.87,270.483,1142.89,0,29
162,-46.2346,12.0849,-30.028,23.0555,0,29
162,-47.0729,8.23587,-78.8834,495.648,0,29
162,-47.131,7.89641,6.5952,267.864,0,29
162,-47.3752,6.26723,289.064,1232.71,0,29
162,-47.5247,5.00854,140.743,416.661,0,29
162,-47.6272,3.91605,-1.80633,1093.22,0,29
162,-47.7507,1.88618,-92.2191,734.166,0,29
162,-47.7641,1.50853,294.962,1085.1,0,29
162,-47.7772,1.01279,217.77,142.384,0,29
162,-47.7856,0.464248,36.7637,495.741,0,29
162,-46.2346,-12.085,-78.903,192.821,1,29
162,-45.7814,-13.7022,-97.7826,400.42,1,29
162,-45.5493,-14.4549,91.9967,4785.02,1,29
162,-45.4092,-14.8891,99.5344,744.862,1,29
162,-45.4795,-14.673,-278.664,990.98,1,29
162,-45.2494,-15.3681,-293.682,161.428,1,29
162,-44.4397,-17.5725,-124.705,419.476,1,29
162,-43.9664,-18.7254,-94.8874,582.289,1,29
162,-43.5776,-19.6131,61.1718,505.298,1,29
162,-43.5962,-19.5718,58.6337,204.427,1,29
162,-42.8776,-21.0997,-35.8109,431.404,1,29
162,-39.6895,-26.6163,-303.238,522.544,1,29
162,-39.3632,-27.0966,-226.419,203.104,1,29
162,-34.5547,-33.01,-93.2631,363.946,1,29
162,-34.2947,-33.2799,-297.121,663.989,1,29
162,-33.1952,-34.3768,-96.2826,253.956,1,29
162,-32.3925,-35.1341,-304.829,303.031,1,29
162,-30.7685,-36.5648,6.72064,298.16,1,29
162,-28.8431,-38.1019,61.458,466.435,1,29
162,-27.9601,-38.7545,-289.569,1919.86,1,29
162,-27.7588,-38.899,-296.524,1653.34,1,29
162,-25.2882,-40.5486,-17.2704,386.34,1,29
162,-25.0806,-40.6774,-285.814,304.185,1,29
162,-24.6381,-40.9469,101.664,410.029,1,29
162,-23.6395,-41.5314,53.0828,85.4439,1,29
162,-23.6395,-41.5314,-265.5,37.1248,1,29
162,-23.6395,-41.5314,-302.967,401.016,1,29
162,-23.1281,-41.8183,-265.635,104.298,1,29
162,-21.1713,-42.8423,82.6838,297.705,1,29
162,-18.5582,-44.0372,54.9905,145.262,1,29
162,-16.9247,-44.6905,-285.485,1067.52,1,29
162,-14.1281,-45.6517,-108.916,519.159,1,29
162,-13.5718,-45.8202,-67.0985,319.689,1,29
162,-11.7596,-46.3184,87.6902,166.449,1,29
162,-11.5167,-46.3794,-262.108,22.1797,1,29
162,-11.5167,-46.3794,-263.166,70.7226,1,29
162,-10.3765,-46.6478,-271.883,218.434,1,29
162,-7.26923,-47.2318,-28.1104,4151.44,1,29
162,-6.45705,-47.3497,-45.441,765.364,1,29
162,-6.03136,-47.4058,-259.423,1249.92,1,29
162,-4.09587,-47.612,-190.876,46.1803,1,29
162,-2.72276,-47.7103,-289.074,593.069,1,29
162,-2.76048,-47.7081,104.728,116.458,1,29
162,-2.44848,-47.7251,86.2549,418.469,1,29
162,-0.985792,-47.7777,-275.014,386.351,1,29
162,1.0183,-47.7771,-94.6842,394.013,1,29
162,3.7168,-47.6431,43.1692,1275.28,1,29
162,3.88451,-47.6298,69.4963,250.848,1,29
162,5.00003,-47.5256,-300.224,678.572,1,29
162,9.82543,-46.7669,-83.6751,1936.12,1,29
162,10.3309,-46.6579,87.1096,284.56,1,29
162,11.1445,-46.4702,-288.028,1209.1,1,29
162,11.1369,-46.4721,-203.172,31.2896,1,29
162,14.5254,-45.5269,-48.9872,77.8239,1,29
162,16.6583,-44.7905,-17.8917,384.197,1,29
162,17.1802,-44.5929,-135.312,801.514,1,29
162,18.1214,-44.2188,-294.195,207.356,1,29
162,23.9163,-41.3726,-67.2197,184.184,1,29
162,26.1436,-40.0024,-91.5677,7174.6,1,29
162,26.2147,-39.9559,-99.5372,1769,1,29
162,26.5958,-39.7032,-273.916,1541.92,1,29
162,26.9157,-39.4871,-187.377,606.854,1,29
162,27.3941,-39.1567,-263.56,357.669,1,29
162,27.1706,-39.3121,-284.398,203.65,1,29
162,29.896,-37.2815,-304.777,1072.54,1,29
162,31.1507,-36.2397,-280.358,650.999,1,29
162,32.674,-34.8726,-276.009,826.306,1,29
162,33.1394,-34.4305,-241.83,346.035,1,29
162,33.3039,-34.2715,-38.4178,105.048,1,29
162,33.5832,-33.9978,13.8557,368.297,1,29
162,33.5832,-33.9978,-38.236,35.4539,1,29
162,33.5832,-33.9978,-241.965,43.3573,1,29
162,34.5562,-33.0083,-259.752,608.751,1,29
162,34.9226,-32.6205,-79.3643,509.84,1,29
162,34.8251,-32.7245,-204.088,281.931,1,29
162,39.9519,-26.2208,-39.6459,170.734,1,29
162,40.2646,-25.738,-261.571,340.603,1,29
162,40.695,-25.052,-208.01,1383.95,1,29
162,42.2784,-22.2761,-23.499,850.787,1,29
162,42.4582,-21.9313,49.1203,1573.21,1,29
162,43.9169,-18.8412,-83.18,89.4699,1,29
162,44.6169,-17.1177,-182.006,263.654,1,29
162,44.6319,-17.0785,16.3437,139.543,1,29
162,44.6947,-16.9136,-186.44,106.022,1,29
162,44.8668,-16.4515,-182.169,157.443,1,29
162,45.8935,-13.3216,-93.6274,225.123,1,29
162,46.0828,-12.6514,-262.108,40.6206,1,29
162,46.8716,-9.31344,40.2801,232.393,1,29
162,47.339,-6.53442,0.789529,474.726,1,29
162,47.364,-6.35083,-190.27,272.936,1,29
162,47.4678,-5.52231,-289.934,172.122,1,29
162,47.5684,-4.57529,24.6448,546.063,1,29
162,47.657,-3.53428,-273.848,347.6,1,29
162,47.7166,-2.60971,-191.533,176.264,1,29
162,47.7374,2.19572,-115.101,483.183,1,29
162,47.7187,2.57087,-264.931,747.493,1,29
162,47.4717,5.48799,-160.288,248.544,1,29
162,47.3631,6.35738,-269.566,386.267,1,29
162,47.2562,7.10862,-230.732,24.1093,1,29
162,47.1942,7.5095,-146.274,1124.96,1,29
162,46.8274,9.53301,16.1095,448.682,1,29
162,46.7483,9.91353,-244.852,525.278,1,29
162,46.6589,10.3264,-84.7567,275.923,1,29
162,46.026,12.8564,83.4455,998.309,1,29
162,45.0327,15.9918,92.1674,299.5,1,29
162,43.8688,18.9529,-265.071,837.345,1,29
162,42.2106,22.4041,-244.533,674.047,1,29
162,42.0443,22.7148,-6.85246,844.024,1,29
162,40.6644,25.1017,-29.4631,1105.93,1,29
162,40.4196,25.4939,76.4457,831.154,1,29
162,40.0144,26.1253,-238.368,209.377,1,29
162,36.6002,30.7264,-125.423,248.266,1,29
162,34.4024,33.1686,104.309,351.331,1,29
162,34.4692,33.0993,-304.932,46.2081,1,29
162,34.2967,33.2779,-266.843,480.336,1,29
162,33.5014,34.0784,-47.7378,917.075,1,29
162,33.3285,34.2476,-254.897,1158.67,1,29
162,33.2834,34.2914,71.2449,958.438,1,29
162,32.3054,35.2143,-264.031,118.659,1,29
162,32.0349,35.4605,18.872,338.78,1,29
162,30.9597,36.403,-269.328,208.718,1,29
162,29.9537,37.2352,-266.047,268.46,1,29
162,27.8938,38.8023,-132.494,472.606,1,29
162,27.6939,38.9452,63.524,54.3501,1,29
162,27.6446,38.9802,-10.5834,544.193,1,29
162,25.3083,40.5361,52.2319,506.482,1,29
162,25.4199,40.4662,-228.092,163.775,1,29
162,24.9432,40.7618,-282.793,354.404,1,29
162,13.9438,45.7084,-24.0482,214.451,1,29
162,9.30962,46.8723,-155.959,292.645,1,29
162,7.0209,47.2693,-283.121,513.548,1,29
162,5.94673,47.4165,-137.275,311,1,29
162,5.94673,47.4165,-140.632,42,1,29
162,-1.24931,47.7716,-36.7152,194.455,1,29
162,-11.5519,46.3707,68.893,600.949,1,29
162,-11.8947,46.2839,-282.783,493.653,1,29
162,-13.1429,45.945,-152.918,181.396,1,29
162,-13.7785,45.7584,91.6515,65.816,1,29
162,-14.2822,45.6038,-157.482,504.906,1,29
162,-17.5426,44.4515,-57.9068,373.354,1,29
162,-17.82,44.3411,58.901,1162.96,1,29
162,-18.4358,44.0886,-266.428,435.172,1,29
162,-18.7178,43.9696,57.9051,538.652,1,29
162,-20.3256,43.2499,88.2007,889.425,1,29
162,-20.274,43.2741,-69.5218,117.631,1,29
162,-20.9801,42.9362,12.9156,200.216,1,29
162,-21.6315,42.6117,-148.309,1255.2,1,29
162,-22.229,42.3031,-107.46,762.829,1,29
162,-24.4179,41.0786,-258.912,630.286,1,29
162,-25.6878,40.2966,-285.637,230.137,1,29
162,-26.7929,39.5705,-289.668,34.2774,1,29
162,-28.9717,38.0042,-271.752,763.823,1,29
162,-29.5975,37.5189,-117.649,216.404,1,29
162,-30.4164,36.8582,100.842,179.162,1,29
162,-34.9343,32.608,-45.1305,418.626,1,29
162,-35.2109,32.309,-143.162,82.5842,1,29
162,-40.8951,24.7239,-20.344,498.944,1,29
162,-42.7714,21.314,-273,381.289,1,29
162,-42.9529,20.9459,-166.02,3824.16,1,29
162,-42.9909,20.8678,-40.0293,813.659,1,29
162,-43.2395,20.3476,-297.243,2839.08,1,29
162,-43.2415,20.3435,-302.399,300,1,29
162,-44.6852,16.9386,-91.1702,332.178,1,29
162,-44.7613,16.7364,93.8707,438.928,1,29
162,-45.1121,15.7665,-257.015,368.034,1,29
162,-46.0828,12.6514,-264.652,25.0555,1,29
162,-47.3059,6.76984,25.9427,592.29,1,29
162,-47.3128,6.72175,-202.946,150.374,1,29
162,-47.3946,6.1182,-141.861,181.734,1,29
162,-47.5366,4.89428,-136.502,124.81,1,29
162,-47.6039,4.18949,-230.532,97.4438,1,29
162,-47.6893,3.06823,70.0533,895.361,1,29
162,-48.7395,-2.58423,37.5799,166.367,0,30
162,-48.687,-3.43499,37.9489,244.457,0,30
162,-48.6415,-4.02836,94.6206,682.639,0,30
162,-48.6057,-4.43906,38.1122,422.042,0,30
162,-48.5297,-5.20454,38.485,254.489,0,30
162,-48.4286,-6.0737,275.221,233.891,0,30
162,-47.7835,-9.94784,130.554,588.091,0,30
162,-47.7042,-10.3215,249.232,469.473,0,30
162,-47.6532,-10.5544,23.1669,801.955,0,30
162,-47.5403,-11.0518,301.284,462.626,0,30
162,-47.0665,-12.9215,40.356,22.1248,0,30
162,-46.8421,-13.7127,40.6652,196.083,0,30
162,-46.8183,-13.7938,-90.8227,224.297,0,30
162,-46.5861,-14.5586,40.9836,219.628,0,30
162,-46.271,-15.5311,41.195,797.443,0,30
162,-45.3555,-18.0305,-65.8158,108.636,0,30
162,-45.1942,-18.4312,254.594,2083.27,0,30
162,-45.0904,-18.6837,287.972,66.1805,0,30
162,-44.6732,-19.6603,-47.0742,252.028,0,30
162,-44.6833,-19.6373,50.7838,182.309,0,30
162,-44.4774,-20.0992,-19.7294,117.004,0,30
162,-44.2226,-20.6539,16.0639,719.333,0,30
162,-43.8207,-21.4934,16.188,82.5426,0,30
162,-43.7522,-21.6324,125.473,1281.76,0,30
162,-43.2974,-22.5289,-29.6379,632.326,0,30
162,-43.3863,-22.3574,145.825,191.763,0,30
162,-43.0131,-23.0672,208.812,603.343,0,30
162,-43.1483,-22.8133,-14.4162,385.223,0,30
162,-43.1682,-22.7756,167.067,410.716,0,30
162,-42.5591,-23.8944,298.235,3994.44,0,30
162,-40.6389,-27.0314,289.544,626.76,0,30
162,-40.5068,-27.229,-78.0977,139.898,0,30
162,-39.8845,-28.1327,289.565,631.373,0,30
162,-39.797,-28.2563,52.8465,199.915,0,30
162,-38.5191,-29.975,-68.1476,852.734,0,30
162,-38.0279,-30.5958,-21.8413,196.949,0,30
162,-36.2576,-32.6743,69.5794,1146.32,0,30
162,-35.4492,-33.5496,17.0252,683.397,0,30
162,-35.003,-34.0148,190.452,30.3253,0,30
162,-30.2226,-38.3251,101.051,243.333,0,30
162,-29.8737,-38.5977,100.343,46.2621,0,30
162,-29.5462,-38.849,167.68,476.464,0,30
162,-29.0735,-39.204,53.076,53.4528,0,30
162,-22.1518,-43.4916,164.692,183.529,0,30
162,-21.9261,-43.6058,150.24,286.037,0,30
162,-21.2152,-43.9561,-16.4922,261.868,0,30
162,-21.1384,-43.993,-17.732,24.0277,0,30
162,-15.8935,-46.1478,272.919,455.3,0,30
162,-15.4445,-46.3,16.0581,1278.48,0,30
162,-14.9388,-46.4656,70.6606,245.076,0,30
162,-14.2424,-46.6838,32.9838,126.539,0,30
162,-11.7933,-47.3618,-32.8361,601.73,0,30
162,-12.123,-47.2785,273.721,535.533,0,30
162,-9.87393,-47.7988,-73.1508,897.99,0,30
162,-8.21999,-48.1108,-58.628,2586.72,0,30
162,-7.73745,-48.1908,132.095,248.467,0,30
162,-7.45771,-48.2349,100.772,173.107,0,30
162,-6.49852,-48.3734,196.812,206.088,0,30
162,-5.28048,-48.5215,272.774,135.582,0,30
162,-4.05225,-48.6395,-45.8134,117.569,0,30
162,-3.25791,-48.6991,277.528,531.303,0,30
162,-0.358858,-48.8067,-74.2719,94.5997,0,30
162,8.90492,-47.9888,295.072,303.358,0,30
162,9.03195,-47.965,158.942,113.499,0,30
162,10.0898,-47.7537,82.4925,720.05,0,30
162,10.6879,-47.6234,272.635,445.887,0,30
162,13.6262,-46.8673,137.185,372.442,0,30
162,14.3367,-46.6549,111.37,665.94,0,30
162,14.9992,-46.4462,290.846,1711.21,0,30
162,15.4714,-46.291,87.5562,532.731,0,30
162,15.8006,-46.1797,277.225,652.247,0,30
162,16.7625,-45.8393,187.351,114.654,0,30
162,17.1283,-45.7038,154.665,354.476,0,30
162,17.4726,-45.5733,70.036,21.0693,0,30
162,19.3217,-44.8207,244.476,133.958,0,30
162,21.9095,-43.6141,-19.7714,940.385,0,30
162,21.9216,-43.6081,228.061,689.833,0,30
162,22.569,-43.2766,23.0631,743.274,0,30
162,25.808,-41.4267,267.84,918.241,0,30
162,26.8367,-40.7678,112.376,2154.5,0,30
162,27.1989,-40.527,90.4923,554.259,0,30
162,28.265,-39.7909,301.993,4179.27,0,30
162,29.2511,-39.0716,-33.4857,254.455,0,30
162,29.3563,-38.9927,282.976,680.22,0,30
162,33.7501,-35.2584,55.2827,235.938,0,30
162,33.9759,-35.0408,86.9027,1596.18,0,30
162,34.9504,-34.0689,-77.9404,1090.79,0,30
162,34.9745,-34.0441,281.592,435.128,0,30
162,37.1002,-31.7143,282.184,147.248,0,30
162,37.5019,-31.2383,237.631,452.773,0,30
162,37.7332,-30.9584,116.903,124.935,0,30
162,39.3104,-28.9294,55.6856,864.717,0,30
162,39.4982,-28.6725,3.96197,256.907,0,30
162,41.1412,-26.2607,145.819,641.144,0,30
162,41.1736,-26.2099,160.241,455.357,0,30
162,41.4701,-25.7382,-86.8752,255.714,0,30
162,41.4285,-25.805,145.148,169.085,0,30
162,42.8665,-23.3384,-102.558,25705.2,0,30
162,42.3188,-24.3175,-97.7387,423,0,30
162,43.2476,-22.6245,-15.0582,258.662,0,30
162,43.2779,-22.5665,-90.6857,1537,0,30
162,45.1457,-18.5495,-87.9511,1000.62,0,30
162,46.1821,-15.7935,31.8287,1282.87,0,30
162,46.1977,-15.7477,-68.314,476.299,0,30
162,46.5368,-14.7157,305.236,1029.88,0,30
162,46.6748,-14.2718,-81.7332,690.746,0,30
162,47.295,-12.0583,140.24,198.165,0,30
162,47.491,-11.2619,140.426,311.599,0,30
162,48.2927,-7.07387,-37.7913,1625.87,0,30
162,48.7301,-2.75707,193.42,139.168,0,30
162,48.8012,-0.812697,157.353,2654.13,0,30
162,48.8071,-0.299465,38.5295,166.343,0,30
162,48.3866,6.39989,-79.3304,1184.52,0,30
162,48.3368,6.76538,149.229,288.872,0,30
162,48.1481,7.99897,123.393,303.442,0,30
162,47.8261,9.74077,-55.5805,24377.2,0,30
162,47.8895,9.42406,-50.3136,262,0,30
162,47.6392,10.6174,-48.0798,661,0,30
162,47.0133,13.1139,34.2094,48.3851,0,30
162,46.7998,13.8565,209.216,411.398,0,30
162,46.3531,15.2845,296.015,877.705,0,30
162,46.2498,15.5943,305.133,230.16,0,30
162,46.0721,16.1117,-87.5633,594.329,0,30
162,45.7148,17.0992,72.156,43.2497,0,30
162,45.3973,17.9251,-54.3117,1136.58,0,30
162,44.8391,19.2788,275.079,623.793,0,30
162,40.9995,26.4814,-52.3919,88.8589,0,30
162,40.5466,27.1697,94.7749,476.874,0,30
162,40.6144,27.0683,279.866,610.617,0,30
162,39.6185,28.5061,287.993,478.169,0,30
162,37.9047,30.7482,247.379,715.512,0,30
162,37.6957,31.0041,95.1267,167.761,0,30
162,37.3976,31.3631,174.682,349.427,0,30
162,36.1701,32.7711,36.7141,213.852,0,30
162,35.8272,33.1456,147.331,73.1905,0,30
162,35.5167,33.4781,146.604,86.9049,0,30
162,34.8636,34.1577,43.1274,45.3174,0,30
162,12.9178,47.0675,297.711,2044.06,0,30
162,12.9215,47.0665,301.728,189,0,30
162,11.6285,47.4025,-97.6798,408.148,0,30
162,10.1196,47.7474,231.804,358.279,0,30
162,7.48072,48.2313,-90.2634,258.986,0,30
162,6.6217,48.3567,48.0046,695.496,0,30
162,6.16456,48.4171,115.842,688.078,0,30
162,5.62756,48.4825,176.643,477.167,0,30
162,5.23889,48.526,165.213,389.691,0,30
162,3.23618,48.7006,187.207,488.52,0,30
162,2.45499,48.7462,-70.3656,271.416,0,30
162,2.29821,48.7539,113.109,634.595,0,30
162,0.660162,48.8035,121.44,405.613,0,30
162,0.423266,48.8062,123.067,340.409,0,30
162,-0.534521,48.8051,95.1533,169.921,0,30
162,-1.08583,48.7959,293.383,620.386,0,30
162,-4.68468,48.5827,282.036,30.1387,0,30
162,-9.00902,47.9693,262.313,836.56,0,30
162,-10.1338,47.7444,-23.6442,434.041,0,30
162,-11.2984,47.4823,282.865,600.13,0,30
162,-13.8396,46.8048,298.452,512.602,0,30
162,-14.0038,46.7559,-43.9781,466.453,0,30
162,-15.5056,46.2796,305.78,95.977,0,30
162,-15.9912,46.114,-53.2897,326.408,0,30
162,-16.5997,45.8985,253.264,410.429,0,30
162,-16.733,45.8501,270.746,291.632,0,30
162,-21.308,43.9112,305.6,247.474,0,30
162,-22.4655,43.3304,259.265,419.472,0,30
162,-23.8815,42.5664,47.14,43.0416,0,30
162,-23.9003,42.5558,305.18,129.808,0,30
162,-27.132,40.5718,283.277,943.6,0,30
162,-27.5299,40.3029,64.948,30.0954,0,30
162,-28.6725,39.4982,291.005,167.895,0,30
162,-31.4497,37.3248,298.322,142.899,0,30
162,-32.1062,36.7615,-87.6061,209.594,0,30
162,-32.91,36.0438,144.288,339.069,0,30
162,-33.7883,35.2217,249.96,293.98,0,30
162,-36.2158,32.7206,-102.399,463.026,0,30
162,-38.7612,29.6612,264.363,1060,0,30
162,-41.0424,26.4148,-65.7364,2433.72,0,30
162,-41.6,25.5276,234.211,655.986,0,30
162,-41.8707,25.0812,208.474,260.138,0,30
162,-41.9902,24.8806,-19.2116,437.264,0,30
162,-42.7452,23.5599,58.6068,344.462,0,30
162,-42.6812,23.6757,268.979,325.955,0,30
162,-42.902,23.2731,-40.2034,252.982,0,30
162,-43.0965,22.911,86.0352,974.324,0,30
162,-43.3444,22.4384,-56.734,676.61,0,30
162,-43.8762,21.3799,207.954,982.774,0,30
162,-46.3322,15.3476,-98.6234,416.132,0,30
162,-46.4376,15.0255,271.012,34.1215,0,30
162,-46.5903,14.5454,271.012,44.2464,0,30
162,-46.7969,13.8661,-20.0423,513.901,0,30
162,-47.2215,12.3429,-103.804,42.1526,0,30
162,-47.2215,12.3429,-21.972,25.0277,0,30
162,-47.9935,8.87931,300.392,398.717,0,30
162,-48.1064,8.24591,-79.7668,328.426,0,30
162,-48.3438,6.71547,7.0449,1053.58,0,30
162,-48.3742,6.49283,288.292,181.206,0,30
162,-48.471,5.72562,7.36682,393.403,0,30
162,-48.5545,4.96838,140.634,325.494,0,30
162,-48.6528,3.88912,-2.64864,49.2913,0,30
162,-48.7568,2.23449,-93.9722,660.229,0,30
162,-48.8034,0.668827,217.429,168.134,0,30
162,-48.8079,-0.0998417,-142.116,57.1958,1,30
162,-46.7383,-14.0625,93.1961,5133.96,1,30
162,-46.7556,-14.0048,-97.554,871.036,1,30
162,-46.4806,-14.8922,99.8612,182.777,1,30
162,-46.4987,-14.8355,-278.045,82.4977,1,30
162,-46.3032,-15.4348,-293.229,203.406,1,30
162,-45.8405,-16.759,102.044,241.582,1,30
162,-45.2941,-18.1843,-123.44,285.934,1,30
162,-45.1725,-18.4842,-93.1497,146.272,1,30
162,-44.9772,-18.9544,-93.78,36.231,1,30
162,-44.6541,-19.7037,59.6665,693.021,1,30
162,-44.5399,-19.9604,61.8586,926.631,1,30
162,-43.5515,-22.0338,-35.4772,98.7718,1,30
162,-40.2642,-27.5865,-225.743,114.042,1,30
162,-35.2149,-33.7955,-93.074,132.589,1,30
162,-35.1419,-33.8714,-296.052,396.622,1,30
162,-34.8353,-34.1866,-295.626,570.232,1,30
162,-33.828,-35.1837,-95.7945,96.4161,1,30
162,-32.9908,-35.9698,-303.48,1056.53,1,30
162,-31.1944,-37.5384,7.36569,54.8728,1,30
162,-29.6098,-38.8005,63.0828,150.629,1,30
162,-25.8118,-41.4243,-284.301,601.877,1,30
162,-25.2212,-41.7865,101.791,91.4316,1,30
162,-24.1442,-42.4179,53.2461,757.362,1,30
162,-24.1442,-42.4179,-302.729,426.95,1,30
162,-19.0558,-44.9344,55.4987,505.268,1,30
162,-14.4772,-46.6115,-109.84,669.465,1,30
162,-13.6564,-46.8585,-66.5107,155.808,1,30
162,-11.0089,-47.5502,-271.632,415.926,1,30
162,-7.37694,-48.2473,-25.8483,2866.37,1,30
162,-6.65486,-48.3522,-258.005,2909.98,1,30
162,-6.66929,-48.3502,-43.85,1259.11,1,30
162,-6.33327,-48.3954,78.5875,1328.57,1,30
162,-5.23317,-48.5266,-240.61,113.983,1,30
162,-4.32274,-48.6162,-190.868,184.242,1,30
162,-4.20085,-48.6269,-289.458,252.425,1,30
162,-3.49096,-48.683,-289.244,27.1273,1,30
162,-2.82399,-48.7262,86.9114,432.216,1,30
162,-2.53859,-48.7419,104.943,126.871,1,30
162,-1.41716,-48.7874,-274.093,87.7221,1,30
162,0.967847,-48.7984,-94.3714,191.948,1,30
162,3.88916,-48.6528,70.8,443.907,1,30
162,5.02662,-48.5485,-299.724,140.78,1,30
162,10.6559,-47.6306,87.1166,384.758,1,30
162,10.4854,-47.6684,-82.9293,110.189,1,30
162,11.1048,-47.5279,-202.898,428.992,1,30
162,14.7347,-46.5307,-47.9819,463.914,1,30
162,16.9364,-45.7753,-17.4443,193.592,1,30
162,17.7092,-45.4819,-134.129,243.005,1,30
162,18.256,-45.2652,-293.636,153.429,1,30
162,20.2343,-44.4161,-288.676,369.599,1,30
162,25.382,-41.689,30.1671,243.28,1,30
162,26.2825,-41.1273,-91.2528,3177.85,1,30
162,26.9469,-40.695,-272.826,798.808,1,30
162,27.4174,-40.3795,-262.343,452.351,1,30
162,27.8871,-40.0566,-186.464,181.994,1,30
162,27.8111,-40.1094,-283.529,377.054,1,30
162,30.3696,-38.2088,-304.864,258.181,1,30
162,31.3477,-37.4105,-280.553,46.2929,1,30
162,31.7972,-37.0292,-280.764,86.4422,1,30
162,33.4883,-35.5071,-240.535,820.781,1,30
162,33.5055,-35.4909,-274.4,934.198,1,30
162,33.8253,-35.1862,-37.8565,211.83,1,30
162,34.9527,-34.0665,-258.149,262.507,1,30
162,35.4219,-33.5784,-78.7327,862.921,1,30
162,35.5549,-33.4376,-203.962,189.896,1,30
162,40.5569,-27.1543,-39.3984,100.621,1,30
162,41.2196,-26.1374,-260.262,1207.96,1,30
162,41.6818,-25.3938,-207.984,210.945,1,30
162,42.2511,-24.4349,-229.55,141.885,1,30
162,42.4179,-24.1442,-231.36,44.8296,1,30
162,42.7656,-23.5229,-21.2033,937.634,1,30
162,43.1227,-22.8617,-292.072,3014.42,1,30
162,43.2919,-22.5395,49.2768,2382.27,1,30
162,44.9444,-19.0322,-82.7483,414.803,1,30
162,45.4575,-17.7718,-181.726,460.46,1,30
162,45.7711,-16.9479,-186.087,312.26,1,30
162,46.9396,-13.3753,-93.5219,274.812,1,30
162,47.9291,-9.22055,41.4293,258.825,1,30
162,48.2943,-7.06284,2.36943,187.118,1,30
162,48.3373,-6.76183,-190.217,109.957,1,30
162,48.5164,-5.32747,-289.045,608.612,1,30
162,48.6279,-4.1887,24.8461,172.478,1,30
162,48.6585,-3.81692,-274.392,425.033,1,30
162,48.7024,-3.20925,22.396,70.2635,1,30
162,48.7547,-2.28044,-190.103,329.886,1,30
162,48.7442,2.49461,-114.353,54.4587,1,30
162,48.7189,2.94833,-113.836,431.265,1,30
162,48.6681,3.69278,-264.611,855.584,1,30
162,48.4767,5.6773,-159.689,146.358,1,30
162,48.366,6.55376,-268.299,168.034,1,30
162,48.293,7.07132,-230.027,951.965,1,30
162,48.2059,7.64275,-144.692,3025.41,1,30
162,47.7817,9.95621,16.6884,176.582,1,30
162,47.8108,9.81553,-294.121,42.3174,1,30
162,47.6838,10.4153,-84.338,413.264,1,30
162,47.5331,11.0825,-243.261,484.922,1,30
162,46.9688,13.2721,85.5827,1171.61,1,30
162,45.9312,16.5088,93.4312,542.045,1,30
162,45.2825,18.2131,41.3053,154.1,1,30
162,44.7352,19.5187,-264.214,484.403,1,30
162,43.193,22.7286,-242.76,390.648,1,30
162,42.9794,23.1298,-4.37132,627.329,1,30
162,41.6307,25.4776,-28.0551,322.118,1,30
162,41.4461,25.7767,-60.4313,383.816,1,30
162,41.5153,25.6651,-105.95,1072.9,1,30
162,41.301,26.0086,77.8122,970.398,1,30
162,37.2816,31.5009,-123.086,1269.45,1,30
162,35.475,33.5223,-304.028,610.714,1,30
162,35.1419,33.8714,-265.924,28.2432,1,30
162,34.8636,34.1577,104.386,226.368,1,30
162,34.8636,34.1577,-265.667,385.878,1,30
162,34.1309,34.8899,-253.513,1826.29,1,30
162,33.8773,35.1362,72.4936,165.29,1,30
162,33.2489,35.7314,-262.843,880.253,1,30
162,32.7752,36.1664,18.5905,238.851,1,30
162,30.6884,37.9531,-264.989,869.98,1,30
162,28.4139,39.6846,64.0775,336.439,1,30
162,28.2392,39.8092,-131.536,642.643,1,30
162,27.8587,40.0764,-9.57733,330.937,1,30
162,25.3699,41.6964,-282.067,428.604,1,30
162,15.7732,46.189,-58.2506,1906.57,1,30
162,13.8003,46.8164,-23.5641,1035.75,1,30
162,12.1917,47.2608,-82.4317,106.402,1,30
162,9.8397,47.8059,-154.742,448.209,1,30
162,7.65496,48.204,-281.746,352.783,1,30
162,7.26034,48.265,-282.221,138.509,1,30
162,5.93662,48.4456,-132.418,5505.36,1,30
162,-1.33975,48.7896,-36.3822,366.827,1,30
162,-12.1497,47.2716,-281.846,71.4699,1,30
162,-13.224,46.9824,-152.585,180.803,1,30
162,-14.4806,46.6104,93.0943,322.155,1,30
162,-17.942,45.3906,60.2965,710.228,1,30
162,-18.1721,45.299,-56.573,496.841,1,30
162,-18.8724,45.0117,58.2938,156.733,1,30
162,-18.9009,44.9998,-266.349,224.33,1,30
162,-20.8682,44.1218,-148.178,3289.38,1,30
162,-20.8917,44.1107,88.2377,1140.45,1,30
162,-20.6339,44.2319,-69.0483,278.019,1,30
162,-20.9828,44.0675,30.2018,1298.12,1,30
162,-22.3124,43.4094,-105.414,423.657,1,30
162,-24.0323,42.4814,101.677,617.377,1,30
162,-25.5342,41.596,-257.105,422.412,1,30
162,-26.4724,41.0053,-289.814,345.911,1,30
162,-26.852,40.7577,-284.601,756.882,1,30
162,-29.2244,39.0916,-270.389,345.54,1,30
162,-30.3699,38.2085,-116.401,484.527,1,30
162,-31.1367,37.5862,100.816,376.387,1,30
162,-34.9181,34.102,50.5419,229.349,1,30
162,-35.9128,33.0528,-45.4881,473.243,1,30
162,-36.0733,32.8777,-142.816,152.023,1,30
162,-36.1808,32.7592,-293.682,195.828,1,30
162,-41.6224,25.4911,-19.2266,422.084,1,30
162,-43.7267,21.6839,-166.752,5370.56,1,30
162,-43.9799,21.1658,-296.726,2559.93,1,30
162,-44.1282,20.8547,-38.7042,486.41,1,30
162,-44.4548,20.1493,79.3134,1106.57,1,30
162,-45.5806,17.4537,93.9835,302.721,1,30
162,-45.6079,17.3823,-90.9515,156.694,1,30
162,-46.1211,15.9707,-255.807,542.933,1,30
162,-46.465,14.9407,-100.089,1396.24,1,30
162,-47.3238,11.9448,-264.285,1688.26,1,30
162,-47.902,9.36034,-37.6703,625.05,1,30
162,-48.2571,7.31246,28.4935,429.325,1,30
162,-48.3061,6.98164,-202.877,246.421,1,30
162,-48.2943,7.06285,-145.655,150,1,30
162,-48.5706,4.80823,-135.954,133.307,1,30
162,-48.6484,3.94384,-229.27,457.808,1,30
162,-48.7027,3.20441,-43.5976,235.391,1,30
162,-48.741,2.55707,-153.114,1597.89,1,30
162,-48.7574,2.22265,69.1714,294.074,1,30
162,-49.8201,-0.861158,295.573,509.404,0,31
162,-49.8055,-1.48201,295.716,175.724,0,31
162,-49.7815,-2.13952,145.274,107.102,0,31
162,-49.7784,-2.21226,295.952,194.2,0,31
162,-49.6293,-4.44038,92.4615,184.114,0,31
162,-49.4292,-6.28731,273.656,226.239,0,31
162,-49.4001,-6.51203,38.66,50.3608,0,31
162,-49.2877,-7.31426,38.9874,2591.67,0,31
162,-49.303,-7.2104,44.9374,385,0,31
162,-49.1307,-8.3041,39.2247,936.274,0,31
162,-48.962,-9.24678,39.4526,394.278,0,31
162,-48.7677,-10.2219,39.7202,623.804,0,31
162,-48.691,-10.5814,130.836,426.008,0,31
162,-48.6547,-10.7472,21.2045,1175.8,0,31
162,-48.6829,-10.6188,247.775,181.97,0,31
162,-48.6496,-10.77,300.911,217.587,0,31
162,-48.5388,-11.259,39.9485,160.71,0,31
162,-48.3555,-12.0218,40.24,369.668,0,31
162,-47.7771,-14.1465,-90.922,181.615,0,31
162,-46.3564,-18.2719,-66.5005,1069.89,0,31
162,-46.3414,-18.31,253.588,3092.95,0,31
162,-46.0804,-18.9571,287.592,886.324,0,31
162,-45.758,-19.7227,15.5837,596.197,0,31
162,-45.7205,-19.8096,50.7318,123.004,0,31
162,-45.4034,-20.5259,-48.0676,174.507,0,31
162,-45.4686,-20.381,-19.8501,319.186,0,31
162,-44.5754,-22.2668,-14.9083,1249.07,0,31
162,-44.6162,-22.1849,-29.4801,342.463,0,31
162,-44.6105,-22.1965,123.64,3299.54,0,31
162,-44.5755,-22.2666,143.232,670.177,0,31
162,-44.0324,-23.3223,166.719,541.19,0,31
162,-43.4015,-24.4763,298.657,3981.67,0,31
162,-43.2973,-24.6602,208.839,887.904,0,31
162,-43.1255,-24.9594,160.077,524.89,0,31
162,-42.4743,-26.0522,289.668,28.2219,0,31
162,-41.9655,-26.864,289.616,675.318,0,31
162,-40.7749,-28.6389,-79.1928,485.553,0,31
162,-39.7162,-30.0899,235.158,331.867,0,31
162,-39.3768,-30.5327,234.722,477.471,0,31
162,-39.3635,-30.5499,305.415,648.893,0,31
162,-38.5817,-31.5314,-21.972,39.2097,0,31
162,-37.6107,-32.6835,203.798,652.583,0,31
162,-37.0214,-33.3496,203.906,107.638,0,31
162,-36.6133,-33.7971,67.1582,892.49,0,31
162,-35.9548,-34.4968,15.0654,244.19,0,31
162,-36.0171,-34.4318,189.18,29.2172,0,31
162,-31.6889,-38.4525,21.4767,49.4128,0,31
162,-31.2968,-38.7723,22.9154,1370.68,0,31
162,-30.1045,-39.7051,99.138,751.192,0,31
162,-29.9272,-39.839,167.556,27.0139,0,31
162,-29.4213,-40.214,52.3827,295.117,0,31
162,-29.3773,-40.2461,167.988,295.231,0,31
162,-28.7636,-40.6871,-50.9411,1092.4,0,31
162,-29.1062,-40.4427,51.804,27.1385,0,31
162,-22.228,-44.5948,148.162,83.1316,0,31
162,-22.3119,-44.5529,162.837,157.453,0,31
162,-22.1431,-44.637,250.714,1359.51,0,31
162,-17.56,-46.6308,299.108,498.916,0,31
162,-15.9051,-47.2208,14.1981,952.429,0,31
162,-15.0432,-47.5024,69.9678,716.163,0,31
162,-14.1905,-47.7641,32.2447,641.559,0,31
162,-12.4117,-48.2569,-33.1486,453.533,0,31
162,-12.4633,-48.2436,271.895,1389.04,0,31
162,-10.7132,-48.6622,-72.5002,561.49,0,31
162,-8.64744,-49.0714,-58.9725,1007.24,0,31
162,-7.92071,-49.1939,99.4555,139.388,0,31
162,-7.43511,-49.2697,131.05,183.494,0,31
162,-6.84072,-49.3557,196.48,378.103,0,31
162,-4.1735,-49.6524,-46.1525,297.197,0,31
162,-3.31279,-49.7173,276.645,90.085,0,31
162,-1.32175,-49.81,-74.5801,327.601,0,31
162,8.80242,-49.0438,294.427,471.007,0,31
162,9.16045,-48.9782,158.821,851.093,0,31
162,10.005,-48.8127,80.0566,1470.96,0,31
162,10.5798,-48.6913,270.011,475.102,0,31
162,13.6007,-47.9354,111.155,914.194,0,31
162,15.0822,-47.4901,87.0459,539.41,0,31
162,17.1425,-46.7858,186.928,70.5809,0,31
162,17.6775,-46.5863,153.563,140.216,0,31
162,18.0277,-46.4519,69.612,25.1573,0,31
162,18.4421,-46.289,69.0225,135.978,0,31
162,18.7854,-46.1507,155.479,74.7049,0,31
162,19.5379,-45.8372,155.608,177.882,0,31
162,19.9123,-45.6758,155.684,25.1787,0,31
162,19.9123,-45.6758,181.715,67.908,0,31
162,19.9123,-45.6758,242.754,208.865,0,31
162,19.9123,-45.6758,273.717,59.9308,0,31
162,22.6757,-44.3688,-19.852,36.1942,0,31
162,22.8152,-44.2973,228.069,287.794,0,31
162,23.4339,-43.9731,22.3087,329.919,0,31
162,25.6197,-42.7366,273.98,46.5507,0,31
162,27.7503,-41.3848,110.716,1455.6,0,31
162,28.17,-41.1003,90.1994,182.15,0,31
162,28.5519,-40.8359,301.219,2758.86,0,31
162,30.1022,-39.7069,281.892,657.829,0,31
162,30.1985,-39.6337,-34.4187,574.222,0,31
162,34.3345,-36.1099,54.9168,202.523,0,31
162,34.7253,-35.7342,85.7239,947.992,0,31
162,34.7386,-35.7212,178.64,256.727,0,31
162,40.2032,-29.4361,54.9721,47.4771,0,31
162,44.0872,-23.2184,-15.9912,533.341,0,31
162,48.259,-12.4034,139.996,27.0555,0,31
162,49.2566,-7.52099,-38.3001,219.801,0,31
162,49.6254,-4.48308,193.254,186.013,0,31
162,49.6871,-3.73751,193.42,116.39,0,31
162,49.8041,-1.52559,155.545,2562.8,0,31
162,49.8241,0.580312,25.2808,331.627,0,31
162,49.8,1.65449,300.407,539.357,0,31
162,49.3604,6.807,-60.1743,33602.1,0,31
162,49.4651,5.99827,-56.1849,152,0,31
162,49.369,6.74406,-81.0315,776.508,0,31
162,49.2775,7.38313,149.537,393.018,0,31
162,49.303,7.2104,-50.1072,945,0,31
162,49.303,7.2104,-42.112,44,0,31
162,49.0863,8.56214,122.079,85.5687,0,31
162,48.2843,12.3049,33.732,238.402,0,31
162,48.3825,11.9129,209.229,374.468,0,31
162,48.2079,12.6008,209.108,29.031,0,31
162,47.453,15.1983,294.747,565.448,0,31
162,47.3445,15.5332,303.596,275.419,0,31
162,47.1436,16.1325,-88.5851,615.21,0,31
162,46.5404,17.7981,-54.0197,309.821,0,31
162,45.7496,19.7422,273.067,525.147,0,31
162,43.3486,24.5698,287.416,373.076,0,31
162,43.0748,25.0468,243.043,199.75,0,31
162,42.1943,26.5032,212.018,2138.3,0,31
162,41.8971,26.9706,-53.0184,221.745,0,31
162,41.5292,27.5338,94.4702,285.031,0,31
162,41.2221,27.9914,278.301,1025.03,0,31
162,40.7308,28.7016,-37.4807,222.352,0,31
162,38.7592,31.313,287.514,759.61,0,31
162,38.5609,31.5569,245.922,1119.68,0,31
162,38.0027,32.227,94.9127,423.62,0,31
162,37.7717,32.4974,174.803,602.764,0,31
162,36.3608,34.0686,36.3628,479.113,0,31
162,35.8759,34.5789,145.932,45.3093,0,31
162,35.616,34.8465,145.224,124.098,0,31
162,34.9442,35.5202,281.191,340.579,0,31
162,32.7839,37.5233,130.836,653.673,0,31
162,32.7133,37.5848,172.756,589.428,0,31
162,32.2883,37.9506,217.986,171.239,0,31
162,31.613,38.5149,-51.944,3734.18,0,31
162,31.5314,38.5818,-40.9306,1554,0,31
162,30.5461,39.3665,-18.211,619.231,0,31
162,29.6951,40.0123,-99.6021,1133.24,0,31
162,29.1863,40.3849,200.615,7384.77,0,31
162,25.9324,42.5475,200.094,345.419,0,31
162,24.2221,43.5439,54.1038,156.486,0,31
162,22.0559,44.6801,26.6819,4549.88,0,31
162,21.0445,45.1653,194.728,2352.1,0,31
162,19.9359,45.6655,138.396,834.069,0,31
162,14.8624,47.5593,-49.2846,161.164,0,31
162,13.6243,47.9287,298.683,16826.5,0,31
162,12.1329,48.3278,-97.7457,328.988,0,31
162,9.76093,48.8621,231.448,137.886,0,31
162,9.02019,49.0042,231.099,178.727,0,31
162,7.75329,49.2206,-90.8741,178.972,0,31
162,7.13831,49.3135,47.6278,140.574,0,31
162,6.61577,49.3863,114.494,1221.47,0,31
162,5.1581,49.5598,164.872,142.817,0,31
162,4.50722,49.6232,186.496,160.709,0,31
162,1.72349,49.7977,120.958,1026.2,0,31
162,1.71056,49.7981,111.063,577.496,0,31
162,0.528375,49.8247,121.546,360.2,0,31
162,-0.404432,49.8259,94.9104,897.309,0,31
162,-0.759971,49.8217,292.472,299.875,0,31
162,-3.76718,49.6849,228.742,633.249,0,31
162,-4.98537,49.5775,281.395,62.6296,0,31
162,-9.36097,48.9403,261.143,493.786,0,31
162,-10.4678,48.7156,-25.3379,225.114,0,31
162,-11.8084,48.4081,281.621,696.716,0,31
162,-13.8403,47.8667,297.77,1633.45,0,31
162,-14.2057,47.7596,-45.6107,772.176,0,31
162,-15.7292,47.2797,-98.4119,2767.32,0,31
162,-16.4092,47.048,-53.5839,174.58,0,31
162,-16.4829,47.0223,251.819,740.15,0,31
162,-17.4286,46.68,304.849,522.513,0,31
162,-17.6864,46.5829,267.209,6136.77,0,31
162,-21.4556,44.9715,304.853,346.205,0,31
162,-23.3679,44.0082,258.582,123.624,0,31
162,-23.9949,43.6695,304.989,258.271,0,31
162,-25.1949,42.9883,-97.5184,463.35,0,31
162,-27.7737,41.3691,281.658,648.607,0,31
162,-28.0545,41.1792,64.948,70.2929,0,31
162,-32.2376,37.9937,297.667,401.236,0,31
162,-32.6943,37.6013,-89.4915,690.14,0,31
162,-33.5031,36.8826,143.804,219.568,0,31
162,-36.6459,33.7617,-103.515,747.123,0,31
162,-37.9538,32.2845,305.204,122.858,0,31
162,-38.8384,31.2147,-104.836,64.3884,0,31
162,-39.2068,30.7507,-104.713,259.968,0,31
162,-39.4687,30.4138,-104.889,96.9055,0,31
162,-39.4687,30.4138,263.14,152.738,0,31
162,-41.7967,27.1259,-65.5323,1044.07,0,31
162,-42.9079,25.3317,208.023,540.063,0,31
162,-42.8716,25.3931,231.897,284.425,0,31
162,-42.8949,25.3537,-19.8413,134.846,0,31
162,-43.2349,24.7694,58.8488,737.506,0,31
162,-43.4457,24.3978,268.063,237.599,0,31
162,-43.8922,23.5851,-42.0979,608.701,0,31
162,-44.0872,23.2184,85.724,27.2047,0,31
162,-44.5529,22.3119,208.011,143.348,0,31
162,-44.7717,21.8696,-56.3822,543.42,0,31
162,-46.3778,18.2176,113.666,110.209,0,31
162,-46.3778,18.2176,177.103,109.892,0,31
162,-47.1138,16.2195,-100.547,470.247,0,31
162,-47.2474,15.826,271.436,188.551,0,31
162,-47.9183,13.6609,-19.9547,369.458,0,31
162,-48.5026,11.4139,-22.0212,733,0,31
162,-48.5026,11.4139,97.0341,101.484,0,31
162,-48.5944,11.0167,-29.1864,472.013,0,31
162,-48.7259,10.4195,-28.767,214.945,0,31
162,-49.1275,8.32269,-80.3469,172.19,0,31
162,-49.3765,6.68867,287.274,552.951,0,31
162,-49.5612,5.14438,7.69444,298.348,0,31
162,-49.5809,4.95145,140.64,361.492,0,31
162,-49.6412,4.30526,8.01875,384.28,0,31
162,-49.6963,3.61415,-3.91632,325.51,0,31
162,-49.767,2.45395,-95.058,466.339,0,31
162,-49.8266,0.29616,216.808,283.688,0,31
162,-48.639,-10.8178,-78.3035,217.697,1,31
162,-48.4076,-11.8103,30.2256,188.288,1,31
162,-47.9401,-13.5841,88.169,384,1,31
162,-47.6829,-14.4609,100.245,454.519,1,31
162,-47.739,-14.2747,-97.36,372.494,1,31
162,-47.6237,-14.6547,-277.275,852.282,1,31
162,-47.4076,-15.3394,-292.889,69.4013,1,31
162,-46.517,-17.8592,103.876,884.557,1,31
162,-46.2625,-18.5084,-92.2626,560.85,1,31
162,-46.098,-18.9144,-121.577,423.787,1,31
162,-45.6495,-19.9725,60.7782,220.278,1,31
162,-45.5448,-20.2101,62.5524,223.726,1,31
162,-44.2526,-22.9017,-35.188,496.451,1,31
162,-41.2255,-27.9864,-224.696,393.496,1,31
162,-39.2331,-30.7171,43.9081,741.75,1,31
162,-35.7787,-34.6794,-92.7227,170.191,1,31
162,-35.7512,-34.7078,-294.429,1724.09,1,31
162,-35.4489,-35.0165,-294.332,25.177,1,31
162,-34.2842,-36.1576,-95.476,53.1526,1,31
162,-33.5375,-36.8512,-302.15,60.7294,1,31
162,-31.4855,-38.6192,9.01535,110.99,1,31
162,-30.8006,-39.1677,-288.096,784.233,1,31
162,-30.4138,-39.4687,64.8204,104.578,1,31
162,-27.2783,-41.6974,-13.8203,1238.51,1,31
162,-26.2206,-42.3705,101.778,103.815,1,31
162,-23.9367,-43.7014,-265.076,53.1248,1,31
162,-23.2184,-44.0872,85.8955,258.767,1,31
162,-19.5379,-45.8372,56.0531,144.763,1,31
162,-18.2176,-46.3778,-284.331,71.7391,1,31
162,-15.1164,-47.4792,-110.649,685.235,1,31
162,-13.6291,-47.9273,-65.8513,595.803,1,31
162,10.8178,-48.639,87.1341,68.8606,1,31
162,10.8178,-48.639,-82.5023,58.5115,1,31
162,11.4139,-48.5026,-202.748,31.1787,1,31
162,14.866,-47.5582,-46.2201,257.162,1,31
162,17.1824,-46.7712,-16.8534,127.919,1,31
162,18.3036,-46.3439,-133.223,301.356,1,31
162,18.4584,-46.2825,-293.251,276.526,1,31
162,22.1295,-44.6438,-205.985,95.5115,1,31
162,25.1787,-42.9978,-67.2256,309.134,1,31
162,26.3204,-42.3086,-90.9096,3421.15,1,31
162,26.2257,-42.3673,-97.4531,629,1,31
162,27.3497,-41.6506,-271.914,750.221,1,31
162,28.4848,-40.8827,-282.575,94.9436,1,31
162,30.5913,-39.3313,-304.068,879.525,1,31
162,31.9196,-38.2612,-280.811,268.011,1,31
162,33.5428,-36.8465,-238.886,720.588,1,31
162,34.2921,-36.1501,-37.3505,442.659,1,31
162,34.3228,-36.121,-272.644,2350.54,1,31
162,35.6793,-34.7817,-77.8516,317.888,1,31
162,41.1567,-28.0874,-39.04,932.118,1,31
162,42.1799,-26.5262,-258.981,157.399,1,31
162,43.0152,-25.1489,-228.495,305.585,1,31
162,43.2028,-24.8254,-18.308,21.0954,1,31
162,43.4613,-24.37,-19.7243,568.997,1,31
162,44.0701,-23.2509,49.4186,1205.77,1,31
162,45.9616,-19.2436,-81.9702,776.324,1,31
162,46.1535,-18.7785,-181.452,224.905,1,31
162,46.8109,-17.0739,17.0965,105.839,1,31
162,46.8109,-17.0739,-185.788,23.314,1,31
162,47.9508,-13.5464,-93.2132,570.709,1,31
162,48.2691,-12.3641,-256.817,410.834,1,31
162,48.9922,-9.08555,42.3167,407.632,1,31
162,49.2808,-7.36112,-190.138,115.119,1,31
162,49.5948,-4.80977,-288.108,745.059,1,31
162,49.6466,-4.2417,-297.468,161.109,1,31
162,49.6728,-3.92324,25.1328,358.479,1,31
162,49.659,-4.09405,-274.828,59.2863,1,31
162,49.6983,-3.58649,22.5228,335.183,1,31
162,49.7834,-2.097,-188.023,1794.39,1,31
162,49.7065,3.47028,-113.279,174.801,1,31
162,49.5981,4.77561,-264.284,236.516,1,31
162,49.4655,5.99523,-158.748,449.626,1,31
162,49.3626,6.79037,-267.03,418.569,1,31
162,49.322,7.07941,-229.381,224.081,1,31
162,49.2186,7.76561,-142.605,1526.39,1,31
162,48.7868,10.1305,-293.65,147.174,1,31
162,48.7681,10.2201,17.0935,194.462,1,31
162,48.7078,10.5037,-83.8162,334.655,1,31
162,48.2079,12.6008,-241.332,39.208,1,31
162,47.898,13.7319,87.5703,433.171,1,31
162,46.8086,17.0801,94.9583,567.066,1,31
162,46.1014,18.9061,41.7635,119.79,1,31
162,45.5197,20.2667,-263.007,712.414,1,31
162,44.1966,23.0096,-240.885,824.696,1,31
162,42.6298,25.7968,-26.4589,400.553,1,31
162,42.5066,25.9994,-105.817,768.619,1,31
162,42.1806,26.525,79.7541,1630.41,1,31
162,42.0985,26.6551,-60.27,730.971,1,31
162,41.9399,26.904,-234.662,3192.94,1,31
162,41.9326,26.9154,-242.687,697,1,31
162,41.9326,26.9154,-248.54,21,1,31
162,37.9599,32.2773,-120.809,667.515,1,31
162,36.4359,33.9883,-303.573,583.893,1,31
162,35.7342,34.7253,-264.228,24.0832,1,31
162,35.4489,35.0165,-48.7043,93.4308,1,31
162,34.8185,35.6434,-252.381,902.144,1,31
162,34.443,36.0064,73.5284,399.848,1,31
162,33.5568,36.8337,18.2651,268.057,1,31
162,32.0467,38.1548,-270.274,334.456,1,31
162,31.4478,38.6499,-262.93,1644.26,1,31
162,29.0708,40.4682,64.4933,291.469,1,31
162,28.1783,41.0945,-8.73,604.477,1,31
162,28.1864,41.089,-130.49,1094,1,31
162,26.6369,42.11,53.6936,233.851,1,31
162,25.753,42.6563,-280.906,651.277,1,31
162,16.216,47.115,-57.1186,47.2879,1,31
162,13.5326,47.9546,-22.7591,265.106,1,31
162,12.3126,48.2823,-80.6653,490.026,1,31
162,10.4494,48.7195,-153.915,434.009,1,31
162,8.04157,49.1743,-280.911,1222.12,1,31
162,5.76297,49.4931,-132.816,6910.43,1,31
162,5.94339,49.4718,-139.928,1007,1,31
162,-1.68025,49.7992,-36.0138,252.353,1,31
162,-11.8279,48.4033,-280.695,783.333,1,31
162,-13.3255,48.0126,67.8924,82.6575,1,31
162,-14.9468,47.5329,94.1061,964.626,1,31
162,-18.096,46.4254,61.5982,919.627,1,31
162,-18.5964,46.2272,-55.7917,75.7545,1,31
162,-19.1623,45.9955,58.6905,191.83,1,31
162,-19.4037,45.8942,-266.264,303.776,1,31
162,-20.3868,45.466,-148.004,2341.42,1,31
162,-20.9337,45.2168,-68.0543,692.347,1,31
162,-21.3722,45.0112,88.3196,1255.47,1,31
162,-21.4186,44.9891,13.4485,361.054,1,31
162,-22.0018,44.7068,31.0131,83.5531,1,31
162,-23.9367,43.7014,102.307,53.3467,1,31
162,-26.1175,42.4341,-290.109,697.233,1,31
162,-26.4331,42.2382,-255.865,460.539,1,31
162,-28.0533,41.18,-283.85,105.105,1,31
162,-28.3479,40.9777,-283.013,180.246,1,31
162,-31.2325,38.8241,-114.09,1251.39,1,31
162,-31.8668,38.3052,100.836,98.3884,1,31
162,-35.9693,34.4817,51.3885,1227.05,1,31
162,-36.9416,33.4379,-45.9141,836.777,1,31
162,-36.9881,33.3865,-142.383,59.3051,1,31
162,-37.0077,33.3647,-292.619,231.114,1,31
162,-42.3488,26.2557,-18.3215,127.372,1,31
162,-42.4157,26.1474,16.45,370.318,1,31
162,-42.6586,25.7492,17.147,139.043,1,31
162,-44.3542,22.7043,-271.879,677.771,1,31
162,-44.4926,22.432,-167.388,2320.13,1,31
162,-44.655,22.1067,-296.08,4328.06,1,31
162,-45.2296,20.9061,79.6031,293.598,1,31
162,-45.2763,20.8047,-36.9748,279.476,1,31
162,-46.4867,17.9378,-90.812,74.4283,1,31
162,-47.178,16.0317,-254.065,882.968,1,31
162,-47.4658,15.1583,-100.49,847.668,1,31
162,-48.4888,11.4723,-263.915,1183.8,1,31
162,-48.9449,9.33669,-36.5363,329.937,1,31
162,-49.2337,7.66927,29.7047,641.111,1,31
162,-49.2504,7.5616,-140.535,91.6713,1,31
162,-49.2931,7.27793,-202.708,1033.49,1,31
162,-49.6099,4.65207,-135.209,222.676,1,31
162,-49.671,3.94598,-228.285,177.127,1,31
162,-49.712,3.39046,-41.9294,991.626,1,31
162,-49.7973,1.73488,-153.239,340.041,1,31
162,-49.8037,1.53923,68.4274,437.041,1,31
162,-49.8246,0.542142,-141.57,452.682,1,31
162,-50.8474,-0.126112,216.321,358.428,0,32
162,-50.7379,-3.33767,296.174,536.604,0,32
162,-50.6324,-4.67337,90.5625,450.889,0,32
162,-49.7051,-10.7185,300.471,864.628,0,32
162,-49.6584,-10.9328,19.4966,750.541,0,32
162,-49.6707,-10.8765,246.54,935.969,0,32
162,-49.454,-11.823,131.114,1150.42,0,32
162,-48.7176,-14.5628,-90.9525,300.654,0,32
162,-47.3817,-18.4514,15.0093,1920.41,0,32
162,-47.364,-18.4968,-67.3892,299.476,0,32
162,-47.1123,-19.1287,286.805,117.347,0,32
162,-46.8039,-19.8713,50.7507,159.303,0,32
162,-46.4431,-20.7006,-20.0253,73.4422,0,32
162,-46.2243,-21.1846,-15.4942,472.93,0,32
162,-46.1094,-21.4337,-49.2356,669.061,0,32
162,-45.9077,-21.8624,-28.9934,655.2,0,32
162,-45.8975,-21.8837,-15.2313,337.094,0,32
162,-44.8553,-23.9474,166.357,240.192,0,32
162,-44.2855,-24.9854,289.574,612.373,0,32
162,-44.2301,-25.0834,299.083,5241.58,0,32
162,-43.9449,-25.5797,158.428,331.01,0,32
162,-43.9832,-25.5138,289.852,77.7407,0,32
162,-43.189,-26.8363,208.811,521.135,0,32
162,-43.5599,-26.2301,289.668,22.0433,0,32
162,-41.3269,-29.6237,-80.0856,688.446,0,32
162,-41.2171,-29.7763,50.6311,758.065,0,32
162,-40.8199,-30.3185,235.666,392.551,0,32
162,-40.5301,-30.7049,-69.9957,420.747,0,32
162,-40.4374,-30.8268,304.947,406.906,0,32
162,-39.3281,-32.2301,-22.2596,428.191,0,32
162,-37.0486,-34.8264,65.338,2292.54,0,32
162,-36.8158,-35.0725,188.52,195.988,0,32
162,-36.3611,-35.5437,12.9436,294.511,0,32
162,-32.859,-38.8042,19.9315,865.588,0,32
162,-30.0764,-40.9987,97.381,821.086,0,32
162,-29.4797,-41.4298,50.8468,381.088,0,32
162,-29.4783,-41.4308,168.172,193.548,0,32
162,-28.6803,-41.9871,-44.2804,705,0,32
162,-28.6803,-41.9871,-37.4579,86,0,32
162,-22.67,-45.5143,161.86,358.75,0,32
162,-22.5097,-45.5938,250.389,2780.66,0,32
162,-22.5825,-45.5577,147.197,112.572,0,32
162,-19.9696,-46.7621,-21.9733,1007.99,0,32
162,-18.4778,-47.3714,299.53,227.757,0,32
162,-16.2896,-48.1677,12.593,3798.79,0,32
162,-16.1906,-48.2011,270.668,468.548,0,32
162,-15.0824,-48.5592,68.9243,175.772,0,32
162,-14.2773,-48.802,31.6564,380.338,0,32
162,-13.7482,-48.9537,-33.1776,123.813,0,32
162,-12.1363,-49.378,-71.2624,115.65,0,32
162,-11.1538,-49.6092,-72.2357,197.844,0,32
162,-9.09236,-50.0281,-59.24,663.031,0,32
162,-8.22026,-50.1787,97.8533,583.004,0,32
162,-7.24243,-50.3292,130.215,440.279,0,32
162,-7.25348,-50.3276,196.28,297.217,0,32
162,-6.00643,-50.4916,271.225,271.547,0,32
162,-4.25895,-50.6689,-46.651,161.747,0,32
162,-3.01419,-50.7582,275.16,114.754,0,32
162,-1.97031,-50.8094,-74.7656,350.948,0,32
162,8.34935,-50.1574,293.475,597.768,0,32
162,9.25856,-49.9976,158.565,145.664,0,32
162,10.0968,-49.835,78.495,446.474,0,32
162,10.6329,-49.7234,268.312,244.529,0,32
162,12.457,-49.2981,110.914,186.734,0,32
162,13.8153,-48.9348,135.872,444.366,0,32
162,14.657,-48.6893,86.5771,265.202,0,32
162,15.7619,-48.343,288.257,4435.82,0,32
162,15.8512,-48.3137,293.779,194,0,32
162,16.1373,-48.2189,275.259,933.559,0,32
162,17.6801,-47.6749,186.514,86.6625,0,32
162,18.4235,-47.3925,151.491,424.955,0,32
162,18.9842,-47.1707,155.287,589.031,0,32
162,18.9771,-47.1736,68.34,30.0555,0,32
162,20.3199,-46.6109,240.885,245.23,0,32
162,23.4779,-45.1028,-20.085,779.902,0,32
162,23.6938,-44.9898,228.011,339.738,0,32
162,24.2058,-44.7164,22.0343,303.31,0,32
162,26.6429,-43.3086,264.107,239.646,0,32
162,28.9462,-41.8043,90.0956,937.488,0,32
162,28.8913,-41.8422,108.559,1036.61,0,32
162,28.9831,-41.7787,300.566,2010.1,0,32
162,30.8557,-40.4154,280.854,711.868,0,32
162,31.0983,-40.229,-34.9705,610.032,0,32
162,35.0136,-36.8717,54.6139,347.818,0,32
162,35.4205,-36.481,177.675,275.97,0,32
162,35.4483,-36.454,84.6968,1820.43,0,32
162,36.6312,-35.2651,-80.322,778.684,0,32
162,38.1108,-33.6608,280.114,386.491,0,32
162,39.2946,-32.271,234.245,334.629,0,32
162,40.7626,-30.3956,53.7376,535.257,0,32
162,42.8519,-27.3713,-89.1385,969.8,0,32
162,42.9933,-27.1488,158.597,510.245,0,32
162,43.7425,-25.9244,143.524,1977.28,0,32
162,44.8311,-23.9928,-17.8741,701.856,0,32
162,47.3612,-18.5038,-94.3039,23688.6,0,32
162,46.9919,-19.4227,-91.5609,644.083,0,32
162,47.2508,-18.784,-89.045,356,0,32
162,47.5518,-18.0084,-88.2636,227,0,32
162,48.0448,-16.6486,-28.2452,2030.85,0,32
162,48.075,-16.5613,-68.6315,534.302,0,32
162,48.1689,-16.286,-85.8211,526.461,0,32
162,48.1642,-16.3,28.6693,701.862,0,32
162,48.3614,-15.7051,304.184,153.724,0,32
162,48.8167,-14.2272,139.585,546.85,0,32
162,50.1701,-8.27299,-38.508,73.1526,0,32
162,50.5752,-5.25627,193.168,180.257,0,32
162,50.7998,-2.20355,153.986,3863.27,0,32
162,50.8424,-0.727952,37.33,155.33,0,32
162,50.8366,1.05567,24.4574,171.388,0,32
162,50.7387,3.32534,-65.21,40818.3,0,32
162,50.7902,2.41457,299.428,964.908,0,32
162,50.7582,3.01422,-61.433,73,0,32
162,50.7164,3.65068,-53.0754,2960,0,32
162,50.5925,5.08744,-51.1913,1572,0,32
162,50.3408,7.16148,-82.6725,754.346,0,32
162,50.1419,8.44179,150.015,569.571,0,32
162,50.0447,9.00026,121.522,95.1738,0,32
162,49.9694,9.40938,120.986,204.273,0,32
162,49.4732,11.7422,209.174,554.595,0,32
162,49.4461,11.8558,33.279,192.923,0,32
162,49.0333,13.4615,-94.476,26.0277,0,32
162,48.4128,15.5459,302.61,232.551,0,32
162,48.1718,16.2774,-88.954,539.839,0,32
162,47.7763,17.4041,-53.5627,1024.05,0,32
162,47.7586,17.4526,70.4948,788.646,0,32
162,46.6541,20.2206,271.321,862.386,0,32
162,44.3236,24.9178,285.81,1450.18,0,32
162,43.9161,25.6292,242.066,393.069,0,32
162,43.2003,26.8181,211.406,1390.92,0,32
162,42.8047,27.4451,-54.1556,554.052,0,32
162,42.5638,27.8172,94.1388,433.589,0,32
162,41.7869,28.9713,276.057,1074.73,0,32
162,41.4828,29.405,-37.9466,420.895,0,32
162,39.8572,31.5734,286.223,809.055,0,32
162,39.1872,32.4012,244.315,391.346,0,32
162,38.2521,33.5001,94.5308,418.166,0,32
162,36.4274,35.4756,35.9765,231.158,0,32
162,36.5638,35.3351,43.0553,239.068,0,32
162,33.0788,38.617,170.926,1120.92,0,32
162,32.9754,38.7053,217.588,41.0694,0,32
162,32.5185,39.09,-52.1616,2767.98,0,32
162,30.0763,40.9987,200.853,4222.95,0,32
162,30.2063,40.903,-99.564,28.0987,0,32
162,29.7756,41.2176,48.4977,401.84,0,32
162,27.783,42.5862,117.493,366.479,0,32
162,26.7966,43.2137,199.961,278.267,0,32
162,25.0231,44.2642,53.7825,320.729,0,32
162,22.6581,45.5202,24.5383,1125.55,0,32
162,22.0218,45.8314,194.923,122.777,0,32
162,20.261,46.6366,138.052,654.846,0,32
162,19.8463,46.8146,197.418,244.345,0,32
162,15.0196,48.5787,-50.2489,267.717,0,32
162,14.3284,48.787,299.371,12337,0,32
162,14.6607,48.6882,304.182,203,0,32
162,12.5925,49.2637,-97.7543,295.361,0,32
162,8.6728,50.1025,230.632,1065.72,0,32
162,8.1802,50.1853,-86.5356,253,0,32
162,8.1802,50.1853,-83.6591,43,0,32
162,7.5952,50.2771,47.2309,132.81,0,32
162,7.00058,50.3634,113.304,279.973,0,32
162,5.36435,50.5638,185.867,1017.96,0,32
162,4.88922,50.612,164.602,192.007,0,32
162,2.65544,50.7782,120.619,263.486,0,32
162,0.863657,50.8403,-72.6497,786.787,0,32
162,1.35181,50.8296,109.831,308.805,0,32
162,0.631453,50.8437,120,888.474,0,32
162,-0.249288,50.847,94.6581,602.204,0,32
162,-5.43592,50.5562,280.21,254.383,0,32
162,-9.75641,49.9028,260.057,188.022,0,32
162,-10.8283,49.6812,-26.8441,1282.84,0,32
162,-12.1929,49.3641,280.759,499.314,0,32
162,-14.4396,48.7542,-47.2244,1276.54,0,32
162,-15.8347,48.3192,-98.0897,892.08,0,32
162,-16.1487,48.2151,249.903,587.711,0,32
162,-16.9519,47.9386,-53.9087,176.817,0,32
162,-18.1141,47.5116,265.774,3289.18,0,32
162,-18.5456,47.3449,304.253,1406.77,0,32
162,-21.6269,46.0191,304.158,671.639,0,32
162,-23.8067,44.9302,304.483,364.34,0,32
162,-23.9871,44.8341,258.445,142.627,0,32
162,-24.5055,44.5529,46.6105,223.404,0,32
162,-25.9465,43.7294,-97.8026,136.442,0,32
162,-28.3695,42.1978,64.8367,144.735,0,32
162,-32.8516,38.8104,291.008,374.519,0,32
162,-33.2923,38.4331,-90.9838,871.949,0,32
162,-33.9225,37.878,143.092,1453.74,0,32
162,-35.0442,36.8427,248.67,740.752,0,32
162,-37.0999,34.7718,-104.673,613.58,0,32
162,-38.5277,33.1827,305.549,331.469,0,32
162,-39.4765,32.0481,-104.656,554.869,0,32
162,-40.0145,31.3739,262.158,914.679,0,32
162,-42.4276,28.0246,-65.3368,2879.63,0,32
162,-43.9107,25.6384,-20.1016,383.318,0,32
162,-43.9683,25.5396,59.1276,510.554,0,32
162,-44.0018,25.4818,229.832,2800.71,0,32
162,-43.9875,25.5064,207.597,1205.25,0,32
162,-44.2188,25.1032,266.853,449.046,0,32
162,-44.856,23.9461,-43.632,708.262,0,32
162,-45.0864,23.5095,85.3,25.111,0,32
162,-45.388,22.9217,208.105,588.077,0,32
162,-45.9211,21.8341,-56.1234,60.6142,0,32
162,-47.8401,17.2279,-103.194,123.4,0,32
162,-48.0576,16.6116,271.961,197.193,0,32
162,-49.1948,12.8587,-19.852,22.0139,0,32
162,-50.0142,9.16816,-28.0377,574.586,0,32
162,-50.0447,9.00023,304.415,237,0,32
162,-50.1877,8.16551,-81.4637,420.042,0,32
162,-50.3708,6.94722,286.172,310.527,0,32
162,-50.6128,4.88041,140.615,139.171,0,32
162,-50.7305,3.44906,-5.26874,317.015,0,32
162,-50.7219,3.57308,8.28499,81.5964,0,32
162,-50.7851,2.51983,8.60577,462.552,0,32
162,-50.7701,2.80653,-96.8326,164.436,0,32
162,-50.8475,0.103984,216.157,98.5393,0,32
162,-48.9858,-13.6333,95.1305,1157.11,1,32
162,-48.8523,-14.1045,100.71,633.397,1,32
162,-48.7203,-14.5539,-97.0759,358.463,1,32
162,-48.7172,-14.5641,-276.501,575.184,1,32
162,-48.4189,-15.5269,-292.415,153.723,1,32
162,-47.5148,-18.106,-90.3093,649.37,1,32
162,-47.287,-18.6928,105.088,205.077,1,32
162,-46.8253,-19.8208,-119.167,339.031,1,32
162,-46.6315,-20.2727,61.35,540.571,1,32
162,-46.5274,-20.5104,62.9612,104.463,1,32
162,-42.6911,-27.6215,-299.872,321.798,1,32
162,-42.1625,-28.4219,-223.789,818.16,1,32
162,-36.4788,-35.4228,-293.542,2741.36,1,32
162,-36.4657,-35.4363,-92.3438,95.4349,1,32
162,-34.4858,-37.3659,-95.147,143.599,1,32
162,-34.0309,-37.7807,-300.65,257.273,1,32
162,-31.9885,-39.5249,-287.493,395.779,1,32
162,-31.7877,-39.6865,9.94957,492.066,1,32
162,-31.1248,-40.2085,65.8014,334.913,1,32
162,-28.3637,-42.2017,-11.8126,1149.86,1,32
162,-27.7202,-42.6271,-295.386,1885.86,1,32
162,-27.0535,-43.0533,101.877,315.218,1,32
162,-27.008,-43.0818,-282.818,446.693,1,32
162,-24.4267,-44.5961,87.3045,242.464,1,32
162,-24.4267,-44.5961,-264.837,67.5012,1,32
162,-24.4267,-44.5961,-302.52,79.8933,1,32
162,-20.1124,-46.7009,56.5345,373.57,1,32
162,-15.6534,-48.3782,-111.778,190.923,1,32
162,-13.6619,-48.9779,-65.111,154.5,1,32
162,-12.573,-49.2686,-271.164,220.54,1,32
162,-12.0521,-49.3986,-257.061,78.0819,1,32
162,-7.85036,-50.2379,-255.569,1727.73,1,32
162,-7.60739,-50.2753,-22.0881,1983.39,1,32
162,-7.06889,-50.3538,-41.6182,864.168,1,32
162,-6.59446,-50.4182,-290.092,125.464,1,32
162,-6.16201,-50.4728,-239.201,204.756,1,32
162,-5.26576,-50.5742,80.0865,497.385,1,32
162,-5.50114,-50.5491,-289.668,27.0744,1,32
162,-5.08741,-50.5925,-190.876,22.288,1,32
162,-3.23377,-50.7447,87.8224,777.575,1,32
162,-2.20202,-50.7999,105.37,321.691,1,32
162,-2.17903,-50.8009,-271.858,436.274,1,32
162,0.56304,-50.8445,-93.9451,101.755,1,32
162,3.73301,-50.7104,74.0989,818.072,1,32
162,4.7698,-50.6234,-298.996,56.3745,1,32
162,6.86601,-50.3819,41.9837,126.543,1,32
162,11.3239,-49.5706,87.2356,524.296,1,32
162,11.1527,-49.6094,-202.579,145.752,1,32
162,11.5027,-49.5295,-82.0958,329.008,1,32
162,13.6855,-48.9713,-285.129,249.71,1,32
162,15.1266,-48.5455,-45.2176,159.694,1,32
162,17.289,-47.8181,-16.3323,83.536,1,32
162,18.7211,-47.2758,-292.816,151.5,1,32
162,18.8032,-47.2432,-132.178,587.338,1,32
162,25.8665,-43.7767,-67.1711,228.848,1,32
162,26.1714,-43.5952,31.4633,85.8898,1,32
162,26.4237,-43.4427,-90.6212,4018.7,1,32
162,26.408,-43.4522,-98.7476,863,1,32
162,27.5683,-42.7255,-259.786,681.951,1,32
162,29.1302,-41.6763,-281.841,187.349,1,32
162,30.9125,-40.372,-303.286,204.519,1,32
162,32.511,-39.0962,-281.073,272.415,1,32
162,33.507,-38.2461,-236.81,90.6608,1,32
162,33.8055,-37.9824,-237.571,252.835,1,32
162,34.7627,-37.1084,-36.7818,838.175,1,32
162,35.1184,-36.772,-271.424,1346.66,1,32
162,35.5563,-36.3487,-254.489,468.696,1,32
162,35.6594,-36.2476,-255.748,79.8349,1,32
162,36.2718,-35.6347,19.3243,126.032,1,32
162,36.9635,-34.9167,-203.745,361.702,1,32
162,41.7507,-29.0234,-38.7738,79.4111,1,32
162,43.2321,-26.7669,-257.556,1471.09,1,32
162,43.7394,-25.9295,-207.836,82.2447,1,32
162,43.7879,-25.8476,-16.8039,172.508,1,32
162,43.9357,-25.5956,-17.6528,47.9467,1,32
162,44.5905,-24.437,-290.498,2705.92,1,32
162,46.9094,-19.621,-181.225,717.784,1,32
162,46.9729,-19.4686,-81.4189,322.112,1,32
162,47.9033,-17.0515,17.3749,324.324,1,32
162,47.9257,-16.9885,-185.08,605.838,1,32
162,48.9701,-13.6899,-92.8512,202.427,1,32
162,50.0277,-9.0945,43.0786,600.554,1,32
162,50.2522,-7.75869,-189.903,312.328,1,32
162,50.5969,-5.04339,-298.337,1141.81,1,32
162,50.6709,-4.23492,-286.839,382.932,1,32
162,50.6722,-4.21981,-275.194,505.508,1,32
162,50.7015,-3.85222,22.8149,164.305,1,32
162,50.7175,-3.63546,25.3734,294.325,1,32
162,50.811,-1.92807,-186.676,630.139,1,32
162,50.7098,3.74072,-112.436,42.1617,1,32
162,50.6689,4.25898,-112.012,44.2635,1,32
162,50.5303,5.67177,-264.041,269.703,1,32
162,50.4524,6.32751,-157.891,176.894,1,32
162,50.4524,6.32751,-263.907,125.552,1,32
162,50.3831,6.8569,-228.746,698.943,1,32
162,50.3584,7.03664,-265.973,341.002,1,32
162,50.2374,7.85411,-140.869,558.563,1,32
162,49.7786,10.3714,-292.968,346.78,1,32
162,49.7585,10.4674,17.3585,851.91,1,32
162,49.7601,10.4601,-83.0225,2020.14,1,32
162,48.9615,13.7204,-239.806,805,1,32
162,48.8436,14.1343,89.5236,1588.39,1,32
162,48.7989,14.288,-239.09,198.931,1,32
162,48.7478,14.4615,-121.73,327.17,1,32
162,48.6516,14.7817,-238.278,161.861,1,32
162,48.6278,14.8598,-121.106,61.6281,1,32
162,47.684,17.6555,96.7335,584.946,1,32
162,46.8933,19.6594,42.38,329.314,1,32
162,46.3679,20.8686,-262.105,824.186,1,32
162,45.2034,23.2838,-239.274,483.943,1,32
162,43.584,26.1899,-25.0944,424.303,1,32
162,43.5131,26.3075,-105.666,1125.83,1,32
162,43.065,27.0349,81.3625,1215.55,1,32
162,42.8906,27.3107,-232.702,2015.91,1,32
162,42.7845,27.4766,-60.1167,907.364,1,32
162,38.6652,33.0224,-119.515,1002.9,1,32
162,37.3601,34.492,-303.028,326.163,1,32
162,36.4657,35.4363,-49.4387,85.0355,1,32
162,36.1746,35.7334,-49.7039,913.075,1,32
162,35.6636,36.2434,-250.974,210.973,1,32
162,35.1808,36.7122,-259.804,239.798,1,32
162,35.0839,36.8049,74.7548,1472.5,1,32
162,34.3506,37.4902,17.8899,553.361,1,32
162,32.6082,39.0152,-270.596,310.779,1,32
162,32.1934,39.3581,-262.094,889.82,1,32
162,29.7021,41.2706,65.1384,207.235,1,32
162,28.6611,42.0002,-129.709,1079.78,1,32
162,27.3905,42.8397,54.461,269.779,1,32
162,26.23,43.5599,-279.968,210.528,1,32
162,16.8242,47.9836,-56.2416,240.916,1,32
162,12.4467,49.3007,-79.2967,536.13,1,32
162,11.3123,49.5733,-152.212,615.834,1,32
162,9.00023,50.0447,-282.46,1.07308,1,32
162,5.56168,50.5425,-133.229,6938.53,1,32
162,5.50114,50.5491,-140.784,648,1,32
162,5.50114,50.5491,-146.78,21,1,32
162,-1.76764,50.8169,-35.6579,273.005,1,32
162,-11.8884,49.4383,-279.818,250.008,1,32
162,-14.1829,48.8295,67.6098,181.195,1,32
162,-15.6686,48.3733,95.5418,560.599,1,32
162,-18.2937,47.4428,62.8866,248.146,1,32
162,-19.12,47.1158,-54.9382,402.352,1,32
162,-19.4482,46.9813,58.86,47.4438,1,32
162,-19.6879,46.8814,-147.845,1326.74,1,32
162,-19.9301,46.7789,-266.14,244.717,1,32
162,-21.1686,46.2317,-67.2108,374.945,1,32
162,-22.9545,45.3715,31.6837,511.242,1,32
162,-22.7687,45.465,-107.216,193,1,32
162,-27.297,42.8993,-254.838,576.133,1,32
162,-29.3634,41.5122,-282.592,133.744,1,32
162,-29.8707,41.1488,-267.401,71.6666,1,32
162,-32.154,39.3903,-112.053,811.914,1,32
162,-32.6336,38.9939,100.862,286.771,1,32
162,-37.9861,33.8014,-46.4363,403.949,1,32
162,-37.7454,34.07,-141.938,71.4422,1,32
162,-37.8114,33.9967,-291.953,145.006,1,32
162,-43.1191,26.9485,-17.1679,789.604,1,32
162,-43.7567,25.9003,17.8142,372.633,1,32
162,-43.8785,25.6935,19.004,21.023,1,32
162,-44.1341,25.2519,19.4752,189.856,1,32
162,-45.2208,23.2499,-168.108,4277.58,1,32
162,-45.0995,23.4843,-271.014,301.758,1,32
162,-46.0135,21.6389,80.0118,858.517,1,32
162,-46.4431,20.7006,-35.0742,100.768,1,32
162,-47.0586,19.2604,94.3566,323.696,1,32
162,-47.3712,18.4782,-90.6002,170.388,1,32
162,-48.2142,16.1515,-252.487,630.893,1,32
162,-48.5062,15.2521,-101.126,847.29,1,32
162,-49.9721,9.39525,-35.1757,1745.93,1,32
162,-50.0537,8.95,-139.547,1186.12,1,32
162,-50.1734,8.25295,32.0578,660.336,1,32
162,-50.2751,7.60905,-202.487,274.631,1,32
162,-50.6488,4.49166,-134.178,491.17,1,32
162,-50.8439,0.614261,-153.378,1131.5,1,32
162,-50.837,1.03618,-141.085,145.978,1,32
162,-50.8446,0.549418,67.5494,297.333,1,32
162,-51.868,-0.133525,9.3696,397.134,0,33
162,-51.8675,-0.263152,215.86,313.424,0,33
162,-51.8468,-1.48856,144.041,147.975,0,33
162,-51.7033,-4.133,296.391,310.795,0,33
162,-51.6351,-4.91156,89.2291,370.486,0,33
162,-51.6192,-5.07588,296.452,65.1126,0,33
162,-51.4219,-6.78977,270.087,1083.52,0,33
162,-50.6623,-11.1195,17.8437,720.187,0,33
162,-50.6534,-11.1598,244.926,511.93,0,33
162,-49.635,-15.0557,-91.1502,651.864,0,33
162,-49.2142,-16.3791,14.1578,817.192,0,33
162,-48.9611,-17.1207,14.4447,368.226,0,33
162,-48.669,-17.9343,14.7547,189.339,0,33
162,-48.4946,-18.4007,252.25,4885.23,0,33
162,-48.3966,-18.6568,-67.8188,406.582,0,33
162,-48.1216,-19.3551,286.272,189.031,0,33
162,-47.8337,-20.0562,50.7381,229.741,0,33
162,-47.4568,-20.9323,-15.8296,124.653,0,33
162,-47.3891,-21.0852,-20.165,150.917,0,33
162,-47.0901,-21.7447,-28.6798,261.543,0,33
162,-46.8298,-22.2998,-50.3004,749.787,0,33
162,-46.2359,-23.5064,119.956,216.178,0,33
162,-45.7528,-24.4334,289.759,882.117,0,33
162,-45.618,-24.6842,165.623,561.374,0,33
162,-45.0923,-25.6319,299.479,3922.27,0,33
162,-44.6585,-26.3805,157,1524.07,0,33
162,-42.1566,-30.218,236.276,889.514,0,33
162,-41.9747,-30.4702,49.4436,77.7662,0,33
162,-41.4973,-31.1173,-81.7696,899.569,0,33
162,-41.4979,-31.1165,304.359,712.05,0,33
162,-39.9398,-33.0926,-22.4529,261.759,0,33
162,-37.74,-35.5809,203.939,569.273,0,33
162,-37.7105,-35.6122,187.215,552.968,0,33
162,-37.4921,-35.842,63.676,30.182,0,33
162,-34.0159,-39.1565,18.2496,1950.84,0,33
162,-30.0711,-42.2616,95.951,519.025,0,33
162,-29.9528,-42.3455,50.108,23.0828,0,33
162,-29.5319,-42.6401,49.7525,858.14,0,33
162,-29.2224,-42.8528,168.466,545.768,0,33
162,-22.8836,-46.5473,145.857,767.349,0,33
162,-19.8679,-47.9122,-23.3458,232.586,0,33
162,-19.4898,-48.0672,-24.2403,146.041,0,33
162,-19.1961,-48.1853,299.802,361.894,0,33
162,-16.759,-49.0861,10.7348,1119.8,0,33
162,-16.2502,-49.2569,269.795,883.526,0,33
162,-14.6412,-49.7589,-33.3821,558.527,0,33
162,-15.2476,-49.5764,68.34,68.5393,0,33
162,-14.2264,-49.879,30.9937,371.49,0,33
162,-12.6914,-50.2915,-70.9564,440.519,0,33
162,-9.49445,-50.9918,-59.5475,374.148,0,33
162,-8.48747,-51.1691,96.7222,640.35,0,33
162,-7.63199,-51.3036,196.113,193.388,0,33
162,-7.08555,-51.382,129.36,249.714,0,33
162,-6.45448,-51.465,270.221,134.645,0,33
162,-4.70812,-51.6541,-46.8798,96.8701,0,33
162,-2.83143,-51.7909,-74.8486,391.453,0,33
162,-3.07468,-51.777,274.243,68.3606,0,33
162,9.33499,-51.0213,158.328,91.85,0,33
162,10.6834,-50.756,266.621,281.224,0,33
162,11.4629,-50.5857,110.646,1023.86,0,33
162,13.9186,-49.9658,135.135,321.287,0,33
162,14.3784,-49.8354,86.148,138.374,0,33
162,16.169,-49.2836,287.182,2132.33,0,33
162,16.3486,-49.2243,274.147,850.727,0,33
162,18.1294,-48.5966,186.096,105.663,0,33
162,19.2447,-48.1659,149.446,1129.87,0,33
162,19.6116,-48.0177,67.8312,371.545,0,33
162,21.1161,-47.3753,239.077,66.4708,0,33
162,24.234,-45.8587,-20.2988,353.293,0,33
162,24.5757,-45.6765,227.913,159.317,0,33
162,25.1761,-45.3484,21.2655,350.043,0,33
162,26.2221,-44.7517,270.567,895.813,0,33
162,26.9722,-44.3036,261.848,1005.19,0,33
162,29.2651,-42.8237,299.849,2032.12,0,33
162,29.7667,-42.4765,89.8456,398.728,0,33
162,29.7862,-42.4629,107.168,532.842,0,33
162,31.758,-41.009,279.343,5008.64,0,33
162,32.0853,-40.7534,-35.7519,862.662,0,33
162,35.6883,-37.6385,54.3974,197.367,0,33
162,36.3133,-37.0358,82.617,276.793,0,33
162,39.8956,-33.146,114.377,484.47,0,33
162,40.322,-32.6258,231.863,500.54,0,33
162,41.516,-31.0923,52.6446,1154.12,0,33
162,43.9905,-27.4799,157.38,31.2341,0,33
162,45.0298,-25.7416,142.266,1251.41,0,33
162,45.6836,-24.5625,-18.833,1466.47,0,33
162,47.9167,-19.8571,-93.1601,557.008,0,33
162,49.4029,-15.8009,-90.1889,42459,0,33
162,48.8004,-17.5737,-88.7554,63,0,33
162,49.0412,-16.8899,-87.2562,599.403,0,33
162,49.0814,-16.7729,-83.452,24,0,33
162,49.1921,-16.4452,26.6516,284.644,0,33
162,49.5463,-15.345,139.29,495.375,0,33
162,49.3074,-16.0962,303.771,385.251,0,33
162,49.5566,-15.312,-79.8692,2713,0,33
162,49.8452,-14.3444,-82.831,310,0,33
162,49.9609,-13.9361,-82.1136,262,0,33
162,50.3103,-12.6169,-86.1203,8611.71,0,33
162,50.2879,-12.7058,-79.5674,470,0,33
162,51.0843,-8.98384,-38.7741,568.292,0,33
162,51.4281,-6.74253,192.963,451.421,0,33
162,51.8535,-1.23289,-71.4648,44757.7,0,33
162,51.7978,-2.70166,152.834,2802.62,0,33
162,51.7891,-2.86286,-71.156,13.8968,0,33
162,51.8614,-0.842299,36.9446,567.235,0,33
162,51.8508,1.34186,24.0423,290.71,0,33
162,51.7976,2.70447,299.092,223.366,0,33
162,51.6487,4.76717,305.461,165.736,0,33
162,51.0492,9.18091,150.596,36.2325,0,33
162,51.0492,9.18091,209.108,43.1404,0,33
162,50.9649,9.63816,120.315,522.74,0,33
162,50.9678,9.62255,150.337,214.563,0,33
162,50.9417,9.75989,209.108,116.307,0,33
162,50.7929,10.5068,209.16,487.828,0,33
162,49.9096,14.1188,-95.1568,397.953,0,33
162,49.6479,15.0131,292.317,371.838,0,33
162,49.4353,15.699,301.26,281.065,0,33
162,49.2458,16.2838,-89.9301,456.485,0,33
162,49.0404,16.8922,-52.9744,403.967,0,33
162,48.7441,17.7291,69.7364,428.261,0,33
162,47.5314,20.7623,268.979,520.355,0,33
162,45.3051,25.2539,283.711,659.008,0,33
162,44.7925,26.1522,241.425,151.303,0,33
162,44.2331,27.0878,210.807,1040.28,0,33
162,43.6884,27.9577,-54.933,237.652,0,33
162,43.5139,28.2286,93.7682,643.761,0,33
162,42.3608,29.9312,274.119,574.002,0,33
162,42.2738,30.0539,-38.3473,311.59,0,33
162,41.5928,30.9896,282.998,743.118,0,33
162,41.1581,31.5646,284.064,746.206,0,33
162,39.8596,33.1892,242.952,828.219,0,33
162,38.5431,34.7094,94.3431,74.4821,0,33
162,38.3044,34.9727,175.056,401.968,0,33
162,37.5633,35.7674,42.9679,350.679,0,33
162,36.0085,37.3323,143.809,775.624,0,33
162,33.1821,39.8655,168.241,692.638,0,33
162,32.4781,40.4411,-18.4132,934.123,0,33
162,31.0746,41.5292,200.916,4619.94,0,33
162,30.4702,41.9747,48.5242,87.3626,0,33
162,29.7092,42.5168,-99.6966,387.183,0,33
162,28.7235,43.1888,116.256,110.827,0,33
162,27.5864,43.9238,199.78,54.1942,0,33
162,23.305,46.3378,22.5817,528.588,0,33
162,22.9753,46.5021,195.166,690.282,0,33
162,20.3981,47.6889,137.605,81.5082,0,33
162,20.0463,47.8378,197.05,248.721,0,33
162,15.1969,49.592,300.166,12451.6,0,33
162,15.5166,49.4929,304.761,208,0,33
162,15.0899,49.6247,-51.529,203.905,0,33
162,14.955,49.6655,304.908,173,0,33
162,12.9114,50.2355,-97.868,45.1526,0,33
162,8.38521,51.1859,-92.407,452.362,0,33
162,8.25869,51.2065,230.107,762.091,0,33
162,8.05924,51.2383,46.8606,127.761,0,33
162,7.43927,51.3319,112.211,517.817,0,33
162,7.24451,51.3598,174.142,1275.51,0,33
162,6.35156,51.4778,185.318,391.654,0,33
162,4.79985,51.6456,164.224,201.038,0,33
162,3.38707,51.7575,120.304,1170.93,0,33
162,0.756477,51.8627,108.287,536.497,0,33
162,0.747515,51.8628,117.557,1000.88,0,33
162,0.16304,51.8679,-73.5972,437.903,0,33
162,0.0040964,51.8682,289.847,593.639,0,33
162,-0.115713,51.8681,94.3848,380.363,0,33
162,-5.82247,51.5404,279.262,64.7432,0,33
162,-10.2824,50.8388,258.297,506.178,0,33
162,-11.171,50.6509,-28.3234,150.61,0,33
162,-12.6469,50.3027,279.243,73.3312,0,33
162,-14.6156,49.7664,-49.5913,1200.96,0,33
162,-15.9921,49.3413,248.842,851.699,0,33
162,-16.0177,49.333,-97.8729,2285.17,0,33
162,-17.4162,48.8568,-54.1658,364.997,0,33
162,-18.2298,48.5591,264.777,4065.03,0,33
162,-19.1431,48.2064,265.103,898.767,0,33
162,-19.3842,48.1099,303.808,158.388,0,33
162,-20.0198,47.8489,303.459,190.431,0,33
162,-21.3973,47.249,302.938,261.626,0,33
162,-23.7421,46.1153,304.126,252.41,0,33
162,-24.7259,45.5954,46.0062,68.4976,0,33
162,-26.5588,44.5527,-98.0893,866.919,0,33
162,-28.8703,43.0908,64.8044,186.228,0,33
162,-29.256,42.8299,277.796,33.1648,0,33
162,-33.8846,39.2702,-92.8599,722.523,0,33
162,-33.8611,39.2904,296.41,387.939,0,33
162,-34.4473,38.7775,142.416,488.752,0,33
162,-35.2238,38.0736,291.015,246.806,0,33
162,-35.7027,37.6248,248.237,523.041,0,33
162,-37.5048,35.8288,-105.443,325.523,0,33
162,-38.9266,34.2788,305.78,34.0555,0,33
162,-40.0874,32.9137,-104.629,495.974,0,33
162,-43.1372,28.8009,-65.1599,1534.16,0,33
162,-44.5147,26.6224,59.3254,507.17,0,33
162,-45.0063,25.7825,207.211,547.421,0,33
162,-44.9938,25.8043,265.814,1295.25,0,33
162,-45.103,25.6131,228.152,259.529,0,33
162,-45.8179,24.3111,-45.3502,1627.79,0,33
162,-46.1006,23.7707,84.9056,474.46,0,33
162,-46.1904,23.5958,208.205,1366.83,0,33
162,-47.7973,20.1427,110.497,57.6602,0,33
162,-49.0123,16.9735,272.284,32.0555,0,33
162,-49.9825,13.8587,-21.972,66.3434,0,33
162,-51.1275,8.73439,-27.7045,198.108,0,33
162,-51.1726,8.46627,299.518,408.173,0,33
162,-51.2321,8.09849,-82.509,449.987,0,33
162,-51.3636,7.21714,285.625,286.957,0,33
162,-51.764,3.28646,-6.50803,125.278,0,33
162,-51.833,1.91154,305.78,43.0139,0,33
162,-51.8429,1.62091,8.87126,292.734,0,33
162,-51.8664,0.435135,9.34526,483.711,0,33
162,-50.1823,-13.1168,96.6021,1857.11,1,33
162,-47.6309,-20.5331,62.4155,93.8481,1,33
162,-47.6309,-20.5331,-116.915,320.593,1,33
162,-45.4912,-24.917,-34.339,281.363,1,33
162,-37.0495,-36.2994,-292.027,162.202,1,33
162,-35.058,-38.2263,-94.8061,295.375,1,33
162,-34.5788,-38.6603,-299.121,284.684,1,33
162,-33.3325,-39.7398,-286.882,642.427,1,33
162,-32.0516,-40.78,11.6537,501.272,1,33
162,-31.9604,-40.8514,67.1239,308.309,1,33
162,-29.464,-42.687,-9.9254,381.107,1,33
162,-27.8727,-43.7427,101.873,475.516,1,33
162,-27.9098,-43.719,-294.699,332.561,1,33
162,-27.684,-43.8623,-281.935,567.638,1,33
162,-24.917,-45.4912,-302.193,134.934,1,33
162,-20.726,-47.5473,57.34,578.093,1,33
162,-16.0583,-49.3198,-112.862,508.551,1,33
162,-12.1594,-50.4228,-255.188,760.261,1,33
162,-11.9271,-50.4783,92.3178,715,1,33
162,-7.77005,-51.2829,-290.324,445.907,1,33
162,-7.73515,-51.2882,-19.9321,2138.02,1,33
162,-7.32445,-51.3484,-40.0124,1642.4,1,33
162,-6.99602,-51.3942,-238.332,590.063,1,33
162,-5.59503,-51.5655,-190.628,268.109,1,33
162,-3.45061,-51.7533,88.2651,247.585,1,33
162,-2.70057,-51.7978,-270.662,593.43,1,33
162,-1.97095,-51.8307,105.5,120,1,33
162,0.464319,-51.8661,-93.6726,106.633,1,33
162,3.63188,-51.7409,75.7606,754.772,1,33
162,4.59505,-51.6643,-298.349,551.463,1,33
162,7.5057,-51.3223,41.6738,98.7424,1,33
162,10.8357,-50.7237,-202.405,398.92,1,33
162,11.6367,-50.546,87.2893,575.093,1,33
162,11.9964,-50.4618,-81.6821,191.646,1,33
162,12.6177,-50.3101,-305.686,1174.93,1,33
162,14.1997,-49.8867,-284.358,228.172,1,33
162,15.3693,-49.5388,-44.0112,558.435,1,33
162,17.5653,-48.8034,-15.6489,1050.37,1,33
162,18.674,-48.39,-292.477,192.025,1,33
162,19.2344,-48.17,-131.469,506.933,1,33
162,21.1161,-47.3753,-284.859,361.779,1,33
162,23.1772,-46.4018,-205.901,252.465,1,33
162,26.3104,-44.6998,32.4118,797.634,1,33
162,26.563,-44.5502,-90.3149,3272.09,1,33
162,26.6507,-44.4978,-67.068,55.0693,1,33
162,27.5053,-43.9746,-258.651,920.37,1,33
162,29.8018,-42.4519,-280.88,565.114,1,33
162,31.4613,-41.2371,-182.386,1110.55,1,33
162,33.07,-39.9585,-281.32,408.963,1,33
162,33.624,-39.4935,-235.441,1677.54,1,33
162,35.0964,-38.191,-36.1502,1005.23,1,33
162,36.0546,-37.2878,-253.405,477.758,1,33
162,35.9593,-37.3797,-269.762,558.985,1,33
162,36.1404,-37.2046,-76.2926,320.977,1,33
162,37.0913,-36.2566,20.8898,224.996,1,33
162,42.3369,-29.965,-38.5622,168.926,1,33
162,44.2064,-27.1312,-14.3092,410.143,1,33
162,44.175,-27.1823,-256.161,1420.4,1,33
162,44.5175,-26.6178,-15.9903,107.823,1,33
162,44.7212,-26.274,-207.919,144.511,1,33
162,45.6699,-24.588,49.7082,765.074,1,33
162,47.4051,-21.0492,-180.785,686.733,1,33
162,47.9803,-19.7029,-81.0371,192.388,1,33
162,49.0123,-16.9735,17.732,27.1265,1,33
162,49.9813,-13.8627,-92.6042,108.89,1,33
162,50.4367,-12.1016,-252.887,955.685,1,33
162,51.0819,-8.99735,43.9409,1023.52,1,33
162,51.1918,-8.34947,-189.914,205.314,1,33
162,51.6773,-4.44611,23.0454,325.739,1,33
162,51.6895,-4.30236,-275.371,161.519,1,33
162,51.7118,-4.02538,-286.089,154.048,1,33
162,51.7738,-3.12803,25.5547,300.213,1,33
162,51.8438,-1.59103,-184.566,147.675,1,33
162,51.462,6.47847,-157.321,283.165,1,33
162,51.4422,6.63442,-227.851,542.197,1,33
162,51.3657,7.20237,-264.683,498.13,1,33
162,51.2634,7.89788,-138.668,1031.82,1,33
162,50.7783,10.577,-82.3084,539.707,1,33
162,50.7692,10.6206,-292.215,631.778,1,33
162,50.7441,10.7397,17.7226,415.247,1,33
162,49.7647,14.6215,91.2941,872.056,1,33
162,49.4543,15.6391,-120.06,558.717,1,33
162,49.4781,15.5637,-237.49,545.951,1,33
162,49.2919,16.1437,-236.879,387.396,1,33
162,49.112,16.6831,-236.11,409.478,1,33
162,48.581,18.1713,97.8505,125.652,1,33
162,47.2016,21.5016,-261.101,1075.71,1,33
162,46.2256,23.5266,-236.969,901.717,1,33
162,44.5033,26.6414,-105.547,1144.11,1,33
162,44.5433,26.5745,-23.5635,77.8867,1,33
162,43.9618,27.5259,83.1591,1571.93,1,33
162,43.8778,27.6596,-230.425,1585.88,1,33
162,43.2331,28.6568,-59.7291,171.761,1,33
162,39.3378,33.8061,-117.162,827.26,1,33
162,37.0954,36.2525,-50.3384,2766.97,1,33
162,36.9602,36.3903,-261.954,562.06,1,33
162,36.127,37.2176,-259.079,576.377,1,33
162,35.7053,37.6223,75.7478,3526.11,1,33
162,35.2237,38.0736,17.732,33.0139,1,33
162,33.1073,39.9276,-270.958,254.726,1,33
162,32.9516,40.0562,-260.634,1618.37,1,33
162,28.16,43.5583,55.5586,364.51,1,33
162,26.6785,44.4811,-279.037,475.851,1,33
162,17.3739,48.8718,-55.2228,131.703,1,33
162,12.3101,50.3862,-77.2512,268.12,1,33
162,11.7976,50.5087,-151.229,306.959,1,33
162,9.17725,51.0499,-278.689,676.236,1,33
162,-1.92113,51.8326,-35.2273,469.974,1,33
162,-11.7473,50.5204,-278.699,1006.47,1,33
162,-14.8957,49.6833,67.3328,553.121,1,33
162,-16.2601,49.2536,96.4783,4153.48,1,33
162,-18.4276,48.4844,64.0014,431.716,1,33
162,-19.5547,48.0409,59.4496,56.2791,1,33
162,-21.5031,47.2009,-66.6199,303.49,1,33
162,-22.0934,46.9275,14.16,490.303,1,33
162,-22.2943,46.8324,88.3942,2075.77,1,33
162,-22.8088,46.584,-100.493,291.337,1,33
162,-24.1465,45.9049,32.5381,1301.57,1,33
162,-25.3801,45.2345,-290.742,113.735,1,33
162,-28.4212,43.3883,-252.917,755.319,1,33
162,-30.1258,42.2226,-266.952,62.7602,1,33
162,-30.1258,42.2226,-281.415,75.4904,1,33
162,-30.6229,41.8634,-280.956,100.543,1,33
162,-32.8707,40.1226,-110.981,833.064,1,33
162,-33.331,39.7411,100.943,466.918,1,33
162,-38.8434,34.373,54.4151,1437.76,1,33
162,-38.6238,34.6195,-141.243,316.907,1,33
162,-38.674,34.5634,-291.238,121.693,1,33
162,-39.321,33.8255,-305.677,362.221,1,33
162,-45.1941,25.4519,20.1465,387.496,1,33
162,-45.4185,25.0493,21.0018,73.3747,1,33
162,-45.9486,24.0632,-168.989,1567.47,1,33
162,-45.8928,24.1693,-270.439,82.4544,1,33
162,-46.0927,23.7859,-294.999,985.743,1,33
162,-46.8132,22.3347,80.3902,366.986,1,33
162,-47.633,20.5283,94.6987,363.913,1,33
162,-48.2954,18.9174,-90.568,233.354,1,33
162,-49.3104,16.0871,-250.778,287.004,1,33
162,-50.8844,10.0544,-138.859,164.622,1,33
162,-50.8801,10.076,-263.126,165.278,1,33
162,-51.121,8.77247,34.1044,277.739,1,33
162,-51.6987,4.18941,-133.577,476.004,1,33
162,-51.7161,3.96932,-39.503,583.347,1,33
162,-51.8392,1.73516,-140.945,147.565,1,33
162,-52.8745,-1.21465,9.72181,1864.39,0,34
162,-52.8716,-1.33364,143.762,482.185,0,34
162,-52.8375,-2.32009,10.1156,275.15,0,34
162,-52.7821,-3.35114,10.3884,109.261,0,34
162,-52.6301,-5.22017,87.7836,154.715,0,34
162,-52.4227,-7.00345,268.046,742.243,0,34
162,-52.3413,-7.58726,297.236,472.991,0,34
162,-51.9261,-10.043,299.459,515.587,0,34
162,-51.6665,-11.3028,16.1347,543.284,0,34
162,-51.6358,-11.4423,243.411,1007.47,0,34
162,-51.2697,-12.9845,13.2093,906.135,0,34
162,-51.0013,-14.0017,131.681,73.7024,0,34
162,-48.7374,-20.539,-28.1067,53.402,0,34
162,-48.7374,-20.539,-16.0279,122.692,0,34
162,-42.1559,-31.9384,-82.8556,128.211,0,34
162,-41.7608,-32.4533,-83.3018,93.2527,0,34
162,-35.2769,-39.4046,16.3335,400.403,0,34
162,-29.9578,-43.5857,94.2851,1821.41,0,34
162,-29.9123,-43.6169,48.9542,393.401,0,34
162,-28.7128,-44.4157,168.805,806.445,0,34
162,-23.2908,-47.4839,249.89,2535.93,0,34
162,-23.172,-47.542,144.333,547.82,0,34
162,-23.0858,-47.5839,158.907,2436.39,0,34
162,-20.3394,-48.821,300.268,26.1664,0,34
162,-19.8229,-49.033,300.268,93.43,0,34
162,-19.3537,-49.2201,-25.7231,1276.77,0,34
162,-17.2657,-49.9908,8.59206,416.428,0,34
162,-16.3878,-50.2854,268.521,409.364,0,34
162,-15.7467,-50.4899,-33.5789,245.496,0,34
162,-15.3209,-50.6207,67.7261,203.454,0,34
162,-14.2102,-50.9436,-65.673,73,0,34
162,-14.2102,-50.9436,29.756,25.2374,0,34
162,-14.2102,-50.9436,30.604,29.767,0,34
162,-9.94294,-51.9454,-59.8453,619.885,0,34
162,-8.79295,-52.1523,95.3843,857.503,0,34
162,-8.03423,-52.2746,195.819,96.7196,0,34
162,-7.22491,-52.3926,128.548,25.0571,0,34
162,-6.79604,-52.4499,128.972,21.2743,0,34
162,-6.7233,-52.4593,269.607,298.68,0,34
162,-3.56698,-52.768,-75.1265,71.3345,0,34
162,-3.06965,-52.7992,273.254,457.069,0,34
162,-2.91917,-52.8078,-75.2228,57.4716,0,34
162,7.52384,-52.3505,291.707,558.256,0,34
162,9.42257,-52.0423,158.101,814.446,0,34
162,9.70104,-51.9911,110.316,52.153,0,34
162,10.0146,-51.9316,75.008,699.39,0,34
162,10.6346,-51.8082,110.496,644.941,0,34
162,10.6372,-51.8077,264.343,1892.16,0,34
162,14.267,-50.9278,85.8201,95.9993,0,34
162,15.766,-50.4838,305.295,407.319,0,34
162,16.5083,-50.246,273.053,636.772,0,34
162,17.8555,-49.7832,154.825,994.786,0,34
162,18.5566,-49.5261,185.67,379.846,0,34
162,19.9051,-48.9997,147.865,1060.65,0,34
162,20.539,-48.7374,66.644,25.137,0,34
162,20.539,-48.7374,270.164,28.2495,0,34
162,21.7289,-48.2187,26.7485,144.076,0,34
162,21.7289,-48.2187,237.257,213.426,0,34
162,25.1021,-46.5518,-20.4703,168.146,0,34
162,25.6308,-46.2628,227.912,428.684,0,34
162,26.1118,-45.993,20.4592,218.634,0,34
162,26.6328,-45.6933,268.73,1527.93,0,34
162,27.4679,-45.1962,260.212,532.407,0,34
162,29.635,-43.8058,299.376,1048.86,0,34
162,30.9935,-42.8554,104.656,1789.2,0,34
162,32.4417,-41.7698,278.783,912.437,0,34
162,33.3006,-41.0884,-36.5709,53.3451,0,34
162,36.3527,-38.4144,54.1129,214.964,0,34
162,36.3903,-38.3788,175.55,140.146,0,34
162,36.9937,-37.7975,275.499,272.048,0,34
162,38.271,-36.5036,-82.5282,1261.77,0,34
162,39.183,-35.5229,277.972,147.685,0,34
162,40.5955,-33.8997,113.213,393.417,0,34
162,41.2337,-33.1205,229.975,1724.98,0,34
162,42.2647,-31.7943,51.5631,449.29,0,34
162,44.3948,-28.7451,-90.9075,195.771,0,34
162,44.8885,-27.9679,156.402,223.721,0,34
162,46.4663,-25.2601,140.733,1127.13,0,34
162,48.8282,-20.3221,-94.821,247.764,0,34
162,49.7314,-17.9991,-89.2308,1156.2,0,34
162,49.8596,-17.6409,-69.036,60.1171,0,34
162,50.0478,-17.0997,138.742,396.723,0,34
162,50.1997,-16.6484,25.1362,294.094,0,34
162,50.2392,-16.529,303.31,541.191,0,34
162,52.2323,-8.30477,-80.5208,68129.7,0,34
162,51.5313,-11.9043,-76.2328,907,0,34
162,51.9929,-9.69153,-39.1652,483.924,0,34
162,51.975,-9.78699,-79.636,11.6925,0,34
162,52.0533,-9.36145,-77.3252,100,0,34
162,52.3114,-7.79102,-72.3517,1262,0,34
162,52.3148,-7.76812,192.81,136.858,0,34
162,52.4566,-6.74479,-71.1551,942,0,34
162,52.7795,-3.39177,151.248,759.402,0,34
162,52.8794,-0.978192,36.3391,329.682,0,34
162,52.8629,1.64311,23.5853,316.279,0,34
162,52.7805,3.3768,298.318,982.218,0,34
162,52.6713,4.78762,304.559,155.351,0,34
162,52.2887,7.94168,-85.9951,69.9646,0,34
162,52.2275,8.3351,209.142,631.47,0,34
162,51.8932,10.2119,119.447,90.6086,0,34
162,51.8265,10.5452,150.591,203.161,0,34
162,50.7895,14.7516,-96.054,80.4944,0,34
162,50.7311,14.9511,291.214,627.23,0,34
162,50.5293,15.6196,299.935,213.366,0,34
162,50.3376,16.2269,-52.4955,589.677,0,34
162,50.3488,16.1921,-90.9571,263.596,0,34
162,50.1163,16.898,-52.6582,72.3745,0,34
162,49.7302,18.0025,69.1082,174.899,0,34
162,48.4318,21.2495,267.658,912.317,0,34
162,46.2827,25.5947,282.289,674.064,0,34
162,45.63,26.7411,240.795,404.965,0,34
162,45.2283,27.415,210.389,1284.95,0,34
162,44.611,28.4085,-55.5078,250.298,0,34
162,44.661,28.3298,93.4926,347.372,0,34
162,43.0206,30.7638,-39.0081,289.228,0,34
162,42.8968,30.9361,272.305,230.442,0,34
162,42.3185,31.7227,282.161,588.623,0,34
162,40.5223,33.9871,241.764,860.755,0,34
162,38.8349,35.9031,94.0155,438.873,0,34
162,38.5992,36.1564,175.188,70.2913,0,34
162,38.4292,36.337,42.9549,477.62,0,34
162,38.1425,36.6379,175.188,67.0816,0,34
162,36.9131,37.8762,35.5189,1419.45,0,34
162,36.1069,38.6455,142.663,1510.62,0,34
162,35.0989,39.5632,128.806,252.748,0,34
162,34.7374,39.8811,217.196,537.376,0,34
162,34.372,40.1964,-52.5198,4009.37,0,34
162,33.6376,40.8129,-18.58,168.477,0,34
162,32.1389,42.0032,201.016,7617.26,0,34
162,32.2822,41.8933,205.818,213,0,34
162,31.9383,42.156,206.388,280,0,34
162,31.0695,42.8003,48.412,40.1526,0,34
162,29.4144,43.9542,-99.7423,542.345,0,34
162,29.6525,43.794,115.548,76.0587,0,34
162,28.3865,44.625,199.565,47.3329,0,34
162,26.9594,45.5014,53.2492,164.103,0,34
162,23.9924,47.1333,20.8278,226.42,0,34
162,23.7843,47.2386,195.33,365.824,0,34
162,23.6825,47.2897,196.812,1.02548,0,34
162,20.6128,48.7062,137.299,154.907,0,34
162,20.247,48.8594,196.649,651.274,0,34
162,15.9802,50.4164,301.255,14808.3,0,34
162,15.2002,50.6571,-52.5955,93.3989,0,34
162,8.68745,52.17,-92.9102,150.196,0,34
162,8.52983,52.196,46.4716,361.094,0,34
162,7.81285,52.3081,111.056,218.563,0,34
162,7.23333,52.3914,184.733,200.679,0,34
162,7.27705,52.3854,229.282,307.063,0,34
162,4.73106,52.6764,119.779,617.519,0,34
162,4.72698,52.6767,163.881,214.642,0,34
162,0.492157,52.8861,288.38,465.729,0,34
162,0.459137,52.8864,107.308,308.97,0,34
162,0.012809,52.8884,94.2237,391.128,0,34
162,-1.04952,52.878,-75.1332,536.41,0,34
162,-6.39276,52.5006,278.101,467.939,0,34
162,-10.6811,51.7986,256.94,108.851,0,34
162,-11.565,51.6085,-30.2006,705.021,0,34
162,-13.2871,51.1921,278.526,597.291,0,34
162,-13.2403,51.2043,295.437,155.218,0,34
162,-14.8343,50.7654,-51.0182,57.3761,0,34
162,-15.8121,50.4694,247.235,641.556,0,34
162,-16.2337,50.3354,-97.5725,2515.46,0,34
162,-16.2817,50.3199,-90.6578,579,0,34
162,-17.945,49.751,-54.5606,444.461,0,34
162,-18.5207,49.5395,264.449,2766.05,0,34
162,-19.9522,48.9805,263.41,941.346,0,34
162,-21.1439,48.478,301.764,741.935,0,34
162,-23.765,47.2483,303.819,371.87,0,34
162,-24.9572,46.6296,45.5229,413.885,0,34
162,-26.0579,46.0236,256.929,276.996,0,34
162,-29.3512,43.9964,64.7633,268.753,0,34
162,-29.8314,43.6723,276.033,137.699,0,34
162,-34.4347,40.1427,-94.7412,575.892,0,34
162,-34.5963,40.0035,295.751,191.463,0,34
162,-36.3239,38.4416,247.598,470.83,0,34
162,-37.1676,37.6265,290.94,25.0555,0,34
162,-38.2257,36.551,291.027,462.449,0,34
162,-38.8693,35.8659,-27.3393,1874.51,0,34
162,-40.6443,33.8411,-104.546,120.118,0,34
162,-40.97,33.4462,258.886,693.571,0,34
162,-43.7483,29.7198,-64.9438,4200.06,0,34
162,-45.0595,27.6915,59.5611,315.359,0,34
162,-45.748,26.5387,264.27,3106.75,0,34
162,-46.2248,25.6993,206.555,235.203,0,34
162,-46.7833,24.6679,-47.0529,647.511,0,34
162,-46.9184,24.4099,208.312,1496.4,0,34
162,-47.1049,24.0482,84.4942,198.257,0,34
162,-48.4931,21.1094,-55.7032,384.398,0,34
162,-48.5444,20.991,109.012,339.67,0,34
162,-49.612,18.3259,272.885,63.5393,0,34
162,-50.862,14.4996,-21.9209,402.651,0,34
162,-51.1693,13.3748,167.902,123.213,0,34
162,-51.6269,11.4823,-19.3995,104.348,0,34
162,-51.6269,11.4823,96.9235,66.5409,0,34
162,-52.2062,8.46744,299.241,733.917,0,34
162,-52.2745,8.03487,-27.311,416.989,0,34
162,-52.6601,4.90857,140.551,266.553,0,34
162,-52.7797,3.38867,-99.7961,319.347,0,34
162,-52.8467,2.1,305.704,172.553,0,34
162,-51.1983,-13.2633,101.684,107.097,1,34
162,-50.8767,-14.4479,-275.012,1087.31,1,34
162,-50.6946,-15.0744,-96.6274,353.433,1,34
162,-50.6599,-15.1907,-291.517,186.433,1,34
162,-50.018,-17.1866,-86.5525,169.997,1,34
162,-49.8331,-17.7157,-86.996,29.0464,1,34
162,-48.698,-20.6321,63.5328,148.78,1,34
162,-48.4404,-21.2299,63.948,63.5865,1,34
162,-48.4303,-21.253,-115.536,627.649,1,34
162,-46.1115,-25.9021,-34.0473,351.151,1,34
162,-44.6319,-28.3757,-297.717,354.65,1,34
162,-44.0016,-29.3435,-222.032,264.654,1,34
162,-40.8114,-33.6395,44.2007,473.267,1,34
162,-35.234,-39.443,-94.1057,159.689,1,34
162,-35.1721,-39.4982,-298.178,359.532,1,34
162,-34.6685,-39.9409,-286.177,417.375,1,34
162,-32.6325,-41.6209,68.3149,779.036,1,34
162,-30.6121,-43.1287,-7.80659,1868.41,1,34
162,-28.6576,-44.4513,102.108,43.0555,1,34
162,-28.3865,-44.625,-280.937,246.105,1,34
162,-28.227,-44.7261,-294.292,358.847,1,34
162,-26.8507,-45.5656,90.8962,120.527,1,34
162,-26.573,-45.7281,90.005,143.261,1,34
162,-25.0268,-46.5923,-264.405,102.858,1,34
162,-25.0268,-46.5923,-301.964,29.1128,1,34
162,-21.0049,-48.5384,-305.699,278.893,1,34
162,-16.8979,-50.1163,-113.908,92.9206,1,34
162,-12.3255,-51.4321,-252.843,586.612,1,34
162,-11.9043,-51.5313,93.024,81.991,1,34
162,-9.36226,-52.0532,-252.481,2609.82,1,34
162,-9.13871,-52.0929,-290.697,354.925,1,34
162,-7.53607,-52.3487,-38.8801,127.076,1,34
162,-5.88696,-52.5597,-190.629,374.65,1,34
162,-4.42989,-52.7026,81.332,22.0821,1,34
162,-3.84858,-52.7482,81.6568,115.816,1,34
162,-3.75338,-52.755,88.5832,170.492,1,34
162,-3.16392,-52.7937,-269.897,182.042,1,34
162,0.324534,-52.8874,-93.5031,139.604,1,34
162,3.60318,-52.7655,76.9354,556.317,1,34
162,4.30708,-52.7127,-297.732,266.532,1,34
162,8.74092,-52.1611,41.2356,468.973,1,34
162,9.43047,-52.0408,40.9329,83.6349,1,34
162,10.8326,-51.7672,-202.298,413.118,1,34
162,12.1465,-51.4747,-305.285,3335.98,1,34
162,12.4631,-51.399,-81.1651,115.866,1,34
162,14.9409,-50.7341,-283.878,191.806,1,34
162,15.2492,-50.6423,-282.884,30.1509,1,34
162,15.663,-50.5159,-42.9213,294.757,1,34
162,17.8429,-49.7877,-14.8631,367.511,1,34
162,18.9021,-49.3953,-292.119,214.296,1,34
162,19.769,-49.0548,-130.357,520.876,1,34
162,23.688,-47.287,-205.926,617.669,1,34
162,26.6116,-45.7056,-90.0014,5831.98,1,34
162,26.5934,-45.7162,33.0235,250.613,1,34
162,26.5378,-45.7485,-97.5297,703,1,34
162,27.3587,-45.2624,-67.0985,416.011,1,34
162,27.6593,-45.0794,-257.908,390.959,1,34
162,30.4422,-43.2487,-279.916,55.2341,1,34
162,31.6906,-42.3426,-302.278,865.778,1,34
162,32.5875,-41.6562,-181.287,1754.36,1,34
162,33.4653,-40.9544,-281.585,1866.16,1,34
162,35.2777,-39.4039,-35.2234,498.771,1,34
162,36.2113,-38.5477,-251.415,734.455,1,34
162,36.341,-38.4254,-75.3913,607.079,1,34
162,36.8284,-37.9586,-267.736,1174.96,1,34
162,38.0027,-36.7828,22.8429,969.966,1,34
162,38.3031,-36.4699,-203.467,187.817,1,34
162,42.7334,-31.1615,-38.2506,716.049,1,34
162,44.9321,-27.8978,-13.165,1694.76,1,34
162,45.2091,-27.4466,-254.641,376.171,1,34
162,45.8075,-26.4359,-207.857,439.757,1,34
162,46.0479,-26.0148,-288.777,2486.44,1,34
162,46.3961,-25.3887,49.8012,2208.45,1,34
162,46.386,-25.4071,41.861,1077,1,34
162,48.9852,-19.9408,-80.5555,293.856,1,34
162,50.0783,-17.0103,-183.829,191.859,1,34
162,50.7104,15.0213,92.8753,1467.78,1,34
162,50.2195,16.5888,-118.901,868.779,1,34
162,49.8856,17.5673,-235.309,298.477,1,34
162,49.7049,18.0723,-234.51,379.615,1,34
162,49.4696,18.7066,98.6613,519.821,1,34
162,49.4568,18.7405,-233.477,658.745,1,34
162,48.4274,21.2595,43.5748,365.581,1,34
162,48.0393,22.1226,-259.929,470.135,1,34
162,47.2169,23.8274,-235.249,426.03,1,34
162,45.4984,26.9644,-22.5987,345.445,1,34
162,45.5414,26.8917,-105.341,884.625,1,34
162,44.814,28.0872,-229.015,2310.17,1,34
162,44.8557,28.0205,84.6595,280.596,1,34
162,43.8726,29.5361,-59.6653,172.2,1,34
162,40.0094,34.5894,-115.466,1036.03,1,34
162,39.4272,35.2517,-301.963,275.895,1,34
162,37.9995,36.7861,-50.9705,2178.02,1,34
162,37.1676,37.6265,-257.444,22.2219,1,34
162,36.2719,38.4907,17.1027,675.815,1,34
162,36.2386,38.5221,77.601,1678.57,1,34
162,33.6918,40.7682,-259.212,1720.09,1,34
162,33.627,40.8217,-271.356,681.474,1,34
162,29.2932,44.0351,-6.45801,90.6116,1,34
162,28.9309,44.274,-128.045,950.546,1,34
162,28.7506,44.3913,56.158,60.8631,1,34
162,26.9112,45.5299,-277.98,63.5788,1,34
162,17.8062,49.8008,-54.0944,915.444,1,34
162,12.8867,51.2944,-21.2162,443.897,1,34
162,12.4962,51.3909,-76.1784,1232.7,1,34
162,12.4835,51.394,-150.111,222.862,1,34
162,9.87131,51.959,-277.608,162.129,1,34
162,4.95646,52.6556,-134.062,4915.68,1,34
162,-2.14404,52.8449,-34.8584,628.962,1,34
162,-11.6365,51.5924,-277.937,225.514,1,34
162,-13.2214,51.2092,-151.548,104.998,1,34
162,-15.8129,50.4692,66.8357,149.565,1,34
162,-16.8251,50.1408,97.7676,113.18,1,34
162,-18.5216,49.5392,65.4161,283.12,1,34
162,-18.9353,49.3825,-147.613,749.273,1,34
162,-19.744,49.0648,59.6826,1160.79,1,34
162,-20.3394,48.821,-52.7089,222.533,1,34
162,-20.9819,48.5484,-265.937,477.172,1,34
162,-21.8234,48.176,-65.6659,739.837,1,34
162,-22.2915,47.9612,14.4502,646.604,1,34
162,-22.7831,47.7296,88.54,78.1958,1,34
162,-22.7796,47.7312,-98.5561,597.666,1,34
162,-24.8723,46.6749,-291.086,742.572,1,34
162,-25.2276,46.4839,33.1844,112.701,1,34
162,-29.4134,43.9549,-251.447,1021.33,1,34
162,-30.5468,43.1749,-265.445,541.631,1,34
162,-31.5924,42.4158,-280.34,36.1617,1,34
162,-33.6292,40.8198,-109.729,1631.07,1,34
162,-34.0392,40.4786,101.04,124.858,1,34
162,-39.4962,35.1743,-140.758,483.049,1,34
162,-39.4909,35.1803,-290.758,139.992,1,34
162,-39.7825,34.8502,-46.9237,995.075,1,34
162,-40.3283,34.2171,-305.473,177.428,1,34
162,-46.5164,25.1676,21.7317,120.383,1,34
162,-46.6623,24.8961,-169.611,1808.89,1,34
162,-46.6536,24.9123,-269.936,616.466,1,34
162,-46.7784,24.6773,-294.438,1025.42,1,34
162,-46.7289,24.7709,22.5367,117.887,1,34
162,-47.4131,23.4347,80.9677,716.614,1,34
162,-48.3165,21.5104,94.8967,903.766,1,34
162,-48.6496,20.746,-32.4786,1266.4,1,34
162,-50.3782,16.1004,-249.201,719.823,1,34
162,-50.3861,16.0757,-251.084,5.53449,1,34
162,-51.7435,10.9452,-138.283,178.752,1,34
162,-52.0461,9.40123,-32.5447,709.187,1,34
162,-52.2745,8.03465,-202.205,106.65,1,34
162,-52.7193,4.22548,-37.8837,1063.02,1,34
162,-52.7266,4.13404,-132.824,1036.07,1,34
162,-52.8396,2.27092,-140.584,63.6192,1,34
162,-53.9001,-0.956114,215.185,311.8,0,35
162,-53.8995,-0.992307,143.329,239.878,0,35
162,-53.7372,-4.29559,10.6203,266.04,0,35
162,-53.6543,-5.23017,10.8874,315.426,0,35
162,-53.6327,-5.44664,86.3576,1653.07,0,35
162,-53.5427,-6.27058,11.223,86.1852,0,35
162,-53.4279,-7.18283,11.4199,399.81,0,35
162,-53.4228,-7.22104,265.803,1346.24,0,35
162,-53.2984,-8.08797,11.7212,381.939,0,35
162,-53.2426,-8.44742,297.44,740.783,0,35
162,-53.0058,-9.82446,12.2405,1430.72,0,35
162,-52.6752,-11.4658,13.96,1887.16,0,35
162,-52.6228,-11.7039,241.552,545.304,0,35
162,-52.4762,-12.3445,12.9081,634.914,0,35
162,-51.5493,-15.7737,-91.4195,707.59,0,35
162,-51.5356,-15.8184,132.018,684.447,0,35
162,-50.6346,-18.5007,-16.9831,605.298,0,35
162,-50.3584,-19.2398,-69.2057,1401.14,0,35
162,-50.113,-19.8702,285.272,203.434,0,35
162,-50.0165,-20.1119,50.7074,370.845,0,35
162,-49.8924,-20.4178,-27.7343,127.249,0,35
162,-49.5609,-21.2098,289.817,446.169,0,35
162,-49.3283,-21.7452,-20.4915,84.7008,0,35
162,-48.966,-22.5493,135.631,396.315,0,35
162,-47.8767,-24.7783,116.873,696.488,0,35
162,-47.1875,-26.0668,164.273,708.629,0,35
162,-46.7322,-26.8745,300.358,2953.51,0,35
162,-46.1962,-27.7858,154.157,639.078,0,35
162,-45.0063,-29.6744,237.915,171.414,0,35
162,-44.7356,-30.081,237.393,172.874,0,35
162,-43.8064,-31.4187,-72.8436,413.905,0,35
162,-44.0113,-31.1311,208.684,23.0555,0,35
162,-43.8643,-31.3379,303.11,174.829,0,35
162,-43.2823,-32.1369,47.2997,215.795,0,35
162,-43.234,-32.2018,208.684,22.071,0,35
162,-42.0326,-33.7549,-84.5795,1035.06,0,35
162,-41.178,-34.7924,-22.82,45.1248,0,35
162,-39.3982,-36.7956,185.45,1021.6,0,35
162,-37.7156,-38.5185,7.03739,724.525,0,35
162,-36.8343,-39.3621,13.5583,503.46,0,35
162,-36.7434,-39.4469,204.173,178.367,0,35
162,-36.3582,-39.8023,14.684,51.2907,0,35
162,-30.1842,-44.666,48.2827,1117,0,35
162,-29.9396,-44.8303,92.8595,420.219,0,35
162,-28.7311,-45.6142,-55.6099,2131.81,0,35
162,-28.2,-45.9445,169.179,121.643,0,35
162,-23.6725,-48.4329,249.603,2012,0,35
162,-23.3188,-48.6042,157.115,3088.75,0,35
162,-18.5741,-50.6077,-28.8596,984.838,0,35
162,-16.6083,-51.2865,-33.6762,590.033,0,35
162,-16.4582,-51.3348,267.456,427.565,0,35
162,-16.2666,-51.3959,-68.188,60.1339,0,35
162,-15.5433,-51.6192,-68.612,22.1956,0,35
162,-15.3136,-51.6878,66.7626,727.191,0,35
162,-12.2217,-52.5049,305.78,76.3623,0,35
162,-9.09321,-53.1362,93.8784,453.392,0,35
162,-8.47738,-53.2379,195.54,105.414,0,35
162,-7.23751,-53.4206,268.621,276.1,0,35
162,-6.77821,-53.4808,127.94,772.946,0,35
162,-5.02406,-53.674,-47.7232,88.7793,0,35
162,-4.37085,-53.7311,-75.329,636.864,0,35
162,-3.06698,-53.8213,272.181,386.64,0,35
162,-0.551269,-53.9058,-58.86,40.1787,0,35
162,3.63583,-53.7859,-11.6474,185.157,0,35
162,7.20071,-53.4255,291.161,348.874,0,35
162,8.96716,-53.1576,110.098,598.178,0,35
162,9.51507,-53.0622,157.862,509.048,0,35
162,9.89623,-52.9925,72.6355,658.573,0,35
162,15.7302,-51.5626,304.446,1272.88,0,35
162,16.5958,-51.2905,271.659,158.212,0,35
162,16.9748,-51.1663,284.784,2297.88,0,35
162,17.0498,-51.1414,154.536,348.957,0,35
162,18.98,-50.4569,185.159,222.003,0,35
162,20.6462,-49.7983,146.409,512.915,0,35
162,20.7072,-49.773,268.735,744.562,0,35
162,21.1382,-49.5915,66.0843,81.5631,0,35
162,25.8082,-47.3294,-20.6077,542.8,0,35
162,26.587,-46.8964,227.764,74.1975,0,35
162,27.0532,-46.629,20.0283,476.297,0,35
162,27.0464,-46.6329,267.169,1692.43,0,35
162,27.9392,-46.1036,258.345,958.355,0,35
162,29.9899,-44.7967,298.792,3756.24,0,35
162,31.5301,-43.7263,89.5114,586.33,0,35
162,32.0175,-43.3707,103.139,581.568,0,35
162,33.1748,-42.492,278.045,480.885,0,35
162,34.0477,-41.7958,-37.3307,261.954,0,35
162,36.7908,-39.4027,174.732,444.235,0,35
162,36.9766,-39.2284,53.924,147.659,0,35
162,39.182,-37.0258,-84.4534,918.225,0,35
162,39.5719,-36.6088,276.833,314.846,0,35
162,41.2456,-34.7122,112.276,632.833,0,35
162,42.1311,-33.632,228.409,711.253,0,35
162,43.0043,-32.508,50.7448,605.475,0,35
162,45.0063,-29.6744,-81.7075,1267,0,35
162,45.8237,-28.3959,155.288,221.74,0,35
162,47.3408,-25.7874,-20.864,945.752,0,35
162,47.7999,-24.9261,139.406,777.539,0,35
162,50.4171,-19.0854,-91.3939,173.846,0,35
162,50.4616,-18.9673,138.222,114.624,0,35
162,51.2222,-16.8054,23.6037,302.338,0,35
162,52.937,-10.1885,-39.3674,922.549,0,35
162,53.0393,-9.64208,192.572,102.303,0,35
162,53.1337,-9.10764,192.572,31.0277,0,35
162,53.7506,-4.12416,149.62,2433.76,0,35
162,53.8943,-1.24223,35.7106,383.02,0,35
162,53.872,1.98652,22.9835,791.873,0,35
162,53.7655,3.92591,297.517,164.24,0,35
162,53.6966,4.77661,303.323,123.972,0,35
162,53.4507,7.01103,209.085,439.925,0,35
162,53.3699,7.60214,209.084,360.775,0,35
162,52.8159,10.799,118.514,1140.96,0,35
162,52.7589,11.074,151.048,1945.7,0,35
162,51.8973,14.5881,289.461,49.4387,0,35
162,51.7236,15.1923,-96.5135,416.784,0,35
162,51.6128,15.5645,298.68,211.016,0,35
162,51.3644,16.3657,-91.6311,262.494,0,35
162,49.3284,21.745,265.813,945.704,0,35
162,47.3045,25.8539,280.488,328.005,0,35
162,46.4808,27.307,239.989,258.394,0,35
162,46.1622,27.8422,209.921,1668.7,0,35
162,45.6878,28.614,93.0083,704.925,0,35
162,45.552,28.8297,-56.4823,684.389,0,35
162,43.7235,31.534,-39.6844,106.234,0,35
162,43.3332,32.0682,281.666,654.707,0,35
162,42.8283,32.7394,279.349,443.255,0,35
162,41.1159,34.8657,240.002,846.025,0,35
162,39.3895,36.805,42.8558,228.051,0,35
162,39.1538,37.0556,93.6915,105.454,0,35
162,38.507,37.7273,175.358,175.561,0,35
162,37.0292,39.1787,35.268,56.4716,0,35
162,35.7066,40.3878,141.164,835.406,0,35
162,35.8957,40.2198,128.088,546.74,0,35
162,35.6411,40.4456,216.89,352.71,0,35
162,35.3118,40.7334,-52.6979,2821.82,0,35
162,34.5235,41.4037,-18.7317,268.279,0,35
162,33.0625,42.5794,201.072,3190.09,0,35
162,31.9945,43.3876,48.3624,189.632,0,35
162,30.6294,44.3619,114.38,262.8,0,35
162,29.3894,45.1929,199.507,170.995,0,35
162,28.0246,46.0517,52.9849,698.575,0,35
162,25.1108,47.7031,195.745,1005.74,0,35
162,24.5247,48.007,19.4434,656.223,0,35
162,20.8091,49.7305,136.934,262.095,0,35
162,20.2887,49.945,196.145,286.875,0,35
162,16.79,51.2273,301.899,14171.3,0,35
162,15.1902,51.7242,-53.5954,735.412,0,35
162,14.4467,51.9368,216,359.847,0,35
162,9.00983,53.1504,-93.7485,831.707,0,35
162,8.9858,53.1544,46.2229,448.262,0,35
162,8.54089,53.2277,184.223,301.945,0,35
162,8.29858,53.266,109.934,752.989,0,35
162,8.24732,53.274,173.071,229.621,0,35
162,6.77174,53.4816,228.852,281.663,0,35
162,6.22414,53.5481,119.218,1047.47,0,35
162,6.16983,53.5544,228.418,343.396,0,35
162,4.43252,53.7261,163.609,77.6869,0,35
162,0.800281,53.9027,287.347,187.886,0,35
162,0.21453,53.9082,93.9855,396.221,0,35
162,-1.65365,53.8832,-76.0754,131.383,0,35
162,-2.1299,53.8665,-76.4499,298.568,0,35
162,-6.85036,53.4716,277.2,187.507,0,35
162,-11.9288,52.5722,-31.6786,553.082,0,35
162,-12.9944,52.319,294.858,470.865,0,35
162,-15.3413,51.6796,245.464,908.019,0,35
162,-16.3001,51.3852,-97.3161,811.229,0,35
162,-18.6202,50.5908,-55.1344,126.583,0,35
162,-18.7928,50.5269,263.986,4571.7,0,35
162,-20.8142,49.7283,261.47,827.694,0,35
162,-20.9624,49.666,300.465,366.615,0,35
162,-22.3489,49.0578,302.388,22.1803,0,35
162,-23.7297,48.4049,303.478,316.991,0,35
162,-25.3309,47.5866,45.0677,358.021,0,35
162,-29.7824,44.9349,64.7295,266.057,0,35
162,-35.0139,40.9898,-96.2259,934.358,0,35
162,-35.4787,40.5882,141.459,645.464,0,35
162,-36.9764,39.2286,247.047,218.868,0,35
162,-39.5454,36.6373,-27.3859,440.638,0,35
162,-39.6819,36.4895,290.987,1180.3,0,35
162,-40.8872,35.1337,-104.476,478.242,0,35
162,-41.4795,34.4324,257.264,865.771,0,35
162,-44.3873,30.5926,-64.7168,2803.02,0,35
162,-45.5112,28.8941,59.8474,458.931,0,35
162,-46.4081,27.4303,271.988,1030,0,35
162,-46.6572,27.0045,-21.3085,1847.58,0,35
162,-47.6323,25.2449,208.441,2680.14,0,35
162,-47.6692,25.1751,223.292,1601.26,0,35
162,-47.7886,24.9476,-49.0834,1039.37,0,35
162,-48.122,24.2983,84.0326,194.345,0,35
162,-49.3179,21.7688,107.831,334.924,0,35
162,-49.7302,20.8097,-55.5783,107.624,0,35
162,-49.7628,20.7317,174.34,45.2289,0,35
162,-50.1763,19.7097,273.132,37.1942,0,35
162,-51.7689,15.0371,-22.0886,1151.42,0,35
162,-53.25,8.40106,298.999,563.299,0,35
162,-53.3175,7.96139,-84.2825,114.379,0,35
162,-53.3727,7.58267,290.558,482,0,35
162,-53.6583,5.18874,-25.9693,1215.17,0,35
162,-53.6899,4.85116,140.42,87.1942,0,35
162,-53.7896,3.58066,-100.988,104.287,0,35
162,-53.8311,2.88893,-8.92324,174.611,0,35
162,-53.8633,2.21019,305.288,216.194,0,35
162,-53.5679,-6.05152,-64.3327,164.235,1,35
162,-52.4752,-12.3487,98.8171,271.587,1,35
162,-51.9263,-14.4844,-273.994,168.226,1,35
162,-51.8666,-14.6967,-290.732,79.6215,1,35
162,-51.7029,-15.2627,-291.098,317.311,1,35
162,-51.6678,-15.3811,-96.3144,190.347,1,35
162,-51.1652,-16.9782,-85.1951,757.712,1,35
162,-49.7184,-20.8379,64.6585,154.901,1,35
162,-49.3982,-21.5861,64.6901,530.15,1,35
162,-49.1731,-22.094,-113.757,614.432,1,35
162,-46.6769,-26.9705,-33.5974,542.095,1,35
162,-45.6297,-28.7067,-296.617,353.14,1,35
162,-44.9928,-29.6949,-220.967,205.138,1,35
162,-41.3082,-34.6377,44.2932,231.905,1,35
162,-36.3286,-39.8293,-285.294,85.7159,1,35
162,-35.8249,-40.2829,-285.704,204.009,1,35
162,-35.6136,-40.4699,-93.8885,198.102,1,35
162,-35.7215,-40.3746,-297.305,306.55,1,35
162,-33.3864,-42.3259,69.9042,803.186,1,35
162,-32.6401,-42.9041,13.5583,431.374,1,35
162,-29.715,-44.9795,102.052,916.968,1,35
162,-28.9665,-45.4651,-279.673,2359.85,1,35
162,-28.3427,-45.8566,-294.027,191.003,1,35
162,-27.7807,-46.1992,91.7767,484.866,1,35
162,-26.0904,-47.1745,54.8136,109.743,1,35
162,-24.9248,-47.8005,-264.184,1342.77,1,35
162,-24.9248,-47.8005,-301.964,33.0295,1,35
162,-21.9271,-49.2477,58.5353,799.502,1,35
162,-21.7451,-49.3284,-305.085,62.7344,1,35
162,-20.8375,-49.7186,-281.516,415.23,1,35
162,-17.3733,-51.0324,-114.906,404.096,1,35
162,-15.2062,-51.7195,-270.409,200.915,1,35
162,-12.5693,-52.4228,-251.444,1007.68,1,35
162,-11.9648,-52.5641,93.8876,530.885,1,35
162,-10.4777,-52.8806,-290.948,1349.82,1,35
162,-10.2322,-52.9286,-250.614,1671.48,1,35
162,-8.0668,-53.3016,-15.9616,3508.56,1,35
162,-8.05259,-53.3038,-237.182,427.585,1,35
162,-7.73516,-53.3508,-38.0463,409.076,1,35
162,-6.32752,-53.536,-190.561,103.97,1,35
162,-4.00019,-53.76,89.0667,678.903,1,35
162,-3.51394,-53.794,82.2229,1296.07,1,35
162,-3.60047,-53.7882,-268.716,1452.62,1,35
162,0.19506,-53.9082,-93.1809,322.079,1,35
162,3.59541,-53.7886,78.5005,296.12,1,35
162,4.29559,-53.7372,-297.305,209.808,1,35
162,10.3002,-52.9154,40.4729,327.097,1,35
162,10.6887,-52.8383,-202.11,243.863,1,35
162,11.7039,-52.6228,-304.766,3829.62,1,35
162,12.2509,-52.4981,87.4523,216.33,1,35
162,13.3222,-52.2365,-80.5886,486.941,1,35
162,15.9348,-51.4997,-41.7952,635.099,1,35
162,15.9797,-51.4858,-282.408,380.844,1,35
162,19.0233,-50.4406,-291.685,155.789,1,35
162,20.528,-49.8471,-129.82,21.1849,1,35
162,24.3263,-48.1079,-205.716,117.291,1,35
162,26.4453,-46.9764,-89.606,3656.81,1,35
162,26.4755,-46.9594,-96.2652,591,1,35
162,27.0497,-46.631,33.6743,120.439,1,35
162,27.4319,-46.4072,-256.396,244.691,1,35
162,27.9188,-46.1159,-256.965,228.572,1,35
162,27.9978,-46.068,-67.2205,231.49,1,35
162,31.1311,-44.0113,-279.406,144.499,1,35
162,31.8601,-43.4865,-301.362,1335.45,1,35
162,33.8021,-41.9947,-232.716,368.263,1,35
162,33.5992,-42.1572,-281.821,45.2929,1,35
162,33.9056,-41.9112,-180.035,133.866,1,35
162,35.6369,-40.4493,-34.7847,460.945,1,35
162,36.3063,-39.8496,-248.992,361.038,1,35
162,36.6036,-39.5767,-74.5438,368.077,1,35
162,37.6522,-38.5804,-266.031,1135.87,1,35
162,38.9132,-37.3082,24.7842,457.334,1,35
162,38.9096,-37.312,-203.416,138.949,1,35
162,43.3087,-32.1013,-37.9487,172.872,1,35
162,45.2476,-29.3052,-10.676,22.0785,1,35
162,45.4662,-28.9648,-11.5233,319.828,1,35
162,46.1998,-27.7797,-253.745,474.198,1,35
162,46.7176,-26.8999,-287.81,2130.94,1,35
162,46.9351,-26.5186,-207.919,129.607,1,35
162,47.2159,-26.0153,49.943,3833.04,1,35
162,48.5906,-23.3473,-180.109,239.356,1,35
162,49.9896,-20.1786,-80.1027,516.116,1,35
162,51.1837,-16.9224,18.4376,235.522,1,35
162,51.181,-16.9305,-183.524,445.309,1,35
162,51.083,-17.2239,-185.788,1.41187,1,35
162,53.1094,-9.24827,-189.777,260.423,1,35
162,53.1752,-8.8622,45.738,179.288,1,35
162,53.3412,-7.80093,-300.268,28.0139,1,35
162,53.6304,-5.46961,23.5418,122.534,1,35
162,53.7192,-4.51533,-276.1,26.2774,1,35
162,53.8221,-3.05231,-284.308,126.895,1,35
162,53.8684,-2.08178,26.2786,437.708,1,35
162,53.8983,-1.05456,-181.504,171.896,1,35
162,53.5465,6.23812,-108.864,223.755,1,35
162,53.5559,6.15687,-226.068,46.3345,1,35
162,53.4329,7.1458,-155.728,159.935,1,35
162,53.3514,7.73106,-262.721,755.329,1,35
162,53.3022,8.06304,-135.414,114.432,1,35
162,52.9541,10.0998,-262.765,426.506,1,35
162,52.8445,10.6582,-81.4132,487.697,1,35
162,52.749,11.1213,-290.528,553.824,1,35
162,52.6702,11.4885,18.156,30.3018,1,35
162,51.6753,15.3558,94.5064,1721.58,1,35
162,51.0021,17.462,-117.745,425.377,1,35
162,50.3567,19.2443,100.415,304.62,1,35
162,50.1339,19.8174,-232.639,635.003,1,35
162,49.8684,20.4764,-231.662,969.329,1,35
162,49.4899,21.3749,-230.135,179.172,1,35
162,49.1868,22.0635,-229.614,418.609,1,35
162,49.0576,22.3493,44.4852,807.034,1,35
162,48.2775,23.9879,-233.355,662.998,1,35
162,46.5297,27.2236,-105.185,641.293,1,35
162,46.5199,27.2403,-21.0522,227.949,1,35
162,45.7545,28.5072,86.1998,527.673,1,35
162,45.7808,28.465,-227.535,224.304,1,35
162,44.5147,30.4068,-59.436,36.0832,1,35
162,40.6514,35.4062,-113.68,743.072,1,35
162,40.5641,35.5063,-301.359,652.157,1,35
162,38.964,37.2551,-51.6489,3506.67,1,35
162,38.4284,37.8074,-246.819,592.969,1,35
162,37.8845,38.3523,105.076,23.0416,1,35
162,37.1413,39.0726,16.7297,519.36,1,35
162,34.5097,41.4152,-257.773,683.568,1,35
162,34.1637,41.7011,-271.837,866.937,1,35
162,29.5735,45.0727,56.9219,476.398,1,35
162,29.6744,45.0063,-5.41235,60.3468,1,35
162,29.2378,45.2912,-127.289,241.636,1,35
162,27.3215,46.4723,-277.086,274.073,1,35
162,18.2669,50.7194,-53.0596,519.967,1,35
162,13.2741,52.2488,-148.637,293.07,1,35
162,12.6253,52.4093,-20.5414,176.426,1,35
162,12.551,52.4272,-74.4225,728.391,1,35
162,10.3783,52.9002,-276.592,743.631,1,35
162,4.51896,53.7189,-134.57,3583.11,1,35
162,-11.7039,52.6228,-276.952,245.77,1,35
162,-13.3167,52.2379,-151.144,401.262,1,35
162,-16.7083,51.254,66.6624,151.924,1,35
162,-17.5808,50.9613,99.2325,1333.36,1,35
162,-18.3999,50.6713,-147.482,1369.92,1,35
162,-18.5788,50.606,66.6625,194.594,1,35
162,-19.9989,50.0618,60.132,56.2569,1,35
162,-21.4941,49.4383,-266.016,148.523,1,35
162,-22.09,49.1749,-64.7484,709.771,1,35
162,-22.5699,48.9565,14.6649,659.375,1,35
162,-23.119,48.6996,-97.3848,2029.98,1,35
162,-23.5461,48.4945,88.54,47.2741,1,35
162,-24.541,47.9987,-291.355,536.196,1,35
162,-25.9323,47.2616,33.9796,165.843,1,35
162,-30.4904,44.4575,-250.021,463.537,1,35
162,-30.7873,44.2524,-264.049,293.397,1,35
162,-32.7493,42.8208,-279.36,439.249,1,35
162,-34.5004,41.4229,-108,516.706,1,35
162,-34.7307,41.23,101.064,176.5,1,35
162,-40.3153,35.7884,-289.701,564.31,1,35
162,-40.3405,35.7601,-140.249,389.748,1,35
162,-40.783,35.2546,-47.4689,1464.92,1,35
162,-41.2771,34.6748,56.4021,466.361,1,35
162,-41.2716,34.6813,-304.948,422.469,1,35
162,-41.703,34.1614,56.8751,428.184,1,35
162,-47.3518,25.7671,-170.439,898.792,1,35
162,-47.37,25.7336,-293.68,593.003,1,35
162,-47.8749,24.7816,23.778,850.446,1,35
162,-48.1485,24.2458,81.3834,403.671,1,35
162,-49.0553,22.3543,95.0963,324.185,1,35
162,-49.8751,20.46,-30.3783,376.076,1,35
162,-50.1181,19.8572,-90.2575,537.959,1,35
162,-51.437,16.1361,-247.573,682.831,1,35
162,-51.6206,15.5388,-102.902,243.773,1,35
162,-53.0827,9.40018,-31.0069,1470.65,1,35
162,-53.1835,8.81231,-262.447,359.835,1,35
162,-53.2708,8.2681,-202.031,628.859,1,35
162,-53.2957,8.10566,-262.108,68.1925,1,35
162,-53.7234,4.46413,-36.6859,433.858,1,35
162,-53.7689,3.87799,-131.791,191.242,1,35
162,-53.8247,3.00708,-140.149,607.854,1,35
162,-54.9231,-0.786414,142.767,75.5898,0,36
162,-54.9154,-1.21032,214.62,80.1803,0,36
162,-54.6301,-5.71929,84.6537,90.0202,0,36
162,-54.4229,-7.43711,264.298,1072.54,0,36
162,-54.1586,-9.16578,298.356,259.632,0,36
162,-53.831,-10.9262,297.987,804.687,0,36
162,-53.6752,-11.6679,12.5802,1071.76,0,36
162,-53.5999,-12.0091,239.975,462.59,0,36
162,-52.3907,-16.504,-17.8038,1725.7,0,36
162,-52.5103,-16.1191,-91.6041,145.718,0,36
162,-52.0937,-17.4186,132.29,632.421,0,36
162,-51.9027,-17.9798,249.486,2220.64,0,36
162,-51.3253,-19.5672,289.943,1403.15,0,36
162,-51.4149,-19.3306,-70.1024,134.14,0,36
162,-51.2217,-19.8368,-27.2924,788.374,0,36
162,-51.1027,-20.1414,284.844,376.61,0,36
162,-50.3024,-22.0641,-20.5604,191.114,0,36
162,-48.8552,-25.1064,-53.5504,352.054,0,36
162,-48.6847,-25.4354,114.77,2287.16,0,36
162,-47.9506,-26.7936,163.7,327.201,0,36
162,-47.4843,-27.6117,300.841,995.287,0,36
162,-46.9469,-28.5158,152.765,259.321,0,36
162,-46.2574,-29.6212,238.474,2061.91,0,36
162,-45.0111,-31.4827,302.61,1059.06,0,36
162,-44.898,-31.6439,-73.9943,321.98,0,36
162,-44.0198,-32.8546,46.1622,800.916,0,36
162,-42.2706,-35.0764,-86.0576,348.503,0,36
162,-40.2852,-37.3398,184.326,493.692,0,36
162,-38.2601,-39.4123,5.62256,1972.34,0,36
162,-38.4142,-39.2621,10.4758,131.523,0,36
162,-37.9966,-39.6664,12.0871,596.494,0,36
162,-36.7561,-40.8185,204.236,461.369,0,36
162,-30.1448,-45.9179,46.7279,235.048,0,36
162,-29.6218,-46.257,90.8175,1538.37,0,36
162,-28.5722,-46.9126,-56.8241,312.683,0,36
162,-28.3353,-47.0561,169.393,89.9626,0,36
162,-27.5894,-47.4972,169.487,611.865,0,36
162,-24.0844,-49.367,249.27,1237.27,0,36
162,-23.8651,-49.4734,141.719,541.959,0,36
162,-23.367,-49.7106,155.459,1195,0,36
162,-21.7985,-50.4181,300.933,240.734,0,36
162,-18.2215,-51.8183,4.84023,341.854,0,36
162,-17.5399,-52.053,-33.9072,333.685,0,36
162,-17.6581,-52.013,-31.6095,1000.61,0,36
162,-16.5346,-52.381,266.349,379.089,0,36
162,-15.4066,-52.7238,66.0228,142.02,0,36
162,-13.7589,-53.1776,28.2494,166.354,0,36
162,-11.947,-53.6137,304.594,1449.48,0,36
162,-10.9413,-53.828,-60.5226,526.544,0,36
162,-9.50137,-54.1007,92.6349,80.3183,0,36
162,-8.93543,-54.197,195.298,258.43,0,36
162,-7.59736,-54.4008,267.659,628.74,0,36
162,-5.49405,-54.6532,-48.2985,391.721,0,36
162,-5.49573,-54.6531,-75.396,44.182,0,36
162,-3.07549,-54.8425,271.282,690.618,0,36
162,-0.786379,-54.9231,-59.5362,96.0254,0,36
162,7.12339,-54.4648,290.407,368.823,0,36
162,7.50746,-54.4132,109.818,1452.32,0,36
162,9.59823,-54.0836,157.537,486.563,0,36
162,9.85839,-54.0368,70.7658,273.272,0,36
162,12.8225,-53.4111,84.7039,317.789,0,36
162,13.6733,-53.1997,132.788,22.2172,0,36
162,15.7013,-52.6368,302.953,665.927,0,36
162,16.0907,-52.5191,154.165,734.214,0,36
162,16.7367,-52.3168,270.419,143.098,0,36
162,16.9907,-52.2348,154.241,148.884,0,36
162,17.4036,-52.0987,283.339,3015.36,0,36
162,20.9165,-50.7904,267.852,55.425,0,36
162,21.1621,-50.6885,145.325,151.065,0,36
162,21.5382,-50.5299,144.66,37.2973,0,36
162,23.7893,-49.5099,178.755,215.188,0,36
162,26.7805,-47.958,-20.7,25.1232,0,36
162,27.5708,-47.508,227.836,518.674,0,36
162,27.4395,-47.584,265.498,741.4,0,36
162,27.739,-47.41,19.4645,455.252,0,36
162,28.3353,-47.056,19.156,44.2635,0,36
162,28.3709,-47.0346,256.412,1100.3,0,36
162,30.2578,-45.8435,297.957,1320.88,0,36
162,32.3748,-44.3738,89.3341,461.84,0,36
162,33.9298,-43.1964,277.097,2112.61,0,36
162,35.1671,-42.1952,-38.1733,614.299,0,36
162,37.5516,-40.0879,53.5,60.0691,0,36
162,38.1786,-39.4913,272.819,442.887,0,36
162,40.0104,-37.6342,-85.6401,890.889,0,36
162,40.027,-37.6165,276.087,267.709,0,36
162,41.9572,-35.4507,111.213,359.432,0,36
162,43.6831,-33.3008,49.4905,160.291,0,36
162,45.7569,-30.3886,-92.4527,894.361,0,36
162,46.7229,-28.8813,154.112,354.681,0,36
162,48.1373,-26.4568,-22.4422,303.425,0,36
162,50.86,-20.7466,137.632,114.65,0,36
162,50.8755,-20.7085,-94.476,45.1433,0,36
162,51.0432,-20.2916,-94.0426,370.869,0,36
162,51.0432,-20.2916,137.796,289.645,0,36
162,51.2419,-19.7846,137.876,78.0832,0,36
162,51.6033,-18.8219,-69.2824,316.891,0,36
162,51.6033,-18.8219,-30.914,301.595,0,36
162,52.1915,-17.1234,22.2064,161.765,0,36
162,53.8398,-10.8831,-39.6796,357.267,0,36
162,53.7943,-11.1057,192.416,89.678,0,36
162,53.9626,-10.2567,192.484,129.839,0,36
162,54.7197,-4.78683,148.262,1811.73,0,36
162,54.9054,-1.60121,34.8207,245.373,0,36
162,54.874,2.45056,22.2862,467.19,0,36
162,54.7569,4.34109,297.038,162.41,0,36
162,54.7164,4.82467,302.227,63.3588,0,36
162,54.6118,5.89146,209.093,669.012,0,36
162,54.2091,8.86228,-89.6797,620.122,0,36
162,54.1992,8.92263,31.3807,301.469,0,36
162,54.0742,9.65114,31.7574,96.7084,0,36
162,53.7462,11.3363,117.489,465.081,0,36
162,53.5272,12.329,151.449,810.68,0,36
162,52.9366,14.6586,288.396,65.182,0,36
162,52.7519,15.31,-51.707,388.354,0,36
162,52.7023,15.48,297.248,429.242,0,36
162,52.5995,15.8258,-97.3115,428.544,0,36
162,52.4227,16.402,-92.5137,59.2867,0,36
162,51.7584,18.391,67.9803,454.159,0,36
162,50.2438,22.1974,263.731,111.661,0,36
162,48.2511,26.2488,279.087,409.321,0,36
162,47.3357,27.8656,239.372,222.279,0,36
162,47.1047,28.2543,209.467,1167.6,0,36
162,46.9459,28.5175,92.5824,340.51,0,36
162,46.4537,29.3124,-57.2926,797.726,0,36
162,44.7139,31.9034,279.492,42.2236,0,36
162,44.4896,32.2155,-40.1675,431.492,0,36
162,44.5027,32.1974,280.281,186.051,0,36
162,44.0207,32.8533,268.225,696.791,0,36
162,41.7893,35.6485,238.685,1749.6,0,36
162,40.3201,37.3022,42.782,111.428,0,36
162,39.3201,38.3549,93.4981,1548.63,0,36
162,39.2356,38.4412,272.447,58.3961,0,36
162,37.1796,40.4332,34.8796,1666.64,0,36
162,36.7175,40.8533,127.148,2516.21,0,36
162,36.5287,41.0221,216.694,1241.58,0,36
162,36.1532,41.3534,-52.8182,5219.29,0,36
162,35.721,41.7273,140.094,351.105,0,36
162,34.1059,43.0575,201.177,5229.13,0,36
162,32.6864,44.1447,48.2841,365.018,0,36
162,31.5365,44.9735,113.284,27.0416,0,36
162,30.0983,45.9484,199.262,131.553,0,36
162,29.2917,46.4667,52.4973,60.305,0,36
162,28.664,46.8566,-99.7174,615.154,0,36
162,21.1113,50.7097,136.589,444.067,0,36
162,20.4012,50.9996,195.72,163.434,0,36
162,17.6646,52.0108,302.772,12430.8,0,36
162,15.4013,52.7253,-54.3008,1563.84,0,36
162,14.7388,52.9144,-98.0135,256.441,0,36
162,9.63537,54.077,45.5762,877.851,0,36
162,9.94366,54.0212,189.279,417,0,36
162,9.94366,54.0212,192.996,21,0,36
162,9.31586,54.133,-94.6933,523.481,0,36
162,8.761,54.2255,108.744,1109.14,0,36
162,8.79766,54.2196,172.306,1836.39,0,36
162,7.35191,54.4345,118.874,206.559,0,36
162,5.61822,54.6406,227.986,296.202,0,36
162,4.15867,54.771,163.106,335.668,0,36
162,1.53662,54.9072,285.322,767.377,0,36
162,1.1499,54.9167,111.784,132.539,0,36
162,0.347308,54.9276,305.78,303.056,0,36
162,0.400079,54.9272,93.7545,397.639,0,36
162,-2.46983,54.8731,-77.0402,659.096,0,36
162,-3.25614,54.8321,-77.3638,188.994,0,36
162,-7.31608,54.4393,276.059,654.732,0,36
162,-11.6416,53.6809,253.975,206.823,0,36
162,-12.2619,53.5426,-33.1848,851.967,0,36
162,-12.9262,53.3861,294.153,674.564,0,36
162,-15.0842,52.8169,243.834,927.871,0,36
162,-16.4757,52.3996,-97.0301,1332.01,0,36
162,-19.1838,51.4698,-55.3093,1054.64,0,36
162,-20.91,50.793,299.222,346.249,0,36
162,-21.638,50.4872,259.81,642.935,0,36
162,-23.9644,49.4254,301.522,360.344,0,36
162,-23.8076,49.5011,303.273,669.435,0,36
162,-25.6782,48.5571,44.6496,409.645,0,36
162,-27.7335,47.4133,255.991,653.328,0,36
162,-28.6168,46.8854,-98.7176,616.287,0,36
162,-30.2573,45.8438,64.7297,515.341,0,36
162,-31.1675,45.23,272.819,123.996,0,36
162,-35.5817,41.8462,-98.2754,1383.84,0,36
162,-36.2163,41.2982,294.579,329.376,0,36
162,-37.5716,40.0691,246.348,817.277,0,36
162,-40.1784,37.4548,-27.3918,569.826,0,36
162,-40.9204,36.6427,-104.353,870.34,0,36
162,-41.6658,35.7928,290.94,22.0849,0,36
162,-41.8497,35.5776,255.687,82.0377,0,36
162,-42.1862,35.1779,291.081,183.185,0,36
162,-42.8643,34.3485,291.057,285.245,0,36
162,-44.948,31.5727,-64.4847,1355.74,0,36
162,-46.1038,29.8597,60.0426,123.023,0,36
162,-47.2495,28.0115,261.588,469.503,0,36
162,-47.6394,27.3432,-21.8006,1814.84,0,36
162,-48.427,25.9226,205.616,1696.16,0,36
162,-48.3554,26.056,208.546,564.167,0,36
162,-48.7775,25.257,-50.881,179.378,0,36
162,-49.2485,24.3259,83.3772,331.898,0,36
162,-50.1188,22.4782,106.931,180.657,0,36
162,-50.6513,21.2512,173.727,164.068,0,36
162,-50.7044,21.124,273.802,71.4422,0,36
162,-51.0313,20.3216,-55.2713,326.819,0,36
162,-50.978,20.4549,273.818,806.116,0,36
162,-52.6697,15.5906,-22.0703,287.896,0,36
162,-54.3074,8.23825,298.751,396.389,0,36
162,-54.363,7.86306,283.158,381.019,0,36
162,-54.7163,4.82563,140.531,474.451,0,36
162,-54.7627,4.26762,-25.3914,253.501,0,36
162,-54.7851,3.9689,-103.309,451.406,0,36
162,-54.8224,3.41569,-25.0404,289.802,0,36
162,-54.8623,2.70008,-10.0533,918.317,0,36
162,-54.8719,2.49841,-24.7051,509.8,0,36
162,-54.8758,2.41007,305.021,109.348,0,36
162,-54.444,-7.28103,-76.6334,61.4167,1,36
162,-53.6185,-11.9253,100.237,76.7409,1,36
162,-53.6185,-11.9253,60.5685,200.847,1,36
162,-52.8481,-14.9748,-290.464,231.632,1,36
162,-39.5488,-38.119,-288.529,2050.41,1,36
162,-38.0437,-39.6212,-305.546,416.676,1,36
162,-37.3542,-40.2719,-284.857,120.961,1,36
162,-36.1592,-41.3482,-295.44,353.252,1,36
162,-36.074,-41.4226,-93.482,178.177,1,36
162,-34.1766,-43.0015,71.467,274.389,1,36
162,-32.9812,-43.925,14.5795,700.146,1,36
162,-33.0261,-43.8912,-3.17614,726.015,1,36
162,-32.5121,-44.2733,-4.57188,90.8339,1,36
162,-30.7217,-45.5339,102.152,939.702,1,36
162,-29.5765,-46.286,-278.774,537.513,1,36
162,-28.9254,-46.6956,93.4654,417.243,1,36
162,-28.3802,-47.029,-293.699,548.302,1,36
162,-27.9494,-47.2863,-293.484,23.2341,1,36
162,-26.5841,-48.0671,55.044,25.1265,1,36
162,-25.1125,-48.8521,-263.957,190.77,1,36
162,-25.1121,-48.8523,-301.799,174.943,1,36
162,-22.5123,-50.1035,59.2928,218.417,1,36
162,-22.3155,-50.1914,-303.987,551.513,1,36
162,-21.2938,-50.6334,-281.56,1716.96,1,36
162,-13.6818,-53.1975,-62.7546,178.195,1,36
162,-12.1845,-53.5603,-291.354,856.067,1,36
162,-11.8826,-53.628,95.4128,1157.25,1,36
162,-11.0617,-53.8034,-248.973,1255.85,1,36
162,-8.25371,-54.305,-13.7468,3097.27,1,36
162,-8.06043,-54.3341,-36.2399,481.39,1,36
162,-6.84235,-54.5009,-190.55,572.599,1,36
162,-4.3348,-54.7574,89.6567,128.024,1,36
162,-3.92874,-54.788,-267.462,104.567,1,36
162,-2.95094,-54.8494,83.0523,429.159,1,36
162,3.25614,-54.8321,75.608,42,1,36
162,4.02059,-54.7814,74.3579,908,1,36
162,10.7301,-53.8705,-202.074,134.432,1,36
162,11.4994,-53.7115,40.0679,1164.82,1,36
162,12.5817,-53.4683,87.39,613.807,1,36
162,16.1201,-52.5101,-40.2174,73.794,1,36
162,16.9478,-52.2488,-281.359,588.12,1,36
162,18.3033,-51.7895,-13.8618,521.474,1,36
162,19.0467,-51.5207,-291.204,821.213,1,36
162,20.9165,-50.7904,-128.972,53.2865,1,36
162,21.5382,-50.5299,-280.534,77.8695,1,36
162,24.9972,-48.9112,-205.716,39.0416,1,36
162,26.5439,-48.0893,-89.3228,2726.29,1,36
162,27.5001,-47.549,-255.257,1325.22,1,36
162,27.2762,-47.6778,34.268,45.1265,1,36
162,28.6432,-46.8693,-67.1746,426.844,1,36
162,31.8385,-44.7602,-278.311,160.147,1,36
162,33.6136,-43.443,-230.82,1497.62,1,36
162,34.0901,-43.07,-282.076,513.028,1,36
162,34.9851,-42.3462,-178.814,410.009,1,36
162,35.8612,-41.6069,-33.9797,522.287,1,36
162,36.5356,-41.016,-73.5381,117.872,1,36
162,36.6381,-40.9244,-247.696,334.262,1,36
162,36.9818,-40.6142,-73.9895,228.576,1,36
162,38.5154,-39.1628,-264.495,704.557,1,36
162,39.91,-37.7407,26.5802,545.598,1,36
162,43.603,-33.4057,-37.5879,895.922,1,36
162,45.6923,-30.4857,-8.8776,760.612,1,36
162,47.2135,-28.0723,-252.199,107.973,1,36
162,47.3404,-27.8576,-286.719,1524.16,1,36
162,47.975,-26.7499,50.0956,1582.44,1,36
162,47.9979,-26.7089,-207.692,297.5,1,36
162,49.2148,-24.394,-179.872,200.067,1,36
162,51.0072,-20.3819,-79.6044,274.932,1,36
162,52.1915,-17.1234,18.8833,113.541,1,36
162,52.2292,-17.0079,-183.17,391.672,1,36
162,52.3298,-16.6958,18.8153,59.4838,1,36
162,54.2271,-8.75123,46.5385,181.406,1,36
162,54.3321,-8.07403,-301.116,110.279,1,36
162,54.6301,-5.71925,23.7649,224.761,1,36
162,54.7357,-4.60078,-276.274,69.6469,1,36
162,54.8614,-2.71789,-283.438,435.346,1,36
162,54.8982,-1.82905,26.4627,211.665,1,36
162,54.9165,-1.15987,26.5919,136.547,1,36
162,54.9228,-0.806889,-179.817,535.521,1,36
162,54.427,7.4073,-155.26,74.5026,1,36
162,53.881,10.6769,-80.7544,1078.48,1,36
162,53.7516,11.3107,-262.477,628.519,1,36
162,53.7251,11.4359,-289.742,367.359,1,36
162,53.6495,11.7852,18.6643,399.545,1,36
162,52.5813,15.8863,96.812,259.97,1,36
162,51.7017,18.5498,-116.528,567.283,1,36
162,51.158,20.0005,102.347,238.808,1,36
162,49.8927,22.9757,-228.785,632.55,1,36
162,49.8803,23.0026,45.341,254.545,1,36
162,49.662,23.4701,-228.041,271.304,1,36
162,49.6261,23.5461,-257.933,679.335,1,36
162,49.2525,24.3177,-231.311,428.7,1,36
162,47.4773,27.6237,-19.685,161.901,1,36
162,47.6092,27.3957,-105.053,690.75,1,36
162,46.6452,29.0067,87.663,388.97,1,36
162,45.0155,31.4765,-59.4093,457.597,1,36
162,41.4927,35.9933,-300.794,354.116,1,36
162,41.3562,36.15,-111.921,1771.75,1,36
162,39.8766,37.7759,-52.3279,3861.85,1,36
162,39.8593,37.7941,-59.5297,507,1,36
162,39.2185,38.4587,-245.252,2209.24,1,36
162,39.2372,38.4396,-254.757,348.397,1,36
162,38.4,39.276,105.176,319.108,1,36
162,37.9177,39.7418,16.3348,440.565,1,36
162,37.3257,40.2983,80.0356,245.927,1,36
162,35.2768,42.1036,-256.3,1094.06,1,36
162,34.6144,42.6498,-272.312,1389.15,1,36
162,30.9399,45.3859,-304.702,1321.86,1,36
162,30.4233,45.7339,58.012,38.3018,1,36
162,29.9587,46.0395,-5.05092,82.6436,1,36
162,29.274,46.4779,-126.222,437.758,1,36
162,18.683,51.6537,-52.33,176.99,1,36
162,13.6733,53.1997,-147.628,24.1526,1,36
162,12.4348,53.5027,-72.6681,899.641,1,36
162,12.3916,53.5127,-20.1645,164.402,1,36
162,11.0451,53.8068,-275.558,339.956,1,36
162,4.31898,54.7586,-134.9,4742.19,1,36
162,4.37684,54.754,-143.21,1131,1,36
162,-11.4407,53.724,-275.707,232.915,1,36
162,-13.3662,53.2776,-150.93,370.559,1,36
162,-17.7999,51.9646,66.0587,689.356,1,36
162,-18.1286,51.8509,100.205,462.224,1,36
162,-18.7691,51.6225,67.9719,740.484,1,36
162,-20.0621,51.1339,60.385,255.262,1,36
162,-21.3396,50.614,-50.5994,451.11,1,36
162,-21.945,50.3545,-265.894,1174,1,36
162,-22.4422,50.1349,-64.3091,243.048,1,36
162,-23.0368,49.8645,14.7431,1627.55,1,36
162,-23.1418,49.8159,-95.317,820.059,1,36
162,-23.6497,49.5768,-291.767,1494.79,1,36
162,-23.9916,49.4122,88.54,25.208,1,36
162,-27.0799,47.7896,34.4729,373.654,1,36
162,-31.0006,45.3445,-262.63,691.571,1,36
162,-31.5405,44.9706,-248.41,532.271,1,36
162,-34.1636,43.0118,-278.048,54.2908,1,36
162,-34.6691,42.6054,-277.56,446.563,1,36
162,-35.3578,42.0355,-106.016,537.345,1,36
162,-35.535,41.8859,101.26,59.1387,1,36
162,-41.1327,36.4041,-288.925,368.315,1,36
162,-41.5539,35.9227,-305.78,148.221,1,36
162,-42.213,35.1458,-304.441,770.868,1,36
162,-42.9107,34.2904,58.2391,752.591,1,36
162,-46.0007,30.0182,-13.0574,322.714,1,36
162,-48.0383,26.6361,-171.218,4400.62,1,36
162,-48.0671,26.5841,-178.458,530,1,36
162,-48.1755,26.3872,-268.711,86.5132,1,36
162,-48.8542,25.1084,81.6825,469.473,1,36
162,-49.3197,24.1812,25.766,1386.57,1,36
162,-49.7131,23.3617,95.1813,504.465,1,36
162,-50.9962,20.4095,-29.0487,511.24,1,36
162,-51.026,20.335,-90.1275,718.58,1,36
162,-52.4865,16.1964,-245.881,641.429,1,36
162,-52.6239,15.7446,-103.332,969.1,1,36
162,-53.3143,13.2191,-136.671,566.244,1,36
162,-54.1327,9.31761,-29.3774,672.6,1,36
162,-54.2585,8.55421,-201.913,312.704,1,36
162,-54.3964,7.62854,-261.875,282.306,1,36
162,-54.7102,4.89493,-35.235,585.867,1,36
162,-54.7915,3.87937,-139.712,714.917,1,36
162,-54.8036,3.70458,-131.172,278.069,1,36
162,-55.9486,-0.207062,-23.7391,258.648,0,37
162,-55.948,-0.328071,142.237,1057.35,0,37
162,-55.9389,-1.0625,-23.3377,608.262,0,37
162,-55.9229,-1.70831,214.199,626.798,0,37
162,-55.6274,-5.99031,83.3222,875.809,0,37
162,-55.4245,-7.64305,263.329,175.644,0,37
162,-55.2176,-9.01735,298.031,1347.16,0,37
162,-54.5418,-12.4692,237.605,435.385,0,37
162,-54.3747,-13.1789,-19.059,2157.11,0,37
162,-54.4278,-12.958,298.438,2010.18,0,37
162,-53.7844,-15.4119,-18.3116,119.834,0,37
162,-53.3654,-16.8054,290.015,1864.58,0,37
162,-53.4212,-16.6271,-91.6089,1574.59,0,37
162,-53.0203,-17.8643,248.639,3202.38,0,37
162,-53.0165,-17.8758,259.542,1570,0,37
162,-52.7832,-18.5533,132.566,248.934,0,37
162,-52.8684,-18.309,290.092,33.1975,0,37
162,-52.7169,-18.7409,290.092,23.137,0,37
162,-52.5337,-19.2484,-26.9735,156.195,0,37
162,-52.4431,-19.4938,-70.5646,155.675,0,37
162,-52.2119,-20.105,50.6733,468.478,0,37
162,-52.1473,-20.272,284.077,518.344,0,37
162,-51.2873,-22.3586,-20.7,38.2097,0,37
162,-49.5468,-25.9885,-54.7093,1267.1,0,37
162,-48.7842,-27.3932,163.27,1090.09,0,37
162,-48.3822,-28.0972,301.254,1982.08,0,37
162,-47.6761,-29.2794,151.155,594.08,0,37
162,-45.8637,-32.044,-74.5151,250.147,0,37
162,-43.6099,-35.0495,208.684,27.1093,0,37
162,-43.2007,-35.5527,208.684,114.627,0,37
162,-42.5078,-36.3782,-87.1605,960.776,0,37
162,-42.3483,-36.5639,-23.2345,903.645,0,37
162,-38.6914,-40.4137,3.84874,557.027,0,37
162,-37.2026,-41.7883,204.25,148.891,0,37
162,-36.5039,-42.3999,204.36,571.531,0,37
162,-30.1673,-47.1193,45.5958,635.772,0,37
162,-29.313,-47.6554,88.9872,396.994,0,37
162,-28.8616,-47.9301,-57.7668,66.2899,0,37
162,-28.4685,-48.1647,-58.2996,109.32,0,37
162,-27.3796,-48.7919,169.803,766.478,0,37
162,-24.2403,-50.4252,140.65,677.549,0,37
162,-24.4372,-50.33,249.042,1676.69,0,37
162,-23.6357,-50.7114,154.254,668.418,0,37
162,-22.6769,-51.1473,301.181,144.574,0,37
162,-18.353,-52.8532,-66.7857,587.221,0,37
162,-18.8361,-52.6829,-33.9933,992.286,0,37
162,-16.6466,-53.4152,265.573,735.78,0,37
162,-15.579,-53.7362,65.1988,112.638,0,37
162,-13.9431,-54.1838,27.8947,1231.44,0,37
162,-11.7819,-54.6944,303.436,843.386,0,37
162,-11.3168,-54.7925,-60.8093,1005.87,0,37
162,-9.81899,-55.0807,91.3103,503.237,0,37
162,-9.43247,-55.1482,194.888,805.915,0,37
162,-8.09692,-55.36,266.717,423.622,0,37
162,-6.21703,-55.6025,126.056,292.15,0,37
162,-5.85251,-55.6421,-75.82,100.25,0,37
162,-5.76557,-55.6511,-48.961,102.679,0,37
162,-3.10182,-55.8629,270.023,922.437,0,37
162,-1.21535,-55.9358,-60.3704,180.453,0,37
162,4.4906,-55.7685,-11.0268,435.077,0,37
162,6.22828,-55.6013,109.583,871.555,0,37
162,6.52262,-55.5675,289.57,712.78,0,37
162,7.18936,-55.4852,109.662,110.832,0,37
162,9.84048,-55.0768,69.1226,857.368,0,37
162,12.0122,-54.6443,84.2049,560.354,0,37
162,13.7929,-54.2222,132.051,81.9297,0,37
162,15.4138,-53.7839,153.876,1270.07,0,37
162,15.3811,-53.7932,301.336,863.023,0,37
162,16.7746,-53.3751,269.351,531.319,0,37
162,17.8438,-53.0273,282.06,1223.63,0,37
162,19.8886,-52.2947,184.092,64.1631,0,37
162,21.0886,-51.8224,266.861,702.602,0,37
162,24.8482,-50.1284,177.685,228.519,0,37
162,27.4659,-48.7434,-20.9073,327.297,0,37
162,27.6767,-48.624,263.564,49.9331,0,37
162,28.3116,-48.257,227.878,142.433,0,37
162,28.8346,-47.9464,254.762,881.691,0,37
162,29.0565,-47.8122,18.5384,395.785,0,37
162,33.3798,-44.9007,89.1463,210.968,0,37
162,34.2664,-44.2278,99.2832,1496.67,0,37
162,34.804,-43.8061,275.973,251.389,0,37
162,36.1938,-42.665,-39.0384,358.948,0,37
162,37.721,-41.3209,172.628,293.141,0,37
162,38.1627,-40.9133,53.5,49.2219,0,37
162,38.5239,-40.5734,271.537,153.572,0,37
162,40.5774,-38.5197,274.915,640.222,0,37
162,40.8209,-38.2615,-86.8827,146.531,0,37
162,44.394,-34.0509,48.8678,235.699,0,37
162,46.4636,-31.1677,-93.565,566.779,0,37
162,47.6501,-29.3217,153.081,222.406,0,37
162,48.8864,-27.2105,-23.9278,110.859,0,37
162,51.6462,-21.5164,-100.465,96.549,0,37
162,51.7593,-21.243,-95.6751,436.293,0,37
162,51.6462,-21.5164,137.351,92.3051,0,37
162,52.5629,-19.1686,-31.6635,1551.75,0,37
162,52.9694,-18.0147,301.829,1249.99,0,37
162,53.1926,-17.3446,21.1341,311.607,0,37
162,54.6033,-12.1972,192.305,246.619,0,37
162,54.7001,-11.7553,-40.0551,1046.98,0,37
162,55.9216,-1.75102,34.3422,417.936,0,37
162,55.8813,2.7522,21.9004,432.913,0,37
162,55.8216,3.77344,209.108,32.0416,0,37
162,55.7524,4.68627,209.108,25.0865,0,37
162,55.7255,4.99538,296.477,222.736,0,37
162,55.7446,4.7777,300.904,477.559,0,37
162,55.7122,5.14223,209.108,26.111,0,37
162,55.173,9.28609,-91.5583,382.358,0,37
162,54.3332,13.3488,151.796,358.222,0,37
162,53.7552,15.5134,296.065,428.754,0,37
162,53.5571,16.1842,-93.5902,407.896,0,37
162,52.77,18.5908,67.2396,372.147,0,37
162,49.1924,26.6532,278.019,990.308,0,37
162,48.1793,28.4437,208.906,1063.19,0,37
162,48.1646,28.4686,238.788,51.1221,0,37
162,47.8963,28.9177,92.1963,147.197,0,37
162,47.3298,29.8359,-58.0624,208.115,0,37
162,45.9226,31.9595,278.253,547.787,0,37
162,45.2713,32.8755,-40.6111,1378.5,0,37
162,44.4569,33.9688,266.356,126.789,0,37
162,44.0648,34.4758,276.01,112.209,0,37
162,42.4351,36.4631,237.462,1530.79,0,37
162,41.3158,37.7266,42.7479,172.86,0,37
162,39.9644,39.1553,270.978,417.804,0,37
162,39.1228,39.9962,93.1165,162.981,0,37
162,39.0132,40.1031,175.631,407.728,0,37
162,37.5184,41.5049,216.193,355.83,0,37
162,37.4384,41.5771,126.641,527.65,0,37
162,37.1498,41.8352,-53.0329,2085.35,0,37
162,36.9643,41.9992,34.42,135.388,0,37
162,36.4793,42.4211,-18.8924,886.013,0,37
162,35.7374,43.048,139.291,539.771,0,37
162,35.2105,43.48,201.226,4988.22,0,37
162,33.3834,44.8981,48.284,353.858,0,37
162,30.9487,46.6098,199.082,100.793,0,37
162,30.1765,47.1134,52.2981,354.306,0,37
162,28.4603,48.1695,-99.8083,286.81,0,37
162,26.7685,49.1298,196.155,178.62,0,37
162,25.8682,49.6098,16.5989,75.4292,0,37
162,20.4557,52.0755,195.54,24.1526,0,37
162,18.6084,52.7638,303.783,14862.1,0,37
162,15.3387,53.8053,-98.1004,655.031,0,37
162,15.5174,53.7541,-55.6236,491.269,0,37
162,15.0758,53.8796,215.468,408.939,0,37
162,10.5063,54.9537,183.042,694.479,0,37
162,10.1473,55.0211,44.9332,250.804,0,37
162,9.35869,55.1607,171.435,2900.74,0,37
162,9.67786,55.1056,-95.2832,103.252,0,37
162,9.22951,55.1825,107.313,1704.12,0,37
162,4.98218,55.7267,227.567,1130.49,0,37
162,3.82596,55.818,162.774,340.834,0,37
162,1.85011,55.9184,284.323,589.567,0,37
162,1.33522,55.9331,110.393,175.31,0,37
162,0.567803,55.9461,93.5404,774.56,0,37
162,-0.793578,55.9434,305.566,2177.27,0,37
162,-7.9023,55.3881,275.073,161.214,0,37
162,-12.0587,54.6341,252.897,452.877,0,37
162,-12.472,54.5412,293.237,261.454,0,37
162,-12.5932,54.5133,-34.5301,525.284,0,37
162,-14.9505,53.9145,275.135,297.863,0,37
162,-16.7102,53.3953,-96.8205,936.091,0,37
162,-19.2782,52.5228,262.994,3830.07,0,37
162,-19.1715,52.5618,270.766,766,0,37
162,-19.6045,52.4019,-55.6351,1195.55,0,37
162,-20.5971,52.0197,297.974,943.936,0,37
162,-22.483,51.2329,257.983,704.143,0,37
162,-23.7018,50.6805,302.964,229.688,0,37
162,-25.2821,49.911,300.926,537.879,0,37
162,-25.9229,49.5812,44.301,141.003,0,37
162,-28.5604,48.1102,255.528,190.504,0,37
162,-29.2649,47.685,-98.9744,646.502,0,37
162,-30.6481,46.808,64.6365,454.236,0,37
162,-36.421,42.4712,140.241,2265.48,0,37
162,-38.107,40.9652,245.61,255.399,0,37
162,-40.8179,38.2647,-27.4188,223.949,0,37
162,-41.3738,37.663,-104.348,388.051,0,37
162,-42.4008,36.5029,254.358,654.401,0,37
162,-44.0367,34.5117,290.998,235.796,0,37
162,-44.7525,33.5783,291.008,956.938,0,37
162,-45.462,32.6114,291.017,662.998,0,37
162,-46.5231,31.0788,60.2851,690.703,0,37
162,-48.6052,27.7096,-22.1763,445.619,0,37
162,-49.0685,26.8807,208.64,997.916,0,37
162,-49.5596,25.9641,205.022,200.984,0,37
162,-49.793,25.5136,-53.0498,1190.8,0,37
162,-50.2818,24.5363,82.9921,259.996,0,37
162,-51.3489,22.2167,172.85,198.623,0,37
162,-53.5367,16.2516,-22.2056,176.252,0,37
162,-55.3632,8.07482,281.958,1250.98,0,37
162,-55.38,7.95929,298.362,1115.87,0,37
162,-55.3858,7.91876,-85.6442,1262.77,0,37
162,-55.7447,4.7765,140.533,228.102,0,37
162,-55.7843,4.29003,-105.144,113.961,0,37
162,-55.8885,2.6012,-11.0039,254.684,0,37
162,-55.89,2.56879,304.585,369.698,0,37
162,-55.9253,1.6277,-24.3702,314.457,0,37
162,-55.9445,0.706944,-24.0161,439.325,0,37
162,-55.6206,-6.05309,-88.0052,1968.97,1,37
162,-55.4852,-7.18936,-64.1,27.0832,1,37
162,-55.4852,-7.18935,-76.396,24.0807,1,37
162,-54.1402,-14.1112,-272.742,253.717,1,37
162,-53.8917,-15.0326,-290.092,46.2203,1,37
162,-53.6558,-15.854,-95.8642,1161.15,1,37
162,-53.6385,-15.9123,-82.0522,70.0231,1,37
162,-53.4907,-16.4023,-82.5251,140.128,1,37
162,-51.7679,-21.2219,66.3518,613.393,1,37
162,-51.3426,-22.2312,66.0167,651.567,1,37
162,-50.7003,-23.6595,-109.846,765.458,1,37
162,-47.8394,-29.0118,-32.9398,886.104,1,37
162,-47.6962,-29.2466,-294.309,157.056,1,37
162,-46.9645,-30.4077,-218.987,253.315,1,37
162,-40.3619,-38.7454,-287.257,5324.34,1,37
162,-38.7767,-40.3319,-284.236,868.91,1,37
162,-36.8036,-42.1401,-294.143,69.5343,1,37
162,-36.423,-42.4695,-93.132,312.367,1,37
162,-34.8703,-43.7533,72.2313,1244.6,1,37
162,-34.1503,-44.3176,-1.17767,52.3434,1,37
162,-33.9205,-44.4937,-2.18662,94.2783,1,37
162,-31.6078,-46.1653,102.209,662.402,1,37
162,-30.0777,-47.1765,94.8731,1043.59,1,37
162,-30.1846,-47.1082,-278.081,352.76,1,37
162,-28.2425,-48.2976,-293.096,237.983,1,37
162,-24.8482,-50.1284,-301.54,57.2358,1,37
162,-23.014,-50.9965,59.8664,174.106,1,37
162,-22.8991,-51.0482,-302.691,219.689,1,37
162,-21.909,-51.4809,-280.657,645.235,1,37
162,-17.0558,-53.2859,-269.824,2126.54,1,37
162,-13.8146,-54.2167,-291.662,232.339,1,37
162,-13.6589,-54.2561,-62.1677,221.149,1,37
162,-13.0388,-54.4085,-291.512,176.882,1,37
162,-11.8692,-54.6755,96.4586,354.456,1,37
162,-11.8412,-54.6816,-247.858,583.246,1,37
162,-9.21933,-55.1842,-235.816,359.708,1,37
162,-8.44826,-55.3075,-11.9565,2569.17,1,37
162,-8.28931,-55.3315,-35.0304,143.228,1,37
162,-7.24505,-55.4779,-190.537,110.361,1,37
162,-4.66787,-55.7539,89.9451,388.74,1,37
162,-4.60445,-55.7592,-266.679,108.048,1,37
162,-2.27243,-55.9028,83.8334,596.253,1,37
162,-0.231494,-55.9485,-92.6601,209.354,1,37
162,3.45592,-55.8422,-305.674,249.124,1,37
162,3.95762,-55.8088,-296.423,156.028,1,37
162,10.4842,-54.9579,-303.594,4526.15,1,37
162,10.4844,-54.9579,-201.893,353.332,1,37
162,12.7934,-54.4667,39.5633,719.019,1,37
162,12.9296,-54.4345,87.4851,160.175,1,37
162,16.2617,-53.5336,-39.3476,151.028,1,37
162,18.0179,-52.9683,-280.091,621.93,1,37
162,18.4018,-52.8362,-13.22,49.3207,1,37
162,18.9525,-52.6412,-290.669,627.09,1,37
162,21.4171,-51.6875,-127.603,338.823,1,37
162,25.5218,-49.7888,-205.727,838.058,1,37
162,26.639,-49.2002,-89.0853,4482.75,1,37
162,26.8774,-49.0703,-253.628,35.2327,1,37
162,27.4183,-48.7702,35.014,800.151,1,37
162,27.278,-48.8488,-253.204,23.0849,1,37
162,27.3808,-48.7912,-254.249,167.527,1,37
162,29.4297,-47.5834,-67.1344,250.625,1,37
162,32.551,-45.5052,-277.505,74.8339,1,37
162,32.6311,-45.4478,-300.222,256.884,1,37
162,33.4955,-44.8145,-229.079,1121.04,1,37
162,34.6046,-43.9637,-282.2,677.88,1,37
162,36.0136,-42.8172,-33.2478,99.8022,1,37
162,36.24,-42.6257,-177.551,476.025,1,37
162,36.874,-42.0785,-72.9155,485.553,1,37
162,36.7906,-42.1514,-245.769,205.901,1,37
162,40.3118,-38.7976,-203.18,649.282,1,37
162,40.7612,-38.3251,28.0732,694.536,1,37
162,43.9811,-34.5825,-37.3413,228.06,1,37
162,46.3516,-31.334,-7.44518,171.627,1,37
162,48.075,-28.6196,-286.003,1061.3,1,37
162,48.2063,-28.398,-251.325,531.009,1,37
162,48.7139,-27.5181,50.2457,1662.21,1,37
162,49.0149,-26.9783,-207.792,869.947,1,37
162,49.6301,-25.8291,-179.462,269.299,1,37
162,50.0264,-25.053,-179.589,64.6852,1,37
162,52.0453,-20.5322,-79.1894,128.735,1,37
162,53.3019,-17.006,19.1842,138.871,1,37
162,53.3019,-17.006,-182.667,290.784,1,37
162,54.1878,-13.9272,-91.6446,106.521,1,37
162,54.9491,-10.5302,-189.492,334.308,1,37
162,55.1932,-9.16532,-302.079,108.735,1,37
162,55.292,-8.54883,-301.54,23,1,37
162,55.3265,-8.32258,47.412,44.1787,1,37
162,55.5916,-6.31394,23.9512,163.25,1,37
162,55.7418,-4.81045,-276.724,240.499,1,37
162,55.9002,-2.33648,-282.877,358.7,1,37
162,55.9476,-0.398453,-177.797,1417.98,1,37
162,55.6465,5.80988,-224.963,74.5128,1,37
162,55.4273,7.62266,-107.007,428.409,1,37
162,55.4137,7.72062,-154.593,215.251,1,37
162,55.3601,8.09623,-260.412,34.1925,1,37
162,54.9203,10.6793,-79.9555,357.805,1,37
162,54.6907,11.7992,-289.186,271.23,1,37
162,54.4691,12.7831,-262.095,2589.42,1,37
162,53.5015,16.367,98.6662,322.256,1,37
162,52.0212,20.5932,103.793,1190.32,1,37
162,50.5613,23.9551,45.7626,316.285,1,37
162,50.4448,24.1994,-256.89,360.66,1,37
162,48.5835,27.7477,-104.897,954.605,1,37
162,48.543,27.8186,-17.6056,411.295,1,37
162,47.5723,29.4476,89.0572,155.236,1,37
162,45.8088,32.1223,-59.2376,139.006,1,37
162,45.5445,32.496,-59.205,51.4144,1,37
162,42.5468,36.3326,-300.272,358.523,1,37
162,42.0207,36.9399,-110.098,913.756,1,37
162,40.7511,38.3359,-52.7443,8487.46,1,37
162,40.5997,38.4962,-59.8752,698,1,37
162,40.3488,38.759,-252.897,271.532,1,37
162,40.0277,39.0906,-243.81,1259.06,1,37
162,38.6619,40.4419,16.0091,172.198,1,37
162,14.812,53.9527,-145.508,24.04,1,37
162,12.2131,54.5997,-19.7364,376.317,1,37
162,12.5466,54.5241,-70.8407,318.872,1,37
162,11.6645,54.7196,-274.529,376.077,1,37
162,3.94465,55.8098,-135.269,4332.85,1,37
162,4.28456,55.7847,-305.423,322.643,1,37
162,-2.85959,55.8759,-33.4232,336.504,1,37
162,-11.4,54.7753,-274.925,441.73,1,37
162,-13.3484,54.3333,-150.77,366.974,1,37
162,-18.858,52.6751,101.356,512.202,1,37
162,-20.3068,52.1337,60.7426,263.713,1,37
162,-21.8628,51.5006,-49.4567,138.47,1,37
162,-22.6749,51.1482,-63.5905,918.122,1,37
162,-22.4301,51.256,-265.829,1134.99,1,37
162,-23.0905,50.962,-292.082,760.911,1,37
162,-23.253,50.888,-93.8329,784.026,1,37
162,-28.1877,48.3296,35.2878,410.119,1,37
162,-31.209,46.4358,-261.375,479.578,1,37
162,-32.4153,45.602,-247.276,359.303,1,37
162,-35.5308,43.2187,-276.681,684.642,1,37
162,-35.9341,42.8839,-276.1,24.2179,1,37
162,-36.262,42.6071,-104.488,234.965,1,37
162,-41.9605,37.0082,-139.424,309.352,1,37
162,-41.948,37.0223,-288.269,289.403,1,37
162,-43.3124,35.4165,-303.634,423.956,1,37
162,-44.2201,34.2765,59.4389,915.007,1,37
162,-46.6772,30.8469,-12.081,441.169,1,37
162,-48.7239,27.5004,-171.928,2107.52,1,37
162,-48.8594,27.259,-267.911,522.661,1,37
162,-48.8169,27.3349,-292.782,916.466,1,37
162,-49.6195,25.8494,82.0787,539.757,1,37
162,-50.0196,25.0665,-71.3792,409.471,1,37
162,-50.4444,24.2004,95.416,303.706,1,37
162,-50.3923,24.3086,-71.7208,339.998,1,37
162,-50.6101,23.8518,27.5172,354.184,1,37
162,-50.7416,23.5706,-72.04,223.742,1,37
162,-51.1096,22.7618,-72.4309,361.302,1,37
162,-51.4814,21.9079,-72.8462,352.85,1,37
162,-51.9247,20.8354,-89.9823,197.435,1,37
162,-52.1181,20.3469,-27.6389,337.08,1,37
162,-52.3226,19.8151,-73.8068,237.567,1,37
162,-52.5632,19.1677,-74.2008,345.329,1,37
162,-52.879,18.2785,-74.6313,556.263,1,37
162,-53.7117,15.6635,-75.7965,1175.21,1,37
162,-53.6297,15.9418,-103.84,791.579,1,37
162,-53.5954,16.0568,-244.076,1228.33,1,37
162,-54.2319,13.7546,-136.047,317.45,1,37
162,-54.2891,13.5271,-76.7993,904.676,1,37
162,-55.1761,9.26769,-27.9169,1683.13,1,37
162,-55.2467,8.83682,-201.736,77.7179,1,37
162,-55.2898,8.56323,19.3554,158.586,1,37
162,-55.5447,6.71364,-261.588,679.035,1,37
162,-55.6308,5.95831,-261.26,84.4144,1,37
162,-55.7122,5.1422,-33.9877,305.275,1,37
162,-55.7724,4.44123,-139.402,507.629,1,37
162,-55.8367,3.54309,-130.46,132.971,1,37
162,-56.9702,-0.116539,141.474,144.235,0,38
162,-56.9368,-1.95297,-23.0216,366.023,0,38
162,-56.935,-2.00513,213.68,419.321,0,38
162,-56.8666,-3.43609,-22.5142,1083.69,0,38
162,-56.6621,-5.91834,-21.589,443.71,0,38
162,-56.6255,-6.25867,81.5729,366.521,0,38
162,-56.5539,-6.87536,-21.2607,439.198,0,38
162,-56.4416,-7.74319,-20.9518,396.091,0,38
162,-56.3352,-8.48281,297.487,323.876,0,38
162,-56.2899,-8.77863,-20.6713,630.003,0,38
162,-55.6873,-12.0225,8.71375,988.972,0,38
162,-55.5157,-12.7913,235.813,2518.11,0,38
162,-55.3799,-13.3671,290.121,799.617,0,38
162,-54.7062,-15.9011,290.182,241.234,0,38
162,-54.61,-16.2284,299.136,1068.96,0,38
162,-54.3452,-17.0943,-91.7327,134.298,0,38
162,-54.1415,-17.7289,247.783,3101.6,0,38
162,-54.0953,-17.8695,299.564,526.965,0,38
162,-53.9508,-18.3011,-26.4503,1151.17,0,38
162,-53.8161,-18.6933,299.709,304.597,0,38
162,-53.2647,-20.211,132.874,1065.12,0,38
162,-53.441,-19.7403,-71.3699,129.417,0,38
162,-53.1753,-20.4451,283.47,90.5914,0,38
162,-50.3035,-26.7428,111.373,585.935,0,38
162,-50.1699,-26.9926,-55.7668,984.286,0,38
162,-49.61,-28.0082,162.726,966.441,0,38
162,-49.1963,-28.7287,301.77,4048.15,0,38
162,-48.8407,-29.3292,239.612,417.214,0,38
162,-48.3572,-30.1197,149.264,255.464,0,38
162,-47.3172,-31.7284,301.535,229.894,0,38
162,-47.2871,-31.7733,-76.0849,168.451,0,38
162,-45.3935,-34.4245,43.7755,606.45,0,38
162,-42.9512,-37.4273,208.636,813.957,0,38
162,-42.6053,-37.8207,-88.8915,892.312,0,38
162,-42.8882,-37.4995,-23.5051,999.349,0,38
162,-42.1823,-38.2919,182.022,562.352,0,38
162,-41.3207,-39.2201,6.18828,279.725,0,38
162,-40.9284,-39.6293,7.04751,50.185,0,38
162,-40.631,-39.9341,8.00297,295.923,0,38
162,-36.6525,-43.6143,204.444,60.2774,0,38
162,-35.8297,-44.2928,204.464,609.041,0,38
162,-30.3805,-48.1938,44.444,75.4765,0,38
162,-29.9852,-48.4407,44.0257,75.3954,0,38
162,-29.0147,-49.0282,87.051,881.175,0,38
162,-28.0881,-49.5649,-59.3644,650.684,0,38
162,-27.4873,-49.9005,169.893,162.07,0,38
162,-26.8368,-50.2533,170.1,54.2896,0,38
162,-26.3404,-50.5153,170.204,111.582,0,38
162,-24.9856,-51.199,248.745,4624.21,0,38
162,-24.8833,-51.2488,254.33,427,0,38
162,-24.5472,-51.4106,138.985,285.531,0,38
162,-23.9231,-51.704,301.754,819.057,0,38
162,-23.9278,-51.7018,152.889,1410.66,0,38
162,-20.0676,-53.3189,-65.5867,832.781,0,38
162,-19.7212,-53.448,-34.1753,653.936,0,38
162,-17.0435,-54.3611,-34.7297,1120.43,0,38
162,-16.6617,-54.4794,264.323,641.972,0,38
162,-15.524,-54.8144,64.5654,571.802,0,38
162,-13.8571,-55.2594,27.1325,1623.31,0,38
162,-11.9134,-55.7107,-61.1672,1335.71,0,38
162,-11.4116,-55.8157,302.044,626.771,0,38
162,-10.1857,-56.0524,89.9266,327.05,0,38
162,-9.97387,-56.0904,194.515,170.037,0,38
162,-8.54595,-56.3257,265.698,360.211,0,38
162,-7.80829,-56.4327,-76.0018,541.708,0,38
162,-7.10688,-56.5253,-75.9066,387.184,0,38
162,-6.04936,-56.6482,-49.2995,132.91,0,38
162,-5.93182,-56.6606,125.292,83.9794,0,38
162,-3.1193,-56.8848,269.017,630.118,0,38
162,5.12527,-56.7393,109.294,1257.47,0,38
162,6.00186,-56.6533,288.673,1193.81,0,38
162,9.67035,-56.1436,157.022,355.266,0,38
162,9.85455,-56.1115,68.34,22.2219,0,38
162,13.9928,-55.2252,153.47,404.8,0,38
162,13.9557,-55.2345,131.295,142.105,0,38
162,15.2565,-54.8895,299.941,228.482,0,38
162,16.9378,-54.3942,268.391,431.757,0,38
162,18.3342,-53.9395,280.767,1886.84,0,38
162,20.3294,-53.2196,183.787,83.5962,0,38
162,21.1769,-52.8881,264.99,630.024,0,38
162,25.3749,-51.0072,176.934,441.612,0,38
162,28.3017,-49.4432,-21.0049,327.57,0,38
162,28.0632,-49.5789,261.903,707.955,0,38
162,29.3944,-48.8015,227.791,375.037,0,38
162,29.3002,-48.8581,253.204,50.6091,0,38
162,30.1648,-48.3291,17.8358,1909.95,0,38
162,30.9033,-47.8602,296.788,374.107,0,38
162,34.4041,-45.409,88.8536,556.241,0,38
162,35.5094,-44.5499,96.8833,1050.33,0,38
162,35.5311,-44.5326,274.989,789.338,0,38
162,37.2771,-43.0817,-39.898,345.306,0,38
162,38.1037,-42.3523,171.252,421.736,0,38
162,39.1487,-41.3883,270.299,673.794,0,38
162,40.8967,-39.662,273.488,530.277,0,38
162,41.7374,-38.7764,-87.8426,392.176,0,38
162,43.3112,-37.0102,109.158,374.719,0,38
162,45.1037,-34.8033,47.487,564.22,0,38
162,47.1038,-32.0445,-94.4707,145.338,0,38
162,49.657,-27.9248,-25.5515,214.169,0,38
162,53.4681,-19.6667,-69.5922,218.096,0,38
162,53.4764,-19.6441,-32.5309,794.472,0,38
162,53.9109,-18.4181,301.426,1421.34,0,38
162,55.2112,-14.0476,192.051,1401.2,0,38
162,55.5435,-12.6704,-40.4367,915.479,0,38
162,56.6355,-6.16747,145.272,1714.83,0,38
162,56.9359,-1.98045,33.572,24.1327,0,38
162,56.9435,1.74757,209.108,22.0832,0,38
162,56.8996,2.83693,209.07,566.746,0,38
162,56.8714,3.35491,21.0756,662.468,0,38
162,56.7689,4.78565,299.65,391.048,0,38
162,56.6799,5.74498,295.592,186.189,0,38
162,56.4039,8.01336,30.7575,112.739,0,38
162,56.1347,9.72152,-92.8359,816.387,0,38
162,55.5994,12.4225,115.802,583.683,0,38
162,55.3829,13.3549,-50.6295,677.615,0,38
162,55.2128,14.0415,285.403,382.218,0,38
162,55.2016,14.0855,152.13,120.583,0,38
162,54.9068,15.1942,294.107,134.402,0,38
162,54.6316,16.1556,-94.1885,170.963,0,38
162,54.326,17.1551,-98.6234,291.141,0,38
162,53.7954,18.7528,66.2429,143.178,0,38
162,50.1935,26.9487,275.883,756.876,0,38
162,49.1678,28.7775,208.37,1310.52,0,38
162,48.9745,29.1052,237.981,387.536,0,38
162,48.9193,29.1978,91.8569,156.992,0,38
162,48.2095,30.3555,-58.6483,639.608,0,38
162,47.1887,31.9193,276.361,611.126,0,38
162,46.0466,33.5459,-41.1717,287.43,0,38
162,45.0633,34.8556,264.696,464.979,0,38
162,44.674,35.3531,274.352,1154.97,0,38
162,43.025,37.3426,235.738,809.273,0,38
162,42.3564,38.0992,42.7198,1526.91,0,38
162,40.7579,39.8047,269.386,1152.45,0,38
162,39.4484,41.1027,92.7814,222.399,0,38
162,38.9692,41.5574,175.804,367.179,0,38
162,38.5172,41.9767,175.843,96.6885,0,38
162,38.4343,42.0526,215.892,56.1925,0,38
162,38.225,42.2429,125.888,624.425,0,38
162,37.5687,42.8276,-19.0518,1093.66,0,38
162,37.0816,43.2501,34.0806,1405.98,0,38
162,36.3197,43.8919,201.312,4414.36,0,38
162,36.4111,43.8161,205.785,229,0,38
162,35.5346,44.5298,138.413,288.095,0,38
162,34.149,45.6011,48.1503,473.831,0,38
162,33.8435,45.8283,110.74,44.2097,0,38
162,33.4674,46.1036,111.494,215.623,0,38
162,31.9723,47.1528,198.873,255.048,0,38
162,28.586,49.2794,-99.7977,63.6159,0,38
162,27.9917,49.6193,196.352,438.437,0,38
162,27.8514,49.6982,-99.8145,537.466,0,38
162,26.4788,50.4429,14.7286,1092.25,0,38
162,21.4782,52.7665,135.77,386.037,0,38
162,20.6221,53.1069,195.179,1832.85,0,38
162,19.4963,53.5305,304.663,16403.5,0,38
162,16.0026,54.6766,-98.1579,596.92,0,38
162,15.4746,54.8284,-56.6881,481.39,0,38
162,15.6508,54.7783,215.244,120.966,0,38
162,12.0586,55.6795,182.351,561.443,0,38
162,10.7713,55.9428,44.596,25.1279,0,38
162,10.1473,56.0593,-96.3467,512.035,0,38
162,10.1712,56.055,170.469,1409.89,0,38
162,3.57363,56.8581,162.378,483.887,0,38
162,2.19332,56.9281,283.246,608.295,0,38
162,1.4911,56.9508,108.516,700.167,0,38
162,0.774149,56.965,93.2733,1012.94,0,38
162,-2.40416,56.9195,304.978,3010.16,0,38
162,-5.02829,56.748,-79.8383,909.053,0,38
162,-8.38982,56.3491,274,528.828,0,38
162,-12.6041,55.5585,251.171,510.953,0,38
162,-13.0501,55.4555,-36.6292,106.393,0,38
162,-15.4524,54.8346,274.414,580.816,0,38
162,-16.7348,54.457,-96.5141,1195.49,0,38
162,-19.5462,53.5122,262.511,2276.45,0,38
162,-20.085,53.3124,-55.9243,743.213,0,38
162,-20.2426,53.2527,296.703,1616.42,0,38
162,-23.5101,51.8931,302.536,388.968,0,38
162,-23.5622,51.8694,255.459,557.892,0,38
162,-26.2098,50.5832,43.953,351.112,0,38
162,-26.753,50.298,300.201,170.784,0,38
162,-29.5879,48.6844,261.744,516,0,38
162,-29.9605,48.456,-99.228,833.946,0,38
162,-32.5176,46.7785,268.797,166.923,0,38
162,-36.7402,43.5405,-101.961,665.794,0,38
162,-36.8843,43.4184,139.579,695.206,0,38
162,-37.9286,42.5092,292.92,446.868,0,38
162,-38.7423,41.769,245.055,451.598,0,38
162,-41.4728,39.0592,-104.222,1584.5,0,38
162,-46.222,33.3038,-64.1172,4129.33,0,38
162,-46.631,32.7286,290.94,133.51,0,38
162,-46.6981,32.6329,60.708,53.2513,0,38
162,-47.3201,31.7242,290.962,320.675,0,38
162,-47.8509,30.9177,290.921,432.115,0,38
162,-48.4559,29.9607,290.997,483.306,0,38
162,-48.6642,29.6212,259.004,537.125,0,38
162,-49.5467,28.12,-22.5819,289.918,0,38
162,-50.7013,25.9806,204.551,269.601,0,38
162,-50.737,25.9109,-54.3746,294.961,0,38
162,-50.8348,25.7185,-56.1026,46.3712,0,38
162,-51.2617,24.8566,82.5908,205.342,0,38
162,-52.1667,22.8965,274.728,1143.76,0,38
162,-52.2214,22.7715,172.236,234.068,0,38
162,-53.8335,18.6432,-54.6443,146.155,0,38
162,-54.401,16.9159,-22.274,171.509,0,38
162,-56.3598,8.31808,281.026,444.974,0,38
162,-56.4289,7.83558,-86.609,206.812,0,38
162,-56.4618,7.59455,297.924,244.05,0,38
162,-56.7785,4.67099,140.431,492.533,0,38
162,-56.9171,2.46151,-11.8846,990.414,0,38
162,-56.9073,2.679,304.233,114.493,0,38
162,-56.9702,0.116506,141.586,249.477,0,38
162,-56.6606,-5.93186,-76.0225,192.336,1,38
162,-56.6606,-5.93186,-86.5376,276.217,1,38
162,-56.6606,-5.93187,-154.24,110.653,1,38
162,-56.556,-6.85813,60.98,101.507,1,38
162,-55.4555,-13.0501,62.4013,65.3451,1,38
162,-55.1582,-14.2545,-271.788,326.82,1,38
162,-55.1356,-14.3418,-289.582,547.79,1,38
162,-54.7124,-15.8799,-80.647,1131.85,1,38
162,-54.6446,-16.1116,-95.6565,230.172,1,38
162,-51.4159,-24.5361,-107.638,755.824,1,38
162,-48.7459,-29.4865,-293.042,845.005,1,38
162,-48.4407,-29.9852,-32.5787,93.6004,1,38
162,-48.1,-30.5288,-32.4042,130.424,1,38
162,-47.9256,-30.8018,-218.087,1137.95,1,38
162,-42.6034,-37.8228,44.704,1288.87,1,38
162,-41.1648,-39.3837,-286.037,4145.61,1,38
162,-39.7762,-40.7856,-90.9045,146.607,1,38
162,-37.2092,-43.1404,-293.146,851.541,1,38
162,-36.7404,-43.5403,-92.6433,522.442,1,38
162,-35.6353,-44.4493,73.6635,664.996,1,38
162,-35.3383,-44.6858,0.597103,1826.65,1,38
162,-33.2323,-46.2735,17.7186,1352.29,1,38
162,-32.4269,-46.8413,102.248,697.562,1,38
162,-31.4189,-47.5233,96.7169,1527.11,1,38
162,-30.8929,-47.867,-276.968,611.798,1,38
162,-25.0051,-51.1894,-301.241,1830.15,1,38
162,-23.6975,-51.8078,60.5297,126.512,1,38
162,-23.5113,-51.8925,-301.536,156.871,1,38
162,-22.7667,-52.2235,-286.154,457,1,38
162,-18.2021,-53.9842,-269.74,29.208,1,38
162,-17.7598,-54.1313,-269.539,46.3312,1,38
162,-15.3332,-54.8681,-291.838,2578.96,1,38
162,-15.307,-54.8754,-299.961,914,1,38
162,-14.4071,-55.1185,-291.788,22.1093,1,38
162,-13.7296,-55.2912,-61.7264,63.5532,1,38
162,-12.748,-55.5257,-245.975,1271.72,1,38
162,-10.0781,-56.0718,-235.017,740.861,1,38
162,-8.64126,-56.3111,-9.90633,2380.42,1,38
162,-8.52747,-56.3285,-33.8796,939.621,1,38
162,-5.46807,-56.7073,-264.844,58.6004,1,38
162,-5.00396,-56.7501,90.4489,91.7424,1,38
162,-5.00396,-56.7501,-265.436,130.145,1,38
162,-1.88255,-56.9392,84.3956,119.597,1,38
162,-1.28161,-56.9559,84.724,26.2186,1,38
162,-0.552063,-56.9676,-92.3484,162.16,1,38
162,3.02106,-56.8901,-304.088,208.15,1,38
162,3.31629,-56.8737,83.0481,740.698,1,38
162,3.74472,-56.8471,-295.64,1153.97,1,38
162,10.3744,-56.0177,-201.75,1179.95,1,38
162,16.4494,-54.5439,-37.9432,263.714,1,38
162,19.2065,-53.6351,-290.17,474.09,1,38
162,21.8917,-52.5963,-126.619,764.088,1,38
162,26.4471,-50.4595,-88.6472,5779.11,1,38
162,26.0615,-50.6598,-205.554,164.952,1,38
162,27.0324,-50.1484,-252.367,373.209,1,38
162,27.7463,-49.757,35.7503,208.16,1,38
162,30.1775,-48.3211,-67.2195,526.894,1,38
162,32.7931,-46.5857,-299.472,531.284,1,38
162,33.2786,-46.2401,-276.779,70.4405,1,38
162,33.6304,-45.9849,-228.037,170.943,1,38
162,34.9053,-45.0248,-282.505,435.138,1,38
162,36.2368,-43.9603,-32.4786,789.313,1,38
162,37.1577,-43.1847,-72.255,314.17,1,38
162,37.1324,-43.2065,-244.542,389.527,1,38
162,37.8162,-42.6093,-175.789,136.174,1,38
162,40.9705,-39.5857,-202.998,246.453,1,38
162,41.7461,-38.7669,30.6557,885.532,1,38
162,44.3514,-35.7571,-37.1081,176.261,1,38
162,46.534,-32.8664,-4.83523,663.642,1,38
162,48.6407,-29.6597,-284.927,5855.76,1,38
162,49.2807,-28.5838,-249.565,186.183,1,38
162,49.4436,-28.3009,50.4077,1778.86,1,38
162,49.9802,-27.3422,-207.755,254.845,1,38
162,50.25,-26.8432,-179.187,160.416,1,38
162,53.0501,-20.7678,-78.7834,2021,1,38
162,54.4832,-16.6491,19.6685,320.524,1,38
162,54.4832,-16.6491,-182.091,508.406,1,38
162,55.1927,-14.1201,-91.3407,256.848,1,38
162,55.8912,-11.0358,-189.391,397.904,1,38
162,56.063,-10.1268,-302.765,1353.31,1,38
162,56.3492,-8.38926,48.4857,376.255,1,38
162,56.5833,-6.62953,24.1186,320.209,1,38
162,56.768,-4.79738,-277.042,421.292,1,38
162,56.9697,-0.266814,27.1586,107.435,1,38
162,56.9703,-0.017617,-175.461,311.245,1,38
162,56.7093,5.44726,-224.165,387.613,1,38
162,56.383,8.15951,-153.479,661.732,1,38
162,56.3189,8.59053,-105.693,832.999,1,38
162,56.3478,8.39896,-259.348,1032.19,1,38
162,55.9707,10.6253,-79.4709,355.138,1,38
162,55.6686,12.1087,-288.293,734.55,1,38
162,55.1772,14.1806,-261.755,511.874,1,38
162,54.4437,16.778,100.099,294.774,1,38
162,54.1363,17.7448,-304.649,384.725,1,38
162,53.2388,20.2791,-114.664,1013.61,1,38
162,52.9005,21.1461,105.083,480.972,1,38
162,51.3101,24.7565,46.3718,351.469,1,38
162,51.282,24.8147,-227.998,1353.37,1,38
162,51.2076,24.9679,-255.5,1448.07,1,38
162,49.6392,27.9565,-104.714,1364.32,1,38
162,49.5601,28.0964,-16.2628,343.168,1,38
162,48.4321,29.9991,91.1526,826.133,1,38
162,46.0376,33.5582,-59.0451,1008.37,1,38
162,43.5579,36.7196,-299.682,91.7024,1,38
162,42.6583,37.7609,-108.327,688.16,1,38
162,41.7312,38.783,-53.6858,3388.16,1,38
162,41.3489,39.1903,-251.712,1011.79,1,38
162,39.7006,40.8593,15.7856,487.505,1,38
162,39.5433,41.0115,105.346,716.325,1,38
162,38.4183,42.0672,82.8521,636.779,1,38
162,35.5654,44.5052,-273.191,304.8,1,38
162,34.1663,45.5881,68.4162,262.503,1,38
162,28.3842,49.3959,-274.122,186.092,1,38
162,19.8399,53.404,-50.2324,857.563,1,38
162,15.5403,54.8098,-144.745,897.549,1,38
162,12.4963,55.5829,-69.4411,290.046,1,38
162,12.1819,55.6526,-273.349,129.2,1,38
162,11.6347,55.7696,-18.8815,863.315,1,38
162,4.6714,56.7785,-304.271,348.966,1,38
162,3.48407,56.8637,-135.778,6574.68,1,38
162,-3.01576,56.8904,-33.0412,535.084,1,38
162,-11.1355,55.8714,-273.725,133.527,1,38
162,-13.333,55.3881,-150.374,721.478,1,38
162,-16.923,54.3988,-147.081,1178.05,1,38
162,-18.9858,53.7136,70.2606,619.334,1,38
162,-19.5308,53.5179,102.5,1120.63,1,38
162,-20.3716,53.2035,61.1496,536.925,1,38
162,-22.5549,52.3153,-292.412,346.287,1,38
162,-22.5037,52.3373,-48.4667,1181.76,1,38
162,-22.9048,52.1631,-62.5261,469.525,1,38
162,-22.9146,52.1588,-265.815,320.191,1,38
162,-23.3039,51.986,15.4917,324.522,1,38
162,-23.2864,51.9938,-91.732,277.169,1,38
162,-25.0928,51.1465,88.7645,105.907,1,38
162,-29.1402,48.9537,35.8961,220.2,1,38
162,-33.6352,45.9814,-245.585,829.463,1,38
162,-36.9461,43.3659,101.129,76.996,1,38
162,-37.1996,43.1486,-102.175,576.816,1,38
162,-42.4258,38.022,-303.624,401.332,1,38
162,-42.7806,37.6222,-287.479,874.159,1,38
162,-42.7865,37.6156,-138.848,337.418,1,38
162,-44.2414,35.8931,-303.086,156.018,1,38
162,-46.0679,33.5166,61.5454,2803.15,1,38
162,-47.4207,31.5736,-11.0717,904.306,1,38
162,-48.9935,29.0731,-69.5511,265.696,1,38
162,-49.4725,28.2505,-172.519,6190.49,1,38
162,-49.4278,28.3285,-292.131,2465.78,1,38
162,-49.5116,28.1819,-179.666,546,1,38
162,-49.5116,28.1819,-184.516,22,1,38
162,-49.5418,28.1287,-267.224,218.289,1,38
162,-49.7916,27.6841,-70.2277,193.783,1,38
162,-50.2063,26.9248,82.6958,328.535,1,38
162,-50.4577,26.4506,-70.8955,1802.11,1,38
162,-50.9981,25.393,95.6172,1423.29,1,38
162,-52.2424,22.7232,30.6514,172.68,1,38
162,-52.7916,21.4165,-89.7588,1184.53,1,38
162,-53.3236,20.055,-25.8782,617.789,1,38
162,-54.6942,15.9423,-104.601,4922.76,1,38
162,-54.6428,16.1177,-242.678,575.793,1,38
162,-54.7984,15.5806,-134.953,1066.08,1,38
162,-55.6888,12.0154,-77.6805,761.586,1,38
162,-55.9111,10.9345,-78.1621,331.806,1,38
162,-56.0959,9.94313,-78.7074,443.366,1,38
162,-56.4367,7.77878,19.5759,1025.83,1,38
162,-56.7139,5.39924,-32.6692,774.198,1,38
162,-56.7264,5.26629,-138.975,293.876,1,38
162,-56.7353,5.169,-260.957,629.148,1,38
162,-56.885,3.11632,-129.504,184.093,1,38
162,-58.8624,-2.56757,213.163,199.369,0,39
162,-58.8375,-3.08703,212.812,90.4993,0,39
162,-58.561,-6.48012,290.343,609.837,0,39
162,-58.5169,-6.86691,78.422,685.652,0,39
162,-58.4562,-7.36565,290.289,548.533,0,39
162,-58.4298,-7.57193,296.446,182.516,0,39
162,-58.3623,-8.07592,296.831,575.046,0,39
162,-58.3387,-8.2443,290.229,647.139,0,39
162,-58.2448,-8.88346,290.237,108.298,0,39
162,-58.1042,-9.76095,290.257,1632.87,0,39
162,-57.923,-10.7844,305.78,30.0176,0,39
162,-57.8783,-11.022,290.312,97.701,0,39
162,-57.6409,-12.2027,5.38733,63.6509,0,39
162,-56.2876,-17.4092,246.11,2159.88,0,39
162,-56.1564,-17.8281,-91.9208,219.502,0,39
162,-55.367,-20.1463,-72.3351,709.994,0,39
162,-55.3348,-20.2344,50.6373,215.959,0,39
162,-55.0822,-20.9124,282.567,154.209,0,39
162,-54.578,-22.1951,300.425,937.735,0,39
162,-54.4802,-22.4339,133.383,445.295,0,39
162,-53.2959,-25.1182,301.116,45.2219,0,39
162,-53.1581,-25.4085,301.291,114.236,0,39
162,-52.7353,-26.2749,301.54,33.1958,0,39
162,-51.7917,-28.0891,107.822,695.156,0,39
162,-51.7807,-28.1093,241.423,387.614,0,39
162,-51.5731,-28.4884,-57.2115,358.312,0,39
162,-51.4865,-28.6446,241.001,542.645,0,39
162,-51.1182,-29.2969,161.79,196.066,0,39
162,-50.8249,-29.8029,302.52,2455.56,0,39
162,-49.8463,-31.4122,147.027,1006.61,0,39
162,-49.8204,-31.4533,300.431,130.292,0,39
162,-49.4917,-31.968,300.658,910.405,0,39
162,-49.2145,-32.393,-77.5869,420.481,0,39
162,-46.6764,-35.954,41.6133,1023,0,39
162,-43.9987,-39.1854,-23.8109,339.058,0,39
162,-43.8221,-39.3828,180.497,479.102,0,39
162,-43.3216,-39.9326,3.82001,129.484,0,39
162,-43.2329,-40.0287,-90.8337,127.011,0,39
162,-43.2036,-40.0603,208.587,122.667,0,39
162,-42.8382,-40.4508,-91.4648,641.101,0,39
162,-42.8081,-40.4826,208.561,282.661,0,39
162,-42.1697,-41.1472,208.684,31.1648,0,39
162,-41.3766,-41.9447,305.78,27.0033,0,39
162,-41.0906,-42.2249,305.78,128.125,0,39
162,-40.6266,-42.6715,305.78,106.085,0,39
162,-39.8497,-43.398,305.78,82.9445,0,39
162,-36.0028,-46.6388,204.444,85.1526,0,39
162,-35.486,-47.0332,204.609,249.421,0,39
162,-34.9376,-47.442,204.588,137.937,0,39
162,-30.6339,-50.3283,42.7319,138.803,0,39
162,-30.2234,-50.5759,42.2933,302.249,0,39
162,-28.6096,-51.506,84.1764,490.67,0,39
162,-27.9536,-51.8649,-61.541,1742.18,0,39
162,-27.9293,-51.8781,83.2298,195.493,0,39
162,-27.3738,-52.1733,-62.4165,144.706,0,39
162,-25.5178,-53.1057,170.72,2170.41,0,39
162,-25.9166,-52.9123,248.252,4852.77,0,39
162,-25.9869,-52.8778,256.701,1057,0,39
162,-25.503,-53.1129,302.236,512.63,0,39
162,-25.0043,-53.3494,136.493,599.31,0,39
162,-24.1511,-53.7411,149.707,236.107,0,39
162,-22.9128,-54.2806,-63.6914,1633.91,0,39
162,-22.0979,-54.6174,-34.5494,802.954,0,39
162,-16.9478,-56.4283,262.602,268.768,0,39
162,-15.9464,-56.7194,255.947,71.6867,0,39
162,-13.7698,-57.2867,25.9468,151.201,0,39
162,-13.4572,-57.361,25.4666,227.547,0,39
162,-12.7837,-57.5148,-61.7885,1189.43,0,39
162,-11.1318,-57.8572,300.407,897.282,0,39
162,-10.9364,-57.8945,86.964,379.837,0,39
162,-10.642,-57.9493,194.347,162.821,0,39
162,-9.39503,-58.1645,-76.3684,139.721,0,39
162,-8.91847,-58.2395,-76.3423,237.307,0,39
162,-8.56564,-58.2924,-76.244,23.0693,0,39
162,-6.5303,-58.5554,-49.9964,164.15,0,39
162,-5.36774,-58.6734,123.635,694.225,0,39
162,-2.78614,-58.8525,-62.5726,1647.11,0,39
162,-3.0438,-58.8397,267.135,638.393,0,39
162,1.03603,-58.9093,108.62,78.1387,0,39
162,1.52625,-58.8986,108.62,36.0694,0,39
162,2.33198,-58.8722,108.839,797.292,0,39
162,3.33388,-58.824,108.928,131.765,0,39
162,5.50196,-58.6609,287.695,150.526,0,39
162,6.60803,-58.5467,-9.90668,495.155,0,39
162,10.2677,-58.0168,82.909,957.694,0,39
162,12.3598,-57.6074,152.95,223.413,0,39
162,12.834,-57.5036,153.011,381.153,0,39
162,14.044,-57.2201,130.289,924.232,0,39
162,14.5497,-57.0936,297.054,94.9423,0,39
162,17.1698,-56.3611,266.273,947.447,0,39
162,19.2956,-55.6692,278.481,2220.51,0,39
162,21.1845,-54.9781,183.029,148.51,0,39
162,21.4891,-54.8598,262.995,825.134,0,39
162,21.9958,-54.6586,303.84,141.074,0,39
162,22.4029,-54.493,304.508,68.5218,0,39
162,23.5751,-53.9962,24.244,73.3656,0,39
162,24.2977,-53.675,138.33,634.403,0,39
162,25.3502,-53.186,62.1851,650.737,0,39
162,25.1182,-53.2959,227.34,45.1698,0,39
162,26.8587,-52.4403,175.847,479.04,0,39
162,28.8362,-51.3795,259.621,1218,0,39
162,29.7314,-50.8667,-21.3615,125.284,0,39
162,31.1091,-50.036,227.688,372.67,0,39
162,31.4975,-49.7924,295.704,2026.03,0,39
162,31.8771,-49.5503,16.6224,252.36,0,39
162,36.1377,-46.5343,88.451,470.199,0,39
162,37.1183,-45.756,273.22,583.213,0,39
162,37.4248,-45.5056,94.0984,185.638,0,39
162,37.7689,-45.2204,93.0311,1059.32,0,39
162,39.3328,-43.867,-41.3384,693.917,0,39
162,40.0657,-43.1986,52.6406,875.504,0,39
162,40.0576,-43.2061,267.703,961.084,0,39
162,42.0574,-41.262,272.293,308.684,0,39
162,42.0849,-41.234,72.0005,552.921,0,39
162,44.561,-38.5447,107.569,56.5049,0,39
162,48.4327,-33.5507,-96.4426,387.119,0,39
162,50.3827,-30.5444,150.48,706.901,0,39
162,51.1442,-29.2514,-27.9946,919.896,0,39
162,52.3129,-27.1061,135.846,751.134,0,39
162,54.4368,-22.5391,132.981,154.6,0,39
162,54.6205,-22.0902,132.232,382.201,0,39
162,55.1826,-20.6461,-33.5232,983.336,0,39
162,55.6964,-19.2168,300.757,407.786,0,39
162,56.1557,-17.8303,191.528,454.913,0,39
162,57.1157,-14.4627,-41.0962,1053.18,0,39
162,57.3241,-13.6136,-41.1735,73.2913,0,39
162,58.4436,-7.46513,142.695,3422.66,0,39
162,58.864,-2.53077,32.6089,177.084,0,39
162,58.9143,0.692974,209.029,210.155,0,39
162,58.7844,3.971,20.2557,199.646,0,39
162,58.7217,4.81056,297.964,507.548,0,39
162,58.6724,5.37813,29.5365,516.016,0,39
162,58.5814,6.29244,29.8338,351.361,0,39
162,58.5351,6.70967,294.607,400.835,0,39
162,58.4654,7.29198,294.332,45.2542,0,39
162,57.9585,10.5921,-95.7927,1003.45,0,39
162,57.5888,12.4462,-49.9577,330.775,0,39
162,57.412,13.2379,-50.1414,478.289,0,39
162,57.2878,13.7653,113.928,253.901,0,39
162,56.7134,15.9676,-95.9892,280.044,0,39
162,56.6316,16.2556,-95.324,38.426,0,39
162,56.023,18.2427,-100.116,840.831,0,39
162,55.6875,19.2427,64.948,44.0538,0,39
162,52.1029,27.5075,272.589,1258.18,0,39
162,51.0888,29.3482,91.2022,585.556,0,39
162,51.0803,29.3629,207.59,1371.41,0,39
162,50.5513,30.2646,236.383,156.587,0,39
162,49.9912,31.181,-60.5646,820.415,0,39
162,49.5223,31.9205,273.118,152.646,0,39
162,49.3869,32.1297,274.121,81.3068,0,39
162,47.4669,34.9038,-42.0794,141.937,0,39
162,45.8678,36.98,271.207,351.109,0,39
162,44.1816,38.979,42.631,1695.91,0,39
162,44.2529,38.898,233.683,1910.46,0,39
162,42.4691,40.8382,265.635,687.933,0,39
162,40.1476,43.1225,215.451,577.008,0,39
162,39.8648,43.384,-53.4922,3817.71,0,39
162,39.982,43.276,-19.428,29.9759,0,39
162,39.982,43.276,92.3178,82.5914,0,39
162,39.7908,43.4519,124.308,60.288,0,39
162,39.4736,43.7403,-19.3327,131.733,0,39
162,39.3525,43.8493,175.957,144.69,0,39
162,38.613,44.5019,201.53,8508.82,0,39
162,38.7879,44.3495,176.112,163.476,0,39
162,36.9874,45.8619,33.507,1198.46,0,39
162,35.5516,46.9836,48.1278,297.648,0,39
162,34.2996,47.9053,135.326,275.08,0,39
162,33.7659,48.2829,198.466,478.738,0,39
162,33.3599,48.5644,51.4103,437.328,0,39
162,29.8032,50.8247,196.733,668.529,0,39
162,27.6272,52.0396,11.7689,780.914,0,39
162,27.1342,52.2983,-99.988,22.0139,0,39
162,26.7071,52.5177,-99.886,175.581,0,39
162,26.2749,52.7353,-99.835,62.7865,0,39
162,21.7838,54.7434,135.147,368.076,0,39
162,21.0013,55.0484,305.705,5196.26,0,39
162,20.8292,55.1137,194.453,67.6836,0,39
162,14.5497,57.0937,181.548,28.208,0,39
162,13.767,57.2874,181.507,2729.26,0,39
162,11.9469,57.6945,43.8484,224.843,0,39
162,11.3076,57.8231,169.132,2062.95,0,39
162,10.7343,57.9323,-97.5089,606.132,0,39
162,10.5811,57.9605,104.054,1486.24,0,39
162,3.4874,58.8151,280.278,315.044,0,39
162,3.07054,58.8383,161.679,975.842,0,39
162,3.05159,58.8393,281.267,201.238,0,39
162,-4.17476,58.7703,304.298,2194.06,0,39
162,-6.96779,58.5049,-81.9649,795.442,0,39
162,-9.45581,58.1547,271.924,2367.2,0,39
162,-13.4572,57.361,237.516,26.2896,0,39
162,-13.552,57.3387,248.286,292.973,0,39
162,-13.7057,57.3021,-39.0402,497.247,0,39
162,-14.1424,57.1959,238.977,246.413,0,39
162,-16.3345,56.6088,272.595,557.231,0,39
162,-16.9765,56.4197,-96.0317,577.758,0,39
162,-19.6219,55.555,294.332,30.1664,0,39
162,-20.1602,55.3619,261.917,3684.3,0,39
162,-19.9246,55.4472,295.18,34.3204,0,39
162,-20.2268,55.3377,294.9,63.6448,0,39
162,-22.9668,54.2578,301.722,610.6,0,39
162,-25.3443,53.1888,251.738,1103.1,0,39
162,-26.6186,52.5626,43.324,61.3196,0,39
162,-31.3191,49.9049,-99.6395,162.858,0,39
162,-31.1811,49.9912,253.894,144.801,0,39
162,-31.7551,49.6285,64.425,467.874,0,39
162,-33.8164,48.2476,266.377,1959.33,0,39
162,-37.8756,45.1311,138.892,1734.11,0,39
162,-39.5427,43.6779,291.79,765.423,0,39
162,-39.9267,43.3271,244.122,274.856,0,39
162,-42.1084,41.21,-104.056,131.108,0,39
162,-42.7778,40.5146,-27.3686,184.693,0,39
162,-43.7143,39.5024,250.241,1169.65,0,39
162,-47.227,35.2277,-63.7095,3444.72,0,39
162,-47.6113,34.7066,61.0265,325.733,0,39
162,-50.0864,31.0279,256.971,768.404,0,39
162,-51.2203,29.1181,208.915,1002.46,0,39
162,-51.8165,28.0433,290.933,599.102,0,39
162,-52.2681,27.1924,290.92,686.172,0,39
162,-52.697,26.3515,290.812,364.921,0,39
162,-52.9857,25.7662,275.676,70.0694,0,39
162,-53.263,25.1878,290.917,1394.36,0,39
162,-53.2499,25.2157,81.9025,240.736,0,39
162,-53.2652,25.1833,275.682,205.709,0,39
162,-53.5042,24.6715,275.59,207.145,0,39
162,-53.7814,24.0612,170.987,1047.24,0,39
162,-56.0529,18.1508,-22.3127,131.018,0,39
162,-56.1082,17.979,-54.2913,133.555,0,39
162,-57.5973,12.4068,96.6383,483.263,0,39
162,-58.2518,8.83769,279.339,808.902,0,39
162,-58.4165,7.67424,-88.1528,724.351,0,39
162,-58.4811,7.16491,297.437,133.416,0,39
162,-58.7552,4.38289,140.384,1426.68,0,39
162,-58.8421,2.99712,303.21,273.497,0,39
162,-58.88,2.12729,-13.8538,1567.71,0,39
162,-58.9144,0.68487,140.669,170.311,0,39
162,-58.5594,-6.49413,-154.298,89.3329,1,39
162,-58.3824,-7.92929,-64.0634,148.154,1,39
162,-57.0134,-14.8609,-76.82,29.1664,1,39
162,-56.5149,-16.6566,26.5581,1211.97,1,39
162,-56.5925,-16.391,-95.207,195.662,1,39
162,-54.7693,-21.7187,69.5084,782.841,1,39
162,-54.19,-23.1263,67.6212,226.628,1,39
162,-49.7189,-31.6135,-216.352,259.628,1,39
162,-43.5975,-39.6312,44.978,185.068,1,39
162,-43.1992,-40.065,-281.94,623.388,1,39
162,-43.1668,-40.0999,45.0698,48.319,1,39
162,-42.7815,-40.5108,-283.622,3019.37,1,39
162,-41.1712,-42.1463,-303.727,273.153,1,39
162,-40.876,-42.4327,-90.3919,613.785,1,39
162,-38.2477,-44.8162,-290.738,636.34,1,39
162,-37.547,-45.4049,-92.084,120.305,1,39
162,-37.0743,-45.7916,75.8382,865.716,1,39
162,-37.1028,-45.7685,3.03832,95.6658,1,39
162,-37.0661,-45.7983,-91.8967,54.359,1,39
162,-33.5965,-48.401,99.564,33.1924,1,39
162,-33.5965,-48.401,20.276,29.0294,1,39
162,-32.1802,-49.3539,-275.347,547.458,1,39
162,-28.0588,-51.8081,-291.888,654.599,1,39
162,-27.5751,-52.0672,56.332,294.312,1,39
162,-25.3269,-53.1971,-263.008,423.911,1,39
162,-25.152,-53.28,-301.178,619.658,1,39
162,-25.0236,-53.3404,-299.15,652.278,1,39
162,-24.7841,-53.4521,61.4373,131.654,1,39
162,-23.9988,-53.8092,-278.493,909.244,1,39
162,-20.861,-55.1017,-120.419,341.352,1,39
162,-19.6625,-55.5407,-269.148,420.469,1,39
162,-19.1499,-55.7195,-292.871,228.522,1,39
162,-18.3548,-55.9864,-292.66,452.968,1,39
162,-17.6405,-56.2156,-292.212,21.0416,1,39
162,-13.926,-57.249,-243.897,305.083,1,39
162,-11.8881,-57.7066,99.3018,318.109,1,39
162,-0.883672,-58.9118,85.1932,4173.81,1,39
162,-0.883675,-58.9118,-91.8803,91.6885,1,39
162,1.94416,-58.8863,-300.908,161.565,1,39
162,2.32919,-58.8723,-301.54,36.2896,1,39
162,2.53684,-58.8638,-302.485,315.267,1,39
162,3.10458,-58.8365,85.6702,695.856,1,39
162,8.90162,-58.2421,-302.092,9632.64,1,39
162,8.62062,-58.2843,-305.641,107,1,39
162,10.2506,-58.0198,-201.472,349.921,1,39
162,13.9772,-57.2365,87.5889,88.6469,1,39
162,16.2556,-56.6316,-78.092,33.0555,1,39
162,16.6148,-56.5272,38.3773,82.4977,1,39
162,16.907,-56.4405,-35.6003,420.989,1,39
162,17.4636,-56.2708,37.9428,529.046,1,39
162,19.0496,-55.7538,-11.6405,131.583,1,39
162,20.9581,-55.0648,-276.919,498.682,1,39
162,22.5982,-54.4123,-275.31,681.444,1,39
162,22.877,-54.2957,-125.151,377.455,1,39
162,26.2782,-52.7336,-87.91,7806.04,1,39
162,26.131,-52.8067,-94.8845,676,1,39
162,26.5973,-52.5734,-249.905,123.596,1,39
162,26.9587,-52.389,-250.533,154.062,1,39
162,28.1263,-51.7715,36.8068,208.247,1,39
162,31.5332,-49.7698,-67.1399,141.327,1,39
162,33.339,-48.5787,-298.196,713.599,1,39
162,34.5566,-47.7202,-275.133,995.366,1,39
162,35.3917,-47.1042,-282.986,547.713,1,39
162,36.854,-45.9691,-31.547,805.174,1,39
162,36.9199,-45.9162,-70.1534,443.201,1,39
162,37.1908,-45.6971,-70.884,38.3931,1,39
162,37.1908,-45.697,-241.142,51.49,1,39
162,37.5634,-45.3913,-251.668,1400,1,39
162,39.7943,-43.4487,-174.095,779.552,1,39
162,40.3459,-42.937,-172.885,202.074,1,39
162,42.341,-40.9709,-202.876,598.548,1,39
162,43.4783,-39.762,33.5176,507.387,1,39
162,45.0824,-37.9335,-36.54,43.1232,1,39
162,45.3064,-37.6657,-36.5153,163.089,1,39
162,49.9729,-31.2103,-283.525,2354.9,1,39
162,50.885,-29.7,50.6136,2890.99,1,39
162,50.9616,-29.5684,-178.577,428.59,1,39
162,51.3652,-28.8617,-178.721,200.157,1,39
162,51.3037,-28.9708,-246.524,228.143,1,39
162,51.9919,-27.7168,-207.667,507.266,1,39
162,55.0284,-21.0536,-77.8672,355.364,1,39
162,56.4677,-16.8159,-181.124,60.208,1,39
162,56.6304,-16.2595,20.4116,458.79,1,39
162,57.1812,-14.2018,-90.8458,318.121,1,39
162,57.6409,-12.2027,-189.18,21.0433,1,39
162,57.6536,-12.1425,-304.084,73.111,1,39
162,57.7464,-11.6931,-189.282,206.141,1,39
162,57.783,-11.5107,-303.823,728.404,1,39
162,58.3584,-8.10405,50.0135,699.709,1,39
162,58.4296,-7.57389,24.5238,428.4,1,39
162,58.7135,-4.91002,-277.839,757.608,1,39
162,58.9134,-0.765449,-280.038,779.171,1,39
162,58.9163,0.491759,-173.047,576.956,1,39
162,58.9145,0.674811,27.6587,218.477,1,39
162,58.7011,5.05505,-222.523,69.3728,1,39
162,58.2924,8.56566,-152.081,42.3174,1,39
162,58.2392,8.92048,-257.093,1407.96,1,39
162,58.0917,9.83526,-103.956,22.179,1,39
162,58.0214,10.2419,-103.569,383.879,1,39
162,57.9341,10.7249,-78.4164,347.31,1,39
162,57.5126,12.7936,-286.794,287.54,1,39
162,57.4485,13.0785,20.0575,764.171,1,39
162,56.3921,17.0678,-261.033,2628.98,1,39
162,56.1436,17.8681,-301.845,816.724,1,39
162,54.5326,22.3064,-112.211,686.12,1,39
162,52.798,26.1486,47.2114,497.189,1,39
162,52.806,26.1324,-254.227,2350.59,1,39
162,51.6214,28.4009,-104.412,2226.03,1,39
162,51.4603,28.6918,-13.2703,2779.56,1,39
162,50.1571,30.9135,93.8757,532.671,1,39
162,47.2922,35.1401,-58.8392,1423.25,1,39
162,45.6945,37.194,-298.5,777.571,1,39
162,43.5498,39.6837,-54.9137,4323.53,1,39
162,43.2816,39.976,-249.433,381.494,1,39
162,42.6635,40.635,-240.187,8400.6,1,39
162,42.7016,40.5949,-248.38,1432,1,39
162,41.2891,42.0308,15.0532,118.801,1,39
162,40.6346,42.6639,105.457,414.982,1,39
162,39.5025,43.7142,85.1758,280.422,1,39
162,36.4426,46.2959,-273.822,332.668,1,39
162,35.5102,47.0149,69.3685,253.005,1,39
162,33.3028,48.6035,61.0613,741.929,1,39
162,31.4536,49.8202,-299.559,394.152,1,39
162,31.097,50.0435,-1.77251,197.132,1,39
162,31.1499,50.0106,-298.569,97.6161,1,39
162,29.6677,50.9039,-123.036,31.248,1,39
162,29.1612,51.1957,-272.159,281.79,1,39
162,20.8298,55.1135,-48.2838,4062.72,1,39
162,17.0819,56.3878,-142.104,863.197,1,39
162,13.4286,57.3677,-271.781,437.275,1,39
162,12.5166,57.5735,-66.5229,720.695,1,39
162,11.2044,57.8432,-18.0519,217.237,1,39
162,5.43003,58.6676,-302.542,494.468,1,39
162,2.73269,58.855,-136.529,8061.47,1,39
162,-3.52197,58.813,-32.2572,553.332,1,39
162,-11.0004,57.8824,-271.819,360.864,1,39
162,-13.3288,57.3909,-149.889,335.223,1,39
162,-15.6369,56.8055,-146.651,69.3174,1,39
162,-15.9464,56.7194,-146.794,134.765,1,39
162,-20.6152,55.1941,61.8553,1013.68,1,39
162,-20.7462,55.145,104.61,671.972,1,39
162,-21.0206,55.041,-293.027,590.643,1,39
162,-21.7981,54.7377,-292.843,240.758,1,39
162,-23.5325,54.0148,-46.9336,699.158,1,39
162,-23.5396,54.0117,-61.1046,373.343,1,39
162,-23.6489,53.964,16.0909,742.766,1,39
162,-23.9092,53.8491,-265.641,659.167,1,39
162,-31.1811,49.9912,37.5077,117.145,1,39
162,-31.4533,49.8204,37.236,28.137,1,39
162,-31.7246,49.6481,-257.868,23.2863,1,39
162,-32.0787,49.42,-258.228,166.912,1,39
162,-35.808,46.7885,-242.476,2796.71,1,39
162,-38.3918,44.6928,101.177,117.547,1,39
162,-38.7507,44.382,-99.7012,930.309,1,39
162,-39.6267,43.6017,-273.132,31.225,1,39
162,-40.0756,43.1894,-272.526,207.544,1,39
162,-43.1206,40.1496,-301.357,347.511,1,39
162,-44.4368,38.6878,-138.122,512.916,1,39
162,-44.4557,38.6661,-286.041,59.8198,1,39
162,-45.4492,37.4934,-49.215,427.148,1,39
162,-46.1169,36.6689,-302.357,368.778,1,39
162,-48.5049,33.4463,63.4855,1086.3,1,39
162,-48.9779,32.7497,64.5002,433.184,1,39
162,-49.2345,32.3627,-68.327,471.507,1,39
162,-49.6835,31.669,-68.5849,303.133,1,39
162,-50.6968,30.0202,-173.981,2845.35,1,39
162,-50.6724,30.0614,-291.096,927.905,1,39
162,-50.994,29.5125,-266.202,807.077,1,39
162,-51.51,28.6024,83.323,1763.74,1,39
162,-54.4777,22.44,-89.4461,741.629,1,39
162,-55.4521,19.9109,-23.1601,314.48,1,39
162,-56.1688,17.7887,-133.515,1353.75,1,39
162,-56.601,16.3618,-105.561,692.781,1,39
162,-56.6823,16.0777,-239.976,324.333,1,39
162,-58.1527,9.46805,-201.448,603.565,1,39
162,-58.2033,9.15151,-23.7291,902.848,1,39
162,-58.2735,8.69332,-79.3891,308.037,1,39
162,-58.398,7.81384,-79.918,76.7374,1,39
162,-58.5127,6.90234,19.7985,614.961,1,39
162,-58.5265,6.78423,-138.294,479.098,1,39
162,-58.621,5.91275,19.954,854.959,1,39
162,-58.6049,6.06952,-30.3861,690.644,1,39
162,-58.8021,3.69944,-260.379,257.77,1,39
162,-58.8438,2.96363,-260.13,1621.45,1,39
162,-58.8483,2.8731,-128.254,82.6847,1,39
162,-58.8658,2.48971,-127.7,21.0832,1,39
162,-60.0151,-0.0818433,290.67,96.0287,0,40
162,-60.0084,-0.900142,290.652,73.9252,0,40
162,-59.9991,-1.39104,290.318,81.5792,0,40
162,-59.9906,-1.71828,290.516,41.1437,0,40
162,-59.9745,-2.20899,290.092,24.0416,0,40
162,-59.9597,-2.58052,290.388,125.721,0,40
162,-59.9288,-3.21913,212.408,287.31,0,40
162,-59.9304,-3.19,290.308,77.5531,0,40
162,-59.9023,-3.68018,290.516,36.2358,0,40
162,-59.8586,-4.33338,290.293,100.787,0,40
162,-59.829,-4.72444,290.436,174.707,0,40
162,-59.7465,-5.67241,290.44,940.209,0,40
162,-59.5744,-7.26067,76.6376,1072.12,0,40
162,-58.9455,-11.2808,305.336,471.31,0,40
162,-58.6877,-12.5532,4.39911,812.193,0,40
162,-57.492,-17.2189,245.291,4325.08,0,40
162,-57.1768,-18.2383,-92.0508,110.624,0,40
162,-56.4934,-20.2564,50.5919,818.908,0,40
162,-56.4793,-20.2956,-73.0899,99.9916,0,40
162,-56.1783,-21.1146,281.953,572.758,0,40
162,-54.288,-25.5858,134.05,146.092,0,40
162,-54.1477,-25.8815,134.06,23.1648,0,40
162,-53.3113,-27.5632,301.637,426.479,0,40
162,-52.8361,-28.4636,301.868,373.062,0,40
162,-52.0536,-29.8705,-58.7556,174.12,0,40
162,-51.8968,-30.1421,160.923,459.398,0,40
162,-51.7714,-30.3569,303.013,2418.19,0,40
162,-51.3258,-31.1045,302.539,200.918,0,40
162,-50.8907,-31.8113,299.832,204.869,0,40
162,-50.8468,-31.8814,302.72,1030.53,0,40
162,-50.4266,-32.5419,-78.643,302.128,0,40
162,-50.552,-32.3469,145.037,1228.75,0,40
162,-49.8011,-33.4915,303.171,2395.62,0,40
162,-49.0825,-34.536,303.429,252.264,0,40
162,-48.2255,-35.7229,303.749,1221.39,0,40
162,-47.4466,-36.7511,303.947,142.831,0,40
162,-47.3631,-36.8587,40.5935,52.4234,0,40
162,-46.9582,-37.3732,304.084,28.0277,0,40
162,-46.7537,-37.6287,304.084,24.0139,0,40
162,-46.2362,-38.2627,304.37,89.4022,0,40
162,-45.5293,-39.1013,304.706,356.645,0,40
162,-44.8472,-39.8817,304.915,605.274,0,40
162,-44.8171,-39.9155,179.115,835.528,0,40
162,-44.5535,-40.2096,-24.0592,793.492,0,40
162,-44.1742,-40.6259,305.11,362.156,0,40
162,-43.5813,-41.2613,305.272,535.606,0,40
162,-43.2876,-41.5694,-91.9784,410.441,0,40
162,-42.9897,-41.8773,305.473,81.6974,0,40
162,-42.7255,-42.1468,-93.628,21.0693,0,40
162,-42.7255,-42.1469,305.78,23.2635,0,40
162,-41.4372,-43.4141,208.555,498.241,0,40
162,-35.024,-48.7355,204.648,44.3455,0,40
162,-34.6655,-48.9911,204.732,68.5505,0,40
162,-30.2451,-51.8368,41.164,711.324,0,40
162,-28.0851,-53.0382,82.04,1238.75,0,40
162,-27.5629,-53.3115,-63.277,150.831,0,40
162,-27.094,-53.5513,-63.9354,109.607,0,40
162,-26.5199,-53.8379,302.806,1170.93,0,40
162,-26.4313,-53.8814,247.941,3368.77,0,40
162,-24.9448,-54.5855,-62.2899,2257.46,0,40
162,-25.3717,-54.3884,135.308,936.533,0,40
162,-25.3243,-54.4105,171.048,144.199,0,40
162,-24.5401,-54.7687,171.113,491.185,0,40
162,-23.7165,-55.1303,-34.8526,805.061,0,40
162,-16.8099,-57.6129,261.147,292.566,0,40
162,-16.3426,-57.7472,254.623,260.175,0,40
162,-13.3447,-58.5128,-62.5657,6974.62,0,40
162,-13.3863,-58.5033,24.8283,328.892,0,40
162,-13.3888,-58.5027,-50.8127,2349,0,40
162,-11.3334,-58.9354,85.5411,176.626,0,40
162,-11.3781,-58.9268,193.809,317.697,0,40
162,-10.6353,-59.0653,298.821,847.942,0,40
162,-10.3302,-59.1195,-76.4977,602.532,0,40
162,-10.1062,-59.1582,263.026,851.945,0,40
162,-6.95004,-59.6114,-50.3616,247.419,0,40
162,-5.1155,-59.7968,122.759,587.999,0,40
162,-3.46915,-59.9148,-63.524,79.4405,0,40
162,-3.01813,-59.9393,265.837,760.643,0,40
162,-0.572814,-60.0125,108.398,242.84,0,40
162,0.177872,-60.0149,108.62,51.4128,0,40
162,4.74033,-59.8277,286.731,582.368,0,40
162,7.36124,-59.562,-9.50239,520.37,0,40
162,9.6881,-59.2281,82.3843,714.399,0,40
162,11.3957,-58.9234,152.65,1358.88,0,40
162,13.8695,-58.3906,129.421,379.141,0,40
162,14.3826,-58.2663,295.418,1427.47,0,40
162,17.225,-57.4902,265.023,376.893,0,40
162,19.7878,-56.6592,277.134,3280.46,0,40
162,21.6716,-55.9658,182.388,334.581,0,40
162,21.587,-55.9984,261.654,263.631,0,40
162,22.0272,-55.8268,303.169,712.431,0,40
162,23.8922,-55.0544,23.576,258.198,0,40
162,25.0671,-54.5295,136.983,140.448,0,40
162,25.2893,-54.4268,136.066,82.2513,0,40
162,26.2622,-53.9641,61.5086,290.144,0,40
162,28.0723,-53.045,174.897,486.953,0,40
162,29.1384,-52.4669,257.195,480.455,0,40
162,30.7291,-51.5514,-21.449,370.115,0,40
162,31.8429,-50.871,295.189,973.749,0,40
162,32.182,-50.6571,227.662,1139.79,0,40
162,33.1889,-50.0032,16.0422,78.6192,0,40
162,37.1602,-47.1269,88.1867,408.41,0,40
162,38.0051,-46.4482,271.754,549.192,0,40
162,38.8164,-45.7724,91.426,170.532,0,40
162,39.2089,-45.4367,167.85,381.276,0,40
162,40.3625,-44.415,-42.1328,267.657,0,40
162,40.5344,-44.2582,265.898,540.671,0,40
162,40.7263,-44.0816,-42.4914,63.3989,0,40
162,40.7263,-44.0816,52.228,26.137,0,40
162,42.1469,-42.7255,270.382,43.2913,0,40
162,42.9849,-41.8822,70.4115,485.711,0,40
162,44.2667,-40.5251,-91.3918,1710.89,0,40
162,45.3135,-39.3511,107.029,100.342,0,40
162,51.4059,-30.9718,149.174,567.468,0,40
162,51.9879,-29.9846,-29.6703,202.229,0,40
162,52.9672,-28.2188,135.756,22.2602,0,40
162,53.2542,-27.6734,305.709,419,0,40
162,55.8872,-21.8734,131.667,262.74,0,40
162,56.0745,-21.3885,130.921,239.226,0,40
162,56.117,-21.2769,-34.2997,1661.94,0,40
162,56.3018,-20.783,130.315,553.34,0,40
162,56.6631,-19.7766,191.295,263.074,0,40
162,56.6166,-19.9095,300.032,984.797,0,40
162,56.9059,-19.0669,191.462,656.501,0,40
162,57.2129,-18.1249,20.6013,318,0,40
162,57.7753,-16.2433,-41.6136,89.4283,0,40
162,57.863,-15.9279,-41.476,22.1526,0,40
162,59.4251,-8.3952,140.945,2685.76,0,40
162,59.9449,-2.90358,31.7416,251.017,0,40
162,60.0011,-1.29928,209.108,57.4161,0,40
162,59.8573,4.35003,19.6216,428.281,0,40
162,59.8584,4.3358,29.0058,358.29,0,40
162,59.8149,4.89918,29.1399,262.971,0,40
162,59.8191,4.84755,296.655,1925.8,0,40
162,59.5229,7.67129,293.484,44.0987,0,40
162,58.861,11.7135,-49.4045,1384.55,0,40
162,58.9696,11.1537,-98.0176,1417.05,0,40
162,58.4571,13.5864,282.466,895.752,0,40
162,58.2615,14.4023,112.829,676.122,0,40
162,58.1565,14.8205,290.317,160.252,0,40
162,58.0748,15.1375,289.961,84.3345,0,40
162,58.0748,15.1375,291.148,86.8025,0,40
162,57.7967,16.1666,-96.8237,551.763,0,40
162,56.9256,19.0079,-100.908,135.618,0,40
162,53.1141,27.9412,271.319,521.293,0,40
162,52.2913,29.4525,90.7897,280.145,0,40
162,52.2508,29.5243,206.811,1602.55,0,40
162,51.3895,30.9991,235.841,264.246,0,40
162,50.9607,31.6991,-61.5429,391.513,0,40
162,50.8011,31.9542,272.032,468.733,0,40
162,48.3044,35.6162,-42.6677,201.066,0,40
162,46.4324,38.0244,269.091,318.084,0,40
162,45.3272,39.3353,42.4979,1033.89,0,40
162,44.8847,39.8396,231.807,1331.5,0,40
162,43.3379,41.5168,264.132,617.92,0,40
162,40.9,43.9205,-53.6651,3409.74,0,40
162,41.2048,43.6348,215.233,52.5327,0,40
162,40.9662,43.8588,-48.2226,272,0,40
162,40.8826,43.9367,-19.5115,290.945,0,40
162,40.9662,43.8588,215.044,42.0555,0,40
162,40.6802,44.1242,123.722,138.866,0,40
162,39.883,44.846,201.551,5356.76,0,40
162,39.9923,44.7487,92.084,151.615,0,40
162,39.755,44.9596,207.38,380,0,40
162,39.1383,45.4975,176.228,135.157,0,40
162,38.5165,46.025,176.39,276.097,0,40
162,36.6495,47.5251,33.148,154.404,0,40
162,36.7677,47.4338,107.98,440.022,0,40
162,36.3521,47.753,48.0407,633.052,0,40
162,34.696,48.9695,51.0495,870.627,0,40
162,34.8517,48.8588,198.261,226.71,0,40
162,34.2457,49.2854,134.247,637.431,0,40
162,31.1155,51.3191,197.02,184.382,0,40
162,28.2832,52.9328,10.1036,266.883,0,40
162,21.9576,55.8542,134.578,393.757,0,40
162,17.5899,57.3796,-98.325,347.071,0,40
162,16.7889,57.6191,214.355,412.76,0,40
162,14.8205,58.1565,180.854,81.9038,0,40
162,11.9238,58.8188,168.368,1124.81,0,40
162,11.1527,58.9698,-98.4507,533.78,0,40
162,11.0979,58.9802,102.603,864.202,0,40
162,2.70305,59.9543,161.172,479.769,0,40
162,1.39815,59.9989,92.5089,1528.3,0,40
162,-5.80109,59.7342,303.685,204.582,0,40
162,-6.61502,59.6495,303.381,129.362,0,40
162,-12.9098,58.6103,235.576,154.072,0,40
162,-14.0262,58.3531,246.42,27.0987,0,40
162,-17.0437,57.5442,-95.666,472.98,0,40
162,-17.0699,57.5364,271.142,319.493,0,40
162,-19.2138,56.8564,293.253,82.7055,0,40
162,-20.502,56.4047,261.449,3045.69,0,40
162,-21.7743,55.9259,-56.9141,231.344,0,40
162,-22.4574,55.6551,301.113,175.093,0,40
162,-22.9857,55.439,301.416,367.571,0,40
162,-26.3526,53.92,249.585,952.061,0,40
162,-26.9157,53.6411,42.5612,534.363,0,40
162,-32.1776,50.6599,-99.9397,309.174,0,40
162,-32.1624,50.6695,253.345,482.306,0,40
162,-34.5758,49.0544,264.156,1118.49,0,40
162,-38.2577,46.2404,138.012,1790.29,0,40
162,-40.5455,44.248,243.6,189.404,0,40
162,-40.4853,44.3031,290.925,111.584,0,40
162,-41.6427,43.217,-103.946,843.289,0,40
162,-43.3439,41.5106,-27.5128,224.696,0,40
162,-44.1602,40.6411,248.637,623.81,0,40
162,-47.8209,36.2627,-63.4876,5237.89,0,40
162,-47.9583,36.0808,61.3161,484.802,0,40
162,-47.9598,36.0788,305.78,25.0416,0,40
162,-50.7478,32.0388,255,439.077,0,40
162,-51.9971,29.9688,209.002,1412.04,0,40
162,-52.4237,29.2161,-23.6474,429.01,0,40
162,-53.9082,26.3767,276.319,1094.03,0,40
162,-54.2583,25.6487,202.763,200.863,0,40
162,-54.288,25.5858,81.06,21.0139,0,40
162,-54.5898,24.9355,170.025,323.121,0,40
162,-54.9927,24.0339,290.989,247.36,0,40
162,-55.2723,23.3836,290.839,570.503,0,40
162,-55.717,22.3033,290.873,287.041,0,40
162,-56.1815,21.1061,290.828,782.118,0,40
162,-57.034,18.6802,-22.3955,562.174,0,40
162,-57.2773,17.9203,290.826,400.311,0,40
162,-57.6165,16.7977,-53.8286,782.677,0,40
162,-59.5934,7.10278,297.103,62.4283,0,40
162,-59.9906,1.71824,-15.5381,478.453,0,40
162,-59.9906,1.71824,290.625,145.863,0,40
162,-59.9991,1.39103,290.367,65.319,0,40
162,-60.0084,0.90013,140.231,76.5238,0,40
162,-60.0084,0.90012,290.679,260.611,0,40
162,-59.491,-7.91469,-58.8047,65.496,1,40
162,-59.491,-7.91468,-154.58,64.6192,1,40
162,-58.3532,-14.0262,64.372,35.1248,1,40
162,-58.3531,-14.0262,-75.548,36.1966,1,40
162,-58.0748,-15.1375,27.2873,50.4006,1,40
162,-57.863,-15.9279,27.0171,131.563,1,40
162,-55.9049,-21.8281,70.7415,66.6238,1,40
162,-55.785,-22.1326,71.156,1.98944,1,40
162,-50.7478,-32.0388,-215.468,22.1909,1,40
162,-43.9704,-40.8464,45.292,34.0971,1,40
162,-42.0302,-42.8403,-303.385,85.2585,1,40
162,-41.3217,-43.524,-89.9973,367.852,1,40
162,-38.7463,-45.8317,-289.201,425.051,1,40
162,-38.0248,-46.4321,78.0004,463.692,1,40
162,-37.6989,-46.6971,-91.236,49.0139,1,40
162,-33.7974,-49.594,21.0829,3489.82,1,40
162,-32.9592,-50.1549,-274.203,146.43,1,40
162,-27.8754,-53.1487,56.74,67.3623,1,40
162,-27.9295,-53.1203,-291.364,41.2635,1,40
162,-27.6393,-53.2719,-291.364,28.0832,1,40
162,-25.5921,-54.2851,62.2499,325.802,1,40
162,-25.3999,-54.3753,-262.65,703.457,1,40
162,-25.5858,-54.288,-300.692,31.6715,1,40
162,-24.9231,-54.5955,-300.861,886.821,1,40
162,-24.8029,-54.6501,-277.589,590.552,1,40
162,-21.6546,-55.9724,-121.431,780.142,1,40
162,-20.769,-56.3069,-268.889,249.225,1,40
162,-21.0637,-56.1974,-293.237,51.4689,1,40
162,-20.2787,-56.4854,-292.972,350.869,1,40
162,-14.9699,-58.1182,-241.978,527.315,1,40
162,-13.444,-58.49,-59.7579,843.701,1,40
162,-11.9836,-58.8066,-233.357,112.739,1,40
162,-11.7419,-58.8554,100.862,356.227,1,40
162,-9.27219,-59.2946,-4.23951,481.028,1,40
162,-9.21058,-59.3042,-29.7083,138.093,1,40
162,-9.21058,-59.3042,-190.234,85.7146,1,40
162,-6.96808,-59.6093,-261.869,438.969,1,40
162,-5.95564,-59.719,91.7205,644.522,1,40
162,-1.07488,-60.0056,-91.6396,595.242,1,40
162,-0.245488,-60.0147,85.7971,2330.84,1,40
162,0.0818449,-60.0151,85.5261,3953.54,1,40
162,0.409169,-60.0138,85.9264,3330.28,1,40
162,1.39105,-59.9991,-299.234,164.245,1,40
162,1.71827,-59.9906,-300.076,122.594,1,40
162,14.0262,-58.3531,87.692,21.0416,1,40
162,17.1465,-57.5137,-34.2125,323.628,1,40
162,18.4111,-57.1214,37.7986,146.804,1,40
162,19.2138,-56.8564,37.4465,90.6502,1,40
162,19.2753,-56.8356,-11.2238,1404.37,1,40
162,22.7926,-55.5186,-273.721,701.771,1,40
162,23.4808,-55.2311,-124.047,769.324,1,40
162,26.2893,-53.9509,-87.7283,11437.1,1,40
162,26.0291,-54.0769,-93.0759,333,1,40
162,26.3298,-53.9311,-248.41,433.539,1,40
162,26.3237,-53.9341,-95.412,789,1,40
162,26.6717,-53.7629,-249.173,235.375,1,40
162,28.0742,-53.044,-205.292,24.0277,1,40
162,32.4134,-50.5093,-67.1371,440.717,1,40
162,33.7305,-49.6394,-297.69,547.109,1,40
162,35.2784,-48.5516,-274.223,1179.82,1,40
162,35.4352,-48.4373,-283.282,1262.26,1,40
162,36.6344,-47.5368,-30.37,510.724,1,40
162,37.1135,-47.1637,-69.7349,222.912,1,40
162,37.6576,-46.7304,-239.675,725.403,1,40
162,41.4452,-43.4064,-172.168,425.22,1,40
162,42.8351,-42.0354,-255.941,492.541,1,40
162,43.0168,-41.8495,-202.611,175.817,1,40
162,44.3772,-40.4041,34.5842,100.93,1,40
162,45.6613,-38.947,-36.3013,104.897,1,40
162,50.6416,-32.2064,-282.502,2176.35,1,40
162,51.4825,-30.8444,-178.309,157.039,1,40
162,51.6665,-30.5352,50.8012,2071.35,1,40
162,53.1782,-27.8192,-207.629,260.918,1,40
162,56.1376,-21.2225,-77.1371,359.897,1,40
162,57.6931,-16.5327,-180.635,703.013,1,40
162,57.7753,-16.2433,20.901,44.2913,1,40
162,58.3074,-14.215,-90.5463,276.433,1,40
162,58.6064,-12.9274,-304.645,334.656,1,40
162,58.665,-12.6588,-189.106,672.084,1,40
162,59.5011,-7.83859,51.174,2889.32,1,40
162,59.8136,-4.91478,-278.254,349.708,1,40
162,60.015,-0.153419,-279.461,557.257,1,40
162,60.0088,0.875468,-171.147,664.056,1,40
162,59.9953,1.54555,27.9964,1014.51,1,40
162,59.3169,9.12868,-151.216,619.312,1,40
162,59.3086,9.1821,-255.802,182.998,1,40
162,59.0571,10.6811,-77.6012,1671.75,1,40
162,58.998,11.0028,-102.665,186.721,1,40
162,58.5672,13.1039,-286.091,566.164,1,40
162,58.463,13.5609,20.4979,332.7,1,40
162,57.341,17.7155,-299.622,550.656,1,40
162,56.6402,19.8421,-260.187,336.178,1,40
162,55.3108,23.2924,-111.304,1581.07,1,40
162,53.4155,27.3607,48.2353,258.738,1,40
162,52.7495,28.6236,-104.269,2773.46,1,40
162,52.56,28.9702,-11.5464,291.662,1,40
162,51.1005,31.4732,95.6907,776.92,1,40
162,47.6994,36.4224,-58.6301,518.974,1,40
162,46.8653,37.4896,-297.905,213.508,1,40
162,44.6871,40.061,-56.5338,11109.9,1,40
162,44.3718,40.41,-247.945,987.679,1,40
162,43.7133,41.1214,-238.545,4164.87,1,40
162,42.1024,42.7692,-250.797,655.347,1,40
162,41.2121,43.6279,105.5,293,1,40
162,40.0828,44.6676,86.179,525.582,1,40
162,39.184,45.4581,-249.569,1365.75,1,40
162,36.2516,47.8293,69.8056,194.408,1,40
162,34.1859,49.327,62.237,304.544,1,40
162,31.3782,51.1589,-0.898499,486.171,1,40
162,31.5184,51.0727,-297.863,100.416,1,40
162,31.2429,51.2416,-297.023,108.981,1,40
162,29.7616,52.116,-121.849,383.416,1,40
162,29.474,52.2791,-271.049,440.005,1,40
162,21.3402,56.0929,-47.0214,276.672,1,40
162,17.9276,57.275,-141.014,83.5099,1,40
162,14.3204,58.2817,-270.247,783.012,1,40
162,11.0495,58.9893,-17.46,65.2275,1,40
162,10.5242,59.0852,-17.1534,455.995,1,40
162,5.91352,59.7231,-301.281,487.332,1,40
162,-10.7008,59.0535,-270.473,396.374,1,40
162,-13.0696,58.5748,-149.324,25.0555,1,40
162,-19.0858,56.8995,74.6011,998.087,1,40
162,-19.7596,56.669,-293.484,201.736,1,40
162,-20.7123,56.3278,-293.278,475.232,1,40
162,-23.2825,55.315,63.9802,388.642,1,40
162,-23.3921,55.2687,-87.0602,212.828,1,40
162,-23.741,55.1198,-60.0769,240.145,1,40
162,-23.6954,55.1394,-87.8206,108.62,1,40
162,-24.0361,54.9917,16.46,55.3068,1,40
162,-24.1511,54.9413,-45.4317,2665,1,40
162,-32.135,50.687,-256.456,1146.32,1,40
162,-32.2672,50.6029,37.9125,316.508,1,40
162,-32.7278,50.3062,38.3461,85.8687,1,40
162,-37.1341,47.1474,-240.429,486.665,1,40
162,-39.1442,45.4924,101.293,296.863,1,40
162,-39.7002,45.008,-97.9761,565.915,1,40
162,-41.2515,43.5906,-271.953,559.913,1,40
162,-41.6245,43.2346,-271.244,170.225,1,40
162,-43.2178,41.6419,-299.313,203.728,1,40
162,-43.4094,41.4421,-300.268,31.7337,1,40
162,-45.3632,39.2938,-137.455,587.428,1,40
162,-45.3108,39.3543,-285.398,165.01,1,40
162,-46.452,38.0005,-49.6826,1019.3,1,40
162,-47.2647,36.9848,-301.664,319.176,1,40
162,-49.4817,33.9616,-7.77021,529.246,1,40
162,-50.0368,33.1382,65.644,23,1,40
162,-50.6121,32.2528,66.2122,1680.39,1,40
162,-51.3618,31.0449,-174.761,692.551,1,40
162,-51.2676,31.2002,-290.303,177.469,1,40
162,-51.7127,30.4569,-265.472,701.909,1,40
162,-52.7346,28.6511,96.2274,134.03,1,40
162,-55.4485,22.9626,-89.2253,346.902,1,40
162,-56.0232,21.5228,34.692,34.2101,1,40
162,-56.1748,21.1237,35.8115,361.982,1,40
162,-56.7066,19.6516,-132.298,222.193,1,40
162,-56.7508,19.5236,-20.428,23.1387,1,40
162,-56.7508,19.5236,-21.7,29.4882,1,40
162,-56.9086,19.0586,-132.788,37.2698,1,40
162,-57.7083,16.4794,-106.318,434.787,1,40
162,-57.863,15.9279,-238.527,75.3886,1,40
162,-59.2169,9.75615,-201.322,537.526,1,40
162,-59.3398,8.97827,-22.0276,1056.11,1,40
162,-59.4995,7.85036,-137.836,743.223,1,40
162,-59.6745,6.38607,-28.9376,1201.95,1,40
162,-59.6578,6.54002,-80.6827,272.784,1,40
162,-59.7371,5.7712,-80.9978,148.071,1,40
162,-59.8262,4.75912,20.1162,1449.16,1,40
162,-59.8077,4.98624,-81.4379,543.339,1,40
162,-59.9745,2.20898,-127.276,30.111,1,40
162,-59.9745,2.20897,-259.829,135.76,1,40
162,-59.9906,1.71824,-259.564,40.0416,1,40
162,-60.9988,-3.70963,212.01,225.865,0,41
162,-60.7391,-6.73606,295.587,934.162,0,41
162,-60.6314,-7.64527,74.4706,1160.49,0,41
162,-59.9755,-11.7286,304.399,267.47,0,41
162,-59.4578,-14.1203,228.382,75.8066,0,41
162,-58.6847,-17.0506,244.341,1610.96,0,41
162,-58.1475,-18.8012,-92.1841,397.544,0,41
162,-57.624,-20.3492,50.604,1384.48,0,41
162,-57.558,-20.5351,-73.6566,1372.64,0,41
162,-57.2855,-21.2834,281.239,425.035,0,41
162,-54.6982,-27.2529,134.247,71.607,0,41
162,-54.4734,-27.6995,242.709,89.3206,0,41
162,-52.7044,-30.9333,303.535,2421.93,0,41
162,-52.7004,-30.9399,-60.0263,283.498,0,41
162,-52.2639,-31.6718,299.119,363.894,0,41
162,-51.7252,-32.5442,-79.9156,709.843,0,41
162,-51.3487,-33.1349,143.58,838.274,0,41
162,-48.0664,-37.739,39.1443,554.566,0,41
162,-45.1147,-41.2223,-24.3336,386.625,0,41
162,-42.7203,-43.6989,-94.8368,207.534,0,41
162,-41.8634,-44.5205,208.606,335.373,0,41
162,-41.2997,-45.0439,208.562,107.915,0,41
162,-40.7638,-45.5294,208.493,431.847,0,41
162,-34.6245,-50.3563,204.868,61.4699,0,41
162,-30.2635,-53.0917,39.9813,1332.53,0,41
162,-28.0614,-54.2879,303.236,75.2081,0,41
162,-27.9142,-54.3637,80.5925,199.451,0,41
162,-27.6995,-54.4734,303.236,24.1509,0,41
162,-26.9658,-54.8403,-60.8945,1599.9,0,41
162,-27.4187,-54.6153,79.9388,239.633,0,41
162,-26.8367,-54.9036,-64.9412,1240.3,0,41
162,-26.9977,-54.8246,79.2041,1689.23,0,41
162,-27.2529,-54.6982,303.236,32.2047,0,41
162,-26.9299,-54.8579,247.74,4301.21,0,41
162,-25.7008,-55.4444,133.356,448.92,0,41
162,-24.943,-55.7894,-34.995,381.11,0,41
162,-24.4366,-56.0131,146.394,466.081,0,41
162,-24.0351,-56.1865,171.303,319.104,0,41
162,-23.2799,-56.5036,171.542,232.032,0,41
162,-16.729,-58.7772,252.812,405.832,0,41
162,-16.8057,-58.7553,259.851,133.955,0,41
162,-13.2501,-59.6578,24.0348,626.018,0,41
162,-11.7992,-59.9616,193.617,592.724,0,41
162,-11.6836,-59.9842,84.3694,740.055,0,41
162,-10.4679,-60.2083,262.109,410.668,0,41
162,-10.3595,-60.227,297.55,809.455,0,41
162,-7.2074,-60.685,-50.7336,303.998,0,41
162,-4.85665,-60.9182,121.959,1080.05,0,41
162,-2.98584,-61.0385,264.598,1010.78,0,41
162,-2.49223,-61.0607,108.044,156.921,0,41
162,-1.57194,-61.0913,108.166,524.5,0,41
162,4.36043,-60.9557,286.205,218.682,0,41
162,8.14604,-60.5661,-9.20342,376.954,0,41
162,8.43643,-60.5264,81.7894,508.945,0,41
162,10.2408,-60.2473,152.31,1229.85,0,41
162,9.99043,-60.2894,156.002,98.1496,0,41
162,13.7711,-59.5397,128.471,416.596,0,41
162,17.4619,-58.5636,263.942,961.769,0,41
162,20.3085,-57.6384,275.685,1712.87,0,41
162,21.5858,-57.1723,301.942,1630.52,0,41
162,21.7983,-57.0916,260.4,379.05,0,41
162,22.2977,-56.8984,181.72,212.263,0,41
162,24.0775,-56.1684,22.8461,104.43,0,41
162,26.0015,-55.304,134.794,956.452,0,41
162,27.2559,-54.6967,60.4078,541.63,0,41
162,28.906,-53.8429,174.186,721.567,0,41
162,29.5196,-53.509,255.853,1247.06,0,41
162,31.6716,-52.264,-21.6459,389.963,0,41
162,32.1223,-51.9882,294.494,1887.01,0,41
162,33.4652,-51.1341,227.577,63.4144,0,41
162,34.1709,-50.6653,15.3875,762.899,0,41
162,38.2067,-47.6955,88.0091,865.909,0,41
162,38.9914,-47.0562,270.792,147.426,0,41
162,39.6791,-46.4778,166.799,584.594,0,41
162,41.0059,-45.3115,264.183,481.119,0,41
162,41.3913,-44.9597,52.0044,451.718,0,41
162,41.5933,-44.7729,-43.2154,370.768,0,41
162,42.5789,-43.8367,269.322,1246.52,0,41
162,43.8753,-42.5391,68.8171,453.79,0,41
162,45.1966,-41.1325,-92.9039,835.781,0,41
162,46.0938,-40.1246,106,610.441,0,41
162,47.816,-38.0558,42.9125,101.392,0,41
162,52.3742,-31.489,148.029,152.192,0,41
162,54.1227,-28.3786,305.356,58.2807,0,41
162,57.0554,-21.8929,-70.1535,310.672,0,41
162,57.0863,-21.8122,191.076,166.273,0,41
162,57.2239,-21.4485,191.072,70.5792,0,41
162,57.3657,-21.0662,191.157,139.652,0,41
162,57.5138,-20.6586,129.586,848.315,0,41
162,57.705,-20.1184,128.857,215.382,0,41
162,58.2919,-18.3485,13.3662,1032.23,0,41
162,58.7976,-16.657,-41.9782,476.755,0,41
162,58.92,-16.2189,-42.1228,51.3745,0,41
162,60.4316,-9.09024,139.725,2074.56,0,41
162,61.0022,-3.65349,208.991,691.233,0,41
162,61.0292,-3.17044,31.2362,202.637,0,41
162,61.0567,-2.58655,209.108,81.6486,0,41
162,60.9638,4.24631,28.908,21.278,0,41
162,60.9138,4.91105,295.169,381.779,0,41
162,60.5554,8.22562,293.135,124.378,0,41
162,60.3199,9.80465,-48.6517,273.485,0,41
162,59.9855,11.677,-100.111,1040.08,0,41
162,59.6951,13.0807,280.621,443.793,0,41
162,59.6083,13.4709,280.764,31.0801,0,41
162,59.2373,15.0187,111.89,558.213,0,41
162,59.2539,14.9531,289.105,752.097,0,41
162,59.1356,15.414,111.318,84.9316,0,41
162,57.879,19.612,153.863,540.249,0,41
162,57.8894,19.5813,-101.412,545.695,0,41
162,57.9041,19.5378,63.4034,493.271,0,41
162,57.5672,20.5094,153.988,31.182,0,41
162,53.3166,29.8657,206.369,1799.2,0,41
162,52.158,31.8458,234.973,607.398,0,41
162,47.1207,38.9134,267.694,525.752,0,41
162,45.5369,40.7554,230.355,1412.9,0,41
162,42.0246,44.3683,-53.9004,3747.25,0,41
162,42.073,44.3224,214.924,428.134,0,41
162,42.0257,44.3673,-19.5843,135.825,0,41
162,41.3688,44.9804,201.633,4760.34,0,41
162,41.4858,44.8725,123.114,627.89,0,41
162,39.9086,46.2808,91.7026,334.27,0,41
162,39.6,46.5452,91.66,28.137,0,41
162,38.7095,47.2884,176.431,1392.12,0,41
162,37.879,47.9562,106.863,481.983,0,41
162,36.6088,48.9327,32.7829,366.752,0,41
162,36.0686,49.3323,32.7446,130.754,0,41
162,36.0063,49.3777,50.6542,273.073,0,41
162,35.857,49.4863,198.084,123.624,0,41
162,33.9825,50.7918,133.308,293.579,0,41
162,32.2822,51.8891,197.347,994.289,0,41
162,29.0384,53.7716,8.13312,326.803,0,41
162,26.2229,55.1994,-99.8959,245.861,0,41
162,20.9532,57.4071,193.619,364.62,0,41
162,18.5201,58.2376,-98.292,62.4732,0,41
162,17.875,58.4389,179.668,135.871,0,41
162,17.0827,58.6753,179.9,505.865,0,41
162,17.4179,58.5767,213.772,62.1665,0,41
162,13.3118,59.644,43.0079,1071.57,0,41
162,12.8199,59.7517,42.9,24.0424,0,41
162,12.6072,59.7969,167.66,1006.86,0,41
162,11.7459,59.9721,101.483,479.556,0,41
162,11.5877,60.0028,-99.1121,115.545,0,41
162,4.80692,60.9222,276.807,72.4975,0,41
162,4.41252,60.952,277.407,152.952,0,41
162,2.58238,61.0569,160.772,32.0694,0,41
162,1.62815,61.0898,92.2252,1597.22,0,41
162,-7.41291,60.6602,303.075,2729.78,0,41
162,-9.31189,60.3979,-84.3277,442.915,0,41
162,-10.0258,60.2835,-85.0392,603.43,0,41
162,-12.4938,59.8207,234.107,373.644,0,41
162,-12.8199,59.7517,234.606,157.85,0,41
162,-14.6607,59.3269,245.283,677.713,0,41
162,-14.6231,59.3362,-42.9544,377.111,0,41
162,-17.1627,58.652,-95.3996,302.449,0,41
162,-18.9941,58.0848,291.98,591.942,0,41
162,-20.8573,57.442,260.82,3215.5,0,41
162,-22.3561,56.8755,-57.1131,253.114,0,41
162,-22.3633,56.8727,300.86,245.372,0,41
162,-27.1813,54.7338,42.0288,396.854,0,41
162,-27.314,54.6677,247.798,1575.13,0,41
162,-32.5862,51.6987,64.3808,97.7595,0,41
162,-33.0767,51.3863,-100.248,415.625,0,41
162,-33.2451,51.2775,297.138,865.538,0,41
162,-33.2414,51.2799,252.537,884.795,0,41
162,-34.0638,50.7373,296.652,166.449,0,41
162,-35.2566,49.9158,263.21,77.4821,0,41
162,-38.7843,47.2271,137.362,1366.5,0,41
162,-41.2026,45.1327,242.791,701.024,0,41
162,-41.3255,45.0202,290.333,234.856,0,41
162,-42.0785,44.3172,-103.963,85.5221,0,41
162,-44.5469,41.8353,246.906,1012.98,0,41
162,-48.3422,37.3851,61.5835,552.037,0,41
162,-48.5764,37.0803,305.556,237.073,0,41
162,-51.6271,32.6996,254.013,431.894,0,41
162,-52.689,30.9594,209.118,857.594,0,41
162,-54.3965,27.8503,276.874,646.981,0,41
162,-55.4601,25.6669,202.364,264.487,0,41
162,-55.4953,25.5907,80.8957,318.003,0,41
162,-55.4698,25.646,169.299,369.753,0,41
162,-57.8686,19.6427,-22.4305,1354.56,0,41
162,-58.592,17.3665,290.799,308.113,0,41
162,-58.8177,16.5859,290.654,87.5271,0,41
162,-58.92,16.2189,-53.5263,52.3051,0,41
162,-58.92,16.2189,169.676,32.1665,0,41
162,-58.92,16.2189,290.94,30.1404,0,41
162,-59.1356,15.414,290.756,62.3745,0,41
162,-59.3758,14.4615,290.779,698.584,0,41
162,-59.6015,13.5011,290.729,257.075,0,41
162,-59.7832,12.6723,96.5178,224.901,0,41
162,-59.9324,11.9466,290.776,3087.83,0,41
162,-60.1664,10.7062,290.688,399.747,0,41
162,-60.3415,9.67046,290.749,102.042,0,41
162,-60.3947,9.33266,277.607,1098.2,0,41
162,-60.4908,8.68771,290.683,193.558,0,41
162,-60.6232,7.70971,290.683,484.964,0,41
162,-60.6614,7.40334,-90.1569,687.83,0,41
162,-60.7491,6.64574,290.681,344.542,0,41
162,-60.7408,6.7213,296.9,322.896,0,41
162,-60.825,5.9105,290.516,98.1077,0,41
162,-60.9872,3.89512,290.612,2301.08,0,41
162,-60.967,4.20071,140.279,231.264,0,41
162,-61.0045,3.61403,302.019,390.225,0,41
162,-61.0672,2.32665,290.743,45.2635,0,41
162,-61.0935,1.48486,-16.681,237.912,0,41
162,-61.0961,1.37159,139.697,939.503,0,41
162,-59.8207,-12.4938,57.2544,138.306,1,41
162,-59.6448,-13.3083,56.7186,97.3117,1,41
162,-59.6448,-13.3083,-72.8542,107.501,1,41
162,-59.4578,-14.1203,27.9654,130.043,1,41
162,-58.7847,-16.7026,-94.6702,987.906,1,41
162,-57.0531,-21.8987,71.7583,415.525,1,41
162,-56.3066,-23.7525,68.9462,798.444,1,41
162,-52.8824,-30.6279,-288.684,99.4699,1,41
162,-51.7636,-32.483,-214.639,107.88,1,41
162,-46.6144,-39.5185,-280.263,966.856,1,41
162,-46.1628,-40.0451,-280.663,308.958,1,41
162,-44.593,-41.7861,-281.246,4552.39,1,41
162,-44.2648,-42.1336,45.1497,146.713,1,41
162,-42.859,-43.5628,-302.812,72.3157,1,41
162,-39.2408,-46.8484,-287.679,693.404,1,41
162,-38.8852,-47.144,79.4937,432.496,1,41
162,-37.996,-47.8636,-91.1205,400.084,1,41
162,-37.1362,-48.5337,103.804,22.1834,1,41
162,-33.6045,-51.0426,-273.204,186.291,1,41
162,-28.1696,-54.2318,57.0575,140.75,1,41
162,-27.7611,-54.4421,-290.912,414.807,1,41
162,-26.5503,-55.0427,-296.616,323.713,1,41
162,-26.1705,-55.2243,62.9066,108.565,1,41
162,-26.2038,-55.2085,-297.3,33.3046,1,41
162,-25.2566,-55.6482,-262.33,760.151,1,41
162,-25.4872,-55.5429,-276.935,570.106,1,41
162,-24.8018,-55.8524,-300.618,564.02,1,41
162,-23.8644,-56.2593,-293.754,126.69,1,41
162,-22.8741,-56.6692,-293.531,1399.82,1,41
162,-22.4663,-56.832,-122.713,437.744,1,41
162,-22.1044,-56.9738,-268.58,231.047,1,41
162,-16.6537,-58.7986,-239.225,417.351,1,41
162,-16.2189,-58.92,-239.641,130.719,1,41
162,-13.3083,-59.6448,-59.19,53.5343,1,41
162,-12.8199,-59.7517,-232.214,53.4006,1,41
162,-12.4938,-59.8207,-232.726,111.487,1,41
162,-7.39798,-60.6621,-260.836,38.1495,1,41
162,-6.40445,-60.775,92.344,166.103,1,41
162,-1.41644,-61.0951,-91.5199,248.431,1,41
162,0.839135,-61.1057,85.6916,21872.5,1,41
162,1.16173,-61.1005,-297.911,1840.2,1,41
162,2.82421,-61.0462,89.2289,1196.02,1,41
162,3.04857,-61.0354,-293.853,516.771,1,41
162,7.25903,-60.6788,-300.684,4571.12,1,41
162,9.73755,-60.3307,-201.215,318.826,1,41
162,14.7229,-59.3115,87.6104,384.542,1,41
162,17.3406,-58.5996,-32.9553,70.6004,1,41
162,17.8195,-58.4558,-77.0644,108.716,1,41
162,19.1225,-58.0426,-288.556,128.867,1,41
162,20.6228,-57.5267,36.896,688.833,1,41
162,22.5531,-56.7976,-275.629,225.873,1,41
162,22.9296,-56.6467,-271.777,492.011,1,41
162,24.0888,-56.1636,-123.018,413.077,1,41
162,26.0533,-55.2797,-87.3601,5140.61,1,41
162,25.981,-55.3137,-246.961,447.641,1,41
162,26.4366,-55.0974,-247.671,181.707,1,41
162,28.5871,-54.0129,38.3383,81.9419,1,41
162,28.6248,-53.9929,-205.376,121.339,1,41
162,33.4652,-51.1341,-67.068,58.1542,1,41
162,36.7379,-48.8359,-29.756,23.0571,1,41
162,37.1362,-48.5337,-68.4393,143.891,1,41
162,37.6634,-48.1257,-237.516,21.1246,1,41
162,38.0559,-47.816,-238.153,46.319,1,41
162,42.6788,-43.7394,-171.372,35.2774,1,41
162,43.7272,-42.6913,-202.598,480.705,1,41
162,43.6803,-42.7393,-254.563,1713.66,1,41
162,45.9681,-40.2685,-35.9236,375.25,1,41
162,51.2753,-33.2485,-281.519,1884.45,1,41
162,51.6665,-32.6373,-177.729,656.015,1,41
162,52.2286,-31.73,-177.99,71.6641,1,41
162,52.4118,-31.4263,50.9479,1526.44,1,41
162,53.4934,-29.5478,-243.779,1161.63,1,41
162,57.3038,-21.2341,-76.4749,134.327,1,41
162,58.8306,-16.54,-179.852,30.0971,1,41
162,59.5415,-13.7634,-305.397,1214.55,1,41
162,59.6661,-13.2126,-189.062,1016.33,1,41
162,59.6448,-13.3083,-190.452,3.0469,1,41
162,60.6272,-7.67808,52.2002,163.978,1,41
162,60.9145,-4.90295,-278.541,333.663,1,41
162,61.1046,0.916582,-277.18,101.788,1,41
162,61.0951,1.41646,-168.613,211.1,1,41
162,61.0637,2.41589,28.332,46.071,1,41
162,59.9209,12.004,-101.412,25.1437,1,41
162,59.4578,14.1203,20.8793,87.5393,1,41
162,58.4662,17.7852,-297.883,2569.32,1,41
162,57.3642,21.0706,-259.936,343.689,1,41
162,57.0318,21.9543,-259.715,105.583,1,41
162,56.0011,24.4641,-109.897,155.424,1,41
162,55.8095,24.898,-109.218,129.113,1,41
162,54.3434,27.9538,-251.209,993.555,1,41
162,54.1012,28.4197,49.1029,686.115,1,41
162,53.8035,28.9793,-104.116,2054.71,1,41
162,53.6967,29.1767,-9.7181,734.055,1,41
162,52.0518,32.0191,97.1216,324.195,1,41
162,48.385,37.3297,-58.4195,221.533,1,41
162,47.907,37.9412,-297.442,205.068,1,41
162,45.6851,40.5892,-56.3784,1525.94,1,41
162,45.5668,40.722,-246.41,705.904,1,41
162,44.6556,41.7192,-237.102,4083.84,1,41
162,43.6782,42.7415,14.3283,356.844,1,41
162,42.8236,43.5976,-249.761,568.798,1,41
162,40.7356,45.5546,87.3674,864.097,1,41
162,40.1011,46.1142,-247.696,428.328,1,41
162,37.4479,48.2936,-274.828,64.5325,1,41
162,37.071,48.5835,70.4528,140.927,1,41
162,35.0375,50.0698,63.2835,194.374,1,41
162,31.3298,52.4696,-295.782,361.564,1,41
162,29.8828,53.307,-120.919,974.681,1,41
162,29.8884,53.3038,-269.98,1248.69,1,41
162,21.9718,57.025,-46.0319,313.906,1,41
162,18.932,58.105,-139.572,24.0816,1,41
162,18.5229,58.2367,-140.333,179.548,1,41
162,15.0836,59.2208,-269.137,453.989,1,41
162,10.2488,60.246,-16.7189,187.646,1,41
162,6.5688,60.7574,-299.625,608.343,1,41
162,1.62732,61.0898,-137.538,12194.5,1,41
162,-4.04202,60.9777,-31.452,114.428,1,41
162,-10.3656,60.226,-269.567,56.3712,1,41
162,-12.9886,59.7152,-149.14,228.477,1,41
162,-15.0649,59.2255,-146.517,153.141,1,41
162,-15.414,59.1356,-146.59,327.636,1,41
162,-18.8774,58.1228,-293.908,61.4711,1,41
162,-19.4223,57.943,-293.696,461.135,1,41
162,-20.8231,57.4545,62.676,58.3248,1,41
162,-23.6608,56.3452,-85.6443,535.134,1,41
162,-24.213,56.1101,16.6895,203.245,1,41
162,-24.4337,56.0144,63.7608,424.574,1,41
162,-24.802,55.8523,-44.4932,409.302,1,41
162,-24.9495,55.7865,63.4234,298.245,1,41
162,-24.9687,55.7779,-265.638,230.09,1,41
162,-27.3529,54.6483,88.9867,392.408,1,41
162,-33.8764,50.8626,39.0915,833.095,1,41
162,-38.1504,47.7406,-239.344,121.275,1,41
162,-38.4653,47.4872,-238.59,227.091,1,41
162,-39.9491,46.2459,101.437,443.618,1,41
162,-40.6301,45.6488,-96.2661,1033.09,1,41
162,-42.7409,43.6787,-270.588,44.3713,1,41
162,-43.721,42.6977,-298.35,651.987,1,41
162,-46.2323,39.9648,-284.349,717.2,1,41
162,-46.3002,39.8861,-136.729,146.127,1,41
162,-47.3848,38.5914,-50.1476,749.305,1,41
162,-48.4381,37.2608,-301.129,373.402,1,41
162,-50.2216,34.8197,-6.84673,993.495,1,41
162,-51.8365,32.3665,67.0352,121.025,1,41
162,-51.9558,32.1746,-175.794,4344.47,1,41
162,-51.9432,32.1951,-289.747,1718.12,1,41
162,-52.3155,31.5865,68.1082,870.272,1,41
162,-52.4971,31.2837,-264.767,373.37,1,41
162,-52.8871,30.6197,84.1666,1067.26,1,41
162,-52.9657,30.4835,96.596,32.0971,1,41
162,-53.3859,29.7416,96.3668,1194.13,1,41
162,-57.4367,20.8721,36.8959,172.899,1,41
162,-57.5111,20.6663,38.084,26.0416,1,41
162,-57.9709,19.3388,-19.8036,623.727,1,41
162,-58.6884,17.0378,-303.523,373.113,1,41
162,-58.7809,16.7159,-106.817,817.069,1,41
162,-60.4862,8.71955,-20.004,31.111,1,41
162,-60.4862,8.71955,-137.452,41.2896,1,41
162,-60.7206,6.90144,-27.1781,122.085,1,41
162,-61.0815,1.91622,-126.852,43.188,1,41
162,-62.0677,-4.18561,211.586,316.646,0,42
162,-61.9094,-6.09487,294.956,952.881,0,42
162,-61.6944,-7.98244,73.003,510.536,0,42
162,-61.0143,-12.1317,303.394,756.16,0,42
162,-59.8995,-16.7919,243.438,2168.8,0,42
162,-59.1044,-19.4061,-92.3001,167.523,0,42
162,-58.8203,-20.2507,50.5417,249.653,0,42
162,-58.661,-20.7077,-74.6795,353.047,0,42
162,-58.3492,-21.5706,280.679,139.692,0,42
162,-55.9796,-27.1332,243.388,197.116,0,42
162,-55.4514,-28.1968,134.484,41.111,0,42
162,-54.8544,-29.3414,134.759,410.576,0,42
162,-53.6696,-31.4562,303.908,2146.85,0,42
162,-53.5873,-31.5963,159.742,305.208,0,42
162,-53.3632,-31.9733,-61.1248,853.364,0,42
162,-52.8392,-32.832,-80.7269,215.176,0,42
162,-52.1184,-33.9646,142.009,543.345,0,42
162,-48.7589,-38.6328,37.8423,513.342,0,42
162,-48.3189,-39.1817,97.6969,128.69,0,42
162,-47.9261,-39.6612,97.8836,99.4438,0,42
162,-47.2894,-40.4183,98.1197,361.268,0,42
162,-46.7556,-41.0346,177.191,246.014,0,42
162,-45.7564,-42.1458,-24.4399,161.132,0,42
162,-42.9568,-44.9959,-95.184,100.366,0,42
162,-33.639,-52.3291,204.818,183.766,0,42
162,-30.1471,-54.4157,38.6439,448.731,0,42
162,-30.0159,-54.4882,-58.7138,211.099,0,42
162,-29.2951,-54.8791,-59.3609,624.711,0,42
162,-28.9488,-55.0626,303.66,93.4267,0,42
162,-28.4988,-55.2968,-60.132,23.1126,0,42
162,-27.4498,-55.825,247.355,4496.89,0,42
162,-27.1828,-55.9555,78.4657,938.463,0,42
162,-26.6762,-56.1988,-35.2262,639.954,0,42
162,-26.7889,-56.1452,-66.1924,95.4406,0,42
162,-26.7484,-56.1645,77.2531,228.552,0,42
162,-26.2496,-56.3993,-66.6498,467.541,0,42
162,-25.9123,-56.5551,131.998,606.19,0,42
162,-25.9055,-56.5582,-35.3132,47.3574,0,42
162,-24.5661,-57.1527,144.768,783.108,0,42
162,-22.6436,-57.9413,171.842,500.669,0,42
162,-17.1139,-59.8083,251.393,422.451,0,42
162,-16.9708,-59.8491,259.004,291.897,0,42
162,-15.6434,-60.2097,60.6735,212.627,0,42
162,-14.535,-60.4868,-62.8333,1406.02,0,42
162,-13.7127,-60.6785,-77.092,71.2236,0,42
162,-12.8407,-60.869,-77.1224,545.75,0,42
162,-12.3858,-60.9632,193.342,184.97,0,42
162,-11.6735,-61.1036,251.303,287.172,0,42
162,-11.0015,-61.2282,261.228,347.77,0,42
162,-9.84407,-61.4249,295.962,586.008,0,42
162,-7.59264,-61.7436,-51.2613,763.98,0,42
162,-5.6762,-61.9492,107.495,1021.96,0,42
162,-4.66093,-62.0338,107.552,92.6136,0,42
162,-4.66094,-62.0338,120.727,67.5105,0,42
162,-3.95705,-62.0827,107.723,269.059,0,42
162,-4.29187,-62.0605,120.636,204.743,0,42
162,-2.93724,-62.1393,263.51,326.292,0,42
162,7.02537,-61.8107,81.1676,103.538,0,42
162,7.6992,-61.7304,81.3357,74.4097,0,42
162,7.6992,-61.7304,151.868,53.2219,0,42
162,8.20397,-61.6654,151.814,281.262,0,42
162,13.7128,-60.6785,127.686,397.909,0,42
162,13.7128,-60.6785,292.248,273.391,0,42
162,17.399,-59.726,262.469,315.521,0,42
162,20.9647,-58.5697,274.148,1360.38,0,42
162,21.0843,-58.5267,300.603,804.689,0,42
162,21.8366,-58.2502,259.387,778.752,0,42
162,22.7429,-57.9023,181.285,621.62,0,42
162,26.8293,-56.1258,132.988,475.41,0,42
162,28.1968,-55.4514,59.436,45.2186,0,42
162,29.8301,-54.5902,173.356,606.046,0,42
162,29.8728,-54.5668,253.725,403.688,0,42
162,32.2844,-53.1755,293.615,2729.44,0,42
162,32.7675,-52.8793,-21.9133,159.57,0,42
162,35.5111,-51.0772,14.498,606.754,0,42
162,39.2953,-48.2265,87.7228,167.888,0,42
162,39.8237,-47.7912,269.539,860.15,0,42
162,39.9357,-47.6976,165.282,1319.75,0,42
162,42.0197,-45.8723,51.8104,250.605,0,42
162,42.85,-45.0977,-43.926,583.909,0,42
162,44.8455,-43.1139,67.034,183,0,42
162,46.2064,-41.652,-94.5188,629.66,0,42
162,46.8281,-40.9518,104.839,346.577,0,42
162,50.5512,-36.256,-99.3034,1360.46,0,42
162,53.4147,-31.8871,147.024,402.047,0,42
162,53.661,-31.4709,-31.8644,465.113,0,42
162,54.996,-29.0752,305.157,289.434,0,42
162,57.8885,-22.7782,190.876,86.137,0,42
162,58.0048,-22.4804,-70.3388,261.128,0,42
162,58.5886,-20.9116,298.996,1213.44,0,42
162,58.9703,-19.8098,128.401,806.097,0,42
162,59.1482,-19.2719,127.551,68.3095,0,42
162,59.3041,-18.7868,126.829,628.982,0,42
162,59.6156,-17.7738,-42.364,892.961,0,42
162,59.39,-18.5134,11.6088,277.77,0,42
162,61.3967,-10.0183,137.926,3549.76,0,42
162,61.8745,-6.44003,208.934,102.609,0,42
162,61.9174,-6.01309,208.904,64.4821,0,42
162,62.1131,-3.44814,30.6146,522.419,0,42
162,62.1878,1.61149,28.06,34.1664,0,42
162,62.1781,1.95064,27.636,23.0416,0,42
162,62.1529,2.63544,28.1057,890.078,0,42
162,62.0122,4.94098,293.804,93.6192,0,42
162,61.9645,5.50635,18.6156,251.561,0,42
162,61.5722,8.87613,292.636,29.2277,0,42
162,61.5329,9.14465,-48.26,70.2252,0,42
162,61.5159,9.25803,292.067,105.614,0,42
162,60.9968,12.2195,-101.618,108.333,0,42
162,60.8652,12.8589,279.453,1109.1,0,42
162,60.4432,14.7153,287.518,1445.92,0,42
162,58.9952,19.7355,62.5844,214.777,0,42
162,58.895,20.0324,-102.023,120.396,0,42
162,58.7696,20.3975,-102.532,27.2219,0,42
162,58.3176,21.6558,154.539,1286.66,0,42
162,55.2898,28.5125,267.354,801.333,0,42
162,54.662,29.6983,89.964,36.071,0,42
162,54.4314,30.1189,205.854,1973.37,0,42
162,53.462,31.8078,268.58,1001.49,0,42
162,53.0435,32.5009,234.056,235.849,0,42
162,49.8145,37.2618,-44.02,24.066,0,42
162,47.7031,39.9292,265.825,2828.34,0,42
162,47.5071,40.1622,42.4065,923.602,0,42
162,46.1773,41.6843,228.71,608.533,0,42
162,43.0843,44.8738,-19.7496,264.132,0,42
162,43.0177,44.9377,-54.1191,1149.55,0,42
162,42.8116,45.1341,201.766,6995.7,0,42
162,42.9568,44.9959,207.876,449,0,42
162,42.9568,44.9959,214.62,29.6219,0,42
162,42.4234,45.4992,122.083,349.639,0,42
162,40.1816,47.4907,91.4334,78.6608,0,42
162,39.5413,48.0251,91.3152,1451.47,0,42
162,39.0425,48.4314,105.746,1449.77,0,42
162,38.8926,48.5519,176.555,280.411,0,42
162,38.2813,49.0354,176.627,173.665,0,42
162,38.0303,49.2302,47.8519,599.602,0,42
162,37.4225,49.6939,50.3024,202.09,0,42
162,36.9895,50.017,50.3481,110.643,0,42
162,36.8086,50.1502,197.913,324.323,0,42
162,36.2655,50.5444,32.3456,293.115,0,42
162,35.6704,50.9661,32.1433,183.943,0,42
162,33.3998,52.4822,131.94,77.4988,0,42
162,32.4092,53.0996,130.865,1048.34,0,42
162,29.839,54.5853,5.5538,1059.63,0,42
162,24.9965,56.9658,-99.9414,918.296,0,42
162,24.0411,57.3755,-99.988,30.208,0,42
162,22.3535,58.0538,133.761,100.782,0,42
162,21.0266,58.5474,193.26,419.085,0,42
162,19.5942,59.0423,178.819,66.3501,0,42
162,19.1424,59.1903,-98.4883,561.632,0,42
162,18.9681,59.2464,178.994,503.485,0,42
162,17.8146,59.6034,213.603,155.886,0,42
162,13.9866,60.616,42.5137,332.287,0,42
162,13.4081,60.7466,166.853,736.586,0,42
162,12.1149,61.0176,100.443,850.885,0,42
162,12.0449,61.0315,-99.8847,429.814,0,42
162,5.14607,61.9955,275.968,190.844,0,42
162,2.11337,62.1728,160.451,318.073,0,42
162,1.96963,62.1775,91.9216,673.439,0,42
162,-9.20656,61.5237,302.402,1819.23,0,42
162,-10.3845,61.3358,288.619,196.495,0,42
162,-15.0071,60.3714,-44.5292,827.003,0,42
162,-15.1893,60.3259,243.772,427.241,0,42
162,-17.2444,59.7708,-95.1571,769.037,0,42
162,-18.1939,59.4887,269.472,360.239,0,42
162,-18.6549,59.3458,290.65,1069.67,0,42
162,-21.8958,58.228,300.42,335.765,0,42
162,-22.4198,58.0282,300.61,119.579,0,42
162,-22.9416,57.8239,-57.3479,55.359,0,42
162,-27.4408,55.8294,41.6536,263.655,0,42
162,-28.4873,55.3028,245.424,692.15,0,42
162,-32.9607,52.759,64.2397,86.5915,0,42
162,-33.7792,52.2388,-100.554,1007.34,0,42
162,-34.1813,51.9766,252.105,268.544,0,42
162,-34.8276,51.5457,296.498,372.284,0,42
162,-35.5867,51.0246,295.954,143.467,0,42
162,-39.3092,48.2153,136.92,2591.51,0,42
162,-41.8488,46.0283,-103.77,758.08,0,42
162,-41.805,46.0681,242.107,686.206,0,42
162,-42.2991,45.6148,289.587,281.948,0,42
162,-45.0104,42.9417,245.555,256.49,0,42
162,-48.5108,38.9439,61.8634,400.034,0,42
162,-48.9557,38.383,-63.0801,4298.65,0,42
162,-49.1982,38.0718,305.356,28.1248,0,42
162,-52.1449,33.924,252.024,267.873,0,42
162,-52.3291,33.639,252.529,93.2889,0,42
162,-53.4365,31.8507,209.23,1035.56,0,42
162,-54.5294,29.9411,-24.94,58.575,0,42
162,-55.099,28.8794,277.372,53.1387,0,42
162,-55.4892,28.1224,108.148,5692.58,0,42
162,-56.2995,26.463,168.868,328.05,0,42
162,-56.6536,25.6962,80.3921,198.417,0,42
162,-56.6905,25.6146,201.748,884.783,0,42
162,-58.8029,20.3014,-22.6129,136.654,0,42
162,-59.9778,16.5101,169.875,177.489,0,42
162,-60.1974,15.6907,-53.4955,103.525,0,42
162,-60.395,14.9118,-53.1834,271.902,0,42
162,-60.8809,12.7845,96.4601,165.257,0,42
162,-61.4717,9.54721,276.703,72.8695,0,42
162,-61.7953,7.15995,-91.2262,356.724,0,42
162,-61.8693,6.48939,296.488,1321.13,0,42
162,-62.0801,3.99821,140.241,792.624,0,42
162,-62.0896,3.8472,301.722,236.75,0,42
162,-62.1971,1.20098,-17.9696,1226.85,0,42
162,-62.2086,-0.0848299,-258.948,68.4821,1,42
162,-62.1989,-1.10265,-258.708,139.922,1,42
162,-62.1878,-1.61148,-258.529,97.6225,1,42
162,-61.7304,-7.69919,105.294,163.258,1,42
162,-61.7304,-7.69918,-57.5263,132.955,1,42
162,-61.6654,-8.20396,105.076,21.1387,1,42
162,-60.8948,-12.7181,28.332,21.0277,1,42
162,-60.8948,-12.7181,-71.4641,139.612,1,42
162,-60.8948,-12.7181,-267.484,109.512,1,42
162,-60.7887,-13.2159,28.3306,138.978,1,42
162,-60.7887,-13.2159,-71.9832,61.3989,1,42
162,-60.7887,-13.2159,-267.794,164.505,1,42
162,-60.7887,-13.2159,-286.951,73.4791,1,42
162,-60.6785,-13.7128,28.1215,71.6465,1,42
162,-60.6785,-13.7128,-287.304,50.4547,1,42
162,-60.1974,-15.6908,55.044,30.2448,1,42
162,-59.8706,-16.8947,-94.4634,997.269,1,42
162,-58.1569,-22.0839,72.7974,750.708,1,42
162,-57.3661,-24.0636,69.6129,169.114,1,42
162,-53.9848,-30.9122,-287.845,415.104,1,42
162,-52.9091,-32.7193,-213.348,56.2635,1,42
162,-51.2005,-35.3332,-30.4633,63.2913,1,42
162,-48.3559,-39.136,-279.264,72.6453,1,42
162,-45.5456,-42.3736,-279.636,2278.59,1,42
162,-44.7935,-43.1679,45.3463,297.999,1,42
162,-42.549,-45.3817,-89.4405,123.569,1,42
162,-39.8012,-47.8099,-286.346,1551.38,1,42
162,-38.4032,-48.94,105.5,84,1,42
162,-38.1144,-49.1652,-90.5834,749.664,1,42
162,-37.9327,-49.3055,105.02,473.02,1,42
162,-37.5329,-49.6105,102.682,127.691,1,42
162,-34.3341,-51.8758,-272.213,507.184,1,42
162,-34.0328,-52.0739,23.924,336.372,1,42
162,-28.547,-55.2719,57.3641,246.144,1,42
162,-27.3788,-55.8599,-290.419,414.952,1,42
162,-27.2614,-55.9172,-295.523,683.638,1,42
162,-26.9078,-56.0882,63.6898,904.859,1,42
162,-26.1315,-56.4541,-276.337,222.464,1,42
162,-25.1852,-56.8826,-262.14,352.303,1,42
162,-25.045,-56.9445,-293.979,597.776,1,42
162,-24.6371,-57.1221,-300.417,1034.48,1,42
162,-23.4733,-57.6101,-124.126,929.289,1,42
162,-23.1403,-57.7447,-268.25,767.818,1,42
162,-17.325,-59.7475,-238.192,1317.75,1,42
162,-13.6369,-60.6956,-231.837,129.786,1,42
162,-13.4139,-60.7453,-58.6147,164.838,1,42
162,-11.727,-61.0934,102.801,375.395,1,42
162,-10.3623,-61.3396,-190.122,385.295,1,42
162,-9.85025,-61.4239,-27.1326,604.462,1,42
162,-8.37092,-61.6429,-259.416,646.351,1,42
162,-7.02536,-61.8107,92.78,39.1787,1,42
162,-1.44496,-62.1919,-91.2253,327.653,1,42
162,1.34567,-62.1941,85.62,19731.1,1,42
162,2.71333,-62.1495,90.6323,483.907,1,42
162,2.67462,-62.1512,-293.217,336.726,1,42
162,6.51339,-61.8668,-300.068,2287.32,1,42
162,9.62898,-61.459,-201.053,877.052,1,42
162,15.0404,-60.3632,87.6281,322.099,1,42
162,17.6252,-59.6597,-31.9147,334.667,1,42
162,18.5982,-59.3635,-76.6396,433.895,1,42
162,19.1106,-59.2006,-288.334,178.825,1,42
162,19.5188,-59.0672,-9.74073,330.196,1,42
162,19.4332,-59.0955,-288.119,184.186,1,42
162,22.114,-58.1455,36.5926,356.516,1,42
162,22.872,-57.8515,36.202,513.806,1,42
162,23.0709,-57.7724,-270.333,931.653,1,42
162,24.6593,-57.1125,-121.762,702.488,1,42
162,25.7442,-56.6318,-86.9452,2526.69,1,42
162,25.6615,-56.6693,-245.394,57.2924,1,42
162,28.9503,-55.0618,38.932,28.2191,1,42
162,29.4932,-54.7729,-205.225,492.82,1,42
162,34.1313,-52.0094,-67.1813,176.781,1,42
162,34.1699,-51.984,-296.04,782.769,1,42
162,35.627,-50.9965,-283.732,101.485,1,42
162,36.1088,-50.6564,-283.732,65.0694,1,42
162,36.9923,-50.0149,-28.9744,843.393,1,42
162,36.7743,-50.1754,-272.325,309.782,1,42
162,37.5329,-49.6105,-68.34,21.2374,1,42
162,44.426,-43.546,-169.175,260.563,1,42
162,44.4619,-43.5093,-202.498,528.478,1,42
162,44.7473,-43.2158,-168.401,375.381,1,42
162,44.6834,-43.2818,-252.222,341.48,1,42
162,46.4061,-41.4295,-35.5941,142.855,1,42
162,51.9729,-34.1868,-280.71,2253.02,1,42
162,52.1772,-33.8742,-177.435,74.4283,1,42
162,53.2131,-32.2225,51.079,2029.49,1,42
162,54.662,-29.6983,-242.604,25.1248,1,42
162,55.4221,-28.2545,-207.575,255.276,1,42
162,58.3903,-21.4593,-75.972,79.3451,1,42
162,60.3527,-15.0821,-305.78,101.182,1,42
162,60.5821,-14.1326,-89.8965,509.284,1,42
162,60.6028,-14.0435,-188.756,27.04,1,42
162,60.7157,-13.5472,-188.756,26.0987,1,42
162,61.4967,-9.38514,25.3201,626.255,1,42
162,61.7769,-7.31678,53.1367,350.562,1,42
162,62.1347,-3.03354,-303.872,341.966,1,42
162,62.1885,1.58499,-167.695,2204.95,1,42
162,62.191,1.48534,-276.72,216.003,1,42
162,61.4373,9.7663,-253.44,680.43,1,42
162,61.4247,9.84503,-150.07,289.124,1,42
162,61.2802,10.7081,-76.4823,2757.4,1,42
162,60.8868,12.7564,-100.477,461.562,1,42
162,60.6802,13.7052,-284.469,719.682,1,42
162,60.5364,14.3271,21.1857,280.297,1,42
162,59.6031,17.8157,-296.437,737.649,1,42
162,57.8907,22.7725,-259.564,84.4716,1,42
162,57.545,23.6325,-259.289,914.668,1,42
162,56.5011,26.0298,-108.202,1712.44,1,42
162,55.1438,28.7937,-249.885,624.379,1,42
162,54.9565,29.1497,-103.951,1425.44,1,42
162,54.744,29.5468,49.8336,385.083,1,42
162,54.7358,29.562,-8.09925,1978.12,1,42
162,53.0324,32.519,99.4609,897.509,1,42
162,49.2577,37.9948,-296.59,627.027,1,42
162,48.6988,38.7085,-58.2336,986.945,1,42
162,46.7337,41.0595,-57.0132,2283.08,1,42
162,46.6641,41.1386,-245.038,188.755,1,42
162,45.7102,42.1959,-235.367,4373.94,1,42
162,43.504,44.4671,-247.978,539.565,1,42
162,41.2592,46.5575,88.9787,808.434,1,42
162,40.9111,46.8637,-246.554,1082.35,1,42
162,37.9197,49.3155,-275.355,558.583,1,42
162,37.9375,49.3018,71.1771,149.101,1,42
162,35.9394,50.7768,64.2435,444.474,1,42
162,31.9089,53.4017,0.589245,68.5931,1,42
162,31.4058,53.6991,-294.283,483.495,1,42
162,30.2435,54.3623,-268.623,1215.16,1,42
162,29.8219,54.5946,-119.651,129.477,1,42
162,22.5812,57.9656,-45.0193,530.007,1,42
162,19.7002,59.007,-138.28,620.543,1,42
162,12.2345,60.9938,-60.7064,303.08,1,42
162,10.0498,61.3916,-16.188,27.0954,1,42
162,9.65717,61.4545,-15.8839,104.925,1,42
162,6.96932,61.8171,-298.653,479.591,1,42
162,0.864531,62.2027,-138.095,4724.24,1,42
162,-4.3718,62.0549,-30.9616,468.162,1,42
162,-10.1781,61.3704,-268.083,773.461,1,42
162,-10.5517,61.3073,-268.628,70.7115,1,42
162,-13.0904,60.8158,-148.92,775.686,1,42
162,-14.8146,60.419,-146.429,1235.52,1,42
162,-19.3232,59.1315,76.8242,1590.33,1,42
162,-21.0373,58.5436,63.1,32.137,1,42
162,-23.5925,57.5614,-83.6446,1193.58,1,42
162,-24.235,57.2939,17.0561,881.069,1,42
162,-24.221,57.2998,-58.3461,302.831,1,42
162,-25.4302,56.7735,-43.2264,1394.02,1,42
162,-25.5187,56.7337,-265.482,511.961,1,42
162,-26.0084,56.5109,63.035,750.897,1,42
162,-27.9479,55.5773,89.1094,177.794,1,42
162,-32.4285,53.0878,-253.477,999.824,1,42
162,-34.9921,51.4342,39.8162,707.668,1,42
162,-39.5076,48.0528,-237.391,520.441,1,42
162,-40.7964,46.9636,101.444,612.091,1,42
162,-44.5396,43.4298,-268.843,225.986,1,42
162,-45.0244,42.927,-268.334,107.742,1,42
162,-47.2136,40.5068,-136.375,194.639,1,42
162,-47.1932,40.5305,-283.229,206.891,1,42
162,-48.4249,39.0506,-50.4986,684.238,1,42
162,-49.4722,37.715,-300.628,164.966,1,42
162,-50.9715,35.6627,-5.62849,371.967,1,42
162,-52.5025,33.3677,-288.937,1336.28,1,42
162,-52.5653,33.2687,-176.724,2340.24,1,42
162,-53.5622,31.6388,68.5768,650.159,1,42
162,-53.5801,31.6084,84.4431,406.823,1,42
162,-53.7504,31.318,96.8069,571.226,1,42
162,-53.8497,31.1469,69.2764,231.357,1,42
162,-54.079,30.7471,70.0926,220.13,1,42
162,-58.0871,22.2668,-130.791,366.053,1,42
162,-58.7981,20.3151,38.3503,158.973,1,42
162,-58.9274,19.9371,39.2813,405.999,1,42
162,-58.9886,19.7552,40.204,24.2774,1,42
162,-59.1141,19.3764,39.8999,191.043,1,42
162,-59.1176,19.3656,-18.713,242.143,1,42
162,-59.2923,18.8242,-17.3299,475.79,1,42
162,-59.8545,16.9517,-107.47,1053.47,1,42
162,-59.8234,17.0612,-301.611,382.646,1,42
162,-60.1974,15.6907,-234.376,145.871,1,42
162,-61.3076,10.5501,-200.921,647.585,1,42
162,-61.4482,9.69765,-137.009,858.189,1,42
162,-61.5786,8.83134,-19.202,1445.23,1,42
162,-61.7907,7.19966,-25.6632,1147.54,1,42
162,-62.1381,2.96255,-82.6351,268.73,1,42
162,-62.1878,1.61146,20.7,23.1404,1,42
162,-62.1989,1.10264,20.5521,109.193,1,42
162,-63.0611,-5.5585,294.364,413.423,0,43
162,-62.7752,-8.17746,71.7135,112.003,0,43
162,-62.0605,-12.494,302.473,324.854,0,43
162,-60.1024,-19.8821,-92.4224,499.816,0,43
162,-59.9949,-20.2044,50.5883,230.2,0,43
162,-59.7761,-20.8427,-75.3465,362.221,0,43
162,-59.4492,-21.7575,280.27,483.794,0,43
162,-55.4064,-30.6225,134.938,473.866,0,43
162,-54.9856,-31.3717,135.097,128.089,0,43
162,-54.6219,-32.0007,304.433,4100.65,0,43
162,-54.0481,-32.9605,-62.4273,84.7874,0,43
162,-53.7447,-33.4531,-62.9542,126.693,0,43
162,-52.8289,-34.8813,139.685,1672.09,0,43
162,-49.5207,-39.4372,36.7001,2351.83,0,43
162,-47.8085,-41.4963,176.088,215.831,0,43
162,-47.0541,-42.3498,98.4072,848.543,0,43
162,-46.3811,-43.0859,-24.6967,63.4788,0,43
162,-46.095,-43.3918,-24.7424,371.242,0,43
162,-46.0669,-43.4216,98.67,301.982,0,43
162,-46.0271,-43.4639,99.716,2.47507,0,43
162,-42.6851,-46.7502,-97.4023,1406.29,0,43
162,-40.1689,-48.9291,208.456,250.925,0,43
162,-39.2866,-49.6403,208.466,526.834,0,43
162,-33.4318,-53.7579,204.876,339.543,0,43
162,-31.6959,-54.7993,-57.7682,1350.56,0,43
162,-30.063,-55.7119,37.4211,1236.34,0,43
162,-29.9586,-55.7681,303.92,792,0,43
162,-28.694,-56.4292,-35.54,27.0555,0,43
162,-27.9382,-56.8072,-35.3776,808.3,0,43
162,-27.9941,-56.7797,246.995,5360.83,0,43
162,-27.9219,-56.8152,256.2,1597,0,43
162,-26.7145,-57.3928,76.6844,298.408,0,43
162,-26.2241,-57.6185,-67.3821,200.583,0,43
162,-25.948,-57.7434,75.2263,1722.73,0,43
162,-26.2642,-57.6003,130.308,227.436,0,43
162,-25.7018,-57.8534,-68.0441,569.038,0,43
162,-24.7988,-58.2462,150.34,1545,0,43
162,-21.8656,-59.4095,172.18,254.016,0,43
162,-20.9891,-59.7248,172.22,52.0139,0,43
162,-16.8012,-61.0354,257.679,49.3803,0,43
162,-15.5745,-61.3599,59.7042,489.322,0,43
162,-15.1281,-61.4714,-63.1814,2879.64,0,43
162,-14.4592,-61.6322,-77.2732,107.69,0,43
162,-14.0212,-61.7333,-77.3707,204.015,0,43
162,-13.1659,-61.9214,192.996,65.2619,0,43
162,-13.1113,-61.933,22.4607,193.188,0,43
162,-12.5921,-62.0406,81.2292,1486.69,0,43
162,-12.6491,-62.029,193.078,113.374,0,43
162,-12.6042,-62.0382,22.1238,181.521,0,43
162,-12.118,-62.135,252.547,398.211,0,43
162,-9.30976,-62.6173,294.326,1860.73,0,43
162,-8.2963,-62.7596,107.086,591.922,0,43
162,-7.27761,-62.8859,107.172,349.216,0,43
162,-6.56496,-62.9643,107.347,578.819,0,43
162,-5.43466,-63.0719,-66.1953,611.485,0,43
162,-2.90944,-63.2387,262.297,466.288,0,43
162,3.07323,-63.231,284.733,153.881,0,43
162,6.80608,-62.9387,80.636,25.0433,0,43
162,6.80609,-62.9387,151.444,29.1004,0,43
162,10.2067,-62.4774,-8.37189,643.075,0,43
162,9.99002,-62.5124,155.26,64.0971,0,43
162,13.2802,-61.897,290.298,411.13,0,43
162,13.7501,-61.7943,127.049,198.388,0,43
162,13.6176,-61.8236,290.94,36.1493,0,43
162,17.5992,-60.8101,261.45,270.565,0,43
162,20.8154,-59.7856,299.726,1288.24,0,43
162,21.5825,-59.513,272.641,4536.08,0,43
162,23.1855,-58.907,180.899,173.641,0,43
162,24.7187,-58.2802,22.1359,548.015,0,43
162,27.9353,-56.8086,130.351,303.106,0,43
162,29.0286,-56.2578,58.8456,124.884,0,43
162,29.4532,-56.0367,58.3642,180.229,0,43
162,30.8783,-55.2642,172.429,174.1,0,43
162,32.5354,-54.3051,292.88,1416.76,0,43
162,33.7295,-53.5717,-22.0588,389.863,0,43
162,35.7355,-52.2549,227.505,186.885,0,43
162,36.637,-51.6268,13.821,1174.03,0,43
162,40.3562,-48.7747,87.6089,250.864,0,43
162,40.2949,-48.8254,163.747,304.416,0,43
162,40.659,-48.5226,268.734,1623.77,0,43
162,42.705,-46.7321,51.5818,126.02,0,43
162,43.3918,-46.095,267.068,378.298,0,43
162,44.0588,-45.4579,-44.8377,784.273,0,43
162,45.7688,-43.7357,65.3228,1000.84,0,43
162,47.1653,-42.2259,-96.1312,764.116,0,43
162,47.162,-42.2297,109.578,288.233,0,43
162,47.5688,-41.7709,104.066,494.946,0,43
162,49.425,-39.5571,40.9281,276.67,0,43
162,51.1649,-37.2794,-100.617,778.146,0,43
162,54.4797,-32.2422,-33.2875,480.947,0,43
162,54.4526,-32.2879,145.742,473.747,0,43
162,55.91,-29.693,304.708,289.49,0,43
162,58.0482,-25.2589,190.452,27.0423,0,43
162,58.9047,-23.1912,-70.5488,285.827,0,43
162,58.9828,-22.9918,-36.6276,1189.44,0,43
162,59.5555,-21.4649,298.572,2104.86,0,43
162,60.3211,-19.2086,-42.9317,645.37,0,43
162,60.496,-18.6504,9.8582,454.472,0,43
162,60.5887,-18.3468,125.83,570.691,0,43
162,60.7875,-17.6769,124.953,247.207,0,43
162,62.3407,-11.0105,136.035,2399.13,0,43
162,62.9065,-7.09743,208.983,1506.06,0,43
162,63.1903,-3.81876,29.9257,240.933,0,43
162,63.3033,0.538938,27.3637,211.291,0,43
162,63.2924,1.29471,27.636,24.2635,0,43
162,63.124,4.7916,293.001,205.59,0,43
162,63.0259,5.94483,17.842,981.326,0,43
162,62.8213,7.81519,-47.5932,942.806,0,43
162,62.6823,8.86173,-47.836,29.111,0,43
162,62.125,12.1689,277.345,297.654,0,43
162,61.5767,14.6937,286.177,191.285,0,43
162,61.3575,15.5839,-99.5875,273.552,0,43
162,61.2588,15.9674,-99.2736,79.3468,0,43
162,60.0925,19.912,62.044,623.45,0,43
162,58.907,23.1855,154.836,22.0971,0,43
162,58.7796,23.5065,154.836,24.0693,0,43
162,56.3658,28.8184,265.521,1017.33,0,43
162,55.9965,29.5295,89.7899,109.65,0,43
162,55.7898,29.9182,89.54,22.0294,0,43
162,54.9533,31.4283,265.924,38.1404,0,43
162,54.8213,31.658,266.892,236.998,0,43
162,53.9446,33.1298,-64.1299,865.176,0,43
162,53.7951,33.3719,233.36,510.044,0,43
162,50.5936,38.0511,-44.3107,432.471,0,43
162,48.5419,40.636,42.3573,2789.55,0,43
162,46.7851,42.6469,227.134,784.649,0,43
162,44.2854,45.2372,201.846,2772.26,0,43
162,44.2376,45.2839,-54.3219,1538.17,0,43
162,44.3345,45.189,-19.852,23.045,0,43
162,44.1158,45.4026,214.286,284.24,0,43
162,43.2206,46.2556,121.264,347.946,0,43
162,40.1474,48.9468,104.804,2380.25,0,43
162,38.8101,50.0138,47.7763,178.595,0,43
162,38.4534,50.2886,176.738,489.756,0,43
162,37.8759,50.7249,197.622,659.037,0,43
162,35.8324,52.1885,31.8592,202.694,0,43
162,34.8951,52.8198,197.939,1452.78,0,43
162,31.8388,54.7165,129.591,1379.59,0,43
162,30.4779,55.486,4.06138,576.102,0,43
162,24.465,58.3872,-99.988,46.1526,0,43
162,23.992,58.5831,-100.034,385.821,0,43
162,23.3461,58.8435,-100.163,53.3051,0,43
162,22.4891,59.1763,133.393,199.708,0,43
162,20.9362,59.7434,178.142,647.514,0,43
162,21.0828,59.6918,192.891,520.1,0,43
162,20.1035,60.0287,178.156,26.0277,0,43
162,19.6117,60.1912,-98.5502,57.4594,0,43
162,18.2103,60.6299,213.362,384.814,0,43
162,15.7115,61.3249,-63.059,958.413,0,43
162,14.7865,61.5545,42.1527,329.783,0,43
162,14.0838,61.7191,166.054,983.294,0,43
162,12.7584,62.0066,99.0883,557.763,0,43
162,12.287,62.1018,-100.388,562.668,0,43
162,9.87671,62.5304,305.188,1355.19,0,43
162,5.72403,63.0463,274.669,494.715,0,43
162,2.19496,63.2675,91.6637,932.613,0,43
162,1.59751,63.2854,160.065,209.907,0,43
162,-10.0802,62.4979,287.591,818.67,0,43
162,-10.2912,62.4635,302.025,2506.62,0,43
162,-12.6042,62.0382,-87.5733,115.67,0,43
162,-13.1113,61.933,-88.54,41.0555,0,43
162,-13.5204,61.845,-88.116,59.0155,0,43
162,-15.4269,61.3972,-46.1872,545.999,0,43
162,-15.7992,61.3024,242.227,717.537,0,43
162,-17.453,60.8522,-94.9138,1214.01,0,43
162,-18.1194,60.6571,289.237,293.766,0,43
162,-19.0214,60.3803,267.895,360.719,0,43
162,-21.6343,59.4942,259.975,3192.6,0,43
162,-21.7329,59.4582,300.065,118.843,0,43
162,-23.6049,58.7402,-57.7274,344.986,0,43
162,-27.7836,56.8829,41.2361,195.232,0,43
162,-29.3928,56.0684,243.569,637.494,0,43
162,-33.2206,53.8887,64.214,1380.96,0,43
162,-34.5243,53.0629,-100.763,193.976,0,43
162,-35.3297,52.5301,251.29,1417.01,0,43
162,-37.6286,50.9086,294.946,456.791,0,43
162,-39.7192,49.2949,136.212,707.041,0,43
162,-41.8538,47.4959,-103.645,696.519,0,43
162,-43.3218,46.1608,288.808,186.537,0,43
162,-45.1591,44.365,243.347,207.905,0,43
162,-45.5502,43.9633,244.3,31.2095,0,43
162,-49.0998,39.9601,61.98,34.0555,0,43
162,-49.4251,39.5571,-62.7863,1199.34,0,43
162,-49.747,39.1514,-62.9101,268.235,0,43
162,-55.2259,30.9467,278.006,643.082,0,43
162,-56.4141,28.7236,111.515,7884.29,0,43
162,-57.1379,27.2554,167.841,550.605,0,43
162,-57.7493,25.9349,80.0271,967.297,0,43
162,-58.032,25.2959,200.986,775.843,0,43
162,-59.6437,21.2185,-22.5697,127.025,0,43
162,-60.9428,17.1338,170.1,45.2586,0,43
162,-61.0354,16.8012,170.1,23.0849,0,43
162,-61.8644,13.431,-52.7523,212.005,0,43
162,-61.9734,12.9188,96.4195,588.11,0,43
162,-62.5254,9.90817,275.786,658.839,0,43
162,-62.9089,7.07628,-92.0724,336.754,0,43
162,-63.0212,5.9938,296.128,166.876,0,43
162,-63.1915,3.79836,140.2,604.72,0,43
162,-63.1773,4.02892,301.259,170.446,0,43
162,-63.264,2.29568,138.614,354.476,0,43
162,-63.2982,0.967852,-19.3772,444.861,0,43
162,-63.3055,-0.0863249,21.0053,82.2848,1,43
162,-63.2924,-1.29471,20.9955,198.354,1,43
162,-63.2924,-1.2947,-74.1809,402.657,1,43
162,-62.1392,-12.0962,28.8074,128.893,1,43
162,-62.0382,-12.6042,28.756,28.0416,1,43
162,-62.0382,-12.6042,-70.5881,113.536,1,43
162,-61.933,-13.1113,-286.7,26.2391,1,43
162,-60.9729,-17.0267,-94.1431,487.02,1,43
162,-60.8607,-17.4235,53.7661,1293.65,1,43
162,-60.5623,-18.4337,52.9967,586.379,1,43
162,-59.2858,-22.1989,74.0539,614.569,1,43
162,-58.4184,-24.3904,70.0939,341.84,1,43
162,-55.137,-31.1048,-286.605,155.157,1,43
162,-53.8877,-33.2222,-212.632,288.873,1,43
162,-51.191,-37.2436,-30.0852,775.927,1,43
162,-46.5235,-42.932,-278.201,2670.29,1,43
162,-45.3098,-44.2111,45.4545,135.904,1,43
162,-45.068,-44.4576,45.292,37.2513,1,43
162,-43.1216,-46.3479,-89.2162,131.204,1,43
162,-40.5641,-48.602,82.1863,847.425,1,43
162,-40.3073,-48.8152,-285.153,252.495,1,43
162,-38.4695,-50.2762,-89.964,61.1387,1,43
162,-35.1536,-52.6481,-270.691,338.111,1,43
162,-34.0551,-53.3653,25.3289,479.975,1,43
162,-28.8005,-56.3749,57.7179,159.862,1,43
162,-27.6537,-56.9462,64.3261,366.884,1,43
162,-27.504,-57.0187,-289.954,206.002,1,43
162,-26.9166,-57.2983,-275.772,263.156,1,43
162,-24.99,-58.1644,-261.811,1255.52,1,43
162,-24.3371,-58.4406,-125.275,250.917,1,43
162,-24.2289,-58.4855,-300.222,1250.67,1,43
162,-24.2201,-58.4892,-267.996,201.959,1,43
162,-18.3334,-60.5928,-236.543,1100.94,1,43
162,-14.5238,-61.617,-231.026,629.704,1,43
162,-13.2861,-61.8957,-57.9383,607.723,1,43
162,-11.4972,-62.2528,104.497,630.385,1,43
162,-10.8828,-62.3632,-190.03,259.225,1,43
162,-10.0625,-62.5008,-25.5359,792.624,1,43
162,-9.10849,-62.6469,-258.056,70.3989,1,43
162,-8.78314,-62.6933,-258.761,190.098,1,43
162,-7.29187,-62.8842,93.2528,288.088,1,43
162,-1.81494,-63.2796,-90.8382,807.285,1,43
162,1.76583,-63.281,85.6404,20282.6,1,43
162,2.60802,-63.2519,-292.677,270.717,1,43
162,5.58473,-63.0588,-299.347,2634.23,1,43
162,15.484,-61.3828,87.7195,435.093,1,43
162,17.818,-60.7463,-30.3443,246.621,1,43
162,19.142,-60.3422,-287.503,1072.68,1,43
162,19.7758,-60.1375,-8.92529,320.967,1,43
162,23.2748,-58.8717,-268.783,1168.5,1,43
162,23.9452,-58.6023,35.8422,738.224,1,43
162,24.9114,-58.1981,35.5177,318.671,1,43
162,25.0432,-58.1415,-273.333,621.205,1,43
162,25.2914,-58.034,-244.405,521.027,1,43
162,25.4309,-57.973,-86.5663,4902.46,1,43
162,25.1446,-58.0978,-121.088,614.042,1,43
162,30.0964,-55.6939,-205.205,2050.27,1,43
162,34.4922,-53.0838,-295.344,125.881,1,43
162,34.95,-52.7835,-67.068,85.2358,1,43
162,35.9598,-52.1008,-284.017,1061.69,1,43
162,37.0542,-51.3282,-28.1649,347.946,1,43
162,37.6263,-50.9103,-233.052,407.113,1,43
162,37.5473,-50.9686,-271.675,204.443,1,43
162,38.1304,-50.5338,-234.454,163.779,1,43
162,45.2099,-44.3133,-202.456,693.042,1,43
162,45.6031,-43.9085,-251.155,217.755,1,43
162,45.8492,-43.6514,-167.71,553.145,1,43
162,46.26,-43.2159,-167.085,247.44,1,43
162,46.6702,-42.7726,-35.3849,396.119,1,43
162,54.0153,-33.0143,51.2234,1121.21,1,43
162,56.5072,-28.54,-207.585,192.894,1,43
162,56.6621,-28.2314,-207.412,39.0416,1,43
162,61.3555,-15.5919,21.9415,475.695,1,43
162,61.5768,-14.6934,-188.795,686.426,1,43
162,61.6803,-14.2525,-89.5517,420.018,1,43
162,62.5182,-9.95333,25.437,459.129,1,43
162,62.8903,-7.23919,54.0294,366.054,1,43
162,63.118,-4.86994,-279.325,456.348,1,43
162,63.2583,-2.44578,-302.097,605.865,1,43
162,63.2688,-2.15756,-300.692,26.0416,1,43
162,63.2788,1.8415,-275.801,707.008,1,43
162,62.5046,10.0386,-251.992,323.419,1,43
162,62.4791,10.1961,-149.041,1727.47,1,43
162,61.7349,14.0143,-99.159,1197.29,1,43
162,61.711,14.1192,-283.267,853.987,1,43
162,61.5869,14.651,21.5552,626.383,1,43
162,58.179,24.956,-258.969,698.573,1,43
162,57.8396,25.7329,-258.716,25.0139,1,43
162,57.265,26.9875,-107.144,126.82,1,43
162,56.9955,27.5521,-106.613,91.6086,1,43
162,56.0552,29.4178,-103.795,1740.96,1,43
162,55.9496,29.6183,-248.559,687.821,1,43
162,55.8521,29.8017,-6.56802,638.515,1,43
162,54.0091,33.0244,100.865,1181.27,1,43
162,50.5565,38.1004,-295.893,184.967,1,43
162,50.2307,38.5289,-296.292,298.371,1,43
162,48.0707,41.1923,-242.801,147.692,1,43
162,47.8245,41.4779,-243.452,58.4556,1,43
162,46.7413,42.6949,-233.747,6297.2,1,43
162,46.7321,42.705,-245.177,1597,1,43
162,46.732,42.705,-256.596,21,1,43
162,45.6193,43.8916,13.4333,221.311,1,43
162,41.8642,47.4867,90.3767,524.132,1,43
162,41.8328,47.5144,-244.963,469.873,1,43
162,38.6882,50.1081,71.7492,162.98,1,43
162,38.4829,50.2659,-275.584,151.872,1,43
162,36.8239,51.4936,65.061,255.229,1,43
162,32.2245,54.4902,1.42223,335.063,1,43
162,31.6742,54.8119,-293.304,113.43,1,43
162,31.3707,54.9862,-292.53,96.5082,1,43
162,30.5891,55.4248,-267.465,753.859,1,43
162,29.7132,55.8993,-118.882,1180.01,1,43
162,23.1855,58.907,-52.6515,802,1,43
162,20.7571,59.8059,-136.451,88.496,1,43
162,20.4218,59.9212,-137.224,219.74,1,43
162,16.8012,61.0354,-266.578,74.4716,1,43
162,12.3283,62.0936,-59.4954,322.237,1,43
162,9.25762,62.625,-15.423,117.421,1,43
162,7.51333,62.8582,-297.527,1547.57,1,43
162,0.53538,63.3033,-138.42,4633.04,1,43
162,-4.67973,63.1324,-30.3935,145.077,1,43
162,-10.0501,62.5028,-266.906,954.316,1,43
162,-12.9424,61.9685,-148.694,45.3312,1,43
162,-14.4768,61.6281,-146.301,630.065,1,43
162,-15.9674,61.2588,-294.756,35.2236,1,43
162,-19.4475,60.2444,78.364,33.2138,1,43
162,-20.9225,59.7482,63.5938,521.399,1,43
162,-23.5542,58.7605,-81.6947,770.412,1,43
162,-24.4714,58.3845,17.4118,483.921,1,43
162,-24.5569,58.3486,-57.6838,726.389,1,43
162,-26.0353,57.7041,-42.1761,679.252,1,43
162,-26.217,57.6218,-265.345,488.445,1,43
162,-27.4726,57.0338,62.5325,701.219,1,43
162,-28.6467,56.4532,89.0875,75.501,1,43
162,-32.5083,54.3214,-251.93,663.469,1,43
162,-36.1732,51.9529,40.5011,719.867,1,43
162,-36.7008,51.5815,41.17,161.815,1,43
162,-40.7729,48.4269,-235.748,1130.68,1,43
162,-41.5883,47.7285,101.538,226.34,1,43
162,-42.6267,46.8035,-91.7659,596.333,1,43
162,-46.0866,43.4007,-267.409,48.2794,1,43
162,-46.519,42.9369,-266.88,619.3,1,43
162,-48.1015,41.1563,-282.558,275.467,1,43
162,-48.1501,41.0994,-135.935,227.283,1,43
162,-49.4458,39.5311,-50.9085,1034.33,1,43
162,-50.5728,38.0787,-300.158,898.421,1,43
162,-51.6082,36.6633,-4.67261,153.13,1,43
162,-53.2579,34.2226,-177.426,4901.68,1,43
162,-53.2334,34.2609,-288.468,2625.74,1,43
162,-53.8366,33.305,-263.001,619.62,1,43
162,-54.1709,32.7584,96.9619,713.589,1,43
162,-55.3211,30.7762,70.7885,940.01,1,43
162,-55.6136,30.2445,71.4645,155.672,1,43
162,-55.9222,29.6699,72.1348,529.367,1,43
162,-58.261,24.764,-88.7569,183.303,1,43
162,-58.6296,23.8781,-129.848,637.681,1,43
162,-60.4247,18.8801,41.6693,833.005,1,43
162,-60.5,18.6375,-16.1446,716.025,1,43
162,-60.92,17.2149,-108.113,536.687,1,43
162,-60.9233,17.2032,-299.867,788.426,1,43
162,-61.3109,15.7661,-232.948,523.671,1,43
162,-62.3771,10.8027,-200.828,242.958,1,43
162,-62.3883,10.7378,-136.604,31.2513,1,43
162,-62.7051,8.69868,-17.2758,1451.35,1,43
162,-62.8363,7.6938,-23.8701,494.534,1,43
162,-63.3027,0.604215,20.9226,87.6902,1,43
162,-64.1913,-5.20344,210.529,298.489,0,44
162,-63.8006,-8.78028,69.5684,537.937,0,44
162,-63.0773,-12.9945,301.78,86.0746,0,44
162,-62.3196,-16.244,241.389,206.777,0,44
162,-61.1179,-20.303,-92.5537,1107.45,0,44
162,-61.1429,-20.2274,50.603,255.304,0,44
162,-60.8822,-20.9991,-76.2402,394.514,0,44
162,-60.6101,-21.7719,279.441,1888.67,0,44
162,-59.5719,-24.4703,245.747,1266.01,0,44
162,-59.4659,-24.7267,-22.1084,130.583,0,44
162,-55.612,-32.4793,304.943,1547.72,0,44
162,-55.4829,-32.6995,135.368,995.602,0,44
162,-55.3078,-32.9948,-82.7648,131.924,0,44
162,-55.2344,-33.1174,158.722,732.606,0,44
162,-54.9424,-33.5997,135.619,478.369,0,44
162,-53.5861,-35.7231,138.543,377.867,0,44
162,-50.119,-40.4436,35.1778,448.777,0,44
162,-46.8198,-44.2211,-24.9752,421.726,0,44
162,-45.2275,-45.8484,99.4006,122.523,0,44
162,-44.884,-46.1848,99.3,785.501,0,44
162,-39.5218,-50.8491,208.469,948.95,0,44
162,-38.9961,-51.2534,208.495,49.3573,0,44
162,-34.7496,-54.2224,-55.6516,388.35,0,44
162,-34.1121,-54.6257,-56.2781,234.661,0,44
162,-33.485,-55.0123,-56.8746,91.4345,0,44
162,-32.3973,-55.6598,205.006,857.52,0,44
162,-31.2155,-56.3312,304.457,587.789,0,44
162,-30.5909,-56.6727,304.307,105.746,0,44
162,-28.5421,-57.7317,246.578,2631.44,0,44
162,-26.5127,-58.6914,128.975,511.523,0,44
162,-25.7562,-59.0273,-68.8332,280.595,0,44
162,-25.8364,-58.9923,74.1969,305.09,0,44
162,-25.3815,-59.1894,73.3933,602.871,0,44
162,-25.2209,-59.258,-69.4466,170.037,0,44
162,-24.9412,-59.3763,72.5781,474.391,0,44
162,-24.7841,-59.442,141.183,776.437,0,44
162,-20.5224,-61.0445,172.585,442.009,0,44
162,-15.2394,-62.5729,-77.5106,1098.4,0,44
162,-15.6099,-62.4815,-63.4273,1275.63,0,44
162,-15.5329,-62.5007,58.8487,792.68,0,44
162,-13.6611,-62.9363,192.697,314.314,0,44
162,-13.0573,-63.0643,79.2307,501.269,0,44
162,-12.499,-63.1774,21.349,911.328,0,44
162,-12.55,-63.1673,253.23,267.207,0,44
162,-12.3131,-63.2139,106.41,230.92,0,44
162,-11.0623,-63.4447,106.62,1297.7,0,44
162,-9.83583,-63.6464,106.831,1102.52,0,44
162,-8.79224,-63.7989,293.086,1086.93,0,44
162,-8.84125,-63.7921,-52.924,1,0,44
162,-8.34839,-63.8585,-52.1714,368.872,0,44
162,-6.19505,-64.1032,-67.3302,202.52,0,44
162,-3.70095,-64.2955,119.187,916.869,0,44
162,-2.81791,-64.3402,261.367,251.978,0,44
162,2.19495,-64.3645,283.746,214.805,0,44
162,13.5101,-62.9689,126.026,1174.35,0,44
162,17.4306,-61.9982,259.988,26.0693,0,44
162,28.7203,-57.6433,129.117,386.307,0,44
162,32.872,-55.3808,292.369,1554.18,0,44
162,34.604,-54.3154,-22.2014,602.991,0,44
162,37.8041,-52.1388,13.1372,750.174,0,44
162,41.2994,-49.4162,87.3372,343.401,0,44
162,41.5917,-49.1705,267.472,203.824,0,44
162,43.4233,-47.5607,51.2864,339.123,0,44
162,43.7678,-47.2439,265.928,720.872,0,44
162,44.9338,-46.1363,-45.636,132.114,0,44
162,46.6803,-44.3684,63.6374,1074.4,0,44
162,48.0276,-42.9064,108.755,922.71,0,44
162,48.0743,-42.854,-97.0417,397.959,0,44
162,48.2458,-42.6608,102.684,21.0816,0,44
162,51.7864,-38.2854,-101.875,436.428,0,44
162,55.2813,-33.0391,-34.6224,689.925,0,44
162,55.4833,-32.6988,144.534,812.196,0,44
162,56.8135,-30.3288,304.316,249.75,0,44
162,58.2101,-27.5535,190.394,2379.95,0,44
162,59.9134,-23.6219,-37.4697,203.648,0,44
162,60.4985,-22.0802,298.005,787.234,0,44
162,60.743,-21.3985,-43.5033,103.817,0,44
162,60.8989,-20.9506,-43.539,143.677,0,44
162,61.0518,-20.5009,-43.2908,680.049,0,44
162,61.58,-18.855,8.05471,436.692,0,44
162,62.0078,-17.3965,124.272,664.842,0,44
162,62.3515,-16.1213,123.127,126.406,0,44
162,63.3458,-11.6154,135.127,105.733,0,44
162,63.6919,-9.53657,208.913,106.68,0,44
162,63.7789,-8.93593,208.922,487.942,0,44
162,64.2757,-4.02999,29.3145,173.5,0,44
162,64.3881,-1.33083,26.5762,168.322,0,44
162,64.4004,-0.445586,26.9277,225.679,0,44
162,64.2284,4.72463,291.414,826.625,0,44
162,64.1491,5.70048,-46.988,28.111,0,44
162,64.0407,6.81156,-47.0321,706.68,0,44
162,64.056,6.66579,17.1464,266.883,0,44
162,63.5655,10.3457,290.864,116.651,0,44
162,63.4615,10.9655,290.556,335.258,0,44
162,63.2761,11.9891,276.267,1137.51,0,44
162,62.7559,14.4671,284.721,1143.11,0,44
162,62.496,15.5515,-100.545,724.864,0,44
162,61.9982,17.4306,108.785,113.345,0,44
162,61.1848,20.1003,61.1772,599.554,0,44
162,60.6148,21.759,-103.473,243.285,0,44
162,59.6596,24.2558,155.291,1041.31,0,44
162,57.423,29.1582,263.795,3402.94,0,44
162,57.1972,29.5987,89.2031,637.729,0,44
162,56.6051,30.7159,204.815,857.853,0,44
162,56.2714,31.323,264.736,757.936,0,44
162,54.9347,33.6122,-65.0112,1143.38,0,44
162,54.5832,34.18,232.302,147.709,0,44
162,51.3692,38.8434,-44.9394,716.126,0,44
162,49.6518,41.0159,42.2622,1107.06,0,44
162,47.3782,43.6224,225.526,2226.89,0,44
162,46.0933,44.9779,201.996,3235.11,0,44
162,45.1679,45.9071,-54.4135,1573.98,0,44
162,45.1356,45.9389,214.042,277.927,0,44
162,39.5528,50.825,47.564,31.0693,0,44
162,39.5528,50.825,90.6042,77.5531,0,44
162,31.4453,56.2032,128.592,401.821,0,44
162,30.351,56.8016,127.51,1658.84,0,44
162,23.1884,60.0825,-99.988,78.4405,0,44
162,22.365,60.3938,-100.083,191.148,0,44
162,22.5151,60.338,132.78,433.019,0,44
162,22.4388,60.3664,177.504,48.3606,0,44
162,21.9439,60.5481,177.713,308.861,0,44
162,21.779,60.6076,-99.988,34.1942,0,44
162,20.8952,60.9179,192.252,126.05,0,44
162,20.417,61.0799,-98.5993,244.293,0,44
162,18.7146,61.6228,213.121,308.732,0,44
162,15.8366,62.4244,-64.045,422.603,0,44
162,15.376,62.5394,41.7574,627.724,0,44
162,15.0156,62.627,165.33,654.893,0,44
162,13.3739,62.998,97.4868,732.955,0,44
162,10.1461,63.5976,304.126,475.748,0,44
162,6.45938,64.0771,273.017,824.043,0,44
162,2.37044,64.3583,91.4184,94.8272,0,44
162,1.42076,64.3862,159.637,1232.71,0,44
162,-9.72949,63.6627,286.933,768.462,0,44
162,-10.6686,63.5121,228.825,749.761,0,44
162,-14.0937,62.8408,-88.9013,339.019,0,44
162,-14.695,62.703,-89.6191,115.676,0,44
162,-17.5291,61.9705,-94.6987,485.772,0,44
162,-17.7917,61.8956,288.302,160.15,0,44
162,-19.4913,61.3815,266.814,268.38,0,44
162,-21.5957,60.6731,299.826,222.502,0,44
162,-30.4707,56.7375,241.684,431.882,0,44
162,-33.6349,54.9208,64.2313,130.744,0,44
162,-39.5528,50.825,294.044,84.185,0,44
162,-46.0435,45.0289,-27.6802,337.32,0,44
162,-50.0674,40.5075,-62.6318,4760.44,0,44
162,-50.4761,39.9971,304.241,413.356,0,44
162,-53.8033,35.395,249.984,478.634,0,44
162,-54.8928,33.6807,209.414,2412.85,0,44
162,-55.3392,32.942,278.714,247.339,0,44
162,-57.3266,29.3473,115.853,7581.03,0,44
162,-58.0296,27.9316,166.965,111.636,0,44
162,-61.9982,17.4306,170.284,122.166,0,44
162,-63.0783,12.9897,96.3611,685.55,0,44
162,-63.5903,10.1921,274.822,1044.58,0,44
162,-64.0294,6.91657,-93.0201,967.96,0,44
162,-64.152,5.66766,295.848,510.124,0,44
162,-64.2615,4.25092,300.666,478.304,0,44
162,-64.2985,3.64749,140.113,96.7849,0,44
162,-64.3386,2.85497,137.874,593.594,0,44
162,-64.3989,0.624042,-20.7807,152.859,0,44
162,-64.4018,-0.0878213,-73.7562,517.515,1,44
162,-64.3645,-2.19495,21.1594,169.429,1,44
162,-63.8623,-8.31908,54.196,34.1232,1,44
162,-62.3196,-16.244,67.34,21.4176,1,44
162,-62.0726,-17.164,-93.78,66.3434,1,44
162,-61.4186,-19.3743,52.4424,267.32,1,44
162,-61.1472,-20.2145,51.9503,343.357,1,44
162,-60.8861,-20.9877,51.3387,403.562,1,44
162,-60.4154,-22.3067,74.9716,132.769,1,44
162,-59.4687,-24.72,70.6389,405.098,1,44
162,-56.2614,-31.3411,-285.226,235.21,1,44
162,-51.5681,-38.5789,-29.6169,1093.76,1,44
162,-51.3754,-38.8352,-277.879,601.696,1,44
162,-47.5197,-43.4681,-277.228,1508.63,1,44
162,-44.0407,-46.9895,28.4301,759.934,1,44
162,-43.5925,-47.4057,-88.7938,580.315,1,44
162,-41.3922,-49.3385,83.5437,431.382,1,44
162,-40.8368,-49.7992,-283.434,215.037,1,44
162,-39.5359,-50.8382,102.783,445.173,1,44
162,-35.8809,-53.4805,-269.86,109.108,1,44
162,-34.1635,-54.5936,26.7502,312.669,1,44
162,-29.6596,-57.1657,-294.929,57.5498,1,44
162,-28.9938,-57.5062,58.1587,632.368,1,44
162,-29.1909,-57.4064,-294.569,72.4247,1,44
162,-28.8493,-57.5788,-292.818,163.089,1,44
162,-28.239,-57.8806,64.8696,694.003,1,44
162,-27.1507,-58.399,-289.561,756.629,1,44
162,-25.7189,-59.0436,-267.583,390.846,1,44
162,-25.2691,-59.2374,-126.389,907.006,1,44
162,-25.1386,-59.2929,-267.784,261.674,1,44
162,-24.1591,-59.6988,-299.996,333.882,1,44
162,-19.4024,-61.4097,-234.851,1382.67,1,44
162,-15.3332,-62.55,-230.393,560.884,1,44
162,-13.1008,-63.0553,-57.1329,176.158,1,44
162,-11.5187,-63.3634,105.321,275.372,1,44
162,-10.3032,-63.5724,-23.9901,922.523,1,44
162,-9.71349,-63.6652,-257.083,417.536,1,44
162,-7.62629,-63.9488,93.6185,347.921,1,44
162,-2.11606,-64.3671,-90.5182,329.666,1,44
162,1.94236,-64.3726,87.2162,6740.56,1,44
162,2.01941,-64.3702,81.3302,468,1,44
162,2.39367,-64.3574,-292.272,766.188,1,44
162,2.57007,-64.3506,93.5505,748.004,1,44
162,4.84874,-64.2191,-298.802,5103.33,1,44
162,9.36286,-63.7177,-200.628,28.1526,1,44
162,15.9683,-62.3909,87.692,58.4161,1,44
162,17.9607,-61.8467,-28.4043,396.91,1,44
162,19.2137,-61.469,-286.954,538.995,1,44
162,19.7843,-61.2877,-8.556,31.1664,1,44
162,20.1183,-61.1789,-8.30995,94.9455,1,44
162,23.1209,-60.1085,-305.668,438.72,1,44
162,23.5008,-59.961,-267.324,270.279,1,44
162,24.8574,-59.4114,-242.815,670.856,1,44
162,25.4129,-59.1759,-86.3099,5951.81,1,44
162,25.5352,-59.1233,-93.1829,676,1,44
162,25.9541,-58.9405,35.1979,404.58,1,44
162,25.8382,-58.9915,-119.914,663.982,1,44
162,26.1524,-58.8528,-272.032,146.821,1,44
162,26.7576,-58.5802,34.9855,118.605,1,44
162,29.0915,-57.4569,40.5008,101.673,1,44
162,30.7797,-56.5704,-205.064,249.646,1,44
162,34.8091,-54.1843,-294.88,716.564,1,44
162,35.7474,-53.5699,-67.0817,202.181,1,44
162,35.9157,-53.4571,-284.33,236.058,1,44
162,36.9289,-52.7623,-27.0757,168.183,1,44
162,37.3917,-52.4353,-27.5355,147.71,1,44
162,37.7932,-52.1467,-231.598,633.521,1,44
162,38.2683,-51.7991,-270.756,881.035,1,44
162,45.9691,-45.1049,-202.321,683.685,1,44
162,47.3667,-43.6348,-166.07,480.048,1,44
162,48.2443,-42.6625,-305.605,284.165,1,44
162,51.6904,-38.4149,-305.722,285.558,1,44
162,52.6346,-37.1107,-176.592,68.496,1,44
162,53.2005,-36.2948,-278.707,1860.12,1,44
162,54.7028,-33.9883,51.399,2630.43,1,44
162,56.854,-30.2528,-239.543,1167.6,1,44
162,57.7371,-28.5312,-207.525,635.928,1,44
162,60.6155,-21.757,-74.8795,535.502,1,44
162,62.34,-16.1658,-178.559,394.854,1,44
162,62.5771,-15.2221,22.4074,267.768,1,44
162,62.5771,-15.2221,-188.668,173.839,1,44
162,62.8178,-14.1962,-89.3656,58.3329,1,44
162,64.0095,-7.09851,54.5519,157.351,1,44
162,64.3516,2.54597,-218.012,26.0433,1,44
162,63.5802,10.255,-250.984,962.759,1,44
162,63.5238,10.5987,-74.8532,302.694,1,44
162,63.5134,10.6607,-148.234,197.18,1,44
162,62.7451,14.5138,-282.858,201.75,1,44
162,62.6247,15.0249,21.9497,658.745,1,44
162,62.6457,14.9374,-97.9857,167.201,1,44
162,62.5309,15.4106,-97.4177,181.046,1,44
162,61.9139,17.7278,-292.722,831.846,1,44
162,58.5532,26.8166,-258.497,687.304,1,44
162,57.8713,28.258,-258.127,471.144,1,44
162,57.7393,28.5267,-105.624,976.809,1,44
162,57.211,29.572,-103.62,1776.4,1,44
162,56.9656,30.0421,-4.73265,1176.78,1,44
162,51.6069,38.5271,-295.407,348.387,1,44
162,49.6853,40.9753,-57.8794,388.106,1,44
162,49.0216,41.7671,-58.69,4281.99,1,44
162,49.2071,41.5484,-241.389,273.289,1,44
162,47.8084,43.1505,-232.178,6294.09,1,44
162,47.8054,43.1537,-241.095,1484,1,44
162,46.6673,44.3821,13.1564,143.959,1,44
162,44.8487,46.2191,-244.973,387.255,1,44
162,42.3556,48.514,91.9365,838.722,1,44
162,39.6524,50.7473,72.4953,426.07,1,44
162,38.8145,51.391,-276.34,223.711,1,44
162,32.4225,55.6452,2.4592,417.913,1,44
162,31.4572,56.1965,-291.288,1535.8,1,44
162,30.9345,56.4859,-266.404,531.27,1,44
162,29.8492,57.0669,-117.825,318.921,1,44
162,23.7269,59.8718,-42.7066,234.175,1,44
162,21.5235,60.6988,-135.751,583.793,1,44
162,17.7059,61.9202,-265.255,1038,1,44
162,12.2401,63.228,-57.6688,770.01,1,44
162,8.87324,63.7877,-15.0254,136.59,1,44
162,8.15405,63.8836,-295.898,499.857,1,44
162,0.263427,64.4014,-138.724,39.1248,1,44
162,-0.79032,64.397,-139.186,398.885,1,44
162,-4.9219,64.2135,-29.9622,146.223,1,44
162,-12.942,63.0881,-148.318,298.918,1,44
162,-14.1836,62.8206,-146.199,751.404,1,44
162,-14.6639,62.7102,-295.179,214.107,1,44
162,-15.2221,62.5771,-295.002,52.2791,1,44
162,-15.5632,62.4931,-294.996,71.43,1,44
162,-21.0013,60.8814,64.0689,382.314,1,44
162,-23.7026,59.8815,-80.3058,357.913,1,44
162,-24.8246,59.4251,-56.8081,1092.47,1,44
162,-26.7319,58.5919,-41.0921,260.676,1,44
162,-26.7495,58.5839,-265.266,192.601,1,44
162,-28.7203,57.6433,62.0728,214.981,1,44
162,-29.3473,57.3266,89.1676,60.4022,1,44
162,-29.3474,57.3266,61.948,95.3747,1,44
162,-37.7934,52.1466,41.5706,328.357,1,44
162,-41.8887,48.9177,-234.579,198.413,1,44
162,-42.2513,48.6049,-233.22,565.978,1,44
162,-42.3803,48.4924,101.528,350.744,1,44
162,-44.1812,46.8576,-293.094,1034.61,1,44
162,-47.6899,43.2814,-266.205,397.987,1,44
162,-48.0914,42.8349,-265.557,774.371,1,44
162,-49.0577,41.7247,-135.391,630.802,1,44
162,-48.9882,41.8062,-281.957,351.284,1,44
162,-50.4047,40.087,-51.4024,790.581,1,44
162,-52.3503,37.5107,-3.35272,792.763,1,44
162,-53.8693,35.2945,-287.861,3225.73,1,44
162,-53.6941,35.5604,-186.676,1127,1,44
162,-54.5507,34.232,97.444,28.0416,1,44
162,-54.5507,34.232,-262.47,198.148,1,44
162,-54.7366,33.934,97.444,40.0971,1,44
162,-54.8181,33.8021,85.6052,386.226,1,44
162,-57.2125,29.5691,72.7568,133.766,1,44
162,-57.2464,29.5036,73.9072,126.886,1,44
162,-57.459,29.0873,73.4912,167.604,1,44
162,-59.1678,25.4319,-128.924,678.742,1,44
162,-61.735,18.3409,43.3133,132.285,1,44
162,-61.9433,17.6249,44.564,414.083,1,44
162,-61.8044,18.1058,-14.2371,61.748,1,44
162,-61.9802,17.4947,-108.549,485.22,1,44
162,-62.0924,17.0921,44.444,21.0971,1,44
162,-62.0924,17.0921,-297.748,214.029,1,44
162,-62.4625,15.6856,-231.327,2166.04,1,44
162,-63.3307,11.6975,-136.219,883.308,1,44
162,-63.4429,11.0729,-200.607,335.18,1,44
162,-63.8194,8.64252,-15.6236,899.504,1,44
162,-63.8962,8.05482,-22.2649,1251.07,1,44
162,-64.397,0.790291,-124.12,56.3008,1,44
162,-65.3761,-4.01647,293.266,60.4561,0,45
162,-65.3408,-4.5557,293.584,407.024,0,45
162,-65.2493,-5.71797,210.064,223.535,0,45
162,-64.8792,-8.99192,68.4823,998.438,0,45
162,-64.0909,-13.5105,300.578,188.604,0,45
162,-62.391,-19.9384,50.4861,335.952,0,45
162,-62.1255,-20.7508,-92.6829,373.038,0,45
162,-60.4836,-25.1378,-22.133,829,0,45
162,-57.4418,-31.4739,296.68,206.807,0,45
162,-56.5877,-32.9848,305.431,2634.62,0,45
162,-56.5323,-33.0797,-83.8162,423.377,0,45
162,-55.9687,-34.0247,157.881,500.296,0,45
162,-55.4703,-34.8313,135.83,311.869,0,45
162,-54.937,-35.6665,-65.1453,895.976,0,45
162,-54.9615,-35.6287,136.018,1043.69,0,45
162,-54.3162,-36.6049,136.921,877.013,0,45
162,-50.8013,-41.3449,34.0878,134.506,0,45
162,-49.8071,-42.5373,173.539,878.386,0,45
162,-47.3253,-45.2824,-25.2036,215.672,0,45
162,-44.7097,-47.8667,99.5857,81.3468,0,45
162,-43.9205,-48.5918,99.852,141.436,0,45
162,-32.3719,-56.9406,304.768,265.92,0,45
162,-31.8619,-57.2276,205.061,625.121,0,45
162,-31.178,-57.603,-35.7782,1318.82,0,45
162,-31.0447,-57.6749,205.107,283.85,0,45
162,-30.6396,-57.8911,-35.964,47.1664,0,45
162,-30.0883,-58.1796,35.6754,133.049,0,45
162,-29.1587,-58.651,246.343,2886.66,0,45
162,-29.2097,-58.6256,250.435,217,0,45
162,-26.7795,-59.7748,127.352,260.512,0,45
162,-24.7704,-60.635,-70.8769,2099.34,0,45
162,-24.9017,-60.5812,71.8575,814.599,0,45
162,-24.8168,-60.616,139.055,1051.33,0,45
162,-24.4663,-60.7583,71.0531,293.981,0,45
162,-24.0046,-60.9422,70.2452,128.679,0,45
162,-19.9514,-62.3868,172.809,65.607,0,45
162,-19.2697,-62.6007,173.068,21.0849,0,45
162,-18.9073,-62.7111,173.045,174.279,0,45
162,-17.8995,-63.0062,-77.94,23.0433,0,45
162,-17.8995,-63.0062,105.652,25.1387,0,45
162,-17.5556,-63.1029,-77.94,39.2374,0,45
162,-17.5556,-63.1029,105.652,26.208,0,45
162,-16.2701,-63.4465,-63.768,510.039,0,45
162,-14.3942,-63.8982,106.114,892.482,0,45
162,-14.133,-63.9565,192.338,751.281,0,45
162,-13.5269,-64.0874,77.8827,680.061,0,45
162,-13.068,-64.1825,106.219,135.971,0,45
162,-12.7626,-64.244,254.082,920.31,0,45
162,-12.6535,-64.2655,258.455,173.338,0,45
162,-12.3874,-64.3174,20.5224,181.909,0,45
162,-8.66488,-64.9237,-52.5372,362.702,0,45
162,-8.49277,-64.9465,291.795,897.473,0,45
162,-6.96178,-65.1284,-68.1825,561.074,0,45
162,-3.2569,-65.4184,118.068,530.041,0,45
162,-2.78529,-65.4402,260.257,677.823,0,45
162,2.97563,-65.4318,150.608,683.105,0,45
162,4.14901,-65.3679,79.4514,118.576,0,45
162,10.0636,-64.7217,154.94,972.115,0,45
162,11.7519,-64.4365,-7.74976,238.434,0,45
162,12.5917,-64.2777,287.436,791.962,0,45
162,12.5154,-64.2926,-7.556,28.0416,0,45
162,13.3909,-64.116,125.392,47.3174,0,45
162,13.7404,-64.042,125.156,25.111,0,45
162,17.632,-63.0816,258.913,954.205,0,45
162,19.7622,-62.447,297.468,630.024,0,45
162,22.2935,-61.5887,255.622,417.749,0,45
162,22.8249,-61.3938,269.76,5522.03,0,45
162,24.2893,-60.8293,179.773,183.633,0,45
162,24.983,-60.5477,20.852,22.0283,0,45
162,25.3129,-60.4105,20.8815,202.638,0,45
162,31.0305,-57.6826,57.0674,210.341,0,45
162,32.9834,-56.5886,291.429,450.092,0,45
162,35.5233,-55.0297,-22.2784,179.058,0,45
162,37.642,-53.6027,227.34,40.1648,0,45
162,37.9338,-53.3966,227.485,205.29,0,45
162,41.023,-51.0616,161.55,1593.98,0,45
162,42.2915,-50.016,87.2048,274.16,0,45
162,42.4919,-49.8459,266.596,569.862,0,45
162,43.9896,-48.5293,264.409,1290.88,0,45
162,44.027,-48.4953,51.0661,182.902,0,45
162,46.7813,-45.8441,-47.1716,134.086,0,45
162,47.6026,-44.9907,61.9414,726.313,0,45
162,48.2532,-44.2922,305.703,418.103,0,45
162,48.9009,-43.5761,101.738,187.776,0,45
162,49.0755,-43.3793,-98.7496,282.85,0,45
162,52.4494,-39.2331,-102.721,563.781,0,45
162,56.1049,-33.7995,-36.0753,418.755,0,45
162,56.4947,-33.1439,143.41,396.65,0,45
162,57.6424,-31.1051,303.826,1002.48,0,45
162,58.2098,-30.0299,190.084,175.66,0,45
162,60.7117,-24.5818,-70.9554,212.684,0,45
162,60.8746,-24.1754,-38.0109,207.473,0,45
162,61.4789,-22.5946,297.503,1147.12,0,45
162,61.6552,-22.109,-36.3794,1082,0,45
162,62.676,-19.0235,6.47001,2676.77,0,45
162,63.5388,-15.9057,122.231,618.92,0,45
162,63.7415,-15.0729,121.813,161.507,0,45
162,63.8545,-14.5867,120.902,460.367,0,45
162,64.3593,-12.1675,208.892,490.885,0,45
162,64.6763,-10.3509,208.909,140.968,0,45
162,65.3447,-4.49967,28.4986,412.139,0,45
162,65.4429,-2.7197,25.9944,174.832,0,45
162,65.4768,-1.71886,26.216,203.484,0,45
162,65.3346,4.64398,-46.3122,142.831,0,45
162,65.3284,4.72937,290.154,154.833,0,45
162,65.2846,5.29977,-46.5341,143.456,0,45
162,65.2423,5.79763,-46.4208,158.949,0,45
162,65.1234,7.00776,16.684,408.183,0,45
162,64.4633,11.6038,274.81,665.561,0,45
162,64.4943,11.4305,289.9,348.925,0,45
162,63.9661,14.0895,283.337,186.375,0,45
162,63.8812,14.4692,283.876,129.672,0,45
162,62.9205,18.1984,107.42,1262.08,0,45
162,62.2976,20.2282,60.3203,377.518,0,45
162,61.5798,22.3182,-104.228,32.208,0,45
162,61.4571,22.6537,-104.511,87.1144,0,45
162,57.8115,30.7896,204.168,2051.9,0,45
162,57.7232,30.9549,262.956,34.1248,0,45
162,57.5535,31.2693,262.532,38.2635,0,45
162,57.4884,31.3887,263.623,145.741,0,45
162,55.9418,34.0688,-66.1299,517.142,0,45
162,55.4118,34.9242,231.765,218.194,0,45
162,52.1523,39.6272,-45.583,153.327,0,45
162,48.0399,44.5235,224.107,580.196,0,45
162,47.4451,45.1568,202.076,10797.8,0,45
162,46.914,45.7083,-20.1496,589.327,0,45
162,45.0303,47.5652,119.814,130.734,0,45
162,41.3703,50.7806,49.2954,867.169,0,45
162,40.0857,51.8006,197.099,83.3745,0,45
162,39.3791,52.3398,90.3669,1060.59,0,45
162,38.6584,52.8744,90.388,24.2064,0,45
162,38.0595,53.3071,177.12,1276.65,0,45
162,37.3001,53.8412,198.4,105.61,0,45
162,34.7274,55.5354,31.0639,567.446,0,45
162,30.08,58.1839,126.679,507.03,0,45
162,29.387,58.537,125.864,154.636,0,45
162,24.5649,60.7185,176.587,210.639,0,45
162,24.1551,60.8827,176.736,77.4006,0,45
162,23.3597,61.1923,177.137,225.626,0,45
162,22.6214,61.4691,132.364,108.527,0,45
162,21.0369,62.0292,192.089,839.003,0,45
162,19.1629,62.6335,212.732,212.514,0,45
162,16.0808,63.4947,41.1692,463.134,0,45
162,15.8149,63.5615,164.218,3837.95,0,45
162,15.813,63.562,-65.0221,885.139,0,45
162,13.9478,63.9971,96.5058,437.099,0,45
162,10.6399,64.6294,303.203,263.177,0,45
162,7.01382,65.1228,271.775,704.786,0,45
162,2.7056,65.4435,91.2134,523.173,0,45
162,1.09485,65.4902,159.307,217.504,0,45
162,-9.27094,64.84,286.183,350.209,0,45
162,-10.0471,64.7242,227.139,372.014,0,45
162,-10.4939,64.6533,227.85,372.868,0,45
162,-13.216,64.1522,265.348,114.962,0,45
162,-13.216,64.1522,300.936,207.273,0,45
162,-13.9969,63.9864,300.619,321.096,0,45
162,-15.8284,63.5581,-90.813,80.4715,0,45
162,-16.3592,63.4236,-91.4204,273.987,0,45
162,-16.3296,63.4312,-49.298,511.359,0,45
162,-17.6313,63.0818,-94.4246,1387.24,0,45
162,-17.7125,63.059,287.503,337.986,0,45
162,-20.2539,62.2892,265.73,1437.1,0,45
162,-20.9195,62.0689,299.214,783.268,0,45
162,-22.4571,61.5293,259.107,2628.01,0,45
162,-24.9592,60.5575,-58.5007,363.145,0,45
162,-28.1493,59.1421,40.3141,502.758,0,45
162,-31.4821,57.4374,239.952,206.559,0,45
162,-31.8686,57.2238,238.538,153.567,0,45
162,-34.0642,55.9446,64.1376,1264.19,0,45
162,-36.1877,54.595,-101.343,497.214,0,45
162,-37.352,53.8052,250.051,974.954,0,45
162,-40.6007,51.398,135.012,2531.79,0,45
162,-40.5794,51.4148,293.786,534.784,0,45
162,-41.1103,50.9913,-103.479,794.427,0,45
162,-41.0672,51.026,293.484,26.1648,0,45
162,-41.5026,50.6725,293.06,108.333,0,45
162,-43.6621,48.8241,240.294,1084.47,0,45
162,-45.0939,47.5049,287.593,818.647,0,45
162,-45.8709,46.755,240.318,84.4577,0,45
162,-50.4307,41.7961,-62.3883,4315.78,0,45
162,-51.0507,41.0366,303.785,213.045,0,45
162,-54.4758,36.367,247.984,86.5792,0,45
162,-55.5594,34.689,279.543,1298.71,0,45
162,-55.5502,34.7038,209.581,1349.34,0,45
162,-56.1347,33.75,279.068,33,0,45
162,-57.6301,31.1279,-25.9539,222.485,0,45
162,-58.2452,29.9612,117.674,9021.44,0,45
162,-58.8377,28.7801,166.586,1024.62,0,45
162,-60.0409,26.1775,78.9496,645.363,0,45
162,-60.4124,25.3084,199.989,193.643,0,45
162,-61.5187,22.486,-22.6452,81.7962,0,45
162,-64.2926,12.5154,-52.3257,64.6022,0,45
162,-64.3599,12.1645,-52.5,51.1248,0,45
162,-64.4846,11.4852,-52.1694,286.506,0,45
162,-64.4887,11.4618,-105.5,22,0,45
162,-64.6603,10.4505,273.888,787.559,0,45
162,-65.1483,6.77257,-94.2927,296.31,0,45
162,-65.3335,4.65909,300.005,161.608,0,45
162,-65.4159,3.30662,137.271,516.933,0,45
162,-65.4155,3.31446,140.157,734.685,0,45
162,-65.4984,0.368976,-21.7,208.145,0,45
162,-64.9958,-8.10645,55.8328,202.038,1,45
162,-64.8035,-9.52241,29.8767,155.788,1,45
162,-63.0536,-17.7319,-305.758,405.444,1,45
162,-62.7968,-18.6207,-305.698,555.606,1,45
162,-61.6964,-21.9938,50.8248,342.902,1,45
162,-61.5142,-22.4984,75.9219,312.395,1,45
162,-61.4262,-22.7374,50.199,155.812,1,45
162,-61.1585,-23.4481,49.7551,580.605,1,45
162,-60.5218,-25.0457,71.2737,313.131,1,45
162,-57.3913,-31.5659,-284.172,490.044,1,45
162,-56.0982,-33.8106,-210.168,181.005,1,45
162,-53.5339,-37.7398,-276.443,109.482,1,45
162,-53.1149,-38.3273,-276.972,223.074,1,45
162,-52.7178,-38.8716,-277.411,343.273,1,45
162,-51.966,-39.8711,-29.1922,828.183,1,45
162,-48.4739,-44.0506,-276.17,6079.91,1,45
162,-47.1287,-45.4869,28.1154,67.4577,1,45
162,-46.8799,-45.7432,28.075,154.846,1,45
162,-46.6297,-45.9982,27.908,35.2757,1,45
162,-45.7199,-46.9027,45.7351,429.08,1,45
162,-45.5114,-47.1051,28.2192,1509.06,1,45
162,-42.2027,-50.091,84.6341,371.108,1,45
162,-41.2215,-50.9015,-281.841,1439.33,1,45
162,-40.7028,-51.3172,102.826,255.57,1,45
162,-36.674,-54.2696,-268.858,1016.43,1,45
162,-34.1046,-55.92,-295.803,252.37,1,45
162,-33.4433,-56.318,-295.734,88.2405,1,45
162,-32.4042,-56.9222,-295.365,141.91,1,45
162,-29.6449,-58.4068,-291.572,551.378,1,45
162,-29.3111,-58.575,58.5423,115.733,1,45
162,-28.8569,-58.8001,65.5571,449.54,1,45
162,-28.4257,-59.0098,-274.335,371.704,1,45
162,-26.7803,-59.7745,-289.061,264.672,1,45
162,-26.6784,-59.82,-267.339,178.354,1,45
162,-26.1806,-60.0395,-127.945,456.736,1,45
162,-24.983,-60.5477,-261.26,45.1803,1,45
162,-24.4354,-60.7708,-261.18,626.903,1,45
162,-23.7351,-61.0477,-299.833,402.185,1,45
162,-22.9885,-61.3327,-299.844,38.2047,1,45
162,-20.4698,-62.2186,-233.209,1919.02,1,45
162,-16.2999,-63.4388,-229.527,454.43,1,45
162,-13.041,-64.188,-56.6908,67.522,1,45
162,-10.5975,-64.6364,-22.5899,888.866,1,45
162,-10.4477,-64.6608,-255.846,1291.71,1,45
162,-2.41085,-65.455,-90.2324,103.527,1,45
162,1.9769,-65.4696,-291.599,400.701,1,45
162,2.44226,-65.4538,94.8684,177.845,1,45
162,3.8674,-65.3851,-298.079,3887.67,1,45
162,8.87535,-64.8953,-200.735,106.114,1,45
162,19.0989,-62.653,-286.569,84.3084,1,45
162,20.1139,-62.3346,-7.77632,868.253,1,45
162,21.0401,-62.0281,-74.7,91.2863,1,45
162,23.6751,-61.071,-266.258,995.2,1,45
162,24.2295,-60.8531,-241.214,351.586,1,45
162,25.0131,-60.5352,-85.8947,7994.79,1,45
162,26.3589,-59.9615,-118.96,356.133,1,45
162,27.6113,-59.3952,-270.83,179.923,1,45
162,27.9239,-59.2489,-270.164,28.1681,1,45
162,29.4287,-58.516,41.0192,388.319,1,45
162,31.5106,-57.4217,-205.053,216.875,1,45
162,35.0693,-55.3201,-294.127,1615.08,1,45
162,35.7627,-54.8744,-284.651,755.53,1,45
162,36.7099,-54.2453,-67.068,62.3312,1,45
162,37.1797,-53.9244,-26.6444,340.367,1,45
162,37.7008,-53.5614,-229.782,251.057,1,45
162,38.0435,-53.3185,-230.511,107.722,1,45
162,38.9873,-52.6323,-269.802,459.809,1,45
162,46.755,-45.8709,-202.177,95.4838,1,45
162,47.2526,-45.3582,-34.7129,103.388,1,45
162,47.4993,-45.0998,-34.6896,71.3099,1,45
162,48.8236,-43.6626,-164.824,498.965,1,45
162,49.3679,-43.0463,-304.671,612.068,1,45
162,52.5564,-39.0896,-176.276,164.037,1,45
162,53.0658,-38.3952,-176.36,681.199,1,45
162,52.8117,-38.744,-305.429,368.562,1,45
162,53.8355,-37.3084,-277.785,2351.81,1,45
162,55.2896,-35.1174,51.652,41.0832,1,45
162,58.0255,-30.3844,-237.986,740.042,1,45
162,58.9476,-28.5543,-207.545,377.812,1,45
162,61.7536,-21.8326,-74.331,228.247,1,45
162,63.5297,-15.9419,-188.557,214.278,1,45
162,63.5813,-15.7349,-177.731,325.423,1,45
162,63.7807,-14.9063,22.916,145.654,1,45
162,63.9439,-14.1898,-89.1139,631.695,1,45
162,64.5468,-11.1305,26.007,409.162,1,45
162,65.1563,-6.69581,56.0544,930.566,1,45
162,65.3205,-4.83718,-280.043,218.477,1,45
162,65.492,-0.985122,-297.878,1504.3,1,45
162,65.4659,2.09342,-217.532,535.053,1,45
162,64.6361,10.5996,-249.489,1094.55,1,45
162,64.5714,10.9868,-147.513,136.755,1,45
162,63.7919,14.8583,-281.961,603.336,1,45
162,63.4901,16.099,-96.7622,217.908,1,45
162,63.0829,17.6271,-290.517,2188.4,1,45
162,58.7051,29.0497,-257.782,118.333,1,45
162,58.4663,29.5273,-257.868,91.359,1,45
162,58.2219,30.0064,-257.444,21,1,45
162,58.0802,30.2797,-2.91785,460.538,1,45
162,57.5909,31.2002,-246.524,2978.43,1,45
162,57.0163,32.2384,51.7713,138.698,1,45
162,56.7248,32.7485,52.0752,241.056,1,45
162,52.6835,38.9181,-294.897,217.92,1,45
162,50.3102,41.9411,-239.952,367.367,1,45
162,50.0913,42.2023,-59.3791,2593.26,1,45
162,50.0983,42.194,-57.7277,157.883,1,45
162,48.8157,43.6715,-230.969,2394.09,1,45
162,47.6902,44.8978,12.9048,338.551,1,45
162,45.4956,47.1203,-243.668,610.337,1,45
162,43.5924,48.8863,-242.054,745.641,1,45
162,42.91,49.4864,93.4711,269.055,1,45
162,40.3677,51.5812,73.0748,51.4528,1,45
162,39.2861,52.4097,-276.706,251.303,1,45
162,38.4885,52.9982,66.8009,232.266,1,45
162,32.6889,56.7592,3.21918,383.844,1,45
162,31.3401,57.5149,-289.444,837.34,1,45
162,31.3436,57.5131,-265.5,55.288,1,45
162,30.0511,58.1988,-117.2,114.353,1,45
162,29.6883,58.3847,-116.852,118.433,1,45
162,24.3769,60.7942,-41.5705,642.815,1,45
162,22.6493,61.4588,-133.994,2264.34,1,45
162,18.344,62.8782,-264.414,586.741,1,45
162,8.33254,64.9672,-14.3872,492.728,1,45
162,7.75183,65.0391,-13.9225,87.4161,1,45
162,-0.803795,65.4945,-139.355,1800.85,1,45
162,-1.69673,65.4774,-139.755,68.6453,1,45
162,-5.26367,65.2876,-29.5455,46.319,1,45
162,-12.5576,64.2844,-147.916,292.784,1,45
162,-12.8659,64.2234,-295.604,22.0832,1,45
162,-13.9894,63.988,-295.375,228.29,1,45
162,-21.107,62.0054,64.4126,273.742,1,45
162,-24.8845,60.5882,17.8416,589.432,1,45
162,-25.0294,60.5285,-55.8552,222.582,1,45
162,-27.32,59.5297,-40.073,1079.87,1,45
162,-27.3077,59.5354,-265.211,275.047,1,45
162,-29.8815,58.2861,89.2619,131.124,1,45
162,-30.334,58.0518,61.5729,487.32,1,45
162,-30.9843,57.7074,61.282,208.273,1,45
162,-32.7972,56.6967,-249.159,954.79,1,45
162,-39.0059,52.6185,42.46,635.303,1,45
162,-43.188,49.2439,101.56,212.906,1,45
162,-43.2539,49.1861,-231.841,62.408,1,45
162,-43.5215,48.9495,-232.389,156.211,1,45
162,-43.6548,48.8306,-231.156,21.0416,1,45
162,-44.3165,48.2309,-291.178,132.416,1,45
162,-44.5407,48.024,-292.115,215.971,1,45
162,-49.2728,43.1552,-264.837,188.581,1,45
162,-49.6792,42.6867,-264.212,670.545,1,45
162,-49.885,42.446,-281.256,562.587,1,45
162,-50.0775,42.2186,-263.548,234.504,1,45
162,-50.0631,42.2357,-134.632,150.751,1,45
162,-51.3783,40.6256,-51.757,600.543,1,45
162,-53.0615,38.4012,-2.43282,583.651,1,45
162,-54.4755,36.3674,-179.149,3161.25,1,45
162,-54.3374,36.5735,-287.03,1490.1,1,45
162,-55.1269,35.3723,97.4496,1087.54,1,45
162,-55.2589,35.1657,-261.746,1101.12,1,45
162,-55.5574,34.6921,85.9658,241.843,1,45
162,-58.9904,28.4658,75.119,1813.38,1,45
162,-59.434,27.5277,-127.83,413.286,1,45
162,-59.7543,26.8252,-128.246,126.786,1,45
162,-60.1659,25.889,-88.4814,239.99,1,45
162,-62.9886,17.9612,-12.752,846.619,1,45
162,-63.3817,16.5207,47.412,36.208,1,45
162,-63.5049,16.0407,46.9118,205.373,1,45
162,-63.6436,15.481,-229.411,1130.7,1,45
162,-64.9431,8.5185,-14.311,559.477,1,45
162,-64.9694,8.31537,-21.571,390.018,1,45
162,-66.5964,-0.0908154,-23.0655,126.531,0,46
162,-66.5037,-3.51425,292.823,359.599,0,46
162,-66.2874,-6.40856,209.437,1258.46,0,46
162,-65.1273,-13.9114,300.031,261.657,0,46
162,-63.5398,-19.9447,50.4689,616.607,0,46
162,-63.1146,-21.2519,-92.7864,314.365,0,46
162,-63.1033,-21.2854,-77.609,668.129,0,46
162,-62.7948,-22.1789,247.805,1048.56,0,46
162,-62.7509,-22.3028,278.603,732.65,0,46
162,-62.4758,-23.0622,247.201,235.6,0,46
162,-61.5073,-25.5333,-22.2681,447.415,0,46
162,-58.7756,-31.3133,295.909,96.4006,0,46
162,-57.8048,-33.0711,-85.1064,411.554,0,46
162,-57.5933,-33.438,305.667,2301.8,0,46
162,-56.8344,-34.7123,157.406,547.942,0,46
162,-55.6239,-36.6207,-65.8777,63.642,0,46
162,-55.4234,-36.9235,-66.492,24.2791,0,46
162,-55.2212,-37.2252,-66.492,21.0017,0,46
162,-51.5708,-42.1372,33.2813,117.545,0,46
162,-50.7779,-43.0894,172.641,849.634,0,46
162,-42.1781,-51.5374,-102.253,297.513,0,46
162,-42.1781,-51.5373,100.457,134.524,0,46
162,-40.7572,-52.6683,-51.652,34.1387,0,46
162,-40.7572,-52.6683,100.852,65.2913,0,46
162,-40.3249,-53,-51.9365,119.579,0,46
162,-40.3249,-53,100.988,28.2791,0,46
162,-40.0352,-53.2191,-52.2489,61.425,0,46
162,-40.0352,-53.2191,101.116,78.9163,0,46
162,-36.7722,-55.5239,208.26,32.0832,0,46
162,-36.4688,-55.7236,208.42,146.367,0,46
162,-29.8614,-59.5264,34.4189,150.066,0,46
162,-29.8614,-59.5264,246.087,782.126,0,46
162,-29.5363,-59.6884,33.572,25.0693,0,46
162,-29.5363,-59.6884,246.049,403.82,0,46
162,-24.7284,-61.8353,137.207,85.097,0,46
162,-24.2217,-62.0355,-72.852,27.111,0,46
162,-24.2217,-62.0355,-71.58,25.6876,0,46
162,-24.2217,-62.0355,104.38,24.1338,0,46
162,-23.7134,-62.2316,-72.428,57.1387,0,46
162,-23.7134,-62.2316,104.38,28.1249,0,46
162,-23.0331,-62.4865,68.1536,104.615,0,46
162,-23.0331,-62.4865,104.535,75.744,0,46
162,-16.7456,-64.4568,-64.1453,238.644,0,46
162,-16.7975,-64.4433,173.492,24.0416,0,46
162,-16.7975,-64.4433,254.246,55.5204,0,46
162,-14.7314,-64.9467,192.119,899.815,0,46
162,-13.8653,-65.1371,76.7817,834.504,0,46
162,-13.2304,-65.2691,257.479,606.3,0,46
162,-12.0672,-65.4941,19.8834,282.382,0,46
162,-9.00811,-65.9845,-52.965,820.694,0,46
162,-7.95495,-66.1197,290.42,2428.13,0,46
162,-7.7041,-66.1494,-69.0666,1097.58,0,46
162,-2.72439,-66.5407,117.148,614.537,0,46
162,-2.7151,-66.5411,258.841,564.652,0,46
162,1.07327,-66.5879,150.146,1034.41,0,46
162,1.02647,-66.5886,282.609,324.963,0,46
162,3.07782,-66.5253,78.9466,1198.83,0,46
162,3.72115,-66.4925,78.94,22.0433,0,46
162,10.1497,-65.8185,154.631,119.804,0,46
162,12.033,-65.5004,285.692,809.082,0,46
162,13.3845,-65.2376,-6.95555,1261.55,0,46
162,13.3891,-65.2367,124.639,1878.23,0,46
162,17.8378,-64.1631,257.782,536.803,0,46
162,19.2292,-63.76,296.179,1057.92,0,46
162,22.2469,-62.7708,254.136,1469.45,0,46
162,23.3626,-62.3641,268.548,1818.42,0,46
162,24.7783,-61.8153,179.174,190.79,0,46
162,25.4015,-61.5618,20.428,37.1631,0,46
162,32.3472,-58.213,56.0797,439.15,0,46
162,33.2865,-57.681,290.97,497.727,0,46
162,34.0709,-57.2212,169.902,195.529,0,46
162,39.2105,-53.8296,227.38,536.815,0,46
162,41.34,-52.2121,160.449,857.379,0,46
162,43.4665,-50.4555,265.352,458.643,0,46
162,44.4186,-49.6194,263.512,1339.39,0,46
162,44.6689,-49.3941,50.6813,608.333,0,46
162,47.7918,-46.3792,-47.9748,73.359,0,46
162,48.6166,-45.514,59.6899,323.692,0,46
162,49.1614,-44.9249,305.356,22.0971,0,46
162,49.4057,-44.6561,305.541,95.9838,0,46
162,49.6182,-44.4199,100.849,88.713,0,46
162,49.5687,-44.4751,106.693,460.294,0,46
162,50.024,-43.9624,-99.7263,301.239,0,46
162,51.5374,-42.1781,37.1855,391.884,0,46
162,56.8949,-34.6131,-37.5844,596.983,0,46
162,57.4689,-33.6514,142.39,104.812,0,46
162,58.473,-31.8747,303.204,699.581,0,46
162,61.6995,-25.0653,-71.0315,78.2063,0,46
162,62.1761,-23.8586,-44.5257,267.893,0,46
162,62.4634,-23.0959,-44.444,76.0416,0,46
162,63.7793,-19.1648,4.23795,589.97,0,46
162,65.0669,-14.1911,120.221,123.795,0,46
162,65.1866,-13.6307,119.507,385.605,0,46
162,65.3239,-12.9571,118.848,198.919,0,46
162,66.4194,-4.8537,27.7719,230.337,0,46
162,66.4355,-4.62741,25.516,30.2219,0,46
162,66.497,-3.6396,25.5723,495.2,0,46
162,66.5473,-2.55867,205.759,606.335,0,46
162,66.586,-1.18042,205.716,31.0693,0,46
162,66.5937,-0.612365,205.716,117.321,0,46
162,66.5915,0.815529,205.672,7414.12,0,46
162,66.526,3.06433,-45.6912,217.183,0,46
162,66.4849,3.8541,-45.852,346.998,0,46
162,66.4598,4.26501,-45.716,24.2497,0,46
162,66.4265,4.75513,288.844,763.903,0,46
162,66.1588,7.62246,15.9347,615.249,0,46
162,65.6515,11.1792,273.41,732.224,0,46
162,65.0822,14.1208,282.119,800.722,0,46
162,64.8145,15.3027,-102.223,389.511,0,46
162,63.8452,18.9444,106.409,158.511,0,46
162,63.391,20.4127,59.5711,824.594,0,46
162,62.3844,23.3085,-105.259,136.818,0,46
162,60.1132,28.6617,156.513,818.686,0,46
162,59.6658,29.5818,88.4397,436.025,0,46
162,59.1916,30.5197,260.523,196.929,0,46
162,58.8984,31.0817,261.819,432.82,0,46
162,56.9353,34.5465,-66.7251,149.793,0,46
162,56.1386,35.8267,231.052,357.378,0,46
162,52.9411,40.4021,-46.1247,412.132,0,46
162,49.0974,44.9949,202.23,9126.84,0,46
162,48.6999,45.4248,222.954,572.679,0,46
162,48.0397,46.1225,-20.3589,507.133,0,46
162,47.6042,46.5718,-54.8916,2289.68,0,46
162,45.9263,48.2273,118.807,504.082,0,46
162,43.9208,50.0605,100.845,750.886,0,46
162,41.3862,52.1754,47.5945,720.611,0,46
162,41.146,52.365,197.003,526.687,0,46
162,39.3059,53.76,89.964,32.0832,0,46
162,38.9368,54.028,89.964,43.031,0,46
162,38.6188,54.2557,198.741,900.007,0,46
162,38.1869,54.5606,177.152,165.872,0,46
162,37.6943,54.9021,177.285,349.586,0,46
162,34.9358,56.6973,30.7378,68.7041,0,46
162,34.6261,56.887,30.799,68.5163,0,46
162,34.1595,57.1684,30.4577,75.3867,0,46
162,33.7744,57.3967,30.604,129.499,0,46
162,29.1887,59.8591,125.304,154.251,0,46
162,28.602,60.1417,124.635,770.559,0,46
162,28.0834,60.3856,123.884,104.293,0,46
162,27.4601,60.6715,123.572,88.607,0,46
162,26.3367,61.1676,175.832,164.281,0,46
162,25.7703,61.4084,176.162,445.251,0,46
162,25.3567,61.5803,176.215,447.863,0,46
162,22.7802,62.5792,132.037,327.302,0,46
162,21.1098,63.1622,-100.13,169.905,0,46
162,21.0263,63.1901,191.621,246.177,0,46
162,20.3722,63.404,-100.185,623.4,0,46
162,19.6955,63.6175,212.353,245.408,0,46
162,16.4803,64.5251,163.501,317.874,0,46
162,15.7596,64.7049,-66.3523,951.552,0,46
162,14.5462,64.9885,95.0039,1675.86,0,46
162,10.9657,65.6875,302.422,167.753,0,46
162,7.88167,66.1285,269.316,43.1942,0,46
162,7.88167,66.1285,270.4,74.1585,0,46
162,7.88167,66.1285,305.78,55.0694,0,46
162,7.52089,66.1705,305.78,28,0,46
162,2.97191,66.5302,90.9675,1102.12,0,46
162,0.615989,66.5937,158.823,268.964,0,46
162,-8.88299,66.0014,285.293,465.333,0,46
162,-9.58239,65.9035,225.705,730.308,0,46
162,-14.2956,65.0441,263.149,124.784,0,46
162,-16.0935,64.6227,285.004,23.2497,0,46
162,-16.6187,64.4896,285.463,270.087,0,46
162,-16.6731,64.4756,-50.589,789.152,0,46
162,-17.7561,64.1858,-94.1658,592.096,0,46
162,-17.9607,64.1288,-92.7039,145.311,0,46
162,-18.374,64.0117,-93.628,24.0555,0,46
162,-18.374,64.0117,-92.356,40.5015,0,46
162,-18.7228,63.9105,-93.204,25.0785,0,46
162,-19.3128,63.7347,-93.9005,335.298,0,46
162,-20.6002,63.3303,298.885,688.968,0,46
162,-20.8417,63.2512,264.907,133.07,0,46
162,-22.8708,62.5461,258.698,2448.86,0,46
162,-22.8627,62.5491,266.395,710,0,46
162,-25.5268,61.51,-58.7771,564.177,0,46
162,-32.7126,58.0084,237.315,438.343,0,46
162,-34.4704,56.9814,64.0899,405.634,0,46
162,-37.115,55.2953,-101.65,719.822,0,46
162,-38.419,54.3974,249.435,951.785,0,46
162,-40.4943,52.8707,-103.301,256.163,0,46
162,-41.0891,52.4097,134.499,449.396,0,46
162,-41.3237,52.225,-103.386,229.508,0,46
162,-42.3185,51.4221,293.06,26.1126,0,46
162,-43.2924,50.605,292.212,40.0849,0,46
162,-43.5678,50.3681,292.083,69.3174,0,46
162,-44.2487,49.7709,239.626,522.872,0,46
162,-46.1179,48.0441,286.571,208.801,0,46
162,-46.5541,47.6216,239.308,266.156,0,46
162,-51.737,41.933,303.308,924.012,0,46
162,-55.8541,36.2686,280.095,2279.04,0,46
162,-56.2797,35.6047,209.717,2581.93,0,46
162,-56.3128,35.5522,214.427,279,0,46
162,-59.5264,29.8614,165.574,465.172,0,46
162,-59.6884,29.5363,166.067,102.21,0,46
162,-61.6309,25.2335,199.356,58.1019,0,46
162,-61.8353,24.7284,199.141,138.287,0,46
162,-62.2316,23.7134,-22.82,45.1493,0,46
162,-62.4865,23.0331,-22.82,24.071,0,46
162,-65.2828,13.1623,96.1935,700.481,0,46
162,-65.7248,10.7399,-105.5,143,0,46
162,-65.8017,10.2582,-51.8628,721.791,0,46
162,-65.7128,10.8131,272.646,315.744,0,46
162,-66.2761,6.52466,-95.1889,177.001,0,46
162,-66.4188,4.86186,295.109,1107.02,0,46
162,-66.4877,3.80465,136.911,382.031,0,46
162,-66.5232,3.12354,140.124,422.993,0,46
162,-66.2486,-6.79866,21.8254,113.433,1,46
162,-66.1497,-7.70132,30.452,38.0987,1,46
162,-66.1497,-7.70132,22.1292,94.662,1,46
162,-66.1497,-7.70132,-55.6492,389.857,1,46
162,-66.1497,-7.70132,-256.596,43.1698,1,46
162,-66.0386,-8.60256,-256.318,65.7529,1,46
162,-62.9524,-21.7277,-305.193,310.38,1,46
162,-62.6506,-22.583,77.2205,128.878,1,46
162,-62.7214,-22.3857,-305.077,140.037,1,46
162,-62.3907,-23.2916,-304.955,341.634,1,46
162,-61.8833,-24.6079,49.1419,1272.17,1,46
162,-61.5462,-25.4393,48.5659,133.547,1,46
162,-61.2565,-26.1292,48.0391,585.275,1,46
162,-60.9455,-26.8467,47.5886,460.496,1,46
162,-60.6313,-27.5488,46.9649,240.03,1,46
162,-58.4855,-31.8518,-283.069,839.401,1,46
162,-57.0968,-34.279,-209.215,107.276,1,46
162,-52.3022,-41.2259,-28.7816,208.254,1,46
162,-49.4501,-44.607,27.6487,729.968,1,46
162,-49.4547,-44.6019,-274.415,4523.88,1,46
162,-48.6553,-45.4725,27.7127,403.205,1,46
162,-48.0209,-46.142,27.7646,187.728,1,46
162,-47.4108,-46.7687,-300.536,62.2929,1,46
162,-46.1528,-48.0105,45.8347,569.889,1,46
162,-44.5355,-49.5144,-88.2663,284.603,1,46
162,-43.151,-50.7256,86.1537,1243.06,1,46
162,-41.809,-51.8373,102.842,383.959,1,46
162,-41.7686,-51.8698,-280.291,811.054,1,46
162,-37.2786,-55.1851,-296.471,933.465,1,46
162,-37.3757,-55.1194,-267.773,91.2479,1,46
162,-36.3167,-55.8228,-296.246,47.3712,1,46
162,-36.0117,-56.0201,-296.028,36.0277,1,46
162,-35.4856,-56.3548,-296.024,247.601,1,46
162,-34.355,-57.0511,29.3452,443.355,1,46
162,-30.5879,-59.1564,-290.135,399.766,1,46
162,-29.7343,-59.59,66.356,186.201,1,46
162,-29.5363,-59.6884,58.86,38.1304,1,46
162,-29.1908,-59.8581,-273.52,2773.83,1,46
162,-27.8253,-60.5049,-267.121,1523.48,1,46
162,-27.5675,-60.6228,-128.972,23.0954,1,46
162,-27.1505,-60.8107,-128.687,378.183,1,46
162,-26.3279,-61.1713,-288.54,1575.17,1,46
162,-24.1026,-62.0819,-260.862,380.324,1,46
162,-23.0793,-62.4695,-299.594,535.126,1,46
162,-21.9453,-62.8769,-230.804,2709.98,1,46
162,-12.9734,-65.3206,-189.809,294.421,1,46
162,-12.821,-65.3507,-55.8546,318.808,1,46
162,-11.2134,-65.6457,-254.717,151.003,1,46
162,-10.8999,-65.6984,-21.306,142.639,1,46
162,-8.42241,-66.0618,94.476,23.0416,1,46
162,-2.62824,-66.5446,-90.0574,163.307,1,46
162,1.66881,-66.5756,-291.016,176.17,1,46
162,2.18183,-66.5608,96.8713,655.575,1,46
162,2.88339,-66.534,-297.383,3627.45,1,46
162,8.63188,-66.0347,-200.424,832.409,1,46
162,18.3739,-64.0117,-26.1789,468.863,1,46
162,19.2151,-63.7642,-286.276,109.569,1,46
162,20.2648,-63.4384,-6.97006,211.415,1,46
162,21.7925,-62.93,-74.4671,341.186,1,46
162,22.9149,-62.53,-303.67,285.664,1,46
162,23.2035,-62.4235,-304.508,30.4529,1,46
162,23.9593,-62.1373,-239.962,733.865,1,46
162,23.7561,-62.2153,-264.309,596.362,1,46
162,23.7134,-62.2316,-265.924,6.24289,1,46
162,24.5346,-61.9124,-85.4567,7004.68,1,46
162,26.9073,-60.9187,-118.224,466.365,1,46
162,28.8835,-60.007,-269.561,66.4144,1,46
162,29.4762,-59.718,41.861,727.526,1,46
162,29.5712,-59.6711,34.1386,252.507,1,46
162,30.3179,-59.2952,33.8467,287.685,1,46
162,31.2169,-58.8269,33.5786,133.749,1,46
162,32.1473,-58.3236,-204.962,103.277,1,46
162,35.203,-56.5318,-293.21,1064.48,1,46
162,35.6836,-56.2296,-284.88,232.139,1,46
162,36.9403,-55.4122,-25.661,170.644,1,46
162,37.4471,-55.071,-26.0209,270.239,1,46
162,38.0233,-54.6747,-228.548,1737.32,1,46
162,39.7999,-53.3953,-268.777,475.258,1,46
162,47.5382,-46.6392,-33.996,22.0416,1,46
162,47.5382,-46.6392,-202.079,79.6641,1,46
162,50.1526,-43.8157,-163.626,224.982,1,46
162,50.6785,-43.2063,-302.449,165.429,1,46
162,50.605,-43.2924,-303.66,34.9324,1,46
162,50.81,-43.0516,-162.247,213.289,1,46
162,52.7783,-40.6146,-175.697,112.652,1,46
162,53.1097,-40.1802,-175.884,86.4821,1,46
162,53.3854,-39.8133,-176.036,55.2602,1,46
162,53.8815,-39.1392,-304.882,332.196,1,46
162,54.4265,-38.3778,-276.894,1776.23,1,46
162,56.0959,-35.8935,51.7277,1401.1,1,46
162,64.4646,-16.7156,-188.528,147.409,1,46
162,64.7501,-15.5729,-177.37,466.484,1,46
162,64.9997,-14.4961,23.2979,1098.51,1,46
162,65.0576,-14.234,-88.7372,702.731,1,46
162,65.497,-12.0515,26.212,141.827,1,46
162,66.2912,-6.37002,57.0207,116.612,1,46
162,66.4257,-4.76705,-280.43,257.344,1,46
162,66.5786,1.54359,-216.893,131.507,1,46
162,66.3509,5.71381,29.604,25.188,1,46
162,66.2847,6.43723,30.028,24.0677,1,46
162,65.7522,10.5707,-73.9604,1463.16,1,46
162,65.6045,11.4517,-146.611,1710.03,1,46
162,64.4433,16.7975,-95.9,34.0971,1,46
162,64.1909,17.7376,-289.76,142.421,1,46
162,59.4683,29.9768,-103.29,1634.65,1,46
162,58.9033,31.0724,-103.134,158.432,1,46
162,58.6433,31.5604,-102.583,260.019,1,46
162,58.58,31.6777,-257.31,196.191,1,46
162,58.375,32.0539,-245.231,754.126,1,46
162,58.0604,32.6202,-256.917,798.595,1,46
162,57.4366,33.7066,52.4863,251.907,1,46
162,54.0388,38.9218,-293.908,57.1143,1,46
162,53.76,39.3059,-294.332,24,1,46
162,51.2722,42.5,-60.2213,2868.14,1,46
162,51.4618,42.2703,-238.914,122.921,1,46
162,50.516,43.3962,-57.4929,697.939,1,46
162,49.8723,44.1344,-229.171,3643.8,1,46
162,48.7698,45.3497,12.5031,968.739,1,46
162,46.1362,48.0265,-242.415,222.259,1,46
162,44.4263,49.6125,-240.528,923.705,1,46
162,43.4581,50.4628,94.5189,283.497,1,46
162,41.1945,52.3269,73.5462,224.736,1,46
162,39.7912,53.4018,-277.114,304.862,1,46
162,39.4523,53.6527,67.9722,87.779,1,46
162,32.7485,57.9882,4.14106,216.414,1,46
162,31.5899,58.6274,-264.457,343.797,1,46
162,31.126,58.875,-287.656,1887.76,1,46
162,29.5915,59.661,-115.749,318.268,1,46
162,23.5531,62.2924,-132.75,471.063,1,46
162,19.1481,63.7844,-263.525,558.047,1,46
162,12.1898,65.4714,-55.0087,72.4438,1,46
162,9.20436,65.9574,-293.667,196.061,1,46
162,7.54507,66.1677,-13.4616,218.621,1,46
162,1.00103,66.589,-69.7758,814.149,1,46
162,-5.56584,66.3635,-29.3073,148.895,1,46
162,-10.9379,65.6921,-296.028,33.0416,1,46
162,-11.296,65.6315,-296.028,46.111,1,46
162,-12.4288,65.4264,-295.841,404.818,1,46
162,-13.2834,65.2583,-145.884,433.564,1,46
162,-21.1882,63.136,64.682,423.3,1,46
162,-24.9451,61.7482,18.348,260.793,1,46
162,-25.3364,61.5887,-55.2195,417.384,1,46
162,-27.8425,60.497,-265.21,199.663,1,46
162,-27.9277,60.4577,-38.9245,146.521,1,46
162,-30.5414,59.1804,89.2477,411.939,1,46
162,-32.1118,58.3432,60.98,39.0987,1,46
162,-32.749,57.9879,60.6703,416.404,1,46
162,-32.749,57.9879,-247.295,560.982,1,46
162,-40.2575,53.0512,43.1851,161.653,1,46
162,-43.9586,50.0273,101.68,159.891,1,46
162,-44.3713,49.6616,-289.571,271.177,1,46
162,-44.8657,49.2155,-229.557,115.662,1,46
162,-44.7907,49.2837,-290.342,68.4193,1,46
162,-50.8671,42.984,-280.205,232.264,1,46
162,-50.9575,42.8769,-134.267,616.48,1,46
162,-51.6547,42.0343,-262.306,1651.06,1,46
162,-52.3448,41.1718,-52.1011,847.754,1,46
162,-53.76,39.3059,-1.348,43.2635,1,46
162,-53.8477,39.1857,-298.692,116.268,1,46
162,-55.0022,37.548,-180.102,4782.44,1,46
162,-55.0241,37.5159,-286.468,1005.27,1,46
162,-55.1194,37.3757,-186.737,471,1,46
162,-55.4374,36.9024,97.7068,197.51,1,46
162,-56.0588,35.9514,86.4844,553.764,1,46
162,-60.0781,28.7352,-127.184,1383.22,1,46
162,-60.661,27.4833,77.0955,1581.12,1,46
162,-61.0808,26.5374,78.0519,121.416,1,46
162,-61.0883,26.5201,-88.1455,187.127,1,46
162,-64.0488,18.2442,-170.314,242.899,1,46
162,-64.1458,17.9002,-109.827,785.55,1,46
162,-64.1598,17.8496,-11.5325,212.817,1,46
162,-64.5919,16.2168,48.1841,395.408,1,46
162,-64.7184,15.7042,48.8786,174.404,1,46
162,-64.8104,15.3202,-227.664,442.546,1,46
162,-64.9171,14.8613,50.051,872.03,1,46
162,-65.1315,13.8919,-135.394,492.376,1,46
162,-65.5369,11.8325,-200.436,79.5515,1,46
162,-66.0156,8.77701,-20.1576,245.602,1,46
162,-66.0734,8.33042,-12.6634,1094.99,1,46
162,-66.5692,1.90666,-73.0774,214.455,1,46
162,-67.7,-0.0923182,-24.0334,249.242,0,47
162,-67.6396,-2.86082,292.043,75.39,0,47
162,-67.3403,-6.97018,208.952,429.224,0,47
162,-66.1937,-14.202,299.326,154.29,0,47
162,-60.4298,-30.5212,295.18,21.0402,0,47
162,-60.008,-31.3423,295.57,242.6,0,47
162,-58.5838,-33.93,305.78,50.0139,0,47
162,-57.6827,-35.4402,156.956,57.4039,0,47
162,-56.0859,-37.9167,-67.1332,72.6149,0,47
162,-55.8178,-38.3102,133.851,577.589,0,47
162,-55.8248,-38.3001,-67.9174,99.4993,0,47
162,-54.7707,-39.7929,136.741,964.07,0,47
162,-54.1173,-40.677,136.942,197.106,0,47
162,-52.1385,-43.1843,31.3817,488.43,0,47
162,-51.7511,-43.6477,171.631,249.795,0,47
162,-48.455,-47.2802,-25.5662,50.4633,0,47
162,-45.533,-50.1004,-48.0603,153.329,0,47
162,-37.3816,-56.444,101.836,24.0971,0,47
162,-37.0732,-56.647,101.713,137.555,0,47
162,-36.7637,-56.8484,101.932,475.042,0,47
162,-36.453,-57.048,208.411,193.056,0,47
162,-36.1414,-57.246,208.419,76.767,0,47
162,-34.7256,-58.1157,-36.388,22.1526,0,47
162,-34.7256,-58.1157,102.26,26,0,47
162,-34.7256,-58.1157,305.78,21.2079,0,47
162,-31.3423,-60.008,103.108,31.1281,0,47
162,-30.5212,-60.4298,103.108,26.0555,0,47
162,-30.5211,-60.4298,245.726,390.741,0,47
162,-29.5283,-60.9211,33.0205,81.0275,0,47
162,-29.5283,-60.9211,103.335,128.832,0,47
162,-23.4148,-63.522,-74.124,33.1509,0,47
162,-16.8971,-65.5575,253.399,58.1281,0,47
162,-16.5393,-65.6487,173.739,93.5931,0,47
162,-16.5393,-65.6487,252.78,21.0971,0,47
162,-16.181,-65.738,173.755,89.5238,0,47
162,-15.4545,-65.9125,56.4776,710.092,0,47
162,-15.463,-65.9105,173.916,48.0694,0,47
162,-15.463,-65.9105,191.864,94.115,0,47
162,-15.1032,-65.9939,191.724,30.042,0,47
162,-14.3418,-66.1636,75.3813,871.425,0,47
162,-13.391,-66.3625,256.162,1196.93,0,47
162,-11.6706,-66.6866,18.9851,328.397,0,47
162,-9.52404,-67.0268,-53.6802,120.342,0,47
162,-7.35203,-67.2997,288.829,666.511,0,47
162,-2.69699,-67.6464,257.716,431.93,0,47
162,-2.44044,-67.6561,116.36,403.486,0,47
162,-2.4122,-67.6571,149.467,318.784,0,47
162,-1.56915,-67.6819,149.748,26.1803,0,47
162,-1.19998,-67.6895,149.58,78.43,0,47
162,-0.669295,-67.6968,149.833,311.958,0,47
162,0.348828,-67.6992,281.9,621.313,0,47
162,1.24626,-67.6886,78.1874,191.529,0,47
162,2.41581,-67.657,78.3002,161.163,0,47
162,10.1817,-66.9301,154.377,361.687,0,47
162,13.1973,-66.4013,123.764,233.823,0,47
162,18.3232,-65.1733,294.662,230.767,0,47
162,23.9337,-63.3283,267.348,465.291,0,47
162,34.9431,-57.9852,169.426,256.509,0,47
162,37.7029,-56.2298,-22.7015,314.429,0,47
162,40.3241,-54.3808,227.34,45.2635,0,47
162,41.4329,-53.5408,11.0592,883.955,0,47
162,41.6931,-53.3384,159.46,837.296,0,47
162,42.0141,-53.0859,10.676,22.0139,0,47
162,44.3834,-51.1216,264.139,607.364,0,47
162,44.6161,-50.9186,86.572,61.1753,0,47
162,44.5683,-50.9604,262.108,48.2497,0,47
162,44.9398,-50.6332,262.532,69.3821,0,47
162,45.3466,-50.2692,50.2876,161.634,0,47
162,49.0025,-46.7125,-48.4794,250.683,0,47
162,49.521,-46.1624,58.588,60.3761,0,47
162,50.3369,-45.2714,99.987,638.016,0,47
162,50.3457,-45.2616,105.617,322.722,0,47
162,50.348,-45.259,304.932,25.0416,0,47
162,50.9669,-44.5609,-100.931,609.219,0,47
162,53.8782,-40.9931,-104.439,48.8527,0,47
162,57.6981,-35.4151,-39.0326,346.099,0,47
162,57.961,-34.9832,189.435,210.481,0,47
162,58.5485,-33.9909,141.338,203.98,0,47
162,58.8064,-33.5427,189.698,214.894,0,47
162,59.3759,-32.5239,302.831,587.357,0,47
162,62.789,-25.3149,-44.9987,532.182,0,47
162,62.6566,-25.6409,-71.156,79.4544,0,47
162,62.7296,-25.4617,-39.4925,641.228,0,47
162,63.4235,-23.6804,296.688,256.989,0,47
162,65.6487,-16.5393,208.888,279.142,0,47
162,65.872,-15.6265,208.875,1179.82,0,47
162,66.5089,-12.644,118.038,456.646,0,47
162,66.6555,-11.8469,117.524,22.1002,0,47
162,66.7498,-11.3032,116.689,260.628,0,47
162,66.8471,-10.7131,116.053,991.855,0,47
162,67.494,-5.27827,24.9705,375.811,0,47
162,67.5696,-4.20103,205.792,772.661,0,47
162,67.6357,-2.95211,205.716,111.281,0,47
162,67.6859,1.38459,-45.0983,53.4283,0,47
162,67.6859,1.38459,205.517,219.507,0,47
162,67.6629,2.24342,-45.1391,550.634,0,47
162,67.6665,2.13176,205.591,5848.14,0,47
162,67.6316,3.04527,-45.1532,78.9929,0,47
162,67.5325,4.76077,287.679,767.183,0,47
162,67.1841,8.34258,15.3492,152.864,0,47
162,66.848,10.7076,271.874,1136.28,0,47
162,66.3893,13.2576,288.551,673.701,0,47
162,66.2658,13.8618,280.59,1657.14,0,47
162,66.0348,14.9232,-103.184,70.5563,0,47
162,64.7445,19.7851,105.279,4014.9,0,47
162,64.4846,20.6166,58.9302,496.847,0,47
162,63.3095,23.9836,-105.465,296.637,0,47
162,60.8198,29.7365,88.166,508.45,0,47
162,60.7615,29.8554,156.871,455.732,0,47
162,60.4936,30.3945,258.811,199.137,0,47
162,60.1518,31.0656,157.22,575.395,0,47
162,60.117,31.1328,202.993,1672.27,0,47
162,56.9019,36.6807,230.357,1008.69,0,47
162,53.6997,41.2268,-46.574,296.289,0,47
162,50.8773,44.6633,202.305,8313.63,0,47
162,49.5855,46.0932,-20.5303,423.966,0,47
162,49.2293,46.4734,220.87,688.661,0,47
162,48.6266,47.1037,-55.0568,4799.84,0,47
162,48.3259,47.4121,213.125,83.6625,0,47
162,46.778,48.94,118.054,132.566,0,47
162,44.9113,50.6585,100.026,431.96,0,47
162,44.1188,51.3501,48.5064,883.376,0,47
162,42.2442,52.903,47.5063,281.822,0,47
162,42.0971,53.0202,196.854,451.268,0,47
162,39.9572,54.6509,199.044,324.263,0,47
162,39.0951,55.271,89.7275,877.979,0,47
162,37.8421,56.1363,177.468,111.192,0,47
162,37.3413,56.4706,177.459,372.299,0,47
162,33.93,58.5838,30.3183,123.308,0,47
162,33.2386,58.9788,30.1127,547.371,0,47
162,28.0478,61.6168,175.075,1331.03,0,47
162,27.5596,61.8366,123.181,476.723,0,47
162,26.7281,62.2006,122.535,278.887,0,47
162,26.1988,62.4254,121.802,430.886,0,47
162,25.8224,62.582,122.005,120.695,0,47
162,22.9309,63.6983,131.697,288.732,0,47
162,22.8207,63.7379,-98.8643,277.345,0,47
162,20.8459,64.4108,191.244,519.034,0,47
162,20.1861,64.6206,212.217,158.112,0,47
162,19.0702,64.9587,-100.2,662.533,0,47
162,18.1454,65.2231,-100.247,91.9072,0,47
162,17.0758,65.5112,162.892,26,0,47
162,15.2131,65.9687,93.7076,1796.17,0,47
162,11.2605,66.7571,301.662,217.395,0,47
162,8.76928,67.1298,267.956,416.174,0,47
162,7.46204,67.2876,305.78,9.15092,0,47
162,6.78508,67.3592,305.488,314.862,0,47
162,3.23573,67.6227,90.669,1415.3,0,47
162,0.00671882,67.7001,158.304,348.031,0,47
162,-8.20423,67.2011,284.555,371.147,0,47
162,-8.70527,67.1381,223.527,227.099,0,47
162,-14.9318,66.0329,262.362,664.258,0,47
162,-15.6003,65.8782,283.581,123.558,0,47
162,-16.4166,65.6795,299.822,3317.73,0,47
162,-16.2338,65.7249,284.171,414.033,0,47
162,-18.249,65.1942,235.548,730.699,0,47
162,-19.8001,64.7399,298.313,210.251,0,47
162,-20.253,64.5997,-94.5481,456.201,0,47
162,-20.4157,64.5484,298.652,886.807,0,47
162,-20.8304,64.4158,-95.1947,344.861,0,47
162,-21.4934,64.1976,263.847,423.991,0,47
162,-23.3116,63.56,258.228,4937.56,0,47
162,-26.2625,62.3986,-59.2069,568.696,0,47
162,-28.5096,61.4044,39.265,281.246,0,47
162,-34.2517,58.3963,233.917,176.623,0,47
162,-34.8201,58.0591,63.9969,421.877,0,47
162,-37.8699,56.1175,-101.871,730.266,0,47
162,-39.3424,55.0952,248.93,324.425,0,47
162,-40.4623,54.2781,-103.236,304.85,0,47
162,-41.5101,53.481,133.951,1211.6,0,47
162,-44.8767,50.6891,239.123,411.426,0,47
162,-46.6464,49.0655,236.981,593.107,0,47
162,-46.9759,48.7501,285.99,588.667,0,47
162,-49.3839,46.3091,63.2984,715.034,0,47
162,-51.4768,43.971,-61.9769,4398.45,0,47
162,-51.4436,44.0098,-51.7283,1350,0,47
162,-51.4436,44.0098,-41.264,46,0,47
162,-56.1363,37.8421,280.529,86.744,0,47
162,-57.0056,36.5194,209.811,999.255,0,47
162,-59.9908,31.3752,124.322,10903.5,0,47
162,-60.4564,30.4685,164.912,189.518,0,47
162,-62.2894,26.5204,78.2846,252.468,0,47
162,-63.1356,24.4377,198.606,177.037,0,47
162,-63.1969,24.2788,-22.8364,182.547,0,47
162,-66.4018,13.1947,96.1209,112.723,0,47
162,-66.787,11.0813,271.839,365.345,0,47
162,-66.9218,10.2358,-105.291,548.856,0,47
162,-67.0301,9.50131,-104.97,197.792,0,47
162,-67.1196,8.84637,-51.4874,176.707,0,47
162,-67.2022,8.19557,-51.1889,195.446,0,47
162,-67.5076,5.1023,299.338,260.06,0,47
162,-67.5549,4.43095,294.782,862.743,0,47
162,-67.5591,4.36758,136.111,261.894,0,47
162,-67.6377,2.90636,140.126,363.332,0,47
162,-67.7,-0.092322,-121.671,261.785,1,47
162,-67.3464,-6.91132,30.8997,119.7,1,47
162,-67.2243,-8.01231,-55.196,45.0278,1,47
162,-67.2243,-8.0123,-61.4071,88.7537,1,47
162,-67.0842,-9.11113,59.1097,331.183,1,47
162,-63.8002,-22.646,78.3871,789.854,1,47
162,-63.1202,-24.4773,-304.718,150.855,1,47
162,-62.675,-25.596,72.5647,80.7101,1,47
162,-62.5544,-25.8893,-304.427,538.551,1,47
162,-62.211,-26.7038,-304.284,490.245,1,47
162,-61.8779,-27.4668,-304.21,205.292,1,47
162,-61.1463,-29.0592,46.2195,1140.67,1,47
162,-60.6562,-30.0688,45.4728,583.212,1,47
162,-60.2892,-30.798,44.8758,394.392,1,47
162,-59.7938,-31.7491,44.1812,1478.89,1,47
162,-59.6639,-31.9925,-281.948,551.435,1,47
162,-58.2043,-34.5769,-208.289,920.94,1,47
162,-56.7749,-36.8769,-275.004,326.447,1,47
162,-56.3418,-37.5354,-275.252,29.0416,1,47
162,-52.6245,-42.5907,-28.06,37.1354,1,47
162,-51.6897,-43.7204,27.2927,2292.99,1,47
162,-52.3914,-42.8771,-28.2756,201.373,1,47
162,-50.5152,-45.0724,-273.072,5152.86,1,47
162,-48.1964,-47.5437,-300.064,336.54,1,47
162,-46.2118,-49.4749,46.0045,113.57,1,47
162,-42.303,-52.856,-278.855,99.85,1,47
162,-42.303,-52.856,-297.724,26.2105,1,47
162,-40.8461,-53.9898,-297.147,135.68,1,47
162,-31.3423,-60.008,-288.882,225.322,1,47
162,-29.5283,-60.9211,-266.772,30.0849,1,47
162,-23.9337,-63.3284,-260.621,45.3451,1,47
162,-23.4148,-63.522,-260.412,39.111,1,47
162,-13.66,-66.3077,-189.804,47.3989,1,47
162,-12.7546,-66.4878,-55.196,36.2236,1,47
162,-11.9693,-66.6336,-253.5,504.253,1,47
162,-9.06417,-67.0906,95.1678,961.449,1,47
162,-2.87893,-67.6389,-89.86,878.908,1,47
162,1.45929,-67.6844,-290.558,468.695,1,47
162,2.09184,-67.6678,-296.832,4820.92,1,47
162,2.06614,-67.6686,98.7699,1086.93,1,47
162,8.15233,-67.2075,-200.303,102.119,1,47
162,18.6122,-65.0914,-24.7707,689.567,1,47
162,19.2927,-64.893,-285.852,58.2896,1,47
162,20.4238,-64.5459,-6.47402,374.822,1,47
162,22.6879,-63.7853,-73.7798,367.432,1,47
162,22.9089,-63.7062,-303.026,846.245,1,47
162,23.575,-63.4628,-238.735,857.361,1,47
162,24.1292,-63.2542,-85.0581,9569.32,1,47
162,27.5676,-61.8331,-117.067,233.966,1,47
162,29.6882,-60.8434,42.5936,790.228,1,47
162,30.8002,-60.2881,-267.736,85.6517,1,47
162,32.3334,-59.4799,33.2903,429.11,1,47
162,32.9669,-59.1311,-204.868,57.2097,1,47
162,33.4496,-58.8594,32.996,23.0277,1,47
162,35.5384,-57.6223,-285.236,839.012,1,47
162,35.5246,-57.6308,-292.706,1225.88,1,47
162,38.3585,-55.7847,-67.0979,190.892,1,47
162,40.551,-54.2118,-267.87,80.4316,1,47
162,52.856,-42.303,-175.357,159.54,1,47
162,56.8484,-36.7637,51.8845,1355.62,1,47
162,57.048,-36.453,51.8735,76.607,1,47
162,60.2625,-30.8503,-235.396,31.473,1,47
162,60.4026,-30.575,-234.696,101.824,1,47
162,61.2975,-28.7387,-207.503,206.916,1,47
162,63.9613,-22.1869,-73.4077,1621.26,1,47
162,65.9284,-15.3865,-176.905,631.521,1,47
162,66.1116,-14.5795,23.5192,1063.39,1,47
162,66.0753,-14.7431,-176.884,23.2772,1,47
162,66.5415,-12.471,26.4716,276.349,1,47
162,67.4189,-6.16355,57.887,322.246,1,47
162,67.549,-4.5199,-280.534,66.4993,1,47
162,67.6914,1.08792,-215.875,388.326,1,47
162,67.6819,1.56917,-216.058,75.7976,1,47
162,67.4505,5.8085,-271.219,68.5345,1,47
162,67.3381,6.9917,30.1643,923.695,1,47
162,66.8831,10.4858,-73.0981,2774.76,1,47
162,66.7669,11.2018,-247.076,905.296,1,47
162,66.6875,11.6651,-145.718,61.4821,1,47
162,66.6229,12.0286,-145.932,25.0987,1,47
162,65.877,15.6052,-280.338,583.6,1,47
162,65.7006,16.3319,23.0785,565.301,1,47
162,65.1348,18.4598,-94.2681,1226.83,1,47
162,60.6783,30.0242,-103.077,1865.94,1,47
162,60.2293,30.915,-0.457906,344.409,1,47
162,59.1345,32.9607,-244.222,484.087,1,47
162,58.4363,34.1834,-256.652,559.215,1,47
162,58.3042,34.4081,53.1995,68.1519,1,47
162,57.9482,35.0044,53.6193,172.171,1,47
162,57.7515,35.3279,-256.236,426.85,1,47
162,55.17,39.2374,-293.514,161.834,1,47
162,52.6499,42.5593,-237.408,483.943,1,47
162,52.4182,42.8443,-61.0659,3805.29,1,47
162,51.0818,44.4292,-57.316,21.2047,1,47
162,50.8079,44.7421,-57.2221,99.4333,1,47
162,46.866,48.8557,-240.931,889.359,1,47
162,44.0749,51.3878,95.6295,828.264,1,47
162,40.3064,54.3939,68.6257,381.509,1,47
162,40.1821,54.4858,-277.372,86.2546,1,47
162,33.0732,59.0717,4.95342,1080.88,1,47
162,31.9649,59.6787,-263.052,490.242,1,47
162,31.2295,60.0668,-286.108,356.508,1,47
162,29.3958,60.9852,-114.776,118.552,1,47
162,25.5907,62.6771,-39.7253,383.277,1,47
162,24.6614,63.0485,-131.154,348.899,1,47
162,20.3995,64.5536,-261.863,114.773,1,47
162,19.9892,64.6818,-262.396,93.7806,1,47
162,9.86087,66.9781,-292.457,282.685,1,47
162,7.03767,67.3333,-12.9258,209.545,1,47
162,-1.2,67.6895,-71.732,50.2652,1,47
162,-2.30736,67.6608,-140.376,1768.58,1,47
162,-2.89448,67.6382,-140.674,1413.49,1,47
162,-5.99239,67.4344,-28.7037,838.656,1,47
162,-9.01675,67.097,-262.838,208.451,1,47
162,-10.8659,66.8224,-296.275,705.575,1,47
162,-12.5083,66.5345,-147.427,297.814,1,47
162,-12.8305,66.4732,-145.796,609.394,1,47
162,-21.3077,64.2595,64.9994,384.805,1,47
162,-25.1375,62.8602,18.5772,228.378,1,47
162,-25.6175,62.6661,-54.4774,833.324,1,47
162,-28.3601,61.4736,-265.076,24.0954,1,47
162,-28.7273,61.3029,-37.5249,260.509,1,47
162,-31.2374,60.0627,89.4695,114.444,1,47
162,-32.8107,59.2179,-245.718,392.934,1,47
162,-41.6109,53.4026,43.9059,435.275,1,47
162,-44.4287,51.0823,-287.728,266.456,1,47
162,-44.7849,50.7703,101.774,183.009,1,47
162,-46.4666,49.2357,-227.594,75.3035,1,47
162,-51.7704,43.6249,-279.513,960.981,1,47
162,-51.8393,43.543,-133.852,378.021,1,47
162,-53.3049,41.736,-52.4648,602.644,1,47
162,-53.4774,41.5147,-260.836,64.3623,1,47
162,-54.5069,40.1534,-0.417568,303.322,1,47
162,-55.5962,38.6311,-181.037,5448.55,1,47
162,-55.8708,38.233,97.9831,600.788,1,47
162,-55.6474,38.5574,-285.975,2457.55,1,47
162,-55.6151,38.604,-292.074,452,1,47
162,-56.668,37.0411,87.0066,414.699,1,47
162,-56.7376,36.9344,-260.414,224.875,1,47
162,-59.9937,31.3698,-125.558,601.457,1,47
162,-60.3464,30.6858,-125.58,41.0849,1,47
162,-60.5887,30.2044,-126.277,255.869,1,47
162,-61.9757,27.2455,-88.0385,133.103,1,47
162,-62.2674,26.5721,78.7943,600.782,1,47
162,-62.6213,25.7271,79.7712,668.007,1,47
162,-62.8502,25.1625,80.544,463.96,1,47
162,-65.0965,18.5945,-170.169,509.292,1,47
162,-65.2084,18.198,-110.129,211.368,1,47
162,-65.6077,16.7013,-8.50573,172.596,1,47
162,-65.5112,17.0758,-9.404,27.6573,1,47
162,-65.9415,15.3305,-134.794,366.345,1,47
162,-66.6064,12.1199,-200.207,364.888,1,47
162,-67.0745,9.18259,-18.7133,496.794,1,47
162,-67.1954,8.25134,-11.0042,552.945,1,47
162,-68.412,-7.20926,208.26,29.0277,0,48
162,-68.3717,-7.58228,208.543,75.3468,0,48
162,-67.2205,-14.6142,237.276,207.089,0,48
162,-65.9633,-19.5197,50.532,37.1126,0,48
162,-65.8559,-19.8791,50.3415,115.773,0,48
162,-65.603,-20.6982,249.12,372.859,0,48
162,-65.2893,-21.6675,-78.788,24.138,0,48
162,-65.0754,-22.3018,-93.0024,177.473,0,48
162,-64.9834,-22.5684,277.246,886.051,0,48
162,-63.6953,-25.9824,-22.7438,427.829,0,48
162,-61.4826,-30.8555,294.778,438.282,0,48
162,-60.2894,-33.1264,-86.9184,403.725,0,48
162,-58.3762,-36.3922,156.208,464.294,0,48
162,-56.5839,-39.1208,132.365,293.898,0,48
162,-56.397,-39.3897,-69.0319,665.332,0,48
162,-54.5706,-41.8834,137.028,48.0816,0,48
162,-53.8445,-42.8128,137.305,663.847,0,48
162,-52.7217,-44.1882,-41.7839,78.9602,0,48
162,-52.757,-44.146,29.9415,67.8171,0,48
162,-52.2054,-44.7969,-42.2796,496.448,0,48
162,-52.3941,-44.5761,-40.204,2.60617,0,48
162,-51.4576,-45.6541,-43.0628,1081.89,0,48
162,-50.8846,-46.2918,-43.6425,217.064,0,48
162,-49.0815,-48.1994,-25.7689,165.924,0,48
162,-48.3097,-48.9729,-46.0798,219.56,0,48
162,-48.0277,-49.2495,-46.3791,391.046,0,48
162,-47.4639,-49.7931,-46.9742,229.17,0,48
162,-47.0933,-50.1438,-47.2159,48.4619,0,48
162,-41.2232,-55.071,-105.5,111,0,48
162,-37.1984,-57.8658,-36.6833,1640.74,0,48
162,-36.5649,-58.2682,-36.812,45.1248,0,48
162,-35.767,-58.7614,305.78,33,0,48
162,-34.9624,-59.2436,208.26,23.0277,0,48
162,-34.2863,-59.6375,208.349,257.549,0,48
162,-30.9874,-61.4163,245.416,1807.7,0,48
162,-29.4966,-62.146,31.452,27.0849,0,48
162,-29.0685,-62.3474,31.0436,411.112,0,48
162,-28.9872,-62.3852,205.292,21.0416,0,48
162,-28.2269,-62.7329,205.292,46.0832,0,48
162,-27.6782,-62.9769,123.572,744.9,0,48
162,-27.6079,-63.0078,205.417,284.255,0,48
162,-22.6027,-64.9715,-75.2898,129.276,0,48
162,-22.0326,-65.167,-78.7276,944.647,0,48
162,-22.1319,-65.1334,-76.1006,503.326,0,48
162,-21.8654,-65.2233,64.4605,1303.04,0,48
162,-21.2468,-65.4274,-78.6947,116.895,0,48
162,-18.3321,-66.3032,-65.0148,358.67,0,48
162,-16.6394,-66.7481,251.511,251.946,0,48
162,-15.9381,-66.919,191.541,248.211,0,48
162,-15.3274,-67.0615,55.5833,239.375,0,48
162,-14.994,-67.1368,174.156,373.221,0,48
162,-14.778,-67.1847,73.8948,876.026,0,48
162,-14.3986,-67.267,255.708,1661.53,0,48
162,-14.2395,-67.3009,174.34,94.2652,0,48
162,-13.1111,-67.5298,257.031,293.723,0,48
162,-11.6682,-67.794,18.1512,70.4879,0,48
162,-11.1131,-67.8872,17.884,31.1002,0,48
162,-10.0009,-68.0599,-54.0051,74.6964,0,48
162,-9.06251,-68.1912,-70.5733,1681.77,0,48
162,-7.20925,-68.412,287.548,23.0571,0,48
162,-6.72294,-68.4615,287.278,282.716,0,48
162,-5.52816,-68.5683,148.9,23.0832,0,48
162,-3.51833,-68.7008,149.23,1818.23,0,48
162,-2.69094,-68.7382,256.878,380.804,0,48
162,-1.92643,-68.7638,115.472,290.262,0,48
162,-0.635256,-68.7879,281.003,256.786,0,48
162,0.150574,-68.7906,77.4886,630.591,0,48
162,11.3384,-67.8499,282.934,2402.19,0,48
162,13.1792,-67.5165,122.996,840.68,0,48
162,15.6469,-66.9877,-6.1232,1011.05,0,48
162,18.4378,-66.2738,293.725,53.319,0,48
162,22.5011,-65.0067,251.639,405.899,0,48
162,24.738,-64.1888,265.566,1373.31,0,48
162,25.8305,-63.757,178.38,153.278,0,48
162,26.0146,-63.6822,19.4971,107.484,0,48
162,33.7407,-59.9478,289.734,2336.37,0,48
162,34.4766,-59.5276,54.348,28.0971,0,48
162,38.625,-56.9235,-22.873,191.884,0,48
162,41.5041,-54.8596,227.284,238.617,0,48
162,41.9915,-54.4875,157.923,482.869,0,48
162,42.7246,-53.9146,10.1187,136.912,0,48
162,43.1309,-53.5901,9.84329,114.558,0,48
162,45.0053,-52.0259,261.104,438.909,0,48
162,45.3118,-51.7592,262.967,466.456,0,48
162,45.8066,-51.3218,86.6587,137.652,0,48
162,45.9459,-51.1971,49.9844,298.5,0,48
162,51.1186,-46.0333,104.639,571.781,0,48
162,51.4092,-45.7085,304.932,30.2374,0,48
162,51.9193,-45.1282,-102.454,1039.35,0,48
162,53.2355,-43.5679,35.268,35.1356,0,48
162,54.2886,-42.2483,-105.425,352.022,0,48
162,54.5183,-41.9516,-105.5,22,0,48
162,57.91,-37.1296,189.231,216.64,0,48
162,58.3678,-36.4058,189.348,302.825,0,48
162,58.4776,-36.2291,-40.3009,201.873,0,48
162,59.5785,-34.3887,140.238,156.034,0,48
162,60.2444,-33.2082,302.432,594.697,0,48
162,63.1404,-27.3031,-45.6466,900.562,0,48
162,63.5633,-26.3036,-71.3901,241.106,0,48
162,64.3368,-24.3505,296.045,1127.63,0,48
162,66.2072,-18.6755,208.832,195.022,0,48
162,68.0837,-9.83817,114.996,1978.38,0,48
162,68.2022,-8.97932,114.018,491.004,0,48
162,68.3739,-7.56173,24.086,1166.6,0,48
162,68.4224,-7.10935,205.716,56.1387,0,48
162,68.4687,-6.64931,24.244,41.2757,0,48
162,68.5416,-5.85043,205.796,230.938,0,48
162,68.5642,-5.5789,26.5144,1006.19,0,48
162,68.6986,3.56006,205.504,10896.5,0,48
162,68.6726,4.03105,215.443,1230,0,48
162,68.6306,4.69227,286.041,167.102,0,48
162,68.2261,8.79601,14.7434,149.898,0,48
162,68.078,9.8775,269.716,80.6602,0,48
162,67.4386,13.5723,278.898,566.941,0,48
162,67.3267,14.1169,287.829,910.462,0,48
162,67.2205,14.6142,-104.489,194.847,0,48
162,65.6594,20.5189,104.33,299.854,0,48
162,65.6059,20.689,57.9486,173.351,0,48
162,62.0887,29.617,87.8337,346.77,0,48
162,62.0327,29.7341,256.64,272.126,0,48
162,61.7563,30.304,257.727,564.416,0,48
162,61.2365,31.3411,202.445,2365.33,0,48
162,60.6238,32.5105,157.804,25.1281,0,48
162,60.2665,33.1681,157.814,557.261,0,48
162,58.9189,35.5069,-68.6476,156.489,0,48
162,57.5596,37.6705,229.036,23.2064,0,48
162,54.4631,42.0231,-47.1549,139.919,0,48
162,54.22,42.3364,41.991,989.804,0,48
162,52.6882,44.2281,202.454,10678.8,0,48
162,52.757,44.146,207.252,249,0,48
162,52.3941,44.5761,209.854,667,0,48
162,50.6865,46.5086,-20.7,150.525,0,48
162,49.7559,47.5028,219.251,1436.59,0,48
162,49.2595,48.0174,212.843,561.144,0,48
162,33.1232,60.2912,29.8099,166.632,0,48
162,32.2908,60.7411,29.5455,434.996,0,48
162,30.5389,61.6405,173.886,327.776,0,48
162,29.666,62.0653,174.134,183.287,0,48
162,25.6229,63.8407,120.903,941.31,0,48
162,24.0193,64.4612,119.525,585.116,0,48
162,23.4978,64.6531,-98.9113,332.148,0,48
162,22.9824,64.8381,131.174,648.282,0,48
162,20.7228,65.5953,190.694,282.066,0,48
162,18.7989,66.1723,39.7394,70.4209,0,48
162,18.4378,66.2738,161.784,119.276,0,48
162,0.464039,68.7892,305.78,76,0,48
162,-0.414976,68.7896,157.908,139.127,0,48
162,-0.435739,68.7894,305.675,346.411,0,48
162,-7.66753,68.3621,221.154,377.072,0,48
162,-7.3958,68.3921,283.732,25.2619,0,48
162,-7.97073,68.3275,283.953,433.297,0,48
162,-8.26125,68.2929,222.426,281.914,0,48
162,-15.0927,67.1147,282.036,85.236,0,48
162,-15.2517,67.0788,282.884,50.1172,0,48
162,-17.2129,66.6025,299.572,422.228,0,48
162,-18.368,66.2932,299.137,324.439,0,48
162,-18.947,66.1301,233.768,776.262,0,48
162,-19.5566,65.9524,298.025,171.983,0,48
162,-22.0321,65.1672,-96.2278,1203.58,0,48
162,-22.3008,65.0757,262.403,567.734,0,48
162,-23.0364,64.819,-96.9203,162.665,0,48
162,-23.616,64.6101,-97.6047,63.359,0,48
162,-23.7485,64.5615,257.701,3209.2,0,48
162,-26.9314,63.2999,-59.6718,392.327,0,48
162,-28.817,62.464,38.8671,66.4194,0,48
162,-41.9516,54.5182,133.036,67.3884,0,48
162,-47.5019,49.7568,290.324,66.5367,0,48
162,-49.1728,48.1063,63.6522,267.034,0,48
162,-51.9046,45.1452,-61.7791,3373.98,0,48
162,-52.9118,43.9603,302.485,544.752,0,48
162,-55.6419,40.4494,281.388,105.829,0,48
162,-56.1682,39.7153,281.284,1228.9,0,48
162,-56.5777,39.1297,244.131,718.839,0,48
162,-57.6296,37.5633,209.915,3684.17,0,48
162,-60.8272,32.1283,-27.3576,542.301,0,48
162,-60.8163,32.1488,127.254,3612.67,0,48
162,-61.2019,31.4086,164.179,790.341,0,48
162,-63.3958,26.7049,77.781,340.882,0,48
162,-64.0226,25.1652,-22.9569,192.079,0,48
162,-64.2765,24.5094,198.193,396.493,0,48
162,-67.5009,13.2592,96.084,150.283,0,48
162,-67.8416,11.3885,270.653,505.413,0,48
162,-68.2708,8.44262,-104.592,874.399,0,48
162,-68.3915,7.40127,-51.048,358.813,0,48
162,-68.4796,6.53614,-50.9389,295.495,0,48
162,-68.5171,6.13074,-96.8978,650.648,0,48
162,-68.5846,5.32261,298.735,1716.58,0,48
162,-68.6101,4.98263,135.608,400.496,0,48
162,-68.6604,4.23284,294.557,497.284,0,48
162,-68.7403,2.63607,140.03,362.374,0,48
162,-68.412,-7.20926,-59.86,44.2561,1,48
162,-67.4506,-13.5124,22.6896,71.048,1,48
162,-67.4506,-13.5124,-155.449,169.539,1,48
162,-67.4506,-13.5124,-254.802,408.938,1,48
162,-67.2205,-14.6142,22.9559,87.4405,1,48
162,-67.015,-15.5294,22.9867,129.681,1,48
162,-66.3042,-18.3285,70.9491,160.32,1,48
162,-64.9637,-22.6249,79.6029,720.594,1,48
162,-63.7236,-25.9129,73.1575,268.526,1,48
162,-62.183,-29.4185,-303.844,699.856,1,48
162,-61.6155,-30.5892,-303.541,424.319,1,48
162,-61.0803,-31.6444,-303.337,96.0712,1,48
162,-60.7968,-32.1859,-280.565,1002.8,1,48
162,-60.4611,-32.8121,-303.064,1118.31,1,48
162,-60.3028,-33.102,43.5995,825.029,1,48
162,-59.8636,-33.8899,42.932,360.696,1,48
162,-59.219,-35.004,42.1145,1474.54,1,48
162,-59.2443,-34.9612,-207.198,144.959,1,48
162,-58.4869,-36.2141,-274.143,258.316,1,48
162,-58.299,-36.5158,40.9192,113.809,1,48
162,-58.0679,-36.8821,-274.404,23.0416,1,48
162,-57.1397,-38.3044,39.523,1827.35,1,48
162,-55.3597,-40.8348,26.6691,3411.72,1,48
162,-53.2355,-43.5679,23.0709,98,1,48
162,-52.6669,-44.2535,-27.805,487.922,1,48
162,-51.4672,-45.6432,-272.041,3063.24,1,48
162,-49.1987,-48.0797,-299.456,474.922,1,48
162,-46.8957,-50.3286,-298.694,409.218,1,48
162,-45.6152,-51.492,-298.304,726.571,1,48
162,-45.6544,-51.4573,-87.683,380.909,1,48
162,-44.8742,-52.1391,89.2339,356.789,1,48
162,-44.1173,-52.781,-297.958,147.285,1,48
162,-43.2769,-53.4723,-297.61,78.3174,1,48
162,-42.7319,-53.9088,-277.849,345.542,1,48
162,-39.189,-56.5367,-87.7305,171.797,1,48
162,-38.8807,-56.7491,-265.76,352.003,1,48
162,-34.2192,-59.6759,32.0083,141.914,1,48
162,-32.2519,-60.7618,-287.559,420.839,1,48
162,-31.121,-61.3487,67.4443,284.632,1,48
162,-30.6633,-61.5787,-266.431,823.456,1,48
162,-30.7528,-61.5341,-272.042,731.04,1,48
162,-30.1359,-61.8385,59.4466,427.77,1,48
162,-29.3571,-62.212,-131.569,626.135,1,48
162,-25.8968,-63.7302,-287.725,508.613,1,48
162,-25.6542,-63.8282,-229.301,577.366,1,48
162,-24.5848,-64.2477,-228.815,103.775,1,48
162,-24.0032,-64.4672,-228.612,119.527,1,48
162,-23.1989,-64.761,-260.167,459.067,1,48
162,-21.7481,-65.2625,-299.104,541.245,1,48
162,-19.1037,-66.085,-227.368,628.223,1,48
162,-14.1669,-67.3162,-189.749,826.047,1,48
162,-12.6034,-67.6264,-252.324,701.171,1,48
162,-11.518,-67.8197,-18.5496,523.22,1,48
162,-9.51617,-68.1294,95.6562,506.553,1,48
162,-3.24332,-68.7143,-89.4253,147.844,1,48
162,1.32519,-68.778,-290.092,884.019,1,48
162,1.31269,-68.7783,-296.189,1638.29,1,48
162,1.90269,-68.7645,100.084,440.286,1,48
162,8.0498,-68.3182,-200.007,126.844,1,48
162,18.8343,-66.1622,-23.7318,432.699,1,48
162,20.6094,-65.631,-5.78538,1649.61,1,48
162,22.2009,-65.1099,-236.244,25.0555,1,48
162,22.8417,-64.8878,-302.002,1531.58,1,48
162,23.8046,-64.5408,-84.7826,9370.29,1,48
162,23.6214,-64.6081,-73.1546,331.043,1,48
162,24.0316,-64.4566,-261.33,559.196,1,48
162,28.2403,-62.7269,-115.917,432.348,1,48
162,29.8556,-61.9743,43.1607,175.188,1,48
162,31.586,-61.1106,-266.955,63.3772,1,48
162,32.1021,-60.841,-266.351,155.457,1,48
162,33.6385,-60.0052,-204.811,368.2,1,48
162,36.7236,-58.1683,-24.0034,315.718,1,48
162,47.5019,-49.7568,-33.572,66.248,1,48
162,52.6114,-44.3194,-174.878,110.909,1,48
162,52.8773,-44.0019,-174.764,29.1248,1,48
162,53.1783,-43.6376,-299.509,1073.37,1,48
162,53.2279,-43.5771,-175.041,266.34,1,48
162,53.8392,-42.8196,-159.595,991.787,1,48
162,55.5023,-40.6407,-274.717,2602.99,1,48
162,56.1705,-39.7121,-303.149,1381.85,1,48
162,57.6385,-37.5496,52.0272,1840.16,1,48
162,61.439,-30.9422,-233.579,926.95,1,48
162,62.4283,-28.8943,-207.405,643.054,1,48
162,65.0715,-22.313,-72.8906,727.284,1,48
162,66.2458,-18.5383,-188.16,170.009,1,48
162,67.1578,-14.8998,-176.15,185.049,1,48
162,67.3646,-13.9351,-88.1103,147.954,1,48
162,67.5214,-13.1541,26.5602,500.382,1,48
162,68.5479,-5.77551,58.933,299.854,1,48
162,68.6462,-4.45769,-281.182,321.249,1,48
162,68.7878,0.644547,-215.025,482.148,1,48
162,68.5354,5.9221,-270.137,234.047,1,48
162,68.4736,6.59892,-269.835,97.2792,1,48
162,68.4069,7.25766,30.3716,127.484,1,48
162,68.3139,8.08594,30.5494,867.779,1,48
162,68.0038,10.376,-72.2869,773.893,1,48
162,67.8224,11.502,-245.645,557.033,1,48
162,67.6811,12.3061,-144.822,976.655,1,48
162,66.9188,15.9388,-279.392,651.373,1,48
162,66.7055,16.8091,23.5549,595.484,1,48
162,65.9275,19.6401,-93.2618,1229.64,1,48
162,61.7239,30.3699,-102.967,2395.65,1,48
162,61.364,31.0908,1.4135,353.909,1,48
162,60.0073,33.6347,-100.394,409.67,1,48
162,59.9181,33.7935,-243.014,1395.12,1,48
162,58.6832,35.8951,54.1547,879.127,1,48
162,57.6326,37.5588,-255.655,1225.64,1,48
162,56.5432,39.1795,-292.704,155.361,1,48
162,54.6325,41.8027,-305.78,23.0416,1,48
162,53.7907,42.8805,-236.108,629.556,1,48
162,53.5735,43.1515,-61.8037,3626.96,1,48
162,51.283,45.8501,-57.094,938.334,1,48
162,47.5187,49.7408,-239.535,697.518,1,48
162,46.2465,50.9258,-237.554,160.843,1,48
162,44.5815,52.3895,97.2,525.771,1,48
162,42.8792,53.7917,74.6597,406.595,1,48
162,41.2107,55.0804,69.7186,552.157,1,48
162,40.6861,55.469,-277.944,487.64,1,48
162,32.1756,60.8022,-262.189,125.406,1,48
162,31.1049,61.3568,-284.893,418.35,1,48
162,29.4518,62.1673,-113.954,721.281,1,48
162,25.7952,63.7713,-129.571,446.465,1,48
162,10.4729,67.9889,-291.272,1225.09,1,48
162,6.46256,68.4866,-11.948,28.0277,1,48
162,6.03888,68.5252,-12.2587,82.4372,1,48
162,-2.90691,68.7294,-72.58,26.904,1,48
162,-3.42557,68.7055,-141.034,7176.75,1,48
162,-3.28173,68.7125,-77.664,322,1,48
162,-3.28173,68.7125,-147.133,408,1,48
162,-3.28173,68.7125,-151.02,22,1,48
162,-6.33346,68.4986,-28.1728,491.267,1,48
162,-8.62129,68.2484,-296.819,1267.41,1,48
162,-8.54075,68.2586,-261.115,558.749,1,48
162,-12.1494,67.7094,-146.978,122.287,1,48
162,-12.6129,67.6246,-145.677,441.171,1,48
162,-21.323,65.4026,65.5492,438.746,1,48
162,-25.3511,63.9492,18.8553,277.867,1,48
162,-25.7601,63.7855,-53.4344,265.378,1,48
162,-29.0735,62.345,-265.074,194.13,1,48
162,-29.4111,62.1865,-36.4094,267.474,1,48
162,-31.8816,60.9569,89.4544,613.441,1,48
162,-32.7737,60.4819,-244.209,612.151,1,48
162,-35.4961,58.9254,59.9298,187.49,1,48
162,-36.0464,58.5904,59.6042,99.5314,1,48
162,-43.1105,53.6065,44.906,824.703,1,48
162,-44.4476,52.5032,-286.301,635.54,1,48
162,-44.8383,52.17,-286.905,162.823,1,48
162,-47.3661,49.8862,-226.525,224.881,1,48
162,-47.6819,49.5844,-225.886,97.8362,1,48
162,-52.8194,44.0714,-133.26,456.513,1,48
162,-52.694,44.2213,-278.577,1182.77,1,48
162,-54.2294,42.3243,-52.8288,408.835,1,48
162,-54.6769,41.7446,-260.025,229.052,1,48
162,-55.3458,40.8535,-258.848,592.075,1,48
162,-55.0536,41.2465,1.24206,693.901,1,48
162,-56.0714,39.8518,98.2241,532.273,1,48
162,-56.1072,39.8015,-181.843,3701.58,1,48
162,-56.2008,39.6692,-285.252,1358.24,1,48
162,-57.321,38.0325,87.3556,106.487,1,48
162,-57.356,37.9798,-259.667,699.005,1,48
162,-60.1918,33.3034,-124.502,1536.5,1,48
162,-62.8668,27.9273,-87.9467,107.205,1,48
162,-64.1537,24.8291,81.4119,791.44,1,48
162,-64.5918,23.6658,82.8098,138.379,1,48
162,-66.1208,18.9793,-170.1,23.2896,1,48
162,-66.2752,18.4329,-110.882,1200.05,1,48
162,-66.7316,16.7053,-7.41535,3483.19,1,48
162,-66.7146,16.7731,-134.269,304.633,1,48
162,-66.8416,16.2595,-134.484,41.111,1,48
162,-67.6588,12.428,-200.065,484.462,1,48
162,-68.1235,9.55825,-17.1672,270.669,1,48
162,-68.3202,8.03263,-9.46322,2896.15,1,48
162,-68.6821,3.8651,-72.3925,212.853,1,48
162,-68.7084,3.36575,-72.7065,198.612,1,48
162,-69.4127,-8.12588,207.891,1621.65,0,49
162,-68.2094,-15.2193,297.511,102.256,0,49
162,-67.1839,-19.2476,250.105,200.068,0,49
162,-67.0375,-19.7516,50.4302,335.265,0,49
162,-66.3935,-21.8188,-79.4724,235.465,0,49
162,-66.067,-22.7883,-93.0558,238.796,0,49
162,-64.7432,-26.3147,-22.875,384.678,0,49
162,-62.8888,-30.4821,293.738,67.3484,0,49
162,-62.7216,-30.8246,294.332,43.2757,0,49
162,-61.5986,-33.0115,-88.3156,283.009,0,49
162,-57.2816,-40.0371,130.663,322.627,0,49
162,-57.0088,-40.4246,-69.7533,457.485,0,49
162,-56.3764,-41.302,-38.8171,769.063,0,49
162,-55.8755,-41.9771,-39.3697,705.329,0,49
162,-55.3868,-42.6199,-40.0153,59.6173,0,49
162,-53.8239,-44.5773,169.827,160.919,0,49
162,-53.4394,-45.0375,29.169,125.115,0,49
162,-53.1284,-45.4039,137.818,846.16,0,49
162,-52.4807,-46.1511,138.053,58.5498,0,49
162,-52.2282,-46.4366,137.876,28.0693,0,49
162,-33.0153,-61.5966,208.301,295.357,0,49
162,-31.6104,-62.3292,245.133,2721.08,0,49
162,-28.7866,-63.6827,29.7757,335.957,0,49
162,-28.0594,-64.0064,122.02,74.1183,0,49
162,-27.7099,-64.1585,121.549,53.5832,0,49
162,-27.5348,-64.2338,205.472,62.5254,0,49
162,-26.4787,-64.6763,205.475,599.121,0,49
162,-23.4405,-65.8384,-78.9677,936.255,0,49
162,-22.069,-66.3107,-76.9363,96.5515,0,49
162,-21.4715,-66.5066,-77.5873,343.117,0,49
162,-20.8788,-66.695,-78.1767,511.99,0,49
162,-18.8654,-67.2922,-65.3472,316.553,0,49
162,-16.7326,-67.854,191.161,398.591,0,49
162,-16.7036,-67.8612,250.509,304.658,0,49
162,-15.2699,-68.1981,54.6382,659.292,0,49
162,-15.3178,-68.1874,72.212,464.76,0,49
162,-14.9909,-68.26,254.806,428.274,0,49
162,-13.3055,-68.6084,174.515,196.234,0,49
162,-13.2965,-68.6102,258.164,367.838,0,49
162,-12.2201,-68.81,174.815,486.543,0,49
162,-12.792,-68.706,258.292,42.3687,0,49
162,-11.1383,-68.9934,17.0812,464.432,0,49
162,-10.3246,-69.1199,-54.4411,426.182,0,49
162,-10.1602,-69.1442,-71.58,30.071,0,49
162,-7.98977,-69.4285,148.321,238.455,0,49
162,-6.37751,-69.5951,148.668,1251.77,0,49
162,-2.49251,-69.8422,255.32,216.569,0,49
162,-1.61983,-69.8679,280.128,111.907,0,49
162,-1.23873,-69.8757,76.9843,89.9194,0,49
162,-1.0954,-69.8781,280.591,196.419,0,49
162,-0.688544,-69.8833,77.0637,815.43,0,49
162,10.1164,-69.1506,153.815,1164.93,0,49
162,10.7173,-69.0601,280.963,1232.48,0,49
162,16.7945,-67.8388,-5.76782,383.022,0,49
162,17.4428,-67.675,292.681,364.76,0,49
162,17.4865,-67.6637,-5.53244,140.681,0,49
162,25.4184,-65.1003,264.313,601.524,0,49
162,26.127,-64.8192,18.8861,71.0645,0,49
162,35.6138,-60.1316,53.2067,580.253,0,49
162,37.0088,-59.2832,167.693,142.146,0,49
162,39.5371,-57.6278,-22.82,22.2635,0,49
162,45.2435,-53.2652,259.879,105.433,0,49
162,46.7434,-51.9539,86.325,467.535,0,49
162,51.512,-47.2299,-50.1229,409.546,0,49
162,51.5902,-47.1445,97.7182,173.838,0,49
162,51.8466,-46.8624,-50.6117,69.5792,0,49
162,51.8843,-46.8206,103.65,185.343,0,49
162,52.5907,-46.0257,304.344,417.007,0,49
162,52.8651,-45.7103,-103.716,492.931,0,49
162,53.7196,-44.7029,33.8626,204.777,0,49
162,57.7272,-39.3919,188.937,850.031,0,49
162,58.3804,-38.4172,189.039,289.384,0,49
162,59.2814,-37.0116,-41.547,469.404,0,49
162,60.6026,-34.8063,139.377,1149.06,0,49
162,61.144,-33.8461,302.053,698.894,0,49
162,64.4887,-26.9326,-71.58,58.2236,0,49
162,64.5677,-26.7426,-41.0537,788.429,0,49
162,65.3024,-24.8947,295.6,945.382,0,49
162,66.6807,-20.9244,208.886,57.4683,0,49
162,67.0033,-19.8673,208.843,398.802,0,49
162,69.1983,-9.78518,23.2264,551.171,0,49
162,69.2401,-9.48468,205.897,742.717,0,49
162,69.3799,-8.40108,23.6112,247.796,0,49
162,69.4221,-8.0447,205.878,820.128,0,49
162,69.4616,-7.69691,112.53,1328.29,0,49
162,69.5596,-6.75389,111.63,294.8,0,49
162,69.6166,-6.13792,110.875,321.271,0,49
162,69.6338,-5.9402,25.7652,662.891,0,49
162,69.8664,-1.68356,-43.6992,1396.49,0,49
162,69.8839,-0.622606,-44.1153,133.581,0,49
162,69.6821,5.34345,205.376,8606.5,0,49
162,69.261,9.33073,14.2535,608.58,0,49
162,68.6254,13.2175,277.221,1173.53,0,49
162,68.3439,14.6035,-105.163,700.07,0,49
162,68.2757,14.919,287.163,421.163,0,49
162,68.1572,15.4514,286.871,182.848,0,49
162,66.7247,20.7839,57.0187,596.802,0,49
162,66.5319,21.3929,103.302,812.865,0,49
162,63.1695,29.8958,255.839,635.29,0,49
162,62.3713,31.5273,201.868,2728.93,0,49
162,60.284,35.3552,158.479,73.4391,0,49
162,59.9546,35.9109,-69.6359,1115.11,0,49
162,59.9928,35.8472,158.228,31.0555,0,49
162,58.259,38.6011,228.23,438.797,0,49
162,55.4303,42.5632,41.8662,153.076,0,49
162,54.6628,43.5446,202.549,9740.88,0,49
162,55.2703,42.7708,-47.6021,82.5393,0,49
162,54.8005,43.3711,214.474,1770,0,49
162,51.0797,47.6971,-55.5109,5538.86,0,49
162,50.4297,48.3838,218.282,2027.56,0,49
162,50.2701,48.5497,212.493,603.354,0,49
162,48.5337,50.2855,116.868,58.7187,0,49
162,47.5789,51.1899,97.6033,338.723,0,49
162,47.4251,51.3323,47.564,27.0836,0,49
162,46.8558,51.8525,47.8018,173.13,0,49
162,44.2874,54.0627,196.453,1022.91,0,49
162,44.0257,54.2761,47.3447,168.57,0,49
162,42.6149,55.3906,199.555,1299.32,0,49
162,36.632,59.5168,177.791,531.188,0,49
162,31.6486,62.3098,29.2007,1083.05,0,49
162,24.2591,65.5412,-98.9742,297.245,0,49
162,24.0303,65.6254,119.083,207,0,49
162,22.4226,66.192,117.757,2458.43,0,49
162,23.0262,65.9844,130.569,136.777,0,49
162,21.148,66.6101,211.555,139.596,0,49
162,20.6008,66.7814,190.354,95.536,0,49
162,19.4958,67.1123,39.1494,273.504,0,49
162,19.1602,67.2089,161.178,620.889,0,49
162,16.4554,67.9218,91.0072,489.088,0,49
162,16.2954,67.9604,-100.318,132.463,0,49
162,15.4883,68.1488,-100.359,547.375,0,49
162,15.6483,68.1123,-69.8677,376.934,0,49
162,12.0539,68.8393,299.981,399.29,0,49
162,10.5372,69.0878,265.26,63.6496,0,49
162,10.1602,69.1442,264.652,47.2358,0,49
162,10.005,69.1668,265.673,335.128,0,49
162,5.87942,69.6389,304.621,80.4422,0,49
162,-2.00089,69.858,305.502,292.625,0,49
162,-18.6886,67.3416,297.416,567.623,0,49
162,-19.3624,67.1509,298.698,3131.5,0,49
162,-19.3746,67.1474,232.882,1126.68,0,49
162,-22.9011,66.028,261.369,404.049,0,49
162,-24.1973,65.564,257.314,1899.75,0,49
162,-24.7068,65.3737,-99.14,39.0694,0,49
162,-25.4533,65.0867,-99.6955,248.248,0,49
162,-27.6067,64.203,-60.132,56.0416,0,49
162,-28.9412,63.6125,38.6009,373.637,0,49
162,-35.448,60.2295,63.884,310.478,0,49
162,-36.2036,59.7784,230.687,1003.35,0,49
162,-38.0723,58.6059,-102.933,854.789,0,49
162,-39.236,57.8333,-102.81,996.77,0,49
162,-42.4687,55.5028,132.555,176.548,0,49
162,-46.1645,52.469,237.956,920.935,0,49
162,-46.9261,51.789,232.878,174.332,0,49
162,-47.1445,51.5902,233.851,87.7729,0,49
162,-48.9431,49.8871,284.399,367.589,0,49
162,-49.9509,48.878,289.016,325.515,0,49
162,-52.3179,46.3356,-61.5557,5558.32,0,49
162,-53.5756,44.8755,302.093,175.469,0,49
162,-55.6561,42.2676,282.303,669.157,0,49
162,-56.5283,41.0938,281.869,53.2913,0,49
162,-57.2683,40.0561,242.817,322.455,0,49
162,-58.2552,38.6067,210.099,1084.02,0,49
162,-61.6561,32.9041,130.009,4479.13,0,49
162,-61.8897,32.4624,-27.673,359.091,0,49
162,-61.9693,32.3103,163.257,192.365,0,49
162,-64.6545,26.532,77.0396,205.425,0,49
162,-64.9304,25.8494,-22.9847,455.863,0,49
162,-65.4832,24.4153,197.777,125.872,0,49
162,-65.7101,23.7977,197.462,400.063,0,49
162,-68.5871,13.4147,96.0735,194.856,0,49
162,-68.9061,11.6662,269.726,92.3131,0,49
162,-69.4845,7.48745,-104.315,525.181,0,49
162,-69.5542,6.80932,-104.032,184.037,0,49
162,-69.6288,5.99896,-97.9951,522.661,0,49
162,-69.6676,5.52969,-50.6431,1390.35,0,49
162,-69.6607,5.61622,298.001,66.319,0,49
162,-69.6757,5.42623,135.108,77.6991,0,49
162,-69.7939,3.59971,294.156,2564.4,0,49
162,-69.8394,2.57013,139.996,256.884,0,49
162,-69.858,-2.0009,32.572,38.1199,1,49
162,-69.858,-2.00089,-66.644,21.111,1,49
162,-69.858,-2.0009,-67.7288,89.5244,1,49
162,-68.2094,-15.2193,-155.806,83.05,1,49
162,-68.2094,-15.2193,-254.476,30.2757,1,49
162,-67.9065,-16.5185,23.0702,79.7562,1,49
162,-67.6271,-17.6274,-92.508,32.0261,1,49
162,-67.2941,-18.859,23.244,72.3051,1,49
162,-66.8497,-20.3782,23.476,78.6225,1,49
162,-66.5782,-21.2485,23.7188,421.249,1,49
162,-66.29,-22.1312,23.7741,107.909,1,49
162,-66.0458,-22.8497,80.6956,210.743,1,49
162,-64.7883,-26.2036,73.845,134.795,1,49
162,-61.9228,-32.3993,-279.271,361.641,1,49
162,-60.9743,-34.1509,-302.944,340.329,1,49
162,-60.5303,-34.9319,-302.699,191.971,1,49
162,-60.5275,-34.9366,-272.865,244.817,1,49
162,-60.1139,-35.6436,-273.232,144.435,1,49
162,-60.0903,-35.6834,-302.62,112.939,1,49
162,-59.8948,-36.0107,25.9709,53.319,1,49
162,-59.7963,-36.1739,-273.556,27.0555,1,49
162,-58.6511,-38.0026,26.1101,2832.72,1,49
162,-59.5413,-36.5921,-302.373,174.332,1,49
162,-58.4194,-38.3578,-301.978,1022.85,1,49
162,-57.6744,-39.4692,-301.667,476.851,1,49
162,-57.1246,-40.2608,26.4148,326.398,1,49
162,-57.1058,-40.2875,-301.427,211.028,1,49
162,-56.543,-41.0736,-301.296,354.714,1,49
162,-56.0023,-41.8078,-301.13,491.79,1,49
162,-55.1271,-42.9552,-300.854,1363.57,1,49
162,-54.1378,-44.1956,-300.529,202.298,1,49
162,-53.2782,-45.2281,-27.502,1105.27,1,49
162,-53.3521,-45.1409,-300.268,26.1787,1,49
162,-52.9335,-45.6311,-300.206,285.289,1,49
162,-51.2028,-47.565,-299.619,88.7823,1,49
162,-50.8119,-47.9823,-299.42,22.0277,1,49
162,-50.0254,-48.8017,-299.248,1126.15,1,49
162,-48.5469,-50.2728,-298.99,162.549,1,49
162,-46.0938,-52.5311,-87.2676,887.358,1,49
162,-45.8532,-52.7412,91.0456,1144.09,1,49
162,-45.1604,-53.3356,103.139,194.269,1,49
162,-43.2018,-54.9341,-276.398,885.757,1,49
162,-39.2222,-57.8426,-87.42,23.9861,1,49
162,-34.5299,-60.7605,33.42,32.0385,1,49
162,-34.1088,-60.9979,33.8849,145.67,1,49
162,-33.0284,-61.5896,-286.297,192.472,1,49
162,-32.1056,-62.0756,-266.065,145.476,1,49
162,-31.7304,-62.2682,68.222,204.526,1,49
162,-31.3983,-62.4364,-271.553,349.972,1,49
162,-30.5826,-62.8399,-132.949,1210.67,1,49
162,-30.4183,-62.9196,59.7692,1200.29,1,49
162,-29.2878,-63.4537,-230.768,496.072,1,49
162,-28.5821,-63.7747,-230.446,94.9399,1,49
162,-27.7916,-64.1231,-230.112,1458.9,1,49
162,-26.6564,-64.6033,-229.595,77.7873,1,49
162,-25.1947,-65.1872,-286.98,655.154,1,49
162,-24.5284,-65.4409,-286.834,98.161,1,49
162,-22.187,-66.2713,-259.711,782.142,1,49
162,-20.212,-66.9001,-226.495,615.423,1,49
162,-20.2567,-66.8866,-298.828,187,1,49
162,-14.8749,-68.2854,-189.726,147.635,1,49
162,-13.4399,-68.5822,-251.176,373.831,1,49
162,-11.805,-68.8825,-17.0903,718.09,1,49
162,-9.90539,-69.1812,95.9583,236.365,1,49
162,-3.43064,-69.8024,-89.3533,247.599,1,49
162,0.369133,-69.8857,-295.63,2957.88,1,49
162,0.80657,-69.882,-289.542,267.861,1,49
162,1.73086,-69.8653,101.686,954.967,1,49
162,7.83425,-69.4462,-199.936,361.447,1,49
162,21.456,-66.5116,-235.117,314.974,1,49
162,21.8317,-66.3892,-234.605,209.474,1,49
162,22.5416,-66.1515,-300.895,111.898,1,49
162,23.3537,-65.8692,-84.3119,11154.3,1,49
162,23.2748,-65.8972,-94.8511,1205,1,49
162,23.6338,-65.7692,-91.5502,641,1,49
162,23.6338,-65.7692,-97.172,22,1,49
162,24.1896,-65.5669,-259.77,371.432,1,49
162,24.7077,-65.3734,-72.357,744.438,1,49
162,28.7559,-63.6965,-114.968,131.927,1,49
162,29.9424,-63.1475,43.9534,753.418,1,49
162,33.2286,-61.4818,-265.785,774.537,1,49
162,34.905,-60.5458,-285.852,1171.18,1,49
162,34.3641,-60.8544,-204.868,26.2497,1,49
162,35.9157,-59.9517,-291.095,1185.47,1,49
162,36.639,-59.5125,31.9776,266.376,1,49
162,36.8027,-59.4114,-23.3211,983.792,1,49
162,37.5764,-58.9251,31.6433,1246.69,1,49
162,39.9991,-57.3082,-67.068,113.569,1,49
162,42.1458,-55.7484,-266.266,552.783,1,49
162,47.9055,-50.8843,-33.148,47.0816,1,49
162,52.5983,-46.017,-174.449,172.634,1,49
162,54.9317,-43.2048,-158.53,324.227,1,49
162,55.3887,-42.6174,-158.022,194.353,1,49
162,56.0289,-41.7722,-273.664,3936.33,1,49
162,57.3563,-39.93,-302.109,924.43,1,49
162,58.2379,-38.6329,52.2122,940.971,1,49
162,62.5857,-31.0996,-232.267,591.092,1,49
162,63.5661,-29.043,-207.39,252.728,1,49
162,66.3294,-22.0126,-72.156,23.0571,1,49
162,67.1926,-19.2174,-188.176,507.102,1,49
162,68.5234,-13.7366,26.8685,335.813,1,49
162,68.561,-13.5477,24.541,1111.16,1,49
162,68.4925,-13.8901,-87.9047,245.436,1,49
162,69.6749,-5.43615,60.0485,527.699,1,49
162,69.7552,-4.28549,-281.612,25.0538,1,49
162,69.8866,0.139817,-214.349,455.459,1,49
162,69.5408,6.94493,-268.892,21.0555,1,49
162,69.3276,8.82223,30.7408,388.199,1,49
162,69.1175,10.3403,-71.7609,344.425,1,49
162,68.8809,11.8142,-244.559,190.36,1,49
162,68.7155,12.7409,-143.99,84.5343,1,49
162,67.9517,16.3316,-278.458,630.704,1,49
162,67.74,17.1886,23.9646,525.517,1,49
162,66.8337,20.4307,-92.053,419.834,1,49
162,66.5778,21.2496,-91.7525,119.212,1,49
162,62.8682,30.5244,-102.824,542.139,1,49
162,60.5951,34.8193,-241.45,380.34,1,49
162,60.4571,35.0584,-99.1817,1498.78,1,49
162,59.2976,36.9858,55.044,26.0693,1,49
162,57.7805,39.3137,-292.368,242.728,1,49
162,57.4764,39.7569,-255.05,493.769,1,49
162,55.7981,42.08,-304.793,280.701,1,49
162,55.1025,42.9868,-234.138,175.473,1,49
162,54.8478,43.3113,-234.835,95.7967,1,49
162,52.0835,46.5989,11.3912,543.554,1,49
162,51.5135,47.2283,-56.8735,1272.07,1,49
162,48.1321,50.6701,-237.751,1010.96,1,49
162,47.138,51.5962,-236.165,638.439,1,49
162,45.0422,53.4355,98.8145,794.03,1,49
162,43.7454,54.5022,75.3803,263.431,1,49
162,42.1283,55.7616,70.6046,99.1175,1,49
162,40.902,56.6672,-278.559,124.527,1,49
162,33.556,61.3037,6.30408,142.397,1,49
162,33.1962,61.4993,6.88265,70.4022,1,49
162,32.5383,61.8499,-261.228,1041.82,1,49
162,30.8631,62.7026,-283.012,310.632,1,49
162,29.1829,63.5021,-112.766,1220.74,1,49
162,26.8312,64.5309,-128.195,565.943,1,49
162,26.8934,64.505,-37.1509,919.952,1,49
162,22.0543,66.3156,-259.779,270.576,1,49
162,11.0428,69.0087,-290.158,420.647,1,49
162,5.87078,69.6397,-11.6394,82.713,1,49
162,5.04613,69.7043,-11.3258,85.5548,1,49
162,-3.49884,69.7991,-73.5974,1518.86,1,49
162,-5.42625,69.6757,-297.3,21.0277,1,49
162,-5.8062,69.6451,-297.535,67.4161,1,49
162,-6.75169,69.5598,-297.268,1007.94,1,49
162,-8.16232,69.4084,-259.939,334.088,1,49
162,-12.3147,68.7932,-145.554,654.868,1,49
162,-11.8541,68.874,-146.78,35.0291,1,49
162,-25.4184,65.1003,19.1709,96.501,1,49
162,-26.0534,64.8488,-52.7657,415.069,1,49
162,-29.6218,63.2985,-264.919,94.5637,1,49
162,-30.0502,63.0962,-35.3867,384.288,1,49
162,-32.4818,61.8796,89.5096,575.243,1,49
162,-32.8283,61.6964,-242.843,340.563,1,49
162,-37.6581,58.8729,59.114,157.054,1,49
162,-44.3102,54.044,45.6286,468.701,1,49
162,-44.7247,53.7015,-285.123,772.394,1,49
162,-44.9205,53.5378,45.9446,128.061,1,49
162,-46.4612,52.2064,101.823,431.892,1,49
162,-48.7373,50.0882,-225.154,179.101,1,49
162,-49.0793,49.7531,-224.372,45.1631,1,49
162,-53.7672,44.6457,-132.668,77.567,1,49
162,-55.2244,42.83,-53.2328,388.197,1,49
162,-55.7061,42.2017,2.28059,1074.63,1,49
162,-56.3646,41.3181,98.4944,1201.9,1,49
162,-56.6992,40.8577,-182.559,2545.24,1,49
162,-56.8608,40.6325,-284.753,2991.26,1,49
162,-56.908,40.5664,-257.612,517.949,1,49
162,-57.3874,39.8853,-296.973,329.074,1,49
162,-57.7806,39.3135,87.8388,789.266,1,49
162,-57.8934,39.1472,-258.612,162.83,1,49
162,-60.3887,35.176,-123.446,483.695,1,49
162,-60.8082,34.4458,-123.762,336.94,1,49
162,-63.8233,28.4735,-87.749,543.497,1,49
162,-65.8183,23.4968,83.5683,145.887,1,49
162,-66.0735,22.7695,84.1319,113.068,1,49
162,-66.4117,21.7632,85.4659,1402.97,1,49
162,-67.1213,19.4648,-169.81,95.2668,1,49
162,-67.3363,18.7077,-111.426,1355.17,1,49
162,-67.6271,17.6273,-133.636,32.0139,1,49
162,-67.933,16.4092,-5.7982,242.364,1,49
162,-68.0393,15.9624,-5.164,33.1958,1,49
162,-68.7186,12.7242,-199.78,58.0555,1,49
162,-69.1322,10.2413,-15.2802,640.268,1,49
162,-69.4233,8.03454,-8.44265,1244.99,1,49
162,-69.7299,4.6794,-72.1859,577.118,1,49
162,-70.9837,-0.096801,290.516,36.0416,0,50
162,-70.4657,-8.56085,207.628,386.673,0,50
162,-69.563,-14.1311,235.902,3745.43,0,50
162,-68.2962,-19.3475,50.3846,244.481,0,50
162,-67.5542,-21.7975,-80.4959,226.548,0,50
162,-67.0605,-23.272,-93.2786,394.328,0,50
162,-65.834,-26.544,-23.0599,401.67,0,50
162,-64.2099,-30.262,293.437,148.244,0,50
162,-62.9289,-32.8429,-89.1485,211.742,0,50
162,-59.9309,-38.0393,154.885,443.727,0,50
162,-57.9595,-40.9804,129.086,1189.5,0,50
162,-57.3769,-41.7923,-71.1656,814.777,0,50
162,-54.1091,-45.9446,27.8731,915.222,0,50
162,-52.3583,-47.9303,138.33,683.793,0,50
162,-51.5682,-48.7793,138.551,404.889,0,50
162,-50.7945,-49.5845,138.724,75.3728,0,50
162,-49.8498,-50.5342,-26.212,27.0971,0,50
162,-32.5188,-63.097,208.26,30.1354,0,50
162,-32.5188,-63.097,244.905,90.7213,0,50
162,-31.6555,-63.5345,208.26,40.1126,0,50
162,-20.3275,-68.011,-79.4257,67.7324,0,50
162,-17.3087,-68.8412,190.968,120.598,0,50
162,-16.5613,-69.0248,249.27,570.076,0,50
162,-15.7325,-69.2184,253.544,901.859,0,50
162,-15.7633,-69.2114,70.5502,653.348,0,50
162,-15.1895,-69.3396,53.8444,286.542,0,50
162,-12.8748,-69.8064,258.998,92.5948,0,50
162,-12.0401,-69.9552,147.769,90.1191,0,50
162,-10.058,-70.2676,147.942,1887.7,0,50
162,-10.9775,-70.1298,175.064,342.688,0,50
162,-10.7223,-70.1693,16.2791,2833.39,0,50
162,-10.6762,-70.1763,-54.7918,409.184,0,50
162,-10.7026,-70.1723,21.362,212,0,50
162,-10.1542,-70.2538,175.325,298.292,0,50
162,-5.79178,-70.7471,284.985,1873.27,0,50
162,-3.38632,-70.903,76.396,25.1265,0,50
162,-2.90084,-70.9245,76.1161,148.959,0,50
162,-2.35124,-70.9448,76.4858,116.909,0,50
162,-2.13303,-70.9517,279.712,205.582,0,50
162,-1.25819,-70.9726,113.708,44.225,0,50
162,-0.714743,-70.9802,113.233,319.084,0,50
162,10.2207,-70.2441,279.372,327.503,0,50
162,12.7418,-69.8308,121.34,72.3434,0,50
162,16.543,-69.0292,291.393,1087.32,0,50
162,17.7985,-68.7162,252.699,189.017,0,50
162,18.839,-68.4382,-5.012,31.0571,0,50
162,19.212,-68.3345,-5.012,50.2896,0,50
162,25.8174,-66.1223,263.181,53.7291,0,50
162,36.5616,-60.8436,52.4526,522.917,0,50
162,38.2083,-59.8233,166.76,883.503,0,50
162,40.7533,-58.1194,-23.2389,820.255,0,50
162,42.8273,-56.6085,155.684,36.4707,0,50
162,43.7091,-55.9304,227.231,162.858,0,50
162,44.097,-55.6252,227.218,431.003,0,50
162,45.4779,-54.5019,8.62799,895.714,0,50
162,45.5497,-54.442,258.818,713.15,0,50
162,47.2879,-52.9392,49.597,776.928,0,50
162,47.2772,-52.9487,260.653,915.984,0,50
162,47.8544,-52.4276,86.0511,109.55,0,50
162,48.2401,-52.0729,85.998,135.72,0,50
162,49.8498,-50.5341,305.356,34.0694,0,50
162,52.3589,-47.9296,96.8685,592.099,0,50
162,52.6634,-47.5949,102.684,562.894,0,50
162,52.7901,-47.4543,-51.228,23.137,0,50
162,53.015,-47.2029,-51.8845,89.3745,0,50
162,53.604,-46.5329,303.818,146.899,0,50
162,53.8958,-46.1946,-104.921,346.203,0,50
162,54.4897,-45.4925,32.817,252.237,0,50
162,56.7558,-42.6318,188.504,198.793,0,50
162,57.2879,-41.9141,188.591,200.056,0,50
162,57.7669,-41.2514,188.746,426.021,0,50
162,60.0791,-37.8047,-42.9067,427.74,0,50
162,61.6121,-35.2513,138.172,363.274,0,50
162,62.0125,-34.5419,301.487,234.51,0,50
162,63.8013,-31.1141,-46.9214,1280.59,0,50
162,65.4279,-27.5298,-71.7233,219.052,0,50
162,65.4617,-27.4493,-41.9952,623.891,0,50
162,66.2771,-25.4174,295.127,414.047,0,50
162,67.0118,-23.4118,208.852,494.904,0,50
162,67.2863,-22.6109,208.841,276.726,0,50
162,67.4916,-21.9904,208.684,23.0139,0,50
162,70.0314,-11.5888,22.6286,729.745,0,50
162,70.0971,-11.1848,205.88,658.834,0,50
162,70.7007,-6.33324,25.2863,336.669,0,50
162,70.8013,-5.08643,109.813,2416.02,0,50
162,70.8864,-3.71722,-42.9973,855.94,0,50
162,70.8778,-3.87744,108.505,139.817,0,50
162,70.9301,-2.75969,107.383,659.418,0,50
162,70.834,4.6092,283.643,1036.46,0,50
162,70.6265,7.11326,205.258,14810,0,50
162,70.4138,8.9773,267.334,66.931,0,50
162,70.352,9.44975,267.848,54.3248,0,50
162,69.7923,12.9514,275.801,1493.82,0,50
162,69.4928,14.4725,-105.5,153,0,50
162,69.1948,15.8358,290.257,100,0,50
162,67.8317,20.918,56.2321,127.812,0,50
162,67.3813,22.3263,102.095,300.24,0,50
162,63.5821,31.5596,201.253,1017.96,0,50
162,60.9234,36.4286,-70.2514,919.417,0,50
162,60.6166,36.9369,158.871,907.505,0,50
162,59.987,37.9508,159.314,169.203,0,50
162,59.6907,38.4151,159.196,116.032,0,50
162,56.8976,42.4425,202.667,7600.38,0,50
162,56.5783,42.8672,41.8445,643.628,0,50
162,55.9749,43.6521,-48.2139,305.378,0,50
162,53.1663,47.0324,-20.8417,1100.17,0,50
162,52.1228,48.1862,-55.673,3905.11,0,50
162,51.5209,48.8293,212.076,75.2913,0,50
162,50.9625,49.4118,216.369,2294.29,0,50
162,49.5734,50.8053,115.636,103.835,0,50
162,48.7965,51.5519,96.567,213.774,0,50
162,48.4292,51.8971,47.2785,147.225,0,50
162,45.5887,54.4093,196.173,582.923,0,50
162,44.919,54.9635,47.321,499.228,0,50
162,44.0347,55.6745,199.824,308.389,0,50
162,37.3766,60.3464,88.5483,369.194,0,50
162,36.7053,60.7571,88.4285,104.596,0,50
162,36.3906,60.9461,177.922,706.379,0,50
162,35.3902,61.5324,171.693,315.649,0,50
162,34.6301,61.9633,172.15,258.105,0,50
162,34.0575,62.2799,172.339,122.508,0,50
162,30.7609,63.9724,28.652,741.116,0,50
162,25.058,66.4138,-99.0304,327.837,0,50
162,23.0861,67.1247,130.182,590.688,0,50
162,21.7275,67.5767,116.581,1179.07,0,50
162,21.7951,67.555,211.134,738.165,0,50
162,20.5614,67.9406,190.051,627.897,0,50
162,20.139,68.067,115.466,1253.83,0,50
162,20.3275,68.011,38.436,62.536,0,50
162,19.9132,68.1334,160.456,805.632,0,50
162,19.3982,68.2818,114.132,31.0277,0,50
162,19.0255,68.3866,114.413,65.2791,0,50
162,17.1629,68.8777,89.7844,3810.94,0,50
162,15.6074,69.2467,-70.758,214.599,0,50
162,13.4918,69.6898,-100.401,1463.57,0,50
162,12.3865,69.8947,299.233,432.673,0,50
162,10.9951,70.1271,263.699,1531.34,0,50
162,5.70439,70.7542,304.084,25.0017,0,50
162,5.01715,70.8063,304.073,1502.83,0,50
162,4.06479,70.8673,90.0616,329.596,0,50
162,-2.99958,70.9204,304.932,55.2497,0,50
162,-14.3226,69.5238,279.916,48.1387,0,50
162,-17.9041,68.6887,-93.0308,109.928,0,50
162,-18.839,68.4382,81.06,24.459,0,50
162,-19.1213,68.3599,80.212,68.302,0,50
162,-20.1462,68.0649,231.051,399.108,0,50
162,-20.9523,67.8211,298.249,2005,0,50
162,-23.6401,66.9316,260.237,94.6453,0,50
162,-24.7454,66.5309,256.793,1365.33,0,50
162,-26.6329,65.7981,-100.162,168.11,0,50
162,-27.1809,65.5736,-100.922,593.975,0,50
162,-28.0212,65.219,-101.78,821.945,0,50
162,-28.2722,65.1105,-60.2494,266.809,0,50
162,-29.204,64.698,38.0141,340.808,0,50
162,-35.7505,61.3237,63.7695,134.898,0,50
162,-37.2374,60.4324,-102.803,62.584,0,50
162,-37.2409,60.4303,228.696,1197.95,0,50
162,-38.1614,59.8532,-102.86,388.063,0,50
162,-40.3693,58.3868,-102.614,623.297,0,50
162,-46.6637,53.4902,237.149,806.339,0,50
162,-47.2625,52.9618,231.581,2992.36,0,50
162,-48.7994,51.5492,64.4697,318.403,0,50
162,-49.2388,51.1296,64.2699,275.651,0,50
162,-51.2092,49.1561,288.82,36.2497,0,50
162,-52.0957,48.2155,288.052,1804.67,0,50
162,-52.6095,47.6544,-60.9377,8629.1,0,50
162,-54.1332,45.9162,301.631,685.893,0,50
162,-55.4621,44.3019,283.122,819.245,0,50
162,-57.9136,41.0453,241.199,3284.19,0,50
162,-59.0746,39.356,213.772,21,0,50
162,-62.4195,33.8011,135.193,15352,0,50
162,-62.9159,32.8677,-28.0452,598.867,0,50
162,-65.6911,26.8958,-22.9977,102.622,0,50
162,-65.6911,26.8958,85.5008,963,0,50
162,-66.857,23.8503,196.953,138.355,0,50
162,-69.6808,13.5383,96.0549,159.386,0,50
162,-69.9634,11.9926,268.995,336.752,0,50
162,-70.7158,6.1627,-103.68,271.617,0,50
162,-70.7304,5.99286,134.699,121.937,0,50
162,-70.7384,5.89732,297.724,23.182,0,50
162,-70.7856,5.30071,-103.508,209.04,0,50
162,-70.8593,4.20272,-50.2865,353.555,0,50
162,-70.9035,3.37433,-50.1718,318.351,0,50
162,-70.9149,3.12658,293.816,245.852,0,50
162,-70.9526,2.10378,139.938,266.567,0,50
162,-68.427,-18.8799,-253.114,160.732,1,50
162,-68.2701,-19.4395,72.7382,200.053,1,50
162,-67.0988,-23.1613,23.8738,1314.96,1,50
162,-67.2209,-22.8047,81.7268,270.381,1,50
162,-66.4455,-24.9739,24.2125,601.797,1,50
162,-65.9485,-26.2582,24.388,675.95,1,50
162,-65.8558,-26.4898,74.2452,168.06,1,50
162,-65.4421,-27.496,24.527,1061.18,1,50
162,-64.9649,-28.6052,24.5021,407.406,1,50
162,-64.6166,-29.3837,24.6987,60.3867,1,50
162,-63.0483,-32.6131,25.1933,5849.74,1,50
162,-63.1854,-32.3466,-277.987,56.5312,1,50
162,-63.008,-32.6908,-278.543,163.892,1,50
162,-62.2298,-34.1489,-271.949,453.408,1,50
162,-61.8617,-34.8114,-272.423,399.685,1,50
162,-61.399,-35.6212,-205.404,542.481,1,50
162,-53.2438,-46.9446,-26.9457,782.89,1,50
162,-51.0558,-49.3154,-298.354,665.934,1,50
162,-46.711,-53.4488,92.5386,1229.71,1,50
162,-46.5952,-53.5499,-86.8149,201.559,1,50
162,-46.1831,-53.9056,103.202,225.973,1,50
162,-40.3913,-58.3716,-263.793,455.311,1,50
162,-39.8066,-58.7719,-87.1813,1188.85,1,50
162,-34.272,-62.1621,34.5558,121.733,1,50
162,-33.979,-62.3227,35.3442,52.2374,1,50
162,-33.9823,-62.321,-265.72,122.897,1,50
162,-33.9057,-62.3627,-285.21,295.607,1,50
162,-33.2848,-62.6963,-265.784,338.632,1,50
162,-32.5735,-63.0688,-231.994,672.21,1,50
162,-32.5955,-63.0574,69.1075,130.541,1,50
162,-32.227,-63.2465,-270.764,659.745,1,50
162,-31.4924,-63.6155,-134.003,457.898,1,50
162,-31.2332,-63.7431,-231.447,120.884,1,50
162,-30.4215,-64.1345,60.2142,239.766,1,50
162,-24.6674,-66.5599,-286.54,472.377,1,50
162,-21.444,-67.6672,-259.307,1119.46,1,50
162,-21.1783,-67.7509,-225.662,468.36,1,50
162,-20.31,-68.0162,-298.567,565.805,1,50
162,-15.5373,-69.2625,-189.664,148.692,1,50
162,-14.4856,-69.4901,-249.772,614.827,1,50
162,-12.14,-69.938,-15.6108,1241.76,1,50
162,-10.419,-70.215,96.381,132.156,1,50
162,-3.73699,-70.8854,-89.059,411.389,1,50
162,-0.677506,-70.9806,-300.854,362,1,50
162,0.543095,-70.9817,-288.839,538.97,1,50
162,7.44618,-70.5922,-199.806,273.335,1,50
162,18.8987,-68.4218,-284.265,87.7268,1,50
162,19.2302,-68.3294,-21.2926,719.46,1,50
162,20.9559,-67.82,-4.58516,327.487,1,50
162,20.6981,-67.8991,-232.655,45.2913,1,50
162,22.8891,-67.1922,-83.9428,5171.07,1,50
162,22.1938,-67.425,-299.61,258.27,1,50
162,22.7002,-67.2562,-300.067,191.658,1,50
162,24.3215,-66.6871,-258.311,1254.33,1,50
162,25.438,-66.2692,-71.732,108.264,1,50
162,29.3275,-64.6421,-113.986,408.939,1,50
162,30.0868,-64.2922,44.6962,65.6714,1,50
162,33.9778,-62.3234,-286.19,147.749,1,50
162,34.8661,-61.8309,-264.156,374.007,1,50
162,34.5659,-61.9992,-286.276,26.0286,1,50
162,35.0288,-61.7389,-204.709,82.695,1,50
162,36.1036,-61.1165,-290.389,808.65,1,50
162,36.8892,-60.6456,-22.6602,297.176,1,50
162,40.8684,-58.0385,-67.068,85.4144,1,50
162,42.8695,-56.5765,-265.474,504.61,1,50
162,47.8695,-52.4139,-33.0238,655.85,1,50
162,48.0297,-52.2671,-305.78,181.333,1,50
162,52.2693,-48.0273,-173.916,28.0416,1,50
162,55.4197,-44.3549,-296.604,68.7551,1,50
162,63.7913,-31.1346,-235.378,70,1,50
162,64.7158,-29.1644,-207.323,347.638,1,50
162,67.3707,-22.3582,-71.7256,351.844,1,50
162,68.2287,-19.5844,-187.908,30.1526,1,50
162,69.4447,-14.7015,27.06,21.2112,1,50
162,69.4447,-14.7015,-175.188,28.0571,1,50
162,69.5615,-14.1387,-175.028,289.457,1,50
162,69.5936,-13.9796,-87.5459,261.026,1,50
162,70.7895,-5.24901,61.0303,188.486,1,50
162,70.9785,-0.871069,-213.348,33.0679,1,50
162,70.5886,7.48037,-268.268,127.246,1,50
162,70.5076,8.20868,-267.854,100.65,1,50
162,70.3195,9.68838,31.0835,415.517,1,50
162,70.2296,10.3197,31.3,40.0832,1,50
162,70.2275,10.3341,-71.2414,578.45,1,50
162,69.9302,12.1846,-243.494,750.505,1,50
162,69.7583,13.1331,-143.498,103.091,1,50
162,68.9886,16.7116,-277.551,166.775,1,50
162,68.7671,17.6006,24.259,203.24,1,50
162,67.5591,21.7824,-90.834,262.686,1,50
162,67.3478,22.427,-90.2656,282.683,1,50
162,64.0022,30.6987,-102.613,929.255,1,50
162,61.391,35.6348,-240.486,907.528,1,50
162,61.0829,36.1605,-98.0161,220.805,1,50
162,60.7492,36.7183,-97.5199,682.956,1,50
162,59.792,38.2572,55.6185,1046.2,1,50
162,58.9535,39.5371,-291.916,208.027,1,50
162,56.8449,42.513,-254.25,545.075,1,50
162,56.854,42.5008,-303.311,1952.12,1,50
162,56.2883,43.2472,-232.858,785.711,1,50
162,55.7708,43.9126,-253.798,1589.06,1,50
162,55.8624,43.7961,-63.2431,2358.14,1,50
162,55.0032,44.8704,-305.78,217.24,1,50
162,53.1743,47.0233,10.8477,191.639,1,50
162,51.7759,48.5588,-56.6248,436.824,1,50
162,48.8522,51.4992,-236.358,974.893,1,50
162,48.0195,52.2765,-234.574,1242.06,1,50
162,45.5929,54.4057,99.8722,83.0448,1,50
162,44.5753,55.2426,75.6228,142.135,1,50
162,42.9733,56.4977,71.4165,238.578,1,50
162,41.4251,57.6425,-279.068,26.2619,1,50
162,32.9642,62.8654,-259.935,488.498,1,50
162,29.1443,64.7249,-111.838,261.745,1,50
162,28.677,64.9333,-111.349,58.5161,1,50
162,27.9053,65.2686,-126.893,309.275,1,50
162,27.4794,65.4491,-36.1906,180.156,1,50
162,22.8373,67.2098,-258.773,1014.78,1,50
162,11.7973,69.9966,-288.663,466.11,1,50
162,4.71442,70.8271,-10.9215,149.843,1,50
162,-3.41375,70.9017,-297.981,178.259,1,50
162,-5.17079,70.7952,-141.883,12096.2,1,50
162,-5.12537,70.7985,-150.162,776,1,50
162,-8.01939,70.5294,-259.37,1001.53,1,50
162,-11.8108,69.9943,-145.82,944.851,1,50
162,-19.212,68.3345,88.742,73.5637,1,50
162,-25.6137,66.2015,19.4891,1196.83,1,50
162,-25.9976,66.0517,18.156,2.02806,1,50
162,-26.2137,65.9662,-51.6539,497.784,1,50
162,-30.2259,64.2269,-264.876,288.991,1,50
162,-30.7231,63.9905,-34.1944,711.046,1,50
162,-32.6908,63.008,-240.745,80.5082,1,50
162,-32.9852,62.8544,-241.583,156.626,1,50
162,-33.0621,62.814,89.5469,184.363,1,50
162,-40.1447,58.5414,58.213,395.066,1,50
162,-44.6305,55.198,-283.091,1251.08,1,50
162,-46.0412,54.0269,46.7428,662.577,1,50
162,-47.2407,52.9813,101.915,268.338,1,50
162,-50.6508,49.7312,-221.921,206.978,1,50
162,-54.5629,45.4047,-277.199,56.319,1,50
162,-54.7413,45.1895,-132.177,163.103,1,50
162,-56.2183,43.3382,-53.7527,897.404,1,50
162,-56.3977,43.1046,3.44445,1723.98,1,50
162,-56.6165,42.8167,98.7544,806.792,1,50
162,-57.2341,41.9876,-183.404,2968.88,1,50
162,-57.3629,41.8114,-284.027,927.689,1,50
162,-58.3261,40.4569,88.3436,619.444,1,50
162,-58.5725,40.0994,-296.231,764.069,1,50
162,-58.7381,39.8565,-255.832,346.414,1,50
162,-59.1038,39.3121,-255.192,396.404,1,50
162,-59.4951,38.7174,-254.609,498.055,1,50
162,-60.3471,37.3755,-122.175,558.401,1,50
162,-61.0805,36.1645,-122.695,109.702,1,50
162,-64.7476,29.0937,-87.6043,260.404,1,50
162,-67.6515,21.4937,86.1153,327.968,1,50
162,-67.9324,20.5885,87.3205,944.648,1,50
162,-68.1458,19.8708,-169.427,252.548,1,50
162,-68.358,19.1282,89.1635,218.902,1,50
162,-68.2818,19.3983,88.116,52.7572,1,50
162,-68.3702,19.0846,-133.489,627.825,1,50
162,-68.3888,19.0177,-111.984,645.469,1,50
162,-69.1749,15.9228,-4.22233,380.118,1,50
162,-69.7567,13.1419,-199.79,432.208,1,50
162,-70.1947,10.5548,-13.9599,363.039,1,50
162,-70.5528,7.81064,-6.7981,1026.97,1,50
162,-70.7761,5.4257,-71.9313,268.126,1,50
162,-72.0801,-0.0982907,290.234,111.313,0,51
162,-71.5046,-9.09137,207.129,351.564,0,51
162,-70.7688,-13.6871,234.755,3008.73,0,51
162,-70.4807,-15.1007,252.81,525.504,0,51
162,-69.4953,-19.13,50.532,25.2619,0,51
162,-68.6734,-21.8978,-81.119,1390.17,0,51
162,-68.3988,-22.7411,275.421,1305.79,0,51
162,-66.9269,-26.7646,-23.185,1140.26,0,51
162,-65.6033,-29.8623,292.473,153.079,0,51
162,-64.1178,-32.9312,-90.0645,838.396,0,51
162,-60.6853,-38.8953,154.167,157.419,0,51
162,-57.661,-43.2523,-72.6814,632.08,0,51
162,-55.9104,-45.4926,167.172,316.121,0,51
162,-54.7702,-46.8592,26.8004,965.774,0,51
162,-50.4639,-51.4679,-26.4694,371.292,0,51
162,-49.9114,-52.0039,139.218,733.336,0,51
162,-42.9832,-57.8619,-37.5174,507.188,0,51
162,-32.8894,-64.1392,244.536,1218.43,0,51
162,-31.4431,-64.8605,208.195,332.39,0,51
162,-28.7311,-66.1066,28.1531,272.606,0,51
162,-28.4021,-66.2486,118.745,938,0,51
162,-28.2182,-66.3271,-79.636,25.0987,0,51
162,-28.2182,-66.3271,27.636,39.1958,0,51
162,-27.0739,-66.8024,-79.6035,622.068,0,51
162,-24.0716,-67.942,205.648,1775.24,0,51
162,-20.0272,-69.2421,-80.3227,119.768,0,51
162,-20.0775,-69.2275,-65.8707,953.895,0,51
162,-18.0059,-69.795,190.606,162.157,0,51
162,-16.4822,-70.1705,248.059,829.904,0,51
162,-16.3158,-70.2093,68.9547,444.098,0,51
162,-16.4634,-70.1749,252.721,210.606,0,51
162,-15.8887,-70.3072,146.97,115.891,0,51
162,-14.9354,-70.5159,147.022,807.15,0,51
162,-15.1782,-70.464,53.2048,181.583,0,51
162,-13.6405,-70.7778,147.341,389.25,0,51
162,-12.6712,-70.9577,260.085,1624.53,0,51
162,-12.4159,-71.0028,147.417,201.465,0,51
162,-12.1705,-71.0453,-73.8415,164.737,0,51
162,-11.512,-71.155,-73.356,390.164,0,51
162,-10.928,-71.247,-55.2113,848.169,0,51
162,-10.4164,-71.3236,15.3974,175.128,0,51
162,-9.41111,-71.4632,175.417,516.405,0,51
162,-8.47468,-71.5803,175.714,262.253,0,51
162,-7.94483,-71.641,175.807,68.5132,0,51
162,-7.50224,-71.6887,175.843,239.564,0,51
162,-5.40055,-71.8776,75.3476,124.844,0,51
162,-5.06648,-71.9019,283.263,1229.69,0,51
162,-2.85141,-72.0238,279.092,909.489,0,51
162,-2.41136,-72.0399,253.343,496.529,0,51
162,-0.68797,-72.0769,112.436,38.0694,0,51
162,9.54424,-71.4455,277.639,1180.51,0,51
162,10.2648,-71.3456,153.373,1144.81,0,51
162,12.6812,-70.9559,120.815,431.357,0,51
162,15.9655,-70.2898,290.345,1084.94,0,51
162,17.9668,-69.8051,251.687,178.235,0,51
162,20.2395,-69.1803,-4.55578,888.288,0,51
162,22.5578,-68.4595,247.845,891.564,0,51
162,26.5614,-67.0078,17.6875,269.916,0,51
162,26.8509,-66.8923,261.254,1578.44,0,51
162,34.1357,-63.4847,287.514,775.528,0,51
162,37.6736,-61.4512,51.5101,353.797,0,51
162,39.2295,-60.4698,166.086,171.214,0,51
162,41.8521,-58.6852,-23.4873,244.411,0,51
162,42.6824,-58.0841,154.094,445.355,0,51
162,45.2985,-56.0679,227.178,725.28,0,51
162,45.7808,-55.6747,257.53,436.368,0,51
162,46.6227,-54.9716,7.89887,233.358,0,51
162,47.1076,-54.5566,7.44892,106.576,0,51
162,47.9443,-53.8229,49.1827,226.565,0,51
162,48.1891,-53.6038,259.544,335.04,0,51
162,49.1641,-52.711,85.7543,503.297,0,51
162,50.0957,-51.8264,303.986,1877.03,0,51
162,53.0703,-48.776,95.8071,634.429,0,51
162,53.399,-48.4159,101.453,259.417,0,51
162,54.6801,-46.9642,303.429,362.355,0,51
162,55.3026,-46.2296,31.8077,541.807,0,51
162,55.9235,-45.4765,188.169,172.19,0,51
162,57.0889,-44.0046,188.36,228.317,0,51
162,60.8146,-38.6929,-44.559,335.553,0,51
162,62.6115,-35.7122,137.349,465.901,0,51
162,62.7754,-35.4233,300.935,444.837,0,51
162,63.7315,-33.6727,-47.764,2568.28,0,51
162,66.3631,-28.1336,-71.8155,109.924,0,51
162,66.4119,-28.0181,-42.4757,394.547,0,51
162,67.2091,-26.048,294.666,1304.29,0,51
162,67.3405,-25.7062,208.814,109.853,0,51
162,67.6519,-24.8753,208.872,280.685,0,51
162,70.6874,-14.1014,21.7849,2794.51,0,51
162,70.5484,-14.7812,205.952,185.439,0,51
162,70.8307,-13.3626,205.93,632.921,0,51
162,71.6937,-7.45435,-41.9,57.3451,0,51
162,71.7427,-6.96727,-41.9,26.0261,0,51
162,71.7665,-6.71773,24.6458,437.176,0,51
162,71.8641,-5.57683,-42.3966,1054.96,0,51
162,72.0609,-1.66615,106.198,347.336,0,51
162,72.0689,-1.27761,105.228,42.1526,0,51
162,72.0748,-0.884523,105.652,21.134,0,51
162,72.0795,-0.314304,104.838,231.42,0,51
162,72.0797,0.267535,103.969,210.018,0,51
162,72.0723,1.06625,103.32,211.981,0,51
162,72.0574,1.81138,102.8,407.825,0,51
162,71.9322,4.6162,282.65,100.229,0,51
162,71.4962,9.15674,205.092,7018.11,0,51
162,71.5636,8.61436,265.968,487.433,0,51
162,71.2815,10.7005,12.8925,533.624,0,51
162,70.9776,12.5592,274.068,701.861,0,51
162,70.0153,17.1291,285.514,965.493,0,51
162,68.9191,21.112,55.6824,580.706,0,51
162,68.2746,23.1112,100.993,302.206,0,51
162,64.7404,31.6897,200.649,1665.32,0,51
162,61.9166,36.9038,-71.2931,3019.43,0,51
162,59.6163,40.5148,159.874,2071.25,0,51
162,58.9078,41.5383,202.801,14482.5,0,51
162,57.6504,43.2664,41.7866,281.739,0,51
162,56.7384,44.4557,-49.066,719.698,0,51
162,54.6326,47.0195,-21.0937,263.526,0,51
162,52.5415,49.3452,211.839,48.4006,0,51
162,51.6168,50.3116,214.956,883.821,0,51
162,50.4417,51.4897,114.929,163.92,0,51
162,50.1982,51.7271,95.052,21.0849,0,51
162,49.7356,52.1721,47.0283,117.663,0,51
162,46.8858,54.7474,195.979,228.901,0,51
162,45.666,55.7689,47.2091,765.917,0,51
162,45.343,56.0319,200.121,754.185,0,51
162,37.5051,61.5542,170.887,1164.38,0,51
162,37.0042,61.8566,88.1121,127.978,0,51
162,36.2647,62.2931,87.9558,713.112,0,51
162,36.5616,62.1193,171.372,105.501,0,51
162,35.8907,62.5093,178.145,612.454,0,51
162,29.8375,65.6146,28.484,25.1973,0,51
162,28.8909,66.0369,27.9696,478.362,0,51
162,26.0321,67.2152,-99.1313,230.252,0,51
162,23.2052,68.2428,129.709,91.4855,0,51
162,22.2691,68.5539,210.796,788.084,0,51
162,21.1156,68.918,38.236,71.4772,0,51
162,20.7918,69.0164,159.687,1078.93,0,51
162,20.539,69.092,189.604,68.224,0,51
162,17.8182,69.8432,88.4483,1075.2,0,51
162,17.8221,69.8422,113.056,182.759,0,51
162,16.2344,70.2282,111.815,3832.02,0,51
162,15.6207,70.3672,-71.9383,946.602,0,51
162,12.8419,70.927,298.14,435.144,0,51
162,11.5228,71.1532,-100.436,1123.26,0,51
162,11.851,71.0993,261.88,483.049,0,51
162,10.4791,71.3144,-100.412,32.1958,0,51
162,9.87496,71.4006,-100.589,364.134,0,51
162,4.37055,71.9476,89.7199,1331.56,0,51
162,4.44459,71.943,303.664,1295.22,0,51
162,-1.53194,72.0639,156.871,427.377,0,51
162,-6.3427,71.8006,304.009,833.717,0,51
162,-13.1116,70.8777,278.327,309.325,0,51
162,-15.7405,70.3405,83.6737,590.014,0,51
162,-16.4634,70.1749,83.18,30.0816,0,51
162,-17.3971,69.9492,82.1031,646.073,0,51
162,-17.445,69.9373,296.557,189.108,0,51
162,-17.9116,69.8193,-92.6331,1717.98,0,51
162,-17.9904,69.799,257.891,185.333,0,51
162,-18.0178,69.7919,296.85,279.761,0,51
162,-20.8457,69.0001,229.204,327.676,0,51
162,-24.3428,67.8453,259.29,601.907,0,51
162,-25.2763,67.5031,256.382,3001.73,0,51
162,-28.8632,66.049,-60.559,630.4,0,51
162,-29.12,65.9362,37.388,29.0955,0,51
162,-29.8212,65.622,-103.173,305.045,0,51
162,-30.4245,65.3445,-103.903,94.4006,0,51
162,-30.9704,65.0876,-104.455,462.753,0,51
162,-36.3856,62.2225,-102.702,2013.86,0,51
162,-36.0648,62.409,63.7196,652.286,0,51
162,-41.3113,59.0672,305.29,2916.65,0,51
162,-41.326,59.0569,-103.017,973.267,0,51
162,-43.1156,57.7633,131.576,2277.05,0,51
162,-43.4619,57.5032,246.618,293.607,0,51
162,-47.2996,54.3903,229.301,139.512,0,51
162,-47.2284,54.4521,236.673,395.195,0,51
162,-47.6433,54.0895,230.063,530.445,0,51
162,-48.3333,53.4738,64.7486,378.651,0,51
162,-49.0579,52.8099,64.524,22.0139,0,51
162,-53.0849,48.7601,-61.1194,5292.47,0,51
162,-53.0767,48.7691,-53.4645,848,0,51
162,-53.6754,48.1093,287.354,124.843,0,51
162,-54.47,47.2078,286.875,1677.85,0,51
162,-55.1565,46.4039,283.8,1617.09,0,51
162,-58.6177,41.9466,239.818,483.07,0,51
162,-59.6394,40.4809,210.266,639.828,0,51
162,-63.1968,34.6658,137.016,5470.78,0,51
162,-63.5073,34.0937,161.796,624.382,0,51
162,-63.9889,33.1809,-28.5374,1048.56,0,51
162,-66.5502,27.688,-23.244,95.2219,0,51
162,-68.1722,23.4118,196.436,771.023,0,51
162,-71.0117,12.3647,267.764,98.6991,0,51
162,-71.7854,6.51249,134.087,483.844,0,51
162,-71.8106,6.2285,297.155,93.5825,0,51
162,-71.8711,5.48686,-99.9155,997.562,0,51
162,-71.9605,4.15214,-103.126,1784.8,0,51
162,-72.0287,2.72466,293.532,361.284,0,51
162,-72.0327,2.61579,-49.9078,217.273,0,51
162,-72.0538,1.94907,-49.7242,126.025,0,51
162,-72.0515,2.03263,139.975,222.788,0,51
162,-72.0703,1.19633,-49.694,419.7,0,51
162,-72.0778,0.594145,289.668,44.0555,0,51
162,-72.0801,-0.0982999,32.996,21.2497,1,51
162,-69.2389,-20.0382,-252.951,344.365,1,51
162,-69.2231,-20.0928,73.6801,423.231,1,51
162,-68.9867,-20.8899,-252.639,343.784,1,51
162,-68.7487,-21.6604,-252.451,448.161,1,51
162,-68.3233,-22.9671,82.8275,178.512,1,51
162,-66.9495,-26.708,75.0513,487.311,1,51
162,-64.2857,-32.6022,-276.62,733.088,1,51
162,-63.9287,-33.2968,-271.079,270.482,1,51
162,-63.5582,-33.9986,-271.472,718.022,1,51
162,-62.5098,-35.8899,-204.348,136.596,1,51
162,-53.5577,-48.2403,-26.5545,1807.71,1,51
162,-51.9524,-49.9651,-297.898,259.666,1,51
162,-47.6379,-54.0942,93.9976,757.544,1,51
162,-47.4036,-54.2996,103.223,431.411,1,51
162,-47.3613,-54.3365,46.5229,467.204,1,51
162,-47.0759,-54.584,-86.572,45.1248,1,51
162,-43.9576,-57.1252,-273.122,146.443,1,51
162,-41.2629,-59.101,-262.468,368.652,1,51
162,-39.7172,-60.1506,-86.552,745.336,1,51
162,-35.7475,-62.5913,-233.196,153.763,1,51
162,-35.0998,-62.9568,-232.852,35.0416,1,51
162,-34.7531,-63.1488,-283.975,487.322,1,51
162,-34.7559,-63.1473,-232.69,65.3468,1,51
162,-34.1066,-63.5004,36.4308,1089.09,1,51
162,-33.9913,-63.5621,-232.428,73.319,1,51
162,-33.24,-63.9583,69.572,435.799,1,51
162,-33.0371,-64.0633,-270.081,389.054,1,51
162,-32.5967,-64.2885,-135.285,523.477,1,51
162,-30.8013,-65.1677,60.5576,408.576,1,51
162,-24.0519,-67.949,-285.899,845.747,1,51
162,-22.3222,-68.5367,-224.878,687.733,1,51
162,-20.7301,-69.0349,-258.957,364.23,1,51
162,-19.7762,-69.3142,-298.371,603.174,1,51
162,-16.374,-70.1958,-189.446,473.856,1,51
162,-15.3024,-70.4371,-248.371,775.881,1,51
162,-12.4198,-71.0021,-13.9895,819.062,1,51
162,-11.0591,-71.2268,97.0588,339.972,1,51
162,-4.29738,-71.952,-88.6325,176.831,1,51
162,-1.79777,-72.0578,-294.262,4583.68,1,51
162,0.253346,-72.0798,-288.428,366.191,1,51
162,7.11161,-71.7285,-199.597,331.318,1,51
162,19.4261,-69.4131,-19.6475,726.779,1,51
162,19.9407,-69.2671,-231.499,974.838,1,51
162,21.0572,-68.9358,-3.75431,514.213,1,51
162,22.2127,-68.5722,-83.518,8619.09,1,51
162,22.5169,-68.4729,-298.572,54.1526,1,51
162,24.3404,-67.8462,-256.575,770.733,1,51
162,30.0365,-65.5237,-112.776,312.782,1,51
162,30.2734,-65.4147,45.3613,201.034,1,51
162,33.8804,-63.6213,-286.544,892.084,1,51
162,35.8502,-62.5325,-204.595,319.853,1,51
162,36.2475,-62.3031,-262.86,800.744,1,51
162,36.4209,-62.2019,-289.873,5311.33,1,51
162,36.7315,-62.019,-21.9771,1096.83,1,51
162,36.4648,-62.1761,-294.939,310,1,51
162,41.7766,-58.739,-67.1128,260.333,1,51
162,42.0523,-58.542,30.3192,691.404,1,51
162,42.8616,-57.952,29.9786,395.97,1,51
162,43.7698,-57.2692,29.6031,653.621,1,51
162,43.7047,-57.3189,-264.431,1422.48,1,51
162,47.8206,-53.9328,-32.724,54.5271,1,51
162,48.3987,-53.4146,-305.655,156.736,1,51
162,52.1051,-49.8058,-173.445,1463.17,1,51
162,52.7175,-49.1571,-173.622,106.687,1,51
162,57.1549,-43.919,-271.99,1632.31,1,51
162,58.7761,-41.7243,-154.181,704.581,1,51
162,59.6428,-40.4758,-300.558,748.362,1,51
162,64.82,-31.5264,-229.503,369.682,1,51
162,65.9907,-28.9963,-207.312,470.976,1,51
162,68.4587,-22.5602,-71.1763,173.926,1,51
162,69.065,-20.6297,-187.918,272.987,1,51
162,70.4023,-15.4621,27.4436,732.39,1,51
162,70.7051,-14.0123,-174.518,281.535,1,51
162,70.7366,-13.8526,-87.278,569.908,1,51
162,70.9055,-12.9599,25.2785,132.008,1,51
162,71.0021,-12.4198,25.5502,207.34,1,51
162,71.9173,-4.84378,61.953,393.948,1,51
162,71.9779,-3.83925,-282.365,355.316,1,51
162,72.0704,-1.18806,-212.499,759.092,1,51
162,69.7497,18.1806,24.6879,390.701,1,51
162,68.2864,23.0763,-89.3713,75.4282,1,51
162,68.0934,23.6399,-88.8963,166.254,1,51
162,65.2152,30.7006,-102.429,541.913,1,51
162,62.1905,36.4404,-239.725,957.319,1,51
162,61.4552,37.6672,-96.6474,345.559,1,51
162,60.9542,38.4726,-95.5407,643.031,1,51
162,60.4044,39.3301,56.2896,254.67,1,51
162,60.171,39.6864,-290.943,480.98,1,51
162,57.8662,42.9775,-302.072,788.378,1,51
162,57.629,43.295,-231.101,159.884,1,51
162,57.4829,43.4888,-232.004,25.5819,1,51
162,57.0954,43.9962,-64.0846,3230.9,1,51
162,55.4811,46.0153,-253.204,65.1803,1,51
162,55.1989,46.3534,-305.123,570.495,1,51
162,54.9238,46.679,-252.971,209.385,1,51
162,54.4193,47.2662,-252.668,87.3484,1,51
162,54.3867,47.3037,10.524,33.2757,1,51
162,54.1279,47.5996,10.524,25.0139,1,51
162,53.6069,48.1857,-252.466,511.455,1,51
162,49.4263,52.4652,-235.155,116.635,1,51
162,48.9345,52.9242,-233.009,1246.16,1,51
162,46.2002,55.3272,101.029,673.4,1,51
162,46.106,55.4057,99.14,2.17035,1,51
162,45.3878,55.9955,76.4703,774.961,1,51
162,43.9916,57.099,72.5266,137.539,1,51
162,41.8056,58.7184,-279.267,149.331,1,51
162,33.5975,63.7712,8.44832,2494.89,1,51
162,33.1959,63.9811,-258.967,762.327,1,51
162,30.6749,65.2273,-280.258,654.072,1,51
162,29.524,65.7563,-124.558,117.014,1,51
162,28.9133,66.0271,-125.495,1039.89,1,51
162,28.7775,66.0864,-110.656,329.33,1,51
162,28.3155,66.2857,-110.088,52.1851,1,51
162,28.0623,66.3932,-35.463,553.84,1,51
162,23.7832,68.0435,-257.431,616.298,1,51
162,-0.921021,72.0743,-298.681,140.621,1,51
162,-2.52749,72.0359,-298.246,343.904,1,51
162,-6.31191,71.8033,-142.675,7891.78,1,51
162,-6.80411,71.7583,-76.1581,2059.62,1,51
162,-6.57589,71.7796,-150.134,574,1,51
162,-7.40804,71.6985,-26.9007,265.113,1,51
162,-21.3444,68.8474,66.7142,234.758,1,51
162,-25.7205,67.3351,19.7567,165.335,1,51
162,-30.9023,65.1199,-264.797,404.342,1,51
162,-31.4215,64.871,-33.037,505.284,1,51
162,-32.8998,64.1339,-240.034,769.057,1,51
162,-41.3793,59.0196,57.8771,323.173,1,51
162,-42.0937,58.5122,57.6323,218.011,1,51
162,-44.2685,56.8846,-280.764,56.2497,1,51
162,-47.4635,54.2473,47.6372,273.272,1,51
162,-51.6831,50.2435,-221.087,122.032,1,51
162,-55.5076,45.9832,-276.089,393.372,1,51
162,-57.0742,44.0238,4.58189,679.088,1,51
162,-57.1725,43.896,-54.1485,285.094,1,51
162,-57.741,43.1455,-184.218,4750.19,1,51
162,-57.8401,43.0126,-283.285,1322.2,1,51
162,-58.6421,41.9125,89.0002,838.429,1,51
162,-59.2766,41.0102,-257.421,641.003,1,51
162,-59.6766,40.426,-295.607,422.948,1,51
162,-60.0958,39.8001,-120.916,22.04,1,51
162,-60.6378,38.9693,-121.329,1197.13,1,51
162,-60.6698,38.9195,-253.794,722.08,1,51
162,-61.2033,38.075,-252.84,941.127,1,51
162,-65.7055,29.6369,-87.3725,468.359,1,51
162,-68.9681,20.9511,-132.876,264.281,1,51
162,-69.1346,20.3952,-169.099,180.332,1,51
162,-69.2269,20.0797,-133.028,149.879,1,51
162,-69.4498,19.2944,-112.796,1306.5,1,51
162,-69.9099,17.5546,91.0766,1964.99,1,51
162,-70.2173,16.2813,92.356,87.3728,1,51
162,-70.8041,13.5031,-199.61,588.234,1,51
162,-71.2309,11.0323,-12.4069,444.066,1,51
162,-71.6779,7.60496,-4.92223,1883.5,1,51
162,-71.7583,6.80463,-71.4909,872.455,1,51
162,-73.1771,-0.099791,-49.3922,97.1885,0,52
162,-71.197,-16.9082,294.244,353.866,0,52
162,-69.7558,-22.1139,-81.6191,830.062,0,52
162,-69.4501,-23.0562,274.725,457.654,0,52
162,-68.9889,-24.4014,-93.5128,501.886,0,52
162,-67.9505,-27.1595,-23.3373,584.456,0,52
162,-65.4023,-32.8245,-91.1808,149.346,0,52
162,-61.4721,-39.7,153.805,478.817,0,52
162,-58.1481,-44.4263,-73.8217,550.883,0,52
162,-56.9713,-45.9258,166.008,241.88,0,52
162,-55.4281,-47.7768,25.5504,895.235,0,52
162,-50.9945,-52.483,-26.7153,392.392,0,52
162,-47.8248,-55.3867,139.928,2562.59,0,52
162,-45.3907,-57.3985,-37.9338,1236.29,0,52
162,-33.5527,-65.0317,244.259,1727.42,0,52
162,-30.1967,-66.6563,-80.06,44.111,0,52
162,-28.8606,-67.2456,208.182,1310.83,0,52
162,-29.1641,-67.1145,-80.06,140.555,0,52
162,-27.8024,-67.69,26.0571,5521.49,0,52
162,-27.8448,-67.6725,37.6206,2707,0,52
162,-22.4402,-69.6516,205.829,372.464,0,52
162,-21.6714,-69.8946,205.805,104.147,0,52
162,-19.8779,-70.4257,146.091,405.174,0,52
162,-18.4573,-70.8112,-82.18,38.2568,0,52
162,-18.4573,-70.8112,190.452,36.2219,0,52
162,-18.0396,-70.9188,-83.0416,247.244,0,52
162,-17.8774,-70.9599,146.78,27.1772,0,52
162,-17.5212,-71.0486,-83.7425,244.318,0,52
162,-17.4901,-71.0563,146.557,150.148,0,52
162,-16.695,-71.2473,146.705,858.269,0,52
162,-16.9389,-71.1897,251.74,585.369,0,52
162,-16.4172,-71.3118,247.142,247.3,0,52
162,-15.1411,-71.5937,52.5172,523.074,0,52
162,-12.5469,-72.0935,-74.5976,370.013,0,52
162,-12.3882,-72.121,261.329,904.192,0,52
162,-11.5922,-72.2532,-55.7987,361.117,0,52
162,-9.89402,-72.5052,14.4626,342.05,0,52
162,-6.26329,-72.9087,74.7054,1110.3,0,52
162,-6.76441,-72.8639,176.032,661.016,0,52
162,-5.97307,-72.933,176.245,199.531,0,52
162,-4.96404,-73.0086,176.375,437.742,0,52
162,-4.41336,-73.044,281.862,1576.8,0,52
162,-3.85241,-73.0757,278.312,368.786,0,52
162,-2.35486,-73.1393,252.096,644.193,0,52
162,0.0968593,-73.1771,111.619,255.76,0,52
162,12.5957,-72.085,119.92,659.926,0,52
162,14.8593,-71.6527,288.915,1754.13,0,52
162,17.8445,-70.9681,250.183,177.46,0,52
162,21.857,-69.8368,-4.0383,770.171,0,52
162,22.5574,-69.6137,246.533,369.812,0,52
162,26.8325,-68.0802,17.5236,1213.48,0,52
162,27.6364,-67.7579,259.666,924.49,0,52
162,27.9115,-67.645,176.46,22.0555,0,52
162,34.3762,-64.6001,286.874,1960.86,0,52
162,38.8493,-62.0132,50.5183,1312.91,0,52
162,39.4022,-61.6633,50.108,24.0155,0,52
162,40.3151,-61.0704,165.264,444.45,0,52
162,42.9954,-59.214,153.028,307.278,0,52
162,42.9966,-59.2131,-23.5536,126.15,0,52
162,45.899,-56.9928,256.114,386.8,0,52
162,46.265,-56.6961,227.136,126.846,0,52
162,48.174,-55.0833,6.86,21.0587,0,52
162,48.6231,-54.6873,48.836,21.0418,0,52
162,49.1393,-54.2239,258.538,726.998,0,52
162,50.3073,-53.1421,85.4853,309.358,0,52
162,50.1727,-53.2691,302.418,146.851,0,52
162,50.5399,-52.9209,303.028,142.746,0,52
162,54.0516,-49.3288,100.436,460.065,0,52
162,55.1551,-48.0917,187.749,277.469,0,52
162,55.5832,-47.5963,-53.1942,146.286,0,52
162,55.6055,-47.5703,187.908,62.208,0,52
162,55.6055,-47.5703,303.011,73.6192,0,52
162,56.2489,-46.8077,188.047,192.076,0,52
162,63.5898,-36.2111,-48.5974,181.19,0,52
162,63.6236,-36.1516,300.455,275.73,0,52
162,63.7056,-36.0069,135.855,530.176,0,52
162,64.1031,-35.2944,-48.3236,904.565,0,52
162,67.1876,-28.9954,-72.0703,249.292,0,52
162,67.3024,-28.7279,-43.3839,629.669,0,52
162,67.2991,-28.7355,208.744,168.99,0,52
162,67.7172,-27.736,208.684,80.1803,0,52
162,68.0623,-26.878,208.684,53.0694,0,52
162,68.1217,-26.7271,293.945,315.912,0,52
162,70.9548,-17.8976,20.4705,220.494,0,52
162,70.9599,-17.8774,205.979,128.732,0,52
162,71.0819,-17.3857,20.6563,52.2219,0,52
162,71.2653,-16.6182,20.8374,982.464,0,52
162,71.2247,-16.7913,205.949,242.512,0,52
162,71.3646,-16.1865,205.933,182.287,0,52
162,71.499,-15.5818,21.3324,266.128,0,52
162,71.4641,-15.741,205.948,66.4683,0,52
162,72.4828,-10.0574,-41.052,139.579,0,52
162,72.6964,-8.37489,-41.4337,646.502,0,52
162,72.824,-7.18157,23.6696,217.348,0,52
162,73.1218,2.84607,101.587,1103.93,0,52
162,73.0532,4.25833,100.01,1228.34,0,52
162,72.9916,5.20807,99.0668,373.166,0,52
162,72.9342,5.95904,98.422,215.487,0,52
162,72.8153,7.26847,97.0113,1978.93,0,52
162,72.7353,8.03016,264.618,774.628,0,52
162,72.6625,8.66398,95.5371,366.854,0,52
162,72.5831,9.30567,94.7991,124.539,0,52
162,72.1828,12.0229,204.791,20132.2,0,52
162,72.2818,11.4126,12.2231,253.693,0,52
162,72.1141,12.4279,272.912,567.416,0,52
162,70.9067,18.0872,284.599,602.564,0,52
162,70.0218,21.2569,54.8406,370.854,0,52
162,69.1003,24.0843,100.096,169.146,0,52
162,65.8538,31.9089,200.169,1066.82,0,52
162,62.9649,37.287,-72.2927,142.861,0,52
162,61.324,39.9283,202.94,13546.7,0,52
162,60.7891,40.738,211.422,1025,0,52
162,59.7477,42.2506,160.459,440.795,0,52
162,59.3547,42.801,160.437,155.288,0,52
162,58.9676,43.3327,41.6666,798.599,0,52
162,57.4229,45.3598,-49.433,106.34,0,52
162,55.8625,47.2682,-21.2114,164.994,0,52
162,54.5798,48.7437,-56.077,3935.48,0,52
162,53.5794,49.8412,211.568,289.001,0,52
162,52.2356,51.2479,213.792,106.156,0,52
162,51.3018,52.1827,94.3887,117.251,0,52
162,51.3032,52.1813,114.312,168.743,0,52
162,46.4852,56.5157,47.1446,669.021,0,52
162,46.5068,56.498,200.373,435.324,0,52
162,40.9036,60.6778,169.676,31.1134,0,52
162,40.2741,61.0975,169.022,1300.61,0,52
162,39.2691,61.7482,170.272,193.376,0,52
162,36.329,63.5225,87.6409,112.749,0,52
162,35.8,63.8221,87.7204,325.42,0,52
162,35.7439,63.8536,178.237,141.313,0,52
162,35.1099,64.2044,87.5962,56.5329,0,52
162,35.0618,64.2306,178.305,309.244,0,52
162,27.6911,67.7356,27.456,458.571,0,52
162,26.9865,68.0193,-99.14,40.1942,0,52
162,23.2384,69.3893,138.508,1130,0,52
162,22.7053,69.5656,210.491,351.681,0,52
162,22.0307,69.7822,158.449,1935.65,0,52
162,20.1543,70.3471,189.048,327.287,0,52
162,15.5202,71.5124,-73.1366,750.724,0,52
162,14.3885,71.7487,110.219,113.336,0,52
162,13.3121,71.9562,109.051,626.642,0,52
162,13.1846,71.9796,297.601,663.379,0,52
162,12.5622,72.0909,260.6,569.831,0,52
162,12.2155,72.1504,108.196,24.0186,0,52
162,11.4132,72.2817,107.699,740.867,0,52
162,10.838,72.3702,106.913,317.421,0,52
162,9.93116,72.5002,106.208,809.079,0,52
162,9.49794,72.5582,-100.571,476.624,0,52
162,8.35672,72.6985,-100.58,307.97,0,52
162,6.94693,72.8467,-100.611,721.027,0,52
162,4.84294,73.0168,89.3961,662.34,0,52
162,3.74725,73.0812,303.246,225.101,0,52
162,-2.33797,73.1398,156.253,191.419,0,52
162,-5.18653,72.9932,280.07,420.388,0,52
162,-9.01416,72.6199,90.0003,1473.73,0,52
162,-10.0212,72.4878,303.016,385.113,0,52
162,-10.2436,72.4567,89.2436,127.494,0,52
162,-10.6386,72.3997,88.268,42.0694,0,52
162,-11.0333,72.3406,88.692,22.4289,0,52
162,-11.3194,72.2964,87.594,330.783,0,52
162,-11.4277,72.2794,276.524,45.1493,0,52
162,-12.2886,72.138,86.996,70.1942,0,52
162,-12.2859,72.1385,276.895,287.004,0,52
162,-14.7652,71.6721,85.3,43.0538,0,52
162,-17.0757,71.157,296.212,168.131,0,52
162,-17.8819,70.9587,-92.3732,1202.96,0,52
162,-18.3315,70.8439,256.886,69.5948,0,52
162,-21.3377,69.9972,228.375,129.341,0,52
162,-24.2515,69.0418,297.099,1519.19,0,52
162,-25.1737,68.7109,257.811,530.092,0,52
162,-25.7933,68.4807,255.83,3768.31,0,52
162,-29.5151,66.9609,-60.8535,102.732,0,52
162,-29.3805,67.0201,36.964,34.0971,0,52
162,-30.8356,66.3632,4.316,30.2635,0,52
162,-31.8909,65.8625,3.91326,742.357,0,52
162,-33.6218,64.996,-102.532,94.2852,0,52
162,-34.0547,64.7702,-102.405,72.9343,0,52
162,-34.9643,64.2837,-102.53,318.718,0,52
162,-36.279,63.5511,63.6842,428.4,0,52
162,-41.5773,60.2182,304.854,962.764,0,52
162,-42.1368,59.828,-103.258,184.623,0,52
162,-43.5095,58.8373,130.923,1527.7,0,52
162,-44.5451,58.0572,245.98,571.593,0,52
162,-47.8469,55.3676,228.405,406.808,0,52
162,-53.4002,50.0332,-60.8578,4122.48,0,52
162,-53.5331,49.891,285.004,54.0694,0,52
162,-53.9119,49.4814,285.154,103.902,0,52
162,-54.9785,48.2936,284.477,200.937,0,52
162,-55.1329,48.1172,300.501,200.45,0,52
162,-56.1389,46.9396,286.181,182.857,0,52
162,-56.5034,46.5002,285.852,36.1787,0,52
162,-57.2978,45.5177,285.266,855.84,0,52
162,-59.2345,42.9672,238.699,299.747,0,52
162,-60.2982,41.4612,210.352,1437.31,0,52
162,-63.9379,35.5927,140.35,6019.94,0,52
162,-64.2772,34.9764,161.004,203.328,0,52
162,-65.0983,33.4233,-29.1864,385.352,0,52
162,-68.0723,26.8526,75.6603,101.059,0,52
162,-69.4518,23.051,195.677,78.2791,0,52
162,-71.9117,13.5505,95.897,911.079,0,52
162,-72.0679,12.6931,267.185,620.732,0,52
162,-72.8162,7.25933,133.348,255.245,0,52
162,-72.891,6.46546,296.756,828.617,0,52
162,-72.9862,5.28371,-100.983,69.3329,0,52
162,-73.145,2.16932,-102.44,1117.06,0,52
162,-73.1458,2.14355,293.129,1128.14,0,52
162,-73.1501,1.99298,139.996,86.3778,0,52
162,-73.1619,1.49659,-102.532,32.0832,0,52
162,-73.1624,1.4705,139.806,160.892,0,52
162,-73.1649,1.34262,289.52,700.046,0,52
162,-71.197,-16.9082,-155.983,108.47,1,52
162,-70.1849,-20.7118,74.4324,285.355,1,52
162,-69.4762,-22.9774,83.6929,185.86,1,52
162,-69.4857,-22.9488,-252.113,232.4,1,52
162,-69.1667,-23.893,-251.749,401.604,1,52
162,-68.7582,-25.0443,-251.437,962.167,1,52
162,-65.8009,-32.0179,-269.941,158.458,1,52
162,-65.4503,-32.7286,-275.461,501.517,1,52
162,-65.2925,-33.0422,-280.724,395,1,52
162,-63.5219,-36.33,-203.465,379.396,1,52
162,-52.8097,-50.6561,-297.465,167.529,1,52
162,-48.6787,-54.6377,103.352,485.805,1,52
162,-48.4721,-54.8211,94.9992,1581.13,1,52
162,-47.5654,-55.6097,46.6587,429.15,1,52
162,-47.5505,-55.6224,-86.4049,456.059,1,52
162,-44.522,-58.0749,-271.994,893.2,1,52
162,-41.8909,-60.0004,-261.926,270.472,1,52
162,-40.907,-60.6755,-235.251,822.924,1,52
162,-40.2393,-61.1204,-234.972,22.0832,1,52
162,-39.8532,-61.3728,-86.0627,109.335,1,52
162,-39.9053,-61.3389,-234.972,30.2896,1,52
162,-38.7488,-62.076,-234.251,757.812,1,52
162,-36.8174,-63.2407,-264.96,489.857,1,52
162,-17.9794,-70.9341,-297.998,764.485,1,52
162,-17.2366,-71.1182,-189.423,294.878,1,52
162,-16.2293,-71.3548,-247.004,489.425,1,52
162,-11.6396,-72.2456,97.483,361.013,1,52
162,-4.53365,-73.0366,-88.4449,290.611,1,52
162,-2.73825,-73.126,-293.655,2941.05,1,52
162,0.0997935,-73.1771,-287.844,96.3761,1,52
162,19.5902,-70.5062,-230.393,318.617,1,52
162,21.2522,-70.0232,-3.044,49.2685,1,52
162,21.7336,-69.8753,-83.1159,7849.16,1,52
162,21.848,-69.8396,-297.376,317.63,1,52
162,24.5001,-68.954,-255.376,905.754,1,52
162,27.1087,-67.9707,-70.9955,766.408,1,52
162,30.1971,-66.6561,46.2192,221.597,1,52
162,30.6971,-66.4273,-111.615,294.986,1,52
162,32.933,-65.3477,-286.941,799.606,1,52
162,36.5525,-63.3942,-21.0625,538.826,1,52
162,36.713,-63.3013,-204.546,241.977,1,52
162,37.5637,-62.8002,-261.736,931.216,1,52
162,42.7475,-59.3932,-67.0478,802.362,1,52
162,44.4981,-58.0932,-263.649,122.933,1,52
162,45.7431,-57.1181,29.1464,276.516,1,52
162,46.1914,-56.7562,28.756,24.1141,1,52
162,46.7567,-56.2914,28.7432,319.892,1,52
162,47.7743,-55.4303,-32.3044,803.343,1,52
162,48.5526,-54.7499,-305.222,380.021,1,52
162,52.314,-51.1678,-173.173,769.464,1,52
162,58.1286,-44.4518,-293.36,463.543,1,52
162,60.1475,-41.6795,-153.207,319.07,1,52
162,60.3558,-41.3773,52.6282,2212.88,1,52
162,60.4934,-41.1759,-152.55,168.341,1,52
162,60.7933,-40.7318,-299.781,673.561,1,52
162,60.9,-40.5721,-152.063,92.7916,1,52
162,66.0146,-31.575,-227.904,1007.9,1,52
162,67.0999,-29.1976,-207.23,51.3573,1,52
162,67.2582,-28.8312,-207.206,90.6625,1,52
162,69.6309,-22.5042,-70.6446,900.986,1,52
162,70.0217,-21.2572,-187.855,274.603,1,52
162,71.4161,-15.9576,27.6578,557.909,1,52
162,71.8396,-13.9273,-174.064,411.762,1,52
162,72.1693,-12.1036,25.8543,190.876,1,52
162,73.0352,-4.55641,62.9607,89.5376,1,52
162,73.0804,-3.76326,-282.884,60.0789,1,52
162,73.1527,-1.89319,-211.509,77.3051,1,52
162,72.4636,10.1944,-265.228,905.039,1,52
162,72.4766,10.1016,-69.7638,676.379,1,52
162,72.1743,12.0736,31.8681,622.881,1,52
162,72.0771,12.6411,-240.762,496.21,1,52
162,71.802,14.1198,-141.77,114.525,1,52
162,71.0492,17.5191,-276.131,593.966,1,52
162,70.8112,18.4573,24.94,30.2236,1,52
162,68.8677,24.7416,-87.974,844.632,1,52
162,66.3647,30.8323,-102.263,2892.59,1,52
162,66.3632,30.8356,-108.002,360,1,52
162,63.0039,37.2212,-238.638,2160.48,1,52
162,61.5509,39.5776,-94.6989,516.804,1,52
162,61.5217,39.6231,-290.516,70.3312,1,52
162,61.2189,40.0892,-94.0348,160.485,1,52
162,60.8899,40.5872,57.0909,517.666,1,52
162,58.6988,43.6962,-230.003,2830.17,1,52
162,58.89,43.4381,-301.008,691.332,1,52
162,58.1756,44.3903,-64.7974,4600.56,1,52
162,58.1161,44.4683,-71.0044,412,1,52
162,55.5134,47.6777,10.3778,82.4821,1,52
162,54.8236,48.4693,-303.916,698.152,1,52
162,53.6682,49.7456,-252.06,1606.75,1,52
162,52.6444,50.8278,-251.601,618.336,1,52
162,52.6531,50.8188,-56.3171,109.489,1,52
162,52.249,51.2342,-56.2294,203.025,1,52
162,49.8168,53.6022,-231.387,407.584,1,52
162,46.523,56.4846,103.026,1336.72,1,52
162,46.2659,56.6954,76.9,278.144,1,52
162,44.9536,57.7414,73.466,266.195,1,52
162,42.3271,59.6936,-279.746,171.957,1,52
162,33.9121,64.845,9.39874,231.311,1,52
162,33.4893,65.0644,-257.674,537.992,1,52
162,30.6295,66.4585,-278.828,550.561,1,52
162,30.528,66.5052,-123.047,1203.65,1,52
162,30.0219,66.7352,-277.418,143.801,1,52
162,28.7953,67.2736,-34.1505,123.061,1,52
162,28.365,67.4561,-109.473,154.437,1,52
162,13.0386,72.0062,-286.108,161.197,1,52
162,9.95864,72.4964,-305.257,759.489,1,52
162,3.25868,73.1046,-9.58422,231.76,1,52
162,1.7858,73.1554,-299.212,2583.25,1,52
162,-7.28031,72.8141,-143.173,6166.94,1,52
162,-7.02674,72.8391,-256.375,775.684,1,52
162,-8.27992,72.7073,-77.2254,895.964,1,52
162,-9.2547,72.5896,-77.8328,159.174,1,52
162,-9.65048,72.5381,-78.092,31.094,1,52
162,-11.4924,72.2691,-145.316,1043.92,1,52
162,-25.93,68.4291,20.0212,311.135,1,52
162,-26.6039,68.1699,-49.9752,523.258,1,52
162,-31.5124,66.0445,-264.722,246.145,1,52
162,-32.1707,65.7263,-31.7019,219.379,1,52
162,-32.707,65.4611,-238.04,157.898,1,52
162,-43.3349,58.966,57.2523,265.267,1,52
162,-44.0661,58.4216,56.9779,146.372,1,52
162,-44.3551,58.2025,-279.445,753.992,1,52
162,-48.9163,54.4252,101.982,350.739,1,52
162,-49.1521,54.2123,48.5602,202.599,1,52
162,-56.458,46.5553,-275.418,212.673,1,52
162,-56.6489,46.3228,-131.28,410.637,1,52
162,-56.7562,46.1913,99.2506,84.3051,1,52
162,-57.1322,45.7254,99.3401,80.5271,1,52
162,-57.692,45.017,5.67348,231.575,1,52
162,-58.0856,44.5081,-185.444,6297.59,1,52
162,-58.0982,44.4915,-54.517,308.192,1,52
162,-58.3736,44.1296,-282.695,1038.41,1,52
162,-59.19,43.0285,89.2823,177.669,1,52
162,-60.206,41.5949,-119.828,3078.19,1,52
162,-59.886,42.0544,-256.727,107.47,1,52
162,-60.8589,40.6337,-295.253,495.021,1,52
162,-62.6131,37.8747,-251.651,83.2482,1,52
162,-63.2695,36.7679,-250.595,1084.04,1,52
162,-66.6094,30.3001,-87.2132,281.057,1,52
162,-69.7603,22.0999,-132.602,59.465,1,52
162,-69.9078,21.6288,-132.364,114.286,1,52
162,-70.1227,20.9214,-168.855,292.255,1,52
162,-70.505,19.5946,-113.399,507.423,1,52
162,-71.3599,16.2071,92.9217,597.474,1,52
162,-71.5749,15.2293,93.7181,242.149,1,52
162,-71.7631,14.3164,95.0181,839.684,1,52
162,-71.8647,13.7972,-199.51,300.77,1,52
162,-71.8668,13.7865,96.172,21.0971,1,52
162,-72.2565,11.5715,-10.9498,785.774,1,52
162,-72.7424,7.96529,-71.0756,241.066,1,52
162,-72.7803,7.61137,-3.90495,258.708,1,52
162,-73.0723,3.9166,34.3877,911.103,1,52
162,-74.2034,-3.21991,-48.8454,162.808,0,53
162,-74.1686,-3.94077,-48.5346,351.038,0,53
162,-73.816,-8.22819,256.611,534.516,0,53
162,-73.6956,-9.24476,256.109,1331.74,0,53
162,-73.5328,-10.4614,206.084,535.649,0,53
162,-73.5472,-10.3596,255.508,200.176,0,53
162,-73.1437,-12.9039,232.933,1742.5,0,53
162,-70.913,-22.0875,-82.4944,175.971,0,53
162,-69.9825,-24.8789,-93.5779,1157.02,0,53
162,-68.9901,-27.5113,-23.5028,205.177,0,53
162,-66.8156,-32.4374,-92.7084,399.457,0,53
162,-62.3241,-40.4007,153.221,432.128,0,53
162,-58.0542,-46.3273,164.932,309.171,0,53
162,-55.9598,-48.8366,24.0005,362.051,0,53
162,-51.2897,-53.7203,-26.9481,914.693,0,53
162,-48.6436,-56.1276,-38.2152,77.6103,0,53
162,-47.5578,-57.0505,-38.1447,1010.87,0,53
162,-45.9897,-58.322,140.625,263.87,0,53
162,-45.4093,-58.775,140.711,101.614,0,53
162,-44.2888,-59.6239,141.006,807.154,0,53
162,-43.2824,-60.3585,141.268,58.3451,0,53
162,-42.8499,-60.6663,141.427,73.8206,0,53
162,-42.2394,-61.0929,141.457,676.189,0,53
162,-41.5093,-61.5913,141.692,143.666,0,53
162,-40.4055,-62.321,141.815,854.976,0,53
162,-34.2356,-65.9123,243.885,2285.08,0,53
162,-31.481,-67.2715,-80.2343,75.4561,0,53
162,-26.4517,-69.4033,144.896,2625.66,0,53
162,-27.9282,-68.8224,25.4391,315.109,0,53
162,-27.5152,-68.9886,208.162,211.205,0,53
162,-27.4424,-69.0176,24.6078,172.168,0,53
162,-25.9434,-69.5949,208.11,536.449,0,53
162,-23.6008,-70.4238,145.503,295.564,0,53
162,-22.079,-70.9156,145.768,1498.14,0,53
162,-21.4408,-71.1112,-66.5236,1655.84,0,53
162,-20.9694,-71.2516,205.837,704.595,0,53
162,-19.8545,-71.5703,205.849,81.5511,0,53
162,-17.7652,-72.1173,250.582,343.941,0,53
162,-16.7619,-72.3571,-84.9944,965.83,0,53
162,-17.3135,-72.2271,65.9987,504.318,0,53
162,-16.4185,-72.4358,245.981,520.762,0,53
162,-14.826,-72.7784,51.4891,443.946,0,53
162,-13.7627,-72.987,-75.6941,88.3726,0,53
162,-13.3283,-73.0675,-74.972,68.4674,0,53
162,-11.8866,-73.3159,-56.1577,167.952,0,53
162,-11.3988,-73.3933,262.108,23.0139,0,53
162,-8.30139,-73.8078,73.7565,168.733,0,53
162,-7.53593,-73.8899,74.2443,734.579,0,53
162,-4.70008,-74.1243,277.692,596.294,0,53
162,-4.19306,-74.1547,176.604,557.626,0,53
162,-3.75799,-74.1781,280.548,1716.14,0,53
162,-3.14075,-74.2068,176.782,482.03,0,53
162,-1.89471,-74.249,177.023,539.495,0,53
162,-2.26151,-74.2388,250.975,344.421,0,53
162,0.599457,-74.2708,110.792,467.818,0,53
162,8.38785,-73.798,274.611,97.7718,0,53
162,8.89948,-73.7381,275.022,77.4125,0,53
162,10.397,-73.5419,152.875,57.6006,0,53
162,12.3007,-73.2475,119.14,363.247,0,53
162,14.2874,-72.8861,287.925,609.644,0,53
162,22.5291,-70.7739,245.058,221.79,0,53
162,23.4872,-70.4618,-3.60077,232.685,0,53
162,27.1047,-69.1509,16.9448,382.25,0,53
162,28.2791,-68.679,258.563,2821.85,0,53
162,28.516,-68.5809,175.926,326.527,0,53
162,34.449,-65.801,286.049,351.362,0,53
162,40.0768,-62.5328,49.4492,130.133,0,53
162,41.4155,-61.6544,164.348,239.153,0,53
162,43.1004,-60.4886,151.629,371.395,0,53
162,43.9147,-59.9,-23.668,65.5376,0,53
162,46.0506,-58.2739,254.901,1469.68,0,53
162,47.5585,-57.0499,227.09,786.738,0,53
162,49.0478,-55.7747,48.836,21.1805,0,53
162,49.6551,-55.2348,6.17908,738.207,0,53
162,50.1035,-54.8283,257.497,170.977,0,53
162,50.5928,-54.3772,301.312,645.489,0,53
162,51.4986,-53.5201,85.3766,514.007,0,53
162,53.7647,-51.2432,187.385,281.463,0,53
162,54.395,-50.5736,93.7381,639.6,0,53
162,54.4172,-50.5497,187.502,454.088,0,53
162,54.8169,-50.116,99.5188,785.382,0,53
162,55.1321,-49.769,187.618,112.841,0,53
162,56.6926,-47.9839,-53.8451,753.542,0,53
162,56.8329,-47.8177,302.619,487.357,0,53
162,57.0914,-47.5087,-54.196,22.1631,0,53
162,62.3141,-40.4161,-47.4925,786.793,0,53
162,63.4236,-38.6517,-49.4826,872.891,0,53
162,64.0913,-37.5342,-49.018,375.212,0,53
162,64.4739,-36.8732,300.039,179.528,0,53
162,67.6058,-30.7566,208.768,1474.58,0,53
162,68.086,-29.6783,-72.2836,98.6499,0,53
162,68.2262,-29.3547,-43.9227,2420.93,0,53
162,69.0687,-27.3134,293.558,421.734,0,53
162,71.2713,-20.9024,206.069,219.238,0,53
162,71.4768,-20.1884,19.768,844.08,0,53
162,71.5119,-20.064,206.004,485.937,0,53
162,73.0122,-13.6283,-39.705,436.182,0,53
162,73.2137,-12.5002,-39.78,43.554,0,53
162,73.3297,-11.801,-40.3974,293.934,0,53
162,73.4544,-10.9983,-40.628,45.2635,0,53
162,73.5209,-10.5444,-40.5241,147.209,0,53
162,73.8807,-7.62566,23.2612,173.023,0,53
162,74.1429,4.39715,279.786,916.115,0,53
162,73.9125,7.31119,262.78,1188.57,0,53
162,73.5749,10.1612,94.0872,327.734,0,53
162,73.4644,10.9311,93.4431,738.358,0,53
162,73.2916,12.0353,11.5629,541.131,0,53
162,73.2212,12.4563,91.8069,1952.73,0,53
162,73.2951,12.0141,271.557,363.905,0,53
162,72.7492,14.9688,204.679,17461.2,0,53
162,72.6628,15.3828,209.213,223,0,53
162,72.6628,15.3828,211.652,22,0,53
162,72.3643,16.7309,204.518,2030.01,0,53
162,71.1626,21.2695,53.924,27.0554,0,53
162,69.8799,25.1657,98.5259,392.471,0,53
162,68.6202,28.4214,85.6768,318.752,0,53
162,67.0446,31.9613,199.583,1784.46,0,53
162,63.9063,37.8483,203.103,15151.3,0,53
162,63.9804,37.7229,-73.1978,743.496,0,53
162,57.3088,47.2463,161.827,3804.12,0,53
162,58.2401,46.0934,-50.0214,272.311,0,53
162,57.0696,47.535,-21.3186,1150.57,0,53
162,55.803,49.0157,-56.2988,4459.71,0,53
162,55.7747,49.0478,-46.6806,1138,0,53
162,53.4417,51.5799,46.1028,49.3476,0,53
162,49.0273,55.7927,195.54,90.359,0,53
162,48.0865,56.6056,200.661,545.628,0,53
162,47.4089,57.1743,47.0849,226.319,0,53
162,43.1509,60.4525,168.268,442.523,0,53
162,42.6002,60.8418,168.651,150.952,0,53
162,41.9049,61.3228,169.092,223.132,0,53
162,34.9825,65.5189,87.1594,785.148,0,53
162,27.5867,68.96,-99.2836,289.359,0,53
162,27.3907,69.0381,27.0089,56.3745,0,53
162,25.9403,69.596,26.7175,682.106,0,53
162,23.2158,70.5516,128.856,182.954,0,53
162,23.3192,70.5175,210.221,146.763,0,53
162,22.9074,70.6524,37.2859,842.739,0,53
162,22.7868,70.6914,158.001,1119.33,0,53
162,19.9072,71.5557,188.594,73.3884,0,53
162,15.3882,72.6616,-74.4749,1191.07,0,53
162,13.5165,73.033,296.738,1305.46,0,53
162,13.4767,73.0403,258.849,477.604,0,53
162,8.82038,73.7476,104.934,140.16,0,53
162,8.38783,73.798,105.228,73.5653,0,53
162,7.75851,73.8669,104.505,393.794,0,53
162,7.1915,73.9242,103.739,209.008,0,53
162,6.41196,73.9959,103.108,113.382,0,53
162,5.42234,74.075,-100.621,714.352,0,53
162,5.309,74.0832,102.347,502.162,0,53
162,5.01222,74.1039,89.1421,626.2,0,53
162,3.84826,74.1734,-100.678,606.13,0,53
162,4.1424,74.1576,101.238,342.341,0,53
162,2.94348,74.2149,100.283,1280.51,0,53
162,3.38121,74.1962,302.863,479.235,0,53
162,1.24533,74.2628,98.9599,556.757,0,53
162,-0.816393,74.2687,97.1865,1737.17,0,53
162,-2.7423,74.2226,95.4612,755.297,0,53
162,-2.74435,74.2225,155.939,548.046,0,53
162,-3.72254,74.1799,94.4548,78.2896,0,53
162,-4.87443,74.1131,93.7298,522.17,0,53
162,-4.40955,74.1422,279.178,436.95,0,53
162,-7.29662,73.9139,91.6077,1687.98,0,53
162,-11.1477,73.4318,275.171,1067.57,0,53
162,-11.1604,73.4299,302.686,455.019,0,53
162,-17.8725,72.0908,-92.0566,451.4,0,53
162,-19.8138,71.5816,254.87,157.887,0,53
162,-25.6718,69.6955,296.629,3451.54,0,53
162,-25.8773,69.6195,256.802,142.153,0,53
162,-26.3208,69.453,255.3,835.912,0,53
162,-30.5254,67.7105,4.71827,976.626,0,53
162,-29.6109,68.1153,36.6863,273.9,0,53
162,-30.3094,67.8074,-61.2821,229.385,0,53
162,-32.2758,66.8938,-102.325,1764.13,0,53
162,-33.9951,66.0367,-102.44,188.158,0,53
162,-36.6919,64.5772,63.6694,366.445,0,53
162,-41.709,61.4562,304.383,3754,0,53
162,-42.991,60.5664,-103.546,247.67,0,53
162,-43.7394,60.0281,130.174,566.188,0,53
162,-45.6681,58.5741,245.304,223.503,0,53
162,-48.3604,56.3718,65.2172,287.63,0,53
162,-48.3365,56.3923,235.174,1660.92,0,53
162,-51.8365,53.1929,-27.9162,336.74,0,53
162,-52.9882,52.0458,281.288,922.338,0,53
162,-53.1418,51.8889,286.076,134.732,0,53
162,-53.7758,51.2315,-60.6658,4555.3,0,53
162,-53.5822,51.434,285.852,33.0849,0,53
162,-54.1025,50.8864,285.596,223.696,0,53
162,-55.7693,49.0539,300.137,198.176,0,53
162,-59.5841,44.3423,284.075,1577.33,0,53
162,-60.0683,43.6842,237.876,361.533,0,53
162,-60.8588,42.576,210.521,1677.55,0,53
162,-64.6329,36.5936,144.026,3865.21,0,53
162,-65.0461,35.8541,160.435,653.319,0,53
162,-66.1255,33.822,-29.5566,598.289,0,53
162,-68.1161,29.6092,-23.1763,399.845,0,53
162,-69.1864,27.0138,75.124,29.0677,0,53
162,-70.6192,23.0094,195.254,142.723,0,53
162,-70.8144,22.4017,194.983,274.683,0,53
162,-71.1866,-21.189,75.1722,675.212,1,53
162,-70.6311,-22.9729,84.7115,314.479,1,53
162,-69.3111,-26.6923,-250.963,122.695,1,53
162,-69.0115,-27.4576,-250.826,342.407,1,53
162,-68.6083,-28.4501,-250.417,390.301,1,53
162,-68.2692,-29.2546,-250.178,388.159,1,53
162,-67.9011,-30.099,-249.893,499.673,1,53
162,-66.5687,-32.941,-274.408,217.893,1,53
162,-64.674,-36.521,-202.406,184.01,1,53
162,-53.6863,-51.3254,-297.012,85.607,1,53
162,-53.5038,-51.5155,-25.3787,234.465,1,53
162,-53.1596,-51.8707,-25.3717,76.3345,1,53
162,-49.6907,-55.2027,103.493,149.844,1,53
162,-49.3322,-55.5234,96.3501,626.33,1,53
162,-48.1287,-56.5698,-86.148,39.1975,1,53
162,-47.561,-57.0478,46.7962,798.818,1,53
162,-46.2887,-58.085,-237.418,138.567,1,53
162,-45.5153,-58.693,-237.138,369.222,1,53
162,-45.1343,-58.9865,-270.412,72.3932,1,53
162,-44.3258,-59.5964,-236.668,31.2513,1,53
162,-39.8896,-62.6524,-85.6723,562.381,1,53
162,-38.1335,-63.7365,-264.752,233.184,1,53
162,-34.0258,-66.0209,38.7104,128.112,1,53
162,-19.712,-71.6097,-258.292,31.1803,1,53
162,-18.4966,-71.9332,-258.069,168.94,1,53
162,-17.771,-72.1159,-189.369,281.451,1,53
162,-16.7637,-72.3567,-297.679,1490.52,1,53
162,-17.1,-72.2779,-245.753,125.595,1,53
162,-12.9435,-73.1367,-11.5826,445.601,1,53
162,-11.9526,-73.3051,98.0237,261.578,1,53
162,-4.7475,-74.1213,-88.1792,512.185,1,53
162,-3.73626,-74.1792,-293.066,3571.7,1,53
162,-0.358486,-74.2723,-287.436,682.505,1,53
162,6.39968,-73.997,-199.314,746.678,1,53
162,18.0469,-72.0473,-228.078,1970.99,1,53
162,18.3783,-71.9635,-282.734,226.353,1,53
162,19.7419,-71.6014,88.1176,229.798,1,53
162,19.7588,-71.5968,-17.4361,622.432,1,53
162,20.9501,-71.2573,-82.7224,7045.22,1,53
162,21.2695,-71.1626,-2.62,43.2774,1,53
162,21.6059,-71.0612,-296.284,291.309,1,53
162,24.6771,-70.0539,-253.892,589.765,1,53
162,28.1406,-68.7358,-70.295,434.531,1,53
162,30.1911,-67.8602,46.8321,58.5914,1,53
162,31.2721,-67.3689,-110.777,349.706,1,53
162,31.8107,-67.1162,-287.425,732.111,1,53
162,32.6027,-66.7351,-287.343,167.519,1,53
162,36.2554,-64.8233,-20.148,194.167,1,53
162,36.9058,-64.4552,-288.671,341.663,1,53
162,37.4216,-64.1571,-204.405,213.958,1,53
162,38.5461,-63.4878,-260.836,51.2838,1,53
162,39.1589,-63.1117,-260.358,370.852,1,53
162,43.6963,-60.0595,-67.0457,241.117,1,53
162,45.2396,-58.9058,-262.674,439.311,1,53
162,48.2236,-56.4888,28.3773,1247.46,1,53
162,47.7659,-56.8764,-32.0388,216.419,1,53
162,48.1287,-56.5698,-31.876,36.0832,1,53
162,49.3515,-55.5062,27.9864,140.695,1,53
162,49.8038,-55.1008,27.484,48.2482,1,53
162,50.1035,-54.8283,27.6907,55.3745,1,53
162,51.5724,-53.449,-172.629,574.565,1,53
162,58.0885,-46.2842,-269.884,5445.03,1,53
162,59.4266,-44.5532,-291.85,567.754,1,53
162,61.0464,-42.3066,52.7635,1668.58,1,53
162,62.1485,-40.6702,-150.678,322.461,1,53
162,61.9204,-41.0168,-298.832,186.369,1,53
162,62.5878,-39.991,-149.569,137.624,1,53
162,67.2149,-31.6016,-226.173,638.384,1,53
162,68.2655,-29.263,-207.18,49.4267,1,53
162,68.4241,-28.8903,-207.242,189.028,1,53
162,70.895,-22.1451,-187.776,2191.02,1,53
162,72.3179,-16.93,27.965,1290.1,1,53
162,73.0026,-13.6798,-86.7418,759.896,1,53
162,73.0267,-13.5504,-173.574,537.532,1,53
162,74.1613,-4.07573,63.9025,628.975,1,53
162,74.2011,-3.27238,-283.013,100.675,1,53
162,74.2219,-2.76063,-210.552,265.855,1,53
162,73.5882,10.064,-69.1769,410.735,1,53
162,73.449,11.034,-264.622,238.82,1,53
162,73.1135,13.0737,32.2555,445.974,1,53
162,73.1101,13.0926,-239.697,538.469,1,53
162,72.8254,14.5934,-140.834,337.064,1,53
162,72.0779,17.9245,-275.227,344.863,1,53
162,69.7006,25.658,-87.1766,195.157,1,53
162,69.5296,26.1179,-86.4673,129.531,1,53
162,69.3085,26.6989,-85.9041,151.389,1,53
162,67.5168,30.9513,-102.106,2354.91,1,53
162,63.6226,38.3232,-237.245,800.144,1,53
162,62.6699,39.8621,-289.766,1086.53,1,53
162,61.9221,41.0142,-93.3284,186.841,1,53
162,61.6996,41.3482,-92.508,46.2635,1,53
162,61.3304,41.8937,57.8965,723.686,1,53
162,60.0457,43.7153,-228.011,1941.79,1,53
162,59.9628,43.8289,-299.465,342.313,1,53
162,59.4886,44.4704,-65.6526,5420.04,1,53
162,56.7672,47.8956,9.676,55.4788,1,53
162,55.3767,49.4968,-303.414,343.256,1,53
162,54.8262,50.1058,-302.958,203.434,1,53
162,47.1432,57.3936,104.062,2079.67,1,53
162,47.1547,57.3841,77.6416,1193,1,53
162,45.8247,58.4518,74.4108,769.154,1,53
162,42.5679,60.8645,-280.237,417.38,1,53
162,34.0621,66.0022,10.046,455.044,1,53
162,33.6811,66.1974,-256.533,240.576,1,53
162,31.375,67.321,-122.253,686.596,1,53
162,30.0059,67.9423,-283.175,626,1,53
162,29.4436,68.1878,-33.135,406.792,1,53
162,28.2822,68.6777,-108.529,140.018,1,53
162,25.8958,69.6126,-254.9,966.896,1,53
162,13.8025,72.9794,-285.021,705.021,1,53
162,9.73032,73.6331,-304.385,127.729,1,53
162,4.71389,74.1235,-299.845,649.319,1,53
162,2.93152,74.2153,-299.511,688.682,1,53
162,2.23585,74.2395,-8.77071,1238.08,1,53
162,-6.79253,73.962,-255.619,487.91,1,53
162,-7.17927,73.9254,-258.292,1.02958,1,53
162,-8.44049,73.792,-143.773,12912.4,1,53
162,-8.19883,73.8193,-26.1328,427.649,1,53
162,-10.1964,73.57,-78.94,28.1387,1,53
162,-10.8908,73.4704,-79.0235,636.193,1,53
162,-11.3033,73.4081,-145.199,1215.29,1,53
162,-18.7338,71.8718,93.204,40.1664,1,53
162,-25.9225,69.6027,20.4414,829.206,1,53
162,-26.825,69.2598,-49.0334,91.8087,1,53
162,-32.0303,67.0117,-264.64,258.586,1,53
162,-32.6986,66.6881,-236.681,415.365,1,53
162,-32.7998,66.6385,-30.8898,351.598,1,53
162,-35.0663,65.4741,89.7369,399.401,1,53
162,-44.0732,59.7834,-277.453,161.032,1,53
162,-44.3527,59.5764,-278.378,146.087,1,53
162,-45.5304,58.6812,56.6181,750.778,1,53
162,-46.3085,58.0692,56.316,73.3745,1,53
162,-49.7618,55.1387,102.096,186.931,1,53
162,-50.6269,54.3454,49.5598,329.652,1,53
162,-56.882,47.7593,99.6931,368.022,1,53
162,-57.4498,47.0747,-274.422,1308.31,1,53
162,-57.501,47.0121,99.3939,119.25,1,53
162,-57.5794,46.9161,-130.542,379.047,1,53
162,-58.2575,46.0714,6.96744,539.615,1,53
162,-58.5393,45.7128,-186.311,2652.89,1,53
162,-59.0482,45.0535,-54.959,609.212,1,53
162,-59.0257,45.083,-282.177,940.874,1,53
162,-59.1094,44.9732,-118.157,45.319,1,53
162,-59.9868,43.796,-118.578,811.101,1,53
162,-60.4441,43.1627,-255.79,244.702,1,53
162,-61.9473,40.9761,-294.762,438.722,1,53
162,-64.8311,36.2414,-249.248,1014.23,1,53
162,-67.4815,31.0283,-87.0367,678.694,1,53
162,-70.2333,24.1618,-131.94,26.1958,1,53
162,-70.5246,23.2978,-131.941,579.846,1,53
162,-71.561,19.888,-113.938,1127.28,1,53
162,-75.1204,-6.12158,-48.1526,1010.31,0,54
162,-75.1909,-5.1844,258.229,708.645,0,54
162,-75.1149,-6.18806,257.67,358.105,0,54
162,-74.519,-11.2899,205.576,756.139,0,54
162,-74.3851,-12.1411,231.632,3285.51,0,54
162,-73.185,-18.0141,292.375,112.482,0,54
162,-72.0381,-22.1598,-83.4534,373.798,0,54
162,-71.6584,-23.3584,273.691,386.016,0,54
162,-70.961,-25.3984,-93.7323,931.669,0,54
162,-70.1127,-27.6542,-23.6675,436.656,0,54
162,-69.7497,-28.5574,290.632,324.771,0,54
162,-63.0301,-41.325,152.667,158.319,0,54
162,-59.0768,-46.8025,163.677,1084.6,0,54
162,-56.6331,-49.7317,22.9906,366.116,0,54
162,-51.6818,-54.8593,-27.1899,332.374,0,54
162,-50.8427,-55.6378,-38.6889,1669.33,0,54
162,-40.0366,-63.8562,142.117,279.973,0,54
162,-39.2412,-64.3481,142.29,161.448,0,54
162,-32.994,-67.7639,143.665,2028.83,0,54
162,-32.5699,-67.9687,-80.484,113.454,0,54
162,-31.2333,-68.5932,143.971,319.021,0,54
162,-29.5931,-69.3167,144.327,846.628,0,54
162,-24.0877,-71.4166,208.048,892.511,0,54
162,-22.2025,-72.0249,-66.9621,1059.52,0,54
162,-20.1254,-72.6327,189.75,260.216,0,54
162,-18.4485,-73.0767,205.873,117.815,0,54
162,-17.7605,-73.2469,64.4512,583.973,0,54
162,-18.014,-73.185,205.97,87.5115,0,54
162,-17.6146,-73.2821,205.939,160.132,0,54
162,-16.0477,-73.6411,-86.1056,519.896,0,54
162,-15.598,-73.7377,-87.0255,222.066,0,54
162,-15.0061,-73.8604,-87.6834,213.874,0,54
162,-15.0061,-73.8604,-76.5093,57.774,0,54
162,-14.8354,-73.8949,50.6314,1037.64,0,54
162,-14.603,-73.9412,-87.268,38.1404,0,54
162,-12.3014,-74.3587,-56.6457,308.421,0,54
162,-11.2746,-74.5213,263.38,680.81,0,54
162,-10.7803,-74.5945,73.024,1325.55,0,54
162,-9.28309,-74.7955,12.8623,537.043,0,54
162,-9.12953,-74.8144,73.428,111.276,0,54
162,-6.09648,-75.1224,276.551,830.747,0,54
162,-5.647,-75.1576,278.22,2.16423,0,54
162,-2.97975,-75.3105,279.074,1305.67,0,54
162,-2.16963,-75.3382,249.789,966.348,0,54
162,-0.548627,-75.3674,177.347,397.338,0,54
162,0.453463,-75.368,177.563,92.8045,0,54
162,1.26033,-75.3589,109.723,477.551,0,54
162,7.90332,-74.9539,272.938,748.391,0,54
162,10.1163,-74.6874,152.558,579.378,0,54
162,12.1576,-74.3824,118.28,2438.24,0,54
162,13.3209,-74.1829,286.495,478.154,0,54
162,18.0141,-73.185,248.338,264.649,0,54
162,22.5667,-71.9117,243.949,1394.89,0,54
162,27.1513,-70.309,16.1052,143.661,0,54
162,29.0759,-69.5352,257.087,2653.72,0,54
162,29.0936,-69.5277,175.442,977.742,0,54
162,34.4739,-67.0231,285.31,2044.08,0,54
162,40.9284,-63.2883,48.836,22.1911,0,54
162,41.3414,-63.0193,48.1568,53.2097,0,54
162,42.4649,-62.2678,163.778,232.436,0,54
162,43.3462,-61.6575,150.526,3021.04,0,54
162,45.0307,-60.4383,-23.9278,155.211,0,54
162,45.4733,-60.106,-24.092,23.0677,0,54
162,46.1426,-59.5937,253.367,2073.79,0,54
162,49.1514,-57.1374,227.094,53.5573,0,54
162,50.5388,-55.914,304.679,300,0,54
162,51.0742,-55.4254,5.20437,595.494,0,54
162,51.1305,-55.3735,256.281,414.481,0,54
162,51.3974,-55.1258,186.815,615.538,0,54
162,52.3898,-54.1836,186.93,351.72,0,54
162,52.5538,-54.0244,85.0733,246.961,0,54
162,53.8005,-52.7831,187.23,63.5792,0,54
162,55.0497,-51.4789,92.6313,301.063,0,54
162,55.5681,-50.9189,98.5201,3963.26,0,54
162,57.2684,-48.9988,28.4383,597.795,0,54
162,57.5377,-48.6823,302.812,1.02298,0,54
162,57.934,-48.2099,302.09,91.2529,0,54
162,63.0345,-41.3182,-50.1968,2572.03,0,54
162,65.362,-37.5281,299.696,443.972,0,54
162,65.7709,-36.8067,133.893,778.602,0,54
162,67.0986,-34.3268,208.725,2143.39,0,54
162,69.0824,-30.1357,-45.0309,825.445,0,54
162,69.9649,-28.0261,292.902,588.161,0,54
162,71.2629,-24.5387,18.2431,250.677,0,54
162,71.4973,-23.8471,206.14,58.2668,0,54
162,71.8701,-22.6988,206.054,819.862,0,54
162,73.1194,-18.2784,-38.3689,607.834,0,54
162,73.399,-17.1209,-38.6961,573.824,0,54
162,73.6395,-16.0553,-38.9781,726.898,0,54
162,73.8881,-14.8692,-39.2617,519.098,0,54
162,74.9407,-8.02709,22.5548,1358.07,0,54
162,75.2398,4.41753,278.38,1908.18,0,54
162,75.1088,6.2617,260.412,33.111,0,54
162,75.0736,6.67126,261.32,242.919,0,54
162,74.4721,11.5951,269.55,227.519,0,54
162,74.2616,12.8747,10.8708,878.532,0,54
162,73.1181,18.2834,204.442,15385.7,0,54
162,72.0363,22.1657,204.138,23206.3,0,54
162,72.5514,20.4168,283.05,760.429,0,54
162,72.2789,21.3612,52.9658,327.44,0,54
162,70.7198,26.0625,97.662,410.134,0,54
162,69.9992,27.9402,85.0551,343.32,0,54
162,69.7223,28.6241,85.3,86.4666,0,54
162,67.2908,33.9485,203.352,19136.5,0,54
162,64.9909,38.1671,-74.1896,466.12,0,54
162,61.3645,43.7601,41.563,482.651,0,54
162,58.9415,46.9729,-50.6923,268.388,0,54
162,58.717,47.2532,-21.548,133.652,0,54
162,56.6337,49.731,162.538,1042.05,0,54
162,57.0391,49.2655,-56.5044,3435.53,0,54
162,55.9488,50.5003,210.702,103.472,0,54
162,55.3594,51.1457,45.868,25.2757,0,54
162,55.3594,51.1457,163.132,119.852,0,54
162,55.0796,51.4469,45.6411,115.964,0,54
162,55.0796,51.4469,163.049,116.195,0,54
162,54.2305,52.3412,91.236,29.1871,0,54
162,54.2305,52.3412,163.506,61.9703,0,54
162,50.0182,56.3802,195.311,126.051,0,54
162,49.9514,56.4394,201.154,152.193,0,54
162,49.3997,56.9229,201.018,2031.42,0,54
162,48.3137,57.8475,47.0752,699.247,0,54
162,46.0847,59.6385,167.137,1804.87,0,54
162,44.8149,60.5984,168.013,194.507,0,54
162,44.4837,60.842,167.856,126.461,0,54
162,34.8685,66.8187,86.996,104.609,0,54
162,34.2131,67.1566,86.6928,82.6591,0,54
162,28.626,69.7216,-99.3506,1023.95,0,54
162,24.0819,71.4186,26.0847,1694.79,0,54
162,23.8238,71.5051,36.7818,360.137,0,54
162,23.6359,71.5674,157.12,1353.16,0,54
162,23.7865,71.5175,209.957,178.988,0,54
162,23.3114,71.6737,128.591,474.014,0,54
162,20.1366,72.6296,84.028,74.3761,0,54
162,15.2689,73.8066,-75.6964,385.522,0,54
162,14.603,73.9412,257.388,181.802,0,54
162,5.39529,75.176,88.9678,1156.86,0,54
162,0.977254,75.3631,-100.73,1105.51,0,54
162,-0.781494,75.3653,-100.751,758.541,0,54
162,-3.61507,75.2827,278.356,1018.21,0,54
162,-9.93958,74.7111,273.556,24.0433,0,54
162,-10.5505,74.6273,274.171,189.743,0,54
162,-16.0118,73.649,295.428,60.3468,0,54
162,-16.2126,73.605,301.54,23.1148,0,54
162,-17.9637,73.1974,-91.8418,796.338,0,54
162,-20.5549,72.5124,253.925,406.62,0,54
162,-26.8359,70.43,254.999,1838.96,0,54
162,-27.2101,70.2862,296.095,1013.33,0,54
162,-28.1035,69.9338,5.92799,1676.64,0,54
162,-28.6854,69.6972,-102.072,456.311,0,54
162,-29.0751,69.5355,5.53229,1071.83,0,54
162,-29.5513,69.3344,35.9364,528.737,0,54
162,-30.9473,68.7227,-102.207,598.723,0,54
162,-31.1633,68.625,-61.652,359.542,0,54
162,-37.0684,65.6238,63.5635,449.774,0,54
162,-40.7003,63.4353,302.736,229.78,0,54
162,-42.0658,62.5381,304.014,3399.85,0,54
162,-43.777,61.3524,-103.703,195.092,0,54
162,-43.9768,61.2094,129.364,927.081,0,54
162,-47.8061,58.2677,65.6471,620.697,0,54
162,-50.5388,55.914,287.77,50.3329,0,54
162,-51.009,55.4854,287.559,175.592,0,54
162,-52.3064,54.2641,-27.8725,624.453,0,54
162,-53.915,52.6661,-60.3738,4818.78,0,54
162,-53.9338,52.6469,280.637,418.425,0,54
162,-53.9442,52.6362,-55.2389,298,0,54
162,-56.1253,50.304,299.479,1410.06,0,54
162,-60.6447,44.7523,236.14,355.987,0,54
162,-61.4871,43.5876,210.652,3941.72,0,54
162,-61.4664,43.6168,283.242,622.796,0,54
162,-61.9978,42.8581,282.761,196.031,0,54
162,-63.0767,41.2538,281.796,2196.14,0,54
162,-65.3071,37.6235,147.646,6925.5,0,54
162,-65.6937,36.9444,159.299,599.893,0,54
162,-67.2203,34.0877,-30.0706,553.126,0,54
162,-69.0046,30.3135,-23.332,207.177,0,54
162,-70.403,26.9066,74.806,653.642,0,54
162,-72.2715,21.3863,194.268,26.1681,0,54
162,-73.0094,18.7128,305.398,382.022,0,54
162,-74.0961,13.7956,95.7111,58.3867,0,54
162,-74.2025,13.2115,265.038,243.429,0,54
162,-74.8857,8.52513,132.05,349.35,0,54
162,-75.0289,7.15599,295.641,211.966,0,54
162,-75.2136,4.84368,-102.445,695.857,0,54
162,-75.3606,1.14925,292.437,587.994,0,54
162,-75.365,0.813752,139.78,149.132,0,54
162,-74.9102,-8.30741,-90.8453,203.523,1,54
162,-74.9102,-8.3074,-256.781,110.199,1,54
162,-74.9102,-8.3074,-280.962,82.6607,1,54
162,-73.605,-16.2126,-62.828,43.1526,1,54
162,-73.185,-18.0141,-156.269,67.7359,1,54
162,-72.1056,-21.9392,76.1846,382.608,1,54
162,-71.7264,-23.1489,85.6805,472.586,1,54
162,-70.0841,-27.7267,76.9073,927.862,1,54
162,-69.5323,-29.0827,-267.506,816.859,1,54
162,-69.1918,-29.8838,-267.996,145.236,1,54
162,-68.8613,-30.6376,-268.457,624.713,1,54
162,-68.5516,-31.3244,-249.669,91.6641,1,54
162,-68.1324,-32.226,-249.357,774.993,1,54
162,-67.8507,-32.8151,-272.56,117.797,1,54
162,-67.6589,-33.2087,-249.017,181.371,1,54
162,-67.646,-33.2351,-273.718,431.084,1,54
162,-67.2688,-33.992,-248.728,399.444,1,54
162,-66.85,-34.8084,-248.462,694.863,1,54
162,-66.4276,-35.6079,-248.191,319.246,1,54
162,-65.9818,-36.4274,-247.937,612.761,1,54
162,-65.7371,-36.867,-201.495,636.399,1,54
162,-65.464,-37.3498,-247.548,180.028,1,54
162,-54.7816,-51.7641,-296.308,206.266,1,54
162,-54.2556,-52.3152,-241.044,569.891,1,54
162,-53.7702,-52.814,-25.092,85.7335,1,54
162,-53.6563,-52.9296,-240.908,33.2619,1,54
162,-52.2854,-54.2843,-240.025,517.117,1,54
162,-51.5999,-54.9363,-239.636,95.3362,1,54
162,-51.1648,-55.3418,103.596,332.553,1,54
162,-50.9945,-55.4987,-239.403,65.5254,1,54
162,-49.9188,-56.4682,-238.866,1648.36,1,54
162,-50.3615,-56.0738,98.2779,1174.41,1,54
162,-48.9954,-57.2713,-238.364,22.0277,1,54
162,-48.3727,-57.7981,-85.6497,720.389,1,54
162,-47.9548,-58.1453,-237.927,704.066,1,54
162,-39.9416,-63.9157,-264.228,74.1526,1,54
162,-39.8473,-63.9745,-85.1002,123.162,1,54
162,-39.3657,-64.272,-264.489,249.462,1,54
162,-37.4174,-65.4254,-279.492,30.111,1,54
162,-37.3607,-65.4578,-280.5,113.822,1,54
162,-36.4312,-65.9796,-139.716,630.228,1,54
162,-35.6274,-66.4171,71.8963,1016.78,1,54
162,-35.4294,-66.523,-267.838,747.017,1,54
162,-33.6208,-67.4551,41.1456,273.99,1,54
162,-33.7951,-67.3679,40.204,23.0757,1,54
162,-31.4172,-68.5092,61.5176,2046.86,1,54
162,-25.4931,-70.9271,-222.548,480.507,1,54
162,-22.4964,-71.9337,-284.506,210.648,1,54
162,-21.5899,-72.211,-284.082,623.192,1,54
162,-18.6418,-73.0276,-189.285,189.455,1,54
162,-18.6122,-73.0352,-243.888,171.253,1,54
162,-18.6122,-73.0351,-257.696,59.3969,1,54
162,-17.9929,-73.1902,-244.455,1155.57,1,54
162,-17.8209,-73.2322,-257.654,265.822,1,54
162,-15.7272,-73.7103,-297.401,349.703,1,54
162,-14.7118,-73.9196,-297.3,89.5287,1,54
162,-13.3913,-74.1702,-10.0028,124.562,1,54
162,-4.92652,-75.2082,-292.355,7201.34,1,54
162,-5.1681,-75.192,-87.8871,606.012,1,54
162,-4.6217,-75.2276,-297.328,289,1,54
162,-0.801594,-75.3651,-286.623,291.595,1,54
162,17.0145,-73.4238,-225.644,43.0416,1,54
162,17.6169,-73.2816,-226.938,754.374,1,54
162,18.2567,-73.1248,-282.368,607.577,1,54
162,20.4093,-72.5535,-82.2663,6144.69,1,54
162,20.158,-72.6237,88.1151,291.448,1,54
162,20.8568,-72.4261,-294.879,101.773,1,54
162,21.4231,-72.2606,-1.84528,308.95,1,54
162,21.3919,-72.2699,-295.395,128.26,1,54
162,24.737,-71.1943,-252.41,938.056,1,54
162,29.1015,-69.5244,-69.6858,532.525,1,54
162,30.3297,-68.9975,47.5978,617.531,1,54
162,30.8606,-68.7617,-287.764,738.936,1,54
162,31.8874,-68.2916,-109.765,4937.17,1,54
162,31.7593,-68.3512,-121.789,1690,1,54
162,35.9007,-66.2698,-19.3198,882.693,1,54
162,36.8967,-65.7205,-287.588,906.887,1,54
162,44.696,-60.6862,-67.0449,235.213,1,54
162,46.0891,-59.6351,-261.739,307.834,1,54
162,47.5114,-58.5083,-31.452,75.2619,1,54
162,48.0739,-58.0469,-31.7436,417.375,1,54
162,48.5252,-57.6702,-304.315,59.3745,1,54
162,49.0063,-57.262,-304.548,443.792,1,54
162,50.7629,-55.7106,-171.973,354.729,1,54
162,51.5555,-54.9779,27.2939,555.471,1,54
162,52.4154,-54.1588,26.8522,357.449,1,54
162,63.2883,-40.9284,-297.845,386.783,1,54
162,63.8405,-40.0616,-148.9,41.2035,1,54
162,68.3836,-31.6896,-224.553,596.468,1,54
162,69.4868,-29.1912,-207.184,822.218,1,54
162,71.7249,-23.1535,-187.668,162.537,1,54
162,71.948,-22.4507,-69.5307,602.021,1,54
162,73.2377,-17.7984,28.1657,308.24,1,54
162,74.14,-13.5575,-86.2963,519.193,1,54
162,74.2421,-12.9865,-172.967,253.286,1,54
162,74.4447,-11.7701,26.636,42.1404,1,54
162,74.5268,-11.2385,26.8069,218.477,1,54
162,75.2718,-3.83359,64.9991,131.825,1,54
162,75.2677,-3.91371,-209.123,136.235,1,54
162,75.2931,-3.39022,65.3718,89.5221,1,54
162,75.3074,-3.05736,-283.555,537.44,1,54
162,74.7249,9.83542,-68.4432,388.526,1,54
162,74.461,11.6666,-263.766,639.916,1,54
162,74.3116,12.5829,-262.632,301.621,1,54
162,74.1659,13.415,-238.269,1795.7,1,54
162,73.9796,14.4069,32.6361,444.605,1,54
162,73.8431,15.0911,-140.019,209.106,1,54
162,73.1027,18.3451,-274.256,323.08,1,54
162,70.1389,27.5876,-85.284,176.876,1,54
162,69.9384,28.0921,-84.5878,325.829,1,54
162,68.7108,30.9737,-101.855,966.627,1,54
162,64.4144,39.1322,-236.138,1660.47,1,54
162,64.0784,39.68,-288.973,622.857,1,54
162,62.2803,42.4465,-91.8355,186.307,1,54
162,61.9284,42.9584,-91.0748,557.01,1,54
162,61.8804,43.0275,58.9689,124.556,1,54
162,61.4428,43.65,-90.812,35.1265,1,54
162,61.2722,43.8892,-226.542,669.521,1,54
162,61.0613,44.1821,-298.12,415.843,1,54
162,60.609,44.8007,-66.3018,6382.06,1,54
162,58.017,48.11,9.37984,79.5964,1,54
162,57.6702,48.5252,9.13858,105.251,1,54
162,55.1973,51.3206,-302.37,879.384,1,54
162,54.3325,52.2353,-301.486,776.627,1,54
162,52.797,53.7868,-55.8145,310.461,1,54
162,51.6424,54.8964,-228.515,389.765,1,54
162,51.3318,55.1869,-230.433,271.739,1,54
162,47.9121,58.1806,78.3112,682.456,1,54
162,47.6901,58.3627,105.237,639.67,1,54
162,46.8743,59.0199,75.6051,148.221,1,54
162,42.9334,61.9457,-280.829,740.669,1,54
162,34.0585,67.2352,11.0794,276.295,1,54
162,34.1233,67.2023,-255.694,312.261,1,54
162,32.6589,67.926,-120.477,334.466,1,54
162,30.1339,69.0833,-31.6315,855.012,1,54
162,27.6329,70.1211,-107.143,880.464,1,54
162,26.7478,70.4635,-253.835,707.903,1,54
162,14.5469,73.9522,-283.625,353.117,1,54
162,10.3469,74.6558,-300.963,94.4977,1,54
162,8.5621,74.8815,-300.667,1210.64,1,54
162,9.62454,74.7524,-303.567,369.004,1,54
162,1.57111,75.353,-8.24536,856.015,1,54
162,-6.38166,75.0987,-254.358,645.757,1,54
162,-8.53896,74.8841,-25.6655,1660.38,1,54
162,-9.8683,74.7206,-144.465,8715.71,1,54
162,-11.7701,74.4447,-79.9398,88.8689,1,54
162,-12.4086,74.3409,-79.9821,1435.67,1,54
162,-13.7317,74.1079,-80.8567,397.79,1,54
162,-18.8527,72.9734,94.3242,501.965,1,54
162,-26.0349,70.73,20.8447,477.234,1,54
162,-32.4929,68.0056,-235.161,408.382,1,54
162,-32.6416,67.9343,-264.562,131.505,1,54
162,-33.6113,67.4598,-35.4664,359,1,54
162,-35.6195,66.4214,89.8043,135.84,1,54
162,-43.7202,61.3929,-275.155,466.52,1,54
162,-44.2595,61.0053,-276.351,375.022,1,54
162,-47.666,58.3824,55.8863,389.083,1,54
162,-48.302,57.8573,55.6534,176.068,1,54
162,-48.9053,57.3482,55.2733,190.634,1,54
162,-50.6348,55.827,102.108,111.456,1,54
162,-51.8773,54.6744,50.1981,420.474,1,54
162,-52.3412,54.2305,50.6563,115.324,1,54
162,-57.1044,49.1897,99.8392,469.665,1,54
162,-58.3586,47.6951,-273.595,612.088,1,54
162,-58.5056,47.5147,-129.866,491.042,1,54
162,-58.967,46.9408,-116.6,590.693,1,54
162,-58.9584,46.9516,-187.205,4179.25,1,54
162,-58.9257,46.9926,7.99905,432.214,1,54
162,-59.4866,46.2806,-281.461,1286.01,1,54
162,-59.8333,45.8315,-117.436,398.006,1,54
162,-60.2005,45.3481,90.1591,696.217,1,54
162,-59.9593,45.6666,-55.4728,368.399,1,54
162,-60.9631,44.3176,-254.885,244.366,1,54
162,-61.2039,43.9845,-255.482,135.744,1,54
162,-63.2724,40.953,-293.858,1343.28,1,54
162,-66.9161,34.6812,-246.836,1482.72,1,54
162,-67.493,33.5446,-245.446,278.643,1,54
162,-72.143,21.8158,-168.346,800.785,1,54
162,-72.614,20.1927,-114.529,1316.21,1,54
162,-73.9482,14.5674,-199.235,318.764,1,54
162,-74.3196,12.5358,-7.75046,387.813,1,54
162,-74.5626,10.9986,-70.1927,134.99,1,54
162,-74.6709,10.2376,-70.431,639.137,1,54
162,-74.8024,9.22774,35.964,61.2391,1,54
162,-74.9027,8.37418,101.883,570.198,1,54
162,-74.9616,7.8301,35.5473,718.122,1,54
