
HepMC::Version 2.06.11
HepMC::IO_GenEvent-START_EVENT_LISTING
E 1 -1 -1.0000000000000000e+00 -1.0000000000000000e+00 -1.0000000000000000e+00 0 0 1 0 0 0 0
U GEV MM
H 1 1 8 8 0 0 0 7 0 3.3395211696624756e+00 2.7800419330596924e+00 3.5913765430450439e-01 4.2000000000000000e+01
V -1 0 0 0 0 0 2 127 0
P 10001 2212 0 0 1.0000000000000000e+02 1.0000000000000000e+02 0 101 0 0 -1 0
P 10002 3000001 0 0 -1.0000000000000000e+02 1.0000000000000000e+02 0 102 0 0 -1 0
P 10003 2212 8.7173974514007568e-01 -4.9953991174697876e-01 3.0691507339477539e+01 3.0722280502319336e+01 9.3831028306316555e-01 1 0 0 0 0
P 10004 -3222 -1.1051732115447521e-02 9.3310415744781494e-02 4.4226196408271790e-01 1.2724368572235107e+00 1.1893994014952782e+00 1 0 0 0 0
P 10005 3222 6.1897546052932739e-01 -2.8694078326225281e-02 6.8321585655212402e-01 1.5051270723342896e+00 1.1893988508321558e+00 1 0 0 0 0
P 10006 211 -2.8754687309265137e-01 -2.1328035742044449e-02 4.8112292289733887e+00 4.8218827247619629e+00 1.3960024461299742e-01 1 0 0 0 0
P 10007 -211 1.6663697361946106e-01 -1.4100709557533264e-01 6.1298356056213379e+00 6.1353092193603516e+00 1.3958432306448326e-01 1 0 0 0 0
P 10008 111 -9.7013108432292938e-02 -1.2299177050590515e-01 8.9508457183837891e+00 8.9532346725463867e+00 1.3503150949881632e-01 1 0 0 0 0
P 10009 211 4.9128610640764236e-02 -2.3146846890449524e-01 5.4599750041961670e-01 6.1122220754623413e-01 1.3959958471549724e-01 1 0 0 0 0
P 10010 -211 1.0280292481184006e-02 -1.1800772696733475e-01 1.1031311750411987e+00 1.1182208061218262e+00 1.3959897513404304e-01 1 0 0 0 0
P 10011 111 -5.5550105869770050e-02 -3.8594268262386322e-02 5.1170027256011963e-01 5.3351426124572754e-01 1.3499987485039383e-01 1 0 0 0 0
P 10012 211 -1.2176379561424255e-02 -8.1499405205249786e-03 4.6270474791526794e-02 1.4779743552207947e-01 1.3960100056861324e-01 1 0 0 0 0
P 10013 -211 1.2537804245948792e-01 2.9561400413513184e-02 -3.6487269401550293e-01 4.1135704517364502e-01 1.3960302951755807e-01 1 0 0 0 0
P 10014 111 5.7493364810943604e-01 2.4307978153228760e-01 -1.6732409596443176e-01 6.6019731760025024e-01 1.3500616711114286e-01 1 0 0 0 0
P 10015 111 -6.2664230354130268e-03 4.9002529121935368e-03 1.0128544270992279e-01 1.6895864903926849e-01 1.3500001349617502e-01 1 0 0 0 0
P 10016 321 -3.8358172774314880e-01 1.8529450893402100e-01 1.2112073898315430e+00 1.3755487203598022e+00 4.9360099675895208e-01 1 0 0 0 0
P 10017 -211 -1.0990735143423080e-01 1.8110932409763336e-01 -6.4277753233909607e-02 2.6172509789466858e-01 1.3960008643545088e-01 1 0 0 0 0
P 10018 211 -8.4314443171024323e-02 -2.7201399207115173e-01 -1.1936006695032120e-01 3.3887392282485962e-01 1.3960004576861451e-01 1 0 0 0 0
P 10019 211 2.0920892059803009e-01 -1.6663233935832977e-01 -9.4808940887451172e+00 9.4856929779052734e+00 1.3958452672659064e-01 1 0 0 0 0
P 10020 -211 -2.0502419769763947e-01 -3.7135541439056396e-02 9.8953628540039062e-01 1.0208255052566528e+00 1.3960186953964687e-01 1 0 0 0 0
P 10021 111 3.4224048256874084e-02 -1.2028324604034424e+00 6.6406197547912598e+00 6.7501144409179688e+00 1.3504452779021978e-01 1 0 0 0 0
P 10022 111 6.9181613624095917e-02 -1.1553901433944702e-01 4.0570029616355896e-01 4.4827795028686523e-01 1.3500011447413343e-01 1 0 0 0 0
P 10023 -211 -5.3506118059158325e-01 3.8098841905593872e-02 3.0293720960617065e-01 6.3166546821594238e-01 1.3960058037804299e-01 1 0 0 0 0
P 10024 111 2.3568445444107056e-01 -2.0254203677177429e-01 4.0646567940711975e-03 3.3883920311927795e-01 1.3500016818807997e-01 1 0 0 0 0
P 10025 -211 2.9106067493557930e-02 1.3886678218841553e-01 -2.0476055145263672e-01 2.8556293249130249e-01 1.3959999506282195e-01 1 0 0 0 0
P 10026 211 1.1567167937755585e-01 -2.6999853551387787e-02 -1.4360226392745972e+00 1.4476733207702637e+00 1.3959976238877445e-01 1 0 0 0 0
P 10027 111 1.0939303040504456e-01 -1.4117106795310974e-01 -2.6804658770561218e-01 3.4924215078353882e-01 1.3500000435210766e-01 1 0 0 0 0
P 10028 2212 9.6370488405227661e-02 1.9922865927219391e-01 -2.8563945770263672e+01 2.8580209732055664e+01 9.3830220718835333e-01 1 0 0 0 0
P 10029 111 -1.9363495707511902e-01 3.8525708019733429e-02 -5.3867468833923340e+00 5.3920540809631348e+00 1.3500555364231018e-01 1 0 0 0 0
P 10030 310 3.5449540615081787e-01 -1.6126111149787903e-03 -1.3190990686416626e-01 6.2512010335922241e-01 4.9770003676741920e-01 1 0 0 0 0
P 10031 111 -2.0914010703563690e-01 -1.7615266144275665e-01 -3.5381762981414795e+00 3.5512933731079102e+00 1.3499540972111287e-01 1 0 0 0 0
P 10032 22 3.0309864878654480e-01 1.6709318757057190e-01 -2.0525622367858887e-01 4.0239110589027405e-01 -6.6293885142037795e-04 1 0 0 0 0
P 10033 22 -2.4748547375202179e-01 1.7151379585266113e-01 -1.8578271567821503e-01 3.5380911827087402e-01 -6.0593663872238657e-04 1 0 0 0 0
P 10034 -211 -1.0398199409246445e-01 2.1443340182304382e-01 -7.8880894184112549e-01 8.3576416969299316e-01 1.3960036425903033e-01 1 0 0 0 0
P 10035 111 2.0115081965923309e-01 -2.7045860886573792e-01 -4.1493015289306641e+00 4.1651573181152344e+00 1.3499183420997404e-01 1 0 0 0 0
P 10036 2212 -2.6418396830558777e-01 1.5001270174980164e-01 -1.0153005218505859e+02 1.0153485107421875e+02 9.3924915930939445e-01 1 0 0 0 0
P 10037 211 7.6810806989669800e-02 -8.1527397036552429e-02 -4.2244716644287109e+01 4.2245098114013672e+01 1.4029857445886768e-01 1 0 0 0 0
P 10038 2112 -5.1926249265670776e-01 4.4806182384490967e-01 -4.5427689552307129e+00 4.6893486976623535e+00 9.3960017741185209e-01 1 0 0 0 0
P 10039 -2112 4.3203550577163696e-01 1.6302576661109924e-01 -2.7168085575103760e+00 2.9115509986877441e+00 9.3960012823088723e-01 1 0 0 0 0
P 10040 -211 -3.2128962874412537e-01 -1.6418682411313057e-02 -2.2953836917877197e+00 2.3220188617706299e+00 1.3960194562716080e-01 1 0 0 0 0
P 10041 111 2.2685545682907104e-01 3.7835487723350525e-01 -4.8871131896972656e+01 4.8873310089111328e+01 1.3524187115415384e-01 1 0 0 0 0
P 10042 2212 -4.1411513090133667e-01 8.3846533671021461e-03 -3.0082096099853516e+01 3.0099576950073242e+01 9.3833105485471924e-01 1 0 0 0 0
P 10043 321 7.2693601250648499e-02 1.9226832687854767e-01 2.2648513317108154e+00 2.3271129131317139e+00 4.9361066290007721e-01 1 0 0 0 0
P 10044 -211 -3.7584029138088226e-02 -3.3422255516052246e-01 2.2656114101409912e+00 2.2946915626525879e+00 1.3963176688577522e-01 1 0 0 0 0
P 10045 -321 -1.1027443408966064e-01 1.1288584768772125e-01 4.2015357017517090e+00 4.2333726882934570e+00 4.9359740626625614e-01 1 0 0 0 0
P 10046 321 -3.6238752305507660e-02 8.8136114180088043e-02 2.5284633636474609e+00 2.5779545307159424e+00 4.9360040451765952e-01 1 0 0 0 0
P 10047 130 1.0901834070682526e-01 -9.9116362631320953e-02 3.6673834919929504e-01 6.3554048538208008e-01 4.9770035145108438e-01 1 0 0 0 0
P 10048 211 -8.2068569958209991e-02 1.8065282702445984e-01 -2.8363338112831116e-01 3.7323817610740662e-01 1.3959995389250901e-01 1 0 0 0 0
P 10049 -211 8.9310079813003540e-02 -3.2705461978912354e-01 -2.6596048474311829e-01 4.5295050740242004e-01 1.3960002875967506e-01 1 0 0 0 0
P 10050 111 1.5811961889266968e-01 -7.9561047255992889e-02 -3.3063697814941406e-01 3.9859455823898315e-01 1.3500013488408294e-01 1 0 0 0 0
P 10051 -211 1.6584374010562897e-01 2.7458193898200989e-01 -4.5509877204895020e+00 4.5644145011901855e+00 1.3961059874405912e-01 1 0 0 0 0
P 10052 211 -1.0694064199924469e-01 -6.2914550304412842e-01 -5.0741562843322754e+00 5.1160345077514648e+00 1.3959484862698271e-01 1 0 0 0 0
P 10053 -211 3.7915101647377014e-01 -3.3475935459136963e-01 -1.9555487632751465e+00 2.0247170925140381e+00 1.3960308159930243e-01 1 0 0 0 0
P 10054 111 -5.7926511764526367e-01 4.3703946471214294e-01 -4.3508639335632324e+00 4.4130253791809082e+00 1.3499799508517954e-01 1 0 0 0 0
P 10055 111 -8.6166197061538696e-01 3.3195096254348755e-01 -4.7224965095520020e+00 4.8138189315795898e+00 1.3500603751270662e-01 1 0 0 0 0
P 10056 111 -2.0955443382263184e-01 1.0281677544116974e-01 -1.4601548910140991e+00 1.4848439693450928e+00 1.3499984259713652e-01 1 0 0 0 0
P 10057 2212 1.3287708163261414e-01 -7.4928484857082367e-02 -6.9245557785034180e+00 6.9895029067993164e+00 9.3830035590147620e-01 1 0 0 0 0
P 10058 211 1.5897320210933685e-01 8.8598448783159256e-03 -2.3057465553283691e+00 2.3154492378234863e+00 1.3959591573022445e-01 1 0 0 0 0
P 10059 -2212 -4.1957679390907288e-01 3.7080701440572739e-02 -1.1767539978027344e+01 1.1812400817871094e+01 9.3829434782672394e-01 1 0 0 0 0
P 10060 -211 1.3082441687583923e-01 -1.0837095975875854e-01 -5.4457964897155762e+00 5.4502339363098145e+00 1.3961110319292699e-01 1 0 0 0 0
P 10061 2212 -2.0857891440391541e-01 1.0796887427568436e-01 -5.7558429718017578e+01 5.7566551208496094e+01 9.3798933634019410e-01 1 0 0 0 0
P 10062 111 1.0619778931140900e-01 -2.4517988786101341e-02 -3.3123698234558105e+00 3.3169109821319580e+00 1.3500190301683798e-01 1 0 0 0 0
P 10063 2112 2.3877225816249847e-01 6.0891902446746826e-01 -9.9993446350097656e+01 1.0000000000000000e+02 9.3962357383954298e-01 1 0 0 0 0
P 10064 -211 -7.1135795116424561e-01 8.7336570024490356e-02 -4.2183189392089844e+00 4.2810468673706055e+00 1.3960586157546603e-01 1 0 0 0 0
P 10065 211 7.7691954374313354e-01 -1.4936167001724243e-01 -1.8237897157669067e+00 1.9928894042968750e+00 1.3959356898238692e-01 1 0 0 0 0
P 10066 2212 5.2167057991027832e-01 2.0141936838626862e-01 -5.0825550079345703e+01 5.0837284088134766e+01 9.3819114989275987e-01 1 0 0 0 0
P 10067 211 1.9946722686290741e-01 1.7020851373672485e-01 -3.4728887081146240e+00 3.4855706691741943e+00 1.3960228549896839e-01 1 0 0 0 0
P 10068 -211 -5.5093742907047272e-02 1.8334632739424706e-02 -1.7727423906326294e+00 1.7791782617568970e+00 1.3960023029066282e-01 1 0 0 0 0
P 10069 111 -1.0392028838396072e-02 3.0349990725517273e-01 -2.8899888992309570e+00 2.9090344905853271e+00 1.3500237690351422e-01 1 0 0 0 0
P 10070 111 1.3459454476833344e-01 1.6541466116905212e-01 -2.3091850280761719e+00 2.3229374885559082e+00 1.3500140827492302e-01 1 0 0 0 0
P 10071 111 -1.3170015811920166e-01 1.6399368643760681e-01 -1.8492865562438965e+00 1.8660986423492432e+00 1.3499820381493827e-01 1 0 0 0 0
P 10072 -211 -9.0145117044448853e-01 -5.7789790630340576e-01 -2.1258760452270508e+01 2.1286165237426758e+01 1.3911989508763450e-01 1 0 0 0 0
P 10073 111 -1.2218543142080307e-01 -2.5178754329681396e-01 -2.0165886878967285e+00 2.0403878688812256e+00 1.3500545438495126e-01 1 0 0 0 0
P 10074 211 1.1478930711746216e-01 2.0551946014165878e-02 -2.1920063495635986e+00 2.1995406150817871e+00 1.3959983292882752e-01 1 0 0 0 0
P 10075 -211 -1.0982672870159149e-01 7.3695126920938492e-03 -4.3735136985778809e+00 4.3771252632141113e+00 1.3959684152665061e-01 1 0 0 0 0
P 10076 111 5.6216515600681305e-02 2.3095931857824326e-02 -1.3061833381652832e+00 1.3145470619201660e+00 1.3500128298529376e-01 1 0 0 0 0
P 10077 -211 1.8308870494365692e-01 -2.1697893738746643e-01 1.5170147418975830e+00 1.5496524572372437e+00 1.3959827341015918e-01 1 0 0 0 0
P 10078 111 -3.1929934024810791e-01 3.8360223174095154e-02 -2.5462338328361511e-01 4.3183535337448120e-01 1.3500048038590423e-01 1 0 0 0 0
P 10079 3122 3.4445697069168091e-01 1.1881687492132187e-01 -5.0564910888671875e+01 5.0578525543212891e+01 1.1154662216701949e+00 1 0 0 0 0
P 10080 211 3.4801661968231201e-05 1.9884186983108521e-01 2.0698316097259521e+00 2.0840408802032471e+00 1.3959014051329222e-01 1 0 0 0 0
P 10081 111 -1.5385794639587402e-01 -2.9480510950088501e-01 2.1163108348846436e+00 2.1465263366699219e+00 1.3498682865551481e-01 1 0 0 0 0
P 10082 -211 1.4976985752582550e-01 5.2630019187927246e-01 7.9457020759582520e+00 7.9657478332519531e+00 1.3976466247032790e-01 1 0 0 0 0
P 10083 111 -3.1539139151573181e-01 9.1601341962814331e-02 1.5508421659469604e+00 1.5909750461578369e+00 1.3500977048441201e-01 1 0 0 0 0
P 10084 211 4.8877194523811340e-02 -4.1843873262405396e-01 1.0014787912368774e+00 1.0954123735427856e+00 1.3960138147174331e-01 1 0 0 0 0
P 10085 -321 4.1638761758804321e-01 3.0079168081283569e-01 4.9831891059875488e-01 8.6937713623046875e-01 4.9359962015089093e-01 1 0 0 0 0
P 10086 211 -2.0983216166496277e-01 8.6714722216129303e-02 1.0626392066478729e-01 2.8693044185638428e-01 1.3959970813306227e-01 1 0 0 0 0
P 10087 -211 7.0390570163726807e-01 -1.0061602294445038e-01 1.1787525415420532e+00 1.3836729526519775e+00 1.3959392837146947e-01 1 0 0 0 0
P 10088 111 -1.2950529158115387e-01 -1.1715157330036163e-01 4.6091175079345703e-01 5.1103848218917847e-01 1.3499843178518686e-01 1 0 0 0 0
P 10089 211 -5.6662417948246002e-02 2.1088369190692902e-02 -5.4987752437591553e-01 5.7053375244140625e-01 1.3959986367551216e-01 1 0 0 0 0
P 10090 111 -2.5926285982131958e-01 1.2133351713418961e-01 2.2286465764045715e-01 3.8708227872848511e-01 1.3499993339834124e-01 1 0 0 0 0
P 10091 321 2.1864227950572968e-01 1.0146380960941315e-01 -1.1611492156982422e+01 1.1624477386474609e+01 4.9358387934305542e-01 1 0 0 0 0
P 10092 -211 -2.1226337552070618e-01 -1.7709467560052872e-02 -2.1533513069152832e+00 2.1683588027954102e+00 1.3960186545272643e-01 1 0 0 0 0
P 10093 321 -2.2229453921318054e-01 -1.9193437695503235e-01 -1.3469966888427734e+01 1.3482208251953125e+01 4.9363722152232731e-01 1 0 0 0 0
P 10094 -321 -1.5087339282035828e-01 -2.7883878350257874e-01 -1.9584280014038086e+01 1.9593067169189453e+01 4.9370393989885780e-01 1 0 0 0 0
P 10095 130 2.6378655433654785e-01 4.4420421123504639e-02 9.6383053064346313e-01 1.1172426939010620e+00 4.9770013583814143e-01 1 0 0 0 0
P 10096 2212 4.5582234859466553e-02 -4.9866255372762680e-02 -4.3205379486083984e+01 4.3215621948242188e+01 9.3840260725630009e-01 1 0 0 0 0
P 10097 111 -4.1821919381618500e-02 -8.8089339435100555e-02 -5.8972835540771484e-01 6.1279141902923584e-01 1.3499994592999479e-01 1 0 0 0 0
P 10098 111 -2.3710168898105621e-02 7.6798535883426666e-04 -1.2821286916732788e+00 1.2894346714019775e+00 1.3500010329997569e-01 1 0 0 0 0
P 10099 111 -4.5060466974973679e-02 1.7699202895164490e-01 -1.1426932811737061e+00 1.1650449037551880e+00 1.3500025529598861e-01 1 0 0 0 0
P 10100 310 1.0227885842323303e-01 3.5181024670600891e-01 -3.1121675968170166e+00 3.1729362010955811e+00 4.9770028227573931e-01 1 0 0 0 0
P 10101 -211 -1.7445555329322815e-01 1.2549942731857300e-01 -3.5018990039825439e+00 3.5112631320953369e+00 1.3959692828241890e-01 1 0 0 0 0
P 10102 111 3.1795901060104370e-01 -4.4634783267974854e-01 -6.1298990249633789e+00 6.1558275222778320e+00 1.3500410225600309e-01 1 0 0 0 0
P 10103 -211 2.0310878753662109e-01 1.4870506525039673e-01 -8.2487955093383789e+00 8.2538156509399414e+00 1.3956743464865043e-01 1 0 0 0 0
P 10104 211 -1.3066519796848297e-01 1.4867150783538818e-01 -1.5301307678222656e+01 1.5303223609924316e+01 1.3949760036370185e-01 1 0 0 0 0
P 10105 111 2.7370673418045044e-01 -5.2927434444427490e-03 -7.4223060607910156e+00 7.4285793304443359e+00 1.3498229210113294e-01 1 0 0 0 0
P 10106 111 7.1476340293884277e-02 8.4103003144264221e-02 -3.9685100317001343e-01 4.3347200751304626e-01 1.3500029711320330e-01 1 0 0 0 0
P 10107 111 9.7497381269931793e-02 1.2322559952735901e-01 -1.6257030963897705e+00 1.6388491392135620e+00 1.3500242870546533e-01 1 0 0 0 0
P 10108 111 9.8058953881263733e-02 1.3684429228305817e-02 -1.5217430591583252e+00 1.5309245586395264e+00 1.3500090410622481e-01 1 0 0 0 0
P 10109 310 -5.7140439748764038e-01 -3.8268846273422241e-01 -7.3762540817260742e+00 7.4249439239501953e+00 4.9770930335513891e-01 1 0 0 0 0
P 10110 111 -6.6564843058586121e-02 9.9158279597759247e-02 1.1531404405832291e-01 2.1397523581981659e-01 1.3499937052764241e-01 1 0 0 0 0
P 10111 111 -4.6662885695695877e-02 3.0221074819564819e-01 -2.8960418701171875e-01 4.4227188825607300e-01 1.3500028437174016e-01 1 0 0 0 0
P 10112 -211 4.1393145918846130e-01 -4.8227360844612122e-01 -6.1378580331802368e-01 8.9450991153717041e-01 1.3959900849917714e-01 1 0 0 0 0
P 10113 211 -4.9037417769432068e-01 4.1014909744262695e-01 -1.0331269502639771e+00 1.2229180335998535e+00 1.3959980393827082e-01 1 0 0 0 0
P 10114 211 -1.1682496964931488e-01 4.0226913988590240e-02 -1.7053991317749023e+01 1.7055009841918945e+01 1.3955129505089575e-01 1 0 0 0 0
P 10115 2112 2.8030773997306824e-01 -7.0985667407512665e-02 -3.1343730926513672e+01 3.1359144210815430e+01 9.3959876913668006e-01 1 0 0 0 0
P 10116 310 -1.6139368712902069e-01 1.5302324295043945e-01 -1.8569358587265015e+00 1.9352985620498657e+00 4.9770041764075240e-01 1 0 0 0 0
P 10117 -211 -1.6032992303371429e-01 -1.0826925188302994e-01 -1.1063548326492310e+00 1.1317849159240723e+00 1.3960001813625891e-01 1 0 0 0 0
P 10118 211 1.1450075358152390e-01 -7.1719050407409668e-02 -6.3304662704467773e-01 6.6218590736389160e-01 1.3959978200778000e-01 1 0 0 0 0
P 10119 130 1.9752904772758484e-01 4.4259437918663025e-01 -6.1033129692077637e+00 6.1427226066589355e+00 4.9769901855970750e-01 1 0 0 0 0
P 10120 2212 2.7295606210827827e-02 -1.9187429547309875e-01 -5.8211956024169922e+00 5.8995156288146973e+00 9.3829932199071164e-01 1 0 0 0 0
P 10121 -211 -5.9633441269397736e-03 -1.5379995107650757e-01 -1.6406097412109375e+00 1.6537165641784668e+00 1.3960001883130693e-01 1 0 0 0 0
P 10122 -2212 4.6271598339080811e-01 3.3676189184188843e-01 -1.2425296783447266e+01 1.2473808288574219e+01 9.3828482364133636e-01 1 0 0 0 0
P 10123 111 -1.1417090147733688e-01 -2.4448178708553314e-02 -1.3528324365615845e+00 1.3645561933517456e+00 1.3500109338497984e-01 1 0 0 0 0
P 10124 211 -3.4896779805421829e-02 -2.2206214070320129e-01 -3.2808787822723389e+00 3.2915320396423340e+00 1.3960015921453048e-01 1 0 0 0 0
P 10125 -211 -1.1452325433492661e-01 1.9107410311698914e-01 -7.4163980484008789e+00 7.4210567474365234e+00 1.3963648406974410e-01 1 0 0 0 0
P 10126 111 -1.9640657305717468e-01 -1.2202952802181244e-01 -2.9847569465637207e+00 2.9967424869537354e+00 1.3499909408578614e-01 1 0 0 0 0
P 10127 211 -1.3081803917884827e-01 -4.6494718641042709e-02 -9.0197449922561646e-01 9.2321246862411499e-01 1.3959995248431331e-01 1 0 0 0 0
P 10128 -211 -1.5388506650924683e-01 -1.0013636946678162e-01 -8.1760448217391968e-01 8.4951353073120117e-01 1.3960029885342304e-01 1 0 0 0 0
P 10129 111 7.2808146476745605e-02 -1.8123880028724670e-01 -1.2383463382720947e+00 1.2609024047851562e+00 1.3499885909941989e-01 1 0 0 0 0
E 2 -1 -1.0000000000000000e+00 -1.0000000000000000e+00 -1.0000000000000000e+00 0 0 1 0 0 0 0
U GEV MM
H 1 1 2 2 0 0 0 1 0 7.6082434654235840e+00 5.6719923019409180e+00 5.3215116262435913e-01 4.2000000000000000e+01
V -1 0 0 0 0 0 2 73 0
P 10001 2212 0 0 1.0000000000000000e+02 1.0000000000000000e+02 0 101 0 0 -1 0
P 10002 3000001 0 0 -1.0000000000000000e+02 1.0000000000000000e+02 0 102 0 0 -1 0
P 10003 -211 -2.3432646691799164e-01 8.6395025253295898e-01 1.1640731096267700e+00 1.4750841856002808e+00 1.3960020810111065e-01 1 0 0 0 0
P 10004 211 1.4531358145177364e-02 3.1999074853956699e-03 -4.4203791767358780e-02 1.4718575775623322e-01 1.3960040222795222e-01 1 0 0 0 0
P 10005 111 -5.9355556964874268e-01 -2.8547164797782898e-01 2.7525329589843750e+00 2.8334548473358154e+00 1.3500520558604420e-01 1 0 0 0 0
P 10006 211 -5.6382364034652710e-01 -6.5987601876258850e-02 1.9652353525161743e+00 2.0503387451171875e+00 1.3959770031903060e-01 1 0 0 0 0
P 10007 -211 -9.0678535401821136e-02 2.8718355298042297e-01 1.5143940448760986e+00 1.5503464937210083e+00 1.3959920326332348e-01 1 0 0 0 0
P 10008 211 -1.7456485331058502e-01 -2.8184279799461365e-01 1.3062550127506256e-01 3.8270005583763123e-01 1.3959964312986631e-01 1 0 0 0 0
P 10009 211 6.7593777179718018e-01 -4.7252315282821655e-01 -1.5638006925582886e+00 1.7734518051147461e+00 1.3960192591119028e-01 1 0 0 0 0
P 10010 -321 -7.0308178663253784e-01 6.6416627168655396e-01 -1.7621328830718994e+00 2.0698297023773193e+00 4.9360091582135374e-01 1 0 0 0 0
P 10011 211 -1.9058283418416977e-02 -8.7399059534072876e-01 6.2734115123748779e-01 1.0850198268890381e+00 1.3960059382195858e-01 1 0 0 0 0
P 10012 -211 7.4405294656753540e-01 -6.1627581715583801e-02 1.2550399303436279e+00 1.4669784307479858e+00 1.3959850786789310e-01 1 0 0 0 0
P 10013 111 -1.0246197879314423e-01 2.4941995739936829e-01 4.6264210343360901e-01 5.5224221944808960e-01 1.3499992897838259e-01 1 0 0 0 0
P 10014 211 -1.8494486808776855e-01 1.9411605596542358e-01 5.0016814470291138e-01 5.8441609144210815e-01 1.3960067172239701e-01 1 0 0 0 0
P 10015 -211 7.4597501754760742e-01 2.3544259369373322e-02 5.9802579879760742e-01 9.6651750802993774e-01 1.3960006571086872e-01 1 0 0 0 0
P 10016 22 2.8857676312327385e-02 -8.1248795613646507e-03 -4.1781798005104065e-02 5.1424685865640640e-02 2.2843089986411820e-05 1 0 0 0 0
P 10017 211 6.7652657628059387e-02 -7.6806873083114624e-02 -2.5861445069313049e-01 3.1120061874389648e-01 1.3960019040935900e-01 1 0 0 0 0
P 10018 -211 3.3195577561855316e-02 3.2196873426437378e-01 -1.0600382089614868e+00 1.1171101331710815e+00 1.3960026132413475e-01 1 0 0 0 0
P 10019 111 2.4775840342044830e-01 4.7508513927459717e-01 -2.0231823921203613e+00 2.0972797870635986e+00 1.3500147189809947e-01 1 0 0 0 0
P 10020 -211 1.0386350750923157e-01 1.9885170459747314e-01 -1.5263074636459351e+00 1.5490102767944336e+00 1.3960206094481373e-01 1 0 0 0 0
P 10021 111 1.5275826454162598e+00 -4.2458030581474304e-01 -2.6973910331726074e+00 3.1317603588104248e+00 1.3500883124350035e-01 1 0 0 0 0
P 10022 321 2.5945270061492920e-01 4.9050489068031311e-01 -1.1625423431396484e+00 1.3795130252838135e+00 4.9359977278903738e-01 1 0 0 0 0
P 10023 -211 -2.3110578954219818e-01 6.0393476486206055e-01 -8.5618519783020020e-01 1.0819834470748901e+00 1.3959942905186748e-01 1 0 0 0 0
P 10024 -321 1.9517520070075989e-01 -6.8921124935150146e-01 -5.6102532148361206e-01 1.0351308584213257e+00 4.9360001773606216e-01 1 0 0 0 0
P 10025 321 5.1826369762420654e-01 -9.4259738922119141e-01 -7.0599585771560669e-01 1.3780995607376099e+00 4.9360019221215556e-01 1 0 0 0 0
P 10026 211 -4.5878413319587708e-01 -1.0714495927095413e-01 -4.9274021387100220e-01 6.9587647914886475e-01 1.3960026037766801e-01 1 0 0 0 0
P 10027 111 2.2144943475723267e-01 -2.2720044851303101e-01 3.9053633809089661e-02 3.4700164198875427e-01 1.3500021211234012e-01 1 0 0 0 0
P 10028 -211 4.4617506861686707e-01 8.9964136481285095e-02 -1.9903451204299927e-02 4.7649767994880676e-01 1.3959997821870965e-01 1 0 0 0 0
P 10029 111 3.4235650300979614e-01 -3.7871283292770386e-01 4.9488681554794312e-01 7.2371912002563477e-01 1.3500007226024652e-01 1 0 0 0 0
P 10030 211 -3.3621855080127716e-02 -2.2396793961524963e-01 4.2623448371887207e-01 5.0245010852813721e-01 1.3960017669872135e-01 1 0 0 0 0
P 10031 -211 2.0491263270378113e-01 5.4452203214168549e-02 -3.5990697145462036e-01 4.4042643904685974e-01 1.3960010971839715e-01 1 0 0 0 0
P 10032 2212 6.0173439979553223e-01 2.6060631871223450e-01 4.9817615509033203e+01 4.9830764770507812e+01 9.3824445991803052e-01 1 0 0 0 0
P 10033 -2212 -2.0435430109500885e-01 -5.3959254175424576e-02 6.9237961769104004e+00 6.9902811050415039e+00 9.3829853810714092e-01 1 0 0 0 0
P 10034 2112 4.7358632087707520e-02 -6.9470390677452087e-02 8.5042941570281982e-01 1.2700974941253662e+00 9.3960016936822577e-01 1 0 0 0 0
P 10035 211 3.7779903411865234e-01 2.5728079676628113e-01 -5.1086348295211792e-01 6.9956773519515991e-01 1.3959942459207134e-01 1 0 0 0 0
P 10036 -211 -3.2637536525726318e-01 -2.4837838113307953e-01 -5.2498406171798706e-01 6.8066805601119995e-01 1.3959956359190209e-01 1 0 0 0 0
P 10037 -2112 2.3794750869274139e-01 3.3676028251647949e-01 -1.3088976144790649e+00 1.6631561517715454e+00 9.3960040187990956e-01 1 0 0 0 0
P 10038 2212 -1.7624050378799438e-01 3.4372884035110474e-01 -2.0623989105224609e+00 2.2985017299652100e+00 9.3830203328366912e-01 1 0 0 0 0
P 10039 211 -1.6643638908863068e-01 1.4685860276222229e-01 2.4493319988250732e+00 2.4633276462554932e+00 1.3959703263345333e-01 1 0 0 0 0
P 10040 -211 -1.0037364065647125e-01 -9.9494241178035736e-02 5.1738381385803223e+00 5.1776509284973145e+00 1.3962120675091461e-01 1 0 0 0 0
P 10041 111 -1.1008049547672272e-01 -3.2674831151962280e-01 3.4655036926269531e+00 3.4852290153503418e+00 1.3499359712053161e-01 1 0 0 0 0
P 10042 211 1.1977934837341309e-01 -1.2367562949657440e-01 -9.6666657924652100e-01 9.9175274372100830e-01 1.3959396698225934e-01 1 0 0 0 0
P 10043 -211 -3.3740527927875519e-02 2.5929993391036987e-01 -2.9324314594268799e+00 2.9473724365234375e+00 1.3955334603967781e-01 1 0 0 0 0
P 10044 111 6.7108705639839172e-02 -1.1864385008811951e-01 -2.9371860027313232e+00 2.9434423446655273e+00 1.3494917633279893e-01 1 0 0 0 0
P 10045 211 -1.6088905930519104e-01 2.3726277053356171e-01 -4.6417601406574249e-02 3.2221332192420959e-01 1.3959913832013393e-01 1 0 0 0 0
P 10046 -211 -1.2183125317096710e-01 -2.7670663595199585e-01 2.1670652925968170e-01 3.9731243252754211e-01 1.3959238012189915e-01 1 0 0 0 0
P 10047 111 2.1869441866874695e-01 5.7203058153390884e-02 -4.6745338439941406e+00 4.6819429397583008e+00 1.3499479207362330e-01 1 0 0 0 0
P 10048 111 1.0078907012939453e-02 -5.0111716985702515e-01 -1.8494365692138672e+01 1.8501647949218750e+01 1.3488691553429288e-01 1 0 0 0 0
P 10049 2112 -6.8290787935256958e-01 1.3129669427871704e-01 -1.7245227813720703e+01 1.7284801483154297e+01 9.3961586369988181e-01 1 0 0 0 0
P 10050 -211 4.5088991522789001e-02 7.1505203843116760e-02 7.4323266744613647e-03 1.6336856782436371e-01 1.3959956353799963e-01 1 0 0 0 0
P 10051 211 -1.5202358365058899e-01 -1.1530376970767975e-01 1.1165970563888550e-01 2.6146128773689270e-01 1.3959937616945989e-01 1 0 0 0 0
P 10052 111 -8.8928483426570892e-02 -3.9705827832221985e-02 -3.4131187945604324e-02 1.6992551088333130e-01 1.3499967899958515e-01 1 0 0 0 0
P 10053 211 -2.3391985893249512e-01 -1.8563742935657501e-01 -7.0239484310150146e-02 3.3704847097396851e-01 1.3960061263697401e-01 1 0 0 0 0
P 10054 111 -1.7517198622226715e-01 5.1957887411117554e-01 -7.0301651954650879e-01 9.0172350406646729e-01 1.3500229572466729e-01 1 0 0 0 0
P 10055 -211 -2.7394366264343262e-01 -1.4013279974460602e-01 -8.9703311920166016e+00 8.9766921997070312e+00 1.3956655024865922e-01 1 0 0 0 0
P 10056 211 -2.8964015841484070e-01 1.0331231355667114e-01 -1.0438179969787598e+01 1.0443640708923340e+01 1.3951817052551183e-01 1 0 0 0 0
P 10057 111 -3.6985978484153748e-01 2.8414307162165642e-03 -8.2635803222656250e+00 8.2729549407958984e+00 1.3497916777070904e-01 1 0 0 0 0
P 10058 2212 -5.7173404842615128e-02 1.1913885921239853e-01 -7.5226244926452637e+00 7.5820674896240234e+00 9.3829914945682324e-01 1 0 0 0 0
P 10059 -2112 -2.9716315865516663e-01 -4.0819647908210754e-01 -5.0609564781188965e+00 5.1721425056457520e+00 9.3959955134990858e-01 1 0 0 0 0
P 10060 2212 -5.5548900365829468e-01 -1.2209828943014145e-01 -6.4890541076660156e+01 6.4899818420410156e+01 9.3842088373136423e-01 1 0 0 0 0
P 10061 -211 1.1575043201446533e-02 -3.7563809752464294e-01 5.9683041572570801e+00 5.9817571640014648e+00 1.3973651496173628e-01 1 0 0 0 0
P 10062 211 -2.6971858739852905e-01 4.6227425336837769e-01 2.4502351284027100e+00 2.5118906497955322e+00 1.3963112244778222e-01 1 0 0 0 0
P 10063 2212 -8.3006136119365692e-03 -2.6361018419265747e-01 2.5688126087188721e+00 2.7475044727325439e+00 9.3830878690112218e-01 1 0 0 0 0
P 10064 211 5.6883521378040314e-02 1.3196858763694763e-01 6.1318129301071167e-01 6.4508283138275146e-01 1.3960343161700009e-01 1 0 0 0 0
P 10065 -2212 4.0065699815750122e-01 -6.6961824893951416e-02 1.0857771635055542e+00 1.4914191961288452e+00 9.3830125952475185e-01 1 0 0 0 0
P 10066 -211 2.7357703447341919e-01 -2.6256728172302246e-01 8.2594758272171021e-01 9.1949129104614258e-01 1.3960248451649535e-01 1 0 0 0 0
P 10067 -211 1.1254958808422089e-01 6.3234880566596985e-02 -4.0180376172065735e-01 4.4452276825904846e-01 1.3960003105163457e-01 1 0 0 0 0
P 10068 211 -4.9557733535766602e-01 2.6435890793800354e-01 1.4275355637073517e-01 5.9611177444458008e-01 1.3959993642045418e-01 1 0 0 0 0
P 10069 211 6.1884802579879761e-01 2.4060648679733276e-01 -3.1959815025329590e+00 3.2672083377838135e+00 1.3960013405156518e-01 1 0 0 0 0
P 10070 -211 -1.5434126555919647e-01 -1.1709713190793991e-01 -1.4418135881423950e+00 1.4614541530609131e+00 1.3960248562064656e-01 1 0 0 0 0
P 10071 -211 1.1421217024326324e-01 9.7328796982765198e-02 -2.7786967754364014e+00 2.7862446308135986e+00 1.3959247244448300e-01 1 0 0 0 0
P 10072 211 -2.3773714900016785e-01 3.5075199604034424e-01 -2.5462307929992676e+00 2.5850193500518799e+00 1.3959897629979531e-01 1 0 0 0 0
P 10073 111 -1.5848167240619659e-02 -8.7523125112056732e-02 -1.8052351474761963e+00 1.8124597072601318e+00 1.3499922564152489e-01 1 0 0 0 0
P 10074 -211 4.2651250958442688e-01 -1.6921156784519553e-03 -3.4114336967468262e+00 3.4408254623413086e+00 1.3958585497495013e-01 1 0 0 0 0
P 10075 111 -2.2272868454456329e-01 -3.2526794821023941e-03 -5.7719197273254395e+00 5.7777929306030273e+00 1.3496356321236186e-01 1 0 0 0 0
E 3 -1 -1.0000000000000000e+00 -1.0000000000000000e+00 -1.0000000000000000e+00 0 0 1 0 0 0 0
U GEV MM
H 1 1 1 1 0 0 0 0 0 6.8745923042297363e+00 1.2619565725326538e+00 1.0000001192092896e+00 4.2000000000000000e+01
V -1 0 0 0 0 0 2 18 0
P 10001 2212 0 0 1.0000000000000000e+02 1.0000000000000000e+02 0 101 0 0 -1 0
P 10002 3000001 0 0 -1.0000000000000000e+02 1.0000000000000000e+02 0 102 0 0 -1 0
P 10003 2212 1.8423774838447571e-01 -4.7460320591926575e-01 9.8747131347656250e+01 9.8752899169921875e+01 9.3805827243451878e-01 1 0 0 0 0
P 10004 111 2.0857933163642883e-01 -5.1749389618635178e-02 1.9529916346073151e-01 3.2023614645004272e-01 1.3500403450605103e-01 1 0 0 0 0
P 10005 111 1.5168234705924988e-01 2.7049005031585693e-01 -2.4993555247783661e-01 4.2055353522300720e-01 1.3500034765470123e-01 1 0 0 0 0
P 10006 111 -5.9499550610780716e-02 -2.1213057916611433e-03 -8.1481987237930298e-01 8.2807070016860962e-01 1.3499986515682577e-01 1 0 0 0 0
P 10007 321 -8.8471584022045135e-02 2.9556038975715637e-01 -2.4799134731292725e+00 2.5473113059997559e+00 4.9359992938949976e-01 1 0 0 0 0
P 10008 -321 4.6131315827369690e-01 -4.0136945247650146e-01 -4.7942378997802734e+01 4.7948818206787109e+01 4.9351412460468153e-01 1 0 0 0 0
P 10009 2212 -2.9959771037101746e-01 2.7204814553260803e-01 -4.1156799316406250e+01 4.1169483184814453e+01 9.3832124149183316e-01 1 0 0 0 0
P 10010 22 -1.9195312261581421e-01 -1.1859804391860962e-01 -7.1030326187610626e-02 2.3655232787132263e-01 4.4640759525088717e-04 1 0 0 0 0
P 10011 -211 -1.8223667144775391e-01 -2.4703584611415863e-01 -4.6641004085540771e-01 5.7555484771728516e-01 1.3959993851871622e-01 1 0 0 0 0
P 10012 211 9.2548489570617676e-02 -7.6998054981231689e-02 -1.7159856855869293e-01 2.5184950232505798e-01 1.3960007054902029e-01 1 0 0 0 0
P 10013 111 -7.2980709373950958e-02 -7.9120539128780365e-02 -2.3713904619216919e-01 2.9333630204200745e-01 1.3500005634811457e-01 1 0 0 0 0
P 10014 -211 4.0022507309913635e-01 1.2546208500862122e-01 -3.8453775644302368e-01 5.8589947223663330e-01 1.3959964729544164e-01 1 0 0 0 0
P 10015 111 1.3646788895130157e-01 -8.5453689098358154e-02 -1.3925625085830688e+00 1.4083256721496582e+00 1.3500015121944578e-01 1 0 0 0 0
P 10016 22 -1.5608349442481995e-01 -1.1879368126392365e-01 -4.7492629289627075e-01 5.1383751630783081e-01 1.1636626855214266e-04 1 0 0 0 0
P 10017 -211 -3.0034333467483521e-01 8.2006365060806274e-02 -4.0412094444036484e-02 3.4358814358711243e-01 1.3960126232308276e-01 1 0 0 0 0
P 10018 211 3.8573622703552246e-02 6.1832511425018311e-01 -1.3940209522843361e-02 6.3521420955657959e-01 1.3960261924502498e-01 1 0 0 0 0
P 10019 211 -1.0399948060512543e-01 -3.9154745638370514e-02 -8.7963402271270752e-02 1.9893372058868408e-01 1.3959970979904604e-01 1 0 0 0 0
P 10020 -211 -2.1846207976341248e-01 3.1105952337384224e-02 -2.9580478668212891e+00 2.9695498943328857e+00 1.3959273606138020e-01 1 0 0 0 0
E 4 -1 -1.0000000000000000e+00 -1.0000000000000000e+00 -1.0000000000000000e+00 0 0 1 0 0 0 0
U GEV MM
H 1 1 3 3 0 0 0 2 0 6.7791948318481445e+00 5.8638825416564941e+00 8.4052526950836182e-01 4.2000000000000000e+01
V -1 0 0 0 0 0 2 48 0
P 10001 2212 0 0 1.0000000000000000e+02 1.0000000000000000e+02 0 101 0 0 -1 0
P 10002 3000001 0 0 -1.0000000000000000e+02 1.0000000000000000e+02 0 102 0 0 -1 0
P 10003 3122 1.4598035253584385e-02 -3.9825864136219025e-02 5.4975849151611328e+01 5.4987182617187500e+01 1.1155550336561650e+00 1 0 0 0 0
P 10004 211 -1.2384189665317535e-01 2.9406636953353882e-01 1.9836859703063965e+00 2.0140283107757568e+00 1.3960000988011245e-01 1 0 0 0 0
P 10005 111 2.1733509376645088e-02 1.8719635903835297e-01 8.6056077480316162e-01 8.9123767614364624e-01 1.3499972585553011e-01 1 0 0 0 0
P 10006 -321 -4.3702624738216400e-02 -6.9146834313869476e-02 -4.2742851376533508e-01 6.5804821252822876e-01 4.9360015349198849e-01 1 0 0 0 0
P 10007 -2112 -3.6172276735305786e-01 -3.5219644196331501e-03 -5.0727205276489258e+00 5.1716756820678711e+00 9.3961696675105622e-01 1 0 0 0 0
P 10008 2112 -2.3648361861705780e-01 -2.8893198817968369e-02 -1.3829480171203613e+01 1.3863411903381348e+01 9.3963209730701469e-01 1 0 0 0 0
P 10009 211 -1.0833624750375748e-01 1.9110944122076035e-02 -4.9252453446388245e-01 5.2361291646957397e-01 1.3959977985826635e-01 1 0 0 0 0
P 10010 321 -1.5676535665988922e-01 1.0852403193712234e-01 1.0104509353637695e+01 1.0118353843688965e+01 4.9358118459578432e-01 1 0 0 0 0
P 10011 -321 -1.4754685759544373e-01 3.3478856086730957e-01 9.0583648681640625e+00 9.0791788101196289e+00 4.9361961636714413e-01 1 0 0 0 0
P 10012 111 -1.6383333504199982e-01 -2.3095399141311646e-02 2.9299948215484619e+00 2.9377660751342773e+00 1.3500036583865974e-01 1 0 0 0 0
P 10013 111 -4.7547812573611736e-03 -1.8447829410433769e-02 1.1297585964202881e+00 1.1379553079605103e+00 1.3499950509242059e-01 1 0 0 0 0
P 10014 130 -7.8104741871356964e-02 1.9070316851139069e-01 5.5418095588684082e+00 5.5679283142089844e+00 4.9769918246041617e-01 1 0 0 0 0
P 10015 211 -6.7329350858926773e-03 -5.2253022789955139e-02 8.9579388499259949e-02 1.7403541505336761e-01 1.3959995717527343e-01 1 0 0 0 0
P 10016 -211 -3.5568304359912872e-02 4.9654766917228699e-03 3.6838221549987793e-01 3.9557978510856628e-01 1.3959996223540155e-01 1 0 0 0 0
P 10017 321 2.8523221611976624e-01 -5.4545146226882935e-01 -1.9481845200061798e-01 8.1269311904907227e-01 4.9360020432126572e-01 1 0 0 0 0
P 10018 -211 1.0123094916343689e-01 6.6887289285659790e-02 -4.1897666454315186e-01 4.5798614621162415e-01 1.3960032289918417e-01 1 0 0 0 0
P 10019 111 -5.6385114789009094e-02 5.0745144486427307e-02 2.8379578590393066e+00 2.8421790599822998e+00 1.3499129031232579e-01 1 0 0 0 0
P 10020 111 7.3215533047914505e-03 3.6521270871162415e-02 1.2287954092025757e+00 1.2367500066757202e+00 1.3500004802306151e-01 1 0 0 0 0
P 10021 111 2.2114495933055878e-01 4.2590588331222534e-02 5.1167030334472656e+00 5.1234354972839355e+00 1.3499004070272461e-01 1 0 0 0 0
P 10022 111 1.0143254697322845e-01 -5.0799816846847534e-02 3.9951264858245850e-01 4.3669727444648743e-01 1.3499988946095598e-01 1 0 0 0 0
P 10023 111 -1.1423506587743759e-01 -2.3275297880172729e-01 1.0504658222198486e+00 1.0903792381286621e+00 1.3499940693543519e-01 1 0 0 0 0
P 10024 111 7.3114268481731415e-02 -5.3668700158596039e-02 3.5953703522682190e-01 3.9461106061935425e-01 1.3499994011519675e-01 1 0 0 0 0
P 10025 111 -9.0520530939102173e-02 -2.8604635596275330e-01 -4.3946340680122375e-02 3.3192297816276550e-01 1.3500036404469140e-01 1 0 0 0 0
P 10026 111 -7.8904509544372559e-02 -5.4697543382644653e-01 1.7181532084941864e-01 5.9426742792129517e-01 1.3500083175127367e-01 1 0 0 0 0
P 10027 211 3.1565120816230774e-01 -3.2063677906990051e-02 -1.8977056443691254e-01 3.9517685770988464e-01 1.3959984630187208e-01 1 0 0 0 0
P 10028 111 1.1261656880378723e-01 7.3345553874969482e-01 -1.2370086908340454e+00 1.4488115310668945e+00 1.3499937948634033e-01 1 0 0 0 0
P 10029 2112 1.1423118412494659e-02 -2.6739919185638428e-01 -1.8215345382690430e+01 1.8241527557373047e+01 9.3962088113184994e-01 1 0 0 0 0
P 10030 111 -1.6968552768230438e-01 1.1639230698347092e-01 -1.1985987663269043e+01 1.1988513946533203e+01 1.3500383236659214e-01 1 0 0 0 0
P 10031 2112 7.6298981904983521e-02 3.5239052772521973e-01 -9.9994934082031250e+01 1.0000000000000000e+02 9.3976449792216366e-01 1 0 0 0 0
P 10032 2112 4.2213819921016693e-02 -6.8110562860965729e-02 -9.9995658874511719e+01 1.0000010681152344e+02 9.3975928461255509e-01 1 0 0 0 0
P 10033 -211 -2.6325412094593048e-02 4.9509122967720032e-02 -6.0584810562431812e-03 1.5056371688842773e-01 1.3960138635259606e-01 1 0 0 0 0
P 10034 2112 -1.1398520320653915e-01 -1.0615518689155579e-01 -1.1045423889160156e+02 1.1045834350585938e+02 9.3941438416969569e-01 1 0 0 0 0
P 10035 211 1.5394553542137146e-02 1.5805424749851227e-01 -1.3111383914947510e+00 1.3280776739120483e+00 1.3960046153616909e-01 1 0 0 0 0
P 10036 111 1.4695066213607788e-01 1.1423550546169281e-01 5.5284500122070312e-03 2.2999957203865051e-01 1.3499996877075474e-01 1 0 0 0 0
P 10037 321 -1.4903880655765533e-01 2.7632363140583038e-02 -3.1502661705017090e+00 3.1923024654388428e+00 4.9360102561334734e-01 1 0 0 0 0
P 10038 -211 4.2684668302536011e-01 9.4402186572551727e-02 -2.4301819801330566e+00 2.4731321334838867e+00 1.3960024880961394e-01 1 0 0 0 0
P 10039 111 1.5486419200897217e-01 -2.0279175043106079e-01 -2.1718255996704102e+01 2.1720176696777344e+01 1.3536908379104870e-01 1 0 0 0 0
P 10040 130 -3.0009520053863525e-01 1.2220363318920135e-01 -2.1306842803955078e+01 2.1315114974975586e+01 4.9757940735646211e-01 1 0 0 0 0
P 10041 -211 1.5428189933300018e-01 1.0276327840983868e-02 -1.0982862114906311e-01 2.3549723625183105e-01 1.3959983840625645e-01 1 0 0 0 0
P 10042 2212 2.4288532137870789e-01 4.0550380945205688e-01 -6.9806938171386719e+01 6.9814842224121094e+01 9.3816378969337877e-01 1 0 0 0 0
P 10043 211 1.0472153872251511e-01 8.6536154150962830e-02 -4.0917837619781494e-01 4.5317786931991577e-01 1.3959989629583416e-01 1 0 0 0 0
P 10044 -211 -4.5757722109556198e-02 1.7452560365200043e-02 -9.6419647336006165e-02 1.7658782005310059e-01 1.3959995989523102e-01 1 0 0 0 0
P 10045 -211 7.4965573847293854e-02 -2.5186425447463989e-01 -6.9443058967590332e+00 6.9506778717041016e+00 1.3958169110043453e-01 1 0 0 0 0
P 10046 211 -2.5856184959411621e-01 1.3999579846858978e-01 -7.7088637351989746e+00 7.7157320976257324e+00 1.3960179372669318e-01 1 0 0 0 0
P 10047 -211 4.7651603817939758e-02 6.1689794063568115e-02 -1.8546615540981293e-01 2.4487170577049255e-01 1.3959996936398825e-01 1 0 0 0 0
P 10048 211 -9.2074133455753326e-02 -9.6575930714607239e-02 -3.3817800879478455e-01 3.8943171501159668e-01 1.3959992327880266e-01 1 0 0 0 0
P 10049 111 -3.1265739351511002e-02 -1.4662633836269379e-01 -1.2279213219881058e-01 2.3617734014987946e-01 1.3499999522775510e-01 1 0 0 0 0
P 10050 2112 2.4165460467338562e-01 -7.0336323976516724e-01 -9.9993682861328125e+01 1.0000085449218750e+02 9.3870666386193147e-01 1 0 0 0 0
E 5 -1 -1.0000000000000000e+00 -1.0000000000000000e+00 -1.0000000000000000e+00 0 0 1 0 0 0 0
U GEV MM
H 1 1 5 5 0 0 0 4 0 4.7453274726867676e+00 5.5236353874206543e+00 4.8158615827560425e-01 4.2000000000000000e+01
V -1 0 0 0 0 0 2 164 0
P 10001 2212 0 0 1.0000000000000000e+02 1.0000000000000000e+02 0 101 0 0 -1 0
P 10002 3000001 0 0 -1.0000000000000000e+02 1.0000000000000000e+02 0 102 0 0 -1 0
P 10003 -211 -7.9642283916473389e-01 3.6879640817642212e-01 5.1203293800354004e+00 5.1968803405761719e+00 1.3961441467969821e-01 1 0 0 0 0
P 10004 -211 -2.0348776876926422e-01 1.6489244997501373e-01 -8.9499793946743011e-02 3.0999225378036499e-01 1.3960011529316443e-01 1 0 0 0 0
P 10005 211 3.0335596203804016e-01 -1.8907605111598969e-01 -1.1760725826025009e-01 4.0136542916297913e-01 1.3959995602452044e-01 1 0 0 0 0
P 10006 -321 1.1304427385330200e+00 3.2172408699989319e-01 -1.1021517515182495e+00 1.6851665973663330e+00 4.9359984222701164e-01 1 0 0 0 0
P 10007 111 3.4429916739463806e-01 2.0739275217056274e-01 1.0410797595977783e+00 1.1241109371185303e+00 1.3499875104537434e-01 1 0 0 0 0
P 10008 -2212 -8.7235838174819946e-01 -4.5717462897300720e-01 -1.0201613426208496e+01 1.0291906356811523e+01 9.3829748587377548e-01 1 0 0 0 0
P 10009 2212 -1.3736556470394135e-01 -3.3739346265792847e-01 -5.1303801536560059e+00 5.2281827926635742e+00 9.3829161003673489e-01 1 0 0 0 0
P 10010 111 -4.0775439143180847e-01 -2.2689705714583397e-02 -1.0922842025756836e+01 1.0931308746337891e+01 1.3510929518810805e-01 1 0 0 0 0
P 10011 211 -3.3811405301094055e-01 5.9671604633331299e-01 -3.2449812889099121e+00 3.3196060657501221e+00 1.3960556433904964e-01 1 0 0 0 0
P 10012 211 2.7469652891159058e-01 1.7837350070476532e-01 7.0708259940147400e-02 3.6299186944961548e-01 1.3959996602081964e-01 1 0 0 0 0
P 10013 321 -3.6150082945823669e-01 1.2535464763641357e-01 2.4137632548809052e-01 6.6955214738845825e-01 4.9359994953739672e-01 1 0 0 0 0
P 10014 321 -8.4750182926654816e-02 -9.8133012652397156e-02 3.5980191826820374e-01 6.2442862987518311e-01 4.9360005241083826e-01 1 0 0 0 0
P 10015 2212 1.1598076820373535e+00 -1.1951420307159424e+00 2.1958620071411133e+01 2.2041662216186523e+01 9.3827473534570616e-01 1 0 0 0 0
P 10016 111 1.7675143480300903e-01 -1.0425854474306107e-01 1.2649216651916504e+00 1.2885506153106689e+00 1.3499983440516769e-01 1 0 0 0 0
P 10017 310 -2.2959567606449127e-01 1.7337778583168983e-02 2.0641064643859863e+00 2.1357095241546631e+00 4.9769961041898592e-01 1 0 0 0 0
P 10018 111 1.1065148562192917e-01 2.4650952219963074e-01 6.8330800533294678e-01 7.4709141254425049e-01 1.3500019533261007e-01 1 0 0 0 0
P 10019 211 7.6710470020771027e-02 1.8387295305728912e-02 5.4810661077499390e-01 5.7107925415039062e-01 1.3959967373259904e-01 1 0 0 0 0
P 10020 -211 -8.2467086613178253e-02 1.2979280948638916e-01 4.2505511641502380e-01 4.7308242321014404e-01 1.3959990469537162e-01 1 0 0 0 0
P 10021 111 -6.7160308361053467e-02 2.8997483849525452e-01 7.6114565134048462e-01 8.2834988832473755e-01 1.3499970723514132e-01 1 0 0 0 0
P 10022 211 -2.0721003413200378e-01 -1.8762421607971191e-01 5.0148224830627441e-01 5.9085655212402344e-01 1.3960005414418850e-01 1 0 0 0 0
P 10023 -211 -3.3527612686157227e-07 2.4638324975967407e-01 3.0494379997253418e-01 4.1615334153175354e-01 1.3960006004334319e-01 1 0 0 0 0
P 10024 111 7.0863768458366394e-02 -2.4105688557028770e-02 4.9537897109985352e-02 1.6211651265621185e-01 1.3500000935112105e-01 1 0 0 0 0
P 10025 211 -6.3714742660522461e-02 -1.0072439163923264e-01 -1.2403739988803864e-01 2.2153656184673309e-01 1.3960014384124420e-01 1 0 0 0 0
P 10026 111 5.9926432371139526e-01 -5.3091797977685928e-02 -5.6050401926040649e-01 8.3326250314712524e-01 1.3500064762127417e-01 1 0 0 0 0
P 10027 321 3.0910162255167961e-02 -2.8974568843841553e-01 7.8220462799072266e-01 9.6973866224288940e-01 4.9360003129986907e-01 1 0 0 0 0
P 10028 -211 -4.1393544524908066e-02 2.2941157221794128e-02 -1.2460525333881378e-01 1.9301386177539825e-01 1.3959999804732076e-01 1 0 0 0 0
P 10029 211 -3.2285788655281067e-01 -6.7883944138884544e-03 1.2415966391563416e-01 3.7307778000831604e-01 1.3959982300928664e-01 1 0 0 0 0
P 10030 -211 3.4193071722984314e-01 1.8397200852632523e-02 7.2793126106262207e-01 8.1647241115570068e-01 1.3960016103736150e-01 1 0 0 0 0
P 10031 22 7.3420643806457520e-02 -1.4716570079326630e-01 -9.7790062427520752e-03 1.6475424170494080e-01 -5.6835320181605540e-05 1 0 0 0 0
P 10032 -321 -7.0991903543472290e-02 -2.5375828146934509e-02 1.7528429627418518e-02 4.9963194131851196e-01 4.9360008905756203e-01 1 0 0 0 0
P 10033 211 -2.9957816004753113e-03 3.1022194027900696e-01 -4.4802963733673096e-01 5.6255251169204712e-01 1.3959994821302277e-01 1 0 0 0 0
P 10034 111 -1.3575346767902374e-01 -1.1229093372821808e-01 -2.6048317551612854e-02 2.2347651422023773e-01 1.3499992509747422e-01 1 0 0 0 0
P 10035 211 -4.5447444915771484e-01 5.4507739841938019e-03 -1.4863996505737305e+00 1.5605924129486084e+00 1.3959950663529178e-01 1 0 0 0 0
P 10036 -211 2.5988459587097168e-01 9.5173299312591553e-02 -2.2428088188171387e+00 2.2641282081604004e+00 1.3959650837551127e-01 1 0 0 0 0
P 10037 -211 -9.7486108541488647e-01 -3.9599210023880005e-01 -1.0572398185729980e+01 1.0625546455383301e+01 1.3953565341598401e-01 1 0 0 0 0
P 10038 321 2.9764324426651001e-01 2.6626441627740860e-02 -9.3492454290390015e-01 1.0986471176147461e+00 4.9360016194068890e-01 1 0 0 0 0
P 10039 -211 5.0229385495185852e-02 -9.7933158278465271e-02 -1.8024938106536865e+00 1.8112388849258423e+00 1.3960109657499725e-01 1 0 0 0 0
P 10040 -211 1.2142793089151382e-01 1.0230797529220581e-01 -1.7761626839637756e-01 2.7612924575805664e-01 1.3959999052605396e-01 1 0 0 0 0
P 10041 111 -2.2011330723762512e-01 -5.2482664585113525e-01 -1.9793361425399780e-02 5.8524328470230103e-01 1.3500018116352278e-01 1 0 0 0 0
P 10042 211 -2.9501745104789734e-01 2.7330094575881958e-01 -6.0058742761611938e-01 7.3615360260009766e-01 1.3960001803399352e-01 1 0 0 0 0
P 10043 111 4.3828347325325012e-01 -1.2464851140975952e-01 -1.4543299376964569e-01 4.9699640274047852e-01 1.3500005309840715e-01 1 0 0 0 0
P 10044 -211 -4.5344802737236023e-01 -2.5172740221023560e-02 1.4314557313919067e+00 1.5082449913024902e+00 1.3960179968822142e-01 1 0 0 0 0
P 10045 111 -3.4716519713401794e-01 -4.6298259496688843e-01 1.2711489200592041e+00 1.4031823873519897e+00 1.3499880689759125e-01 1 0 0 0 0
P 10046 211 -5.8531962335109711e-02 6.4246207475662231e-02 4.3954437971115112e-01 4.6929839253425598e-01 1.3959997747052638e-01 1 0 0 0 0
P 10047 111 5.4404693841934204e-01 -6.5489822626113892e-01 1.8597954511642456e+00 2.0498640537261963e+00 1.3499911341978893e-01 1 0 0 0 0
P 10048 22 -6.8793231248855591e-01 1.0324399471282959e+00 3.0392441749572754e+00 3.2827098369598389e+00 -2.0957888653851840e-03 1 0 0 0 0
P 10049 22 -9.5240488648414612e-02 3.4441024065017700e-01 3.5900282859802246e-01 5.0652951002120972e-01 -2.2574710613059375e-04 1 0 0 0 0
P 10050 111 2.7635896205902100e-01 -4.1657245159149170e-01 3.4209361672401428e-01 6.2061256170272827e-01 1.3500009557263587e-01 1 0 0 0 0
P 10051 111 3.4706842899322510e-01 -2.2161680459976196e-01 4.3100526928901672e-01 6.1119633913040161e-01 1.3499970491327998e-01 1 0 0 0 0
P 10052 111 4.6302297711372375e-01 -4.1787925362586975e-01 7.6048952341079712e-01 9.9276512861251831e-01 1.3499976824157423e-01 1 0 0 0 0
P 10053 -321 -3.1029939651489258e-01 3.1054416298866272e-01 7.1967256069183350e-01 9.7687923908233643e-01 4.9360010179649294e-01 1 0 0 0 0
P 10054 111 -3.7175841629505157e-02 -2.3039361834526062e-01 9.6848309040069580e-02 2.8647488355636597e-01 1.3500000507269974e-01 1 0 0 0 0
P 10055 -211 2.5795927643775940e-01 -1.4081832766532898e-01 8.6443051695823669e-02 3.3665016293525696e-01 1.3959993306264831e-01 1 0 0 0 0
P 10056 310 -4.6297276020050049e-01 -5.2772283554077148e-02 1.7176313400268555e+00 1.8479963541030884e+00 4.9769911988738130e-01 1 0 0 0 0
P 10057 211 -1.9014221429824829e-01 2.1006323397159576e-01 6.6846513748168945e-01 7.3933368921279907e-01 1.3959957038525378e-01 1 0 0 0 0
P 10058 -211 2.6788927614688873e-02 -1.0757745802402496e-01 -1.0468000173568726e-01 2.0672838389873505e-01 1.3960002087515386e-01 1 0 0 0 0
P 10059 130 1.7836639285087585e-01 -3.3870056271553040e-02 -1.1704227924346924e+00 1.2847398519515991e+00 4.9769993302342597e-01 1 0 0 0 0
P 10060 310 -9.1331601142883301e-01 -4.2548453807830811e-01 -6.3711647987365723e+00 6.4695153236389160e+00 4.9769910715485255e-01 1 0 0 0 0
P 10061 130 6.6980397701263428e-01 -4.3423607945442200e-01 -7.6203614473342896e-01 1.2106207609176636e+00 4.9769991014946613e-01 1 0 0 0 0
P 10062 111 1.4831255674362183e+00 6.7075759172439575e-01 9.0795269012451172e+00 9.2252731323242188e+00 1.3519770674989440e-01 1 0 0 0 0
P 10063 3122 -6.4798945188522339e-01 -2.1851870417594910e-01 1.0789129734039307e+00 1.6959520578384399e+00 1.1155982361396419e+00 1 0 0 0 0
P 10064 -2112 -1.2795501947402954e+00 -4.6214744448661804e-01 -1.8560659885406494e-01 1.6637692451477051e+00 9.3960062274125322e-01 1 0 0 0 0
P 10065 -211 -5.3712332248687744e-01 -8.8470160961151123e-01 -4.5154482126235962e-01 1.1377958059310913e+00 1.3960003143618679e-01 1 0 0 0 0
P 10066 -211 6.5345764160156250e-01 -2.8761932253837585e-01 -6.2651228904724121e+00 6.3072171211242676e+00 1.3961094590608716e-01 1 0 0 0 0
P 10067 211 4.3720811605453491e-01 -1.2631824612617493e-01 -4.3101058006286621e+00 4.3363127708435059e+00 1.3960371742649000e-01 1 0 0 0 0
P 10068 -211 -1.8590968847274780e-01 4.7366154193878174e-01 -1.1062935829162598e+01 1.1075510978698730e+01 1.3955862756104850e-01 1 0 0 0 0
P 10069 2212 4.7657035291194916e-02 9.2602837085723877e-01 -2.7150508880615234e+01 2.7182537078857422e+01 9.3829090928484149e-01 1 0 0 0 0
P 10070 211 4.7526407241821289e-01 2.7424249053001404e-01 2.5267710685729980e+00 2.5894298553466797e+00 1.3960680728226310e-01 1 0 0 0 0
P 10071 111 5.6088352203369141e-01 -1.3188570737838745e-01 9.2193609476089478e-01 1.0955253839492798e+00 1.3500199611350680e-01 1 0 0 0 0
P 10072 -211 -1.3027787208557129e-01 -1.0928834974765778e-01 2.1764302253723145e-01 3.0947181582450867e-01 1.3959961384210895e-01 1 0 0 0 0
P 10073 211 1.2150374799966812e-01 6.1574941873550415e-01 1.5098667144775391e+00 1.6410650014877319e+00 1.3959346750350862e-01 1 0 0 0 0
P 10074 111 -3.5830539464950562e-01 2.6725655794143677e-01 5.2583092451095581e-01 7.0322936773300171e-01 1.3499836618444061e-01 1 0 0 0 0
P 10075 211 -3.5683014988899231e-01 -4.5906198024749756e-01 -3.3298325538635254e-01 6.8442070484161377e-01 1.3960012632388252e-01 1 0 0 0 0
P 10076 130 -8.2597428560256958e-01 -5.5342040956020355e-02 1.4295192062854767e-01 9.7644096612930298e-01 4.9770015747464158e-01 1 0 0 0 0
P 10077 -211 2.2845104336738586e-01 -4.0954536199569702e-01 -5.9765839576721191e-01 7.7239954471588135e-01 1.3960020020913205e-01 1 0 0 0 0
P 10078 111 5.2730247378349304e-02 1.3726624846458435e-01 -5.5997449159622192e-01 5.9449046850204468e-01 1.3499994053780334e-01 1 0 0 0 0
P 10079 211 -4.6743586659431458e-02 1.8006899952888489e-01 -2.3597350716590881e-01 3.3133286237716675e-01 1.3960000759937649e-01 1 0 0 0 0
P 10080 -211 1.5777884423732758e-01 -9.6864998340606689e-04 -1.8333159387111664e-01 2.7927359938621521e-01 1.3960002876486430e-01 1 0 0 0 0
P 10081 111 1.3505907356739044e-01 7.3573613166809082e-01 -3.2143571972846985e-01 8.2528460025787354e-01 1.3500052114947794e-01 1 0 0 0 0
P 10082 211 6.0168255120515823e-02 -1.4947609603404999e-01 -7.7866482734680176e-01 8.0732303857803345e-01 1.3960033331627933e-01 1 0 0 0 0
P 10083 -211 2.5787785649299622e-01 -5.3847634792327881e-01 -3.1094572544097900e+00 3.1693327426910400e+00 1.3959889236533005e-01 1 0 0 0 0
P 10084 111 2.7998501062393188e-01 -3.0574601888656616e-01 -1.4963279962539673e+00 1.5585553646087646e+00 1.3500043680773355e-01 1 0 0 0 0
P 10085 211 2.0044322311878204e-01 -2.3138874769210815e-01 -1.1984567642211914e+00 1.2447909116744995e+00 1.3959785036717201e-01 1 0 0 0 0
P 10086 111 -5.6028020381927490e-01 -1.4571994543075562e-02 -3.3333404064178467e+00 3.3828256130218506e+00 1.3499856755548620e-01 1 0 0 0 0
P 10087 22 3.4977123141288757e-01 2.1400709450244904e-01 -9.1908550262451172e+00 9.1999969482421875e+00 -3.3491209358041236e-03 1 0 0 0 0
P 10088 22 -6.9963485002517700e-03 -1.0984006524085999e-01 -1.3169875144958496e+01 1.3170333862304688e+01 -5.5747690994088382e-03 1 0 0 0 0
P 10089 211 3.2236146926879883e-01 1.7438206076622009e-01 -2.9438855648040771e+00 2.9698951244354248e+00 1.3960233342346234e-01 1 0 0 0 0
P 10090 -211 2.9791235923767090e-02 -2.9751248657703400e-02 -4.0191836357116699e+00 4.0218276977539062e+00 1.3960042375813037e-01 1 0 0 0 0
P 10091 111 1.8085002899169922e-01 3.2422132790088654e-02 -8.6844205856323242e-01 8.9787238836288452e-01 1.3500107044749379e-01 1 0 0 0 0
P 10092 310 -2.4796751141548157e-01 -2.5381213426589966e-01 6.9474923610687256e-01 9.2535907030105591e-01 4.9769912768574703e-01 1 0 0 0 0
P 10093 310 -1.0177408456802368e+00 -1.7212739586830139e-01 -4.3208467960357666e-01 1.2246741056442261e+00 4.9769993501409354e-01 1 0 0 0 0
P 10094 2112 -1.0635527372360229e+00 3.8924343883991241e-02 -4.3953270912170410e+00 4.6189184188842773e+00 9.3959969779313124e-01 1 0 0 0 0
P 10095 2112 -3.2403272390365601e-01 -9.7608618438243866e-02 -5.0001155853271484e+01 5.0011127471923828e+01 9.3955292629797116e-01 1 0 0 0 0
P 10096 211 -7.4369564652442932e-02 7.7583104372024536e-02 8.2195281982421875e-02 1.9440743327140808e-01 1.3960019878357194e-01 1 0 0 0 0
P 10097 -211 1.1840204149484634e-01 -1.0663527995347977e-01 -1.2477549910545349e-01 2.4586032330989838e-01 1.3960031174796286e-01 1 0 0 0 0
P 10098 111 1.5114462375640869e-01 3.9034444093704224e-01 -2.3931723088026047e-02 4.4046714901924133e-01 1.3500037827450043e-01 1 0 0 0 0
P 10099 -2112 2.5333341956138611e-01 3.9009234309196472e-01 -4.7130289077758789e+00 4.8282337188720703e+00 9.3960071355682007e-01 1 0 0 0 0
P 10100 211 3.1962981820106506e-01 7.4369259178638458e-02 -2.4808883666992188e+00 2.5063896179199219e+00 1.3959878724125555e-01 1 0 0 0 0
P 10101 211 8.3721779286861420e-02 -3.9330458641052246e-01 -2.2713670730590820e+01 2.2717660903930664e+01 1.3993232029520161e-01 1 0 0 0 0
P 10102 -211 2.1644292771816254e-01 2.1620118618011475e-01 -1.4848193168640137e+01 1.4852000236511230e+01 1.3957133736239563e-01 1 0 0 0 0
P 10103 211 1.5745067596435547e-01 -1.3521519303321838e-01 -5.2483606338500977e+00 5.2543172836303711e+00 1.3959552399987843e-01 1 0 0 0 0
P 10104 -211 -1.6617542505264282e-01 -9.2443630099296570e-02 -1.4141637086868286e-01 2.7503961324691772e-01 1.3959979322328220e-01 1 0 0 0 0
P 10105 211 -1.9912540912628174e-02 -2.2426724433898926e-02 4.7470882534980774e-02 1.5046946704387665e-01 1.3959981579281258e-01 1 0 0 0 0
P 10106 111 -7.5883835554122925e-02 -8.6940556764602661e-02 -7.5014317035675049e-01 7.7088034152984619e-01 1.3499891857104357e-01 1 0 0 0 0
P 10107 -211 -2.0517235994338989e-01 6.5569972991943359e-01 -1.5235617637634277e+01 1.5251740455627441e+01 1.3965776931098928e-01 1 0 0 0 0
P 10108 111 -6.6452786326408386e-02 -2.1616436541080475e-01 -4.7829365730285645e+00 4.7901825904846191e+00 1.3499623285006007e-01 1 0 0 0 0
P 10109 2212 1.8722596764564514e-01 -3.5863965749740601e-01 -5.1453819274902344e+01 5.1463970184326172e+01 9.3863368361164390e-01 1 0 0 0 0
P 10110 111 -7.3572590947151184e-02 1.1088065057992935e-01 -4.4742789268493652e+00 4.4782924652099609e+00 1.3499645882872777e-01 1 0 0 0 0
P 10111 3122 4.1669693589210510e-01 3.5435289144515991e-01 -5.7557064294815063e-01 1.3693236112594604e+00 1.1155999638183429e+00 1 0 0 0 0
P 10112 -2112 2.2266616821289062e+00 2.7192094922065735e-01 -4.2872244119644165e-01 2.4695370197296143e+00 9.3959933532511353e-01 1 0 0 0 0
P 10113 111 3.0908167362213135e-01 9.0236449241638184e-01 -9.8486107587814331e-01 1.3776681423187256e+00 1.3500004976718424e-01 1 0 0 0 0
P 10114 2212 4.0620130300521851e-01 -1.2214158475399017e-01 -1.8046586990356445e+01 1.8075941085815430e+01 9.3831022166361455e-01 1 0 0 0 0
P 10115 -211 -5.9603905677795410e-01 8.1999665498733521e-01 -7.2466859817504883e+00 7.3185801506042480e+00 1.3964466092297034e-01 1 0 0 0 0
P 10116 211 7.0277452468872070e-03 3.2496517896652222e-01 -2.3641347885131836e+00 2.3904545307159424e+00 1.3959874074683498e-01 1 0 0 0 0
P 10117 111 -3.7137448787689209e-01 1.8443745374679565e-01 -1.9046207666397095e+00 1.9539043903350830e+00 1.3500339723522706e-01 1 0 0 0 0
P 10118 321 -1.7097193002700806e-01 5.5710989236831665e-01 -2.5641381740570068e+00 2.6754527091979980e+00 4.9359881530116023e-01 1 0 0 0 0
P 10119 -211 -2.5633567571640015e-01 4.3175131082534790e-02 -3.3748078346252441e-01 4.4827827811241150e-01 1.3959965913988379e-01 1 0 0 0 0
P 10120 211 1.3244482874870300e-01 7.6340712606906891e-02 1.2784831225872040e-01 2.4331617355346680e-01 1.3959954262709418e-01 1 0 0 0 0
P 10121 -211 -1.1416134238243103e-01 -3.6856210231781006e-01 2.9058438539505005e-01 5.0279015302658081e-01 1.3959877358197328e-01 1 0 0 0 0
P 10122 111 -1.4710938930511475e-01 3.3568479120731354e-02 1.7117129266262054e-01 2.6512736082077026e-01 1.3499959559862254e-01 1 0 0 0 0
P 10123 -211 6.5788179636001587e-03 -5.4587647318840027e-02 1.3341215252876282e-01 2.0077383518218994e-01 1.3960028067952818e-01 1 0 0 0 0
P 10124 211 6.3630020618438721e-01 -5.0608885288238525e-01 4.4028344750404358e-01 9.3506258726119995e-01 1.3960174980085679e-01 1 0 0 0 0
P 10125 111 4.7941109538078308e-01 -4.6257010102272034e-01 9.2973387241363525e-01 1.1517103910446167e+00 1.3500242439496457e-01 1 0 0 0 0
P 10126 2112 -8.2810059189796448e-02 -6.0986602306365967e-01 -8.1845498085021973e-01 1.3897880315780640e+00 9.3959999204373901e-01 1 0 0 0 0
P 10127 -211 1.9048836082220078e-02 4.1166156530380249e-02 1.4746093750000000e-01 2.0806342363357544e-01 1.3959996262956059e-01 1 0 0 0 0
P 10128 -2212 -4.4436264038085938e-01 -8.5273712873458862e-02 -1.4358688592910767e+00 1.7739381790161133e+00 9.3830033550866443e-01 1 0 0 0 0
P 10129 211 2.3957662284374237e-02 -7.0555899292230606e-03 -4.3628372251987457e-02 1.4837570488452911e-01 1.3960001433825645e-01 1 0 0 0 0
P 10130 111 7.2075821459293365e-02 2.7755882591009140e-02 -5.7865065336227417e-01 5.9918850660324097e-01 1.3499990648662524e-01 1 0 0 0 0
P 10131 111 -3.9644807577133179e-02 7.9090513288974762e-02 -2.2406692802906036e-01 2.7614849805831909e-01 1.3499994327163228e-01 1 0 0 0 0
P 10132 -211 -4.0667265653610229e-02 -4.1968584060668945e-02 -3.2938584685325623e-01 3.6248910427093506e-01 1.3959987845306071e-01 1 0 0 0 0
P 10133 211 1.6022010147571564e-01 -9.2355243861675262e-02 -9.4981205463409424e-01 9.7766613960266113e-01 1.3960003370949595e-01 1 0 0 0 0
P 10134 111 -2.5608241558074951e-01 1.1311410367488861e-01 -2.8056080341339111e+00 2.8227705955505371e+00 1.3499774030753095e-01 1 0 0 0 0
P 10135 -211 1.3091670349240303e-02 -6.8166479468345642e-02 -6.2400617599487305e+00 6.2420096397399902e+00 1.3962633661625662e-01 1 0 0 0 0
P 10136 211 1.3814836740493774e-01 2.3327285423874855e-02 -3.9916977882385254e+00 3.9965944290161133e+00 1.3959464084412823e-01 1 0 0 0 0
P 10137 111 -1.1219630390405655e-01 -2.6510013267397881e-02 -3.8867857456207275e+00 3.8908383846282959e+00 1.3501522700526367e-01 1 0 0 0 0
P 10138 22 -1.3988908380270004e-02 2.7535811066627502e-02 -2.4174006283283234e-01 2.4370509386062622e-01 6.5927432196938727e-05 1 0 0 0 0
P 10139 -211 -1.7888322472572327e-01 2.4463266134262085e-01 -4.2638528347015381e-01 5.4142123460769653e-01 1.3960012980062705e-01 1 0 0 0 0
P 10140 211 -2.5838884711265564e-01 5.4000571370124817e-02 -1.2722730636596680e+00 1.3068464994430542e+00 1.3960002353903755e-01 1 0 0 0 0
P 10141 2112 6.2472347170114517e-02 -1.3062696158885956e-01 -9.9995483398437500e+01 1.0000000000000000e+02 9.3932620295370906e-01 1 0 0 0 0
P 10142 111 -4.6592080593109131e-01 7.2489571571350098e-01 3.2639875411987305e+00 3.3785185813903809e+00 1.3497088441686536e-01 1 0 0 0 0
P 10143 321 -1.5587483532726765e-02 -1.4528489112854004e-01 2.8771491050720215e+00 2.9228370189666748e+00 4.9359760675285785e-01 1 0 0 0 0
P 10144 3122 1.4910538680851460e-02 2.9905278235673904e-02 8.9738428592681885e-01 1.4321236610412598e+00 1.1155998270238878e+00 1 0 0 0 0
P 10145 -2112 -6.3409390859305859e-03 -2.3917476832866669e-01 2.3143871128559113e-01 9.9682319164276123e-01 9.3959981960500771e-01 1 0 0 0 0
P 10146 321 8.1891089677810669e-01 -2.4207496643066406e-01 8.3340650796890259e-01 1.2912876605987549e+00 4.9360112302886289e-01 1 0 0 0 0
P 10147 111 7.2438076138496399e-02 -3.3020025491714478e-01 1.4050301909446716e-01 3.9018696546554565e-01 1.3500106082011623e-01 1 0 0 0 0
P 10148 111 3.3984613418579102e-01 -8.1641420722007751e-02 -3.7057256698608398e-01 5.2698171138763428e-01 1.3499992679942319e-01 1 0 0 0 0
P 10149 2112 1.2884669005870819e-02 6.0954010486602783e-01 -4.3767848968505859e+01 4.3782176971435547e+01 9.3952747380063317e-01 1 0 0 0 0
P 10150 211 -2.8913399204611778e-02 -1.3251025229692459e-02 4.6844097971916199e-01 4.8983341455459595e-01 1.3960031594077113e-01 1 0 0 0 0
P 10151 -211 -9.9493619054555893e-03 4.8223234713077545e-02 1.6931701898574829e+00 1.6996289491653442e+00 1.3960230245361022e-01 1 0 0 0 0
P 10152 -211 3.9905554056167603e-01 -2.2005438804626465e-03 6.7363756895065308e-01 7.9531490802764893e-01 1.3959964821925766e-01 1 0 0 0 0
P 10153 111 -3.4039846062660217e-01 -1.9734510779380798e-01 1.0026080608367920e+00 1.0854786634445190e+00 1.3499926507680302e-01 1 0 0 0 0
P 10154 -321 1.0045098513364792e-01 -4.1620731353759766e-01 -7.2428327798843384e-01 9.7547233104705811e-01 4.9360011508123253e-01 1 0 0 0 0
P 10155 111 5.4698932915925980e-02 1.9796299934387207e-01 -1.1401120573282242e-01 2.7093335986137390e-01 1.3500002993243337e-01 1 0 0 0 0
P 10156 211 -4.0650019049644470e-01 5.6311267614364624e-01 1.9714680314064026e-01 7.3531883955001831e-01 1.3960172957849185e-01 1 0 0 0 0
P 10157 111 -9.2959332466125488e-01 4.3061640858650208e-01 -4.8506432771682739e-01 1.1415286064147949e+00 1.3500339492480745e-01 1 0 0 0 0
P 10158 211 -1.2235649675130844e-01 -2.0034086704254150e-01 -1.4371657371520996e-01 3.0862632393836975e-01 1.3960006791782703e-01 1 0 0 0 0
P 10159 -211 -3.9220547676086426e-01 -2.0985129475593567e-01 -6.9729232788085938e-01 8.3878928422927856e-01 1.3960003905586180e-01 1 0 0 0 0
P 10160 111 -3.4435737133026123e-01 2.6801981031894684e-02 -5.0243631005287170e-02 3.7423223257064819e-01 1.3499998541294292e-01 1 0 0 0 0
P 10161 211 3.1372112035751343e-01 4.9983721971511841e-01 -1.7386110305786133e+01 1.7396680831909180e+01 1.3933490152347811e-01 1 0 0 0 0
P 10162 -211 1.2353960424661636e-01 -2.7651011943817139e-01 -4.2358746528625488e+00 4.2489805221557617e+00 1.3957622622247737e-01 1 0 0 0 0
P 10163 -211 1.5123265981674194e-01 1.8677863478660583e-01 -2.5656312942504883e+01 2.5657815933227539e+01 1.3916567045596520e-01 1 0 0 0 0
P 10164 111 1.5111820399761200e-01 -1.3640768826007843e-01 -2.2945983409881592e+00 2.3075637817382812e+00 1.3500107899103439e-01 1 0 0 0 0
P 10165 22 -9.6279062330722809e-02 6.4820483326911926e-02 2.2841181755065918e+00 2.2870655059814453e+00 1.1983607908041859e-03 1 0 0 0 0
P 10166 22 1.4390519261360168e-01 4.3270999193191528e-01 1.4462854862213135e+00 1.5164724588394165e+00 6.0760609662695796e-04 1 0 0 0 0
E 6 -1 -1.0000000000000000e+00 -1.0000000000000000e+00 -1.0000000000000000e+00 0 0 1 0 0 0 0
U GEV MM
H 1 1 4 4 0 0 0 3 0 5.5858850479125977e+00 2.8171789646148682e+00 7.2917562723159790e-01 4.2000000000000000e+01
V -1 0 0 0 0 0 2 96 0
P 10001 2212 0 0 1.0000000000000000e+02 1.0000000000000000e+02 0 101 0 0 -1 0
P 10002 3000001 0 0 -1.0000000000000000e+02 1.0000000000000000e+02 0 102 0 0 -1 0
P 10003 2112 -3.2336500589735806e-04 2.1795871853828430e-01 1.3949230313301086e-01 9.7458314895629883e-01 9.3959997022373598e-01 1 0 0 0 0
P 10004 -2112 4.1375231742858887e-01 -1.1433483660221100e-01 7.4859464168548584e-01 1.2757370471954346e+00 9.3959972381239210e-01 1 0 0 0 0
P 10005 -211 6.8794351816177368e-01 5.3726959228515625e-01 3.1225521564483643e+00 3.2452647686004639e+00 1.3959423198698337e-01 1 0 0 0 0
P 10006 211 -1.9725195597857237e-03 -1.0197664797306061e-01 1.7118082940578461e-01 2.4329850077629089e-01 1.3959998767443796e-01 1 0 0 0 0
P 10007 111 -1.6969710588455200e-01 1.2964336872100830e+00 -4.0308547019958496e-01 1.3748601675033569e+00 1.3500063267486559e-01 1 0 0 0 0
P 10008 211 2.7182027697563171e-03 -3.4877341985702515e-01 -8.5543274879455566e-01 9.3429321050643921e-01 1.3960060337676897e-01 1 0 0 0 0
P 10009 111 -1.2869577109813690e-01 5.9356100857257843e-02 -3.7345430254936218e-01 4.2163833975791931e-01 1.3500009353205294e-01 1 0 0 0 0
P 10010 -211 -1.1093363165855408e-01 -5.4651898145675659e-01 -1.4021377563476562e+00 1.5154101848602295e+00 1.3960112061509058e-01 1 0 0 0 0
P 10011 111 6.6650164127349854e-01 -1.2075116634368896e+00 -2.3170745372772217e+00 2.6998827457427979e+00 1.3499471954423509e-01 1 0 0 0 0
P 10012 211 -2.7331545948982239e-01 -4.3363505601882935e-01 1.7708559334278107e-01 5.5998933315277100e-01 1.3959958334728048e-01 1 0 0 0 0
P 10013 111 -1.5628558397293091e-01 -8.7511986494064331e-02 7.1571236848831177e-01 7.5003504753112793e-01 1.3499943177648946e-01 1 0 0 0 0
P 10014 -211 -3.5305789113044739e-01 1.4381086826324463e-01 8.0349045991897583e-01 9.0023112297058105e-01 1.3959840709678240e-01 1 0 0 0 0
P 10015 211 -4.3441414833068848e-02 -3.7369588017463684e-01 1.9380304813385010e+00 1.9791373014450073e+00 1.3959421188462184e-01 1 0 0 0 0
P 10016 -211 1.5351332724094391e-01 -2.3672311007976532e-01 9.1462481021881104e-01 9.6727997064590454e-01 1.3959880249674073e-01 1 0 0 0 0
P 10017 211 2.9815834015607834e-02 6.9976180791854858e-02 -1.3644093275070190e-01 2.0949910581111908e-01 1.3959977567860299e-01 1 0 0 0 0
P 10018 -211 1.8957699835300446e-01 -1.1722691357135773e-02 -1.0413980484008789e-01 2.5770160555839539e-01 1.3959999555176744e-01 1 0 0 0 0
P 10019 211 -5.4221190512180328e-02 3.2343111932277679e-02 2.2302176058292389e-01 2.7057877182960510e-01 1.3959997020518478e-01 1 0 0 0 0
P 10020 111 -1.6713918745517731e-01 1.9477924704551697e-01 -5.5911168456077576e-03 2.9005298018455505e-01 1.3500002838357189e-01 1 0 0 0 0
P 10021 -211 -2.7952569723129272e-01 -2.8740367293357849e-01 -6.5743315219879150e-01 7.8258669376373291e-01 1.3959977441836943e-01 1 0 0 0 0
P 10022 111 4.3122276663780212e-02 2.3827295005321503e-01 2.2531270980834961e-02 2.7814772725105286e-01 1.3499989085619576e-01 1 0 0 0 0
P 10023 211 4.0537245571613312e-02 3.7660339474678040e-01 -1.0509228706359863e-01 4.1714012622833252e-01 1.3959982412667568e-01 1 0 0 0 0
P 10024 111 1.4882710576057434e-01 -3.1945645809173584e-01 -3.8123428821563721e-01 5.3643870353698730e-01 1.3499986709465331e-01 1 0 0 0 0
P 10025 130 -8.4126159548759460e-02 3.3476233482360840e-01 -5.1486533880233765e-01 7.9494315385818481e-01 4.9769997913298603e-01 1 0 0 0 0
P 10026 -321 -4.6263754367828369e-01 -3.8244771957397461e-01 -2.1232285499572754e+00 2.2609817981719971e+00 4.9359848184875288e-01 1 0 0 0 0
P 10027 111 2.0479807257652283e-01 -1.6453832387924194e-02 -6.4062565565109253e-01 6.8617707490921021e-01 1.3499914192786219e-01 1 0 0 0 0
P 10028 211 1.5442049503326416e-01 -2.0347121357917786e-01 -1.2460826635360718e+00 1.2796312570571899e+00 1.3959916056664268e-01 1 0 0 0 0
P 10029 111 -5.9889161586761475e-01 2.0907555520534515e-01 -5.6385993957519531e+00 5.6757745742797852e+00 1.3501895024638672e-01 1 0 0 0 0
P 10030 -211 7.1372494101524353e-02 8.1637287512421608e-03 -3.7011933326721191e-01 4.0204125642776489e-01 1.3960004165634882e-01 1 0 0 0 0
P 10031 211 -1.5684364363551140e-02 5.5248610675334930e-02 -6.1309999227523804e-01 6.3140970468521118e-01 1.3960016610206913e-01 1 0 0 0 0
P 10032 -211 8.5833832621574402e-02 -9.8508149385452271e-02 -6.5879929065704346e-01 6.8598538637161255e-01 1.3959993777696283e-01 1 0 0 0 0
P 10033 111 6.7948138713836670e-01 9.9804520606994629e-01 -4.8542375564575195e+00 5.0039620399475098e+00 1.3499871809129405e-01 1 0 0 0 0
P 10034 22 1.7531201243400574e-01 1.9703820347785950e-01 -2.1380481719970703e+00 2.1542537212371826e+00 8.6853370205748571e-04 1 0 0 0 0
P 10035 22 -3.1233495473861694e-01 -5.8278091251850128e-02 -2.2935714721679688e+00 2.3154740333557129e+00 6.6432695019251248e-04 1 0 0 0 0
P 10036 2112 1.5779256820678711e-01 3.4140586853027344e-01 6.0218708038330078e+01 6.0227210998535156e+01 9.3951604285746515e-01 1 0 0 0 0
P 10037 111 4.0096409618854523e-02 -2.1077525615692139e-01 3.4642717838287354e+00 3.4735338687896729e+00 1.3499857304684890e-01 1 0 0 0 0
P 10038 211 -2.7977114915847778e-01 -2.9123479127883911e-01 5.9713584184646606e-01 7.3426759243011475e-01 1.3959972823306341e-01 1 0 0 0 0
P 10039 -2212 1.6648134589195251e-01 1.4300875365734100e-01 -1.6016276180744171e-01 9.7684508562088013e-01 9.3829988216947746e-01 1 0 0 0 0
P 10040 2212 2.0240107551217079e-03 2.1276715397834778e-01 -8.0142074823379517e-01 1.2521791458129883e+00 9.3829816107554320e-01 1 0 0 0 0
P 10041 -2212 -1.2576788663864136e-02 -1.4047883450984955e-01 3.6128425598144531e+00 3.7353622913360596e+00 9.3830038205810462e-01 1 0 0 0 0
P 10042 111 2.3469726741313934e-01 1.5889194607734680e-01 6.9986444711685181e-01 7.6704937219619751e-01 1.3500013773682956e-01 1 0 0 0 0
P 10043 2212 8.6365506052970886e-02 7.5407169759273529e-02 3.9072577953338623e+00 4.0199770927429199e+00 9.3830011461882257e-01 1 0 0 0 0
P 10044 111 -8.9700996875762939e-02 -5.5447116494178772e-02 6.0100841522216797e-01 6.2494546175003052e-01 1.3500023491117460e-01 1 0 0 0 0
P 10045 -211 -3.2608819007873535e-01 -1.1315867304801941e-01 2.6761758327484131e-01 4.5852556824684143e-01 1.3959990280586956e-01 1 0 0 0 0
P 10046 211 1.9822144508361816e-01 4.4773009419441223e-01 3.5052940249443054e-01 6.1815285682678223e-01 1.3959983471206094e-01 1 0 0 0 0
P 10047 -211 2.2326093912124634e-01 -1.0527452081441879e-01 -7.6600593328475952e-01 8.1681227684020996e-01 1.3960313069349856e-01 1 0 0 0 0
P 10048 321 2.5056213140487671e-01 2.3372636735439301e-01 -5.4837503433227539e+00 5.5165696144104004e+00 4.9357176403523850e-01 1 0 0 0 0
P 10049 111 -1.5118995308876038e-01 5.4499208927154541e-01 -3.8092806339263916e+00 3.8534023761749268e+00 1.3496720127636597e-01 1 0 0 0 0
P 10050 130 6.6300660371780396e-02 3.5780552029609680e-01 -3.5677590370178223e+00 3.6206409931182861e+00 4.9771084668322840e-01 1 0 0 0 0
P 10051 -321 2.2507189214229584e-01 -3.7752664089202881e-01 2.8439841270446777e+00 2.9197721481323242e+00 4.9359898795625329e-01 1 0 0 0 0
P 10052 -211 -8.7067440152168274e-02 5.4190796613693237e-01 5.3201389312744141e-01 7.7702796459197998e-01 1.3960190679220896e-01 1 0 0 0 0
P 10053 111 -3.1842678785324097e-01 -4.8144638538360596e-01 -7.1940994262695312e-01 9.3218129873275757e-01 1.3500024790755780e-01 1 0 0 0 0
P 10054 -211 6.3255287706851959e-02 1.7270913720130920e-01 -6.2483057975769043e+00 6.2525706291198730e+00 1.3958672789214244e-01 1 0 0 0 0
P 10055 211 -1.6623698174953461e-02 -1.6137541830539703e-01 5.4645276069641113e-01 5.8687043190002441e-01 1.3959910884936980e-01 1 0 0 0 0
P 10056 211 -1.8014013767242432e-04 -4.4792705774307251e-01 4.7120165824890137e-01 6.6494953632354736e-01 1.3960014903842755e-01 1 0 0 0 0
P 10057 111 -1.0783590376377106e-01 -1.8261611461639404e-02 -2.5889292359352112e-01 3.1178945302963257e-01 1.3500017977762666e-01 1 0 0 0 0
P 10058 -211 5.6559450924396515e-02 -1.5231922268867493e-01 -1.1241842806339264e-01 2.4192181229591370e-01 1.3959993985293745e-01 1 0 0 0 0
P 10059 111 -2.0486412569880486e-02 5.9494608640670776e-01 -4.0454542636871338e-01 7.3229944705963135e-01 1.3499977532335594e-01 1 0 0 0 0
P 10060 211 4.1803854703903198e-01 -1.1246444284915924e-01 -1.9477948546409607e-02 4.5527136325836182e-01 1.3959994988420985e-01 1 0 0 0 0
P 10061 111 -7.0126056671142578e-03 5.1320865750312805e-03 -5.2633750438690186e-01 5.4344433546066284e-01 1.3500023062644545e-01 1 0 0 0 0
P 10062 211 1.9576627016067505e-01 1.5752568840980530e-01 -1.1312799453735352e+01 1.1316450119018555e+01 1.3954583748211086e-01 1 0 0 0 0
P 10063 111 -3.3013996481895447e-01 -2.4157783389091492e-01 -6.9590578079223633e+00 6.9723787307739258e+00 1.3500868544403719e-01 1 0 0 0 0
P 10064 2212 -2.1884556114673615e-01 -6.3993722200393677e-02 -4.4426136016845703e+01 4.4436626434326172e+01 9.3819981905025651e-01 1 0 0 0 0
P 10065 111 2.9882872104644775e-01 -2.4130014702677727e-02 -2.8109254837036133e+01 2.8111179351806641e+01 1.3533733361102138e-01 1 0 0 0 0
P 10066 310 3.3495920896530151e-01 -8.2104459404945374e-02 5.4573659896850586e+00 5.4908547401428223e+00 4.9769811939857933e-01 1 0 0 0 0
P 10067 111 4.0635424852371216e-01 3.3877992630004883e-01 -3.9314455986022949e+00 3.9691793918609619e+00 1.3499976387853821e-01 1 0 0 0 0
P 10068 -211 -2.6339894533157349e-01 -2.3559325933456421e-01 2.2806039452552795e-01 4.4315037131309509e-01 1.3959770699451382e-01 1 0 0 0 0
P 10069 211 7.6907508075237274e-02 -2.7337634563446045e-01 4.6105670928955078e-01 5.5920475721359253e-01 1.3959684867005040e-01 1 0 0 0 0
P 10070 111 -5.5865056812763214e-02 1.1445832997560501e-01 2.1809814870357513e-01 2.8637918829917908e-01 1.3499860425008903e-01 1 0 0 0 0
P 10071 211 -1.0204553604125977e-01 3.1239700317382812e-01 4.3117001652717590e-02 3.5965636372566223e-01 1.3960102119579415e-01 1 0 0 0 0
P 10072 -211 -3.7754386663436890e-01 2.5888136029243469e-01 -2.0548380911350250e-01 5.2083688974380493e-01 1.3960136091784553e-01 1 0 0 0 0
P 10073 111 -2.6646015048027039e-01 -8.9807003736495972e-02 -1.0892226547002792e-01 3.3038708567619324e-01 1.3500095093142742e-01 1 0 0 0 0
P 10074 -211 -2.0784644782543182e-01 -1.4726948738098145e-01 -8.0951124429702759e-01 8.6004954576492310e-01 1.3960056855192840e-01 1 0 0 0 0
P 10075 211 1.8341289460659027e-01 -6.0259692370891571e-02 -2.4259307980537415e-01 3.4001636505126953e-01 1.3960016368406908e-01 1 0 0 0 0
P 10076 111 3.3599346876144409e-02 -3.0043211579322815e-01 -1.0069963932037354e+00 1.0600260496139526e+00 1.3500043564496700e-01 1 0 0 0 0
P 10077 22 3.4146001935005188e-01 -2.7279853820800781e-03 1.0187798738479614e-01 3.5634467005729675e-01 1.1333968570733932e-04 1 0 0 0 0
P 10078 111 -3.0516424775123596e-01 -9.7582109272480011e-02 -4.8038873076438904e-01 5.9299737215042114e-01 1.3500023917104909e-01 1 0 0 0 0
P 10079 -211 -8.9362502098083496e-02 -2.1923460066318512e-01 -4.4182014465332031e+00 4.4267411231994629e+00 1.3958324673103764e-01 1 0 0 0 0
P 10080 111 -4.0667361021041870e-01 5.6557780504226685e-01 -5.0936126708984375e+00 5.1427984237670898e+00 1.3499595388805424e-01 1 0 0 0 0
P 10081 2212 -4.5699562877416611e-02 -4.0728679299354553e-01 -4.0389163970947266e+01 4.0402137756347656e+01 9.3818869585712383e-01 1 0 0 0 0
P 10082 111 5.2948135882616043e-02 -1.0090912133455276e-01 -2.8609767913818359e+01 2.8610313415527344e+01 1.3500924520708935e-01 1 0 0 0 0
P 10083 2112 1.8816494941711426e-01 1.4812143146991730e-01 -9.9995292663574219e+01 1.0000000000000000e+02 9.4026545160938557e-01 1 0 0 0 0
P 10084 211 -2.4632209539413452e-01 -4.7760948538780212e-01 -7.1379435062408447e-01 9.0430963039398193e-01 1.3959991915715242e-01 1 0 0 0 0
P 10085 -211 -1.0962069034576416e-01 1.1275700479745865e-01 -7.5344557762145996e+00 7.5373897552490234e+00 1.3960530404182550e-01 1 0 0 0 0
P 10086 111 1.1424838006496429e-01 -3.4804922342300415e-01 -2.7017917633056641e+00 2.7298526763916016e+00 1.3500351204037653e-01 1 0 0 0 0
P 10087 3122 -4.2286035418510437e-01 -5.6523460149765015e-01 -5.4779907226562500e+01 5.4795810699462891e+01 1.1154969415939482e+00 1 0 0 0 0
P 10088 -211 -1.3612097129225731e-02 4.6719737350940704e-02 -2.6347615718841553e+00 2.6389060020446777e+00 1.3960058704591280e-01 1 0 0 0 0
P 10089 111 2.0880170166492462e-02 1.4643006026744843e-01 -1.5834668278694153e-01 2.5529673695564270e-01 1.3500002923873786e-01 1 0 0 0 0
P 10090 321 3.8335651159286499e-01 5.1966142654418945e-01 -1.0296656608581543e+01 1.0328687667846680e+01 4.9360045751957315e-01 1 0 0 0 0
P 10091 111 -1.1351139098405838e-01 -5.8747507631778717e-02 -3.5045995712280273e+00 3.5095269680023193e+00 1.3500103313603737e-01 1 0 0 0 0
P 10092 2212 -6.7648053169250488e-02 1.0686303675174713e-01 -8.2502794265747070e+00 8.3044271469116211e+00 9.3829827564555168e-01 1 0 0 0 0
P 10093 -2112 9.6148483455181122e-02 -4.9437630176544189e-01 -3.8233435153961182e+00 3.9691882133483887e+00 9.3959937081940437e-01 1 0 0 0 0
P 10094 211 -9.9213667213916779e-02 2.6663622260093689e-01 -7.9629182815551758e-01 8.5703396797180176e-01 1.3960057200923229e-01 1 0 0 0 0
P 10095 -211 6.5575558692216873e-03 8.0193974077701569e-02 -1.6951118409633636e-01 2.3387236893177032e-01 1.3960003008116803e-01 1 0 0 0 0
P 10096 111 1.8714731931686401e-01 -1.5140880644321442e-01 -9.4778174161911011e-01 9.8714941740036011e-01 1.3499998789359116e-01 1 0 0 0 0
P 10097 2112 -9.4692423939704895e-02 4.3690115213394165e-02 -5.1117282867431641e+01 5.1126018524169922e+01 9.3930128469334850e-01 1 0 0 0 0
P 10098 -211 -2.5741651654243469e-01 -4.5260936021804810e-02 -1.9130481719970703e+01 1.9132776260375977e+01 1.3958787968484687e-01 1 0 0 0 0
E 7 -1 -1.0000000000000000e+00 -1.0000000000000000e+00 -1.0000000000000000e+00 0 0 1 0 0 0 0
U GEV MM
H 1 1 1 1 0 0 0 0 0 8.1549901962280273e+00 9.6671080589294434e-01 9.9999988079071045e-01 4.2000000000000000e+01
V -1 0 0 0 0 0 2 66 0
P 10001 2212 0 0 1.0000000000000000e+02 1.0000000000000000e+02 0 101 0 0 -1 0
P 10002 3000001 0 0 -1.0000000000000000e+02 1.0000000000000000e+02 0 102 0 0 -1 0
P 10003 -211 3.6647748947143555e-01 -2.2907394170761108e-01 4.2068171501159668e+00 4.2312622070312500e+00 1.3960196661362570e-01 1 0 0 0 0
P 10004 -211 1.2970685027539730e-02 1.4232218265533447e-01 1.1831372976303101e+00 1.1998857259750366e+00 1.3959959888490278e-01 1 0 0 0 0
P 10005 2112 5.4388880729675293e-01 3.3457428216934204e-01 2.7237775325775146e+00 2.9511973857879639e+00 9.3959937096394608e-01 1 0 0 0 0
P 10006 -211 1.0597969293594360e+00 3.1518165022134781e-02 6.4219392836093903e-02 1.0713427066802979e+00 1.3959992311881217e-01 1 0 0 0 0
P 10007 211 -6.2623751163482666e-01 -1.6967716813087463e-01 6.5172737836837769e-01 9.3016153573989868e-01 1.3959994445412766e-01 1 0 0 0 0
P 10008 111 -1.2901994585990906e-01 4.1626217961311340e-01 1.5634007751941681e-01 4.8227337002754211e-01 1.3500012960361021e-01 1 0 0 0 0
P 10009 -211 8.3778291940689087e-02 -4.8486900329589844e-01 3.2573901116847992e-02 5.1250946521759033e-01 1.3959992960597417e-01 1 0 0 0 0
P 10010 321 -6.8605321645736694e-01 -1.2163984775543213e+00 -1.7022958993911743e+00 2.2564904689788818e+00 4.9360271018356205e-01 1 0 0 0 0
P 10011 -211 1.1900264769792557e-01 8.2094825804233551e-02 -3.5905462503433228e-01 4.1147249937057495e-01 1.3960015543250234e-01 1 0 0 0 0
P 10012 211 -5.6218516826629639e-01 1.5895001590251923e-02 2.9237272739410400e+00 2.9805996417999268e+00 1.3960027871386316e-01 1 0 0 0 0
P 10013 111 1.4452548325061798e-01 1.1634209752082825e-01 1.9804850220680237e-01 3.0310276150703430e-01 1.3499991052760643e-01 1 0 0 0 0
P 10014 22 -5.7391617447137833e-02 7.0494972169399261e-03 1.7354956269264221e-01 1.8292878568172455e-01 -5.6956363093067116e-05 1 0 0 0 0
P 10015 -211 -2.6186972856521606e-01 5.0344645977020264e-01 4.0481934547424316e+00 4.0901579856872559e+00 1.3959945654549008e-01 1 0 0 0 0
P 10016 211 -1.4521828293800354e-01 -2.3634488880634308e-01 2.4409976005554199e+00 2.4606714248657227e+00 1.3959698803714887e-01 1 0 0 0 0
P 10017 211 -1.8745590001344681e-02 1.0889493860304356e-02 1.4739465713500977e-01 2.0416495203971863e-01 1.3960001600430211e-01 1 0 0 0 0
P 10018 -211 -2.7389386296272278e-01 -5.8707647025585175e-02 7.3122131824493408e-01 7.9538488388061523e-01 1.3959964635341024e-01 1 0 0 0 0
P 10019 111 1.8614724278450012e-01 1.6391974687576294e-01 1.0099073648452759e+00 1.0486459732055664e+00 1.3500004496086104e-01 1 0 0 0 0
P 10020 130 -2.7275532484054565e-01 2.2633400559425354e-01 2.4441535472869873e+00 2.5193679332733154e+00 4.9770038293443403e-01 1 0 0 0 0
P 10021 -3122 3.5254424810409546e-01 1.9018131494522095e-01 1.8172167539596558e+00 2.1696305274963379e+00 1.1156000697144088e+00 1 0 0 0 0
P 10022 211 -5.7087406516075134e-02 -1.4827081561088562e-01 1.5402184426784515e-01 2.6163730025291443e-01 1.3959993419524414e-01 1 0 0 0 0
P 10023 111 2.2041179239749908e-02 6.7032769322395325e-02 4.6634733676910400e-02 1.5930786728858948e-01 1.3499997203560538e-01 1 0 0 0 0
P 10024 111 -2.7066707611083984e-01 2.2012550383806229e-02 4.0014859288930893e-02 3.0589443445205688e-01 1.3499999111125902e-01 1 0 0 0 0
P 10025 111 3.0288521200418472e-02 3.1734353303909302e-01 -3.2889783382415771e-01 4.7751772403717041e-01 1.3500029332254751e-01 1 0 0 0 0
P 10026 211 4.4614815711975098e-01 -2.3264618590474129e-02 -2.6894432306289673e-01 5.3982287645339966e-01 1.3960038844914577e-01 1 0 0 0 0
P 10027 111 -2.3945476114749908e-01 -7.7292904257774353e-02 -7.3791241645812988e-01 7.9123491048812866e-01 1.3500064269207446e-01 1 0 0 0 0
P 10028 -211 -3.7165287882089615e-02 -3.2229083776473999e-01 -4.9696105718612671e-01 6.0968130826950073e-01 1.3960072551101138e-01 1 0 0 0 0
P 10029 211 1.2804995477199554e-01 5.6776702404022217e-03 -3.1124112010002136e-01 3.6440142989158630e-01 1.3960064616414894e-01 1 0 0 0 0
P 10030 111 -2.0394520461559296e-01 -6.5714013576507568e-01 -1.3819402456283569e+00 1.5496490001678467e+00 1.3500509884743400e-01 1 0 0 0 0
P 10031 -211 -1.6137452423572540e-01 -1.5188340842723846e-01 1.1546527147293091e+00 1.1839852333068848e+00 1.3959883319431102e-01 1 0 0 0 0
P 10032 211 8.0275046825408936e-01 -9.3299895524978638e-02 2.8213682174682617e+00 2.9381489753723145e+00 1.3959798764385528e-01 1 0 0 0 0
P 10033 310 -1.3440951704978943e-01 1.5612155199050903e-01 1.3703594207763672e+00 1.4724231958389282e+00 4.9769997816405354e-01 1 0 0 0 0
P 10034 130 3.4739461541175842e-01 -4.4624137878417969e-01 4.3488178253173828e+00 4.4135856628417969e+00 4.9770225887388175e-01 1 0 0 0 0
P 10035 22 1.4177083969116211e-02 1.5555071830749512e-01 -1.3418912887573242e-02 1.5677082538604736e-01 9.3772561043674649e-05 1 0 0 0 0
P 10036 22 -4.6403440833091736e-01 -3.2740354537963867e-01 1.3010929524898529e-01 5.8262294530868530e-01 2.3248182297736292e-04 1 0 0 0 0
P 10037 310 8.8637053966522217e-02 5.4816257953643799e-01 -2.6356649398803711e+00 2.7391197681427002e+00 4.9770341366682791e-01 1 0 0 0 0
P 10038 -211 3.3007019758224487e-01 6.7789666354656219e-03 4.5823106765747070e+00 4.5963087081909180e+00 1.3960771690879850e-01 1 0 0 0 0
P 10039 111 -2.2665686905384064e-01 -3.3299204707145691e-01 -3.8350659608840942e-01 5.7232803106307983e-01 1.3500009701883192e-01 1 0 0 0 0
P 10040 -211 1.7239129543304443e-01 -5.9471589326858521e-01 -1.1248742341995239e+00 1.2916023731231689e+00 1.3960263265462403e-01 1 0 0 0 0
P 10041 111 -1.4710088074207306e-01 3.2925975322723389e-01 -1.1645352840423584e+00 1.2265468835830688e+00 1.3499694677054491e-01 1 0 0 0 0
P 10042 2212 2.5941312313079834e-02 7.2720572352409363e-02 3.8526763916015625e+01 3.8538269042968750e+01 9.3844645798901327e-01 1 0 0 0 0
P 10043 211 2.2263827919960022e-01 1.1048103682696819e-02 1.5142234802246094e+01 1.5144519805908203e+01 1.3969782114657250e-01 1 0 0 0 0
P 10044 -211 1.3607838749885559e-01 -1.0382778197526932e-01 9.2881518602371216e-01 9.5471644401550293e-01 1.3960051157195383e-01 1 0 0 0 0
P 10045 211 -3.5266187787055969e-01 2.0826932787895203e-01 3.1153261661529541e-03 4.3271747231483459e-01 1.3960011658690741e-01 1 0 0 0 0
P 10046 211 -2.7086615562438965e-01 2.5473502278327942e-01 2.1160756051540375e-01 4.5002701878547668e-01 1.3959997089730919e-01 1 0 0 0 0
P 10047 111 2.1713092923164368e-01 -1.2920433282852173e-01 -4.5657679438591003e-03 2.8650555014610291e-01 1.3499994065533305e-01 1 0 0 0 0
P 10048 111 -2.1650284528732300e-02 1.2444074451923370e-01 5.0483673810958862e-01 5.3762382268905640e-01 1.3500003281847128e-01 1 0 0 0 0
P 10049 111 -1.0186795890331268e-01 1.7290744185447693e-01 2.4782961606979370e-01 3.4629261493682861e-01 1.3499997058777083e-01 1 0 0 0 0
P 10050 111 2.6218550279736519e-02 -4.0432460606098175e-02 3.4652021527290344e-01 3.7499794363975525e-01 1.3500000700678116e-01 1 0 0 0 0
P 10051 22 7.2582215070724487e-03 1.4156690798699856e-02 1.4750774949789047e-02 2.1695105358958244e-02 -3.7932818871632058e-05 1 0 0 0 0
P 10052 211 -1.1122555285692215e-01 1.3783523440361023e-01 -6.3852763175964355e-01 6.7718195915222168e-01 1.3960012116483320e-01 1 0 0 0 0
P 10053 -211 2.0433945953845978e-01 6.4226724207401276e-02 -6.5114355087280273e-01 6.9953978061676025e-01 1.3960047992474595e-01 1 0 0 0 0
P 10054 111 -9.4488792121410370e-02 -2.1510085463523865e-01 -1.3722119331359863e+00 1.3987090587615967e+00 1.3499974859079547e-01 1 0 0 0 0
P 10055 211 -1.2302891165018082e-01 1.1548531055450439e-01 -9.5700383186340332e-02 2.3899711668491364e-01 1.3959974350259935e-01 1 0 0 0 0
P 10056 -211 4.3310403823852539e-01 -2.8626939654350281e-01 -1.8098367452621460e+00 1.8879952430725098e+00 1.3959841699477818e-01 1 0 0 0 0
P 10057 211 1.5416796505451202e-01 -3.0012095347046852e-02 -1.3681079149246216e+00 1.3841516971588135e+00 1.3960002346725642e-01 1 0 0 0 0
P 10058 -211 5.2256900072097778e-01 7.6664412021636963e-01 -5.0462679862976074e+00 5.1327509880065918e+00 1.3960855193605354e-01 1 0 0 0 0
P 10059 111 1.7725662887096405e-01 1.2710076570510864e+00 -1.1746769905090332e+01 1.1817432403564453e+01 1.3500012191845046e-01 1 0 0 0 0
P 10060 -211 3.5585746169090271e-02 -1.2825135886669159e-01 4.0764093399047852e-02 1.9714099168777466e-01 1.3959979552789148e-01 1 0 0 0 0
P 10061 211 -8.0482745170593262e-01 1.2568801641464233e-02 -9.0562814474105835e-01 1.2196537256240845e+00 1.3959825245113358e-01 1 0 0 0 0
P 10062 211 5.4324638843536377e-01 -4.5552603900432587e-02 -1.4035407304763794e+00 1.5121529102325439e+00 1.3960001270919589e-01 1 0 0 0 0
P 10063 111 -8.6681872606277466e-02 -1.7866523563861847e-01 -1.1682696342468262e+00 1.1926919221878052e+00 1.3500025734973448e-01 1 0 0 0 0
P 10064 22 -1.4816167950630188e-01 -1.9458286464214325e-02 -2.6260855197906494e+00 2.6303336620330811e+00 -7.0129595616494637e-04 1 0 0 0 0
P 10065 211 -2.6488876342773438e-01 1.2973582744598389e-01 -4.1549010276794434e+00 4.1676964759826660e+00 1.3962064386497477e-01 1 0 0 0 0
P 10066 -211 -2.0761778950691223e-01 8.7137266993522644e-02 -1.2361925840377808e+00 1.2642620801925659e+00 1.3960104857769284e-01 1 0 0 0 0
P 10067 2112 -6.3310325145721436e-02 -4.6101707220077515e-01 -3.4920883178710938e+01 3.4936618804931641e+01 9.3952466800819912e-01 1 0 0 0 0
P 10068 -211 -2.9329556226730347e-01 -3.6637991666793823e-01 -1.5321752548217773e+01 1.5329573631286621e+01 1.3953507815942481e-01 1 0 0 0 0
E 8 -1 -1.0000000000000000e+00 -1.0000000000000000e+00 -1.0000000000000000e+00 0 0 1 0 0 0 0
U GEV MM
H 1 1 8 8 0 0 0 7 0 1.2257823944091797e+00 3.3341922760009766e+00 4.5350632071495056e-01 4.2000000000000000e+01
V -1 0 0 0 0 0 2 119 0
P 10001 2212 0 0 1.0000000000000000e+02 1.0000000000000000e+02 0 101 0 0 -1 0
P 10002 3000001 0 0 -1.0000000000000000e+02 1.0000000000000000e+02 0 102 0 0 -1 0
P 10003 -211 7.7011570334434509e-02 -2.1408388018608093e-01 -5.7949762791395187e-02 2.7314653992652893e-01 1.3960002702489741e-01 1 0 0 0 0
P 10004 130 -1.3600297272205353e-01 1.3561175437644124e-03 -9.5861315727233887e-01 1.0886427164077759e+00 4.9769984031344749e-01 1 0 0 0 0
P 10005 211 1.3107718527317047e-01 -1.7468298971652985e-01 -1.2537604570388794e-01 2.8792828321456909e-01 1.3960002880767389e-01 1 0 0 0 0
P 10006 130 2.0148691534996033e-01 -5.3020811080932617e-01 -1.2711164951324463e+00 1.4782286882400513e+00 4.9770000272540843e-01 1 0 0 0 0
P 10007 310 1.7009678483009338e-01 -8.4896636009216309e-01 -1.7488123178482056e+00 2.0138835906982422e+00 4.9770050939130100e-01 1 0 0 0 0
P 10008 321 4.1104286909103394e-02 -4.0102037787437439e-01 -1.6261868476867676e+00 1.7466057538986206e+00 4.9360013177624934e-01 1 0 0 0 0
P 10009 -211 -2.1642239391803741e-01 -6.2620326876640320e-02 -1.2229835987091064e-01 2.9189893603324890e-01 1.3959993589854017e-01 1 0 0 0 0
P 10010 22 -1.4351296424865723e-01 1.4819045364856720e-01 -6.3843920826911926e-02 2.1594545245170593e-01 1.0367263128918513e-04 1 0 0 0 0
P 10011 -2212 1.3925569057464600e+00 3.7290462851524353e-01 -1.3609933853149414e+00 2.1933948993682861e+00 9.3829930831986796e-01 1 0 0 0 0
P 10012 111 1.3448432087898254e-01 2.1111205220222473e-01 -4.8153236508369446e-02 2.8844076395034790e-01 1.3500003323967499e-01 1 0 0 0 0
P 10013 2212 -2.1136009693145752e-01 9.3753081560134888e-01 -6.0679829120635986e-01 1.4738550186157227e+00 9.3830023388614181e-01 1 0 0 0 0
P 10014 211 1.4564506709575653e-01 4.5746378600597382e-02 5.7252541184425354e-02 2.1464206278324127e-01 1.3959994598628594e-01 1 0 0 0 0
P 10015 -211 4.5955124497413635e-01 7.3305404186248779e-01 -6.3145655393600464e-01 1.0801764726638794e+00 1.3960034935356561e-01 1 0 0 0 0
P 10016 211 9.1829586029052734e-01 2.9472595453262329e-01 -1.6801767051219940e-01 9.8886227607727051e-01 1.3959938446314263e-01 1 0 0 0 0
P 10017 -211 -9.5290139317512512e-02 2.7709767222404480e-02 -4.2732840776443481e-01 4.6037575602531433e-01 1.3960023926455817e-01 1 0 0 0 0
P 10018 111 5.7351285219192505e-01 -8.8225311040878296e-01 -1.4226794242858887e+00 1.7746913433074951e+00 1.3500028618060339e-01 1 0 0 0 0
P 10019 -211 2.2090932726860046e-01 -1.2840228155255318e-02 -6.8928653001785278e-01 7.3727196455001831e-01 1.3960023966328500e-01 1 0 0 0 0
P 10020 211 -3.8690471649169922e-01 -6.3331767916679382e-02 -3.7486574053764343e-01 5.6010591983795166e-01 1.3959994820094968e-01 1 0 0 0 0
P 10021 -211 -7.2653752565383911e-01 3.9185278117656708e-02 1.1671368598937988e+01 1.1694858551025391e+01 1.3956824141484162e-01 1 0 0 0 0
P 10022 3122 -3.8382136821746826e-01 4.8975008726119995e-01 2.9509963989257812e+01 2.9537597656250000e+01 1.1155835533656768e+00 1 0 0 0 0
P 10023 211 -3.8374003767967224e-01 1.1180037260055542e-01 1.1169630050659180e+01 1.1177650451660156e+01 1.3956507828924850e-01 1 0 0 0 0
P 10024 211 1.8602415919303894e-01 3.1208124756813049e-01 5.2466163635253906e+00 5.2610335350036621e+00 1.3960980457539235e-01 1 0 0 0 0
P 10025 130 7.9117578268051147e-01 2.4059846997261047e-01 7.3530764579772949e+00 7.4161505699157715e+00 4.9770386370694075e-01 1 0 0 0 0
P 10026 211 1.9957318902015686e-01 -1.1541017889976501e-01 8.8587695360183716e-01 9.2596709728240967e-01 1.3959986087883097e-01 1 0 0 0 0
P 10027 -211 -3.4532165527343750e-01 -1.2840653955936432e-01 1.3528209924697876e+00 1.4090237617492676e+00 1.3959956484430119e-01 1 0 0 0 0
P 10028 111 -4.3477094173431396e-01 1.9557628035545349e-01 2.2326965332031250e+00 2.2870142459869385e+00 1.3499814352699266e-01 1 0 0 0 0
P 10029 310 3.3026528358459473e-01 5.9061467647552490e-01 4.0257682800292969e+00 4.1124701499938965e+00 4.9769432033254757e-01 1 0 0 0 0
P 10030 130 -4.7271855175495148e-02 7.2754967212677002e-01 2.8227415084838867e+00 2.9575560092926025e+00 4.9769947828121447e-01 1 0 0 0 0
P 10031 111 6.3479995727539062e-01 -1.8406392633914948e-01 3.1851265579462051e-02 6.7534476518630981e-01 1.3500197779779718e-01 1 0 0 0 0
P 10032 111 -5.8197534084320068e-01 -9.7145348787307739e-01 -6.3972406387329102e+00 6.4981017112731934e+00 1.3498475375177857e-01 1 0 0 0 0
P 10033 211 -4.6543520689010620e-01 -3.8760888576507568e-01 5.3651735186576843e-02 6.2388920783996582e-01 1.3960177231600623e-01 1 0 0 0 0
P 10034 -211 -1.3163426518440247e-01 -5.6415069848299026e-02 -8.0012254416942596e-02 2.1540760993957520e-01 1.3960027824604282e-01 1 0 0 0 0
P 10035 111 -1.4190688729286194e-02 1.5582066774368286e-01 5.5618323385715485e-02 2.1400937438011169e-01 1.3500058623439412e-01 1 0 0 0 0
P 10036 -211 -4.9588906764984131e-01 5.2546375989913940e-01 -1.0707378387451172e+00 1.2992249727249146e+00 1.3959899730843725e-01 1 0 0 0 0
P 10037 111 -3.2243430614471436e-01 -3.1207692623138428e-01 -8.1671661138534546e-01 9.4159793853759766e-01 1.3499912918400583e-01 1 0 0 0 0
P 10038 -211 -1.8851444125175476e-02 1.2593013048171997e-01 -7.1667385101318359e-01 7.4116361141204834e-01 1.3960055675582131e-01 1 0 0 0 0
P 10039 211 4.8216241598129272e-01 5.6123621761798859e-02 -1.1093994379043579e+00 1.2189693450927734e+00 1.3960191670898048e-01 1 0 0 0 0
P 10040 111 2.5772315263748169e-01 1.0298050940036774e-01 -1.8655314445495605e+00 1.8908884525299072e+00 1.3500133549715509e-01 1 0 0 0 0
P 10041 2212 1.9776365160942078e-01 3.0820590257644653e-01 -1.9753416061401367e+01 1.9779075622558594e+01 9.3823507064130007e-01 1 0 0 0 0
P 10042 211 -2.1220780909061432e-02 -4.3300062417984009e-02 -1.4384444236755371e+01 1.4385200500488281e+01 1.3939950493350214e-01 1 0 0 0 0
P 10043 2212 -1.1693449318408966e-01 -2.4766940623521805e-02 -9.9995506286621094e+01 1.0000000000000000e+02 9.4044425952740784e-01 1 0 0 0 0
P 10044 111 -6.5786612033843994e-01 1.0039449483156204e-01 -2.0587368011474609e+00 2.1678304672241211e+00 1.3499937534905787e-01 1 0 0 0 0
P 10045 -211 -2.3694371804594994e-02 -2.7382701635360718e-01 -3.6108165979385376e-01 4.7477442026138306e-01 1.3959988164291184e-01 1 0 0 0 0
P 10046 2212 2.6909804344177246e-01 4.4634330272674561e-01 -1.6614019393920898e+01 1.6648654937744141e+01 9.3831482649451003e-01 1 0 0 0 0
P 10047 211 5.1193308830261230e-01 2.3480011522769928e-01 -2.2944760322570801e+00 2.3667094707489014e+00 1.3959539863606091e-01 1 0 0 0 0
P 10048 111 -2.4061051011085510e-01 -4.1801723837852478e-01 -8.6695748567581177e-01 1.0012352466583252e+00 1.3499965934852431e-01 1 0 0 0 0
P 10049 111 -2.7413952350616455e-01 -2.6462906599044800e-01 -9.3849973678588867e+00 9.3936986923217773e+00 1.3497594783692959e-01 1 0 0 0 0
P 10050 111 -8.0848649144172668e-02 -1.8927164375782013e-02 -2.7932188510894775e+00 2.7977116107940674e+00 1.3499616835513942e-01 1 0 0 0 0
P 10051 111 9.2937946319580078e-03 1.2224242091178894e-02 -3.0734474658966064e+00 3.0764491558074951e+00 1.3499731822896702e-01 1 0 0 0 0
P 10052 111 1.9187799096107483e-01 -2.0711873471736908e-01 2.0667177438735962e-01 3.7503522634506226e-01 1.3499209230577242e-01 1 0 0 0 0
P 10053 2112 5.8178167790174484e-02 -4.0405350923538208e-01 -1.5501148986816406e+02 1.5501487731933594e+02 9.3997619294765378e-01 1 0 0 0 0
P 10054 211 -2.4222236871719360e-01 -4.5234687626361847e-02 3.7564885616302490e-01 4.7044920921325684e-01 1.3961569554017594e-01 1 0 0 0 0
P 10055 -211 1.2581154704093933e-01 -4.4694280624389648e-01 2.2935252189636230e+00 2.3442223072052002e+00 1.3976365104823668e-01 1 0 0 0 0
P 10056 211 3.4833174943923950e-01 7.7126175165176392e-04 -2.2182527184486389e-01 4.3592461943626404e-01 1.3960021522015351e-01 1 0 0 0 0
P 10057 3122 8.5720106959342957e-02 3.4664058685302734e-01 -3.5959513187408447e+00 3.7819218635559082e+00 1.1155982530002639e+00 1 0 0 0 0
P 10058 211 1.2414078414440155e-01 -1.0547312349081039e-01 -3.2845044136047363e-01 3.9230513572692871e-01 1.3959983173678753e-01 1 0 0 0 0
P 10059 -2212 -4.1573160886764526e-01 -1.8218463659286499e-01 -3.5785953521728516e+01 3.5801132202148438e+01 9.3838877016623734e-01 1 0 0 0 0
P 10060 111 3.3411037176847458e-02 1.2880773842334747e-01 -4.4921536445617676e+00 4.4961514472961426e+00 1.3500273993758302e-01 1 0 0 0 0
P 10061 130 -1.0758548974990845e-02 3.1416890025138855e-01 4.1874326765537262e-02 5.9014981985092163e-01 4.9770021736663334e-01 1 0 0 0 0
P 10062 2112 3.6004322767257690e-01 -2.0487344264984131e-01 -5.9677700042724609e+01 5.9686534881591797e+01 9.3965926205473060e-01 1 0 0 0 0
P 10063 211 3.6383807659149170e-01 -1.1223623156547546e-01 -9.0539783239364624e-01 9.9207288026809692e-01 1.3960031234388207e-01 1 0 0 0 0
P 10064 -211 2.1080680191516876e-02 -2.5610998272895813e-01 -8.5753309726715088e-01 9.0602874755859375e-01 1.3960071691519696e-01 1 0 0 0 0
P 10065 111 -7.2682507336139679e-02 -2.2730328142642975e-02 -8.3349704742431641e-02 1.7598746716976166e-01 1.3500000233347101e-01 1 0 0 0 0
P 10066 211 -4.9153196811676025e-01 4.8475104570388794e-01 -3.1208274364471436e+00 3.1993184089660645e+00 1.3959635337698303e-01 1 0 0 0 0
P 10067 111 1.2130548804998398e-01 -8.9914128184318542e-03 -4.2262548208236694e-01 4.6003612875938416e-01 1.3500027675175835e-01 1 0 0 0 0
P 10068 22 -7.7741615474224091e-02 2.2824587300419807e-02 -1.0730128288269043e+00 1.0760675668716431e+00 3.9633819656570950e-04 1 0 0 0 0
P 10069 211 -4.0876704454421997e-01 1.8044641613960266e-01 -1.1157888412475586e+01 1.1167703628540039e+01 1.3956756015050512e-01 1 0 0 0 0
P 10070 -211 -2.9109749197959900e-01 -1.9391156733036041e-01 -1.4481589317321777e+01 1.4486483573913574e+01 1.3941928101322779e-01 1 0 0 0 0
P 10071 111 3.8555063307285309e-02 -5.6482121348381042e-02 -4.2050228118896484e+00 4.2077450752258301e+00 1.3500017272677967e-01 1 0 0 0 0
P 10072 -211 -6.5789356827735901e-02 -1.4999863505363464e-01 -3.3692731857299805e+00 3.3761391639709473e+00 1.3959235089944572e-01 1 0 0 0 0
P 10073 211 2.8843358159065247e-01 1.0742489248514175e-01 -6.6378617286682129e-01 7.4487185478210449e-01 1.3959927737167993e-01 1 0 0 0 0
P 10074 211 -2.6842910051345825e-01 2.2719967365264893e-01 -4.3819260597229004e+00 4.3982315063476562e+00 1.3960844114943527e-01 1 0 0 0 0
P 10075 111 5.3201711177825928e-01 -2.2165542840957642e-01 -2.4944345951080322e+00 2.5637087821960449e+00 1.3500160913500753e-01 1 0 0 0 0
P 10076 111 2.7074506878852844e-01 3.1900647282600403e-01 -1.1734005928039551e+01 1.1742238998413086e+01 1.3495760300044879e-01 1 0 0 0 0
P 10077 -211 2.2418214380741119e-01 -1.4529648423194885e-01 -8.4723865985870361e-01 8.9926046133041382e-01 1.3959702224891782e-01 1 0 0 0 0
P 10078 111 -1.7500817775726318e-03 -2.1412028372287750e-01 -4.1653916239738464e-02 2.5653547048568726e-01 1.3499940811504330e-01 1 0 0 0 0
P 10079 -211 4.5184761285781860e-02 1.7130856215953827e-01 -1.9850987195968628e+00 1.9978722333908081e+00 1.3960031621472160e-01 1 0 0 0 0
P 10080 211 -2.9368795454502106e-02 -3.4188315272331238e-02 -4.3313014507293701e-01 4.5729780197143555e-01 1.3960010769836145e-01 1 0 0 0 0
P 10081 111 -4.6287316083908081e-01 3.7599414587020874e-02 -2.2619636058807373e+00 2.3130865097045898e+00 1.3499840016061623e-01 1 0 0 0 0
P 10082 2112 -3.8791421055793762e-01 -1.1308123171329498e-01 -6.3718250274658203e+01 6.3726459503173828e+01 9.3965841982884424e-01 1 0 0 0 0
P 10083 111 -1.6038212180137634e-01 1.5508362650871277e-01 -1.1873034477233887e+01 1.1875899314880371e+01 1.3514245590081264e-01 1 0 0 0 0
P 10084 -211 2.1413962543010712e-01 -3.0102193355560303e-01 -9.6802663803100586e+00 9.6883182525634766e+00 1.3958289842423410e-01 1 0 0 0 0
P 10085 211 1.2706983089447021e-01 1.8998861312866211e-01 -9.5371490716934204e-01 9.9060726165771484e-01 1.3960017066561170e-01 1 0 0 0 0
P 10086 2112 2.5394904613494873e-01 -6.1382299661636353e-01 -7.6735885620117188e+01 7.6744514465332031e+01 9.3972859201020409e-01 1 0 0 0 0
P 10087 -211 1.7656764388084412e-01 1.0650768876075745e-02 -3.3530116081237793e-01 4.0398582816123962e-01 1.3959981794296988e-01 1 0 0 0 0
P 10088 211 -7.6181843876838684e-02 -7.6982602477073669e-03 -7.2520777583122253e-02 1.7495809495449066e-01 1.3959991139512742e-01 1 0 0 0 0
P 10089 111 -1.1884520947933197e-01 -2.4950300157070160e-01 -9.9840682744979858e-01 1.0447089672088623e+00 1.3499889428902753e-01 1 0 0 0 0
P 10090 -211 6.9650389254093170e-02 -3.1483069062232971e-01 -2.0269834995269775e+00 2.0572113990783691e+00 1.3959617710513514e-01 1 0 0 0 0
P 10091 211 -2.7041217684745789e-01 7.1400678157806396e-01 -4.3861474990844727e+00 4.4542908668518066e+00 1.3960233976405939e-01 1 0 0 0 0
P 10092 -211 -3.0588984489440918e-01 2.2425952553749084e-01 -4.4140491485595703e+00 4.4325141906738281e+00 1.3961100465782988e-01 1 0 0 0 0
P 10093 211 5.6459881365299225e-02 7.5949408113956451e-02 -1.6522237658500671e-01 2.3609887063503265e-01 1.3960018694147988e-01 1 0 0 0 0
P 10094 2112 4.4172388315200806e-01 1.3438358902931213e-01 -9.9994789123535156e+01 1.0000027465820312e+02 9.4016004906081918e-01 1 0 0 0 0
P 10095 111 -3.0743962526321411e-01 4.7279009222984314e-01 1.2777744233608246e-01 5.9380668401718140e-01 1.3501743858050608e-01 1 0 0 0 0
P 10096 2212 6.5551429986953735e-01 1.1928209662437439e-01 -2.9315621852874756e+00 3.1493468284606934e+00 9.3829706586954276e-01 1 0 0 0 0
P 10097 -2212 -7.8935348987579346e-01 -8.5384958982467651e-01 -3.3015618324279785e+00 3.6239283084869385e+00 9.3830048368576957e-01 1 0 0 0 0
P 10098 2212 6.6071569919586182e-01 3.7647441029548645e-01 -3.2878940582275391e+01 3.2901115417480469e+01 9.3828763436603013e-01 1 0 0 0 0
P 10099 -2112 3.5466268658638000e-01 -9.7221128642559052e-02 -7.0486903190612793e+00 7.1205420494079590e+00 9.3959900715544231e-01 1 0 0 0 0
P 10100 2112 -3.9303398132324219e-01 3.7448245286941528e-01 -3.8233932495117188e+01 3.8249324798583984e+01 9.3943636740964875e-01 1 0 0 0 0
P 10101 -211 -1.1195883154869080e-01 -1.0002637654542923e-01 -1.3542649269104004e+01 1.3544200897216797e+01 1.3960179883701263e-01 1 0 0 0 0
P 10102 -321 2.1225593984127045e-01 6.3695110380649567e-02 -1.4315804243087769e+00 1.5304160118103027e+00 4.9360004746449404e-01 1 0 0 0 0
P 10103 2212 -2.5119310617446899e-01 -2.6511141657829285e-01 -4.8168937683105469e+01 4.8179462432861328e+01 9.3843527257240344e-01 1 0 0 0 0
P 10104 -211 -2.8439739346504211e-01 -4.8881426453590393e-01 3.8826086521148682e+00 3.9260587692260742e+00 1.3952150843592787e-01 1 0 0 0 0
P 10105 211 -1.0694660246372223e-01 -1.5508210659027100e-01 3.7719919681549072e+00 3.7792699337005615e+00 1.3953418357129069e-01 1 0 0 0 0
P 10106 111 -9.8676025867462158e-02 -1.5444003045558929e-01 6.8119794130325317e-01 7.1822232007980347e-01 1.3499623971394870e-01 1 0 0 0 0
P 10107 -211 1.8692907691001892e-01 2.5019693374633789e-01 1.1559536457061768e+00 1.2055104970932007e+00 1.3959133973851470e-01 1 0 0 0 0
P 10108 111 -2.4901483952999115e-01 -8.1319756805896759e-02 3.8191754817962646e+00 3.8305261135101318e+00 1.3493573424481431e-01 1 0 0 0 0
P 10109 211 -1.2627416849136353e-01 -1.3034278154373169e-01 -1.6249537467956543e-02 2.2953562438488007e-01 1.3959996083485124e-01 1 0 0 0 0
P 10110 111 2.0543509721755981e-01 5.5830931663513184e-01 -5.7922756671905518e-01 8.4121483564376831e-01 1.3499982759069903e-01 1 0 0 0 0
P 10111 321 -9.4391450285911560e-02 -3.8862174749374390e-01 -9.2852097749710083e-01 1.1250460147857666e+00 4.9359975812493545e-01 1 0 0 0 0
P 10112 -211 -1.4886133372783661e-01 1.0852119326591492e-01 1.1907175183296204e-02 2.3144428431987762e-01 1.3959989203579723e-01 1 0 0 0 0
P 10113 -321 2.9646861553192139e-01 6.8655163049697876e-02 -3.1459951400756836e-01 6.5971279144287109e-01 4.9359998133179878e-01 1 0 0 0 0
P 10114 211 -1.3902445137500763e-01 2.8113952279090881e-01 5.6277111172676086e-02 3.4788292646408081e-01 1.3960010002879480e-01 1 0 0 0 0
P 10115 130 -6.5045732259750366e-01 -3.4579494595527649e-01 -1.5915372848510742e+01 1.5940183639526367e+01 4.9768733311406521e-01 1 0 0 0 0
P 10116 211 -8.8050037622451782e-02 1.1198531091213226e-01 -2.8721079826354980e+00 2.8790254592895508e+00 1.3960591797433125e-01 1 0 0 0 0
P 10117 -211 -5.0559382885694504e-02 -3.3353543281555176e-01 -5.7597022056579590e+00 5.7712621688842773e+00 1.3962588582514660e-01 1 0 0 0 0
P 10118 111 1.9970202445983887e-01 -2.6570552587509155e-01 -5.4091925621032715e+00 5.4210762977600098e+00 1.3499528572547451e-01 1 0 0 0 0
P 10119 111 6.3130415976047516e-02 1.2696538865566254e-01 -2.4768166542053223e+00 2.4845421314239502e+00 1.3499335144378805e-01 1 0 0 0 0
P 10120 111 6.5737351775169373e-02 1.5879109501838684e-01 -9.6410827636718750e+00 9.6435594558715820e+00 1.3500411728436656e-01 1 0 0 0 0
P 10121 111 1.5290882438421249e-02 9.1606996953487396e-02 -7.0576996803283691e+00 7.0596013069152832e+00 1.3498215406574054e-01 1 0 0 0 0
E 9 -1 -1.0000000000000000e+00 -1.0000000000000000e+00 -1.0000000000000000e+00 0 0 1 0 0 0 0
U GEV MM
H 1 1 6 6 0 0 0 5 0 3.4204807281494141e+00 4.0880770683288574e+00 3.0556905269622803e-01 4.2000000000000000e+01
V -1 0 0 0 0 0 2 142 0
P 10001 2212 0 0 1.0000000000000000e+02 1.0000000000000000e+02 0 101 0 0 -1 0
P 10002 3000001 0 0 -1.0000000000000000e+02 1.0000000000000000e+02 0 102 0 0 -1 0
P 10003 111 3.7543720006942749e-01 -8.4465247392654419e-01 6.7990010976791382e-01 1.1553701162338257e+00 1.3500019747222547e-01 1 0 0 0 0
P 10004 111 -2.7052679657936096e-01 4.7553084790706635e-02 9.1349834203720093e-01 9.6340548992156982e-01 1.3499953172401014e-01 1 0 0 0 0
P 10005 111 1.5830501914024353e-01 -3.8559982180595398e-01 -1.2847042083740234e+00 1.3573641777038574e+00 1.3499965273276249e-01 1 0 0 0 0
P 10006 111 -1.5470035374164581e-01 -8.4315270185470581e-02 7.7749043703079224e-02 2.3518145084381104e-01 1.3499680288813262e-01 1 0 0 0 0
P 10007 211 1.9785885512828827e-01 -5.7758367061614990e-01 -1.5646591186523438e+00 1.6853477954864502e+00 1.3959946652479210e-01 1 0 0 0 0
P 10008 111 2.6464396715164185e-01 3.3103877305984497e-01 -1.5388649702072144e-01 4.7066882252693176e-01 1.3499995524018907e-01 1 0 0 0 0
P 10009 -321 -3.9914262294769287e-01 -5.0851851701736450e-01 -1.3933283090591431e-01 8.2520323991775513e-01 4.9359987216307122e-01 1 0 0 0 0
P 10010 111 1.2277083098888397e-01 -3.3015429973602295e-01 6.5938025712966919e-01 7.5965899229049683e-01 1.3499971296095287e-01 1 0 0 0 0
P 10011 -211 2.9940789937973022e-01 -2.5546789169311523e-01 4.5292857289314270e-01 6.1606925725936890e-01 1.3959979835223138e-01 1 0 0 0 0
P 10012 211 1.1715094745159149e-01 4.5953661203384399e-02 5.2591168880462646e-01 5.5848658084869385e-01 1.3959968875298179e-01 1 0 0 0 0
P 10013 111 1.1499896645545959e-03 -2.0900323987007141e-01 6.2505945563316345e-02 2.5654563307762146e-01 1.3499996988154525e-01 1 0 0 0 0
P 10014 -211 -1.2709973752498627e-01 -3.6308881640434265e-01 1.3102741241455078e+00 1.3726961612701416e+00 1.3960171518888345e-01 1 0 0 0 0
P 10015 111 2.6912868022918701e-01 -1.2295353412628174e-01 4.5608677864074707e+00 4.5724492073059082e+00 1.3501470374370253e-01 1 0 0 0 0
P 10016 211 -1.5867486596107483e-02 -1.2626522779464722e-01 3.2956349849700928e-01 3.7986180186271667e-01 1.3960015792215202e-01 1 0 0 0 0
P 10017 -211 8.9876836538314819e-01 3.1793311238288879e-01 3.2928071022033691e+00 3.4308788776397705e+00 1.3958947722094378e-01 1 0 0 0 0
P 10018 211 1.7332674562931061e-01 -1.4733439683914185e-01 2.3373255729675293e+00 2.3525154590606689e+00 1.3960145353483813e-01 1 0 0 0 0
P 10019 111 2.3335742950439453e-01 1.6233189404010773e-01 1.2880594730377197e+00 1.3259446620941162e+00 1.3499891527758495e-01 1 0 0 0 0
P 10020 22 -1.1062467098236084e-01 1.5391485393047333e-01 2.3905108869075775e-01 3.0507868528366089e-01 -1.3740532759260951e-04 1 0 0 0 0
P 10021 -211 3.5170860588550568e-02 -2.5777079164981842e-02 4.9379169940948486e-03 1.4633515477180481e-01 1.3959995434465763e-01 1 0 0 0 0
P 10022 211 -8.1908352673053741e-02 -1.3915465772151947e-01 -1.9791001081466675e-01 2.9108333587646484e-01 1.3959992493229625e-01 1 0 0 0 0
P 10023 111 -1.2854501605033875e-01 3.8952935487031937e-02 -1.6845333576202393e-01 2.5424921512603760e-01 1.3499994343855948e-01 1 0 0 0 0
P 10024 130 -3.9175775647163391e-01 1.4436826109886169e-01 -1.8947215378284454e-01 6.7669880390167236e-01 4.9769994934141493e-01 1 0 0 0 0
P 10025 130 -3.7707272917032242e-02 1.7184059321880341e-01 5.2257329225540161e-01 7.4279147386550903e-01 4.9770001000604369e-01 1 0 0 0 0
P 10026 -211 -8.2141011953353882e-01 6.2470173835754395e-01 -6.3131666183471680e-01 1.2177911996841431e+00 1.3959882570772014e-01 1 0 0 0 0
P 10027 211 -2.2456535696983337e-01 4.0278011560440063e-01 -6.1765432357788086e-01 7.8335583209991455e-01 1.3959969617881313e-01 1 0 0 0 0
P 10028 111 -2.6475310325622559e-01 5.2034348249435425e-02 -1.8272957205772400e-01 3.5272777080535889e-01 1.3500001744953100e-01 1 0 0 0 0
P 10029 22 -4.1752561926841736e-02 -9.6874892711639404e-02 -3.6105000972747803e-01 3.7614509463310242e-01 3.7775484048182663e-05 1 0 0 0 0
P 10030 22 -4.0722045302391052e-01 4.3276748061180115e-01 -3.9572951197624207e-01 7.1394544839859009e-01 2.5885135609255360e-04 1 0 0 0 0
P 10031 -211 -8.3080135285854340e-02 1.3785082101821899e-01 -3.4548535943031311e-01 4.0589836239814758e-01 1.3960010487923138e-01 1 0 0 0 0
P 10032 211 -3.2049632072448730e-01 8.9083209633827209e-02 -3.9562451839447021e-01 5.3540694713592529e-01 1.3959989129636585e-01 1 0 0 0 0
P 10033 -211 7.2560042142868042e-02 3.1999996304512024e-01 -4.4799944758415222e-01 5.7258754968643188e-01 1.3959964525582952e-01 1 0 0 0 0
P 10034 111 -8.4238451719284058e-01 6.0223370790481567e-01 -1.0777314901351929e+00 1.5006754398345947e+00 1.3499813758246090e-01 1 0 0 0 0
P 10035 22 -2.9605738818645477e-02 -8.1546299159526825e-02 -5.7911264896392822e-01 5.8557474613189697e-01 1.5633235345104734e-04 1 0 0 0 0
P 10036 22 2.0651857554912567e-01 1.1032295227050781e-01 -9.4148808717727661e-01 9.7016531229019165e-01 -4.0121082087439736e-04 1 0 0 0 0
P 10037 22 5.6701190769672394e-03 -2.1815112233161926e-01 -1.2199345231056213e-01 2.5000888109207153e-01 -1.5558480624736762e-04 1 0 0 0 0
P 10038 -211 1.5888848900794983e-01 9.0204790234565735e-02 -7.6305353641510010e-01 7.9694497585296631e-01 1.3959992471775606e-01 1 0 0 0 0
P 10039 211 2.5896498560905457e-01 2.0282380282878876e-01 -4.2840284109115601e-01 5.5786865949630737e-01 1.3959974293602212e-01 1 0 0 0 0
P 10040 -211 1.2496366500854492e+00 -7.9518955945968628e-01 -7.5812182426452637e+00 7.7258186340332031e+00 1.3958986584583694e-01 1 0 0 0 0
P 10041 211 7.7269339561462402e-01 -2.5544565916061401e-01 -2.4110820293426514e+00 2.5485510826110840e+00 1.3960121793376953e-01 1 0 0 0 0
P 10042 -211 1.4104713499546051e-01 1.8033996224403381e-01 -4.2951738834381104e-01 5.0634986162185669e-01 1.3960014040887650e-01 1 0 0 0 0
P 10043 211 2.7311274409294128e-01 -4.7177496552467346e-01 -4.1991609334945679e-01 7.0212525129318237e-01 1.3959997839491781e-01 1 0 0 0 0
P 10044 310 2.2287914156913757e-01 -2.2270466387271881e-01 -4.2353745549917221e-02 5.9056890010833740e-01 4.9770001703416483e-01 1 0 0 0 0
P 10045 211 1.9951152801513672e-01 8.7443485856056213e-02 -7.5774163007736206e-02 2.6959428191184998e-01 1.3959992847580571e-01 1 0 0 0 0
P 10046 111 3.6894646286964417e-01 9.4129316508769989e-02 1.0425339937210083e+00 1.1180714368820190e+00 1.3499921932039999e-01 1 0 0 0 0
P 10047 130 6.3257449865341187e-01 -6.1056321859359741e-01 2.6861386299133301e+00 2.8698403835296631e+00 4.9769985692084873e-01 1 0 0 0 0
P 10048 130 2.1576665341854095e-02 -6.4669966697692871e-02 6.2836831808090210e-01 8.0448734760284424e-01 4.9770010267758907e-01 1 0 0 0 0
P 10049 -211 1.7964111268520355e-01 -1.6271041333675385e-01 2.9135322570800781e-01 4.0388175845146179e-01 1.3960001684952728e-01 1 0 0 0 0
P 10050 211 -4.3654364347457886e-01 4.5153650641441345e-01 5.8301806449890137e-01 8.6824756860733032e-01 1.3960017040642109e-01 1 0 0 0 0
P 10051 -211 -3.5215124487876892e-02 2.4157891049981117e-02 -4.1332387924194336e-01 4.3834745883941650e-01 1.3959998863426154e-01 1 0 0 0 0
P 10052 211 -1.0240693390369415e-01 -3.2404221594333649e-02 -1.3309507071971893e-01 2.2077061235904694e-01 1.3959997042553884e-01 1 0 0 0 0
P 10053 111 -2.8326651453971863e-01 -5.1893144845962524e-02 -3.2076883316040039e-01 4.5171943306922913e-01 1.3499994497708626e-01 1 0 0 0 0
P 10054 211 -2.0128569006919861e-01 -5.3044214844703674e-02 -1.6353186368942261e+00 1.6544137001037598e+00 1.3959953138280656e-01 1 0 0 0 0
P 10055 -211 1.0308302938938141e-01 3.7226235866546631e-01 -4.7744143009185791e-01 6.2979674339294434e-01 1.3960030155028813e-01 1 0 0 0 0
P 10056 211 9.3787372112274170e-02 1.9587211310863495e-01 2.4872772693634033e+00 2.5006399154663086e+00 1.3960593207350161e-01 1 0 0 0 0
P 10057 -211 -2.8678253293037415e-01 -3.6897540092468262e-01 9.3331038951873779e-01 1.0530636310577393e+00 1.3959820984310978e-01 1 0 0 0 0
P 10058 -211 1.0542304813861847e-01 2.3918189108371735e-01 -2.8197178244590759e-01 4.0904560685157776e-01 1.3960023741968558e-01 1 0 0 0 0
P 10059 -3112 -7.2301310300827026e-01 -3.7344381213188171e-01 -1.2526320457458496e+01 1.2609705924987793e+01 1.1974018054887736e+00 1 0 0 0 0
P 10060 3112 -1.3009787797927856e+00 -5.0014364533126354e-03 -1.3160470008850098e+01 1.3278716087341309e+01 1.1973968742803163e+00 1 0 0 0 0
P 10061 111 6.8211160600185394e-02 2.2878898307681084e-02 -9.1026079654693604e-01 9.2302542924880981e-01 1.3500006996846203e-01 1 0 0 0 0
P 10062 2112 -5.6227791309356689e-01 3.4863886237144470e-01 9.5976819992065430e+00 9.6662321090698242e+00 9.3959455118185975e-01 1 0 0 0 0
P 10063 211 -8.5560478270053864e-02 -5.5176153779029846e-02 7.3380011320114136e-01 7.5386708974838257e-01 1.3959935345137017e-01 1 0 0 0 0
P 10064 211 1.8751627206802368e-01 2.4010466039180756e-01 1.4036998152732849e-01 3.6332422494888306e-01 1.3960000174989151e-01 1 0 0 0 0
P 10065 111 -5.4233618080615997e-02 -2.9274174571037292e-01 8.3642625808715820e-01 8.9803844690322876e-01 1.3500056254329879e-01 1 0 0 0 0
P 10066 111 -4.2455088347196579e-02 -6.6580295562744141e-02 1.0913040161132812e+01 1.0914163589477539e+01 1.3522547502511492e-01 1 0 0 0 0
P 10067 321 -6.0944676399230957e-01 3.9555076509714127e-02 1.4364304542541504e+01 1.4385752677917480e+01 4.9360425151440207e-01 1 0 0 0 0
P 10068 -321 8.6135059595108032e-01 2.4827976524829865e-01 1.0246257781982422e+01 1.0297233581542969e+01 4.9361240568270065e-01 1 0 0 0 0
P 10069 2212 -2.9598039388656616e-01 -5.1529467105865479e-01 1.1620009422302246e+01 1.1672965049743652e+01 9.3827559200756383e-01 1 0 0 0 0
P 10070 -2112 -4.0374779701232910e-01 2.9489532113075256e-01 2.1379282474517822e+00 2.3882126808166504e+00 9.3959942717313560e-01 1 0 0 0 0
P 10071 -211 2.8123265504837036e-01 -6.1434447765350342e-02 -5.3943161964416504e+00 5.4037952423095703e+00 1.3960585939366715e-01 1 0 0 0 0
P 10072 2212 2.2493754327297211e-01 2.0680227875709534e-01 -6.7992729187011719e+01 6.7999885559082031e+01 9.3800302188487206e-01 1 0 0 0 0
P 10073 -211 -2.0635031163692474e-02 -8.0634288489818573e-02 1.3849690556526184e-01 2.1353513002395630e-01 1.3960002117409948e-01 1 0 0 0 0
P 10074 211 2.9338723421096802e-01 3.1567811965942383e-02 1.9767682254314423e-01 3.8162401318550110e-01 1.3960001905005345e-01 1 0 0 0 0
P 10075 111 1.1807952821254730e-01 -4.5116849243640900e-02 -1.3080574572086334e-01 2.2652469575405121e-01 1.3499996149741353e-01 1 0 0 0 0
P 10076 111 -3.0585704371333122e-02 1.2801498174667358e-01 -1.7455154657363892e-01 2.5693687796592712e-01 1.3499998512643155e-01 1 0 0 0 0
P 10077 -211 -1.2418910861015320e-01 -2.0320072770118713e-02 -1.2646027803421021e+00 1.2784926891326904e+00 1.3959772226650424e-01 1 0 0 0 0
P 10078 111 -1.0585188865661621e-01 -3.7837946414947510e-01 -2.3074123263359070e-01 4.7522845864295959e-01 1.3499974164670742e-01 1 0 0 0 0
P 10079 -211 -2.5072103738784790e-01 2.5159102678298950e-01 -1.1589587926864624e+00 1.2201774120330811e+00 1.3960068174592541e-01 1 0 0 0 0
P 10080 211 1.0270483791828156e-02 2.1340946853160858e-01 -6.5516388416290283e-01 7.0311933755874634e-01 1.3959943997511909e-01 1 0 0 0 0
P 10081 111 -4.3050214648246765e-02 1.4952726662158966e-02 -4.6415641903877258e-01 4.8553377389907837e-01 1.3499984905877246e-01 1 0 0 0 0
P 10082 -211 8.1265136599540710e-02 -1.8094903230667114e-01 -4.4527637958526611e-01 5.0705599784851074e-01 1.3959998573898283e-01 1 0 0 0 0
P 10083 211 1.3155478239059448e-01 -9.3314051628112793e-03 -3.2890781760215759e-01 3.8087037205696106e-01 1.3959997112766381e-01 1 0 0 0 0
P 10084 111 3.3984199166297913e-02 -1.9706344604492188e-01 -9.2192953824996948e-01 9.5297855138778687e-01 1.3500043832257860e-01 1 0 0 0 0
P 10085 211 2.8979206085205078e-01 4.3042445182800293e-01 -3.0995855331420898e+00 3.1458168029785156e+00 1.3960026280032620e-01 1 0 0 0 0
P 10086 130 -6.4591252803802490e-01 -2.8564766049385071e-01 -1.0305078506469727e+01 1.0341235160827637e+01 4.9769875146657300e-01 1 0 0 0 0
P 10087 211 3.8493096828460693e-02 7.1799755096435547e-03 2.1386143565177917e-01 2.5837600231170654e-01 1.3960005143184787e-01 1 0 0 0 0
P 10088 -211 1.5532155334949493e-01 -5.5794909596443176e-02 2.4476751685142517e-01 3.2655346393585205e-01 1.3960003807705731e-01 1 0 0 0 0
P 10089 111 1.6790758073329926e-01 -1.1615902185440063e-01 2.1822154521942139e-02 2.4573789536952972e-01 1.3500012135841169e-01 1 0 0 0 0
P 10090 22 -4.6040456742048264e-02 -4.4858209788799286e-02 -1.4298729598522186e-01 1.5677163004875183e-01 -7.3942512005470144e-05 1 0 0 0 0
P 10091 211 -1.5425311401486397e-02 2.9106698930263519e-02 7.4091739952564240e-02 1.6144001483917236e-01 1.3959997244850716e-01 1 0 0 0 0
P 10092 -211 -2.5618979707360268e-02 2.6002758741378784e-01 -7.5847856700420380e-02 3.0579686164855957e-01 1.3959994588315414e-01 1 0 0 0 0
P 10093 310 2.9120868444442749e-01 -5.4701134562492371e-02 -6.1311364173889160e+00 6.1584362983703613e+00 4.9770388830585433e-01 1 0 0 0 0
P 10094 2212 4.8678569495677948e-02 -1.7934903502464294e-01 -9.9995414733886719e+01 1.0000000000000000e+02 9.3941285838423905e-01 1 0 0 0 0
P 10095 2212 9.1077849268913269e-02 2.4649168550968170e-01 -9.9995429992675781e+01 1.0000019073486328e+02 9.3972031118834187e-01 1 0 0 0 0
P 10096 321 1.8440900743007660e-01 5.3260570764541626e-01 -3.1051498651504517e-01 8.1100863218307495e-01 4.9359894933762044e-01 1 0 0 0 0
P 10097 2212 1.3232919573783875e-01 1.8851448595523834e-01 -6.3920864105224609e+01 6.3928165435791016e+01 9.3830661290094219e-01 1 0 0 0 0
P 10098 -211 6.8499374389648438e-01 -1.6417995095252991e-01 7.2442662715911865e-01 1.0200226306915283e+00 1.3957343412566631e-01 1 0 0 0 0
P 10099 111 5.0871267914772034e-02 -4.3661475181579590e-01 2.4298374354839325e-01 5.2008020877838135e-01 1.3498887558516751e-01 1 0 0 0 0
P 10100 310 1.9885343313217163e-01 -7.8751640394330025e-03 -1.2612864971160889e+00 1.3704575300216675e+00 4.9770021871465658e-01 1 0 0 0 0
P 10101 22 -1.7529892921447754e-01 2.1389794349670410e-01 -3.2855126857757568e+00 3.2971317768096924e+00 1.5167197995813813e-03 1 0 0 0 0
P 10102 22 -3.5445567965507507e-01 -1.7382147908210754e-01 -1.3467205047607422e+01 1.3472990989685059e+01 4.6560070776756448e-03 1 0 0 0 0
P 10103 211 2.7366393804550171e-01 -9.8968669772148132e-02 -3.7195949554443359e+00 3.7335722446441650e+00 1.3960059035432848e-01 1 0 0 0 0
P 10104 -211 -1.3222934305667877e-01 -2.6856920123100281e-01 -7.5304417610168457e+00 7.5376830101013184e+00 1.3963534541268749e-01 1 0 0 0 0
P 10105 111 -1.3673554360866547e-01 -1.0489774495363235e-01 -4.1409797668457031e+00 4.1467623710632324e+00 1.3499846983634001e-01 1 0 0 0 0
P 10106 -211 -1.4537496864795685e-01 -1.8222379684448242e-01 4.2621904611587524e-01 5.0546020269393921e-01 1.3959923921589931e-01 1 0 0 0 0
P 10107 3122 8.1695467233657837e-01 3.7851849198341370e-01 -9.0217199325561523e+00 9.1349163055419922e+00 1.1156048504510938e+00 1 0 0 0 0
P 10108 -2212 6.2564325332641602e-01 -3.0298092961311340e-01 -1.2739134788513184e+01 1.2792544364929199e+01 9.3830125473266135e-01 1 0 0 0 0
P 10109 111 2.0893131196498871e-01 -2.7730543166399002e-02 -1.3157105445861816e+01 1.3159485816955566e+01 1.3498880318135908e-01 1 0 0 0 0
P 10110 2212 -1.6217204928398132e-01 9.8246484994888306e-02 -3.9925086975097656e+01 3.9936557769775391e+01 9.3814944657644805e-01 1 0 0 0 0
P 10111 211 3.8277229666709900e-01 -2.8655368834733963e-02 1.4242589473724365e+00 1.4816695451736450e+00 1.3962568053826918e-01 1 0 0 0 0
P 10112 111 -5.1460617780685425e-01 1.4418372511863708e-01 2.2207131385803223e+00 2.2881028652191162e+00 1.3505337142995391e-01 1 0 0 0 0
P 10113 -211 -8.6922995746135712e-02 5.6946888566017151e-02 2.3920644819736481e-01 2.9581516981124878e-01 1.3960062508608720e-01 1 0 0 0 0
P 10114 111 2.7528104186058044e-01 1.1024070531129837e-01 -2.1795009076595306e-01 3.9199507236480713e-01 1.3500085028630016e-01 1 0 0 0 0
P 10115 211 3.6872901022434235e-02 -3.1392481923103333e-01 -2.4980871677398682e+00 2.5218715667724609e+00 1.3960049681051681e-01 1 0 0 0 0
P 10116 111 -2.2763920947909355e-02 3.1494835019111633e-01 -7.7824640274047852e-01 8.5064864158630371e-01 1.3499995803369697e-01 1 0 0 0 0
P 10117 111 -1.1164379119873047e-01 1.5010538697242737e-01 -8.9147382974624634e-01 9.2084020376205444e-01 1.3500047566854959e-01 1 0 0 0 0
P 10118 -211 -6.6032402217388153e-02 -6.0859941877424717e-03 -1.3039649724960327e+00 1.3130918741226196e+00 1.3960051189885367e-01 1 0 0 0 0
P 10119 211 8.7430328130722046e-03 -6.4435675740242004e-02 -9.4642543792724609e+00 9.4655075073242188e+00 1.3961740114441445e-01 1 0 0 0 0
P 10120 111 -4.1988742351531982e-01 -7.6310925185680389e-02 -1.0062774658203125e+01 1.0072724342346191e+01 1.3495573122129054e-01 1 0 0 0 0
P 10121 130 -5.2760899066925049e-01 -2.8378483653068542e-01 -9.0920615196228027e-01 1.1971909999847412e+00 4.9770009362932055e-01 1 0 0 0 0
P 10122 211 2.7349019050598145e-01 5.6080055236816406e-01 -1.1507207155227661e+00 1.3164118528366089e+00 1.3959891588422471e-01 1 0 0 0 0
P 10123 111 -1.2031988054513931e-01 6.0076080262660980e-02 -1.9018961191177368e+00 1.9114183187484741e+00 1.3500048984360280e-01 1 0 0 0 0
P 10124 111 1.3513848185539246e-02 3.4761942923069000e-02 -1.1573482751846313e+00 1.1657919883728027e+00 1.3499967893592713e-01 1 0 0 0 0
P 10125 111 -2.0506277680397034e-01 -1.7968472838401794e-01 -2.5636296272277832e+00 2.5816195011138916e+00 1.3500014402393293e-01 1 0 0 0 0
P 10126 2112 5.5914238095283508e-02 3.3195939660072327e-01 -7.8585617065429688e+01 7.8591949462890625e+01 9.3914183177341692e-01 1 0 0 0 0
P 10127 -211 1.0306090116500854e-01 8.3970300853252411e-02 -5.0124239921569824e+00 5.0161285400390625e+00 1.3956608566964374e-01 1 0 0 0 0
P 10128 211 2.9139536619186401e-01 2.6632919907569885e-01 -6.1619925498962402e+00 6.1762027740478516e+00 1.3959233310326133e-01 1 0 0 0 0
P 10129 2112 1.1185998469591141e-01 -2.7396830916404724e-01 -2.6946807861328125e+01 2.6964809417724609e+01 9.3963914790317693e-01 1 0 0 0 0
P 10130 -211 -1.4556916058063507e-01 1.8715220689773560e-01 -1.9415974617004395e+00 1.9609959125518799e+00 1.3959920022961220e-01 1 0 0 0 0
P 10131 211 1.1310511082410812e-01 1.3354021310806274e-01 -4.9165919423103333e-01 5.4022461175918579e-01 1.3959983261799949e-01 1 0 0 0 0
P 10132 111 1.2521380186080933e-01 -3.4561429172754288e-02 -5.3513765335083008e-01 5.6698352098464966e-01 1.3500006100523126e-01 1 0 0 0 0
P 10133 -211 -3.3954642713069916e-02 -4.4685757160186768e-01 -4.2439122200012207e+00 4.2697901725769043e+00 1.3958001181734667e-01 1 0 0 0 0
P 10134 211 -2.4091094732284546e-02 2.0227703452110291e-01 -5.3884453773498535e+00 5.3941011428833008e+00 1.3959647356533342e-01 1 0 0 0 0
P 10135 -211 -2.0838172733783722e-01 -5.6713819503784180e-01 -1.3576457977294922e+01 1.3590612411499023e+01 1.3952001210329465e-01 1 0 0 0 0
P 10136 111 1.4589591324329376e-01 7.6565563678741455e-02 -1.2908167839050293e+00 1.3082740306854248e+00 1.3500024708283548e-01 1 0 0 0 0
P 10137 211 -3.3405639231204987e-02 2.9354172945022583e-01 -1.0307197570800781e+01 1.0312376976013184e+01 1.3969412379987292e-01 1 0 0 0 0
P 10138 -211 -1.2366566807031631e-01 -2.0263195037841797e-01 -4.7261042594909668e+00 4.7341217994689941e+00 1.3962390860968968e-01 1 0 0 0 0
P 10139 111 -3.7943534553050995e-02 1.2609624862670898e-01 -6.3396716117858887e+00 6.3424768447875977e+00 1.3504223654415001e-01 1 0 0 0 0
P 10140 -211 -3.9909434318542480e-01 -5.5531603097915649e-01 -1.7247281074523926e+00 1.8605988025665283e+00 1.3960182824962597e-01 1 0 0 0 0
P 10141 211 -3.0530321598052979e-01 1.8663392961025238e-01 -2.1408414840698242e+01 2.1411859512329102e+01 1.3949733660412755e-01 1 0 0 0 0
P 10142 2112 -9.0337097644805908e-02 3.6569991707801819e-01 -3.4762424468994141e+01 3.4777160644531250e+01 9.3960114540634154e-01 1 0 0 0 0
P 10143 211 -2.5280171632766724e-01 2.4371013045310974e-02 -1.1123515367507935e+00 1.1494851112365723e+00 1.3959736955843421e-01 1 0 0 0 0
P 10144 -211 1.6948454082012177e-01 7.7842557430267334e-01 -1.0181778907775879e+01 1.0213850975036621e+01 1.3949419027800769e-01 1 0 0 0 0
E 10 -1 -1.0000000000000000e+00 -1.0000000000000000e+00 -1.0000000000000000e+00 0 0 1 0 0 0 0
U GEV MM
H 1 1 3 3 0 0 0 2 0 5.3597302436828613e+00 2.6789293289184570e+00 2.6287579536437988e-01 4.2000000000000000e+01
V -1 0 0 0 0 0 2 73 0
P 10001 2212 0 0 1.0000000000000000e+02 1.0000000000000000e+02 0 101 0 0 -1 0
P 10002 3000001 0 0 -1.0000000000000000e+02 1.0000000000000000e+02 0 102 0 0 -1 0
P 10003 2112 -2.2158460319042206e-01 -3.0651935935020447e-01 3.1227138042449951e+00 3.2828705310821533e+00 9.3959755565766157e-01 1 0 0 0 0
P 10004 211 -2.1852298080921173e-01 -2.2468039393424988e-01 -7.7787971496582031e+00 7.7863602638244629e+00 1.3959760017200876e-01 1 0 0 0 0
P 10005 111 2.9258441925048828e-01 7.1318513154983521e-01 -9.2272691726684570e+00 9.2603969573974609e+00 1.3496943893571897e-01 1 0 0 0 0
P 10006 211 3.1832018494606018e-01 2.7707841992378235e-01 3.0206522941589355e+00 3.0531830787658691e+00 1.3959383698085376e-01 1 0 0 0 0
P 10007 -211 3.6853539943695068e-01 5.9517264366149902e-01 1.1769220829010010e+00 1.3764747381210327e+00 1.3960049807992983e-01 1 0 0 0 0
P 10008 211 -2.0241741836071014e-01 2.1607786417007446e-01 4.3354964256286621e-01 5.4324555397033691e-01 1.3959937214054108e-01 1 0 0 0 0
P 10009 111 -4.6690416336059570e-01 -5.7357883453369141e-01 1.6343582868576050e+00 1.7989839315414429e+00 1.3499629230351409e-01 1 0 0 0 0
P 10010 -211 -1.9159153103828430e-02 -1.4009505510330200e-02 -6.9085136055946350e-02 1.5755717456340790e-01 1.3960002808107044e-01 1 0 0 0 0
P 10011 111 8.9454784989356995e-02 -3.7625873088836670e-01 4.2570662498474121e-01 5.9078246355056763e-01 1.3499999094726722e-01 1 0 0 0 0
P 10012 211 1.6811038553714752e-01 1.4403879642486572e-02 -2.7864656448364258e+00 2.7950572967529297e+00 1.3959200838125838e-01 1 0 0 0 0
P 10013 -211 2.0234850049018860e-01 8.0117392539978027e-01 -3.2940850257873535e+00 3.3990159034729004e+00 1.3960078994800917e-01 1 0 0 0 0
P 10014 211 -6.1385784298181534e-02 -2.2310377657413483e-01 -3.5406861305236816e+00 3.5509841442108154e+00 1.3959444085747758e-01 1 0 0 0 0
P 10015 -211 3.4346058964729309e-03 -1.3917768001556396e-01 -1.4602701663970947e+00 1.4735192060470581e+00 1.3959823991718168e-01 1 0 0 0 0
P 10016 111 -5.0579708069562912e-02 -7.7696643769741058e-02 -6.1735010147094727e-01 6.3870275020599365e-01 1.3499992597415306e-01 1 0 0 0 0
P 10017 2212 -1.5265433490276337e-01 -4.4594034552574158e-01 -9.9994476318359375e+01 1.0000000000000000e+02 9.3943583034420908e-01 1 0 0 0 0
P 10018 111 -1.0232652723789215e-01 6.1546605825424194e-01 6.5806803703308105e+00 6.6115694046020508e+00 1.3500617901815318e-01 1 0 0 0 0
P 10019 211 4.1377317905426025e-01 1.2468419224023819e-01 1.3253984451293945e+01 1.3261763572692871e+01 1.3969549514083077e-01 1 0 0 0 0
P 10020 -211 -6.6113799810409546e-01 -5.0681400299072266e-01 8.5201988220214844e+00 8.5619640350341797e+00 1.3955745869681829e-01 1 0 0 0 0
P 10021 211 1.6493095457553864e-01 3.6603468656539917e-01 2.7077476978302002e+00 2.7409069538116455e+00 1.3960559731635591e-01 1 0 0 0 0
P 10022 -211 -6.9948015734553337e-03 5.6856864690780640e-01 5.9443721771240234e+00 5.9731378555297852e+00 1.3962817588557833e-01 1 0 0 0 0
P 10023 -211 2.9153928160667419e-01 2.5446319580078125e-01 -6.1812410354614258e+00 6.1949157714843750e+00 1.3962093889072796e-01 1 0 0 0 0
P 10024 -211 -1.3748149573802948e-01 7.2641313076019287e-02 5.3792161941528320e+00 5.3832740783691406e+00 1.3962455861798120e-01 1 0 0 0 0
P 10025 111 4.7367376089096069e-01 -4.3477559089660645e-01 2.1894300460815430e+01 2.1904157638549805e+01 1.3539770965914683e-01 1 0 0 0 0
P 10026 211 -3.8346183300018311e-01 -2.1085822582244873e-01 6.9353377819061279e-01 8.3185428380966187e-01 1.3960042706341647e-01 1 0 0 0 0
P 10027 -211 1.2969318032264709e-01 -6.2677842378616333e-01 9.1612303256988525e-01 1.1262508630752563e+00 1.3959972144186669e-01 1 0 0 0 0
P 10028 211 -7.6279044151306152e-04 1.8974013626575470e-01 7.1030199527740479e-02 2.4603931605815887e-01 1.3959998080949418e-01 1 0 0 0 0
P 10029 -211 5.1589214801788330e-01 4.0812194347381592e-03 -4.6833288669586182e-01 7.1062308549880981e-01 1.3959982859727918e-01 1 0 0 0 0
P 10030 -211 -6.1771005392074585e-01 2.5000178813934326e-01 1.2498258054256439e-01 6.9222497940063477e-01 1.3960004254831304e-01 1 0 0 0 0
P 10031 211 7.5063198804855347e-02 1.9920212030410767e-01 4.9852424860000610e-01 5.5975943803787231e-01 1.3960026318673080e-01 1 0 0 0 0
P 10032 211 -2.6492580771446228e-02 -1.9364824891090393e-01 -9.8208516836166382e-02 2.5948902964591980e-01 1.3959993762616968e-01 1 0 0 0 0
P 10033 111 2.4559694528579712e-01 -2.6026293635368347e-01 2.2165684401988983e-01 4.4205361604690552e-01 1.3499995328195813e-01 1 0 0 0 0
P 10034 211 -2.1962317824363708e-01 2.3034185171127319e-01 -1.2810361385345459e-01 3.7039220333099365e-01 1.3959992598299825e-01 1 0 0 0 0
P 10035 -211 3.4458868205547333e-02 -4.8753455281257629e-01 -2.2688043117523193e-01 5.5663293600082397e-01 1.3959993412058697e-01 1 0 0 0 0
P 10036 130 1.7998351156711578e-01 3.5446780920028687e-01 -3.0506248474121094e+00 3.1164178848266602e+00 4.9770169883579662e-01 1 0 0 0 0
P 10037 -321 -4.2084772139787674e-02 -3.7574499845504761e-01 -7.3059886693954468e-01 9.5935982465744019e-01 4.9360017917679722e-01 1 0 0 0 0
P 10038 211 5.4489634931087494e-03 1.3630546629428864e-01 -5.3340035676956177e-01 5.6799030303955078e-01 1.3960004441336069e-01 1 0 0 0 0
P 10039 211 -9.7852014005184174e-02 9.6778459846973419e-03 -7.3162403106689453e+00 7.3182334899902344e+00 1.3964402317909913e-01 1 0 0 0 0
P 10040 -211 5.0643406808376312e-02 -1.9728359580039978e-01 -8.4101171493530273e+00 8.4137430191040039e+00 1.3969808106905357e-01 1 0 0 0 0
P 10041 2212 -1.2638708949089050e-01 1.9496574997901917e-02 -2.9802635192871094e+01 2.9817680358886719e+01 9.3842619984391651e-01 1 0 0 0 0
P 10042 111 3.3314105868339539e-01 1.4253613352775574e-01 -8.9637174606323242e+00 8.9720554351806641e+00 1.3508702220553381e-01 1 0 0 0 0
P 10043 -211 -6.1911433935165405e-02 1.2352392077445984e-01 -8.3314514160156250e+00 8.3337669372558594e+00 1.3963338574544107e-01 1 0 0 0 0
P 10044 211 -1.1483098566532135e-01 -9.9825195968151093e-02 -4.7958302497863770e+00 4.8002743721008301e+00 1.3962463129049291e-01 1 0 0 0 0
P 10045 111 -6.8305455148220062e-02 -9.6681281924247742e-02 -4.2698025703430176e+00 4.2735772132873535e+00 1.3503815291813320e-01 1 0 0 0 0
P 10046 -211 -3.7986582517623901e-01 -1.5017576515674591e-01 -1.4725589752197266e+01 1.4731915473937988e+01 1.3960363770036369e-01 1 0 0 0 0
P 10047 -211 -1.6066490113735199e-01 -4.3817490339279175e-01 -1.3436223030090332e+01 1.3445050239562988e+01 1.3955706224406880e-01 1 0 0 0 0
P 10048 211 1.3123086094856262e-01 2.6454654335975647e-01 -1.7641296386718750e+00 1.7941148281097412e+00 1.3960022182571744e-01 1 0 0 0 0
P 10049 111 -3.1864419579505920e-02 -1.1988686025142670e-01 -9.6312510967254639e-01 9.8041981458663940e-01 1.3499939057737248e-01 1 0 0 0 0
P 10050 22 1.9958928227424622e-02 2.9815390706062317e-01 -7.9067033529281616e-01 8.4525364637374878e-01 1.9100932389847479e-04 1 0 0 0 0
P 10051 2112 -6.8297557532787323e-02 1.0304437577724457e-01 -6.1045524597167969e+01 6.1052875518798828e+01 9.3928327503561737e-01 1 0 0 0 0
P 10052 211 4.0404666215181351e-02 2.8027904033660889e-01 -1.6544818878173828e+01 1.6547830581665039e+01 1.3955776727803737e-01 1 0 0 0 0
P 10053 211 6.0547553002834320e-03 1.3709127902984619e-01 -9.8595255613327026e-01 1.0051970481872559e+00 1.3959936923517055e-01 1 0 0 0 0
P 10054 -211 2.7826771140098572e-01 -1.2418056279420853e-01 -4.6204833984375000e+00 4.6326246261596680e+00 1.3960788043741057e-01 1 0 0 0 0
P 10055 211 -5.8623212575912476e-01 -1.4051297307014465e-01 2.6191577315330505e-01 6.7193752527236938e-01 1.3960001708305422e-01 1 0 0 0 0
P 10056 2112 7.3545105755329132e-02 1.5624956227838993e-02 7.6837927103042603e-01 1.2161035537719727e+00 9.3959998271066814e-01 1 0 0 0 0
P 10057 -2112 -5.9318386018276215e-02 -4.1750278323888779e-02 -1.6798369586467743e-01 9.5725041627883911e-01 9.3959995781700567e-01 1 0 0 0 0
P 10058 2112 -5.9045650064945221e-02 2.0733216404914856e-01 -5.6734809875488281e+01 5.6742996215820312e+01 9.3941201065059821e-01 1 0 0 0 0
P 10059 -211 4.8076501488685608e-01 -2.4820208549499512e-01 2.0134603977203369e+00 2.0895569324493408e+00 1.3959271462271217e-01 1 0 0 0 0
P 10060 111 -5.7245090603828430e-02 -2.6472175121307373e-01 2.2422032356262207e+00 2.2625322341918945e+00 1.3498946233360468e-01 1 0 0 0 0
P 10061 211 -2.4865357205271721e-02 -9.8467454314231873e-02 5.5386471748352051e-01 5.8014488220214844e-01 1.3959883066907688e-01 1 0 0 0 0
P 10062 -211 -1.0030869394540787e-01 1.5637001395225525e-01 9.8305237293243408e-01 1.0101449489593506e+00 1.3959740196557238e-01 1 0 0 0 0
P 10063 111 -2.6920956373214722e-01 4.6169772744178772e-02 4.6606364250183105e+00 4.6705846786499023e+00 1.3499598924283412e-01 1 0 0 0 0
P 10064 211 5.5967271327972412e-02 2.8149271011352539e-01 8.4213113784790039e-01 9.0057933330535889e-01 1.3959871395098580e-01 1 0 0 0 0
P 10065 -211 -1.1442431807518005e-01 6.5111361443996429e-02 2.0914671421051025e+00 2.1002514362335205e+00 1.3960256064850449e-01 1 0 0 0 0
P 10066 111 -1.3963472098112106e-02 -8.9577883481979370e-03 2.5701754093170166e+00 2.5737717151641846e+00 1.3499624660030027e-01 1 0 0 0 0
P 10067 211 -5.6425079703330994e-02 -2.0870175957679749e-01 1.1818430423736572e+00 1.2095375061035156e+00 1.3959866687798744e-01 1 0 0 0 0
P 10068 -211 8.3194971084594727e-02 2.8210364282131195e-02 8.7519520521163940e-01 8.9060199260711670e-01 1.3959954922429405e-01 1 0 0 0 0
P 10069 111 4.5571151375770569e-01 -1.4484378695487976e-01 1.1231958866119385e+00 1.2281885147094727e+00 1.3500119100034561e-01 1 0 0 0 0
P 10070 310 3.7279061973094940e-02 3.3469840884208679e-01 -2.5678431987762451e+00 2.6372213363647461e+00 4.9769963846985071e-01 1 0 0 0 0
P 10071 130 -9.0205848217010498e-02 -3.1396290659904480e-01 -1.6304882764816284e+00 1.7357727289199829e+00 4.9769985427526747e-01 1 0 0 0 0
P 10072 -211 -4.7447562217712402e-02 -1.4130659401416779e-01 -1.7536761760711670e+00 1.7655276060104370e+00 1.3960219336767565e-01 1 0 0 0 0
P 10073 211 9.5788881182670593e-02 -1.6645219922065735e-01 -2.9218358993530273e+00 2.9314665794372559e+00 1.3960458167921685e-01 1 0 0 0 0
P 10074 22 2.0432803034782410e-01 4.5123144984245300e-02 -3.6953899860382080e+00 3.7013096809387207e+00 4.0385657858152619e-04 1 0 0 0 0
P 10075 22 -1.3916794955730438e-01 -6.0102730989456177e-02 -3.4641635417938232e-01 3.7813273072242737e-01 1.2306213534655949e-04 1 0 0 0 0
E 11 -1 -1.0000000000000000e+00 -1.0000000000000000e+00 -1.0000000000000000e+00 0 0 1 0 0 0 0
U GEV MM
H 1 1 1 1 0 0 0 0 0 7.0335087776184082e+00 8.5652220249176025e-01 1.0000001192092896e+00 4.2000000000000000e+01
V -1 0 0 0 0 0 2 73 0
P 10001 2212 0 0 1.0000000000000000e+02 1.0000000000000000e+02 0 101 0 0 -1 0
P 10002 3000001 0 0 -1.0000000000000000e+02 1.0000000000000000e+02 0 102 0 0 -1 0
P 10003 2212 -2.1081632375717163e-01 -1.6687886416912079e-01 5.4719986915588379e+00 5.5583691596984863e+00 9.3829950303554843e-01 1 0 0 0 0
P 10004 211 3.8164615631103516e-01 2.1324910223484039e-01 1.8172832727432251e+00 1.8743360042572021e+00 1.3959940985396457e-01 1 0 0 0 0
P 10005 -211 -3.8874140381813049e-01 -4.7182253003120422e-01 3.2209057807922363e+00 3.2813806533813477e+00 1.3960144969525604e-01 1 0 0 0 0
P 10006 -2112 -1.9665072858333588e-01 5.4563289880752563e-01 4.8250136375427246e+00 4.9497466087341309e+00 9.3959997812276153e-01 1 0 0 0 0
P 10007 2112 6.7233943939208984e-01 -5.6416428089141846e-01 7.0926623344421387e+00 7.2082610130310059e+00 9.3959894847364200e-01 1 0 0 0 0
P 10008 211 3.2999217510223389e-01 2.7350348234176636e-01 1.5595167875289917e+00 1.6233544349670410e+00 1.3959950021629183e-01 1 0 0 0 0
P 10009 -211 1.6521087288856506e-01 -2.2844588756561279e-01 1.5099521875381470e+00 1.5423766374588013e+00 1.3959916568963052e-01 1 0 0 0 0
P 10010 111 4.0779221057891846e-01 4.9429997801780701e-01 -6.2623858451843262e-01 9.0610533952713013e-01 1.3500061593444759e-01 1 0 0 0 0
P 10011 211 2.3389089107513428e-01 2.7438320219516754e-02 3.9494872093200684e-01 4.8055228590965271e-01 1.3960013245973416e-01 1 0 0 0 0
P 10012 111 -5.7702457904815674e-01 3.0794289708137512e-01 1.1350773572921753e+00 1.3169708251953125e+00 1.3500131365901930e-01 1 0 0 0 0
P 10013 211 -1.3513147830963135e-01 -3.5748776793479919e-01 9.9873214960098267e-02 4.1895213723182678e-01 1.3960019187486175e-01 1 0 0 0 0
P 10014 -211 -1.1895570904016495e-01 2.2163836658000946e-01 6.7285037040710449e-01 7.3177176713943481e-01 1.3960040104487706e-01 1 0 0 0 0
P 10015 -211 -1.8211074173450470e-01 -4.8371851444244385e-02 5.2836602926254272e-01 5.7806825637817383e-01 1.3959974887585017e-01 1 0 0 0 0
P 10016 111 -5.2441871166229248e-01 3.4397786855697632e-01 2.0528011023998260e-01 6.7357301712036133e-01 1.3499972790323700e-01 1 0 0 0 0
P 10017 22 -1.6690380871295929e-01 -2.5709673762321472e-01 -8.6966788768768311e-01 9.2210531234741211e-01 5.9860234683277935e-04 1 0 0 0 0
P 10018 111 4.5580856502056122e-02 -9.0587951242923737e-02 1.3809062540531158e-01 2.1812358498573303e-01 1.3500031893424125e-01 1 0 0 0 0
P 10019 111 -1.4015682041645050e-01 -1.6158999502658844e-01 -2.5063461065292358e-01 3.5608696937561035e-01 1.3499985518518987e-01 1 0 0 0 0
P 10020 111 -2.0158551633358002e-01 3.7790350615978241e-03 -1.1026373505592346e-01 2.6652219891548157e-01 1.3499996201772724e-01 1 0 0 0 0
P 10021 111 1.8108695745468140e-02 -1.0854713618755341e-03 -2.3381568491458893e-02 1.3820560276508331e-01 1.3499995474391771e-01 1 0 0 0 0
P 10022 111 1.4683187007904053e-02 3.2388722896575928e-01 -2.9508590698242188e-01 4.5871493220329285e-01 1.3500060540162684e-01 1 0 0 0 0
P 10023 321 -2.7932021021842957e-01 -3.6652931571006775e-01 -5.2692067623138428e-01 8.5653358697891235e-01 4.9359990627173395e-01 1 0 0 0 0
P 10024 -211 1.1157566308975220e-01 -1.4778509736061096e-01 -8.7800663709640503e-01 9.0811526775360107e-01 1.3959986083822984e-01 1 0 0 0 0
P 10025 22 1.5392553806304932e-01 -8.2803554832935333e-02 -4.1317188739776611e-01 4.4862112402915955e-01 6.3594684059271162e-04 1 0 0 0 0
P 10026 22 1.1525079607963562e-01 -8.0468513071537018e-02 -4.9110698699951172e+00 4.9130825996398926e+00 3.9287806624300160e-03 1 0 0 0 0
P 10027 130 1.2535853683948517e-01 -9.0759202837944031e-02 -1.2672432661056519e+00 1.3702421188354492e+00 4.9770068623845171e-01 1 0 0 0 0
P 10028 211 1.8960103392601013e-01 -1.4834922552108765e-01 1.1988349258899689e-01 3.0301198363304138e-01 1.3960002024131624e-01 1 0 0 0 0
P 10029 211 2.7784609794616699e-01 1.7405855655670166e-01 1.9011846780776978e+00 1.9342921972274780e+00 1.3960046147198790e-01 1 0 0 0 0
P 10030 211 -2.4872727692127228e-02 2.6410818099975586e-01 1.8096880912780762e+00 1.8343478441238403e+00 1.3960387413767505e-01 1 0 0 0 0
P 10031 211 6.0919892042875290e-02 -6.6092765331268311e-01 7.2029414176940918e+00 7.2348031997680664e+00 1.3955528109446871e-01 1 0 0 0 0
P 10032 111 1.2997286021709442e-01 1.4432780444622040e-01 1.7734251022338867e+00 1.7891215085983276e+00 1.3489151109912509e-01 1 0 0 0 0
P 10033 2112 -5.8385658264160156e-01 5.0065416842699051e-02 9.1880540847778320e+00 9.2545442581176758e+00 9.3960444102754292e-01 1 0 0 0 0
P 10034 -3122 9.1920867562294006e-02 -2.5991126894950867e-01 4.2565565109252930e+00 4.4089541435241699e+00 1.1156164194641882e+00 1 0 0 0 0
P 10035 -211 3.7564778327941895e-01 -4.9570861458778381e-01 1.3737810850143433e+00 1.5144639015197754e+00 1.3959997064481211e-01 1 0 0 0 0
P 10036 211 -5.7504612207412720e-01 -5.5048090219497681e-01 4.8685297369956970e-01 9.4351536035537720e-01 1.3959996788157139e-01 1 0 0 0 0
P 10037 -211 5.1967942714691162e-01 -8.1103259325027466e-01 -2.0024061203002930e-01 9.9369257688522339e-01 1.3959964303903932e-01 1 0 0 0 0
P 10038 211 -2.5526979565620422e-01 1.7432196438312531e-01 -8.7838602066040039e-01 9.4159454107284546e-01 1.3959750229075463e-01 1 0 0 0 0
P 10039 -211 7.8244335949420929e-02 2.9589825868606567e-01 6.7618191242218018e-01 7.5524044036865234e-01 1.3960010200464520e-01 1 0 0 0 0
P 10040 111 5.6574802845716476e-02 6.8459033966064453e-01 3.4341189861297607e+00 3.5047490596771240e+00 1.3501155112463972e-01 1 0 0 0 0
P 10041 -211 -3.3221036195755005e-01 -7.2456166148185730e-02 4.5516495704650879e+00 4.5664663314819336e+00 1.3959700440263056e-01 1 0 0 0 0
P 10042 111 -5.7073575258255005e-01 3.4295082092285156e-01 1.9996455907821655e+00 2.1119098663330078e+00 1.3500455522877569e-01 1 0 0 0 0
P 10043 -211 5.2270394563674927e-01 4.1559356451034546e-01 6.6343021392822266e+00 6.6692862510681152e+00 1.3955929834599590e-01 1 0 0 0 0
P 10044 111 8.8705420494079590e-03 2.4652048945426941e-02 2.7116480469703674e-01 3.0404251813888550e-01 1.3500033887510948e-01 1 0 0 0 0
P 10045 -211 -3.4142874181270599e-02 -5.5025286972522736e-02 1.9391342401504517e+00 1.9452311992645264e+00 1.3960408018561460e-01 1 0 0 0 0
P 10046 211 -4.0158309042453766e-02 5.1709309220314026e-02 5.6824207305908203e-01 5.8879023790359497e-01 1.3960067410617172e-01 1 0 0 0 0
P 10047 211 3.1201560050249100e-02 7.6190106570720673e-02 1.8828853368759155e+00 1.8898475170135498e+00 1.3959934115576048e-01 1 0 0 0 0
P 10048 -211 -1.1662286520004272e-01 2.7019664645195007e-02 2.0614719390869141e+00 2.0696580410003662e+00 1.3959547295563030e-01 1 0 0 0 0
P 10049 22 2.3529060184955597e-01 -5.9984240680932999e-02 5.6427425146102905e-01 6.1432909965515137e-01 5.9190685424226411e-03 1 0 0 0 0
P 10050 -211 1.2415601313114166e-01 -5.4734077304601669e-02 5.2218776941299438e-01 5.5732375383377075e-01 1.3971100618004506e-01 1 0 0 0 0
P 10051 211 -5.0197936594486237e-02 8.0860666930675507e-02 2.0461060106754303e-01 2.6538252830505371e-01 1.3965710853924942e-01 1 0 0 0 0
P 10052 -321 -2.9783174395561218e-02 1.3622798025608063e-01 1.5468692779541016e+00 1.6296905279159546e+00 4.9360060131548839e-01 1 0 0 0 0
P 10053 211 2.4993094801902771e-01 -3.1714579463005066e-01 1.0486602783203125e+00 1.1323533058166504e+00 1.3960191989311999e-01 1 0 0 0 0
P 10054 -211 3.4443688392639160e-01 1.1331868916749954e-01 2.4605169296264648e+00 2.4910058975219727e+00 1.3960275135984931e-01 1 0 0 0 0
P 10055 111 -1.4746242761611938e-01 1.1654110252857208e-01 1.5855538845062256e-01 2.8052061796188354e-01 1.3500003614064260e-01 1 0 0 0 0
P 10056 211 -1.0155171155929565e-01 -2.6228561997413635e-01 1.6835407018661499e+00 1.7125722169876099e+00 1.3959873563914896e-01 1 0 0 0 0
P 10057 -211 -1.5906365588307381e-02 1.0920742154121399e-01 3.8182765245437622e-02 1.8200373649597168e-01 1.3960001128509122e-01 1 0 0 0 0
P 10058 211 -5.7405668497085571e-01 5.8314431458711624e-02 -5.7676595449447632e-01 8.2770085334777832e-01 1.3959973457222283e-01 1 0 0 0 0
P 10059 111 6.9944277405738831e-02 -1.1447386443614960e-01 -4.1933280229568481e-01 4.6050134301185608e-01 1.3500007501410635e-01 1 0 0 0 0
P 10060 130 -3.3295911550521851e-01 1.5218403190374374e-02 -2.2923280298709869e-01 6.4136290550231934e-01 4.9770003636263960e-01 1 0 0 0 0
P 10061 130 1.5685147047042847e-01 -1.7461897432804108e-01 -1.4032052755355835e+00 1.5072441101074219e+00 4.9770030357486095e-01 1 0 0 0 0
P 10062 211 2.5514698028564453e-01 -2.2153447568416595e-01 -1.3626017570495605e+00 1.4107972383499146e+00 1.3959868894676120e-01 1 0 0 0 0
P 10063 111 -6.1737251281738281e-01 3.8546854257583618e-01 -1.4398746490478516e+00 1.6190117597579956e+00 1.3500094950043587e-01 1 0 0 0 0
P 10064 -211 -4.0394094586372375e-01 -7.7978536486625671e-02 -1.0733827352523804e+00 1.1579670906066895e+00 1.3960066866732207e-01 1 0 0 0 0
P 10065 111 4.8150771856307983e-01 2.6130574941635132e-01 -1.6076934337615967e+00 1.7038292884826660e+00 1.3500255411410333e-01 1 0 0 0 0
P 10066 -211 2.4799160659313202e-01 1.7979270219802856e-01 -2.8634178161621094e+01 2.8636159896850586e+01 1.4024761613347572e-01 1 0 0 0 0
P 10067 111 7.3598206043243408e-02 -3.0545690655708313e-01 -2.0554241180419922e+01 2.0557088851928711e+01 1.3546566179425565e-01 1 0 0 0 0
P 10068 2212 4.4752001762390137e-02 3.6104235053062439e-01 -1.9905248641967773e+01 1.9930671691894531e+01 9.3829434133842926e-01 1 0 0 0 0
P 10069 -211 2.8248307108879089e-01 9.1847389936447144e-02 -7.7827644348144531e+00 7.7896809577941895e+00 1.3955123761105057e-01 1 0 0 0 0
P 10070 22 1.8585801124572754e-01 -2.6829600334167480e-01 2.6775150299072266e+00 2.6973350048065186e+00 1.8566157793573638e-03 1 0 0 0 0
P 10071 22 -1.1106893420219421e-01 2.3828372359275818e-02 1.2119041383266449e-01 1.6610619425773621e-01 2.2779761340412905e-04 1 0 0 0 0
P 10072 -211 -7.1305088698863983e-02 2.3438981175422668e-01 1.5902200937271118e+00 1.6150265932083130e+00 1.3959925052825592e-01 1 0 0 0 0
P 10073 211 -6.7780101671814919e-03 1.5336385369300842e-01 7.8802293539047241e-01 8.1488317251205444e-01 1.3959951683475511e-01 1 0 0 0 0
P 10074 111 8.9082479476928711e-02 9.7222894430160522e-02 2.0319969654083252e+00 2.0407412052154541e+00 1.3500007364607713e-01 1 0 0 0 0
P 10075 2112 1.5754948556423187e-01 1.2748877704143524e-01 -9.9995376586914062e+01 1.0000000000000000e+02 9.3999255984582231e-01 1 0 0 0 0
E 12 -1 -1.0000000000000000e+00 -1.0000000000000000e+00 -1.0000000000000000e+00 0 0 1 0 0 0 0
U GEV MM
H 1 1 6 6 0 0 0 5 0 5.7861318588256836e+00 2.4019262790679932e+00 2.6628831028938293e-01 4.2000000000000000e+01
V -1 0 0 0 0 0 2 106 0
P 10001 2212 0 0 1.0000000000000000e+02 1.0000000000000000e+02 0 101 0 0 -1 0
P 10002 3000001 0 0 -1.0000000000000000e+02 1.0000000000000000e+02 0 102 0 0 -1 0
P 10003 2112 -3.1841337680816650e-01 1.8376979231834412e-01 5.0421695709228516e+00 5.1421275138854980e+00 9.3959723925670091e-01 1 0 0 0 0
P 10004 -2112 3.9948144555091858e-01 8.3645445108413696e-01 1.0206076622009277e+01 1.0291068077087402e+01 9.3959601895984235e-01 1 0 0 0 0
P 10005 2112 3.6984983831644058e-02 3.0068579316139221e-01 -6.4495358467102051e+00 6.5246567726135254e+00 9.3960285609054106e-01 1 0 0 0 0
P 10006 -211 -3.5598242282867432e-01 -1.8361675739288330e-01 3.6059231758117676e+00 3.6307864189147949e+00 1.3960469534097691e-01 1 0 0 0 0
P 10007 211 9.7973689436912537e-02 5.7823467999696732e-02 5.0730472803115845e-01 5.3832018375396729e-01 1.3959991361295657e-01 1 0 0 0 0
P 10008 211 -3.9614874124526978e-01 3.8854759931564331e-01 3.7499606609344482e+00 3.7933623790740967e+00 1.3960701377296719e-01 1 0 0 0 0
P 10009 111 9.5035821199417114e-02 8.7305676937103271e-01 4.6013054847717285e+00 4.6863098144531250e+00 1.3500956630424382e-01 1 0 0 0 0
P 10010 -211 -4.0696442127227783e-01 3.5201761126518250e-01 1.6406195163726807e+00 1.7322403192520142e+00 1.3959830699928341e-01 1 0 0 0 0
P 10011 211 2.4092324078083038e-01 3.0781593918800354e-01 1.1992314457893372e-01 4.3204671144485474e-01 1.3959992800171162e-01 1 0 0 0 0
P 10012 130 -5.0227525644004345e-03 -7.1539777517318726e-01 4.7777780890464783e-01 9.9387931823730469e-01 4.9769996963236196e-01 1 0 0 0 0
P 10013 -211 1.9697457551956177e-01 -6.4759343862533569e-02 2.6913348585367203e-02 2.5140652060508728e-01 1.3959997941282543e-01 1 0 0 0 0
P 10014 211 -6.4728170633316040e-02 -2.7971947193145752e-01 2.2603124380111694e-03 3.1925854086875916e-01 1.3960009976422869e-01 1 0 0 0 0
P 10015 111 5.6758090853691101e-02 3.5185313224792480e-01 -3.0815321207046509e-01 4.9010768532752991e-01 1.3500012428784103e-01 1 0 0 0 0
P 10016 211 1.6289436817169189e-01 3.2228916883468628e-01 -2.2383198738098145e+00 2.2715556621551514e+00 1.3958647945605926e-01 1 0 0 0 0
P 10017 -211 -5.8497548103332520e-01 -3.1022042036056519e-01 -3.4480228424072266e+00 3.5137982368469238e+00 1.3958332596583550e-01 1 0 0 0 0
P 10018 310 1.1134137213230133e-01 6.5130090713500977e-01 1.8586227297782898e-01 8.4784424304962158e-01 4.9770001323358487e-01 1 0 0 0 0
P 10019 2212 -1.6431440412998199e-01 -5.4853379726409912e-02 7.5904374122619629e+00 7.6501741409301758e+00 9.3830493999481257e-01 1 0 0 0 0
P 10020 -2212 1.8221662938594818e-01 1.5744236111640930e-01 6.7916321754455566e+00 6.8603701591491699e+00 9.3830704830475298e-01 1 0 0 0 0
P 10021 211 1.9760213792324066e-01 9.4895958900451660e-02 1.0061613321304321e+00 1.0391829013824463e+00 1.3960167736700624e-01 1 0 0 0 0
P 10022 -211 1.2898235023021698e-01 4.5959673821926117e-02 -1.9275615215301514e+00 1.9374545812606812e+00 1.3959977390970515e-01 1 0 0 0 0
P 10023 -211 -1.3168025016784668e-01 -7.3703125119209290e-02 -2.2147488594055176e+00 2.2242689132690430e+00 1.3959888738956353e-01 1 0 0 0 0
P 10024 2212 4.3879786133766174e-01 -5.2541375160217285e-01 -5.1351387023925781e+01 5.1364521026611328e+01 9.3833247769479822e-01 1 0 0 0 0
P 10025 111 -2.3848429322242737e-02 -1.0754977911710739e-01 4.0211418271064758e-01 4.3824288249015808e-01 1.3500113165064151e-01 1 0 0 0 0
P 10026 111 4.8656679689884186e-02 1.0502362623810768e-02 6.9244611263275146e-01 7.0723748207092285e-01 1.3500172238413763e-01 1 0 0 0 0
P 10027 111 4.1142255067825317e-02 -2.7399724349379539e-02 -6.6901296377182007e-03 1.4392071962356567e-01 1.3499994687372119e-01 1 0 0 0 0
P 10028 111 -1.3790583238005638e-02 -2.5995942950248718e-01 2.7713000774383545e-01 4.0347871184349060e-01 1.3499979461273734e-01 1 0 0 0 0
P 10029 211 8.5501506924629211e-02 -2.1184630692005157e-02 6.6738069057464600e-02 1.7804896831512451e-01 1.3960003220852865e-01 1 0 0 0 0
P 10030 -211 -2.1606829762458801e-01 1.3155254721641541e-01 -5.1482617855072021e-01 5.9036070108413696e-01 1.3960007645377889e-01 1 0 0 0 0
P 10031 211 -1.5731661021709442e-01 -1.7564943432807922e-01 -1.5203097462654114e-01 3.1337329745292664e-01 1.3960002392783824e-01 1 0 0 0 0
P 10032 111 1.7796017229557037e-01 -8.9104533195495605e-02 -3.1634539365768433e-01 3.9737749099731445e-01 1.3500007964230687e-01 1 0 0 0 0
P 10033 211 1.3983418047428131e-01 8.7733142077922821e-02 -6.7682415246963501e-01 7.1051377058029175e-01 1.3960008083881917e-01 1 0 0 0 0
P 10034 -211 -1.2673550844192505e-01 1.2802657485008240e-01 -4.1939815878868103e-01 4.7732135653495789e-01 1.3960003166604107e-01 1 0 0 0 0
P 10035 -211 6.0518044978380203e-02 -7.2863078117370605e-01 -5.2366762161254883e+00 5.2893123626708984e+00 1.3957875313610019e-01 1 0 0 0 0
P 10036 211 9.9233366549015045e-02 3.5846558213233948e-01 -2.0247669219970703e+00 2.0633740425109863e+00 1.3959411264272864e-01 1 0 0 0 0
P 10037 22 -1.2842749059200287e-01 -6.5376952290534973e-02 2.5818109512329102e-01 2.9567795991897583e-01 4.6029580463241224e-04 1 0 0 0 0
P 10038 22 2.9784038662910461e-02 1.6154274344444275e-01 3.6029360294342041e+00 3.6066803932189941e+00 3.5042426540822205e-03 1 0 0 0 0
P 10039 22 -7.3420386761426926e-03 -3.3304715156555176e-01 1.0677212476730347e-01 3.4982073307037354e-01 -2.2812119731064332e-04 1 0 0 0 0
P 10040 22 6.0921899974346161e-02 2.1861329674720764e-01 1.2573580443859100e-01 2.5944694876670837e-01 -1.5717707055154832e-04 1 0 0 0 0
P 10041 22 7.9981625080108643e-02 1.8027964979410172e-02 -8.1488274037837982e-02 1.1559592932462692e-01 1.1044910347923987e-04 1 0 0 0 0
P 10042 211 -6.4431749284267426e-02 2.6837664842605591e-01 -6.8722027540206909e-01 7.5361633300781250e-01 1.3960084067158407e-01 1 0 0 0 0
P 10043 -211 -1.1578282713890076e-01 3.6436766386032104e-03 -8.1085467338562012e-01 8.3089864253997803e-01 1.3960054936766628e-01 1 0 0 0 0
P 10044 2112 -1.0292950868606567e+00 3.7606349587440491e-01 1.3098627090454102e+01 1.3177926063537598e+01 9.3959116243219565e-01 1 0 0 0 0
P 10045 211 -1.2261345386505127e+00 -1.2652198970317841e-01 1.6487998962402344e+01 1.6534599304199219e+01 1.3946557100006252e-01 1 0 0 0 0
P 10046 -2112 3.4171697497367859e-01 1.4163006097078323e-02 -8.4794597625732422e+00 8.5382108688354492e+00 9.3959347266477866e-01 1 0 0 0 0
P 10047 2112 1.5057566165924072e+00 5.0238734483718872e-01 -3.2938036918640137e+00 3.7751407623291016e+00 9.3960043752510558e-01 1 0 0 0 0
P 10048 211 6.1225146055221558e-02 -9.7592085599899292e-02 -7.1517348289489746e+00 7.1540250778198242e+00 1.3961023168773609e-01 1 0 0 0 0
P 10049 111 6.1749529838562012e-01 -7.0800769329071045e-01 -1.4115796089172363e+00 1.7009872198104858e+00 1.3500071244437739e-01 1 0 0 0 0
P 10050 -211 2.0184732973575592e-01 2.0067273080348969e-01 -1.6405210494995117e+00 1.6708707809448242e+00 1.3959929568089721e-01 1 0 0 0 0
P 10051 211 8.4020756185054779e-02 -1.7812171578407288e-01 -4.0099491119384766e+01 4.0100215911865234e+01 1.3907304371528387e-01 1 0 0 0 0
P 10052 -211 -2.8249734640121460e-01 -2.3883903026580811e-01 3.3015913963317871e+00 3.3251829147338867e+00 1.3959525423175162e-01 1 0 0 0 0
P 10053 111 -5.4114973545074463e-01 2.9534476995468140e-01 9.8125419616699219e+00 9.8328161239624023e+00 1.3498743943053418e-01 1 0 0 0 0
P 10054 130 -5.3978615999221802e-01 -5.1006201654672623e-02 1.2138433456420898e+00 1.4195390939712524e+00 4.9769954834896202e-01 1 0 0 0 0
P 10055 321 -8.3247947692871094e-01 -7.5304567813873291e-01 3.3474433422088623e-01 1.2711387872695923e+00 4.9359920414978498e-01 1 0 0 0 0
P 10056 111 -4.1505604982376099e-02 -4.9556046724319458e-01 -8.3113834261894226e-02 5.2195370197296143e-01 1.3499950228915306e-01 1 0 0 0 0
P 10057 -211 6.7947036027908325e-01 4.6215865015983582e-01 -7.9760110378265381e-01 1.1536575555801392e+00 1.3959816036211037e-01 1 0 0 0 0
P 10058 111 2.3713156580924988e-01 -1.9167284667491913e-01 -6.0529059171676636e-01 6.9106549024581909e-01 1.3499982123042784e-01 1 0 0 0 0
P 10059 211 1.1835074052214622e-02 -1.3554153963923454e-02 -2.5999653339385986e-01 2.9565203189849854e-01 1.3959993739750448e-01 1 0 0 0 0
P 10060 -211 1.7104664444923401e-01 -6.6796764731407166e-02 -2.3631737232208252e+00 2.3744044303894043e+00 1.3959796049917325e-01 1 0 0 0 0
P 10061 111 2.8073713183403015e-03 3.1159150600433350e-01 -1.6943681240081787e+00 1.7280640602111816e+00 1.3499966144695311e-01 1 0 0 0 0
P 10062 -211 -7.9459354281425476e-02 4.8428237438201904e-02 -3.2723896503448486e+00 3.2766873836517334e+00 1.3959621532896038e-01 1 0 0 0 0
P 10063 211 -2.9290634393692017e-01 -5.0387823581695557e-01 -3.6152687072753906e+00 3.6646070480346680e+00 1.3960511399009834e-01 1 0 0 0 0
P 10064 -211 3.3895483613014221e-01 6.6645479202270508e-01 -7.5307745933532715e+00 7.5690884590148926e+00 1.3957705309710447e-01 1 0 0 0 0
P 10065 111 2.5605332851409912e-01 -1.5031479299068451e-01 -6.6915488243103027e-01 7.4441343545913696e-01 1.3500097101801609e-01 1 0 0 0 0
P 10066 211 -1.4891143143177032e-01 -2.5885891914367676e-01 -3.8143434524536133e+00 3.8285620212554932e+00 1.3960165791603657e-01 1 0 0 0 0
P 10067 111 5.7406765222549438e-01 -1.2904986739158630e-01 -2.5272202491760254e+00 2.5983214378356934e+00 1.3499840319698550e-01 1 0 0 0 0
P 10068 22 -1.4831784367561340e-01 1.0081672668457031e-01 -1.7976378202438354e+00 1.8065612316131592e+00 -6.6658482470804395e-04 1 0 0 0 0
P 10069 211 -8.7025888264179230e-02 2.1916502714157104e-01 -4.8615045547485352e+00 4.8692221641540527e+00 1.3961065037520917e-01 1 0 0 0 0
P 10070 -211 -4.6840652823448181e-02 -1.0756306350231171e-01 -3.1846523284912109e+00 3.1898686885833740e+00 1.3959920362664685e-01 1 0 0 0 0
P 10071 111 -6.5021753311157227e-01 2.0628409087657928e-01 -1.2685275077819824e+01 1.2704320907592773e+01 1.3501835663210984e-01 1 0 0 0 0
P 10072 -211 -2.1951818466186523e-01 -1.1512200534343719e-01 -3.7203824520111084e+00 3.7312426567077637e+00 1.3958819610514397e-01 1 0 0 0 0
P 10073 211 3.5670718550682068e-01 2.4387305974960327e-01 -2.5471928119659424e+00 2.5873520374298096e+00 1.3958960848641652e-01 1 0 0 0 0
P 10074 2212 -1.1317107826471329e-01 4.8183637857437134e-01 -9.9994354248046875e+01 1.0000000000000000e+02 9.4028959764396858e-01 1 0 0 0 0
P 10075 211 3.7110829353332520e-01 7.9866267740726471e-02 -1.4025328159332275e+00 1.4596871137619019e+00 1.3960008617802741e-01 1 0 0 0 0
P 10076 22 3.7373900413513184e-03 2.5018036365509033e-01 -2.8481006622314453e+00 2.8590700626373291e+00 2.4170831424906528e-04 1 0 0 0 0
P 10077 111 -3.4741309285163879e-01 -1.1339516192674637e-01 -2.4920949935913086e+01 2.4923994064331055e+01 1.3483356662962753e-01 1 0 0 0 0
P 10078 2112 -9.8065346479415894e-02 -4.5550107955932617e-01 -6.4613876342773438e+01 6.4622390747070312e+01 9.3982539982829261e-01 1 0 0 0 0
P 10079 111 2.6502522826194763e-01 1.0351069271564484e-02 -1.8107151031494141e+01 1.8109596252441406e+01 1.3495344697388992e-01 1 0 0 0 0
P 10080 -211 3.0773344635963440e-01 -1.1691502481698990e-01 -5.1391053199768066e-01 6.2606799602508545e-01 1.3959979839667355e-01 1 0 0 0 0
P 10081 211 1.6699302196502686e-01 3.6903002858161926e-01 -7.3086863756179810e-01 8.4718763828277588e-01 1.3959977689002889e-01 1 0 0 0 0
P 10082 111 -5.2204236388206482e-02 -2.1387234330177307e-01 -1.3126190900802612e+00 1.3377819061279297e+00 1.3499959701375672e-01 1 0 0 0 0
P 10083 211 -3.6689490079879761e-02 1.9978833198547363e-01 -2.3283417224884033e+00 2.3413512706756592e+00 1.3960336577031190e-01 1 0 0 0 0
P 10084 111 -7.9198259115219116e-01 -1.3013368844985962e-01 -3.3884329795837402e+00 3.4848062992095947e+00 1.3500253450370395e-01 1 0 0 0 0
P 10085 -211 1.4581106603145599e-01 1.7116501927375793e-01 -5.2165713310241699e+00 5.2232804298400879e+00 1.3958390411132324e-01 1 0 0 0 0
P 10086 211 7.3207348585128784e-01 -6.3477313518524170e-01 -1.8477817535400391e+01 1.8503732681274414e+01 1.3969161275210154e-01 1 0 0 0 0
P 10087 2112 -4.3971481919288635e-01 7.4119575321674347e-02 -4.1044830322265625e+01 4.1057998657226562e+01 9.3931609140839500e-01 1 0 0 0 0
P 10088 -211 1.3412988185882568e-01 3.1817656010389328e-02 -2.2832893371582031e+01 2.2833734512329102e+01 1.3931573153435656e-01 1 0 0 0 0
P 10089 111 1.0471028089523315e-01 -2.2249383851885796e-02 -3.4385733604431152e+00 3.4428868293762207e+00 1.3499513597252383e-01 1 0 0 0 0
P 10090 2112 -3.5186356306076050e-01 -2.2221364080905914e-01 -4.3641521453857422e+01 4.3653621673583984e+01 9.3973589041412675e-01 1 0 0 0 0
P 10091 22 3.7243649363517761e-01 1.5828888863325119e-02 -3.0379152297973633e-01 4.8088344931602478e-01 3.2692172905754267e-04 1 0 0 0 0
P 10092 22 -1.6411888599395752e-01 -2.9452469199895859e-02 2.5868408381938934e-02 1.6873547434806824e-01 1.7049746152285710e-04 1 0 0 0 0
P 10093 211 -5.7297963649034500e-02 3.7092685699462891e-02 -1.5026854276657104e+00 1.5106981992721558e+00 1.3959452279559401e-01 1 0 0 0 0
P 10094 -211 2.5895130634307861e-01 1.7931523919105530e-01 -1.7824201583862305e+01 1.7827529907226562e+01 1.3946597016875756e-01 1 0 0 0 0
P 10095 111 4.8185735940933228e-02 2.5493344664573669e-01 -8.2977533340454102e+00 8.3029050827026367e+00 1.3494255200164379e-01 1 0 0 0 0
P 10096 211 2.6192080974578857e-01 -2.6063817739486694e-01 -1.0747381448745728e+00 1.1450262069702148e+00 1.3960001614094264e-01 1 0 0 0 0
P 10097 211 7.5269578956067562e-03 -3.7620532512664795e-01 -3.5627312660217285e+00 3.5852656364440918e+00 1.3960124723389974e-01 1 0 0 0 0
P 10098 -211 -5.2741229534149170e-01 9.5968417823314667e-02 -8.8013076782226562e-01 1.0399481058120728e+00 1.3960024290027620e-01 1 0 0 0 0
P 10099 211 1.7971113324165344e-01 -3.0826133489608765e-01 -1.6959359645843506e+00 1.7386797666549683e+00 1.3959725284476776e-01 1 0 0 0 0
P 10100 -211 -5.5105417966842651e-02 -4.0788117051124573e-01 -3.1253345012664795e+00 3.1554088592529297e+00 1.3959107384914193e-01 1 0 0 0 0
P 10101 211 4.6256113052368164e-01 -2.9612001776695251e-01 -5.8678545951843262e+00 5.8951549530029297e+00 1.3958690947046551e-01 1 0 0 0 0
P 10102 111 8.8243655860424042e-02 -2.5022920966148376e-01 -1.8780505657196045e+00 1.9014993906021118e+00 1.3499779588220112e-01 1 0 0 0 0
P 10103 -211 -1.9302497804164886e-01 -2.4185529351234436e-01 -1.4705392122268677e+00 1.5092140436172485e+00 1.3960239828451568e-01 1 0 0 0 0
P 10104 111 1.4526763558387756e-01 -1.7875362932682037e-01 -7.7431468963623047e+00 7.7477488517761230e+00 1.3502912873673592e-01 1 0 0 0 0
P 10105 -211 -1.4937132596969604e-02 -4.8731994628906250e-01 -1.2884530067443848e+01 1.2894507408142090e+01 1.3965096414012537e-01 1 0 0 0 0
P 10106 111 -2.2519215941429138e-01 1.6523855924606323e-01 -4.7594385147094727e+00 4.7695388793945312e+00 1.3502168949003809e-01 1 0 0 0 0
P 10107 2112 7.8043282032012939e-02 4.4233053922653198e-01 -5.5108547210693359e+01 5.5118389129638672e+01 9.3973268180301439e-01 1 0 0 0 0
P 10108 111 9.1976575553417206e-02 -1.6712345182895660e-01 -1.5336096763610840e+01 1.5337876319885254e+01 1.3489300448943106e-01 1 0 0 0 0
E 13 -1 -1.0000000000000000e+00 -1.0000000000000000e+00 -1.0000000000000000e+00 0 0 1 0 0 0 0
U GEV MM
H 1 1 3 3 0 0 0 2 0 6.2001419067382812e+00 3.3319172859191895e+00 3.9279499650001526e-01 4.2000000000000000e+01
V -1 0 0 0 0 0 2 74 0
P 10001 2212 0 0 1.0000000000000000e+02 1.0000000000000000e+02 0 101 0 0 -1 0
P 10002 3000001 0 0 -1.0000000000000000e+02 1.0000000000000000e+02 0 102 0 0 -1 0
P 10003 2212 1.1230176687240601e+00 3.3734688162803650e-01 6.3561576843261719e+01 6.3579315185546875e+01 9.3824147128367430e-01 1 0 0 0 0
P 10004 -2212 9.7062196582555771e-03 2.4057467281818390e-01 6.2634797096252441e+00 6.3379454612731934e+00 9.3829857363458991e-01 1 0 0 0 0
P 10005 2212 -8.1962957978248596e-02 2.9661646485328674e-01 1.0515050888061523e+00 1.4424868822097778e+00 9.3829963223878854e-01 1 0 0 0 0
P 10006 -211 -2.4415129423141479e-01 -7.5625658035278320e-02 1.0959771871566772e+00 1.1340121030807495e+00 1.3960071825609771e-01 1 0 0 0 0
P 10007 211 -7.7434830367565155e-02 3.4992508590221405e-02 1.5679836273193359e+00 1.5764776468276978e+00 1.3960117046215251e-01 1 0 0 0 0
P 10008 111 2.1166388690471649e-01 -2.2037532925605774e-01 1.6167006492614746e+00 1.6508523225784302e+00 1.3500190693392256e-01 1 0 0 0 0
P 10009 -211 1.2734690308570862e-01 -5.8557126671075821e-02 5.0817829370498657e-01 5.4532510042190552e-01 1.3959984293600217e-01 1 0 0 0 0
P 10010 211 -1.2257624417543411e-01 9.2952996492385864e-03 3.7240448594093323e-01 4.1627466678619385e-01 1.3959999579978935e-01 1 0 0 0 0
P 10011 -211 -1.4429390430450439e-03 3.6063784360885620e-01 6.6623723506927490e-01 7.7033889293670654e-01 1.3960021583891122e-01 1 0 0 0 0
P 10012 111 2.8348356485366821e-01 4.4674551486968994e-01 6.6565245389938354e-02 5.5009138584136963e-01 1.3500042327610540e-01 1 0 0 0 0
P 10013 211 -8.9154422283172607e-02 1.0835357755422592e-01 4.4925478100776672e-01 4.9092474579811096e-01 1.3960028294082186e-01 1 0 0 0 0
P 10014 111 5.7488149404525757e-01 1.4756971597671509e+00 6.5556979179382324e+00 6.7456340789794922e+00 1.3502998440822800e-01 1 0 0 0 0
P 10015 22 -3.6023847758769989e-02 -2.8701049089431763e-01 7.5156569480895996e-01 8.0530959367752075e-01 -4.3753327340627601e-04 1 0 0 0 0
P 10016 22 1.5767735242843628e-01 1.3031379878520966e-01 1.0176335275173187e-01 2.2847224771976471e-01 -2.1355988690334476e-04 1 0 0 0 0
P 10017 2212 -1.3888996839523315e-01 1.7604182660579681e-01 -9.9995330810546875e+01 1.0000000000000000e+02 9.3996539365033149e-01 1 0 0 0 0
P 10018 -211 -1.2215105295181274e+00 -1.0360177755355835e+00 4.5780434608459473e+00 4.8521513938903809e+00 1.3953642853632470e-01 1 0 0 0 0
P 10019 2112 3.9611521363258362e-01 6.0061525553464890e-02 7.0698305964469910e-02 1.0238950252532959e+00 9.3959998028374014e-01 1 0 0 0 0
P 10020 -2212 1.4134833216667175e-01 2.8722855448722839e-01 -1.0170486569404602e-01 9.9660933017730713e-01 9.3829989010523407e-01 1 0 0 0 0
P 10021 2212 8.9575135707855225e-01 4.1880539059638977e-01 -1.9536521434783936e+00 2.3822116851806641e+00 9.3830025385956017e-01 1 0 0 0 0
P 10022 -2112 -2.2017225623130798e-01 2.9902249574661255e-01 -1.5290223360061646e+00 1.8326613903045654e+00 9.3960001709812491e-01 1 0 0 0 0
P 10023 211 -5.2050119638442993e-01 5.9221702814102173e-01 -2.0783021450042725e+00 2.2272114753723145e+00 1.3960174154699898e-01 1 0 0 0 0
P 10024 111 3.2272055745124817e-02 -2.6562672853469849e-01 -3.7512424588203430e-01 4.8014807701110840e-01 1.3499974635101172e-01 1 0 0 0 0
P 10025 211 1.1966796219348907e-01 -4.3267709016799927e-01 1.3387780189514160e+00 1.4189217090606689e+00 1.3957917783244866e-01 1 0 0 0 0
P 10026 111 -4.2302468419075012e-01 2.9285237193107605e-02 7.0180863142013550e-01 8.3100259304046631e-01 1.3499054023165777e-01 1 0 0 0 0
P 10027 -211 7.0976096391677856e-01 5.8880722522735596e-01 -2.3602528572082520e+00 2.5378606319427490e+00 1.3960108461297682e-01 1 0 0 0 0
P 10028 211 4.0453541278839111e-01 1.8490418791770935e-01 -7.2387349605560303e-01 8.6099904775619507e-01 1.3959965270706076e-01 1 0 0 0 0
P 10029 111 3.2023295760154724e-02 -3.1921036541461945e-02 -2.7935051918029785e-01 3.1353810429573059e-01 1.3499994901419327e-01 1 0 0 0 0
P 10030 -211 6.7891061305999756e-01 -2.8939107060432434e-01 -1.3288941383361816e+00 1.5264713764190674e+00 1.3960093069689999e-01 1 0 0 0 0
P 10031 111 -2.0489639043807983e-01 -4.3736197054386139e-02 -5.7353347539901733e-01 6.2534868717193604e-01 1.3499980517413551e-01 1 0 0 0 0
P 10032 -211 1.1181578040122986e-01 4.7734141349792480e-01 -3.3561787605285645e+00 3.3946695327758789e+00 1.3959860438708122e-01 1 0 0 0 0
P 10033 111 -4.6844744682312012e-01 2.0846173167228699e-01 -6.0033698081970215e+00 6.0267376899719238e+00 1.3497713046909274e-01 1 0 0 0 0
P 10034 211 2.8754901140928268e-03 1.9047659635543823e-01 -5.3138303756713867e-01 5.8150309324264526e-01 1.3960054668280025e-01 1 0 0 0 0
P 10035 111 -1.1119474470615387e-01 -2.5138002634048462e-01 -4.8337850570678711e+00 4.8434758186340332e+00 1.3499569943804521e-01 1 0 0 0 0
P 10036 310 -6.3837027549743652e-01 -1.7239959537982941e-01 -7.7713432312011719e+00 7.8152875900268555e+00 4.9770098308693378e-01 1 0 0 0 0
P 10037 -321 -7.2174854576587677e-02 -1.8345439434051514e-01 -1.3105016708374023e+01 1.3115789413452148e+01 4.9356284992403149e-01 1 0 0 0 0
P 10038 211 -1.7788822948932648e-01 6.8281613290309906e-02 -1.9867820739746094e+01 1.9869220733642578e+01 1.3901444033884700e-01 1 0 0 0 0
P 10039 2112 2.1187353134155273e-01 -5.2678889036178589e-01 -2.4099840164184570e+01 2.4124832153320312e+01 9.3959222982211776e-01 1 0 0 0 0
P 10040 111 2.4650583043694496e-02 -1.2588448822498322e-01 -6.8201398849487305e+00 6.8226819038391113e+00 1.3500279658266473e-01 1 0 0 0 0
P 10041 111 -6.3398408889770508e-01 -7.0233500003814697e-01 -1.7945767641067505e+00 2.0332095623016357e+00 1.3500031373636315e-01 1 0 0 0 0
P 10042 321 -6.7521852254867554e-01 8.6820321157574654e-03 -4.2017889022827148e-01 9.3604862689971924e-01 4.9360034567746469e-01 1 0 0 0 0
P 10043 -321 -5.2798908948898315e-01 -1.1085860729217529e+00 -2.8551197052001953e+00 3.1469168663024902e+00 4.9360072194148524e-01 1 0 0 0 0
P 10044 211 -1.2282761745154858e-02 -5.9633684158325195e-01 -2.2111108303070068e+00 2.2943990230560303e+00 1.3959684177641191e-01 1 0 0 0 0
P 10045 111 -7.3424953222274780e-01 -1.8812412023544312e-01 -3.1628305912017822e+00 3.2551858425140381e+00 1.3499800175680107e-01 1 0 0 0 0
P 10046 2212 -8.8381752371788025e-02 -5.3879640996456146e-02 1.5028744935989380e-02 9.4411039352416992e-01 9.3829857834262809e-01 1 0 0 0 0
P 10047 211 5.7375181466341019e-02 1.4340111613273621e-01 4.2416751384735107e-01 4.7250556945800781e-01 1.3959814400264581e-01 1 0 0 0 0
P 10048 -2212 -3.5967481136322021e-01 -1.5397232770919800e-01 1.7086124420166016e-01 1.0308606624603271e+00 9.3829989502751654e-01 1 0 0 0 0
P 10049 -211 2.1418586373329163e-01 8.0766685307025909e-02 1.2472271919250488e-01 2.9570719599723816e-01 1.3959995488221433e-01 1 0 0 0 0
P 10050 211 2.1650090813636780e-01 -1.0586827993392944e-01 -3.6936524510383606e-01 4.6260079741477966e-01 1.3959970472079197e-01 1 0 0 0 0
P 10051 -211 1.8931640684604645e-01 -3.5762915015220642e-01 -1.6281863451004028e+00 1.6835137605667114e+00 1.3960120596318476e-01 1 0 0 0 0
P 10052 -211 1.0679873824119568e-01 3.3402405679225922e-02 -7.4087202548980713e-01 7.6216840744018555e-01 1.3959810869588563e-01 1 0 0 0 0
P 10053 211 6.7379438877105713e-01 3.8898542523384094e-01 -1.5014786720275879e+01 1.5035579681396484e+01 1.3974104932412901e-01 1 0 0 0 0
P 10054 2112 -1.0250896215438843e-02 1.0154863595962524e+00 -5.2975036621093750e+01 5.2993106842041016e+01 9.3997347747209525e-01 1 0 0 0 0
P 10055 -211 2.3500230908393860e-01 2.9267567396163940e-01 -1.6024612426757812e+01 1.6029617309570312e+01 1.3979459242621237e-01 1 0 0 0 0
P 10056 111 -8.7009602785110474e-01 -1.5580758452415466e-01 -9.3323791027069092e-01 1.2924785614013672e+00 1.3499901273053633e-01 1 0 0 0 0
P 10057 211 7.9325354099273682e-01 3.1818571686744690e-01 -3.1183006763458252e+00 3.2363221645355225e+00 1.3960198368609478e-01 1 0 0 0 0
P 10058 -321 -6.7332997918128967e-02 -3.5739234089851379e-01 -1.6474433898925781e+01 1.6485839843750000e+01 4.9363959095532212e-01 1 0 0 0 0
P 10059 -211 -1.5889005362987518e-01 -7.5716085731983185e-02 -7.8193817138671875e+00 7.8226084709167480e+00 1.3962065505085627e-01 1 0 0 0 0
P 10060 111 1.2889882922172546e-01 3.6171624064445496e-01 -1.5940380096435547e+01 1.5945575714111328e+01 1.3495809978565929e-01 1 0 0 0 0
P 10061 2212 -3.5014337301254272e-01 -1.7587280273437500e-01 -1.8994123458862305e+01 1.9021322250366211e+01 9.3831900618453445e-01 1 0 0 0 0
P 10062 -211 6.9240152835845947e-02 1.9179990887641907e-01 -3.9905050396919250e-01 4.6937286853790283e-01 1.3960007590147983e-01 1 0 0 0 0
P 10063 211 1.9321686029434204e-01 1.6678774356842041e-01 -7.0617759227752686e-01 7.6375776529312134e-01 1.3960023532934754e-01 1 0 0 0 0
P 10064 111 1.6546854376792908e-01 2.0775659382343292e-01 4.1934847831726074e-04 2.9793930053710938e-01 1.3500003591703880e-01 1 0 0 0 0
P 10065 -211 9.6841573715209961e-02 1.7448201775550842e-01 -4.0226474404335022e-01 4.7024178504943848e-01 1.3959995410654058e-01 1 0 0 0 0
P 10066 111 -7.5485870242118835e-02 -4.6066248416900635e-01 -1.7000149488449097e+00 1.7681016921997070e+00 1.3499898790856510e-01 1 0 0 0 0
P 10067 211 -4.4305115938186646e-01 -3.5411259531974792e-01 -1.9727085828781128e+00 2.0573666095733643e+00 1.3959997576190419e-01 1 0 0 0 0
P 10068 111 -6.7131236195564270e-02 1.3324452936649323e-01 1.5674024820327759e-02 2.0182020962238312e-01 1.3500005362484674e-01 1 0 0 0 0
P 10069 -211 -9.4295717775821686e-02 1.0774278640747070e-01 -6.1947697401046753e-01 6.5095311403274536e-01 1.3959958784344478e-01 1 0 0 0 0
P 10070 111 5.6867676973342896e-01 -5.6360083818435669e-01 -3.0796284675598145e+00 3.1848666667938232e+00 1.3500005115936065e-01 1 0 0 0 0
P 10071 211 -2.1159267425537109e-01 -1.5244685113430023e-01 -5.3032183647155762e-01 6.0724037885665894e-01 1.3959987555907813e-01 1 0 0 0 0
P 10072 -211 -3.8301697373390198e-01 -8.3483815193176270e-01 -2.6555490493774414e+00 2.8133761882781982e+00 1.3959971716380296e-01 1 0 0 0 0
P 10073 111 -9.7651898860931396e-02 -8.4709709882736206e-01 -2.5385258197784424e+00 2.6813144683837891e+00 1.3499834254371140e-01 1 0 0 0 0
P 10074 130 5.1923644542694092e-01 -9.0948951244354248e-01 -6.7595334053039551e+00 6.8582630157470703e+00 4.9769677137753204e-01 1 0 0 0 0
P 10075 211 9.9854543805122375e-02 -9.7552716732025146e-02 -4.5872578620910645e+00 4.5915045738220215e+00 1.3961409546292394e-01 1 0 0 0 0
P 10076 111 -4.8958086967468262e-01 2.5023075938224792e-01 -9.6639652252197266e+00 9.6805343627929688e+00 1.3496967832396664e-01 1 0 0 0 0
E 14 -1 -1.0000000000000000e+00 -1.0000000000000000e+00 -1.0000000000000000e+00 0 0 1 0 0 0 0
U GEV MM
H 1 1 3 3 0 0 0 2 0 5.9591007232666016e+00 2.4793255329132080e+00 4.4053772091865540e-01 4.2000000000000000e+01
V -1 0 0 0 0 0 2 57 0
P 10001 2212 0 0 1.0000000000000000e+02 1.0000000000000000e+02 0 101 0 0 -1 0
P 10002 3000001 0 0 -1.0000000000000000e+02 1.0000000000000000e+02 0 102 0 0 -1 0
P 10003 2212 -1.7434565722942352e-01 -2.7981954813003540e-01 2.2572116851806641e+01 2.2594015121459961e+01 9.3827754392695750e-01 1 0 0 0 0
P 10004 -2212 -5.8008718490600586e-01 -2.7405726909637451e-01 4.2390121459960938e+01 4.2405357360839844e+01 9.3825741748008151e-01 1 0 0 0 0
P 10005 111 -2.8730535507202148e-01 -4.4051960110664368e-02 8.3865547180175781e-01 8.9780420064926147e-01 1.3499792619806594e-01 1 0 0 0 0
P 10006 2112 7.4565157294273376e-02 -1.0843011736869812e-01 -1.2617718696594238e+01 1.2653346061706543e+01 9.3969377878422533e-01 1 0 0 0 0
P 10007 211 9.1464444994926453e-03 2.9295459389686584e-01 1.3414428234100342e+00 1.3801678419113159e+00 1.3960075872141653e-01 1 0 0 0 0
P 10008 3122 -3.6944246292114258e-01 -2.2323812544345856e-01 2.3684511184692383e+00 2.6533839702606201e+00 1.1155997485644558e+00 1 0 0 0 0
P 10009 211 -3.5453799366950989e-01 -1.5202540159225464e-01 6.0124850273132324e-01 7.2787147760391235e-01 1.3960019408352173e-01 1 0 0 0 0
P 10010 -2212 3.2645797729492188e-01 6.2069773674011230e-02 -1.7472223937511444e-01 1.0106251239776611e+00 9.3830049160126383e-01 1 0 0 0 0
P 10011 -211 4.6250075101852417e-03 6.3616678118705750e-02 -3.5768508911132812e-01 3.8922405242919922e-01 1.3960038534152044e-01 1 0 0 0 0
P 10012 310 2.5875309109687805e-01 -1.0394988954067230e-01 3.5977413654327393e+00 3.6426923274993896e+00 4.9770043056981739e-01 1 0 0 0 0
P 10013 -211 1.2216442078351974e-01 -4.7468015691265464e-04 9.4904351234436035e-01 9.6700352430343628e-01 1.3959891355494916e-01 1 0 0 0 0
P 10014 -3312 -7.8228974342346191e-01 8.0841563642024994e-02 3.6464409828186035e+00 3.9573824405670166e+00 1.3212991102136642e+00 1 0 0 0 0
P 10015 3212 -1.1057158708572388e+00 4.8402443528175354e-01 4.1316623687744141e+00 4.4665217399597168e+00 1.1926002192565504e+00 1 0 0 0 0
P 10016 111 -2.4017227813601494e-02 1.2965200841426849e-01 2.7422705292701721e-01 3.3288571238517761e-01 1.3500352008538929e-01 1 0 0 0 0
P 10017 -3122 2.7170579433441162e+00 5.0543743371963501e-01 -5.0976071357727051e+00 5.9049162864685059e+00 1.1156016191390912e+00 1 0 0 0 0
P 10018 2112 9.1893726587295532e-01 -6.9258421659469604e-02 -6.6736426353454590e+00 6.8021759986877441e+00 9.3960090742937263e-01 1 0 0 0 0
P 10019 -2112 -4.7054821252822876e-01 1.0454519987106323e+00 -5.9474821090698242e+00 6.1294188499450684e+00 9.3959911581201294e-01 1 0 0 0 0
P 10020 2112 -1.9744122028350830e-01 2.1634016185998917e-02 -5.4198255538940430e+00 5.5042533874511719e+00 9.3959845279856335e-01 1 0 0 0 0
P 10021 -211 -1.3604458570480347e+00 -3.3663997054100037e-01 -7.6230053901672363e+00 7.7520213127136230e+00 1.3958457838349561e-01 1 0 0 0 0
P 10022 2212 6.9365870952606201e-01 -1.0212352275848389e+00 4.1435084342956543e+00 4.4241566658020020e+00 9.3830499472156870e-01 1 0 0 0 0
P 10023 211 1.2409233301877975e-01 1.3943895697593689e-02 7.1504712104797363e-01 7.3917108774185181e-01 1.3960004403010720e-01 1 0 0 0 0
P 10024 -321 -1.0892674326896667e-02 -2.0837880671024323e-01 1.9402412176132202e+00 2.0128879547119141e+00 4.9360060601573869e-01 1 0 0 0 0
P 10025 211 -2.4216073751449585e-01 1.7198617756366730e-01 6.8110477924346924e-01 7.5605082511901855e-01 1.3959964823855381e-01 1 0 0 0 0
P 10026 211 4.4885665178298950e-02 4.0314787626266479e-01 1.2849549055099487e+00 1.3546732664108276e+00 1.3959805321172883e-01 1 0 0 0 0
P 10027 -211 -8.6048763990402222e-01 3.8720577955245972e-01 1.8949693441390991e+00 2.1215004920959473e+00 1.3960024566581783e-01 1 0 0 0 0
P 10028 -211 2.2677244246006012e-01 -3.4490939229726791e-02 -1.1582022905349731e-01 2.9243436455726624e-01 1.3960002352348486e-01 1 0 0 0 0
P 10029 111 -3.4108465909957886e-01 -1.2561030685901642e-01 -1.4881070703268051e-02 3.8802468776702881e-01 1.3500006736714007e-01 1 0 0 0 0
P 10030 -211 4.0475195646286011e-01 2.5015529990196228e-01 4.9740350246429443e-01 7.0235335826873779e-01 1.3960005472088072e-01 1 0 0 0 0
P 10031 211 -9.6210405230522156e-02 8.7280459702014923e-02 2.4008846282958984e-01 3.0660226941108704e-01 1.3960000323688077e-01 1 0 0 0 0
P 10032 111 1.0528539866209030e-01 3.7107342481613159e-01 1.7517402768135071e-01 4.4462504982948303e-01 1.3499997476131281e-01 1 0 0 0 0
P 10033 211 -1.6086146235466003e-02 1.1456879973411560e-01 6.0228556394577026e-03 1.8140897154808044e-01 1.3960002218787013e-01 1 0 0 0 0
P 10034 -211 -2.4477320909500122e-01 -7.7773940563201904e-01 -4.6526926755905151e-01 9.4908171892166138e-01 1.3959982411467337e-01 1 0 0 0 0
P 10035 111 2.7989286184310913e-01 -2.6941409707069397e-01 -6.4738351106643677e-01 7.6697742938995361e-01 1.3499998882137337e-01 1 0 0 0 0
P 10036 22 1.0695675015449524e-01 -3.5588681697845459e-02 -2.4264812469482422e-02 1.1530432105064392e-01 6.8265431511636045e-05 1 0 0 0 0
P 10037 22 -2.5484770536422729e-02 -8.5582904517650604e-02 -1.6545903682708740e+00 1.6569983959197998e+00 7.0016503178676190e-04 1 0 0 0 0
P 10038 211 -9.6823602914810181e-02 4.8441577702760696e-02 -1.1340254545211792e-01 2.0992781221866608e-01 1.3959997312377398e-01 1 0 0 0 0
P 10039 111 -3.2879862189292908e-01 7.0319288969039917e-01 -3.0676679611206055e+00 3.1672387123107910e+00 1.3500210074085026e-01 1 0 0 0 0
P 10040 211 1.2815485894680023e-01 -5.3734457492828369e-01 -1.6515731811523438e+00 1.7470959424972534e+00 1.3959727616311798e-01 1 0 0 0 0
P 10041 -211 -5.0690531730651855e-01 -1.7910379171371460e-01 -3.5007510185241699e+00 3.5445420742034912e+00 1.3960534796676943e-01 1 0 0 0 0
P 10042 -211 5.1743514835834503e-02 -5.5585724115371704e-01 -5.4962420463562012e+00 5.5262842178344727e+00 1.3959212113145816e-01 1 0 0 0 0
P 10043 211 6.9138318300247192e-02 -6.5313935279846191e-02 -4.9624997377395630e-01 5.2421218156814575e-01 1.3960070785872133e-01 1 0 0 0 0
P 10044 111 1.1448141932487488e-01 -5.2253949642181396e-01 -2.7819728851318359e+00 2.8361511230468750e+00 1.3500569787938282e-01 1 0 0 0 0
P 10045 130 7.2679454088211060e-01 2.7944138646125793e-01 -3.2882626056671143e+00 3.4156544208526611e+00 4.9770108070831132e-01 1 0 0 0 0
P 10046 -211 5.6781625747680664e-01 1.1382324248552322e-01 -3.3309400081634521e-01 6.8249922990798950e-01 1.3957991496011857e-01 1 0 0 0 0
P 10047 211 -3.6772242188453674e-01 3.7204316258430481e-01 -4.8287825584411621e+00 4.8590397834777832e+00 1.3960919143053654e-01 1 0 0 0 0
P 10048 2112 4.7946271300315857e-01 -7.5741007924079895e-02 -1.3681933593750000e+02 1.3682342529296875e+02 9.3989431782494071e-01 1 0 0 0 0
P 10049 111 2.6237222552299500e-01 -4.0007043629884720e-02 7.6695188879966736e-02 3.0748412013053894e-01 1.3499845876610994e-01 1 0 0 0 0
P 10050 211 4.4098240323364735e-03 4.0462601184844971e-01 5.7824748754501343e-01 7.1944487094879150e-01 1.3960340063918522e-01 1 0 0 0 0
P 10051 3122 2.8676646947860718e-01 -9.0738236904144287e-02 -2.7949538230895996e+00 3.0243673324584961e+00 1.1155995933959697e+00 1 0 0 0 0
P 10052 -2112 -3.7054440379142761e-01 3.9508700370788574e-01 -6.4264017343521118e-01 1.2606474161148071e+00 9.3960024455301305e-01 1 0 0 0 0
P 10053 3212 4.4637504220008850e-01 3.0679488182067871e-01 -6.6793479919433594e+01 6.6806320190429688e+01 1.1925115767254830e+00 1 0 0 0 0
P 10054 -211 -1.1288743466138840e-02 -2.0251551270484924e-01 2.7064034342765808e-01 3.6588850617408752e-01 1.3960026806748019e-01 1 0 0 0 0
P 10055 111 1.1673192679882050e-01 2.8115698695182800e-01 1.5846529603004456e-01 3.6879792809486389e-01 1.3500025064857907e-01 1 0 0 0 0
P 10056 111 8.7671801447868347e-02 7.5260803103446960e-02 -5.3608441352844238e-01 5.6476718187332153e-01 1.3499977051872777e-01 1 0 0 0 0
P 10057 111 1.2375547736883163e-01 -2.1971341967582703e-01 -8.2355661392211914e+00 8.2405319213867188e+00 1.3500855136773490e-01 1 0 0 0 0
P 10058 310 -3.6659389734268188e-01 -3.9905256032943726e-01 -4.0806058049201965e-01 8.4133982658386230e-01 4.9769994471599399e-01 1 0 0 0 0
P 10059 310 -2.9162603616714478e-01 -4.2700070142745972e-01 -6.7425632476806641e+00 6.7806520462036133e+00 4.9770239975423097e-01 1 0 0 0 0
E 15 -1 -1.0000000000000000e+00 -1.0000000000000000e+00 -1.0000000000000000e+00 0 0 1 0 0 0 0
U GEV MM
H 1 1 1 1 0 0 0 0 0 6.5033507347106934e+00 3.8153402805328369e+00 9.9999994039535522e-01 4.2000000000000000e+01
V -1 0 0 0 0 0 2 47 0
P 10001 2212 0 0 1.0000000000000000e+02 1.0000000000000000e+02 0 101 0 0 -1 0
P 10002 3000001 0 0 -1.0000000000000000e+02 1.0000000000000000e+02 0 102 0 0 -1 0
P 10003 -3122 -8.4857262670993805e-02 -1.2612219154834747e-01 9.2949571609497070e+00 9.3629007339477539e+00 1.1156047542208569e+00 1 0 0 0 0
P 10004 2212 -4.6950611472129822e-01 -4.6731451153755188e-01 3.5219707489013672e+00 3.7045249938964844e+00 9.3830092711913105e-01 1 0 0 0 0
P 10005 211 -3.9112049341201782e-01 -1.1004680395126343e-01 4.4650322198867798e-01 6.1962801218032837e-01 1.3960016764146965e-01 1 0 0 0 0
P 10006 111 -1.3587278127670288e-01 -2.4139632284641266e-01 5.8505225181579590e-01 6.6124480962753296e-01 1.3499986492209026e-01 1 0 0 0 0
P 10007 -2112 -3.9044767618179321e-01 -2.8523531556129456e-01 1.6515339612960815e+00 1.9606685638427734e+00 9.3960003131536929e-01 1 0 0 0 0
P 10008 2212 9.3572193384170532e-01 -1.3559436798095703e-01 4.3059263229370117e+00 4.5072574615478516e+00 9.3830003517867999e-01 1 0 0 0 0
P 10009 321 4.7609847784042358e-01 -1.1574559658765793e-01 6.0056338310241699e+00 6.0457706451416016e+00 4.9359718149767345e-01 1 0 0 0 0
P 10010 -211 -9.9709138274192810e-02 8.3816325664520264e-01 6.4172512292861938e-01 1.0694664716720581e+00 1.3959886671264735e-01 1 0 0 0 0
P 10011 -321 -1.8185690045356750e-01 5.8737379312515259e-01 -2.1309485435485840e+00 2.2721493244171143e+00 4.9359999200213639e-01 1 0 0 0 0
P 10012 -211 -7.9413640499114990e-01 5.2434235811233521e-01 -4.0148959159851074e+00 4.1284942626953125e+00 1.3959986630059926e-01 1 0 0 0 0
P 10013 211 5.5553048849105835e-02 2.6315459609031677e-01 -3.3586821556091309e+00 3.3723247051239014e+00 1.3961236228186058e-01 1 0 0 0 0
P 10014 2112 -1.3378539681434631e-01 -1.2599451839923859e-01 2.6411476135253906e+01 2.6428825378417969e+01 9.3966275267016175e-01 1 0 0 0 0
P 10015 111 2.5029774755239487e-02 7.6888702809810638e-02 6.3526277542114258e+00 6.3545770645141602e+00 1.3502563840999116e-01 1 0 0 0 0
P 10016 111 -4.5092936605215073e-02 -9.1242246329784393e-02 1.0158412933349609e+01 1.0159818649291992e+01 1.3491901871033643e-01 1 0 0 0 0
P 10017 -211 -1.5280453860759735e-01 -2.7560272812843323e-01 5.4040467739105225e-01 6.4096140861511230e-01 1.3960021925780031e-01 1 0 0 0 0
P 10018 111 3.2189789414405823e-01 8.5971720516681671e-02 1.4686086177825928e+00 1.5119676589965820e+00 1.3500199496055312e-01 1 0 0 0 0
P 10019 -211 3.1852570176124573e-01 1.7651672661304474e-01 9.2978453636169434e-01 1.0082678794860840e+00 1.3959962496136960e-01 1 0 0 0 0
P 10020 211 -8.1583514809608459e-02 -2.1323204040527344e-01 2.1193001270294189e+00 2.1361284255981445e+00 1.3959888709230769e-01 1 0 0 0 0
P 10021 -211 2.3600336909294128e-01 -4.0069046616554260e-01 1.6286678314208984e+00 1.6994991302490234e+00 1.3959924323847950e-01 1 0 0 0 0
P 10022 111 2.3700883984565735e-01 -2.9292166233062744e-01 1.6479027271270752e-01 4.3284764885902405e-01 1.3499986190561045e-01 1 0 0 0 0
P 10023 -211 1.2574723362922668e-01 1.7838546633720398e-01 3.7871901988983154e+00 3.7960417270660400e+00 1.3960461893976495e-01 1 0 0 0 0
P 10024 -211 1.4575177431106567e-01 1.9868616759777069e-01 1.3320925235748291e+00 1.3618656396865845e+00 1.3959855402360030e-01 1 0 0 0 0
P 10025 211 3.9948314428329468e-01 1.0697919875383377e-01 1.0485831499099731e+00 1.1358017921447754e+00 1.3959855741261262e-01 1 0 0 0 0
P 10026 111 -9.7870491445064545e-02 -6.4742699265480042e-02 4.8981320858001709e-01 5.2145200967788696e-01 1.3499988479171732e-01 1 0 0 0 0
P 10027 211 -6.3640229403972626e-02 -7.2921609878540039e-01 1.6056012362241745e-02 7.4535369873046875e-01 1.3959993965552026e-01 1 0 0 0 0
P 10028 111 9.5748528838157654e-02 1.4529943466186523e-02 -2.4952938780188560e-02 1.6800756752490997e-01 1.3499997614839515e-01 1 0 0 0 0
P 10029 211 -1.0242428779602051e+00 3.8451480865478516e-01 -6.6649808883666992e+00 6.7556176185607910e+00 1.3954947075710658e-01 1 0 0 0 0
P 10030 130 8.9750163257122040e-02 2.9238933324813843e-01 7.2847533226013184e+00 7.3081383705139160e+00 4.9770358389796165e-01 1 0 0 0 0
P 10031 310 4.6238568425178528e-01 -1.8702834844589233e-02 2.8386785984039307e+00 2.9188957214355469e+00 4.9770044258170171e-01 1 0 0 0 0
P 10032 310 -8.8612842559814453e-01 2.8776365518569946e-01 -1.0067992210388184e+01 1.0123249053955078e+01 4.9766731062665187e-01 1 0 0 0 0
P 10033 -211 1.1422903537750244e+00 -7.0390546321868896e-01 2.3249502182006836e+00 2.6879756450653076e+00 1.3967604617923154e-01 1 0 0 0 0
P 10034 111 1.2955199182033539e-01 6.3575571775436401e-01 1.2209419012069702e+00 1.3892056941986084e+00 1.3499734600711100e-01 1 0 0 0 0
P 10035 -211 9.4305896759033203e-01 -3.7693947553634644e-01 2.0906633138656616e-01 1.0462505817413330e+00 1.3959929908305918e-01 1 0 0 0 0
P 10036 111 -4.9558785557746887e-01 -6.0270214080810547e-01 -6.9338960647583008e+00 6.9789681434631348e+00 1.3499821284771754e-01 1 0 0 0 0
P 10037 2212 -5.2002906799316406e-01 8.4031112492084503e-02 -3.3919147491455078e+01 3.3936210632324219e+01 9.3826119762438753e-01 1 0 0 0 0
P 10038 -211 -1.8801464140415192e-01 -2.6732245087623596e-01 9.6351161599159241e-02 3.6821553111076355e-01 1.3960061921375908e-01 1 0 0 0 0
P 10039 211 5.2213990688323975e-01 1.7980673909187317e-01 -1.9851697981357574e-01 6.0320639610290527e-01 1.3960092851503600e-01 1 0 0 0 0
P 10040 211 -1.1105147749185562e-01 -2.3654916882514954e-01 -1.4642280340194702e-01 3.3047807216644287e-01 1.3960006769973352e-01 1 0 0 0 0
P 10041 111 1.5864059329032898e-01 2.4785055220127106e-01 -8.3526682853698730e-01 8.9581942558288574e-01 1.3500012715339144e-01 1 0 0 0 0
P 10042 211 2.1805253624916077e-01 -3.0358234047889709e-01 -6.6926008462905884e-01 7.7917057275772095e-01 1.3960148480071172e-01 1 0 0 0 0
P 10043 111 -5.8835580945014954e-02 3.5254248976707458e-01 -9.5339500904083252e-01 1.0271005630493164e+00 1.3500255803483269e-01 1 0 0 0 0
P 10044 22 4.1755456477403641e-03 7.3966728523373604e-03 -1.4030129909515381e+00 1.4030386209487915e+00 -4.7629364361058348e-04 1 0 0 0 0
P 10045 -211 -3.3847153186798096e-02 1.0457262396812439e-02 -4.7101330757141113e-01 4.9254113435745239e-01 1.3960031880006171e-01 1 0 0 0 0
P 10046 111 -3.5289365053176880e-01 5.8250272274017334e-01 -8.6719217300415039e+00 8.6996707916259766e+00 1.3491493660364554e-01 1 0 0 0 0
P 10047 211 2.1163032948970795e-01 1.1343929171562195e-01 -1.4362221717834473e+01 1.4364902496337891e+01 1.3912292332145651e-01 1 0 0 0 0
P 10048 -211 8.7971352040767670e-02 -2.8572773933410645e-01 -2.0525307655334473e+00 2.0788815021514893e+00 1.3959389929883476e-01 1 0 0 0 0
P 10049 2112 3.6492295563220978e-02 -2.0056442916393280e-01 -9.9995376586914062e+01 1.0000000000000000e+02 9.3973584764908646e-01 1 0 0 0 0
E 16 -1 -1.0000000000000000e+00 -1.0000000000000000e+00 -1.0000000000000000e+00 0 0 1 0 0 0 0
U GEV MM
H 1 1 5 5 0 0 0 4 0 4.6098699569702148e+00 1.0397266149520874e+00 9.5128548145294189e-01 4.2000000000000000e+01
V -1 0 0 0 0 0 2 83 0
P 10001 2212 0 0 1.0000000000000000e+02 1.0000000000000000e+02 0 101 0 0 -1 0
P 10002 3000001 0 0 -1.0000000000000000e+02 1.0000000000000000e+02 0 102 0 0 -1 0
P 10003 111 3.2312765717506409e-01 -9.0703479945659637e-02 1.4332696199417114e+00 1.4782170057296753e+00 1.3500040175810810e-01 1 0 0 0 0
P 10004 111 6.7135863006114960e-02 7.2310107946395874e-01 4.3239216804504395e+00 4.3865599632263184e+00 1.3500821118438761e-01 1 0 0 0 0
P 10005 2212 4.3124026060104370e-01 -6.1328969895839691e-02 1.1048074960708618e+00 1.5135178565979004e+00 9.3830021525873819e-01 1 0 0 0 0
P 10006 2212 1.7109569162130356e-02 -1.9459237158298492e-01 3.5924170017242432e+00 3.7180657386779785e+00 9.3829312819524457e-01 1 0 0 0 0
P 10007 -2212 -4.4703027606010437e-01 5.2319860458374023e-01 8.8503551483154297e+00 8.9265165328979492e+00 9.3826345619673768e-01 1 0 0 0 0
P 10008 111 2.8009411692619324e-01 9.3544088304042816e-02 2.7887251377105713e+00 2.8075637817382812e+00 1.3499364442971232e-01 1 0 0 0 0
P 10009 211 4.5242410153150558e-02 -5.5569273233413696e-01 2.1636219322681427e-01 6.1411935091018677e-01 1.3960189847916513e-01 1 0 0 0 0
P 10010 -211 -7.0720367133617401e-02 1.9950352609157562e-01 2.8188946247100830e+00 2.8302745819091797e+00 1.3958609003513497e-01 1 0 0 0 0
P 10011 211 4.5833775401115417e-01 1.3596358895301819e-01 7.0811057090759277e-01 8.6571818590164185e-01 1.3959871953846201e-01 1 0 0 0 0
P 10012 -211 -7.2599208354949951e-01 3.4469628334045410e-01 -1.8479858398437500e+01 1.8497852325439453e+01 1.3962161129112233e-01 1 0 0 0 0
P 10013 2212 6.8451374769210815e-01 -5.7797517627477646e-02 -7.7314041137695312e+01 7.7322784423828125e+01 9.3815477866435593e-01 1 0 0 0 0
P 10014 211 -9.3728281557559967e-02 -2.4840161204338074e-01 -1.8551003932952881e-01 3.5269033908843994e-01 1.3959996047561027e-01 1 0 0 0 0
P 10015 -211 -7.9317823052406311e-02 3.6689862608909607e-02 -4.9327343702316284e-02 1.7192676663398743e-01 1.3960001137699676e-01 1 0 0 0 0
P 10016 111 -4.1864059865474701e-02 -1.0460250079631805e-01 -2.3187385499477386e-01 2.9100647568702698e-01 1.3500000585327038e-01 1 0 0 0 0
P 10017 -211 -1.1047631502151489e-02 4.0437582880258560e-02 -3.3100897073745728e-01 3.6167988181114197e-01 1.3959996392279500e-01 1 0 0 0 0
P 10018 211 -1.1630102992057800e-01 6.3757918775081635e-02 8.0196797847747803e-02 2.0859211683273315e-01 1.3959993930016942e-01 1 0 0 0 0
P 10019 111 -1.6844253242015839e-01 -1.4418984949588776e-01 -4.6358057856559753e-01 5.3131490945816040e-01 1.3499992875389291e-01 1 0 0 0 0
P 10020 2212 -3.9648398756980896e-01 -1.2803407013416290e-01 1.3309677124023438e+01 1.3349211692810059e+01 9.3827256071442655e-01 1 0 0 0 0
P 10021 111 2.0852044224739075e-02 3.6512274295091629e-02 3.1903645396232605e-01 3.4896591305732727e-01 1.3499998369084429e-01 1 0 0 0 0
P 10022 -211 5.3344202041625977e-01 9.3435257673263550e-02 1.4554107666015625e+01 1.4564849853515625e+01 1.3968093984896449e-01 1 0 0 0 0
P 10023 111 -1.0869748890399933e-01 2.1593477576971054e-02 6.9780979156494141e+00 6.9802832603454590e+00 1.3499056226428546e-01 1 0 0 0 0
P 10024 -211 -5.2693724632263184e-01 -8.4916606545448303e-02 4.8993272781372070e+00 4.9302906990051270e+00 1.3958834753609459e-01 1 0 0 0 0
P 10025 211 -1.1746491491794586e-01 -2.8337642550468445e-01 9.1164082288742065e-01 9.7194498777389526e-01 1.3959894174187606e-01 1 0 0 0 0
P 10026 -321 5.7323031127452850e-02 -3.6300994455814362e-02 4.1646429896354675e-01 6.4937454462051392e-01 4.9360013654149387e-01 1 0 0 0 0
P 10027 211 1.4485354721546173e-01 2.5070726871490479e-01 1.0892561674118042e+00 1.1356954574584961e+00 1.3960117879094294e-01 1 0 0 0 0
P 10028 321 8.5630118846893311e-02 1.3813520967960358e-01 2.9294967651367188e-01 5.9655207395553589e-01 4.9360005121983636e-01 1 0 0 0 0
P 10029 -211 -2.7234333753585815e-01 -2.0303939282894135e-01 4.5886331796646118e-01 5.8774107694625854e-01 1.3959992985042158e-01 1 0 0 0 0
P 10030 211 2.2570723295211792e-01 5.2729272842407227e-01 2.6995643973350525e-01 6.4911162853240967e-01 1.3959960775948940e-01 1 0 0 0 0
P 10031 111 -1.8340836465358734e-01 -2.3219183087348938e-02 3.6326798796653748e-01 4.2937898635864258e-01 1.3499971909960351e-01 1 0 0 0 0
P 10032 211 5.6490521878004074e-02 5.7085387408733368e-02 -9.5554485917091370e-02 1.8726649880409241e-01 1.3960000457668009e-01 1 0 0 0 0
P 10033 -211 6.1201527714729309e-03 -3.3146792650222778e-01 -9.3299043178558350e-01 9.9993383884429932e-01 1.3959976250988121e-01 1 0 0 0 0
P 10034 111 -2.3267845809459686e-01 -9.3823269009590149e-02 -4.0223670005798340e-01 4.9291118979454041e-01 1.3500002771187991e-01 1 0 0 0 0
P 10035 211 1.7461578547954559e-01 1.4241017401218414e-01 -1.6865582466125488e+00 1.7072604894638062e+00 1.3960060697067414e-01 1 0 0 0 0
P 10036 -211 3.7793344259262085e-01 -3.1409671902656555e-01 -4.3649663925170898e+00 4.3947596549987793e+00 1.3960795632115733e-01 1 0 0 0 0
P 10037 111 -4.7902673482894897e-02 4.4688925147056580e-02 -1.4823896884918213e+00 1.4899650812149048e+00 1.3499995753796001e-01 1 0 0 0 0
P 10038 -211 1.1850643157958984e-01 2.2721272706985474e-01 -4.8183012008666992e-01 5.6330972909927368e-01 1.3960010246025623e-01 1 0 0 0 0
P 10039 111 -2.2626104950904846e-01 -1.8848569691181183e-01 -1.6735937595367432e+00 1.7046589851379395e+00 1.3500097475911918e-01 1 0 0 0 0
P 10040 211 3.4422299265861511e-01 3.0313187837600708e-01 -3.7663524627685547e+01 3.7666568756103516e+01 1.3760840684758993e-01 1 0 0 0 0
P 10041 111 -1.0512731969356537e-01 -1.5203635394573212e-01 -1.2453959465026855e+01 1.2456062316894531e+01 1.3496399357201028e-01 1 0 0 0 0
P 10042 211 -6.5773743391036987e-01 1.9428160041570663e-02 6.2292444705963135e-01 9.1679865121841431e-01 1.3960270327524887e-01 1 0 0 0 0
P 10043 -211 7.7097159624099731e-01 1.5807653963565826e-01 1.4642822742462158e+00 1.6682326793670654e+00 1.3961482458167948e-01 1 0 0 0 0
P 10044 211 -3.3336809277534485e-01 -1.4896164834499359e-01 8.2683217525482178e-01 9.1458237171173096e-01 1.3959086879486796e-01 1 0 0 0 0
P 10045 111 -1.9305209815502167e-01 5.7829257100820541e-02 -9.4009151458740234e+00 9.4040441513061523e+00 1.3500920047521681e-01 1 0 0 0 0
P 10046 -211 2.6908457279205322e-01 3.5435271263122559e-01 4.2667522430419922e+00 4.2921566963195801e+00 1.3950645143989099e-01 1 0 0 0 0
P 10047 111 -2.3099622130393982e-01 -1.6534307599067688e-01 1.3915691375732422e+00 1.4266688823699951e+00 1.3498832631659832e-01 1 0 0 0 0
P 10048 22 -5.1783032715320587e-02 1.2299194931983948e-02 1.8673500418663025e-01 1.9417163729667664e-01 -2.9955179781357725e-04 1 0 0 0 0
P 10049 -211 2.4850374460220337e-01 4.0979838371276855e-01 -9.8862394690513611e-02 5.0887197256088257e-01 1.3959973137204137e-01 1 0 0 0 0
P 10050 111 -6.0323901474475861e-02 -2.3345717787742615e-01 -1.3149581849575043e-01 3.0603489279747009e-01 1.3499991976329914e-01 1 0 0 0 0
P 10051 211 -2.1523535251617432e-02 -1.0472523421049118e-01 -8.6559605598449707e-01 8.8327533006668091e-01 1.3959992592518708e-01 1 0 0 0 0
P 10052 -211 5.0568427890539169e-02 4.6441800892353058e-02 -6.1547237634658813e-01 6.3482946157455444e-01 1.3960011628890881e-01 1 0 0 0 0
P 10053 111 -1.2899126857519150e-02 -2.6515918970108032e-01 -1.7581061124801636e+00 1.7831541299819946e+00 1.3500283395214541e-01 1 0 0 0 0
P 10054 -211 9.7204431891441345e-02 6.5500158071517944e-01 -1.4782493591308594e+01 1.4797974586486816e+01 1.3949664121868507e-01 1 0 0 0 0
P 10055 211 -9.2758163809776306e-02 -1.9034501910209656e-01 -1.3844261169433594e+00 1.4074661731719971e+00 1.3960677669160290e-01 1 0 0 0 0
P 10056 111 2.5928473472595215e-01 -6.4425334334373474e-02 -6.0170644521713257e-01 6.7205268144607544e-01 1.3499986317407442e-01 1 0 0 0 0
P 10057 111 9.9123686552047729e-02 3.4568890929222107e-02 -4.6493101119995117e-01 4.9538499116897583e-01 1.3499974386765359e-01 1 0 0 0 0
P 10058 111 1.8377557396888733e-02 -4.4653974473476410e-02 -8.7091612815856934e-01 8.8263905048370361e-01 1.3500029296229901e-01 1 0 0 0 0
P 10059 111 -2.1937303245067596e-03 -7.2845429182052612e-02 -1.1972565650939941e+01 1.1973547935485840e+01 1.3494676100156772e-01 1 0 0 0 0
P 10060 111 4.5095756649971008e-02 8.9860809966921806e-03 -2.3563807010650635e+00 2.3606920242309570e+00 1.3499054780339681e-01 1 0 0 0 0
P 10061 2212 -4.6068973839282990e-02 1.7610003054141998e-01 -5.0703178405761719e+01 5.0712184906005859e+01 9.3822381302114921e-01 1 0 0 0 0
P 10062 211 3.0159417539834976e-02 1.8054011464118958e-01 -1.5243892669677734e+01 1.5245630264282227e+01 1.3954965812427209e-01 1 0 0 0 0
P 10063 -211 2.4617102742195129e-01 -3.9421868324279785e-01 1.6861417889595032e-01 5.1373761892318726e-01 1.3959604153573249e-01 1 0 0 0 0
P 10064 211 -2.8152343630790710e-01 1.5922516584396362e-02 6.9266414642333984e-01 7.6077526807785034e-01 1.3959375721556630e-01 1 0 0 0 0
P 10065 22 -2.7694338560104370e-01 -6.8406276404857635e-02 -2.5699743270874023e+01 2.5701328277587891e+01 9.6946389608263493e-03 1 0 0 0 0
P 10066 22 1.0961242020130157e-01 -7.7286958694458008e-02 -1.8840422630310059e+00 1.8888105154037476e+00 1.3257323075506762e-03 1 0 0 0 0
P 10067 111 -1.5521892905235291e-01 -3.9694437384605408e-01 -1.0940942913293839e-01 4.6027496457099915e-01 1.3499951097483187e-01 1 0 0 0 0
P 10068 -211 2.1604520082473755e-01 1.4083091914653778e-01 -5.3070440292358398e+00 5.3151397705078125e+00 1.3959074180977271e-01 1 0 0 0 0
P 10069 2212 -1.8916776776313782e-01 -5.3757105022668839e-02 -4.4675003051757812e+01 4.4685287475585938e+01 9.3826692922994592e-01 1 0 0 0 0
P 10070 211 9.6388176083564758e-02 2.9364436864852905e-01 -1.7030176162719727e+01 1.7033554077148438e+01 1.3980940649772469e-01 1 0 0 0 0
P 10071 -211 -3.6350995302200317e-02 -2.7589452266693115e-01 -2.9778818130493164e+01 2.9780447006225586e+01 1.3991232656563149e-01 1 0 0 0 0
P 10072 2112 -4.1039060801267624e-02 -1.4333565533161163e-01 -9.9995468139648438e+01 1.0000000000000000e+02 9.4027773447668561e-01 1 0 0 0 0
P 10073 2112 9.2050597071647644e-02 -7.0364892482757568e-02 -9.9995483398437500e+01 9.9999969482421875e+01 9.4009141449140154e-01 1 0 0 0 0
P 10074 -211 -2.4329711496829987e-01 2.4744521826505661e-02 2.8724014759063721e+00 2.8861718177795410e+00 1.3961284125550683e-01 1 0 0 0 0
P 10075 -211 5.7900023460388184e-01 2.9355520009994507e-01 -7.1918316185474396e-02 6.6788953542709351e-01 1.3960035871370793e-01 1 0 0 0 0
P 10076 2212 3.0168724060058594e-01 2.7362853288650513e-01 -9.6637992858886719e+00 9.7177829742431641e+00 9.3829714451078761e-01 1 0 0 0 0
P 10077 -3122 -8.7183348834514618e-02 -4.3913280963897705e-01 -2.3181034088134766e+01 2.3212181091308594e+01 1.1156034508833259e+00 1 0 0 0 0
P 10078 3122 -2.3367752134799957e-01 2.0057912170886993e-01 -6.9414688110351562e+01 6.9424331665039062e+01 1.1153763992097356e+00 1 0 0 0 0
P 10079 211 -1.1839283257722855e-01 1.6373181343078613e-01 2.4295856952667236e+00 2.4419674873352051e+00 1.3961944356905570e-01 1 0 0 0 0
P 10080 111 1.6645297408103943e-01 -5.7761597633361816e-01 4.2113375663757324e+00 4.2561674118041992e+00 1.3509304438170833e-01 1 0 0 0 0
P 10081 -211 -4.2945474386215210e-01 1.5413276851177216e-01 6.6951119899749756e-01 8.2214534282684326e-01 1.3960455506175526e-01 1 0 0 0 0
P 10082 111 2.4407196044921875e-01 2.1600525081157684e-01 1.0549902915954590e+00 1.1124122142791748e+00 1.3500751409135686e-01 1 0 0 0 0
P 10083 211 1.1908993870019913e-01 8.5629940032958984e-02 1.9357306957244873e+00 1.9462935924530029e+00 1.3960845792409185e-01 1 0 0 0 0
P 10084 310 -6.3839638233184814e-01 -4.3825781345367432e-01 1.5275700092315674e+00 1.7834770679473877e+00 4.9769515444988338e-01 1 0 0 0 0
P 10085 310 -1.0634356737136841e-01 -4.5768862962722778e-01 2.2749478816986084e+00 2.3756866455078125e+00 4.9770607509639536e-01 1 0 0 0 0
E 17 -1 -1.0000000000000000e+00 -1.0000000000000000e+00 -1.0000000000000000e+00 0 0 1 0 0 0 0
U GEV MM
H 1 1 1 1 0 0 0 0 0 8.6654739379882812e+00 7.6501411199569702e-01 1.0000000000000000e+00 4.2000000000000000e+01
V -1 0 0 0 0 0 2 27 0
P 10001 2212 0 0 1.0000000000000000e+02 1.0000000000000000e+02 0 101 0 0 -1 0
P 10002 3000001 0 0 -1.0000000000000000e+02 1.0000000000000000e+02 0 102 0 0 -1 0
P 10003 2212 3.2818701863288879e-01 -1.9950781762599945e-01 5.7505374908447266e+01 5.7514312744140625e+01 9.3835866343695207e-01 1 0 0 0 0
P 10004 -211 2.5384587049484253e-01 -4.3946650624275208e-01 5.6420950889587402e+00 5.6665949821472168e+00 1.3961791707078103e-01 1 0 0 0 0
P 10005 211 -2.2684140503406525e-01 -1.7744147777557373e-01 -9.9603509902954102e-01 1.0461908578872681e+00 1.3959545678531979e-01 1 0 0 0 0
P 10006 111 6.9486910104751587e-01 -3.0129271745681763e-01 -2.5454988479614258e+00 2.6592123508453369e+00 1.3500212121422694e-01 1 0 0 0 0
P 10007 -321 -5.9838509559631348e-01 1.0804966092109680e-01 2.1639935970306396e+00 2.3013579845428467e+00 4.9359987152807661e-01 1 0 0 0 0
P 10008 111 1.3640883564949036e-01 7.2815708816051483e-02 8.9537274837493896e-01 9.1860049962997437e-01 1.3500007960854377e-01 1 0 0 0 0
P 10009 211 -2.5422737002372742e-01 2.7002206444740295e-01 2.2897777557373047e+00 2.3238143920898438e+00 1.3959830678379892e-01 1 0 0 0 0
P 10010 -211 -8.4526039659976959e-02 3.9966627955436707e-01 -9.7620785236358643e-01 1.0674027204513550e+00 1.3960304515732558e-01 1 0 0 0 0
P 10011 211 4.6865664422512054e-02 5.6132905185222626e-02 -4.4293373823165894e-02 1.6369915008544922e-01 1.3960019780703395e-01 1 0 0 0 0
P 10012 111 -2.3595413565635681e-01 6.1670348048210144e-02 -2.6799869537353516e-01 3.8668596744537354e-01 1.3500055827855595e-01 1 0 0 0 0
P 10013 22 -1.3786703348159790e-03 6.4479999244213104e-02 -4.3300715088844299e-01 4.3778377771377563e-01 -3.5738719639287150e-04 1 0 0 0 0
P 10014 130 -7.0907920598983765e-04 4.5876912772655487e-02 1.3351314067840576e+00 1.4256179332733154e+00 4.9770013499137450e-01 1 0 0 0 0
P 10015 -211 1.8542841076850891e-01 3.7516266107559204e-02 -2.4050145149230957e+00 2.4164791107177734e+00 1.3958979118044321e-01 1 0 0 0 0
P 10016 211 -5.3704255819320679e-01 -6.0823708772659302e-02 -1.8163675308227539e+01 1.8172248840332031e+01 1.3933046822042158e-01 1 0 0 0 0
P 10017 211 -1.9712788984179497e-02 9.3695580959320068e-02 2.2025296688079834e+00 2.2090251445770264e+00 1.3959832181408111e-01 1 0 0 0 0
P 10018 111 2.9155239462852478e-01 2.7699577808380127e-01 -7.5878205299377441e+00 7.5996694564819336e+00 1.3500367902328811e-01 1 0 0 0 0
P 10019 2212 -2.9103122651576996e-02 2.8959015011787415e-01 -3.9924034118652344e+01 3.9936119079589844e+01 9.3829493501253769e-01 1 0 0 0 0
P 10020 211 1.8106636404991150e-01 1.4529168605804443e-02 5.9510593414306641e+00 5.9554691314697266e+00 1.3967521515636389e-01 1 0 0 0 0
P 10021 -211 -4.6632519364356995e-01 -6.4136803150177002e-02 2.0747600555419922e+01 2.0753414154052734e+01 1.4034787718485689e-01 1 0 0 0 0
P 10022 22 2.3615737259387970e-01 -2.8694763779640198e-01 1.1107366532087326e-01 3.8787451386451721e-01 1.6706418697082917e-04 1 0 0 0 0
P 10023 22 -1.1508762836456299e-02 2.2430470585823059e-01 7.4509553611278534e-02 2.3663632571697235e-01 1.5613232816333921e-04 1 0 0 0 0
P 10024 -211 8.8004902005195618e-02 -2.2199147939682007e-01 -3.1461802124977112e-01 4.1892454028129578e-01 1.3960011265411179e-01 1 0 0 0 0
P 10025 111 -1.8517656624317169e-01 -2.8567276895046234e-02 2.9921123385429382e-01 3.7796673178672791e-01 1.3500014028926566e-01 1 0 0 0 0
P 10026 211 -5.2367597818374634e-02 1.4769735932350159e-01 -5.2936172485351562e+00 5.2977757453918457e+00 1.3959727511956432e-01 1 0 0 0 0
P 10027 111 4.9740979075431824e-01 8.9946463704109192e-03 -3.4342653751373291e+00 3.4727373123168945e+00 1.3501248049437928e-01 1 0 0 0 0
P 10028 -211 -3.1231251358985901e-01 -1.7998740077018738e-03 -3.6238534450531006e+00 3.6399643421173096e+00 1.3958608444617016e-01 1 0 0 0 0
P 10029 111 7.5775250792503357e-02 -3.9006212353706360e-01 -1.3207756042480469e+01 1.3214420318603516e+01 1.3488636028595655e-01 1 0 0 0 0
E 18 -1 -1.0000000000000000e+00 -1.0000000000000000e+00 -1.0000000000000000e+00 0 0 1 0 0 0 0
U GEV MM
H 1 1 8 8 0 0 0 7 0 1.9227221012115479e+00 2.6064155101776123e+00 2.9084357619285583e-01 4.2000000000000000e+01
V -1 0 0 0 0 0 2 209 0
P 10001 2212 0 0 1.0000000000000000e+02 1.0000000000000000e+02 0 101 0 0 -1 0
P 10002 3000001 0 0 -1.0000000000000000e+02 1.0000000000000000e+02 0 102 0 0 -1 0
P 10003 -211 5.5575257539749146e-01 -4.5494422316551208e-01 -2.2411963939666748e+00 2.3576016426086426e+00 1.3960321503864923e-01 1 0 0 0 0
P 10004 211 -2.5254938006401062e-01 -5.5209729820489883e-02 -1.4214493036270142e+00 1.4514943361282349e+00 1.3960079295281233e-01 1 0 0 0 0
P 10005 -321 4.9158704280853271e-01 2.3489248752593994e-01 -1.6025274991989136e+00 1.7631130218505859e+00 4.9359987923116305e-01 1 0 0 0 0
P 10006 -3322 3.1028327345848083e-01 -6.6680353879928589e-01 -6.1053335666656494e-01 1.6256122589111328e+00 1.3148998317652383e+00 1 0 0 0 0
P 10007 3322 2.6450473070144653e-01 8.4727209806442261e-01 3.3882439136505127e+00 3.7412543296813965e+00 1.3148970987298281e+00 1 0 0 0 0
P 10008 211 -5.3367447853088379e-01 -7.8893154859542847e-03 1.4115653932094574e-01 5.6945943832397461e-01 1.3960011808427414e-01 1 0 0 0 0
P 10009 211 -4.5202204585075378e-01 -6.2585040926933289e-02 -1.7998772859573364e+00 1.8620654344558716e+00 1.3960164901339719e-01 1 0 0 0 0
P 10010 -211 5.7467836141586304e-01 -5.8100742101669312e-01 -2.9399776458740234e+00 3.0546329021453857e+00 1.3960217145190401e-01 1 0 0 0 0
P 10011 211 -4.2700596153736115e-02 -1.7839429900050163e-02 -6.1165183782577515e-01 6.2908482551574707e-01 1.3960000289214300e-01 1 0 0 0 0
P 10012 -211 -2.0102997124195099e-01 7.3868088424205780e-02 -1.7935681343078613e+00 1.8116965293884277e+00 1.3959985088998345e-01 1 0 0 0 0
P 10013 211 7.7892017364501953e-01 -4.8023617267608643e-01 -7.4280171394348145e+00 7.4854712486267090e+00 1.3963442205263948e-01 1 0 0 0 0
P 10014 -211 -1.1448370665311813e-01 2.4421684443950653e-02 -8.8968420028686523e-01 9.0814608335494995e-01 1.3960084065914383e-01 1 0 0 0 0
P 10015 211 -1.8074452877044678e-01 5.3888104856014252e-02 -1.4506663084030151e+00 1.4695215225219727e+00 1.3960033772968161e-01 1 0 0 0 0
P 10016 -211 4.7750520706176758e-01 -6.7935332655906677e-02 -4.1556181907653809e+00 4.1858420372009277e+00 1.3958717987016406e-01 1 0 0 0 0
P 10017 211 2.2342529892921448e-01 7.6815411448478699e-03 -4.4714757800102234e-01 5.1904439926147461e-01 1.3960036395567121e-01 1 0 0 0 0
P 10018 -211 -1.7614102363586426e-01 1.9196556508541107e-01 -5.7040077447891235e-01 6.4243417978286743e-01 1.3960011977463099e-01 1 0 0 0 0
P 10019 111 -1.7829054594039917e-01 -1.0573454946279526e-01 -3.0379623174667358e-01 3.9177098870277405e-01 1.3500016090303235e-01 1 0 0 0 0
P 10020 321 2.8273120522499084e-02 -1.8678954243659973e-01 5.9156173467636108e-01 7.9326927661895752e-01 4.9360019933799121e-01 1 0 0 0 0
P 10021 -211 1.6937500238418579e-01 -1.8375873565673828e-02 -1.2991382181644440e-01 2.5571730732917786e-01 1.3960005733088279e-01 1 0 0 0 0
P 10022 -321 -7.6520070433616638e-02 -3.6761349439620972e-01 6.4021909236907959e-01 8.9135634899139404e-01 4.9359968822115563e-01 1 0 0 0 0
P 10023 211 1.4153513312339783e-01 1.0019893199205399e-01 7.4027979373931885e-01 7.7302926778793335e-01 1.3959962735413645e-01 1 0 0 0 0
P 10024 211 -9.7298115491867065e-02 -3.8454718887805939e-02 5.5451089143753052e-01 5.8130556344985962e-01 1.3959993084491529e-01 1 0 0 0 0
P 10025 -211 -3.6379173398017883e-02 -1.9679689407348633e-01 3.7210598587989807e-02 2.4683041870594025e-01 1.3960001854290427e-01 1 0 0 0 0
P 10026 111 -8.3150005340576172e-01 -7.2552964091300964e-02 3.0857646465301514e-01 9.0005600452423096e-01 1.3500039011110582e-01 1 0 0 0 0
P 10027 310 -5.8379369974136353e-01 5.8685308694839478e-01 1.7571183443069458e+00 2.0050892829895020e+00 4.9770124305732150e-01 1 0 0 0 0
P 10028 310 -4.3960601091384888e-01 4.3926391005516052e-01 -1.1777064949274063e-01 8.0484873056411743e-01 4.9770003586517264e-01 1 0 0 0 0
P 10029 111 2.8885155916213989e-03 3.9137944579124451e-02 -1.7448561191558838e+00 1.7505110502243042e+00 1.3500347467181381e-01 1 0 0 0 0
P 10030 111 1.0329183936119080e-01 1.3938303291797638e-01 -7.7591514587402344e-01 8.0645292997360229e-01 1.3500066934007804e-01 1 0 0 0 0
P 10031 111 -3.2860562205314636e-02 1.7185062170028687e-02 -4.4930237531661987e-01 4.7060900926589966e-01 1.3500026750654157e-01 1 0 0 0 0
P 10032 130 -7.4589025974273682e-01 3.5158795118331909e-01 6.1268693208694458e-01 1.1415151357650757e+00 4.9769987084012346e-01 1 0 0 0 0
P 10033 111 3.3028863370418549e-02 1.4588844776153564e-01 2.9086945056915283e+00 2.9156651496887207e+00 1.3500071356646318e-01 1 0 0 0 0
P 10034 111 -2.6521483063697815e-01 6.7911997437477112e-02 2.8272416591644287e+00 2.8436720371246338e+00 1.3499744302757499e-01 1 0 0 0 0
P 10035 -211 -4.3570679426193237e-01 4.4763496518135071e-01 7.6807081699371338e-01 9.9981921911239624e-01 1.3960020906220924e-01 1 0 0 0 0
P 10036 111 1.7510028555989265e-02 1.2067195773124695e-01 7.5543681159615517e-03 1.8207247555255890e-01 1.3499998293882223e-01 1 0 0 0 0
P 10037 211 -6.6217221319675446e-02 -3.2889908552169800e-01 3.3405175805091858e-01 4.9359706044197083e-01 1.3959997193315285e-01 1 0 0 0 0
P 10038 -211 2.3259666562080383e-01 -1.3994607143104076e-02 -3.0102310702204704e-02 2.7329719066619873e-01 1.3959995497642061e-01 1 0 0 0 0
P 10039 321 -7.3808085918426514e-01 -3.0459495261311531e-02 3.1905680894851685e-01 9.4399589300155640e-01 4.9359888889830239e-01 1 0 0 0 0
P 10040 -321 -3.1144216656684875e-01 -1.1362717151641846e+00 2.6543974876403809e+00 2.9457726478576660e+00 4.9359987507776909e-01 1 0 0 0 0
P 10041 211 -7.2203826904296875e-01 -1.2812757492065430e-01 7.2501093149185181e-01 1.0406175851821899e+00 1.3960003721387507e-01 1 0 0 0 0
P 10042 111 1.6462568938732147e-01 1.0531182587146759e-01 -1.5794722735881805e-01 2.8524473309516907e-01 1.3500012167980782e-01 1 0 0 0 0
P 10043 -211 -2.5769561529159546e-01 5.0902450084686279e-01 4.2580790519714355e+00 4.2983999252319336e+00 1.3961279236882707e-01 1 0 0 0 0
P 10044 211 -8.1628948450088501e-02 1.7177362740039825e-01 4.0061135292053223e+00 4.0130538940429688e+00 1.3959399455619098e-01 1 0 0 0 0
P 10045 111 -7.4043482542037964e-02 3.1239632517099380e-02 4.5599597692489624e-01 4.8230242729187012e-01 1.3499980908572679e-01 1 0 0 0 0
P 10046 111 -1.9672392308712006e-01 -1.6191910207271576e-01 1.7456962168216705e-01 3.3707222342491150e-01 1.3500012392415370e-01 1 0 0 0 0
P 10047 111 -4.8984771966934204e-01 -1.7829079926013947e-01 5.3779864311218262e-01 7.6104587316513062e-01 1.3500015911952717e-01 1 0 0 0 0
P 10048 211 -4.3905991315841675e-01 5.1559031009674072e-01 7.3786234855651855e-01 1.0112050771713257e+00 1.3959902389127130e-01 1 0 0 0 0
P 10049 -211 -5.3851640224456787e-01 3.9022043347358704e-01 2.0555879175662994e-01 7.0993971824645996e-01 1.3959972954368505e-01 1 0 0 0 0
P 10050 111 -4.8243999481201172e-01 1.4250579476356506e-01 3.7189376354217529e-01 6.3998925685882568e-01 1.3500010147307057e-01 1 0 0 0 0
P 10051 211 3.6378738284111023e-01 -3.1685942411422729e-01 5.5931651592254639e-01 7.5170761346817017e-01 1.3960020271436419e-01 1 0 0 0 0
P 10052 -211 3.4402447938919067e-01 1.2540553510189056e-01 7.4364238977432251e-01 8.4057819843292236e-01 1.3960054856008558e-01 1 0 0 0 0
P 10053 111 1.0560102760791779e-01 -1.4211502671241760e-01 6.3251906633377075e-01 6.7056214809417725e-01 1.3499987900591923e-01 1 0 0 0 0
P 10054 -211 1.5876662731170654e-01 -3.6682763695716858e-01 2.2423525154590607e-01 4.7910225391387939e-01 1.3960001606729491e-01 1 0 0 0 0
P 10055 111 -9.0053640305995941e-02 9.3760326504707336e-02 9.4537502527236938e-01 9.6377360820770264e-01 1.3499989818637007e-01 1 0 0 0 0
P 10056 22 5.1875151693820953e-02 1.8240574002265930e-01 7.0052593946456909e-02 2.0216393470764160e-01 7.2259099752441767e-05 1 0 0 0 0
P 10057 111 5.8775328099727631e-02 -5.0528156757354736e-01 1.4434132575988770e+00 1.5363694429397583e+00 1.3500085653065108e-01 1 0 0 0 0
P 10058 -211 5.7366991043090820e-01 -1.2280136346817017e-02 1.8774306774139404e+00 1.9681165218353271e+00 1.3960203130225526e-01 1 0 0 0 0
P 10059 211 -3.3846390247344971e-01 -3.9872640371322632e-01 1.8235539197921753e+00 1.9022033214569092e+00 1.3959949669196686e-01 1 0 0 0 0
P 10060 211 -1.3435333967208862e-01 9.5609575510025024e-03 3.0744281411170959e-01 3.6352646350860596e-01 1.3960004989902727e-01 1 0 0 0 0
P 10061 111 2.7469936013221741e-01 5.8177351951599121e-01 5.3874236345291138e-01 8.4993439912796021e-01 1.3499993398185356e-01 1 0 0 0 0
P 10062 211 9.0842187404632568e-02 -1.9559842348098755e-01 7.4675399065017700e-01 7.8970927000045776e-01 1.3960000820911556e-01 1 0 0 0 0
P 10063 -211 -3.9756678044795990e-02 3.9427429437637329e-03 2.6321133971214294e-01 3.0060690641403198e-01 1.3960001489854973e-01 1 0 0 0 0
P 10064 -211 6.1958130449056625e-02 5.0794668495655060e-03 -6.6439434885978699e-03 1.5296050906181335e-01 1.3960001588521131e-01 1 0 0 0 0
P 10065 211 3.0941101908683777e-01 1.6659043729305267e-01 9.1872155666351318e-02 3.8912236690521240e-01 1.3960003907337007e-01 1 0 0 0 0
P 10066 111 1.3501617312431335e-01 8.8556028902530670e-02 2.2301007807254791e-01 3.0664318799972534e-01 1.3500004653551265e-01 1 0 0 0 0
P 10067 -211 1.3872981071472168e-01 2.8151643276214600e-01 -7.9583752155303955e-01 8.6680030822753906e-01 1.3959925263269019e-01 1 0 0 0 0
P 10068 111 1.3210140168666840e-01 -2.3549064993858337e-02 -7.5770699977874756e-01 7.8124904632568359e-01 1.3499939289275220e-01 1 0 0 0 0
P 10069 2212 7.5528673827648163e-02 6.0847938060760498e-01 -8.6505955457687378e-01 1.4158694744110107e+00 9.3829984461759064e-01 1 0 0 0 0
P 10070 211 1.0668323934078217e-01 -1.6812674701213837e-01 -1.5752796828746796e-01 2.8974321484565735e-01 1.3959997542690705e-01 1 0 0 0 0
P 10071 111 -1.5866538882255554e-01 4.8677861690521240e-02 9.2740833759307861e-02 2.3317399621009827e-01 1.3500003864162816e-01 1 0 0 0 0
P 10072 111 -1.3174650073051453e-01 -1.8071329593658447e-01 1.7739987373352051e-01 3.1576916575431824e-01 1.3500005576854426e-01 1 0 0 0 0
P 10073 111 -2.2670792043209076e-01 -2.5950938463211060e-01 1.5672631561756134e-01 4.0190765261650085e-01 1.3500007898468266e-01 1 0 0 0 0
P 10074 211 -9.0922996401786804e-02 -1.4205859601497650e-01 4.5959883928298950e-01 5.0908440351486206e-01 1.3960014633010256e-01 1 0 0 0 0
P 10075 -211 -2.7538489550352097e-02 7.2449222207069397e-03 1.5327875316143036e-01 2.0926874876022339e-01 1.3960005634758124e-01 1 0 0 0 0
P 10076 111 1.9616138190031052e-02 1.2005473673343658e-01 3.5323768854141235e-01 3.9724028110504150e-01 1.3500016161733810e-01 1 0 0 0 0
P 10077 2212 -1.7173300683498383e-01 7.7713668346405029e-02 2.5625927448272705e+00 2.7354736328125000e+00 9.3829780991250977e-01 1 0 0 0 0
P 10078 -2112 -2.8480580449104309e-01 -5.5896872282028198e-01 5.1502337455749512e+00 5.2726974487304688e+00 9.3961182007607624e-01 1 0 0 0 0
P 10079 -321 3.5504007339477539e-01 -9.9060587584972382e-02 -4.9015650153160095e-01 7.8724867105484009e-01 4.9359965595112198e-01 1 0 0 0 0
P 10080 -211 4.1699653863906860e-01 4.4913941621780396e-01 -9.4143505096435547e+00 9.4353113174438477e+00 1.3961307324413200e-01 1 0 0 0 0
P 10081 2212 -7.6260924339294434e-02 -3.4175622463226318e-01 -1.6754331588745117e+01 1.6784238815307617e+01 9.3831368848611030e-01 1 0 0 0 0
P 10082 111 -7.7684655785560608e-02 5.1796972751617432e-02 8.5279941558837891e-01 8.6845231056213379e-01 1.3499903837463229e-01 1 0 0 0 0
P 10083 111 -1.4712874591350555e-01 -3.2573357224464417e-02 -7.8581595420837402e-01 8.1144291162490845e-01 1.3499997578865766e-01 1 0 0 0 0
P 10084 111 -2.7751922607421875e-02 -2.3736461997032166e-01 -7.7843976020812988e-01 8.2541233301162720e-01 1.3499973034322343e-01 1 0 0 0 0
P 10085 111 -9.9714875221252441e-02 -6.3467644155025482e-02 -2.5463464856147766e-01 3.1150442361831665e-01 1.3500001292879030e-01 1 0 0 0 0
P 10086 211 -4.8970468342304230e-02 -2.4626310169696808e-01 -1.1022220849990845e+00 1.1390458345413208e+00 1.3960038144335121e-01 1 0 0 0 0
P 10087 111 -1.7498257756233215e-01 3.0681768059730530e-01 -2.5697469711303711e+00 2.5974183082580566e+00 1.3500511421039213e-01 1 0 0 0 0
P 10088 130 -3.8441413640975952e-01 3.6297750473022461e-01 5.8384275436401367e-01 9.3172109127044678e-01 4.9769964123253374e-01 1 0 0 0 0
P 10089 2212 2.0294833183288574e-01 -3.5874366760253906e-01 -9.9994735717773438e+01 1.0000000000000000e+02 9.3965083313221676e-01 1 0 0 0 0
P 10090 -211 1.6252516210079193e-01 1.8936052918434143e-01 -6.1208267211914062e+00 6.1275019645690918e+00 1.3960206523714924e-01 1 0 0 0 0
P 10091 111 5.2528387308120728e-01 -1.6701722145080566e-01 -6.0992207527160645e+00 6.1255640983581543e+00 1.3499567827043271e-01 1 0 0 0 0
P 10092 -211 -2.6790101081132889e-02 3.6361092329025269e-01 -6.4730224609375000e+00 6.4847846031188965e+00 1.3957419530346366e-01 1 0 0 0 0
P 10093 2112 5.4632723331451416e-01 1.1533616483211517e-01 1.1418591499328613e+01 1.1470782279968262e+01 9.3959481113665411e-01 1 0 0 0 0
P 10094 211 -1.7959624528884888e-03 -5.9633634984493256e-02 5.9017491340637207e-01 6.0938829183578491e-01 1.3960037933229633e-01 1 0 0 0 0
P 10095 -321 -1.0892783850431442e-01 -6.7451894283294678e-03 5.8949035406112671e-01 7.7656310796737671e-01 4.9359964702498826e-01 1 0 0 0 0
P 10096 211 -3.4773942828178406e-01 -3.8914209604263306e-01 1.1664428710937500e+00 1.2854691743850708e+00 1.3959851673498896e-01 1 0 0 0 0
P 10097 321 -1.4884726703166962e-01 -1.0381718724966049e-01 -2.9881262779235840e-01 6.0486638545989990e-01 4.9359987890995422e-01 1 0 0 0 0
P 10098 111 -4.9089033156633377e-02 2.7576681971549988e-01 -6.5767025947570801e-01 7.2746968269348145e-01 1.3499961854411083e-01 1 0 0 0 0
P 10099 -211 3.3394239842891693e-02 1.4058123528957367e-01 -4.1051774024963379e+00 4.1100912094116211e+00 1.3960653546977758e-01 1 0 0 0 0
P 10100 211 -5.7939108461141586e-02 -7.7395446598529816e-02 -2.4803179502487183e-01 3.0059090256690979e-01 1.3959987077097033e-01 1 0 0 0 0
P 10101 211 2.6194779202342033e-02 1.5196174383163452e-01 -8.1618088483810425e-01 8.4226936101913452e-01 1.3959907482021366e-01 1 0 0 0 0
P 10102 111 4.0343219041824341e-01 -3.1371140480041504e-01 -7.7626943588256836e+00 7.7806696891784668e+00 1.3499898439966160e-01 1 0 0 0 0
P 10103 211 9.5520406961441040e-02 -8.5915434360504150e-01 -1.1409697532653809e+00 1.4382520914077759e+00 1.3959500811593584e-01 1 0 0 0 0
P 10104 211 2.8412744402885437e-01 1.4719727635383606e-01 -3.4542307853698730e+00 3.4718286991119385e+00 1.3960213022718429e-01 1 0 0 0 0
P 10105 -211 -6.8927258253097534e-02 -1.3535916805267334e-02 -1.0589622497558594e+01 1.0590776443481445e+01 1.3966691458014968e-01 1 0 0 0 0
P 10106 111 3.7531696259975433e-02 8.2002542912960052e-02 -2.4614182114601135e-01 2.9486232995986938e-01 1.3499982312560613e-01 1 0 0 0 0
P 10107 211 -2.4999041855335236e-01 2.6077044010162354e-01 -1.7255138397216797e+01 1.7259483337402344e+01 1.3952610925714864e-01 1 0 0 0 0
P 10108 -211 1.5831926465034485e-01 2.0296004414558411e-01 -7.4615345001220703e+00 7.4672789573669434e+00 1.3964297885761889e-01 1 0 0 0 0
P 10109 111 -6.4973905682563782e-02 8.4213003516197205e-02 -1.8041698455810547e+01 1.8042518615722656e+01 1.3520869025721469e-01 1 0 0 0 0
P 10110 2112 5.5887855589389801e-02 -1.9123306870460510e-01 -1.2265385437011719e+02 1.2265762329101562e+02 9.4067317162478015e-01 1 0 0 0 0
P 10111 -211 -1.2235175073146820e-01 -2.1754036843776703e-01 -5.2595592498779297e+01 5.2596370697021484e+01 1.3988008451515402e-01 1 0 0 0 0
P 10112 111 6.8757846951484680e-02 1.3917177915573120e-01 8.5569286346435547e+00 8.5594043731689453e+00 1.3520036764034035e-01 1 0 0 0 0
P 10113 211 -8.8662557303905487e-02 8.9129261672496796e-02 1.0200216770172119e+00 1.0371767282485962e+00 1.3959322935409280e-01 1 0 0 0 0
P 10114 -211 -5.6014531850814819e-01 2.7377050369977951e-02 -3.1631338596343994e+00 3.2154965400695801e+00 1.3960624807032770e-01 1 0 0 0 0
P 10115 -211 -4.2379167675971985e-01 3.6628276109695435e-01 2.2673070430755615e+00 2.3396437168121338e+00 1.3960317930056781e-01 1 0 0 0 0
P 10116 111 -8.6367815732955933e-02 2.4726752936840057e-01 2.1436488628387451e-01 3.6438721418380737e-01 1.3500039523906138e-01 1 0 0 0 0
P 10117 22 -5.1735170185565948e-02 -9.1151997447013855e-02 -2.4418048560619354e-02 1.0761734098196030e-01 1.9108063442984391e-04 1 0 0 0 0
P 10118 2212 -8.0940470099449158e-02 -5.1395740360021591e-02 -2.2415344238281250e+01 2.2435182571411133e+01 9.3838521411750520e-01 1 0 0 0 0
P 10119 111 1.3613821566104889e-01 -2.2744741290807724e-02 -1.0874313354492188e+01 1.0876028060913086e+01 1.3507225126565639e-01 1 0 0 0 0
P 10120 211 1.4629425108432770e-01 -3.2556021213531494e-01 2.6476913690567017e-01 4.6581378579139709e-01 1.3960060010481504e-01 1 0 0 0 0
P 10121 -211 7.7222561836242676e-01 1.1325390636920929e-01 6.5296542644500732e-01 1.0271373987197876e+00 1.3960134223288703e-01 1 0 0 0 0
P 10122 2112 -3.7116184830665588e-02 1.2400665134191513e-01 -9.9995765686035156e+01 1.0000025939941406e+02 9.3913234046212279e-01 1 0 0 0 0
P 10123 111 -7.2268769145011902e-02 6.8080559372901917e-02 4.1007392108440399e-02 1.7252343893051147e-01 1.3499997486893209e-01 1 0 0 0 0
P 10124 -211 -6.7539358139038086e-01 -1.5281146764755249e-01 -1.4557001113891602e+01 1.4574130058288574e+01 1.3956250084199073e-01 1 0 0 0 0
P 10125 211 5.9095859527587891e-02 1.0120844841003418e-01 -2.2197020053863525e+00 2.2271733283996582e+00 1.3960147340105611e-01 1 0 0 0 0
P 10126 211 2.3575118184089661e-01 2.9713198542594910e-01 6.7508816719055176e-01 7.8682738542556763e-01 1.3959679248603982e-01 1 0 0 0 0
P 10127 -211 -5.0054121762514114e-02 1.4834523200988770e-01 3.9118701219558716e-01 4.4387710094451904e-01 1.3959899450539143e-01 1 0 0 0 0
P 10128 111 -3.1359404325485229e-02 2.7316704392433167e-02 1.4022195339202881e+00 1.4093164205551147e+00 1.3499458270663406e-01 1 0 0 0 0
P 10129 -211 -1.5645718574523926e-01 6.2541067600250244e-02 1.9381368160247803e+00 1.9504461288452148e+00 1.3955482001246705e-01 1 0 0 0 0
P 10130 211 -2.5421661138534546e-01 -3.6205074191093445e-01 1.2395130395889282e+00 1.3234732151031494e+00 1.3957775812061690e-01 1 0 0 0 0
P 10131 111 -1.1264503002166748e-01 1.5535194426774979e-02 3.5531723499298096e-01 3.9674267172813416e-01 1.3499690749221152e-01 1 0 0 0 0
P 10132 211 2.3976825177669525e-01 6.2104173004627228e-02 2.8262968063354492e+00 2.8405599594116211e+00 1.3957615357197919e-01 1 0 0 0 0
P 10133 111 4.1083533316850662e-02 -2.2701006382703781e-02 1.4448139071464539e-01 2.0323118567466736e-01 1.3499944506296596e-01 1 0 0 0 0
P 10134 -211 4.0780687332153320e-01 7.0228040218353271e-02 -1.6053107380867004e-01 4.6529224514961243e-01 1.3960022986014989e-01 1 0 0 0 0
P 10135 111 -4.5885130763053894e-02 -5.4826194047927856e-01 -1.0103375464677811e-01 5.7543849945068359e-01 1.3500017210649207e-01 1 0 0 0 0
P 10136 211 -6.6250197589397430e-02 2.3023107647895813e-01 -1.0389941930770874e+00 1.0753569602966309e+00 1.3960022046260431e-01 1 0 0 0 0
P 10137 -211 -1.6194695234298706e-01 -1.2206920981407166e-01 -1.6463963985443115e+00 1.6647032499313354e+00 1.3959979167053674e-01 1 0 0 0 0
P 10138 111 1.0958479344844818e-01 -1.5640996396541595e-01 -6.3049471378326416e-01 6.7247402667999268e-01 1.3499936543466245e-01 1 0 0 0 0
P 10139 211 4.5380014181137085e-01 5.3177148103713989e-02 -1.7876555919647217e+00 1.8503955602645874e+00 1.3960242181170135e-01 1 0 0 0 0
P 10140 111 -2.9844820499420166e-02 2.0812584459781647e-01 -1.4761173725128174e-01 2.9020905494689941e-01 1.3499996332826905e-01 1 0 0 0 0
P 10141 2112 4.8958143591880798e-01 -1.3674388825893402e-01 -1.2746501922607422e+02 1.2746949005126953e+02 9.3881774262110640e-01 1 0 0 0 0
P 10142 -211 5.7892650365829468e-03 -1.9090040028095245e-01 -1.2640190124511719e+01 1.2642404556274414e+01 1.3967856774537196e-01 1 0 0 0 0
P 10143 2112 1.1863175034523010e-01 4.4354345649480820e-02 -9.9995468139648438e+01 9.9999954223632812e+01 9.3869881274230760e-01 1 0 0 0 0
P 10144 -211 5.8036428689956665e-01 1.0196146965026855e+00 -5.4190444946289062e-01 1.2998411655426025e+00 1.3960583246686656e-01 1 0 0 0 0
P 10145 2112 -4.8918128013610840e-01 -4.8598855733871460e-01 -1.1349165916442871e+01 1.1408851623535156e+01 9.3959840686989948e-01 1 0 0 0 0
P 10146 -2212 -1.6688202321529388e-01 3.4845940768718719e-02 -8.1758995056152344e+00 8.2313308715820312e+00 9.3830237252150606e-01 1 0 0 0 0
P 10147 2212 8.3585280179977417e-01 5.7070499658584595e-01 -3.4014263153076172e+01 3.4042247772216797e+01 9.3817985422818440e-01 1 0 0 0 0
P 10148 211 -5.5731251835823059e-02 -2.0301139354705811e-01 -1.5031644701957703e-01 2.9394391179084778e-01 1.3960082626263340e-01 1 0 0 0 0
P 10149 -211 4.4824582338333130e-01 2.2886295616626740e-01 -3.1976386904716492e-02 5.2327203750610352e-01 1.3960145067493179e-01 1 0 0 0 0
P 10150 211 -1.9719129800796509e-01 4.7521457076072693e-02 -4.8870179057121277e-01 5.4722958803176880e-01 1.3959973143674301e-01 1 0 0 0 0
P 10151 310 -2.3278398811817169e-01 -2.2144931554794312e-01 -1.1057773828506470e+00 1.2544628381729126e+00 4.9769991707047656e-01 1 0 0 0 0
P 10152 22 -3.2784175872802734e-01 -7.8220486640930176e-02 -1.6577355861663818e+00 1.6916518211364746e+00 -2.3018313691880996e-04 1 0 0 0 0
P 10153 22 -4.9849390983581543e-01 -1.0371701717376709e+00 -4.6409840583801270e+00 4.7815227508544922e+00 2.9399855252564798e-03 1 0 0 0 0
P 10154 321 -3.3654946088790894e-01 3.3508816361427307e-01 -3.9632771015167236e+00 4.0220341682434082e+00 4.9360292755646745e-01 1 0 0 0 0
P 10155 -211 2.6426801085472107e-01 1.4111410081386566e-01 -1.7667728662490845e+00 1.7974219322204590e+00 1.3960111211414589e-01 1 0 0 0 0
P 10156 310 8.0048069357872009e-02 -2.3256070911884308e-01 -2.8693525791168213e+00 2.9225642681121826e+00 4.9770021210359361e-01 1 0 0 0 0
P 10157 211 1.0529404133558273e-01 -3.3077681064605713e-01 -9.7985916137695312e+00 9.8057327270507812e+00 1.3963010892430730e-01 1 0 0 0 0
P 10158 -211 1.2575766444206238e-01 5.5420950055122375e-02 -1.3129557609558105e+01 1.3131017684936523e+01 1.3948457814272699e-01 1 0 0 0 0
P 10159 111 -1.4836715161800385e-01 -3.2707910984754562e-02 -4.7654571533203125e+00 4.7697892189025879e+00 1.3499886483743309e-01 1 0 0 0 0
P 10160 130 2.7502930164337158e-01 -2.6011648774147034e-01 -5.2278488874435425e-01 8.1505262851715088e-01 4.9769975225618784e-01 1 0 0 0 0
P 10161 211 1.5460766851902008e-01 4.1222342848777771e-01 1.9815960526466370e-01 5.0258088111877441e-01 1.3960167172484417e-01 1 0 0 0 0
P 10162 211 -5.7695463299751282e-02 -4.5545071363449097e-02 3.7819206714630127e-01 4.0978109836578369e-01 1.3960010356228617e-01 1 0 0 0 0
P 10163 -211 1.0920183360576630e-01 2.0902100205421448e-01 -1.0863760858774185e-01 2.9479676485061646e-01 1.3960008167661239e-01 1 0 0 0 0
P 10164 -211 2.7961063385009766e-01 -8.5384592413902283e-02 1.2374868616461754e-02 3.2421281933784485e-01 1.3960007043686526e-01 1 0 0 0 0
P 10165 211 -2.9298737645149231e-03 1.9755465909838676e-02 2.5555437430739403e-02 1.4331820607185364e-01 1.3960001868118455e-01 1 0 0 0 0
P 10166 111 -8.1913471221923828e-03 -4.5641129836440086e-03 -5.9485450387001038e-02 1.4782238006591797e-01 1.3500002942816205e-01 1 0 0 0 0
P 10167 -211 -3.1320321559906006e-01 1.9683632254600525e-01 -7.1268260478973389e-01 8.1501251459121704e-01 1.3959982677422073e-01 1 0 0 0 0
P 10168 211 -2.0130792260169983e-01 -4.2200002074241638e-01 -2.0257821083068848e+00 2.0837204456329346e+00 1.3960246417458616e-01 1 0 0 0 0
P 10169 -211 -1.4107707142829895e-01 -1.8849299848079681e-01 4.4065713882446289e-04 2.7371641993522644e-01 1.3959990617610096e-01 1 0 0 0 0
P 10170 111 -1.5808802843093872e-01 -9.7495131194591522e-02 -8.6449360847473145e-01 8.9446699619293213e-01 1.3499956609157213e-01 1 0 0 0 0
P 10171 22 1.6463690996170044e-01 2.1718961000442505e-01 -6.1343032121658325e-01 6.7124766111373901e-01 1.5731234280741432e-04 1 0 0 0 0
P 10172 22 2.2640241682529449e-01 -2.1485877037048340e-01 -2.1846108436584473e+00 2.2067952156066895e+00 -1.3267083130877636e-03 1 0 0 0 0
P 10173 211 8.0949269235134125e-02 4.3284296989440918e-03 -3.1322008371353149e-01 3.5237270593643188e-01 1.3960008436276278e-01 1 0 0 0 0
P 10174 -211 -2.4361866712570190e-01 2.7108427882194519e-01 -2.1025509834289551e+00 2.1384682655334473e+00 1.3960352280313890e-01 1 0 0 0 0
P 10175 111 -2.2953522205352783e-01 -1.0011430084705353e-01 -9.6679675579071045e-01 1.0077848434448242e+00 1.3500011952738994e-01 1 0 0 0 0
P 10176 -211 1.0943093150854111e-01 -2.0810708403587341e-02 -1.1751271247863770e+01 1.1752629280090332e+01 1.3968120851354515e-01 1 0 0 0 0
P 10177 211 -2.2887927293777466e-01 -3.0090308189392090e-01 -4.3461904525756836e+00 4.3648352622985840e+00 1.3959595506797129e-01 1 0 0 0 0
P 10178 2112 1.3454994559288025e-01 -3.1993806362152100e-02 -1.6973478317260742e+01 1.7000026702880859e+01 9.3958204571881121e-01 1 0 0 0 0
P 10179 111 4.4522511959075928e-01 4.5068312436342239e-02 -1.1991364479064941e+01 1.2000470161437988e+01 1.3492763202039187e-01 1 0 0 0 0
P 10180 2112 -2.4950769543647766e-01 5.3387832641601562e-01 -9.9994705200195312e+01 1.0000086212158203e+02 9.4025359780935103e-01 1 0 0 0 0
P 10181 -211 -8.3296678960323334e-02 1.8112638592720032e-01 -2.9443652629852295e+00 2.9544069766998291e+00 1.3960185419139762e-01 1 0 0 0 0
P 10182 211 3.3732065558433533e-01 3.4324854612350464e-01 -1.1543003320693970e+00 1.2583729028701782e+00 1.3960056218602204e-01 1 0 0 0 0
P 10183 -211 -6.8569369614124298e-02 2.5145390629768372e-01 -1.7401352524757385e-01 3.4307381510734558e-01 1.3959982163877727e-01 1 0 0 0 0
P 10184 111 -7.4102401733398438e-01 4.4934308528900146e-01 -6.2315230369567871e+00 6.2929425239562988e+00 1.3498313647081070e-01 1 0 0 0 0
P 10185 211 -3.6895191669464111e-01 1.9887042045593262e-01 -1.8657504022121429e-01 4.7955518960952759e-01 1.3959933124092466e-01 1 0 0 0 0
P 10186 -211 2.6110747456550598e-01 1.8333522975444794e-01 -1.7804942131042480e+00 1.8142317533493042e+00 1.3960047356682836e-01 1 0 0 0 0
P 10187 211 -1.0927203111350536e-03 2.3118008673191071e-01 2.1474564075469971e-01 3.4503442049026489e-01 1.3959811804195019e-01 1 0 0 0 0
P 10188 2112 1.5501151978969574e-01 -2.2940596938133240e-01 -2.2703548431396484e+01 2.2724668502807617e+01 9.3956985672994808e-01 1 0 0 0 0
P 10189 -2112 3.8705104589462280e-01 -2.1827076375484467e-01 -2.0931478500366211e+01 2.0957267761230469e+01 9.3958989254823000e-01 1 0 0 0 0
P 10190 2112 1.0728482902050018e-01 -1.2499754428863525e+00 -5.2496856689453125e+01 5.2520252227783203e+01 9.3967183347721861e-01 1 0 0 0 0
P 10191 211 -5.8578789234161377e-01 8.6367881298065186e-01 -9.3457546234130859e+00 9.4048776626586914e+00 1.3966324399655333e-01 1 0 0 0 0
P 10192 -211 3.2534256577491760e-02 6.1148881912231445e-02 -1.2557858228683472e+00 1.2654186487197876e+00 1.3960179082130467e-01 1 0 0 0 0
P 10193 111 1.3876914978027344e-02 3.7151068449020386e-01 -3.5965883731842041e+00 3.6182713508605957e+00 1.3500698083829987e-01 1 0 0 0 0
P 10194 -211 1.1226195096969604e-01 4.7560507059097290e-01 -3.7748920917510986e-01 6.3307905197143555e-01 1.3959962103829290e-01 1 0 0 0 0
P 10195 211 6.9913696497678757e-03 -3.5776332020759583e-02 1.1764541268348694e-02 1.4475977420806885e-01 1.3960000936632158e-01 1 0 0 0 0
P 10196 111 4.3652649968862534e-02 9.8014570772647858e-02 -4.1761964559555054e-01 4.5182245969772339e-01 1.3499983987730219e-01 1 0 0 0 0
P 10197 -211 3.4402757883071899e-01 -2.1946495771408081e-01 -7.6470822095870972e-01 8.7794458866119385e-01 1.3960012498944338e-01 1 0 0 0 0
P 10198 211 4.2603987455368042e-01 4.2319720983505249e-01 -7.6655590534210205e-01 9.8371851444244385e-01 1.3960052478450677e-01 1 0 0 0 0
P 10199 -211 3.3690217137336731e-01 -3.6890462040901184e-01 -5.6518089771270752e-01 7.6714491844177246e-01 1.3960009568938300e-01 1 0 0 0 0
P 10200 211 1.1474461108446121e-01 2.0717538893222809e-02 -9.2159941792488098e-02 2.0390476286411285e-01 1.3959998301131288e-01 1 0 0 0 0
P 10201 111 2.8410291671752930e-01 9.6780113875865936e-02 -6.9838339090347290e-01 7.7203959226608276e-01 1.3499968002670737e-01 1 0 0 0 0
P 10202 111 6.9195941090583801e-02 1.8037997186183929e-01 -3.8516920804977417e-01 4.5155876874923706e-01 1.3499996404572578e-01 1 0 0 0 0
P 10203 111 6.8221062421798706e-02 -3.3290684223175049e-03 -7.4695360660552979e-01 7.6212197542190552e-01 1.3500007016835058e-01 1 0 0 0 0
P 10204 22 1.9666570425033569e-01 -7.3482811450958252e-01 -2.6654667854309082e+00 2.7718877792358398e+00 -1.0395481575448762e-03 1 0 0 0 0
P 10205 22 -9.2723257839679718e-03 6.0861214995384216e-02 -9.2432785034179688e-01 9.2637580633163452e-01 3.1003699841322067e-04 1 0 0 0 0
P 10206 211 -4.4472143054008484e-03 9.2322945594787598e-02 -1.7948936223983765e+00 1.8026853799819946e+00 1.3959999812351900e-01 1 0 0 0 0
P 10207 -211 3.1022852659225464e-01 -3.4453475475311279e-01 -2.6075491905212402e+00 2.6521215438842773e+00 1.3960647049029931e-01 1 0 0 0 0
P 10208 111 -8.9330852031707764e-02 -1.1867111176252365e-01 -8.0670565366744995e-01 8.3130133152008057e-01 1.3500021569007584e-01 1 0 0 0 0
P 10209 111 1.0095611214637756e-03 -1.4387339353561401e-02 -2.2038094699382782e-01 2.5884506106376648e-01 1.3499995959953523e-01 1 0 0 0 0
P 10210 111 2.2788010537624359e-01 3.3019030094146729e-01 -6.6178470849990845e-01 7.8558188676834106e-01 1.3499971537782304e-01 1 0 0 0 0
P 10211 111 5.8452270925045013e-02 3.1430870294570923e-02 -2.6700854301452637e-01 3.0646881461143494e-01 1.3500001741788367e-01 1 0 0 0 0
E 19 -1 -1.0000000000000000e+00 -1.0000000000000000e+00 -1.0000000000000000e+00 0 0 1 0 0 0 0
U GEV MM
H 1 1 1 1 0 0 0 0 0 6.7857298851013184e+00 2.2085385322570801e+00 0 4.2000000000000000e+01
V -1 0 0 0 0 0 2 11 0
P 10001 2212 0 0 1.0000000000000000e+02 1.0000000000000000e+02 0 101 0 0 -1 0
P 10002 3000001 0 0 -1.0000000000000000e+02 1.0000000000000000e+02 0 102 0 0 -1 0
P 10003 -2212 -3.4865844994783401e-02 1.7874379456043243e-01 2.2132694244384766e+01 2.2153322219848633e+01 9.3827815160302519e-01 1 0 0 0 0
P 10004 2212 -4.2063274979591370e-01 2.0225477218627930e-01 1.9292520523071289e+01 1.9320962905883789e+01 9.3830729206238694e-01 1 0 0 0 0
P 10005 -211 3.2341784238815308e-01 4.2775031179189682e-02 2.9507808685302734e+00 2.9720406532287598e+00 1.3960338925960378e-01 1 0 0 0 0
P 10006 211 -3.3246996998786926e-01 5.4750359058380127e-01 -4.5201882719993591e-01 7.9630744457244873e-01 1.3959965434200980e-01 1 0 0 0 0
P 10007 -211 -3.7248477339744568e-02 -5.8733005076646805e-02 -5.3480112552642822e-01 5.5708229541778564e-01 1.3961169383025079e-01 1 0 0 0 0
P 10008 2212 5.5961847305297852e-01 -1.1909574270248413e-01 5.1909328460693359e+01 5.1920959472656250e+01 9.3824020898236993e-01 1 0 0 0 0
P 10009 211 1.3548851013183594e-02 3.2957185059785843e-02 2.2350654602050781e+00 2.2397048473358154e+00 1.3960818159036503e-01 1 0 0 0 0
P 10010 111 -6.8328138440847397e-03 -3.6657631397247314e-01 2.4198891222476959e-01 4.5957428216934204e-01 1.3500002178172288e-01 1 0 0 0 0
P 10011 130 3.7654063105583191e-01 -1.1973089567618445e-04 -5.7124829618260264e-04 6.2409138679504395e-01 4.9770158888206673e-01 1 0 0 0 0
P 10012 130 -7.5790226459503174e-02 -1.3409608602523804e-01 4.7219425439834595e-01 7.0313489437103271e-01 4.9770005734506667e-01 1 0 0 0 0
P 10013 2212 -3.6528578400611877e-01 -3.2561340928077698e-01 -9.8247138977050781e+01 9.8252830505371094e+01 9.3751125057209905e-01 1 0 0 0 0
E 20 -1 -1.0000000000000000e+00 -1.0000000000000000e+00 -1.0000000000000000e+00 0 0 1 0 0 0 0
U GEV MM
H 1 1 6 6 0 0 0 5 0 3.0032651424407959e+00 6.0257568359375000e+00 1.4801752567291260e-01 4.2000000000000000e+01
V -1 0 0 0 0 0 2 93 0
P 10001 2212 0 0 1.0000000000000000e+02 1.0000000000000000e+02 0 101 0 0 -1 0
P 10002 3000001 0 0 -1.0000000000000000e+02 1.0000000000000000e+02 0 102 0 0 -1 0
P 10003 2212 -1.5731691122055054e+00 -5.0897067785263062e-01 2.1200096130371094e+01 2.1285167694091797e+01 9.3828333786893592e-01 1 0 0 0 0
P 10004 -321 -9.1908596456050873e-02 2.2218527272343636e-02 6.7597818374633789e+00 6.7784385681152344e+00 4.9359708118632772e-01 1 0 0 0 0
P 10005 -211 6.1686657369136810e-02 8.2845824956893921e-01 5.0426774024963379e+00 5.1125559806823730e+00 1.3958852025750021e-01 1 0 0 0 0
P 10006 211 -2.9649345204234123e-02 6.1507892608642578e-01 1.3175709247589111e+00 1.4610551595687866e+00 1.3959895610587394e-01 1 0 0 0 0
P 10007 111 2.2103402763605118e-02 -2.7899593114852905e-01 9.7587156295776367e-01 1.0241472721099854e+00 1.3500013914633932e-01 1 0 0 0 0
P 10008 321 6.5036493539810181e-01 1.1075286865234375e+00 1.0791722536087036e+00 1.7486704587936401e+00 4.9360032397777448e-01 1 0 0 0 0
P 10009 -2212 -1.7168878316879272e+00 -6.7742818593978882e-01 -9.0679183602333069e-02 2.0724959373474121e+00 9.3829841856362384e-01 1 0 0 0 0
P 10010 2212 -1.2520226240158081e+00 2.2175851464271545e-01 -9.6203935146331787e-01 1.8500448465347290e+00 9.3830098079548796e-01 1 0 0 0 0
P 10011 -211 5.1749664545059204e-01 -2.9047262668609619e-01 -5.8708834648132324e-01 8.4636735916137695e-01 1.3959890820881457e-01 1 0 0 0 0
P 10012 211 -2.4260237812995911e-01 -4.3298836797475815e-02 -8.9934475719928741e-02 2.9716503620147705e-01 1.3959994869368902e-01 1 0 0 0 0
P 10013 111 4.3616063892841339e-02 -1.6351011395454407e-01 2.6878070831298828e+00 2.6965105533599854e+00 1.3499751799078857e-01 1 0 0 0 0
P 10014 111 1.1076934635639191e-02 -8.4574952721595764e-02 3.6124677658081055e+00 3.6159954071044922e+00 1.3499557062879858e-01 1 0 0 0 0
P 10015 111 -1.3186520896852016e-02 7.6805286109447479e-02 1.2382785081863403e+00 1.2480510473251343e+00 1.3499932068517539e-01 1 0 0 0 0
P 10016 111 5.0305271148681641e-01 1.9178505241870880e-01 4.7481794357299805e+00 4.7805094718933105e+00 1.3497896172032364e-01 1 0 0 0 0
P 10017 -2112 1.6495457291603088e-01 -9.6570052206516266e-02 3.8067929744720459e+00 3.9256920814514160e+00 9.3960086301128176e-01 1 0 0 0 0
P 10018 211 -8.3775222301483154e-02 6.2245152890682220e-02 1.8413743972778320e+00 1.8496054410934448e+00 1.3959896074874675e-01 1 0 0 0 0
P 10019 2112 5.6466735899448395e-02 2.3529152572154999e-01 1.7804662704467773e+01 1.7831081390380859e+01 9.3962701971654217e-01 1 0 0 0 0
P 10020 111 5.7100720703601837e-02 -4.2651742696762085e-02 6.8494617938995361e-01 7.0175212621688843e-01 1.3500042418113969e-01 1 0 0 0 0
P 10021 211 2.2121255099773407e-01 -4.1937362402677536e-02 8.1952309608459473e-01 8.6127817630767822e-01 1.3960034700380075e-01 1 0 0 0 0
P 10022 -211 1.3840864598751068e-01 -1.9264933466911316e-01 5.7440108060836792e-01 6.3694238662719727e-01 1.3960044070754662e-01 1 0 0 0 0
P 10023 -211 -3.3011609315872192e-01 -2.2310306131839752e-01 7.8887200355529785e-01 8.9473950862884521e-01 1.3959992613185329e-01 1 0 0 0 0
P 10024 -211 4.4373042881488800e-02 9.5895424485206604e-02 7.1595892310142517e-02 1.8915343284606934e-01 1.3959996414758327e-01 1 0 0 0 0
P 10025 211 1.6177195310592651e-01 3.5370856523513794e-02 2.8314787149429321e-01 3.5648584365844727e-01 1.3960006194201002e-01 1 0 0 0 0
P 10026 111 -1.4801834523677826e-01 -2.0718909800052643e-03 -1.8560564517974854e-01 2.7310833334922791e-01 1.3499993690122664e-01 1 0 0 0 0
P 10027 211 3.6050391197204590e-01 3.3901530504226685e-01 -6.6865235567092896e-01 8.4349185228347778e-01 1.3959972967122813e-01 1 0 0 0 0
P 10028 111 -5.7959869503974915e-02 -1.8476921319961548e-01 -7.2628635168075562e-01 7.6368564367294312e-01 1.3499958924045827e-01 1 0 0 0 0
P 10029 -211 -2.6762855052947998e-01 -3.4611076116561890e-02 -6.0843661427497864e-02 3.0985969305038452e-01 1.3959982304042387e-01 1 0 0 0 0
P 10030 111 2.8949344158172607e-01 -1.6477045416831970e-01 -4.4597500562667847e-01 5.7277780771255493e-01 1.3499983732811707e-01 1 0 0 0 0
P 10031 -211 5.1891452074050903e-01 5.1065504550933838e-01 -5.0761699676513672e-01 8.9844554662704468e-01 1.3960132345223544e-01 1 0 0 0 0
P 10032 211 4.9674314260482788e-01 -2.8878369927406311e-01 -8.4296071529388428e-01 1.0296704769134521e+00 1.3960210889190064e-01 1 0 0 0 0
P 10033 130 6.1624377965927124e-01 -2.2253519296646118e-01 9.0684232711791992e+00 9.1056718826293945e+00 4.9767610025571496e-01 1 0 0 0 0
P 10034 22 -2.0170305669307709e-01 1.7448563128709793e-02 2.8199464082717896e-01 3.4714484214782715e-01 -1.0705137587299779e-04 1 0 0 0 0
P 10035 22 3.2599818706512451e-01 -1.2352077662944794e-01 9.3356597423553467e-01 9.9653273820877075e-01 -3.6077328399354038e-04 1 0 0 0 0
P 10036 130 1.7286823689937592e-01 -4.9093294143676758e-01 1.6691117286682129e+00 1.8178390264511108e+00 4.9770089712042648e-01 1 0 0 0 0
P 10037 2212 6.3694924116134644e-01 -2.7356746792793274e-01 -9.5746551513671875e+01 9.5753662109375000e+01 9.3868903307246521e-01 1 0 0 0 0
P 10038 2212 9.6999907493591309e-01 -2.1101075410842896e-01 -1.5792461395263672e+01 1.5851424217224121e+01 9.3829049328020309e-01 1 0 0 0 0
P 10039 -2212 -6.2219601869583130e-01 5.8145916461944580e-01 -2.3882535934448242e+01 2.3916128158569336e+01 9.3831806499751558e-01 1 0 0 0 0
P 10040 321 4.4266849756240845e-01 3.0238106846809387e-02 1.1617171764373779e+00 1.3379528522491455e+00 4.9362059820488735e-01 1 0 0 0 0
P 10041 -211 3.1194776296615601e-02 1.1742708086967468e-01 8.1501984596252441e-01 8.3577179908752441e-01 1.3962420079431517e-01 1 0 0 0 0
P 10042 -321 1.8950797617435455e-02 4.6951195597648621e-01 -1.5806071460247040e-02 6.8167912960052490e-01 4.9359496989203594e-01 1 0 0 0 0
P 10043 211 1.6026508808135986e-01 -9.9819108843803406e-02 1.2824170291423798e-01 2.6754781603813171e-01 1.3959637012592122e-01 1 0 0 0 0
P 10044 -211 -3.4374660253524780e-01 3.1636342406272888e-02 -3.3280718326568604e-01 4.9941104650497437e-01 1.3960009750204749e-01 1 0 0 0 0
P 10045 111 -1.3042093813419342e-01 -1.1509817838668823e-01 -1.4799544811248779e+00 1.4962444305419922e+00 1.3499969612775811e-01 1 0 0 0 0
P 10046 2212 1.1180805414915085e-01 -2.1922114491462708e-01 -5.8865539550781250e+01 5.8873527526855469e+01 9.3805005168528599e-01 1 0 0 0 0
P 10047 211 -3.2249297946691513e-02 -7.2841934859752655e-02 -2.9730510711669922e+00 2.9773926734924316e+00 1.3960120238394250e-01 1 0 0 0 0
P 10048 2112 -3.7641471624374390e-01 1.0560601949691772e-01 -5.4829910278320312e+01 5.4839355468750000e+01 9.3968421786580980e-01 1 0 0 0 0
P 10049 211 -3.8741935044527054e-02 -1.6560289263725281e-01 -1.5872891247272491e-01 2.7130830287933350e-01 1.3959968472625703e-01 1 0 0 0 0
P 10050 111 -7.7557396143674850e-03 4.2341890931129456e-01 -6.7265605926513672e-01 8.0624723434448242e-01 1.3499890578331197e-01 1 0 0 0 0
P 10051 -211 -2.4829396605491638e-01 1.4436584711074829e-01 -1.3023957014083862e+00 1.3409751653671265e+00 1.3960100176240106e-01 1 0 0 0 0
P 10052 211 4.6057265996932983e-01 -4.1467630863189697e-01 -2.8724439144134521e+00 2.9418544769287109e+00 1.3960696946364687e-01 1 0 0 0 0
P 10053 -211 -1.4375384151935577e-01 5.9522926807403564e-02 -4.9504246711730957e+00 4.9548358917236328e+00 1.3959277626790612e-01 1 0 0 0 0
P 10054 111 -1.6238574683666229e-01 7.2331219911575317e-01 -2.8393557071685791e+00 2.9376380443572998e+00 1.3500659116958585e-01 1 0 0 0 0
P 10055 211 1.1758364737033844e-02 7.0379525423049927e-02 -1.0037633895874023e+01 1.0038858413696289e+01 1.3961549305710999e-01 1 0 0 0 0
P 10056 111 2.1686972677707672e-01 -8.6282527446746826e-01 -2.1600080490112305e+01 2.1618816375732422e+01 1.3507174261800509e-01 1 0 0 0 0
P 10057 -211 3.2838582992553711e-01 -4.3045330047607422e-01 2.5003972649574280e-01 6.1248207092285156e-01 1.3959629360856932e-01 1 0 0 0 0
P 10058 111 5.7541602849960327e-01 -2.3985183238983154e-01 -5.1638917922973633e+00 5.2031369209289551e+00 1.3499210355778726e-01 1 0 0 0 0
P 10059 -211 -8.0795520916581154e-03 4.1457298398017883e-01 -3.4878652095794678e+00 3.5151996612548828e+00 1.3960265070329589e-01 1 0 0 0 0
P 10060 211 -2.3647221922874451e-01 -8.1561461091041565e-02 -5.6101834774017334e-01 6.2992149591445923e-01 1.3959986429693666e-01 1 0 0 0 0
P 10061 3122 -2.5334021449089050e-01 -1.0279753059148788e-01 -6.5640907287597656e+01 6.5650955200195312e+01 1.1155539263015897e+00 1 0 0 0 0
P 10062 -211 1.7548087239265442e-01 -2.6124429702758789e-01 3.8661977648735046e-01 5.1769435405731201e-01 1.3960828537935371e-01 1 0 0 0 0
P 10063 211 -3.8648986816406250e-01 4.4222694635391235e-01 6.0857218503952026e-01 8.5719990730285645e-01 1.3961549484662905e-01 1 0 0 0 0
P 10064 211 -1.3046565651893616e-01 -2.5042220950126648e-02 -9.9571391940116882e-02 2.1691250801086426e-01 1.3960004898866937e-01 1 0 0 0 0
P 10065 -211 6.3961073756217957e-02 1.3063399493694305e-01 -1.4993308484554291e-01 2.5124564766883850e-01 1.3960009295125755e-01 1 0 0 0 0
P 10066 321 -4.6834287047386169e-01 6.9539219141006470e-02 -1.2118633985519409e+00 1.3915584087371826e+00 4.9360020345909716e-01 1 0 0 0 0
P 10067 111 1.9764797389507294e-01 1.2345308065414429e-01 -7.5786828994750977e-01 8.0429768562316895e-01 1.3500013882584375e-01 1 0 0 0 0
P 10068 -321 -3.2689923048019409e-01 -1.7452254891395569e-01 -2.9591820240020752e+00 3.0228660106658936e+00 4.9359846058729712e-01 1 0 0 0 0
P 10069 211 9.9778801202774048e-02 7.4402779340744019e-02 -2.5992625951766968e-01 3.2022085785865784e-01 1.3959998093766929e-01 1 0 0 0 0
P 10070 -211 -1.3402025401592255e-01 -1.2047296017408371e-01 -5.5991964340209961e+00 5.6038346290588379e+00 1.3959470070875471e-01 1 0 0 0 0
P 10071 211 1.0860120505094528e-01 6.3137710094451904e-03 -2.8968634605407715e+00 2.9022645950317383e+00 1.3959865728440188e-01 1 0 0 0 0
P 10072 111 1.1937055736780167e-02 -1.2786249816417694e-01 -3.5157041549682617e+00 3.5206382274627686e+00 1.3500559867886575e-01 1 0 0 0 0
P 10073 130 2.6715171337127686e-01 9.4756372272968292e-02 -4.4974656105041504e+00 4.5337901115417480e+00 4.9770176793208587e-01 1 0 0 0 0
P 10074 -211 9.8069414496421814e-02 -5.0452481955289841e-02 -1.6220274567604065e-01 2.4075089395046234e-01 1.3960014053710909e-01 1 0 0 0 0
P 10075 211 -1.1675757169723511e-01 2.2988926619291306e-02 -8.6285278201103210e-02 2.0271696150302887e-01 1.3960012876439820e-01 1 0 0 0 0
P 10076 111 7.2617977857589722e-02 -5.8188475668430328e-02 8.0926343798637390e-03 1.6416390240192413e-01 1.3500009893285789e-01 1 0 0 0 0
P 10077 2112 9.1464936733245850e-02 3.2668781280517578e-01 -9.9995010375976562e+01 1.0000000000000000e+02 9.3957923915602604e-01 1 0 0 0 0
P 10078 -211 1.5690080821514130e-01 3.8277301192283630e-01 -1.2336418628692627e+00 1.3086227178573608e+00 1.3959989109521811e-01 1 0 0 0 0
P 10079 2212 -1.6436032950878143e-01 -5.5883254855871201e-02 -1.4963922500610352e+00 1.7747492790222168e+00 9.3830058150766871e-01 1 0 0 0 0
P 10080 -2112 5.7939905673265457e-02 -1.2786367535591125e-01 -7.7302136421203613e+00 7.7883729934692383e+00 9.3959820159060192e-01 1 0 0 0 0
P 10081 -211 -3.1829881668090820e-01 -4.7090813517570496e-02 -1.5222077369689941e+00 1.5620932579040527e+00 1.3959681401385268e-01 1 0 0 0 0
P 10082 111 -3.2488167285919189e-02 -1.7411746084690094e-01 -8.0222005844116211e+00 8.0252904891967773e+00 1.3495498609805073e-01 1 0 0 0 0
P 10083 2212 2.3935213685035706e-01 -2.6153492927551270e-01 -3.2197879791259766e+01 3.2213497161865234e+01 9.3821446398972674e-01 1 0 0 0 0
P 10084 111 2.5482258200645447e-01 -1.9837737083435059e-01 -1.5130178451538086e+01 1.5134224891662598e+01 1.3481456328135313e-01 1 0 0 0 0
P 10085 -321 -5.0849968194961548e-01 -2.9552346467971802e-01 4.5730840414762497e-02 7.6918029785156250e-01 4.9360001632780898e-01 1 0 0 0 0
P 10086 211 -2.1016541123390198e-01 -1.4929836988449097e-01 5.1627248525619507e-01 5.9370714426040649e-01 1.3961157109622957e-01 1 0 0 0 0
P 10087 211 -9.9802792072296143e-02 -4.7626096755266190e-02 1.0932220518589020e-01 2.0896975696086884e-01 1.3960004434100570e-01 1 0 0 0 0
P 10088 111 2.5149378180503845e-01 1.8895487487316132e-01 -4.8308694362640381e-01 5.9207355976104736e-01 1.3500014089209661e-01 1 0 0 0 0
P 10089 -211 8.3308622241020203e-02 3.4742993116378784e-01 -1.9557178020477295e+00 1.9929795265197754e+00 1.3959723590535350e-01 1 0 0 0 0
P 10090 211 1.6707155108451843e-01 1.1659830063581467e-01 -1.3495407104492188e+00 1.3719534873962402e+00 1.3960005560878841e-01 1 0 0 0 0
P 10091 111 2.6951918005943298e-01 -1.5466304123401642e-01 -1.1264584064483643e+00 1.1763055324554443e+00 1.3499970179016721e-01 1 0 0 0 0
P 10092 2112 -3.5615897178649902e-01 -3.1040674448013306e-01 -8.4909042358398438e+01 8.4915557861328125e+01 9.3983568779951387e-01 1 0 0 0 0
P 10093 -211 -1.5820567309856415e-01 2.5676894187927246e-01 -3.6335983276367188e+01 3.6337505340576172e+01 1.4019412060235531e-01 1 0 0 0 0
P 10094 130 4.2456105351448059e-02 7.3383867740631104e-02 2.7625145912170410e+00 2.8082778453826904e+00 4.9774479128766724e-01 1 0 0 0 0
P 10095 2112 -8.5458852350711823e-02 -1.0227577388286591e-01 -9.9995704650878906e+01 1.0000020599365234e+02 9.3940757806588959e-01 1 0 0 0 0
E 21 -1 -1.0000000000000000e+00 -1.0000000000000000e+00 -1.0000000000000000e+00 0 0 1 0 0 0 0
U GEV MM
H 1 1 2 2 0 0 0 1 0 7.4732666015625000e+00 2.9142277240753174e+00 9.0223461389541626e-01 4.2000000000000000e+01
V -1 0 0 0 0 0 2 73 0
P 10001 2212 0 0 1.0000000000000000e+02 1.0000000000000000e+02 0 101 0 0 -1 0
P 10002 3000001 0 0 -1.0000000000000000e+02 1.0000000000000000e+02 0 102 0 0 -1 0
P 10003 111 -1.2786209583282471e+00 -1.3263906240463257e+00 -2.3807878494262695e+00 3.0133967399597168e+00 1.3500179920964536e-01 1 0 0 0 0
P 10004 3122 -6.5962517261505127e-01 -3.8821425288915634e-02 -2.6705350875854492e+00 2.9686584472656250e+00 1.1155997719108901e+00 1 0 0 0 0
P 10005 -2212 7.0018017292022705e-01 1.1660287529230118e-01 -2.9274928569793701e+00 3.1550703048706055e+00 9.3829936370756961e-01 1 0 0 0 0
P 10006 211 -3.1870460510253906e-01 -3.3814978599548340e-01 -1.9741684198379517e+00 2.0329158306121826e+00 1.3959914536195703e-01 1 0 0 0 0
P 10007 -211 -3.8004431873559952e-02 -2.4324907362461090e-01 -1.0673713684082031e+00 1.1042572259902954e+00 1.3959919194937645e-01 1 0 0 0 0
P 10008 111 5.8728706091642380e-02 2.8479313850402832e-01 -1.2637735605239868e+00 1.3038040399551392e+00 1.3500062838999630e-01 1 0 0 0 0
P 10009 211 -1.3763806223869324e-01 -5.4314386844635010e-01 -1.7925657033920288e+00 1.8832757472991943e+00 1.3959312798376367e-01 1 0 0 0 0
P 10010 -2112 1.8014760315418243e-01 5.8200240135192871e-01 1.6940449178218842e-01 1.1325749158859253e+00 9.3959997028332265e-01 1 0 0 0 0
P 10011 111 2.8657987713813782e-02 2.7604544162750244e-01 -7.5394727289676666e-02 3.1769752502441406e-01 1.3499994963119624e-01 1 0 0 0 0
P 10012 -211 -1.0366866737604141e-01 1.8769074976444244e-01 5.8913007378578186e-02 2.6255267858505249e-01 1.3959998728916348e-01 1 0 0 0 0
P 10013 111 -1.4341640472412109e-01 4.7275343537330627e-01 -5.2459180355072021e-01 7.3313409090042114e-01 1.3499984846855853e-01 1 0 0 0 0
P 10014 211 -2.1362438797950745e-02 3.0827477574348450e-02 -3.2456219196319580e-03 1.4458690583705902e-01 1.3959997175105812e-01 1 0 0 0 0
P 10015 2112 1.0997743159532547e-01 1.4453866481781006e+00 -6.0491213798522949e+00 6.2909421920776367e+00 9.3959916862703685e-01 1 0 0 0 0
P 10016 -211 7.7000916004180908e-02 2.2690899670124054e-02 -1.5302512049674988e-01 2.2214604914188385e-01 1.3960000592041855e-01 1 0 0 0 0
P 10017 -2112 1.0453330725431442e-01 6.3261830806732178e-01 -1.1343385696411133e+01 1.1400278091430664e+01 9.3957882499651435e-01 1 0 0 0 0
P 10018 211 1.0004037059843540e-02 -7.3590844869613647e-02 -4.9549522995948792e-01 5.2011460065841675e-01 1.3959936138586107e-01 1 0 0 0 0
P 10019 22 -4.7594344615936279e-01 2.5534901022911072e-01 -2.1404802799224854e+00 2.2075736522674561e+00 5.6611076387570627e-04 1 0 0 0 0
P 10020 22 -2.7318787574768066e-01 6.7094957828521729e-01 -5.0274677276611328e+00 5.0793933868408203e+00 6.8815072756763039e-04 1 0 0 0 0
P 10021 2112 3.5580664873123169e-01 4.6084129810333252e-01 -2.1674745082855225e+00 2.4330570697784424e+00 9.3959985494484732e-01 1 0 0 0 0
P 10022 211 -6.8354696035385132e-02 -7.9567372798919678e-02 -1.7598137259483337e-01 2.4791318178176880e-01 1.3960003909951677e-01 1 0 0 0 0
P 10023 -2212 8.7727203965187073e-02 -4.7264039516448975e-01 -2.0824556350708008e+00 2.3341193199157715e+00 9.3829980395880774e-01 1 0 0 0 0
P 10024 -211 1.2679685652256012e-01 4.0135666728019714e-02 -1.0088075697422028e-01 2.1760837733745575e-01 1.3960001501448152e-01 1 0 0 0 0
P 10025 2112 -7.6994526386260986e-01 3.1408701092004776e-02 -1.7063300609588623e+00 2.0948059558868408e+00 9.3959964880706270e-01 1 0 0 0 0
P 10026 111 7.7426031231880188e-02 -4.9699321389198303e-02 -9.7224280238151550e-02 1.9011144340038300e-01 1.3499995327807893e-01 1 0 0 0 0
P 10027 22 -2.0198702812194824e-02 -5.2549153566360474e-01 9.4904966354370117e+00 9.5050525665283203e+00 -7.1719191306135275e-03 1 0 0 0 0
P 10028 22 -1.0683283209800720e-01 1.1677992343902588e-01 4.4324622154235840e+00 4.4352865219116211e+00 -2.3588639990791051e-03 1 0 0 0 0
P 10029 -211 2.0827399194240570e-01 3.2518602907657623e-02 1.0348531007766724e+00 1.0652909278869629e+00 1.3960052147639573e-01 1 0 0 0 0
P 10030 211 1.3210987672209740e-02 7.4908405542373657e-02 1.1203815788030624e-01 1.9449043273925781e-01 1.3960007231271532e-01 1 0 0 0 0
P 10031 111 -1.8442983925342560e-01 -3.8238052278757095e-02 2.9663294553756714e-01 3.7642085552215576e-01 1.3500015497998891e-01 1 0 0 0 0
P 10032 211 5.5437409877777100e-01 -6.0737073421478271e-01 8.5294990539550781e+00 8.5701866149902344e+00 1.3969486089663075e-01 1 0 0 0 0
P 10033 -211 -6.8365022540092468e-02 1.5394979715347290e-01 1.1899272203445435e+00 1.2098718881607056e+00 1.3960257767733503e-01 1 0 0 0 0
P 10034 211 -1.2196249514818192e-01 -1.1627218127250671e-01 3.3931779861450195e-01 4.0375563502311707e-01 1.3959933379386827e-01 1 0 0 0 0
P 10035 310 -2.9985511302947998e-01 -8.0688491463661194e-02 1.5247887372970581e-01 6.0611778497695923e-01 4.9769995063983308e-01 1 0 0 0 0
P 10036 310 -1.1197657585144043e+00 -4.1904705762863159e-01 -2.0273947715759277e+00 2.4057245254516602e+00 4.9769985141413731e-01 1 0 0 0 0
P 10037 130 5.7901892811059952e-02 3.0471485853195190e-01 2.8826360702514648e+00 2.9416825771331787e+00 4.9769659120074367e-01 1 0 0 0 0
P 10038 -211 1.4808458089828491e+00 9.7183585166931152e-01 1.4177252054214478e+00 2.2730600833892822e+00 1.3959997148466580e-01 1 0 0 0 0
P 10039 2212 1.4903919696807861e+00 -2.8484046459197998e-01 3.1729730606079102e+01 3.1779850006103516e+01 9.3843474068619248e-01 1 0 0 0 0
P 10040 211 3.8386678695678711e-01 -3.1983715295791626e-01 6.3543815612792969e+00 6.3755235671997070e+00 1.3959303367938303e-01 1 0 0 0 0
P 10041 22 -1.6247829794883728e-01 3.4060597419738770e-01 4.1212844848632812e-01 5.5880361795425415e-01 -3.9702476708097442e-05 1 0 0 0 0
P 10042 22 -3.0834779143333435e-01 7.3005944490432739e-02 1.4031829833984375e+00 1.4385168552398682e+00 1.7174837665353564e-04 1 0 0 0 0
P 10043 211 -3.5680387169122696e-02 2.2571125999093056e-02 3.3568221330642700e-01 3.6599624156951904e-01 1.3959998121528081e-01 1 0 0 0 0
P 10044 -211 2.9792171716690063e-01 -2.5960266590118408e-01 3.1777544021606445e+00 3.2052695751190186e+00 1.3956760021445469e-01 1 0 0 0 0
P 10045 111 5.8859173208475113e-02 -6.5511888265609741e-01 -5.5643245577812195e-03 6.7149174213409424e-01 1.3500016801151690e-01 1 0 0 0 0
P 10046 211 -3.9468294382095337e-01 -6.5552927553653717e-02 -3.1720265746116638e-01 5.2931791543960571e-01 1.3959984688700458e-01 1 0 0 0 0
P 10047 -321 1.5278296172618866e-01 -3.2100822776556015e-02 -1.7302286148071289e+01 1.7310029983520508e+01 4.9361825778896096e-01 1 0 0 0 0
P 10048 2112 1.5210957266390324e-02 8.0289633478969336e-04 -4.6468311309814453e+01 4.6477813720703125e+01 9.3967028934948160e-01 1 0 0 0 0
P 10049 22 -1.5455418825149536e-01 -5.9879846870899200e-02 3.6420345306396484e+00 3.6458022594451904e+00 -3.7417326562035149e-03 1 0 0 0 0
P 10050 211 5.5608853697776794e-02 2.1111111342906952e-01 5.8257257938385010e-01 6.3760393857955933e-01 1.3959844347044825e-01 1 0 0 0 0
P 10051 -211 2.1108365058898926e-01 -8.5375659167766571e-02 5.5459856986999512e-01 6.1555886268615723e-01 1.3959881448395742e-01 1 0 0 0 0
P 10052 111 4.9141943454742432e-01 -5.8033857494592667e-02 2.1118690967559814e+00 2.1732635498046875e+00 1.3499031746808288e-01 1 0 0 0 0
P 10053 -211 6.5320134162902832e-03 1.7061492800712585e-01 -9.7387351095676422e-02 2.4109040200710297e-01 1.3960001765174185e-01 1 0 0 0 0
P 10054 211 -5.4941815137863159e-01 -6.6682472825050354e-03 -2.0536640286445618e-01 6.0296624898910522e-01 1.3960002653428097e-01 1 0 0 0 0
P 10055 111 -2.1357703208923340e-01 7.4054561555385590e-02 1.1397573351860046e-01 2.8690540790557861e-01 1.3500006863389960e-01 1 0 0 0 0
P 10056 111 -1.8708765506744385e-02 2.8751209378242493e-01 -3.4716185927391052e-01 4.7091361880302429e-01 1.3500021430242756e-01 1 0 0 0 0
P 10057 111 9.6536651253700256e-02 4.9313433468341827e-02 -3.5641759634017944e-01 3.9624446630477905e-01 1.3500012718709922e-01 1 0 0 0 0
P 10058 111 -2.3544970154762268e-01 -1.0431781411170959e-01 -6.1951845884323120e-01 6.8435865640640259e-01 1.3499956092882098e-01 1 0 0 0 0
P 10059 -211 -1.1620579659938812e-01 2.3428609967231750e-01 2.5679931640625000e+00 2.5850462913513184e+00 1.3957676774631891e-01 1 0 0 0 0
P 10060 211 -1.2171153724193573e-01 -4.6471372246742249e-02 2.3970496654510498e+00 2.4046421051025391e+00 1.3958247832980605e-01 1 0 0 0 0
P 10061 111 1.4565725624561310e-01 1.5931937098503113e-01 7.5966839790344238e+00 7.6009459495544434e+00 1.3480783531289639e-01 1 0 0 0 0
P 10062 -211 7.5989797711372375e-02 2.9420226812362671e-02 -4.5585417747497559e-01 4.8366439342498779e-01 1.3960019786471894e-01 1 0 0 0 0
P 10063 211 1.7347823083400726e-01 2.2384068369865417e-01 -3.1751123070716858e-01 4.4777330756187439e-01 1.3960016148895413e-01 1 0 0 0 0
P 10064 111 8.8298492133617401e-02 6.8718351423740387e-02 -5.2333468198776245e-01 5.5192667245864868e-01 1.3500009949839603e-01 1 0 0 0 0
P 10065 130 1.4086523652076721e-01 -4.0545073151588440e-01 -4.5642848014831543e+00 4.6113595962524414e+00 4.9770299009805685e-01 1 0 0 0 0
P 10066 321 3.4872743487358093e-01 1.8284618854522705e-01 -4.9067544937133789e+00 4.9472141265869141e+00 4.9360348481920396e-01 1 0 0 0 0
P 10067 3112 -4.7625693678855896e-01 -8.3456963300704956e-01 -5.7837364196777344e+01 5.7857738494873047e+01 1.1974470210727233e+00 1 0 0 0 0
P 10068 211 -1.4937441051006317e-01 -4.4325046241283417e-02 4.9507763981819153e-01 5.3746426105499268e-01 1.3960135466361903e-01 1 0 0 0 0
P 10069 111 2.8575286269187927e-01 -1.2052781134843826e-01 -1.4608965814113617e-01 3.6844140291213989e-01 1.3500084191968226e-01 1 0 0 0 0
P 10070 321 -4.2696395516395569e-01 -2.3525097966194153e-01 -7.6703858375549316e-01 1.0342295169830322e+00 4.9360030630883106e-01 1 0 0 0 0
P 10071 -211 -1.3846729695796967e-01 3.0933365225791931e-01 -1.7801034450531006e-01 4.0747562050819397e-01 1.3960013542818872e-01 1 0 0 0 0
P 10072 -321 -2.0338201522827148e-01 -2.8808104991912842e-01 -2.7056922912597656e+00 2.7728629112243652e+00 4.9360208064829042e-01 1 0 0 0 0
P 10073 211 2.0078098773956299e-01 1.5012845396995544e-01 -1.2321484088897705e+00 1.2651203870773315e+00 1.3960062514194027e-01 1 0 0 0 0
P 10074 -211 3.8992851972579956e-01 -4.6379095315933228e-01 -5.2874226570129395e+00 5.3238582611083984e+00 1.3957840717808895e-01 1 0 0 0 0
P 10075 111 -2.9092651605606079e-01 -1.1997701227664948e-01 -1.8230160474777222e+00 1.8548976182937622e+00 1.3499979174512278e-01 1 0 0 0 0
E 22 -1 -1.0000000000000000e+00 -1.0000000000000000e+00 -1.0000000000000000e+00 0 0 1 0 0 0 0
U GEV MM
H 1 1 5 5 0 0 0 4 0 5.9407444000244141e+00 6.2627658843994141e+00 3.8719314336776733e-01 4.2000000000000000e+01
V -1 0 0 0 0 0 2 146 0
P 10001 2212 0 0 1.0000000000000000e+02 1.0000000000000000e+02 0 101 0 0 -1 0
P 10002 3000001 0 0 -1.0000000000000000e+02 1.0000000000000000e+02 0 102 0 0 -1 0
P 10003 2112 -8.0621838569641113e-02 3.1461566686630249e-01 1.7026203155517578e+01 1.7055202484130859e+01 9.3960363082240272e-01 1 0 0 0 0
P 10004 211 -2.6907217502593994e-01 5.2220600843429565e-01 -7.8288877010345459e-01 9.8868703842163086e-01 1.3960044043901107e-01 1 0 0 0 0
P 10005 111 3.3339092135429382e-01 3.1891229748725891e-01 6.0484815388917923e-02 4.8449763655662537e-01 1.3499995187501929e-01 1 0 0 0 0
P 10006 111 5.5364917963743210e-02 1.6586056351661682e-01 -1.3575061559677124e+00 1.3753627538681030e+00 1.3499903913078509e-01 1 0 0 0 0
P 10007 111 -2.0978787541389465e-01 -9.6392616629600525e-02 3.2971131801605225e-01 4.2454347014427185e-01 1.3500042815813948e-01 1 0 0 0 0
P 10008 111 1.4789952337741852e-01 1.1018029600381851e-01 1.9875468313694000e-01 3.0289006233215332e-01 1.3499999684427280e-01 1 0 0 0 0
P 10009 2112 -2.2435148060321808e-01 -2.4329815804958344e-01 -3.6407108306884766e+00 3.7745399475097656e+00 9.3960038425677084e-01 1 0 0 0 0
P 10010 111 -3.5067754983901978e-01 4.1214913129806519e-02 -5.0395359992980957e+00 5.0536937713623047e+00 1.3499716093053019e-01 1 0 0 0 0
P 10011 211 -4.3927267193794250e-02 -4.0121543407440186e-01 2.9130272865295410e+00 2.9441673755645752e+00 1.3960706977267393e-01 1 0 0 0 0
P 10012 111 -3.4210216999053955e-01 2.4612493813037872e-01 4.8184623718261719e+00 4.8387408256530762e+00 1.3498803374816282e-01 1 0 0 0 0
P 10013 -211 1.0031893849372864e-01 -1.3672353327274323e-01 -2.2039678692817688e-01 3.1115931272506714e-01 1.3960000084591867e-01 1 0 0 0 0
P 10014 111 -1.3647049665451050e-01 -1.8836438655853271e-02 1.0120545327663422e-01 2.1782220900058746e-01 1.3499986326882754e-01 1 0 0 0 0
P 10015 310 -1.3616831600666046e-01 3.3043548464775085e-01 -1.2548714876174927e+00 1.3964737653732300e+00 4.9770182553599718e-01 1 0 0 0 0
P 10016 310 -4.1950517892837524e-01 6.1233150959014893e-01 -3.0042221546173096e+00 3.1343247890472412e+00 4.9770137246935986e-01 1 0 0 0 0
P 10017 -211 -6.2030887603759766e-01 1.2196598052978516e+00 -3.0894321203231812e-01 1.4097117185592651e+00 1.3959970928426038e-01 1 0 0 0 0
P 10018 211 7.6130926609039307e-03 5.5236965417861938e-02 1.2488607317209244e-01 1.9543226063251495e-01 1.3959998458149070e-01 1 0 0 0 0
P 10019 22 -2.6119887828826904e-02 -1.5539653599262238e-01 9.7363322973251343e-02 1.8522946536540985e-01 7.8996614064233273e-05 1 0 0 0 0
P 10020 211 -8.4006294608116150e-02 1.2390007078647614e-01 4.6102097630500793e-01 5.0441718101501465e-01 1.3959966631490192e-01 1 0 0 0 0
P 10021 -211 6.9512173533439636e-02 -2.0473913848400116e-01 4.5032078027725220e-01 5.1867806911468506e-01 1.3959970320351950e-01 1 0 0 0 0
P 10022 111 8.2590766251087189e-03 5.6585147976875305e-03 1.6468567848205566e+00 1.6524109840393066e+00 1.3499836787099836e-01 1 0 0 0 0
P 10023 211 3.3333289623260498e-01 -4.5032415539026260e-02 2.7032427787780762e+00 2.7276637554168701e+00 1.3960409535164889e-01 1 0 0 0 0
P 10024 -211 -7.1922071278095245e-02 1.6186998784542084e-01 1.8886475563049316e+00 1.9020655155181885e+00 1.3960285127773675e-01 1 0 0 0 0
P 10025 111 -1.3142101466655731e-01 1.3796873390674591e-02 9.9306631088256836e-01 1.0108748674392700e+00 1.3500171480059839e-01 1 0 0 0 0
P 10026 211 5.2106507122516632e-02 2.5322972796857357e-03 1.1888904124498367e-01 1.9064173102378845e-01 1.3960001742683809e-01 1 0 0 0 0
P 10027 -211 -5.7210955768823624e-02 -1.8278082832694054e-02 4.4646340608596802e-01 4.7161942720413208e-01 1.3959989029525963e-01 1 0 0 0 0
P 10028 111 -1.8646341562271118e-01 5.4835159331560135e-02 4.4583639502525330e-01 5.0474804639816284e-01 1.3499999684830641e-01 1 0 0 0 0
P 10029 211 -1.1884393543004990e-01 -3.1844666600227356e-01 4.1173658370971680e+00 4.1337299346923828e+00 1.3960507297574443e-01 1 0 0 0 0
P 10030 -211 2.6818621158599854e-01 8.2923419773578644e-02 9.9237328767776489e-01 1.0407177209854126e+00 1.3960120001239293e-01 1 0 0 0 0
P 10031 -211 3.8442760705947876e-03 3.4110224246978760e-01 2.8501989841461182e+00 2.8739323616027832e+00 1.3959746259786454e-01 1 0 0 0 0
P 10032 211 -1.0241726040840149e-01 -1.6292173415422440e-02 8.6081296205520630e-02 1.9404366612434387e-01 1.3960023159863574e-01 1 0 0 0 0
P 10033 -211 -1.7423824174329638e-03 -5.5822726339101791e-02 -1.8436069786548615e-01 2.3789964616298676e-01 1.3960000735890526e-01 1 0 0 0 0
P 10034 211 4.4216725975275040e-02 -4.7077409923076630e-02 -8.6244590580463409e-02 1.7634539306163788e-01 1.3960002460112192e-01 1 0 0 0 0
P 10035 -2112 -1.7964081466197968e-01 6.1159646511077881e-01 -1.8174694776535034e+00 2.1429803371429443e+00 9.3960010895634172e-01 1 0 0 0 0
P 10036 -211 1.3958092033863068e-01 -9.6688054502010345e-02 -4.6963438391685486e-01 5.1853257417678833e-01 1.3960000974025677e-01 1 0 0 0 0
P 10037 -211 -2.6275146007537842e-01 1.2056369334459305e-01 -2.1328255534172058e-01 3.8542383909225464e-01 1.3959997637136565e-01 1 0 0 0 0
P 10038 211 -1.1310012638568878e-01 -1.9063696265220642e-01 -1.3329765796661377e+00 1.3584731817245483e+00 1.3960205374085685e-01 1 0 0 0 0
P 10039 211 -1.4053179323673248e-01 4.3141528964042664e-01 -5.8127698898315430e+00 5.8321223258972168e+00 1.3960191635751223e-01 1 0 0 0 0
P 10040 111 -2.1839603781700134e-02 -3.2396486401557922e-01 -2.2834389209747314e+00 2.3103566169738770e+00 1.3499700131024236e-01 1 0 0 0 0
P 10041 130 -6.1974120140075684e-01 -1.2462155520915985e-01 -2.1902209520339966e-01 8.3383792638778687e-01 4.9770003070021412e-01 1 0 0 0 0
P 10042 310 1.6139300167560577e-01 1.4405284821987152e-01 -9.3843740224838257e-01 1.0840519666671753e+00 4.9769969301392836e-01 1 0 0 0 0
P 10043 211 2.5685912370681763e-01 1.2128647416830063e-01 1.4579210281372070e+00 1.4918808937072754e+00 1.3959892004079355e-01 1 0 0 0 0
P 10044 -211 9.4191409647464752e-02 -1.0082567483186722e-01 1.6905963420867920e-02 1.9700719416141510e-01 1.3960008809269372e-01 1 0 0 0 0
P 10045 22 -1.8802197277545929e-01 -2.1301825344562531e-01 1.7561428248882294e-02 2.8467079997062683e-01 1.4848022016590494e-04 1 0 0 0 0
P 10046 22 1.4354977011680603e-01 2.1754562854766846e-01 9.4449847936630249e-02 2.7722448110580444e-01 4.6350209803001078e-05 1 0 0 0 0
P 10047 211 -1.7910516262054443e-01 6.4737424254417419e-02 -9.5351733267307281e-02 2.5465643405914307e-01 1.3960069123829891e-01 1 0 0 0 0
P 10048 -211 -4.2354900389909744e-02 5.6838810443878174e-01 1.4334270954132080e+00 1.5488908290863037e+00 1.3960869495973532e-01 1 0 0 0 0
P 10049 321 1.5204398334026337e-01 -4.4655701518058777e-01 6.8140316009521484e-01 9.6461480855941772e-01 4.9359996112986793e-01 1 0 0 0 0
P 10050 -321 3.8898891210556030e-01 1.3948296010494232e-01 -6.0963565111160278e-01 8.8660281896591187e-01 4.9360010290854817e-01 1 0 0 0 0
P 10051 111 8.0277077853679657e-02 -3.7501597404479980e-01 -1.5308113098144531e+01 1.5313510894775391e+01 1.3493668442249290e-01 1 0 0 0 0
P 10052 2212 -3.1525713205337524e-01 4.5614045858383179e-01 -4.3236778259277344e+01 4.3250511169433594e+01 9.3822758332633960e-01 1 0 0 0 0
P 10053 211 3.6709353327751160e-02 2.6864337921142578e-01 -3.2749059796333313e-01 4.4749870896339417e-01 1.3960000341564277e-01 1 0 0 0 0
P 10054 -211 -3.2958811521530151e-01 1.5042166411876678e-01 -3.4325388073921204e-01 5.1823395490646362e-01 1.3960015275074528e-01 1 0 0 0 0
P 10055 111 -1.6617155075073242e-01 -1.2639698386192322e-01 -1.9422471523284912e-01 3.1549549102783203e-01 1.3499993719745573e-01 1 0 0 0 0
P 10056 -321 -1.2563703954219818e-01 -4.6202730387449265e-02 -2.5537297725677490e+00 2.6044375896453857e+00 4.9359907724666202e-01 1 0 0 0 0
P 10057 2112 4.3401622772216797e-01 7.4548572301864624e-02 -8.6524688720703125e+01 8.6530906677246094e+01 9.3921488283752852e-01 1 0 0 0 0
P 10058 211 -2.1989712119102478e-01 -2.7349251508712769e-01 -2.6602286100387573e-01 4.6196264028549194e-01 1.3960092666623825e-01 1 0 0 0 0
P 10059 211 6.6517524421215057e-02 -4.2227697372436523e-01 -1.0133462905883789e+01 1.0143437385559082e+01 1.3967500220869031e-01 1 0 0 0 0
P 10060 130 -7.3657590150833130e-01 -1.1602436006069183e-01 -2.2203302383422852e+01 2.2221393585205078e+01 4.9768506916743011e-01 1 0 0 0 0
P 10061 310 3.1301319599151611e-02 2.9233208298683167e-01 -7.8009176254272461e-01 9.7092080116271973e-01 4.9770093911040075e-01 1 0 0 0 0
P 10062 130 2.8822168707847595e-01 3.4507465362548828e-01 -1.5497846603393555e+01 1.5512352943420410e+01 4.9769090955090078e-01 1 0 0 0 0
P 10063 2212 -8.5394248366355896e-02 -1.3713537156581879e-01 -9.9995452880859375e+01 1.0000000000000000e+02 9.3984299967839091e-01 1 0 0 0 0
P 10064 111 -7.3869444429874420e-02 -5.9064781665802002e-01 -1.4168390035629272e+00 1.5427181720733643e+00 1.3500021586993660e-01 1 0 0 0 0
P 10065 2212 3.5725802183151245e-01 -6.2324941158294678e-01 -8.3854148864746094e+01 8.3862472534179688e+01 9.3805361885241090e-01 1 0 0 0 0
P 10066 2212 -7.9511575400829315e-02 1.0229115188121796e-01 1.8351772308349609e+01 1.8376203536987305e+01 9.3836240595051912e-01 1 0 0 0 0
P 10067 211 1.4913652837276459e-01 1.4822393655776978e-01 2.4227597713470459e+00 2.4358711242675781e+00 1.3961083381759079e-01 1 0 0 0 0
P 10068 -2212 7.9076848924160004e-02 -2.4505361914634705e-01 4.6371827125549316e+00 4.7381615638732910e+00 9.3830009669368586e-01 1 0 0 0 0
P 10069 -211 -1.6269868239760399e-02 1.2626585364341736e-01 3.7943118810653687e-01 4.2386791110038757e-01 1.3960016168983419e-01 1 0 0 0 0
P 10070 22 -1.6628247499465942e-01 1.2820714712142944e-01 -1.2941324710845947e-01 2.4664705991744995e-01 2.2265534254020653e-04 1 0 0 0 0
P 10071 22 -3.3587552607059479e-02 -3.8649302721023560e-01 7.1921192109584808e-02 3.9456015825271606e-01 2.7718888982071900e-04 1 0 0 0 0
P 10072 211 4.7994381189346313e-01 3.4167161583900452e-01 -1.4445275068283081e+00 1.5662802457809448e+00 1.3960134202487096e-01 1 0 0 0 0
P 10073 -211 -1.1739715933799744e-02 -2.3818507790565491e-02 3.2192826271057129e-02 1.4570401608943939e-01 1.3959992835849741e-01 1 0 0 0 0
P 10074 -211 -1.0343517363071442e-01 9.8091296851634979e-02 -1.4953887462615967e+00 1.5086406469345093e+00 1.3960072161379725e-01 1 0 0 0 0
P 10075 211 -1.5113732218742371e-01 1.9736647605895996e-01 -2.5525898933410645e+00 2.5684626102447510e+00 1.3960301074266138e-01 1 0 0 0 0
P 10076 111 8.6098641157150269e-02 3.6560222506523132e-03 -1.4869847297668457e+00 1.4955850839614868e+00 1.3499931222233499e-01 1 0 0 0 0
P 10077 22 -4.5441672205924988e-01 7.0193998515605927e-02 -3.1947295665740967e+00 3.2276492118835449e+00 8.2262693230796653e-04 1 0 0 0 0
P 10078 111 2.9417109489440918e-01 8.4378458559513092e-02 -3.1589791774749756e+00 3.1766381263732910e+00 1.3499624019832945e-01 1 0 0 0 0
P 10079 111 -7.1436607837677002e-01 3.3481726050376892e-01 7.0193815231323242e+00 7.0648660659790039e+00 1.3488539974187716e-01 1 0 0 0 0
P 10080 2112 4.4559711217880249e-01 -3.5440644621849060e-01 5.8072023391723633e+00 5.9102120399475098e+00 9.3959918771156148e-01 1 0 0 0 0
P 10081 -2112 -1.7207030951976776e-01 7.7497079968452454e-02 2.3952946662902832e+00 2.5799026489257812e+00 9.3959946293818131e-01 1 0 0 0 0
P 10082 -211 2.8054758906364441e-02 -2.2922892868518829e-01 4.6529883146286011e-01 5.3788697719573975e-01 1.3959379080966955e-01 1 0 0 0 0
P 10083 111 -5.6481862068176270e-01 -1.2487636804580688e+00 -2.7225644588470459e+00 3.0510675907135010e+00 1.3500150601066946e-01 1 0 0 0 0
P 10084 211 -1.2495021335780621e-02 1.1294692754745483e-02 -5.2321609109640121e-02 1.5003135800361633e-01 1.3960000702715455e-01 1 0 0 0 0
P 10085 211 6.8486824631690979e-02 5.1444578170776367e-01 -7.5650548934936523e-01 9.2797291278839111e-01 1.3960037245009183e-01 1 0 0 0 0
P 10086 2212 2.5931131094694138e-02 -1.8827377259731293e-01 -6.6111679077148438e+01 6.6118614196777344e+01 9.3856990438222010e-01 1 0 0 0 0
P 10087 2112 -3.1638425588607788e-01 -2.8662982583045959e-01 2.3257261514663696e-01 1.0579195022583008e+00 9.3959991353454175e-01 1 0 0 0 0
P 10088 -211 1.5326239168643951e-01 7.5877815485000610e-02 -3.4941267222166061e-02 2.2350803017616272e-01 1.3959994201257481e-01 1 0 0 0 0
P 10089 -2112 1.3699571788311005e-01 -1.8450024724006653e-01 1.7113958299160004e-01 9.8231619596481323e-01 9.3960001279176675e-01 1 0 0 0 0
P 10090 211 -1.9353607296943665e-01 -1.8751785159111023e-01 1.5675732493400574e-01 3.4158480167388916e-01 1.3960000576055856e-01 1 0 0 0 0
P 10091 211 -1.3449513912200928e-01 -2.7783337235450745e-01 -8.5154294967651367e-01 9.1645723581314087e-01 1.3959994516173130e-01 1 0 0 0 0
P 10092 -211 -1.5835763514041901e-01 -3.1743341684341431e-01 -1.1044211387634277e+00 1.1683642864227295e+00 1.3959920954087271e-01 1 0 0 0 0
P 10093 211 2.7800336480140686e-01 -8.1116780638694763e-02 -3.4694677591323853e-01 4.7299683094024658e-01 1.3959990623505100e-01 1 0 0 0 0
P 10094 -211 3.9831691980361938e-01 -5.6558728218078613e-01 -2.8606736660003662e-01 7.6149052381515503e-01 1.3959920221945499e-01 1 0 0 0 0
P 10095 111 6.1701947450637817e-01 -1.9417610764503479e-01 -2.3742668330669403e-01 7.0214933156967163e-01 1.3499948584130342e-01 1 0 0 0 0
P 10096 211 8.4632605314254761e-02 -1.3602945208549500e-01 -4.4555538892745972e-01 4.9363395571708679e-01 1.3960009999151329e-01 1 0 0 0 0
P 10097 -211 4.6265935897827148e-01 6.9746181368827820e-02 -1.2020428180694580e+00 1.2974256277084351e+00 1.3959982341157923e-01 1 0 0 0 0
P 10098 111 6.5138328075408936e-01 1.3743802905082703e-01 -7.9638612270355225e-01 1.0467307567596436e+00 1.3500011272766382e-01 1 0 0 0 0
P 10099 -211 3.5148546099662781e-01 4.0210109949111938e-01 -1.0249979496002197e+00 1.1641889810562134e+00 1.3959893776125490e-01 1 0 0 0 0
P 10100 111 1.1456341743469238e+00 -2.1151706576347351e-02 -1.8117915391921997e+00 2.1479616165161133e+00 1.3500173486079661e-01 1 0 0 0 0
P 10101 -211 3.4223580360412598e-01 2.2854063659906387e-02 -2.6950839161872864e-01 4.5800721645355225e-01 1.3960008480041886e-01 1 0 0 0 0
P 10102 111 -1.1730939149856567e-02 -6.4423173666000366e-02 -1.4448243379592896e+00 1.4525943994522095e+00 1.3500059822789107e-01 1 0 0 0 0
P 10103 211 -3.1131467223167419e-01 2.0484918355941772e-01 -9.6394848823547363e-01 1.0428638458251953e+00 1.3960050073759384e-01 1 0 0 0 0
P 10104 111 8.6815357208251953e-02 9.5966190099716187e-01 -6.0324892997741699e+00 6.1104531288146973e+00 1.3499043328617411e-01 1 0 0 0 0
P 10105 -211 3.1161153316497803e-01 -3.9744857698678970e-02 -6.3192672729492188e+00 6.3286104202270508e+00 1.3960509562488166e-01 1 0 0 0 0
P 10106 111 -3.1048065423965454e-01 -9.8646871745586395e-02 -4.3899798393249512e+00 4.4041204452514648e+00 1.3499801717122667e-01 1 0 0 0 0
P 10107 111 -2.0730620622634888e-01 -3.9470517635345459e-01 -5.5086869001388550e-01 7.2142171859741211e-01 1.3499978906004340e-01 1 0 0 0 0
P 10108 111 -7.4828088283538818e-02 -1.6717840731143951e-01 -3.5574868321418762e-01 4.2229130864143372e-01 1.3499985584476584e-01 1 0 0 0 0
P 10109 111 4.7265820205211639e-02 -1.8862012028694153e-01 -5.6726008653640747e-01 6.1467105150222778e-01 1.3499958607651427e-01 1 0 0 0 0
P 10110 111 2.0337685942649841e-02 -5.7562994956970215e-01 -8.0620604753494263e-01 9.9997836351394653e-01 1.3500028186265661e-01 1 0 0 0 0
P 10111 2112 -4.7436375170946121e-02 -3.0094632506370544e-01 -2.6480191946029663e-01 1.0226373672485352e+00 9.3960003623054944e-01 1 0 0 0 0
P 10112 -2212 -2.4668488651514053e-02 -1.4111426472663879e-01 -1.5701168775558472e+00 1.8347195386886597e+00 9.3830006203693439e-01 1 0 0 0 0
P 10113 111 -8.4364209324121475e-03 1.7706258222460747e-02 3.4415337443351746e-01 3.7020435929298401e-01 1.3500013973015967e-01 1 0 0 0 0
P 10114 321 -6.0102003812789917e-01 6.1375784873962402e-01 -6.0193004608154297e+00 6.1002902984619141e+00 4.9359893113230641e-01 1 0 0 0 0
P 10115 -321 2.9284983873367310e-01 2.8458468616008759e-02 -6.5108003616333008e+00 6.5361099243164062e+00 4.9359971760606708e-01 1 0 0 0 0
P 10116 -211 1.0640461742877960e-01 2.1842500567436218e-01 -9.9802929162979126e-01 1.0366206169128418e+00 1.3960089807622184e-01 1 0 0 0 0
P 10117 2112 2.3372041061520576e-02 -2.4540816247463226e-01 -1.0988732337951660e+01 1.1031584739685059e+01 9.3960207279206454e-01 1 0 0 0 0
P 10118 310 5.6791836023330688e-01 -8.7324810028076172e-01 -7.6051509380340576e-01 1.3824551105499268e+00 4.9770012683217163e-01 1 0 0 0 0
P 10119 111 8.0569833517074585e-02 4.0425741672515869e-01 -2.9118984937667847e-02 4.3472802639007568e-01 1.3499994294421935e-01 1 0 0 0 0
P 10120 321 -5.1070708036422729e-01 -6.4317196607589722e-02 -3.2945401668548584e+00 3.3708448410034180e+00 4.9360065577925255e-01 1 0 0 0 0
P 10121 111 -2.1778553724288940e-01 -1.7149862647056580e-01 -3.6136046051979065e-01 4.7502499818801880e-01 1.3500017541835813e-01 1 0 0 0 0
P 10122 -321 -1.1301307678222656e+00 4.7285228967666626e-01 -2.2008857727050781e+00 2.5667731761932373e+00 4.9360056047221146e-01 1 0 0 0 0
P 10123 211 4.3368354439735413e-02 -6.8272560834884644e-02 -3.9836639165878296e-01 4.2979750037193298e-01 1.3959997347048217e-01 1 0 0 0 0
P 10124 2112 1.8916052579879761e-01 -7.7947720885276794e-02 -2.4639914035797119e+00 2.6449875831604004e+00 9.3959998214468421e-01 1 0 0 0 0
P 10125 111 3.4985208511352539e-01 2.7765429019927979e-01 -8.2145315408706665e-01 9.4472151994705200e-01 1.3500029469275546e-01 1 0 0 0 0
P 10126 -2112 4.1841220855712891e-01 1.6596165299415588e-01 -5.7729649543762207e-01 1.1911051273345947e+00 9.3959998626223584e-01 1 0 0 0 0
P 10127 111 1.8930530548095703e-01 -3.1023511290550232e-01 -2.6290807127952576e-01 4.6843135356903076e-01 1.3499983370310453e-01 1 0 0 0 0
P 10128 321 -5.1603513956069946e-01 1.8234357237815857e-01 3.9637953042984009e-02 7.3807418346405029e-01 4.9359992840926087e-01 1 0 0 0 0
P 10129 -211 5.2526459097862244e-02 6.4397931098937988e-02 -2.7934473752975464e-01 3.2315284013748169e-01 1.3959997588886011e-01 1 0 0 0 0
P 10130 130 7.8352928161621094e-01 -2.3315700888633728e-01 8.8036753237247467e-02 9.6111261844635010e-01 4.9770138584637702e-01 1 0 0 0 0
P 10131 -211 2.8123024106025696e-01 6.5510809421539307e-02 -6.5861320495605469e-01 7.3255825042724609e-01 1.3959986349802145e-01 1 0 0 0 0
P 10132 211 4.9248345196247101e-02 4.3078911304473877e-01 -8.2256114482879639e-01 9.4026565551757812e-01 1.3959945036209623e-01 1 0 0 0 0
P 10133 111 9.0695276856422424e-02 4.8106700181961060e-01 -3.4032148122787476e-01 6.1130583286285400e-01 1.3500006378976473e-01 1 0 0 0 0
P 10134 -211 -7.2332240641117096e-02 -2.1028651297092438e-01 -2.2636108398437500e+00 2.2787880897521973e+00 1.3960212449925560e-01 1 0 0 0 0
P 10135 111 8.8738821446895599e-02 -3.1292974948883057e-01 -3.6178010702133179e-01 5.0488561391830444e-01 1.3500011391984312e-01 1 0 0 0 0
P 10136 321 3.7726876139640808e-01 1.0681005567312241e-01 -1.8276450634002686e+00 1.9333046674728394e+00 4.9359938531406111e-01 1 0 0 0 0
P 10137 -321 7.0227456092834473e-01 4.3288990855216980e-04 -2.4336469173431396e+00 2.5805945396423340e+00 4.9360015540646957e-01 1 0 0 0 0
P 10138 211 3.1323859095573425e-01 -4.3642453849315643e-02 -1.1221048831939697e+00 1.1741509437561035e+00 1.3959939539150135e-01 1 0 0 0 0
P 10139 130 -2.5107877328991890e-02 3.3482456207275391e-01 -1.3841286897659302e+00 1.5087264776229858e+00 4.9770017236920072e-01 1 0 0 0 0
P 10140 -211 -4.0600556135177612e-01 -4.9657389521598816e-02 -1.8478460311889648e+00 1.8977168798446655e+00 1.3959953038564796e-01 1 0 0 0 0
P 10141 211 9.9381268024444580e-02 -1.0410802066326141e-01 -3.2179871201515198e-01 3.7915390729904175e-01 1.3959999271114260e-01 1 0 0 0 0
P 10142 211 1.3147240877151489e-01 -2.9055890440940857e-01 -1.6502438783645630e+00 1.6865655183792114e+00 1.3960271668647231e-01 1 0 0 0 0
P 10143 111 -4.3633216619491577e-01 -8.4712028503417969e-01 -1.7765812873840332e+00 2.0205109119415283e+00 1.3499902969629152e-01 1 0 0 0 0
P 10144 211 2.1807539463043213e-01 1.0436831414699554e-01 -1.0271037817001343e+00 1.0643684864044189e+00 1.3960112365956090e-01 1 0 0 0 0
P 10145 -211 -2.0121622085571289e-01 1.5283216536045074e-01 -2.3637104034423828e+00 2.3812732696533203e+00 1.3960614284279782e-01 1 0 0 0 0
P 10146 111 -4.8163674771785736e-02 1.2073339521884918e-01 -2.7129592895507812e+00 2.7194247245788574e+00 1.3500530953381595e-01 1 0 0 0 0
P 10147 310 2.1853914856910706e-01 1.4912043511867523e-01 -6.4413082599639893e-01 8.5592395067214966e-01 4.9769973348207053e-01 1 0 0 0 0
P 10148 130 -1.3702745735645294e-01 8.4744110703468323e-02 -2.5394144058227539e+00 2.5927374362945557e+00 4.9769850380992614e-01 1 0 0 0 0
E 23 -1 -1.0000000000000000e+00 -1.0000000000000000e+00 -1.0000000000000000e+00 0 0 1 0 0 0 0
U GEV MM
H 1 1 1 1 0 0 0 0 0 7.0420250892639160e+00 4.5179300308227539e+00 1.0000000000000000e+00 4.2000000000000000e+01
V -1 0 0 0 0 0 2 10 0
P 10001 2212 0 0 1.0000000000000000e+02 1.0000000000000000e+02 0 101 0 0 -1 0
P 10002 3000001 0 0 -1.0000000000000000e+02 1.0000000000000000e+02 0 102 0 0 -1 0
P 10003 2212 7.9167115688323975e-01 2.3452512919902802e-01 9.9246078491210938e+01 9.9253952026367188e+01 9.3869681576652597e-01 1 0 0 0 0
P 10004 111 -1.0115201473236084e+00 -1.7232145369052887e-01 1.3237343169748783e-02 1.0350213050842285e+00 1.3500438096770934e-01 1 0 0 0 0
P 10005 111 2.1657417714595795e-01 -5.3411853313446045e-01 -7.7382836341857910e+00 7.7608919143676758e+00 1.3499156175760768e-01 1 0 0 0 0
P 10006 2112 3.2882913947105408e-01 -1.7496567964553833e-01 -5.3560252189636230e+00 5.4505591392517090e+00 9.3959948503971968e-01 1 0 0 0 0
P 10007 -2212 -3.8500251248478889e-03 2.7091553807258606e-01 -7.5323591232299805e+00 7.5954098701477051e+00 9.3830010272227649e-01 1 0 0 0 0
P 10008 3122 -4.1617333889007568e-02 -2.6074951887130737e-01 -6.7733604431152344e+01 6.7743301391601562e+01 1.1153438409182779e+00 1 0 0 0 0
P 10009 211 1.0393822938203812e-01 4.4082567095756531e-01 -1.0617439746856689e+00 1.1627204418182373e+00 1.3959989376218662e-01 1 0 0 0 0
P 10010 -211 -5.2778657525777817e-02 -1.7892627418041229e-01 -1.9799712300300598e-01 3.0576330423355103e-01 1.3959992555887765e-01 1 0 0 0 0
P 10011 211 -3.6348706483840942e-01 2.9202088713645935e-02 -4.6430697441101074e+00 4.6594591140747070e+00 1.3959576918042257e-01 1 0 0 0 0
P 10012 310 3.2240509986877441e-02 3.4561306238174438e-01 -4.9961528778076172e+00 5.0328655242919922e+00 4.9769867169651250e-01 1 0 0 0 0
E 24 -1 -1.0000000000000000e+00 -1.0000000000000000e+00 -1.0000000000000000e+00 0 0 1 0 0 0 0
U GEV MM
H 1 1 2 2 0 0 0 1 0 7.0478878021240234e+00 1.7491391897201538e+00 5.9339761734008789e-01 4.2000000000000000e+01
V -1 0 0 0 0 0 2 57 0
P 10001 2212 0 0 1.0000000000000000e+02 1.0000000000000000e+02 0 101 0 0 -1 0
P 10002 3000001 0 0 -1.0000000000000000e+02 1.0000000000000000e+02 0 102 0 0 -1 0
P 10003 111 1.3344568014144897e-01 -7.5506381690502167e-02 6.9394320249557495e-01 7.2338861227035522e-01 1.3499982536362826e-01 1 0 0 0 0
P 10004 -2212 -2.1630930900573730e+00 -1.7387330532073975e-01 3.9439969062805176e+00 4.5983390808105469e+00 9.3830009208257970e-01 1 0 0 0 0
P 10005 2112 -4.5610159635543823e-01 -1.6577081382274628e-01 2.0810327529907227e+00 2.3343207836151123e+00 9.3959968757119716e-01 1 0 0 0 0
P 10006 211 -3.3858171105384827e-01 1.6651852056384087e-02 3.1896612048149109e-01 4.8594483733177185e-01 1.3959992721104772e-01 1 0 0 0 0
P 10007 -211 -4.4759145379066467e-01 -1.1077394485473633e+00 8.0400002002716064e-01 1.4468342065811157e+00 1.3960083722913239e-01 1 0 0 0 0
P 10008 211 -3.2947486639022827e-01 6.9053781032562256e-01 6.6773009300231934e-01 1.0250599384307861e+00 1.3960030516684691e-01 1 0 0 0 0
P 10009 111 -4.8832198977470398e-01 -7.5086668133735657e-02 1.5694153308868408e-01 5.3567916154861450e-01 1.3500054029613459e-01 1 0 0 0 0
P 10010 211 2.0053003728389740e-01 4.3405738472938538e-01 -6.7398357391357422e-01 8.3806890249252319e-01 1.3959770173077002e-01 1 0 0 0 0
P 10011 2212 1.9888436794281006e+00 6.2484037876129150e-01 4.9826015472412109e+01 4.9878437042236328e+01 9.3847708504280680e-01 1 0 0 0 0
P 10012 -211 8.5987013578414917e-01 4.4160252809524536e-01 1.8535728454589844e+01 1.8561441421508789e+01 1.3960250204442157e-01 1 0 0 0 0
P 10013 22 1.9361922144889832e-01 -2.0678406953811646e-01 1.6539555788040161e+00 1.6780397891998291e+00 6.5050108134067112e-04 1 0 0 0 0
P 10014 22 -3.3507409691810608e-01 -1.3410101830959320e-01 1.3101974725723267e+00 1.3589978218078613e+00 -2.6644615826982508e-04 1 0 0 0 0
P 10015 211 -2.8126391768455505e-01 1.7016768455505371e-01 2.5326592922210693e+00 2.5577173233032227e+00 1.3960079940165709e-01 1 0 0 0 0
P 10016 111 6.4042091369628906e-01 3.2949024438858032e-01 3.4595658779144287e+00 3.5363152027130127e+00 1.3500511643085272e-01 1 0 0 0 0
P 10017 211 -1.5090140700340271e-01 -3.0950218439102173e-01 4.4058328866958618e-01 5.7633727788925171e-01 1.3960009617283231e-01 1 0 0 0 0
P 10018 -211 1.6089816391468048e-01 -7.3150992393493652e-03 3.7815788388252258e-01 4.3408903479576111e-01 1.3960005429587463e-01 1 0 0 0 0
P 10019 111 1.7705586552619934e-01 -3.9795258641242981e-01 3.2431760430335999e-01 5.5957299470901489e-01 1.3499995332210463e-01 1 0 0 0 0
P 10020 -211 -3.1441843509674072e-01 -2.7247452735900879e-01 5.2880430221557617e-01 6.8718522787094116e-01 1.3960023987850567e-01 1 0 0 0 0
P 10021 211 1.3395930826663971e-01 -1.8365842103958130e-01 9.7985202074050903e-01 1.0155164003372192e+00 1.3959965943574384e-01 1 0 0 0 0
P 10022 111 -1.3667382299900055e-01 -1.2832002341747284e-01 5.1013988256454468e-01 5.6001204252243042e-01 1.3500009512646305e-01 1 0 0 0 0
P 10023 -211 7.9471611976623535e-01 -1.1857916116714478e+00 8.2826048135757446e-01 1.6562545299530029e+00 1.3960009199313173e-01 1 0 0 0 0
P 10024 111 -1.3215613365173340e-01 -1.0803258419036865e-01 -8.6135268211364746e-03 2.1779687702655792e-01 1.3500001440592235e-01 1 0 0 0 0
P 10025 22 -2.3383769392967224e-01 1.6817103326320648e-01 -1.9210685789585114e-01 3.4621766209602356e-01 2.4731651386797614e-04 1 0 0 0 0
P 10026 -211 4.2288655042648315e-01 8.6239188909530640e-01 -4.1228741407394409e-01 1.0545238256454468e+00 1.3959506488822260e-01 1 0 0 0 0
P 10027 211 7.1813151240348816e-02 4.5280486345291138e-01 -1.8716636300086975e-01 5.1449817419052124e-01 1.3959853419261845e-01 1 0 0 0 0
P 10028 111 1.0267402231693268e-01 3.1052610278129578e-01 -3.5509496927261353e-02 3.5560378432273865e-01 1.3499893216373152e-01 1 0 0 0 0
P 10029 -211 -2.6455339789390564e-01 1.6169905662536621e-02 3.1478586792945862e-01 4.3454381823539734e-01 1.3960021895451663e-01 1 0 0 0 0
P 10030 211 1.2098568677902222e-01 2.9624396562576294e-01 -7.1421772241592407e-02 3.5635280609130859e-01 1.3960024815146282e-01 1 0 0 0 0
P 10031 111 4.7287244349718094e-02 3.4959578514099121e-01 1.8063917756080627e-01 4.1869780421257019e-01 1.3499645297579949e-01 1 0 0 0 0
P 10032 211 6.0372447967529297e-01 -2.2326323390007019e-01 -7.5836634635925293e-01 1.0044587850570679e+00 1.3960020278394231e-01 1 0 0 0 0
P 10033 -211 -4.1632193326950073e-01 2.9702809453010559e-01 -3.6264386028051376e-02 5.3136873245239258e-01 1.3959936630454628e-01 1 0 0 0 0
P 10034 111 -1.1338542401790619e-01 -8.1455790996551514e-01 -1.6605192422866821e+00 1.8579316139221191e+00 1.3499957385045705e-01 1 0 0 0 0
P 10035 -211 -4.8557659983634949e-01 2.0494873821735382e-01 -1.5199769020080566e+01 1.5209545135498047e+01 1.3962931406354820e-01 1 0 0 0 0
P 10036 321 -4.7083277255296707e-02 5.6895583868026733e-01 -9.6669454574584961e+00 9.6963605880737305e+00 4.9360570813821159e-01 1 0 0 0 0
P 10037 2112 8.7426438927650452e-02 6.3979655504226685e-01 -4.4478763580322266e+01 4.4493373870849609e+01 9.3964129482102243e-01 1 0 0 0 0
P 10038 -211 -4.7107011079788208e-02 1.2192095816135406e-01 1.0149636268615723e+00 1.0328221321105957e+00 1.3959442035277042e-01 1 0 0 0 0
P 10039 111 -2.7180790901184082e-01 3.3280259370803833e-01 4.2997336387634277e-01 6.2268650531768799e-01 1.3499734990521270e-01 1 0 0 0 0
P 10040 211 8.4675177931785583e-02 -1.3248406350612640e-01 6.9765865802764893e-02 2.2153510153293610e-01 1.3960162011640131e-01 1 0 0 0 0
P 10041 130 2.9029062390327454e-01 4.2094758152961731e-01 6.2040388584136963e-01 9.4555330276489258e-01 4.9769926067931747e-01 1 0 0 0 0
P 10042 -211 2.9220813512802124e-01 -7.9511135816574097e-01 1.3398040831089020e-01 8.6892271041870117e-01 1.3960036085578012e-01 1 0 0 0 0
P 10043 111 -9.2550367116928101e-02 -1.4087557792663574e-03 -2.3859700560569763e-01 2.8934600949287415e-01 1.3500010029300469e-01 1 0 0 0 0
P 10044 211 6.8481874465942383e-01 -1.0644615441560745e-01 -1.2537028789520264e+00 1.4392937421798706e+00 1.3959968036767181e-01 1 0 0 0 0
P 10045 -211 -2.7560830116271973e-02 1.0285368561744690e-01 -3.7280949950218201e-01 4.1208437085151672e-01 1.3959987743272667e-01 1 0 0 0 0
P 10046 211 8.6245335638523102e-02 -2.7683529257774353e-01 -1.7819498777389526e+00 1.8107759952545166e+00 1.3960050530034113e-01 1 0 0 0 0
P 10047 111 1.3304603099822998e-01 3.8721002638339996e-02 -1.8831632137298584e+00 1.8930740356445312e+00 1.3500019435690966e-01 1 0 0 0 0
P 10048 111 -1.4162227511405945e-01 -3.7766702473163605e-02 -2.4108843803405762e+00 2.4191057682037354e+00 1.3500381388035620e-01 1 0 0 0 0
P 10049 310 -1.5238910913467407e-01 -1.0953507423400879e+00 2.1493372917175293e+00 2.4678704738616943e+00 4.9771296232151607e-01 1 0 0 0 0
P 10050 310 -1.6083660721778870e-01 2.4794172495603561e-02 -1.7357320785522461e+01 1.7365219116210938e+01 4.9776192831176969e-01 1 0 0 0 0
P 10051 -211 4.5043727755546570e-01 3.1810602545738220e-01 -5.4171764850616455e-01 7.8551387786865234e-01 1.3960249703113226e-01 1 0 0 0 0
P 10052 2112 2.4658650159835815e-01 5.4503017663955688e-01 -5.3397941589355469e+01 5.3409557342529297e+01 9.3956731982777197e-01 1 0 0 0 0
P 10053 -211 1.0173354297876358e-02 2.1145547926425934e-01 -1.9741449356079102e+00 1.9903651475906372e+00 1.3960041944274945e-01 1 0 0 0 0
P 10054 211 -6.9807030260562897e-02 -1.4193698763847351e-01 -7.3734974861145020e-01 7.6693671941757202e-01 1.3959996375334602e-01 1 0 0 0 0
P 10055 111 1.4647182822227478e-01 -9.9825985729694366e-02 -4.9483910202980042e-01 5.4268771409988403e-01 1.3499997869487806e-01 1 0 0 0 0
P 10056 2212 -9.3877732753753662e-01 -3.9105141162872314e-01 -1.5156148910522461e+01 1.5219182014465332e+01 9.3831088358737791e-01 1 0 0 0 0
P 10057 211 -1.5947991609573364e-01 1.2278486788272858e-01 -2.0106184482574463e+00 2.0254836082458496e+00 1.3959704646074722e-01 1 0 0 0 0
P 10058 -2212 3.6475673317909241e-02 -4.8773172497749329e-01 -2.1296979904174805e+01 2.1323246002197266e+01 9.3821869577548633e-01 1 0 0 0 0
P 10059 111 -5.2488143555819988e-03 2.2274388000369072e-02 -5.9577941894531250e-01 6.1131161451339722e-01 1.3500027995242009e-01 1 0 0 0 0
E 25 -1 -1.0000000000000000e+00 -1.0000000000000000e+00 -1.0000000000000000e+00 0 0 1 0 0 0 0
U GEV MM
H 1 1 6 6 0 0 0 5 0 1.0466489791870117e+00 5.6764793395996094e+00 6.8108618259429932e-01 4.2000000000000000e+01
V -1 0 0 0 0 0 2 89 0
P 10001 2212 0 0 1.0000000000000000e+02 1.0000000000000000e+02 0 101 0 0 -1 0
P 10002 3000001 0 0 -1.0000000000000000e+02 1.0000000000000000e+02 0 102 0 0 -1 0
P 10003 2112 -6.3297736644744873e-01 1.8436966836452484e-01 4.1415935516357422e+01 4.1431838989257812e+01 9.3963546956259314e-01 1 0 0 0 0
P 10004 211 2.7847433090209961e-01 -1.2647236883640289e-01 1.2627840042114258e+00 1.3067728281021118e+00 1.3960146819889133e-01 1 0 0 0 0
P 10005 -2212 4.6462523937225342e-01 -5.0773948431015015e-01 2.1981607437133789e+01 2.2012386322021484e+01 9.3830169597724955e-01 1 0 0 0 0
P 10006 2212 -3.8598215579986572e-01 5.5564689636230469e-01 7.7378864288330078e+00 7.8238749504089355e+00 9.3830014179121346e-01 1 0 0 0 0
P 10007 22 -5.6399148702621460e-01 -3.3551567792892456e-01 1.2827872037887573e+00 1.4409025907516479e+00 3.1345890578265013e-04 1 0 0 0 0
P 10008 111 4.8265188932418823e-02 -7.6748299598693848e-01 1.6090778112411499e+00 1.7884953022003174e+00 1.3499765098780742e-01 1 0 0 0 0
P 10009 2212 -1.7469452321529388e-01 5.3628623485565186e-02 -9.9995414733886719e+01 1.0000000000000000e+02 9.4002020844888157e-01 1 0 0 0 0
P 10010 111 -1.7835639417171478e-01 3.9327061176300049e-01 2.8945043087005615e+00 2.9296498298645020e+00 1.3498205480955291e-01 1 0 0 0 0
P 10011 -321 -1.2063314765691757e-01 -6.9749049842357635e-02 4.7459214925765991e-01 6.9878143072128296e-01 4.9359952746771429e-01 1 0 0 0 0
P 10012 321 -5.4507613182067871e-02 -3.1443879008293152e-01 1.1527663469314575e-01 5.9897631406784058e-01 4.9360013138622200e-01 1 0 0 0 0
P 10013 -211 -1.4465822279453278e-01 -2.2080317139625549e-01 -3.4469226002693176e-01 4.5604929327964783e-01 1.3960000665356515e-01 1 0 0 0 0
P 10014 111 -6.4047031104564667e-02 -2.2256332635879517e-01 1.1663349866867065e+00 1.1967455148696899e+00 1.3500396200867126e-01 1 0 0 0 0
P 10015 -211 -3.2289560884237289e-02 1.7876096069812775e-02 9.0033155679702759e-01 9.1183674335479736e-01 1.3959643195486479e-01 1 0 0 0 0
P 10016 211 -9.4384811818599701e-02 5.9265173971652985e-02 1.3147717714309692e+00 1.3268504142761230e+00 1.3959354342184982e-01 1 0 0 0 0
P 10017 211 6.0431182384490967e-01 2.5281354784965515e-02 4.7081276774406433e-01 7.7909207344055176e-01 1.3959895876598580e-01 1 0 0 0 0
P 10018 111 2.8013613820075989e-01 4.6536922454833984e-02 1.2113896608352661e+00 1.2515314817428589e+00 1.3499703084620929e-01 1 0 0 0 0
P 10019 -211 -8.4615103900432587e-02 -1.5826673805713654e-01 2.0072355270385742e+00 2.0200719833374023e+00 1.3960043221837290e-01 1 0 0 0 0
P 10020 111 -1.7800966277718544e-02 1.9495087862014771e-01 2.2330811619758606e-01 3.2621183991432190e-01 1.3499974172339940e-01 1 0 0 0 0
P 10021 22 -1.0154806077480316e-01 1.1009939014911652e-02 -1.9127482175827026e-01 2.1683928370475769e-01 -9.9424850292373948e-05 1 0 0 0 0
P 10022 130 2.7915951609611511e-01 -9.4076555967330933e-01 -3.3818621635437012e+00 3.5563557147979736e+00 4.9769910917468135e-01 1 0 0 0 0
P 10023 310 1.8420836329460144e-01 -8.6722397804260254e-01 -2.4833407402038574e+00 2.6834115982055664e+00 4.9770113946845396e-01 1 0 0 0 0
P 10024 310 3.3952149748802185e-01 2.5050812959671021e-01 -8.3595962524414062e+00 8.3850212097167969e+00 4.9769670816429806e-01 1 0 0 0 0
P 10025 111 5.7384013198316097e-03 -4.6378076076507568e-01 -2.8516819477081299e+00 2.8923072814941406e+00 1.3500354215372648e-01 1 0 0 0 0
P 10026 111 -2.0444719120860100e-02 -3.4722477197647095e-02 -7.1281355619430542e-01 7.2660297155380249e-01 1.3500027930997668e-01 1 0 0 0 0
P 10027 111 1.2594450265169144e-02 -8.7362945079803467e-02 -1.5249657630920410e+00 1.5334720611572266e+00 1.3500029406043301e-01 1 0 0 0 0
P 10028 211 1.3721503317356110e-02 2.5487110018730164e-02 -3.7836432456970215e-02 1.4750459790229797e-01 1.3959992246005248e-01 1 0 0 0 0
P 10029 211 -6.5847396850585938e-02 -4.7258637845516205e-02 -3.6965665817260742e+00 3.7000892162322998e+00 1.3959389822463589e-01 1 0 0 0 0
P 10030 -211 1.4404396712779999e-01 -6.0991164296865463e-02 -6.4461846351623535e+00 6.4495921134948730e+00 1.3954745882265149e-01 1 0 0 0 0
P 10031 111 -8.4016151726245880e-02 -1.6757839918136597e-01 -4.4540095329284668e+00 4.4599962234497070e+00 1.3499688938977164e-01 1 0 0 0 0
P 10032 3122 -4.4978141784667969e-01 1.3251891136169434e+00 -5.0940818786621094e+01 5.0972244262695312e+01 1.1154537255385530e+00 1 0 0 0 0
P 10033 211 -8.2312509417533875e-02 5.0757282972335815e-01 -1.0330641746520996e+01 1.0344372749328613e+01 1.3958207409994736e-01 1 0 0 0 0
P 10034 310 5.0551831722259521e-02 3.4078371524810791e-01 2.1182091236114502e+00 2.2029998302459717e+00 4.9770406110882098e-01 1 0 0 0 0
P 10035 111 2.9736928641796112e-02 1.9448257982730865e-01 1.4146244525909424e+00 1.4346052408218384e+00 1.3498924528986958e-01 1 0 0 0 0
P 10036 111 -8.1845507025718689e-02 3.0710679292678833e-01 2.2541058063507080e+00 2.2804005146026611e+00 1.3498241179513784e-01 1 0 0 0 0
P 10037 111 -3.1145149469375610e-01 4.6293541789054871e-01 2.7907443046569824e+00 2.8491718769073486e+00 1.3496434899590562e-01 1 0 0 0 0
P 10038 211 -1.6059216856956482e-01 -1.7295433580875397e-01 -3.7576842308044434e-01 4.6518078446388245e-01 1.3960017037649519e-01 1 0 0 0 0
P 10039 -211 6.1230099201202393e-01 -3.1840816140174866e-01 -4.3953430652618408e-01 8.3004510402679443e-01 1.3960016489692209e-01 1 0 0 0 0
P 10040 130 9.7782015800476074e-03 -3.4914851188659668e-01 -2.0279188156127930e+00 2.1171112060546875e+00 4.9769954742512623e-01 1 0 0 0 0
P 10041 2112 2.7829816937446594e-01 -3.0119789764285088e-02 -9.9995445251464844e+01 1.0000024414062500e+02 9.3882909684831650e-01 1 0 0 0 0
P 10042 111 2.7132549881935120e-01 -9.7412513568997383e-03 3.3916270732879639e-01 4.5493772625923157e-01 1.3499842385654978e-01 1 0 0 0 0
P 10043 211 1.7110635340213776e-01 2.5951836723834276e-03 -9.4301146268844604e-01 9.6852618455886841e-01 1.3960025881597105e-01 1 0 0 0 0
P 10044 2112 3.6433983594179153e-02 1.4865756034851074e-01 -6.8902215957641602e+00 6.9556760787963867e+00 9.3960074978479935e-01 1 0 0 0 0
P 10045 -2212 -3.0505098402500153e-03 1.3236831128597260e-01 -3.1076970100402832e+00 3.2489566802978516e+00 9.3830066012751701e-01 1 0 0 0 0
P 10046 111 -2.9804790019989014e-01 -2.7132928371429443e-01 -5.7562738656997681e-03 4.2510065436363220e-01 1.3500111346613256e-01 1 0 0 0 0
P 10047 111 -1.0490834712982178e-02 -1.0029000043869019e-01 9.2279560863971710e-02 1.9211664795875549e-01 1.3500054543850312e-01 1 0 0 0 0
P 10048 111 -2.0731842517852783e-01 -7.8034698963165283e-02 -3.3586274832487106e-02 2.6157891750335693e-01 1.3500055023713045e-01 1 0 0 0 0
P 10049 211 -2.7240332961082458e-01 -2.6541894301772118e-02 -6.6001410484313965e+00 6.6072888374328613e+00 1.3962763315193577e-01 1 0 0 0 0
P 10050 111 2.5693777203559875e-01 -1.8011523783206940e-01 -2.3642967224121094e+01 2.3645435333251953e+01 1.3510892101444341e-01 1 0 0 0 0
P 10051 2112 -4.4280439615249634e-03 1.3403460383415222e-02 -4.0332492828369141e+01 4.0343441009521484e+01 9.3971031598473365e-01 1 0 0 0 0
P 10052 -211 -1.2821717560291290e-01 1.3536433875560760e-01 -1.0136669158935547e+01 1.0139344215393066e+01 1.3955763033032603e-01 1 0 0 0 0
P 10053 211 -1.3662643730640411e-01 1.4910779893398285e-01 -2.6279929280281067e-01 3.5979381203651428e-01 1.3960014257919412e-01 1 0 0 0 0
P 10054 -211 -3.5126946866512299e-02 2.3553095757961273e-01 -2.8419131040573120e-01 3.9618352055549622e-01 1.3959923594020318e-01 1 0 0 0 0
P 10055 211 6.6562294960021973e-02 5.1773869991302490e-01 -3.6858785152435303e+00 3.7252748012542725e+00 1.3959948147551887e-01 1 0 0 0 0
P 10056 -211 1.9077871739864349e-01 1.0575883835554123e-01 -1.5383431911468506e+00 1.5599901676177979e+00 1.3959977941868038e-01 1 0 0 0 0
P 10057 111 1.8581585586071014e-01 -1.9917160272598267e-02 -3.1427257061004639e+00 3.1511700153350830e+00 1.3499398579075605e-01 1 0 0 0 0
P 10058 211 2.3013605177402496e-01 1.8498438596725464e-01 -4.3707041740417480e+00 4.3828902244567871e+00 1.3960629382333725e-01 1 0 0 0 0
P 10059 -211 1.5951411426067352e-01 3.7034606933593750e-01 -5.3259658813476562e+00 5.3430333137512207e+00 1.3961181488357585e-01 1 0 0 0 0
P 10060 211 -1.4424254000186920e-01 1.6762854531407356e-02 -5.1043210029602051e+00 5.1082949638366699e+00 1.3963392374412342e-01 1 0 0 0 0
P 10061 -211 -6.1872240155935287e-02 9.4930157065391541e-02 -1.4318463802337646e+00 1.4430913925170898e+00 1.3960229849828795e-01 1 0 0 0 0
P 10062 111 3.1531020998954773e-01 -5.8919303119182587e-03 -4.6931385993957520e+00 4.7056598663330078e+00 1.3501711414634648e-01 1 0 0 0 0
P 10063 2112 1.1587131768465042e-01 -1.9046041369438171e-01 -3.8573875427246094e+01 3.8585968017578125e+01 9.3987288790309997e-01 1 0 0 0 0
P 10064 111 -9.9401764571666718e-02 5.4758597165346146e-02 -2.2491418838500977e+01 2.2492111206054688e+01 1.3515147757519641e-01 1 0 0 0 0
P 10065 310 -2.4192287027835846e-01 -1.1503879725933075e-01 -7.9492697715759277e+00 7.9693388938903809e+00 4.9770664486679561e-01 1 0 0 0 0
P 10066 130 -3.7277626991271973e-01 4.1021391749382019e-02 -8.4304447174072266e+00 8.4534473419189453e+00 4.9772374601376479e-01 1 0 0 0 0
P 10067 -211 -5.0272081047296524e-02 3.1882208585739136e-01 -3.4001331329345703e+00 3.4182698726654053e+00 1.3960227838121270e-01 1 0 0 0 0
P 10068 -211 5.7707909494638443e-02 1.0669795423746109e-01 -6.4308367669582367e-02 1.9580186903476715e-01 1.3959996242292186e-01 1 0 0 0 0
P 10069 211 -2.6060548424720764e-01 -1.2809433043003082e-01 -3.0361643433570862e-01 4.4271263480186462e-01 1.3960000682822327e-01 1 0 0 0 0
P 10070 111 1.2697562575340271e-01 -1.5216383337974548e-01 -2.6239499449729919e-01 3.5546132922172546e-01 1.3499993226128335e-01 1 0 0 0 0
P 10071 2212 -2.1368449926376343e-01 -1.9203627109527588e-01 -5.9005210876464844e+01 5.9013374328613281e+01 9.3856277270422361e-01 1 0 0 0 0
P 10072 111 4.2202003300189972e-02 8.4039546549320221e-02 -3.3777603149414062e+01 3.3778007507324219e+01 1.3591538204969683e-01 1 0 0 0 0
P 10073 -211 1.6578033566474915e-01 8.2838475704193115e-02 5.6010846048593521e-02 2.3868575692176819e-01 1.3960065519949064e-01 1 0 0 0 0
P 10074 211 -2.6193311810493469e-01 -1.9336764514446259e-01 -1.7628597021102905e+00 1.7980997562408447e+00 1.3960085787743109e-01 1 0 0 0 0
P 10075 321 5.6445986032485962e-02 -1.7464314401149750e-01 8.7672257423400879e-01 1.0227210521697998e+00 4.9358839258069581e-01 1 0 0 0 0
P 10076 111 -3.5587519407272339e-01 7.8264392912387848e-02 8.0815595388412476e-01 8.9672011137008667e-01 1.3497571404877973e-01 1 0 0 0 0
P 10077 130 2.7477741241455078e-01 2.5608050823211670e-01 -2.8263251781463623e+00 2.8942873477935791e+00 4.9770009634745738e-01 1 0 0 0 0
P 10078 -211 4.7602895647287369e-02 -2.9901897534728050e-02 3.7819534540176392e-02 1.5517279505729675e-01 1.3959985667211239e-01 1 0 0 0 0
P 10079 111 7.5755104422569275e-02 -2.5560128688812256e-01 -1.7090018987655640e+00 1.7349303960800171e+00 1.3500050204767222e-01 1 0 0 0 0
P 10080 211 2.8143408894538879e-01 4.4895827770233154e-02 -1.5384806394577026e+00 1.5708695650100708e+00 1.3959846172881704e-01 1 0 0 0 0
P 10081 111 -3.3356288075447083e-01 -1.9697990268468857e-02 -3.4737093448638916e+00 3.4923532009124756e+00 1.3498911471318123e-01 1 0 0 0 0
P 10082 2112 2.9914203286170959e-01 5.3280067443847656e-01 -7.4832984924316406e+01 7.4841377258300781e+01 9.3955027637053601e-01 1 0 0 0 0
P 10083 -211 3.6682765930891037e-02 -2.3188363015651703e-01 -1.3910537719726562e+01 1.3913219451904297e+01 1.3964319411174220e-01 1 0 0 0 0
P 10084 -211 -1.2164654210209846e-02 -1.4201727509498596e-01 -6.2395548820495605e-01 6.5507674217224121e-01 1.3960014912761748e-01 1 0 0 0 0
P 10085 211 1.7196382582187653e-01 -1.8481406569480896e-01 -3.8766908645629883e-01 4.8322173953056335e-01 1.3959990218886426e-01 1 0 0 0 0
P 10086 111 -1.8937093019485474e-01 -1.7467851936817169e-01 -1.4368060231208801e-01 3.2441180944442749e-01 1.3499989738781976e-01 1 0 0 0 0
P 10087 111 1.5588073432445526e-01 3.8122689723968506e-01 -2.1538619995117188e+00 2.1970391273498535e+00 1.3500616153738368e-01 1 0 0 0 0
P 10088 111 -3.8515143096446991e-02 1.2349502742290497e-01 -1.8010559082031250e+00 1.8107353448867798e+00 1.3500246924755821e-01 1 0 0 0 0
P 10089 111 6.8741753697395325e-02 7.3622837662696838e-02 -1.1966781616210938e+00 1.2084740400314331e+00 1.3500048889597413e-01 1 0 0 0 0
P 10090 2112 1.6324046254158020e-01 -7.9930350184440613e-03 -8.5736488342285156e+01 8.5741790771484375e+01 9.3943605263231966e-01 1 0 0 0 0
P 10091 111 -2.0872738212347031e-02 -9.4470411539077759e-02 -1.0346861839294434e+01 1.0348195075988770e+01 1.3502251447065966e-01 1 0 0 0 0
E 26 -1 -1.0000000000000000e+00 -1.0000000000000000e+00 -1.0000000000000000e+00 0 0 1 0 0 0 0
U GEV MM
H 1 1 8 8 0 0 0 7 0 1.5451945066452026e+00 3.6854106187820435e-01 6.3697046041488647e-01 4.2000000000000000e+01
V -1 0 0 0 0 0 2 152 0
P 10001 2212 0 0 1.0000000000000000e+02 1.0000000000000000e+02 0 101 0 0 -1 0
P 10002 3000001 0 0 -1.0000000000000000e+02 1.0000000000000000e+02 0 102 0 0 -1 0
P 10003 211 -3.0256727337837219e-01 7.8102402389049530e-02 -3.0372949317097664e-02 3.4359520673751831e-01 1.3960017859664559e-01 1 0 0 0 0
P 10004 111 -7.1772098541259766e-01 2.2333199158310890e-02 -8.9223903417587280e-01 1.1532294750213623e+00 1.3500201207640433e-01 1 0 0 0 0
P 10005 111 -3.6133801937103271e-01 4.6399127691984177e-02 -1.8020659685134888e-01 4.2827266454696655e-01 1.3500005316982697e-01 1 0 0 0 0
P 10006 211 -4.4942453503608704e-01 -7.2594210505485535e-02 -2.8753524646162987e-02 4.7704005241394043e-01 1.3959983644761109e-01 1 0 0 0 0
P 10007 -211 -4.5819202065467834e-01 3.3802804350852966e-01 6.2846750020980835e-01 8.5945475101470947e-01 1.3960008679069361e-01 1 0 0 0 0
P 10008 211 -9.8160445690155029e-01 -7.1861848235130310e-02 3.7484824657440186e-01 1.0624079704284668e+00 1.3959961543383276e-01 1 0 0 0 0
P 10009 2212 1.0883712023496628e-01 -2.2075772285461426e-02 5.5794720649719238e+00 5.6589083671569824e+00 9.3829767430927868e-01 1 0 0 0 0
P 10010 111 -1.4028251171112061e-01 3.7125718593597412e-01 2.8173360824584961e+00 2.8483533859252930e+00 1.3499380870401387e-01 1 0 0 0 0
P 10011 -2212 3.2851225137710571e-01 -1.8532326817512512e-01 1.8644434213638306e+00 2.1210427284240723e+00 9.3830057620242480e-01 1 0 0 0 0
P 10012 111 2.1413892507553101e-01 2.8048896789550781e-01 6.8276828527450562e-01 7.8033787012100220e-01 1.3500044379446433e-01 1 0 0 0 0
P 10013 211 2.2135706245899200e-01 -1.6090318560600281e-01 1.6092781722545624e-01 3.4680646657943726e-01 1.3960006685431997e-01 1 0 0 0 0
P 10014 -211 9.4970792531967163e-02 1.1415795981884003e-01 9.4836056232452393e-02 2.2479665279388428e-01 1.3960002264132854e-01 1 0 0 0 0
P 10015 111 6.8759113550186157e-02 -1.4324350655078888e-01 7.6144111156463623e-01 7.8947085142135620e-01 1.3500052221380104e-01 1 0 0 0 0
P 10016 211 1.0274115204811096e-01 1.8134791404008865e-02 2.6554846763610840e-01 3.1762990355491638e-01 1.3959997129290608e-01 1 0 0 0 0
P 10017 -211 -3.1322181224822998e-02 -2.2290657460689545e-01 4.3348759412765503e-01 5.0800400972366333e-01 1.3959999854253993e-01 1 0 0 0 0
P 10018 111 -3.2440668344497681e-01 1.1295333504676819e-01 5.7909584045410156e-01 6.8671333789825439e-01 1.3500023649669288e-01 1 0 0 0 0
P 10019 211 1.4567615091800690e-01 -2.5814574956893921e-01 1.0581449270248413e+00 1.1077092885971069e+00 1.3960090432768191e-01 1 0 0 0 0
P 10020 111 -1.6183035075664520e-01 4.6946224570274353e-01 7.3671513795852661e-01 8.9864230155944824e-01 1.3499973736466847e-01 1 0 0 0 0
P 10021 -211 6.3672471046447754e-01 -1.2903669476509094e-01 3.8415914773941040e-01 7.6755136251449585e-01 1.3959949066532040e-01 1 0 0 0 0
P 10022 111 9.6967548131942749e-02 -2.7114742994308472e-01 8.7092560529708862e-01 9.2717856168746948e-01 1.3500015235281693e-01 1 0 0 0 0
P 10023 22 2.7909034490585327e-01 1.6496455669403076e-01 6.8606472015380859e-01 7.5880801677703857e-01 2.8372601665368395e-04 1 0 0 0 0
P 10024 22 -8.8531225919723511e-03 -3.6575224250555038e-02 -9.4549909234046936e-02 1.0176349431276321e-01 -3.7013910947823385e-05 1 0 0 0 0
P 10025 211 2.7470090985298157e-01 -1.1419595032930374e-01 4.0534019470214844e-02 3.3110800385475159e-01 1.3960013802499524e-01 1 0 0 0 0
P 10026 111 -7.9576802253723145e-01 -6.7535406351089478e-01 1.2979955673217773e+00 1.6710377931594849e+00 1.3499983921044242e-01 1 0 0 0 0
P 10027 111 3.4095925092697144e-01 1.7535373568534851e-01 -4.9251705408096313e-02 4.0945437550544739e-01 1.3500004342022068e-01 1 0 0 0 0
P 10028 -211 1.9669453799724579e-01 -2.3120456933975220e-01 1.0549403727054596e-01 3.5037335753440857e-01 1.3960015619176402e-01 1 0 0 0 0
P 10029 -211 -9.5439851284027100e-03 2.2118371725082397e-01 -5.0596572458744049e-02 2.6657360792160034e-01 1.3959996728775600e-01 1 0 0 0 0
P 10030 211 -8.8285297155380249e-02 -4.8711970448493958e-03 -2.3170873522758484e-02 1.6686239838600159e-01 1.3959995831252062e-01 1 0 0 0 0
P 10031 111 2.9637998342514038e-01 -2.0115436613559723e-01 -1.7128190398216248e-01 4.1936457157135010e-01 1.3499992469244901e-01 1 0 0 0 0
P 10032 211 2.1541118621826172e-03 3.0744296312332153e-01 -6.9622009992599487e-02 3.4476253390312195e-01 1.3960001696249486e-01 1 0 0 0 0
P 10033 -211 3.0908927321434021e-02 5.4868306964635849e-02 -2.4973303079605103e-01 2.9295158386230469e-01 1.3959996747680270e-01 1 0 0 0 0
P 10034 111 -3.4791791439056396e-01 2.9083341360092163e-02 -1.0853555053472519e-01 3.8974049687385559e-01 1.3499990101869153e-01 1 0 0 0 0
P 10035 -211 -1.0875816643238068e-01 5.9026700258255005e-01 -3.2978013157844543e-02 6.1710554361343384e-01 1.3960024893627934e-01 1 0 0 0 0
P 10036 111 6.8742990493774414e-02 -1.8714691698551178e-01 -2.3987354710698128e-02 2.4197101593017578e-01 1.3500004475945679e-01 1 0 0 0 0
P 10037 -211 1.8318792805075645e-02 1.9044767320156097e-01 3.5996839404106140e-01 4.3089592456817627e-01 1.3959999535543957e-01 1 0 0 0 0
P 10038 211 4.6029664576053619e-02 1.1326062679290771e+00 9.4300734996795654e-01 1.4811033010482788e+00 1.3960099608994161e-01 1 0 0 0 0
P 10039 111 1.5646620094776154e-01 7.8776180744171143e-02 2.0188087224960327e-01 2.9944661259651184e-01 1.3500010564292605e-01 1 0 0 0 0
P 10040 -211 -2.4482795596122742e-01 4.4323667883872986e-01 1.1509503126144409e+00 1.2651380300521851e+00 1.3959989788285720e-01 1 0 0 0 0
P 10041 111 -5.7323908805847168e-01 3.5059386491775513e-01 4.9430972337722778e-01 8.4503620862960815e-01 1.3499992990277368e-01 1 0 0 0 0
P 10042 130 5.4619061946868896e-01 1.2743809819221497e-01 -7.7919495105743408e-01 1.0813949108123779e+00 4.9770023077257552e-01 1 0 0 0 0
P 10043 130 -2.6772710680961609e-01 -4.7638097405433655e-01 -4.4352978467941284e-01 8.6199814081192017e-01 4.9770019962205619e-01 1 0 0 0 0
P 10044 111 2.1783447265625000e-01 -4.1731241345405579e-01 8.1372052431106567e-01 9.4971984624862671e-01 1.3500069175068771e-01 1 0 0 0 0
P 10045 111 -3.7144654989242554e-01 6.6068398952484131e-01 3.1468420028686523e+00 3.2396473884582520e+00 1.3499902623550242e-01 1 0 0 0 0
P 10046 211 7.2924662381410599e-03 5.2818364929407835e-04 2.6738712191581726e-01 3.0172419548034668e-01 1.3959999330242293e-01 1 0 0 0 0
P 10047 2212 -2.7888345718383789e-01 6.5096426010131836e-01 4.8752513885498047e+01 4.8766689300537109e+01 9.3853328594176566e-01 1 0 0 0 0
P 10048 -211 -1.3469959795475006e-01 3.7224199622869492e-03 2.1787629127502441e+00 2.1873853206634521e+00 1.3960255362449064e-01 1 0 0 0 0
P 10049 -211 2.1240900456905365e-01 3.6461234092712402e-01 8.3964478969573975e-01 9.5002710819244385e-01 1.3960082040919677e-01 1 0 0 0 0
P 10050 211 1.2316795438528061e-01 3.9697101712226868e-01 1.3816229104995728e+00 1.4495263099670410e+00 1.3960058397733444e-01 1 0 0 0 0
P 10051 111 5.3097255527973175e-02 4.9047669768333435e-01 1.4134861230850220e+00 1.5031815767288208e+00 1.3500045536243982e-01 1 0 0 0 0
P 10052 2212 6.0944014694541693e-04 -2.0749367773532867e-01 -9.9995368957519531e+01 1.0000000000000000e+02 9.3975159048674639e-01 1 0 0 0 0
P 10053 211 1.9872933626174927e-01 9.9677413702011108e-02 -9.6634960174560547e-01 1.0013734102249146e+00 1.3960020780151949e-01 1 0 0 0 0
P 10054 -211 -1.6857609152793884e-01 -2.7074083685874939e-01 -5.2467565536499023e+00 5.2582945823669434e+00 1.3960330334034549e-01 1 0 0 0 0
P 10055 2112 -1.1474043130874634e+00 1.7505809664726257e-03 -6.6522758483886719e+01 6.6539283752441406e+01 9.3933288038103013e-01 1 0 0 0 0
P 10056 22 8.5785835981369019e-02 4.1352279484272003e-02 -9.1466186568140984e-03 9.5670163631439209e-02 -3.1795778731767211e-04 1 0 0 0 0
P 10057 -211 1.1870688199996948e-01 -1.1228458583354950e-01 3.4514438360929489e-02 2.1766428649425507e-01 1.3959707414454045e-01 1 0 0 0 0
P 10058 211 1.5619695186614990e-03 2.6941657066345215e-01 8.7149485945701599e-02 3.1570509076118469e-01 1.3959564153330753e-01 1 0 0 0 0
P 10059 211 -3.0551818013191223e-01 1.9579231739044189e-02 -2.8250476717948914e-01 4.3934291601181030e-01 1.3960139563778176e-01 1 0 0 0 0
P 10060 -211 -4.8773512244224548e-02 -2.7987912297248840e-01 -1.0000079125165939e-01 3.3196347951889038e-01 1.3960091156881457e-01 1 0 0 0 0
P 10061 111 6.9656521081924438e-03 -1.9677937030792236e-02 1.0764691978693008e-01 1.7392162978649139e-01 1.3500049056538801e-01 1 0 0 0 0
P 10062 211 8.4720146656036377e-01 3.1628128886222839e-01 -1.9557188034057617e+01 1.9578584671020508e+01 1.3996336022828332e-01 1 0 0 0 0
P 10063 111 -1.7415417730808258e-01 1.4436252415180206e-02 -6.7916154861450195e+00 6.7952046394348145e+00 1.3500776753181121e-01 1 0 0 0 0
P 10064 211 7.2400790452957153e-01 -3.8267914205789566e-02 2.3831981420516968e-01 7.7584534883499146e-01 1.3959868332881997e-01 1 0 0 0 0
P 10065 2212 -4.5276793837547302e-01 -9.4598644971847534e-01 -2.7923099994659424e+00 3.1268658638000488e+00 9.3829943408743122e-01 1 0 0 0 0
P 10066 -2112 -1.2047301046550274e-02 1.0318026877939701e-02 -4.6963458061218262e+00 4.7894430160522461e+00 9.3960038005122792e-01 1 0 0 0 0
P 10067 -2212 1.2885779142379761e+00 1.0192475318908691e+00 -1.8363147735595703e+01 1.8460361480712891e+01 9.3832439323888495e-01 1 0 0 0 0
P 10068 2112 -4.2427126318216324e-02 3.1630583107471466e-02 -3.4221347808837891e+01 3.4234287261962891e+01 9.3966905147787516e-01 1 0 0 0 0
P 10069 -211 3.4894722700119019e-01 -5.7194977998733521e-03 1.3319751620292664e-01 3.9878237247467041e-01 1.3960273058574088e-01 1 0 0 0 0
P 10070 111 1.9950027763843536e-01 -4.5461750030517578e-01 1.2387545108795166e+00 1.3413496017456055e+00 1.3501327163358678e-01 1 0 0 0 0
P 10071 211 1.9304789602756500e-01 -2.5754430890083313e-01 -9.5731005072593689e-02 3.6366075277328491e-01 1.3959998770610973e-01 1 0 0 0 0
P 10072 111 3.9243596792221069e-01 2.8719520568847656e-01 5.1708102226257324e-01 7.2255444526672363e-01 1.3500025074460495e-01 1 0 0 0 0
P 10073 211 3.7476480007171631e-02 4.8668068647384644e-01 -6.7885197699069977e-02 5.1221024990081787e-01 1.3960072670453449e-01 1 0 0 0 0
P 10074 -211 2.0606401562690735e-01 3.3591869473457336e-01 2.0803901553153992e-01 4.6698212623596191e-01 1.3960059538577105e-01 1 0 0 0 0
P 10075 211 7.0329800248146057e-02 1.6474018990993500e-01 2.3994280397891998e-01 3.3037310838699341e-01 1.3960025282753646e-01 1 0 0 0 0
P 10076 -211 -2.8958322480320930e-02 7.4675217270851135e-02 1.4397299289703369e-01 2.1594305336475372e-01 1.3960016868700581e-01 1 0 0 0 0
P 10077 2212 -2.5974333286285400e-01 -7.0001852512359619e-01 -9.7908926010131836e-01 1.5480681657791138e+00 9.3829991589578887e-01 1 0 0 0 0
P 10078 -211 -2.0076125860214233e-01 -2.0727883279323578e-01 3.3388137817382812e-02 3.2229256629943848e-01 1.3959990352906027e-01 1 0 0 0 0
P 10079 -3122 -3.4651023149490356e-01 -9.9147516489028931e-01 -2.6281657218933105e+00 3.0421886444091797e+00 1.1156004407099784e+00 1 0 0 0 0
P 10080 111 -2.6665806770324707e-01 -1.3635620474815369e-01 -3.1488937139511108e-01 4.5506027340888977e-01 1.3499998730672311e-01 1 0 0 0 0
P 10081 -321 -1.7753587663173676e-01 -3.5637427121400833e-02 -1.4155457019805908e+00 1.5100328922271729e+00 4.9359972397581875e-01 1 0 0 0 0
P 10082 111 8.9557066559791565e-02 -1.0977047681808472e-01 -2.1164662837982178e+00 2.1254937648773193e+00 1.3499699376674565e-01 1 0 0 0 0
P 10083 111 -1.4390990138053894e-01 -2.0810455083847046e-01 -3.7559039592742920e+00 3.7668361663818359e+00 1.3499107109311662e-01 1 0 0 0 0
P 10084 -211 1.5463833510875702e-01 2.1166804432868958e-01 -5.2274477481842041e-01 6.0122096538543701e-01 1.3960004994231004e-01 1 0 0 0 0
P 10085 2212 2.2683748602867126e-01 -1.2007476389408112e-01 -8.4838371276855469e+00 8.5394248962402344e+00 9.3830269926061416e-01 1 0 0 0 0
P 10086 211 1.1876446008682251e-01 -2.3441949486732483e-01 -1.1671781539916992e+00 1.2045123577117920e+00 1.3959828140554964e-01 1 0 0 0 0
P 10087 22 1.0191264748573303e-01 2.5394579768180847e-01 9.1851729154586792e-01 9.5840972661972046e-01 7.3029632964385406e-04 1 0 0 0 0
P 10088 22 -3.9481833577156067e-01 5.4886442422866821e-01 9.1637265682220459e-01 1.1388033628463745e+00 7.6066650582665000e-04 1 0 0 0 0
P 10089 310 1.6658484935760498e-01 -6.3887870311737061e-01 -4.1008672714233398e+00 4.1833872795104980e+00 4.9769492985835023e-01 1 0 0 0 0
P 10090 310 3.6419317126274109e-01 8.6414501070976257e-02 -3.9596488475799561e+00 4.0083198547363281e+00 4.9769963807745116e-01 1 0 0 0 0
P 10091 211 4.7279292345046997e-01 -3.4824970364570618e-01 -6.9592946767807007e-01 9.2120373249053955e-01 1.3959759388204171e-01 1 0 0 0 0
P 10092 -211 -2.9255798459053040e-01 5.5939882993698120e-01 -5.4107809066772461e+00 5.4492712020874023e+00 1.3960440019392620e-01 1 0 0 0 0
P 10093 -211 3.5651326179504395e-01 -9.3947857618331909e-02 4.0167373418807983e-01 5.6281238794326782e-01 1.3959974748899540e-01 1 0 0 0 0
P 10094 111 6.6482387483119965e-02 8.6921773850917816e-02 -9.5877207815647125e-02 1.9847600162029266e-01 1.3499993194741924e-01 1 0 0 0 0
P 10095 22 1.1715710163116455e-02 3.0333213508129120e-02 -1.0182417929172516e-01 1.0689140111207962e-01 4.9642412734330179e-04 1 0 0 0 0
P 10096 22 -5.7381016016006470e-01 3.7266552448272705e-01 5.8138912916183472e-01 8.9786040782928467e-01 1.5163769016057883e-03 1 0 0 0 0
P 10097 111 -2.4715906381607056e-01 -9.4280689954757690e-02 -4.2452552914619446e-01 5.1809591054916382e-01 1.3499998631899623e-01 1 0 0 0 0
P 10098 111 -3.0331403017044067e-01 1.5781706199049950e-02 -1.5689881145954132e-01 3.6754685640335083e-01 1.3499996839177622e-01 1 0 0 0 0
P 10099 111 -3.4371361136436462e-01 2.0783944055438042e-02 -1.7570041120052338e-01 4.0947118401527405e-01 1.3499998916742315e-01 1 0 0 0 0
P 10100 -211 5.7600057125091553e-01 3.4192833304405212e-01 -3.9921064376831055e+00 4.0503206253051758e+00 1.3961273209113612e-01 1 0 0 0 0
P 10101 211 2.7639436721801758e-01 -4.4593083858489990e-01 -2.1171646118164062e+00 2.1856625080108643e+00 1.3959386220656947e-01 1 0 0 0 0
P 10102 -211 2.9810053110122681e-01 -2.1773856878280640e-01 -9.7189146280288696e-01 1.0489686727523804e+00 1.3960032223579086e-01 1 0 0 0 0
P 10103 211 -1.2818178534507751e-01 -2.0514988899230957e-01 -2.7328066825866699e+00 2.7470414638519287e+00 1.3959725170496301e-01 1 0 0 0 0
P 10104 2212 1.6033630073070526e-01 -2.7104991674423218e-01 -6.9426773071289062e+01 6.9433822631835938e+01 9.3793943849571559e-01 1 0 0 0 0
P 10105 211 -1.1981905251741409e-01 3.4076131880283356e-02 -1.2642180442810059e+01 1.2643565177917480e+01 1.3962904987241032e-01 1 0 0 0 0
P 10106 111 5.4870940744876862e-02 -2.6671195030212402e-01 -1.1391635239124298e-01 3.2457479834556580e-01 1.3500288814224823e-01 1 0 0 0 0
P 10107 211 2.9839280247688293e-01 4.5434457063674927e-01 -4.9419548034667969e+01 4.9422733306884766e+01 1.3918447889432961e-01 1 0 0 0 0
P 10108 2212 8.1613464280962944e-03 -4.4522270560264587e-01 -2.8602138519287109e+01 2.8620990753173828e+01 9.3834639212540638e-01 1 0 0 0 0
P 10109 -211 7.6961651444435120e-02 5.0864025950431824e-02 -1.1903811693191528e+00 1.2020838260650635e+00 1.3959925389717259e-01 1 0 0 0 0
P 10110 211 -1.2967944145202637e-01 -1.1335413902997971e-01 -2.4329020977020264e+00 2.4429831504821777e+00 1.3959992179929387e-01 1 0 0 0 0
P 10111 -211 -8.0580480396747589e-02 3.0575305223464966e-01 -3.1669881343841553e+00 3.1857933998107910e+00 1.3959799488599836e-01 1 0 0 0 0
P 10112 111 -1.4129029214382172e-01 -2.5826889276504517e-01 -9.2611808776855469e+00 9.2668418884277344e+00 1.3498728935086138e-01 1 0 0 0 0
P 10113 22 -2.2222277522087097e-01 -3.7440440058708191e-01 -4.7599072456359863e+00 4.7797775268554688e+00 -2.3233233129870555e-03 1 0 0 0 0
P 10114 22 -6.3154608011245728e-02 1.6681130230426788e-01 -8.9142543077468872e-01 9.0909475088119507e-01 -7.4002810567010266e-04 1 0 0 0 0
P 10115 211 1.3901360332965851e-01 1.6384029388427734e-01 -3.8865363597869873e-01 4.6551936864852905e-01 1.3960017914272252e-01 1 0 0 0 0
P 10116 111 6.0084861516952515e-01 3.7666404247283936e-01 -2.7438118457794189e+00 2.8371856212615967e+00 1.3499609331744888e-01 1 0 0 0 0
P 10117 -211 -1.3187132775783539e-01 -1.4277486503124237e-01 -2.8922071456909180e+00 2.9020893573760986e+00 1.3959138741593929e-01 1 0 0 0 0
P 10118 211 -2.6234582066535950e-02 -5.3955525159835815e-02 -6.2676281929016113e+00 6.2694697380065918e+00 1.3960006924729002e-01 1 0 0 0 0
P 10119 111 -7.1764320135116577e-02 -1.9500747323036194e-01 -4.3834075927734375e+00 4.3904061317443848e+00 1.3500312964789338e-01 1 0 0 0 0
P 10120 111 4.8231765627861023e-02 1.8708039075136185e-02 -4.1641968488693237e-01 4.4080224633216858e-01 1.3499989803157650e-01 1 0 0 0 0
P 10121 111 -1.6463957726955414e-01 -4.5350871980190277e-02 -7.4012416601181030e-01 7.7147364616394043e-01 1.3499968006608751e-01 1 0 0 0 0
P 10122 2112 6.7716769874095917e-02 3.1291416287422180e-01 -3.4908649444580078e+01 3.4922756195068359e+01 9.3946441196834929e-01 1 0 0 0 0
P 10123 -211 -6.3718900084495544e-02 2.6906039565801620e-02 -1.0962754249572754e+01 1.0963863372802734e+01 1.3976869380081441e-01 1 0 0 0 0
P 10124 22 -5.9592496603727341e-02 -2.8701925277709961e-01 -1.1011490821838379e+00 1.1395003795623779e+00 7.0477819549324657e-04 1 0 0 0 0
P 10125 22 -2.9734021425247192e-01 1.2230863422155380e-01 -2.9551730155944824e+00 2.9726111888885498e+00 -9.3638092503622254e-04 1 0 0 0 0
P 10126 111 8.7545618414878845e-02 -6.3773706555366516e-02 2.3698744177818298e-01 2.9346147179603577e-01 1.3500098857665543e-01 1 0 0 0 0
P 10127 2212 3.5518032312393188e-01 2.0043402910232544e-01 -1.0737528228759766e+02 1.0738015747070312e+02 9.3842699756629178e-01 1 0 0 0 0
P 10128 -211 -1.1170342564582825e-01 -2.3052543401718140e-02 1.0047774314880371e+00 1.0208237171173096e+00 1.3962198803627809e-01 1 0 0 0 0
P 10129 111 6.8526828289031982e-01 -1.0078296661376953e+00 1.9999701976776123e+00 2.3459413051605225e+00 1.3507982890484477e-01 1 0 0 0 0
P 10130 211 -2.1087914705276489e-01 8.2011781632900238e-02 -2.0419242382049561e+00 2.0591599941253662e+00 1.3960422575690018e-01 1 0 0 0 0
P 10131 111 4.6227383613586426e-01 9.9257312715053558e-02 -1.4918420314788818e+00 1.5707855224609375e+00 1.3500147029814738e-01 1 0 0 0 0
P 10132 111 -1.0859081894159317e-01 1.4806696772575378e-01 -1.0447639226913452e+00 1.0693327188491821e+00 1.3500006131136238e-01 1 0 0 0 0
P 10133 111 8.8149689137935638e-02 2.8746696189045906e-02 -3.3455145359039307e-01 3.7248677015304565e-01 1.3499992075072839e-01 1 0 0 0 0
P 10134 211 -1.8191251903772354e-02 -6.1714660376310349e-02 -7.6522344350814819e-01 7.8050929307937622e-01 1.3960020464744932e-01 1 0 0 0 0
P 10135 -211 -1.1217361688613892e-01 -1.9029367715120316e-02 -5.0549143552780151e-01 5.3661429882049561e-01 1.3960041957565572e-01 1 0 0 0 0
P 10136 111 -1.2465676665306091e-01 -2.1500933170318604e-01 -2.2238106727600098e+00 2.2417242527008057e+00 1.3500146174694558e-01 1 0 0 0 0
P 10137 -211 1.8512624502182007e-01 3.2439529895782471e-03 -6.4418449401855469e+00 6.4460177421569824e+00 1.3962896899135688e-01 1 0 0 0 0
P 10138 111 -5.5973780155181885e-01 -2.2656497359275818e-01 -7.6401300430297852e+00 7.6651449203491211e+00 1.3498696900989188e-01 1 0 0 0 0
P 10139 111 2.3312980309128761e-02 4.8711948096752167e-02 -4.1492208838462830e-01 4.3966087698936462e-01 1.3499999402711624e-01 1 0 0 0 0
P 10140 111 -1.1196056753396988e-01 4.4112898409366608e-02 -9.0805983543395996e-01 9.2589360475540161e-01 1.3500068929452799e-01 1 0 0 0 0
P 10141 111 7.0479534566402435e-02 -1.1958553642034531e-01 -4.2942541837692261e-01 4.7106188535690308e-01 1.3500016508940507e-01 1 0 0 0 0
P 10142 111 -1.1366780847311020e-01 -4.1618563234806061e-02 -5.9088621139526367e+00 5.9116435050964355e+00 1.3499990427862632e-01 1 0 0 0 0
P 10143 2212 2.1482095122337341e-01 1.4592194557189941e-01 -7.8523864746093750e+01 7.8529899597167969e+01 9.3827225429117223e-01 1 0 0 0 0
P 10144 -211 -1.1916917562484741e-01 -2.0750135183334351e-02 -3.7975639104843140e-02 1.8857942521572113e-01 1.3960010716341908e-01 1 0 0 0 0
P 10145 111 3.8491066545248032e-02 -1.1362551152706146e-01 -3.2092618942260742e-01 3.6825397610664368e-01 1.3500019550896991e-01 1 0 0 0 0
P 10146 211 9.4716377556324005e-02 -5.4231807589530945e-03 -6.0313594341278076e-01 6.2630808353424072e-01 1.3960030872806831e-01 1 0 0 0 0
P 10147 -211 -5.2189064025878906e-01 -4.9798339605331421e-01 -4.0007095336914062e+00 4.0676188468933105e+00 1.3960303541769903e-01 1 0 0 0 0
P 10148 211 -1.6086091101169586e-01 -1.9151990115642548e-01 -1.6074833273887634e-01 3.2845523953437805e-01 1.3959481605266522e-01 1 0 0 0 0
P 10149 -211 9.9421264603734016e-03 -1.3726738281548023e-02 -6.5771050751209259e-02 1.5524588525295258e-01 1.3960008792493867e-01 1 0 0 0 0
P 10150 111 -1.6317783296108246e-01 1.0337255150079727e-01 -9.3142967224121094e+00 9.3172779083251953e+00 1.3502332485207044e-01 1 0 0 0 0
P 10151 211 -9.3054041266441345e-02 -4.6238118410110474e-01 -5.0888957977294922e+00 5.1126127243041992e+00 1.3961738631547665e-01 1 0 0 0 0
P 10152 111 1.7709556967020035e-02 1.4557060599327087e-01 -6.1936764717102051e+00 6.1968827247619629e+00 1.3499199420506983e-01 1 0 0 0 0
P 10153 2112 -9.9817112088203430e-02 1.3975189626216888e-01 -6.1537883758544922e+01 6.1545295715332031e+01 9.3957073129480717e-01 1 0 0 0 0
P 10154 -211 2.1767260134220123e-01 1.5149144828319550e-01 -2.7996191024780273e+01 2.7997795104980469e+01 1.3959879728267663e-01 1 0 0 0 0
E 27 -1 -1.0000000000000000e+00 -1.0000000000000000e+00 -1.0000000000000000e+00 0 0 1 0 0 0 0
U GEV MM
H 1 1 6 6 0 0 0 5 0 5.5211238861083984e+00 6.8283802270889282e-01 3.1530525535345078e-02 4.2000000000000000e+01
V -1 0 0 0 0 0 2 122 0
P 10001 2212 0 0 1.0000000000000000e+02 1.0000000000000000e+02 0 101 0 0 -1 0
P 10002 3000001 0 0 -1.0000000000000000e+02 1.0000000000000000e+02 0 102 0 0 -1 0
P 10003 3222 5.6523251533508301e-01 -5.8841582387685776e-02 3.2901618480682373e+00 3.5444023609161377e+00 1.1894002612132644e+00 1 0 0 0 0
P 10004 -3222 -1.8776431679725647e-01 9.7278039902448654e-03 2.3084309101104736e+00 2.6036274433135986e+00 1.1894000706193957e+00 1 0 0 0 0
P 10005 211 -1.0209029167890549e-01 -3.8984399288892746e-02 2.3938977718353271e-01 2.9788896441459656e-01 1.3959999518989788e-01 1 0 0 0 0
P 10006 -211 -6.5328158438205719e-02 3.0299210548400879e-01 4.4933934696018696e-03 3.3997103571891785e-01 1.3959989352560778e-01 1 0 0 0 0
P 10007 111 -2.5777256488800049e-01 4.4160363078117371e-01 5.3162723779678345e-01 7.4987518787384033e-01 1.3499931664025558e-01 1 0 0 0 0
P 10008 -211 1.6068542003631592e-01 -3.2160493731498718e-01 3.7484884262084961e+00 3.7682762145996094e+00 1.3960876827939639e-01 1 0 0 0 0
P 10009 111 1.5041926503181458e-01 -3.2379698008298874e-02 2.6608772277832031e+00 2.6687383651733398e+00 1.3499051921163252e-01 1 0 0 0 0
P 10010 -211 2.1653646230697632e-01 -9.7385235130786896e-02 7.5292259454727173e-01 8.0171865224838257e-01 1.3960100448517007e-01 1 0 0 0 0
P 10011 111 -4.2206937074661255e-01 -2.1577762067317963e-01 -4.1993522644042969e+00 4.2281780242919922e+00 1.3500899689435122e-01 1 0 0 0 0
P 10012 321 3.3100414276123047e-01 1.1090955883264542e-01 -7.4727531433105469e+01 7.4729972839355469e+01 4.9297242547072734e-01 1 0 0 0 0
P 10013 211 -2.0280145108699799e-03 -2.7241274714469910e-02 1.2263948917388916e+00 1.2346168756484985e+00 1.3960014062273340e-01 1 0 0 0 0
P 10014 -211 -4.3107084929943085e-02 1.5215234458446503e-01 1.0512773990631104e+00 1.0722317695617676e+00 1.3960029062632434e-01 1 0 0 0 0
P 10015 310 1.9003824889659882e-01 5.5633701384067535e-02 -2.9106819629669189e-01 6.0961854457855225e-01 4.9769913625129536e-01 1 0 0 0 0
P 10016 310 -3.7762755155563354e-01 1.8235982656478882e+00 2.8967869281768799e+00 3.4795405864715576e+00 4.9770973817929148e-01 1 0 0 0 0
P 10017 211 -1.8720228970050812e-01 1.6714376211166382e-01 -2.3236721754074097e-02 2.8811410069465637e-01 1.3959962499684911e-01 1 0 0 0 0
P 10018 111 8.6617179214954376e-02 5.3050267696380615e-01 1.2200101613998413e+00 1.3399943113327026e+00 1.3499753510422785e-01 1 0 0 0 0
P 10019 111 -1.0323849320411682e-01 1.9047584384679794e-02 1.7218770086765289e-01 2.4268199503421783e-01 1.3499981271746953e-01 1 0 0 0 0
P 10020 111 2.3965165019035339e-02 4.1070707142353058e-02 3.3640569448471069e-01 3.6558833718299866e-01 1.3499966252893703e-01 1 0 0 0 0
P 10021 111 -1.0498249530792236e-01 3.9166375994682312e-02 5.2622675895690918e-01 5.5470263957977295e-01 1.3500032290642763e-01 1 0 0 0 0
P 10022 111 -1.3526119291782379e-02 -1.6067385673522949e-01 2.8785687685012817e-01 3.5649076104164124e-01 1.3500013709944933e-01 1 0 0 0 0
P 10023 211 -1.0165724158287048e-01 -6.1363083124160767e-01 1.4651285409927368e+00 1.5978009700775146e+00 1.3960410643185500e-01 1 0 0 0 0
P 10024 111 -1.0907112360000610e+00 -1.0852494239807129e+00 2.7119834423065186e+00 3.1209776401519775e+00 1.3501824468064597e-01 1 0 0 0 0
P 10025 2212 2.6277416944503784e-01 -1.3060170412063599e-01 1.0404442548751831e+00 1.4314463138580322e+00 9.3830018262186732e-01 1 0 0 0 0
P 10026 211 4.4332522898912430e-02 -5.1899366080760956e-02 -7.7635884284973145e-02 1.7370782792568207e-01 1.3960000776425907e-01 1 0 0 0 0
P 10027 -2212 3.6090973019599915e-01 4.1650211811065674e-01 1.1651155948638916e+00 1.5942492485046387e+00 9.3829977577624557e-01 1 0 0 0 0
P 10028 -211 9.2998355627059937e-02 6.1294555664062500e-02 4.2358383536338806e-02 1.8354319036006927e-01 1.3959997624766660e-01 1 0 0 0 0
P 10029 211 1.0102085024118423e-01 -3.0185264348983765e-01 -5.1171886920928955e-01 6.1859893798828125e-01 1.3960019487859121e-01 1 0 0 0 0
P 10030 -211 -2.3358732461929321e-02 8.9119538664817810e-02 5.5590569972991943e-03 1.6735291481018066e-01 1.3960004450825372e-01 1 0 0 0 0
P 10031 111 2.3850569128990173e-01 -1.6016061604022980e-01 -3.2083812355995178e-01 4.5132973790168762e-01 1.3500015954388844e-01 1 0 0 0 0
P 10032 22 1.1175636202096939e-01 1.2207557260990143e-01 -6.4920616149902344e+00 6.4941706657409668e+00 -1.8184991982194204e-03 1 0 0 0 0
P 10033 22 -3.7949845194816589e-02 3.5865508019924164e-02 -4.7178119421005249e-02 7.0372514426708221e-02 -9.7883620510218279e-05 1 0 0 0 0
P 10034 3122 -2.3157066106796265e-01 7.7642805874347687e-02 -3.8560546875000000e+01 3.8577453613281250e+01 1.1155709791057056e+00 1 0 0 0 0
P 10035 -211 1.0106427222490311e-01 -1.6060946881771088e-01 -9.3238420486450195e+00 9.3268165588378906e+00 1.3952485634275016e-01 1 0 0 0 0
P 10036 211 -8.4177650511264801e-02 -3.3556066453456879e-02 1.6225323677062988e+00 1.6310461759567261e+00 1.3960106520734711e-01 1 0 0 0 0
P 10037 -211 -8.1963695585727692e-02 1.0127772390842438e-01 1.0675683021545410e+00 1.0845116376876831e+00 1.3960009942958576e-01 1 0 0 0 0
P 10038 111 -2.4370035529136658e-01 2.8998868539929390e-02 4.1465244293212891e+00 4.1559743881225586e+00 1.3500916349158804e-01 1 0 0 0 0
P 10039 22 -1.6001187264919281e-01 -4.2913845181465149e-01 1.1229588985443115e+00 1.2127653360366821e+00 -7.3330911918011935e-04 1 0 0 0 0
P 10040 22 -1.0701590776443481e-01 -1.2827396392822266e-02 -3.2632857561111450e-02 1.1261346191167831e-01 -2.4125035829119349e-04 1 0 0 0 0
P 10041 22 -1.9456228613853455e-01 -7.6109603047370911e-02 3.3120208978652954e-01 3.9158910512924194e-01 2.1934783965167935e-04 1 0 0 0 0
P 10042 -211 -3.1205099821090698e-01 -1.7673015594482422e-02 4.9065390229225159e-01 5.9826219081878662e-01 1.3960027279362169e-01 1 0 0 0 0
P 10043 211 -2.2500321269035339e-02 -2.0851449668407440e-01 6.1426258087158203e-01 6.6392117738723755e-01 1.3960032857990060e-01 1 0 0 0 0
P 10044 3122 -3.2662287354469299e-01 -1.7698864638805389e-01 2.2674594879150391e+01 2.2705064773559570e+01 1.1156639079354167e+00 1 0 0 0 0
P 10045 -3212 4.5494380593299866e-01 -4.3824496865272522e-01 -3.4182178974151611e-01 1.3921815156936646e+00 1.1925999822198496e+00 1 0 0 0 0
P 10046 -2112 5.0229921936988831e-02 3.3218532800674438e-01 -1.2649146318435669e+00 1.6111261844635010e+00 9.3960013793699937e-01 1 0 0 0 0
P 10047 2112 -5.7299363613128662e-01 -3.9296159148216248e-01 -2.0780818462371826e+00 2.3841166496276855e+00 9.3959965939981882e-01 1 0 0 0 0
P 10048 321 -2.7188456058502197e-01 8.9613091945648193e-01 1.9804569244384766e+01 1.9832838058471680e+01 4.9348825603182983e-01 1 0 0 0 0
P 10049 -211 -1.6743969917297363e-01 -4.0876582264900208e-02 3.9678671360015869e+00 3.9740614891052246e+00 1.3960000856376978e-01 1 0 0 0 0
P 10050 3122 -2.3616346716880798e-01 -9.8517686128616333e-02 -8.6982303857803345e-01 1.4375793933868408e+00 1.1156000520545097e+00 1 0 0 0 0
P 10051 111 1.0229253023862839e-01 -2.2670486569404602e-01 -2.1439686417579651e-01 3.5503503680229187e-01 1.3500001524745714e-01 1 0 0 0 0
P 10052 211 1.2302664667367935e-01 -2.7533629536628723e-01 -3.0900104045867920e+00 3.1078286170959473e+00 1.3960222579915002e-01 1 0 0 0 0
P 10053 -211 2.3269224166870117e-01 -2.3513500392436981e-01 -1.1091838836669922e+01 1.1097648620605469e+01 1.3957785771383782e-01 1 0 0 0 0
P 10054 111 2.7347674965858459e-01 -3.6649584770202637e-02 -7.8707942962646484e+00 7.8767848014831543e+00 1.3491934663435218e-01 1 0 0 0 0
P 10055 211 4.7816842794418335e-02 1.1298295110464096e-01 -1.7510354995727539e+01 1.7511341094970703e+01 1.3958248570002235e-01 1 0 0 0 0
P 10056 111 -6.0340678691864014e-01 1.7288106679916382e-01 -1.5127466201782227e+01 1.5141083717346191e+01 1.3488823471775907e-01 1 0 0 0 0
P 10057 -211 -9.8636247217655182e-02 -9.4782315194606781e-02 -8.9697086811065674e-01 9.1801834106445312e-01 1.3959992748104577e-01 1 0 0 0 0
P 10058 211 1.6851471364498138e-01 4.1598117351531982e-01 5.2905440330505371e-01 7.0768606662750244e-01 1.3958317165119405e-01 1 0 0 0 0
P 10059 -211 3.2037734985351562e-01 -3.3493685722351074e-01 -1.0481449365615845e+00 1.1545217037200928e+00 1.3960018515436637e-01 1 0 0 0 0
P 10060 111 -5.7595506310462952e-02 -5.0404745340347290e-01 -3.1764645576477051e+00 3.2195549011230469e+00 1.3500221377339300e-01 1 0 0 0 0
P 10061 -211 -1.0034233331680298e-01 -8.8654652237892151e-02 -3.0894746780395508e+00 3.0955247879028320e+00 1.3961266079552209e-01 1 0 0 0 0
P 10062 211 -1.8427646160125732e-01 1.4066004753112793e-01 -4.0363612174987793e+00 4.0454225540161133e+00 1.3960193101202517e-01 1 0 0 0 0
P 10063 111 -4.1874811053276062e-01 -1.3905389606952667e-01 -2.0172597885131836e+01 2.0177877426147461e+01 1.3544749284869614e-01 1 0 0 0 0
P 10064 2212 2.0753529667854309e-01 2.5274211168289185e-01 -8.4700523376464844e+01 8.4706352233886719e+01 9.3834910871855481e-01 1 0 0 0 0
P 10065 211 -8.9957542717456818e-02 1.9107696413993835e-01 -2.0737951278686523e+01 2.0739498138427734e+01 1.3984645492371006e-01 1 0 0 0 0
P 10066 -211 -2.8218373656272888e-01 -5.3993207216262817e-01 4.7928813844919205e-02 6.2684887647628784e-01 1.3959956666361961e-01 1 0 0 0 0
P 10067 211 -7.9769462347030640e-01 -2.7193957567214966e-01 7.4754792451858521e-01 1.1351577043533325e+00 1.3959680931346824e-01 1 0 0 0 0
P 10068 2112 -7.4228328466415405e-01 -8.9706224203109741e-01 8.5014939308166504e-02 1.4985928535461426e+00 9.3959984037053468e-01 1 0 0 0 0
P 10069 -2212 1.1585817337036133e+00 -8.5761040449142456e-01 -2.5488016009330750e-01 1.7387288808822632e+00 9.3830005096519209e-01 1 0 0 0 0
P 10070 211 2.1839039027690887e-01 1.1008369177579880e-01 1.8368533253669739e-01 3.3621621131896973e-01 1.3960034958507575e-01 1 0 0 0 0
P 10071 111 1.2000315189361572e+00 -2.2066967561841011e-02 -9.1096878051757812e-01 1.5128290653228760e+00 1.3500023818648224e-01 1 0 0 0 0
P 10072 -211 3.3601933717727661e-01 6.2907030805945396e-03 -1.5046759843826294e+00 1.5480589866638184e+00 1.3960028764464924e-01 1 0 0 0 0
P 10073 -211 -1.5536847710609436e-01 2.2745203971862793e-01 -5.1231842041015625e+00 5.1324825286865234e+00 1.3959485687595763e-01 1 0 0 0 0
P 10074 -211 -2.1486651897430420e-01 -2.0624119788408279e-02 -9.2680044472217560e-02 2.7325952053070068e-01 1.3960014192010897e-01 1 0 0 0 0
P 10075 211 1.0285453498363495e-01 -1.2258289754390717e-01 2.9338487982749939e-01 3.6217194795608521e-01 1.3960017921890075e-01 1 0 0 0 0
P 10076 111 -1.2592673301696777e-03 1.1995445936918259e-01 -7.9197436571121216e-04 1.8059983849525452e-01 1.3500006060870626e-01 1 0 0 0 0
P 10077 -211 6.8688467144966125e-02 2.2998297214508057e-01 -4.4971284270286560e-01 5.2852624654769897e-01 1.3959971132669563e-01 1 0 0 0 0
P 10078 211 -5.7587528228759766e-01 -3.0650877952575684e-01 -1.0728310346603394e+00 1.2633426189422607e+00 1.3960004021964559e-01 1 0 0 0 0
P 10079 211 1.6411311924457550e-02 -3.8795727491378784e-01 -1.6705439090728760e+00 1.7207514047622681e+00 1.3960038156545077e-01 1 0 0 0 0
P 10080 111 8.1205636262893677e-02 2.6159489154815674e-01 -7.4467182159423828e-01 8.0485236644744873e-01 1.3499987872077504e-01 1 0 0 0 0
P 10081 2212 -1.7912237346172333e-01 1.4096350967884064e-01 -2.2780433654785156e+01 2.2800889968872070e+01 9.3833380883740969e-01 1 0 0 0 0
P 10082 111 -3.5756829380989075e-01 -3.3495180308818817e-02 -1.3382742881774902e+01 1.3388241767883301e+01 1.3503178794681664e-01 1 0 0 0 0
P 10083 3122 -1.3734979927539825e-01 5.9393148869276047e-02 -1.2193277359008789e+01 1.2245120048522949e+01 1.1155983755495187e+00 1 0 0 0 0
P 10084 -2212 8.2928076386451721e-02 -1.7844080924987793e-01 -7.3382391929626465e+00 7.4005999565124512e+00 9.3830009855062313e-01 1 0 0 0 0
P 10085 111 9.7251288592815399e-02 -3.4662157297134399e-01 -3.2349429130554199e+00 3.2577116489410400e+00 1.3500077383693843e-01 1 0 0 0 0
P 10086 211 -2.6919955015182495e-01 -1.1044733971357346e-01 -2.3925894498825073e-01 4.0174621343612671e-01 1.3960001648146275e-01 1 0 0 0 0
P 10087 111 1.8110242486000061e-01 1.0369647294282913e-01 -9.5650398731231689e-01 9.8826926946640015e-01 1.3500083124313103e-01 1 0 0 0 0
P 10088 310 2.7182352542877197e-01 3.5245594382286072e-01 -9.7194260358810425e-01 1.1791899204254150e+00 4.9769792289167142e-01 1 0 0 0 0
P 10089 211 1.2269720435142517e-01 2.9850926995277405e-01 -2.7989778518676758e+01 2.7991987228393555e+01 1.3958897436993925e-01 1 0 0 0 0
P 10090 111 1.9382739067077637e-01 -7.3345147073268890e-02 -3.4966778755187988e+00 3.5054149627685547e+00 1.3501602899495177e-01 1 0 0 0 0
P 10091 2112 4.1448283195495605e-01 3.4113824367523193e-03 -2.5887424468994141e+01 2.5907785415649414e+01 9.3957003461391675e-01 1 0 0 0 0
P 10092 -211 -1.0880960524082184e-01 1.9075919687747955e-01 -6.7211213111877441e+00 6.7261562347412109e+00 1.3956150278638907e-01 1 0 0 0 0
P 10093 211 3.0891010165214539e-01 -4.9908873438835144e-01 2.1663608551025391e+00 2.2488076686859131e+00 1.3964798789764921e-01 1 0 0 0 0
P 10094 -211 -3.1387782096862793e-01 6.8253272771835327e-01 8.6860489845275879e-01 1.1568638086318970e+00 1.3960369337342449e-01 1 0 0 0 0
P 10095 2212 -2.6376792788505554e-01 5.1591444015502930e-01 -5.7439331054687500e+01 5.7449916839599609e+01 9.3832384472616925e-01 1 0 0 0 0
P 10096 -211 -3.3469659090042114e-01 2.0871795713901520e-01 -3.6568749696016312e-02 4.2001166939735413e-01 1.3959776281507796e-01 1 0 0 0 0
P 10097 111 2.7965977787971497e-01 -2.9174512624740601e-01 -5.4406370967626572e-02 4.2954543232917786e-01 1.3499783398316784e-01 1 0 0 0 0
P 10098 211 2.9134428501129150e-01 -7.1241170167922974e-01 -1.2668330669403076e+00 1.4888808727264404e+00 1.3960053215881560e-01 1 0 0 0 0
P 10099 -211 -7.4937626719474792e-02 9.8158702254295349e-02 -4.7531247138977051e-01 5.1054960489273071e-01 1.3960005326244429e-01 1 0 0 0 0
P 10100 -211 4.7670155763626099e-01 -5.9103602170944214e-01 -2.3417820930480957e+00 2.4657657146453857e+00 1.3960384732874767e-01 1 0 0 0 0
P 10101 211 -7.8259214758872986e-02 1.5852253139019012e-01 -1.5842318534851074e+00 1.6001664400100708e+00 1.3960004471566415e-01 1 0 0 0 0
P 10102 2212 5.9563082456588745e-01 6.5491956472396851e-01 -2.6675027608871460e-01 1.3172922134399414e+00 9.3830024531853518e-01 1 0 0 0 0
P 10103 -2212 1.0744686126708984e+00 6.4303362369537354e-01 3.0755048990249634e-01 1.5946686267852783e+00 9.3829935766590578e-01 1 0 0 0 0
P 10104 -211 -1.6767403110861778e-02 -6.5131261944770813e-03 -3.1347006559371948e-01 3.4362071752548218e-01 1.3959996013426759e-01 1 0 0 0 0
P 10105 111 5.5723261833190918e-01 1.4105312526226044e-01 -2.8282403945922852e+00 2.8892166614532471e+00 1.3500004494901538e-01 1 0 0 0 0
P 10106 211 -9.4354160130023956e-02 -4.7999933362007141e-01 -2.0659003257751465e+00 2.1276123523712158e+00 1.3959977834927781e-01 1 0 0 0 0
P 10107 111 -4.0154847502708435e-01 -3.6958271265029907e-01 -3.4078173637390137e+00 3.4538784027099609e+00 1.3499732152402305e-01 1 0 0 0 0
P 10108 111 3.0867554247379303e-02 -4.4258895516395569e-01 -5.6896514892578125e+00 5.7085194587707520e+00 1.3499093603771936e-01 1 0 0 0 0
P 10109 2212 1.0256221145391464e-01 6.7523348331451416e-01 -3.2316066741943359e+01 3.2336898803710938e+01 9.3829382791153604e-01 1 0 0 0 0
P 10110 211 3.9156138896942139e-01 7.3959666490554810e-01 -1.7072536051273346e-01 8.6542427539825439e-01 1.3960114489257869e-01 1 0 0 0 0
P 10111 111 -1.3046771287918091e-01 3.0625104904174805e-01 1.9135589897632599e-01 4.0700584650039673e-01 1.3500055507060357e-01 1 0 0 0 0
P 10112 211 8.7053284049034119e-02 3.4934329986572266e-01 -1.0370837152004242e-01 3.9982801675796509e-01 1.3959943136157263e-01 1 0 0 0 0
P 10113 -211 3.4841012954711914e-01 1.4848676323890686e-01 3.7050127983093262e-02 4.0533766150474548e-01 1.3959932171169212e-01 1 0 0 0 0
P 10114 111 5.9100139141082764e-01 8.4203302860260010e-01 2.2189986705780029e-01 1.0610213279724121e+00 1.3499793148367131e-01 1 0 0 0 0
P 10115 -211 -1.9071632623672485e-01 -1.0312277078628540e-01 -9.0925186872482300e-02 2.7342748641967773e-01 1.3960006366085081e-01 1 0 0 0 0
P 10116 111 2.3608584702014923e-01 2.4940060079097748e-01 -1.3127650022506714e+00 1.3636400699615479e+00 1.3500037937875600e-01 1 0 0 0 0
P 10117 211 1.0271415114402771e-01 -4.3083310127258301e-01 -5.8785820007324219e-01 7.4915468692779541e-01 1.3959986946677699e-01 1 0 0 0 0
P 10118 111 -1.3305032253265381e-01 2.3746201395988464e-01 -3.3341661095619202e-01 4.5109006762504578e-01 1.3500006017971997e-01 1 0 0 0 0
P 10119 -211 3.9913929998874664e-02 -7.3095448315143585e-02 -4.7194144129753113e-01 4.9915224313735962e-01 1.3960004098394763e-01 1 0 0 0 0
P 10120 211 -3.0539783835411072e-01 -1.5856602787971497e-01 -1.2895929813385010e+00 1.3419944047927856e+00 1.3959906915415160e-01 1 0 0 0 0
P 10121 -211 -2.3672130703926086e-01 2.5186741352081299e-01 -2.5843415260314941e+00 2.6110889911651611e+00 1.3960811370786005e-01 1 0 0 0 0
P 10122 111 -2.4026408791542053e-01 -4.6796604990959167e-01 -1.1596493721008301e+00 1.2805198431015015e+00 1.3500128352363580e-01 1 0 0 0 0
P 10123 22 -2.2323104739189148e-01 -5.1684323698282242e-02 -2.2800926864147186e-01 3.2325157523155212e-01 -1.2462972679341995e-04 1 0 0 0 0
P 10124 22 -3.2821983098983765e-02 -2.3270912468433380e-01 -1.7304272651672363e+00 1.7463129758834839e+00 -5.7409148227700380e-04 1 0 0 0 0
E 28 -1 -1.0000000000000000e+00 -1.0000000000000000e+00 -1.0000000000000000e+00 0 0 1 0 0 0 0
U GEV MM
H 1 1 4 4 0 0 0 3 0 1.0002368688583374e+00 4.0913162231445312e+00 8.5914492607116699e-01 4.2000000000000000e+01
V -1 0 0 0 0 0 2 60 0
P 10001 2212 0 0 1.0000000000000000e+02 1.0000000000000000e+02 0 101 0 0 -1 0
P 10002 3000001 0 0 -1.0000000000000000e+02 1.0000000000000000e+02 0 102 0 0 -1 0
P 10003 -321 1.5932589769363403e-01 4.4640505313873291e-01 -1.6856811940670013e-01 7.0478254556655884e-01 4.9360005319214645e-01 1 0 0 0 0
P 10004 -3122 3.1786316633224487e-01 -3.5591146349906921e-01 -1.2674244880676270e+01 1.2732192039489746e+01 1.1155809574999993e+00 1 0 0 0 0
P 10005 3212 -5.7932776212692261e-01 -4.8587310314178467e-01 -6.4853639602661133e+00 6.6373157501220703e+00 1.1926111442428853e+00 1 0 0 0 0
P 10006 2212 2.2194245457649231e-01 -1.4655724167823792e-02 6.9390419006347656e+01 6.9397117614746094e+01 9.3819513695928503e-01 1 0 0 0 0
P 10007 211 -3.5084206610918045e-02 2.6361423730850220e-01 1.8583288192749023e+01 1.8585714340209961e+01 1.3947800348317158e-01 1 0 0 0 0
P 10008 211 -4.0641784667968750e-02 -2.3382756114006042e-01 1.4253075122833252e+00 1.4516600370407104e+00 1.3960041389641148e-01 1 0 0 0 0
P 10009 -211 8.7962727993726730e-03 6.0591936111450195e-02 -2.0853281021118164e-02 1.5385641157627106e-01 1.3960006775387376e-01 1 0 0 0 0
P 10010 211 2.6026734709739685e-01 -2.7449911832809448e-01 -8.3098632097244263e-01 9.2364239692687988e-01 1.3959997789934789e-01 1 0 0 0 0
P 10011 -211 -2.6329588890075684e-01 1.8973948061466217e-01 -1.7530797421932220e-01 3.9439430832862854e-01 1.3960010387235866e-01 1 0 0 0 0
P 10012 111 -9.0777158737182617e-02 -2.6185759902000427e-01 -1.4183539152145386e+00 1.4514689445495605e+00 1.3499767951519684e-01 1 0 0 0 0
P 10013 130 1.4404228329658508e-01 6.4034909009933472e-02 -1.0816658020019531e+01 1.0829250335693359e+01 4.9771825575589274e-01 1 0 0 0 0
P 10014 321 8.6149707436561584e-02 4.3861716985702515e-02 -8.4872703552246094e+00 8.5021610260009766e+00 4.9359741395915602e-01 1 0 0 0 0
P 10015 -211 -2.9677826166152954e-01 -5.3525865077972412e-01 -8.7698421478271484e+00 8.7922811508178711e+00 1.3963300968026590e-01 1 0 0 0 0
P 10016 130 -3.7672978639602661e-01 2.0337387919425964e-01 -1.5806071758270264e+00 1.7115226984024048e+00 4.9769934315231285e-01 1 0 0 0 0
P 10017 -321 -1.5255273878574371e-01 9.2781074345111847e-02 2.0619012415409088e-01 5.6394672393798828e-01 4.9359991316251833e-01 1 0 0 0 0
P 10018 211 4.7278426587581635e-02 -7.7474892139434814e-01 2.7086383104324341e-01 8.3386236429214478e-01 1.3959973779760376e-01 1 0 0 0 0
P 10019 -211 -2.5410920381546021e-01 4.3353170156478882e-01 7.9546731710433960e-01 9.5119792222976685e-01 1.3959946614389826e-01 1 0 0 0 0
P 10020 321 -9.1980293393135071e-02 -3.0413230881094933e-02 -8.6369538307189941e-01 9.9949789047241211e-01 4.9360001958445343e-01 1 0 0 0 0
P 10021 2212 5.7081390172243118e-02 4.6773105859756470e-01 -8.6443090438842773e-01 1.3600287437438965e+00 9.3829993449163784e-01 1 0 0 0 0
P 10022 -2212 -1.4447948336601257e-01 -2.8324016928672791e-01 -1.7193439006805420e+00 1.9843512773513794e+00 9.3830018038332774e-01 1 0 0 0 0
P 10023 211 6.8920396268367767e-02 -4.1143682599067688e-01 -3.3211687114089727e-03 4.3991994857788086e-01 1.3960031587387020e-01 1 0 0 0 0
P 10024 2212 3.9348247647285461e-01 4.3534133583307266e-02 -7.0016789436340332e+00 7.0753540992736816e+00 9.3829841751046372e-01 1 0 0 0 0
P 10025 130 1.8855844438076019e-01 3.1215238571166992e-01 5.9195919036865234e+00 5.9516534805297852e+00 4.9761174348932363e-01 1 0 0 0 0
P 10026 -211 1.1721754074096680e-01 -2.8539669513702393e-01 -2.3115530610084534e-01 4.1001483798027039e-01 1.3960002282562953e-01 1 0 0 0 0
P 10027 -2212 -4.3580344319343567e-01 1.1051385104656219e-01 -5.5603337287902832e+00 5.6568417549133301e+00 9.3830139733226059e-01 1 0 0 0 0
P 10028 -211 1.1382480710744858e-01 2.9836140573024750e-02 -3.6023026704788208e-01 4.0385684370994568e-01 1.3960022534591368e-01 1 0 0 0 0
P 10029 2212 1.0633442550897598e-01 -2.2721767425537109e-02 -5.0340106964111328e+01 5.0348964691162109e+01 9.3811141393519282e-01 1 0 0 0 0
P 10030 211 -8.4684249013662338e-03 1.9447016716003418e-01 -2.0191766738891602e+01 2.0193185806274414e+01 1.3935066837908747e-01 1 0 0 0 0
P 10031 130 2.7673080563545227e-01 2.2566276788711548e-01 -5.5642485618591309e-01 8.2753705978393555e-01 4.9770005137251716e-01 1 0 0 0 0
P 10032 2212 -2.1306796371936798e-01 3.9420323446393013e-03 -9.9995353698730469e+01 1.0000000000000000e+02 9.4011976311986967e-01 1 0 0 0 0
P 10033 2212 2.5382485985755920e-01 1.6808712482452393e-01 -9.9995384216308594e+01 1.0000026702880859e+02 9.4013877955987635e-01 1 0 0 0 0
P 10034 2212 1.0303537547588348e-01 -1.1724359542131424e-01 -9.9995536804199219e+01 1.0000007629394531e+02 9.3995515087512316e-01 1 0 0 0 0
P 10035 111 -6.7469036579132080e-01 1.6399480402469635e-01 -1.4186496734619141e+00 1.5852106809616089e+00 1.3499859844623482e-01 1 0 0 0 0
P 10036 -211 -4.6983560919761658e-01 5.4103916883468628e-01 -2.9463274478912354e+00 3.0354244709014893e+00 1.3959730107306184e-01 1 0 0 0 0
P 10037 2212 2.0271660387516022e-01 -2.9917663335800171e-01 -7.7093063354492188e+01 7.7099624633789062e+01 9.3866959681942053e-01 1 0 0 0 0
P 10038 211 1.8521064519882202e-01 4.2422235012054443e-01 -1.3570716381072998e+00 1.4406247138977051e+00 1.3960139648604095e-01 1 0 0 0 0
P 10039 111 4.6071119606494904e-02 -4.2594215273857117e-01 -2.4194178581237793e+00 2.4607634544372559e+00 1.3499904053124434e-01 1 0 0 0 0
P 10040 211 5.9214949607849121e-02 1.9247610867023468e-01 -3.2494513988494873e+00 3.2586772441864014e+00 1.3960489113026670e-01 1 0 0 0 0
P 10041 -211 2.9905091971158981e-02 1.9719490781426430e-02 -7.9350686073303223e-01 8.0648899078369141e-01 1.3960007658458870e-01 1 0 0 0 0
P 10042 111 -4.0703171491622925e-01 -1.6525998711585999e-02 -3.9513027667999268e+00 3.9745397567749023e+00 1.3499925067377916e-01 1 0 0 0 0
P 10043 -211 5.7500693947076797e-02 -4.3394621461629868e-03 -1.6211030483245850e+00 1.6281242370605469e+00 1.3960042005886888e-01 1 0 0 0 0
P 10044 211 3.7674605846405029e-04 1.5705297887325287e-01 -9.4704170227050781e+00 9.4727478027343750e+00 1.3959430560112593e-01 1 0 0 0 0
P 10045 111 3.8332760334014893e-01 -7.0498324930667877e-02 -5.9230427742004395e+00 5.9373879432678223e+00 1.3501784531508709e-01 1 0 0 0 0
P 10046 2112 -1.9073399901390076e-01 -2.9955103993415833e-01 -9.9995178222656250e+01 1.0000022125244141e+02 9.3940005990091846e-01 1 0 0 0 0
P 10047 2112 -1.5173019468784332e-01 -1.5404281020164490e-01 -9.9995124816894531e+01 9.9999771118164062e+01 9.3940688709824560e-01 1 0 0 0 0
P 10048 2112 -1.6080208122730255e-02 9.1879017651081085e-02 -9.9995712280273438e+01 1.0000016784667969e+02 9.3935860985240338e-01 1 0 0 0 0
P 10049 2112 -4.0666118264198303e-01 -3.4968626499176025e-01 -6.0062390565872192e-01 1.2374382019042969e+00 9.3960120588031293e-01 1 0 0 0 0
P 10050 -2112 4.2536792159080505e-01 2.9129746556282043e-01 -1.1663668155670166e+00 1.5839979648590088e+00 9.3959880909872107e-01 1 0 0 0 0
P 10051 -211 3.3932363986968994e-01 -1.5053017437458038e-01 -1.1820431947708130e+00 1.2468016147613525e+00 1.3960045234836957e-01 1 0 0 0 0
P 10052 2212 7.4541285634040833e-02 3.5535711050033569e-01 -3.0602002143859863e+00 3.2213456630706787e+00 9.3830029820367788e-01 1 0 0 0 0
P 10053 -2112 -7.8228664398193359e-01 -5.3069120645523071e-01 -1.1235078811645508e+01 1.1313860893249512e+01 9.3959930712691664e-01 1 0 0 0 0
P 10054 2112 3.4304338693618774e-01 8.4327243268489838e-02 -8.0592758178710938e+01 8.0599014282226562e+01 9.4002264074075337e-01 1 0 0 0 0
P 10055 211 2.1644949913024902e-01 1.9626051187515259e-01 -1.9095405340194702e+00 1.9368019104003906e+00 1.3959948019962928e-01 1 0 0 0 0
P 10056 -211 2.4401329457759857e-01 2.5507247447967529e-01 -4.9767559766769409e-01 6.2591814994812012e-01 1.3959969467295535e-01 1 0 0 0 0
P 10057 211 -1.9897307455539703e-01 3.1660130620002747e-01 -1.6216104030609131e+00 1.6700105667114258e+00 1.3960058068235098e-01 1 0 0 0 0
P 10058 111 2.5910419225692749e-01 -1.2961111962795258e-01 -6.4623034000396729e-01 7.2095268964767456e-01 1.3500038367444264e-01 1 0 0 0 0
P 10059 2112 -2.2333621978759766e-02 9.0123839676380157e-02 -2.9231275558471680e+01 2.9246522903442383e+01 9.3968615458960991e-01 1 0 0 0 0
P 10060 -211 3.6765390634536743e-01 1.0554143227636814e-02 -7.2807240486145020e+00 7.2913451194763184e+00 1.3960728651222820e-01 1 0 0 0 0
P 10061 310 1.9199118018150330e-01 -2.8844657540321350e-01 -6.9321169853210449e+00 6.9585924148559570e+00 4.9769514543041410e-01 1 0 0 0 0
P 10062 310 -4.7034114599227905e-02 2.6228427886962891e-01 -1.2592120170593262e+00 1.3799728155136108e+00 4.9769952458451366e-01 1 0 0 0 0
E 29 -1 -1.0000000000000000e+00 -1.0000000000000000e+00 -1.0000000000000000e+00 0 0 1 0 0 0 0
U GEV MM
H 1 1 1 1 0 0 0 0 0 8.5332088470458984e+00 3.9728870987892151e-01 1.0000000000000000e+00 4.2000000000000000e+01
V -1 0 0 0 0 0 2 46 0
P 10001 2212 0 0 1.0000000000000000e+02 1.0000000000000000e+02 0 101 0 0 -1 0
P 10002 3000001 0 0 -1.0000000000000000e+02 1.0000000000000000e+02 0 102 0 0 -1 0
P 10003 2212 1.8711108714342117e-02 -2.3248064517974854e-01 -8.9650565385818481e-01 1.3185319900512695e+00 9.3829998689990268e-01 1 0 0 0 0
P 10004 -2112 -1.7070972919464111e-01 6.1636841297149658e-01 -4.9219841957092285e+00 5.0515174865722656e+00 9.3960026723242773e-01 1 0 0 0 0
P 10005 211 -2.2375398874282837e-01 1.5965050458908081e-01 -2.7072641253471375e-01 4.1028660535812378e-01 1.3960006088287683e-01 1 0 0 0 0
P 10006 211 -2.0629204809665680e-01 -6.6615067422389984e-02 2.8901392221450806e-01 3.8731268048286438e-01 1.3959974539161865e-01 1 0 0 0 0
P 10007 -211 1.4442819356918335e-01 -1.6455528140068054e-01 -2.5601711869239807e-01 3.6465167999267578e-01 1.3959992451075584e-01 1 0 0 0 0
P 10008 -211 6.1350911855697632e-02 -2.6887604594230652e-01 -1.7836178541183472e+00 1.8102039098739624e+00 1.3959686001536042e-01 1 0 0 0 0
P 10009 111 8.1263673305511475e-01 -3.5887786746025085e-01 -1.8408501148223877e+00 2.0484447479248047e+00 1.3499983850290878e-01 1 0 0 0 0
P 10010 211 -2.0551028847694397e-01 -2.1339286863803864e-01 -1.2070865631103516e+00 1.2507266998291016e+00 1.3960054358198909e-01 1 0 0 0 0
P 10011 -211 -6.1240053176879883e-01 2.8102374076843262e-01 -1.5636907815933228e+00 1.7083984613418579e+00 1.3959830976448165e-01 1 0 0 0 0
P 10012 211 2.5303679704666138e-01 -8.9290440082550049e-01 -1.0158073902130127e+00 1.3829890489578247e+00 1.3960002096245289e-01 1 0 0 0 0
P 10013 -211 2.7635502815246582e-01 -5.1307737827301025e-02 -6.8113660812377930e-01 7.4995982646942139e-01 1.3959970216863832e-01 1 0 0 0 0
P 10014 -211 -2.9300671815872192e-01 -1.4023636281490326e-01 -1.0740933418273926e+00 1.1307890415191650e+00 1.3960005415542670e-01 1 0 0 0 0
P 10015 111 -3.5986497998237610e-02 3.9187696576118469e-01 -4.4066053628921509e-01 6.0602760314941406e-01 1.3500060445774001e-01 1 0 0 0 0
P 10016 211 9.4774350523948669e-02 5.6541526317596436e-01 -1.0947880744934082e+00 1.2436742782592773e+00 1.3960008954570471e-01 1 0 0 0 0
P 10017 111 -2.2751270234584808e-01 8.9137256145477295e-02 -2.0943036079406738e+00 2.1128275394439697e+00 1.3500047791649161e-01 1 0 0 0 0
P 10018 211 9.6742317080497742e-02 -7.4640125036239624e-02 -9.0597891807556152e-01 9.2477893829345703e-01 1.3959964374696499e-01 1 0 0 0 0
P 10019 -211 -3.8650521636009216e-01 8.1860691308975220e-01 -1.7825963497161865e+00 2.0041561126708984e+00 1.3960092228477369e-01 1 0 0 0 0
P 10020 111 3.0377182364463806e-01 -3.7943601608276367e-01 -5.0162398815155029e-01 7.1140742301940918e-01 1.3499957369155485e-01 1 0 0 0 0
P 10021 -211 1.4163757860660553e-01 -8.7324112653732300e-02 -6.6553247161209583e-03 2.1729974448680878e-01 1.3960007622724022e-01 1 0 0 0 0
P 10022 211 4.0357254445552826e-02 1.5819296240806580e-02 1.0357844084501266e-01 1.7915250360965729e-01 1.3960002873132579e-01 1 0 0 0 0
P 10023 111 2.1659609675407410e-01 -1.4168520271778107e-01 -1.1796679347753525e-01 3.1484881043434143e-01 1.3500016026016218e-01 1 0 0 0 0
P 10024 -211 -3.7149780988693237e-01 1.4403507113456726e-02 -1.8379834294319153e-01 4.3759343028068542e-01 1.3959976929851750e-01 1 0 0 0 0
P 10025 111 -2.4977996945381165e-02 -3.5139092803001404e-01 3.4763744473457336e-01 5.1300698518753052e-01 1.3499958976388643e-01 1 0 0 0 0
P 10026 130 -3.3733004331588745e-01 -6.1896640062332153e-01 -2.3148984909057617e+00 2.4705002307891846e+00 4.9770011443393558e-01 1 0 0 0 0
P 10027 130 2.4292579293251038e-01 -3.6192053556442261e-01 -1.7949483394622803e+00 1.9129934310913086e+00 4.9769961937394780e-01 1 0 0 0 0
P 10028 2112 -1.3470795750617981e-01 2.9868391156196594e-01 7.1206192016601562e+01 7.1213142395019531e+01 9.3942001008823550e-01 1 0 0 0 0
P 10029 211 -2.1003773808479309e-01 1.7444375157356262e-01 2.6893041133880615e+00 2.7067308425903320e+00 1.3960217068866140e-01 1 0 0 0 0
P 10030 -2212 -2.7913898229598999e-01 -1.6648087650537491e-02 1.0848995447158813e+00 1.4613724946975708e+00 9.3829996049995334e-01 1 0 0 0 0
P 10031 2212 -3.8625933229923248e-02 4.6418039128184319e-03 1.0867133140563965e+00 1.4362682104110718e+00 9.3830007792205739e-01 1 0 0 0 0
P 10032 -211 -1.0193176567554474e-01 1.6828584671020508e-01 1.0898007154464722e+00 1.1161828041076660e+00 1.3960029276940977e-01 1 0 0 0 0
P 10033 -211 -2.3992332816123962e-01 4.0603056550025940e-03 -2.6918184757232666e+00 2.7060956954956055e+00 1.3959769860830779e-01 1 0 0 0 0
P 10034 321 -4.3913117051124573e-01 -3.8960307836532593e-02 -2.8540744781494141e+01 2.8548408508300781e+01 4.9311416926927254e-01 1 0 0 0 0
P 10035 -211 2.7406636625528336e-02 1.2546774744987488e-01 1.4567542076110840e+00 1.4690520763397217e+00 1.3959907673111938e-01 1 0 0 0 0
P 10036 211 1.7492513358592987e-01 3.4738145768642426e-02 3.7733533382415771e+00 3.7801439762115479e+00 1.3959772397176862e-01 1 0 0 0 0
P 10037 211 -2.3209476470947266e-01 -5.3837362676858902e-02 1.6997542977333069e-01 3.2426258921623230e-01 1.3959992339912450e-01 1 0 0 0 0
P 10038 111 3.5455831885337830e-01 3.7850137799978256e-02 -3.1079313158988953e-01 4.9189588427543640e-01 1.3499983675564919e-01 1 0 0 0 0
P 10039 -321 5.4319369792938232e-01 -1.7463651299476624e-01 -8.0449037551879883e+00 8.0802011489868164e+00 4.9357559979085097e-01 1 0 0 0 0
P 10040 211 3.2774992287158966e-03 1.1510949581861496e-02 -2.8583756089210510e-01 3.1833070516586304e-01 1.3959972304119136e-01 1 0 0 0 0
P 10041 22 9.1187924146652222e-02 3.5026267170906067e-02 7.6378707885742188e+00 7.6384959220886230e+00 2.7734287560826332e-03 1 0 0 0 0
P 10042 22 5.3559577465057373e-01 2.2286523878574371e-01 6.3089933395385742e+00 6.3356084823608398e+00 2.4768806905021553e-03 1 0 0 0 0
P 10043 111 -4.7107294201850891e-01 -2.6874548196792603e-01 -4.9835744500160217e-01 7.4881112575531006e-01 1.3499669731613262e-01 1 0 0 0 0
P 10044 111 -2.6294177770614624e-01 6.7926341295242310e-01 -8.1220531463623047e+00 8.1557655334472656e+00 1.3500726496567755e-01 1 0 0 0 0
P 10045 211 5.9271365404129028e-01 1.0710878670215607e-01 -1.5027747154235840e+00 1.6249927282333374e+00 1.3959854447308981e-01 1 0 0 0 0
P 10046 111 3.9636552333831787e-02 -3.1604000926017761e-01 -1.6014597415924072e+00 1.6383988857269287e+00 1.3500096694444874e-01 1 0 0 0 0
P 10047 2112 9.8727136850357056e-02 1.9157364964485168e-01 -1.5005248069763184e+01 1.5036181449890137e+01 9.3959323544797746e-01 1 0 0 0 0
P 10048 -211 2.4250429868698120e-01 -1.3741959631443024e-01 -3.8840477466583252e+00 3.8965375423431396e+00 1.3959025838150732e-01 1 0 0 0 0
E 30 -1 -1.0000000000000000e+00 -1.0000000000000000e+00 -1.0000000000000000e+00 0 0 1 0 0 0 0
U GEV MM
H 1 1 7 7 0 0 0 6 0 3.4144220352172852e+00 2.3613896369934082e+00 2.9793721437454224e-01 4.2000000000000000e+01
V -1 0 0 0 0 0 2 122 0
P 10001 2212 0 0 1.0000000000000000e+02 1.0000000000000000e+02 0 101 0 0 -1 0
P 10002 3000001 0 0 -1.0000000000000000e+02 1.0000000000000000e+02 0 102 0 0 -1 0
P 10003 2212 8.0757302045822144e-01 5.9310555458068848e-01 5.0260133743286133e+00 5.2101020812988281e+00 9.3829892698319028e-01 1 0 0 0 0
P 10004 211 1.5378643572330475e-01 5.8468115329742432e-01 5.2327866554260254e+00 5.2694444656372070e+00 1.3959396977024924e-01 1 0 0 0 0
P 10005 22 3.3745205402374268e-01 2.5457662343978882e-01 2.4248514175415039e+00 2.4614195823669434e+00 -1.0875019218523046e-03 1 0 0 0 0
P 10006 -211 4.1788420081138611e-01 8.0876088142395020e-01 1.5274116992950439e+00 1.7835909128189087e+00 1.3960185005005663e-01 1 0 0 0 0
P 10007 111 -1.8970960378646851e-01 1.9337815046310425e-01 1.0845935344696045e+00 1.1260341405868530e+00 1.3499965892013835e-01 1 0 0 0 0
P 10008 211 1.9729688763618469e-01 -3.0464410781860352e-01 3.0164251327514648e+00 3.0413885116577148e+00 1.3960445211138586e-01 1 0 0 0 0
P 10009 111 5.1092511415481567e-01 -4.0046572685241699e-02 4.2539730072021484e+00 4.2868599891662598e+00 1.3503340494895691e-01 1 0 0 0 0
P 10010 -211 4.2693305015563965e-01 -5.0997078418731689e-01 3.6915159225463867e+00 3.7535479068756104e+00 1.3960677905084032e-01 1 0 0 0 0
P 10011 111 -9.0523749589920044e-02 1.6816115379333496e-01 4.6033698320388794e-01 5.1634085178375244e-01 1.3500005270587934e-01 1 0 0 0 0
P 10012 211 6.0497419908642769e-03 -1.2093164026737213e-01 1.1693301200866699e+00 1.1838419437408447e+00 1.3959855666260468e-01 1 0 0 0 0
P 10013 -211 -1.9432222843170166e-01 -7.5650262832641602e-01 2.9863836765289307e+00 3.0899889469146729e+00 1.3959539207637969e-01 1 0 0 0 0
P 10014 111 2.7273309230804443e-01 -5.5145221948623657e-01 2.0772337913513184e+00 2.1706235408782959e+00 1.3499423049543255e-01 1 0 0 0 0
P 10015 211 -5.1090806722640991e-01 -4.4428193569183350e-01 6.3102573156356812e-02 6.9417834281921387e-01 1.3959994756864483e-01 1 0 0 0 0
P 10016 -211 -1.3464623689651489e-01 -3.8636091351509094e-01 3.8622274994850159e-01 5.7970726490020752e-01 1.3959991331547666e-01 1 0 0 0 0
P 10017 111 -4.7590500116348267e-01 -5.4182642698287964e-01 4.4726705551147461e-01 8.5926377773284912e-01 1.3499990247542548e-01 1 0 0 0 0
P 10018 -211 -2.7978184819221497e-01 -6.2188380956649780e-01 -1.7121616750955582e-02 6.9627469778060913e-01 1.3959924724195424e-01 1 0 0 0 0
P 10019 211 1.5560366213321686e-02 -2.3476722836494446e-01 7.3486074805259705e-02 2.8327745199203491e-01 1.3959991083795417e-01 1 0 0 0 0
P 10020 111 -6.6308617591857910e-02 7.0746049284934998e-02 4.0279932320117950e-02 1.7102423310279846e-01 1.3499992260856064e-01 1 0 0 0 0
P 10021 211 1.7191766202449799e-01 -3.1783264875411987e-01 1.2335443496704102e+00 1.2929397821426392e+00 1.3960065369915300e-01 1 0 0 0 0
P 10022 -211 3.1651106476783752e-01 2.6504999399185181e-01 2.0127229690551758e+00 2.0593621730804443e+00 1.3959962864125738e-01 1 0 0 0 0
P 10023 -211 4.9671676754951477e-01 -2.5456672906875610e-01 8.2921987771987915e-01 1.0092704296112061e+00 1.3960454064325037e-01 1 0 0 0 0
P 10024 211 9.8251491785049438e-01 -7.1164149045944214e-01 5.3675551414489746e+00 5.5047163963317871e+00 1.3958951538921133e-01 1 0 0 0 0
P 10025 -211 6.6976309753954411e-03 7.7798128128051758e-01 3.3203430175781250e+00 3.4131324291229248e+00 1.3962625851604599e-01 1 0 0 0 0
P 10026 211 -5.3651744127273560e-01 -4.7961455583572388e-01 -5.1912587136030197e-02 7.3489063978195190e-01 1.3960031796750569e-01 1 0 0 0 0
P 10027 -211 2.5194531679153442e-01 1.6446658968925476e-01 -1.5824795961380005e+00 1.6168659925460815e+00 1.3960037206875908e-01 1 0 0 0 0
P 10028 111 2.1239489316940308e-01 -1.2120378762483597e-01 -1.1161282062530518e+00 1.1505516767501831e+00 1.3500014555530879e-01 1 0 0 0 0
P 10029 -211 -9.5587337017059326e-01 5.5149674415588379e-02 6.1597499847412109e+00 6.2352819442749023e+00 1.3959105878180231e-01 1 0 0 0 0
P 10030 211 -2.4453029036521912e-01 4.3797779083251953e-01 2.2832391262054443e+00 2.3418557643890381e+00 1.3959908881555172e-01 1 0 0 0 0
P 10031 22 3.5618907213211060e-01 2.7998390793800354e-01 -3.8738057017326355e-01 5.9609174728393555e-01 1.4567663570154530e-04 1 0 0 0 0
P 10032 22 -6.0633420944213867e-03 -1.6494607925415039e-01 -3.9547732472419739e-01 4.2853972315788269e-01 8.2307691179299609e-05 1 0 0 0 0
P 10033 211 -2.2329598665237427e-02 2.1805405616760254e-02 -4.4454712867736816e+00 4.4477729797363281e+00 1.3962604002356135e-01 1 0 0 0 0
P 10034 111 -6.8182754516601562e-01 -1.3878309726715088e-01 -8.3386459350585938e+00 8.3687143325805664e+00 1.3495925546625989e-01 1 0 0 0 0
P 10035 2212 -2.5122034549713135e-01 -4.7857321798801422e-02 -7.1224273681640625e+01 7.1230926513671875e+01 9.3932344463219930e-01 1 0 0 0 0
P 10036 111 -2.1616324782371521e-01 8.1517197191715240e-02 -1.1664443016052246e+01 1.1667511940002441e+01 1.3502737582364113e-01 1 0 0 0 0
P 10037 111 -1.8654780089855194e-01 -3.2669928669929504e-01 -4.5138959884643555e+00 4.5315575599670410e+00 1.3499784690848662e-01 1 0 0 0 0
P 10038 3122 -3.3513572812080383e-01 1.8801404535770416e-01 -4.5062774658203125e+01 4.5078220367431641e+01 1.1156282361164487e+00 1 0 0 0 0
P 10039 -211 -1.5324400365352631e-01 4.6120136976242065e-02 4.4161170721054077e-01 4.9002039432525635e-01 1.3960048430719008e-01 1 0 0 0 0
P 10040 211 2.1848171949386597e-01 7.1122217178344727e-01 3.8734674453735352e-01 8.5035121440887451e-01 1.3960103134863353e-01 1 0 0 0 0
P 10041 -211 -1.4424879848957062e-01 6.2618565559387207e-01 1.5782156586647034e-01 6.7624866962432861e-01 1.3960095049432003e-01 1 0 0 0 0
P 10042 211 1.6407564282417297e-01 6.7550390958786011e-02 1.0208348184823990e-01 2.4777640402317047e-01 1.3960027663849045e-01 1 0 0 0 0
P 10043 111 -1.4472156763076782e-01 1.4483936131000519e-01 -7.7231466770172119e-02 2.5712352991104126e-01 1.3500013871194649e-01 1 0 0 0 0
P 10044 22 2.8397551178932190e-01 8.7803447246551514e-01 6.9726300239562988e-01 1.1566178798675537e+00 1.6122610657037923e-03 1 0 0 0 0
P 10045 22 1.3009876012802124e-01 -1.5189439058303833e-02 3.1300082802772522e-01 3.3930283784866333e-01 7.0069990749828024e-04 1 0 0 0 0
P 10046 211 -1.7980548739433289e-01 1.8441405892372131e-01 -2.6859354972839355e-01 3.9745360612869263e-01 1.3960055746008879e-01 1 0 0 0 0
P 10047 -211 -4.4072183966636658e-01 -2.7439352869987488e-01 3.3548587560653687e-01 6.3369297981262207e-01 1.3960111525714947e-01 1 0 0 0 0
P 10048 22 1.3068394362926483e-01 4.6132066845893860e-01 -9.5708394050598145e-01 1.0704693794250488e+00 -1.7075627863577636e-04 1 0 0 0 0
P 10049 22 9.0943910181522369e-03 2.0147784054279327e-01 2.7964323759078979e-02 2.0361240208148956e-01 -1.4594412182391349e-04 1 0 0 0 0
P 10050 211 -3.2665514945983887e-01 -3.5025921463966370e-01 -3.3090770244598389e+00 3.3464705944061279e+00 1.3960509055295714e-01 1 0 0 0 0
P 10051 111 4.1987782716751099e-01 -1.1269993335008621e-01 -2.4343390464782715e+00 2.4765357971191406e+00 1.3499739434438426e-01 1 0 0 0 0
P 10052 130 1.7489102482795715e-01 -2.4370515346527100e-01 -1.2753459930419922e+01 1.2766692161560059e+01 4.9770420816143901e-01 1 0 0 0 0
P 10053 -211 2.8299531340599060e-01 1.8899033963680267e-01 7.3098235130310059e+00 7.3190703392028809e+00 1.3952470266096192e-01 1 0 0 0 0
P 10054 211 -4.3559364974498749e-02 2.3728990554809570e-01 1.6962574720382690e+00 1.7190057039260864e+00 1.3959685215919129e-01 1 0 0 0 0
P 10055 -211 -7.6044267416000366e-01 -5.3024178743362427e-01 -5.2412593364715576e-01 1.0740696191787720e+00 1.3959992369950366e-01 1 0 0 0 0
P 10056 111 -1.7115929722785950e-01 1.7911397153511643e-03 -8.2339334487915039e+00 8.2368192672729492e+00 1.3502921677295718e-01 1 0 0 0 0
P 10057 111 -2.5552877783775330e-01 -5.6417711079120636e-02 2.4935882091522217e+00 2.5109138488769531e+00 1.3501216697923038e-01 1 0 0 0 0
P 10058 111 -4.3321691453456879e-02 -4.8681680113077164e-02 1.6674010753631592e+00 1.6741262674331665e+00 1.3500273426292547e-01 1 0 0 0 0
P 10059 111 6.3286177814006805e-02 -6.2830895185470581e-02 2.2915754318237305e+00 2.2972803115844727e+00 1.3500373536840149e-01 1 0 0 0 0
P 10060 211 -4.2422121763229370e-01 1.2540401518344879e-01 8.4707450866699219e+00 8.4834384918212891e+00 1.3970151272939701e-01 1 0 0 0 0
P 10061 111 1.6212964057922363e-01 -1.9429822266101837e-01 1.3573337554931641e+01 1.3576368331909180e+01 1.3508102703637839e-01 1 0 0 0 0
P 10062 321 1.1406347155570984e-02 -2.0803590118885040e-01 1.8582868576049805e+00 1.9339805841445923e+00 4.9360086483106463e-01 1 0 0 0 0
P 10063 -211 -2.0088109374046326e-01 -2.0805945992469788e-01 4.9553775787353516e-01 5.9049797058105469e-01 1.3960025463978218e-01 1 0 0 0 0
P 10064 310 2.4937892332673073e-02 3.7478139996528625e-01 1.1685506105422974e+00 1.3244994878768921e+00 4.9770007811275008e-01 1 0 0 0 0
P 10065 -211 8.7180569767951965e-02 -3.9563477039337158e-03 -6.8995997309684753e-02 1.7850691080093384e-01 1.3960001836215982e-01 1 0 0 0 0
P 10066 111 -1.2062774598598480e-01 -3.0910357832908630e-01 -2.6441445946693420e-01 4.4523712992668152e-01 1.3500007500980443e-01 1 0 0 0 0
P 10067 211 4.4034248590469360e-01 4.1211649775505066e-01 -7.4683898687362671e-01 9.7005057334899902e-01 1.3959989228392194e-01 1 0 0 0 0
P 10068 321 8.7646141648292542e-02 -8.7848022580146790e-02 -2.1683688163757324e+00 2.2272996902465820e+00 4.9360051167391567e-01 1 0 0 0 0
P 10069 -321 -1.6522377729415894e-02 -1.5438279509544373e-01 -1.4269099235534668e+00 1.5178340673446655e+00 4.9360033394374331e-01 1 0 0 0 0
P 10070 321 1.7601491883397102e-02 1.0204420983791351e-01 -6.9078683853149414e+00 6.9262552261352539e+00 4.9360206184161598e-01 1 0 0 0 0
P 10071 -321 6.0194250196218491e-02 4.5801740139722824e-02 -1.1114931106567383e+01 1.1126142501831055e+01 4.9359124805416571e-01 1 0 0 0 0
P 10072 -211 -9.1629147529602051e-02 1.9836902618408203e-01 -9.2522716522216797e+00 9.2559041976928711e+00 1.3959089919260015e-01 1 0 0 0 0
P 10073 2212 4.4847019016742706e-02 4.3757602572441101e-02 -3.9704685211181641e+01 3.9715820312500000e+01 9.3831199121828146e-01 1 0 0 0 0
P 10074 211 -1.6285678744316101e-01 4.3380390852689743e-03 -6.8829507827758789e+00 6.8862938880920410e+00 1.3960975345333679e-01 1 0 0 0 0
P 10075 310 3.4683334827423096e-01 -6.1194509267807007e-02 -5.9966790676116943e-01 8.5518711805343628e-01 4.9769997894874141e-01 1 0 0 0 0
P 10076 310 2.2653633356094360e-01 -9.4128035008907318e-02 -3.9175842285156250e+01 3.9179775238037109e+01 4.9798609847215586e-01 1 0 0 0 0
P 10077 211 9.9867665767669678e-01 7.2978019714355469e-01 2.1125595271587372e-01 1.2625575065612793e+00 1.3960006119325161e-01 1 0 0 0 0
P 10078 111 3.7543365359306335e-01 7.2827383875846863e-02 -2.2834210097789764e-01 4.6542385220527649e-01 1.3499996677837517e-01 1 0 0 0 0
P 10079 211 7.0947599411010742e-01 -1.6705106198787689e-01 -2.9719737172126770e-01 7.9942280054092407e-01 1.3960047541775075e-01 1 0 0 0 0
P 10080 -211 -5.8384650945663452e-01 2.3110108077526093e-01 -1.4661014080047607e+00 1.6010075807571411e+00 1.3959756068106033e-01 1 0 0 0 0
P 10081 211 -3.6257213354110718e-01 -7.8543877601623535e-01 -6.5794616937637329e-01 1.0957893133163452e+00 1.3960098312988956e-01 1 0 0 0 0
P 10082 -211 3.1320479512214661e-01 -4.4528949260711670e-01 -5.5244380235671997e-01 7.8807514905929565e-01 1.3960053684950899e-01 1 0 0 0 0
P 10083 2212 -2.1505282819271088e-01 -2.0567653700709343e-02 -3.8318331241607666e+00 3.9509520530700684e+00 9.3829967864776054e-01 1 0 0 0 0
P 10084 211 8.3542071282863617e-02 -2.3037247359752655e-01 -5.8860149383544922e+00 5.8927679061889648e+00 1.3961012646927157e-01 1 0 0 0 0
P 10085 2112 2.3138724267482758e-01 1.4768220484256744e-01 -2.4030076980590820e+01 2.4050006866455078e+01 9.3961720594920373e-01 1 0 0 0 0
P 10086 -211 -3.3952760696411133e-01 1.0732166767120361e+00 -8.7631237506866455e-01 1.4333473443984985e+00 1.3960014302335444e-01 1 0 0 0 0
P 10087 111 1.4061857759952545e-01 8.2958757877349854e-01 -3.2908540964126587e-01 9.1351592540740967e-01 1.3500001449187665e-01 1 0 0 0 0
P 10088 211 -9.6652433276176453e-02 2.7911061048507690e-01 -1.3933786749839783e-01 3.5517266392707825e-01 1.3959997900608057e-01 1 0 0 0 0
P 10089 111 7.5579404830932617e-02 -2.0533084869384766e-02 -1.2888450920581818e-01 2.0241065323352814e-01 1.3500000674202792e-01 1 0 0 0 0
P 10090 -2212 -2.2269952297210693e-01 1.9899107515811920e-02 -1.0179486274719238e+01 1.0225083351135254e+01 9.3829508602255063e-01 1 0 0 0 0
P 10091 -211 -5.5242456495761871e-02 -7.3912955820560455e-02 -4.5509476661682129e+00 4.5540232658386230e+00 1.3960082936628401e-01 1 0 0 0 0
P 10092 321 7.1051038801670074e-02 -1.7717090845108032e+00 -3.0472755432128906e+00 3.5599899291992188e+00 4.9359774055756739e-01 1 0 0 0 0
P 10093 321 7.6134957373142242e-02 -1.7353582382202148e-01 -5.3314194679260254e+00 5.3575725555419922e+00 4.9359794472053142e-01 1 0 0 0 0
P 10094 -211 1.6266149282455444e-01 3.1478223204612732e-01 -6.1045742034912109e-01 7.1950900554656982e-01 1.3960061655829389e-01 1 0 0 0 0
P 10095 22 -5.7192720472812653e-02 -5.9012196958065033e-02 3.3757090568542480e-03 8.2248628139495850e-02 -7.2427247654111509e-05 1 0 0 0 0
P 10096 111 -9.2023617029190063e-01 4.5851349830627441e-02 -3.8088021278381348e+00 3.9209866523742676e+00 1.3500268026253351e-01 1 0 0 0 0
P 10097 -321 -2.3049105703830719e-01 -2.6729351282119751e-01 -2.2296596527099609e+01 2.2304853439331055e+01 4.9365808855632642e-01 1 0 0 0 0
P 10098 211 -1.1831241659820080e-02 -1.6244934499263763e-01 -1.6497168540954590e+00 1.6636054515838623e+00 1.3959810845845533e-01 1 0 0 0 0
P 10099 2112 6.7260801792144775e-02 3.8923165202140808e-01 -6.0241577148437500e+01 6.0250198364257812e+01 9.3955324855720035e-01 1 0 0 0 0
P 10100 -211 -9.0165056288242340e-02 -1.6325859725475311e-01 -3.0997011184692383e+01 3.0997884750366211e+01 1.3918874267847134e-01 1 0 0 0 0
P 10101 130 1.4309991896152496e-01 -2.6743167638778687e-01 -9.5215332508087158e-01 1.1163774728775024e+00 4.9770012974020994e-01 1 0 0 0 0
P 10102 2112 -2.4998547136783600e-01 7.2578281164169312e-01 -1.7510919570922852e+01 1.7552902221679688e+01 9.3958435435530219e-01 1 0 0 0 0
P 10103 211 2.8104960918426514e-02 -9.4694212079048157e-02 -3.6879134178161621e+00 3.6918761730194092e+00 1.3959733869402532e-01 1 0 0 0 0
P 10104 -211 1.2372713536024094e-01 -1.5718497335910797e-02 -2.3115029335021973e+00 2.3190708160400391e+00 1.3960001087535256e-01 1 0 0 0 0
P 10105 111 2.9998824000358582e-02 -8.1843860447406769e-02 -2.8847994804382324e+00 2.8892717361450195e+00 1.3499917042493567e-01 1 0 0 0 0
P 10106 111 -1.9223666191101074e-01 -1.1991959810256958e-01 -1.8652682304382324e+00 1.8838219642639160e+00 1.3499621242543763e-01 1 0 0 0 0
P 10107 111 -2.6979479938745499e-02 1.9311431795358658e-02 -1.6393646001815796e+00 1.6452482938766479e+00 1.3499937940508644e-01 1 0 0 0 0
P 10108 111 -4.7686476260423660e-02 -3.2603111863136292e-01 -2.5216636657714844e+01 2.5219150543212891e+01 1.3497964177192079e-01 1 0 0 0 0
P 10109 111 -4.0209092199802399e-02 -5.5804584175348282e-02 -9.9654388427734375e+00 9.9665908813476562e+00 1.3502423632126398e-01 1 0 0 0 0
P 10110 -211 -5.5334383249282837e-01 1.2112702429294586e-01 -5.7247290611267090e+00 5.7543792724609375e+00 1.3963106762988839e-01 1 0 0 0 0
P 10111 211 1.9368807971477509e-01 -1.0594394057989120e-01 -2.9866101741790771e+00 2.9980111122131348e+00 1.3961055001062037e-01 1 0 0 0 0
P 10112 -211 2.2068825364112854e-01 3.3332139253616333e-02 -9.6690082550048828e+00 9.6725921630859375e+00 1.3965737086358002e-01 1 0 0 0 0
P 10113 111 -3.2769605517387390e-01 -3.9829245209693909e-01 -5.9982848167419434e+00 6.0219321250915527e+00 1.3499701655527779e-01 1 0 0 0 0
P 10114 211 -7.4874877929687500e-02 2.0845934748649597e-01 -5.5413289070129395e+00 5.5475096702575684e+00 1.3955622166186737e-01 1 0 0 0 0
P 10115 -321 1.7920610308647156e-01 1.6313798725605011e-01 -1.1730007171630859e+01 1.1742888450622559e+01 4.9359101185484905e-01 1 0 0 0 0
P 10116 111 -3.1449428200721741e-01 1.3770008087158203e-01 -9.4069557189941406e+00 9.4141864776611328e+00 1.3499322714075643e-01 1 0 0 0 0
P 10117 211 -4.5904308557510376e-02 -2.9456180334091187e-01 -1.1153765678405762e+01 1.1158620834350586e+01 1.3948567843699539e-01 1 0 0 0 0
P 10118 111 -5.6281201541423798e-02 3.6937910318374634e-01 -9.9637527465820312e+00 9.9716701507568359e+00 1.3501224003072629e-01 1 0 0 0 0
P 10119 111 1.0950747132301331e-01 -7.4393443763256073e-02 -2.1099348068237305e+00 2.1183900833129883e+00 1.3500142696282641e-01 1 0 0 0 0
P 10120 111 2.1803848445415497e-02 1.6677118837833405e-01 -2.6928594112396240e+00 2.7014815807342529e+00 1.3499216741897008e-01 1 0 0 0 0
P 10121 111 1.5273021161556244e-01 1.1818619817495346e-01 -4.1591329574584961e+00 4.1658020019531250e+00 1.3499950622141380e-01 1 0 0 0 0
P 10122 2212 -3.7128540873527527e-01 -3.0746579170227051e-01 -4.0719894409179688e+01 4.0733562469482422e+01 9.3857481996743564e-01 1 0 0 0 0
P 10123 -211 -3.6656595766544342e-02 -2.9761567711830139e-02 -1.5629156112670898e+01 1.5629851341247559e+01 1.3965206168958136e-01 1 0 0 0 0
P 10124 310 6.9168120622634888e-01 2.5129044055938721e-01 -1.3103001594543457e+01 1.3133084297180176e+01 4.9767719826093659e-01 1 0 0 0 0
E 31 -1 -1.0000000000000000e+00 -1.0000000000000000e+00 -1.0000000000000000e+00 0 0 1 0 0 0 0
U GEV MM
H 1 1 1 1 0 0 0 0 0 7.5407876968383789e+00 4.8934574127197266e+00 1.0000000000000000e+00 4.2000000000000000e+01
V -1 0 0 0 0 0 2 5 0
P 10001 2212 0 0 1.0000000000000000e+02 1.0000000000000000e+02 0 101 0 0 -1 0
P 10002 3000001 0 0 -1.0000000000000000e+02 1.0000000000000000e+02 0 102 0 0 -1 0
P 10003 2212 4.3951746821403503e-01 -1.6464257240295410e-01 9.9747253417968750e+01 9.9752777099609375e+01 9.3898449101219050e-01 1 0 0 0 0
P 10004 211 9.4974130392074585e-02 -5.8234963566064835e-02 2.0487837493419647e-01 2.7180555462837219e-01 1.3961273074432773e-01 1 0 0 0 0
P 10005 111 2.2139465808868408e-01 -7.1168966591358185e-02 -3.0176365375518799e+00 3.0295934677124023e+00 1.3500255701901678e-01 1 0 0 0 0
P 10006 2112 -6.1993896961212158e-01 5.6451544165611267e-02 -8.4697708129882812e+01 8.4705215454101562e+01 9.4034651489025434e-01 1 0 0 0 0
P 10007 -211 -1.3594716787338257e-01 2.3759490251541138e-01 -1.2236874580383301e+01 1.2240734100341797e+01 1.3978143326429787e-01 1 0 0 0 0
E 32 -1 -1.0000000000000000e+00 -1.0000000000000000e+00 -1.0000000000000000e+00 0 0 1 0 0 0 0
U GEV MM
H 1 1 3 3 0 0 0 2 0 1.7574427127838135e+00 5.4233489036560059e+00 7.9370164871215820e-01 4.2000000000000000e+01
V -1 0 0 0 0 0 2 53 0
P 10001 2212 0 0 1.0000000000000000e+02 1.0000000000000000e+02 0 101 0 0 -1 0
P 10002 3000001 0 0 -1.0000000000000000e+02 1.0000000000000000e+02 0 102 0 0 -1 0
P 10003 111 1.5101093053817749e-01 2.5259301066398621e-01 3.3318281173706055e+00 3.3475232124328613e+00 1.3500194034593899e-01 1 0 0 0 0
P 10004 111 4.2379897832870483e-01 5.0950932502746582e-01 3.1458384990692139e+00 3.2177212238311768e+00 1.3499883608818183e-01 1 0 0 0 0
P 10005 111 1.2713438272476196e-01 -2.4264383316040039e-01 -9.2707675695419312e-01 9.7608190774917603e-01 1.3500146780308891e-01 1 0 0 0 0
P 10006 -211 3.4126088023185730e-01 -1.2546946108341217e-01 4.1307401657104492e-01 5.6773197650909424e-01 1.3959899692907146e-01 1 0 0 0 0
P 10007 111 -1.8466825783252716e-01 -1.8181772530078888e-01 -3.1362307071685791e-01 4.2865461111068726e-01 1.3500109057385209e-01 1 0 0 0 0
P 10008 2212 -2.3611672222614288e-02 7.6338030397891998e-02 2.5479284286499023e+01 2.5496683120727539e+01 9.3836954373337678e-01 1 0 0 0 0
P 10009 211 1.1117541790008545e-01 -2.4971520528197289e-02 1.2409412860870361e+00 1.2539566755294800e+00 1.3960128296992610e-01 1 0 0 0 0
P 10010 211 -1.5229284763336182e-02 -1.7756395041942596e-02 6.7986309528350830e-01 6.9444167613983154e-01 1.3960011659070234e-01 1 0 0 0 0
P 10011 -211 -4.7484892606735229e-01 -2.2314457595348358e-01 1.5795003175735474e+00 1.6702049970626831e+00 1.3960112690606305e-01 1 0 0 0 0
P 10012 111 1.6527377068996429e-02 -2.0622408390045166e-01 3.1239321827888489e-01 3.9826634526252747e-01 1.3500011840280141e-01 1 0 0 0 0
P 10013 -211 -2.8347186744213104e-02 -3.5486921668052673e-02 -2.9085725545883179e-02 1.4965628087520599e-01 1.3959992252534495e-01 1 0 0 0 0
P 10014 211 -2.1056640148162842e-01 -8.0470085144042969e-01 1.3333342075347900e+00 1.5777039527893066e+00 1.3959936934922501e-01 1 0 0 0 0
P 10015 -211 -1.5277221798896790e-01 5.7248842716217041e-01 1.5262232720851898e-01 6.2758600711822510e-01 1.3960040022925518e-01 1 0 0 0 0
P 10016 111 2.5843334197998047e-01 3.1057062745094299e-01 6.2454187870025635e-01 7.5598901510238647e-01 1.3499972526941176e-01 1 0 0 0 0
P 10017 211 -3.5752066969871521e-01 -4.7281384468078613e-04 -1.4818048477172852e-01 4.1142046451568604e-01 1.3959974835352987e-01 1 0 0 0 0
P 10018 111 -3.3241727948188782e-01 -7.8075349330902100e-01 -2.7247548103332520e-01 9.0141266584396362e-01 1.3499867172383681e-01 1 0 0 0 0
P 10019 2212 -1.2813840806484222e-01 -2.3471173644065857e-01 -9.9995223999023438e+01 1.0000000000000000e+02 9.4003634732033459e-01 1 0 0 0 0
P 10020 2212 1.5406060218811035e-01 6.7338728904724121e-01 -8.2246246337890625e+01 8.2254501342773438e+01 9.3849313536825962e-01 1 0 0 0 0
P 10021 2112 1.3470127247273922e-02 -1.8357296288013458e-01 -9.9995208740234375e+01 9.9999794006347656e+01 9.3976051837182317e-01 1 0 0 0 0
P 10022 2212 -1.4753285050392151e-01 5.1628302782773972e-02 1.8359779357910156e+01 1.8384405136108398e+01 9.3830843212611292e-01 1 0 0 0 0
P 10023 -2112 -3.5609775781631470e-01 2.3490831255912781e-01 8.8674926757812500e+00 8.9273309707641602e+00 9.3958734458254067e-01 1 0 0 0 0
P 10024 111 3.3236622810363770e-01 2.4857649207115173e-01 7.2328257560729980e-01 8.4476029872894287e-01 1.3499887457769696e-01 1 0 0 0 0
P 10025 -211 -3.5370044410228729e-02 8.2624733448028564e-01 -9.2900687456130981e-01 1.2515901327133179e+00 1.3960082215305500e-01 1 0 0 0 0
P 10026 211 2.3404942452907562e-01 1.3677529990673065e-01 -6.2550358772277832e+00 6.2624640464782715e+00 1.3962625913234877e-01 1 0 0 0 0
P 10027 -211 -2.1453131735324860e-01 5.2341785281896591e-02 -2.5178833007812500e+00 2.5314004421234131e+00 1.3960133744958078e-01 1 0 0 0 0
P 10028 2112 3.9125555753707886e-01 -7.0787884294986725e-02 -9.1993103027343750e+01 9.1998764038085938e+01 9.3994047687379301e-01 1 0 0 0 0
P 10029 -211 -1.1336567997932434e-01 -2.1375176310539246e-01 6.0179882049560547e+00 6.0244660377502441e+00 1.3952566569664579e-01 1 0 0 0 0
P 10030 111 3.9694428443908691e-01 -1.2788364291191101e-01 1.1367046356201172e+01 1.1375493049621582e+01 1.3483422002328835e-01 1 0 0 0 0
P 10031 -211 -1.7167708277702332e-01 -2.4608233571052551e-01 -2.2289571166038513e-01 3.9899900555610657e-01 1.3960004104080956e-01 1 0 0 0 0
P 10032 211 3.1342878937721252e-01 4.2007446289062500e-02 5.5248188972473145e-01 6.5171051025390625e-01 1.3959985367973352e-01 1 0 0 0 0
P 10033 111 5.0448991358280182e-02 -1.9873464107513428e-01 -5.5709958076477051e-02 2.5173234939575195e-01 1.3500006670773104e-01 1 0 0 0 0
P 10034 111 -2.2061634063720703e-01 -2.7988189458847046e-01 -4.1269019246101379e-02 3.8331922888755798e-01 1.3500020226219339e-01 1 0 0 0 0
P 10035 111 -1.7460884153842926e-01 -1.3563200831413269e-01 2.7955476194620132e-02 2.6055866479873657e-01 1.3500007381373957e-01 1 0 0 0 0
P 10036 211 -2.5537323951721191e-01 -4.2157334089279175e-01 -5.5985641479492188e+00 5.6219515800476074e+00 1.3956889511779702e-01 1 0 0 0 0
P 10037 111 2.3062400519847870e-01 2.5160571932792664e-01 -2.5309407711029053e+00 2.5574164390563965e+00 1.3499920797034132e-01 1 0 0 0 0
P 10038 2112 2.2663295269012451e-01 -4.2919453978538513e-01 6.5695911645889282e-01 1.2449953556060791e+00 9.3959975870347345e-01 1 0 0 0 0
P 10039 -3122 2.6175240054726601e-02 2.2251848876476288e-01 -1.6626082360744476e-01 1.1499590873718262e+00 1.1156001165867369e+00 1 0 0 0 0
P 10040 2112 -8.5996699333190918e-01 -1.3934642076492310e-01 -2.2403804779052734e+01 2.2440416336059570e+01 9.3960422688637701e-01 1 0 0 0 0
P 10041 -2212 1.9085509702563286e-02 -7.4602593667805195e-04 -1.0196053504943848e+01 1.0239154815673828e+01 9.3830669315715587e-01 1 0 0 0 0
P 10042 2212 -1.9892269372940063e-01 -1.6818226873874664e-01 -4.8018890380859375e+01 4.8028766632080078e+01 9.3847497367857546e-01 1 0 0 0 0
P 10043 -211 -3.7155506014823914e-01 5.1988053321838379e-01 5.3885107040405273e+00 5.4280567169189453e+00 1.3936708000222928e-01 1 0 0 0 0
P 10044 111 3.4465178847312927e-01 -1.2325175106525421e-01 2.8390774726867676e+00 2.8657534122467041e+00 1.3492914602770514e-01 1 0 0 0 0
P 10045 22 -2.0250216126441956e-01 2.9873108863830566e-01 2.7205390930175781e+00 2.7443718910217285e+00 -1.8080493678782131e-03 1 0 0 0 0
P 10046 22 -4.1111536324024200e-02 1.1343984305858612e-01 6.9690436124801636e-02 1.3933928310871124e-01 -2.7835605559340971e-04 1 0 0 0 0
P 10047 211 2.2200518846511841e-01 -8.4536075592041016e-02 6.8809688091278076e-03 2.7562332153320312e-01 1.3960020006900875e-01 1 0 0 0 0
P 10048 111 -1.0178925842046738e-01 7.1064442396163940e-02 6.2434208393096924e-01 6.5072220563888550e-01 1.3500052978193886e-01 1 0 0 0 0
P 10049 -211 -1.1357961595058441e-01 2.5581943988800049e-01 -9.8479673266410828e-02 3.2791817188262939e-01 1.3960002299460447e-01 1 0 0 0 0
P 10050 211 5.1494765281677246e-01 3.0179879069328308e-01 -2.0378153324127197e+00 2.1280112266540527e+00 1.3959533138286354e-01 1 0 0 0 0
P 10051 111 8.1296354532241821e-02 -2.9923367500305176e-01 -8.0042910575866699e-01 8.6894273757934570e-01 1.3499940122165130e-01 1 0 0 0 0
P 10052 -211 -9.3408972024917603e-03 -6.0423430055379868e-02 -4.8311944007873535e+00 4.8335981369018555e+00 1.3961865062307191e-01 1 0 0 0 0
P 10053 211 2.0772227644920349e-01 1.8244934082031250e-01 -1.2364411354064941e+01 1.2368289947509766e+01 1.3961299023402229e-01 1 0 0 0 0
P 10054 111 8.6295068264007568e-02 5.8359406888484955e-02 -1.0671820640563965e+00 1.0807197093963623e+00 1.3499953057333808e-01 1 0 0 0 0
P 10055 130 2.2126027941703796e-01 -2.0207092165946960e-01 -4.4145703315734863e-01 7.2964268922805786e-01 4.9770008357629458e-01 1 0 0 0 0
E 33 -1 -1.0000000000000000e+00 -1.0000000000000000e+00 -1.0000000000000000e+00 0 0 1 0 0 0 0
U GEV MM
H 1 1 7 7 0 0 0 6 0 3.1584724783897400e-01 1.0229136943817139e+00 5.4757177829742432e-01 4.2000000000000000e+01
V -1 0 0 0 0 0 2 150 0
P 10001 2212 0 0 1.0000000000000000e+02 1.0000000000000000e+02 0 101 0 0 -1 0
P 10002 3000001 0 0 -1.0000000000000000e+02 1.0000000000000000e+02 0 102 0 0 -1 0
P 10003 -2112 -4.3154424428939819e-01 -1.0768922567367554e+00 1.4562935829162598e+00 2.0855612754821777e+00 9.3959963109235056e-01 1 0 0 0 0
P 10004 2212 -2.4425879120826721e-01 -2.9200270771980286e-01 7.4471366405487061e-01 1.2569540739059448e+00 9.3830014605162471e-01 1 0 0 0 0
P 10005 -211 -9.6813514828681946e-03 2.2570207715034485e-01 1.3153228163719177e-01 2.9635122418403625e-01 1.3959996692756171e-01 1 0 0 0 0
P 10006 211 -5.0480637699365616e-02 -1.6368415951728821e-01 8.3901479840278625e-02 2.3636499047279358e-01 1.3959996970773114e-01 1 0 0 0 0
P 10007 -2212 3.8465201854705811e-01 4.5014980435371399e-01 -6.4758462905883789e+00 6.5702047348022461e+00 9.3830328580825806e-01 1 0 0 0 0
P 10008 2212 1.5000186860561371e-02 -1.0619819164276123e+00 -5.8326678276062012e+00 6.0023698806762695e+00 9.3829611575029948e-01 1 0 0 0 0
P 10009 211 4.2553883790969849e-01 -5.6601047515869141e-01 -9.1791611909866333e-01 1.1676942110061646e+00 1.3960160513852768e-01 1 0 0 0 0
P 10010 111 1.4194485731422901e-02 -1.7934156954288483e-01 1.0991275310516357e-01 2.5034117698669434e-01 1.3500003558755758e-01 1 0 0 0 0
P 10011 -321 -2.0423130691051483e-01 -1.0056090354919434e-01 1.2798758745193481e+00 1.3905199766159058e+00 4.9359966485627360e-01 1 0 0 0 0
P 10012 211 9.9643751978874207e-02 -7.0492394268512726e-02 9.8863786458969116e-01 1.0058782100677490e+00 1.3959975369068287e-01 1 0 0 0 0
P 10013 -2212 -5.0966852903366089e-01 6.5458744764328003e-01 4.2237132787704468e-01 1.3217607736587524e+00 9.3830020146586690e-01 1 0 0 0 0
P 10014 2112 -5.2242523431777954e-01 4.3074643611907959e-01 -2.4224650859832764e-01 1.1832168102264404e+00 9.3959993156293786e-01 1 0 0 0 0
P 10015 -211 1.0487226247787476e+00 7.2576534748077393e-01 -2.0496730804443359e+00 2.4180989265441895e+00 1.3960013799876367e-01 1 0 0 0 0
P 10016 211 3.3788454532623291e-01 1.6556288301944733e-01 -1.2749185562133789e+00 1.3365935087203979e+00 1.3959888385037889e-01 1 0 0 0 0
P 10017 211 5.1593773066997528e-02 1.3098032772541046e-01 -2.0592497289180756e-01 2.8585138916969299e-01 1.3959999484028227e-01 1 0 0 0 0
P 10018 -211 2.7631527185440063e-01 -5.6467753648757935e-01 -1.4624743163585663e-01 6.6036909818649292e-01 1.3960008920450065e-01 1 0 0 0 0
P 10019 22 5.2659630775451660e-02 -1.3423332571983337e-01 4.0885853767395020e-01 4.3354004621505737e-01 2.1306351014674230e-04 1 0 0 0 0
P 10020 -211 -3.2647350430488586e-01 -1.8465116620063782e-02 1.8087351322174072e+00 1.8433490991592407e+00 1.3959660923087647e-01 1 0 0 0 0
P 10021 211 -2.2207266092300415e-01 2.5217067450284958e-02 9.4282323122024536e-01 9.7895652055740356e-01 1.3959962963080552e-01 1 0 0 0 0
P 10022 111 2.8092184662818909e-01 -2.9249301552772522e-01 4.6414408087730408e-01 6.3097065687179565e-01 1.3499997768256852e-01 1 0 0 0 0
P 10023 211 -3.1280809640884399e-01 2.0860767364501953e-01 2.0783236622810364e-01 4.5171731710433960e-01 1.3960005529174510e-01 1 0 0 0 0
P 10024 -211 4.9393609166145325e-02 1.8761083483695984e-01 2.8288573026657104e-01 3.7033781409263611e-01 1.3960016541459316e-01 1 0 0 0 0
P 10025 111 1.8462445586919785e-02 -1.0335899144411087e-01 -1.4092206954956055e-02 1.7160288989543915e-01 1.3500006857113497e-01 1 0 0 0 0
P 10026 -211 7.2698935866355896e-02 7.7548170089721680e-01 -1.2470425367355347e+00 1.4769091606140137e+00 1.3960149202373298e-01 1 0 0 0 0
P 10027 111 -2.5420337915420532e-01 -7.5665950775146484e-02 -3.9129823446273804e-01 4.9161365628242493e-01 1.3499994322070943e-01 1 0 0 0 0
P 10028 -211 -1.4030247926712036e-01 2.3179419338703156e-01 2.1940607577562332e-02 3.0558609962463379e-01 1.3959992924954762e-01 1 0 0 0 0
P 10029 111 2.5787279009819031e-02 -6.1909365653991699e-01 -1.2250451743602753e-01 6.4589029550552368e-01 1.3499991744176651e-01 1 0 0 0 0
P 10030 -211 1.2002263963222504e-01 2.1326498687267303e-01 1.7849099636077881e-01 3.3351850509643555e-01 1.3960003155375428e-01 1 0 0 0 0
P 10031 211 -2.6030626893043518e-01 1.6926357150077820e-01 7.2626876831054688e-01 8.0209970474243164e-01 1.3959979313342158e-01 1 0 0 0 0
P 10032 310 6.3281118869781494e-01 -3.7775504589080811e-01 2.4367218017578125e+00 2.5939290523529053e+00 4.9770062712587876e-01 1 0 0 0 0
P 10033 211 -6.3173308968544006e-02 4.8180532455444336e-01 2.6854348182678223e+00 2.7326130867004395e+00 1.3959541792739627e-01 1 0 0 0 0
P 10034 321 2.6112765073776245e-01 9.3066394329071045e-03 2.6672489643096924e+00 2.7250936031341553e+00 4.9360292210866147e-01 1 0 0 0 0
P 10035 -211 -2.8510853648185730e-02 4.3578553199768066e-01 1.2955750226974487e+00 1.3743088245391846e+00 1.3960016867658356e-01 1 0 0 0 0
P 10036 211 -2.0263940095901489e-03 9.8788177967071533e-01 5.7113784551620483e-01 1.1496092081069946e+00 1.3960077329813461e-01 1 0 0 0 0
P 10037 -211 -1.4827504754066467e-01 5.7652431726455688e-01 4.1024985909461975e-01 7.3631447553634644e-01 1.3960043652030513e-01 1 0 0 0 0
P 10038 111 -1.6612367331981659e-01 7.9199713468551636e-01 6.8603944778442383e-01 1.0694538354873657e+00 1.3499943012821661e-01 1 0 0 0 0
P 10039 211 -1.6429515182971954e-01 2.4583661556243896e-01 -3.7075740098953247e-01 4.9434581398963928e-01 1.3960012519557805e-01 1 0 0 0 0
P 10040 111 5.7305759191513062e-01 3.0896663665771484e-02 -1.5577938556671143e+00 1.6656219959259033e+00 1.3500121881202298e-01 1 0 0 0 0
P 10041 -211 3.1742820143699646e-01 7.0606207847595215e-01 -1.2683585882186890e+00 1.4924831390380859e+00 1.3959975027042401e-01 1 0 0 0 0
P 10042 211 3.3615149557590485e-02 -1.4990818500518799e-01 -8.4258651733398438e-01 8.6778032779693604e-01 1.3960020023988581e-01 1 0 0 0 0
P 10043 -211 5.2547383308410645e-01 -1.0957479476928711e-02 -3.0097622871398926e+00 3.0584969520568848e+00 1.3961291143410129e-01 1 0 0 0 0
P 10044 111 7.4866339564323425e-03 1.7033544182777405e-01 -2.5251013040542603e-01 3.3325150609016418e-01 1.3499995527161066e-01 1 0 0 0 0
P 10045 -211 -4.0687131881713867e-01 6.1903506517410278e-02 -4.7012811899185181e-01 6.4022243022918701e-01 1.3959941871870635e-01 1 0 0 0 0
P 10046 211 3.8315999507904053e-01 -5.5203127861022949e-01 -2.4300477504730225e+00 2.5251078605651855e+00 1.3959772031117315e-01 1 0 0 0 0
P 10047 -211 -1.1875264346599579e-02 -2.0757582783699036e-01 -1.1529674381017685e-01 2.7569964528083801e-01 1.3960017574930511e-01 1 0 0 0 0
P 10048 211 -5.5071938782930374e-02 1.3480529189109802e-01 -4.4741287827491760e-02 2.0662857592105865e-01 1.3960014465446399e-01 1 0 0 0 0
P 10049 111 -2.1361166238784790e-01 4.3218858540058136e-02 -5.7601702213287354e-01 6.3049072027206421e-01 1.3500046859458500e-01 1 0 0 0 0
P 10050 -211 -3.6813330650329590e-01 -5.4930210113525391e-02 -1.7009893059730530e-01 4.3239021301269531e-01 1.3960011023867958e-01 1 0 0 0 0
P 10051 111 1.2719437479972839e-02 -3.1782835721969604e-01 3.9987075328826904e-01 5.2848684787750244e-01 1.3500029741223915e-01 1 0 0 0 0
P 10052 211 1.8981048464775085e-01 4.0142871439456940e-02 -4.2873218655586243e-02 2.4282868206501007e-01 1.3960009221315436e-01 1 0 0 0 0
P 10053 111 -3.9871150255203247e-01 4.3965873122215271e-01 6.6747051477432251e-01 9.0333414077758789e-01 1.3500007257076338e-01 1 0 0 0 0
P 10054 -321 -1.8906988203525543e-01 1.8872308731079102e-01 -2.2175595164299011e-02 5.6169086694717407e-01 4.9360009016817985e-01 1 0 0 0 0
P 10055 211 -1.6989104449748993e-01 4.7120463103055954e-02 4.5118266344070435e-01 5.0412023067474365e-01 1.3959980710092085e-01 1 0 0 0 0
P 10056 -211 -3.4363469481468201e-01 -1.9400432705879211e-01 2.0489406585693359e+00 2.0912604331970215e+00 1.3960621303844423e-01 1 0 0 0 0
P 10057 211 -1.0307642817497253e-01 -1.6029258966445923e+00 6.3563299179077148e+00 6.5576233863830566e+00 1.3963621367722240e-01 1 0 0 0 0
P 10058 22 -2.8995338082313538e-01 -2.3956510424613953e-01 2.9568874835968018e+00 2.9807126522064209e+00 -2.7901831585262933e-04 1 0 0 0 0
P 10059 22 -1.2432757019996643e-01 -1.1206123232841492e-01 1.6406697034835815e-01 2.3437801003456116e-01 1.2777198930640797e-04 1 0 0 0 0
P 10060 130 3.6772787570953369e-01 -1.5714679658412933e-01 2.1350882053375244e+00 2.2285032272338867e+00 4.9770079663381850e-01 1 0 0 0 0
P 10061 130 -7.6177760958671570e-02 -2.4365639686584473e-01 1.4837589263916016e+00 1.5856912136077881e+00 4.9769928899673888e-01 1 0 0 0 0
P 10062 2212 3.0431520938873291e-01 5.5804914236068726e-01 4.4347796440124512e+00 4.5773034095764160e+00 9.3830134840459078e-01 1 0 0 0 0
P 10063 211 -2.8553393483161926e-01 -4.5716089010238647e-01 1.0198239088058472e+00 1.1619182825088501e+00 1.3959793292397071e-01 1 0 0 0 0
P 10064 -211 -1.9408708810806274e-01 -2.4744257330894470e-01 7.3634868860244751e-01 8.1277000904083252e-01 1.3959968314316254e-01 1 0 0 0 0
P 10065 211 2.9061930254101753e-02 2.1448524296283722e-01 1.1295025050640106e-01 2.8123342990875244e-01 1.3959214795202785e-01 1 0 0 0 0
P 10066 211 2.5609549880027771e-01 -1.0250920802354813e-01 -3.0541881918907166e-01 4.3458241224288940e-01 1.3960005616268112e-01 1 0 0 0 0
P 10067 -2212 -4.3292105197906494e-01 1.4137083292007446e+00 -3.7075912952423096e-01 1.7899333238601685e+00 9.3830010894240234e-01 1 0 0 0 0
P 10068 2212 -1.6256119012832642e+00 9.9962425231933594e-01 -1.4980838298797607e+00 2.6012544631958008e+00 9.3830001680170583e-01 1 0 0 0 0
P 10069 -2212 2.8468227013945580e-02 4.9020394682884216e-01 -2.2246472835540771e+00 2.4638533592224121e+00 9.3830031977567729e-01 1 0 0 0 0
P 10070 2112 -1.0713057518005371e+00 8.1338757276535034e-01 -1.9762153625488281e+00 2.5685737133026123e+00 9.3960012990907582e-01 1 0 0 0 0
P 10071 -2112 -3.4911525249481201e-01 4.1028329730033875e-01 -2.3806490898132324e+00 2.6154448986053467e+00 9.3959996021924441e-01 1 0 0 0 0
P 10072 2212 -1.9951397180557251e-01 8.4299325942993164e-02 -2.8014631271362305e+00 2.9623496532440186e+00 9.3830038584185382e-01 1 0 0 0 0
P 10073 -211 3.2746726274490356e-01 -5.9767377376556396e-01 8.0293631553649902e-01 1.0623768568038940e+00 1.3960340629219267e-01 1 0 0 0 0
P 10074 211 -2.5994786620140076e-01 -1.6247344017028809e-01 5.7726246118545532e-01 6.6834950447082520e-01 1.3960157280302662e-01 1 0 0 0 0
P 10075 -211 9.4869270920753479e-02 -1.2044543027877808e+00 3.8976240158081055e+00 4.0829749107360840e+00 1.3964529002868672e-01 1 0 0 0 0
P 10076 111 -4.9556531012058258e-02 -2.5243356823921204e-02 6.3329046964645386e-01 6.4990383386611938e-01 1.3500036110753744e-01 1 0 0 0 0
P 10077 -211 -2.7557018399238586e-01 -1.5535395592451096e-02 5.6669884920120239e-01 6.4561277627944946e-01 1.3959941399404224e-01 1 0 0 0 0
P 10078 321 3.0054721236228943e-01 -3.7601929903030396e-01 8.5614770650863647e-01 1.0992493629455566e+00 4.9360016863269968e-01 1 0 0 0 0
P 10079 111 8.4313496947288513e-02 -2.9706680774688721e-01 -1.3647869229316711e-02 3.3729624748229980e-01 1.3500014888411729e-01 1 0 0 0 0
P 10080 -211 -5.0373601913452148e-01 -2.3815661668777466e-02 -6.7659502029418945e+00 6.7861537933349609e+00 1.3958508298095518e-01 1 0 0 0 0
P 10081 111 -1.7138135433197021e-01 -2.0195627212524414e-01 -1.5083994865417480e+01 1.5086923599243164e+01 1.3492473826552923e-01 1 0 0 0 0
P 10082 211 -3.4938424825668335e-01 -6.9121226668357849e-02 -1.1298776626586914e+01 1.1305251121520996e+01 1.3965158874478012e-01 1 0 0 0 0
P 10083 -211 2.0250409841537476e-02 1.4994494616985321e-01 -5.6652879714965820e+00 5.6690273284912109e+00 1.3960474639390918e-01 1 0 0 0 0
P 10084 111 -3.9219206571578979e-01 1.8685615062713623e-01 -6.9041323661804199e+00 6.9191045761108398e+00 1.3503543231431839e-01 1 0 0 0 0
P 10085 310 2.3268827795982361e-01 2.1473237872123718e-01 1.5953060388565063e+00 1.7008701562881470e+00 4.9769880627588370e-01 1 0 0 0 0
P 10086 2212 -4.0814563632011414e-02 -3.2080048322677612e-01 -6.3394729614257812e+01 6.3402435302734375e+01 9.3406673954206521e-01 1 0 0 0 0
P 10087 2112 6.3395939767360687e-02 -5.7738244533538818e-02 -7.7851576805114746e+00 7.8421225547790527e+00 9.3960273716434539e-01 1 0 0 0 0
P 10088 -2112 -6.3689965009689331e-01 -1.5164263546466827e-01 -7.5845994949340820e+00 7.6705694198608398e+00 9.3960048593309886e-01 1 0 0 0 0
P 10089 -211 -4.4821941852569580e-01 3.0019292235374451e-01 -5.3035697937011719e+00 5.3327627182006836e+00 1.3960377572565669e-01 1 0 0 0 0
P 10090 22 -8.5572123527526855e-02 -4.5602187514305115e-02 -2.8610780239105225e+00 2.8627207279205322e+00 5.9944225895943663e-04 1 0 0 0 0
P 10091 22 3.9106816053390503e-01 7.2441458702087402e-01 -1.7536764144897461e+01 1.7556074142456055e+01 -8.2570224111834355e-03 1 0 0 0 0
P 10092 -211 4.0619978308677673e-01 -8.4358894824981689e-01 -9.2748889923095703e+00 9.3230724334716797e+00 1.3954641774451865e-01 1 0 0 0 0
P 10093 211 -8.2188174128532410e-03 9.1375529766082764e-02 -9.2343986034393311e-01 9.3842738866806030e-01 1.3959853770951183e-01 1 0 0 0 0
P 10094 2212 3.8390839099884033e-01 1.6873009502887726e-01 -2.3536512374877930e+01 2.3558942794799805e+01 9.3835778795723401e-01 1 0 0 0 0
P 10095 211 2.3230612277984619e-01 -1.5123578906059265e-01 -1.7239549636840820e+01 1.7242341995239258e+01 1.3945393905898248e-01 1 0 0 0 0
P 10096 -211 2.7699872851371765e-01 -1.1664213240146637e-01 2.2574353218078613e+00 2.2816314697265625e+00 1.3962180650404868e-01 1 0 0 0 0
P 10097 3212 1.8488378822803497e-01 2.5706535577774048e-01 3.8394796848297119e+00 4.0328874588012695e+00 1.1926073925839185e+00 1 0 0 0 0
P 10098 -211 -1.1563523113727570e-01 -3.2014346122741699e-01 1.9608229398727417e-01 4.1689303517341614e-01 1.3960012290091134e-01 1 0 0 0 0
P 10099 211 1.4783929288387299e-01 -2.3085647821426392e-01 2.3524403572082520e-01 3.8727128505706787e-01 1.3959986330091928e-01 1 0 0 0 0
P 10100 111 4.0665589272975922e-02 1.6542138159275055e-01 -1.9167546033859253e+00 1.9290390014648438e+00 1.3500124418823978e-01 1 0 0 0 0
P 10101 111 4.6231606602668762e-01 2.8654205799102783e-01 1.1326327919960022e-01 5.7174825668334961e-01 1.3500001000472811e-01 1 0 0 0 0
P 10102 -211 2.5504326820373535e-01 -2.9053896665573120e-01 -1.1550789833068848e+01 1.1558100700378418e+01 1.3959252329548119e-01 1 0 0 0 0
P 10103 2212 -8.5763227939605713e-01 4.7669813036918640e-02 -7.8270103454589844e+01 7.8280441284179688e+01 9.3839614021474593e-01 1 0 0 0 0
P 10104 -211 7.4917256832122803e-02 -2.6403450965881348e-01 2.9061391353607178e+00 2.9224071502685547e+00 1.3961396851180100e-01 1 0 0 0 0
P 10105 211 1.8796813488006592e-01 6.7757003009319305e-02 1.2570358514785767e+00 1.2804493904113770e+00 1.3960114009312780e-01 1 0 0 0 0
P 10106 111 -4.7548122704029083e-02 1.3398143649101257e-01 2.8933546543121338e+00 2.8999898433685303e+00 1.3501143179032266e-01 1 0 0 0 0
P 10107 211 -4.3725818395614624e-01 2.3447008430957794e-01 2.5656740665435791e+00 2.6169345378875732e+00 1.3961382446524828e-01 1 0 0 0 0
P 10108 -2112 -6.5481409430503845e-02 -1.4676369726657867e-01 1.8241438865661621e+00 2.0581967830657959e+00 9.3959868087887732e-01 1 0 0 0 0
P 10109 111 -1.8368810415267944e-01 1.2305223941802979e-01 4.3423905968666077e-01 5.0563979148864746e-01 1.3499949831806715e-01 1 0 0 0 0
P 10110 211 -1.8859483301639557e-01 2.5734748691320419e-02 -2.2508838176727295e+00 2.2632269859313965e+00 1.3959993143431060e-01 1 0 0 0 0
P 10111 -211 3.6129783838987350e-02 9.6071353182196617e-03 -7.3457688093185425e-01 7.4865812063217163e-01 1.3959988989841343e-01 1 0 0 0 0
P 10112 130 -1.6324792802333832e-01 -2.0171689987182617e-01 2.7042450904846191e+00 2.7618811130523682e+00 4.9770089363734210e-01 1 0 0 0 0
P 10113 22 1.4877240359783173e-01 -1.3278219103813171e-01 -4.8055797815322876e-01 5.2028864622116089e-01 -1.8250817465421899e-04 1 0 0 0 0
P 10114 22 -3.2758626341819763e-01 3.2304227352142334e-04 -2.2522015571594238e+00 2.2759008407592773e+00 -2.8537546316260499e-04 1 0 0 0 0
P 10115 211 2.5577518343925476e-01 -3.5855102539062500e-01 1.9132031127810478e-02 4.6242070198059082e-01 1.3959616303141661e-01 1 0 0 0 0
P 10116 111 1.4934222400188446e-01 1.5987056493759155e-01 -2.4557139873504639e+00 2.4691331386566162e+00 1.3500211605847159e-01 1 0 0 0 0
P 10117 2112 -2.9167887568473816e-01 -2.6226523518562317e-01 -3.6802761077880859e+01 3.6816844940185547e+01 9.3967482353003073e-01 1 0 0 0 0
P 10118 -211 -9.9715761840343475e-02 1.6125969588756561e-01 -1.0286351203918457e+01 1.0289044380187988e+01 1.3951790009235704e-01 1 0 0 0 0
P 10119 -211 -3.1350201368331909e-01 1.5647441148757935e-01 9.1516256332397461e+00 9.1593952178955078e+00 1.3964695701102894e-01 1 0 0 0 0
P 10120 -211 -2.7680835127830505e-01 -1.5921643376350403e-01 -3.0244705677032471e+00 3.0444841384887695e+00 1.3960200030344050e-01 1 0 0 0 0
P 10121 -3112 -3.1890237331390381e-01 -2.9131847620010376e-01 -5.5070339202880859e+01 5.5085048675537109e+01 1.1973982159896757e+00 1 0 0 0 0
P 10122 2112 3.2616913318634033e-01 1.2917283177375793e-01 -3.7490894317626953e+01 3.7504306793212891e+01 9.3957404181342663e-01 1 0 0 0 0
P 10123 211 -7.9605534672737122e-02 2.3283407092094421e-01 2.6460826396942139e+00 2.6611599922180176e+00 1.3953645530308242e-01 1 0 0 0 0
P 10124 -211 1.7355911433696747e-01 -1.8102538585662842e-01 4.3206152319908142e-01 5.1870661973953247e-01 1.3959384312543233e-01 1 0 0 0 0
P 10125 211 3.0095726251602173e-01 1.9141936302185059e-01 1.0021284222602844e-01 3.9591300487518311e-01 1.3959887994339087e-01 1 0 0 0 0
P 10126 111 7.6209977269172668e-02 -3.6144047975540161e-01 5.7176160812377930e-01 6.9396179914474487e-01 1.3499800408427662e-01 1 0 0 0 0
P 10127 211 -5.1779277622699738e-02 -7.5285919010639191e-03 1.0732080787420273e-01 1.8369445204734802e-01 1.3959986612838327e-01 1 0 0 0 0
P 10128 -211 4.3721497058868408e-03 1.1681873351335526e-01 4.1237634420394897e-01 4.5078599452972412e-01 1.3959953944201847e-01 1 0 0 0 0
P 10129 111 -2.1676620841026306e-01 5.1439762115478516e-02 2.6234969496726990e-01 3.6971062421798706e-01 1.3499979620419975e-01 1 0 0 0 0
P 10130 321 4.3902033567428589e-01 -1.0988925397396088e-01 -1.7850639820098877e+00 1.9065434932708740e+00 4.9359919832794957e-01 1 0 0 0 0
P 10131 -211 -2.1900007128715515e-01 -9.9322549998760223e-02 -4.4176927208900452e-01 5.2199065685272217e-01 1.3959998537769328e-01 1 0 0 0 0
P 10132 -321 -5.9433281421661377e-03 2.7648580074310303e-01 -6.6778498888015747e-01 8.7524706125259399e-01 4.9359994499155857e-01 1 0 0 0 0
P 10133 211 1.2138462066650391e-01 -7.9614847898483276e-02 -1.0085315704345703e+00 1.0284439325332642e+00 1.3960029964514714e-01 1 0 0 0 0
P 10134 3122 3.0456662178039551e-02 1.8369725346565247e-01 -4.3235599517822266e+01 4.3250389099121094e+01 1.1155354188272104e+00 1 0 0 0 0
P 10135 111 2.7793458104133606e-01 8.6314827203750610e-02 -1.0073056221008301e+01 1.0078164100646973e+01 1.3502639461058058e-01 1 0 0 0 0
P 10136 2112 9.9483959376811981e-02 -2.3567169904708862e-01 -9.9995254516601562e+01 1.0000000000000000e+02 9.4001912330024029e-01 1 0 0 0 0
P 10137 211 -2.0827145874500275e-01 1.7167228460311890e-01 -6.0395126342773438e+00 6.0471520423889160e+00 1.3959437791025472e-01 1 0 0 0 0
P 10138 22 2.0969454944133759e-01 -1.5414895117282867e-01 -4.5674076676368713e-01 5.2568614482879639e-01 3.0270116079849296e-04 1 0 0 0 0
P 10139 2112 1.5594135224819183e-01 4.0242606401443481e-01 -8.6004966735839844e+01 8.6011177062988281e+01 9.3915498479449022e-01 1 0 0 0 0
P 10140 -211 -2.0323265343904495e-02 -1.0497067868709564e-01 -1.2639812469482422e+01 1.2641034126281738e+01 1.3947272004923791e-01 1 0 0 0 0
P 10141 211 1.9701613485813141e-01 -2.8106880187988281e-01 -3.4310126304626465e-01 5.0499683618545532e-01 1.3960049809634373e-01 1 0 0 0 0
P 10142 -211 -1.5897111594676971e-01 2.0969800651073456e-01 -9.1138750314712524e-01 9.5883297920227051e-01 1.3960097232187571e-01 1 0 0 0 0
P 10143 3222 1.0416196584701538e+00 6.3431404531002045e-02 -4.5822272300720215e+00 4.8477287292480469e+00 1.1894000119266503e+00 1 0 0 0 0
P 10144 -3222 3.5189044475555420e-01 3.1723764538764954e-01 -8.7908639907836914e+00 8.8836050033569336e+00 1.1894038601121211e+00 1 0 0 0 0
P 10145 321 1.4145773649215698e+00 -7.5173997879028320e-01 -2.2323827743530273e+00 2.7916514873504639e+00 4.9360212574286000e-01 1 0 0 0 0
P 10146 111 9.5325905084609985e-01 -1.6600345075130463e-01 -1.8275804519653320e+00 2.0723261833190918e+00 1.3500199251388467e-01 1 0 0 0 0
P 10147 22 3.9234107732772827e-01 -7.2960987687110901e-02 -5.3332693874835968e-02 4.0261539816856384e-01 -2.0994398531095544e-04 1 0 0 0 0
P 10148 22 1.6633252799510956e-01 -6.2188398838043213e-01 -2.0716780424118042e-01 6.7625778913497925e-01 -3.2652959949025907e-04 1 0 0 0 0
P 10149 -211 4.9686178565025330e-02 3.6967836320400238e-02 8.6748123168945312e-02 1.7563797533512115e-01 1.3959987193360399e-01 1 0 0 0 0
P 10150 2212 -1.5158051252365112e-01 -2.7719640731811523e-01 -1.8872390747070312e+01 1.8898344039916992e+01 9.3832853572398889e-01 1 0 0 0 0
P 10151 -211 -3.8934621959924698e-02 3.3192280679941177e-02 -1.3517295122146606e+00 1.3598819971084595e+00 1.3960207585745119e-01 1 0 0 0 0
P 10152 310 6.0644036531448364e-01 2.7783018350601196e-01 -9.2701756954193115e-01 1.2458032369613647e+00 4.9769931026096120e-01 1 0 0 0 0
E 34 -1 -1.0000000000000000e+00 -1.0000000000000000e+00 -1.0000000000000000e+00 0 0 1 0 0 0 0
U GEV MM
H 1 1 7 7 0 0 0 6 0 2.3356361389160156e+00 3.8647167682647705e+00 2.1460209786891937e-01 4.2000000000000000e+01
V -1 0 0 0 0 0 2 147 0
P 10001 2212 0 0 1.0000000000000000e+02 1.0000000000000000e+02 0 101 0 0 -1 0
P 10002 3000001 0 0 -1.0000000000000000e+02 1.0000000000000000e+02 0 102 0 0 -1 0
P 10003 2112 2.2002105414867401e-01 -1.1638052463531494e+00 5.2305674552917480e+00 5.4446797370910645e+00 9.3960077662006003e-01 1 0 0 0 0
P 10004 -2212 3.9784413576126099e-01 -6.4768606424331665e-01 8.7260074615478516e+00 8.8091650009155273e+00 9.3829877980932463e-01 1 0 0 0 0
P 10005 321 1.0674008131027222e+00 7.1457314491271973e-01 2.1973357200622559e+00 2.5926597118377686e+00 4.9359987791973925e-01 1 0 0 0 0
P 10006 211 7.5786173343658447e-01 -5.2958350628614426e-02 1.3933059573173523e-01 7.8489494323730469e-01 1.3959965294986817e-01 1 0 0 0 0
P 10007 -211 -5.7463687658309937e-01 3.4813722968101501e-01 -4.7907871007919312e-01 8.3690547943115234e-01 1.3959692128263937e-01 1 0 0 0 0
P 10008 111 -9.0111605823040009e-04 2.2378231585025787e-01 3.0750209093093872e-01 4.0356147289276123e-01 1.3499996140377440e-01 1 0 0 0 0
P 10009 211 2.2347961366176605e-01 5.7659441232681274e-01 1.2994998693466187e-01 6.4713186025619507e-01 1.3960082881347816e-01 1 0 0 0 0
P 10010 111 2.2384729981422424e-01 3.4838500618934631e-01 5.4724353551864624e-01 6.9941419363021851e-01 1.3500000338070695e-01 1 0 0 0 0
P 10011 321 -2.4463073909282684e-01 -2.7053141593933105e-01 1.6397415399551392e+00 1.7508354187011719e+00 4.9359993922691558e-01 1 0 0 0 0
P 10012 111 7.7268267050385475e-03 -1.2744467705488205e-02 4.2713618278503418e-01 4.4821026921272278e-01 1.3500000546498275e-01 1 0 0 0 0
P 10013 111 -2.5482771918177605e-02 -2.1084855496883392e-01 1.4158115386962891e+00 1.4380034208297729e+00 1.3500014968693921e-01 1 0 0 0 0
P 10014 111 -8.6334533989429474e-02 -3.1978008151054382e-01 2.6121196746826172e+00 2.6364948749542236e+00 1.3499288316723779e-01 1 0 0 0 0
P 10015 -321 3.4179556369781494e-01 -1.3328135013580322e+00 1.0264647483825684e+01 1.0368212699890137e+01 4.9358949157008647e-01 1 0 0 0 0
P 10016 211 -3.0236683785915375e-02 -3.6410230398178101e-01 5.2797465324401855e+00 5.2942137718200684e+00 1.3961113889622948e-01 1 0 0 0 0
P 10017 2212 8.2052886486053467e-02 3.8343030214309692e-01 1.0498192310333252e+00 1.4616014957427979e+00 9.3830008085257133e-01 1 0 0 0 0
P 10018 211 3.9988327026367188e-01 2.9846176505088806e-01 5.2172374725341797e-01 7.3530268669128418e-01 1.3960056437282808e-01 1 0 0 0 0
P 10019 -2212 4.4593501091003418e-01 3.0705419182777405e-01 1.6536699533462524e+00 1.9769096374511719e+00 9.3830010624148785e-01 1 0 0 0 0
P 10020 -211 -1.3000492751598358e-01 3.5287063568830490e-02 9.5467984676361084e-02 2.1621462702751160e-01 1.3960003871322244e-01 1 0 0 0 0
P 10021 -321 -3.8303637504577637e-01 6.8006759881973267e-01 1.2292441129684448e+00 1.5374951362609863e+00 4.9360044690616384e-01 1 0 0 0 0
P 10022 111 -3.2107248902320862e-01 2.5556227564811707e-01 1.7001371085643768e-01 4.6425133943557739e-01 1.3500009017237252e-01 1 0 0 0 0
P 10023 -211 1.4714263379573822e-01 -2.0823180675506592e-03 -4.2836880683898926e-01 4.7396507859230042e-01 1.3959860430342794e-01 1 0 0 0 0
P 10024 111 -4.5941337943077087e-01 3.0715823173522949e-01 -7.5578540563583374e-02 5.7388454675674438e-01 1.3499823958021945e-01 1 0 0 0 0
P 10025 2112 -8.6481310427188873e-02 6.3099980354309082e-01 2.4205593109130859e+01 2.4232191085815430e+01 9.3952503188836056e-01 1 0 0 0 0
P 10026 111 -3.1614843755960464e-02 -1.9002413749694824e-01 6.4442813396453857e-01 6.8601840734481812e-01 1.3499986738412248e-01 1 0 0 0 0
P 10027 321 1.9691061228513718e-02 -2.2581094875931740e-02 -1.4406037330627441e+00 1.5231145620346069e+00 4.9360025286607945e-01 1 0 0 0 0
P 10028 -211 -1.9784624874591827e-01 1.6774085164070129e-01 -2.3524250984191895e+00 2.3707954883575439e+00 1.3959682121012926e-01 1 0 0 0 0
P 10029 211 -4.1069352626800537e-01 2.6582166552543640e-01 -1.4289396286010742e+01 1.4298450469970703e+01 1.3967567134853376e-01 1 0 0 0 0
P 10030 111 -3.5838979482650757e-01 6.6262982785701752e-02 -2.1524740219116211e+01 2.1528247833251953e+01 1.3483041776618324e-01 1 0 0 0 0
P 10031 -211 -8.4611557424068451e-02 -4.9551032483577728e-02 3.2963025569915771e-01 3.7115859985351562e-01 1.3960007271851624e-01 1 0 0 0 0
P 10032 211 -1.2795972824096680e-01 2.8977757692337036e-01 1.0622036457061768e+00 1.1171880960464478e+00 1.3959914346912014e-01 1 0 0 0 0
P 10033 111 2.1717001497745514e-01 -5.3696416318416595e-02 9.6229487657546997e-01 9.9713712930679321e-01 1.3499964677007387e-01 1 0 0 0 0
P 10034 -211 2.3728668689727783e-01 -2.0977024734020233e-01 2.2991662025451660e+00 2.3250727653503418e+00 1.3960518901555916e-01 1 0 0 0 0
P 10035 211 -1.0007669776678085e-01 -1.2192604690790176e-01 5.2162301540374756e-01 5.6254786252975464e-01 1.3960021879426263e-01 1 0 0 0 0
P 10036 111 -1.7800553143024445e-01 -1.2110978364944458e-01 1.9652702808380127e+00 1.9816322326660156e+00 1.3500177732310711e-01 1 0 0 0 0
P 10037 111 -5.9388317167758942e-03 2.2245422005653381e-01 -2.3573212325572968e-02 2.6134628057479858e-01 1.3500011958444275e-01 1 0 0 0 0
P 10038 111 1.4014969766139984e-01 2.1687495708465576e-01 4.1904729604721069e-01 5.1039433479309082e-01 1.3500020703447077e-01 1 0 0 0 0
P 10039 111 -1.2456814199686050e-01 7.1653768420219421e-02 4.9603018164634705e-01 5.3378129005432129e-01 1.3500014806872990e-01 1 0 0 0 0
P 10040 111 2.1871127188205719e-02 8.7214648723602295e-02 2.5388276576995850e-01 3.0127429962158203e-01 1.3500001370743323e-01 1 0 0 0 0
P 10041 -211 -1.9660321995615959e-03 -1.1266835778951645e-01 -8.9783315658569336e+00 8.9801235198974609e+00 1.3958045000269673e-01 1 0 0 0 0
P 10042 211 -1.1830511502921581e-02 1.8440020084381104e-01 -9.1141521930694580e-01 9.4037681818008423e-01 1.3959750396232909e-01 1 0 0 0 0
P 10043 211 3.1779646873474121e-01 4.5877373218536377e-01 -6.3765201568603516e+00 6.4024190902709961e+00 1.3961720430007007e-01 1 0 0 0 0
P 10044 -211 -2.9476326704025269e-01 5.6901872158050537e-02 -4.6233873367309570e+00 4.6352262496948242e+00 1.3960198338289687e-01 1 0 0 0 0
P 10045 130 -1.8932427465915680e-01 -3.9624056220054626e-01 -3.0287680029869080e-01 7.2958207130432129e-01 4.9770008891028933e-01 1 0 0 0 0
P 10046 211 4.1069135069847107e-01 1.4290158450603485e-01 -2.3268204182386398e-02 4.5729401707649231e-01 1.3960000120061625e-01 1 0 0 0 0
P 10047 -211 6.5718954801559448e-01 -8.4377966821193695e-02 -3.0862970352172852e+00 3.1597049236297607e+00 1.3959968307029802e-01 1 0 0 0 0
P 10048 2212 2.7703833580017090e-01 -4.8008296638727188e-02 -4.9590675354003906e+01 4.9600349426269531e+01 9.3836352538708589e-01 1 0 0 0 0
P 10049 211 -9.9521026015281677e-02 -2.8291782736778259e-01 1.1173636913299561e+00 1.1653038263320923e+00 1.3958673755077514e-01 1 0 0 0 0
P 10050 -211 9.2647969722747803e-04 -1.7174750566482544e-01 2.1544580161571503e-01 3.0887305736541748e-01 1.3959802314396799e-01 1 0 0 0 0
P 10051 -211 4.2664012312889099e-01 2.4728122353553772e-01 -4.5911929011344910e-01 6.8807578086853027e-01 1.3959928182799658e-01 1 0 0 0 0
P 10052 111 -6.3114666938781738e-01 1.2433937191963196e-01 -2.4038922786712646e-01 6.9987010955810547e-01 1.3499922847786161e-01 1 0 0 0 0
P 10053 130 6.4326995052397251e-03 3.2832580804824829e-01 -4.2113499641418457e+00 4.2533531188964844e+00 4.9769972643700167e-01 1 0 0 0 0
P 10054 -321 4.4063219428062439e-01 -2.2204028069972992e-01 -1.5995365381240845e+00 1.7451696395874023e+00 4.9360036188587880e-01 1 0 0 0 0
P 10055 211 -4.4225201010704041e-02 -3.9170056581497192e-01 -6.5174716711044312e-01 7.7436929941177368e-01 1.3960028786068818e-01 1 0 0 0 0
P 10056 -211 -1.1100406646728516e+00 2.8352451324462891e-01 -7.1239800453186035e+00 7.2168660163879395e+00 1.3959579348792830e-01 1 0 0 0 0
P 10057 211 6.8936437368392944e-02 -1.0238617658615112e-02 -5.1682442426681519e-01 5.3986370563507080e-01 1.3960040635578294e-01 1 0 0 0 0
P 10058 211 1.1032192409038544e-01 3.9597398042678833e-01 -2.5442070960998535e+00 2.5809774398803711e+00 1.3960113615779146e-01 1 0 0 0 0
P 10059 111 -2.3714795708656311e-01 -1.9546276330947876e-01 -2.2853982448577881e+00 2.3099164962768555e+00 1.3499717323699056e-01 1 0 0 0 0
P 10060 111 -1.3455098867416382e-01 9.9184870719909668e-02 2.7869394421577454e-01 3.5190433263778687e-01 1.3499902834383937e-01 1 0 0 0 0
P 10061 111 3.7526807188987732e-01 1.6262616962194443e-02 7.6347947120666504e-01 8.6152315139770508e-01 1.3502088338408627e-01 1 0 0 0 0
P 10062 2212 -2.7675908803939819e-01 -5.3092008829116821e-01 -6.7082720994949341e-01 1.2995712757110596e+00 9.3829879147377560e-01 1 0 0 0 0
P 10063 -3122 -3.4671407938003540e-01 4.2122930288314819e-01 -1.6387190818786621e+00 2.0561149120330811e+00 1.1156000733792513e+00 1 0 0 0 0
P 10064 -321 4.8959687352180481e-01 -4.5324710011482239e-01 -6.9902696609497070e+00 7.0393638610839844e+00 4.9359457413596858e-01 1 0 0 0 0
P 10065 2212 2.3446048796176910e-01 -4.7211614251136780e-01 -4.1809249877929688e+01 4.1823097229003906e+01 9.3820099078794839e-01 1 0 0 0 0
P 10066 211 -3.9648270606994629e-01 3.9274334907531738e-01 -5.2820596694946289e+00 5.3132929801940918e+00 1.3957817459281083e-01 1 0 0 0 0
P 10067 -211 2.4716106057167053e-01 2.1345540881156921e-02 -3.1026656627655029e+00 3.1156966686248779e+00 1.3959689823789798e-01 1 0 0 0 0
P 10068 -211 1.3381969928741455e-01 6.2933452427387238e-02 -3.8366484642028809e+00 3.8420336246490479e+00 1.3958009783551567e-01 1 0 0 0 0
P 10069 211 4.9737315624952316e-02 6.3756689429283142e-02 -1.9751018524169922e+01 1.9751676559448242e+01 1.3948279801167585e-01 1 0 0 0 0
P 10070 111 -9.7053155303001404e-02 2.6726153492927551e-01 -7.8253531455993652e+00 7.8316802978515625e+00 1.3496811255787472e-01 1 0 0 0 0
P 10071 321 -6.8191951513290405e-01 8.9590348303318024e-02 -1.2005883455276489e+00 1.4690455198287964e+00 4.9360075798567865e-01 1 0 0 0 0
P 10072 -211 -4.3814679980278015e-01 3.3449336886405945e-01 -1.1911652565002441e+01 1.1925217628479004e+01 1.3960739688753235e-01 1 0 0 0 0
P 10073 2212 -8.0858325958251953e-01 -8.4615908563137054e-02 -9.0090148925781250e+01 9.0098701477050781e+01 9.3814052338088272e-01 1 0 0 0 0
P 10074 -211 1.2280603498220444e-01 1.7088320851325989e-01 1.6767941415309906e-01 3.0312985181808472e-01 1.3960275051979026e-01 1 0 0 0 0
P 10075 211 -1.2305536866188049e-01 -1.5268978476524353e-01 -2.9167585074901581e-02 2.4247992038726807e-01 1.3960289984003385e-01 1 0 0 0 0
P 10076 111 -1.0272486507892609e-01 2.6064211130142212e-01 1.1607243865728378e-01 3.3194172382354736e-01 1.3500292185709464e-01 1 0 0 0 0
P 10077 111 -2.2111804783344269e-01 -8.6830608546733856e-02 -6.6190218925476074e-01 7.1608126163482666e-01 1.3500044246598300e-01 1 0 0 0 0
P 10078 211 1.4659106731414795e-02 -2.5654172897338867e-01 -2.5993461608886719e+00 2.6157441139221191e+00 1.3960034841187297e-01 1 0 0 0 0
P 10079 111 3.4301149845123291e-01 3.4825935959815979e-01 -5.1554112434387207e+00 5.1802921295166016e+00 1.3498143776012567e-01 1 0 0 0 0
P 10080 -211 -2.7385839819908142e-01 1.4873169362545013e-01 -6.8686900138854980e+00 6.8771729469299316e+00 1.3959117515694433e-01 1 0 0 0 0
P 10081 111 2.0130693912506104e-02 -6.7851054668426514e-01 -1.0391958236694336e+01 1.0414978981018066e+01 1.3494211740480888e-01 1 0 0 0 0
P 10082 130 2.2530330717563629e-01 -2.4988332390785217e-01 -8.4118783473968506e-01 1.0336854457855225e+00 4.9770008210091637e-01 1 0 0 0 0
P 10083 2212 -4.1996374726295471e-01 -1.7765118181705475e-01 7.9254284501075745e-03 1.0432621240615845e+00 9.3829822320477196e-01 1 0 0 0 0
P 10084 -2212 -7.3428042232990265e-02 -5.8861378580331802e-02 -1.2606879472732544e+00 1.5743560791015625e+00 9.3829985832325835e-01 1 0 0 0 0
P 10085 2212 -5.3721284866333008e-01 -2.2641292214393616e-01 -4.5012478828430176e+00 4.6348137855529785e+00 9.3829945532887193e-01 1 0 0 0 0
P 10086 -2212 7.0324867963790894e-01 2.9507184028625488e-01 -6.1970300674438477e+00 6.3138904571533203e+00 9.3829896716680306e-01 1 0 0 0 0
P 10087 211 5.6421744823455811e-01 8.5394632816314697e-01 -2.0170955657958984e+01 2.0197387695312500e+01 1.3947006538181281e-01 1 0 0 0 0
P 10088 111 3.4609030932188034e-02 -8.1606018543243408e-01 -7.3927774429321289e+00 7.4389877319335938e+00 1.3501164343242222e-01 1 0 0 0 0
P 10089 2212 -1.5558740496635437e-01 1.1133214831352234e-01 -2.8028022766113281e+01 2.8044376373291016e+01 9.3828764310669177e-01 1 0 0 0 0
P 10090 -211 -3.4833648800849915e-01 -7.1162447333335876e-02 -7.5892114639282227e+00 7.5988173484802246e+00 1.3961392679783385e-01 1 0 0 0 0
P 10091 111 2.7994355559349060e-01 -2.0640967786312103e-01 -2.4740152359008789e+01 2.4742967605590820e+01 1.3540249227633319e-01 1 0 0 0 0
P 10092 111 7.8011691570281982e-02 -1.4959500730037689e-01 -3.3565339446067810e-01 3.9918997883796692e-01 1.3499980652143279e-01 1 0 0 0 0
P 10093 211 -4.9511216580867767e-02 -6.9078281521797180e-02 1.6931233406066895e+00 1.7009918689727783e+00 1.3958338819152971e-01 1 0 0 0 0
P 10094 -321 1.9908279180526733e-02 1.5197660028934479e-01 -2.8552152216434479e-02 5.1763808727264404e-01 4.9359977449716680e-01 1 0 0 0 0
P 10095 211 -4.1337436437606812e-01 6.6606462001800537e-02 1.9837571680545807e-01 4.8389646410942078e-01 1.3959970292162166e-01 1 0 0 0 0
P 10096 -211 6.7029893398284912e-01 -7.3520943522453308e-02 3.9445942640304565e-01 7.9359388351440430e-01 1.3959592701178072e-01 1 0 0 0 0
P 10097 211 -1.5816308557987213e-01 -2.0364975929260254e-01 -7.9349003732204437e-02 3.0376443266868591e-01 1.3959863918088283e-01 1 0 0 0 0
P 10098 -211 1.9000813364982605e-01 1.4200882613658905e-01 -1.2043249607086182e-01 3.0043590068817139e-01 1.3959995257403385e-01 1 0 0 0 0
P 10099 211 1.2451689690351486e-01 -2.2261807322502136e-01 -4.6224391460418701e-01 5.4609596729278564e-01 1.3959980216296422e-01 1 0 0 0 0
P 10100 111 1.3152927160263062e-01 -1.1439274996519089e-02 6.2858439981937408e-02 1.9901502132415771e-01 1.3499995901824402e-01 1 0 0 0 0
P 10101 -211 -5.0486600399017334e-01 1.7036668956279755e-01 -9.9443495273590088e-01 1.1367951631546021e+00 1.3959898585323793e-01 1 0 0 0 0
P 10102 111 -4.8268294334411621e-01 -1.4487056434154510e-01 -2.4323546886444092e+00 2.4876787662506104e+00 1.3500373504366942e-01 1 0 0 0 0
P 10103 111 1.0456085205078125e-02 -1.0156995058059692e-01 -3.6023929119110107e+00 3.6063675880432129e+00 1.3500630993834667e-01 1 0 0 0 0
P 10104 111 3.6252938210964203e-02 7.0916838943958282e-02 -4.7265295982360840e+00 4.7291274070739746e+00 1.3498339068835885e-01 1 0 0 0 0
P 10105 22 -1.8911476433277130e-01 1.8138055503368378e-01 -3.9039759635925293e+00 3.9127590656280518e+00 -2.8492958216662723e-03 1 0 0 0 0
P 10106 22 2.7853536605834961e-01 -4.3359726667404175e-02 -4.5096427917480469e+01 4.5097312927246094e+01 1.8982239166911514e-02 1 0 0 0 0
P 10107 2112 1.6807971894741058e-01 6.2691599130630493e-02 -2.2655954360961914e+01 2.2676139831542969e+01 9.3961089030372891e-01 1 0 0 0 0
P 10108 111 -1.6467726230621338e-01 -2.4278026819229126e-01 -5.2070612907409668e+00 5.2170658111572266e+00 1.3500938140898558e-01 1 0 0 0 0
P 10109 130 9.2496037483215332e-02 -5.1679432392120361e-02 7.1801763772964478e-01 8.8004434108734131e-01 4.9769713029765927e-01 1 0 0 0 0
P 10110 111 1.3824100792407990e-01 -3.4347213804721832e-02 -4.2003874778747559e+00 4.2049708366394043e+00 1.3503505223766127e-01 1 0 0 0 0
P 10111 111 7.1342118084430695e-02 1.3041086494922638e-02 -1.6085067987442017e+00 1.6157907247543335e+00 1.3500287717702111e-01 1 0 0 0 0
P 10112 111 1.0841986536979675e-01 2.3309159278869629e-01 -3.3953692913055420e+00 3.4077627658843994e+00 1.3501068984276082e-01 1 0 0 0 0
P 10113 -211 -1.6076213121414185e-01 3.9874449372291565e-01 -8.8240575790405273e+00 8.8356275558471680e+00 1.3957260947752934e-01 1 0 0 0 0
P 10114 111 3.1530466675758362e-01 7.8317768871784210e-02 -5.6990057229995728e-01 6.6974788904190063e-01 1.3499950654760981e-01 1 0 0 0 0
P 10115 211 1.2479037791490555e-01 1.1094723641872406e-01 -2.5468003749847412e-01 3.3501043915748596e-01 1.3959994683082877e-01 1 0 0 0 0
P 10116 -211 2.1504981443285942e-02 3.6645654588937759e-02 -7.2015970945358276e-02 1.6272619366645813e-01 1.3959994916490170e-01 1 0 0 0 0
P 10117 211 6.6645383834838867e-02 1.0963483154773712e-01 -3.9064446091651917e-01 4.3422645330429077e-01 1.3959983678168053e-01 1 0 0 0 0
P 10118 -211 -7.2822198271751404e-02 5.6941211223602295e-03 -1.1720316857099533e-01 1.9636754691600800e-01 1.3959991111115749e-01 1 0 0 0 0
P 10119 111 -1.3284327089786530e-01 1.9337204098701477e-01 -3.3862271904945374e-01 4.3350934982299805e-01 1.3499973951525193e-01 1 0 0 0 0
P 10120 211 9.6096210181713104e-02 -3.7174937129020691e-01 -4.6843367815017700e-01 6.2157082557678223e-01 1.3959979841298814e-01 1 0 0 0 0
P 10121 111 3.4036494791507721e-02 7.7978938817977905e-02 -1.2267565727233887e+00 1.2370916604995728e+00 1.3499959215006968e-01 1 0 0 0 0
P 10122 -211 1.1767676472663879e-01 -3.7485957145690918e-01 -1.3906849920749664e-01 4.3954017758369446e-01 1.3959943040390196e-01 1 0 0 0 0
P 10123 211 -1.8372090160846710e-01 9.0564772486686707e-02 -5.6545627117156982e-01 6.1740106344223022e-01 1.3959917918436163e-01 1 0 0 0 0
P 10124 2112 1.5175068378448486e-01 -3.9857822656631470e-01 -6.6676116943359375e+01 6.6684104919433594e+01 9.3988583815848381e-01 1 0 0 0 0
P 10125 111 -6.0776233673095703e-02 1.7785552144050598e-01 -1.5986581802368164e+01 1.5988254547119141e+01 1.3475682758427995e-01 1 0 0 0 0
P 10126 22 6.2828004360198975e-02 -3.2581549882888794e-01 1.5366248786449432e-02 3.3217346668243408e-01 -8.3922244804984986e-05 1 0 0 0 0
P 10127 22 1.3965272903442383e-01 2.0748086273670197e-01 -1.0534025728702545e-01 2.7138119935989380e-01 -8.6994313967036208e-05 1 0 0 0 0
P 10128 -211 8.9179539680480957e-01 -1.8358192443847656e+00 3.0144691467285156e+00 3.6430809497833252e+00 1.3958238527955510e-01 1 0 0 0 0
P 10129 -211 -4.9926239997148514e-02 -3.6302840709686279e-01 4.3699216842651367e-01 5.8713936805725098e-01 1.3960024518969563e-01 1 0 0 0 0
P 10130 111 -2.7842119336128235e-01 -8.2510545849800110e-02 7.2527790069580078e-01 7.9283028841018677e-01 1.3500178477975588e-01 1 0 0 0 0
P 10131 321 5.7363367080688477e-01 1.1627445220947266e+00 -2.7702894806861877e-01 1.4147148132324219e+00 4.9360161341568298e-01 1 0 0 0 0
P 10132 2112 5.8930677175521851e-01 -3.0473701953887939e+00 -2.0674339294433594e+01 2.0927133560180664e+01 9.3960960260014303e-01 1 0 0 0 0
P 10133 -211 -1.7792390286922455e-01 -1.0787212848663330e+00 1.0668202638626099e+00 1.5339131355285645e+00 1.3959765873142074e-01 1 0 0 0 0
P 10134 211 2.4327102303504944e-01 1.0349851846694946e-01 2.9684323072433472e-01 4.2130339145660400e-01 1.3959910477006240e-01 1 0 0 0 0
P 10135 211 1.7479100823402405e-01 -2.4732856452465057e-01 -7.0504367351531982e-02 3.4085521101951599e-01 1.3959976244330827e-01 1 0 0 0 0
P 10136 111 3.3187884092330933e-01 2.2630296647548676e-01 4.5857504010200500e-01 6.2439775466918945e-01 1.3499959608519302e-01 1 0 0 0 0
P 10137 211 -2.5399246811866760e-01 -7.7474579215049744e-02 1.7438679933547974e-01 3.4700649976730347e-01 1.3960039689313677e-01 1 0 0 0 0
P 10138 -211 -1.3457903265953064e-01 1.3288891315460205e-01 -9.2549413442611694e-02 2.5263532996177673e-01 1.3960027487558163e-01 1 0 0 0 0
P 10139 111 4.3023392558097839e-02 2.0619939267635345e-01 3.0948531627655029e-01 3.9796420931816101e-01 1.3500055207341749e-01 1 0 0 0 0
P 10140 -211 -3.1534132361412048e-01 9.1604810953140259e-01 -6.6394168138504028e-01 1.1827472448348999e+00 1.3960014158083900e-01 1 0 0 0 0
P 10141 2212 -3.8397350907325745e-01 9.0831315517425537e-01 -2.5737266540527344e+00 2.9115195274353027e+00 9.3830092471603332e-01 1 0 0 0 0
P 10142 111 -1.8759976327419281e-01 1.7377656698226929e-01 -1.3974080085754395e+00 1.4270130395889282e+00 1.3500039375268680e-01 1 0 0 0 0
P 10143 -2212 5.8811008930206299e-03 8.0498772859573364e-01 -1.7844648361206055e+00 2.1708893775939941e+00 9.3829958321533291e-01 1 0 0 0 0
P 10144 211 -2.9599371552467346e-01 6.9979727268218994e-02 -7.1500539779663086e-01 7.8944933414459229e-01 1.3959975087508628e-01 1 0 0 0 0
P 10145 -211 -2.6746201515197754e-01 5.8829522132873535e-01 -1.2612320184707642e+00 1.4240158796310425e+00 1.3959879669306360e-01 1 0 0 0 0
P 10146 111 2.7796587347984314e-01 4.2868286371231079e-02 -1.8649207055568695e-01 3.6346521973609924e-01 1.3499983993266640e-01 1 0 0 0 0
P 10147 211 1.0199815779924393e-01 -2.6066577434539795e-01 -5.1741175651550293e+00 5.1835632324218750e+00 1.3958845353604293e-01 1 0 0 0 0
P 10148 111 4.7694973647594452e-02 3.2274270057678223e-01 -3.7328526973724365e+00 3.7495133876800537e+00 1.3499526963726366e-01 1 0 0 0 0
P 10149 130 -5.8465147018432617e-01 5.0571453571319580e-01 -7.6202511787414551e-01 1.1941325664520264e+00 4.9770048500065839e-01 1 0 0 0 0
E 35 -1 -1.0000000000000000e+00 -1.0000000000000000e+00 -1.0000000000000000e+00 0 0 1 0 0 0 0
U GEV MM
H 1 1 2 2 0 0 0 1 0 7.0448546409606934e+00 1.3290433883666992e+00 4.2537137866020203e-01 4.2000000000000000e+01
V -1 0 0 0 0 0 2 34 0
P 10001 2212 0 0 1.0000000000000000e+02 1.0000000000000000e+02 0 101 0 0 -1 0
P 10002 3000001 0 0 -1.0000000000000000e+02 1.0000000000000000e+02 0 102 0 0 -1 0
P 10003 -321 3.8568533957004547e-02 -6.5679676830768585e-02 5.5371427536010742e+00 5.5596218109130859e+00 4.9360252720526809e-01 1 0 0 0 0
P 10004 321 -4.3475896120071411e-01 -5.5136978626251221e-01 2.4010140895843506e+00 2.5498104095458984e+00 4.9359950435404815e-01 1 0 0 0 0
P 10005 111 4.0357369184494019e-01 1.6646998003125191e-02 -1.6425145864486694e+00 1.6968284845352173e+00 1.3499589601749970e-01 1 0 0 0 0
P 10006 -211 -3.6186829209327698e-01 -3.5456702113151550e-01 -2.0231428146362305e+00 2.0902769565582275e+00 1.3958679524774423e-01 1 0 0 0 0
P 10007 2212 2.7448356151580811e-01 2.2788035869598389e-01 4.0946353912353516e+01 4.0958660125732422e+01 9.3844013987745278e-01 1 0 0 0 0
P 10008 211 -6.3107393682003021e-02 2.4711655080318451e-01 1.1500895500183105e+01 1.1504569053649902e+01 1.3950867804125050e-01 1 0 0 0 0
P 10009 22 8.4961697459220886e-02 5.0998151302337646e-01 5.4111756384372711e-02 5.1983451843261719e-01 4.5903627834626418e-04 1 0 0 0 0
P 10010 22 -1.0676494240760803e-01 -5.2710860967636108e-02 -1.6486617922782898e-01 2.0336695015430450e-01 2.6752687981094613e-04 1 0 0 0 0
P 10011 -211 -1.7456449568271637e-01 2.6083678007125854e-01 -7.0780348777770996e-01 7.8675413131713867e-01 1.3959834111976929e-01 1 0 0 0 0
P 10012 111 3.3641606569290161e-01 -4.5076993107795715e-01 -2.9031974077224731e-01 6.4720898866653442e-01 1.3499860409788123e-01 1 0 0 0 0
P 10013 211 -3.6074626445770264e-01 -1.2579120695590973e-01 -4.3138003349304199e+00 4.3329353332519531e+00 1.3962083451190216e-01 1 0 0 0 0
P 10014 111 5.2249658107757568e-01 -2.0638734102249146e-01 -3.2345967292785645e+00 3.2857942581176758e+00 1.3501664285343046e-01 1 0 0 0 0
P 10015 211 -2.6957857608795166e-01 8.0909198150038719e-03 4.8541238903999329e-01 5.7258397340774536e-01 1.3960353684927712e-01 1 0 0 0 0
P 10016 111 3.1460487842559814e-01 -6.8381541967391968e-01 1.4835713386535645e+01 1.4855408668518066e+01 1.3488981998569485e-01 1 0 0 0 0
P 10017 2112 5.7719148695468903e-02 9.7295425832271576e-02 2.6743831634521484e+00 2.8368952274322510e+00 9.3960168500144226e-01 1 0 0 0 0
P 10018 -2112 -1.8650342524051666e-01 1.2294152379035950e-01 9.3194180727005005e-01 1.3421108722686768e+00 9.3959986985188582e-01 1 0 0 0 0
P 10019 2212 -1.7934554815292358e-01 3.3027123659849167e-02 -3.9091539382934570e+00 4.0243191719055176e+00 9.3829881570401141e-01 1 0 0 0 0
P 10020 -2212 3.2026237249374390e-01 3.6993229389190674e-01 -1.0461290359497070e+01 1.0514676094055176e+01 9.3829605556541651e-01 1 0 0 0 0
P 10021 2212 -6.7362792789936066e-02 -3.9840883016586304e-01 -8.2129508972167969e+01 8.2135864257812500e+01 9.3844873412235930e-01 1 0 0 0 0
P 10022 111 -6.2205485999584198e-02 -3.9205200970172882e-02 2.3361043930053711e+00 2.3411569595336914e+00 1.3500223658328428e-01 1 0 0 0 0
P 10023 111 -6.4443640410900116e-02 2.0201240479946136e-01 1.0538131713867188e+01 1.0541131019592285e+01 1.3513385554715118e-01 1 0 0 0 0
P 10024 111 -1.2835368514060974e-02 7.4875444173812866e-02 5.6695556640625000e+00 5.6716713905334473e+00 1.3499576092348967e-01 1 0 0 0 0
P 10025 211 -1.7804551124572754e-01 1.2229556590318680e-01 2.5310307741165161e-01 3.6084032058715820e-01 1.3959999875308524e-01 1 0 0 0 0
P 10026 -211 -1.0691888630390167e-01 3.9265722036361694e-02 -1.1047444492578506e-01 2.1134380996227264e-01 1.3959999230732581e-01 1 0 0 0 0
P 10027 111 1.0166619718074799e-01 1.4956459403038025e-02 -1.8643362820148468e-01 2.5207579135894775e-01 1.3499998347333558e-01 1 0 0 0 0
P 10028 -211 3.9913657307624817e-01 8.0895856022834778e-02 -2.4221614003181458e-03 4.3052077293395996e-01 1.3959987669438220e-01 1 0 0 0 0
P 10029 111 -3.3204737305641174e-01 -1.8307849764823914e-01 7.4914902448654175e-02 4.0940251946449280e-01 1.3499994844511184e-01 1 0 0 0 0
P 10030 2212 1.1356242001056671e-02 -1.0418388247489929e-01 -9.9995529174804688e+01 1.0000000000000000e+02 9.3976688874661884e-01 1 0 0 0 0
P 10031 2212 3.0719372630119324e-01 3.3739230036735535e-01 -9.2254056930541992e+00 9.2842187881469727e+00 9.3829992801791551e-01 1 0 0 0 0
P 10032 -2112 2.0869690179824829e-01 1.1129391193389893e-01 -1.6145675659179688e+01 1.6174722671508789e+01 9.3961176937034019e-01 1 0 0 0 0
P 10033 22 7.3401346802711487e-02 2.5648817420005798e-01 -7.9426690936088562e-02 2.7835702896118164e-01 3.0841872181846787e-04 1 0 0 0 0
P 10034 22 -6.7956581711769104e-02 8.1053033471107483e-02 -8.2700675725936890e-01 8.3374345302581787e-01 5.2695155435869177e-04 1 0 0 0 0
P 10035 2112 -2.2961769998073578e-01 9.9266819655895233e-02 -5.4498905181884766e+01 5.4507575988769531e+01 9.3946578319242835e-01 1 0 0 0 0
P 10036 -211 -1.9586628675460815e-01 -9.7577668726444244e-02 -8.2818670272827148e+00 8.2859325408935547e+00 1.3954071421978195e-01 1 0 0 0 0
E 36 -1 -1.0000000000000000e+00 -1.0000000000000000e+00 -1.0000000000000000e+00 0 0 1 0 0 0 0
U GEV MM
H 1 1 1 1 0 0 0 0 0 7.1271014213562012e+00 7.5085592269897461e-01 9.9999994039535522e-01 4.2000000000000000e+01
V -1 0 0 0 0 0 2 43 0
P 10001 2212 0 0 1.0000000000000000e+02 1.0000000000000000e+02 0 101 0 0 -1 0
P 10002 3000001 0 0 -1.0000000000000000e+02 1.0000000000000000e+02 0 102 0 0 -1 0
P 10003 2112 -7.5339069589972496e-03 1.6331729292869568e-01 3.2451683044433594e+01 3.2465690612792969e+01 9.3947072934239129e-01 1 0 0 0 0
P 10004 111 3.4554165601730347e-01 -1.1879299581050873e-01 9.5867261886596680e+00 9.5946369171142578e+00 1.3501015895795906e-01 1 0 0 0 0
P 10005 211 5.8002691715955734e-02 -2.2392983734607697e-01 5.7304483652114868e-01 6.3354355096817017e-01 1.3960000719796450e-01 1 0 0 0 0
P 10006 -211 1.8151076138019562e-01 1.3693594932556152e-01 2.2749412059783936e+00 2.2905337810516357e+00 1.3960623469517502e-01 1 0 0 0 0
P 10007 211 -2.6883178949356079e-01 -3.2351648807525635e-01 8.6920413970947266e+00 8.7033338546752930e+00 1.3965345692031222e-01 1 0 0 0 0
P 10008 -321 4.7702711820602417e-01 2.0927140116691589e-01 1.4158708572387695e+01 1.4176881790161133e+01 4.9355796371572480e-01 1 0 0 0 0
P 10009 211 -2.1049521863460541e-01 6.8075194954872131e-02 3.7499206066131592e+00 3.7590336799621582e+00 1.3959649691760809e-01 1 0 0 0 0
P 10010 310 -4.4970044493675232e-01 4.0954351425170898e-02 1.0996978759765625e+01 1.1017493247985840e+01 4.9770259955147034e-01 1 0 0 0 0
P 10011 111 1.9190821051597595e-01 2.9178746044635773e-02 3.7604752182960510e-01 4.4420385360717773e-01 1.3500060889158305e-01 1 0 0 0 0
P 10012 111 3.3724927902221680e-01 3.2797604799270630e-01 4.8920536041259766e-01 6.9199180603027344e-01 1.3500152109773053e-01 1 0 0 0 0
P 10013 111 3.2900556921958923e-02 8.7059587240219116e-02 1.5086154639720917e-01 2.2281402349472046e-01 1.3500023891955215e-01 1 0 0 0 0
P 10014 -211 -3.0970889329910278e-01 -1.1814648658037186e-01 4.6706855297088623e-01 5.8950823545455933e-01 1.3960206164161609e-01 1 0 0 0 0
P 10015 111 -1.6608691215515137e-01 2.0378446578979492e-01 7.3670774698257446e-01 7.9377341270446777e-01 1.3499983468838508e-01 1 0 0 0 0
P 10016 -211 -3.6929941177368164e-01 5.5844503641128540e-01 -6.9306886196136475e-01 9.7369176149368286e-01 1.3960044681683717e-01 1 0 0 0 0
P 10017 -321 3.6442890763282776e-01 5.1069903373718262e-01 -5.9106570482254028e-01 9.9328827857971191e-01 4.9360004575357663e-01 1 0 0 0 0
P 10018 111 4.8594927787780762e-01 -1.0640075802803040e-01 -1.4303063154220581e+00 1.5203515291213989e+00 1.3499923772618050e-01 1 0 0 0 0
P 10019 321 1.4140548706054688e+00 2.0469746589660645e+00 -2.2939975261688232e+00 3.4199008941650391e+00 4.9360008540301936e-01 1 0 0 0 0
P 10020 211 2.0720379054546356e-01 2.3337226361036301e-02 -2.8099339008331299e+00 2.8211159706115723e+00 1.3960213335672478e-01 1 0 0 0 0
P 10021 -211 -2.1859045326709747e-01 -5.7339000701904297e-01 -1.3621387481689453e+01 1.3635917663574219e+01 1.3962705697829733e-01 1 0 0 0 0
P 10022 211 2.3412746191024780e-01 1.8217147886753082e-01 -5.2154402732849121e+00 5.2257351875305176e+00 1.3960261408404023e-01 1 0 0 0 0
P 10023 -211 -2.0851354300975800e-01 -3.7206262350082397e-03 1.0251296758651733e+00 1.0554010868072510e+00 1.3960251078124750e-01 1 0 0 0 0
P 10024 211 -9.9959954619407654e-02 -1.1324685066938400e-01 4.1078120470046997e-01 4.5939788222312927e-01 1.3960076769802859e-01 1 0 0 0 0
P 10025 111 -1.0313866138458252e+00 -7.4813586473464966e-01 4.8624291419982910e+00 5.0284113883972168e+00 1.3504928983881995e-01 1 0 0 0 0
P 10026 22 -4.1239124536514282e-01 -5.6073093414306641e-01 2.6889946460723877e+00 2.7776205539703369e+00 -1.4087321440043761e-03 1 0 0 0 0
P 10027 111 -4.5620906352996826e-01 -1.8085974454879761e-01 5.7354950904846191e-01 7.6682502031326294e-01 1.3499857630196505e-01 1 0 0 0 0
P 10028 211 1.7301154136657715e-01 -1.6539998352527618e-01 3.1095391511917114e-01 4.1649812459945679e-01 1.3960015211568885e-01 1 0 0 0 0
P 10029 111 -4.8948353528976440e-01 3.5663866996765137e-01 3.7338960170745850e-01 7.2417545318603516e-01 1.3500007443658510e-01 1 0 0 0 0
P 10030 -211 -3.4265935420989990e-01 -3.7568867206573486e-01 1.8857140541076660e+00 1.9580508470535278e+00 1.3960019499201057e-01 1 0 0 0 0
P 10031 211 2.3598532378673553e-01 1.2333132326602936e-02 2.7231976389884949e-01 3.8663598895072937e-01 1.3959998189923770e-01 1 0 0 0 0
P 10032 211 3.8928025960922241e-01 8.0472916364669800e-02 -4.8433303833007812e-02 4.2408597469329834e-01 1.3959985036426684e-01 1 0 0 0 0
P 10033 -211 5.1492381095886230e-01 2.6708248257637024e-01 -7.3977673053741455e-01 9.5038795471191406e-01 1.3959967702438814e-01 1 0 0 0 0
P 10034 211 -5.3472149372100830e-01 -1.9396106898784637e-01 -1.4396731853485107e+00 1.5542505979537964e+00 1.3959967227064701e-01 1 0 0 0 0
P 10035 111 1.5441562235355377e-01 -4.8561781644821167e-02 -5.8236658573150635e-02 2.1867543458938599e-01 1.3500002306568870e-01 1 0 0 0 0
P 10036 -211 2.4623593688011169e-01 5.2630233764648438e-01 -3.7536044120788574e+00 3.8008759021759033e+00 1.3958959180484268e-01 1 0 0 0 0
P 10037 111 -1.7034846544265747e-01 -1.8411485850811005e-01 -8.5899102687835693e-01 9.0499031543731689e-01 1.3500002213211137e-01 1 0 0 0 0
P 10038 130 4.6170157194137573e-01 -1.3300780057907104e+00 -6.9601635932922363e+00 7.1185574531555176e+00 4.9770184394268313e-01 1 0 0 0 0
P 10039 310 -6.7673638463020325e-02 1.2245544791221619e-01 -3.6137950420379639e+00 3.6505882740020752e+00 4.9769979139746046e-01 1 0 0 0 0
P 10040 -211 4.9807757139205933e-02 -9.3864932656288147e-02 -5.9127321243286133e+00 5.9153337478637695e+00 1.3957340826485404e-01 1 0 0 0 0
P 10041 211 -3.0635705590248108e-01 2.6739072054624557e-03 -1.2966738939285278e+00 1.3396689891815186e+00 1.3959949103732919e-01 1 0 0 0 0
P 10042 2212 -1.6538622379302979e+00 -4.2706611752510071e-01 -3.8899215698242188e+01 3.8948009490966797e+01 9.3851776716189483e-01 1 0 0 0 0
P 10043 111 -1.6260620951652527e-01 1.0550899803638458e-01 -4.2303609848022461e+00 4.2369503974914551e+00 1.3498770694398507e-01 1 0 0 0 0
P 10044 130 1.6506089270114899e-01 -1.1144111305475235e-01 -1.2097169458866119e-01 5.4954856634140015e-01 4.9769996574045861e-01 1 0 0 0 0
P 10045 130 1.2160742282867432e+00 -6.0618788003921509e-02 -2.5206589698791504e+00 2.8432266712188721e+00 4.9769980443623457e-01 1 0 0 0 0
E 37 -1 -1.0000000000000000e+00 -1.0000000000000000e+00 -1.0000000000000000e+00 0 0 1 0 0 0 0
U GEV MM
H 1 1 1 1 0 0 0 0 0 6.3314661979675293e+00 4.1939301490783691e+00 1.0000000000000000e+00 4.2000000000000000e+01
V -1 0 0 0 0 0 2 37 0
P 10001 2212 0 0 1.0000000000000000e+02 1.0000000000000000e+02 0 101 0 0 -1 0
P 10002 3000001 0 0 -1.0000000000000000e+02 1.0000000000000000e+02 0 102 0 0 -1 0
P 10003 111 -1.6518041491508484e-01 -2.2235272824764252e-01 -5.4477715492248535e-01 6.2588465213775635e-01 1.3499682968674903e-01 1 0 0 0 0
P 10004 2212 -4.3366548418998718e-01 -5.7132685184478760e-01 4.1929805755615234e+01 4.1946441650390625e+01 9.3855010637916036e-01 1 0 0 0 0
P 10005 111 -2.9419165104627609e-02 1.0006277263164520e-01 8.7242364883422852e+00 8.7259044647216797e+00 1.3501250751181249e-01 1 0 0 0 0
P 10006 310 2.4674360454082489e-01 4.1952842473983765e-01 5.7822985649108887e+00 5.8240509033203125e+00 4.9770043715988316e-01 1 0 0 0 0
P 10007 211 2.1829539537429810e-01 -1.8512882292270660e-02 5.1558607816696167e-01 5.7733249664306641e-01 1.3960014766517756e-01 1 0 0 0 0
P 10008 -211 2.4688240885734558e-01 9.9225960671901703e-02 1.3872489333152771e-02 3.0079448223114014e-01 1.3959999823042230e-01 1 0 0 0 0
P 10009 111 -4.7712421417236328e-01 1.0050982236862183e-02 5.0354504585266113e-01 7.0677524805068970e-01 1.3500037059517445e-01 1 0 0 0 0
P 10010 211 1.0072852671146393e-01 2.6280009746551514e-01 6.4062513411045074e-02 3.2062822580337524e-01 1.3960059539963823e-01 1 0 0 0 0
P 10011 111 4.9513596296310425e-01 -1.2882661819458008e-01 -3.5011318325996399e-01 6.3447660207748413e-01 1.3500147449754896e-01 1 0 0 0 0
P 10012 -211 -2.0965033769607544e-01 4.3310649693012238e-02 -1.3293707370758057e-01 2.8807905316352844e-01 1.3960013908571525e-01 1 0 0 0 0
P 10013 211 7.8057348728179932e-02 -4.5444041490554810e-02 -9.5930010080337524e-02 1.9196060299873352e-01 1.3960012776554240e-01 1 0 0 0 0
P 10014 111 -9.3776583671569824e-02 4.1267555207014084e-02 2.9137697815895081e-01 3.3707964420318604e-01 1.3500031250789718e-01 1 0 0 0 0
P 10015 -211 -5.3573884069919586e-03 -2.3713541030883789e-01 -7.8411960601806641e+00 7.8460259437561035e+00 1.3966227646791260e-01 1 0 0 0 0
P 10016 111 -6.1361528933048248e-02 4.2385369539260864e-01 -6.4274024963378906e+00 6.4430708885192871e+00 1.3506454835817081e-01 1 0 0 0 0
P 10017 310 -3.4987884759902954e-01 -4.1322278976440430e-01 1.5675010681152344e+00 1.7314540147781372e+00 4.9769983400743378e-01 1 0 0 0 0
P 10018 2212 1.8458420038223267e-01 7.8664638102054596e-02 -9.9995384216308594e+01 1.0000000000000000e+02 9.3961480432342104e-01 1 0 0 0 0
P 10019 -211 -3.0117130279541016e-01 -2.3898483812808990e-01 -5.8389921188354492e+00 5.8533015251159668e+00 1.3961330029700039e-01 1 0 0 0 0
P 10020 111 2.1314021944999695e-01 2.7194675803184509e-01 -2.7182178497314453e+00 2.7434134483337402e+00 1.3500102795370719e-01 1 0 0 0 0
P 10021 211 1.0240206122398376e-01 3.8581699132919312e-02 1.5163086652755737e+00 1.5266481637954712e+00 1.3959913316130695e-01 1 0 0 0 0
P 10022 111 -8.5119441151618958e-02 -2.6947740465402603e-02 2.0027227401733398e+01 2.0027879714965820e+01 1.3474782528905585e-01 1 0 0 0 0
P 10023 -211 -2.3136492818593979e-02 -2.1580904722213745e-01 4.1917910575866699e+00 4.1997275352478027e+00 1.3960751302183111e-01 1 0 0 0 0
P 10024 111 7.4357420206069946e-02 3.3328115940093994e-01 1.2534385681152344e+01 1.2539764404296875e+01 1.3513531826548128e-01 1 0 0 0 0
P 10025 211 3.1666513532400131e-02 5.1227509975433350e-03 -2.2798845171928406e-01 2.6925069093704224e-01 1.3960010671785966e-01 1 0 0 0 0
P 10026 -211 6.1525095254182816e-02 3.9252412319183350e-01 1.2225216627120972e-01 4.3851372599601746e-01 1.3960003973979676e-01 1 0 0 0 0
P 10027 111 1.1375330388545990e-01 1.0501510649919510e-01 1.3317930698394775e-01 2.4480548501014709e-01 1.3500004053493347e-01 1 0 0 0 0
P 10028 211 -3.3175528049468994e-01 1.2204831093549728e-01 -2.8057873249053955e-02 3.8109418749809265e-01 1.3960006860762353e-01 1 0 0 0 0
P 10029 111 -3.9671343564987183e-01 -3.3321219682693481e-01 -5.3329974412918091e-01 7.5567549467086792e-01 1.3499969636430359e-01 1 0 0 0 0
P 10030 -211 8.2399353384971619e-02 1.1233256012201309e-01 -7.6889991760253906e-06 1.9722180068492889e-01 1.3960007558901247e-01 1 0 0 0 0
P 10031 211 6.8372827768325806e-01 -2.2685649991035461e-01 -2.1609449386596680e-01 7.6494002342224121e-01 1.3960007127053845e-01 1 0 0 0 0
P 10032 111 1.7892034351825714e-01 -1.8501317501068115e-01 -2.3938308656215668e-01 3.7652575969696045e-01 1.3500007900414035e-01 1 0 0 0 0
P 10033 111 2.1756857633590698e-01 -2.2115586698055267e-01 -4.8565337061882019e-01 5.9188699722290039e-01 1.3500006733097314e-01 1 0 0 0 0
P 10034 310 -2.1186389029026031e-01 2.1868093311786652e-01 -2.2492923736572266e+00 2.3237316608428955e+00 4.9769969951055548e-01 1 0 0 0 0
P 10035 211 -1.9408419728279114e-01 4.9528837203979492e-02 -7.3662147521972656e+00 7.3702597618103027e+00 1.3959727691382154e-01 1 0 0 0 0
P 10036 111 -2.5276681780815125e-01 -7.1048492193222046e-01 -7.1656799316406250e+00 7.2065157890319824e+00 1.3498535613972656e-01 1 0 0 0 0
P 10037 2112 1.9738337397575378e-01 1.3320086896419525e-01 -2.7777860641479492e+01 2.7794771194458008e+01 9.3971339620242200e-01 1 0 0 0 0
P 10038 -211 2.5756666064262390e-01 3.2124978303909302e-01 -2.7031269073486328e+01 2.7034767150878906e+01 1.3994703014164639e-01 1 0 0 0 0
P 10039 130 -1.6281379759311676e-01 2.1300797164440155e-01 -6.4724647998809814e-01 8.5936844348907471e-01 4.9770009758598288e-01 1 0 0 0 0
E 38 -1 -1.0000000000000000e+00 -1.0000000000000000e+00 -1.0000000000000000e+00 0 0 1 0 0 0 0
U GEV MM
H 1 1 3 3 0 0 0 2 0 6.2868084907531738e+00 4.9777212142944336e+00 9.3538457155227661e-01 4.2000000000000000e+01
V -1 0 0 0 0 0 2 128 0
P 10001 2212 0 0 1.0000000000000000e+02 1.0000000000000000e+02 0 101 0 0 -1 0
P 10002 3000001 0 0 -1.0000000000000000e+02 1.0000000000000000e+02 0 102 0 0 -1 0
P 10003 3112 -1.0293594002723694e-01 -3.4707230329513550e-01 2.7076349258422852e+00 2.9826345443725586e+00 1.1974000760730148e+00 1 0 0 0 0
P 10004 -3122 -6.1302340030670166e-01 -6.4534682035446167e-01 3.0534350872039795e+00 3.3705041408538818e+00 1.1155994459839005e+00 1 0 0 0 0
P 10005 3122 5.6313180923461914e-01 4.7713088989257812e-01 4.4630455970764160e+00 4.6591963768005371e+00 1.1156000875522245e+00 1 0 0 0 0
P 10006 -3122 -1.3316456973552704e-01 -5.1052235066890717e-02 9.3015170097351074e-01 1.4594810009002686e+00 1.1156000501195584e+00 1 0 0 0 0
P 10007 3222 -4.0640005469322205e-01 -2.3175704479217529e-01 -1.8548256158828735e+00 2.2525362968444824e+00 1.1893987434839155e+00 1 0 0 0 0
P 10008 -211 1.1252641677856445e-02 -1.3524098694324493e-01 -5.4000012576580048e-02 2.0204184949398041e-01 1.3960000392035901e-01 1 0 0 0 0
P 10009 211 5.4896559566259384e-02 -1.2022852897644043e-01 -5.8309726417064667e-02 2.0088978111743927e-01 1.3959995892022709e-01 1 0 0 0 0
P 10010 211 -1.7892724275588989e-01 9.3237936496734619e-02 2.2367551922798157e-01 3.3200466632843018e-01 1.3959974770589967e-01 1 0 0 0 0
P 10011 130 -2.9097318649291992e-01 -4.8255166411399841e-01 1.8030109405517578e+00 1.9534777402877808e+00 4.9770003642102256e-01 1 0 0 0 0
P 10012 310 -1.3437381386756897e-01 -3.0549433827400208e-01 1.2144812345504761e+00 1.3542722463607788e+00 4.9770024675203350e-01 1 0 0 0 0
P 10013 130 4.7464817762374878e-01 -7.2089695930480957e-01 2.4441285133361816e+00 2.6394040584564209e+00 4.9770099019072306e-01 1 0 0 0 0
P 10014 -211 1.9570983946323395e-02 9.4895458221435547e-01 3.6887228488922119e+00 3.8114378452301025e+00 1.3958642338910135e-01 1 0 0 0 0
P 10015 111 1.1026906967163086e-01 -1.0582679510116577e-01 1.5094375610351562e+00 1.5231497287750244e+00 1.3499913820479847e-01 1 0 0 0 0
P 10016 211 9.3912653625011444e-02 -1.8673875927925110e-01 2.2238357365131378e-01 3.3560910820960999e-01 1.3959967390819700e-01 1 0 0 0 0
P 10017 111 8.9319586753845215e-02 2.9567492008209229e-01 1.4044679403305054e+00 1.4443533420562744e+00 1.3499901610562909e-01 1 0 0 0 0
P 10018 -211 1.1136049032211304e-01 4.6437233686447144e-01 3.8703637123107910e+00 3.9022099971771240e+00 1.3958785923987527e-01 1 0 0 0 0
P 10019 211 4.2781683802604675e-01 1.7345730960369110e-01 1.6772694587707520e+00 1.7452321052551270e+00 1.3959791808818672e-01 1 0 0 0 0
P 10020 -211 -2.8298652172088623e-01 -4.6361833810806274e-03 1.3919633626937866e+00 1.4272888898849487e+00 1.3960195713236523e-01 1 0 0 0 0
P 10021 111 3.6469322443008423e-01 -8.0446034669876099e-02 4.5601935386657715e+00 4.5774517059326172e+00 1.3500480590356184e-01 1 0 0 0 0
P 10022 -211 -4.4478178024291992e-03 2.5725927948951721e-01 1.1575886011123657e+00 1.1940273046493530e+00 1.3959840563647569e-01 1 0 0 0 0
P 10023 211 -1.1074278503656387e-02 2.8752215206623077e-02 1.0862700939178467e+00 1.0956367254257202e+00 1.3959866631756601e-01 1 0 0 0 0
P 10024 111 1.4072653651237488e-01 5.6399852037429810e-02 1.0500981807708740e+00 1.0695400238037109e+00 1.3499915507561736e-01 1 0 0 0 0
P 10025 321 -1.0488838702440262e-01 -1.4405678212642670e-01 6.6237443685531616e-01 8.4506493806838989e-01 4.9359996428680258e-01 1 0 0 0 0
P 10026 111 -8.5759855806827545e-02 1.2020849436521530e-01 8.9757037162780762e-01 9.1959899663925171e-01 1.3499965781541060e-01 1 0 0 0 0
P 10027 22 -4.1366016864776611e-01 -3.5271582007408142e-01 9.6290811896324158e-02 5.5208247900009155e-01 -2.0418863051787449e-04 1 0 0 0 0
P 10028 22 1.1490951478481293e-01 2.2944122552871704e-02 1.6251835227012634e-01 2.0035679638385773e-01 4.1046356816379713e-05 1 0 0 0 0
P 10029 130 8.4998078644275665e-02 -1.3851295411586761e-01 -2.2375145554542542e-01 5.6936836242675781e-01 4.9769981559440873e-01 1 0 0 0 0
P 10030 2212 3.0083504319190979e-01 -4.1643983125686646e-01 -3.1351390480995178e-01 1.1147298812866211e+00 9.3830052939054409e-01 1 0 0 0 0
P 10031 -2212 9.5215737819671631e-03 -4.1771811246871948e-01 7.6782763004302979e-02 1.0299909114837646e+00 9.3829984716660064e-01 1 0 0 0 0
P 10032 111 -1.8314658105373383e-01 -3.6053025722503662e-01 -2.0629041194915771e+00 2.1064956188201904e+00 1.3500240504122535e-01 1 0 0 0 0
P 10033 211 2.0471572875976562e-01 1.7254547774791718e-01 -4.2998008728027344e+00 4.3103890419006348e+00 1.3959110032167291e-01 1 0 0 0 0
P 10034 2212 8.1110990047454834e-01 -9.2018947005271912e-02 -3.1844154357910156e+01 3.1868431091308594e+01 9.3827858007100695e-01 1 0 0 0 0
P 10035 211 6.0907357931137085e-01 -1.4284588396549225e-01 2.0813438892364502e+00 2.1778101921081543e+00 1.3960399710322000e-01 1 0 0 0 0
P 10036 -211 3.8274161517620087e-02 -1.0202327370643616e-01 1.2546926736831665e-01 2.1703542768955231e-01 1.3960007163604718e-01 1 0 0 0 0
P 10037 211 1.0096177458763123e-02 2.0670431852340698e-01 1.0391503572463989e-02 2.4984937906265259e-01 1.3959985951279322e-01 1 0 0 0 0
P 10038 111 -3.4340253472328186e-01 5.3922426700592041e-01 -1.4068884849548340e+00 1.5512086153030396e+00 1.3499943744111775e-01 1 0 0 0 0
P 10039 211 -6.8892315030097961e-02 -6.3119806349277496e-02 -8.0589586496353149e-01 8.2321721315383911e-01 1.3960004958336616e-01 1 0 0 0 0
P 10040 -211 -5.6368984282016754e-02 3.7244390696287155e-02 -4.1363969445228577e-01 4.4175848364830017e-01 1.3959997858646411e-01 1 0 0 0 0
P 10041 -211 -2.0407685637474060e-01 2.9487136006355286e-01 -4.7714221477508545e-01 6.1298394203186035e-01 1.3959992039725316e-01 1 0 0 0 0
P 10042 211 -2.2197692096233368e-01 -3.7283587455749512e-01 -1.4900407791137695e+00 1.5582010746002197e+00 1.3960201526604138e-01 1 0 0 0 0
P 10043 -211 1.2433692812919617e-01 9.6963584423065186e-02 -4.7411879897117615e-01 5.1878547668457031e-01 1.3959988137599733e-01 1 0 0 0 0
P 10044 211 -2.6726680994033813e-01 -3.6412693560123444e-02 -3.8240048885345459e+00 3.8360474109649658e+00 1.3960272091519130e-01 1 0 0 0 0
P 10045 111 -1.2326515465974808e-01 2.8164675831794739e-01 -3.6888039112091064e+00 3.7040545940399170e+00 1.3500720518665771e-01 1 0 0 0 0
P 10046 111 -1.8855820596218109e-01 1.6803883016109467e-01 -3.3935730457305908e+00 3.4056358337402344e+00 1.3500433277772081e-01 1 0 0 0 0
P 10047 111 -2.5313633680343628e-01 1.8215779960155487e-01 -2.0026457309722900e+00 2.0312740802764893e+00 1.3499998687265383e-01 1 0 0 0 0
P 10048 -211 -1.7370140552520752e-01 -1.6667495667934418e-01 -8.7999458312988281e+00 8.8043441772460938e+00 1.3956015960180834e-01 1 0 0 0 0
P 10049 111 9.3233883380889893e-02 -2.2122146561741829e-02 -1.3043785095214844e+00 1.3148422241210938e+00 1.3499937722610006e-01 1 0 0 0 0
P 10050 -211 1.9487534463405609e-01 -1.3432599604129791e-02 -3.3487262725830078e+00 3.3573226928710938e+00 1.3961081871101921e-01 1 0 0 0 0
P 10051 111 -5.0907862186431885e-01 -2.7312692999839783e-01 -1.7060249328613281e+01 1.7070562362670898e+01 1.3502910892365683e-01 1 0 0 0 0
P 10052 22 2.9184168577194214e-01 -9.6722096204757690e-03 -1.5402569770812988e+00 1.5676915645599365e+00 4.0614235152793953e-04 1 0 0 0 0
P 10053 22 -3.4705236554145813e-02 2.1568724513053894e-01 -2.4195066094398499e-01 3.2598403096199036e-01 1.5797061844969595e-04 1 0 0 0 0
P 10054 2212 -1.2438374757766724e-01 -2.6343848556280136e-02 2.3138387680053711e+01 2.3157751083374023e+01 9.3823530738889527e-01 1 0 0 0 0
P 10055 -2212 2.8000414371490479e-01 -7.8105801343917847e-01 5.3635768890380859e+00 5.5078878402709961e+00 9.3830564078372292e-01 1 0 0 0 0
P 10056 2212 3.3560115098953247e-01 -2.8502402827143669e-02 7.9907464981079102e+00 8.0526933670043945e+00 9.3829651308119000e-01 1 0 0 0 0
P 10057 111 -7.7339164912700653e-02 1.1736993677914143e-02 3.0632162094116211e+00 3.0671868324279785e+00 1.3499042916994514e-01 1 0 0 0 0
P 10058 111 4.1750776767730713e-01 2.6542451977729797e-01 8.2507610321044922e-02 5.1941829919815063e-01 1.3499982226326310e-01 1 0 0 0 0
P 10059 111 -4.4413536787033081e-02 -8.7045985460281372e-01 -9.6908670663833618e-01 1.3103536367416382e+00 1.3499884300917428e-01 1 0 0 0 0
P 10060 111 1.4681081473827362e-01 -7.1103066205978394e-02 -1.6789214313030243e-01 2.7022552490234375e-01 1.3500000457723621e-01 1 0 0 0 0
P 10061 -2112 -4.6254727244377136e-01 2.2317474707961082e-02 -1.6565531492233276e-02 1.0476500988006592e+00 9.3960005521546131e-01 1 0 0 0 0
P 10062 2112 -4.3656730651855469e-01 3.9545720815658569e-01 3.1034284830093384e-01 1.1515805721282959e+00 9.3959976266915379e-01 1 0 0 0 0
P 10063 111 -2.2702887654304504e-01 -1.6027590632438660e-01 -6.5548308193683624e-02 3.1583669781684875e-01 1.3500282237159550e-01 1 0 0 0 0
P 10064 -211 -3.1519228219985962e-01 1.3418816328048706e+00 2.2403326034545898e+00 2.6341171264648438e+00 1.3960791745586495e-01 1 0 0 0 0
P 10065 -211 1.8084199726581573e-01 1.1260318756103516e-01 3.9404846727848053e-02 2.5772893428802490e-01 1.3959998495558978e-01 1 0 0 0 0
P 10066 211 -7.8979022800922394e-02 -1.1698571592569351e-01 -2.6876690983772278e-01 3.3413642644882202e-01 1.3959998525442172e-01 1 0 0 0 0
P 10067 111 -2.3041519522666931e-01 8.7297815084457397e-01 -4.5970267057418823e-01 1.0221221446990967e+00 1.3500044188033097e-01 1 0 0 0 0
P 10068 211 2.2795248031616211e-01 2.9545970261096954e-02 -8.0045232772827148e+00 8.0090389251708984e+00 1.3955755336366660e-01 1 0 0 0 0
P 10069 -211 4.3981157243251801e-02 2.8534680604934692e-01 6.9813734292984009e-01 7.6827138662338257e-01 1.3959954153240847e-01 1 0 0 0 0
P 10070 111 -2.7260881662368774e-01 -3.5485890507698059e-01 1.2957688570022583e+00 1.3774912357330322e+00 1.3499912714894235e-01 1 0 0 0 0
P 10071 211 1.7093667387962341e-01 -1.8733546137809753e-01 -2.4743266403675079e-03 2.8949648141860962e-01 1.3960003185765665e-01 1 0 0 0 0
P 10072 -211 3.0189223587512970e-02 -2.8693246841430664e-01 -7.7368468046188354e-02 3.2972058653831482e-01 1.3959998097497134e-01 1 0 0 0 0
P 10073 111 -7.5401291251182556e-02 -3.5994917154312134e-01 -2.2438971325755119e-02 3.9239940047264099e-01 1.3500007866740291e-01 1 0 0 0 0
P 10074 211 -1.2560187280178070e-01 1.5500929951667786e-01 -2.9280480742454529e-01 3.8082346320152283e-01 1.3959993368877621e-01 1 0 0 0 0
P 10075 111 6.6103756427764893e-01 6.2277650833129883e-01 -1.0959569215774536e+00 1.4297440052032471e+00 1.3500039164996011e-01 1 0 0 0 0
P 10076 -211 3.7907546758651733e-01 9.5742389559745789e-02 -3.5947012901306152e-01 5.4915553331375122e-01 1.3960018206254804e-01 1 0 0 0 0
P 10077 211 -6.5235912799835205e-02 5.3316801786422729e-02 -1.5255521237850189e-01 2.2329278290271759e-01 1.3960003008964561e-01 1 0 0 0 0
P 10078 111 2.4501112103462219e-01 1.6874152421951294e-01 4.7458305954933167e-02 3.3012342453002930e-01 1.3500012293607419e-01 1 0 0 0 0
P 10079 -211 -1.0122004896402359e-01 1.1639310419559479e-01 -3.0869722366333008e-02 2.1031869947910309e-01 1.3960000922292548e-01 1 0 0 0 0
P 10080 321 -3.5389691591262817e-01 3.7695616483688354e-02 -1.5844732522964478e+00 1.6973100900650024e+00 4.9360112236402887e-01 1 0 0 0 0
P 10081 111 -1.4031782746315002e-01 -2.6007863879203796e-01 -4.0669569969177246e+00 4.0799136161804199e+00 1.3500336905595309e-01 1 0 0 0 0
P 10082 -211 -9.6681118011474609e-03 -1.2385079264640808e-01 -4.3273096084594727e+00 4.3313426971435547e+00 1.3960165259833493e-01 1 0 0 0 0
P 10083 211 -2.6274442672729492e-01 -1.2620308995246887e-01 -5.2654111385345459e-01 6.1781513690948486e-01 1.3959994672865422e-01 1 0 0 0 0
P 10084 -211 7.4089720845222473e-02 6.1496961116790771e-01 -2.1055800914764404e+00 2.1992344856262207e+00 1.3959903921862046e-01 1 0 0 0 0
P 10085 111 -2.7070529758930206e-02 -1.5732946991920471e-01 -3.6123755574226379e-01 4.1737619042396545e-01 1.3499976654679838e-01 1 0 0 0 0
P 10086 211 -1.0641147196292877e-01 -5.4128747433423996e-02 -9.1891348361968994e-02 2.0539109408855438e-01 1.3959999628611769e-01 1 0 0 0 0
P 10087 111 4.2793858051300049e-01 5.0416886806488037e-03 1.2186709791421890e-01 4.6500906348228455e-01 1.3499997129778635e-01 1 0 0 0 0
P 10088 22 -2.4998438358306885e-01 1.4461658895015717e-01 9.0961802005767822e-01 9.5436406135559082e-01 -5.7501434625823367e-04 1 0 0 0 0
P 10089 22 1.9001454114913940e-01 -1.5609985589981079e-01 4.4404438138008118e-01 5.0759029388427734e-01 -4.4390286282791760e-04 1 0 0 0 0
P 10090 211 2.8150752186775208e-02 -2.8940308094024658e-01 6.2935817241668701e-01 7.0719623565673828e-01 1.3960013765394511e-01 1 0 0 0 0
P 10091 111 -2.9328671097755432e-01 2.8951099514961243e-01 8.9831531047821045e-01 9.9751150608062744e-01 1.3500035768518395e-01 1 0 0 0 0
P 10092 22 1.0718829929828644e-02 -2.9649987816810608e-02 -1.5483105182647705e-01 1.5800847113132477e-01 8.5129101148429751e-05 1 0 0 0 0
P 10093 22 -2.5436151027679443e-01 3.1685489416122437e-01 3.4822267293930054e-01 5.3512227535247803e-01 1.3328619488800071e-04 1 0 0 0 0
P 10094 111 1.9983339309692383e-01 1.0657565295696259e-01 1.6125191748142242e-01 3.0906140804290771e-01 1.3500006759330391e-01 1 0 0 0 0
P 10095 211 1.2658268213272095e-01 1.2522725760936737e-01 -2.9175069928169250e-01 3.6920413374900818e-01 1.3960007300042010e-01 1 0 0 0 0
P 10096 -211 5.6974038481712341e-02 -5.0289428234100342e-01 -4.8052683472633362e-01 7.1171832084655762e-01 1.3960024736491652e-01 1 0 0 0 0
P 10097 211 2.4361559748649597e-01 9.5266610383987427e-02 1.2487977743148804e-02 2.9676324129104614e-01 1.3960009097668027e-01 1 0 0 0 0
P 10098 211 -3.2804998755455017e-01 6.9013364613056183e-02 -1.4608993530273438e+00 1.5053553581237793e+00 1.3960012796020344e-01 1 0 0 0 0
P 10099 -211 8.6164481937885284e-02 -9.7162060439586639e-02 -3.7284553050994873e-01 4.1876813769340515e-01 1.3960007016283188e-01 1 0 0 0 0
P 10100 111 -1.4671045541763306e-01 2.4789121747016907e-01 -1.2724131345748901e+00 1.3115772008895874e+00 1.3500205712127383e-01 1 0 0 0 0
P 10101 -211 6.2453165650367737e-02 6.6090948879718781e-02 -2.6399204134941101e-01 3.1216722726821899e-01 1.3960003030416893e-01 1 0 0 0 0
P 10102 211 1.9893372431397438e-02 -3.8882344961166382e-03 -6.5140664577484131e-01 6.6650551557540894e-01 1.3959985493767893e-01 1 0 0 0 0
P 10103 -211 -3.3677436411380768e-02 -2.9596909880638123e-01 -5.8368539810180664e-01 6.7000645399093628e-01 1.3959988273899110e-01 1 0 0 0 0
P 10104 111 5.2639394998550415e-03 2.9486525058746338e-01 -1.0824157297611237e-01 3.4192755818367004e-01 1.3499996985939774e-01 1 0 0 0 0
P 10105 -211 -6.1502102762460709e-02 1.0748572647571564e-01 -1.7821648716926575e-01 2.5804066658020020e-01 1.3960006901855151e-01 1 0 0 0 0
P 10106 211 -2.8444996476173401e-01 2.6299512386322021e-01 -2.2672748565673828e+00 2.3043658733367920e+00 1.3960152344372001e-01 1 0 0 0 0
P 10107 111 -1.2860275804996490e-01 8.5911706089973450e-02 -2.6232317090034485e-01 3.3310353755950928e-01 1.3500011156328753e-01 1 0 0 0 0
P 10108 -211 3.9958202838897705e-01 1.8096148967742920e-01 -5.1264965534210205e-01 6.8899250030517578e-01 1.3959992190785084e-01 1 0 0 0 0
P 10109 111 -1.8372364342212677e-01 5.2379542589187622e-01 -9.6911162137985229e-01 1.1249526739120483e+00 1.3500058707586571e-01 1 0 0 0 0
P 10110 211 -3.2087999582290649e-01 1.4162778854370117e-01 9.3216620385646820e-02 3.8884434103965759e-01 1.3960007534151239e-01 1 0 0 0 0
P 10111 111 1.4139193296432495e-01 7.2697210311889648e-01 -1.9434764981269836e-01 7.7748066186904907e-01 1.3500019693361842e-01 1 0 0 0 0
P 10112 -211 2.2132934629917145e-01 4.5222604274749756e-01 -3.7970316410064697e-01 6.4587748050689697e-01 1.3959997752726963e-01 1 0 0 0 0
P 10113 111 2.2496828436851501e-01 1.9999702274799347e-01 -1.1258378028869629e+00 1.1731774806976318e+00 1.3500038787693891e-01 1 0 0 0 0
P 10114 211 -1.6890493035316467e-01 2.4182658642530441e-02 -1.2588536739349365e+00 1.2780117988586426e+00 1.3959910159376870e-01 1 0 0 0 0
P 10115 -211 1.8661490082740784e-01 -8.6105428636074066e-05 -7.8151881694793701e-01 8.1552737951278687e-01 1.3959984550966345e-01 1 0 0 0 0
P 10116 111 -1.8445530906319618e-02 3.2241832464933395e-02 -3.3481884002685547e+00 3.3511145114898682e+00 1.3499308150405864e-01 1 0 0 0 0
P 10117 -211 -4.9016464501619339e-02 -1.2649343907833099e-01 -1.4692343473434448e+00 1.4820729494094849e+00 1.3959747861444047e-01 1 0 0 0 0
P 10118 211 1.1285655200481415e-01 1.5585741400718689e-01 -3.4770314693450928e+00 3.4851486682891846e+00 1.3958963582715658e-01 1 0 0 0 0
P 10119 111 -1.7643770575523376e-01 -2.0981863141059875e-02 -1.3314411640167236e+00 1.3500112295150757e+00 1.3499719991747153e-01 1 0 0 0 0
P 10120 -321 -6.9273471832275391e-02 -5.2567523717880249e-01 -1.0815877914428711e+01 1.0840109825134277e+01 4.9359162499301734e-01 1 0 0 0 0
P 10121 211 5.4216179996728897e-02 -4.1014486551284790e-01 -1.5399148941040039e+01 1.5405337333679199e+01 1.3954229192469106e-01 1 0 0 0 0
P 10122 130 2.1295672655105591e-01 -7.0114903151988983e-02 -1.3698183059692383e+01 1.3709053993225098e+01 4.9767015712243284e-01 1 0 0 0 0
P 10123 130 1.8697604537010193e-01 -3.9671891927719116e-01 -1.0177396535873413e+00 1.2148438692092896e+00 4.9770039342621680e-01 1 0 0 0 0
P 10124 130 -2.7523109316825867e-01 8.3915948867797852e-02 -2.1691857278347015e-01 6.1445343494415283e-01 4.9770002549253811e-01 1 0 0 0 0
P 10125 310 -5.7630565017461777e-02 -6.2112057209014893e-01 -2.0391273498535156e+00 2.1897161006927490e+00 4.9769891060219279e-01 1 0 0 0 0
P 10126 111 -1.4426766335964203e-01 -1.0256276279687881e-01 -5.8337473869323730e-01 6.2440639734268188e-01 1.3499994182696670e-01 1 0 0 0 0
P 10127 111 6.2953531742095947e-03 -8.3545021712779999e-02 -5.1440906524658203e-01 5.3838741779327393e-01 1.3499971520588511e-01 1 0 0 0 0
P 10128 111 -1.8363079056143761e-02 -5.9520892798900604e-02 -8.0093964934349060e-02 1.6887858510017395e-01 1.3499997753530019e-01 1 0 0 0 0
P 10129 111 2.8282666206359863e-01 -5.1406943798065186e-01 -6.3044924736022949e+00 6.3331751823425293e+00 1.3499715808699675e-01 1 0 0 0 0
P 10130 2212 -1.1414317786693573e-01 2.6598504185676575e-01 -1.0055490875244141e+02 1.0055970001220703e+02 9.3798487498943350e-01 1 0 0 0 0
E 39 -1 -1.0000000000000000e+00 -1.0000000000000000e+00 -1.0000000000000000e+00 0 0 1 0 0 0 0
U GEV MM
H 1 1 6 6 0 0 0 5 0 3.6093122959136963e+00 6.0553951263427734e+00 3.7354582548141479e-01 4.2000000000000000e+01
V -1 0 0 0 0 0 2 141 0
P 10001 2212 0 0 1.0000000000000000e+02 1.0000000000000000e+02 0 101 0 0 -1 0
P 10002 3000001 0 0 -1.0000000000000000e+02 1.0000000000000000e+02 0 102 0 0 -1 0
P 10003 -2112 -6.0340040922164917e-01 4.6871256828308105e-01 7.8763134777545929e-02 1.2136040925979614e+00 9.3959977472068390e-01 1 0 0 0 0
P 10004 2112 -1.6268621683120728e+00 -3.4498068690299988e-01 -3.6038201302289963e-02 1.9104551076889038e+00 9.3959979646676806e-01 1 0 0 0 0
P 10005 -321 -8.3143919706344604e-02 5.3440773487091064e-01 -6.3874936103820801e-01 9.7167193889617920e-01 4.9360011359150696e-01 1 0 0 0 0
P 10006 -211 2.5965493917465210e-01 8.3893156051635742e-01 -1.9788676500320435e+00 2.1694772243499756e+00 1.3959727777334816e-01 1 0 0 0 0
P 10007 211 7.3183822631835938e-01 -1.6176031902432442e-02 -1.7470864057540894e+00 1.8993808031082153e+00 1.3959825405912407e-01 1 0 0 0 0
P 10008 130 1.6587850451469421e-01 -6.2882199883460999e-02 3.8513293862342834e-01 6.5383672714233398e-01 4.9769994577583238e-01 1 0 0 0 0
P 10009 211 -9.9010235071182251e-01 -5.4455667734146118e-02 5.7339471578598022e-01 1.1539227962493896e+00 1.3960026855016031e-01 1 0 0 0 0
P 10010 111 -2.9135721921920776e-01 -4.8495998978614807e-01 6.5129739046096802e-01 8.7320595979690552e-01 1.3500050562511984e-01 1 0 0 0 0
P 10011 -211 -6.7171329259872437e-01 -6.0167819261550903e-01 -4.8814561963081360e-01 1.0348863601684570e+00 1.3960027784743601e-01 1 0 0 0 0
P 10012 111 -1.8592235445976257e-01 9.3457654118537903e-02 -1.6190469264984131e-01 2.9620867967605591e-01 1.3499999041552135e-01 1 0 0 0 0
P 10013 211 1.6047191619873047e-01 7.8225322067737579e-02 -9.6088391542434692e-01 9.8724699020385742e-01 1.3960044356755558e-01 1 0 0 0 0
P 10014 111 1.2615919113159180e-03 2.5188547372817993e-01 -2.1833689212799072e+00 2.2019929885864258e+00 1.3500145141209788e-01 1 0 0 0 0
P 10015 211 1.2897840142250061e-01 2.8137463331222534e-01 -9.1792482137680054e-01 9.7871404886245728e-01 1.3959978308013324e-01 1 0 0 0 0
P 10016 -211 3.3732604980468750e-01 -4.3083149194717407e-01 -3.5288839340209961e+00 3.5737810134887695e+00 1.3958608186725627e-01 1 0 0 0 0
P 10017 111 -3.0452962964773178e-02 1.1394317448139191e-01 -2.3650759458541870e-01 2.9676786065101624e-01 1.3499959575705939e-01 1 0 0 0 0
P 10018 211 3.2958614826202393e-01 -5.1453286409378052e-01 -1.8949990272521973e+00 1.9959659576416016e+00 1.3959832885330720e-01 1 0 0 0 0
P 10019 111 1.5816129744052887e-01 -2.8427559137344360e-01 -4.2929067611694336e+00 4.3073306083679199e+00 1.3498482073969087e-01 1 0 0 0 0
P 10020 -211 -3.8358107209205627e-02 8.0106973648071289e-02 -9.3334448337554932e-01 9.4789689779281616e-01 1.3959990179777282e-01 1 0 0 0 0
P 10021 310 4.4768998026847839e-01 -1.0054110549390316e-02 -3.2909686565399170e+00 3.3583788871765137e+00 4.9770136420657146e-01 1 0 0 0 0
P 10022 -321 -3.6813864111900330e-01 3.9780437946319580e-02 -1.0567266941070557e+00 1.2236913442611694e+00 4.9359969373282009e-01 1 0 0 0 0
P 10023 211 2.6822936534881592e-01 1.0075373947620392e-01 -7.1540087461471558e-01 7.8318881988525391e-01 1.3959945465469895e-01 1 0 0 0 0
P 10024 321 5.5146872997283936e-01 -1.5828433632850647e-01 -5.3607320785522461e-01 9.2746257781982422e-01 4.9359969389292624e-01 1 0 0 0 0
P 10025 111 -1.0105386376380920e-01 6.6118113696575165e-02 -3.2841840386390686e-01 3.7505611777305603e-01 1.3499983385949960e-01 1 0 0 0 0
P 10026 -211 3.4830260276794434e-01 5.5736315250396729e-01 4.4910353608429432e-05 6.7190515995025635e-01 1.3959998240241511e-01 1 0 0 0 0
P 10027 111 6.6499060392379761e-01 -5.9032678604125977e-02 3.4011118113994598e-03 6.8112689256668091e-01 1.3499968802139561e-01 1 0 0 0 0
P 10028 211 1.2369675934314728e-01 2.9139056801795959e-01 1.6031584143638611e-01 3.8131180405616760e-01 1.3960004117222541e-01 1 0 0 0 0
P 10029 111 1.4621822535991669e-01 -4.9292218685150146e-01 4.9689757823944092e-01 7.2765666246414185e-01 1.3499986463090560e-01 1 0 0 0 0
P 10030 211 -4.0137928724288940e-01 -1.2353731691837311e-01 3.9017325639724731e-01 5.8999156951904297e-01 1.3959971775369442e-01 1 0 0 0 0
P 10031 -211 1.6088417172431946e-01 -4.0385019779205322e-01 -4.3135762214660645e-01 6.2812113761901855e-01 1.3959966465480755e-01 1 0 0 0 0
P 10032 -211 7.4153207242488861e-02 -9.8669275641441345e-02 1.1924532800912857e-01 2.2122825682163239e-01 1.3960003318187011e-01 1 0 0 0 0
P 10033 111 4.6391251683235168e-01 9.2353129386901855e-01 6.2340098619461060e-01 1.2144868373870850e+00 1.3499857247008276e-01 1 0 0 0 0
P 10034 310 -4.7746002674102783e-02 -1.7910037934780121e-01 1.4787375926971436e+00 1.5712183713912964e+00 4.9770038767102948e-01 1 0 0 0 0
P 10035 211 6.8076856434345245e-02 2.1530628204345703e-01 9.0098783373832703e-02 2.8035196661949158e-01 1.3960007504515379e-01 1 0 0 0 0
P 10036 -211 -3.5963766276836395e-02 2.3005221039056778e-02 1.8102891743183136e-01 2.3255592584609985e-01 1.3959998932566256e-01 1 0 0 0 0
P 10037 310 4.6069362759590149e-01 -3.3705070614814758e-01 1.4388189315795898e+00 1.6259603500366211e+00 4.9770005525109484e-01 1 0 0 0 0
P 10038 -321 -2.9202705621719360e-01 1.3947239518165588e-01 6.7513751983642578e+00 6.7771263122558594e+00 4.9360068132255636e-01 1 0 0 0 0
P 10039 211 -3.6880987882614136e-01 -3.7976339459419250e-01 6.5428247451782227e+00 6.5656900405883789e+00 1.3960336805211512e-01 1 0 0 0 0
P 10040 111 -2.1745906770229340e-01 1.9541399180889130e-01 1.9037281274795532e+00 1.9307724237442017e+00 1.3500479478009997e-01 1 0 0 0 0
P 10041 -321 -5.5935561656951904e-02 -5.6539766490459442e-02 1.7174475193023682e+00 1.7887409925460815e+00 4.9360188877698635e-01 1 0 0 0 0
P 10042 211 -6.2753462791442871e-01 -2.1539486944675446e-01 2.4066350460052490e+00 2.5003151893615723e+00 1.3960351885186573e-01 1 0 0 0 0
P 10043 310 1.6129168868064880e-01 -2.7218669652938843e-01 -2.0685288906097412e+00 2.1509573459625244e+00 4.9769983550122204e-01 1 0 0 0 0
P 10044 130 6.8840920925140381e-01 -2.2558374702930450e-01 -1.3054687976837158e+00 1.5737689733505249e+00 4.9769944087679513e-01 1 0 0 0 0
P 10045 -211 1.0992961004376411e-02 7.5892791152000427e-02 3.6212757229804993e-01 3.9560723304748535e-01 1.3959994011647398e-01 1 0 0 0 0
P 10046 211 -4.8347800970077515e-02 -9.9258571863174438e-03 2.6992654800415039e-01 3.0787095427513123e-01 1.3959996658064658e-01 1 0 0 0 0
P 10047 111 1.2548829615116119e-01 1.9024556875228882e-01 2.1283307671546936e-01 3.3979934453964233e-01 1.3499995223922973e-01 1 0 0 0 0
P 10048 310 -3.4110873937606812e-02 -2.9205447435379028e-01 3.9158735275268555e+00 3.9583125114440918e+00 4.9770783292847592e-01 1 0 0 0 0
P 10049 111 3.0746981501579285e-01 2.2563956677913666e-02 2.2460171580314636e-01 4.0462049841880798e-01 1.3499999152651318e-01 1 0 0 0 0
P 10050 -211 -2.6453658938407898e-01 -3.0205601453781128e-01 -8.1275886297225952e-01 9.1721463203430176e-01 1.3960038981475723e-01 1 0 0 0 0
P 10051 -211 -5.8149959892034531e-02 3.7638527154922485e-01 -1.4146753549575806e+00 1.4716799259185791e+00 1.3959997834071730e-01 1 0 0 0 0
P 10052 2212 -9.7062639892101288e-02 -7.8555196523666382e-02 8.8574638366699219e+00 8.9078989028930664e+00 9.3829908413274687e-01 1 0 0 0 0
P 10053 211 -7.1573816239833832e-03 1.2970301508903503e-01 3.8877532482147217e+00 3.8924272060394287e+00 1.3960707387842697e-01 1 0 0 0 0
P 10054 -211 1.4539644122123718e-02 4.7217625379562378e-01 6.4885604381561279e-01 8.1465584039688110e-01 1.3959998852805419e-01 1 0 0 0 0
P 10055 211 2.5992274284362793e-01 -2.3033578693866730e-01 3.2761973142623901e-01 4.9743065237998962e-01 1.3959999468256160e-01 1 0 0 0 0
P 10056 211 2.3252967000007629e-01 4.4100868701934814e-01 -3.2041773200035095e-02 5.1872295141220093e-01 1.3959984109986776e-01 1 0 0 0 0
P 10057 111 -4.1424381732940674e-01 7.6862290501594543e-02 5.2560925483703613e-02 4.4552594423294067e-01 1.3499986740793307e-01 1 0 0 0 0
P 10058 211 -2.3422722518444061e-01 -1.3556355237960815e-01 -1.2975802421569824e+00 1.3328325748443604e+00 1.3960056582511721e-01 1 0 0 0 0
P 10059 -211 -3.3149114251136780e-01 -4.1650605201721191e-01 -5.9215569496154785e+00 5.9470734596252441e+00 1.3957921660886366e-01 1 0 0 0 0
P 10060 111 -6.4016595482826233e-02 -3.5112237930297852e-01 -4.9778923988342285e+00 4.9924960136413574e+00 1.3497652428722054e-01 1 0 0 0 0
P 10061 211 -4.6598971821367741e-03 4.7683161497116089e-01 3.8867695331573486e+00 3.9183993339538574e+00 1.3959166440760526e-01 1 0 0 0 0
P 10062 211 -1.7573924362659454e-01 3.3382374048233032e-01 1.8679665327072144e+00 1.9107880592346191e+00 1.3960468666677461e-01 1 0 0 0 0
P 10063 -211 -2.0208574831485748e-01 6.1984390020370483e-01 1.0493196249008179e+00 1.2432239055633545e+00 1.3960262845122628e-01 1 0 0 0 0
P 10064 211 1.8469740450382233e-01 -3.4082728624343872e-01 1.1217314004898071e+00 1.1950085163116455e+00 1.3959816952245746e-01 1 0 0 0 0
P 10065 111 2.1231815218925476e-02 -8.1535540521144867e-02 9.3696749210357666e-01 9.5038527250289917e-01 1.3500092809302508e-01 1 0 0 0 0
P 10066 -211 1.6022258996963501e-01 -3.2140409946441650e-01 5.1926237344741821e-01 6.4660149812698364e-01 1.3960018414279865e-01 1 0 0 0 0
P 10067 211 -3.2564747333526611e-01 -4.2389193177223206e-01 -3.8183867000043392e-03 5.5247926712036133e-01 1.3959983456158995e-01 1 0 0 0 0
P 10068 -211 -4.9676859378814697e-01 -2.4665875434875488e+00 -8.0580258369445801e-01 2.6456830501556396e+00 1.3959889874204345e-01 1 0 0 0 0
P 10069 3212 1.0582643747329712e+00 4.3280157446861267e-01 -2.1588180065155029e+00 2.7184610366821289e+00 1.1925999048347389e+00 1 0 0 0 0
P 10070 -3122 7.0660538971424103e-02 2.4849478155374527e-02 -2.4470214843750000e+00 2.6903693675994873e+00 1.1155997404053615e+00 1 0 0 0 0
P 10071 -211 -2.7181452512741089e-01 7.6273787021636963e-01 -3.9303941726684570e+00 4.0153627395629883e+00 1.3959721699295521e-01 1 0 0 0 0
P 10072 -211 1.7025385797023773e-01 2.7377119660377502e-01 -2.7648718357086182e+00 2.7871026992797852e+00 1.3959994338934381e-01 1 0 0 0 0
P 10073 2212 -3.8191270828247070e-01 2.8963378071784973e-01 -4.1293884277343750e+01 4.1307323455810547e+01 9.3826826047682110e-01 1 0 0 0 0
P 10074 -211 2.2278189659118652e-01 4.2449086904525757e-03 1.8270900845527649e-01 3.2018846273422241e-01 1.3960041976598006e-01 1 0 0 0 0
P 10075 111 1.2351684272289276e-01 9.9649079144001007e-02 2.5619521141052246e+00 2.5704109668731689e+00 1.3500945982837825e-01 1 0 0 0 0
P 10076 22 -5.1321856677532196e-02 -9.8336040973663330e-03 3.5077641010284424e+00 3.5081532001495361e+00 -8.6341578566916924e-04 1 0 0 0 0
P 10077 111 -3.3288687467575073e-01 9.7384297847747803e-01 6.1463627815246582e+00 6.2333927154541016e+00 1.3500179592677108e-01 1 0 0 0 0
P 10078 -211 -2.8219059109687805e-02 2.3549267649650574e-01 1.3773958683013916e+00 1.4046212434768677e+00 1.3960065770702337e-01 1 0 0 0 0
P 10079 211 -2.0944442600011826e-02 -5.0804269313812256e-01 2.1238496303558350e+00 2.1883263587951660e+00 1.3960283846767355e-01 1 0 0 0 0
P 10080 -211 -2.9514402151107788e-01 1.8927006423473358e-01 4.0552544593811035e-01 5.5396050214767456e-01 1.3960014322073136e-01 1 0 0 0 0
P 10081 211 1.2623585760593414e-01 -3.8299798965454102e-02 1.7025007307529449e-01 2.5666245818138123e-01 1.3960001329250032e-01 1 0 0 0 0
P 10082 111 3.0247930437326431e-02 -1.7631596326828003e-01 2.8241473436355591e-01 3.6053481698036194e-01 1.3500005877947766e-01 1 0 0 0 0
P 10083 310 -5.9268366545438766e-02 5.2129375934600830e-01 3.3492749929428101e-01 7.9695743322372437e-01 4.9769950550605130e-01 1 0 0 0 0
P 10084 130 -1.9274307787418365e-01 -2.5271666049957275e+00 1.1146364212036133e+00 2.8131549358367920e+00 4.9770010857469327e-01 1 0 0 0 0
P 10085 211 1.6814611852169037e-01 8.2797861099243164e-01 -1.2622432708740234e+00 1.5253090858459473e+00 1.3959955251568487e-01 1 0 0 0 0
P 10086 111 2.1234202384948730e-01 2.9398104548454285e-01 -2.7886748313903809e-02 3.8796472549438477e-01 1.3499987888783169e-01 1 0 0 0 0
P 10087 211 -2.2726801037788391e-01 1.2541779875755310e-01 -1.0684235572814941e+01 1.0688301086425781e+01 1.3967807952574132e-01 1 0 0 0 0
P 10088 111 1.4525827765464783e-01 7.9719983041286469e-02 -7.8853714466094971e-01 8.1698918342590332e-01 1.3500094222479733e-01 1 0 0 0 0
P 10089 -211 3.0344061553478241e-02 1.0413080453872681e-01 -5.0689463615417480e+00 5.0720281600952148e+00 1.3960105331293099e-01 1 0 0 0 0
P 10090 211 2.3245730996131897e-01 -5.2442407608032227e-01 -5.4141430854797363e+00 5.4462366104125977e+00 1.3960964874717677e-01 1 0 0 0 0
P 10091 -211 -1.1518265306949615e-01 7.9632103443145752e-01 -1.5781535148620605e+01 1.5802648544311523e+01 1.3948166344508389e-01 1 0 0 0 0
P 10092 211 -6.9638922810554504e-02 -1.0405493527650833e-01 -1.1578590869903564e+00 1.1729462146759033e+00 1.3959995727354579e-01 1 0 0 0 0
P 10093 2212 -2.9157894849777222e-01 4.2035367339849472e-02 -9.9995147705078125e+01 1.0000000000000000e+02 9.4002669339456035e-01 1 0 0 0 0
P 10094 111 7.2445556521415710e-02 6.1391770839691162e-01 -1.4728254318237305e+01 1.4741839408874512e+01 1.3494659323890248e-01 1 0 0 0 0
P 10095 211 4.4643557071685791e-01 1.0538972914218903e-01 -7.9034388065338135e-01 9.2441493272781372e-01 1.3959872619036129e-01 1 0 0 0 0
P 10096 2112 -4.9587923288345337e-01 -6.6558086872100830e-01 -5.1160083770751953e+01 5.1175441741943359e+01 9.3955944264788471e-01 1 0 0 0 0
P 10097 111 1.9282941520214081e-01 1.1953614652156830e-01 1.4586444199085236e-01 3.0162063241004944e-01 1.3500554346288887e-01 1 0 0 0 0
P 10098 111 -2.5012037158012390e-01 -2.6722165942192078e-01 -1.9385514259338379e+00 1.9774160385131836e+00 1.3499978827935966e-01 1 0 0 0 0
P 10099 22 1.9144567847251892e-01 2.9743677377700806e-01 -1.3372396230697632e+00 1.3832312822341919e+00 -1.0543041277756163e-03 1 0 0 0 0
P 10100 111 5.5071063339710236e-02 1.4358878135681152e-01 4.5106053352355957e-02 2.0954713225364685e-01 1.3499957199117774e-01 1 0 0 0 0
P 10101 -211 -2.4028597772121429e-01 -4.8609101772308350e-01 -2.7979236602783203e+01 2.7984842300415039e+01 1.4034199647647605e-01 1 0 0 0 0
P 10102 111 9.0006522834300995e-02 2.5953760743141174e-01 -7.5216407775878906e+00 7.5278668403625488e+00 1.3504901085574442e-01 1 0 0 0 0
P 10103 2212 -6.9551035761833191e-02 4.7370120882987976e-03 -5.0473152160644531e+01 5.0481914520263672e+01 9.3794712738694053e-01 1 0 0 0 0
P 10104 211 3.2956588268280029e-01 -4.6579007059335709e-02 -1.1125318527221680e+01 1.1131170272827148e+01 1.3948489381191284e-01 1 0 0 0 0
P 10105 3222 3.2518154382705688e-01 -8.9074045419692993e-02 -4.4679046630859375e+01 4.4696147918701172e+01 1.1894341956978804e+00 1 0 0 0 0
P 10106 -211 1.5242558717727661e-01 -7.8734777867794037e-02 -1.0359685122966766e-01 2.4424012005329132e-01 1.3960015682912338e-01 1 0 0 0 0
P 10107 211 -6.9449059665203094e-02 -6.0000531375408173e-03 -2.2335864603519440e-01 2.7246373891830444e-01 1.3960025695045283e-01 1 0 0 0 0
P 10108 211 -1.2498021870851517e-01 -2.1869912743568420e-01 -1.8889087438583374e+00 1.9107360839843750e+00 1.3959504506215323e-01 1 0 0 0 0
P 10109 -211 3.4519302845001221e-01 1.6398528218269348e-01 -8.3876152038574219e+00 8.3974771499633789e+00 1.3958608997269223e-01 1 0 0 0 0
P 10110 -211 -2.0313811302185059e-01 -3.9387941360473633e-01 -2.1046931743621826e+00 2.1553721427917480e+00 1.3960526599036871e-01 1 0 0 0 0
P 10111 111 -3.6286541819572449e-01 3.4109923243522644e-01 -3.3296930789947510e+00 3.3694362640380859e+00 1.3499903340072608e-01 1 0 0 0 0
P 10112 211 1.3146632909774780e-01 -3.3439472317695618e-02 -2.7945985794067383e+00 2.8013696670532227e+00 1.3960371581158157e-01 1 0 0 0 0
P 10113 211 2.2124505043029785e-01 8.5409067571163177e-02 -1.2352775782346725e-01 3.0164784193038940e-01 1.3960025940193471e-01 1 0 0 0 0
P 10114 -211 8.5272565484046936e-03 1.3710455968976021e-02 -1.1278662830591202e-02 1.4098255336284637e-01 1.3960007668458541e-01 1 0 0 0 0
P 10115 111 6.9357588887214661e-02 -1.1542528867721558e-01 -1.5866662561893463e-01 2.4805971980094910e-01 1.3500020037007271e-01 1 0 0 0 0
P 10116 130 -2.3039332032203674e-01 4.7615802288055420e-01 -3.7126617431640625e+00 3.7830371856689453e+00 4.9770029555694351e-01 1 0 0 0 0
P 10117 -211 -7.4721381068229675e-02 -3.5032188892364502e-01 -8.6049407720565796e-01 9.4246852397918701e-01 1.3959996825829257e-01 1 0 0 0 0
P 10118 111 -1.5386623144149780e-01 1.3748566806316376e-01 7.9347991943359375e-01 8.3091068267822266e-01 1.3500019979120245e-01 1 0 0 0 0
P 10119 -211 4.0856161713600159e-01 -1.6583856940269470e-01 -1.7201328277587891e+01 1.7207544326782227e+01 1.3950705620895104e-01 1 0 0 0 0
P 10120 2212 -2.6870855689048767e-01 3.4380665421485901e-01 -1.1055995941162109e+02 1.1056479644775391e+02 9.3764659116501958e-01 1 0 0 0 0
P 10121 2112 2.7570635080337524e-01 -2.2451542317867279e-02 5.3957657814025879e+00 5.4839472770690918e+00 9.3961231701838621e-01 1 0 0 0 0
P 10122 -211 -1.3842301070690155e-01 -3.7729188799858093e-02 3.7594366073608398e-01 4.2591843008995056e-01 1.3960104391437039e-01 1 0 0 0 0
P 10123 -2112 -8.2943946123123169e-02 -1.2530571222305298e-01 3.1830117702484131e+00 3.3221981525421143e+00 9.3960386094358905e-01 1 0 0 0 0
P 10124 211 -1.0619403421878815e-01 -2.5719031691551208e-01 1.7648285627365112e+00 1.7920753955841064e+00 1.3960779200513551e-01 1 0 0 0 0
P 10125 -211 -3.8056635856628418e-01 -1.1757433414459229e-02 1.2973354756832123e-01 4.2577883601188660e-01 1.3959882993090642e-01 1 0 0 0 0
P 10126 111 4.4709920883178711e-01 3.4657025337219238e-01 8.7278687953948975e-01 1.0488039255142212e+00 1.3499664446675941e-01 1 0 0 0 0
P 10127 211 1.6034801304340363e-01 -1.5321062505245209e-01 4.5059010386466980e-01 5.2125352621078491e-01 1.3960234944467417e-01 1 0 0 0 0
P 10128 111 -2.0676462352275848e-01 2.7057486772537231e-01 1.9462288618087769e+00 1.9804036617279053e+00 1.3501671104977289e-01 1 0 0 0 0
P 10129 211 2.0174945890903473e-01 -1.7172272503376007e-01 -2.5187940597534180e+00 2.5365335941314697e+00 1.3959806676776898e-01 1 0 0 0 0
P 10130 111 -1.8240794539451599e-01 -8.5349604487419128e-02 -2.9917320609092712e-01 3.8508021831512451e-01 1.3499982876171363e-01 1 0 0 0 0
P 10131 2112 1.1483243852853775e-01 1.3724151253700256e-01 -9.9995567321777344e+01 1.0000013732910156e+02 9.3912731477978750e-01 1 0 0 0 0
P 10132 2112 5.8808546513319016e-02 1.6705848276615143e-01 -9.9995323181152344e+01 9.9999893188476562e+01 9.3947465203167657e-01 1 0 0 0 0
P 10133 -211 2.2924123704433441e-01 -1.6021481156349182e-01 -2.3342101573944092e+00 2.3550467491149902e+00 1.3959871427742301e-01 1 0 0 0 0
P 10134 2212 -5.0691269338130951e-02 2.4771438539028168e-01 -7.3948509216308594e+01 7.3954895019531250e+01 9.3837626456246637e-01 1 0 0 0 0
P 10135 2212 2.5269436836242676e-01 4.9255480989813805e-03 6.3695549964904785e-01 1.1618908643722534e+00 9.3829599133342390e-01 1 0 0 0 0
P 10136 -211 1.1461929231882095e-01 1.6981909051537514e-02 -1.2999960780143738e-01 2.2318963706493378e-01 1.3959852670407127e-01 1 0 0 0 0
P 10137 -2112 7.5084596872329712e-02 9.1334566473960876e-02 -3.7536704540252686e-01 1.0186895132064819e+00 9.3960002438387036e-01 1 0 0 0 0
P 10138 111 -3.5083036869764328e-02 2.9323565959930420e-01 -3.5898903012275696e-01 4.8406210541725159e-01 1.3500009857722495e-01 1 0 0 0 0
P 10139 22 -3.5711917281150818e-01 -1.1672934889793396e-01 -1.9320608377456665e+00 1.9682527780532837e+00 2.7033362854782863e-04 1 0 0 0 0
P 10140 22 5.0148427486419678e-02 1.8712782859802246e-01 -2.6825742721557617e+00 2.6895601749420166e+00 -1.5748057198783272e-03 1 0 0 0 0
P 10141 111 1.3400378823280334e-01 -1.0373571515083313e-01 -1.3114258050918579e+00 1.3292031288146973e+00 1.3500074641036694e-01 1 0 0 0 0
P 10142 111 1.6557577252388000e-01 -2.4043977260589600e-01 -6.6282290220260620e-01 7.3674005270004272e-01 1.3500031433489862e-01 1 0 0 0 0
P 10143 111 6.8694986402988434e-02 -4.3643537908792496e-02 -5.0628829002380371e-01 5.3026092052459717e-01 1.3500019134157926e-01 1 0 0 0 0
E 40 -1 -1.0000000000000000e+00 -1.0000000000000000e+00 -1.0000000000000000e+00 0 0 1 0 0 0 0
U GEV MM
H 1 1 1 1 0 0 0 0 0 8.5900154113769531e+00 6.0264801979064941e-01 0 4.2000000000000000e+01
V -1 0 0 0 0 0 2 37 0
P 10001 2212 0 0 1.0000000000000000e+02 1.0000000000000000e+02 0 101 0 0 -1 0
P 10002 3000001 0 0 -1.0000000000000000e+02 1.0000000000000000e+02 0 102 0 0 -1 0
P 10003 -2112 -4.6810942888259888e-01 4.8371407389640808e-01 -3.4813562035560608e-01 1.2071256637573242e+00 9.3960002939917220e-01 1 0 0 0 0
P 10004 2112 -6.0459327697753906e-01 -6.2478341162204742e-02 -3.2222682237625122e-01 1.1645233631134033e+00 9.3959989596499804e-01 1 0 0 0 0
P 10005 -211 1.7748017609119415e-01 2.4416863918304443e-01 -1.4074651896953583e-01 3.6113056540489197e-01 1.3960001934725519e-01 1 0 0 0 0
P 10006 211 -6.0046084225177765e-02 5.0390410423278809e-01 3.7230217456817627e-01 6.4468747377395630e-01 1.3959996833605332e-01 1 0 0 0 0
P 10007 -211 -6.6383188962936401e-01 -1.2173350155353546e-01 -2.2739306092262268e-01 7.2573238611221313e-01 1.3959967409342355e-01 1 0 0 0 0
P 10008 211 1.1446765810251236e-01 6.7955754697322845e-02 -2.6293355226516724e-01 3.2610279321670532e-01 1.3959996235315203e-01 1 0 0 0 0
P 10009 -211 -2.5700157508254051e-02 4.4680717587471008e-01 -1.2532980740070343e-01 4.8527613282203674e-01 1.3960019324675185e-01 1 0 0 0 0
P 10010 111 3.4630098938941956e-01 9.4575732946395874e-01 -9.9756067991256714e-01 1.4239851236343384e+00 1.3500007680512205e-01 1 0 0 0 0
P 10011 211 -2.5077298283576965e-01 -5.8624660968780518e-01 -4.0371292829513550e-01 7.6749229431152344e-01 1.3959984621817420e-01 1 0 0 0 0
P 10012 211 -2.4267110973596573e-02 -8.0969877541065216e-02 1.5969542264938354e+00 1.6052712202072144e+00 1.3959897981365943e-01 1 0 0 0 0
P 10013 -211 1.6903513669967651e+00 -4.2357784509658813e-01 3.0709304809570312e+00 3.5336680412292480e+00 1.3960613156113744e-01 1 0 0 0 0
P 10014 321 9.9633657932281494e-01 2.0585358142852783e-01 -8.2099282741546631e-01 1.3974021673202515e+00 4.9360036292536796e-01 1 0 0 0 0
P 10015 -2212 -6.5443134307861328e-01 -6.5196621417999268e-01 -1.6602594852447510e+00 2.1190114021301270e+00 9.3830029136543025e-01 1 0 0 0 0
P 10016 2112 1.2819388508796692e-01 -6.3427156209945679e-01 -6.3432288169860840e-01 1.3053535223007202e+00 9.3960002834953027e-01 1 0 0 0 0
P 10017 211 -2.0798933506011963e-01 3.1311985850334167e-01 3.6173212528228760e-01 5.4003882408142090e-01 1.3960011377538287e-01 1 0 0 0 0
P 10018 111 -3.7536573410034180e-01 1.6458094120025635e-02 -1.4412057399749756e-01 4.2445972561836243e-01 1.3500005786626620e-01 1 0 0 0 0
P 10019 -211 1.3532048463821411e-01 6.5628729760646820e-02 -1.9813895225524902e-01 2.8524717688560486e-01 1.3959994193294833e-01 1 0 0 0 0
P 10020 211 -1.4722290635108948e-01 -1.4179241657257080e-01 -8.2319772243499756e-01 8.5960596799850464e-01 1.3960034543126240e-01 1 0 0 0 0
P 10021 111 -2.7499121427536011e-01 -3.9116334170103073e-02 -9.1438245773315430e-01 9.6512711048126221e-01 1.3499927721377855e-01 1 0 0 0 0
P 10022 -211 -2.1218940615653992e-01 3.8905519247055054e-01 3.5700436681509018e-02 4.6599459648132324e-01 1.3959998530508042e-01 1 0 0 0 0
P 10023 111 1.1443801224231720e-02 -7.7164925634860992e-02 7.2437785565853119e-02 1.7192329466342926e-01 1.3500000050203870e-01 1 0 0 0 0
P 10024 -2112 1.0350378751754761e+00 -1.8793019652366638e-01 2.0772013664245605e+00 2.5108239650726318e+00 9.3960114149239038e-01 1 0 0 0 0
P 10025 111 1.5062573552131653e-01 6.3232429325580597e-02 1.2730011343955994e-01 2.4721808731555939e-01 1.3500004257216580e-01 1 0 0 0 0
P 10026 2212 1.1605094373226166e-01 -8.7783110141754150e-01 9.3592345714569092e-01 1.5938681364059448e+00 9.3830040736298037e-01 1 0 0 0 0
P 10027 -211 -1.2123569846153259e-01 -1.1557111144065857e-01 3.6705538630485535e-01 4.2693397402763367e-01 1.3960009019530328e-01 1 0 0 0 0
P 10028 310 3.5690608620643616e-01 4.9833059310913086e-02 -7.2595918178558350e-01 9.5109796524047852e-01 4.9770002782228534e-01 1 0 0 0 0
P 10029 -2212 1.6068997979164124e-01 1.7099538445472717e-01 1.6244569778442383e+01 1.6273336410522461e+01 9.3828031645248566e-01 1 0 0 0 0
P 10030 2212 -3.1904059648513794e-01 -1.9789598882198334e-01 1.9481155395507812e+01 1.9507350921630859e+01 9.3828285241272780e-01 1 0 0 0 0
P 10031 -211 4.1070595383644104e-01 3.0690753459930420e-01 2.7286999225616455e+00 2.7799575328826904e+00 1.3960301548591530e-01 1 0 0 0 0
P 10032 2212 -3.0482763051986694e-01 7.8894600272178650e-02 2.7020977020263672e+01 2.7039094924926758e+01 9.3824889411184265e-01 1 0 0 0 0
P 10033 22 -8.6101889610290527e-02 2.8274589776992798e-01 1.6785114288330078e+01 1.6787714004516602e+01 -8.8855478098942894e-03 1 0 0 0 0
P 10034 -211 -1.8155772984027863e-01 1.8223486840724945e-02 6.6902285814285278e-01 7.0737195014953613e-01 1.3960009456779188e-01 1 0 0 0 0
P 10035 211 1.3923525810241699e-02 1.4082205295562744e-01 7.2413605451583862e-01 7.5092333555221558e-01 1.3959983974730680e-01 1 0 0 0 0
P 10036 111 -1.2422935664653778e-01 2.5725287199020386e-01 9.0645545721054077e-01 9.5994710922241211e-01 1.3499993850989045e-01 1 0 0 0 0
P 10037 211 -3.4302210807800293e-01 2.6020079851150513e-02 5.7751059532165527e-01 6.8654775619506836e-01 1.3959986619611414e-01 1 0 0 0 0
P 10038 111 1.4690749347209930e-01 -3.6164233088493347e-01 1.0438264608383179e+00 1.1225711107254028e+00 1.3500085615607654e-01 1 0 0 0 0
P 10039 2112 -2.4927407503128052e-01 -5.6845194101333618e-01 -8.6658370971679688e+01 8.6666229248046875e+01 9.8831039457953163e-01 1 0 0 0 0
E 41 -1 -1.0000000000000000e+00 -1.0000000000000000e+00 -1.0000000000000000e+00 0 0 1 0 0 0 0
U GEV MM
H 1 1 2 2 0 0 0 1 0 7.2664394378662109e+00 5.2893991470336914e+00 9.2627739906311035e-01 4.2000000000000000e+01
V -1 0 0 0 0 0 2 29 0
P 10001 2212 0 0 1.0000000000000000e+02 1.0000000000000000e+02 0 101 0 0 -1 0
P 10002 3000001 0 0 -1.0000000000000000e+02 1.0000000000000000e+02 0 102 0 0 -1 0
P 10003 2112 -3.6231830716133118e-02 1.9470825791358948e-01 5.5156299591064453e+01 5.5164657592773438e+01 9.3959496455779157e-01 1 0 0 0 0
P 10004 -211 2.3194180428981781e-01 1.7440121155232191e-03 6.3323330879211426e-01 6.8867462873458862e-01 1.3960042529820285e-01 1 0 0 0 0
P 10005 211 2.2891330718994141e-01 -2.8753727674484253e-01 2.3501111984252930e+01 2.3504398345947266e+01 1.3927713683652682e-01 1 0 0 0 0
P 10006 111 1.4349097013473511e-01 3.4951964020729065e-01 1.1437458038330078e+01 1.1444493293762207e+01 1.3500642579515135e-01 1 0 0 0 0
P 10007 211 2.0855559408664703e-01 -6.8895608186721802e-02 8.4136658906936646e-01 8.8069736957550049e-01 1.3959970960834039e-01 1 0 0 0 0
P 10008 -211 -8.0999456346035004e-02 -5.6693851947784424e-03 2.5899329185485840e+00 2.5949630737304688e+00 1.3959863031654587e-01 1 0 0 0 0
P 10009 111 -2.8748003765940666e-02 -2.3178459703922272e-01 1.3591377735137939e+00 1.3856518268585205e+00 1.3499981755232393e-01 1 0 0 0 0
P 10010 211 9.0761172771453857e-01 7.8855253756046295e-02 7.0176690816879272e-01 1.1584221124649048e+00 1.3959870313497058e-01 1 0 0 0 0
P 10011 111 -2.1343559026718140e-02 1.3244670629501343e-01 4.6989226341247559e-01 5.0697255134582520e-01 1.3499907808156125e-01 1 0 0 0 0
P 10012 -211 -9.2577107250690460e-02 -3.1062844395637512e-01 5.3268158435821533e-01 6.3898009061813354e-01 1.3958988111720333e-01 1 0 0 0 0
P 10013 2112 -9.4943091273307800e-02 -1.0475170798599720e-02 -3.0771699905395508e+01 3.0786190032958984e+01 9.3960510745815995e-01 1 0 0 0 0
P 10014 211 -2.3988321423530579e-01 3.1055748462677002e-02 9.2428314685821533e-01 9.6555423736572266e-01 1.3959668242597445e-01 1 0 0 0 0
P 10015 111 -7.5220870971679688e-01 -4.2702779173851013e-01 6.5803492069244385e-01 1.0951733589172363e+00 1.3499648640047679e-01 1 0 0 0 0
P 10016 211 -4.4915351271629333e-01 2.2956614196300507e-01 -8.6469769477844238e-01 1.0107570886611938e+00 1.3960049212855985e-01 1 0 0 0 0
P 10017 -321 4.6358871459960938e-01 -6.3371062278747559e-01 -2.7128326892852783e+00 2.8669853210449219e+00 4.9359900860359318e-01 1 0 0 0 0
P 10018 111 -4.4312573969364166e-02 9.7669698297977448e-02 -2.7638649940490723e-01 3.2575669884681702e-01 1.3499983560311746e-01 1 0 0 0 0
P 10019 211 -4.1128695011138916e-02 5.3532026708126068e-02 -7.8450983762741089e-01 7.9968798160552979e-01 1.3959919467296650e-01 1 0 0 0 0
P 10020 -211 2.5006943941116333e-01 1.7605872452259064e-01 -1.5420142173767090e+01 1.5423805236816406e+01 1.3947015826633832e-01 1 0 0 0 0
P 10021 211 -1.5388110280036926e-01 4.6878468990325928e-01 -7.8429436683654785e+00 7.8596873283386230e+00 1.3957447763047939e-01 1 0 0 0 0
P 10022 111 -6.0182288289070129e-03 -2.7564513683319092e-01 -1.2495648384094238e+01 1.2499419212341309e+01 1.3503942532476498e-01 1 0 0 0 0
P 10023 310 -2.0288184285163879e-01 2.0515549182891846e-01 -4.4614011049270630e-01 7.2800844907760620e-01 4.9770019665607412e-01 1 0 0 0 0
P 10024 111 -3.6096096038818359e-01 -5.1585692167282104e-01 -8.8334722518920898e+00 8.8569107055664062e+00 1.3503348794722034e-01 1 0 0 0 0
P 10025 -211 3.3375683426856995e-01 -2.3900793492794037e-01 -2.5873994827270508e+00 2.6234791278839111e+00 1.3960026449409388e-01 1 0 0 0 0
P 10026 321 1.8192140758037567e-01 -1.9982263445854187e-01 -2.1220151901245117e+01 2.1227611541748047e+01 4.9357934687356070e-01 1 0 0 0 0
P 10027 3122 -4.4275739789009094e-01 4.6364554762840271e-01 -6.7867515563964844e+01 6.7879707336425781e+01 1.1153465589598046e+00 1 0 0 0 0
P 10028 130 8.6115799844264984e-02 -7.2426922619342804e-02 -1.9984854757785797e-01 5.4800224304199219e-01 4.9770013693704118e-01 1 0 0 0 0
P 10029 310 1.7487388849258423e-01 2.8008365631103516e-01 -3.6768131256103516e+00 3.7250084877014160e+00 4.9770045346367997e-01 1 0 0 0 0
P 10030 -211 -1.5776571631431580e-01 4.4747716188430786e-01 -1.2840298652648926e+01 1.2849819183349609e+01 1.3949094561868997e-01 1 0 0 0 0
P 10031 211 -5.0446763634681702e-03 6.8185701966285706e-02 -9.9589834213256836e+00 9.9601964950561523e+00 1.3960191680915365e-01 1 0 0 0 0
E 42 -1 -1.0000000000000000e+00 -1.0000000000000000e+00 -1.0000000000000000e+00 0 0 1 0 0 0 0
U GEV MM
H 1 1 5 5 0 0 0 4 0 3.3994483947753906e+00 2.9408025741577148e+00 4.0908527374267578e-01 4.2000000000000000e+01
V -1 0 0 0 0 0 2 140 0
P 10001 2212 0 0 1.0000000000000000e+02 1.0000000000000000e+02 0 101 0 0 -1 0
P 10002 3000001 0 0 -1.0000000000000000e+02 1.0000000000000000e+02 0 102 0 0 -1 0
P 10003 111 -2.9949161410331726e-01 6.9784164428710938e-02 -1.2393885850906372e+00 1.2840850353240967e+00 1.3500095024514192e-01 1 0 0 0 0
P 10004 111 6.2043316662311554e-02 2.4543128907680511e-01 -2.5284612178802490e-01 3.8241603970527649e-01 1.3499990859352734e-01 1 0 0 0 0
P 10005 211 1.1594104021787643e-01 8.0462568998336792e-01 1.1047246456146240e+00 1.3786840438842773e+00 1.3960058898419178e-01 1 0 0 0 0
P 10006 -2212 9.8079904913902283e-02 8.6614358425140381e-01 1.7253094911575317e+00 2.1487028598785400e+00 9.3829993258241640e-01 1 0 0 0 0
P 10007 2212 -6.8235135078430176e-01 -2.9156796634197235e-02 1.8292342424392700e+00 2.1663239002227783e+00 9.3830050743721272e-01 1 0 0 0 0
P 10008 -321 1.8455810844898224e-01 6.7449194192886353e-01 4.4908276200294495e-01 9.6660071611404419e-01 4.9359957672464999e-01 1 0 0 0 0
P 10009 321 -5.4734047502279282e-02 5.6167972087860107e-01 4.0758073329925537e-01 8.5337132215499878e-01 4.9359967029726326e-01 1 0 0 0 0
P 10010 321 -1.8850857019424438e-01 1.6676390171051025e-01 4.5070093870162964e-01 7.1422529220581055e-01 4.9359978923167530e-01 1 0 0 0 0
P 10011 -211 -4.3747237324714661e-01 8.4747843444347382e-02 1.2162325382232666e+00 1.3027944564819336e+00 1.3959775959552073e-01 1 0 0 0 0
P 10012 111 -8.1152729690074921e-02 9.0658858418464661e-02 9.8140731453895569e-02 2.0654636621475220e-01 1.3500001511230764e-01 1 0 0 0 0
P 10013 111 -3.0451089143753052e-02 -1.3326835632324219e-01 7.3403656482696533e-02 2.0567163825035095e-01 1.3500000877190366e-01 1 0 0 0 0
P 10014 22 -5.6166786700487137e-02 -1.5618149936199188e-01 -1.3299527764320374e-01 2.1268551051616669e-01 1.1763040301570986e-04 1 0 0 0 0
P 10015 22 8.4322392940521240e-02 -6.9634944200515747e-01 -2.9774830341339111e+00 3.0589895248413086e+00 -1.0567868925738316e-03 1 0 0 0 0
P 10016 211 -3.0043822526931763e-01 -2.1629281342029572e-01 -1.5873212814331055e+00 1.6358859539031982e+00 1.3960048476669754e-01 1 0 0 0 0
P 10017 -211 1.3432043790817261e-01 -3.9496996998786926e-01 -5.7481759786605835e-01 7.2384166717529297e-01 1.3960025462204728e-01 1 0 0 0 0
P 10018 211 3.4323158860206604e-01 -3.9804834127426147e-01 -1.7718571424484253e+00 1.8534334897994995e+00 1.3959785979506756e-01 1 0 0 0 0
P 10019 -211 -2.3453260958194733e-01 -1.1760959029197693e-01 -4.2734760046005249e-01 5.2053016424179077e-01 1.3959985523150165e-01 1 0 0 0 0
P 10020 -211 2.2368121892213821e-02 1.4434027671813965e-01 -2.5200533866882324e-01 3.2300046086311340e-01 1.3959999512944579e-01 1 0 0 0 0
P 10021 211 6.8072348833084106e-02 1.1848634481430054e-01 -1.3976414203643799e+00 1.4112274646759033e+00 1.3960142747948642e-01 1 0 0 0 0
P 10022 111 -1.2606309354305267e-01 -4.9997929483652115e-02 -1.6302981972694397e-01 2.5138700008392334e-01 1.3500001920258353e-01 1 0 0 0 0
P 10023 22 8.6762964725494385e-02 5.5615112185478210e-02 -2.1279735565185547e+00 2.1304674148559570e+00 -9.5091038611757629e-04 1 0 0 0 0
P 10024 22 2.2784265875816345e-01 -4.6935674548149109e-01 -2.0513339042663574e+00 2.1166434288024902e+00 7.6565079454484972e-04 1 0 0 0 0
P 10025 -321 -1.3330805301666260e-01 -4.8374339938163757e-02 -4.1539158821105957e+00 4.1855430603027344e+00 4.9360149942456899e-01 1 0 0 0 0
P 10026 211 -2.7469508349895477e-02 -4.7850030660629272e-01 -6.3719186782836914e+00 6.3914432525634766e+00 1.3957826036781223e-01 1 0 0 0 0
P 10027 310 -5.0587850809097290e-01 3.6582902073860168e-02 -3.8732542991638184e+00 3.9378995895385742e+00 4.9769763674803164e-01 1 0 0 0 0
P 10028 211 6.9420135021209717e-01 -5.2718991041183472e-01 -2.0889530181884766e+00 2.2678310871124268e+00 1.3960089970501113e-01 1 0 0 0 0
P 10029 -211 -9.3198120594024658e-03 -1.3151392340660095e-02 -1.3959331512451172e+00 1.4029887914657593e+00 1.3960074575770717e-01 1 0 0 0 0
P 10030 -3122 -3.3391781151294708e-02 6.4388625323772430e-02 -2.0327632427215576e+00 2.3199031352996826e+00 1.1155999507412566e+00 1 0 0 0 0
P 10031 211 1.6769438982009888e-01 -6.2810540199279785e-02 -2.8405326604843140e-01 3.6364954710006714e-01 1.3960001008611131e-01 1 0 0 0 0
P 10032 3122 -1.0230799913406372e+00 -5.9452104568481445e-01 2.3354725837707520e+00 2.8458993434906006e+00 1.1155998123393871e+00 1 0 0 0 0
P 10033 -211 -1.1089120805263519e-01 -1.8530738353729248e-01 1.3912157714366913e-01 2.9236733913421631e-01 1.3960000483047960e-01 1 0 0 0 0
P 10034 -211 -1.0504152625799179e-01 5.9610748291015625e-01 1.9492506980895996e+00 2.0458357334136963e+00 1.3959839071233662e-01 1 0 0 0 0
P 10035 211 -1.8676966428756714e-01 -1.4498877525329590e-01 1.9353893995285034e+00 1.9547694921493530e+00 1.3959579930283447e-01 1 0 0 0 0
P 10036 -211 4.7020614147186279e-04 5.0358776003122330e-02 4.5459979772567749e-01 4.7821062803268433e-01 1.3960014776797111e-01 1 0 0 0 0
P 10037 111 6.0055267810821533e-01 -1.2844339013099670e-01 3.7691278457641602e+00 3.8212184906005859e+00 1.3499930200467472e-01 1 0 0 0 0
P 10038 211 -3.2467496395111084e-01 1.2618468701839447e-01 7.4061471223831177e-01 8.3026188611984253e-01 1.3960028690821422e-01 1 0 0 0 0
P 10039 111 7.1828150749206543e-01 -4.8294220119714737e-02 7.0798444747924805e-01 1.0186890363693237e+00 1.3499896016088322e-01 1 0 0 0 0
P 10040 -211 3.1087687611579895e-01 -1.3473570346832275e-01 2.5797381997108459e-01 4.4814816117286682e-01 1.3959993080057972e-01 1 0 0 0 0
P 10041 22 5.1506042480468750e-02 -1.5740536153316498e-01 8.2547739148139954e-02 1.8504983186721802e-01 -9.5998801685041768e-05 1 0 0 0 0
P 10042 22 -3.1489175558090210e-01 2.5543624162673950e-01 -1.6195507347583771e-01 4.3661645054817200e-01 -1.1047396210175154e-04 1 0 0 0 0
P 10043 130 4.1670310497283936e-01 1.7095303535461426e-01 1.7259860038757324e+00 1.8519177436828613e+00 4.9769993550485725e-01 1 0 0 0 0
P 10044 211 8.3768799901008606e-02 -6.9438621401786804e-02 -3.8822267670184374e-03 1.7703618109226227e-01 1.3959872403437584e-01 1 0 0 0 0
P 10045 2212 -3.5389339923858643e-01 1.3327433168888092e-01 1.1827661514282227e+01 1.1870846748352051e+01 9.3830860643807290e-01 1 0 0 0 0
P 10046 211 -1.1635150015354156e-01 -2.3108232021331787e-01 2.4397978782653809e+00 2.4574456214904785e+00 1.3960152395772857e-01 1 0 0 0 0
P 10047 -211 1.5162977576255798e-01 2.7025255560874939e-01 2.8233144283294678e+00 2.8436980247497559e+00 1.3959248561957005e-01 1 0 0 0 0
P 10048 310 -7.6567418873310089e-02 3.7130108475685120e-01 1.4626656770706177e+00 1.5908560752868652e+00 4.9769981336358216e-01 1 0 0 0 0
P 10049 -321 2.7157342433929443e-01 -4.4161829352378845e-01 3.2335406541824341e-01 7.8547924757003784e-01 4.9359999469049198e-01 1 0 0 0 0
P 10050 211 -1.7334045469760895e-01 -1.8014892935752869e-01 5.0278347730636597e-01 5.7860171794891357e-01 1.3960004648178106e-01 1 0 0 0 0
P 10051 130 -3.5322141647338867e-01 -7.5593137741088867e-01 -2.8096130490303040e-01 1.0113564729690552e+00 4.9769975301762320e-01 1 0 0 0 0
P 10052 -211 -3.9833644032478333e-01 2.9300779104232788e-01 -5.2166473865509033e-01 7.3222106695175171e-01 1.3959980669669214e-01 1 0 0 0 0
P 10053 111 -3.2991066575050354e-01 -4.4344164431095123e-02 1.0451912879943848e-01 3.7410786747932434e-01 1.3499998492556073e-01 1 0 0 0 0
P 10054 211 -2.2952607274055481e-01 -3.8164460659027100e-01 2.6132062077522278e-01 5.3489387035369873e-01 1.3960000677817497e-01 1 0 0 0 0
P 10055 -211 6.9049246609210968e-02 -1.5096974372863770e-01 -8.0909751355648041e-02 2.3150420188903809e-01 1.3959994859976682e-01 1 0 0 0 0
P 10056 111 -2.4006021022796631e-01 -3.7081474065780640e-01 -1.9783917069435120e-01 5.0249159336090088e-01 1.3499995375383186e-01 1 0 0 0 0
P 10057 130 1.6983374953269958e-01 -9.5356486737728119e-02 1.7349125146865845e+00 1.8153685331344604e+00 4.9769982462859702e-01 1 0 0 0 0
P 10058 -211 -4.8260916024446487e-02 2.4756459891796112e-01 7.6097507476806641e+00 7.6152095794677734e+00 1.3961787399321121e-01 1 0 0 0 0
P 10059 -321 4.8517712950706482e-01 -6.1577117443084717e-01 -1.1721193790435791e-01 9.3378287553787231e-01 4.9359987237014408e-01 1 0 0 0 0
P 10060 111 -5.1551258563995361e-01 7.5900785624980927e-02 -7.6224130392074585e-01 9.3314033746719360e-01 1.3499973627348075e-01 1 0 0 0 0
P 10061 -211 -5.7746291160583496e-01 -9.6598654985427856e-02 -2.8555579185485840e+00 2.9183032512664795e+00 1.3959987729830686e-01 1 0 0 0 0
P 10062 -211 -3.9318412542343140e-02 6.2571823596954346e-01 7.2705707550048828e+00 7.2988867759704590e+00 1.3957011325668242e-01 1 0 0 0 0
P 10063 211 4.0425759553909302e-01 5.4089486598968506e-01 1.5857827186584473e+01 1.5872809410095215e+01 1.3929834896556365e-01 1 0 0 0 0
P 10064 -211 -1.7823265492916107e-01 -2.2370336949825287e-01 1.6361392736434937e+00 1.6668084859848022e+00 1.3960203932722634e-01 1 0 0 0 0
P 10065 211 1.4114981889724731e-01 -5.5910505354404449e-02 2.8037593364715576e+00 2.8113348484039307e+00 1.3959927297522640e-01 1 0 0 0 0
P 10066 111 -1.8000963330268860e-01 -1.4683824777603149e-01 4.6681246757507324e+00 4.6758503913879395e+00 1.3499613030810592e-01 1 0 0 0 0
P 10067 211 3.1767159700393677e-01 -3.0713224411010742e-01 1.3599865436553955e+00 1.4367660284042358e+00 1.3959857641677517e-01 1 0 0 0 0
P 10068 111 -4.3076288700103760e-01 -7.2950124740600586e-03 3.0408577919006348e+00 3.0741908550262451e+00 1.3499415002038598e-01 1 0 0 0 0
P 10069 -211 -4.2265647649765015e-01 2.4666470289230347e-01 1.3537420034408569e+00 1.4462323188781738e+00 1.3960134494093432e-01 1 0 0 0 0
P 10070 111 2.6925504207611084e-03 -1.9871325790882111e-01 9.4772297143936157e-01 9.7770053148269653e-01 1.3500107396309236e-01 1 0 0 0 0
P 10071 211 -2.8607118129730225e-01 -9.6391243860125542e-03 4.7405561804771423e-01 5.7109236717224121e-01 1.3959989022929298e-01 1 0 0 0 0
P 10072 211 -3.7358127534389496e-02 2.5654011964797974e-01 -1.1837440729141235e-01 3.1734704971313477e-01 1.3960009662662193e-01 1 0 0 0 0
P 10073 111 -1.5026594512164593e-02 -1.9333204627037048e-01 -4.9405017495155334e-01 5.4764372110366821e-01 1.3499996754403387e-01 1 0 0 0 0
P 10074 -211 6.5583837032318115e-01 -6.5988171100616455e-01 -2.5411825180053711e+00 2.7097353935241699e+00 1.3960470118473975e-01 1 0 0 0 0
P 10075 111 -1.9288156926631927e-01 3.5351246595382690e-02 -5.9364664554595947e-01 6.3960498571395874e-01 1.3500069475264875e-01 1 0 0 0 0
P 10076 211 3.9099806547164917e-01 -2.7392092347145081e-01 -1.7134368419647217e+00 1.7841709852218628e+00 1.3959990539928552e-01 1 0 0 0 0
P 10077 111 1.1051595211029053e-03 2.5483950972557068e-01 -1.4608684778213501e+00 1.4890620708465576e+00 1.3499905276346866e-01 1 0 0 0 0
P 10078 2212 1.0392458438873291e+00 3.8018143177032471e-01 -2.9318786621093750e+01 2.9354665756225586e+01 9.3839377736487439e-01 1 0 0 0 0
P 10079 211 2.9340595006942749e-01 2.7297979593276978e-01 -1.2631859779357910e+01 1.2638986587524414e+01 1.3962612126077847e-01 1 0 0 0 0
P 10080 310 1.7292448878288269e-01 1.8877251073718071e-02 5.8327651023864746e-01 7.8624171018600464e-01 4.9770002010359293e-01 1 0 0 0 0
P 10081 -211 1.9626025110483170e-02 2.0753089338541031e-02 -1.0618340969085693e+00 1.0713522434234619e+00 1.3959981573095653e-01 1 0 0 0 0
P 10082 211 3.2687997817993164e-01 7.7599123120307922e-02 -1.6853454113006592e+00 1.7241663932800293e+00 1.3960104684465488e-01 1 0 0 0 0
P 10083 111 -1.7692124843597412e-01 4.2230214923620224e-02 -4.7548487782478333e-01 5.2668339014053345e-01 1.3500001929347055e-01 1 0 0 0 0
P 10084 -211 -8.2995861768722534e-02 -1.7354092001914978e-01 -7.7520985603332520e+00 7.7557406425476074e+00 1.3955666000615236e-01 1 0 0 0 0
P 10085 211 5.1836073398590088e-01 3.1146538257598877e-01 -9.5153684616088867e+00 9.5355873107910156e+00 1.3957029216832925e-01 1 0 0 0 0
P 10086 2212 2.8138184547424316e-01 3.2913282513618469e-02 -6.9352622985839844e+01 6.9359542846679688e+01 9.3787518211415510e-01 1 0 0 0 0
P 10087 111 -1.4269720017910004e-01 -1.5121974050998688e-01 -1.6524259567260742e+01 1.6526117324829102e+01 1.3479498117338801e-01 1 0 0 0 0
P 10088 -211 2.0332077145576477e-01 -1.3345856964588165e-01 -2.9738077521324158e-01 4.0874683856964111e-01 1.3959988057643805e-01 1 0 0 0 0
P 10089 -321 -1.9361764192581177e-01 -4.1306900978088379e-01 -2.3903431892395020e+00 2.4830415248870850e+00 4.9359989248746294e-01 1 0 0 0 0
P 10090 2112 6.4331203699111938e-01 -1.3676062226295471e-01 -5.1557903289794922e+01 5.1570655822753906e+01 9.3946607408469807e-01 1 0 0 0 0
P 10091 211 1.8569958209991455e-01 -3.7999361753463745e-01 -5.3197211027145386e-01 6.9380229711532593e-01 1.3959877226070400e-01 1 0 0 0 0
P 10092 -211 5.1222693920135498e-01 4.9850270152091980e-01 -2.9505175352096558e-01 7.8576380014419556e-01 1.3959882411398317e-01 1 0 0 0 0
P 10093 211 -4.1303738951683044e-02 2.0314809679985046e-01 -3.1075793504714966e-01 3.9879056811332703e-01 1.3960041166340251e-01 1 0 0 0 0
P 10094 111 -7.2166502475738525e-01 -3.0830797553062439e-01 -8.9142394065856934e-01 1.1952892541885376e+00 1.3500201282006258e-01 1 0 0 0 0
P 10095 211 -3.4731626510620117e-04 2.6205018162727356e-02 7.5122147798538208e-02 1.6068065166473389e-01 1.3959982494273140e-01 1 0 0 0 0
P 10096 -211 3.2523244619369507e-02 1.3176849484443665e-01 -4.9203899502754211e-01 5.2916067838668823e-01 1.3959925948516635e-01 1 0 0 0 0
P 10097 111 2.4208602309226990e-01 2.1519462764263153e-01 -1.8962307274341583e-01 3.9886862039566040e-01 1.3499961583945636e-01 1 0 0 0 0
P 10098 211 -3.0088320374488831e-01 1.3517719507217407e-01 -5.1411229372024536e-01 6.2658053636550903e-01 1.3959993422071723e-01 1 0 0 0 0
P 10099 22 -9.1799139976501465e-02 1.2760193645954132e-01 -2.6880228519439697e+00 2.6926147937774658e+00 -1.3270992343128989e-03 1 0 0 0 0
P 10100 -211 2.8634449839591980e-01 2.6814925670623779e-01 -5.0167703628540039e+00 5.0340204238891602e+00 1.3956919032934109e-01 1 0 0 0 0
P 10101 211 1.2905609607696533e-01 1.1300382763147354e-01 -1.9434083700180054e+00 1.9559524059295654e+00 1.3960079015401164e-01 1 0 0 0 0
P 10102 211 -8.7327736616134644e-01 -1.1592452228069305e-01 -7.6966252326965332e+00 7.7481331825256348e+00 1.3955639884345808e-01 1 0 0 0 0
P 10103 111 1.9893258810043335e-02 -3.1304609775543213e-01 -2.2582972049713135e+00 2.2839713096618652e+00 1.3500028263415720e-01 1 0 0 0 0
P 10104 -211 -5.0439078360795975e-02 -8.0973297357559204e-02 -1.1882870197296143e+00 1.2002561092376709e+00 1.3959910814049206e-01 1 0 0 0 0
P 10105 211 -1.0897321999073029e-01 -8.1049002707004547e-02 -1.4168817996978760e+00 1.4302048683166504e+00 1.3959880918763973e-01 1 0 0 0 0
P 10106 211 -1.6754248738288879e-01 3.2278126478195190e-01 -5.7660512924194336e+00 5.7791953086853027e+00 1.3961618511371238e-01 1 0 0 0 0
P 10107 -211 1.1906865984201431e-02 -2.8870567679405212e-02 -4.7516851425170898e+00 4.7538380622863770e+00 1.3960424667373250e-01 1 0 0 0 0
P 10108 111 2.0576146245002747e-01 4.3850563466548920e-02 -2.5397028923034668e+00 2.5519750118255615e+00 1.3500010541318819e-01 1 0 0 0 0
P 10109 310 1.5117019414901733e-01 -4.7333687543869019e-03 -6.7188155651092529e-01 8.4970873594284058e-01 4.9769998752181988e-01 1 0 0 0 0
P 10110 22 -6.5588019788265228e-04 2.2607509046792984e-02 -1.4246010780334473e-01 1.4424426853656769e-01 -5.4349111779276662e-05 1 0 0 0 0
P 10111 -211 1.1481115221977234e-01 -3.5299144685268402e-02 -3.8790726661682129e-01 4.2940393090248108e-01 1.3959963499531730e-01 1 0 0 0 0
P 10112 211 -1.7194704711437225e-01 2.2308686375617981e-01 -2.0122048854827881e+00 2.0366125106811523e+00 1.3960115225264544e-01 1 0 0 0 0
P 10113 2212 4.8052185773849487e-01 1.6094347834587097e-01 -9.9994300842285156e+01 1.0000000000000000e+02 9.3967813829169522e-01 1 0 0 0 0
P 10114 211 4.1580524295568466e-02 6.5409857034683228e-01 -3.6108630895614624e-01 7.6121324300765991e-01 1.3960085631614502e-01 1 0 0 0 0
P 10115 2212 1.2154281139373779e-01 -8.1727427244186401e-01 -1.4730948209762573e+00 1.9321296215057373e+00 9.3829986215279826e-01 1 0 0 0 0
P 10116 -2212 -3.0763788148760796e-02 -1.3243006169795990e-01 -1.9968421459197998e+00 2.2104909420013428e+00 9.3830033413923775e-01 1 0 0 0 0
P 10117 111 -2.3522640764713287e-01 5.5212354660034180e-01 -4.9906287342309952e-02 6.1716073751449585e-01 1.3499949943621392e-01 1 0 0 0 0
P 10118 111 6.3171440362930298e-01 -7.3354893922805786e-01 -2.1207389831542969e+00 2.3351478576660156e+00 1.3499832775455567e-01 1 0 0 0 0
P 10119 111 2.6500092819333076e-02 4.2998749017715454e-01 -1.7387378692626953e+01 1.7393238067626953e+01 1.3491174782556986e-01 1 0 0 0 0
P 10120 2112 -2.4689514935016632e-01 2.8002560138702393e-01 -4.5808490753173828e+01 4.5819644927978516e+01 9.3950236306795765e-01 1 0 0 0 0
P 10121 211 1.3043670356273651e-01 6.9089567661285400e-01 1.2800368666648865e-01 7.2816407680511475e-01 1.3959731140170969e-01 1 0 0 0 0
P 10122 -211 1.7967248335480690e-02 5.3410232067108154e-04 6.7674547433853149e-02 1.5617612004280090e-01 1.3959953016829513e-01 1 0 0 0 0
P 10123 -211 1.6681714355945587e-01 -3.0900642275810242e-02 -9.0825694799423218e-01 9.3445259332656860e-01 1.3959998752348918e-01 1 0 0 0 0
P 10124 111 -5.1496922969818115e-03 4.3643623590469360e-01 -1.4513186216354370e+00 1.5215302705764771e+00 1.3500190899884243e-01 1 0 0 0 0
P 10125 -211 2.6029020547866821e-01 -1.8953749537467957e-01 -5.7204109430313110e-01 6.7111438512802124e-01 1.3959961007540203e-01 1 0 0 0 0
P 10126 111 1.5353646874427795e-01 4.8930746316909790e-01 -8.3296120166778564e-01 9.8744344711303711e-01 1.3499984079692504e-01 1 0 0 0 0
P 10127 211 -4.4466060400009155e-01 -4.9821043014526367e-01 -1.9773652553558350e+00 2.0917451381683350e+00 1.3959829693504655e-01 1 0 0 0 0
P 10128 111 2.8890010714530945e-01 -2.0448011159896851e-01 -6.9104522466659546e-01 7.8806334733963013e-01 1.3499981087964247e-01 1 0 0 0 0
P 10129 111 2.4474635720252991e-02 -1.3148906826972961e-01 -5.4442986845970154e-02 1.9768014550209045e-01 1.3500006755900706e-01 1 0 0 0 0
P 10130 -211 -2.5806161761283875e-01 -3.1645229458808899e-01 -4.3400320410728455e-01 6.1203330755233765e-01 1.3959991097075733e-01 1 0 0 0 0
P 10131 2212 -1.4212578535079956e-01 8.7770265340805054e-01 -6.2168011665344238e+00 6.3497710227966309e+00 9.3830358150381410e-01 1 0 0 0 0
P 10132 111 -7.2629854083061218e-02 5.9771016240119934e-02 -9.6951651573181152e-01 9.8337936401367188e-01 1.3500010816543218e-01 1 0 0 0 0
P 10133 -2212 -2.7724882960319519e-01 -3.8772478699684143e-01 -7.1007432937622070e+00 7.1783123016357422e+00 9.3830418944923399e-01 1 0 0 0 0
P 10134 211 -1.9008898735046387e-01 -1.6135777533054352e-01 -4.0635433197021484e+00 4.0735783576965332e+00 1.3959287383702979e-01 1 0 0 0 0
P 10135 310 4.6746891736984253e-01 4.2666047811508179e-01 -1.4282770156860352e+00 1.6395874023437500e+00 4.9769997397528198e-01 1 0 0 0 0
P 10136 130 1.9727531075477600e-01 -6.9471263885498047e-01 -3.3061826229095459e-01 9.3731373548507690e-01 4.9770011507980816e-01 1 0 0 0 0
P 10137 2112 -2.1533626317977905e-01 -7.0364153385162354e-01 -9.9993957519531250e+01 1.0000107574462891e+02 9.3921698812661891e-01 1 0 0 0 0
P 10138 -211 2.9779025912284851e-01 -8.4414720535278320e-02 -6.9171376228332520e+00 6.9254665374755859e+00 1.3960295486603461e-01 1 0 0 0 0
P 10139 211 2.8176482766866684e-02 4.8994925618171692e-01 -5.0771749019622803e-01 7.1979820728302002e-01 1.3960022042447984e-01 1 0 0 0 0
P 10140 2212 -4.2291241884231567e-01 1.8869984149932861e-01 -8.4716850280761719e+01 8.4723312377929688e+01 9.3833696029920699e-01 1 0 0 0 0
P 10141 -211 3.0180442333221436e-01 4.5572109520435333e-03 -5.7077765464782715e+00 5.7174563407897949e+00 1.3959665538779437e-01 1 0 0 0 0
P 10142 111 -1.8412524461746216e-01 -7.9590193927288055e-02 -9.8238825798034668e-01 1.0117055177688599e+00 1.3499874292552910e-01 1 0 0 0 0
E 43 -1 -1.0000000000000000e+00 -1.0000000000000000e+00 -1.0000000000000000e+00 0 0 1 0 0 0 0
U GEV MM
H 1 1 9 9 0 0 0 8 0 3.5330359935760498e+00 4.8552360534667969e+00 3.6550176143646240e-01 4.2000000000000000e+01
V -1 0 0 0 0 0 2 146 0
P 10001 2212 0 0 1.0000000000000000e+02 1.0000000000000000e+02 0 101 0 0 -1 0
P 10002 3000001 0 0 -1.0000000000000000e+02 1.0000000000000000e+02 0 102 0 0 -1 0
P 10003 2112 -7.1612775325775146e-02 -6.0698908567428589e-01 1.2860036849975586e+01 1.2908794403076172e+01 9.3960684248421222e-01 1 0 0 0 0
P 10004 211 -8.8217282295227051e-01 5.3958886861801147e-01 7.0626026391983032e-01 1.2600303888320923e+00 1.3959936853797597e-01 1 0 0 0 0
P 10005 -2212 3.7905150651931763e-01 -5.8547580242156982e-01 2.0272271335124969e-01 1.1865772008895874e+00 9.3830005613701739e-01 1 0 0 0 0
P 10006 2212 -6.0431033372879028e-01 -2.2945015430450439e+00 8.2553791999816895e-01 2.6817619800567627e+00 9.3829960558212733e-01 1 0 0 0 0
P 10007 211 -2.6766777038574219e-01 -8.4943461418151855e-01 1.1895785331726074e+00 1.4925717115402222e+00 1.3959952876724274e-01 1 0 0 0 0
P 10008 111 -3.0285578966140747e-01 8.0761462450027466e-02 4.4388067722320557e-01 5.5990999937057495e-01 1.3500040234948840e-01 1 0 0 0 0
P 10009 22 5.3301104344427586e-03 3.6342644691467285e-01 5.6099629402160645e-01 6.6844892501831055e-01 -2.6256829327446084e-04 1 0 0 0 0
P 10010 -211 -9.5255535840988159e-01 -2.3336377739906311e-01 9.1736626625061035e-01 1.3501368761062622e+00 1.3960069602281089e-01 1 0 0 0 0
P 10011 211 -6.3332760334014893e-01 -8.2976698875427246e-02 1.0125930309295654e+00 1.2053304910659790e+00 1.3959928616361150e-01 1 0 0 0 0
P 10012 111 -7.3210150003433228e-02 -4.5949537307024002e-02 5.0909101963043213e-02 1.6818989813327789e-01 1.3500007084866320e-01 1 0 0 0 0
P 10013 -211 -2.0728240907192230e-01 9.4364285469055176e-02 5.8483943343162537e-02 2.7345776557922363e-01 1.3960000875311687e-01 1 0 0 0 0
P 10014 310 5.1129585504531860e-01 5.4713582992553711e-01 8.5410736501216888e-03 8.9919924736022949e-01 4.9769997864102494e-01 1 0 0 0 0
P 10015 -211 -1.0628858208656311e-01 -4.4775164127349854e-01 2.3664154112339020e-01 5.3597217798233032e-01 1.3960000587673990e-01 1 0 0 0 0
P 10016 211 -6.0707151889801025e-01 -3.6617168784141541e-01 -3.8083460927009583e-01 8.1678682565689087e-01 1.3960008923702555e-01 1 0 0 0 0
P 10017 211 -2.2420187294483185e-01 6.6060990095138550e-01 1.0303504467010498e+00 1.2521110773086548e+00 1.3960009253226635e-01 1 0 0 0 0
P 10018 -211 2.5128933787345886e-01 -3.8947507739067078e-02 5.9146362543106079e-01 6.5877205133438110e-01 1.3959998468226353e-01 1 0 0 0 0
P 10019 130 2.2652868926525116e-01 4.5841392129659653e-02 -6.7082822322845459e-02 5.5283099412918091e-01 4.9770003287767833e-01 1 0 0 0 0
P 10020 211 -1.1677122861146927e-01 -3.5512030124664307e-01 1.1668904304504395e+01 1.1675726890563965e+01 1.3973119611723164e-01 1 0 0 0 0
P 10021 -321 4.4940462708473206e-01 -2.2719728946685791e-01 1.3727336883544922e+01 1.3745439529418945e+01 4.9370721626673458e-01 1 0 0 0 0
P 10022 111 -5.7497000694274902e-01 -1.3700213457923383e-04 1.6995812654495239e+00 1.7992752790451050e+00 1.3499823799778066e-01 1 0 0 0 0
P 10023 111 5.0881111621856689e-01 -8.9762434363365173e-02 -2.2375608444213867e+01 2.2381978988647461e+01 1.3484862947420712e-01 1 0 0 0 0
P 10024 2212 -3.5005503892898560e-01 -2.0907483994960785e-01 -6.7549026489257812e+01 6.7556770324707031e+01 9.3807581771605630e-01 1 0 0 0 0
P 10025 321 -2.3504954576492310e-01 4.0326178073883057e-01 1.3351894378662109e+01 1.3369164466857910e+01 4.9356528461628391e-01 1 0 0 0 0
P 10026 -211 1.4601096510887146e-01 -1.3910293579101562e-01 2.5195508003234863e+00 2.5314605236053467e+00 1.3959698594107253e-01 1 0 0 0 0
P 10027 111 1.3491635024547577e-01 -4.5968264341354370e-02 1.3544274568557739e+00 1.3685810565948486e+00 1.3499951738934632e-01 1 0 0 0 0
P 10028 111 1.9896487891674042e-01 -8.1386767327785492e-02 3.9047162532806396e+00 3.9129586219787598e+00 1.3500122127409711e-01 1 0 0 0 0
P 10029 111 1.4951404929161072e-01 8.9360244572162628e-02 4.2820606231689453e+00 4.2877273559570312e+00 1.3499257121296684e-01 1 0 0 0 0
P 10030 211 -7.1747541427612305e-02 -1.2867072224617004e-01 -2.4951814115047455e-01 3.2163852453231812e-01 1.3960004740644066e-01 1 0 0 0 0
P 10031 -211 1.0422730445861816e-01 -5.1847428083419800e-02 2.6784601807594299e-01 3.2369920611381531e-01 1.3960014271483046e-01 1 0 0 0 0
P 10032 211 -1.6690364480018616e-01 1.1739079654216766e-01 -2.1805614233016968e-02 2.4819561839103699e-01 1.3959998000013751e-01 1 0 0 0 0
P 10033 111 3.3136573433876038e-01 4.9481356143951416e-01 9.1583001613616943e-01 1.1007330417633057e+00 1.3499963072246188e-01 1 0 0 0 0
P 10034 -211 2.8897237777709961e-01 -1.2485225498676300e-01 1.0467811673879623e-01 3.5991501808166504e-01 1.3960011254764002e-01 1 0 0 0 0
P 10035 111 4.4208288192749023e-02 1.4462541043758392e-01 -2.0485097169876099e-01 2.8820097446441650e-01 1.3499999624866632e-01 1 0 0 0 0
P 10036 321 -9.9210813641548157e-02 9.4649292528629303e-02 -1.1460556834936142e-01 5.2495402097702026e-01 4.9360005442024990e-01 1 0 0 0 0
P 10037 22 -4.3053948879241943e-01 -2.6564222574234009e-01 -3.1637758016586304e-01 5.9667819738388062e-01 2.3344097299602291e-04 1 0 0 0 0
P 10038 -211 9.0638607740402222e-02 -8.0118194222450256e-02 -1.5081372261047363e+00 1.5194079875946045e+00 1.3960106641717560e-01 1 0 0 0 0
P 10039 130 -1.1399935930967331e-01 3.7005501985549927e-01 -1.4568616151809692e+00 1.5874785184860229e+00 4.9770042116076807e-01 1 0 0 0 0
P 10040 -211 -4.6144023537635803e-01 1.1004427075386047e-01 3.4455472230911255e-01 6.0269075632095337e-01 1.3957563805791998e-01 1 0 0 0 0
P 10041 3222 6.9569325447082520e-01 2.5407093763351440e-01 -5.9374591827392578e+01 5.9391120910644531e+01 1.1893473872920457e+00 1 0 0 0 0
P 10042 321 3.5750108957290649e-01 -3.6221441626548767e-01 -3.0179649591445923e-01 7.7053761482238770e-01 4.9359981616038390e-01 1 0 0 0 0
P 10043 111 -5.1662251353263855e-02 8.7770015001296997e-02 -4.3792825937271118e-01 4.6944510936737061e-01 1.3499995038337695e-01 1 0 0 0 0
P 10044 -211 1.1284217238426208e-01 -1.4800700545310974e-01 -1.5873205661773682e+00 1.6042798757553101e+00 1.3959910605815523e-01 1 0 0 0 0
P 10045 211 -9.5345541834831238e-02 3.2664656639099121e-01 -7.4581408500671387e+00 7.4672050476074219e+00 1.3963356290941645e-01 1 0 0 0 0
P 10046 111 3.7509775161743164e-01 -1.4007273316383362e-01 -4.4787435531616211e+00 4.4986324310302734e+00 1.3502311167399134e-01 1 0 0 0 0
P 10047 321 -3.0217391252517700e-01 -2.9913559556007385e-01 -1.2540980339050293e+01 1.2557890892028809e+01 4.9360370107229035e-01 1 0 0 0 0
P 10048 -211 -1.9756254553794861e-01 1.0232750326395035e-01 -1.4521447420120239e+00 1.4757080078125000e+00 1.3959905173425177e-01 1 0 0 0 0
P 10049 310 -1.4121527969837189e-01 1.3850587606430054e-01 -4.2758126258850098e+00 4.3092231750488281e+00 4.9769983702590298e-01 1 0 0 0 0
P 10050 111 3.3514466881752014e-01 1.9074401259422302e-01 -1.3856432437896729e+00 1.4446238279342651e+00 1.3500213997612098e-01 1 0 0 0 0
P 10051 211 4.1352629661560059e-01 2.0572035014629364e-01 -3.2497352600097656e+01 3.2500930786132812e+01 1.3874829535849306e-01 1 0 0 0 0
P 10052 2112 2.2389709949493408e-01 1.2778341770172119e-01 -4.6977794647216797e+01 4.6987895965576172e+01 9.3953118241850908e-01 1 0 0 0 0
P 10053 -211 -2.9651233553886414e-01 -4.7754440456628799e-02 -1.3023338317871094e+00 1.3437862396240234e+00 1.3959941502578296e-01 1 0 0 0 0
P 10054 211 4.2944531887769699e-02 4.4754851609468460e-02 -2.6753026247024536e-01 3.0807110667228699e-01 1.3959991356460091e-01 1 0 0 0 0
P 10055 111 1.5098668634891510e-01 -2.0555019378662109e-01 -7.3475068807601929e-01 7.8938663005828857e-01 1.3499932024367531e-01 1 0 0 0 0
P 10056 -211 -4.8863419890403748e-01 -3.8080278038978577e-01 -2.5607643127441406e+01 2.5615516662597656e+01 1.3976126620007059e-01 1 0 0 0 0
P 10057 211 -8.4483750164508820e-02 1.0833415389060974e-01 -3.7260463237762451e+00 3.7311904430389404e+00 1.3959628346628508e-01 1 0 0 0 0
P 10058 211 7.5165778398513794e-02 1.6206735372543335e-01 6.8381923437118530e-01 7.2042530775070190e-01 1.3959999056547345e-01 1 0 0 0 0
P 10059 211 -1.8955883383750916e-01 4.8358106613159180e-01 -6.0062050819396973e-02 5.4118263721466064e-01 1.3959941929384881e-01 1 0 0 0 0
P 10060 2212 4.8687419295310974e-01 2.2773951292037964e-02 1.2238219976425171e+00 1.6173150539398193e+00 9.3829769751686254e-01 1 0 0 0 0
P 10061 -2212 8.0434495210647583e-01 -8.1506073474884033e-01 3.8221285343170166e+00 4.0988235473632812e+00 9.3829267090331614e-01 1 0 0 0 0
P 10062 111 -7.9639457166194916e-02 5.0525009632110596e-01 4.9782755970954895e-01 7.2641438245773315e-01 1.3500175134001893e-01 1 0 0 0 0
P 10063 111 2.4409325420856476e-01 -5.2487552165985107e-01 -2.3953053355216980e-01 6.4083987474441528e-01 1.3500014285482412e-01 1 0 0 0 0
P 10064 321 1.0739485174417496e-01 4.5133218169212341e-02 -9.3777990341186523e-01 1.0661344528198242e+00 4.9359990142097449e-01 1 0 0 0 0
P 10065 111 -5.3141212463378906e-01 -2.6978643611073494e-02 -2.4399658203125000e+01 2.4405832290649414e+01 1.3491729526491453e-01 1 0 0 0 0
P 10066 -211 -2.7242955565452576e-01 -1.7647887766361237e-01 -3.0481767654418945e-01 4.6665254235267639e-01 1.3959986495297094e-01 1 0 0 0 0
P 10067 211 3.3468565344810486e-01 1.7216247320175171e-01 -1.6067810356616974e-01 4.3238872289657593e-01 1.3959996747701031e-01 1 0 0 0 0
P 10068 -211 -7.9532474279403687e-02 -3.0013814568519592e-01 -1.7437729239463806e-01 3.8249689340591431e-01 1.3959982951973249e-01 1 0 0 0 0
P 10069 111 2.2438576817512512e-01 3.1502866744995117e-01 2.9809814691543579e-01 5.0663548707962036e-01 1.3499991592276830e-01 1 0 0 0 0
P 10070 -211 1.4953002333641052e-01 -2.8954726457595825e-01 3.8796678185462952e-01 5.2555030584335327e-01 1.3959961979531690e-01 1 0 0 0 0
P 10071 111 2.4596765637397766e-01 -7.3352128267288208e-02 -3.1065675616264343e-01 4.2498603463172913e-01 1.3499958066252396e-01 1 0 0 0 0
P 10072 -321 1.4633694291114807e-01 -1.6439801454544067e-01 -1.9812507629394531e+00 2.0536398887634277e+00 4.9360003953103088e-01 1 0 0 0 0
P 10073 211 1.1583796888589859e-01 -2.1276809275150299e-02 -4.7403745651245117e+00 4.7438921928405762e+00 1.3961010696157908e-01 1 0 0 0 0
P 10074 211 -2.9618073254823685e-02 1.2040552496910095e-01 -2.7360877394676208e-01 3.3124706149101257e-01 1.3959990637306108e-01 1 0 0 0 0
P 10075 -211 2.3180064558982849e-01 5.8391831815242767e-02 -3.0992386341094971e+00 3.1115765571594238e+00 1.3959733016283235e-01 1 0 0 0 0
P 10076 2112 8.2411661744117737e-02 3.3929988741874695e-01 -3.3035846710205078e+01 3.3051055908203125e+01 9.3979396221041578e-01 1 0 0 0 0
P 10077 -211 3.2121557742357254e-02 -1.0636483877897263e-01 -1.3659209251403809e+01 1.3660376548767090e+01 1.3980274342869678e-01 1 0 0 0 0
P 10078 -211 -5.4747033119201660e-01 -2.3918855190277100e-01 -1.9150778055191040e+00 2.0109562873840332e+00 1.3959678248679760e-01 1 0 0 0 0
P 10079 -211 7.9366576671600342e-01 -2.6992969214916229e-02 -1.0067721366882324e+01 1.0099956512451172e+01 1.3954949868059724e-01 1 0 0 0 0
P 10080 211 -1.3724192976951599e-01 2.5428044795989990e-01 -8.2816667556762695e+00 8.2878818511962891e+00 1.3959739902220658e-01 1 0 0 0 0
P 10081 2112 3.4604626893997192e-01 -1.1041267961263657e-01 -2.7049880981445312e+01 2.7068634033203125e+01 9.3965330471359254e-01 1 0 0 0 0
P 10082 211 -1.9193701446056366e-01 -2.1901212632656097e-02 -5.7710862159729004e+00 5.7760062217712402e+00 1.3961475965260087e-01 1 0 0 0 0
P 10083 -211 -3.1865584850311279e-01 -2.4024060368537903e-01 7.6130723953247070e-01 8.7082225084304810e-01 1.3959076672347542e-01 1 0 0 0 0
P 10084 211 -1.2409102916717529e-01 4.0795055031776428e-01 2.0059521496295929e-01 4.9147558212280273e-01 1.3959789587445970e-01 1 0 0 0 0
P 10085 2212 1.1762335896492004e-02 -1.2289912998676300e-01 -6.0554022789001465e+00 6.1289105415344238e+00 9.3829905580547834e-01 1 0 0 0 0
P 10086 -2212 -4.6021837741136551e-02 1.4145223796367645e-01 -1.2977175712585449e+01 1.3011902809143066e+01 9.3829552599037525e-01 1 0 0 0 0
P 10087 2212 3.8000787608325481e-03 6.5702736377716064e-02 -2.6835857391357422e+01 2.6852336883544922e+01 9.3830852492565420e-01 1 0 0 0 0
P 10088 211 1.1728125810623169e-01 -1.6105332970619202e-01 -1.1467112228274345e-02 2.4354214966297150e-01 1.3960019873615312e-01 1 0 0 0 0
P 10089 -211 1.7951172590255737e-01 -1.7724286019802094e-01 -1.3277131319046021e-01 3.1742081046104431e-01 1.3960035128801382e-01 1 0 0 0 0
P 10090 -211 -7.5535237789154053e-02 8.2121515274047852e-01 -8.8604092597961426e-01 1.2184648513793945e+00 1.3960004404643370e-01 1 0 0 0 0
P 10091 111 -2.3443722724914551e-01 -2.2213608026504517e-01 -4.8571729660034180e-01 5.9870827198028564e-01 1.3500018905575356e-01 1 0 0 0 0
P 10092 -211 -1.8918533623218536e-01 -1.8505887687206268e-01 -2.6553422212600708e-01 4.0004310011863708e-01 1.3960006976370729e-01 1 0 0 0 0
P 10093 211 1.7852979898452759e-01 1.5869610011577606e-01 -1.3372180461883545e+00 1.3655393123626709e+00 1.3960003308990893e-01 1 0 0 0 0
P 10094 211 2.4493670463562012e-01 -3.5999655723571777e-02 -1.2720366477966309e+01 1.2723540306091309e+01 1.3951567105942569e-01 1 0 0 0 0
P 10095 -211 8.8778182864189148e-02 1.6713914275169373e-01 -1.2341578483581543e+01 1.2343818664550781e+01 1.3958043601052672e-01 1 0 0 0 0
P 10096 111 -2.3437550663948059e-01 6.0398589819669724e-02 -1.0017918586730957e+01 1.0021751403808594e+01 1.3501304235229866e-01 1 0 0 0 0
P 10097 22 -1.3376922905445099e-01 -1.9050432369112968e-02 -5.3451662063598633e+00 5.3468747138977051e+00 3.2104348462061358e-03 1 0 0 0 0
P 10098 22 2.4570113420486450e-01 -3.9087560772895813e-01 -6.8427017211914062e+01 6.8428573608398438e+01 -1.2297465089218359e-02 1 0 0 0 0
P 10099 22 6.4712458848953247e-01 -3.3070725202560425e-01 1.7804062366485596e-01 7.4822217226028442e-01 6.6016426335027342e-04 1 0 0 0 0
P 10100 22 -6.2586382031440735e-02 9.0050630271434784e-02 4.1103571653366089e-02 1.1711418628692627e-01 2.4041405402856959e-04 1 0 0 0 0
P 10101 2112 -1.1454451829195023e-01 6.2955546379089355e-01 -6.6554626464843750e+01 6.6564331054687500e+01 9.3936380305747924e-01 1 0 0 0 0
P 10102 111 1.2110032141208649e-01 1.2774026393890381e-01 5.4815238714218140e-01 5.9133607149124146e-01 1.3499795198346992e-01 1 0 0 0 0
P 10103 -321 -7.1369457244873047e-01 4.7430589795112610e-02 -2.9585015773773193e-01 9.1802936792373657e-01 4.9360004147682768e-01 1 0 0 0 0
P 10104 211 1.8109712004661560e-01 6.9872103631496429e-02 -5.8946024626493454e-02 2.4625413119792938e-01 1.3960009153904937e-01 1 0 0 0 0
P 10105 321 4.8704844713211060e-01 -1.5651237964630127e-01 -5.3866344690322876e-01 8.9191448688507080e-01 4.9359986633855901e-01 1 0 0 0 0
P 10106 -211 5.8006674051284790e-01 -4.1174131631851196e-01 -1.2825647592544556e+00 1.4732511043548584e+00 1.3959985597582025e-01 1 0 0 0 0
P 10107 -321 -3.9411899447441101e-01 4.6906054019927979e-02 -3.2711489200592041e+00 3.3319044113159180e+00 4.9360083998382365e-01 1 0 0 0 0
P 10108 211 2.4302542209625244e-02 4.6320110559463501e-01 -2.3846182823181152e+00 2.4333186149597168e+00 1.3960391026663016e-01 1 0 0 0 0
P 10109 -211 7.9874619841575623e-02 -2.8486293554306030e-01 -2.4956448078155518e+00 2.5169937610626221e+00 1.3959849394028520e-01 1 0 0 0 0
P 10110 211 -5.3427368402481079e-03 -4.5203536748886108e-01 -1.6946594238281250e+01 1.6953197479248047e+01 1.3958501043216603e-01 1 0 0 0 0
P 10111 130 -4.1472598910331726e-01 1.6835829615592957e-01 4.8705892562866211e+00 4.9163675308227539e+00 4.9768246176785308e-01 1 0 0 0 0
P 10112 111 -5.8887517452239990e-01 1.0472923517227173e-01 -2.5774228572845459e+00 2.6493539810180664e+00 1.3500276891563512e-01 1 0 0 0 0
P 10113 211 -3.6743241548538208e-01 7.1128040552139282e-01 -5.7061481475830078e-01 9.9298340082168579e-01 1.3960076023307080e-01 1 0 0 0 0
P 10114 -211 1.0718919336795807e-02 1.2566554546356201e-01 -9.0529489517211914e-01 9.2463713884353638e-01 1.3960038236215450e-01 1 0 0 0 0
P 10115 211 -2.1330891549587250e-01 -2.3395490646362305e-01 -1.3653441667556763e+00 1.4085057973861694e+00 1.3960048670498670e-01 1 0 0 0 0
P 10116 111 1.6275994479656219e-01 -3.5233505070209503e-02 -4.3676096200942993e-01 4.8653608560562134e-01 1.3500009315302469e-01 1 0 0 0 0
P 10117 -211 -1.7592003941535950e-01 -8.2747183740139008e-02 -8.7359797954559326e-01 9.0579056739807129e-01 1.3960001947117068e-01 1 0 0 0 0
P 10118 211 1.1746708303689957e-02 2.4205032736063004e-02 -5.6657195091247559e-04 1.4217023551464081e-01 1.3960009346983623e-01 1 0 0 0 0
P 10119 111 -2.5309443473815918e-02 3.0541330575942993e-02 -8.1884819269180298e-01 8.3084934949874878e-01 1.3499977068705926e-01 1 0 0 0 0
P 10120 22 4.1649404168128967e-01 -1.4739604294300079e-01 -5.3672719001770020e-01 6.9517534971237183e-01 -4.3576122909027784e-04 1 0 0 0 0
P 10121 22 -3.9652517437934875e-01 3.0340141057968140e-01 -1.0920253992080688e+00 1.2007514238357544e+00 -3.4717468800551249e-04 1 0 0 0 0
P 10122 211 -6.5150126814842224e-02 4.0215152502059937e-01 -3.1975798606872559e+00 3.2264494895935059e+00 1.3960284855646868e-01 1 0 0 0 0
P 10123 111 7.4880063533782959e-02 3.2199418544769287e-01 -1.1453672647476196e+00 1.1997410058975220e+00 1.3500011370220197e-01 1 0 0 0 0
P 10124 -211 -1.4226475358009338e-01 1.1385980248451233e-01 -2.9110763072967529e+00 2.9201128482818604e+00 1.3960825571320351e-01 1 0 0 0 0
P 10125 111 3.1497117877006531e-01 -1.0821987688541412e-01 -1.0238032341003418e+00 1.0850422382354736e+00 1.3500078293042755e-01 1 0 0 0 0
P 10126 -211 3.9843440055847168e-02 3.9249446988105774e-01 -6.9794917106628418e-01 8.1379389762878418e-01 1.3959961970950502e-01 1 0 0 0 0
P 10127 111 2.7014636993408203e-01 -1.2372966110706329e-01 -6.5001219511032104e-01 7.2734373807907104e-01 1.3499988631279508e-01 1 0 0 0 0
P 10128 -211 7.2827786207199097e-01 4.4799688458442688e-01 -3.1059887409210205e+00 3.2245531082153320e+00 1.3959525776870518e-01 1 0 0 0 0
P 10129 211 1.2870840728282928e-01 4.4758476316928864e-02 -9.4129562377929688e-02 2.1660485863685608e-01 1.3959983869666936e-01 1 0 0 0 0
P 10130 211 1.5330938994884491e-01 5.6512534618377686e-01 -7.0987844467163086e-01 9.3074500560760498e-01 1.3960097889436995e-01 1 0 0 0 0
P 10131 111 -6.0168498754501343e-01 3.0319219827651978e-01 -1.1278917789459229e+00 1.3207253217697144e+00 1.3500065635812877e-01 1 0 0 0 0
P 10132 -211 5.7140624523162842e-01 -5.6128454208374023e-01 -3.7585988044738770e+00 3.8455300331115723e+00 1.3960955661691335e-01 1 0 0 0 0
P 10133 111 1.0709346830844879e-01 2.1360963582992554e-01 -2.1184301376342773e+00 2.1361341476440430e+00 1.3499911562685440e-01 1 0 0 0 0
P 10134 2112 -3.7994220852851868e-02 1.2298531830310822e-02 -1.1848443031311035e+01 1.1885706901550293e+01 9.3959111779211646e-01 1 0 0 0 0
P 10135 111 -1.7701441049575806e-01 1.4603263139724731e-01 -2.8543481826782227e+00 2.8667380809783936e+00 1.3499646668429935e-01 1 0 0 0 0
P 10136 211 6.7393481731414795e-02 -3.4144774079322815e-01 -4.4809576869010925e-01 5.8429992198944092e-01 1.3959992781590105e-01 1 0 0 0 0
P 10137 -211 2.0905944705009460e-01 2.0071943104267120e-01 -7.1606173515319824e+00 7.1678395271301270e+00 1.3960117918253423e-01 1 0 0 0 0
P 10138 3122 -2.7293053269386292e-01 -6.2845395877957344e-03 -4.6373817443847656e+01 4.6388038635253906e+01 1.1156404167049441e+00 1 0 0 0 0
P 10139 130 -2.2867684066295624e-01 2.5239264965057373e-01 4.5699363946914673e-01 7.5666576623916626e-01 4.9769945572586255e-01 1 0 0 0 0
P 10140 -321 4.0217652916908264e-01 -1.5746712684631348e-01 6.9891786575317383e-01 9.5847368240356445e-01 4.9360283643791442e-01 1 0 0 0 0
P 10141 211 -1.6314035654067993e-01 7.7603809535503387e-02 1.8268683552742004e-01 2.9240414500236511e-01 1.3960149337631989e-01 1 0 0 0 0
P 10142 -211 1.7631524801254272e-01 -1.7140944302082062e-01 -1.2991282939910889e+00 1.3295453786849976e+00 1.3960059418213139e-01 1 0 0 0 0
P 10143 111 -6.4513671398162842e-01 2.6019251346588135e-01 -9.4435720443725586e+00 9.4701204299926758e+00 1.3500547218187262e-01 1 0 0 0 0
P 10144 22 -2.0371279120445251e-01 1.0741919279098511e-01 -2.7539384365081787e+00 2.7635507583618164e+00 -1.3792444007448899e-03 1 0 0 0 0
P 10145 321 1.0385742038488388e-01 6.8165972828865051e-02 -2.4313734054565430e+01 2.4319061279296875e+01 4.9360395707608828e-01 1 0 0 0 0
P 10146 111 4.0526223182678223e-01 -2.0097608864307404e-01 -4.6717742919921875e+01 4.6720134735107422e+01 1.3732177514494187e-01 1 0 0 0 0
P 10147 211 8.5318565368652344e-02 2.8276956081390381e-01 -1.6345062255859375e+01 1.6348325729370117e+01 1.3948520906094131e-01 1 0 0 0 0
P 10148 -211 -1.1635302007198334e-01 -1.3210465013980865e-01 -2.1905636787414551e+00 2.2020545005798340e+00 1.3958914368307121e-01 1 0 0 0 0
E 44 -1 -1.0000000000000000e+00 -1.0000000000000000e+00 -1.0000000000000000e+00 0 0 1 0 0 0 0
U GEV MM
H 1 1 7 7 0 0 0 6 0 3.4017879962921143e+00 1.7777348756790161e+00 3.6101278662681580e-01 4.2000000000000000e+01
V -1 0 0 0 0 0 2 114 0
P 10001 2212 0 0 1.0000000000000000e+02 1.0000000000000000e+02 0 101 0 0 -1 0
P 10002 3000001 0 0 -1.0000000000000000e+02 1.0000000000000000e+02 0 102 0 0 -1 0
P 10003 -321 -5.1368005573749542e-02 1.7439161241054535e-01 -5.5471825599670410e-01 7.6446348428726196e-01 4.9360000891088041e-01 1 0 0 0 0
P 10004 -3322 4.6641406416893005e-01 1.7083716392517090e-01 -5.3440010547637939e-01 1.5037530660629272e+00 1.3149001464475980e+00 1 0 0 0 0
P 10005 3222 -3.4492116421461105e-02 -3.0458691716194153e-01 -2.2189261913299561e+00 2.5361919403076172e+00 1.1894003612366211e+00 1 0 0 0 0
P 10006 111 2.4046912789344788e-01 -2.6938754320144653e-01 -1.2401684522628784e+00 1.2987061738967896e+00 1.3499957862003947e-01 1 0 0 0 0
P 10007 111 4.5397377014160156e-01 5.5623404681682587e-02 -1.9169157743453979e+00 1.9753422737121582e+00 1.3499950094404217e-01 1 0 0 0 0
P 10008 -211 -2.2972323000431061e-01 -4.3947297334671021e-01 -1.2449904441833496e+01 1.2460558891296387e+01 1.3963529630513022e-01 1 0 0 0 0
P 10009 211 -3.1182235479354858e-01 8.6239117383956909e-01 -5.6433243751525879e+00 5.7190513610839844e+00 1.3959494926337454e-01 1 0 0 0 0
P 10010 -321 1.1902435868978500e-01 -1.9018852710723877e-01 -2.1485238075256348e+00 2.2158820629119873e+00 4.9359932275672513e-01 1 0 0 0 0
P 10011 211 3.7419837713241577e-01 2.6683673262596130e-01 -6.6239535808563232e-03 4.8037302494049072e-01 1.3959978152706243e-01 1 0 0 0 0
P 10012 111 9.9808067083358765e-02 -3.0933281779289246e-01 3.7594723701477051e-01 5.1498520374298096e-01 1.3499997272796957e-01 1 0 0 0 0
P 10013 111 -2.3118209838867188e-01 1.4815044403076172e-01 -1.8698775768280029e+00 1.8947455883026123e+00 1.3499990883755061e-01 1 0 0 0 0
P 10014 111 -6.7988231778144836e-02 4.8153143376111984e-02 -9.0461391210556030e-01 9.1841840744018555e-01 1.3499968989861111e-01 1 0 0 0 0
P 10015 -321 -2.5663232803344727e-01 6.9569301605224609e-01 -5.2420821189880371e+00 5.3172283172607422e+00 4.9360217917839172e-01 1 0 0 0 0
P 10016 211 -1.2705162167549133e-02 1.8947869539260864e-03 -2.9529500007629395e+00 2.9562759399414062e+00 1.3960198675984828e-01 1 0 0 0 0
P 10017 321 -6.0707890987396240e-01 -3.5929349064826965e-01 -5.4967684745788574e+00 5.5637884140014648e+00 4.9360028101387921e-01 1 0 0 0 0
P 10018 -211 -3.0838611721992493e-01 1.6045735776424408e-01 -1.0402241945266724e+00 1.1056234836578369e+00 1.3960068689789090e-01 1 0 0 0 0
P 10019 321 -1.1464786529541016e+00 3.3959078788757324e-01 -3.1234178543090820e+00 3.3806974887847900e+00 4.9360025644389771e-01 1 0 0 0 0
P 10020 -211 -6.5444058179855347e-01 2.4484661221504211e-01 -3.2254447937011719e+00 3.3032140731811523e+00 1.3959497637813692e-01 1 0 0 0 0
P 10021 111 7.8673195093870163e-03 -1.2732904404401779e-02 -2.8993421792984009e-01 3.2017305493354797e-01 1.3499967706649638e-01 1 0 0 0 0
P 10022 111 6.7647490650415421e-03 -7.1788385510444641e-02 -1.9981354475021362e+00 2.0039882659912109e+00 1.3499766494939527e-01 1 0 0 0 0
P 10023 111 -6.7002132534980774e-02 -1.2768378481268883e-02 -9.3937665224075317e-01 9.5147544145584106e-01 1.3499890245948901e-01 1 0 0 0 0
P 10024 321 6.8024188280105591e-02 3.1997716426849365e-01 4.5936974883079529e-01 7.4944961071014404e-01 4.9360052371147733e-01 1 0 0 0 0
P 10025 3122 8.6322724819183350e-01 -2.7921316027641296e-01 1.3149495124816895e+01 1.3227883338928223e+01 1.1155959482802011e+00 1 0 0 0 0
P 10026 111 3.1857293844223022e-01 1.6933871805667877e-01 2.9963886737823486e+00 3.0210483074188232e+00 1.3499434375631639e-01 1 0 0 0 0
P 10027 -211 -7.4628509581089020e-02 2.4196600914001465e-01 1.4445986747741699e+00 1.4732518196105957e+00 1.3960167909163188e-01 1 0 0 0 0
P 10028 211 1.8481504917144775e-01 7.3555335402488708e-02 1.0394300222396851e+00 1.0674595832824707e+00 1.3960014699840603e-01 1 0 0 0 0
P 10029 111 9.5837727189064026e-02 -1.4845535159111023e-01 3.8929757475852966e-01 4.4833186268806458e-01 1.3499998525803986e-01 1 0 0 0 0
P 10030 -211 -3.8195092231035233e-02 -1.8036145716905594e-02 1.4366379380226135e-01 2.0472353696823120e-01 1.3960040585995917e-01 1 0 0 0 0
P 10031 211 -2.0350378751754761e-01 -1.9354137778282166e-01 -9.6496403217315674e-01 1.0146505832672119e+00 1.3960002252348030e-01 1 0 0 0 0
P 10032 111 -9.7373247146606445e-02 5.0959753990173340e-01 -2.0346882343292236e+00 2.1041274070739746e+00 1.3499900869377202e-01 1 0 0 0 0
P 10033 2212 2.6259100437164307e-01 -6.4947372674942017e-01 -3.9209938049316406e+01 3.9227413177490234e+01 9.3804723174757731e-01 1 0 0 0 0
P 10034 111 -2.0415078848600388e-02 -5.9494376182556152e-02 -2.3027398586273193e+00 2.3075506687164307e+00 1.3499213288534168e-01 1 0 0 0 0
P 10035 111 -2.6913377642631531e-01 -3.7241017818450928e-01 5.3644113540649414e+00 5.3857460021972656e+00 1.3501294061705352e-01 1 0 0 0 0
P 10036 111 -8.7516479194164276e-02 -1.4890947937965393e-01 1.9372020959854126e+00 1.9495664834976196e+00 1.3499757667208903e-01 1 0 0 0 0
P 10037 211 5.7736504822969437e-02 -1.6727386415004730e-01 1.4737948417663574e+01 1.4739670753479004e+01 1.3948587611363567e-01 1 0 0 0 0
P 10038 211 1.0166523456573486e+00 -4.6860289573669434e-01 9.8016729354858398e+00 9.8663787841796875e+00 1.3952531258536391e-01 1 0 0 0 0
P 10039 2112 -5.2191382646560669e-01 -5.1055982708930969e-02 3.4427137374877930e+00 3.6069548130035400e+00 9.3959799336518823e-01 1 0 0 0 0
P 10040 -2212 -1.8571445345878601e-01 1.8934915959835052e-01 4.4707856178283691e+00 4.5758795738220215e+00 9.3829998991608032e-01 1 0 0 0 0
P 10041 111 5.0118559598922729e-01 -5.1085799932479858e-01 4.3212169408798218e-01 8.4682774543762207e-01 1.3500064755505997e-01 1 0 0 0 0
P 10042 -2212 1.4565563201904297e-01 4.6549253165721893e-02 7.0497065782546997e-01 1.1835424900054932e+00 9.3829995265073618e-01 1 0 0 0 0
P 10043 2212 -2.1985371410846710e-01 -1.1844192743301392e+00 -3.2331302642822266e+01 3.2367340087890625e+01 9.3829052558015325e-01 1 0 0 0 0
P 10044 -211 -1.5780527591705322e+00 -5.7631433010101318e-03 2.5903829574584961e+01 2.5952230453491211e+01 1.3998270403059088e-01 1 0 0 0 0
P 10045 111 -3.2985419034957886e-02 1.4911198616027832e-01 2.8896720409393311e+00 2.8968522548675537e+00 1.3500392608801229e-01 1 0 0 0 0
P 10046 22 2.6303786039352417e-01 -1.2772311270236969e-01 2.0117479562759399e-01 3.5492733120918274e-01 5.0246227234173602e-05 1 0 0 0 0
P 10047 22 8.2843028008937836e-02 3.9533886313438416e-01 1.6180750727653503e-01 4.3512922525405884e-01 -1.0360948532139015e-04 1 0 0 0 0
P 10048 2112 3.5446366667747498e-01 -4.3526858091354370e-02 7.7028989791870117e-01 1.2663862705230713e+00 9.3960022401231125e-01 1 0 0 0 0
P 10049 211 2.5648280978202820e-01 -2.7272939682006836e-01 6.0240173339843750e-01 7.2286987304687500e-01 1.3960032003487899e-01 1 0 0 0 0
P 10050 111 3.1112298369407654e-02 1.8358817324042320e-02 -2.0446363091468811e-01 2.4765983223915100e-01 1.3499998094274684e-01 1 0 0 0 0
P 10051 111 -1.3689374923706055e-01 1.5079085715115070e-02 -2.7126196771860123e-02 1.9475139677524567e-01 1.3499999477192764e-01 1 0 0 0 0
P 10052 111 -4.5831702649593353e-02 -3.9308272302150726e-02 4.8584375530481339e-02 1.5566349029541016e-01 1.3499998305970873e-01 1 0 0 0 0
P 10053 2212 5.8802151679992676e-01 3.1323686242103577e-01 -5.2379095554351807e-01 1.2643774747848511e+00 9.3829995067412397e-01 1 0 0 0 0
P 10054 111 3.2178586721420288e-01 2.6077371835708618e-01 2.2931420803070068e-01 4.9229979515075684e-01 1.3500002139315445e-01 1 0 0 0 0
P 10055 -2212 8.6506170034408569e-01 2.5583866238594055e-01 -5.2541404962539673e-01 1.4036567211151123e+00 9.3830011223181753e-01 1 0 0 0 0
P 10056 211 3.8424557447433472e-01 2.0139339566230774e-01 -4.9043014645576477e-02 4.5836377143859863e-01 1.3960002995122645e-01 1 0 0 0 0
P 10057 22 -3.8619810342788696e-01 7.1842098236083984e-01 -1.9802865982055664e+00 2.1416845321655273e+00 -2.4228725039706874e-04 1 0 0 0 0
P 10058 22 -6.5092903375625610e-01 2.6580402255058289e-01 -1.2800590991973877e+00 1.4604492187500000e+00 4.8756387658084848e-04 1 0 0 0 0
P 10059 -211 2.6194480061531067e-01 6.8167120218276978e-01 -2.1643028259277344e+00 2.2884459495544434e+00 1.3959740419744054e-01 1 0 0 0 0
P 10060 111 7.2854089736938477e-01 2.9541361331939697e-01 -1.1893892288208008e+00 1.4321008920669556e+00 1.3500068647906979e-01 1 0 0 0 0
P 10061 321 -1.3307790458202362e-01 3.7290024757385254e-01 -4.7156786918640137e+00 4.7579436302185059e+00 4.9359673834819306e-01 1 0 0 0 0
P 10062 111 -2.0404240489006042e-01 -2.6542764902114868e-01 -3.0593321323394775e+00 3.0805556774139404e+00 1.3500016971927978e-01 1 0 0 0 0
P 10063 -321 2.2417736053466797e-01 1.0361764580011368e-01 -5.3622412681579590e+00 5.3905706405639648e+00 4.9358718325790252e-01 1 0 0 0 0
P 10064 111 -3.6920586228370667e-01 2.8295752406120300e-01 -7.7434458732604980e+00 7.7585802078247070e+00 1.3503673561937543e-01 1 0 0 0 0
P 10065 211 -3.9356637001037598e-01 -4.0102359652519226e-01 -8.4033432006835938e+00 8.4232635498046875e+00 1.3956170112153232e-01 1 0 0 0 0
P 10066 -211 -4.5912897586822510e-01 -4.2078542709350586e-01 -1.6451097488403320e+01 1.6463472366333008e+01 1.3947756781819412e-01 1 0 0 0 0
P 10067 111 -1.1339238286018372e-01 -1.3798438012599945e-01 -1.0821604728698730e+01 1.0823920249938965e+01 1.3499315239889043e-01 1 0 0 0 0
P 10068 211 -4.4146066904067993e-01 -2.7995949983596802e-01 -1.4534692764282227e+00 1.5509111881256104e+00 1.3959846730591674e-01 1 0 0 0 0
P 10069 111 4.3927270174026489e-01 -3.2608885318040848e-02 -1.3212076187133789e+01 1.3220106124877930e+01 1.3499975004178566e-01 1 0 0 0 0
P 10070 2112 -4.8700600862503052e-01 1.1729098111391068e-01 -6.8896530151367188e+01 6.8904754638671875e+01 9.3936834662345270e-01 1 0 0 0 0
P 10071 111 1.9113907217979431e-01 1.6117078065872192e-01 -1.5874946594238281e+01 1.5877489089965820e+01 1.3498246780286194e-01 1 0 0 0 0
P 10072 321 2.1656566858291626e-01 -1.7867784500122070e+00 -4.1469030380249023e+00 4.5475187301635742e+00 4.9360295397370885e-01 1 0 0 0 0
P 10073 321 -1.7296755313873291e-01 -6.1416901648044586e-02 -1.8377305269241333e+00 1.9116966724395752e+00 4.9359990638253359e-01 1 0 0 0 0
P 10074 2212 -2.1243035793304443e-01 -5.2343916893005371e-01 -5.3430107116699219e+01 5.3441329956054688e+01 9.3823544455206720e-01 1 0 0 0 0
P 10075 -321 -1.0588843822479248e+00 5.6220322847366333e-01 -6.4744787216186523e+00 6.6030154228210449e+00 4.9358824159931936e-01 1 0 0 0 0
P 10076 111 -7.1646407246589661e-02 -7.6843783259391785e-02 -3.3615458011627197e-01 3.7717759609222412e-01 1.3499949097608216e-01 1 0 0 0 0
P 10077 -211 -8.4816195070743561e-02 -2.9198738932609558e-01 -4.6788883209228516e+00 4.6908354759216309e+00 1.3961060140586007e-01 1 0 0 0 0
P 10078 211 -7.1444243192672729e-02 2.1081052720546722e-01 -4.7772717475891113e+00 4.7844915390014648e+00 1.3960149783388456e-01 1 0 0 0 0
P 10079 -211 -1.3831865787506104e-01 1.8184351921081543e-01 -2.2572007179260254e+00 2.2730250358581543e+00 1.3960163336031137e-01 1 0 0 0 0
P 10080 310 8.6814172565937042e-02 3.4605935215950012e-02 -1.4854149818420410e+01 1.4862779617309570e+01 4.9771161662475383e-01 1 0 0 0 0
P 10081 22 -2.3131980001926422e-01 -7.5721167027950287e-02 -2.0847947597503662e+00 2.0989549160003662e+00 6.4050682301954761e-05 1 0 0 0 0
P 10082 22 1.6209986805915833e-01 2.6520079374313354e-01 -5.1903419494628906e+00 5.1996402740478516e+00 1.2644838446302068e-03 1 0 0 0 0
P 10083 111 -3.9565521478652954e-01 9.8081827163696289e-02 -9.0713131427764893e-01 1.0036311149597168e+00 1.3500036949818170e-01 1 0 0 0 0
P 10084 -211 1.2329813241958618e+00 5.5410198867321014e-02 -1.9019564390182495e+00 2.2716159820556641e+00 1.3959813055138628e-01 1 0 0 0 0
P 10085 111 4.1278280317783356e-02 5.0365049391984940e-03 -2.0018484592437744e+00 2.0068261623382568e+00 1.3499899725785419e-01 1 0 0 0 0
P 10086 211 1.0070142149925232e-01 2.8311079740524292e-01 -1.8088172674179077e+00 1.8389128446578979e+00 1.3959958251804719e-01 1 0 0 0 0
P 10087 3112 4.2919835448265076e-01 2.0416130125522614e-01 -3.8169629573822021e+00 4.0285067558288574e+00 1.1974002669575516e+00 1 0 0 0 0
P 10088 -3212 -2.5517645478248596e-01 1.5371432900428772e-01 -8.0367584228515625e+00 8.1302232742309570e+00 1.1926027937056891e+00 1 0 0 0 0
P 10089 2212 -1.1086326092481613e-01 -3.3249983191490173e-01 -7.5205856323242188e+01 7.5212524414062500e+01 9.3816662856553290e-01 1 0 0 0 0
P 10090 130 -7.3740147054195404e-02 1.8714755773544312e-01 -4.2594921588897705e-01 6.8527358770370483e-01 4.9770004805500823e-01 1 0 0 0 0
P 10091 130 1.0564783811569214e+00 1.1493625491857529e-01 -8.6129409074783325e-01 1.4556403160095215e+00 4.9769901174154024e-01 1 0 0 0 0
P 10092 -211 -5.7966077327728271e-01 1.9514694809913635e-01 -1.7211568355560303e+00 1.8319274187088013e+00 1.3960039902170579e-01 1 0 0 0 0
P 10093 211 2.0429578423500061e-01 1.1440885812044144e-01 -1.9332289695739746e-01 3.3419755101203918e-01 1.3959980781443360e-01 1 0 0 0 0
P 10094 2112 2.4779886007308960e-01 9.5946483314037323e-02 -9.9995231628417969e+01 1.0000000000000000e+02 9.3970291918462379e-01 1 0 0 0 0
P 10095 2112 -2.3405581712722778e-02 -3.6380311846733093e-01 -9.9995124816894531e+01 1.0000019836425781e+02 9.3903419231299656e-01 1 0 0 0 0
P 10096 -211 -7.0907357148826122e-03 -2.5836092233657837e-01 -1.0704157501459122e-01 3.1264531612396240e-01 1.3960139751829934e-01 1 0 0 0 0
P 10097 2112 -2.2516956925392151e-01 -2.1414227783679962e-01 -9.0403907775878906e+01 9.0409324645996094e+01 9.3961882985776901e-01 1 0 0 0 0
P 10098 -211 -7.3311829566955566e-01 3.8086736202239990e-01 -4.0646895766258240e-02 8.3884555101394653e-01 1.3959693915384624e-01 1 0 0 0 0
P 10099 211 2.6209855079650879e-01 -4.1561871767044067e-03 -2.5979477167129517e-01 3.9458084106445312e-01 1.3959868382586180e-01 1 0 0 0 0
P 10100 211 -2.9800951480865479e-02 4.1878378391265869e-01 -3.3538520336151123e+00 3.3829102516174316e+00 1.3960785342064733e-01 1 0 0 0 0
P 10101 111 4.9295189976692200e-01 -1.4316393435001373e-01 -4.6727719306945801e+00 4.7028207778930664e+00 1.3501209247027210e-01 1 0 0 0 0
P 10102 111 5.4380083084106445e-01 1.0059470683336258e-01 -2.1712860092520714e-02 5.6967824697494507e-01 1.3499340027100193e-01 1 0 0 0 0
P 10103 -211 3.6816737055778503e-01 -5.7827067375183105e-01 -3.9381487369537354e+00 3.9998059272766113e+00 1.3959869856836923e-01 1 0 0 0 0
P 10104 111 -7.2508740425109863e-01 3.3319750428199768e-01 -2.2364240646362305e+01 2.2378879547119141e+01 1.3497323957072696e-01 1 0 0 0 0
P 10105 2212 3.2555404305458069e-01 5.3212478756904602e-02 -6.7463806152343750e+01 6.7471138000488281e+01 9.3835255478690283e-01 1 0 0 0 0
P 10106 -211 -3.3847287297248840e-02 4.3135094642639160e-01 2.9790985584259033e-01 5.4355061054229736e-01 1.3959837453360627e-01 1 0 0 0 0
P 10107 111 2.5109803676605225e-01 3.1582221388816833e-02 -6.9010257720947266e-02 2.9501670598983765e-01 1.3499918654112247e-01 1 0 0 0 0
P 10108 211 8.3416439592838287e-02 1.6502261161804199e-02 -6.7131310701370239e-02 1.7670707404613495e-01 1.3959996462630025e-01 1 0 0 0 0
P 10109 -211 1.0566926002502441e-01 -2.0878762006759644e-01 -2.4008715152740479e-01 3.6316421627998352e-01 1.3959994573775594e-01 1 0 0 0 0
P 10110 111 -3.2536029815673828e-01 -4.3167847394943237e-01 -2.3418465256690979e-01 6.0437822341918945e-01 1.3499984058323564e-01 1 0 0 0 0
P 10111 -211 -5.5656921863555908e-01 -2.5178596377372742e-02 -9.6423104405403137e-02 5.8239907026290894e-01 1.3959944531334662e-01 1 0 0 0 0
P 10112 211 -5.8175086975097656e-02 2.5826346874237061e-01 -4.2082870006561279e-01 5.1640015840530396e-01 1.3959931507965184e-01 1 0 0 0 0
P 10113 -211 1.7020390927791595e-01 -2.4067093431949615e-01 -1.0413869619369507e+00 1.0912683010101318e+00 1.3959882140463598e-01 1 0 0 0 0
P 10114 211 -1.8169353902339935e-01 -7.8803010284900665e-02 -2.9557976126670837e-01 3.8220149278640747e-01 1.3959988991709221e-01 1 0 0 0 0
P 10115 211 -4.5482560992240906e-02 2.9932275414466858e-01 -1.8634796142578125e+00 1.8930681943893433e+00 1.3959993320528577e-01 1 0 0 0 0
P 10116 111 3.6480122804641724e-01 -4.9632772803306580e-02 -2.1540069580078125e+00 2.1894094944000244e+00 1.3499855889075954e-01 1 0 0 0 0
E 45 -1 -1.0000000000000000e+00 -1.0000000000000000e+00 -1.0000000000000000e+00 0 0 1 0 0 0 0
U GEV MM
H 1 1 3 3 0 0 0 2 0 6.2542133331298828e+00 3.8040585517883301e+00 7.3385292291641235e-01 4.2000000000000000e+01
V -1 0 0 0 0 0 2 73 0
P 10001 2212 0 0 1.0000000000000000e+02 1.0000000000000000e+02 0 101 0 0 -1 0
P 10002 3000001 0 0 -1.0000000000000000e+02 1.0000000000000000e+02 0 102 0 0 -1 0
P 10003 -321 -5.0395452976226807e-01 -4.2208844423294067e-01 -1.3044339418411255e-01 8.3233720064163208e-01 4.9359995306197479e-01 1 0 0 0 0
P 10004 3212 -4.1620907187461853e-01 -3.6339455842971802e-01 -5.9914197921752930e+00 6.1338968276977539e+00 1.1925995011585717e+00 1 0 0 0 0
P 10005 -3312 2.8408825397491455e-01 5.6306505203247070e-01 -4.1056637763977051e+00 4.3589048385620117e+00 1.3212978309027106e+00 1 0 0 0 0
P 10006 -211 -2.3053091764450073e-01 1.7183974385261536e-02 -1.4155761003494263e+00 1.4411050081253052e+00 1.3959998423229947e-01 1 0 0 0 0
P 10007 -211 -4.3410158157348633e-01 2.5202187895774841e-01 6.9486618041992188e-01 8.6849659681320190e-01 1.3959985453697926e-01 1 0 0 0 0
P 10008 211 1.4972370117902756e-02 -2.4466200172901154e-01 3.0865979194641113e-01 4.1814199090003967e-01 1.3960010899871375e-01 1 0 0 0 0
P 10009 111 1.0080640017986298e-01 2.7620205283164978e-01 1.5771467685699463e+00 1.6099896430969238e+00 1.3500080356463268e-01 1 0 0 0 0
P 10010 321 3.7488240003585815e-01 1.1927400827407837e+00 4.7472634315490723e+00 4.9338946342468262e+00 4.9359948793876679e-01 1 0 0 0 0
P 10011 -211 2.3030857741832733e-01 5.0361692905426025e-01 4.1438641548156738e+00 4.1830334663391113e+00 1.3959511053143445e-01 1 0 0 0 0
P 10012 -321 -1.5752977132797241e-01 5.0842416286468506e-01 -4.2536303400993347e-02 7.2715961933135986e-01 4.9360005737419416e-01 1 0 0 0 0
P 10013 321 1.1118762195110321e-01 3.9318597316741943e-01 -8.2749605178833008e-02 6.4610093832015991e-01 4.9360006945925994e-01 1 0 0 0 0
P 10014 -211 4.9236688762903214e-02 1.5522250905632973e-02 3.4006968140602112e-02 1.5267558395862579e-01 1.3960002958982151e-01 1 0 0 0 0
P 10015 211 3.6667513847351074e-01 -1.4003822207450867e-01 -6.8649649620056152e-01 8.0301117897033691e-01 1.3959997650187911e-01 1 0 0 0 0
P 10016 111 1.5350052714347839e-01 1.6909462213516235e-01 -1.6846828162670135e-01 3.1426417827606201e-01 1.3500003246264736e-01 1 0 0 0 0
P 10017 111 -8.2446895539760590e-03 -2.8258349746465683e-02 -2.5145098567008972e-02 1.4044134318828583e-01 1.3499994688276831e-01 1 0 0 0 0
P 10018 111 -1.9416500627994537e-01 1.1413115262985229e-01 -2.3017381131649017e-01 3.4918609261512756e-01 1.3499990442793416e-01 1 0 0 0 0
P 10019 -321 -7.2087883949279785e-01 -1.0344030857086182e+00 -1.5138217210769653e+00 2.0309982299804688e+00 4.9360060983286652e-01 1 0 0 0 0
P 10020 211 -4.2552465200424194e-01 -1.8339246511459351e-01 -1.3709038496017456e+00 1.4538120031356812e+00 1.3959924743478258e-01 1 0 0 0 0
P 10021 211 -1.3560345768928528e-01 -8.3423930406570435e-01 -1.0220208168029785e+00 1.3335508108139038e+00 1.3959835550060179e-01 1 0 0 0 0
P 10022 111 -5.0301498174667358e-01 -1.5833564102649689e-01 -1.9180089235305786e-02 5.4468971490859985e-01 1.3499912082402407e-01 1 0 0 0 0
P 10023 310 -5.5301475524902344e-01 -7.6186168193817139e-01 -8.9017933607101440e-01 1.3879420757293701e+00 4.9770012385303247e-01 1 0 0 0 0
P 10024 -321 3.6091312766075134e-02 -7.4211943149566650e-01 -1.2303024530410767e-01 9.0045619010925293e-01 4.9360011708452040e-01 1 0 0 0 0
P 10025 211 -3.5609051585197449e-01 -3.2048821449279785e-01 -2.6643732190132141e-01 5.6567674875259399e-01 1.3960009480243948e-01 1 0 0 0 0
P 10026 211 -3.5332657396793365e-02 -1.2130553275346756e-01 2.0758073329925537e+00 2.0843288898468018e+00 1.3959730795764003e-01 1 0 0 0 0
P 10027 111 1.5467511117458344e-01 -4.1071116924285889e-02 8.4208428859710693e-02 2.2567066550254822e-01 1.3499986338905659e-01 1 0 0 0 0
P 10028 22 2.8436291217803955e-01 -3.2640522718429565e-01 4.4526004791259766e+00 4.4735951423645020e+00 -4.0875569065333467e-04 1 0 0 0 0
P 10029 111 1.0750731825828552e-01 -3.8128647208213806e-01 8.6586070060729980e-01 9.6170514822006226e-01 1.3499941475753333e-01 1 0 0 0 0
P 10030 -211 -1.6541662812232971e-01 1.4827930927276611e-01 3.5320007801055908e-01 4.3998616933822632e-01 1.3959985560340527e-01 1 0 0 0 0
P 10031 211 5.2990287542343140e-01 2.3380945622920990e-01 2.8966844081878662e+00 2.9573183059692383e+00 1.3959614241753704e-01 1 0 0 0 0
P 10032 -211 1.8711477518081665e-01 -1.6817000508308411e-01 4.5266979932785034e-01 5.3636854887008667e-01 1.3960008342717478e-01 1 0 0 0 0
P 10033 111 -4.1115778684616089e-01 -8.3367243409156799e-02 6.2081065177917480e+00 6.2237296104431152e+00 1.3499223940713315e-01 1 0 0 0 0
P 10034 22 8.7720274925231934e-02 6.0814630240201950e-02 1.9061461091041565e-02 1.0842782258987427e-01 -1.1167611563254327e-04 1 0 0 0 0
P 10035 22 -3.4363937377929688e-01 1.1324886977672577e-01 -9.4169735908508301e-01 1.0088148117065430e+00 2.8721691258697720e-04 1 0 0 0 0
P 10036 2212 3.3038567751646042e-02 -2.3521934449672699e-01 2.3196836471557617e+01 2.3217020034790039e+01 9.3828424300521474e-01 1 0 0 0 0
P 10037 111 -2.7469363808631897e-01 -7.6050475239753723e-02 6.9473171234130859e+00 6.9544720649719238e+00 1.3500451702403177e-01 1 0 0 0 0
P 10038 -211 -7.3416046798229218e-02 4.2456558346748352e-01 4.7966623306274414e+00 4.8179979324340820e+00 1.3960197808858879e-01 1 0 0 0 0
P 10039 -211 -8.1614151597023010e-02 -8.1184864044189453e-02 5.1387939453125000e+00 5.1419792175292969e+00 1.3962524568291995e-01 1 0 0 0 0
P 10040 211 1.6455958783626556e-01 -1.5863241255283356e-01 6.5048179626464844e+00 6.5103302001953125e+00 1.3963698702564750e-01 1 0 0 0 0
P 10041 211 -2.4300384521484375e-01 -8.3708584308624268e-02 4.2973753809928894e-01 5.1982730627059937e-01 1.3959971639210411e-01 1 0 0 0 0
P 10042 111 -5.6154751777648926e-01 -1.0465234518051147e-01 4.4279298782348633e+00 4.4666628837585449e+00 1.3500586101526102e-01 1 0 0 0 0
P 10043 211 1.8890260159969330e-01 7.2105899453163147e-02 2.3273980617523193e-01 3.3843675255775452e-01 1.3960001603249231e-01 1 0 0 0 0
P 10044 -211 5.5473126471042633e-02 -1.6183580458164215e-01 3.2017177343368530e-01 3.8892960548400879e-01 1.3960006487539986e-01 1 0 0 0 0
P 10045 111 5.6370294094085693e-01 2.0976614952087402e-01 1.4514679908752441e+00 1.5769423246383667e+00 1.3499971700064109e-01 1 0 0 0 0
P 10046 22 1.1269578337669373e-01 2.2306804358959198e-01 5.5716476440429688e+00 5.5772500038146973e+00 6.6634803294294859e-04 1 0 0 0 0
P 10047 22 1.6679760813713074e-01 -3.3589336276054382e-01 7.3765940666198730e+00 7.3861212730407715e+00 1.2818529784716407e-03 1 0 0 0 0
P 10048 -211 -1.5900465846061707e-01 7.7673770487308502e-02 -1.2311084270477295e+00 1.2515717744827271e+00 1.3960032772173203e-01 1 0 0 0 0
P 10049 111 -3.2614871859550476e-02 1.8049213290214539e-01 3.0736267566680908e-02 2.2980615496635437e-01 1.3500004003891580e-01 1 0 0 0 0
P 10050 -211 1.1340494155883789e+00 8.9737093448638916e-01 -1.4845159053802490e+00 2.0771660804748535e+00 1.3960222595290550e-01 1 0 0 0 0
P 10051 211 5.0708103179931641e-01 1.1034500598907471e-01 -1.2358344793319702e+00 1.3476209640502930e+00 1.3960017652113063e-01 1 0 0 0 0
P 10052 2212 2.1238696575164795e-01 3.6348399519920349e-01 -4.3933517456054688e+01 4.3945552825927734e+01 9.3831139658222285e-01 1 0 0 0 0
P 10053 211 1.1453697085380554e-01 1.2181355804204941e-01 -2.6620882034301758e+01 2.6621772766113281e+01 1.3952657720098993e-01 1 0 0 0 0
P 10054 111 4.5371362566947937e-01 -4.0909895300865173e-01 -7.5484886169433594e+00 7.5743727684020996e+00 1.3499787819406020e-01 1 0 0 0 0
P 10055 111 -1.7566479742527008e-01 2.2602698206901550e-01 -6.6671013832092285e+00 6.6746096611022949e+00 1.3500724577589698e-01 1 0 0 0 0
P 10056 -211 -3.1301832199096680e-01 1.0998697280883789e+00 -1.1734925270080566e+01 1.1791337966918945e+01 1.3959250360068454e-01 1 0 0 0 0
P 10057 2212 3.6683741211891174e-01 6.7647922039031982e-01 -1.6548330307006836e+01 1.6592763900756836e+01 9.3828785237168877e-01 1 0 0 0 0
P 10058 211 -1.3267071545124054e-01 -5.6708091497421265e-01 -4.5621600151062012e+00 4.6013011932373047e+00 1.3959364092570423e-01 1 0 0 0 0
P 10059 -211 -4.4243555516004562e-02 1.2882509827613831e-01 -4.7935444116592407e-01 5.1751565933227539e-01 1.3960078523443162e-01 1 0 0 0 0
P 10060 211 2.8452086448669434e-01 -4.8963794112205505e-01 -1.1850198745727539e+01 1.1864543914794922e+01 1.3962291051320141e-01 1 0 0 0 0
P 10061 111 -4.3778166174888611e-01 -3.4019646048545837e-01 -1.0342524528503418e+01 1.0358254432678223e+01 1.3503649252239833e-01 1 0 0 0 0
P 10062 211 2.6743820309638977e-01 -8.2184374332427979e-02 -2.3838067054748535e+00 2.4042255878448486e+00 1.3960230772159352e-01 1 0 0 0 0
P 10063 -211 -2.1759155392646790e-01 -5.0117564201354980e-01 -1.1744466781616211e+01 1.1757997512817383e+01 1.3957943417738311e-01 1 0 0 0 0
P 10064 130 -3.2221686840057373e-01 9.0079858899116516e-02 -3.5732054710388184e+00 3.6231811046600342e+00 4.9770060040410297e-01 1 0 0 0 0
P 10065 310 5.5576495826244354e-02 -4.1035205125808716e-02 -1.3494229316711426e+01 1.3503581047058105e+01 4.9769830974670487e-01 1 0 0 0 0
P 10066 111 -1.4194954931735992e-01 -1.9437913596630096e-01 -4.1003480553627014e-01 4.9425321817398071e-01 1.3499918101145056e-01 1 0 0 0 0
P 10067 2112 5.3378518670797348e-02 -6.3203823566436768e-01 -8.7840332031250000e+01 8.7847648620605469e+01 9.3974209840974210e-01 1 0 0 0 0
P 10068 211 6.8031817674636841e-02 -4.2105954140424728e-02 -1.0904836654663086e+00 1.1022903919219971e+00 1.3960030044567667e-01 1 0 0 0 0
P 10069 -211 7.9573549330234528e-02 8.5089735686779022e-02 -7.6784718036651611e-01 7.8908151388168335e-01 1.3959989355562891e-01 1 0 0 0 0
P 10070 -211 -9.9330559372901917e-02 2.1362538635730743e-01 -3.2219862937927246e+00 3.2336025238037109e+00 1.3959670067701971e-01 1 0 0 0 0
P 10071 211 -1.4961069822311401e-01 4.8054814338684082e-01 -3.2131030559539795e+00 3.2552769184112549e+00 1.3959472849977717e-01 1 0 0 0 0
P 10072 111 4.1619278490543365e-03 1.4290454983711243e-01 -1.5454268455505371e+00 1.5578856468200684e+00 1.3499822818144835e-01 1 0 0 0 0
P 10073 -211 9.1859780251979828e-02 7.3547564446926117e-02 -6.7670768499374390e-01 7.0090579986572266e-01 1.3960009273564100e-01 1 0 0 0 0
P 10074 211 3.0553838610649109e-01 6.0826815664768219e-02 -6.1530590057373047e-01 7.0366412401199341e-01 1.3960029101775409e-01 1 0 0 0 0
P 10075 111 6.7147418856620789e-02 -7.7247887849807739e-02 -4.5245105028152466e-01 4.8312833905220032e-01 1.3500010021522252e-01 1 0 0 0 0
E 46 -1 -1.0000000000000000e+00 -1.0000000000000000e+00 -1.0000000000000000e+00 0 0 1 0 0 0 0
U GEV MM
H 1 1 6 6 0 0 0 5 0 5.8599772453308105e+00 1.8042768239974976e+00 3.1260016560554504e-01 4.2000000000000000e+01
V -1 0 0 0 0 0 2 109 0
P 10001 2212 0 0 1.0000000000000000e+02 1.0000000000000000e+02 0 101 0 0 -1 0
P 10002 3000001 0 0 -1.0000000000000000e+02 1.0000000000000000e+02 0 102 0 0 -1 0
P 10003 -2112 -2.3425877094268799e-01 6.6317337751388550e-01 5.2134671211242676e+00 5.3439464569091797e+00 9.3960002706559309e-01 1 0 0 0 0
P 10004 2112 6.9234621524810791e-01 -9.5630288124084473e-01 6.2395434379577637e+00 6.4193930625915527e+00 9.3959911422310594e-01 1 0 0 0 0
P 10005 211 -6.3433712720870972e-01 -3.2381203770637512e-01 2.6077141761779785e+00 2.7068245410919189e+00 1.3959958774627790e-01 1 0 0 0 0
P 10006 3122 1.0523283481597900e+00 -3.6810132861137390e-01 2.1840974807739258e+01 2.1897846221923828e+01 1.1156142103149185e+00 1 0 0 0 0
P 10007 211 3.7726145982742310e-01 -1.9473563134670258e-01 9.9960203170776367e+00 1.0006005287170410e+01 1.3954014571508908e-01 1 0 0 0 0
P 10008 310 7.8604713082313538e-02 -7.6158016920089722e-01 1.2267432212829590e+01 1.2301373481750488e+01 4.9770813345396220e-01 1 0 0 0 0
P 10009 -321 -3.9632177352905273e-01 -1.8247120082378387e-02 2.3276676237583160e-01 6.7470282316207886e-01 4.9359865108348716e-01 1 0 0 0 0
P 10010 111 -2.1387168765068054e-01 -4.2366050183773041e-04 -3.1711071729660034e-01 4.0561681985855103e-01 1.3499821947355001e-01 1 0 0 0 0
P 10011 130 -5.7804220914840698e-01 2.1145763993263245e-01 -1.0383000373840332e+00 1.3056119680404663e+00 4.9770323930608024e-01 1 0 0 0 0
P 10012 -211 5.4367974400520325e-02 -9.5900200307369232e-02 -4.0223327279090881e-01 4.3980959057807922e-01 1.3959994686590260e-01 1 0 0 0 0
P 10013 211 -1.6095113754272461e-01 2.7235843241214752e-02 -3.1926530599594116e-01 3.8479286432266235e-01 1.3959997488395123e-01 1 0 0 0 0
P 10014 111 6.7561253905296326e-02 1.0762959718704224e-03 -4.0363517403602600e-01 4.3094319105148315e-01 1.3499999537876706e-01 1 0 0 0 0
P 10015 111 -1.0656893253326416e-01 -1.1095208674669266e-01 -4.0999117493629456e-01 4.5824122428894043e-01 1.3499982658306900e-01 1 0 0 0 0
P 10016 111 -5.2915301173925400e-02 -2.8041839599609375e-01 -5.4028707742691040e-01 6.2575525045394897e-01 1.3500000564749198e-01 1 0 0 0 0
P 10017 321 2.3364257812500000e-01 2.8254410624504089e-01 1.6614849090576172e+01 1.6626224517822266e+01 4.9367133614144409e-01 1 0 0 0 0
P 10018 -321 -4.9328517913818359e-01 6.3715779781341553e-01 1.8877341747283936e+00 2.1110374927520752e+00 4.9359766419184731e-01 1 0 0 0 0
P 10019 -211 -1.6312263906002045e-02 -2.0236650109291077e-01 1.1865186691284180e+00 1.2118306159973145e+00 1.3960157219685010e-01 1 0 0 0 0
P 10020 111 -2.0285087823867798e-01 1.6387794911861420e-01 9.2319316864013672e+00 9.2366008758544922e+00 1.3501339357581676e-01 1 0 0 0 0
P 10021 22 1.7518994212150574e-01 5.4146748036146164e-02 2.6982390880584717e-01 3.2623344659805298e-01 -2.5734694067151978e-04 1 0 0 0 0
P 10022 22 2.7978292107582092e-01 -3.2427990436553955e-01 3.0544223785400391e+00 3.0843036174774170e+00 -1.7891458718357143e-03 1 0 0 0 0
P 10023 211 1.5199427306652069e-01 -1.7361712455749512e-01 -4.2224776744842529e-01 5.0102543830871582e-01 1.3959995606241618e-01 1 0 0 0 0
P 10024 111 -4.3750071525573730e-01 1.0082949697971344e-01 -1.1411233246326447e-01 4.8251435160636902e-01 1.3500004361274975e-01 1 0 0 0 0
P 10025 211 2.6089727878570557e-01 -1.4478933811187744e-01 -1.4157223701477051e-01 3.5855576395988464e-01 1.3960012559746648e-01 1 0 0 0 0
P 10026 -211 3.5290461778640747e-01 -9.0063557028770447e-02 3.1175315380096436e-01 4.9933087825775146e-01 1.3960008423050735e-01 1 0 0 0 0
P 10027 -211 -3.9611124992370605e-01 -4.4290676712989807e-01 -1.2512519359588623e+00 1.3921889066696167e+00 1.3959949114364056e-01 1 0 0 0 0
P 10028 111 -3.1717541813850403e-01 1.7559519410133362e-01 -2.2555196285247803e+00 2.2884554862976074e+00 1.3500296308687515e-01 1 0 0 0 0
P 10029 2212 1.5517637133598328e-01 -8.8042154908180237e-02 -7.5043212890625000e+01 7.5049285888671875e+01 9.3791274896712229e-01 1 0 0 0 0
P 10030 211 9.2863552272319794e-02 3.0518957972526550e-01 -1.8329088211059570e+01 1.8332395553588867e+01 1.3959858712904102e-01 1 0 0 0 0
P 10031 211 1.6365782916545868e-01 -3.1731459498405457e-01 -4.9910432100296021e-01 6.2933754920959473e-01 1.3960010875449946e-01 1 0 0 0 0
P 10032 -211 -5.3361201286315918e-01 8.3996891975402832e-01 -1.5868985652923584e+00 1.8783037662506104e+00 1.3960091460896806e-01 1 0 0 0 0
P 10033 111 -6.7589753866195679e-01 -4.8233577609062195e-01 -7.8558173179626465e+00 7.9007325172424316e+00 1.3499367445871463e-01 1 0 0 0 0
P 10034 111 5.4872804880142212e-01 -4.0046969056129456e-01 -3.5272117614746094e+01 3.5278915405273438e+01 1.3458342898811268e-01 1 0 0 0 0
P 10035 111 -4.9707859754562378e-02 -2.4239534512162209e-02 -1.6519314050674438e+00 1.6583609580993652e+00 1.3500101460877936e-01 1 0 0 0 0
P 10036 -211 3.4690698981285095e-01 -3.4589117765426636e-01 8.3217042684555054e-01 9.7569477558135986e-01 1.3959766982434085e-01 1 0 0 0 0
P 10037 211 3.9718076586723328e-03 1.0063065588474274e-01 2.2501647472381592e-02 1.7359924316406250e-01 1.3959967381155647e-01 1 0 0 0 0
P 10038 22 -1.9528096914291382e-01 1.9680371880531311e-01 -4.4014051556587219e-01 5.2018278837203979e-01 3.1500940009136379e-04 1 0 0 0 0
P 10039 -211 -2.6221281290054321e-01 -2.6196101307868958e-01 -1.2318882942199707e+00 1.2939921617507935e+00 1.3959875935649951e-01 1 0 0 0 0
P 10040 211 2.4588325619697571e-01 5.1579254865646362e-01 -3.9212877750396729e+00 3.9651591777801514e+00 1.3960287078359448e-01 1 0 0 0 0
P 10041 211 3.7222754955291748e-01 -3.2505023479461670e-01 -1.7798861265182495e+00 1.8524829149246216e+00 1.3959700186350554e-01 1 0 0 0 0
P 10042 -211 -1.9797921180725098e-01 8.0437891185283661e-02 -1.5361212491989136e+00 1.5571842193603516e+00 1.3960006496531774e-01 1 0 0 0 0
P 10043 211 2.1510957181453705e-01 5.5304616689682007e-03 -7.2949606180191040e-01 7.7327585220336914e-01 1.3960059284918785e-01 1 0 0 0 0
P 10044 111 -3.4206652641296387e-01 5.4258602857589722e-01 -3.0153715610504150e+00 3.0857899188995361e+00 1.3499876107725453e-01 1 0 0 0 0
P 10045 2112 2.3083245754241943e-01 5.9507153928279877e-02 -1.8978036880493164e+01 1.9002779006958008e+01 9.3962834413480867e-01 1 0 0 0 0
P 10046 -211 1.2471256405115128e-01 9.4625473022460938e-02 -1.3150534629821777e+00 1.3316761255264282e+00 1.3960117842885345e-01 1 0 0 0 0
P 10047 -211 -8.1228852272033691e-01 -4.0453314781188965e-02 -2.3357464373111725e-01 8.5760986804962158e-01 1.3960106289709162e-01 1 0 0 0 0
P 10048 211 -3.3465039730072021e-01 2.1306753158569336e-01 -6.2488347291946411e-01 7.5323057174682617e-01 1.3960042283821952e-01 1 0 0 0 0
P 10049 211 -6.6296786069869995e-02 3.8181447982788086e-01 -1.0839520692825317e+00 1.1595765352249146e+00 1.3959975534686894e-01 1 0 0 0 0
P 10050 2112 -2.7713674306869507e-01 7.5226026773452759e-01 -7.4583697319030762e+00 7.5599489212036133e+00 9.3960010039854980e-01 1 0 0 0 0
P 10051 -2112 5.1800650358200073e-01 -6.6479229927062988e-01 -1.4722079277038574e+01 1.4776086807250977e+01 9.3959755059544170e-01 1 0 0 0 0
P 10052 -211 -2.0745322108268738e-01 -1.3143770396709442e-01 -5.7322726249694824e+00 5.7392287254333496e+00 1.3958584062527843e-01 1 0 0 0 0
P 10053 111 7.0635378360748291e-02 -2.8361606597900391e-01 -6.5721111297607422e+00 6.5799913406372070e+00 1.3495892478098975e-01 1 0 0 0 0
P 10054 211 3.9108482003211975e-01 -3.7983241677284241e-01 -4.3378753662109375e+00 4.3742284774780273e+00 1.3961403621776025e-01 1 0 0 0 0
P 10055 111 -3.1414371728897095e-01 1.9502815604209900e-01 -3.1630899906158447e+00 3.1874892711639404e+00 1.3500854895068737e-01 1 0 0 0 0
P 10056 2112 -1.9879645109176636e-01 1.1115048080682755e-01 -3.5744968414306641e+01 3.5758045196533203e+01 9.3976320378144984e-01 1 0 0 0 0
P 10057 -211 -1.7154935002326965e-01 -1.3755673170089722e-01 -7.1887979507446289e+00 7.1935153007507324e+00 1.3962582703455240e-01 1 0 0 0 0
P 10058 111 -1.5363332629203796e-01 -4.7962851822376251e-02 -4.0244174003601074e-01 4.5396912097930908e-01 1.3499990584079491e-01 1 0 0 0 0
P 10059 321 -5.5609470605850220e-01 2.6013317704200745e-01 -2.8617975711822510e+00 2.9682381153106689e+00 4.9360062687778439e-01 1 0 0 0 0
P 10060 111 -1.9438925385475159e-01 5.7045191526412964e-01 -8.1866455078125000e+00 8.2099075317382812e+00 1.3496088123470479e-01 1 0 0 0 0
P 10061 111 1.6021324694156647e-01 1.1504510045051575e-01 -5.2483930587768555e+00 5.2538328170776367e+00 1.3500337311205080e-01 1 0 0 0 0
P 10062 211 6.7926511168479919e-02 -1.7511831596493721e-02 -4.5903272628784180e+00 4.5929856300354004e+00 1.3961354598114167e-01 1 0 0 0 0
P 10063 -211 7.5979478657245636e-02 4.8293448984622955e-02 -3.3968842029571533e+00 3.4009432792663574e+00 1.3959857483260116e-01 1 0 0 0 0
P 10064 2212 -1.0451595485210419e-01 -1.7661638557910919e-01 -7.2049339294433594e+01 7.2055740356445312e+01 9.3824763179841131e-01 1 0 0 0 0
P 10065 211 -6.2326788902282715e-03 -3.1601779162883759e-02 1.7825117707252502e-01 2.2869083285331726e-01 1.3960120404564874e-01 1 0 0 0 0
P 10066 -211 4.9372516572475433e-02 2.0717430859804153e-02 6.8737730383872986e-02 1.6456028819084167e-01 1.3960070034565272e-01 1 0 0 0 0
P 10067 -211 -1.6703313589096069e-01 3.5254907608032227e-01 4.0099591016769409e-02 4.1627758741378784e-01 1.3959990348375820e-01 1 0 0 0 0
P 10068 111 2.6519164443016052e-01 1.0599587857723236e-01 -3.9441376924514771e-01 5.0532060861587524e-01 1.3499985766963563e-01 1 0 0 0 0
P 10069 211 -1.3667188584804535e-01 -1.9395306706428528e-01 -4.4887125492095947e-01 5.2656489610671997e-01 1.3960010642065976e-01 1 0 0 0 0
P 10070 -211 -8.8134802877902985e-02 1.9486980140209198e-01 -1.9602488279342651e+00 1.9768170118331909e+00 1.3959959841857755e-01 1 0 0 0 0
P 10071 111 -8.5015296936035156e-02 3.1886243820190430e-01 -5.5748977661132812e+00 5.5862879753112793e+00 1.3500883409374817e-01 1 0 0 0 0
P 10072 -211 6.1788547039031982e-01 1.0942919254302979e+00 -8.9055194854736328e+00 8.9948329925537109e+00 1.3959221038716246e-01 1 0 0 0 0
P 10073 111 4.6846985816955566e-01 -7.2082877159118652e-03 -2.9338803291320801e+00 2.9741206169128418e+00 1.3499515121907593e-01 1 0 0 0 0
P 10074 -211 3.3035844564437866e-02 -3.0242574214935303e-01 -9.8553924560546875e+00 9.8610744476318359e+00 1.3955680684650920e-01 1 0 0 0 0
P 10075 211 -1.4635130763053894e-01 5.9095699340105057e-02 -1.0778433084487915e+00 1.0982463359832764e+00 1.3959874643846204e-01 1 0 0 0 0
P 10076 111 7.8547492623329163e-02 -9.8354160785675049e-02 -9.7074389457702637e-02 2.0854726433753967e-01 1.3500101789549421e-01 1 0 0 0 0
P 10077 111 -2.1100345999002457e-02 -1.5699835121631622e-01 -8.6644232273101807e-02 2.2544673085212708e-01 1.3500110584657005e-01 1 0 0 0 0
P 10078 111 7.3472626507282257e-02 -1.0732942819595337e-01 1.4625659584999084e-01 2.3776926100254059e-01 1.3500146904873964e-01 1 0 0 0 0
P 10079 310 2.7533116936683655e-01 1.4079391956329346e-01 -4.4258446693420410e+00 4.4644637107849121e+00 4.9769971585397060e-01 1 0 0 0 0
P 10080 2112 -9.1732162237167358e-01 1.7751693725585938e-01 -1.7403902053833008e+01 1.7454273223876953e+01 9.3960409346271079e-01 1 0 0 0 0
P 10081 321 -7.0828491449356079e-01 8.0081664025783539e-02 1.3339323997497559e+00 1.5909423828125000e+00 4.9360047134771223e-01 1 0 0 0 0
P 10082 -211 2.4547159671783447e-02 -1.2972687184810638e-01 4.1857630014419556e-02 1.9665165245532990e-01 1.3960009633070020e-01 1 0 0 0 0
P 10083 111 -2.1385727822780609e-01 7.6752156019210815e-04 -1.5538722276687622e-01 2.9682633280754089e-01 1.3500058632620671e-01 1 0 0 0 0
P 10084 321 4.7370269894599915e-01 1.0360238701105118e-01 -3.7682139873504639e-01 7.8788506984710693e-01 4.9359985328222317e-01 1 0 0 0 0
P 10085 -211 2.1773815155029297e-01 9.6569195389747620e-02 -8.7754899263381958e-01 9.1995424032211304e-01 1.3959963350683616e-01 1 0 0 0 0
P 10086 -321 1.1990661919116974e-01 1.9064742326736450e-01 -1.4186238050460815e+00 1.5188345909118652e+00 4.9360001720284474e-01 1 0 0 0 0
P 10087 211 3.3315649628639221e-01 -3.5803279280662537e-01 -1.1675685644149780e+00 1.2735325098037720e+00 1.3959931652520746e-01 1 0 0 0 0
P 10088 -211 2.5827839970588684e-01 2.5658324360847473e-01 -3.8053926825523376e-01 5.4483115673065186e-01 1.3960000718105864e-01 1 0 0 0 0
P 10089 111 1.1982998251914978e-01 2.0772366225719452e-01 -3.9674370288848877e+00 3.9769701957702637e+00 1.3500746388975216e-01 1 0 0 0 0
P 10090 211 -1.9384056329727173e-01 -2.1458646655082703e-01 -8.3450150489807129e-01 8.9414906501770020e-01 1.3960040540309665e-01 1 0 0 0 0
P 10091 111 5.3302979469299316e-01 -4.6872979402542114e-01 -2.8240330219268799e+00 2.9149985313415527e+00 1.3500202573434220e-01 1 0 0 0 0
P 10092 310 -1.0159506648778915e-01 -2.3738557100296021e-01 4.3503370881080627e-01 7.0967155694961548e-01 4.9770063701641593e-01 1 0 0 0 0
P 10093 -211 1.6420254707336426e+00 -4.8855614662170410e-01 -1.3241091966629028e+00 2.1697199344635010e+00 1.3958751513345508e-01 1 0 0 0 0
P 10094 321 -1.9085857272148132e-01 3.5332939028739929e-01 2.7695101499557495e-01 6.9398242235183716e-01 4.9360012662488062e-01 1 0 0 0 0
P 10095 -211 -2.4335497617721558e-01 1.3753527775406837e-02 -2.7514946460723877e-01 3.9319986104965210e-01 1.3959978115789987e-01 1 0 0 0 0
P 10096 211 -4.8894160985946655e-01 3.7299188971519470e-01 -7.6720118522644043e+00 7.6978855133056641e+00 1.3960181599975680e-01 1 0 0 0 0
P 10097 2112 1.2469185590744019e+00 -5.4921305179595947e-01 -2.3794878005981445e+01 2.3852369308471680e+01 9.3960706625431811e-01 1 0 0 0 0
P 10098 -2112 1.0720812082290649e+00 2.7346605062484741e-01 -2.3707788467407227e+01 2.3752183914184570e+01 9.3960889738174436e-01 1 0 0 0 0
P 10099 2112 7.3760282993316650e-01 5.9532940387725830e-02 -4.2546058654785156e+01 4.2562866210937500e+01 9.3961211573162506e-01 1 0 0 0 0
P 10100 -321 4.4418424367904663e-02 2.3772950470447540e-01 -3.6363410949707031e-01 6.5905916690826416e-01 4.9359994536641250e-01 1 0 0 0 0
P 10101 111 3.4179455041885376e-01 -2.1538701653480530e-01 -2.4156066775321960e-01 4.8968517780303955e-01 1.3499976135839001e-01 1 0 0 0 0
P 10102 211 8.7694048881530762e-02 -2.3264376819133759e-01 -6.5274983644485474e-02 2.9251033067703247e-01 1.3959978859403016e-01 1 0 0 0 0
P 10103 111 1.8122491240501404e-01 -1.9161248207092285e-01 -1.3387826681137085e+00 1.3711750507354736e+00 1.3499694498833592e-01 1 0 0 0 0
P 10104 -211 3.2008308172225952e-01 -1.8468837440013885e-01 -2.2026076316833496e+00 2.2377517223358154e+00 1.3960450144529651e-01 1 0 0 0 0
P 10105 211 -2.1801362931728363e-01 1.4373943209648132e-01 -2.6541659832000732e+00 2.6706321239471436e+00 1.3959909804331461e-01 1 0 0 0 0
P 10106 211 -8.3179992437362671e-01 4.3629044294357300e-01 -3.2341330051422119e+00 3.3706591129302979e+00 1.3959260667384091e-01 1 0 0 0 0
P 10107 -211 -2.9399418830871582e-01 1.0219785571098328e-01 -4.0636434555053711e+00 4.0779361724853516e+00 1.3960053338588410e-01 1 0 0 0 0
P 10108 22 -1.0820095539093018e+00 1.8218325078487396e-01 -1.1471179008483887e+01 1.1523535728454590e+01 -2.7516048884337926e-03 1 0 0 0 0
P 10109 22 -2.5106186866760254e+00 1.2162102758884430e-01 -1.9287698745727539e+01 1.9450794219970703e+01 8.6612624596738314e-03 1 0 0 0 0
P 10110 211 8.1593561172485352e-01 -2.5376799702644348e-01 -1.8642724990844727e+01 1.8662818908691406e+01 1.3951851327819756e-01 1 0 0 0 0
P 10111 -211 1.5333841741085052e-01 -5.4151479154825211e-02 -1.8510594367980957e+00 1.8634258508682251e+00 1.3960591024725821e-01 1 0 0 0 0
E 47 -1 -1.0000000000000000e+00 -1.0000000000000000e+00 -1.0000000000000000e+00 0 0 1 0 0 0 0
U GEV MM
H 1 1 2 2 0 0 0 1 0 4.8056702613830566e+00 5.1385154724121094e+00 1.0000000000000000e+00 4.2000000000000000e+01
V -1 0 0 0 0 0 2 36 0
P 10001 2212 0 0 1.0000000000000000e+02 1.0000000000000000e+02 0 101 0 0 -1 0
P 10002 3000001 0 0 -1.0000000000000000e+02 1.0000000000000000e+02 0 102 0 0 -1 0
P 10003 -211 -2.8512862324714661e-01 1.4724852144718170e-01 2.5301555171608925e-02 3.5086864233016968e-01 1.3960005950328305e-01 1 0 0 0 0
P 10004 2212 1.0097067058086395e-01 -7.3807068169116974e-02 4.0589565277099609e+01 4.0600601196289062e+01 9.3827797402973812e-01 1 0 0 0 0
P 10005 111 -3.1508110463619232e-02 8.4517411887645721e-02 1.1979635238647461e+01 1.1980732917785645e+01 1.3477700965426093e-01 1 0 0 0 0
P 10006 211 4.3848940730094910e-01 -6.9750875234603882e-02 1.2483368873596191e+01 1.2492042541503906e+01 1.3960759134805908e-01 1 0 0 0 0
P 10007 111 -1.0144686698913574e-01 -6.6823661327362061e-01 2.2780927658081055e+01 2.2791349411010742e+01 1.3457850465800805e-01 1 0 0 0 0
P 10008 211 8.9597031474113464e-03 -5.5791784077882767e-02 6.6300779581069946e-01 6.7989736795425415e-01 1.3959976430595253e-01 1 0 0 0 0
P 10009 -211 9.7145318984985352e-02 -1.2772324681282043e-01 3.2468066215515137e+00 3.2537658214569092e+00 1.3960065312633230e-01 1 0 0 0 0
P 10010 211 -1.3482592999935150e-01 -4.6317405998706818e-02 3.9460542798042297e-01 4.4218203425407410e-01 1.3960005059748118e-01 1 0 0 0 0
P 10011 -211 1.8506148457527161e-01 1.8986427783966064e-01 1.6169993877410889e+00 1.6445277929306030e+00 1.3960101967165120e-01 1 0 0 0 0
P 10012 111 -2.2662866115570068e-01 8.0288402736186981e-02 9.1209673881530762e-01 9.5286530256271362e-01 1.3500017110825749e-01 1 0 0 0 0
P 10013 111 2.1412694454193115e-01 2.6486137509346008e-01 1.8167603015899658e-01 4.0894144773483276e-01 1.3500011609575194e-01 1 0 0 0 0
P 10014 321 3.3949509263038635e-01 2.8183248639106750e-01 -1.3456234931945801e+00 1.4996769428253174e+00 4.9360093101535002e-01 1 0 0 0 0
P 10015 -211 7.2416394948959351e-02 -2.3583512008190155e-01 -1.6761593520641327e-01 3.2931089401245117e-01 1.3960023301811042e-01 1 0 0 0 0
P 10016 -2112 6.4008906483650208e-02 4.5091623067855835e-01 -1.4556268453598022e+00 1.7914022207260132e+00 9.3960088138069064e-01 1 0 0 0 0
P 10017 211 -1.1600972712039948e-01 -1.0478071868419647e-01 -3.6050394177436829e-01 4.1699954867362976e-01 1.3960041462913900e-01 1 0 0 0 0
P 10018 2112 -1.6031414270401001e-02 -4.8359715938568115e-01 -1.4178370475769043e+01 1.4217708587646484e+01 9.3964084429526074e-01 1 0 0 0 0
P 10019 -211 1.2964898347854614e-01 -6.3683992624282837e-01 -1.1114843368530273e+01 1.1134702682495117e+01 1.3959502150355632e-01 1 0 0 0 0
P 10020 111 6.7600406706333160e-02 -5.9005144983530045e-02 6.4537090063095093e-01 6.6541713476181030e-01 1.3499978419250691e-01 1 0 0 0 0
P 10021 111 -9.4761729240417480e-02 -3.2821707427501678e-02 2.0620789527893066e+00 2.0689251422882080e+00 1.3499847054151232e-01 1 0 0 0 0
P 10022 111 7.7269136905670166e-02 6.5795309841632843e-02 1.1180595159530640e+00 1.1307438611984253e+00 1.3500020781250813e-01 1 0 0 0 0
P 10023 130 2.1027019619941711e-01 -3.5913071036338806e-01 -8.7205812335014343e-02 6.5459811687469482e-01 4.9770012896827120e-01 1 0 0 0 0
P 10024 2212 7.3980256915092468e-02 -2.2193800657987595e-02 -9.9995552062988281e+01 1.0000000000000000e+02 9.4000105053116412e-01 1 0 0 0 0
P 10025 2212 -2.1547511219978333e-01 1.6740407049655914e-01 -9.9995315551757812e+01 1.0000010681152344e+02 9.4009381110761980e-01 1 0 0 0 0
P 10026 2112 -3.4755089879035950e-01 5.0160306692123413e-01 -8.8746543884277344e+01 8.8753608703613281e+01 9.3894049126673351e-01 1 0 0 0 0
P 10027 211 -2.8457561135292053e-01 -3.1023788452148438e-01 -1.3767180442810059e+00 1.4463995695114136e+00 1.3960056470025667e-01 1 0 0 0 0
P 10028 -211 -2.7732936665415764e-02 3.4780606627464294e-01 -6.0321623086929321e-01 7.1070128679275513e-01 1.3960058148586718e-01 1 0 0 0 0
P 10029 211 -2.6927223801612854e-01 5.0569200515747070e-01 -3.8833117485046387e+00 3.9278278350830078e+00 1.3960452618850464e-01 1 0 0 0 0
P 10030 211 -7.5256206095218658e-02 2.3570728302001953e-01 -4.9576687812805176e+00 4.9658021926879883e+00 1.3960749334062611e-01 1 0 0 0 0
P 10031 -211 4.4296005368232727e-01 3.7981164455413818e-01 -2.1835708618164062e+00 2.2644953727722168e+00 1.3959616841435415e-01 1 0 0 0 0
P 10032 111 -2.1511755883693695e-02 -2.2162504494190216e-01 -4.5237058401107788e-01 5.2196228504180908e-01 1.3500024274364583e-01 1 0 0 0 0
P 10033 111 3.6872982978820801e-02 -7.6958425343036652e-02 -1.1593654155731201e+00 1.1703141927719116e+00 1.3499972915269684e-01 1 0 0 0 0
P 10034 111 8.8673830032348633e-04 -4.6163048595190048e-02 -1.1839369535446167e+00 1.1925030946731567e+00 1.3500039805916433e-01 1 0 0 0 0
P 10035 2112 1.9926173985004425e-01 -1.8965841829776764e-01 -4.6067771911621094e+01 4.6078174591064453e+01 9.3962183184137660e-01 1 0 0 0 0
P 10036 -211 -1.8516716361045837e-01 7.5140640139579773e-02 -1.7086544036865234e+01 1.7088283538818359e+01 1.3969318177871692e-01 1 0 0 0 0
P 10037 22 -2.4170063436031342e-01 -2.3298272490501404e-01 -9.5795559883117676e-01 1.0150759220123291e+00 2.2663370933036000e-04 1 0 0 0 0
P 10038 22 -8.4836035966873169e-02 2.7496790885925293e-01 -1.3248773813247681e+00 1.3557673692703247e+00 7.6166344213136775e-04 1 0 0 0 0
E 48 -1 -1.0000000000000000e+00 -1.0000000000000000e+00 -1.0000000000000000e+00 0 0 1 0 0 0 0
U GEV MM
H 1 1 7 7 0 0 0 6 0 5.2421627044677734e+00 3.8077108860015869e+00 2.7074804902076721e-01 4.2000000000000000e+01
V -1 0 0 0 0 0 2 87 0
P 10001 2212 0 0 1.0000000000000000e+02 1.0000000000000000e+02 0 101 0 0 -1 0
P 10002 3000001 0 0 -1.0000000000000000e+02 1.0000000000000000e+02 0 102 0 0 -1 0
P 10003 2112 1.3451129198074341e-03 2.1570810675621033e-01 2.7714715003967285e+00 2.9343540668487549e+00 9.3959976344793639e-01 1 0 0 0 0
P 10004 111 -2.4545817077159882e-01 6.0482986271381378e-02 1.5391328334808350e+00 1.5655869245529175e+00 1.3499864445791762e-01 1 0 0 0 0
P 10005 -2112 -1.4547410607337952e-01 -3.0040472745895386e-01 2.2911028563976288e-01 1.0231055021286011e+00 9.3959971779601237e-01 1 0 0 0 0
P 10006 111 -1.5620023012161255e-01 1.3261936604976654e-01 2.9603832960128784e-01 3.8451275229454041e-01 1.3499983682403163e-01 1 0 0 0 0
P 10007 2112 1.3796381652355194e-02 -3.2733950018882751e-01 8.3311903476715088e-01 1.2977972030639648e+00 9.3960032229599200e-01 1 0 0 0 0
P 10008 211 -6.2381252646446228e-03 5.1674038171768188e-02 3.3470112085342407e-01 3.6636337637901306e-01 1.3960001011281212e-01 1 0 0 0 0
P 10009 111 -8.1524454057216644e-02 -1.3151673972606659e-01 5.0485904693603516e+01 5.0486320495605469e+01 1.3431888898406452e-01 1 0 0 0 0
P 10010 2212 -1.2255945056676865e-01 9.3050971627235413e-02 1.2619119644165039e+01 1.2654891014099121e+01 9.3829988955061372e-01 1 0 0 0 0
P 10011 -2112 1.0157648473978043e-01 -4.1753801703453064e-01 8.7891387939453125e+00 8.8496589660644531e+00 9.3959954155442260e-01 1 0 0 0 0
P 10012 -211 -2.7018791437149048e-01 1.6922155022621155e-01 -2.0035943388938904e-01 4.0158373117446899e-01 1.3959995795899660e-01 1 0 0 0 0
P 10013 2212 -2.7602058649063110e-01 3.9294853806495667e-02 -8.4508308410644531e+01 8.4513977050781250e+01 9.3829369691151387e-01 1 0 0 0 0
P 10014 -211 -1.1653079837560654e-01 5.1811790466308594e-01 8.4244221448898315e-01 1.0055958032608032e+00 1.3960101962419669e-01 1 0 0 0 0
P 10015 111 -2.6304298639297485e-01 1.6306528449058533e-01 2.1300354003906250e+00 2.1566312313079834e+00 1.3500207864773103e-01 1 0 0 0 0
P 10016 211 -1.6645433008670807e-01 -1.0696917027235031e-01 5.3615391254425049e-01 5.8830159902572632e-01 1.3960052323092786e-01 1 0 0 0 0
P 10017 111 5.2106130123138428e-01 -1.7825481295585632e-01 5.2360886335372925e-01 7.7179735898971558e-01 1.3500097621145146e-01 1 0 0 0 0
P 10018 -211 -1.0391539335250854e-01 4.7501444816589355e-02 -1.3325858116149902e-01 2.2427847981452942e-01 1.3960011038487899e-01 1 0 0 0 0
P 10019 211 -6.4295656979084015e-02 3.2051128149032593e-01 -5.6621961295604706e-02 3.5993847250938416e-01 1.3960030237246895e-01 1 0 0 0 0
P 10020 111 2.8892362117767334e-01 5.2530080080032349e-02 -4.0008921176195145e-02 3.2567167282104492e-01 1.3500020932109857e-01 1 0 0 0 0
P 10021 -211 1.1066924780607224e-01 1.0699141770601273e-02 -1.7179766893386841e+00 1.7272214889526367e+00 1.3959947257804686e-01 1 0 0 0 0
P 10022 211 -1.3945575058460236e-01 5.4538529366254807e-02 -7.4677371978759766e-01 7.7432644367218018e-01 1.3959976808022265e-01 1 0 0 0 0
P 10023 111 5.3513585589826107e-03 -1.2133747339248657e-01 -1.7710134387016296e-01 2.5365591049194336e-01 1.3500005718213565e-01 1 0 0 0 0
P 10024 -211 4.4693684577941895e-01 -3.7998166680335999e-01 -9.4493227005004883e+00 9.4685449600219727e+00 1.3966227315111693e-01 1 0 0 0 0
P 10025 211 -9.6558757126331329e-02 6.4327411353588104e-02 -3.9745816588401794e-01 4.3694734573364258e-01 1.3960078755706315e-01 1 0 0 0 0
P 10026 111 -8.7304890155792236e-02 -2.2979629039764404e-01 -2.3026847839355469e+01 2.3028556823730469e+01 1.3520165689786828e-01 1 0 0 0 0
P 10027 211 3.4593200683593750e-01 3.7274625152349472e-02 -2.1946039199829102e+00 2.2263946533203125e+00 1.3960098744325369e-01 1 0 0 0 0
P 10028 2112 -1.0343942791223526e-01 2.0042110979557037e-01 -9.0718567371368408e-01 1.3254064321517944e+00 9.3959992938457582e-01 1 0 0 0 0
P 10029 -211 7.9474024474620819e-02 -2.2672556340694427e-01 -1.0618590563535690e-01 2.9746294021606445e-01 1.3959997341688887e-01 1 0 0 0 0
P 10030 -2112 -4.7817391157150269e-01 5.1535218954086304e-03 -1.3756504058837891e+00 1.7331873178482056e+00 9.3959959080775768e-01 1 0 0 0 0
P 10031 211 1.1377957463264465e-01 -1.9011819362640381e-01 -3.8169276714324951e-01 4.6289110183715820e-01 1.3959972965301598e-01 1 0 0 0 0
P 10032 -211 3.0591738224029541e-01 -2.6097029447555542e-01 -1.3466768264770508e+00 1.4123445749282837e+00 1.3959865330167223e-01 1 0 0 0 0
P 10033 111 4.3678826093673706e-01 4.9853003025054932e-01 -2.1429843902587891e+00 2.2472035884857178e+00 1.3500257499951818e-01 1 0 0 0 0
P 10034 2112 -2.6735293865203857e-01 -6.9945678114891052e-04 -2.0893486022949219e+01 2.0916311264038086e+01 9.3959598759597751e-01 1 0 0 0 0
P 10035 211 -1.5148532390594482e-01 -6.1787016689777374e-02 -5.2357778549194336e+00 5.2401928901672363e+00 1.3959348589455869e-01 1 0 0 0 0
P 10036 -321 1.4205925166606903e-01 2.0250144600868225e-01 -1.4571802318096161e-01 5.7101804018020630e-01 4.9359922337048467e-01 1 0 0 0 0
P 10037 211 -1.5270200371742249e-01 2.3484313488006592e-01 -7.4192595481872559e+00 7.4258580207824707e+00 1.3959191062514148e-01 1 0 0 0 0
P 10038 321 2.0558218657970428e-01 1.0597379505634308e-01 -8.8550348281860352e+00 8.8717966079711914e+00 4.9359777566750612e-01 1 0 0 0 0
P 10039 2212 -2.7220302820205688e-01 -5.1785820722579956e-01 -4.4365100860595703e+01 4.4378879547119141e+01 9.3835168008936209e-01 1 0 0 0 0
P 10040 211 7.1608006954193115e-01 -1.7566248774528503e-01 3.9946308135986328e+00 4.0645041465759277e+00 1.3960890009307084e-01 1 0 0 0 0
P 10041 111 -1.5929877758026123e-01 1.4922030270099640e-01 1.2002425193786621e+00 1.2273755073547363e+00 1.3500270905843256e-01 1 0 0 0 0
P 10042 -211 4.3912827968597412e-02 3.1540594995021820e-02 7.9493939876556396e-02 1.6950167715549469e-01 1.3960081120318879e-01 1 0 0 0 0
P 10043 211 -8.0845558643341064e-01 2.1501989662647247e-01 1.6123003959655762e+00 1.8217681646347046e+00 1.3961621562375132e-01 1 0 0 0 0
P 10044 310 1.9791878759860992e-01 -7.6414459943771362e-01 1.0117330551147461e+00 1.3763726949691772e+00 4.9770393338868690e-01 1 0 0 0 0
P 10045 -211 -2.6704385876655579e-02 -3.7145737558603287e-02 -9.5180778503417969e+00 9.5192117691040039e+00 1.3962023434031059e-01 1 0 0 0 0
P 10046 111 -2.0267589390277863e-01 2.1063843742012978e-02 -3.2856342792510986e+00 3.2947137355804443e+00 1.3499918129411506e-01 1 0 0 0 0
P 10047 -211 3.1545799970626831e-01 7.7772870659828186e-02 -2.1037235260009766e+00 2.1332376003265381e+00 1.3959805373856404e-01 1 0 0 0 0
P 10048 211 -2.1858270466327667e-01 -1.0092715173959732e-01 -7.8958458900451660e+00 7.9007492065429688e+00 1.3961023103638512e-01 1 0 0 0 0
P 10049 -211 1.5117618441581726e-01 1.0347148776054382e-01 -4.7755694389343262e+00 4.7811203002929688e+00 1.3959682043696062e-01 1 0 0 0 0
P 10050 310 -1.3320764899253845e-01 2.3220415413379669e-01 -4.4088928222656250e+01 4.4092555999755859e+01 4.9823661258932084e-01 1 0 0 0 0
P 10051 111 1.3795278966426849e-01 -9.4469957053661346e-02 -1.8789167404174805e+01 1.8790397644042969e+01 1.3518999293115838e-01 1 0 0 0 0
P 10052 -211 -5.1453906297683716e-01 2.5531905889511108e-01 -4.8442673683166504e+00 4.8801999092102051e+00 1.3959422965725107e-01 1 0 0 0 0
P 10053 111 2.0978155732154846e-01 -1.3634152710437775e-01 -1.6694068908691406e+00 1.6934407949447632e+00 1.3500016628276054e-01 1 0 0 0 0
P 10054 2212 4.6610929071903229e-02 -1.8824803829193115e-01 -5.3697631835937500e+01 5.3706176757812500e+01 9.3816163366513594e-01 1 0 0 0 0
P 10055 211 -1.4372286200523376e-01 2.1093994379043579e-02 -3.1088026046752930e+01 3.1088676452636719e+01 1.3906428541653301e-01 1 0 0 0 0
P 10056 211 3.3303096890449524e-01 3.5913938283920288e-01 4.5340028405189514e-01 6.8187355995178223e-01 1.3960305020803501e-01 1 0 0 0 0
P 10057 111 -8.7808467447757721e-02 8.9802883565425873e-02 1.6156142950057983e-01 2.4515713751316071e-01 1.3500015451541750e-01 1 0 0 0 0
P 10058 211 8.9488255977630615e-01 -2.0486046373844147e-01 -9.0797895193099976e-01 1.2987288236618042e+00 1.3960005324258834e-01 1 0 0 0 0
P 10059 111 4.2574724555015564e-01 -3.5625636577606201e-01 -1.7670242309570312e+01 1.7679475784301758e+01 1.3498671613895608e-01 1 0 0 0 0
P 10060 -211 1.7558288574218750e-01 5.7015866041183472e-02 -5.2954975515604019e-02 2.3742909729480743e-01 1.3960010051711519e-01 1 0 0 0 0
P 10061 211 7.2562374174594879e-02 -2.3150441050529480e-01 8.8348455727100372e-02 2.9351872205734253e-01 1.3960014448256891e-01 1 0 0 0 0
P 10062 111 -9.0235337615013123e-02 -1.5535050630569458e-01 -3.0495819449424744e-01 3.7881493568420410e-01 1.3500021905280521e-01 1 0 0 0 0
P 10063 -211 2.8541463613510132e-01 1.8631142377853394e-01 -1.6173495352268219e-01 4.0226837992668152e-01 1.3960011872249992e-01 1 0 0 0 0
P 10064 111 -2.8230199217796326e-01 4.7180116176605225e-02 -9.4213718175888062e-01 9.9386513233184814e-01 1.3500019949004216e-01 1 0 0 0 0
P 10065 -211 -1.8936020135879517e-01 2.3811618983745575e-01 -3.6326982975006104e+00 3.6480872631072998e+00 1.3959639272032004e-01 1 0 0 0 0
P 10066 211 -5.4618942737579346e-01 -1.5668965876102448e-01 -1.5198144912719727e+00 1.6285572052001953e+00 1.3959922273939346e-01 1 0 0 0 0
P 10067 2112 -8.9704580605030060e-02 3.4507986903190613e-01 -2.4962812423706055e+01 2.4983034133911133e+01 9.3960811365312313e-01 1 0 0 0 0
P 10068 -211 -1.3895326294004917e-02 -6.9850340485572815e-02 -9.4528837203979492e+00 9.4541826248168945e+00 1.3959341627141436e-01 1 0 0 0 0
P 10069 -211 -2.9098370671272278e-01 -1.4050327241420746e-01 1.9506396055221558e+00 1.9821506738662720e+00 1.3969157506989460e-01 1 0 0 0 0
P 10070 211 2.4519714713096619e-01 2.5550270453095436e-02 7.1844321489334106e-01 7.7228450775146484e-01 1.3960032451700083e-01 1 0 0 0 0
P 10071 -211 -1.5559203922748566e-01 -4.6636933088302612e-01 -3.9366960525512695e-02 5.1258856058120728e-01 1.3959956804534815e-01 1 0 0 0 0
P 10072 111 2.2644491493701935e-01 -4.5594611763954163e-01 -7.8926801681518555e-02 5.3255814313888550e-01 1.3499842261470774e-01 1 0 0 0 0
P 10073 111 -3.4539476037025452e-03 7.7252876758575439e-01 -3.1340644359588623e+00 3.2306962013244629e+00 1.3500159261490061e-01 1 0 0 0 0
P 10074 211 -7.0933878421783447e-01 -5.1242643594741821e-01 -3.9795913696289062e+00 4.0770549774169922e+00 1.3959748064484440e-01 1 0 0 0 0
P 10075 2212 6.5482780337333679e-02 2.6034873723983765e-01 -7.1722686767578125e+01 7.1729331970214844e+01 9.3872161669798682e-01 1 0 0 0 0
P 10076 211 -3.8132518529891968e-02 3.7222063541412354e-01 1.2333438396453857e+00 1.2963904142379761e+00 1.3960225262996936e-01 1 0 0 0 0
P 10077 -211 9.8421424627304077e-04 8.4470510482788086e-03 1.4248432219028473e-01 1.9965547323226929e-01 1.3960015964346795e-01 1 0 0 0 0
P 10078 111 3.4132063388824463e-01 1.0767533630132675e-01 7.5970542430877686e-01 8.5057127475738525e-01 1.3500151314984507e-01 1 0 0 0 0
P 10079 22 -4.4512934982776642e-02 1.4327110350131989e-01 -2.9080229997634888e-01 3.2722169160842896e-01 2.1750466792866074e-04 1 0 0 0 0
P 10080 211 -1.5258264541625977e-01 7.5287029147148132e-02 -3.1510077416896820e-02 2.2233010828495026e-01 1.3960011329204317e-01 1 0 0 0 0
P 10081 -211 2.7670584619045258e-02 2.3653031885623932e-01 -8.4988623857498169e-02 2.8883126378059387e-01 1.3960007077544662e-01 1 0 0 0 0
P 10082 -211 4.1776150465011597e-03 4.9691730737686157e-01 -4.1020805358886719e+01 4.1024051666259766e+01 1.3927871855839169e-01 1 0 0 0 0
P 10083 111 2.0874452590942383e-01 -3.1147834658622742e-01 -1.3996451377868652e+01 1.4002124786376953e+01 1.3510855909706471e-01 1 0 0 0 0
P 10084 2112 -3.7897151708602905e-01 2.1450641751289368e-01 -9.9994636535644531e+01 1.0000000000000000e+02 9.3969765905196467e-01 1 0 0 0 0
P 10085 2112 2.3113712668418884e-01 -1.6843768954277039e-01 -9.9995788574218750e+01 1.0000061035156250e+02 9.3943732019807713e-01 1 0 0 0 0
P 10086 321 -7.2437621653079987e-02 2.1268870681524277e-02 -5.3038215637207031e+00 5.3272757530212402e+00 4.9360327698312023e-01 1 0 0 0 0
P 10087 3122 3.6241978406906128e-02 -1.3933965563774109e-01 -7.9659210205078125e+01 7.9667160034179688e+01 1.1161937081629869e+00 1 0 0 0 0
P 10088 -211 2.7419620752334595e-01 -6.4564719796180725e-02 -1.8773902893066406e+01 1.8776535034179688e+01 1.3959186304169105e-01 1 0 0 0 0
P 10089 2112 3.3236366510391235e-01 -6.0130417346954346e-02 -9.9995285034179688e+01 1.0000026702880859e+02 9.3930585711531234e-01 1 0 0 0 0
E 49 -1 -1.0000000000000000e+00 -1.0000000000000000e+00 -1.0000000000000000e+00 0 0 1 0 0 0 0
U GEV MM
H 1 1 6 6 0 0 0 5 0 3.5037250518798828e+00 3.9676334857940674e+00 2.8326225280761719e-01 4.2000000000000000e+01
V -1 0 0 0 0 0 2 145 0
P 10001 2212 0 0 1.0000000000000000e+02 1.0000000000000000e+02 0 101 0 0 -1 0
P 10002 3000001 0 0 -1.0000000000000000e+02 1.0000000000000000e+02 0 102 0 0 -1 0
P 10003 -2112 -1.3102718591690063e+00 1.3734798133373260e-01 -5.6025791168212891e-01 1.7124290466308594e+00 9.3959964838009502e-01 1 0 0 0 0
P 10004 3122 4.4677740335464478e-01 -3.2836896181106567e-01 1.2644944190979004e+00 1.7750902175903320e+00 1.1155998034357839e+00 1 0 0 0 0
P 10005 -211 -2.4851927161216736e-01 1.2841451168060303e-01 6.6852349042892456e-01 7.3801308870315552e-01 1.3959780323876647e-01 1 0 0 0 0
P 10006 211 1.5146126747131348e+00 -1.8170487880706787e+00 2.6439566612243652e+00 3.5504522323608398e+00 1.3959360734854512e-01 1 0 0 0 0
P 10007 111 -8.8467019796371460e-01 -6.5937376022338867e-01 8.8919895887374878e-01 1.4234868288040161e+00 1.3499943881389534e-01 1 0 0 0 0
P 10008 -3112 -4.7806167602539062e-01 -4.5641311444342136e-03 -9.2392659187316895e-01 1.5861811637878418e+00 1.1973999080539774e+00 1 0 0 0 0
P 10009 3112 -2.2775478661060333e-01 1.6399681568145752e+00 -2.3575024604797363e+00 3.1197679042816162e+00 1.1973997357724198e+00 1 0 0 0 0
P 10010 -2112 6.9076734781265259e-01 -1.5759198367595673e-01 -2.0081975460052490e+00 2.3275952339172363e+00 9.3959960996675651e-01 1 0 0 0 0
P 10011 2212 -9.4175297021865845e-01 -8.9620888233184814e-01 -8.4134590625762939e-01 1.8106238842010498e+00 9.3830000446374240e-01 1 0 0 0 0
P 10012 211 1.8416829407215118e-01 -2.6185432076454163e-01 -1.7546583414077759e+00 1.7890778779983521e+00 1.3959983032473106e-01 1 0 0 0 0
P 10013 -211 -1.4242333173751831e-01 1.1349557340145111e-01 2.9137125611305237e-01 3.7087866663932800e-01 1.3959987777332925e-01 1 0 0 0 0
P 10014 111 2.6005682349205017e-01 -3.5096514225006104e-01 1.0267166793346405e-01 4.6858566999435425e-01 1.3499991188307287e-01 1 0 0 0 0
P 10015 321 -2.2285780310630798e-01 -6.4467805624008179e-01 9.7697302699089050e-02 8.4762096405029297e-01 4.9360018146270024e-01 1 0 0 0 0
P 10016 -211 1.8562981486320496e-01 2.0139381289482117e-02 1.0692744702100754e-01 2.5648719072341919e-01 1.3960006172595466e-01 1 0 0 0 0
P 10017 211 -2.2642889618873596e-01 -7.7063429355621338e-01 2.4156574904918671e-01 8.5028791427612305e-01 1.3960038186269944e-01 1 0 0 0 0
P 10018 111 5.0320900976657867e-02 8.6122632026672363e-02 3.5551989078521729e-01 3.9315229654312134e-01 1.3500012855880314e-01 1 0 0 0 0
P 10019 -211 -2.7976304292678833e-02 -2.2822916507720947e-01 8.0440640449523926e-01 8.4819167852401733e-01 1.3960026694356570e-01 1 0 0 0 0
P 10020 111 -3.2367044687271118e-01 -3.8566309213638306e-01 -1.6624629497528076e-03 5.2127379179000854e-01 1.3500008670033156e-01 1 0 0 0 0
P 10021 211 -7.1253843605518341e-02 9.2791482806205750e-02 -2.3127122223377228e-01 2.9438397288322449e-01 1.3960005640068388e-01 1 0 0 0 0
P 10022 111 8.9541763067245483e-01 1.9132071733474731e+00 -3.0959753990173340e+00 3.7503898143768311e+00 1.3500247032421309e-01 1 0 0 0 0
P 10023 -211 2.6163995265960693e-01 1.3780416250228882e+00 -1.1755480766296387e+00 1.8354442119598389e+00 1.3959938977584160e-01 1 0 0 0 0
P 10024 211 1.5246725082397461e-01 2.6747998595237732e-01 -4.8415571451187134e-02 3.4150254726409912e-01 1.3959984516473681e-01 1 0 0 0 0
P 10025 -2212 2.0969063043594360e-01 1.2403166294097900e+00 -2.3648715019226074e+00 2.8382003307342529e+00 9.3830080203058963e-01 1 0 0 0 0
P 10026 -211 -8.1974014639854431e-02 4.1317734122276306e-01 -6.1207044124603271e-01 7.5601172447204590e-01 1.3960031560135103e-01 1 0 0 0 0
P 10027 2112 3.2016527652740479e-01 8.9126604795455933e-01 -1.0597021579742432e+00 1.7037247419357300e+00 9.3960010650185299e-01 1 0 0 0 0
P 10028 211 2.1406345069408417e-01 4.4280350208282471e-01 -2.0491699874401093e-01 5.5079692602157593e-01 1.3960005358412891e-01 1 0 0 0 0
P 10029 111 4.0053650736808777e-02 4.7013007104396820e-02 -3.9989817142486572e-01 4.2656546831130981e-01 1.3500012397161507e-01 1 0 0 0 0
P 10030 111 1.8186813592910767e-01 -3.7376558780670166e-01 -6.8629842996597290e-01 8.1363838911056519e-01 1.3500059172410497e-01 1 0 0 0 0
P 10031 22 1.6843524575233459e-01 9.4400271773338318e-03 2.7353256940841675e-02 1.7090281844139099e-01 1.6297601418283997e-04 1 0 0 0 0
P 10032 211 -1.8649543821811676e-01 2.4621698260307312e-01 -3.2469630241394043e-01 4.6938177943229675e-01 1.3960019721839509e-01 1 0 0 0 0
P 10033 -211 3.9371222257614136e-02 -1.4861226081848145e-02 -3.2816696166992188e-01 3.5909986495971680e-01 1.3960017585843010e-01 1 0 0 0 0
P 10034 -211 3.2113736867904663e-01 -2.5549557805061340e-01 -2.0534560680389404e+00 2.0987083911895752e+00 1.3959902549112022e-01 1 0 0 0 0
P 10035 111 -3.5977352410554886e-02 -1.6100937128067017e-01 -8.1647932529449463e-02 2.2827562689781189e-01 1.3499996082438517e-01 1 0 0 0 0
P 10036 321 3.9134019613265991e-01 -1.1958517134189606e-01 1.2590572357177734e+01 1.2606887817382812e+01 4.9361968805251000e-01 1 0 0 0 0
P 10037 111 3.2162513583898544e-02 -4.2146334052085876e-01 8.0668663978576660e-01 9.2067050933837891e-01 1.3500028619785623e-01 1 0 0 0 0
P 10038 -211 -3.3552032709121704e-01 3.0183348804712296e-02 1.4316062927246094e+00 1.4773184061050415e+00 1.3960004015606864e-01 1 0 0 0 0
P 10039 321 6.3971883058547974e-01 1.2004254758358002e-01 6.5787035226821899e-01 1.0488492250442505e+00 4.9359994028201065e-01 1 0 0 0 0
P 10040 2212 -7.3109734058380127e-01 -1.7058607935905457e-01 -7.8327769041061401e-01 1.4344104528427124e+00 9.3829977888180771e-01 1 0 0 0 0
P 10041 -2112 2.6141652464866638e-01 2.6956903934478760e-01 -8.6072868108749390e-01 1.3284230232238770e+00 9.3959980835033696e-01 1 0 0 0 0
P 10042 -211 -4.4577795267105103e-01 -1.2226392328739166e-01 -3.3196622133255005e-01 5.8596599102020264e-01 1.3959985852878787e-01 1 0 0 0 0
P 10043 211 -1.8626882135868073e-01 9.3042492866516113e-02 6.2008900642395020e+00 6.2059545516967773e+00 1.3957553386108329e-01 1 0 0 0 0
P 10044 -211 -1.9525070488452911e-01 4.4630430638790131e-02 3.6831116676330566e+00 3.6911940574645996e+00 1.3959692156458817e-01 1 0 0 0 0
P 10045 111 -1.5228445827960968e-01 -1.5206924080848694e-01 4.2724409103393555e+00 4.2799873352050781e+00 1.3499869236737394e-01 1 0 0 0 0
P 10046 310 -4.8795368522405624e-02 4.2857167124748230e-01 8.0451440811157227e+00 8.0720567703247070e+00 4.9769724938811377e-01 1 0 0 0 0
P 10047 -321 1.6047741472721100e-01 5.4275717586278915e-02 -6.2029731273651123e-01 8.1062239408493042e-01 4.9360009668436272e-01 1 0 0 0 0
P 10048 111 -2.0491750538349152e-01 -1.2540456652641296e-01 -2.1124437451362610e-02 2.7638512849807739e-01 1.3500002992218710e-01 1 0 0 0 0
P 10049 211 9.5694065093994141e-03 1.9899189472198486e-01 -3.5436385869979858e-01 4.2982688546180725e-01 1.3959963971013359e-01 1 0 0 0 0
P 10050 111 6.6813814640045166e-01 2.0627686381340027e-01 -2.0715492963790894e-01 7.4168509244918823e-01 1.3499957136209892e-01 1 0 0 0 0
P 10051 2112 1.3168595731258392e-02 -3.3120632171630859e-01 -1.2557924270629883e+01 1.2597388267517090e+01 9.3960530875670512e-01 1 0 0 0 0
P 10052 -211 -1.4561507105827332e-01 -2.0864316821098328e-01 -1.7965306043624878e+00 1.8198204040527344e+00 1.3960075227300570e-01 1 0 0 0 0
P 10053 2212 -9.9916249513626099e-02 -2.8763723373413086e-01 -6.4746467590332031e+01 6.4753974914550781e+01 9.3780774853326998e-01 1 0 0 0 0
P 10054 22 -2.1804445981979370e-01 1.8225887417793274e-01 -1.6082209348678589e+00 1.6331368684768677e+00 -4.7732958568851865e-04 1 0 0 0 0
P 10055 22 -8.1235751509666443e-02 -2.3041653633117676e-01 -3.8154387474060059e-01 4.5306378602981567e-01 1.9575853166019575e-04 1 0 0 0 0
P 10056 22 4.0283310413360596e-01 -1.2032464891672134e-01 -3.4158784151077271e-01 5.4169636964797974e-01 4.1532994481260693e-04 1 0 0 0 0
P 10057 22 -2.4936914443969727e-02 -2.3789209127426147e-01 -7.4384194612503052e-01 7.8135496377944946e-01 4.9174676873432917e-04 1 0 0 0 0
P 10058 2212 3.0877071619033813e-01 -1.8255887925624847e-01 -5.1849613189697266e+00 5.2813725471496582e+00 9.3829899445847775e-01 1 0 0 0 0
P 10059 211 2.6397593319416046e-02 2.0720742642879486e-01 -2.0171196460723877e+00 2.0327055454254150e+00 1.3960092167223684e-01 1 0 0 0 0
P 10060 -2212 -2.6330494880676270e-01 -4.0327250957489014e-01 -2.1094011306762695e+01 2.1120361328125000e+01 9.3829174976690144e-01 1 0 0 0 0
P 10061 -211 1.4287672936916351e-01 -2.7176246047019958e-02 -6.1592054367065430e+00 6.1625027656555176e+00 1.3955793424964918e-01 1 0 0 0 0
P 10062 -211 2.0054265856742859e-01 1.0083153843879700e-01 -7.4218692779541016e+00 7.4265751838684082e+00 1.3961026309666197e-01 1 0 0 0 0
P 10063 211 -1.7860129475593567e-01 -9.4419494271278381e-02 -2.5733518600463867e+00 2.5850419998168945e+00 1.3960258531341990e-01 1 0 0 0 0
P 10064 2112 -1.2796936929225922e-01 2.7826818823814392e-01 -8.0326667785644531e+01 8.0332733154296875e+01 9.3842908634735245e-01 1 0 0 0 0
P 10065 211 1.8247760832309723e-02 5.0274744629859924e-02 -6.1304121017456055e+00 6.1322345733642578e+00 1.3959869201378028e-01 1 0 0 0 0
P 10066 211 -5.3422719240188599e-02 -3.0118328332901001e-01 1.4551479816436768e+00 1.4934887886047363e+00 1.3959855342559188e-01 1 0 0 0 0
P 10067 -211 -3.7238118052482605e-01 7.0764757692813873e-02 1.8908080458641052e-01 4.4599729776382446e-01 1.3959457156065702e-01 1 0 0 0 0
P 10068 111 -5.9126716107130051e-02 -1.6858987510204315e-01 2.7263131737709045e-01 3.5280507802963257e-01 1.3500027157080699e-01 1 0 0 0 0
P 10069 111 4.4623202085494995e-01 1.3445284366607666e+00 3.4742620587348938e-01 1.4648581743240356e+00 1.3499914418455036e-01 1 0 0 0 0
P 10070 -211 7.7536863088607788e-01 -2.3216512799263000e-01 -4.9433679580688477e+00 5.0111351013183594e+00 1.3961043795222208e-01 1 0 0 0 0
P 10071 211 9.5261573791503906e-02 6.8279898166656494e-01 -9.0409555435180664e+00 9.0682773590087891e+00 1.3959908035238061e-01 1 0 0 0 0
P 10072 2112 -1.4781281352043152e-01 -9.4836580753326416e-01 -2.1588542938232422e+01 2.1630287170410156e+01 9.3962255494757130e-01 1 0 0 0 0
P 10073 -211 1.5738826990127563e-01 -6.7072041332721710e-02 4.5769274234771729e-01 5.0817346572875977e-01 1.3959906390069363e-01 1 0 0 0 0
P 10074 211 1.7985132336616516e-01 -3.7420898675918579e-02 2.4644038677215576e+00 2.4751801490783691e+00 1.3958339792529395e-01 1 0 0 0 0
P 10075 111 -1.0003685951232910e-01 1.2746307253837585e-01 1.2773597240447998e+00 1.2946528196334839e+00 1.3499574308514442e-01 1 0 0 0 0
P 10076 211 5.5560190230607986e-03 -3.3443301916122437e-02 7.8890520334243774e-01 8.0187839269638062e-01 1.3960018990717823e-01 1 0 0 0 0
P 10077 -211 -3.3966880291700363e-02 -9.3046061694622040e-02 2.6413938403129578e-01 3.1475248932838440e-01 1.3960013176337718e-01 1 0 0 0 0
P 10078 211 -2.4905785918235779e-01 -2.5161936879158020e-01 5.5683720111846924e-01 6.7446118593215942e-01 1.3959978083074473e-01 1 0 0 0 0
P 10079 310 -2.1948237717151642e-01 1.7777417600154877e-01 1.3959823846817017e+00 1.5087240934371948e+00 4.9770011074379467e-01 1 0 0 0 0
P 10080 -211 2.1167702972888947e-01 -2.8458684682846069e-01 7.9765081405639648e-01 8.8404291868209839e-01 1.3960022422804458e-01 1 0 0 0 0
P 10081 111 -3.9978399872779846e-03 2.3100531101226807e-01 -1.8504247069358826e-01 3.2533857226371765e-01 1.3500012667315608e-01 1 0 0 0 0
P 10082 22 -2.2902399301528931e-01 -9.2211283743381500e-02 1.7096592485904694e-01 3.0030694603919983e-01 6.4422138247421446e-05 1 0 0 0 0
P 10083 111 -4.7855194658041000e-02 1.5712323784828186e-01 -3.4004848450422287e-02 2.1531179547309875e-01 1.3500002971861366e-01 1 0 0 0 0
P 10084 111 3.6343391984701157e-02 2.7576372027397156e-02 -7.5410231947898865e-02 1.6122347116470337e-01 1.3500002272893505e-01 1 0 0 0 0
P 10085 111 -1.7997980117797852e-01 1.6304558515548706e-01 1.1528990417718887e-01 3.0082112550735474e-01 1.3499998472431921e-01 1 0 0 0 0
P 10086 211 -1.7533788084983826e-01 1.0811176896095276e-01 -1.5876595675945282e-01 2.9517161846160889e-01 1.3959988635641027e-01 1 0 0 0 0
P 10087 111 8.4223225712776184e-02 -5.9008824825286865e-01 -1.0953174829483032e+00 1.2542898654937744e+00 1.3499994723176673e-01 1 0 0 0 0
P 10088 -211 -6.6167406737804413e-02 4.3465759605169296e-02 4.2530059814453125e-02 1.6602516174316406e-01 1.3959996551418777e-01 1 0 0 0 0
P 10089 111 -1.8834254145622253e-01 3.0528444796800613e-02 -1.1099185943603516e+00 1.1342613697052002e+00 1.3499877716023170e-01 1 0 0 0 0
P 10090 -211 2.0948736369609833e-01 1.4954207837581635e-01 -1.7934846878051758e+00 1.8172293901443481e+00 1.3959778744475312e-01 1 0 0 0 0
P 10091 211 -6.1843775212764740e-02 -3.1225660443305969e-01 -3.1578901410102844e-01 4.6961653232574463e-01 1.3959995151190532e-01 1 0 0 0 0
P 10092 211 1.6521242260932922e-01 -3.0736058950424194e-01 -3.8186767101287842e+00 3.8371274471282959e+00 1.3960498723355483e-01 1 0 0 0 0
P 10093 111 -7.3176205158233643e-01 1.1449364572763443e-01 -4.0095548629760742e+00 4.0796246528625488e+00 1.3499116260256838e-01 1 0 0 0 0
P 10094 22 1.7841549217700958e-01 -3.7667506933212280e-01 2.5541744232177734e+00 2.5879576206207275e+00 1.2108690796476054e-03 1 0 0 0 0
P 10095 22 3.7187218666076660e-02 1.7471772432327271e-01 5.5388808250427246e-01 5.8198052644729614e-01 3.9089485863748986e-04 1 0 0 0 0
P 10096 310 1.7602381110191345e-01 -9.1193121671676636e-01 1.6556613445281982e+00 1.9625296592712402e+00 4.9769995947056811e-01 1 0 0 0 0
P 10097 -211 3.5643696784973145e-01 -1.0903512686491013e-01 5.4162567853927612e-01 6.7214763164520264e-01 1.3959975692230342e-01 1 0 0 0 0
P 10098 211 -2.2122474014759064e-01 1.3958743214607239e-01 2.1838515996932983e-01 3.6824619770050049e-01 1.3959995400981673e-01 1 0 0 0 0
P 10099 2212 -6.0260675847530365e-02 5.7230895757675171e-01 1.3131604194641113e+00 1.7134679555892944e+00 9.3830339209021629e-01 1 0 0 0 0
P 10100 -211 3.4097456932067871e-01 1.4164637029170990e-01 -2.1944124996662140e-01 4.5163038372993469e-01 1.3960010809772433e-01 1 0 0 0 0
P 10101 -2112 2.8886418789625168e-02 -9.8212942481040955e-02 -6.8402773141860962e-01 1.1667143106460571e+00 9.3959998832233971e-01 1 0 0 0 0
P 10102 2112 -9.4350539147853851e-02 5.4478883743286133e-02 -3.9030444622039795e+00 4.0160269737243652e+00 9.3959917343999744e-01 1 0 0 0 0
P 10103 111 5.2477806806564331e-02 7.5186902284622192e-01 -1.1938988685607910e+01 1.1963517189025879e+01 1.3502499517133035e-01 1 0 0 0 0
P 10104 -211 -1.4209100604057312e-01 -4.4643625617027283e-01 -3.0783909559249878e-01 5.7770949602127075e-01 1.3960002935884860e-01 1 0 0 0 0
P 10105 111 3.4457710385322571e-01 -2.1185600757598877e-01 -9.6286684274673462e-02 4.3716412782669067e-01 1.3500000238498661e-01 1 0 0 0 0
P 10106 211 2.5453093647956848e-01 2.0496210455894470e-01 2.9866796731948853e-01 4.6420499682426453e-01 1.3960036691736333e-01 1 0 0 0 0
P 10107 -211 -2.7840337157249451e-01 -1.3212636113166809e-01 -2.9442533850669861e-02 3.3958929777145386e-01 1.3960019968657961e-01 1 0 0 0 0
P 10108 211 -3.3929455280303955e-01 5.1240777969360352e-01 -4.3042379617691040e-01 7.6317447423934937e-01 1.3959981218763051e-01 1 0 0 0 0
P 10109 111 -2.2854387760162354e-02 -2.1698801219463348e-01 -9.3194812536239624e-02 2.7297687530517578e-01 1.3499992922828655e-01 1 0 0 0 0
P 10110 211 1.0010897368192673e-01 -1.2733839452266693e-01 -1.2049615859985352e+01 1.2051512718200684e+01 1.3956915995675603e-01 1 0 0 0 0
P 10111 111 -2.6447170972824097e-01 2.8778776526451111e-01 -9.4749488830566406e+00 9.4839677810668945e+00 1.3498686119808259e-01 1 0 0 0 0
P 10112 -211 1.7633897066116333e-01 7.4564725160598755e-01 -1.2755019187927246e+01 1.2778775215148926e+01 1.3962900311488144e-01 1 0 0 0 0
P 10113 211 -1.7969781160354614e-01 -1.1672407388687134e-02 -4.2349510192871094e+00 4.2410759925842285e+00 1.3959903482482366e-01 1 0 0 0 0
P 10114 2112 2.6211619377136230e-01 2.6581546664237976e-01 -9.9994888305664062e+01 1.0000000000000000e+02 9.3965417916654437e-01 1 0 0 0 0
P 10115 2112 -3.4009775519371033e-01 -2.4180583655834198e-01 -3.4441354274749756e+00 3.5943083763122559e+00 9.3959955063778688e-01 1 0 0 0 0
P 10116 -2212 8.8067039847373962e-02 1.1104053258895874e-01 -5.6861767768859863e+00 5.7648153305053711e+00 9.3829827530861698e-01 1 0 0 0 0
P 10117 211 2.2817002236843109e-01 8.2107670605182648e-02 -9.4940071105957031e+00 9.4981298446655273e+00 1.3962915671306642e-01 1 0 0 0 0
P 10118 -211 7.2436146438121796e-02 -5.0432318821549416e-03 -1.6038537025451660e-02 1.5816986560821533e-01 1.3959957814399693e-01 1 0 0 0 0
P 10119 2212 2.6847729086875916e-01 -1.0614630579948425e-01 -1.4730154418945312e+02 1.4730480957031250e+02 9.3736591290192439e-01 1 0 0 0 0
P 10120 -211 -3.4704649448394775e-01 -1.9845584034919739e-01 -1.5547407150268555e+01 1.5553173065185547e+01 1.3963276653093529e-01 1 0 0 0 0
P 10121 211 7.8874841332435608e-02 -1.0215809196233749e-01 -3.8941462039947510e+00 3.8987848758697510e+00 1.3961136728568799e-01 1 0 0 0 0
P 10122 111 -2.8474893420934677e-02 1.6115590929985046e-01 -6.0641412734985352e+00 6.0678510665893555e+00 1.3500049890111115e-01 1 0 0 0 0
P 10123 111 -1.7360972240567207e-02 4.3025749921798706e-01 2.2581586837768555e+00 2.3028085231781006e+00 1.3499457142578289e-01 1 0 0 0 0
P 10124 2212 -5.1709794998168945e-01 -9.1408663988113403e-01 4.6131596565246582e+00 4.8233380317687988e+00 9.3829796815092803e-01 1 0 0 0 0
P 10125 -2112 3.8138547539710999e-01 -8.2299262285232544e-01 2.0218534469604492e+00 2.4069712162017822e+00 9.3959956179470783e-01 1 0 0 0 0
P 10126 -211 -2.7330288290977478e-01 6.9901943206787109e-02 7.7893692255020142e-01 8.4012609720230103e-01 1.3960079662205627e-01 1 0 0 0 0
P 10127 111 6.1925277113914490e-02 1.9320335984230042e-01 6.8201559782028198e-01 7.2424644231796265e-01 1.3500131606795857e-01 1 0 0 0 0
P 10128 111 1.2107366696000099e-02 2.3075817525386810e-01 -1.1690934896469116e+00 1.1993334293365479e+00 1.3500060523777099e-01 1 0 0 0 0
P 10129 321 3.6051261425018311e-01 1.2290705442428589e+00 -5.2404580116271973e+00 5.4172525405883789e+00 4.9360021183608621e-01 1 0 0 0 0
P 10130 -321 -2.6972031593322754e-01 6.0373552143573761e-02 -1.5070025920867920e+00 1.6096868515014648e+00 4.9359997236105685e-01 1 0 0 0 0
P 10131 211 -3.8694059848785400e-01 4.0645408630371094e-01 -6.3906055688858032e-01 8.6186689138412476e-01 1.3960011483616033e-01 1 0 0 0 0
P 10132 111 3.7302070856094360e-01 5.9209287166595459e-02 4.6867570877075195e+00 4.7038879394531250e+00 1.3497984684319156e-01 1 0 0 0 0
P 10133 111 2.3910850286483765e-03 1.4891434460878372e-02 3.0567903518676758e+00 3.0598070621490479e+00 1.3499825998123827e-01 1 0 0 0 0
P 10134 111 1.2798905372619629e-01 2.2925218567252159e-02 3.3552691936492920e+00 3.3605005741119385e+00 1.3500364156056965e-01 1 0 0 0 0
P 10135 -211 2.7253296971321106e-01 -4.7888100147247314e-01 1.9378428459167480e+00 2.0194861888885498e+00 1.3960063928541769e-01 1 0 0 0 0
P 10136 211 -1.3852299749851227e-01 -3.8384246826171875e-01 1.9274553656578064e-01 4.7240096330642700e-01 1.3960002503433910e-01 1 0 0 0 0
P 10137 22 -1.8957105278968811e-01 -2.6814348995685577e-02 2.4834367632865906e-01 3.1357735395431519e-01 -1.3426577018746085e-04 1 0 0 0 0
P 10138 22 4.3860767036676407e-02 6.2113547325134277e-01 -2.1974325180053711e+00 2.2839531898498535e+00 -7.3537631176279184e-04 1 0 0 0 0
P 10139 22 7.3178820312023163e-03 -1.1187721788883209e-01 -7.0824944972991943e-01 7.1706861257553101e-01 2.2094862642065081e-04 1 0 0 0 0
P 10140 -211 -4.4849470257759094e-02 -3.8687115907669067e-01 -2.4340643882751465e+00 2.4689755439758301e+00 1.3960666808479991e-01 1 0 0 0 0
P 10141 211 7.4865803122520447e-02 3.0718356370925903e-01 -1.8390859365463257e+00 1.8712807893753052e+00 1.3959971487180486e-01 1 0 0 0 0
P 10142 -211 -1.8464346230030060e-01 3.4304928034543991e-02 -1.2529847145080566e+01 1.2532032966613770e+01 1.3968092551601735e-01 1 0 0 0 0
P 10143 111 -2.0948398113250732e-01 -1.1838111095130444e-02 -8.1480079889297485e-01 8.5214382410049438e-01 1.3500028092770355e-01 1 0 0 0 0
P 10144 2112 1.8405929207801819e-01 -1.0344325304031372e+00 -2.2552801132202148e+01 2.2596805572509766e+01 9.3960347497940278e-01 1 0 0 0 0
P 10145 111 1.6894562542438507e-01 -3.7390217185020447e-03 -1.9747292995452881e+00 1.9865392446517944e+00 1.3500281265829106e-01 1 0 0 0 0
P 10146 -211 -1.2778961658477783e-01 5.2641481161117554e-02 2.6814505457878113e-01 3.3240219950675964e-01 1.3959992942746538e-01 1 0 0 0 0
P 10147 211 -2.6550087332725525e-01 -5.2262473106384277e-01 -1.7344333231449127e-01 6.2705504894256592e-01 1.3959986254620549e-01 1 0 0 0 0
E 50 -1 -1.0000000000000000e+00 -1.0000000000000000e+00 -1.0000000000000000e+00 0 0 1 0 0 0 0
U GEV MM
H 1 1 1 1 0 0 0 0 0 8.1644487380981445e+00 9.7087568044662476e-01 0 4.2000000000000000e+01
V -1 0 0 0 0 0 2 16 0
P 10001 2212 0 0 1.0000000000000000e+02 1.0000000000000000e+02 0 101 0 0 -1 0
P 10002 3000001 0 0 -1.0000000000000000e+02 1.0000000000000000e+02 0 102 0 0 -1 0
P 10003 -211 -7.4236220121383667e-01 -4.7797957062721252e-01 1.2448027610778809e+01 1.2480082511901855e+01 1.3964955223321257e-01 1 0 0 0 0
P 10004 -2112 2.3140922188758850e-02 1.4333023130893707e-01 9.6930074691772461e+00 9.7395229339599609e+00 9.3959253196231218e-01 1 0 0 0 0
P 10005 2112 1.5559203922748566e-01 -1.9451905786991119e-01 2.8987798690795898e+00 3.0574204921722412e+00 9.3960033526393594e-01 1 0 0 0 0
P 10006 111 -3.3660656213760376e-01 -5.8218502998352051e-01 -5.3902345895767212e-01 8.7236136198043823e-01 1.3499877687839534e-01 1 0 0 0 0
P 10007 2112 -2.3453134298324585e-01 -3.3138316869735718e-01 5.2942245483398438e+01 5.2952136993408203e+01 9.3948687532611874e-01 1 0 0 0 0
P 10008 111 1.2607307732105255e-01 -2.4807970970869064e-02 3.7601115703582764e+00 3.7647273540496826e+00 1.3499323145569098e-01 1 0 0 0 0
P 10009 211 1.8210448324680328e-01 1.9441276788711548e-02 7.6877679824829102e+00 7.6912159919738770e+00 1.3959540337557780e-01 1 0 0 0 0
P 10010 111 4.6845030784606934e-01 7.1358776092529297e-01 9.5592126846313477e+00 9.5981998443603516e+00 1.3505524350712877e-01 1 0 0 0 0
P 10011 -211 -2.3840552568435669e-01 3.6280333995819092e-02 -4.7838017344474792e-03 2.7868354320526123e-01 1.3960005437936462e-01 1 0 0 0 0
P 10012 211 2.3781150579452515e-01 2.7614116668701172e-01 1.9151107966899872e-01 4.3471017479896545e-01 1.3960009387617928e-01 1 0 0 0 0
P 10013 111 -1.9401492550969124e-02 -2.2754307836294174e-02 -1.6443338245153427e-02 1.3924644887447357e-01 1.3500005078959307e-01 1 0 0 0 0
P 10014 211 -2.8055197000503540e-01 -1.6267739236354828e-02 -3.2101953029632568e-01 4.4890448451042175e-01 1.3959817394337792e-01 1 0 0 0 0
P 10015 -211 4.5843732357025146e-01 4.0537905693054199e-01 -1.4045990705490112e+00 1.5384670495986938e+00 1.3958995047499889e-01 1 0 0 0 0
P 10016 211 1.4066955447196960e-01 4.2056053876876831e-01 -2.8486502170562744e+00 2.8863399028778076e+00 1.3960976142481715e-01 1 0 0 0 0
P 10017 111 1.7912633717060089e-02 -1.6091135144233704e-01 -2.9860860109329224e-01 3.6552101373672485e-01 1.3500070135576780e-01 1 0 0 0 0
P 10018 2112 4.1667290031909943e-02 -2.0391210913658142e-01 -9.3747512817382812e+01 9.3752456665039062e+01 9.4002924069539151e-01 1 0 0 0 0
E 51 -1 -1.0000000000000000e+00 -1.0000000000000000e+00 -1.0000000000000000e+00 0 0 1 0 0 0 0
U GEV MM
H 1 1 5 5 0 0 0 4 0 5.0222473144531250e+00 1.7343190908432007e+00 3.5884171724319458e-01 4.2000000000000000e+01
V -1 0 0 0 0 0 2 117 0
P 10001 2212 0 0 1.0000000000000000e+02 1.0000000000000000e+02 0 101 0 0 -1 0
P 10002 3000001 0 0 -1.0000000000000000e+02 1.0000000000000000e+02 0 102 0 0 -1 0
P 10003 111 3.0776548385620117e-01 -1.4818540215492249e-01 -3.5993787646293640e-01 5.1425558328628540e-01 1.3500008727186744e-01 1 0 0 0 0
P 10004 -211 7.9126842319965363e-02 -7.7791556715965271e-02 1.9084842642769217e-03 1.7833784222602844e-01 1.3960000066556918e-01 1 0 0 0 0
P 10005 211 4.7438997030258179e-01 6.4901188015937805e-02 -3.2386326789855957e-01 5.9467095136642456e-01 1.3959984231921532e-01 1 0 0 0 0
P 10006 -321 -6.6374593973159790e-01 -6.5777733922004700e-02 -2.9136481285095215e+00 3.0295000076293945e+00 4.9359851769365015e-01 1 0 0 0 0
P 10007 -321 5.7185262441635132e-01 1.8590769171714783e-01 -3.0904088020324707e+00 3.1868233680725098e+00 4.9359854307096429e-01 1 0 0 0 0
P 10008 -3122 -3.1432324647903442e-01 -8.2097232341766357e-02 -8.4038715362548828e+00 8.4838171005249023e+00 1.1155970322874054e+00 1 0 0 0 0
P 10009 2112 -2.3252135515213013e-01 4.1450437158346176e-02 -8.7726411819458008e+00 8.8259773254394531e+00 9.3960530152694333e-01 1 0 0 0 0
P 10010 -2112 1.0725361108779907e+00 7.8651314973831177e-01 -5.3016943931579590e+00 5.5461468696594238e+00 9.3959832776666929e-01 1 0 0 0 0
P 10011 2112 -7.2714036703109741e-01 2.9422473907470703e-01 -1.7299073934555054e+00 2.1191339492797852e+00 9.3959980556001599e-01 1 0 0 0 0
P 10012 111 -3.6094692349433899e-01 7.9703859984874725e-02 -1.2811621651053429e-02 3.9373150467872620e-01 1.3499990092858341e-01 1 0 0 0 0
P 10013 -321 -9.1736122965812683e-02 6.8774394690990448e-02 1.1565505266189575e+00 1.2626937627792358e+00 4.9360002463238023e-01 1 0 0 0 0
P 10014 111 5.7468388229608536e-02 -3.1510740518569946e-01 6.4430732727050781e+00 6.4524431228637695e+00 1.3503245497602398e-01 1 0 0 0 0
P 10015 321 -8.3207029104232788e-01 -1.3075066804885864e+00 4.2149381637573242e+00 4.5178823471069336e+00 4.9360154907064918e-01 1 0 0 0 0
P 10016 22 3.0520860105752945e-02 2.0283102989196777e-01 -2.8536611795425415e-01 3.5143387317657471e-01 -6.0407149938626320e-05 1 0 0 0 0
P 10017 211 -1.4873836934566498e-01 2.5723019242286682e-01 -1.1036810278892517e-01 3.4635204076766968e-01 1.3959994133662887e-01 1 0 0 0 0
P 10018 -211 -2.3788335919380188e-01 4.5185947418212891e-01 -1.7022473812103271e+00 1.7826665639877319e+00 1.3960105491339286e-01 1 0 0 0 0
P 10019 -211 7.7902503311634064e-02 1.6714197397232056e-01 -6.1494833230972290e-01 6.5700441598892212e-01 1.3959982712328908e-01 1 0 0 0 0
P 10020 211 -5.0024218857288361e-02 6.0050684958696365e-02 -7.5008973479270935e-02 1.7670033872127533e-01 1.3959998698248141e-01 1 0 0 0 0
P 10021 211 4.5973491668701172e-01 -4.3682608008384705e-01 -1.2394374608993530e+00 1.3992378711700439e+00 1.3960008156590767e-01 1 0 0 0 0
P 10022 211 1.0803322494029999e-01 -5.5851072072982788e-02 -8.5466772317886353e-01 8.7449157238006592e-01 1.3959968903015008e-01 1 0 0 0 0
P 10023 -211 3.7465535104274750e-02 9.2055864632129669e-02 -2.0016598701477051e-01 2.6350051164627075e-01 1.3959995969351341e-01 1 0 0 0 0
P 10024 211 2.2822283208370209e-02 -7.8596644103527069e-02 -9.8386555910110474e-02 1.8938422203063965e-01 1.3960007197389895e-01 1 0 0 0 0
P 10025 -211 4.7125282883644104e-01 3.2223397493362427e-01 2.4079567193984985e-01 6.3512575626373291e-01 1.3960016961573965e-01 1 0 0 0 0
P 10026 111 9.6863582730293274e-03 1.3752341270446777e-01 6.2314450740814209e-02 2.0276738703250885e-01 1.3500002923845988e-01 1 0 0 0 0
P 10027 211 1.3637478649616241e-01 -2.6118651032447815e-01 8.8755929470062256e-01 9.4555073976516724e-01 1.3960023027787538e-01 1 0 0 0 0
P 10028 111 2.3755195736885071e-01 2.2261144220829010e-01 7.6769542694091797e-01 8.4472966194152832e-01 1.3500054283603180e-01 1 0 0 0 0
P 10029 321 2.2861024737358093e-01 -2.9451820254325867e-01 2.2259438037872314e+00 2.3102965354919434e+00 4.9359968340122118e-01 1 0 0 0 0
P 10030 -211 -4.3300640583038330e-01 -4.2623963952064514e-01 2.4030930995941162e+00 2.4826436042785645e+00 1.3959958008378207e-01 1 0 0 0 0
P 10031 130 -1.4829860627651215e-01 -1.2091675400733948e-01 1.6107316017150879e+00 1.6966950893402100e+00 4.9769930219390840e-01 1 0 0 0 0
P 10032 111 6.3351884484291077e-02 -6.0333573818206787e-01 5.4321947097778320e+00 5.4676313400268555e+00 1.3500233801749859e-01 1 0 0 0 0
P 10033 310 2.1442183852195740e-01 2.1383915841579437e-01 3.8505947589874268e+00 3.8944180011749268e+00 4.9770238037079995e-01 1 0 0 0 0
P 10034 211 6.1260417103767395e-02 3.4754401445388794e-01 -7.2793132066726685e-01 8.2092136144638062e-01 1.3960011957063642e-01 1 0 0 0 0
P 10035 -211 -3.2787659764289856e-01 3.1029623746871948e-01 1.6662955284118652e-02 4.7281351685523987e-01 1.3959996193800525e-01 1 0 0 0 0
P 10036 -211 -2.0760169252753258e-02 1.4127391576766968e-01 -1.5231770277023315e-01 2.5115361809730530e-01 1.3959997636974156e-01 1 0 0 0 0
P 10037 211 -2.1247792989015579e-02 1.1855592578649521e-01 -1.7455439269542694e-01 2.5389835238456726e-01 1.3960000389803559e-01 1 0 0 0 0
P 10038 111 8.5087560117244720e-02 3.5020448267459869e-02 -5.3423905372619629e-01 5.5866152048110962e-01 1.3500001206090334e-01 1 0 0 0 0
P 10039 310 -2.2587835788726807e-02 -4.1555693745613098e-01 -1.9159508943557739e+00 2.0228126049041748e+00 4.9769993608899127e-01 1 0 0 0 0
P 10040 -211 -2.3057959973812103e-02 1.1066853255033493e-01 -4.0623050928115845e-01 4.4417405128479004e-01 1.3960002703766022e-01 1 0 0 0 0
P 10041 211 3.6953680217266083e-02 -7.1301229298114777e-02 -8.7885427474975586e-01 8.9348876476287842e-01 1.3959905705466860e-01 1 0 0 0 0
P 10042 111 1.1965993046760559e-01 -5.1456928253173828e-02 -4.6776640415191650e-01 5.0398081541061401e-01 1.3499977416265860e-01 1 0 0 0 0
P 10043 310 -1.0476683080196381e-01 -3.2793956995010376e-01 2.8673973083496094e+00 2.9305617809295654e+00 4.9769928424615534e-01 1 0 0 0 0
P 10044 321 -2.5469025969505310e-01 -7.7802978456020355e-02 5.1985609531402588e-01 7.6472991704940796e-01 4.9360009557848272e-01 1 0 0 0 0
P 10045 2112 -8.5589808225631714e-01 -9.8101086914539337e-02 1.7535697937011719e+01 1.7581975936889648e+01 9.3967566574097261e-01 1 0 0 0 0
P 10046 211 -2.0971927046775818e-01 -1.3196310400962830e-01 7.5952525138854980e+00 7.6005759239196777e+00 1.3963234710518266e-01 1 0 0 0 0
P 10047 -211 -2.2970157861709595e-01 -2.3857530951499939e-01 2.8611671924591064e+00 2.8836517333984375e+00 1.3960165757656684e-01 1 0 0 0 0
P 10048 111 8.3524629473686218e-02 6.8057471513748169e-01 1.8025158643722534e+00 1.9332478046417236e+00 1.3500120823611708e-01 1 0 0 0 0
P 10049 -321 -2.2771091759204865e-01 6.1677232384681702e-02 1.0032830238342285e+00 1.1427483558654785e+00 4.9359967173211772e-01 1 0 0 0 0
P 10050 211 -8.7881147861480713e-02 -3.4438756108283997e-01 2.4532350897789001e-01 4.5386961102485657e-01 1.3959982584728198e-01 1 0 0 0 0
P 10051 211 1.2505964934825897e-01 -1.9414448738098145e-01 7.0584802627563477e+00 7.0636358261108398e+00 1.3955452812473212e-01 1 0 0 0 0
P 10052 2212 -2.4865727126598358e-01 -2.6909768581390381e-01 -4.3592864990234375e+01 4.3604499816894531e+01 9.3823356457196350e-01 1 0 0 0 0
P 10053 -211 -2.7819983661174774e-03 -2.7532050013542175e-01 2.5616698265075684e+00 2.5802032947540283e+00 1.3959808347717401e-01 1 0 0 0 0
P 10054 211 -6.8709403276443481e-02 2.0376071333885193e-02 9.9280792474746704e-01 1.0051329135894775e+00 1.3960097477414482e-01 1 0 0 0 0
P 10055 -211 -1.1804629862308502e-01 -2.2204577922821045e-01 1.4453240633010864e+00 1.4736658334732056e+00 1.3960689129638709e-01 1 0 0 0 0
P 10056 111 2.0259211957454681e-01 4.0949186682701111e-01 1.9212310314178467e+00 1.9794149398803711e+00 1.3500989677631889e-01 1 0 0 0 0
P 10057 -211 5.1231223344802856e-01 3.2071319222450256e-01 1.5811375379562378e+00 1.6984713077545166e+00 1.3959976047145098e-01 1 0 0 0 0
P 10058 111 -6.1873942613601685e-02 2.7574196457862854e-01 1.7020514607429504e-01 3.5645022988319397e-01 1.3499984751612426e-01 1 0 0 0 0
P 10059 211 -1.1306782811880112e-01 3.9123594760894775e-02 1.5886753797531128e-02 1.8454124033451080e-01 1.3959975292047921e-01 1 0 0 0 0
P 10060 111 -4.6826142072677612e-01 -6.7617452144622803e-01 1.1169965267181396e+00 1.3936953544616699e+00 1.3499910649170158e-01 1 0 0 0 0
P 10061 310 7.5094115734100342e-01 4.7874516248703003e-01 -5.5662089586257935e-01 1.1621710062026978e+00 4.9769978255365160e-01 1 0 0 0 0
P 10062 130 -4.6030136942863464e-01 -5.1098132133483887e-01 -2.4825806617736816e+00 2.6237170696258545e+00 4.9769996763356905e-01 1 0 0 0 0
P 10063 22 1.3707429170608521e-01 6.5773719549179077e-01 -2.5602071285247803e+00 2.6468975543975830e+00 -1.2071674805135045e-03 1 0 0 0 0
P 10064 111 1.2984608113765717e-01 -3.6798574030399323e-02 -1.1335539817810059e-01 2.2201032936573029e-01 1.3500000078328328e-01 1 0 0 0 0
P 10065 111 7.3701508343219757e-02 -1.0737621784210205e-01 1.0345361232757568e+00 1.0514045953750610e+00 1.3500025304873944e-01 1 0 0 0 0
P 10066 111 5.6632094085216522e-02 -2.5404915213584900e-01 1.5287851095199585e+00 1.5566493272781372e+00 1.3500018979284850e-01 1 0 0 0 0
P 10067 111 -1.6242925822734833e-01 -9.1057673096656799e-02 1.3784368038177490e+00 1.3974934816360474e+00 1.3500090865577802e-01 1 0 0 0 0
P 10068 111 -7.5171917676925659e-02 -3.6588975787162781e-01 3.4160840511322021e-01 5.2387696504592896e-01 1.3499866643471178e-01 1 0 0 0 0
P 10069 111 -5.2424806356430054e-01 -1.3337674736976624e-01 -3.8564062118530273e-01 6.7791521549224854e-01 1.3499985851051202e-01 1 0 0 0 0
P 10070 211 3.1584583222866058e-02 3.9101409912109375e-01 -9.2486000061035156e-01 1.0142700672149658e+00 1.3959991730093957e-01 1 0 0 0 0
P 10071 111 2.9231545329093933e-01 -2.8287759423255920e-01 -5.7347714900970459e-01 7.1593922376632690e-01 1.3499953384861757e-01 1 0 0 0 0
P 10072 111 7.2305792570114136e-01 5.4084122180938721e-01 -7.4468445777893066e+00 7.5026021003723145e+00 1.3498933155462042e-01 1 0 0 0 0
P 10073 211 -2.0787002146244049e-01 -3.6797970533370972e-01 -5.1719608306884766e+00 5.1910772323608398e+00 1.3958864136798957e-01 1 0 0 0 0
P 10074 111 3.0447220802307129e-01 5.2775979042053223e-01 -2.7497780323028564e+00 2.8197052478790283e+00 1.3499902272977765e-01 1 0 0 0 0
P 10075 2212 6.3918292522430420e-01 2.1160916984081268e-01 -8.6506214141845703e+00 8.7273702621459961e+00 9.3830037215307338e-01 1 0 0 0 0
P 10076 211 1.1649284511804581e-01 5.8079995214939117e-02 -3.9588413238525391e+00 3.9634399414062500e+00 1.3959825530424838e-01 1 0 0 0 0
P 10077 111 -3.4905430674552917e-01 3.4387233853340149e-01 -1.0798974990844727e+01 1.0810928344726562e+01 1.3499528753375048e-01 1 0 0 0 0
P 10078 -211 -7.4335223436355591e-01 -8.9774209260940552e-01 -1.5212422370910645e+01 1.5257646560668945e+01 1.3953770147978731e-01 1 0 0 0 0
P 10079 2212 -7.8468781709671021e-01 -6.3056504726409912e-01 -1.6473297119140625e+01 1.6530675888061523e+01 9.3828571955488871e-01 1 0 0 0 0
P 10080 111 -9.6179060637950897e-02 -3.9245672523975372e-02 1.2598325312137604e-01 2.1186625957489014e-01 1.3499961985928802e-01 1 0 0 0 0
P 10081 111 -2.3671415448188782e-01 -1.6690692305564880e-01 4.9265849590301514e-01 5.8722102642059326e-01 1.3499862365614912e-01 1 0 0 0 0
P 10082 211 -2.3808544874191284e-01 2.6401272416114807e-01 4.0713813900947571e-01 5.5824345350265503e-01 1.3959545021541117e-01 1 0 0 0 0
P 10083 -211 -3.9585229754447937e-01 -1.5534411370754242e-01 2.1142349243164062e+00 2.1610875129699707e+00 1.3956750474486729e-01 1 0 0 0 0
P 10084 -211 3.5118639469146729e-01 2.2308239340782166e-01 9.1201327741146088e-02 4.4822269678115845e-01 1.3960037844888964e-01 1 0 0 0 0
P 10085 211 -4.4066414237022400e-02 -1.0270424187183380e-01 -2.7382558584213257e-01 3.2704535126686096e-01 1.3960014384412495e-01 1 0 0 0 0
P 10086 -211 4.3957272171974182e-01 6.0385540127754211e-02 -1.1259043216705322e-01 4.7857633233070374e-01 1.3959981846307026e-01 1 0 0 0 0
P 10087 211 5.5196210741996765e-02 -2.1418187022209167e-01 3.4669935703277588e-01 4.3429142236709595e-01 1.3959978568245471e-01 1 0 0 0 0
P 10088 22 -5.0127014517784119e-02 -2.7743524312973022e-01 -1.8864756822586060e-01 3.3922109007835388e-01 1.0602592743567188e-04 1 0 0 0 0
P 10089 111 5.4811263084411621e-01 -2.7850162982940674e-01 -2.0949900150299072e+00 2.1875095367431641e+00 1.3499702351825030e-01 1 0 0 0 0
P 10090 -211 2.0694807171821594e-01 4.0578651428222656e-01 -4.8348224163055420e-01 6.7877352237701416e-01 1.3960020468031498e-01 1 0 0 0 0
P 10091 111 8.3151054382324219e-01 5.6600511074066162e-01 -2.9501709938049316e+00 3.1198565959930420e+00 1.3499895184608154e-01 1 0 0 0 0
P 10092 -211 2.4885170161724091e-01 5.2257001399993896e-01 -3.7151052951812744e+00 3.7625124454498291e+00 1.3959211636484573e-01 1 0 0 0 0
P 10093 211 -7.6623156666755676e-02 -1.5354973077774048e-01 -1.5826108455657959e+00 1.5979965925216675e+00 1.3959725372972837e-01 1 0 0 0 0
P 10094 -2212 1.4781685173511505e-01 2.1642173826694489e-01 -1.4094973564147949e+01 1.4128602027893066e+01 9.3831087497863497e-01 1 0 0 0 0
P 10095 -211 -3.5528427362442017e-01 1.2946456670761108e-01 -6.0475320816040039e+00 6.0609512329101562e+00 1.3963373721226977e-01 1 0 0 0 0
P 10096 22 1.4486908912658691e-02 -1.6377326846122742e-01 8.3907306194305420e-01 8.5502898693084717e-01 -7.6731924163855316e-04 1 0 0 0 0
P 10097 22 -7.3356795310974121e-01 -4.1652628779411316e-01 1.5513122081756592e+00 1.7658380270004272e+00 -1.3114447140314014e-03 1 0 0 0 0
P 10098 -211 1.4965818822383881e-01 9.3800795078277588e-01 -3.2579982280731201e+00 3.3965125083923340e+00 1.3960041727677602e-01 1 0 0 0 0
P 10099 211 9.2691367864608765e-01 3.8435676693916321e-01 -1.8357583999633789e+01 1.8385519027709961e+01 1.3971586424380469e-01 1 0 0 0 0
P 10100 2212 -7.3749381303787231e-01 -2.9522019624710083e-01 -6.7779708862304688e+01 6.7790863037109375e+01 9.3868299696742941e-01 1 0 0 0 0
P 10101 2112 1.9060054421424866e-01 -1.9971062242984772e-01 -9.9995201110839844e+01 1.0000000000000000e+02 9.3996909658095307e-01 1 0 0 0 0
P 10102 111 2.9780170321464539e-01 2.8904953598976135e-01 -1.1613558232784271e-01 4.5160570740699768e-01 1.3499908439136760e-01 1 0 0 0 0
P 10103 3122 -1.2701457366347313e-02 4.9163749814033508e-01 -6.6980547904968262e+00 6.8081107139587402e+00 1.1156006276555201e+00 1 0 0 0 0
P 10104 -3112 9.2727474868297577e-02 -3.2478389143943787e-01 -1.5210905075073242e+01 1.5261700630187988e+01 1.1974096883930385e+00 1 0 0 0 0
P 10105 22 -1.9881282746791840e-01 -1.1369835585355759e-01 3.4215974807739258e-01 4.1173630952835083e-01 -6.0092424591764884e-04 1 0 0 0 0
P 10106 22 3.0674386024475098e-01 -9.4985559582710266e-02 1.1838957667350769e-01 3.4224241971969604e-01 -5.1993887302713350e-04 1 0 0 0 0
P 10107 22 -1.7719689011573792e-01 1.7049056291580200e-01 -3.4123834967613220e-01 4.2060613632202148e-01 3.7511599900347784e-04 1 0 0 0 0
P 10108 22 9.7541876137256622e-02 -3.0598145723342896e-01 -3.2828512787818909e-01 4.5924976468086243e-01 3.8910456168868578e-04 1 0 0 0 0
P 10109 2112 3.6441609263420105e-03 1.8711444735527039e-01 -2.0477029800415039e+01 2.0499431610107422e+01 9.3963918291429316e-01 1 0 0 0 0
P 10110 -211 -1.2334892153739929e-01 -2.0953625440597534e-01 -7.5484242439270020e+00 7.5536298751831055e+00 1.3962566597470055e-01 1 0 0 0 0
P 10111 211 -2.6917541399598122e-02 2.6324993371963501e-01 1.1499538421630859e+00 1.1882352828979492e+00 1.3958569690170430e-01 1 0 0 0 0
P 10112 3112 5.4097169637680054e-01 5.6053525209426880e-01 -1.5030619812011719e+02 1.5031298828125000e+02 1.1976654667132824e+00 1 0 0 0 0
P 10113 211 -1.3218997418880463e-01 3.0171666294336319e-02 3.3283847570419312e-01 3.8555696606636047e-01 1.3960015920546898e-01 1 0 0 0 0
P 10114 -211 1.5097454190254211e-02 -5.2636545151472092e-03 3.5917705297470093e-01 3.8568380475044250e-01 1.3960015286991878e-01 1 0 0 0 0
P 10115 111 -2.4716284871101379e-01 7.4805985204875469e-03 2.3762594163417816e-01 3.6856013536453247e-01 1.3500019298217478e-01 1 0 0 0 0
P 10116 111 -5.4897829890251160e-02 -2.4647609889507294e-01 -1.1351949721574783e-01 3.0801942944526672e-01 1.3500019857199744e-01 1 0 0 0 0
P 10117 130 -5.2293237298727036e-02 -1.7531500756740570e-01 -3.2086935043334961e+00 3.2522127628326416e+00 4.9769861907987306e-01 1 0 0 0 0
P 10118 310 -9.6926026046276093e-02 -2.7559345960617065e-01 -4.3590321540832520e+00 4.3970689773559570e+00 4.9770258366986997e-01 1 0 0 0 0
P 10119 310 5.4406762123107910e-01 1.4835685491561890e-02 -7.3488646745681763e-01 1.0411499738693237e+00 4.9770018485116491e-01 1 0 0 0 0
E 52 -1 -1.0000000000000000e+00 -1.0000000000000000e+00 -1.0000000000000000e+00 0 0 1 0 0 0 0
U GEV MM
H 1 1 1 1 0 0 0 0 0 7.8985700607299805e+00 1.8792010545730591e+00 1.0000000000000000e+00 4.2000000000000000e+01
V -1 0 0 0 0 0 2 53 0
P 10001 2212 0 0 1.0000000000000000e+02 1.0000000000000000e+02 0 101 0 0 -1 0
P 10002 3000001 0 0 -1.0000000000000000e+02 1.0000000000000000e+02 0 102 0 0 -1 0
P 10003 2212 -8.0440253019332886e-02 -3.5528492927551270e-01 4.8650177001953125e+01 4.8660587310791016e+01 9.3826280671815665e-01 1 0 0 0 0
P 10004 111 -6.1163961887359619e-01 -1.8563045188784599e-02 1.8251690864562988e+00 1.9297447204589844e+00 1.3499956281812406e-01 1 0 0 0 0
P 10005 -321 1.1269493401050568e-01 2.0672512054443359e-01 -4.6591985225677490e-01 7.1844100952148438e-01 4.9359978912022623e-01 1 0 0 0 0
P 10006 211 -7.9721522331237793e-01 9.7360491752624512e-01 1.6424721106886864e-02 1.2661825418472290e+00 1.3960590998585867e-01 1 0 0 0 0
P 10007 111 5.5420324206352234e-02 3.6457958817481995e-01 -2.1224990487098694e-01 4.4639161229133606e-01 1.3500281833153330e-01 1 0 0 0 0
P 10008 211 -2.2343317046761513e-02 5.1608614623546600e-02 4.9939054250717163e-01 5.2157616615295410e-01 1.3959982175200980e-01 1 0 0 0 0
P 10009 -211 8.0813638865947723e-02 2.1567228436470032e-01 2.7821419239044189e+00 2.7951469421386719e+00 1.3959715230169389e-01 1 0 0 0 0
P 10010 111 -2.8240010142326355e-01 -8.1909701228141785e-02 3.8027455806732178e+00 3.8164849281311035e+00 1.3499718101883640e-01 1 0 0 0 0
P 10011 321 1.5993360430002213e-02 8.6992311477661133e-01 8.1705617904663086e-01 1.2916046380996704e+00 4.9359875226930550e-01 1 0 0 0 0
P 10012 -211 9.1915652155876160e-02 1.2351214885711670e-01 7.4407649040222168e-01 7.7255511283874512e-01 1.3959885664809771e-01 1 0 0 0 0
P 10013 321 3.4190315008163452e-01 3.1963962316513062e-01 5.8368339538574219e+00 5.8763365745544434e+00 4.9359262536072518e-01 1 0 0 0 0
P 10014 -211 -2.0140145719051361e-01 9.9745321273803711e-01 5.1827239990234375e+00 5.2835206985473633e+00 1.3959750486678293e-01 1 0 0 0 0
P 10015 2212 3.3862596750259399e-01 -6.6702580451965332e-01 8.2220882177352905e-01 1.4546562433242798e+00 9.3829977612590998e-01 1 0 0 0 0
P 10016 -2212 -4.4060036540031433e-02 5.8833920955657959e-01 7.6495379209518433e-01 1.3467166423797607e+00 9.3830011110531375e-01 1 0 0 0 0
P 10017 3212 -2.5047132968902588e+00 8.4306865930557251e-01 -5.1495772600173950e-01 2.9447972774505615e+00 1.1926005541627052e+00 1 0 0 0 0
P 10018 -3112 7.8969830274581909e-01 -1.0935982465744019e+00 -1.9063706398010254e+00 2.6244230270385742e+00 1.1973999642077446e+00 1 0 0 0 0
P 10019 211 -1.0159126669168472e-01 -9.1324937343597412e-01 -1.9459375143051147e+00 2.1565032005310059e+00 1.3959957296239234e-01 1 0 0 0 0
P 10020 211 1.5280759334564209e-01 1.2123383581638336e-01 -5.6098794937133789e-01 6.1011755466461182e-01 1.3959995572787945e-01 1 0 0 0 0
P 10021 2212 4.8185491561889648e-01 2.1177856922149658e+00 -4.5123954772949219e+01 4.5185935974121094e+01 9.3825109024597397e-01 1 0 0 0 0
P 10022 211 6.3691020011901855e-01 -1.0546622425317764e-01 3.5824782848358154e+00 3.6428580284118652e+00 1.3959307422199249e-01 1 0 0 0 0
P 10023 -211 8.4055721759796143e-02 -2.1092987060546875e-01 5.6866264343261719e+00 5.6928696632385254e+00 1.3959951421883035e-01 1 0 0 0 0
P 10024 -321 -1.3741698861122131e-01 3.3944416046142578e-01 3.1018671989440918e+00 3.1621720790863037e+00 4.9360548116627800e-01 1 0 0 0 0
P 10025 211 3.9747247099876404e-01 3.5489723086357117e-02 4.8519420623779297e+00 4.8703265190124512e+00 1.3962356347383442e-01 1 0 0 0 0
P 10026 211 1.6217346489429474e-01 -2.0798128843307495e-01 5.5719125270843506e-01 6.3206553459167480e-01 1.3960049738364672e-01 1 0 0 0 0
P 10027 -211 3.5455811023712158e-01 -1.8465816974639893e-02 1.4597358703613281e+00 1.5087645053863525e+00 1.3960330068705792e-01 1 0 0 0 0
P 10028 321 3.2727047801017761e-01 1.7319154739379883e-01 1.7904671430587769e+00 1.8938099145889282e+00 4.9360117945219345e-01 1 0 0 0 0
P 10029 111 9.8062403500080109e-02 -2.6507252454757690e-01 3.7959456443786621e-01 4.9213495850563049e-01 1.3500039178582779e-01 1 0 0 0 0
P 10030 -211 -1.7038881778717041e-03 7.2485409677028656e-02 -8.7330415844917297e-02 1.7992161214351654e-01 1.3959995391727908e-01 1 0 0 0 0
P 10031 22 -9.4926148653030396e-02 -3.2545067369937897e-02 -1.7789548635482788e-01 2.0424732565879822e-01 1.0423597938953926e-04 1 0 0 0 0
P 10032 211 -3.3847481012344360e-01 -1.1928491294384003e-01 -1.5940791368484497e-01 4.1676512360572815e-01 1.3960013526004258e-01 1 0 0 0 0
P 10033 -211 -5.5993944406509399e-03 -1.2192059308290482e-02 5.9415549039840698e-02 1.5231007337570190e-01 1.3959996939730007e-01 1 0 0 0 0
P 10034 -211 9.7448639571666718e-02 2.1109491586685181e-02 1.7691081762313843e-01 2.4642927944660187e-01 1.3959980081313550e-01 1 0 0 0 0
P 10035 211 1.3188165426254272e-01 1.5579426288604736e-01 -9.1296829283237457e-02 2.6360550522804260e-01 1.3959988635427789e-01 1 0 0 0 0
P 10036 111 -2.3683287203311920e-01 3.1493240594863892e-01 -1.1592954397201538e-02 4.1669118404388428e-01 1.3499969139292331e-01 1 0 0 0 0
P 10037 130 -1.3569898903369904e-01 -1.5196416378021240e+00 -1.7992622852325439e+00 2.4109697341918945e+00 4.9770007550974771e-01 1 0 0 0 0
P 10038 -211 1.1327870190143585e-01 2.4876917898654938e-01 -7.5460904836654663e-01 8.1464165449142456e-01 1.3959957248410265e-01 1 0 0 0 0
P 10039 111 3.9059367030858994e-02 -2.6546406745910645e-01 -6.0304927825927734e-01 6.7371368408203125e-01 1.3499959572370332e-01 1 0 0 0 0
P 10040 111 7.3405072093009949e-02 3.3394448459148407e-02 -2.7795246243476868e-01 3.1935253739356995e-01 1.3499991840475048e-01 1 0 0 0 0
P 10041 2112 8.9981245994567871e-01 -1.5255961418151855e+00 -2.6893517971038818e+00 3.3544845581054688e+00 9.3959965463344530e-01 1 0 0 0 0
P 10042 111 1.7730490863323212e-01 -5.7628101110458374e-01 -6.6088920831680298e-01 9.0473002195358276e-01 1.3500012062720385e-01 1 0 0 0 0
P 10043 -2112 -5.6209254264831543e-01 -1.1230416297912598e+00 -3.3243429660797119e+00 3.6757690906524658e+00 9.3960189597900534e-01 1 0 0 0 0
P 10044 -211 7.6377004384994507e-02 -1.7899243533611298e-01 -1.3231272697448730e+00 1.3446285724639893e+00 1.3960117204968414e-01 1 0 0 0 0
P 10045 2112 -5.9062737226486206e-01 2.4182857573032379e-01 -3.2099065780639648e+00 3.4049477577209473e+00 9.3959951043108869e-01 1 0 0 0 0
P 10046 -211 -2.3510733246803284e-01 2.7095663547515869e-01 -7.4393200874328613e-01 8.3762520551681519e-01 1.3960012606016503e-01 1 0 0 0 0
P 10047 -2112 -3.9607381820678711e-01 1.6398991644382477e-01 -1.2190883636474609e+01 1.2234552383422852e+01 9.3960684463728616e-01 1 0 0 0 0
P 10048 211 1.3334956765174866e-01 -1.5090924501419067e-01 -2.9562132358551025e+00 2.9663510322570801e+00 1.3959241850504628e-01 1 0 0 0 0
P 10049 -211 -8.1125378608703613e-02 4.3167582154273987e-01 -3.9778106212615967e+00 4.0044217109680176e+00 1.3960859103741272e-01 1 0 0 0 0
P 10050 111 4.6949729323387146e-01 -1.9476048648357391e-01 -6.2084732055664062e+00 6.2307090759277344e+00 1.3504328625660220e-01 1 0 0 0 0
P 10051 130 2.6831674575805664e-01 -1.0159764438867569e-01 6.7189240455627441e-01 8.8400262594223022e-01 4.9769999193572922e-01 1 0 0 0 0
P 10052 310 5.1828026771545410e-01 -2.8414654731750488e-01 -1.3525807857513428e+00 1.5577336549758911e+00 4.9770037332231021e-01 1 0 0 0 0
P 10053 22 4.0200069546699524e-02 1.3260383903980255e-01 -2.8149557113647461e-01 3.1375077366828918e-01 -1.7975442512754559e-04 1 0 0 0 0
P 10054 211 6.3350565731525421e-02 -1.5692219138145447e-01 -2.9379794001579285e-01 3.6666500568389893e-01 1.3959988721051345e-01 1 0 0 0 0
P 10055 -211 -2.3299995809793472e-03 -1.3830649852752686e-01 -1.4007870852947235e-01 2.4133856594562531e-01 1.3959993694989234e-01 1 0 0 0 0
E 53 -1 -1.0000000000000000e+00 -1.0000000000000000e+00 -1.0000000000000000e+00 0 0 1 0 0 0 0
U GEV MM
H 1 1 6 6 0 0 0 5 0 5.5866870880126953e+00 3.9159062504768372e-01 5.5564057826995850e-01 4.2000000000000000e+01
V -1 0 0 0 0 0 2 130 0
P 10001 2212 0 0 1.0000000000000000e+02 1.0000000000000000e+02 0 101 0 0 -1 0
P 10002 3000001 0 0 -1.0000000000000000e+02 1.0000000000000000e+02 0 102 0 0 -1 0
P 10003 -211 2.1996086835861206e-01 2.3947724699974060e-01 -3.8425534963607788e-02 3.5594490170478821e-01 1.3959984195099384e-01 1 0 0 0 0
P 10004 211 -1.4129333198070526e-01 7.6855248212814331e-01 -5.0726771354675293e-02 7.9542320966720581e-01 1.3959997742718414e-01 1 0 0 0 0
P 10005 211 -3.1092488765716553e-01 4.7830295562744141e-01 3.4293422102928162e-01 6.8010294437408447e-01 1.3959989923625188e-01 1 0 0 0 0
P 10006 3212 -3.8842174690216780e-03 -7.5502622127532959e-01 8.8504445552825928e-01 1.6660368442535400e+00 1.1926002667240736e+00 1 0 0 0 0
P 10007 -3222 6.0515004396438599e-01 -2.5268441438674927e-01 -8.7887471914291382e-01 1.6177603006362915e+00 1.1893996928628390e+00 1 0 0 0 0
P 10008 111 2.2692835330963135e-01 -2.8441685438156128e-01 -2.7468965053558350e+00 2.7741763591766357e+00 1.3499865216479950e-01 1 0 0 0 0
P 10009 111 4.5098319649696350e-01 -6.1656516790390015e-01 -2.5166015625000000e+00 2.6334476470947266e+00 1.3499865116484208e-01 1 0 0 0 0
P 10010 -321 5.6217020750045776e-01 1.8902783095836639e-01 -1.4932782649993896e+00 1.6808593273162842e+00 4.9360028203864686e-01 1 0 0 0 0
P 10011 211 -2.2916680574417114e-01 1.0656241327524185e-01 -1.3758608102798462e+00 1.4058287143707275e+00 1.3960097459297219e-01 1 0 0 0 0
P 10012 211 -1.3973914086818695e-01 2.9459512233734131e-01 -8.0795370042324066e-02 3.6377105116844177e-01 1.3960004388389324e-01 1 0 0 0 0
P 10013 -211 -1.6970859467983246e-01 4.7718372941017151e-01 -3.3854210376739502e-01 6.2498342990875244e-01 1.3960018952441067e-01 1 0 0 0 0
P 10014 321 2.4083487689495087e-01 2.2415155172348022e-01 -7.6736944913864136e-01 9.6991866827011108e-01 4.9360003597900370e-01 1 0 0 0 0
P 10015 -211 -3.3996897935867310e-01 1.1663183569908142e-01 -2.9790472984313965e-01 4.8725482821464539e-01 1.3959995533972835e-01 1 0 0 0 0
P 10016 -321 5.1608633995056152e-01 1.9927495718002319e-01 8.3989012241363525e-01 1.1203178167343140e+00 4.9360001410218990e-01 1 0 0 0 0
P 10017 211 -5.5578134953975677e-02 1.5898494422435760e-01 -1.0516746342182159e-01 2.4272102117538452e-01 1.3959998990994535e-01 1 0 0 0 0
P 10018 -211 1.3829544186592102e-01 -5.1674187183380127e-02 1.6353841125965118e-01 2.6082324981689453e-01 1.3959980238439459e-01 1 0 0 0 0
P 10019 111 -5.4367905855178833e-01 -8.0677413940429688e-01 -1.2887677550315857e-01 9.9060869216918945e-01 1.3499972969512822e-01 1 0 0 0 0
P 10020 111 3.7612847983837128e-02 -2.9658397659659386e-02 -1.2138397991657257e-01 1.8775899708271027e-01 1.3500008711080366e-01 1 0 0 0 0
P 10021 111 -2.5131043046712875e-02 -2.7163922786712646e-02 -7.5920276343822479e-02 1.5924306213855743e-01 1.3500006093837094e-01 1 0 0 0 0
P 10022 111 -6.8414904177188873e-02 8.9140042662620544e-02 1.1749382317066193e-01 2.1132053434848785e-01 1.3500008679480141e-01 1 0 0 0 0
P 10023 211 1.6289889812469482e-01 5.0497464835643768e-02 -1.3847981393337250e-01 2.6028993725776672e-01 1.3959995560731345e-01 1 0 0 0 0
P 10024 111 3.8307607173919678e-01 4.2027860879898071e-02 -3.6319047212600708e-01 5.4648506641387939e-01 1.3499996644812895e-01 1 0 0 0 0
P 10025 310 1.6300590336322784e-01 -6.6823965311050415e-01 -3.2125661373138428e+00 3.3228604793548584e+00 4.9770013072361813e-01 1 0 0 0 0
P 10026 111 -1.0261242836713791e-01 3.6108890175819397e-01 -2.9754045605659485e-01 4.9766448140144348e-01 1.3500039862852839e-01 1 0 0 0 0
P 10027 111 7.8227028250694275e-02 8.7270975112915039e-02 -1.0836398601531982e-01 2.0905376970767975e-01 1.3500012636204906e-01 1 0 0 0 0
P 10028 111 2.7030101045966148e-03 4.7048312425613403e-01 -2.6467207074165344e-01 5.5645138025283813e-01 1.3500058178087770e-01 1 0 0 0 0
P 10029 310 -5.5528658628463745e-01 2.0370799303054810e-01 1.2429025769233704e-01 7.8293907642364502e-01 4.9770010036336415e-01 1 0 0 0 0
P 10030 130 9.5282584428787231e-02 -4.5234978199005127e-01 -7.9649597406387329e-01 1.0468095541000366e+00 4.9770001978429063e-01 1 0 0 0 0
P 10031 2212 -1.1475865542888641e-01 -5.4610200226306915e-02 5.4734642028808594e+01 5.4742828369140625e+01 9.3811939986483539e-01 1 0 0 0 0
P 10032 -321 3.9093557000160217e-01 -3.2502132654190063e-01 5.3637270927429199e+00 5.4103307723999023e+00 4.9360030262690735e-01 1 0 0 0 0
P 10033 211 -6.1231374740600586e-01 1.1475286483764648e+00 1.6370054483413696e+00 2.0954771041870117e+00 1.3959703494542261e-01 1 0 0 0 0
P 10034 111 1.0751836001873016e-01 7.2242867946624756e-01 2.2543308734893799e+00 2.3735406398773193e+00 1.3499661968131174e-01 1 0 0 0 0
P 10035 130 -3.4447717666625977e-01 5.1547372341156006e-01 1.6533107757568359e+00 1.8345352411270142e+00 4.9770005518539606e-01 1 0 0 0 0
P 10036 211 -1.9768397510051727e-01 2.6896786689758301e-01 -2.9459333047270775e-02 3.6301383376121521e-01 1.3960130287159683e-01 1 0 0 0 0
P 10037 2112 1.7733175307512283e-02 -2.6218253374099731e-01 -6.0475349426269531e+00 6.1257309913635254e+00 9.3959946240525127e-01 1 0 0 0 0
P 10038 -2112 1.7244352027773857e-02 4.5544305443763733e-01 -4.6951770782470703e+00 4.8099126815795898e+00 9.3959909791949225e-01 1 0 0 0 0
P 10039 2112 -4.0442822501063347e-03 -5.1560914516448975e-01 -3.5872974395751953e+01 3.5888980865478516e+01 9.3956714374847583e-01 1 0 0 0 0
P 10040 211 3.2517820596694946e-01 4.9619722366333008e-01 -4.6425423026084900e-01 7.6614153385162354e-01 1.3960053427671537e-01 1 0 0 0 0
P 10041 111 -7.4580147862434387e-02 -3.3994293212890625e-01 -2.9348859190940857e-01 4.7485157847404480e-01 1.3500026829137721e-01 1 0 0 0 0
P 10042 -211 2.0890280604362488e-01 1.5005004405975342e-01 -7.1412101387977600e-02 3.0123615264892578e-01 1.3959990452305412e-01 1 0 0 0 0
P 10043 111 -1.2066087126731873e-01 -3.9769500494003296e-01 -3.6213946342468262e-01 5.6753003597259521e-01 1.3499995537886994e-01 1 0 0 0 0
P 10044 321 -1.5206186473369598e-01 2.2754012048244476e-01 -7.1130638122558594e+00 7.1354198455810547e+00 4.9360131518529277e-01 1 0 0 0 0
P 10045 -211 2.5218245387077332e-01 -1.5342883765697479e-01 -4.8261694908142090e+00 4.8372035026550293e+00 1.3960434723584755e-01 1 0 0 0 0
P 10046 130 2.3736072704195976e-02 1.1981323361396790e-01 -2.3224416732788086e+01 2.3230070114135742e+01 4.9770103210546751e-01 1 0 0 0 0
P 10047 321 -5.7748806476593018e-01 -1.4197704382240772e-02 -1.0018935203552246e+00 1.2574281692504883e+00 4.9359997461307176e-01 1 0 0 0 0
P 10048 3122 2.7453619241714478e-01 1.5646277666091919e+00 -3.6074492931365967e+00 4.0965452194213867e+00 1.1155994636163622e+00 1 0 0 0 0
P 10049 -2212 1.0748293399810791e+00 -1.5707665681838989e+00 -4.4484128952026367e+00 4.9286255836486816e+00 9.3830013097239728e-01 1 0 0 0 0
P 10050 111 1.7653653025627136e-01 -8.3487778902053833e-01 -5.9864866733551025e-01 1.0510905981063843e+00 1.3500055337037803e-01 1 0 0 0 0
P 10051 -211 7.9867325723171234e-02 1.1864778352901340e-03 -2.1698580682277679e-01 2.7009478211402893e-01 1.3959997677245004e-01 1 0 0 0 0
P 10052 211 1.3485150039196014e-01 -5.7852592319250107e-02 -6.3443803787231445e-01 6.6598170995712280e-01 1.3960001612507345e-01 1 0 0 0 0
P 10053 111 -5.2347242832183838e-01 8.0484539270401001e-02 -2.1871805191040039e+00 2.2544367313385010e+00 1.3500077105495914e-01 1 0 0 0 0
P 10054 -211 -5.1726222038269043e-01 -1.0999406129121780e-01 -4.9062362313270569e-01 7.3475068807601929e-01 1.3959991367387534e-01 1 0 0 0 0
P 10055 211 -1.6208776831626892e-01 -4.9407474696636200e-02 -3.8589969277381897e-01 4.4398230314254761e-01 1.3960003376498858e-01 1 0 0 0 0
P 10056 211 6.3338410854339600e-01 3.6049649119377136e-01 -3.5674175620079041e-01 8.2333767414093018e-01 1.3959618878837282e-01 1 0 0 0 0
P 10057 111 -2.0625546574592590e-02 3.0326135456562042e-02 2.4307659268379211e-01 2.8045675158500671e-01 1.3499878494127845e-01 1 0 0 0 0
P 10058 -211 -2.9316407442092896e-01 3.3419388532638550e-01 -1.5238522291183472e+00 1.5935007333755493e+00 1.3960029927916562e-01 1 0 0 0 0
P 10059 111 -9.5339268445968628e-02 -3.9006355404853821e-01 -3.0613660812377930e+00 3.0905382633209229e+00 1.3500119033799404e-01 1 0 0 0 0
P 10060 -211 1.3147521018981934e-01 -1.3073952496051788e-01 -1.1428110599517822e+00 1.1661405563354492e+00 1.3959987142141633e-01 1 0 0 0 0
P 10061 211 4.1980808973312378e-01 -3.9337763190269470e-01 -2.4766767024993896e+00 2.5464487075805664e+00 1.3960207071795283e-01 1 0 0 0 0
P 10062 111 8.1567689776420593e-02 -3.1038802862167358e-01 -1.9799008369445801e+00 2.0102798938751221e+00 1.3499596756056217e-01 1 0 0 0 0
P 10063 211 -2.0705345273017883e-01 -3.3336974680423737e-02 -4.1003653407096863e-01 4.8124906420707703e-01 1.3960020185846120e-01 1 0 0 0 0
P 10064 111 4.7829753160476685e-01 2.3505491018295288e-01 -5.8969831466674805e-01 8.0621868371963501e-01 1.3500045969362062e-01 1 0 0 0 0
P 10065 22 2.0802514255046844e-01 -1.4054653048515320e-01 -6.7457127571105957e+00 6.7503824234008789e+00 -2.3508402050003876e-03 1 0 0 0 0
P 10066 22 -1.6003926098346710e-01 2.8985494747757912e-02 -8.0761170387268066e-01 8.2382619380950928e-01 4.5761623892943471e-04 1 0 0 0 0
P 10067 2112 1.3360990583896637e-01 -1.0173176974058151e-01 -5.2874668121337891e+01 5.2883285522460938e+01 9.3976473044505859e-01 1 0 0 0 0
P 10068 111 1.4182402193546295e-01 5.9429232031106949e-02 -4.1948499679565430e+00 4.1998376846313477e+00 1.3499791393511418e-01 1 0 0 0 0
P 10069 22 -5.6384128332138062e-01 -5.0223433971405029e-01 -9.8437225818634033e-01 1.2406227588653564e+00 -4.8748097007747477e-04 1 0 0 0 0
P 10070 22 -3.6806166172027588e-02 1.3238948583602905e-01 -1.4812532067298889e-01 2.0204646885395050e-01 -6.9830770049793544e-05 1 0 0 0 0
P 10071 111 -6.7626380920410156e-01 -4.7002872824668884e-01 -7.9027457237243652e+00 7.9466896057128906e+00 1.3500359508218868e-01 1 0 0 0 0
P 10072 2212 -4.9624305218458176e-02 1.4734137058258057e-01 -7.5949836730957031e+01 7.5955795288085938e+01 9.3859806916171284e-01 1 0 0 0 0
P 10073 211 -1.2954637408256531e-01 5.1951602101325989e-02 -1.4039577245712280e+00 1.4177682399749756e+00 1.3960035064313175e-01 1 0 0 0 0
P 10074 -211 5.5487984418869019e-01 -4.1787493228912354e-01 -1.5718443393707275e+00 1.7241500616073608e+00 1.3959837823686425e-01 1 0 0 0 0
P 10075 211 -9.6273258328437805e-02 -1.5246033668518066e-02 -1.4238901138305664e+00 1.4340336322784424e+00 1.3960093276724217e-01 1 0 0 0 0
P 10076 -211 5.2768051624298096e-02 3.4750583767890930e-01 -6.9373357295989990e-01 7.9012602567672729e-01 1.3959975539680042e-01 1 0 0 0 0
P 10077 111 -1.5683436393737793e-01 1.7122092843055725e-01 -4.3468716740608215e-01 5.1097124814987183e-01 1.3500021808890045e-01 1 0 0 0 0
P 10078 211 -9.0726613998413086e-03 7.0743478834629059e-02 -5.0952453613281250e+00 5.0976562500000000e+00 1.3959583821083366e-01 1 0 0 0 0
P 10079 -211 7.7531194686889648e-01 -2.5579046458005905e-02 -8.4314050674438477e+00 8.4681682586669922e+00 1.3971164304387956e-01 1 0 0 0 0
P 10080 111 2.3722597956657410e-01 -9.6787780523300171e-01 -7.3899082839488983e-02 1.0083431005477905e+00 1.3502267488774239e-01 1 0 0 0 0
P 10081 211 -6.5605796873569489e-02 -9.8186038434505463e-02 -7.9462659358978271e-01 8.1539219617843628e-01 1.3960082958819967e-01 1 0 0 0 0
P 10082 111 4.2582547664642334e-01 -5.7334963232278824e-02 -3.5310199260711670e+00 3.5596265792846680e+00 1.3500011506749551e-01 1 0 0 0 0
P 10083 -211 -9.7442072629928589e-01 1.0142595767974854e+00 -8.0775880813598633e+00 8.2003126144409180e+00 1.3956905625849786e-01 1 0 0 0 0
P 10084 -211 -1.5116590261459351e+00 -1.2922018766403198e-01 -1.3845479965209961e+01 1.3929056167602539e+01 1.3956856726174618e-01 1 0 0 0 0
P 10085 211 1.9470024108886719e-01 -3.0998764559626579e-02 -3.0528495311737061e+00 3.0623924732208252e+00 1.3960047552841401e-01 1 0 0 0 0
P 10086 -211 2.1756218373775482e-01 -1.6655306518077850e-01 -8.5692138671875000e+00 8.5747299194335938e+00 1.3961970604912924e-01 1 0 0 0 0
P 10087 2212 3.1420007348060608e-01 1.8436739919707179e-03 -1.6999168395996094e+01 1.7027942657470703e+01 9.3828562035715513e-01 1 0 0 0 0
P 10088 211 3.9357289671897888e-01 -1.2614534795284271e-01 -6.7807894945144653e-01 8.0628252029418945e-01 1.3960002507471433e-01 1 0 0 0 0
P 10089 -211 -1.0165303945541382e-02 5.7228338718414307e-01 -5.9401297569274902e-01 8.3663082122802734e-01 1.3959981048005746e-01 1 0 0 0 0
P 10090 211 -3.5096174478530884e-01 -2.9318198561668396e-01 -3.2311362028121948e-01 5.7707923650741577e-01 1.3960018124578522e-01 1 0 0 0 0
P 10091 -211 2.8580996394157410e-01 2.4258513748645782e-01 -2.4294768273830414e-01 4.6802419424057007e-01 1.3960009107810656e-01 1 0 0 0 0
P 10092 211 1.7227567732334137e-03 2.1105812489986420e-01 -8.3198213577270508e-01 8.6961543560028076e-01 1.3960025649048002e-01 1 0 0 0 0
P 10093 111 3.6527395248413086e-01 1.6699537634849548e-02 -6.7052760124206543e+00 6.7165951728820801e+00 1.3498288305719386e-01 1 0 0 0 0
P 10094 -211 -2.1235936880111694e-01 1.2097061425447464e-01 -4.3464679718017578e+00 4.3555722236633301e+00 1.3962512173074115e-01 1 0 0 0 0
P 10095 111 4.8452425003051758e-01 -9.9767759442329407e-02 -8.8741731643676758e+00 8.8889751434326172e+00 1.3495330558284532e-01 1 0 0 0 0
P 10096 211 -7.1956992149353027e-02 -3.7428414821624756e-01 -9.6594858169555664e+00 9.6680116653442383e+00 1.3970283082808840e-01 1 0 0 0 0
P 10097 111 -2.3259390145540237e-02 1.6641427576541901e-01 -1.1863839626312256e+00 1.2058051824569702e+00 1.3499822533295203e-01 1 0 0 0 0
P 10098 2212 -1.8829494714736938e-01 -2.0058265328407288e-01 -9.9995201110839844e+01 1.0000000000000000e+02 9.4024806023398411e-01 1 0 0 0 0
P 10099 211 5.7348525524139404e-01 -2.3428818583488464e-01 3.3426258563995361e+00 3.4024133682250977e+00 1.3961669099729515e-01 1 0 0 0 0
P 10100 321 4.6643927693367004e-01 5.8192658424377441e-01 6.8334305286407471e-01 1.1255236864089966e+00 4.9360074174789492e-01 1 0 0 0 0
P 10101 2112 1.1667797714471817e-01 -7.8675495460629463e-03 -7.4701293945312500e+01 7.4707298278808594e+01 9.3990604116005760e-01 1 0 0 0 0
P 10102 -211 8.9871674776077271e-02 2.6759269833564758e-01 5.3651995658874512e+00 5.3744344711303711e+00 1.3963070058511134e-01 1 0 0 0 0
P 10103 111 -5.5533444881439209e-01 -9.1504186391830444e-02 4.3517646789550781e+00 4.3900856971740723e+00 1.3500830109349324e-01 1 0 0 0 0
P 10104 -211 -5.3676718473434448e-01 -1.5305300056934357e-01 2.6855349540710449e+00 2.7464776039123535e+00 1.3963168574453325e-01 1 0 0 0 0
P 10105 211 1.7157748341560364e-01 1.8242451548576355e-01 6.2125325202941895e-01 6.8422389030456543e-01 1.3960369708907400e-01 1 0 0 0 0
P 10106 -211 -1.3156567513942719e-01 -2.9374399781227112e-01 -2.1074497699737549e-01 4.0926355123519897e-01 1.3959994955010974e-01 1 0 0 0 0
P 10107 111 4.2144605517387390e-01 1.7390325665473938e-01 3.4488268196582794e-02 4.7673219442367554e-01 1.3500009059282009e-01 1 0 0 0 0
P 10108 -321 -9.9671706557273865e-02 -4.8733878135681152e-01 -2.1917321681976318e+00 2.3010354042053223e+00 4.9359953139329182e-01 1 0 0 0 0
P 10109 211 -3.4745946526527405e-01 3.7681475281715393e-02 -1.6601659059524536e+00 1.7022887468338013e+00 1.3960003126155096e-01 1 0 0 0 0
P 10110 111 3.6735326051712036e-01 2.7467465400695801e-01 -2.2606642246246338e+00 2.3106756210327148e+00 1.3499816876841084e-01 1 0 0 0 0
P 10111 130 -4.3834021687507629e-01 -6.3181215524673462e-01 -6.3725886344909668e+00 6.4380836486816406e+00 4.9770113294109181e-01 1 0 0 0 0
P 10112 -211 -1.7276614904403687e-01 -1.9994364678859711e-01 -5.1225724220275879e+00 5.1312828063964844e+00 1.3960449905344424e-01 1 0 0 0 0
P 10113 211 -2.4860361218452454e-01 6.0201823711395264e-01 -1.0302115440368652e+01 1.0323628425598145e+01 1.3961235377590661e-01 1 0 0 0 0
P 10114 130 7.7180400490760803e-02 1.5035380423069000e-01 -5.1929378509521484e+00 5.2194705009460449e+00 4.9770041764889533e-01 1 0 0 0 0
P 10115 211 -7.1858155727386475e-01 -8.1747728586196899e-01 3.0436446666717529e+00 3.2354135513305664e+00 1.3964033736595502e-01 1 0 0 0 0
P 10116 321 -4.0719377994537354e-01 -2.7635174989700317e-01 -4.6859469413757324e+00 4.7375011444091797e+00 4.9360033609426185e-01 1 0 0 0 0
P 10117 111 -9.4347409904003143e-03 2.5460949540138245e-01 5.0872576236724854e-01 5.8475780487060547e-01 1.3499918360808097e-01 1 0 0 0 0
P 10118 111 8.4661871194839478e-02 -1.4434300363063812e-02 6.2472379207611084e-01 6.4488804340362549e-01 1.3499922473043260e-01 1 0 0 0 0
P 10119 111 3.4895222634077072e-03 2.3328881710767746e-02 3.3307415246963501e-01 3.6016625165939331e-01 1.3499971964233837e-01 1 0 0 0 0
P 10120 -211 -3.0283355712890625e-01 -8.8087655603885651e-02 1.0783483833074570e-01 3.6136376857757568e-01 1.3959879114675142e-01 1 0 0 0 0
P 10121 111 -4.9497410655021667e-02 -2.5585538148880005e-01 2.9153633117675781e-01 4.1367864608764648e-01 1.3499859234293077e-01 1 0 0 0 0
P 10122 211 2.7728813886642456e-01 1.5933763980865479e-01 -3.4274882078170776e-01 4.8912373185157776e-01 1.3959969733980354e-01 1 0 0 0 0
P 10123 111 -4.3643552064895630e-01 6.3757121562957764e-02 -1.1505112051963806e-02 4.6140897274017334e-01 1.3499977143571187e-01 1 0 0 0 0
P 10124 -211 3.0324363708496094e-01 -1.6864567995071411e-01 -6.7576007843017578e+00 6.7679438591003418e+00 1.3963398991557974e-01 1 0 0 0 0
P 10125 111 3.4084796905517578e-01 1.8105474114418030e-01 -1.5034335851669312e+00 1.5580421686172485e+00 1.3499887733541524e-01 1 0 0 0 0
P 10126 -211 -6.3709467649459839e-03 -1.8932878971099854e-01 -8.8525409698486328e+00 8.8556680679321289e+00 1.3960417962254817e-01 1 0 0 0 0
P 10127 211 -1.5011726319789886e-01 -3.0318933725357056e-01 -6.2374744415283203e+00 6.2482018470764160e+00 1.3957057768677125e-01 1 0 0 0 0
P 10128 111 -5.3606145083904266e-03 3.6994281411170959e-01 -4.4421381950378418e+00 4.4595632553100586e+00 1.3500467546272008e-01 1 0 0 0 0
P 10129 2112 -1.2669073045253754e-01 3.2182484865188599e-01 -5.3334247589111328e+01 5.3343647003173828e+01 9.3972758190677053e-01 1 0 0 0 0
P 10130 -211 2.3565378785133362e-01 1.6438191756606102e-02 -6.8721957206726074e+00 6.8776717185974121e+00 1.3961133079686425e-01 1 0 0 0 0
P 10131 130 -9.9402721971273422e-03 -3.5171896219253540e-02 -7.9089980125427246e+00 7.9247260093688965e+00 4.9769156097737394e-01 1 0 0 0 0
P 10132 2112 -7.2698302567005157e-02 1.4169138157740235e-03 -9.9995498657226562e+01 9.9999938964843750e+01 9.3955000624518092e-01 1 0 0 0 0
E 54 -1 -1.0000000000000000e+00 -1.0000000000000000e+00 -1.0000000000000000e+00 0 0 1 0 0 0 0
U GEV MM
H 1 1 1 1 0 0 0 0 0 7.4516625404357910e+00 5.1947569847106934e+00 9.9999994039535522e-01 4.2000000000000000e+01
V -1 0 0 0 0 0 2 36 0
P 10001 2212 0 0 1.0000000000000000e+02 1.0000000000000000e+02 0 101 0 0 -1 0
P 10002 3000001 0 0 -1.0000000000000000e+02 1.0000000000000000e+02 0 102 0 0 -1 0
P 10003 2212 1.8696619570255280e-01 -3.6898747086524963e-01 4.6750320434570312e+01 4.6761562347412109e+01 9.3816007371678511e-01 1 0 0 0 0
P 10004 -211 -4.6178322285413742e-02 -4.9576897174119949e-02 2.6983778476715088e+00 2.7028357982635498e+00 1.3959956084503708e-01 1 0 0 0 0
P 10005 111 1.6998980939388275e-01 1.2137332558631897e-01 8.7157783508300781e+00 8.7193250656127930e+00 1.3494191181249041e-01 1 0 0 0 0
P 10006 -211 1.6359749436378479e-01 3.4736847877502441e-01 3.0589120388031006e+00 3.0860753059387207e+00 1.3960276709881056e-01 1 0 0 0 0
P 10007 111 6.3564622402191162e-01 -3.8951468467712402e-01 -8.7508106231689453e-01 1.1574798822402954e+00 1.3500000175151802e-01 1 0 0 0 0
P 10008 321 6.6534347832202911e-02 6.8425223231315613e-02 -2.2820999145507812e+01 2.2826539993286133e+01 4.9377852849967308e-01 1 0 0 0 0
P 10009 -211 2.2128491103649139e-01 1.8128609657287598e-01 3.4099364280700684e+00 3.4247610569000244e+00 1.3960728031395059e-01 1 0 0 0 0
P 10010 211 -1.8884073197841644e-01 -2.6889353990554810e-01 2.8093638420104980e+00 2.8319563865661621e+00 1.3959663591865920e-01 1 0 0 0 0
P 10011 211 -4.6411871910095215e-02 2.3091614246368408e-01 7.8486627340316772e-01 8.3125168085098267e-01 1.3959929472350635e-01 1 0 0 0 0
P 10012 111 5.1201939582824707e-02 -5.3838396072387695e-01 2.1371092796325684e+00 2.2086060047149658e+00 1.3500178957923500e-01 1 0 0 0 0
P 10013 211 -6.2155008316040039e-01 -1.6156394034624100e-02 1.8691141903400421e-01 6.6408562660217285e-01 1.3960052274039941e-01 1 0 0 0 0
P 10014 111 7.6492309570312500e-02 1.2293818593025208e-01 4.8172616958618164e-01 5.2081674337387085e-01 1.3500039530004371e-01 1 0 0 0 0
P 10015 -211 -3.7469598650932312e-01 -1.4387845993041992e-02 -2.2014728188514709e-01 4.5668053627014160e-01 1.3960012202018793e-01 1 0 0 0 0
P 10016 310 1.0127963125705719e-01 1.1627665162086487e-01 -6.1738687753677368e-01 8.0786740779876709e-01 4.9770007897243379e-01 1 0 0 0 0
P 10017 211 2.4569116532802582e-02 -4.2912578582763672e-01 1.3165231049060822e-01 4.7071564197540283e-01 1.3960051286944092e-01 1 0 0 0 0
P 10018 2212 9.9188938736915588e-02 -2.1676023304462433e-01 -6.1065208435058594e+01 6.1072879791259766e+01 9.3815848145030256e-01 1 0 0 0 0
P 10019 211 1.6295389831066132e-01 -3.1083893775939941e-01 5.4453053474426270e+00 5.4583888053894043e+00 1.3958225428422200e-01 1 0 0 0 0
P 10020 111 -1.4837159216403961e-01 2.0964455604553223e-01 1.5534848213195801e+01 1.5537555694580078e+01 1.3477012244648387e-01 1 0 0 0 0
P 10021 22 1.0086247324943542e-01 2.5397634506225586e-01 4.8386967182159424e-01 5.5570411682128906e-01 -1.2734906187536219e-04 1 0 0 0 0
P 10022 22 -4.9502158164978027e-01 4.1725203394889832e-01 2.1332964897155762e+00 2.2293720245361328e+00 2.9089172126585649e-04 1 0 0 0 0
P 10023 111 -1.2372426688671112e-02 -7.7534896135330200e-01 1.2456045150756836e+00 1.4734563827514648e+00 1.3499635209994268e-01 1 0 0 0 0
P 10024 111 1.1742816120386124e-01 -2.8065755963325500e-02 2.3363582789897919e-01 2.9561403393745422e-01 1.3499961955953785e-01 1 0 0 0 0
P 10025 -211 3.2639843225479126e-01 8.0467402935028076e-02 -2.6947972178459167e-01 4.5289999246597290e-01 1.3959993986060185e-01 1 0 0 0 0
P 10026 111 -1.2001428753137589e-01 -2.0345661044120789e-01 2.4102890491485596e-01 3.6348029971122742e-01 1.3499990270300141e-01 1 0 0 0 0
P 10027 22 3.8685604929924011e-01 1.4577060937881470e-01 -1.5626348257064819e+00 1.6163954734802246e+00 2.3396270055729896e-04 1 0 0 0 0
P 10028 -211 -2.5203651189804077e-01 1.8574365973472595e-01 -8.9129173755645752e-01 9.5494091510772705e-01 1.3959971149323022e-01 1 0 0 0 0
P 10029 211 -3.5871028900146484e-02 1.3289491832256317e-01 -1.1908861994743347e-01 2.2938618063926697e-01 1.3959989411518292e-01 1 0 0 0 0
P 10030 111 -1.5963298082351685e-01 -1.9195967912673950e-01 -2.8242033720016479e-01 4.0039655566215515e-01 1.3499980720290097e-01 1 0 0 0 0
P 10031 310 7.9548418521881104e-02 -1.3085851073265076e-01 -3.4062292575836182e+00 3.4458026885986328e+00 4.9770122846384568e-01 1 0 0 0 0
P 10032 -211 2.3670814931392670e-02 3.2675689458847046e-01 -3.0166790485382080e+00 3.0376255512237549e+00 1.3959273590490379e-01 1 0 0 0 0
P 10033 130 1.3554698228836060e-01 -3.5220676660537720e-01 6.7612761259078979e-01 9.2047584056854248e-01 4.9769934067923771e-01 1 0 0 0 0
P 10034 310 -4.6214193105697632e-01 6.7537707090377808e-01 8.9665937423706055e-01 1.3120257854461670e+00 4.9769898123745088e-01 1 0 0 0 0
P 10035 -211 2.9957064986228943e-01 3.3832949399948120e-01 -9.7527587413787842e-01 1.0839098691940308e+00 1.3959997525772924e-01 1 0 0 0 0
P 10036 211 -1.9009350240230560e-01 6.8215057253837585e-03 -3.5927826166152954e-01 4.2982682585716248e-01 1.3959999401137588e-01 1 0 0 0 0
P 10037 130 -1.5874518454074860e-01 -2.0928874611854553e-02 -1.5747634172439575e+00 1.6592838764190674e+00 4.9769982001908053e-01 1 0 0 0 0
P 10038 2112 -1.1760863661766052e-01 3.4383216500282288e-01 -9.9994926452636719e+01 1.0000000000000000e+02 9.3948463674280169e-01 1 0 0 0 0
E 55 -1 -1.0000000000000000e+00 -1.0000000000000000e+00 -1.0000000000000000e+00 0 0 1 0 0 0 0
U GEV MM
H 1 1 2 2 0 0 0 1 0 8.0196638107299805e+00 2.6712117195129395e+00 7.6369035243988037e-01 4.2000000000000000e+01
V -1 0 0 0 0 0 2 101 0
P 10001 2212 0 0 1.0000000000000000e+02 1.0000000000000000e+02 0 101 0 0 -1 0
P 10002 3000001 0 0 -1.0000000000000000e+02 1.0000000000000000e+02 0 102 0 0 -1 0
P 10003 2112 -3.9675930142402649e-01 -4.8162880539894104e-01 -1.2500399351119995e+00 1.6836961507797241e+00 9.3960025506550127e-01 1 0 0 0 0
P 10004 -2212 -2.1885378658771515e-01 -5.2482854574918747e-02 -6.5735763311386108e-01 1.1675519943237305e+00 9.3830015011623524e-01 1 0 0 0 0
P 10005 -211 -4.0118023753166199e-01 -4.1185390949249268e-01 -1.5190323591232300e+00 1.6301892995834351e+00 1.3960164276481118e-01 1 0 0 0 0
P 10006 -211 -1.1614722758531570e-01 2.2297964990139008e-01 2.4983319640159607e-01 3.8093939423561096e-01 1.3959976114039074e-01 1 0 0 0 0
P 10007 111 8.5265660285949707e-01 -4.7419422864913940e-01 6.7144246101379395e+00 6.7862806320190430e+00 1.3499452732134815e-01 1 0 0 0 0
P 10008 111 -2.6654395461082458e-01 -6.1047807335853577e-02 1.5492622554302216e-01 3.4205210208892822e-01 1.3499996541612294e-01 1 0 0 0 0
P 10009 -211 5.0081449747085571e-01 -3.6158058047294617e-01 9.8784530162811279e-01 1.1734062433242798e+00 1.3960012489795026e-01 1 0 0 0 0
P 10010 211 -4.7915872931480408e-01 -2.3300115764141083e-01 3.9830680936574936e-02 5.5222928524017334e-01 1.3959968836708142e-01 1 0 0 0 0
P 10011 211 -1.0865594446659088e-01 -1.2626318633556366e-01 1.0999553203582764e+00 1.1212216615676880e+00 1.3959871450909753e-01 1 0 0 0 0
P 10012 -211 4.2696738243103027e-01 7.9276904463768005e-02 5.3990250825881958e-01 7.0680177211761475e-01 1.3959961820532607e-01 1 0 0 0 0
P 10013 22 -1.1891318857669830e-01 -3.9303499460220337e-01 3.1096249818801880e-02 4.1180557012557983e-01 -5.0653439459258308e-05 1 0 0 0 0
P 10014 22 -1.9043093919754028e-01 1.1130572855472565e-01 -2.0212481915950775e-01 2.9917779564857483e-01 5.5462790549992187e-05 1 0 0 0 0
P 10015 -211 2.0463395863771439e-02 -8.0727621912956238e-02 2.8753973543643951e-02 1.6507771611213684e-01 1.3960000663414038e-01 1 0 0 0 0
P 10016 211 -6.2609687447547913e-02 3.6674231290817261e-01 -2.7308326959609985e-01 4.8216447234153748e-01 1.3960017627346133e-01 1 0 0 0 0
P 10017 111 1.6571329534053802e-01 3.7598910927772522e-01 -1.0067014396190643e-01 4.4405877590179443e-01 1.3500004452596134e-01 1 0 0 0 0
P 10018 211 -4.7317987680435181e-01 9.9238991737365723e-02 -1.2775268554687500e+00 1.3730661869049072e+00 1.3960055115965223e-01 1 0 0 0 0
P 10019 111 3.9268329739570618e-02 3.1209224835038185e-02 1.2511259317398071e-01 1.9077250361442566e-01 1.3499988788609579e-01 1 0 0 0 0
P 10020 211 -1.0069124400615692e-01 9.4856344163417816e-02 -2.0913884043693542e-01 2.8699064254760742e-01 1.3959986276148856e-01 1 0 0 0 0
P 10021 111 9.3613058328628540e-01 3.0873823165893555e-01 -1.5691864490509033e+00 1.8580179214477539e+00 1.3499896253023994e-01 1 0 0 0 0
P 10022 211 4.3926756829023361e-02 -4.2432248592376709e-03 -3.5261827707290649e-01 3.8180544972419739e-01 1.3960009738717727e-01 1 0 0 0 0
P 10023 -211 -2.0982507616281509e-02 3.7596821784973145e-03 -3.9957085251808167e-01 4.2379170656204224e-01 1.3959994102001239e-01 1 0 0 0 0
P 10024 111 -1.1294020712375641e-01 5.8805060386657715e-01 -5.5457389354705811e-01 8.2724618911743164e-01 1.3500018856418944e-01 1 0 0 0 0
P 10025 22 1.2134944647550583e-01 4.6848289668560028e-02 5.7327855378389359e-02 1.4215108752250671e-01 -4.1511867267570350e-05 1 0 0 0 0
P 10026 211 -2.6566562056541443e-01 1.9973389804363251e-01 6.0317707061767578e-01 7.0269662141799927e-01 1.3959982541263946e-01 1 0 0 0 0
P 10027 111 3.7000545859336853e-01 3.8195329904556274e-01 6.5455210208892822e-01 8.5408186912536621e-01 1.3500008436651595e-01 1 0 0 0 0
P 10028 211 1.8183834850788116e-02 2.8746849298477173e-01 5.3466725349426270e-01 6.2315809726715088e-01 1.3959998539291193e-01 1 0 0 0 0
P 10029 -211 9.5564220100641251e-03 -1.5075221657752991e-02 3.5961583256721497e-01 3.8617393374443054e-01 1.3960004498914685e-01 1 0 0 0 0
P 10030 111 1.2242247164249420e-01 1.2794543802738190e-01 5.6528264284133911e-01 6.0755801200866699e-01 1.3499990734500031e-01 1 0 0 0 0
P 10031 -211 5.9901523590087891e-01 -8.1746345758438110e-01 -2.5446075946092606e-02 1.0233286619186401e+00 1.3960046631706938e-01 1 0 0 0 0
P 10032 211 6.0002818703651428e-02 1.5034633874893188e-01 4.6400815248489380e-02 2.1873627603054047e-01 1.3960001063177793e-01 1 0 0 0 0
P 10033 2112 5.1929718255996704e-01 8.0944634974002838e-02 2.5999164581298828e+01 2.6021446228027344e+01 9.3961868590891928e-01 1 0 0 0 0
P 10034 211 -1.3545861840248108e-01 -6.5576511621475220e-01 9.4524526596069336e-01 1.1667704582214355e+00 1.3959858313571921e-01 1 0 0 0 0
P 10035 -211 -1.5812830626964569e-01 4.0981989353895187e-02 5.1788263320922852e+00 5.1832823753356934e+00 1.3960630285945788e-01 1 0 0 0 0
P 10036 211 -2.3071095347404480e-01 1.9797027111053467e-01 6.4125781059265137e+00 6.4212975502014160e+00 1.3958685940357232e-01 1 0 0 0 0
P 10037 111 1.3249965012073517e-01 -2.5380868464708328e-02 1.2202336788177490e+00 1.2350686788558960e+00 1.3499653626523431e-01 1 0 0 0 0
P 10038 -321 4.0219953656196594e-01 3.7689211964607239e-01 9.3470392227172852e+00 9.3762779235839844e+00 4.9359227324895955e-01 1 0 0 0 0
P 10039 211 1.5139944851398468e-02 -2.1935117244720459e-01 3.0476641654968262e+00 3.0587725639343262e+00 1.3960149512035680e-01 1 0 0 0 0
P 10040 130 3.8781929761171341e-02 -1.0076560080051422e-01 5.9192246198654175e-01 7.8085535764694214e-01 4.9769985350714735e-01 1 0 0 0 0
P 10041 111 -2.0981435477733612e-01 7.3463451862335205e-01 8.1191104650497437e-01 1.1230030059814453e+00 1.3500468355936912e-01 1 0 0 0 0
P 10042 -321 1.5466828644275665e-01 -5.0664782524108887e-01 1.6586345434188843e+00 1.8097859621047974e+00 4.9360144079667456e-01 1 0 0 0 0
P 10043 111 1.0403484106063843e-02 -1.2134801149368286e+00 -9.4545251131057739e-01 1.5442630052566528e+00 1.3500206084422414e-01 1 0 0 0 0
P 10044 211 -2.9207858443260193e-01 9.6241697669029236e-02 -8.0638301372528076e-01 8.7425059080123901e-01 1.3960002448882206e-01 1 0 0 0 0
P 10045 2212 2.0177623629570007e-01 2.3380789756774902e+00 -6.7017793655395508e+00 7.1625123023986816e+00 9.3830105595272584e-01 1 0 0 0 0
P 10046 -211 -7.8673064708709717e-01 9.9236643314361572e-01 1.8836952447891235e+00 2.2741003036499023e+00 1.3960002551273779e-01 1 0 0 0 0
P 10047 211 -4.2562031745910645e-01 5.6392449140548706e-01 1.6525559425354004e+00 1.8026627302169800e+00 1.3960046226049178e-01 1 0 0 0 0
P 10048 111 -3.2605379819869995e-02 4.2495399713516235e-02 2.5396624207496643e-01 2.9256251454353333e-01 1.3500001115683360e-01 1 0 0 0 0
P 10049 -211 1.4084190130233765e-01 7.3240339756011963e-02 8.3546006679534912e-01 8.6179006099700928e-01 1.3959941795547096e-01 1 0 0 0 0
P 10050 111 -4.9930262565612793e-01 3.6159139871597290e-01 6.4797240495681763e-01 9.0451347827911377e-01 1.3499978959458292e-01 1 0 0 0 0
P 10051 2212 -7.0613270998001099e-01 -1.5622986480593681e-02 1.8759181499481201e+00 2.2132198810577393e+00 9.3829944836079304e-01 1 0 0 0 0
P 10052 211 -4.5240041613578796e-01 8.2701863721013069e-03 1.1576387882232666e+00 1.2507396936416626e+00 1.3959829780245703e-01 1 0 0 0 0
P 10053 -3222 1.0125132799148560e+00 -2.6528012752532959e-01 4.7049856185913086e+00 4.9645881652832031e+00 1.1894071177083176e+00 1 0 0 0 0
P 10054 111 2.8276503086090088e-01 -2.1085134148597717e-01 1.4604393243789673e+00 1.5084836483001709e+00 1.3500202262298472e-01 1 0 0 0 0
P 10055 22 8.8245332241058350e-02 -1.1107400059700012e-01 1.2235172837972641e-01 1.8733555078506470e-01 -9.5501413342367081e-05 1 0 0 0 0
P 10056 211 4.8509126901626587e-01 -4.2262688279151917e-02 1.8803508281707764e+00 1.9473849534988403e+00 1.3960388968350490e-01 1 0 0 0 0
P 10057 111 1.6776743531227112e-01 -7.0807701349258423e-01 3.7541091442108154e+00 3.8263661861419678e+00 1.3499538664537200e-01 1 0 0 0 0
P 10058 -211 1.7721867561340332e-01 -1.5890994668006897e-01 -3.1758421659469604e-01 4.2072165012359619e-01 1.3959993593345177e-01 1 0 0 0 0
P 10059 211 3.0342525243759155e-01 -6.0652041435241699e-01 5.3270077705383301e-01 8.7360870838165283e-01 1.3960000230465072e-01 1 0 0 0 0
P 10060 -211 4.0302395820617676e-01 -6.3605085015296936e-03 -1.8789239227771759e-01 4.6611216664314270e-01 1.3960026454254656e-01 1 0 0 0 0
P 10061 111 -1.2869891524314880e-01 -1.6315458714962006e-01 -5.8732789754867554e-01 6.3746529817581177e-01 1.3500043350561114e-01 1 0 0 0 0
P 10062 211 2.0116056501865387e-01 -1.7079913616180420e-01 5.0817400217056274e-01 5.8937841653823853e-01 1.3960008440839741e-01 1 0 0 0 0
P 10063 111 3.5925042629241943e-01 1.4460143446922302e-01 -1.1199475824832916e-01 4.2513319849967957e-01 1.3499987759114512e-01 1 0 0 0 0
P 10064 211 -8.1972455978393555e-01 3.8601681590080261e-01 -3.5807168483734131e-01 9.8420566320419312e-01 1.3959985648199022e-01 1 0 0 0 0
P 10065 -211 3.1321108341217041e-01 3.5003058612346649e-02 -5.8230638504028320e-02 3.4957882761955261e-01 1.3959997340554586e-01 1 0 0 0 0
P 10066 -211 1.5682315826416016e-01 2.3407743871212006e-01 -6.3819092512130737e-01 7.1145027875900269e-01 1.3959975629312657e-01 1 0 0 0 0
P 10067 111 -6.2542116641998291e-01 -1.6831509768962860e-01 -1.8005219697952271e+00 1.9182248115539551e+00 1.3500169046912339e-01 1 0 0 0 0
P 10068 211 -6.9486081600189209e-02 1.4380674064159393e-01 -4.0847110748291016e-01 4.6026679873466492e-01 1.3960009376441904e-01 1 0 0 0 0
P 10069 -211 -1.8229703605175018e-01 1.1365249752998352e-02 -1.4181169867515564e-01 2.7011126279830933e-01 1.3959999338883597e-01 1 0 0 0 0
P 10070 -211 -2.8109878301620483e-01 2.1936371922492981e-03 -2.0116579532623291e-01 3.7279644608497620e-01 1.3960005425152996e-01 1 0 0 0 0
P 10071 211 -3.2827305793762207e-01 2.0067617297172546e-01 -2.1959869861602783e+00 2.2338039875030518e+00 1.3959686326324297e-01 1 0 0 0 0
P 10072 130 -6.2765091657638550e-01 -4.6808019280433655e-01 -6.2649726867675781e+00 6.3332953453063965e+00 4.9769712171257025e-01 1 0 0 0 0
P 10073 -211 -2.3212537169456482e-01 3.3302485942840576e-01 -3.0737948417663574e+00 3.1036252975463867e+00 1.3959768307096945e-01 1 0 0 0 0
P 10074 211 -6.1380200088024139e-02 -1.9598041474819183e-01 -1.6931340694427490e+00 1.7112473249435425e+00 1.3960149745238074e-01 1 0 0 0 0
P 10075 111 3.8727593421936035e-01 -4.6663278341293335e-01 -4.1900577545166016e+00 4.2358632087707520e+00 1.3499753128026368e-01 1 0 0 0 0
P 10076 -211 5.1944650709629059e-02 -1.8676315248012543e-01 -2.9075360298156738e+00 2.9173331260681152e+00 1.3959972033070300e-01 1 0 0 0 0
P 10077 211 4.9866754561662674e-02 -8.9581191539764404e-01 -6.3621563911437988e+00 6.4266233444213867e+00 1.3959937217313614e-01 1 0 0 0 0
P 10078 111 -2.0845296978950500e-01 -1.7011269927024841e-01 -2.9856834411621094e+00 3.0008199214935303e+00 1.3499488633184553e-01 1 0 0 0 0
P 10079 211 -5.5921416729688644e-02 -7.7943027019500732e-02 -3.2923767566680908e+00 3.2967309951782227e+00 1.3960023785967832e-01 1 0 0 0 0
P 10080 -211 -1.0819722712039948e-01 7.3171012103557587e-02 -1.0538332462310791e+00 1.0710338354110718e+00 1.3960060445647923e-01 1 0 0 0 0
P 10081 111 3.0216506123542786e-01 -8.6300045251846313e-02 -5.9324383735656738e+00 5.9422898292541504e+00 1.3502568889253486e-01 1 0 0 0 0
P 10082 321 4.7385513782501221e-02 -1.0833153724670410e+00 -1.1374715805053711e+01 1.1436940193176270e+01 4.9358257000457606e-01 1 0 0 0 0
P 10083 -211 4.2389905452728271e-01 -3.6154836416244507e-01 -6.3574614524841309e+00 6.3833537101745605e+00 1.3957378450135982e-01 1 0 0 0 0
P 10084 -321 9.0485773980617523e-02 2.7500838041305542e-01 -2.2657165527343750e+00 2.3368632793426514e+00 4.9360024758428472e-01 1 0 0 0 0
P 10085 211 8.9767873287200928e-02 -2.1818180382251740e-01 -1.0712399482727051e+00 1.1057599782943726e+00 1.3960133319029941e-01 1 0 0 0 0
P 10086 -211 8.5249140858650208e-02 1.2194033861160278e+00 -3.3000879287719727e+00 3.5219712257385254e+00 1.3960280518410181e-01 1 0 0 0 0
P 10087 111 -1.0740042477846146e-01 9.9039518833160400e-01 -1.4178740978240967e+00 1.7381051778793335e+00 1.3500063621133859e-01 1 0 0 0 0
P 10088 211 1.2122441828250885e-01 -5.8089393377304077e-01 2.4177227020263672e+00 2.4933917522430420e+00 1.3959313871999254e-01 1 0 0 0 0
P 10089 -211 3.8166630268096924e-01 -1.6574069857597351e-01 4.5760411024093628e-01 6.3405728340148926e-01 1.3959932363183056e-01 1 0 0 0 0
P 10090 22 -6.1679255962371826e-01 3.4225833415985107e-01 -5.9000182151794434e-01 9.1960644721984863e-01 1.9865740780957924e-04 1 0 0 0 0
P 10091 22 1.1236201226711273e-01 6.4504146575927734e-02 -3.3318340778350830e-02 1.3377639651298523e-01 7.5535247197312642e-05 1 0 0 0 0
P 10092 130 1.5273830294609070e-01 1.9739012420177460e-01 -4.8283929824829102e+00 4.8603882789611816e+00 4.9769828074223893e-01 1 0 0 0 0
P 10093 321 -2.1481624245643616e-01 -9.6819721162319183e-02 1.9769532606005669e-02 5.4731339216232300e-01 4.9360007940813505e-01 1 0 0 0 0
P 10094 -211 3.9709925651550293e-02 5.8562606573104858e-01 -4.0040631294250488e+00 4.0492644309997559e+00 1.3959269565340146e-01 1 0 0 0 0
P 10095 211 -4.3898895382881165e-01 -1.0865128040313721e-01 -2.2849793434143066e+00 2.3334813117980957e+00 1.3959953568665617e-01 1 0 0 0 0
P 10096 -211 1.4986450970172882e-01 -5.3489935398101807e-01 -5.0583944320678711e+00 5.0907187461853027e+00 1.3959381157404141e-01 1 0 0 0 0
P 10097 111 -9.8842963576316833e-02 -1.8664665520191193e-01 -1.1351700127124786e-01 2.7516889572143555e-01 1.3499965277113601e-01 1 0 0 0 0
P 10098 321 -6.4668372273445129e-02 1.3740062713623047e-02 -9.8060297966003418e-01 1.0998156070709229e+00 4.9360042356421652e-01 1 0 0 0 0
P 10099 -211 1.1581318452954292e-02 3.5216677188873291e-01 -1.6041089296340942e+00 1.6482747793197632e+00 1.3960203383237216e-01 1 0 0 0 0
P 10100 310 -1.5285529196262360e-01 -4.6431574225425720e-01 -3.1341774463653564e+00 3.2108764648437500e+00 4.9770026963638386e-01 1 0 0 0 0
P 10101 2212 1.2253630161285400e-01 -4.3906308710575104e-02 -7.3607582092285156e+01 7.3613700866699219e+01 9.4014409013587419e-01 1 0 0 0 0
P 10102 -211 -6.5843105316162109e-02 1.3282230496406555e-01 -7.5355978012084961e+00 7.5383496284484863e+00 1.3965607733811408e-01 1 0 0 0 0
P 10103 130 5.1675260066986084e-01 1.2339256703853607e-01 -9.9479830265045166e-01 1.2327153682708740e+00 4.9769924685049771e-01 1 0 0 0 0
E 56 -1 -1.0000000000000000e+00 -1.0000000000000000e+00 -1.0000000000000000e+00 0 0 1 0 0 0 0
U GEV MM
H 1 1 3 3 0 0 0 2 0 6.4862036705017090e+00 2.7370576858520508e+00 8.4533792734146118e-01 4.2000000000000000e+01
V -1 0 0 0 0 0 2 48 0
P 10001 2212 0 0 1.0000000000000000e+02 1.0000000000000000e+02 0 101 0 0 -1 0
P 10002 3000001 0 0 -1.0000000000000000e+02 1.0000000000000000e+02 0 102 0 0 -1 0
P 10003 2212 -1.8058271706104279e-01 1.8907092511653900e-01 3.3785602569580078e+01 3.3799640655517578e+01 9.3830140150971253e-01 1 0 0 0 0
P 10004 -321 -1.4793433248996735e-01 1.2463107705116272e-01 6.0769157409667969e+00 6.0999970436096191e+00 4.9360058462270112e-01 1 0 0 0 0
P 10005 111 -3.1422036886215210e-01 9.2988264560699463e-01 2.3887603282928467e+00 2.5860812664031982e+00 1.3499716888472313e-01 1 0 0 0 0
P 10006 -211 -1.5696932375431061e-01 6.6189795732498169e-02 1.3811253547668457e+01 1.3813010215759277e+01 1.3966461622984591e-01 1 0 0 0 0
P 10007 211 -1.2991495430469513e-01 -5.0290060043334961e-01 7.9920182228088379e+00 8.0100955963134766e+00 1.3960400819387095e-01 1 0 0 0 0
P 10008 211 1.1788550019264221e-01 1.2997388839721680e-03 3.1625738143920898e+00 3.1678481101989746e+00 1.3960600752061844e-01 1 0 0 0 0
P 10009 -211 -1.6516637802124023e-01 2.6212027668952942e-01 8.0845937728881836e+00 8.0917320251464844e+00 1.3958410467664417e-01 1 0 0 0 0
P 10010 111 9.4111897051334381e-03 5.8314514160156250e-01 8.1332607269287109e+00 8.1552629470825195e+00 1.3504390838146735e-01 1 0 0 0 0
P 10011 321 -3.9557570219039917e-01 -6.2384313344955444e-01 7.8497262001037598e+00 7.8998408317565918e+00 4.9358217064404042e-01 1 0 0 0 0
P 10012 111 -2.3443044722080231e-01 8.2661069929599762e-02 1.4422580003738403e+00 1.4697359800338745e+00 1.3500083072979008e-01 1 0 0 0 0
P 10013 111 1.9523912668228149e-01 -4.1677933186292648e-03 4.5388910174369812e-01 5.1222652196884155e-01 1.3500002236217667e-01 1 0 0 0 0
P 10014 111 1.9196942448616028e-01 5.8460053056478500e-02 4.1996115446090698e-01 4.8462584614753723e-01 1.3500000650801761e-01 1 0 0 0 0
P 10015 111 1.0424508154392242e-01 -1.7357802018523216e-02 1.3306613266468048e-01 2.1702517569065094e-01 1.3500000334892692e-01 1 0 0 0 0
P 10016 111 -4.9633602611720562e-03 8.2482539117336273e-02 2.2437034547328949e-01 2.7458158135414124e-01 1.3499995809929910e-01 1 0 0 0 0
P 10017 111 -1.1165942996740341e-01 7.0934761315584183e-03 4.9231401085853577e-01 5.2260524034500122e-01 1.3500002312652976e-01 1 0 0 0 0
P 10018 111 -1.2026166915893555e-01 2.7059361338615417e-01 -7.0094770193099976e-01 7.7281075716018677e-01 1.3500004765140913e-01 1 0 0 0 0
P 10019 130 5.3232949972152710e-01 -2.7785361744463444e-03 -1.5896009206771851e+00 1.7486906051635742e+00 4.9770003921292699e-01 1 0 0 0 0
P 10020 130 1.3697338104248047e-01 -3.2547613978385925e-01 -6.3391721248626709e-01 8.7991684675216675e-01 4.9770091443466946e-01 1 0 0 0 0
P 10021 -211 2.9645922780036926e-01 6.2949620187282562e-02 -5.5241894721984863e+00 5.5342578887939453e+00 1.3960775945380030e-01 1 0 0 0 0
P 10022 111 -2.3223312199115753e-01 -1.5408381819725037e-01 -1.0070904731750488e+01 1.0075665473937988e+01 1.3505028963925941e-01 1 0 0 0 0
P 10023 2212 -1.0180875658988953e-02 -2.4674420058727264e-01 -6.1138847351074219e+01 6.1146541595458984e+01 9.3803375018612356e-01 1 0 0 0 0
P 10024 211 -3.4989982843399048e-02 -1.7036519944667816e-02 -2.0087989807128906e+01 2.0088510513305664e+01 1.3930401992102234e-01 1 0 0 0 0
P 10025 -211 1.3000199198722839e-01 -2.7475455403327942e-01 1.6186277568340302e-01 3.7158927321434021e-01 1.3960102769447036e-01 1 0 0 0 0
P 10026 111 8.8501065969467163e-01 2.7343532443046570e-01 3.0962648391723633e+00 3.2346742153167725e+00 1.3509470944683946e-01 1 0 0 0 0
P 10027 211 -2.2324235737323761e-01 -3.2273346185684204e-01 1.7337104678153992e-01 4.5115453004837036e-01 1.3960248061326475e-01 1 0 0 0 0
P 10028 111 -1.6515290737152100e-01 3.0123132467269897e-01 6.2109398841857910e-01 7.2249549627304077e-01 1.3500446625128454e-01 1 0 0 0 0
P 10029 -211 -3.0950596928596497e-01 1.6155637800693512e-01 -1.0912477970123291e+00 1.1542115211486816e+00 1.3959968757030852e-01 1 0 0 0 0
P 10030 111 2.6070263981819153e-01 -1.3476029038429260e-01 -4.7056961059570312e-01 5.7077759504318237e-01 1.3500037894189351e-01 1 0 0 0 0
P 10031 -211 -1.2504230439662933e-01 -3.6369562149047852e-03 -4.8277172446250916e-01 5.1788556575775146e-01 1.3959984219329552e-01 1 0 0 0 0
P 10032 211 -8.7859369814395905e-02 -3.4466168284416199e-01 -2.7564404010772705e+00 2.7827975749969482e+00 1.3959840340318724e-01 1 0 0 0 0
P 10033 111 2.3251426219940186e-01 -2.2886446118354797e-01 -1.6135023832321167e+00 1.6516829729080200e+00 1.3499955029401720e-01 1 0 0 0 0
P 10034 211 1.4859318733215332e-01 -1.6380108892917633e-02 -2.9927492141723633e-01 3.6249399185180664e-01 1.3960004387711500e-01 1 0 0 0 0
P 10035 -211 3.2486990094184875e-02 5.9105850756168365e-02 1.3472095131874084e-02 1.5562325716018677e-01 1.3960012429404653e-01 1 0 0 0 0
P 10036 111 -6.0226701200008392e-02 -4.5655600726604462e-02 -8.3226424455642700e-01 8.4652262926101685e-01 1.3500036914306057e-01 1 0 0 0 0
P 10037 211 3.4455072879791260e-01 -7.8734889626502991e-02 -1.8279275894165039e+00 1.8670089244842529e+00 1.3960180655760107e-01 1 0 0 0 0
P 10038 111 -3.1336423754692078e-01 -7.7437467873096466e-02 -1.0018320083618164e+00 1.0611722469329834e+00 1.3500169583589064e-01 1 0 0 0 0
P 10039 -211 1.3174109160900116e-01 4.5209771394729614e-01 -1.6781593322753906e+01 1.6788778305053711e+01 1.3947927361791257e-01 1 0 0 0 0
P 10040 111 -1.8597868084907532e-01 -5.8890707790851593e-02 -4.8759679794311523e+00 4.8817353248596191e+00 1.3498096291650249e-01 1 0 0 0 0
P 10041 2212 -2.2581371665000916e-01 -2.6183772087097168e-01 -2.9574337005615234e+01 2.9591236114501953e+01 9.3824018023308242e-01 1 0 0 0 0
P 10042 111 2.5476580858230591e-01 6.6541492938995361e-02 -6.9709825515747070e+00 6.9772596359252930e+00 1.3498483340061693e-01 1 0 0 0 0
P 10043 -211 1.9931204617023468e-02 -1.8830895423889160e-01 -2.3185515403747559e-01 3.3030655980110168e-01 1.3959977016408948e-01 1 0 0 0 0
P 10044 111 -2.7871772646903992e-01 3.6649253964424133e-01 -2.7084818482398987e-01 5.5098450183868408e-01 1.3499936807635926e-01 1 0 0 0 0
P 10045 211 2.7216586470603943e-01 -3.0640822649002075e-01 -1.9937674999237061e+00 2.0402348041534424e+00 1.3960284078436283e-01 1 0 0 0 0
P 10046 111 1.6513761878013611e-01 1.2821039557456970e-01 -4.2351140975952148e+00 4.2424197196960449e+00 1.3500118424065019e-01 1 0 0 0 0
P 10047 -211 3.4701008349657059e-02 1.4857789874076843e-01 -1.0013585090637207e+00 1.0224901437759399e+00 1.3959827531140781e-01 1 0 0 0 0
P 10048 111 -3.4638982266187668e-02 -5.4368764162063599e-01 -1.0755184173583984e+01 1.0769818305969238e+01 1.3492081060850875e-01 1 0 0 0 0
P 10049 2212 -3.6777767539024353e-01 2.1673512458801270e-01 -9.0211341857910156e+01 9.0217239379882812e+01 9.3906708471737010e-01 1 0 0 0 0
P 10050 111 1.1959312111139297e-01 -1.1342450231313705e-01 -2.1486059188842773e+01 2.1487117767333984e+01 1.3536191666300654e-01 1 0 0 0 0
E 57 -1 -1.0000000000000000e+00 -1.0000000000000000e+00 -1.0000000000000000e+00 0 0 1 0 0 0 0
U GEV MM
H 1 1 1 1 0 0 0 0 0 8.6239566802978516e+00 9.9203312397003174e-01 1.0000000000000000e+00 4.2000000000000000e+01
V -1 0 0 0 0 0 2 60 0
P 10001 2212 0 0 1.0000000000000000e+02 1.0000000000000000e+02 0 101 0 0 -1 0
P 10002 3000001 0 0 -1.0000000000000000e+02 1.0000000000000000e+02 0 102 0 0 -1 0
P 10003 211 1.0052053630352020e-01 -3.3176608383655548e-02 4.5021200180053711e+00 4.5055274963378906e+00 1.3960049487558945e-01 1 0 0 0 0
P 10004 -321 -3.0295591801404953e-02 2.0483277738094330e-01 2.0478958129882812e+01 2.0485952377319336e+01 4.9360351571907196e-01 1 0 0 0 0
P 10005 2112 2.5449749827384949e-01 2.4697127938270569e-01 2.7045146942138672e+01 2.7063787460327148e+01 9.3960352618574927e-01 1 0 0 0 0
P 10006 111 -1.8794480711221695e-02 -2.0401740074157715e-01 7.0917944908142090e+00 7.0960373878479004e+00 1.3498584178325385e-01 1 0 0 0 0
P 10007 310 -7.0974461734294891e-02 1.4925605058670044e-01 6.0006022453308105e-01 7.9692679643630981e-01 4.9770001301620975e-01 1 0 0 0 0
P 10008 211 -4.6681898832321167e-01 -3.6310449242591858e-02 1.7632375955581665e+00 1.8296811580657959e+00 1.3959908741801355e-01 1 0 0 0 0
P 10009 111 -5.8538347482681274e-02 7.7243492007255554e-02 5.6915849447250366e-01 5.9292459487915039e-01 1.3499958592128919e-01 1 0 0 0 0
P 10010 -211 -1.4100600779056549e-01 -6.0321092605590820e-02 4.4048720598220825e-01 4.8686593770980835e-01 1.3959990767143560e-01 1 0 0 0 0
P 10011 211 -8.4676176309585571e-02 -3.9583200216293335e-01 -5.7301503419876099e-01 7.1532279253005981e-01 1.3959741876004469e-01 1 0 0 0 0
P 10012 -211 6.1831462383270264e-01 1.1204160749912262e-01 -6.4890444278717041e-02 6.4696604013442993e-01 1.3959939638899413e-01 1 0 0 0 0
P 10013 111 -2.7649658918380737e-01 4.1728931665420532e-01 -3.5462978482246399e-01 6.2814635038375854e-01 1.3499931701010812e-01 1 0 0 0 0
P 10014 211 -8.3762630820274353e-02 -4.0472444891929626e-01 -9.7035360336303711e-01 1.0639034509658813e+00 1.3959362285763460e-01 1 0 0 0 0
P 10015 111 -2.5423064827919006e-01 7.6766207814216614e-02 -2.5353007316589355e+00 2.5527424812316895e+00 1.3497445072292741e-01 1 0 0 0 0
P 10016 310 4.3302398920059204e-01 1.0771706700325012e-01 2.2172544896602631e-01 7.0425862073898315e-01 4.9769999841170570e-01 1 0 0 0 0
P 10017 130 2.2072830796241760e-01 6.8020224571228027e-03 -1.2144941091537476e+00 1.3309644460678101e+00 4.9769786224372969e-01 1 0 0 0 0
P 10018 211 3.9430491626262665e-02 5.4915374517440796e-01 1.3945646286010742e+00 1.5057971477508545e+00 1.3960640143055522e-01 1 0 0 0 0
P 10019 2212 1.0048497915267944e+00 8.9850928634405136e-03 2.0133876800537109e-01 1.3895137310028076e+00 9.3830020447520701e-01 1 0 0 0 0
P 10020 211 1.0236904621124268e+00 -5.9414052963256836e-01 -8.3527076244354248e-01 1.4553731679916382e+00 1.3960186368733635e-01 1 0 0 0 0
P 10021 111 -1.6219049692153931e+00 -1.3805979490280151e+00 -4.1147885322570801e+00 4.6353354454040527e+00 1.3499481545180020e-01 1 0 0 0 0
P 10022 111 -4.7186097502708435e-01 2.5900492910295725e-03 -1.8798779249191284e+00 1.9428911209106445e+00 1.3500150742244291e-01 1 0 0 0 0
P 10023 -211 -2.5977352261543274e-01 7.6646000146865845e-01 -1.1726196289062500e+01 1.1754919052124023e+01 1.3963987776357856e-01 1 0 0 0 0
P 10024 -211 -5.7262647151947021e-01 -1.8300235271453857e-02 2.3619453907012939e+00 2.4344413280487061e+00 1.3958000057540604e-01 1 0 0 0 0
P 10025 211 -4.3290668725967407e-01 2.9198369383811951e-01 6.0821781158447266e+00 6.1061463356018066e+00 1.3953408752474206e-01 1 0 0 0 0
P 10026 22 -5.3978735208511353e-01 4.9674477428197861e-02 6.6101694107055664e+00 6.6323580741882324e+00 -1.9882546511090352e-03 1 0 0 0 0
P 10027 22 1.3299134373664856e-01 -4.1738439351320267e-02 2.0277936458587646e+00 2.0325787067413330e+00 5.7800062735049432e-04 1 0 0 0 0
P 10028 211 -3.9092147350311279e-01 1.0535679757595062e-01 2.8941369056701660e+00 2.9256508350372314e+00 1.3958770200365681e-01 1 0 0 0 0
P 10029 -211 -7.3555272817611694e-01 3.6388795822858810e-02 1.4571222066879272e+00 1.6386133432388306e+00 1.3959442334304262e-01 1 0 0 0 0
P 10030 22 -3.3840945363044739e-01 -1.9063347578048706e-01 1.5318260192871094e+00 1.5803015232086182e+00 -3.5986680913419343e-04 1 0 0 0 0
P 10031 -2212 2.0801570415496826e+00 9.1030281782150269e-01 7.3259687423706055e-01 2.5637490749359131e+00 9.3829984623804696e-01 1 0 0 0 0
P 10032 -211 6.4288026094436646e-01 1.9817383587360382e-01 5.8653861284255981e-01 9.0337336063385010e-01 1.3959937396302013e-01 1 0 0 0 0
P 10033 211 2.9763305187225342e-01 4.3869757652282715e-01 2.3923367261886597e-01 5.9813207387924194e-01 1.3960025241588545e-01 1 0 0 0 0
P 10034 111 4.3771333992481232e-02 -2.0053872466087341e-01 -7.2789490222930908e-03 2.4578386545181274e-01 1.3500005796100500e-01 1 0 0 0 0
P 10035 22 6.3564157485961914e-01 -1.2559650838375092e-01 2.0194466412067413e-01 6.7867249250411987e-01 1.0053226515265407e-04 1 0 0 0 0
P 10036 -211 2.3619833588600159e-01 2.7628242969512939e-01 -2.3887513577938080e-01 4.5680528879165649e-01 1.3959980852727033e-01 1 0 0 0 0
P 10037 111 1.1952039003372192e+00 2.1420513093471527e-01 4.2673301696777344e-01 1.2941105365753174e+00 1.3499930223811471e-01 1 0 0 0 0
P 10038 -211 -6.1641496419906616e-01 -9.2764025926589966e-01 -8.8037896156311035e-01 1.4265481233596802e+00 1.3960148136263884e-01 1 0 0 0 0
P 10039 111 1.1719971895217896e-02 1.2737736105918884e-02 2.2769466042518616e-02 1.3799658417701721e-01 1.3500000369753498e-01 1 0 0 0 0
P 10040 211 -1.0567728430032730e-01 -2.5502189993858337e-01 -4.1088262200355530e-01 5.1431173086166382e-01 1.3960003428376005e-01 1 0 0 0 0
P 10041 -211 6.7739784717559814e-03 -2.7930974960327148e-02 -3.9398506283760071e-01 4.1897302865982056e-01 1.3959993860551803e-01 1 0 0 0 0
P 10042 211 -1.1315353214740753e-02 -3.8899332284927368e-01 -1.3103750944137573e+00 1.3740506172180176e+00 1.3960074561999333e-01 1 0 0 0 0
P 10043 -211 -2.8255409002304077e-01 -5.4765921831130981e-01 -2.1251931190490723e+00 2.2171380519866943e+00 1.3959912293322599e-01 1 0 0 0 0
P 10044 111 1.8523898720741272e-01 -8.9295819401741028e-02 -7.1607339382171631e-01 7.5714820623397827e-01 1.3500027822091223e-01 1 0 0 0 0
P 10045 211 4.7457382082939148e-02 2.5525248050689697e-01 -1.1191617250442505e+00 1.1573319435119629e+00 1.3960024623927009e-01 1 0 0 0 0
P 10046 -321 -7.7308952808380127e-02 -2.4689269065856934e-01 -1.0434905290603638e+00 1.1829818487167358e+00 4.9359993443033584e-01 1 0 0 0 0
P 10047 211 -4.4972357153892517e-01 -1.2247396260499954e-01 -1.7577278614044189e+00 1.8238273859024048e+00 1.3959919948319766e-01 1 0 0 0 0
P 10048 211 2.9239413142204285e-01 -7.6357610523700714e-03 -7.1134862899780273e+00 7.1208653450012207e+00 1.3958306128284867e-01 1 0 0 0 0
P 10049 111 2.2996968030929565e-01 8.7867453694343567e-02 -2.9611482620239258e+00 2.9744291305541992e+00 1.3499214688938854e-01 1 0 0 0 0
P 10050 -211 2.0105482637882233e-01 -2.4637612700462341e-01 -6.0125331878662109e+00 6.0225543975830078e+00 1.3957756798923510e-01 1 0 0 0 0
P 10051 211 -2.6121121644973755e-01 1.0093616694211960e-01 -3.6424574851989746e+00 3.6558725833892822e+00 1.3960087785994388e-01 1 0 0 0 0
P 10052 2212 -3.4539481997489929e-01 1.2117784023284912e+00 -3.1439496994018555e+01 3.1478723526000977e+01 9.3827453950871587e-01 1 0 0 0 0
P 10053 -211 -9.0503729879856110e-02 7.7274918556213379e-02 -5.9014883041381836e+00 5.9043383598327637e+00 1.3958841410676512e-01 1 0 0 0 0
P 10054 -211 -1.7906194925308228e-01 -7.5052350759506226e-02 2.3092513084411621e+00 2.3215994834899902e+00 1.3959412300999227e-01 1 0 0 0 0
P 10055 211 -2.7947372198104858e-01 -2.2216227650642395e-01 1.3688941001892090e+00 1.4215555191040039e+00 1.3959727068167443e-01 1 0 0 0 0
P 10056 111 -7.5670450925827026e-02 1.6687113046646118e-01 7.3091089725494385e-01 7.6552438735961914e-01 1.3499946885014188e-01 1 0 0 0 0
P 10057 -211 1.0692968964576721e-02 2.7209511399269104e-01 1.2683174014091492e-01 3.3124691247940063e-01 1.3959991431225954e-01 1 0 0 0 0
P 10058 211 3.5978460311889648e-01 -1.8429210782051086e-01 2.4725820124149323e-01 4.9399730563163757e-01 1.3960006534307254e-01 1 0 0 0 0
P 10059 111 -1.7901226878166199e-01 -2.1869847178459167e-01 -5.3703272342681885e-01 6.2169408798217773e-01 1.3499992246476222e-01 1 0 0 0 0
P 10060 111 -7.4954882264137268e-02 2.2799700498580933e-02 -4.6744811534881592e-01 4.9281924962997437e-01 1.3500004275790214e-01 1 0 0 0 0
P 10061 111 -9.0067639946937561e-02 -1.4009684324264526e-01 -8.9445978403091431e-01 9.1979485750198364e-01 1.3499988661587470e-01 1 0 0 0 0
P 10062 310 -3.3696258068084717e-01 -6.8644516170024872e-02 -1.0252852439880371e+00 1.1904499530792236e+00 4.9770011941670639e-01 1 0 0 0 0
E 58 -1 -1.0000000000000000e+00 -1.0000000000000000e+00 -1.0000000000000000e+00 0 0 1 0 0 0 0
U GEV MM
H 1 1 8 8 0 0 0 7 0 2.4626133441925049e+00 4.0453338623046875e+00 3.6619329452514648e-01 4.2000000000000000e+01
V -1 0 0 0 0 0 2 155 0
P 10001 2212 0 0 1.0000000000000000e+02 1.0000000000000000e+02 0 101 0 0 -1 0
P 10002 3000001 0 0 -1.0000000000000000e+02 1.0000000000000000e+02 0 102 0 0 -1 0
P 10003 111 -9.3880724906921387e-01 3.6860162019729614e-01 7.0277070999145508e-01 1.2366640567779541e+00 1.3500041921281694e-01 1 0 0 0 0
P 10004 -211 -7.1190077066421509e-01 5.0048297643661499e-01 7.8233730792999268e-01 1.1784845590591431e+00 1.3960041399121279e-01 1 0 0 0 0
P 10005 211 -1.2718507051467896e+00 8.6918771266937256e-02 -6.3705134391784668e-01 1.4319503307342529e+00 1.3960030774128621e-01 1 0 0 0 0
P 10006 2112 -7.5866943597793579e-01 1.0849174261093140e+00 -5.7141458988189697e-01 1.7210427522659302e+00 9.3960012081440980e-01 1 0 0 0 0
P 10007 211 -3.4866410493850708e-01 -2.7497929334640503e-01 4.6847480535507202e-01 6.6040664911270142e-01 1.3959953115227702e-01 1 0 0 0 0
P 10008 -211 -7.1426250040531158e-02 -1.2227766215801239e-02 1.2981674075126648e-01 2.0394055545330048e-01 1.3959991589481144e-01 1 0 0 0 0
P 10009 -211 -5.5166578292846680e-01 -3.0636221170425415e-02 7.8822243213653564e-01 9.7265428304672241e-01 1.3959956197716591e-01 1 0 0 0 0
P 10010 211 -2.7243921160697937e-01 -3.9787831902503967e-01 3.9061117172241211e-01 6.3607823848724365e-01 1.3959999008400881e-01 1 0 0 0 0
P 10011 211 -1.9354975223541260e-01 -8.3724755048751831e-01 9.7960746288299561e-01 1.3105586767196655e+00 1.3960048854284873e-01 1 0 0 0 0
P 10012 -211 -8.8475778698921204e-02 1.5472540259361267e-01 5.4567456245422363e-01 5.9077650308609009e-01 1.3960026814044665e-01 1 0 0 0 0
P 10013 211 1.8341729044914246e-01 8.4687674045562744e-01 1.6940416395664215e-01 8.9388364553451538e-01 1.3959973147457339e-01 1 0 0 0 0
P 10014 111 3.5583454370498657e-01 2.5232714414596558e-01 5.5020220577716827e-02 4.5993420481681824e-01 1.3500014044979142e-01 1 0 0 0 0
P 10015 -211 2.8296153992414474e-02 -6.0617506504058838e-02 2.3692458868026733e-02 1.5660344064235687e-01 1.3959996629039351e-01 1 0 0 0 0
P 10016 211 -7.0847056806087494e-02 -1.2625479698181152e-01 2.5995090603828430e-01 3.2866728305816650e-01 1.3959989320808450e-01 1 0 0 0 0
P 10017 111 -1.6939376294612885e-01 -2.4539943039417267e-01 3.7755903601646423e-01 4.9969086050987244e-01 1.3500001124659719e-01 1 0 0 0 0
P 10018 310 -4.4988977909088135e-01 -3.1305199861526489e-01 5.6885576248168945e-01 9.3365114927291870e-01 4.9769993255229983e-01 1 0 0 0 0
P 10019 130 -5.8578085899353027e-01 -8.5164338350296021e-02 3.6744046211242676e-01 8.5621845722198486e-01 4.9770008438854046e-01 1 0 0 0 0
P 10020 2112 4.2224094271659851e-01 -1.5599960088729858e-01 6.2573748826980591e-01 1.2153264284133911e+00 9.3959972019506566e-01 1 0 0 0 0
P 10021 -2112 -2.0246413350105286e-01 -7.7539777755737305e-01 2.6139929890632629e-01 1.2623032331466675e+00 9.3959907415267574e-01 1 0 0 0 0
P 10022 -321 -9.4848465919494629e-01 -6.9484114646911621e-01 -3.9028629660606384e-02 1.2757707834243774e+00 4.9359952426171949e-01 1 0 0 0 0
P 10023 211 -4.6960834413766861e-02 -2.0304016768932343e-01 5.0424221903085709e-02 2.5585433840751648e-01 1.3960018145858741e-01 1 0 0 0 0
P 10024 -211 -9.9056757986545563e-02 2.7955746650695801e-01 -2.1501736640930176e+00 2.1750171184539795e+00 1.3959964694104735e-01 1 0 0 0 0
P 10025 2212 -3.0990937352180481e-01 -7.7238537371158600e-02 -2.5194477081298828e+01 2.5213966369628906e+01 9.3830436279156904e-01 1 0 0 0 0
P 10026 -211 2.5288504362106323e-01 4.3619945645332336e-01 7.5280314683914185e-01 9.1674470901489258e-01 1.3959753765193605e-01 1 0 0 0 0
P 10027 211 1.7528213560581207e-01 1.9892144203186035e-01 5.5987679958343506e-01 6.3501453399658203e-01 1.3959892733304671e-01 1 0 0 0 0
P 10028 111 1.9965256750583649e-01 3.4568202495574951e-01 3.2980185747146606e-01 5.3511786460876465e-01 1.3499871755922324e-01 1 0 0 0 0
P 10029 211 -1.6570582985877991e-01 2.4891093373298645e-02 1.6578432917594910e-01 2.7395358681678772e-01 1.3959991171543989e-01 1 0 0 0 0
P 10030 111 7.4297618865966797e-01 9.4329106807708740e-01 1.2765312194824219e+00 1.7577167749404907e+00 1.3499870578883974e-01 1 0 0 0 0
P 10031 130 -2.4881556630134583e-02 -4.1040733456611633e-01 -2.0990967750549316e-01 6.7883765697479248e-01 4.9769992936564011e-01 1 0 0 0 0
P 10032 211 -4.1387516260147095e-01 -1.0732024908065796e-02 -2.1300084888935089e-01 4.8607137799263000e-01 1.3960013001085902e-01 1 0 0 0 0
P 10033 -211 -9.7513087093830109e-02 -1.1177623271942139e-01 -2.3532725870609283e-01 3.1123915314674377e-01 1.3960001219864823e-01 1 0 0 0 0
P 10034 111 -3.4947392344474792e-01 -4.2203220725059509e-01 -6.0320764780044556e-02 5.6754457950592041e-01 1.3500017754887497e-01 1 0 0 0 0
P 10035 211 -1.6245806217193604e-01 2.1257264912128448e-01 -4.2917929589748383e-02 3.0481123924255371e-01 1.3960010662320194e-01 1 0 0 0 0
P 10036 -321 3.0177515745162964e-01 -3.1411653757095337e-01 -4.3877959251403809e-02 6.5977555513381958e-01 4.9360010434921092e-01 1 0 0 0 0
P 10037 211 2.9985395073890686e-01 -7.0319807529449463e-01 -5.7910156250000000e-01 9.6914744377136230e-01 1.3960022638596234e-01 1 0 0 0 0
P 10038 -211 -5.0863361358642578e-01 4.0180873870849609e-01 -1.3892420530319214e+00 1.5393635034561157e+00 1.3959977968407022e-01 1 0 0 0 0
P 10039 111 -7.7328354120254517e-02 1.2543603777885437e-02 -9.0303510427474976e-01 9.1642475128173828e-01 1.3499966245366557e-01 1 0 0 0 0
P 10040 211 2.5833576917648315e-01 1.0626926273107529e-01 -1.4964766502380371e+00 1.5287123918533325e+00 1.3960188559209716e-01 1 0 0 0 0
P 10041 -211 -6.7655988037586212e-02 2.4982400238513947e-01 -1.4170752763748169e+00 1.4472665786743164e+00 1.3960245681872957e-01 1 0 0 0 0
P 10042 111 -2.0133405923843384e-01 -2.8723455965518951e-02 -1.2981733083724976e+00 1.3209238052368164e+00 1.3500118643362732e-01 1 0 0 0 0
P 10043 211 2.9285150766372681e-01 3.3352079987525940e-01 -1.1433039903640747e+00 1.2343541383743286e+00 1.3959940920026950e-01 1 0 0 0 0
P 10044 -211 1.2498885393142700e-01 -2.8483390808105469e-02 -1.1624252796173096e+00 1.1777750253677368e+00 1.3959929271874516e-01 1 0 0 0 0
P 10045 111 4.2057660222053528e-01 6.1831358820199966e-02 -6.8740141391754150e-01 8.1942266225814819e-01 1.3500000110175300e-01 1 0 0 0 0
P 10046 22 -3.3143758773803711e-01 2.3135036230087280e-02 -5.0629639625549316e+00 5.0738534927368164e+00 -9.6168566579396986e-04 1 0 0 0 0
P 10047 22 4.6608619391918182e-02 2.1756397187709808e-01 -9.5498204231262207e-01 9.8055964708328247e-01 2.7402179733918274e-04 1 0 0 0 0
P 10048 -211 4.7555381059646606e-01 -7.3234051465988159e-02 -7.0472803115844727e+00 7.0650663375854492e+00 1.3959910948851181e-01 1 0 0 0 0
P 10049 211 4.7722846269607544e-01 5.0577938556671143e-01 -5.3879585266113281e+00 5.4344415664672852e+00 1.3963617866508185e-01 1 0 0 0 0
P 10050 310 -7.6786863803863525e-01 -2.4819965660572052e-01 1.9562679529190063e-01 9.6809130907058716e-01 4.9770033638658279e-01 1 0 0 0 0
P 10051 2212 -1.4261362552642822e+00 4.2331954836845398e-01 4.6607563018798828e+01 4.6640739440917969e+01 9.3839276728176035e-01 1 0 0 0 0
P 10052 -211 4.7445017099380493e-01 1.7657758295536041e-01 9.1433477401733398e+00 9.1584148406982422e+00 1.3954171071935492e-01 1 0 0 0 0
P 10053 211 -1.2532714009284973e-01 -1.3616822659969330e-01 7.0847994089126587e-01 7.4543958902359009e-01 1.3959826739329220e-01 1 0 0 0 0
P 10054 -211 1.3325758278369904e-01 -2.6643508672714233e-01 1.1650681495666504e+00 1.2106267213821411e+00 1.3959952213800456e-01 1 0 0 0 0
P 10055 111 6.7459188401699066e-02 1.0881283134222031e-01 1.4312052726745605e-01 2.3473268747329712e-01 1.3499990695772918e-01 1 0 0 0 0
P 10056 111 1.3109458982944489e-01 -2.8214806318283081e-01 4.6675711870193481e-01 5.7695800065994263e-01 1.3500002083782509e-01 1 0 0 0 0
P 10057 -211 2.7508163452148438e-01 -4.4933900237083435e-02 2.6738959550857544e-01 4.1069978475570679e-01 1.3959998700077528e-01 1 0 0 0 0
P 10058 111 -4.3982371687889099e-02 -5.6199647486209869e-02 -1.7456885427236557e-02 1.5369617938995361e-01 1.3499971597519475e-01 1 0 0 0 0
P 10059 -211 -1.6317978501319885e-01 1.2445359677076340e-01 -3.9553961753845215e+00 3.9631757736206055e+00 1.3959573195714436e-01 1 0 0 0 0
P 10060 -2112 2.5033426284790039e-01 3.5220301151275635e-01 -1.3186472892761230e+01 1.3226965904235840e+01 9.3959857163389338e-01 1 0 0 0 0
P 10061 2212 -1.9307518005371094e-01 5.5622112751007080e-01 -1.3141796112060547e+01 1.3188398361206055e+01 9.3828903598598545e-01 1 0 0 0 0
P 10062 22 -1.8848098814487457e-01 -3.3656007051467896e-01 2.6141252517700195e+00 2.6424324512481689e+00 8.1456173796082114e-04 1 0 0 0 0
P 10063 111 -2.9176419973373413e-01 4.0071538090705872e-01 5.0441880226135254e+00 5.0702824592590332e+00 1.3502682863167520e-01 1 0 0 0 0
P 10064 22 2.4507653713226318e-01 5.4045915603637695e-03 9.3604427576065063e-01 9.6761083602905273e-01 3.5377095058441782e-04 1 0 0 0 0
P 10065 -211 -1.9425272941589355e-02 -8.7734311819076538e-02 1.7237478494644165e-01 2.3932386934757233e-01 1.3960013343453390e-01 1 0 0 0 0
P 10066 211 1.9613513350486755e-01 2.6753309369087219e-01 4.4568270444869995e-01 5.7285630702972412e-01 1.3960060402535907e-01 1 0 0 0 0
P 10067 111 3.3451393246650696e-01 1.5556491911411285e-02 2.0553833246231079e-01 4.1546678543090820e-01 1.3500025270386842e-01 1 0 0 0 0
P 10068 -211 7.9129040241241455e-02 2.4005763232707977e-01 2.6636409759521484e-01 3.9284485578536987e-01 1.3960005867237840e-01 1 0 0 0 0
P 10069 211 1.0914835333824158e-01 -9.1673500835895538e-02 1.4776590466499329e-01 2.4827471375465393e-01 1.3960006130562011e-01 1 0 0 0 0
P 10070 111 6.3408553600311279e-01 6.7842394113540649e-02 2.9519927501678467e-01 7.1556597948074341e-01 1.3500000597180950e-01 1 0 0 0 0
P 10071 211 8.2475411891937256e-01 -1.9306273758411407e-01 5.2509832382202148e-01 1.0063344240188599e+00 1.3959994973756570e-01 1 0 0 0 0
P 10072 111 4.7690400481224060e-01 -7.5189697742462158e-01 9.9605405330657959e-01 1.3428087234497070e+00 1.3500035628815865e-01 1 0 0 0 0
P 10073 -211 -1.3110780715942383e-01 -7.1066409349441528e-02 -2.1503455936908722e-01 2.9659351706504822e-01 1.3960000360308913e-01 1 0 0 0 0
P 10074 111 4.4651007652282715e-01 3.8712084293365479e-01 2.5917273759841919e-01 6.5926420688629150e-01 1.3499996702617206e-01 1 0 0 0 0
P 10075 211 -7.7633097767829895e-02 -1.1878287047147751e-01 -9.7898793220520020e-01 9.9902039766311646e-01 1.3959984010407928e-01 1 0 0 0 0
P 10076 111 2.5256082415580750e-02 -1.4994341135025024e-01 5.1963597536087036e-02 2.0987161993980408e-01 1.3499994474418195e-01 1 0 0 0 0
P 10077 211 -5.1797449588775635e-02 -6.5806066989898682e-01 -7.4855818748474121e+00 7.5159258842468262e+00 1.3956744389554845e-01 1 0 0 0 0
P 10078 111 5.5092632770538330e-01 -1.4281924068927765e-01 -5.2116999626159668e+00 5.2444210052490234e+00 1.3497416751328767e-01 1 0 0 0 0
P 10079 -321 -3.3032065629959106e-01 3.5337719321250916e-01 -8.6192083358764648e+00 8.6468715667724609e+00 4.9360751448367229e-01 1 0 0 0 0
P 10080 211 1.0496933758258820e-01 -5.0431340932846069e-02 -7.3274064064025879e+00 7.3296608924865723e+00 1.3957891057231775e-01 1 0 0 0 0
P 10081 130 1.0276602208614349e-01 3.9936890825629234e-03 -8.2740201950073242e+00 8.2896137237548828e+00 4.9770342256041838e-01 1 0 0 0 0
P 10082 211 5.4481011629104614e-01 2.9945552349090576e-01 -1.3078807830810547e+01 1.3094321250915527e+01 1.3979654339221689e-01 1 0 0 0 0
P 10083 111 -1.7107042670249939e-01 -1.2873989343643188e-01 -3.1262445449829102e+00 3.1364741325378418e+00 1.3500362213439335e-01 1 0 0 0 0
P 10084 -211 -5.4729551076889038e-01 2.3156800866127014e-01 -1.5633198738098145e+01 1.5645112037658691e+01 1.3954127445434611e-01 1 0 0 0 0
P 10085 111 -5.8742105960845947e-02 5.0023481249809265e-02 -9.7759664058685303e-01 9.8988604545593262e-01 1.3500447256524031e-01 1 0 0 0 0
P 10086 211 -6.8240052461624146e-01 -6.1758875846862793e-02 -9.6213588714599609e+00 9.6467361450195312e+00 1.3959614415379568e-01 1 0 0 0 0
P 10087 -211 9.5555603504180908e-02 -3.2882982492446899e-01 -2.9848692417144775e+00 3.0076889991760254e+00 1.3960228690969201e-01 1 0 0 0 0
P 10088 211 -8.8830582797527313e-02 -1.8256974220275879e-01 -3.3869106769561768e+00 3.3958616256713867e+00 1.3960538606957754e-01 1 0 0 0 0
P 10089 -211 -1.7782969772815704e-01 -2.4061301350593567e-01 -3.2712585926055908e+00 3.2878777980804443e+00 1.3960519958763834e-01 1 0 0 0 0
P 10090 211 2.5671926140785217e-01 1.6427007317543030e-01 9.6453958749771118e-01 1.0211340188980103e+00 1.3960169261757807e-01 1 0 0 0 0
P 10091 -211 -1.4996200799942017e-02 3.4353840351104736e-01 5.0007066726684570e+00 5.0144596099853516e+00 1.3962246731190134e-01 1 0 0 0 0
P 10092 22 -1.0430112481117249e-02 -1.6634976863861084e-01 -3.4998836517333984e+00 3.5038504600524902e+00 1.1991525555031626e-03 1 0 0 0 0
P 10093 22 -3.8639378547668457e-01 -2.4811610579490662e-02 -1.7064486742019653e+00 1.7498239278793335e+00 9.6302588931105769e-04 1 0 0 0 0
P 10094 111 1.1229511350393295e-01 -2.8304791450500488e-01 -4.1996617317199707e+00 4.2128505706787109e+00 1.3499983545273264e-01 1 0 0 0 0
P 10095 -211 2.0206166803836823e-01 -3.0477285385131836e-01 -4.1916885375976562e+00 4.2099237442016602e+00 1.3960560744548431e-01 1 0 0 0 0
P 10096 211 2.9585069417953491e-01 -1.1365203559398651e-01 -2.0807228088378906e+00 2.1093459129333496e+00 1.3960069752410167e-01 1 0 0 0 0
P 10097 -211 -2.1010585129261017e-02 2.4556143581867218e-01 -4.4082808494567871e-01 5.2398407459259033e-01 1.3959959348428264e-01 1 0 0 0 0
P 10098 -211 -1.4927718043327332e-01 1.8946744501590729e-01 -9.5355492830276489e-01 9.9344700574874878e-01 1.3960072572053309e-01 1 0 0 0 0
P 10099 211 8.2395508885383606e-02 -1.6765087842941284e-02 -1.0606132745742798e+00 1.0730605125427246e+00 1.3960034856838779e-01 1 0 0 0 0
P 10100 111 -8.2246489822864532e-02 -1.6321183741092682e-01 -3.0213909149169922e+00 3.0299224853515625e+00 1.3499858346225849e-01 1 0 0 0 0
P 10101 -211 1.2541508674621582e-01 -3.4957784414291382e-01 -3.1252207756042480e+00 3.1503057479858398e+00 1.3959869779133310e-01 1 0 0 0 0
P 10102 211 2.7404453605413437e-02 3.0295163393020630e-01 -2.6173708438873291e+00 2.6386833190917969e+00 1.3960239053626214e-01 1 0 0 0 0
P 10103 211 -2.5555106997489929e-01 2.2135658562183380e-01 -1.8257147073745728e+00 1.8619955778121948e+00 1.3960032845547163e-01 1 0 0 0 0
P 10104 -211 -3.4474846720695496e-01 8.5554987192153931e-02 -3.1243901252746582e+00 3.1476137638092041e+00 1.3959795747916659e-01 1 0 0 0 0
P 10105 111 -1.1850589513778687e-01 2.7444219589233398e-01 -5.6539316177368164e+00 5.6634378433227539e+00 1.3499370751120726e-01 1 0 0 0 0
P 10106 211 3.8420975208282471e-02 1.5794208645820618e-01 -5.8737034797668457e+00 5.8776102066040039e+00 1.3959691450630238e-01 1 0 0 0 0
P 10107 111 -4.7886252403259277e-01 -3.2277071475982666e-01 -9.5758934020996094e+00 9.5942411422729492e+00 1.3504960747325193e-01 1 0 0 0 0
P 10108 2212 4.0231618285179138e-01 -7.9650431871414185e-02 -3.1378414154052734e+01 3.1395118713378906e+01 9.3829723521691699e-01 1 0 0 0 0
P 10109 111 4.0816885232925415e-01 -1.8237426877021790e-02 -1.4520358085632324e+01 1.4526734352111816e+01 1.3519462299445034e-01 1 0 0 0 0
P 10110 211 -7.6401732861995697e-02 8.3088383078575134e-02 -2.9102632999420166e+00 2.9157953262329102e+00 1.3960302756516349e-01 1 0 0 0 0
P 10111 -211 1.9745111465454102e-01 2.1904140710830688e-02 -2.7634911537170410e+00 2.7741372585296631e+00 1.3959741556179248e-01 1 0 0 0 0
P 10112 2212 3.4467890858650208e-01 1.0788847506046295e-01 -4.4142681121826172e+01 4.4154125213623047e+01 9.3810089222774984e-01 1 0 0 0 0
P 10113 111 -4.1931614279747009e-02 2.0569497346878052e-01 -5.5791831016540527e+00 5.5847630500793457e+00 1.3500207910618522e-01 1 0 0 0 0
P 10114 111 1.4811691641807556e-01 1.5471689403057098e-01 -5.7983393669128418e+00 5.8038640022277832e+00 1.3498890412407860e-01 1 0 0 0 0
P 10115 111 2.9972223564982414e-02 -1.0421855002641678e-01 -2.1839087009429932e+00 2.1907627582550049e+00 1.3499780941751383e-01 1 0 0 0 0
P 10116 111 3.9940461516380310e-02 -2.1063927561044693e-03 -1.7609958648681641e+00 1.7666156291961670e+00 1.3499876992332768e-01 1 0 0 0 0
P 10117 211 -2.1644678711891174e-01 2.1056720614433289e-01 -2.2660539150238037e+00 2.2903439998626709e+00 1.3959775053596152e-01 1 0 0 0 0
P 10118 -211 4.2851399630308151e-02 -4.2338363826274872e-02 -3.4198918342590332e+00 3.4232697486877441e+00 1.3959525331211850e-01 1 0 0 0 0
P 10119 211 1.9499427080154419e-01 3.6837138235569000e-02 -1.2347317695617676e+01 1.2349701881408691e+01 1.3965150467209675e-01 1 0 0 0 0
P 10120 2112 -3.6708924174308777e-01 -2.3547825217247009e-01 -7.7090339660644531e+01 7.7097290039062500e+01 9.3885986980634872e-01 1 0 0 0 0
P 10121 -211 1.5647122263908386e-01 1.0936914384365082e-01 -2.8375967025756836e+01 2.8376949310302734e+01 1.3893401135890876e-01 1 0 0 0 0
P 10122 22 -1.1614936590194702e-01 1.4891093596816063e-02 -8.5702419281005859e-01 8.6498731374740601e-01 4.0744850892872336e-04 1 0 0 0 0
P 10123 22 3.1978601217269897e-01 2.0580543577671051e-01 -1.4073685646057129e+01 1.4078822135925293e+01 -3.7282691680362934e-03 1 0 0 0 0
P 10124 -211 -3.7381693720817566e-02 4.5926528982818127e-03 -1.7124570906162262e-02 1.4560347795486450e-01 1.3960171337684729e-01 1 0 0 0 0
P 10125 2212 -1.4347167313098907e-01 -1.6330786049365997e-01 -7.2400836944580078e+00 7.3038668632507324e+00 9.3829935257643260e-01 1 0 0 0 0
P 10126 -3122 1.0922454297542572e-01 1.1044303886592388e-02 -1.5141198158264160e+01 1.5182638168334961e+01 1.1156021268010627e+00 1 0 0 0 0
P 10127 -321 -1.3843691349029541e-01 -1.2865117192268372e-01 -1.6741596221923828e+01 1.6749937057495117e+01 4.9359038590735960e-01 1 0 0 0 0
P 10128 2212 1.8392291665077209e-01 -1.4618614315986633e-01 -3.8137222290039062e+01 3.8149486541748047e+01 9.3829705927379359e-01 1 0 0 0 0
P 10129 111 -5.2163857966661453e-02 1.3290834426879883e-01 -3.2185432434082031e+01 3.2186035156250000e+01 1.3569235220558418e-01 1 0 0 0 0
P 10130 -211 5.8807712793350220e-01 3.2323181629180908e-01 -3.3074566721916199e-01 7.6104825735092163e-01 1.3960027998112134e-01 1 0 0 0 0
P 10131 211 4.8785548657178879e-02 -5.7547229528427124e-01 -4.7341369092464447e-02 5.9605312347412109e-01 1.3960561728733364e-01 1 0 0 0 0
P 10132 -211 8.6020934581756592e-01 -3.0276736617088318e-01 -2.3639354705810547e+00 2.5375790596008301e+00 1.3960078081236613e-01 1 0 0 0 0
P 10133 2212 -3.4737548232078552e-01 5.3384352475404739e-02 -4.5629322052001953e+01 4.5640319824218750e+01 9.3821272473596884e-01 1 0 0 0 0
P 10134 22 3.3293789625167847e-01 2.1986335515975952e-01 1.5721786767244339e-02 3.9929267764091492e-01 -2.6431818525843943e-04 1 0 0 0 0
P 10135 11 8.3868229389190674e-01 -3.8291215896606445e-02 -7.1095503866672516e-02 8.4256082773208618e-01 -1.7188399849047626e-04 1 0 0 0 0
P 10136 -11 1.0506579875946045e+00 -5.0087757408618927e-02 -8.3519361913204193e-02 1.0551619529724121e+00 5.2234815727112045e-04 1 0 0 0 0
P 10137 211 -8.7594792246818542e-02 1.2692014873027802e-01 -6.0241766273975372e-02 2.1656128764152527e-01 1.3959996102674233e-01 1 0 0 0 0
P 10138 -211 5.0647389888763428e-01 1.9316661357879639e-01 -4.1812098026275635e-01 6.9867193698883057e-01 1.3960003776466004e-01 1 0 0 0 0
P 10139 111 1.5022963285446167e-02 -3.1677931547164917e-02 -2.0898485183715820e-01 2.5125455856323242e-01 1.3500001529045505e-01 1 0 0 0 0
P 10140 211 -3.1080389395356178e-02 -1.9408881664276123e-01 -4.9565237760543823e-01 5.5117678642272949e-01 1.3959982490894790e-01 1 0 0 0 0
P 10141 -211 -6.9331347942352295e-02 -3.5528540611267090e-02 -3.6011760234832764e+00 3.6047227382659912e+00 1.3959998085806724e-01 1 0 0 0 0
P 10142 22 -3.1152409315109253e-01 -1.6278687119483948e-01 -5.6031985282897949e+00 5.6142120361328125e+00 -1.9459746653852712e-03 1 0 0 0 0
P 10143 22 3.3464010804891586e-02 -5.7700965553522110e-03 -1.0402411222457886e-02 3.5515531897544861e-02 9.3879265125021357e-05 1 0 0 0 0
P 10144 -211 4.2767323553562164e-02 1.2892277538776398e-01 -6.7378765344619751e-01 7.0137584209442139e-01 1.3959994254836444e-01 1 0 0 0 0
P 10145 211 1.9326305389404297e-01 -1.7520675063133240e-01 -1.6790660619735718e+00 1.7049337625503540e+00 1.3960043246862402e-01 1 0 0 0 0
P 10146 111 3.0632513761520386e-01 2.0881745219230652e-01 -3.9570212364196777e+00 3.9766416549682617e+00 1.3498877093055356e-01 1 0 0 0 0
P 10147 2212 1.7794027924537659e-02 -2.4942001700401306e-01 -8.3434743881225586e+00 8.3997917175292969e+00 9.3830115650819423e-01 1 0 0 0 0
P 10148 211 1.7900621891021729e-01 -3.2165542244911194e-01 -4.6391749382019043e+00 4.6558494567871094e+00 1.3958731971325508e-01 1 0 0 0 0
P 10149 -2212 -1.2182054668664932e-01 -4.5021176338195801e-01 -1.7254510879516602e+01 1.7286296844482422e+01 9.3828675079829582e-01 1 0 0 0 0
P 10150 -211 1.3823193311691284e-01 1.5276303887367249e-01 -3.4244408607482910e+00 3.4334719181060791e+00 1.3960512269033951e-01 1 0 0 0 0
P 10151 2112 3.0375614762306213e-01 4.1585558652877808e-01 1.3393011689186096e-01 1.0798095464706421e+00 9.3959976286313984e-01 1 0 0 0 0
P 10152 -2212 -3.5890197753906250e-01 -3.6175769567489624e-01 2.1045295894145966e-01 1.0882896184921265e+00 9.3829877220907731e-01 1 0 0 0 0
P 10153 2112 -3.2676637172698975e-01 5.7692002505064011e-02 -9.0166145324707031e+01 9.0171653747558594e+01 9.3982563519260820e-01 1 0 0 0 0
P 10154 -211 6.6132415086030960e-03 5.9545304626226425e-02 -5.1641955375671387e+00 5.1664299964904785e+00 1.3962084422455381e-01 1 0 0 0 0
P 10155 211 2.2974127903580666e-02 -8.6579639464616776e-03 -1.4580219984054565e-01 2.0334507524967194e-01 1.3960002599327845e-01 1 0 0 0 0
P 10156 211 3.7895508110523224e-02 2.1969296038150787e-01 -1.1541321277618408e+00 1.1837272644042969e+00 1.3960014966274439e-01 1 0 0 0 0
P 10157 111 1.0761907696723938e-01 -5.9969377517700195e-01 -1.7415169477462769e+00 1.8499515056610107e+00 1.3499927517067309e-01 1 0 0 0 0
E 59 -1 -1.0000000000000000e+00 -1.0000000000000000e+00 -1.0000000000000000e+00 0 0 1 0 0 0 0
U GEV MM
H 1 1 1 1 0 0 0 0 0 7.1930880546569824e+00 2.1759989261627197e+00 1.0000001192092896e+00 4.2000000000000000e+01
V -1 0 0 0 0 0 2 41 0
P 10001 2212 0 0 1.0000000000000000e+02 1.0000000000000000e+02 0 101 0 0 -1 0
P 10002 3000001 0 0 -1.0000000000000000e+02 1.0000000000000000e+02 0 102 0 0 -1 0
P 10003 111 -3.2565799355506897e-01 -6.2838596105575562e-01 7.8765950202941895e+00 7.9094810485839844e+00 1.3497888489575180e-01 1 0 0 0 0
P 10004 -211 1.7829485237598419e-01 3.9913225173950195e-01 1.2705872058868408e+00 1.3509166240692139e+00 1.3960038918575163e-01 1 0 0 0 0
P 10005 211 1.6576083004474640e-01 -1.8097230792045593e-01 7.0853171348571777e+00 7.0909404754638672e+00 1.3960765043445306e-01 1 0 0 0 0
P 10006 111 -2.2328457832336426e+00 7.0991992950439453e-01 1.1285915374755859e+01 1.1527345657348633e+01 1.3500170307040754e-01 1 0 0 0 0
P 10007 2212 2.4736769497394562e-01 1.2322955578565598e-01 2.9851312637329102e+01 2.9867336273193359e+01 9.3836751036669808e-01 1 0 0 0 0
P 10008 211 4.7989189624786377e-05 -1.0658407956361771e-01 1.3982874870300293e+01 1.3983980178833008e+01 1.3982787704753777e-01 1 0 0 0 0
P 10009 211 2.0020735263824463e-01 4.3042339384555817e-02 2.3796491622924805e+00 2.3925201892852783e+00 1.3959618013487993e-01 1 0 0 0 0
P 10010 -211 5.3790520876646042e-02 1.2506455183029175e-01 1.1813160181045532e+00 1.1973011493682861e+00 1.3959923132857566e-01 1 0 0 0 0
P 10011 111 -3.1047046184539795e-02 1.9552472233772278e-01 2.1264598369598389e+00 2.1399183273315430e+00 1.3500064193971689e-01 1 0 0 0 0
P 10012 -321 -3.3955320715904236e-02 5.2493631839752197e-01 1.0195837020874023e+00 1.2489607334136963e+00 4.9359992490817989e-01 1 0 0 0 0
P 10013 111 -3.3814609050750732e-01 8.0304503440856934e-02 1.1819205284118652e+00 1.2393354177474976e+00 1.3499833481783252e-01 1 0 0 0 0
P 10014 321 -9.9113458395004272e-01 1.7716088891029358e-01 3.9832808971405029e+00 4.1381034851074219e+00 4.9359903147436607e-01 1 0 0 0 0
P 10015 -211 -3.3119332790374756e-01 4.1903084516525269e-01 1.1080791950225830e+00 1.2379834651947021e+00 1.3959830946584395e-01 1 0 0 0 0
P 10016 321 -1.7676764726638794e-01 -3.3715080469846725e-02 5.3882832527160645e+00 5.4138340950012207e+00 4.9357845265579814e-01 1 0 0 0 0
P 10017 -211 5.3671276569366455e-01 2.0181800425052643e-01 6.6194510459899902e-01 8.8682019710540771e-01 1.3959814036471427e-01 1 0 0 0 0
P 10018 211 -3.2940497994422913e-01 -1.8352882564067841e-01 -7.0431746542453766e-02 4.0821471810340881e-01 1.3959998030845330e-01 1 0 0 0 0
P 10019 111 1.0113083124160767e+00 -3.5077336430549622e-01 3.6528038978576660e-01 1.1390527486801147e+00 1.3499979720589875e-01 1 0 0 0 0
P 10020 111 2.1747151017189026e-01 -2.0902641117572784e-01 5.2165883779525757e-01 6.1752641201019287e-01 1.3500010435120641e-01 1 0 0 0 0
P 10021 111 1.3155980110168457e+00 -4.5050257444381714e-01 -1.4992898702621460e+00 2.0493524074554443e+00 1.3499806924825072e-01 1 0 0 0 0
P 10022 211 -2.7559161186218262e-01 -2.6136207580566406e-01 -2.4109227955341339e-01 4.7103556990623474e-01 1.3959996295983937e-01 1 0 0 0 0
P 10023 -321 1.2489541620016098e-01 3.2089510560035706e-01 -1.8211302757263184e+00 1.9180012941360474e+00 4.9359998921643067e-01 1 0 0 0 0
P 10024 211 3.3780708909034729e-01 -1.5315878391265869e-01 -6.1874990463256836e+00 6.2001776695251465e+00 1.3959743145106640e-01 1 0 0 0 0
P 10025 -211 1.3227522373199463e-01 8.3396479487419128e-02 6.2569880485534668e-01 6.5987813472747803e-01 1.3960104114855906e-01 1 0 0 0 0
P 10026 211 1.3089564442634583e-01 5.4212087392807007e-01 1.0373002290725708e+00 1.1859631538391113e+00 1.3959987590138104e-01 1 0 0 0 0
P 10027 111 1.6314053535461426e-01 -2.3435956239700317e-01 3.6357995867729187e-01 4.8161667585372925e-01 1.3499999017003622e-01 1 0 0 0 0
P 10028 22 -1.4496731758117676e-01 -8.8528543710708618e-03 2.3504522442817688e-01 2.7629730105400085e-01 2.1176882678019499e-04 1 0 0 0 0
P 10029 22 3.5621792078018188e-01 -3.1794643402099609e-01 1.5838688611984253e-01 5.0305825471878052e-01 2.4485575740731242e-04 1 0 0 0 0
P 10030 -211 -2.5856846570968628e-01 1.0825719684362411e-01 2.7749359607696533e-01 4.1841143369674683e-01 1.3959999948617760e-01 1 0 0 0 0
P 10031 111 4.1227951645851135e-02 -2.0100015401840210e-01 -5.1719963550567627e-02 2.5099956989288330e-01 1.3500008720147688e-01 1 0 0 0 0
P 10032 -211 2.6343846321105957e-01 1.5743649005889893e-01 -4.0581500530242920e-01 5.2759844064712524e-01 1.3960022830782526e-01 1 0 0 0 0
P 10033 211 1.0373647511005402e-01 -3.6099201440811157e-01 -1.8515048027038574e+00 1.8943693637847900e+00 1.3960215355163874e-01 1 0 0 0 0
P 10034 -211 2.1052262187004089e-01 1.1275707185268402e-01 -2.3517146110534668e+00 2.3679285049438477e+00 1.3960609267299043e-01 1 0 0 0 0
P 10035 111 -5.1137226819992065e-01 2.0927573740482330e-01 -1.5491707324981689e+00 1.6502887010574341e+00 1.3499965725384563e-01 1 0 0 0 0
P 10036 321 7.9322755336761475e-03 -4.0554910898208618e-02 -3.4516279697418213e+00 3.4869875907897949e+00 4.9359821213702476e-01 1 0 0 0 0
P 10037 111 1.6182339191436768e-01 -3.9187872409820557e-01 -1.4299646615982056e+00 1.4975912570953369e+00 1.3499961235948935e-01 1 0 0 0 0
P 10038 211 -2.3501763120293617e-02 -9.9103078246116638e-02 -1.3983662128448486e+00 1.4090032577514648e+00 1.3960072399732798e-01 1 0 0 0 0
P 10039 -211 1.0927331447601318e-01 -1.0126739740371704e-01 -9.7586369514465332e-01 9.9699229001998901e-01 1.3959918274986063e-01 1 0 0 0 0
P 10040 111 -2.8341591358184814e-01 2.6186504960060120e-01 -3.4220051765441895e+00 3.4463372230529785e+00 1.3499237916092935e-01 1 0 0 0 0
P 10041 2112 -6.2558546662330627e-02 1.5519082546234131e-02 -4.7014545440673828e+01 4.7023975372314453e+01 9.3947986097018688e-01 1 0 0 0 0
P 10042 -211 6.9229029119014740e-02 -2.7867805957794189e-01 -2.3844156265258789e+01 2.3846294403076172e+01 1.3969479854000175e-01 1 0 0 0 0
P 10043 130 1.6246822476387024e-01 -2.9940417408943176e-01 3.6753847599029541e+00 3.7245402336120605e+00 4.9770275762546140e-01 1 0 0 0 0
E 60 -1 -1.0000000000000000e+00 -1.0000000000000000e+00 -1.0000000000000000e+00 0 0 1 0 0 0 0
U GEV MM
H 1 1 5 5 0 0 0 4 0 5.3173251152038574e+00 4.0528116226196289e+00 5.1648318767547607e-01 4.2000000000000000e+01
V -1 0 0 0 0 0 2 157 0
P 10001 2212 0 0 1.0000000000000000e+02 1.0000000000000000e+02 0 101 0 0 -1 0
P 10002 3000001 0 0 -1.0000000000000000e+02 1.0000000000000000e+02 0 102 0 0 -1 0
P 10003 2212 1.5811392068862915e+00 6.7656034231185913e-01 7.1170563697814941e+00 7.3817796707153320e+00 9.3832012021306921e-01 1 0 0 0 0
P 10004 111 -2.8608143329620361e-01 4.1869527101516724e-01 1.1474966071546078e-02 5.2488571405410767e-01 1.3500007972024611e-01 1 0 0 0 0
P 10005 -2112 -1.8817362189292908e-01 -4.4845280051231384e-01 -1.2311552762985229e+00 1.6233023405075073e+00 9.3959988722637611e-01 1 0 0 0 0
P 10006 2112 -1.0883152484893799e-01 -6.4246647059917450e-02 -1.7920191287994385e+00 2.0273511409759521e+00 9.3959999913474346e-01 1 0 0 0 0
P 10007 211 -8.2621705532073975e-01 -2.2084720432758331e-01 -5.7094869613647461e+00 5.7748713493347168e+00 1.3960526211696256e-01 1 0 0 0 0
P 10008 -211 4.5482441782951355e-02 4.8702262341976166e-02 6.4828790724277496e-02 1.6772443056106567e-01 1.3959996286709872e-01 1 0 0 0 0
P 10009 310 6.9257891178131104e-01 -1.1874804645776749e-01 6.8872374296188354e-01 1.1026388406753540e+00 4.9770008164027962e-01 1 0 0 0 0
P 10010 211 -1.2966761589050293e+00 -3.3096539974212646e-01 -1.0591959953308105e+01 1.0677079200744629e+01 1.3963326821267730e-01 1 0 0 0 0
P 10011 -211 -7.6421791315078735e-01 -6.3642948865890503e-01 -4.3634772300720215e+00 4.4775538444519043e+00 1.3958287786776422e-01 1 0 0 0 0
P 10012 130 -9.4666999578475952e-01 -4.2376881837844849e-01 -1.8881954252719879e-01 1.1658139228820801e+00 4.9769990033808614e-01 1 0 0 0 0
P 10013 211 -3.8012340664863586e-01 3.5681954026222229e-01 2.5567080974578857e+00 2.6130614280700684e+00 1.3971307263729976e-01 1 0 0 0 0
P 10014 -211 -2.4076931178569794e-02 3.6072278022766113e-01 -9.6996299922466278e-02 3.9949616789817810e-01 1.3960044117598330e-01 1 0 0 0 0
P 10015 -211 5.1316249370574951e-01 1.0172185301780701e-01 -2.2039349079132080e+00 2.2694714069366455e+00 1.3960053100513919e-01 1 0 0 0 0
P 10016 211 1.6184629499912262e-01 6.2194967269897461e-01 -3.0596792697906494e+00 3.1295592784881592e+00 1.3960094917077540e-01 1 0 0 0 0
P 10017 3122 4.2262223362922668e-01 1.1653148382902145e-01 -2.0344443321228027e+00 2.3612954616546631e+00 1.1156000079074764e+00 1 0 0 0 0
P 10018 -3212 1.6600213944911957e-01 -6.4093726873397827e-01 -2.9660739898681641e+00 3.2646970748901367e+00 1.1926000103429097e+00 1 0 0 0 0
P 10019 211 -3.7176474928855896e-01 1.4912101626396179e-01 -5.9187035560607910e+00 5.9338841438293457e+00 1.3958202447841866e-01 1 0 0 0 0
P 10020 -211 1.2260399013757706e-01 5.5293917655944824e-02 2.9429382085800171e-01 3.5240051150321960e-01 1.3959982731053686e-01 1 0 0 0 0
P 10021 211 2.7962633967399597e-01 -8.4127569198608398e-01 -9.9377103149890900e-02 9.0293931961059570e-01 1.3959916368746653e-01 1 0 0 0 0
P 10022 22 3.1979955732822418e-02 -2.4083485826849937e-02 -3.6252248287200928e-01 3.6472636461257935e-01 1.9646265943318037e-04 1 0 0 0 0
P 10023 321 3.6062178015708923e-01 1.7955505847930908e-01 -1.6288759708404541e+00 1.7490471601486206e+00 4.9359999259860865e-01 1 0 0 0 0
P 10024 111 2.2936415672302246e-01 -3.1088700890541077e-01 -7.2165191173553467e-01 8.2961750030517578e-01 1.3500024594659171e-01 1 0 0 0 0
P 10025 3122 -1.9227622449398041e-01 7.7669209241867065e-01 -5.8207607269287109e+00 5.9804711341857910e+00 1.1155979534502878e+00 1 0 0 0 0
P 10026 111 1.5101967751979828e-01 2.0603920519351959e-01 -2.3639361858367920e+00 2.3815286159515381e+00 1.3500059560049329e-01 1 0 0 0 0
P 10027 -2112 2.0249463617801666e-01 1.1394582688808441e-01 -1.4906002283096313e+00 1.7772800922393799e+00 9.3959978527435650e-01 1 0 0 0 0
P 10028 111 5.5118136107921600e-02 -8.7139457464218140e-02 -8.4596794843673706e-01 8.6285454034805298e-01 1.3499960756171989e-01 1 0 0 0 0
P 10029 -211 3.5344031453132629e-01 -3.9484542608261108e-01 -3.7533032894134521e+00 3.7930984497070312e+00 1.3959692121849634e-01 1 0 0 0 0
P 10030 111 1.7196518182754517e-01 3.5854291170835495e-02 -2.1840336918830872e-01 3.1109908223152161e-01 1.3500019754113934e-01 1 0 0 0 0
P 10031 -211 -2.0705290138721466e-01 4.3668776750564575e-01 -8.3152008056640625e-01 9.7184395790100098e-01 1.3959915422949834e-01 1 0 0 0 0
P 10032 211 3.7650939077138901e-02 -2.0557409524917603e-01 -3.0738547444343567e-02 2.5320205092430115e-01 1.3959985115456430e-01 1 0 0 0 0
P 10033 2112 -6.1196461319923401e-04 4.3187059462070465e-02 -4.8500476837158203e+01 4.8509597778320312e+01 9.3965828155450193e-01 1 0 0 0 0
P 10034 111 4.0159113705158234e-02 7.8088082373142242e-02 -4.3236012458801270e+00 4.3265991210937500e+00 1.3498784482584036e-01 1 0 0 0 0
P 10035 -211 3.4612655639648438e-02 -9.9375851452350616e-02 -5.7328385114669800e-01 5.9934651851654053e-01 1.3960042797212310e-01 1 0 0 0 0
P 10036 211 1.8519191071391106e-03 2.2768525779247284e-01 1.2674909830093384e-01 2.9563075304031372e-01 1.3960015043931356e-01 1 0 0 0 0
P 10037 211 1.7584683373570442e-02 6.5023350715637207e-01 1.8565658330917358e+00 1.9721658229827881e+00 1.3960123860318074e-01 1 0 0 0 0
P 10038 2112 4.4824093580245972e-01 -2.0501574873924255e-01 1.7861865758895874e+00 2.0775616168975830e+00 9.3960012471144005e-01 1 0 0 0 0
P 10039 -2112 6.3815093040466309e-01 3.4399032592773438e-01 1.9296904802322388e+00 2.2654180526733398e+00 9.3959972837966110e-01 1 0 0 0 0
P 10040 -211 1.5365728735923767e-01 -1.7564329504966736e-01 5.1824133843183517e-02 2.7683037519454956e-01 1.3960009572795801e-01 1 0 0 0 0
P 10041 211 8.8799193501472473e-02 1.1682602018117905e-01 2.2804987430572510e-01 3.0500581860542297e-01 1.3960010191408156e-01 1 0 0 0 0
P 10042 111 -9.4897113740444183e-02 6.4420807361602783e-01 6.2244307249784470e-02 6.6791379451751709e-01 1.3499992153124440e-01 1 0 0 0 0
P 10043 211 9.9224358797073364e-01 -3.7185251712799072e-01 -2.9613537788391113e+00 3.1483211517333984e+00 1.3960028167511151e-01 1 0 0 0 0
P 10044 -211 4.9270847439765930e-01 -2.9737186431884766e-01 -7.9445499181747437e-01 9.9087768793106079e-01 1.3960011455641935e-01 1 0 0 0 0
P 10045 211 -8.2087889313697815e-02 1.1237411946058273e-01 -1.2246279716491699e+00 1.2403903007507324e+00 1.3959965957842851e-01 1 0 0 0 0
P 10046 211 7.8696705400943756e-02 8.1042453646659851e-02 -3.4596171230077744e-02 1.8288280069828033e-01 1.3960004653807292e-01 1 0 0 0 0
P 10047 3122 -9.9743098020553589e-02 2.7938121557235718e-01 -2.1232374012470245e-01 1.1737321615219116e+00 1.1155999583869349e+00 1 0 0 0 0
P 10048 -3322 -2.0173287391662598e-01 -4.4716516137123108e-01 1.6401836872100830e+00 2.1586611270904541e+00 1.3149001862721541e+00 1 0 0 0 0
P 10049 -321 2.5166517496109009e-01 -2.8890940546989441e-01 1.1925429105758667e+00 1.3463299274444580e+00 4.9360072438224400e-01 1 0 0 0 0
P 10050 -211 -2.1698389947414398e-01 2.0053578913211823e-01 -3.8564674556255341e-02 3.2904711365699768e-01 1.3959997682136074e-01 1 0 0 0 0
P 10051 3212 -5.6221807003021240e-01 -2.0393089950084686e-01 -3.0981638431549072e+00 3.3732168674468994e+00 1.1926004635904546e+00 1 0 0 0 0
P 10052 -3312 -1.6927686929702759e+00 -1.3164225816726685e+00 -5.5441966056823730e+00 6.0895304679870605e+00 1.3212990034979715e+00 1 0 0 0 0
P 10053 -211 1.9626039266586304e-01 8.3014937117695808e-03 1.1859150230884552e-01 2.6858735084533691e-01 1.3960001463840144e-01 1 0 0 0 0
P 10054 111 1.9570511579513550e+00 7.3986835777759552e-02 2.1977279186248779e+00 2.9468212127685547e+00 1.3499618147323203e-01 1 0 0 0 0
P 10055 -211 -4.2975202202796936e-02 -1.4476309716701508e-01 1.7100204527378082e-01 2.6745668053627014e-01 1.3959997911857419e-01 1 0 0 0 0
P 10056 211 -1.4493100345134735e-01 -1.7922702431678772e-01 2.9642051458358765e-01 4.0060031414031982e-01 1.3960002942857555e-01 1 0 0 0 0
P 10057 -211 -1.1064277887344360e+00 -1.6181203722953796e-01 2.0619069039821625e-01 1.1455862522125244e+00 1.3959825706396672e-01 1 0 0 0 0
P 10058 111 -1.1292243003845215e+00 -8.1253457069396973e-01 -2.7144110202789307e-01 1.4238204956054688e+00 1.3499845437759614e-01 1 0 0 0 0
P 10059 211 -6.8206238746643066e-01 -7.2847139835357666e-01 2.5633534789085388e-01 1.0397478342056274e+00 1.3959967600730697e-01 1 0 0 0 0
P 10060 111 -1.1536373198032379e-01 7.3646336793899536e-02 -2.2996559739112854e-01 2.9973617196083069e-01 1.3500008599510438e-01 1 0 0 0 0
P 10061 -211 -7.6031529903411865e-01 -1.7898915708065033e-01 -1.7242373526096344e-01 8.1199425458908081e-01 1.3960033204312658e-01 1 0 0 0 0
P 10062 211 -6.2021517753601074e-01 -2.0127296447753906e-03 -4.2653486132621765e-01 7.6556587219238281e-01 1.3960014044570232e-01 1 0 0 0 0
P 10063 111 -4.3325623869895935e-01 -3.4601914882659912e-01 -3.8031917810440063e-01 6.8579006195068359e-01 1.3500041522181269e-01 1 0 0 0 0
P 10064 321 -3.0044585466384888e-01 4.5943716168403625e-01 -1.0275167226791382e-01 7.4535167217254639e-01 4.9360003234965899e-01 1 0 0 0 0
P 10065 -211 -1.4140649139881134e-01 -1.2607243657112122e-01 -3.3400720357894897e-01 4.0858170390129089e-01 1.3959993426771802e-01 1 0 0 0 0
P 10066 111 -2.7562871575355530e-02 1.5097777545452118e-01 -5.1874145865440369e-02 2.1087893843650818e-01 1.3499999665246018e-01 1 0 0 0 0
P 10067 211 -6.5797686576843262e-02 1.5020285546779633e-01 -1.5788447856903076e+00 1.5934646129608154e+00 1.3960079551114291e-01 1 0 0 0 0
P 10068 -211 1.8065181374549866e-01 1.5170606970787048e-01 -1.1068084239959717e+00 1.1402469873428345e+00 1.3960120099847245e-01 1 0 0 0 0
P 10069 111 -2.1525648236274719e-01 2.6882696896791458e-02 -4.5338988304138184e-01 5.2042818069458008e-01 1.3500026898182149e-01 1 0 0 0 0
P 10070 -211 3.3426928520202637e-01 4.6889966726303101e-01 -3.7592532634735107e+00 3.8056635856628418e+00 1.3959718949557112e-01 1 0 0 0 0
P 10071 211 2.1105153858661652e-01 -1.4806360006332397e-02 -7.8787326812744141e-01 8.2764381170272827e-01 1.3959947057059618e-01 1 0 0 0 0
P 10072 111 5.9675884246826172e-01 3.9330732822418213e-01 -3.1119077205657959e+00 3.1957793235778809e+00 1.3499649325810631e-01 1 0 0 0 0
P 10073 211 7.6121085882186890e-01 6.9031405448913574e-01 -4.7966661453247070e+00 4.9074907302856445e+00 1.3958399880283023e-01 1 0 0 0 0
P 10074 -211 2.7554672956466675e-01 2.2465497255325317e-02 -2.9987864494323730e+00 3.0147368907928467e+00 1.3959818289429904e-01 1 0 0 0 0
P 10075 -211 -9.0671285986900330e-02 -7.4417546391487122e-02 -3.6760342121124268e-01 4.1034087538719177e-01 1.3959980449079840e-01 1 0 0 0 0
P 10076 111 5.2871805429458618e-01 5.7096934318542480e-01 -2.5799179077148438e+00 2.6981012821197510e+00 1.3500128234153419e-01 1 0 0 0 0
P 10077 211 4.4772398471832275e-01 1.0253863036632538e-01 -1.7325776815414429e+00 1.7978553771972656e+00 1.3959798541578686e-01 1 0 0 0 0
P 10078 -211 2.6226649284362793e+00 1.5562316179275513e+00 -1.6323139190673828e+01 1.6606163024902344e+01 1.3981843953806325e-01 1 0 0 0 0
P 10079 -211 1.0112637281417847e-01 -6.1317995190620422e-02 -2.7430880069732666e-01 3.2972714304924011e-01 1.3960025397777473e-01 1 0 0 0 0
P 10080 211 3.1827679276466370e-01 3.5841920971870422e-01 -1.0839329957962036e+00 1.1933832168579102e+00 1.3960055943462368e-01 1 0 0 0 0
P 10081 111 6.0220813751220703e-01 7.1893358230590820e-01 -1.6789221763610840e+00 1.9278292655944824e+00 1.3500320867444343e-01 1 0 0 0 0
P 10082 -211 -2.3802906274795532e-01 -5.8350510895252228e-02 -3.4073597192764282e-01 4.4232541322708130e-01 1.3959997058246765e-01 1 0 0 0 0
P 10083 211 2.8005108237266541e-01 1.5281912684440613e-01 -3.2310509681701660e-01 4.7504457831382751e-01 1.3959997682177608e-01 1 0 0 0 0
P 10084 -211 3.5101556777954102e-01 -4.0589290857315063e-01 -5.0603026151657104e-01 7.5067698955535889e-01 1.3960062687467253e-01 1 0 0 0 0
P 10085 111 2.0141482353210449e-01 2.7017354965209961e-01 2.0110726356506348e-02 3.6358106136322021e-01 1.3500025480470434e-01 1 0 0 0 0
P 10086 22 1.8800033628940582e-01 4.8620262742042542e-01 1.2811349630355835e+00 1.3831285238265991e+00 7.7366343237232442e-04 1 0 0 0 0
P 10087 -211 -2.3480269312858582e-01 1.1195363849401474e-01 6.6591419279575348e-02 3.0263587832450867e-01 1.3959991352108078e-01 1 0 0 0 0
P 10088 211 -3.9645403623580933e-02 -1.0472781956195831e-01 2.6264384388923645e-01 3.1782004237174988e-01 1.3959984377351051e-01 1 0 0 0 0
P 10089 111 -6.3608634471893311e-01 3.4643977880477905e-02 4.4881138205528259e-01 7.9086202383041382e-01 1.3500015160542878e-01 1 0 0 0 0
P 10090 211 -4.0577456355094910e-01 -2.0023958384990692e-01 -5.4728820919990540e-02 4.7668886184692383e-01 1.3959992766572663e-01 1 0 0 0 0
P 10091 111 -1.9555872678756714e-01 1.0702706873416901e-01 4.9473643302917480e-01 5.5918431282043457e-01 1.3499980916070806e-01 1 0 0 0 0
P 10092 211 7.1944147348403931e-02 -4.9560564756393433e-01 -4.5893001556396484e-01 6.9347375631332397e-01 1.3960004754589050e-01 1 0 0 0 0
P 10093 -211 -7.7663064002990723e-01 -3.3162552118301392e-01 -8.4863662719726562e-01 1.2053227424621582e+00 1.3959996827570700e-01 1 0 0 0 0
P 10094 -321 -3.9654976129531860e-01 2.1367251873016357e-01 -1.5826827287673950e+00 1.7179735898971558e+00 4.9360001742468240e-01 1 0 0 0 0
P 10095 111 2.3436889052391052e-02 -2.6729440689086914e-01 -9.5994991064071655e-01 1.0058451890945435e+00 1.3500046578409494e-01 1 0 0 0 0
P 10096 -211 -1.1742689460515976e-01 -1.7603105306625366e-01 -1.0871040821075439e+00 1.1162705421447754e+00 1.3960168589626584e-01 1 0 0 0 0
P 10097 211 -1.8865455687046051e-01 7.3493570089340210e-02 -2.5787813663482666e+00 2.5904812812805176e+00 1.3959973698848030e-01 1 0 0 0 0
P 10098 111 -3.5998496413230896e-01 -4.9834677577018738e-01 -2.9296681880950928e+00 2.9965178966522217e+00 1.3500047888355660e-01 1 0 0 0 0
P 10099 2212 -4.5346212387084961e-01 -1.2841675281524658e+00 -2.2867988586425781e+01 2.2927715301513672e+01 9.3835644624936942e-01 1 0 0 0 0
P 10100 211 -1.5292131900787354e-01 5.2851594984531403e-02 -2.2550170421600342e+00 2.2651197910308838e+00 1.3959794550095686e-01 1 0 0 0 0
P 10101 22 -6.2512427568435669e-01 -1.3888546824455261e-01 2.4600923061370850e-01 6.8599575757980347e-01 3.2331244866202542e-04 1 0 0 0 0
P 10102 22 1.1138054728507996e-01 -7.9029671847820282e-02 7.7036768198013306e-03 1.3678699731826782e-01 1.4371118875879262e-04 1 0 0 0 0
P 10103 130 -8.4496647119522095e-01 -4.6060132980346680e-01 -6.8941468000411987e-01 1.2841806411743164e+00 4.9770010618932886e-01 1 0 0 0 0
P 10104 -211 4.3309491872787476e-01 3.7203997373580933e-02 3.8275402784347534e-01 5.9577202796936035e-01 1.3960056386649208e-01 1 0 0 0 0
P 10105 211 1.0115957260131836e-01 4.0783119201660156e-01 8.3616578578948975e-01 9.4616121053695679e-01 1.3960041077747973e-01 1 0 0 0 0
P 10106 111 -1.1814186722040176e-01 -1.5906390547752380e-01 1.0210165977478027e+01 1.0212981224060059e+01 1.3504580162807897e-01 1 0 0 0 0
P 10107 2212 -1.9408310949802399e-01 2.5382348895072937e-01 1.8747734069824219e+01 1.8773918151855469e+01 9.3828322098659411e-01 1 0 0 0 0
P 10108 -2112 2.7690160274505615e-01 -5.7180869579315186e-01 1.2604730606079102e+01 1.2655656814575195e+01 9.3956163943027093e-01 1 0 0 0 0
P 10109 -211 -1.5406909584999084e-01 4.7939011454582214e-01 4.8342990875244141e+00 4.8624553680419922e+00 1.3954343531931165e-01 1 0 0 0 0
P 10110 -211 -6.8700751289725304e-03 3.8781732320785522e-01 8.3623141050338745e-01 9.3231981992721558e-01 1.3959871275999303e-01 1 0 0 0 0
P 10111 2212 1.1588492989540100e-01 -1.4169509708881378e-01 -3.3653293609619141e+01 3.3666870117187500e+01 9.3833144188196271e-01 1 0 0 0 0
P 10112 211 2.5406911969184875e-02 -2.0766600966453552e-02 5.2642316818237305e+00 5.2661838531494141e+00 1.3957224782669542e-01 1 0 0 0 0
P 10113 130 -4.6359769999980927e-02 -6.3797628879547119e-01 4.7623574733734131e-01 9.4003659486770630e-01 4.9770004953668895e-01 1 0 0 0 0
P 10114 22 -8.1617943942546844e-03 -2.1304526925086975e-01 1.6748742759227753e-01 2.7112174034118652e-01 2.4092788482253704e-04 1 0 0 0 0
P 10115 111 6.1712980270385742e-02 4.8332959413528442e-02 -6.3012886047363281e-01 6.4917802810668945e-01 1.3500060916591400e-01 1 0 0 0 0
P 10116 211 -2.0183001458644867e-01 -3.1150919198989868e-01 7.2947196662425995e-02 4.0321555733680725e-01 1.3960000249054369e-01 1 0 0 0 0
P 10117 111 -1.3695156574249268e-01 3.0730935931205750e-01 -3.1213274598121643e-01 4.7837918996810913e-01 1.3500009111353262e-01 1 0 0 0 0
P 10118 211 -4.7333586961030960e-02 -3.5004340112209320e-02 -9.0559935569763184e-01 9.1818547248840332e-01 1.3960156362841283e-01 1 0 0 0 0
P 10119 -211 7.8882992267608643e-02 -1.0587372630834579e-01 -8.1278734207153320e+00 8.1301460266113281e+00 1.3970074610291056e-01 1 0 0 0 0
P 10120 111 8.2085348665714264e-02 2.1396538615226746e-01 -3.2870624065399170e+00 3.2978060245513916e+00 1.3500414861255911e-01 1 0 0 0 0
P 10121 -211 1.3964298367500305e-01 -1.1543603241443634e-01 -4.9528102874755859e+00 4.9580888748168945e+00 1.3960625483773426e-01 1 0 0 0 0
P 10122 211 5.2321285009384155e-01 -3.5067999362945557e-01 -1.0475753784179688e+01 1.0495600700378418e+01 1.3960147059978620e-01 1 0 0 0 0
P 10123 111 4.0377974510192871e-03 1.3129246234893799e-01 -2.2464759349822998e+00 2.2543587684631348e+00 1.3500117041759604e-01 1 0 0 0 0
P 10124 -211 -3.9557266235351562e-01 -1.6526356339454651e-02 -2.1540636062622070e+01 2.1544727325439453e+01 1.3972363274580762e-01 1 0 0 0 0
P 10125 111 -4.6162009239196777e-02 2.6925674080848694e-01 -4.3987712860107422e+00 4.4093132019042969e+00 1.3499615656423902e-01 1 0 0 0 0
P 10126 130 2.6152884960174561e-01 3.7770760059356689e-01 4.9646644592285156e+00 5.0106534957885742e+00 4.9768955324713010e-01 1 0 0 0 0
P 10127 2212 -4.4795972108840942e-01 2.6805663108825684e-01 -9.9994216918945312e+01 1.0000000000000000e+02 9.4024491369169994e-01 1 0 0 0 0
P 10128 211 2.4406951852142811e-03 1.1590989679098129e-01 -1.0745278596878052e+00 1.0897427797317505e+00 1.3959994113588997e-01 1 0 0 0 0
P 10129 -211 2.2401480376720428e-01 -3.0965033173561096e-01 -2.7770792007446289e+01 2.7773773193359375e+01 1.3972370977878051e-01 1 0 0 0 0
P 10130 -211 -2.3701825737953186e-01 -2.4717225134372711e-01 -4.3318028450012207e+00 4.3475584983825684e+00 1.3956085673378271e-01 1 0 0 0 0
P 10131 211 3.5621516406536102e-02 1.1285738646984100e-01 -4.7952804565429688e+00 4.7987709045410156e+00 1.3957741670682472e-01 1 0 0 0 0
P 10132 111 -3.1878996640443802e-02 1.3589639961719513e-01 -1.6936839818954468e+00 1.7047797441482544e+00 1.3499793951484484e-01 1 0 0 0 0
P 10133 2212 -2.8485095500946045e-01 -9.7966253757476807e-02 -4.8228424072265625e+01 4.8238483428955078e+01 9.3790062258126039e-01 1 0 0 0 0
P 10134 -211 6.3588500022888184e-02 9.5244981348514557e-02 -2.5191265106201172e+01 2.5191911697387695e+01 1.3950704019173310e-01 1 0 0 0 0
P 10135 111 -3.5352399945259094e-01 8.8600963354110718e-01 -1.0295985937118530e+00 1.4100675582885742e+00 1.3499987351058407e-01 1 0 0 0 0
P 10136 211 2.1089373528957367e-01 -8.0230146646499634e-02 -2.8051614761352539e-01 3.8612252473831177e-01 1.3960032601339945e-01 1 0 0 0 0
P 10137 -211 1.7981673777103424e-01 -4.0722645819187164e-02 3.5123118758201599e-01 4.2052775621414185e-01 1.3959890239932246e-01 1 0 0 0 0
P 10138 -211 -8.3189696073532104e-02 -8.9422389864921570e-02 -3.0762748792767525e-02 1.8802009522914886e-01 1.3960057361891684e-01 1 0 0 0 0
P 10139 -211 2.5794856250286102e-02 -2.8817331790924072e-01 -5.5998039245605469e-01 6.4558142423629761e-01 1.3959978373885898e-01 1 0 0 0 0
P 10140 211 1.3890162110328674e-01 3.5980594158172607e-01 -1.8075090646743774e-01 4.4823318719863892e-01 1.3959987096991222e-01 1 0 0 0 0
P 10141 111 -3.0673405155539513e-02 -4.4314600527286530e-02 1.0165873169898987e-01 1.7738150060176849e-01 1.3500021267153295e-01 1 0 0 0 0
P 10142 111 6.7449517548084259e-02 3.6102518439292908e-02 3.3885356783866882e-01 3.7269258499145508e-01 1.3500071561102489e-01 1 0 0 0 0
P 10143 111 -1.8007082864642143e-02 -2.3363186419010162e-01 3.4178707003593445e-01 4.3583452701568604e-01 1.3500085443063620e-01 1 0 0 0 0
P 10144 211 7.2918534278869629e-01 -2.0998942852020264e-01 -8.3751529455184937e-01 1.1387389898300171e+00 1.3959868954509194e-01 1 0 0 0 0
P 10145 111 -6.2645420432090759e-02 -3.7058460712432861e-01 -2.7340596914291382e-01 4.8397648334503174e-01 1.3500004714607117e-01 1 0 0 0 0
P 10146 -211 -4.2625084519386292e-01 3.4382554888725281e-01 -9.5511090755462646e-01 1.1097885370254517e+00 1.3959928397798790e-01 1 0 0 0 0
P 10147 211 1.7850270867347717e-01 -1.8592475354671478e-01 -7.3375385999679565e-01 7.9013532400131226e-01 1.3959896915552997e-01 1 0 0 0 0
P 10148 -211 -1.5130594372749329e-02 -5.0481535494327545e-02 -9.5275729894638062e-02 1.7703945934772491e-01 1.3960009006888566e-01 1 0 0 0 0
P 10149 211 2.3609091341495514e-01 1.9538804888725281e-02 -6.0349571704864502e-01 6.6318631172180176e-01 1.3960057043408197e-01 1 0 0 0 0
P 10150 111 3.2720613479614258e-01 -1.0300730168819427e-01 -1.3662213087081909e-01 3.9314758777618408e-01 1.3500022326364891e-01 1 0 0 0 0
P 10151 -211 2.1375983953475952e-01 -1.3979664444923401e-01 -1.9084311723709106e+00 1.9305011034011841e+00 1.3960157505912707e-01 1 0 0 0 0
P 10152 211 -1.6572445631027222e-01 2.3531542718410492e-01 -8.0823010206222534e-01 8.6923074722290039e-01 1.3960031643228268e-01 1 0 0 0 0
P 10153 -211 3.8297158479690552e-01 -1.6220617294311523e-01 -5.0742726325988770e+00 5.0932025909423828e+00 1.3961305503984495e-01 1 0 0 0 0
P 10154 211 -2.4439227581024170e-01 -2.7919781208038330e-01 -4.1206226348876953e+00 4.1396503448486328e+00 1.3962476753932140e-01 1 0 0 0 0
P 10155 211 -7.1932777762413025e-02 4.0942013263702393e-02 -1.2102452278137207e+01 1.2103540420532227e+01 1.3960298672398572e-01 1 0 0 0 0
P 10156 -211 -1.0619387775659561e-01 2.2224793210625648e-02 -2.0815472602844238e+00 2.0890429019927979e+00 1.3960719344883998e-01 1 0 0 0 0
P 10157 111 7.3171377182006836e-02 2.4249407649040222e-01 -1.9190877914428711e+01 1.9193023681640625e+01 1.3492772116399707e-01 1 0 0 0 0
P 10158 2112 -1.8330940604209900e-01 -4.9411978572607040e-02 -1.5557102203369141e+01 1.5586606979370117e+01 9.3959793598449282e-01 1 0 0 0 0
P 10159 111 -6.1135753989219666e-02 1.2417963147163391e-01 -7.4401664733886719e+00 7.4426784515380859e+00 1.3500822183953798e-01 1 0 0 0 0
HepMC::IO_GenEvent-END_EVENT_LISTING
