event,x,y,z,adc,zelem,layer
43,-31.3803,-0.102158,-74.7965,950.617,0,7
43,-31.3554,-1.25495,-54.9505,1298.02,0,7
43,-31.1684,-3.64275,100.668,4559.03,0,7
43,-31.1682,-3.64403,123.151,4583.76,0,7
43,-31.2222,-3.14811,133.636,41.6418,0,7
43,-30.9162,-5.37833,99.477,1063.04,0,7
43,-30.8558,-5.71473,-17.3508,1200.58,0,7
43,-30.6517,-6.72374,64.0228,2854.84,0,7
43,-30.6326,-6.81028,128.914,286.19,0,7
43,-28.646,-12.8118,198.861,1608.69,0,7
43,-28.5739,-12.9719,-82.5668,342.886,0,7
43,-28.5221,-13.0854,-24.2397,217.136,0,7
43,-28.1696,-13.8278,-10.2189,1714.44,0,7
43,-28.0993,-13.9701,-19.5214,420.063,0,7
43,-27.7718,-14.6103,256.558,936.086,0,7
43,-27.675,-14.7928,282.905,1920.17,0,7
43,-25.0019,-18.9643,-8.6276,77.7807,0,7
43,-24.2436,-19.9245,252.692,281.346,0,7
43,-23.4692,-20.831,-42.5541,243.287,0,7
43,-22.9517,-21.3999,286.544,904.023,0,7
43,-21.8337,-22.5394,47.7539,1516.92,0,7
43,-21.3278,-23.0187,22.4757,267.92,0,7
43,-20.2409,-23.98,143.304,384.355,0,7
43,-19.5622,-24.5369,-64.1316,300.118,0,7
43,-19.5048,-24.5825,-17.4559,235.467,0,7
43,-18.4831,-25.3596,80.8173,10121.9,0,7
43,-18.0951,-25.6379,127.144,458.058,0,7
43,-17.2587,-26.2083,291.28,295.352,0,7
43,-16.8786,-26.4546,286.435,1247.53,0,7
43,-13.8207,-28.1731,143.376,751.567,0,7
43,-13.6383,-28.2619,50.8808,524.028,0,7
43,-13.7483,-28.2085,103.92,712.405,0,7
43,-13.5448,-28.3068,178.604,448.061,0,7
43,-12.2381,-28.8958,259.101,1187.72,0,7
43,-6.40519,-30.7199,236.86,1811.77,0,7
43,-5.93606,-30.8139,171.051,1075.91,0,7
43,-3.4729,-31.1877,31.5203,3140.07,0,7
43,-4.92132,-30.9922,88.2315,2089.39,0,7
43,-4.69913,-31.0267,-30.22,161.833,0,7
43,-2.70193,-31.264,48.5815,906.589,0,7
43,-2.54102,-31.2775,72.1895,1490.14,0,7
43,-1.63998,-31.3376,187.621,982.76,0,7
43,-0.829323,-31.3695,-100.821,955.423,0,7
43,-0.762412,-31.3712,197.155,2833.74,0,7
43,-0.863734,-31.3686,292.505,613.37,0,7
43,1.03359,-31.3635,-77.3316,675.133,0,7
43,3.06233,-31.2307,-83.8224,993.22,0,7
43,3.10135,-31.2269,184.986,536.886,0,7
43,3.68882,-31.1629,133.048,637.619,0,7
43,4.72116,-31.0233,304.051,2298.88,0,7
43,6.94235,-30.6029,60.5467,1176.65,0,7
43,7.35961,-30.5053,71.0703,30.5733,0,7
43,7.69899,-30.4214,70.036,15,0,7
43,7.69899,-30.4214,71.3314,91.5391,0,7
43,8.54809,-30.1938,-21.2713,5066.03,0,7
43,10.3067,-29.6396,-100.218,1141.83,0,7
43,10.3245,-29.6334,30.106,2560.35,0,7
43,10.6348,-29.5235,232.065,2220.51,0,7
43,11.5403,-29.1814,295.201,612.16,0,7
43,12.7826,-28.6591,79.3472,570.584,0,7
43,13.3245,-28.4111,-61.2568,549.151,0,7
43,13.2817,-28.4312,138.354,377.039,0,7
43,13.2823,-28.4309,160.867,364.906,0,7
43,13.7377,-28.2137,122.417,2495.14,0,7
43,13.7357,-28.2146,144.901,2524.02,0,7
43,13.8372,-28.165,9.45226,547.535,0,7
43,15.6296,-27.2112,-55.829,910.955,0,7
43,16.7201,-26.5551,-43.6848,2000.09,0,7
43,18.4595,-25.3768,-40.9549,4717.66,0,7
43,18.7464,-25.1656,9.99275,3861.71,0,7
43,18.4096,-25.4131,143.579,1142.48,0,7
43,18.553,-25.3086,-66.4698,1146.4,0,7
43,20.5014,-23.7577,-3.43626,788.803,0,7
43,21.6159,-22.7484,150.77,1014.4,0,7
43,21.8782,-22.4962,150.831,29.2367,0,7
43,23.442,-20.8616,271.965,573.584,0,7
43,23.6696,-20.603,183.281,394.686,0,7
43,23.6661,-20.6071,205.744,382.123,0,7
43,23.7157,-20.55,291.726,327.331,0,7
43,24.3237,-19.8266,158.678,1694.91,0,7
43,24.3542,-19.7891,36.2312,276,0,7
43,24.578,-19.5104,168.697,8652.95,0,7
43,24.6327,-19.4414,218.105,813.827,0,7
43,24.8628,-19.1462,75.5789,494,0,7
43,25.6755,-18.0418,89.194,1179.54,0,7
43,26.1286,-17.3791,106.349,380.297,0,7
43,26.8184,-16.2945,-87.2443,229.95,0,7
43,27.0692,-15.8743,-8.94189,453.166,0,7
43,27.0751,-15.8643,281.647,805.806,0,7
43,27.4171,-15.2656,163.001,564.467,0,7
43,28.5284,-13.0715,26.8693,315.285,0,7
43,28.5678,-12.9853,111.612,516.595,0,7
43,28.8305,-12.3911,177.476,400.767,0,7
43,29.18,-11.5439,294.251,8092.58,0,7
43,29.1722,-11.5637,139.608,375.375,0,7
43,30.0819,-8.93409,170.781,649.011,0,7
43,30.1471,-8.71124,-51.3981,296.157,0,7
43,30.454,-7.56918,-38.1017,1045.96,0,7
43,30.4612,-7.54016,-91.8399,2802.3,0,7
43,30.4564,-7.5595,23.0883,812.953,0,7
43,30.4949,-7.40262,287.418,589.778,0,7
43,31.0154,-4.77304,126.775,1136.66,0,7
43,31.2902,-2.37943,258.214,545.175,0,7
43,31.3413,-1.56881,159.174,2008.42,0,7
43,31.3803,-0.100457,280.868,303.453,0,7
43,31.3527,1.32154,72.3732,249.44,0,7
43,31.3026,2.2096,-77.1729,1040.12,0,7
43,31.262,2.72493,-66.6487,823.786,0,7
43,31.072,4.38923,60.8666,761.284,0,7
43,30.9805,4.99421,-99.4652,860.528,0,7
43,30.9274,5.31331,-71.0222,307.503,0,7
43,30.6689,6.64492,-37.8572,1065.05,0,7
43,30.1595,8.66822,-96.8236,1957.86,0,7
43,30.0427,9.06503,139.059,702.285,0,7
43,29.2403,11.3902,136.067,879.122,0,7
43,28.0583,14.0524,148.355,513.573,0,7
43,28.0521,14.0647,264.857,311.244,0,7
43,27.0163,15.9643,275.231,3012.01,0,7
43,27.1698,15.7016,110.435,850.604,0,7
43,27.1923,15.6624,-67.5001,694.026,0,7
43,26.576,16.6868,95.1583,830.096,0,7
43,25.041,18.9125,196.519,134.852,0,7
43,24.8552,19.1561,-105.378,130.475,0,7
43,23.0967,21.2433,-105.125,100.972,0,7
43,23.0967,21.2433,-67.8362,501.277,0,7
43,23.0967,21.2433,275.064,256.235,0,7
43,22.4748,21.9003,8.37517,114.673,0,7
43,18.6846,25.2116,-80.7448,472.105,0,7
43,18.6846,25.2116,97.596,11.0707,0,7
43,18.6846,25.2116,99.5372,481.098,0,7
43,18.6846,25.2116,121.975,490.224,0,7
43,12.4916,28.7871,299.413,506.434,0,7
43,11.6851,29.1238,-2.05103,471.766,0,7
43,7.27449,30.5257,286.239,177.532,0,7
43,4.80364,31.0107,133.852,1534.1,0,7
43,3.79677,31.15,126.32,5034.54,0,7
43,3.74914,31.1557,140.161,413,0,7
43,2.77531,31.2575,-103.389,745.618,0,7
43,2.26664,31.2985,149.084,163.018,0,7
43,0.583747,31.3751,68.1132,5534.47,0,7
43,1.15706,31.3592,100.563,979.092,0,7
43,1.15294,31.3593,123.039,998.475,0,7
43,-0.838106,31.3693,61.292,7546.28,0,7
43,-1.13089,31.3601,-29.289,977.903,0,7
43,-1.98402,31.3177,-55.2138,10228.5,0,7
43,-3.90006,31.1372,29.1329,887.269,0,7
43,-4.01754,31.1223,11.2335,387.206,0,7
43,-4.1353,31.1068,187.426,204.774,0,7
43,-4.53839,31.0506,177.92,127.434,0,7
43,-4.53568,31.051,200.401,127.457,0,7
43,-8.97703,30.0691,135.121,826.158,0,7
43,-11.879,29.0452,-32.6582,716.402,0,7
43,-12.0781,28.963,177.844,1735.04,0,7
43,-12.0806,28.962,200.318,1740.11,0,7
43,-12.9588,28.5798,225.884,346.301,0,7
43,-15.3832,27.3513,-105.5,23,0,7
43,-15.7474,27.1433,56.9445,806.003,0,7
43,-15.8005,27.1123,299.078,562.298,0,7
43,-16.1224,26.9222,-30.2301,1170.76,0,7
43,-16.1356,26.9142,229.597,1025.84,0,7
43,-17.6296,25.9603,120.839,828.369,0,7
43,-17.6353,25.9564,143.318,837.987,0,7
43,-17.6334,25.9576,44.8842,508.245,0,7
43,-18.2743,25.5105,-49.3727,573.067,0,7
43,-18.786,25.1361,-58.9164,786.813,0,7
43,-21.6262,22.7385,-72.8742,75.3984,0,7
43,-21.9045,22.4706,-72.8802,320.035,0,7
43,-21.9018,22.4732,247.396,645.516,0,7
43,-22.7298,21.6354,122.5,5010.93,0,7
43,-23.0993,21.2405,-97.4677,405.85,0,7
43,-24.1158,20.0789,182.412,339.41,0,7
43,-24.3745,19.7641,-100.438,993.572,0,7
43,-25.3565,18.4874,-59.8218,9296.15,0,7
43,-26.3314,17.0703,80.0269,582.566,0,7
43,-26.8507,16.2412,157.622,13724.1,0,7
43,-26.6185,16.619,207.543,165.448,0,7
43,-26.9087,16.1449,7.24165,966.025,0,7
43,-27.646,14.8471,-51.5664,3237.02,0,7
43,-27.6071,14.9192,132.548,163.018,0,7
43,-27.9671,14.2329,268.806,365.087,0,7
43,-28.0813,14.0062,9.48308,309.469,0,7
43,-28.8985,12.2316,105.059,1028.42,0,7
43,-29.0873,11.7756,-88.3043,432.769,0,7
43,-29.2279,11.4222,59.2542,666.19,0,7
43,-29.2519,11.3606,82.1085,7663.86,0,7
43,-29.6642,10.2357,-2.64324,534.337,0,7
43,-30.0457,9.05491,-6.36555,886.138,0,7
43,-30.5085,7.34624,206.901,606.425,0,7
43,-30.6318,6.81376,160.339,401.377,0,7
43,-30.6355,6.79718,235.913,831.094,0,7
43,-30.8099,5.95693,7.70641,2689.43,0,7
43,-30.7943,6.03695,24.6863,442.738,0,7
43,-31.0709,4.3973,190.66,213.766,0,7
43,-31.1169,4.0585,-20.202,264,0,7
43,-31.1988,3.37171,190.385,419.771,0,7
43,-31.2744,2.57821,163.244,643.796,0,7
43,-31.3675,0.904536,294.066,888.726,0,7
43,-31.3802,0.142227,-74.4175,323.664,0,7
43,-31.3675,-0.902769,100.39,2105.06,1,7
43,-31.3802,-0.146064,78.5428,113.962,1,7
43,-31.2734,-2.58999,93.2051,1667.07,1,7
43,-31.0736,-4.37806,-7.11509,261.196,1,7
43,-31.0828,-4.31204,-89.7671,583.153,1,7
43,-30.9859,-4.96076,105.304,197.233,1,7
43,-30.6984,-6.50726,-66.8265,1543.88,1,7
43,-30.388,-7.82995,-25.5347,119.813,1,7
43,-30.4164,-7.7189,-63.961,259.541,1,7
43,-30.0479,-9.04757,64.2092,147.938,1,7
43,-29.9773,-9.27891,-22.4771,320.527,1,7
43,-29.5562,-10.5437,-182.84,1750.39,1,7
43,-29.1125,-11.7132,-54.9455,151.032,1,7
43,-28.3697,-13.4125,-81.6195,2166.14,1,7
43,-27.5504,-15.0237,-253.526,1526.36,1,7
43,-26.1628,-17.3275,-49.8166,382.345,1,7
43,-26.1937,-17.2808,-248.147,792.432,1,7
43,-23.8263,-20.4216,-157.295,137.413,1,7
43,-23.29,-21.0312,69.8615,561.234,1,7
43,-23.1246,-21.213,-87.3762,3304.6,1,7
43,-21.6263,-22.7385,-107.612,29.2002,1,7
43,-21.6263,-22.7385,-142.494,178.537,1,7
43,-19.4042,-24.662,98.2027,1566.2,1,7
43,-19.4113,-24.6564,-276.902,841.24,1,7
43,-18.3011,-25.4913,-137.013,418.48,1,7
43,-17.9605,-25.7324,-216.618,1156.59,1,7
43,-17.6728,-25.9308,-132.76,170.587,1,7
43,-16.7042,-26.5651,-115.571,600.358,1,7
43,-16.4294,-26.7359,-260.427,948.833,1,7
43,-15.8392,-27.0897,90.4223,732.135,1,7
43,-15.7908,-27.118,68.2265,427.443,1,7
43,-14.63,-27.7614,65.8272,991.108,1,7
43,-14.3167,-27.9243,-42.0626,262.81,1,7
43,-13.1246,-28.504,-44.1737,1465.33,1,7
43,-13.4374,-28.3579,-42.6889,202.869,1,7
43,-11.9507,-29.0158,-121.472,4186.64,1,7
43,-12.4916,-28.7871,-89.116,11.1738,1,7
43,-12.0437,-28.9773,-130.085,2211.66,1,7
43,-12.1135,-28.9482,-151.261,1776.47,1,7
43,-11.3926,-29.2394,-127.019,774.761,1,7
43,-9.71085,-29.8402,-277.243,826.085,1,7
43,-9.53351,-29.8973,-184.699,412.822,1,7
43,-9.53354,-29.8973,-207.172,414.997,1,7
43,-9.17493,-30.0093,-63.8688,139.91,1,7
43,-8.73785,-30.1394,-300.124,401.713,1,7
43,-7.5879,-30.4493,-151.827,373.145,1,7
43,-7.58851,-30.4491,-174.298,369.178,1,7
43,-4.66811,-31.0313,-103.581,341.121,1,7
43,-2.79957,-31.2554,91.4653,1137.09,1,7
43,-2.55267,-31.2765,42.0123,851.758,1,7
43,-1.29953,-31.3536,-301.339,1002.28,1,7
43,-1.02122,-31.3639,-117.422,802.248,1,7
43,0.54145,-31.3758,-247.459,393.915,1,7
43,0.976979,-31.3653,-157.858,322.065,1,7
43,2.52262,-31.2789,-146.122,969.983,1,7
43,2.37229,-31.2907,-167.417,486.878,1,7
43,2.7014,-31.264,-276.132,793.723,1,7
43,3.21044,-31.2158,22.2947,301.474,1,7
43,4.56521,-31.0467,-22.6486,207.726,1,7
43,4.56173,-31.0472,-104.453,6134.98,1,7
43,4.4423,-31.0645,-115.404,13,1,7
43,4.92329,-30.9919,7.84662,1198.82,1,7
43,6.50726,-30.6984,1.2826,1025.8,1,7
43,7.70688,-30.4194,-65.514,387.759,1,7
43,8.53164,-30.1985,-103.366,190.582,1,7
43,8.87901,-30.0982,-102.883,348.081,1,7
43,9.63572,-29.8645,-102.252,1391.35,1,7
43,9.5408,-29.895,-151.844,337.557,1,7
43,9.71818,-29.8378,-123.074,290.1,1,7
43,10.3307,-29.6313,-305.214,367.347,1,7
43,10.6233,-29.5276,-23.1277,916.247,1,7
43,11.1968,-29.315,-157.181,57.4308,1,7
43,15.4626,-27.3065,7.12123,262.853,1,7
43,15.4626,-27.3065,-147.376,45.7317,1,7
43,15.8647,-27.0748,-112.481,285.872,1,7
43,16.7872,-26.5128,57.0416,196.094,1,7
43,16.8659,-26.4628,-116.742,818.724,1,7
43,20.1777,-24.0332,-55.6663,530.738,1,7
43,19.9245,-24.2436,-158.488,36.3274,1,7
43,20.2689,-23.9564,17.0159,1329.32,1,7
43,20.4271,-23.8216,-18.1052,976.521,1,7
43,21.9566,-22.4197,-185.915,1136.04,1,7
43,21.9548,-22.4215,-208.383,1135.37,1,7
43,22.4964,-21.878,-73.5705,482.871,1,7
43,22.5147,-21.8591,-32.0137,1488.36,1,7
43,23.5952,-20.6882,77.7393,2042.56,1,7
43,24.4152,-19.7138,-263.254,464.785,1,7
43,24.7627,-19.2755,-66.0781,288.195,1,7
43,25.7221,-17.9753,-17.6127,191.344,1,7
43,28.46,-13.2197,44.3244,1350.53,1,7
43,28.3536,-13.4465,-83.0286,204.055,1,7
43,28.9204,-12.1797,50.0535,686.495,1,7
43,28.8596,-12.3232,-122.24,410.507,1,7
43,28.9138,-12.1955,12.9855,956.929,1,7
43,28.9401,-12.1329,-170.892,576.942,1,7
43,29.2383,-11.3955,-30.3442,817.407,1,7
43,29.4178,-10.9239,-115.003,447.779,1,7
43,29.7228,-10.0645,-109.343,1578.61,1,7
43,30.4236,-7.69044,-37.7198,735.213,1,7
43,30.6048,-6.93406,-283.592,558.873,1,7
43,30.6195,-6.86887,-262.431,397.648,1,7
43,30.7768,-6.1258,-24.8536,1158.86,1,7
43,30.8097,-5.95777,-13.4851,82.8816,1,7
43,30.9338,-5.27614,-19.4599,610.408,1,7
43,31.0228,-4.72469,-264.454,533.525,1,7
43,31.0413,-4.60135,37.931,599.166,1,7
43,31.0697,-4.40547,-72.1296,3298.21,1,7
43,31.2469,-2.8924,-47.9605,228.678,1,7
43,31.2936,-2.33396,-77.8169,1992.66,1,7
43,31.3216,-1.92138,-138.016,5104.25,1,7
43,31.3359,-1.67264,-71.6722,607.91,1,7
43,31.3408,-1.57876,-179.675,95.8958,1,7
43,31.3783,-0.369735,71.0558,285.963,1,7
43,31.3794,-0.262203,-200.628,26.157,1,7
43,31.2672,2.66403,-75.7911,844.908,1,7
43,31.1851,3.49612,-86.959,1023.78,1,7
43,30.6792,6.59707,-89.3002,1038.89,1,7
43,30.7962,6.0273,-128.297,3630.56,1,7
43,30.6492,6.73524,-58.6725,279.149,1,7
43,30.4214,7.69899,-33.1877,111.801,1,7
43,30.0982,8.87901,-3.04143,104.832,1,7
43,29.9708,9.29983,2.49291,163.922,1,7
43,29.0257,11.9268,97.1786,1216.59,1,7
43,28.6087,12.8949,91.9243,1252.77,1,7
43,28.4579,13.2244,-66.0259,1367.47,1,7
43,27.7265,14.6962,-29.3727,204.274,1,7
43,27.0395,15.9249,-27.6503,165.565,1,7
43,26.7815,16.355,73.073,3401.86,1,7
43,26.3896,16.9801,73.1426,358.646,1,7
43,26.3084,17.1057,-69.4251,571.419,1,7
43,25.8095,17.8496,-44.2878,762.897,1,7
43,25.6492,18.0792,76.5982,256.061,1,7
43,25.6825,18.0318,-145.093,579.723,1,7
43,25.6604,18.0632,-268.953,978.604,1,7
43,24.841,19.1745,-203.596,35.0728,1,7
43,23.8531,20.3903,-138.495,1465.9,1,7
43,23.6793,20.5918,-43.7928,171.82,1,7
43,23.2106,21.1188,97.0634,115.084,1,7
43,21.2257,23.1129,-233.807,1785.66,1,7
43,18.0945,25.6383,5.18054,924.776,1,7
43,17.4848,26.058,-74.3516,1106.18,1,7
43,16.3201,26.8028,-71.5554,333.503,1,7
43,15.2205,27.4422,-30.5978,181.048,1,7
43,14.9254,27.6038,94.245,753.158,1,7
43,13.9231,28.1227,-0.556051,353.607,1,7
43,13.2884,28.4281,-207.56,44.7681,1,7
43,12.6663,28.7107,-79.8309,793.268,1,7
43,11.554,29.176,42.592,1176.49,1,7
43,10.4701,29.5823,-25.6409,562.036,1,7
43,9.8695,29.7881,-236.917,736.802,1,7
43,9.2093,29.9987,-42.8391,398.256,1,7
43,6.50729,30.6984,-88.268,29.1253,1,7
43,5.93842,30.8135,-89.1826,239.716,1,7
43,4.8311,31.0064,-228.38,985.503,1,7
43,4.56057,31.0473,-204.478,610.164,1,7
43,3.61531,31.1715,-111.964,568.115,1,7
43,3.57264,31.1765,-219.088,1402.58,1,7
43,1.28399,31.3542,-272.865,4590.71,1,7
43,-3.02412,31.2344,-146.221,568.566,1,7
43,-3.37402,31.1986,-32.5111,298.645,1,7
43,-5.99339,30.8028,-247.566,1027.81,1,7
43,-6.50726,30.6984,-79.5721,72.7726,1,7
43,-7.69899,30.4214,88.8134,168.716,1,7
43,-8.54316,30.1952,-29.553,29.3235,1,7
43,-10.0716,29.7203,74.477,2161.71,1,7
43,-10.1138,29.706,-21.4233,700.072,1,7
43,-11.438,29.2217,-87.8719,544.585,1,7
43,-11.4842,29.2036,-127.025,545.02,1,7
43,-11.4859,29.2029,-149.488,546.846,1,7
43,-14.0976,28.0355,-52.4707,393.663,1,7
43,-15.8501,27.0834,-109.34,489.007,1,7
43,-16.6649,26.5898,-71.8229,1153.14,1,7
43,-17.0376,26.3525,-145.301,3899.91,1,7
43,-17.4728,26.066,-302.226,2414.9,1,7
43,-17.7743,25.8613,-68.713,558.42,1,7
43,-17.6915,25.9181,-76.0812,1293.22,1,7
43,-18.3346,25.4672,69.9587,375.148,1,7
43,-18.2072,25.5584,-200.261,222.306,1,7
43,-19.0676,24.9231,-86.8615,1590.8,1,7
43,-19.8655,24.292,87.3298,3049.58,1,7
43,-20.2529,23.9699,-109.872,1752.41,1,7
43,-21.105,23.2232,-179.484,590.749,1,7
43,-21.9039,22.4712,-11.0955,854.924,1,7
43,-23.0584,21.2849,-129.813,560.965,1,7
43,-23.1389,21.1973,-288.701,392.416,1,7
43,-23.4069,20.901,40.8476,499.929,1,7
43,-26.3694,17.0115,-146.785,1482.3,1,7
43,-26.4877,16.8267,-156.572,265.851,1,7
43,-26.9906,16.0077,-102.912,780.777,1,7
43,-27.6228,14.8902,-178.04,454.557,1,7
43,-27.7983,14.5599,25.5035,1860.98,1,7
43,-28.202,13.7616,-150.323,46.6913,1,7
43,-28.7645,12.5435,-60.0182,798.083,1,7
43,-29.041,11.8892,66.0924,173.888,1,7
43,-29.315,11.1968,-138.3,12,1,7
43,-29.3993,10.9736,-158.267,701.178,1,7
43,-29.5762,10.4873,-111.067,1145.92,1,7
43,-30.6984,6.50729,-74.9494,70.9015,1,7
43,-30.8028,5.99341,105.5,18,1,7
43,-30.8028,5.99341,-76.7779,221.251,1,7
43,-30.8987,5.47787,-150.059,788.814,1,7
43,-30.8987,5.47787,-171.828,393.144,1,7
43,-31.2636,2.70598,-155.339,236.557,1,7
43,-31.3045,2.18319,-33.9969,256.576,1,7
43,-31.3045,2.18319,-144.951,493.744,1,7
43,-31.3045,2.18319,-155.542,487.45,1,7
43,-31.3453,1.48522,-155.722,91.5344,1,7
43,-31.3453,1.48522,-192.355,31.3256,1,7
43,-31.3804,0.0874137,99.3279,595.157,1,7
43,-31.9141,-1.5554,-56.2048,159.441,0,8
43,-31.7899,-3.21458,101.091,563.834,0,8
43,-31.7903,-3.21026,123.55,567.008,0,8
43,-31.3986,-5.92077,291.714,177.288,0,8
43,-31.3454,-6.19657,-19.8891,835.624,0,8
43,-31.1633,-7.05528,128.537,408.039,0,8
43,-30.6835,-8.91369,17.8296,772.892,0,8
43,-30.6844,-8.91039,138.811,935.866,0,8
43,-29.7849,-11.5668,-76.0301,34.3781,0,8
43,-29.2119,-12.9459,-84.6961,279.442,0,8
43,-29.1865,-13.0029,197.232,101.498,0,8
43,-28.9479,-13.526,-12.4469,833.217,0,8
43,-28.9481,-13.5254,-24.4466,601.978,0,8
43,-28.3209,-14.7937,255.565,290.092,0,8
43,-28.3038,-14.8265,281.029,667.135,0,8
43,-27.471,-16.318,144.871,668.995,0,8
43,-27.4749,-16.3114,167.346,657.832,0,8
43,-23.6413,-21.4946,-42.1755,577.169,0,8
43,-23.5847,-21.5567,284.725,926.379,0,8
43,-21.577,-23.5661,21.4326,122.684,0,8
43,-20.7383,-24.3074,142.972,105.237,0,8
43,-20.1668,-24.7837,-64.1026,243.493,0,8
43,-18.4631,-26.0777,126.369,309.809,0,8
43,-16.8303,-27.1601,284.627,565.031,0,8
43,-14.1667,-28.6397,102.155,609.937,0,8
43,-13.9708,-28.7358,141.881,195.527,0,8
43,-13.6806,-28.8751,177.194,195.191,0,8
43,-12.6213,-29.3536,257.841,436.538,0,8
43,-8.52738,-30.7931,76.2977,232.397,0,8
43,-8.52738,-30.7931,289.037,59.5966,0,8
43,-6.81511,-31.2167,234.64,868.116,0,8
43,-6.28308,-31.3282,171.297,2830.73,0,8
43,-5.06976,-31.5472,86.2807,1975.84,0,8
43,-4.99068,-31.5598,-32.282,422.194,0,8
43,-3.69996,-31.7371,65.8883,458.812,0,8
43,-2.63748,-31.843,47.3435,278.088,0,8
43,-2.63735,-31.843,70.9104,805.146,0,8
43,-1.5932,-31.9123,29.7805,2565.67,0,8
43,-1.42518,-31.9202,187.004,338.992,0,8
43,-0.944684,-31.938,-101.904,1023.81,0,8
43,1.16625,-31.9307,-78.4556,330.533,0,8
43,3.22666,-31.7887,184.415,227.558,0,8
43,4.61919,-31.6163,302.716,246.363,0,8
43,7.13407,-31.1454,59.183,697.648,0,8
43,8.93351,-30.6777,-21.9038,485.03,0,8
43,10.5638,-30.1552,28.624,425.031,0,8
43,11.3231,-29.8784,-102.156,658.124,0,8
43,10.7826,-30.0777,229.532,1728,0,8
43,10.7329,-30.0954,232.428,12.01,0,8
43,11.7111,-29.7284,294.615,221.73,0,8
43,13.264,-29.0688,79.5524,539.661,0,8
43,13.2679,-29.067,136.578,407.7,0,8
43,13.2661,-29.0679,159.043,400.458,0,8
43,13.4229,-28.9958,-63.0434,222.513,0,8
43,13.6914,-28.87,120.116,78.2691,0,8
43,13.6914,-28.87,142.59,75.2878,0,8
43,14.0184,-28.7126,9.1758,521.907,0,8
43,15.774,-27.7869,-56.5038,115.076,0,8
43,16.3833,-27.432,-46.06,705.842,0,8
43,17.7661,-26.5574,11.4618,2605.01,0,8
43,17.4067,-26.7943,80.4192,1492.15,0,8
43,18.6918,-25.9142,-43.1311,608.639,0,8
43,18.6928,-25.9135,143.143,253.706,0,8
43,20.7969,-24.2574,-4.44618,606.668,0,8
43,23.9378,-21.1639,270.665,706.228,0,8
43,24.1371,-20.9364,183.153,279.001,0,8
43,24.1328,-20.9413,205.603,264.005,0,8
43,24.3641,-20.6717,291.547,135.607,0,8
43,24.7077,-20.2598,22.4995,146.062,0,8
43,24.8067,-20.1385,169.626,7555.3,0,8
43,24.8033,-20.1427,215.365,510.157,0,8
43,24.8473,-20.0884,156.538,741.08,0,8
43,25.2309,-19.6044,27.6863,739.208,0,8
43,25.4609,-19.3047,69.3733,377.586,0,8
43,26.2185,-18.2626,87.2627,378.995,0,8
43,26.2851,-18.1665,64.1521,2113.75,0,8
43,26.8038,-17.3921,105.017,1353.9,0,8
43,27.6255,-16.0551,-9.71974,140.314,0,8
43,27.5368,-16.2067,280.596,184.958,0,8
43,27.8561,-15.6514,161.703,179.66,0,8
43,29.0756,-13.2492,26.1901,178.584,0,8
43,29.0795,-13.2407,110.839,568.068,0,8
43,29.6058,-12.0177,138.542,302.296,0,8
43,30.6213,-9.12517,170.135,455.27,0,8
43,30.6564,-9.00646,-52.2162,840.431,0,8
43,30.6962,-8.86989,135.8,196.157,0,8
43,30.9941,-7.76509,-93.6694,171.435,0,8
43,31.0164,-7.67531,-38.7235,1141.71,0,8
43,31.0988,-7.33461,287.026,198.761,0,8
43,31.5401,-5.11376,125.954,723.127,0,8
43,31.9486,-0.463286,158.503,639.521,0,8
43,31.9519,-0.0704825,280.325,325.772,0,8
43,31.9345,1.05774,71.8395,177.398,0,8
43,31.8898,1.99329,-78.6556,731.535,0,8
43,31.4162,5.82673,-70.9298,664.35,0,8
43,30.7242,8.77223,-97.8438,251.246,0,8
43,29.6969,11.7908,135.912,187.083,0,8
43,29.6098,12.0078,52.3844,276.478,0,8
43,28.5922,14.2624,264.142,508.303,0,8
43,27.9386,15.5037,286.066,182.05,0,8
43,27.0858,16.9497,274.545,1721.87,0,8
43,25.3464,19.4548,196.283,282.147,0,8
43,23.3965,21.7608,-105.5,75,0,8
43,23.3965,21.7608,273.284,484.56,0,8
43,22.9059,22.2767,7.57061,144.711,0,8
43,21.2342,23.8755,168.202,54.5076,0,8
43,21.2342,23.8755,180.263,400.917,0,8
43,21.2342,23.8755,301.177,582.052,0,8
43,11.5668,29.7849,271.435,65.1519,0,8
43,7.48705,31.0624,285.571,163.424,0,8
43,5.70164,31.4392,134.346,535.162,0,8
43,4.44208,31.6417,124.871,1021.87,0,8
43,2.86376,31.8234,-104.099,415.913,0,8
43,1.66367,31.9087,65.7449,2517.43,0,8
43,1.09928,31.9331,98.1167,455.627,0,8
43,1.09864,31.9331,120.585,444.075,0,8
43,-4.14319,31.6822,10.1937,201.764,0,8
43,-4.17253,31.6784,186.677,406.008,0,8
43,-4.53536,31.6285,177.544,160.327,0,8
43,-4.53391,31.6287,200.018,164.424,0,8
43,-8.73601,30.7345,133.983,111.742,0,8
43,-12.5666,29.377,-33.8637,494.516,0,8
43,-13.003,29.1865,177.339,958.838,0,8
43,-13.0007,29.1875,199.809,953.379,0,8
43,-13.3303,29.0385,225.827,178.286,0,8
43,-16.2203,27.5288,56.1981,511.699,0,8
43,-16.6177,27.2907,-32.0523,806.162,0,8
43,-16.5638,27.3234,227.313,1382.29,0,8
43,-17.9357,26.4432,43.8712,653.847,0,8
43,-18.5316,26.029,120.507,1323.88,0,8
43,-18.5328,26.0282,142.98,1322.64,0,8
43,-18.8526,25.7974,-51.6361,342.34,0,8
43,-19.0642,25.6415,-60.1044,259.312,0,8
43,-21.9331,23.2351,-72.8395,678.291,0,8
43,-22.3219,22.8619,246.063,97.55,0,8
43,-23.0265,22.152,119.296,1538.27,0,8
43,-23.5919,21.5488,-98.1797,691.998,0,8
43,-25.7472,18.9211,-61.9198,3737.1,0,8
43,-26.8775,17.278,156.153,8324.92,0,8
43,-26.8422,17.3329,40.3278,84.0801,0,8
43,-26.9136,17.2218,78.3335,446.137,0,8
43,-27.3563,16.5095,4.95199,1936.37,0,8
43,-28.1295,15.1545,-53.3524,672.562,0,8
43,-28.6285,14.1895,9.15167,224.013,0,8
43,-29.3893,12.5379,104.351,224.103,0,8
43,-29.6431,11.9255,-89.5947,263.498,0,8
43,-29.785,11.5666,79.7359,3701.44,0,8
43,-30.119,10.6667,-3.62713,596.129,0,8
43,-30.6194,9.13152,-8.20724,1132.75,0,8
43,-31.3454,6.19637,5.81471,892.721,0,8
43,-31.3704,6.06848,23.789,459.903,0,8
43,-31.8101,3.00817,163.25,289.557,0,8
43,-31.8387,2.68854,190.231,525.215,0,8
43,-31.9506,-0.294541,78.9493,142.052,1,8
43,-31.8805,-2.13619,101.854,4949.92,1,8
43,-31.8478,-2.57788,95.4101,140.175,1,8
43,-31.0608,-7.49364,-25.925,101.073,1,8
43,-30.9482,-7.94612,-61.9008,306.539,1,8
43,-30.7465,-8.6939,49.5163,1224.15,1,8
43,-30.6567,-9.00554,64.3415,359.987,1,8
43,-30.462,-9.64346,-22.0301,357.353,1,8
43,-30.1739,-10.5104,-181.542,268.384,1,8
43,-29.6987,-11.7864,-54.6581,303.497,1,8
43,-28.0366,-15.3257,-252.007,135.239,1,8
43,-26.7655,-17.451,-49.4517,151.612,1,8
43,-26.5597,-17.7627,-121.853,853.209,1,8
43,-24.1995,-20.8642,-156.491,257.945,1,8
43,-23.7566,-21.3672,69.9974,743.265,1,8
43,-23.647,-21.4884,-85.0611,728.93,1,8
43,-19.6443,-25.1998,-275.391,450.028,1,8
43,-18.5837,-25.9919,-136.9,499.985,1,8
43,-17.9084,-26.4617,-131.951,103.365,1,8
43,-17.4123,-26.7907,-129.196,1510.23,1,8
43,-17.1151,-26.9816,-113.892,2271.85,1,8
43,-16.621,-27.2887,-259.466,314.816,1,8
43,-15.1936,-28.1084,-41.5512,93.7079,1,8
43,-12.8921,-29.2357,-84.3012,411.912,1,8
43,-12.4083,-29.4443,-44.5357,1458.2,1,8
43,-12.7349,-29.3045,-128.875,348.307,1,8
43,-12.2084,-29.5277,-150.046,653.442,1,8
43,-12.0716,-29.5839,-126.405,294.289,1,8
43,-10.46,-30.1914,-119.833,3613.95,1,8
43,-9.7868,-30.4163,-276.014,238.061,1,8
43,-9.30094,-30.5683,-184.609,212.059,1,8
43,-9.32427,-30.5612,-207.118,193.994,1,8
43,-8.87283,-30.6953,-299.501,645.377,1,8
43,-8.52738,-30.7931,-299.844,11.1841,1,8
43,-7.78001,-30.9904,-150.975,361.317,1,8
43,-7.7787,-30.9907,-173.446,359.365,1,8
43,-4.58044,-31.622,-101.559,262.687,1,8
43,-2.77973,-31.8309,42.6592,757.032,1,8
43,-2.20074,-31.8761,92.2583,860.857,1,8
43,-2.02322,-31.8879,-300.304,901.952,1,8
43,-1.18344,-31.9301,-117.415,619.874,1,8
43,0.95073,-31.9379,-248.025,242.626,1,8
43,2.12158,-31.8815,-230.552,763.92,1,8
43,2.81859,-31.8274,-274.849,304.16,1,8
43,3.32217,-31.7788,-145.24,498.063,1,8
43,4.59609,-31.6197,-104.052,4725.01,1,8
43,4.60587,-31.6183,9.63576,1078.98,1,8
43,4.5232,-31.6302,-37.812,13,1,8
43,6.97358,-31.1817,-104.674,302.259,1,8
43,7.84383,-30.9743,-104.185,414.388,1,8
43,9.38156,-30.5437,-122.818,27.2549,1,8
43,9.38155,-30.5437,-151.253,33.4751,1,8
43,9.72123,-30.4373,-122.448,36.2549,1,8
43,9.72123,-30.4373,-151.016,88.5723,1,8
43,11.3415,-29.8714,-156.903,352.208,1,8
43,12.0629,-29.5875,73.8041,190.077,1,8
43,16.648,-27.2722,58.5178,290.873,1,8
43,17.1344,-26.9693,-115.887,100.488,1,8
43,19.592,-25.2405,-55.2514,485.358,1,8
43,21.9695,-23.2007,-184.24,5082.86,1,8
43,21.9691,-23.2011,-206.717,5096.23,1,8
43,22.2767,-22.9059,-184.961,78.4803,1,8
43,22.2767,-22.9059,-207.428,78.5117,1,8
43,24.4369,-20.5857,58.0032,11062.1,1,8
43,22.9095,-22.273,-133.863,629.782,1,8
43,23.0474,-22.1302,-30.5074,214.035,1,8
43,23.9552,-21.1442,78.8729,321.133,1,8
43,24.7785,-20.1732,-261.947,395.651,1,8
43,25.7049,-18.9786,-66.6206,450.99,1,8
43,26.0882,-18.4482,-17.036,12.091,1,8
43,26.2921,-18.1564,53.0175,440.044,1,8
43,26.2921,-18.1564,-16.85,52.4187,1,8
43,26.4927,-17.8624,52.4206,316.132,1,8
43,27.7156,-15.8989,-124.546,70.5643,1,8
43,28.3964,-14.6485,87.3664,105.424,1,8
43,29.4176,-12.4715,-170.1,35.2205,1,8
43,29.5136,-12.2424,14.9855,144.379,1,8
43,29.7772,-11.5866,50.6645,144.771,1,8
43,29.791,-11.5511,-28.977,291.038,1,8
43,30.2042,-10.4229,-108.062,187.058,1,8
43,30.9936,-7.767,-168.254,583.673,1,8
43,30.9937,-7.76667,-190.728,578.247,1,8
43,31.1291,-7.20489,-261.727,278.378,1,8
43,31.1137,-7.27102,-282.483,109.338,1,8
43,31.2653,-6.5887,-22.8403,1092.55,1,8
43,31.436,-5.719,-13.0413,68.9054,1,8
43,31.5199,-5.2367,-18.2371,115.238,1,8
43,31.603,-4.70938,-263.32,531.438,1,8
43,31.6153,-4.6265,38.5505,280.607,1,8
43,31.6842,-4.128,-69.7003,706.907,1,8
43,31.833,-2.75526,-47.4666,86.1489,1,8
43,31.8809,-2.13014,-75.1494,1288.89,1,8
43,31.9027,-1.77472,-179.004,23.2003,1,8
43,31.913,-1.57774,-70.6092,157.413,1,8
43,31.8617,2.40044,-74.5212,40.3095,1,8
43,31.6983,4.01858,-86.8078,600.215,1,8
43,31.4502,5.64035,-85.7501,1297.94,1,8
43,31.3913,5.95952,-128.735,1486.73,1,8
43,31.2628,6.60047,-58.4777,351.707,1,8
43,30.6942,8.87669,-2.09257,279.93,1,8
43,30.5563,9.34028,3.04691,337.013,1,8
43,29.6367,11.9412,97.2576,2388.01,1,8
43,29.2561,12.8456,-67.0075,276.724,1,8
43,29.2241,12.9182,92.6859,461.982,1,8
43,27.5368,16.2066,-26.5696,25.2023,1,8
43,26.8598,17.3055,73.2115,418.558,1,8
43,26.7978,17.4014,-66.796,516.244,1,8
43,26.1724,18.3286,77.0983,309.646,1,8
43,26.2356,18.238,-43.1477,475.622,1,8
43,26.1678,18.3352,-143.646,581.428,1,8
43,26.1938,18.298,-267.285,408.546,1,8
43,25.9175,18.6873,-203.475,543.591,1,8
43,25.4426,19.3288,-137.941,184.692,1,8
43,24.1009,20.978,-43.1278,495.911,1,8
43,21.7002,23.4527,-231.155,1091.38,1,8
43,18.1642,26.2868,6.77916,233.433,1,8
43,17.5849,26.6777,-72.9098,222.696,1,8
43,15.6591,27.8518,-30.604,40.2913,1,8
43,15.1457,28.1343,95.2361,748.584,1,8
43,13.7687,28.8332,-0.170848,588.719,1,8
43,12.9941,29.1905,-77.8956,1063.95,1,8
43,11.7002,29.7327,43.8017,739.706,1,8
43,10.7046,30.1055,-24.865,65.5802,1,8
43,10.5008,30.1772,-235.141,604.715,1,8
43,9.25341,30.5828,-41.5328,873.225,1,8
43,6.9736,31.1817,-86.4265,167.438,1,8
43,4.87532,31.5779,-226.453,447.079,1,8
43,0.425131,31.9492,-222.51,163.268,1,8
43,0.266977,31.9509,-154.841,64.162,1,8
43,0.266978,31.9509,-177.288,66.2213,1,8
43,-3.02515,31.8085,-145.523,268.55,1,8
43,-3.73992,31.7324,-32.2731,282.767,1,8
43,-6.97357,31.1817,72.9578,291.354,1,8
43,-7.8392,30.9754,89.3512,80.2427,1,8
43,-8.69874,30.7451,-29.0922,35.3641,1,8
43,-9.47869,30.5137,74.4671,912.506,1,8
43,-11.5475,29.7924,-85.9186,247.064,1,8
43,-11.4524,29.8291,-125.538,203.175,1,8
43,-11.4431,29.8326,-148.034,187.823,1,8
43,-14.4977,28.4736,-51.0458,188.529,1,8
43,-17.6997,26.6017,-68.8599,1548.54,1,8
43,-17.2963,26.8658,-146.011,278.08,1,8
43,-18.0698,26.3517,-77.6679,442.003,1,8
43,-18.6704,25.9297,-200.196,372.543,1,8
43,-18.6501,25.9442,-151.444,28.2387,1,8
43,-19.8488,25.039,-84.2182,1399.46,1,8
43,-20.5368,24.478,-107.337,1269.96,1,8
43,-22.3136,22.8699,-245.68,754.484,1,8
43,-23.8242,21.2918,-128.472,258.33,1,8
43,-24.2516,20.8037,-70.9455,1207.89,1,8
43,-26.8956,17.2498,-144.811,475.128,1,8
43,-26.9573,17.1532,-156.358,565.517,1,8
43,-27.4276,16.3907,-100.942,1880.08,1,8
43,-27.9749,15.4381,-118.033,1830.28,1,8
43,-28.1594,15.099,-177.564,389.66,1,8
43,-28.3902,14.6604,27.4011,357.79,1,8
43,-28.7947,13.8491,-149.748,56.3459,1,8
43,-29.8288,11.4532,-158.374,872.283,1,8
43,-29.7926,11.5468,-113.87,879.078,1,8
43,-30.1363,10.6176,-109.932,309.051,1,8
43,-31.8617,2.40046,-33.3353,79.0755,1,8
43,-32.5226,-0.162667,-75.7265,497.051,0,9
43,-32.4638,-1.96093,-57.2879,1235.45,0,9
43,-32.4263,-2.50563,101.513,1767.94,0,9
43,-32.4264,-2.50541,123.989,1766.01,0,9
43,-32.3423,-3.42406,133.365,1229.73,0,9
43,-31.9216,-6.22569,98.6893,961.455,0,9
43,-31.8807,-6.43157,-21.4278,1585.34,0,9
43,-31.7041,-7.25235,60.3773,1603.69,0,9
43,-31.194,-9.20227,16.612,14.0364,0,9
43,-29.8233,-12.9737,-14.7131,3640.32,0,9
43,-29.7796,-13.0738,-85.9294,235.86,0,9
43,-29.0794,-14.5647,-19.5246,296.723,0,9
43,-28.8576,-14.9995,279.916,1201.23,0,9
43,-28.8638,-14.9876,254.807,183.334,0,9
43,-28.2589,-16.0991,145.183,1264.2,0,9
43,-28.2586,-16.0995,167.666,1258.39,0,9
43,-24.1381,-21.7967,283.367,551.746,0,9
43,-23.2412,-22.7507,47.1594,220.798,0,9
43,-20.0904,-25.5758,-17.4855,128.983,0,9
43,-19.7151,-25.8662,78.0424,4913.92,0,9
43,-18.8388,-26.5112,125.736,196.551,0,9
43,-18.0103,-27.0809,290.266,492.702,0,9
43,-16.9815,-27.7376,283.757,652.421,0,9
43,-14.1219,-29.297,140.614,843.107,0,9
43,-13.8356,-29.4334,176.286,300.143,0,9
43,-13.391,-29.6382,51.0239,859.165,0,9
43,-12.9259,-29.844,256.997,230.281,0,9
43,-11.2653,-30.5097,45.4153,232.519,0,9
43,-7.22356,-31.7107,232.843,445.271,0,9
43,-5.21182,-32.1027,84.9172,604.572,0,9
43,-5.12075,-32.1173,-33.5027,228.424,0,9
43,-2.59298,-32.4195,46.4356,739.02,0,9
43,-2.73962,-32.4074,70.1842,391.836,0,9
43,-1.08094,-32.505,-102.939,304.628,0,9
43,-0.957018,-32.5089,186.41,1277.62,0,9
43,-1.01504,-32.5072,292.268,460.495,0,9
43,-0.410306,-32.5204,28.6389,2792.9,0,9
43,1.25038,-32.499,-79.159,246.63,0,9
43,3.16135,-32.369,129.846,653.851,0,9
43,3.20347,-32.3648,-84.8574,214.227,0,9
43,4.58326,-32.1984,301.897,658.699,0,9
43,7.32709,-31.6869,57.9051,1451.54,0,9
43,9.46805,-31.1143,-22.6498,574.069,0,9
43,10.8033,-30.6763,27.7758,643.508,0,9
43,10.9462,-30.6256,227.839,1229.51,0,9
43,12.0874,-30.1934,-103.165,352.333,0,9
43,11.8606,-30.2832,293.911,257.618,0,9
43,13.3264,-29.6673,135.462,170.16,0,9
43,13.3289,-29.6662,157.877,155.249,0,9
43,13.6157,-29.5357,-64.4814,647.196,0,9
43,13.6305,-29.5289,118.992,1068.89,0,9
43,13.631,-29.5287,141.473,1094.3,0,9
43,13.7605,-29.4685,79.8362,196.952,0,9
43,16.0701,-28.2754,-48.0943,669.881,0,9
43,17.0377,-27.7031,12.5682,3215.8,0,9
43,18.8419,-26.509,-44.429,536.736,0,9
43,19.0744,-26.3422,-66.563,978.017,0,9
43,22.4136,-23.5664,150.351,36.348,0,9
43,22.6748,-23.3153,150.516,78.6851,0,9
43,24.4678,-21.4259,269.383,196.741,0,9
43,25.1669,-20.6003,174.565,9609.7,0,9
43,25.1566,-20.6128,214.101,211.003,0,9
43,25.3624,-20.3591,155.246,228.408,0,9
43,25.7981,-19.8041,26.1921,132.083,0,9
43,26.7402,-18.5124,85.9197,929.274,0,9
43,26.7699,-18.4693,62.4679,811.055,0,9
43,27.3983,-17.5236,104.165,377.814,0,9
43,27.764,-16.9383,-87.8052,402.784,0,9
43,28.0111,-16.5264,279.869,518.569,0,9
43,28.2613,-16.0948,-10.33,73.9077,0,9
43,29.5769,-13.5261,110.327,493.439,0,9
43,29.6657,-13.3301,295.495,2317.7,0,9
43,29.6029,-13.469,25.4734,905.502,0,9
43,29.7626,-13.1124,297.724,11.14,0,9
43,30.0519,-12.4349,177.393,559.46,0,9
43,30.1019,-12.3134,137.886,414.703,0,9
43,31.1569,-9.32717,-52.9699,381.499,0,9
43,31.2137,-9.13511,134.297,1194.09,0,9
43,31.5837,-7.75999,-39.4457,478.086,0,9
43,32.4326,-2.42386,258.392,111.658,0,9
43,32.5226,0.167504,158.16,456.202,0,9
43,32.4768,1.73356,-79.7363,1239.01,0,9
43,32.3449,3.39878,-66.6734,444.281,0,9
43,32.2697,4.05101,60.7986,233.611,0,9
43,32.0552,5.4965,-101.074,77.0513,0,9
43,31.8753,6.4583,-70.9262,369.317,0,9
43,31.1179,9.45628,138.232,182.925,0,9
43,29.1553,14.4123,263.297,709.785,0,9
43,29.0979,14.5278,148.186,278.88,0,9
43,28.3011,16.0247,-67.9148,362.753,0,9
43,28.0059,16.5352,110.238,837.151,0,9
43,27.5712,17.2504,93.1747,1013.31,0,9
43,27.1524,17.9024,273.872,1377.89,0,9
43,23.5664,22.4136,271.622,127.377,0,9
43,23.3153,22.6748,7.09087,61.7499,0,9
43,22.2681,23.704,-64.8953,122.167,0,9
43,21.583,24.3294,179.486,111.857,0,9
43,21.6136,24.3022,300.134,41.2367,0,9
43,20.39,25.3376,179.828,86.4285,0,9
43,20.2366,25.4603,58.0967,852.505,0,9
43,20.0244,25.6275,154.875,130.31,0,9
43,19.7442,25.844,-68.9572,150.24,0,9
43,19.6445,25.9198,166.522,457.213,0,9
43,19.6975,25.8796,94.8826,454.734,0,9
43,19.6991,25.8784,117.347,451.803,0,9
43,19.261,26.2061,-81.5969,637.055,0,9
43,16.4828,28.0368,-22.0565,198.682,0,9
43,16.1705,28.2181,62.0893,456.189,0,9
43,15.1293,28.7898,93.6883,460.36,0,9
43,14.3024,29.2094,63.8383,613.791,0,9
43,11.8449,30.2893,-2.92884,316.295,0,9
43,11.0743,30.5795,75.1098,233.008,0,9
43,9.0649,31.2342,152.08,161.036,0,9
43,7.6686,31.606,284.683,227.214,0,9
43,6.41506,31.884,134.596,1043.49,0,9
43,4.98907,32.1381,124.157,1787.56,0,9
43,3.02368,32.3821,-104.94,90.4614,0,9
43,2.30342,32.4413,64.4645,5862.6,0,9
43,2.2109,32.4478,148.655,215.594,0,9
43,1.07987,32.5051,96.6877,263.652,0,9
43,1.08016,32.5051,119.163,262.379,0,9
43,-0.72201,32.515,58.7621,5340.53,0,9
43,-1.34208,32.4953,-30.0612,709.183,0,9
43,-3.96027,32.281,28.6833,507.496,0,9
43,-4.31343,32.2357,9.07678,589.212,0,9
43,-8.67974,31.3434,-83.452,12.0728,0,9
43,-8.71688,31.3331,133.051,52.6309,0,9
43,-13.0108,29.8071,-34.5017,196.336,0,9
43,-15.6244,28.5241,-105.5,43,0,9
43,-16.8163,27.838,55.6499,364.227,0,9
43,-16.9336,27.7669,225.736,307.429,0,9
43,-16.9999,27.7263,-33.2871,229.024,0,9
43,-18.2418,26.9255,43.2997,226.638,0,9
43,-19.4501,26.066,142.625,1308.98,0,9
43,-19.3247,26.1591,-60.9254,129.306,0,9
43,-19.3552,26.1366,-53.1726,579.824,0,9
43,-19.4547,26.0626,120.148,1279.81,0,9
43,-21.9794,23.9719,-72.741,535.035,0,9
43,-24.0417,21.9031,-98.8992,664.615,0,9
43,-25.0589,20.7315,180.85,133.71,0,9
43,-25.3577,20.365,-102.732,226.824,0,9
43,-26.1583,19.3258,-61.6705,5498.6,0,9
43,-26.1295,19.3648,-44.444,11,0,9
43,-26.1295,19.3648,-42.5759,69,0,9
43,-27.0087,18.1184,155.268,10293.4,0,9
43,-27.2067,17.8196,39.2722,302.86,0,9
43,-27.4299,17.4742,77.1993,210.418,0,9
43,-27.5179,17.3353,206.859,229.783,0,9
43,-27.8342,16.8227,3.41224,1557.7,0,9
43,-28.4387,15.7792,132.488,210.081,0,9
43,-28.6211,15.4461,-54.2785,427.889,0,9
43,-28.9166,14.8854,267.937,171.253,0,9
43,-29.8882,12.8235,103.048,1411.14,0,9
43,-30.2204,12.0197,59.1329,290.361,0,9
43,-30.2134,12.0372,-90.9881,319.386,0,9
43,-30.3173,11.773,78.5379,2860,0,9
43,-30.5891,11.0479,-4.29681,222.539,0,9
43,-31.186,9.22934,-10.2915,980.216,0,9
43,-31.484,8.15482,150.172,24.0728,0,9
43,-31.73,7.13794,205.931,240.422,0,9
43,-31.8117,6.76457,159.7,275.285,0,9
43,-31.8003,6.8181,231.662,358.892,0,9
43,-31.8462,6.6005,3.93074,548.805,0,9
43,-31.9413,6.12356,22.9651,376.201,0,9
43,-32.2662,4.0792,-20.2282,737.023,0,9
43,-32.5077,0.996225,189.813,185.951,0,9
43,-32.5126,0.823279,293.809,565.809,0,9
43,-32.5226,-0.161789,-156.198,104.189,1,9
43,-32.5206,-0.395581,79.4374,95.9971,1,9
43,-32.4183,-2.60708,96.3033,1391.87,1,9
43,-32.2977,-3.82189,103.826,3778.34,1,9
43,-32.264,-4.09598,-89.603,162.473,1,9
43,-31.6989,-7.27488,-26.3257,94.8776,1,9
43,-31.4894,-8.1339,-60.4859,229.821,1,9
43,-31.5092,-8.05695,-208.92,27.2467,1,9
43,-31.2801,-8.90527,49.1311,2515.72,1,9
43,-30.7724,-10.5265,-180.788,188.864,1,9
43,-29.4498,-13.8005,-80.5698,1050.07,1,9
43,-28.5209,-15.6302,-251.252,564.183,1,9
43,-27.3093,-17.662,-120.384,823.997,1,9
43,-24.5862,-21.29,-155.725,241.359,1,9
43,-24.2094,-21.7175,70.1842,979.476,1,9
43,-24.1477,-21.7861,-83.2489,215.591,1,9
43,-22.4136,-23.5664,-141.926,51.4873,1,9
43,-20.3687,-25.3547,98.716,13.0385,1,9
43,-19.9298,-25.7012,-274.681,692.346,1,9
43,-18.669,-26.6311,-215.88,526.393,1,9
43,-18.2032,-26.9516,-131.312,332.072,1,9
43,-17.8176,-27.208,-128.074,498.154,1,9
43,-16.8225,-27.8343,91.3846,189.735,1,9
43,-16.8018,-27.8468,-258.721,559.305,1,9
43,-16.1953,-28.2038,-41.0044,215.469,1,9
43,-16.2511,-28.1717,68.403,128.458,1,9
43,-15.9196,-28.3604,66.0996,735.23,1,9
43,-13.2324,-29.7094,-83.4472,224.663,1,9
43,-13.2254,-29.7125,-128.056,362.996,1,9
43,-12.6155,-29.9766,-125.59,525.537,1,9
43,-11.908,-30.2646,-44.7927,1920.36,1,9
43,-12.3304,-30.095,-149.201,643.636,1,9
43,-9.91253,-30.9756,-275.174,277.058,1,9
43,-9.63856,-31.0619,-63.7131,277.039,1,9
43,-9.17082,-31.2032,-118.624,1547.57,1,9
43,-9.1638,-31.2053,-184.431,306.878,1,9
43,-9.16452,-31.2051,-206.903,302.66,1,9
43,-9.0284,-31.2447,-299.273,350.465,1,9
43,-8.67977,-31.3434,-118.093,54.7926,1,9
43,-8.02219,-31.5181,-117.421,1187.84,1,9
43,-7.96862,-31.5317,-150.258,438.329,1,9
43,-7.96989,-31.5314,-172.728,439.412,1,9
43,-4.55658,-32.2022,-100.749,333.697,1,9
43,-2.36288,-32.4371,-299.634,994.715,1,9
43,-2.00944,-32.4609,93.1622,352.861,1,9
43,1.17727,-32.5017,-157.622,30.2792,1,9
43,1.47619,-32.4895,-248.511,262.955,1,9
43,2.3974,-32.4345,-167.205,558.356,1,9
43,2.31729,-32.4403,-229.003,1275.08,1,9
43,2.96568,-32.3875,-273.963,179.525,1,9
43,3.43794,-32.3408,22.519,265.023,1,9
43,3.84232,-32.2952,-144.66,380.602,1,9
43,4.53289,-32.2056,11.3979,460.491,1,9
43,4.57305,-32.1999,-21.8441,804.781,1,9
43,4.75575,-32.1734,-105.109,7425.01,1,9
43,15.8677,-28.3895,-146.982,51.5945,1,9
43,16.4963,-28.0289,-110.846,117.528,1,9
43,16.8075,-27.8434,59.3878,417.034,1,9
43,16.8075,-27.8434,-111.154,55.0775,1,9
43,19.0725,-26.3436,-54.9288,139.88,1,9
43,19.3648,-26.1295,-54.9377,87.209,1,9
43,23.6013,-22.3768,-29.8378,149.417,1,9
43,24.3323,-21.5797,79.4435,487.652,1,9
43,25.1495,-20.6215,-261.109,750.265,1,9
43,26.4494,-18.9255,-66.9489,46.2023,1,9
43,29.8491,-12.9143,-121.691,308.03,1,9
43,29.9186,-12.7524,-169.396,467.664,1,9
43,30.0847,-12.3554,16.3001,932.251,1,9
43,30.3442,-11.7035,-28.2132,751.252,1,9
43,30.4525,-11.419,-114.298,729.723,1,9
43,30.4895,-11.3196,51.0602,139.302,1,9
43,30.7188,-10.6819,-107.29,166.143,1,9
43,31.5686,-7.82101,-36.4688,396.943,1,9
43,31.6255,-7.58755,-167.836,212.379,1,9
43,31.6286,-7.57496,-190.302,199.118,1,9
43,31.6414,-7.52104,-281.741,359.126,1,9
43,31.7516,-7.04125,-21.0353,2104.87,1,9
43,32.025,-5.66944,-12.2597,324.217,1,9
43,32.1091,-5.17195,-17.4487,247.156,1,9
43,32.1797,-4.71297,-262.065,1435.99,1,9
43,32.1988,-4.58078,39.0892,200.54,1,9
43,32.2717,-4.03541,-68.2314,341.443,1,9
43,32.4212,-2.57135,-46.8288,128.767,1,9
43,32.4494,-2.1867,-141.669,6006.08,1,9
43,32.4559,-2.08747,-73.9764,760.634,1,9
43,32.4611,-2.00632,-178.365,331.713,1,9
43,32.4946,-1.35832,-69.8692,48.4832,1,9
43,32.5134,-0.791272,71.3389,109.054,1,9
43,32.1845,4.67981,-86.6829,283.496,1,9
43,32.1086,5.17535,-83.8121,788.446,1,9
43,31.9732,5.95495,-129.022,1338.83,1,9
43,31.8526,6.56967,-58.3105,519.415,1,9
43,30.2497,11.9458,97.4898,473.132,1,9
43,29.9299,12.7258,-67.6842,852.154,1,9
43,29.8144,12.994,93.3919,1110.43,1,9
43,28.1364,16.3122,-26.1506,361.629,1,9
43,27.3113,17.659,-89.8757,656.214,1,9
43,27.2922,17.6884,-65.4282,1338.34,1,9
43,27.2662,17.7285,-67.916,12.3654,1,9
43,26.6389,18.6578,-42.236,633.779,1,9
43,26.701,18.5688,-203.156,690.646,1,9
43,26.7255,18.5336,-266.209,762.321,1,9
43,26.3973,18.9982,-137.696,1335.88,1,9
43,24.1202,21.8165,97.1956,445.43,1,9
43,22.1287,23.8341,-229.794,198.79,1,9
43,18.2649,26.9099,7.91649,1247.38,1,9
43,17.7467,27.2543,-72.0973,286.61,1,9
43,17.1975,27.6042,-70.085,293.682,1,9
43,15.4021,28.6447,95.9974,385.123,1,9
43,13.8468,29.4281,-206.807,122.05,1,9
43,13.3161,29.672,-76.0296,741.281,1,9
43,12.2363,30.1333,88.3776,1873.95,1,9
43,11.838,30.292,44.7967,391.828,1,9
43,10.976,30.6149,-24.0188,607.382,1,9
43,10.9031,30.641,-233.578,250.167,1,9
43,9.29613,31.1661,-40.4009,340.434,1,9
43,7.25585,31.7033,-84.6177,602.339,1,9
43,4.92465,32.148,-224.522,825.542,1,9
43,4.44015,32.2185,-203.147,230.814,1,9
43,3.94884,32.2824,-111.968,494.06,1,9
43,0.296087,32.5217,-154.187,209.94,1,9
43,0.286429,32.5217,-176.677,200.101,1,9
43,0.271748,32.5219,-9.828,28.2143,1,9
43,-3.03487,32.3811,-144.991,196.693,1,9
43,-9.11933,31.2183,74.4454,441.771,1,9
43,-10.5325,30.7703,-21.0881,872.273,1,9
43,-11.5337,30.4092,-124.596,264.909,1,9
43,-11.5369,30.408,-147.061,267.166,1,9
43,-11.6347,30.3707,-83.7546,385.443,1,9
43,-14.8491,28.9353,-50.3174,182.521,1,9
43,-16.4836,28.0363,-108.958,262.323,1,9
43,-17.5698,27.3687,-146.605,1642.04,1,9
43,-18.5935,26.6838,69.7969,906.969,1,9
43,-20.5535,25.2051,-82.3971,1119.86,1,9
43,-20.846,24.9638,-105.576,911.529,1,9
43,-21.1823,24.679,87.0651,431.309,1,9
43,-22.0327,23.9229,-178.203,119.771,1,9
43,-22.4136,23.5664,-243.363,125.072,1,9
43,-22.6748,23.3152,-9.68751,250.822,1,9
43,-22.6748,23.3152,-243.873,213.023,1,9
43,-24.1381,21.7968,-288.445,306.567,1,9
43,-24.5405,21.3427,41.7829,676.038,1,9
43,-24.5528,21.3286,-127.827,445.323,1,9
43,-24.5773,21.3002,-69.8151,821.879,1,9
43,-27.4064,17.511,-143.427,1195.99,1,9
43,-27.8651,16.7715,-99.6202,380.496,1,9
43,-28.7002,15.2985,-176.948,270.113,1,9
43,-28.9921,14.7378,28.2462,367.927,1,9
43,-29.3843,13.9395,-149.323,148.278,1,9
43,-30.1591,12.1728,-158.52,745.154,1,9
43,-30.1267,12.2525,66.1712,476.204,1,9
43,-30.2403,11.9697,-113.332,154.116,1,9
43,-30.6863,10.7748,-109.202,2108.27,1,9
43,-32.4019,2.8045,-144.771,176.339,1,9
43,-32.5229,0.0905939,-156.129,84.4292,1,9
43,-33.0935,-0.243086,-76.5896,955.124,0,10
43,-33.094,-0.170861,189.565,222.295,0,10
43,-33.0424,-1.85366,101.964,1717.03,0,10
43,-33.0424,-1.85508,124.435,1724.85,0,10
43,-33.0143,-2.30178,-58.2806,326.435,0,10
43,-32.5452,-6.00411,291.549,510.831,0,10
43,-32.4307,-6.59456,98.1288,873.262,0,10
43,-32.3797,-6.84048,-23.1597,530.123,0,10
43,-32.2636,-7.36884,128.141,302.414,0,10
43,-32.2495,-7.43044,58.5984,1159.67,0,10
43,-32.2558,-7.4027,61.132,11.253,0,10
43,-31.7937,-9.187,15.8314,95.4777,0,10
43,-30.7379,-12.2646,-76.3885,209.759,0,10
43,-30.6392,-12.5091,-17.1155,592.606,0,10
43,-30.3634,-13.1644,-86.8011,403.692,0,10
43,-29.9087,-14.1672,-24.6215,403.426,0,10
43,-29.4484,-15.1008,253.997,217.965,0,10
43,-29.4739,-15.0508,278.318,86.5842,0,10
43,-24.6898,-22.0375,282.479,308.554,0,10
43,-24.1938,-22.5809,-41.8387,319.793,0,10
43,-22.1862,-24.5563,19.9582,599.079,0,10
43,-21.7198,-24.9698,142.824,211.391,0,10
43,-21.1366,-25.4654,-64.179,504.987,0,10
43,-20.3232,-26.1191,76.676,2490.94,0,10
43,-19.2215,-26.9402,124.972,124.286,0,10
43,-18.343,-27.5459,289.474,465.881,0,10
43,-17.0984,-28.3352,282.791,3078.35,0,10
43,-14.9595,-29.5204,99.9987,815.183,0,10
43,-14.1809,-29.9022,175.063,231.55,0,10
43,-13.2001,-30.3479,256.264,150.192,0,10
43,-8.83226,-31.8941,289.244,16.1456,0,10
43,-7.59939,-32.2101,231.033,2263.03,0,10
43,-6.9019,-32.3667,171.364,2030.53,0,10
43,-5.44456,-32.6435,83.7501,915.413,0,10
43,-5.23173,-32.6783,-34.8954,365.221,0,10
43,-3.90985,-32.8626,65.8318,694.626,0,10
43,-2.82647,-32.9735,69.0587,484.146,0,10
43,-2.49647,-33.0001,45.7315,665.06,0,10
43,-1.3555,-33.0666,-103.64,274.153,0,10
43,-0.742067,-33.0861,185.469,460.977,0,10
43,2.68291,-32.9855,26.2032,6989.7,0,10
43,2.92644,-32.9648,128.133,1702.18,0,10
43,3.5115,-32.9076,183.932,231.057,0,10
43,4.55813,-32.779,301.123,555.29,0,10
43,7.52461,-32.2276,56.495,426.666,0,10
43,9.26649,-31.7706,66.0181,432.632,0,10
43,10.1269,-31.5069,-23.5818,345.27,0,10
43,11.0459,-31.1966,26.5467,710.894,0,10
43,11.1074,-31.1747,226.268,1502.66,0,10
43,12.0113,-30.8378,293.301,912.74,0,10
43,12.8211,-30.51,-104.172,889.391,0,10
43,13.4568,-30.235,134.527,290.865,0,10
43,13.4529,-30.2367,156.983,303.912,0,10
43,13.6843,-30.1327,117.497,230.935,0,10
43,13.6832,-30.1332,139.976,229.163,0,10
43,13.8137,-30.0736,-66.3499,802.987,0,10
43,15.0937,-29.452,14.8224,4198.39,0,10
43,14.4436,-29.7762,8.99527,646.212,0,10
43,16.0273,-28.9545,-49.1952,931.48,0,10
43,16.1659,-28.8774,-56.9126,135.438,0,10
43,19.1853,-26.966,142.658,108.569,0,10
43,19.258,-26.9141,-66.492,15.1659,0,10
43,21.4793,-25.177,-5.14615,388.578,0,10
43,23.1087,-23.6903,150.176,126.732,0,10
43,23.7206,-23.0776,252.518,579.286,0,10
43,24.9473,-21.7456,268.725,140.527,0,10
43,25.0476,-21.63,182.988,104.286,0,10
43,25.0487,-21.6287,205.46,101.216,0,10
43,25.4315,-21.1774,167.738,1697.26,0,10
43,25.4423,-21.1644,212.863,705.631,0,10
43,25.4545,-21.1497,291.33,185.215,0,10
43,25.8863,-20.6189,153.775,341.895,0,10
43,26.3197,-20.0627,25.3039,197.184,0,10
43,26.3474,-20.0263,68.7685,68.3321,0,10
43,27.2298,-18.809,84.5485,580.904,0,10
43,27.2492,-18.7809,61.4182,2932.46,0,10
43,27.9524,-17.7173,103.225,587.548,0,10
43,28.2261,-17.2779,-88.3591,199.198,0,10
43,28.4731,-16.8677,279.095,266.628,0,10
43,28.829,-16.2521,-11.1729,85.2271,0,10
43,28.8229,-16.2628,160.884,290.275,0,10
43,29.9006,-14.1842,296.119,1304.41,0,10
43,30.1321,-13.6856,24.6121,640.194,0,10
43,30.6804,-12.4078,177.241,589.303,0,10
43,31.6254,-9.75043,-53.8251,164.294,0,10
43,31.7149,-9.45524,132.667,1470.12,0,10
43,31.7086,-9.47647,168.974,744.241,0,10
43,32.2646,-7.36446,286.659,236.86,0,10
43,32.6154,-5.61052,125.085,687.324,0,10
43,33.0944,-0.0393488,279.911,234.135,0,10
43,33.0849,0.79394,157.872,704.037,0,10
43,33.0799,0.97995,71.365,321.148,0,10
43,32.9047,3.53854,60.7189,228.869,0,10
43,32.8663,3.87877,-66.7141,958.899,0,10
43,32.5608,5.91913,-101.807,275.9,0,10
43,31.8345,9.04458,-98.7042,259.215,0,10
43,30.7134,12.3259,135.847,318.81,0,10
43,30.5699,12.6776,51.9388,660.79,0,10
43,28.9531,16.0299,-68.2303,256.581,0,10
43,28.4553,16.8978,110.115,88.7989,0,10
43,28.1373,17.4222,91.9148,162.978,0,10
43,27.2502,18.7795,273.229,2561.26,0,10
43,27.2939,18.7159,305.745,1807.79,0,10
43,26.1897,20.2322,195.95,323.754,0,10
43,24.1071,22.6735,-68.5569,525.526,0,10
43,24.1071,22.6735,270.164,15.1067,0,10
43,23.7249,23.0731,269.116,91.2632,0,10
43,22.8345,23.9547,-64.4697,201.309,0,10
43,21.9098,24.8032,168.163,400.911,0,10
43,21.8803,24.8293,178.612,194.182,0,10
43,20.8796,25.6765,179.014,404.4,0,10
43,20.4044,26.0557,154.107,609.585,0,10
43,20.1336,26.2655,-69.1983,101.823,0,10
43,20.1954,26.218,92.4872,160.493,0,10
43,20.1924,26.2203,114.902,164.444,0,10
43,19.6714,26.6135,166.643,712.626,0,10
43,16.8787,28.4666,61.8002,358.65,0,10
43,16.2798,28.8133,-21.8073,239.241,0,10
43,15.4885,29.2463,92.9622,242.495,0,10
43,14.9169,29.5419,123.092,288.173,0,10
43,14.5132,29.7423,65.796,12.1181,0,10
43,12.388,30.6884,297.949,3059.06,0,10
43,11.9296,30.8695,-3.37774,446.031,0,10
43,11.6791,30.9651,270.799,149.957,0,10
43,9.18702,31.7937,280.519,53.7055,0,10
43,8.83226,31.8941,280.485,54.8348,0,10
43,7.85147,32.1496,284.004,583.394,0,10
43,7.07849,32.3285,134.979,836.541,0,10
43,5.50988,32.6325,123.314,1388.59,0,10
43,2.92658,32.9647,63.1454,2894.25,0,10
43,3.2209,32.9373,-105.5,15,0,10
43,2.05856,33.0303,148.366,250.189,0,10
43,1.01872,33.0787,95.354,376.107,0,10
43,1.01238,33.0789,117.797,396.605,0,10
43,-0.871605,33.0829,-53.4178,6501.29,0,10
43,-0.829438,33.084,-35.752,26,0,10
43,-0.829439,33.084,-34.268,33,0,10
43,-1.4291,33.0635,-30.7297,588.082,0,10
43,-4.19854,32.827,185.044,271.98,0,10
43,-4.35629,32.8064,177.138,367.133,0,10
43,-4.34325,32.8082,199.621,360.418,0,10
43,-13.9271,30.0213,177.034,921.733,0,10
43,-13.9267,30.0215,199.505,937.058,0,10
43,-13.8807,30.0427,225.846,235.657,0,10
43,-15.5636,29.2064,-105.402,648.574,0,10
43,-16.2848,28.8105,297.979,773.754,0,10
43,-17.2753,28.2277,54.9079,376.526,0,10
43,-17.4648,28.1109,-34.1534,272.845,0,10
43,-17.2725,28.2294,224.384,461.005,0,10
43,-18.555,27.4035,42.4129,208.55,0,10
43,-19.5215,26.7236,-61.7141,46.764,0,10
43,-19.8414,26.487,-55.006,445.172,0,10
43,-20.309,26.1301,119.73,1468.62,0,10
43,-20.3105,26.129,142.209,1495.96,0,10
43,-23.7544,23.0428,118.637,252.495,0,10
43,-24.51,22.2373,-99.7694,173.882,0,10
43,-25.5905,20.9849,180.113,72.946,0,10
43,-25.844,20.6719,-103.434,236.111,0,10
43,-26.5672,19.7338,-63.2974,4554.87,0,10
43,-27.0594,19.0533,153.994,8638.05,0,10
43,-27.632,18.2129,38.7481,480.263,0,10
43,-27.9769,17.6787,76.2662,321.055,0,10
43,-27.8978,17.8031,206.416,108.797,0,10
43,-28.3019,17.1534,1.78364,932.511,0,10
43,-28.8676,16.1833,132.22,193.965,0,10
43,-29.1116,15.7403,-55.2282,281.78,0,10
43,-29.3878,15.2183,267.2,256.628,0,10
43,-30.3583,13.1763,101.655,370.672,0,10
43,-30.777,12.1661,-91.7962,644.958,0,10
43,-30.851,11.9772,77.6,3717.88,0,10
43,-31.0457,11.4632,-5.012,12.1295,0,10
43,-31.7476,9.34487,-12.413,623.437,0,10
43,-32.3517,6.97201,205.365,567.078,0,10
43,-32.3727,6.87352,2.64924,734.603,0,10
43,-32.3698,6.88728,230.483,290.771,0,10
43,-32.4018,6.73512,159.062,103.241,0,10
43,-32.5231,6.12271,22.1674,457.059,0,10
43,-32.9035,3.54948,163.22,226.919,0,10
43,-33.0936,0.22442,189.674,85.229,0,10
43,-33.0527,-1.66155,-156.627,1254.25,1,10
43,-32.9908,-2.61683,97.8722,786.121,1,10
43,-32.6908,-5.15302,105.422,471.062,1,10
43,-32.4128,-6.68222,-62.8772,86.3965,1,10
43,-31.8072,-9.13995,64.3557,272.46,1,10
43,-31.8039,-9.15151,48.8534,1079.12,1,10
43,-31.5247,-10.0713,-21.495,292.029,1,10
43,-31.3657,-10.5562,-180.02,354.582,1,10
43,-30.7917,-12.1289,-54.3954,483.803,1,10
43,-29.99,-13.9943,-79.9979,1492.7,1,10
43,-27.4262,-18.5215,-243.264,996.812,1,10
43,-24.9266,-21.7693,-155.093,149.277,1,10
43,-23.2049,-23.596,-141.692,13.1638,1,10
43,-20.2452,-26.1796,-273.803,143.31,1,10
43,-19.1918,-26.9613,-136.833,398.214,1,10
43,-18.4733,-27.4586,-130.424,292.385,1,10
43,-17.3202,-28.2002,-40.3577,604.6,1,10
43,-17.8001,-27.8997,-111.768,605.204,1,10
43,-17.2231,-28.2596,92.0576,416.098,1,10
43,-16.9844,-28.4037,-257.881,229.934,1,10
43,-16.5959,-28.6324,66.2156,866.709,1,10
43,-13.5878,-30.1763,-82.6618,152.534,1,10
43,-11.315,-31.1,-45.075,2110.28,1,10
43,-9.89994,-31.579,-63.548,282.749,1,10
43,-10.0139,-31.543,-274.463,431.484,1,10
43,-8.83226,-31.8941,-298.996,19.182,1,10
43,-8.14847,-32.0756,-149.417,227.204,1,10
43,-8.14942,-32.0753,-171.883,232.296,1,10
43,-6.09545,-32.5282,-115.759,4186.46,1,10
43,-4.54725,-32.7805,-99.3942,1311.18,1,10
43,-3.09171,-32.9497,43.5198,472.536,1,10
43,-2.91504,-32.9658,-298.814,1089.22,1,10
43,-1.45418,-33.0624,93.6561,423.331,1,10
43,-1.49019,-33.0608,-117.345,841.368,1,10
43,3.89157,-32.8648,-105.951,8231.56,1,10
43,2.00851,-33.0334,-249.111,480.014,1,10
43,2.46287,-33.0026,-227.488,1077.61,1,10
43,3.06205,-32.9524,-273.07,138.883,1,10
43,3.98268,-32.8539,13.5917,330.128,1,10
43,4.13684,-32.8348,-144.035,23.2003,1,10
43,4.50237,-32.7867,-144.236,11.0183,1,10
43,6.68223,-32.4128,4.17341,55.9598,1,10
43,9.89304,-31.5811,-149.362,104.645,1,10
43,16.7861,-28.5213,60.0687,87.4094,1,10
43,17.1028,-28.3326,60.556,17.1092,1,10
43,23.1496,-23.6502,-133.049,212.627,1,10
43,24.6541,-22.0775,80.2779,591.637,1,10
43,25.5173,-21.0738,-260.397,227.616,1,10
43,30.3207,-13.2626,-121.16,333.316,1,10
43,30.4166,-13.0411,-168.7,450.776,1,10
43,30.6646,-12.4467,17.7159,419.894,1,10
43,30.9197,-11.7988,-27.3453,732.474,1,10
43,30.9744,-11.6543,-113.621,188.92,1,10
43,31.2047,-11.023,-106.436,187.924,1,10
43,32.1397,-7.89159,-35.8278,287.686,1,10
43,32.1845,-7.70684,-260.885,524.479,1,10
43,32.1672,-7.77877,-280.962,221.74,1,10
43,32.2365,-7.48626,-19.3179,924.38,1,10
43,32.6255,-5.55107,-11.6722,152.995,1,10
43,32.6961,-5.11905,-16.6386,200.425,1,10
43,32.7751,-4.58591,-260.583,390.65,1,10
43,32.848,-4.03112,-67.4642,202.317,1,10
43,33,-2.49853,-46.2928,182.163,1,10
43,33.0118,-2.33604,-137.682,4984.9,1,10
43,33.026,-2.12686,-177.708,413.385,1,10
43,33.0315,-2.03916,-72.5603,1697.75,1,10
43,33.0573,-1.56634,71.58,13.0224,1,10
43,33.0749,-1.13665,71.6624,166.581,1,10
43,33.0727,-1.19798,-69.134,84.8749,1,10
43,33.0927,-0.339618,-27.1108,813.176,1,10
43,32.7447,4.79862,-82.1639,701.375,1,10
43,32.5891,5.76107,-129.81,4658.81,1,10
43,31.6861,9.55155,3.54522,80.0389,1,10
43,30.671,12.431,-68.2284,1553.39,1,10
43,30.4084,13.0602,94.196,445.131,1,10
43,28.6953,16.4869,-25.423,559.551,1,10
43,28.1303,17.4335,-202.921,1004.75,1,10
43,27.8764,17.8366,-137.233,395.131,1,10
43,27.8686,17.8488,-88.7143,485.298,1,10
43,27.755,18.025,-64.0345,573.977,1,10
43,27.4399,18.501,73.2568,159.707,1,10
43,27.4399,18.501,-137.512,124.967,1,10
43,27.1635,18.9046,77.5919,315.527,1,10
43,27.1322,18.9495,73.1784,823.74,1,10
43,27.1947,18.8596,-137.346,245.976,1,10
43,27.1301,18.9525,-141.574,382.8,1,10
43,27.2166,18.8281,-265.23,3147.38,1,10
43,27.043,19.0766,-41.4864,858.654,1,10
43,24.9521,21.7401,-42.5332,112.586,1,10
43,18.3504,27.5409,9.4811,349.968,1,10
43,18.0063,27.7671,-71.247,284.801,1,10
43,16.402,28.744,-30.497,180.611,1,10
43,14.1635,29.9104,-206.471,475.374,1,10
43,13.6396,30.153,0.267195,1551.3,1,10
43,13.616,30.1636,-74.7372,482.114,1,10
43,11.8813,30.8881,46.0366,1178.09,1,10
43,11.2444,31.1256,-23.279,291.473,1,10
43,9.36397,31.742,-39.1123,126.519,1,10
43,7.70381,32.1853,-83.3188,948.221,1,10
43,4.91462,32.7274,-222.605,728.909,1,10
43,4.32955,32.81,-202.424,248.663,1,10
43,4.16598,32.8311,-111.948,296.746,1,10
43,1.70171,33.0506,-267.812,1381.68,1,10
43,0.292572,33.0931,-8.88127,678.141,1,10
43,0.304609,33.093,-222.441,186.253,1,10
43,-3.95941,32.8567,-32.0381,530.46,1,10
43,-6.68222,32.4128,-78.8315,110.671,1,10
43,-6.68222,32.4128,-242.919,125.175,1,10
43,-8.97127,31.8552,74.4403,73.8311,1,10
43,-11.4173,31.0626,-123.023,457.683,1,10
43,-11.427,31.059,-145.499,449.919,1,10
43,-11.7674,30.9317,-82.4294,285.684,1,10
43,-17.5014,28.0881,-69.128,421.395,1,10
43,-17.8138,27.891,-147.395,2247.27,1,10
43,-18.5717,27.3922,69.6281,523.511,1,10
43,-18.8046,27.2328,-79.7456,836.37,1,10
43,-19.3958,26.8149,-200.093,652.199,1,10
43,-21.2861,25.3405,-80.4174,1515.42,1,10
43,-21.1063,25.4905,-103.656,388.132,1,10
43,-21.806,24.8946,86.9843,275.282,1,10
43,-22.5056,24.2639,-177.412,451.477,1,10
43,-22.8074,23.9804,-9.40562,98.7478,1,10
43,-22.8074,23.9804,-244.3,11.3791,1,10
43,-23.0731,23.7249,-9.13864,60.8594,1,10
43,-24.6567,22.0745,-288.095,237.207,1,10
43,-24.9531,21.7389,-68.8453,188.971,1,10
43,-25.0444,21.6337,42.4135,448.864,1,10
43,-25.1467,21.5147,-127.089,641.434,1,10
43,-27.8947,17.808,-155.939,609.611,1,10
43,-28.3116,17.1374,-98.0252,762.574,1,10
43,-28.9595,16.0184,-117.422,634.742,1,10
43,-29.549,14.9029,29.1703,190.508,1,10
43,-30.6761,12.4185,-112.625,640.167,1,10
43,-31.2342,10.9392,-108.265,302.695,1,10
43,-32.6179,5.59545,-147.51,177.288,1,10
43,-32.6179,5.59545,-169.989,181.376,1,10
43,-33.0009,2.48629,-32.071,55.7177,1,10
43,-32.9717,-6.79746,97.38,35.362,0,11
43,-32.7262,-7.89541,56.2579,88.9383,0,11
43,-31.3818,-12.1869,-19.852,17.0546,0,11
43,-31.356,-12.2532,-18.6014,330.482,0,11
43,-31.188,-12.6747,-76.8086,201.073,0,11
43,-30.9489,-13.2478,-88.1333,618.558,0,11
43,-30.3978,-14.4676,-24.8746,861.084,0,11
43,-30.0779,-15.1215,-19.6867,91.8913,0,11
43,-30.0287,-15.219,253.092,49.3823,0,11
43,-30.0543,-15.1682,277.558,89.4947,0,11
43,-29.4636,-16.2861,145.499,1042.79,0,11
43,-29.4642,-16.285,167.971,1039.8,0,11
43,-25.246,-22.2706,281.247,1005.24,0,11
43,-24.4088,-23.1851,46.951,511.85,0,11
43,-24.394,-23.2007,-41.371,293.739,0,11
43,-24.134,-23.471,-41.476,16.1477,0,11
43,-22.4607,-25.077,19.2178,216.165,0,11
43,-22.2004,-25.3077,142.534,376.406,0,11
43,-20.9564,-26.3471,75.8031,7128.48,0,11
43,-20.6425,-26.5937,-17.5129,80.8129,0,11
43,-19.6306,-27.3492,124.228,332.048,0,11
43,-18.6854,-28.0035,288.892,898.079,0,11
43,-17.1456,-28.9719,280.931,176.046,0,11
43,-15.3341,-29.9701,98.681,369.596,0,11
43,-14.2768,-30.4879,137.855,1600.51,0,11
43,-14.1976,-30.5249,174.01,1369.52,0,11
43,-13.3222,-30.917,51.0224,625.16,0,11
43,-13.6696,-30.7649,255.384,552.842,0,11
43,-7.91802,-32.7207,229.566,1404.61,0,11
43,-7.30147,-32.8638,171.417,1404.62,0,11
43,-5.32195,-33.2418,-36.3459,56.8991,0,11
43,-2.93553,-33.5369,67.773,1176.21,0,11
43,-2.35732,-33.5825,44.6239,494.901,0,11
43,-1.44803,-33.6339,-104.359,233.71,0,11
43,-1.38245,-33.6367,292.035,386.169,0,11
43,-0.270554,-33.664,184.872,140.44,0,11
43,1.41544,-33.6353,-79.9744,140.827,0,11
43,3.38534,-33.4945,-85.6066,224.098,0,11
43,5.95548,-33.1341,23.3459,8938.57,0,11
43,3.65269,-33.4664,183.365,168.509,0,11
43,4.54714,-33.3566,300.361,555.66,0,11
43,7.72232,-32.7674,55.7334,522.8,0,11
43,10.9487,-31.835,18.904,9970.82,0,11
43,9.7194,-32.2315,64.7793,388.487,0,11
43,10.6913,-31.9223,-24.3133,322.763,0,11
43,11.306,-31.7098,24.9323,435.015,0,11
43,11.2786,-31.7196,225.242,1061.44,0,11
43,13.6742,-30.7629,-105.334,1262.02,0,11
43,13.8325,-30.692,16.1925,456.922,0,11
43,13.401,-30.8829,133.854,45.6768,0,11
43,13.401,-30.8829,156.326,49.6154,0,11
43,13.7518,-30.7283,116.34,503.192,0,11
43,13.7521,-30.7282,138.81,504.723,0,11
43,14.0084,-30.6121,-67.7888,224.393,0,11
43,14.5462,-30.3603,8.857,241.438,0,11
43,14.7663,-30.2538,80.0018,999.102,0,11
43,15.8588,-29.6957,-50.7188,935.778,0,11
43,16.2712,-29.4718,-57.3918,165.929,0,11
43,18.4302,-28.1721,80.5351,1416.03,0,11
43,19.3423,-27.5539,-66.6935,579.763,0,11
43,19.3285,-27.5635,142.168,424.719,0,11
43,21.8221,-25.6347,-5.94062,681.911,0,11
43,24.1921,-23.4112,251.499,205.857,0,11
43,25.4347,-22.0548,267.773,759.723,0,11
43,25.7405,-21.6971,167.791,2925.78,0,11
43,25.6407,-21.815,210.624,516.086,0,11
43,25.9065,-21.4986,22.0191,305.321,0,11
43,26.1045,-21.2579,291.128,778.734,0,11
43,26.4039,-20.8847,152.398,268.523,0,11
43,26.7656,-20.4191,68.1261,383.905,0,11
43,27.74,-19.0744,59.772,247.328,0,11
43,27.7234,-19.0984,83.0613,1214.43,0,11
43,28.6083,-17.7456,102.04,624.826,0,11
43,28.6896,-17.6137,-88.9552,256.62,0,11
43,28.9047,-17.2585,278.222,552.146,0,11
43,29.2732,-16.6258,160.147,190.326,0,11
43,29.3963,-16.4072,-11.9915,131.319,0,11
43,30.1888,-14.8988,296.568,1924.77,0,11
43,30.5408,-14.1633,109.099,504.469,0,11
43,30.6578,-13.9082,23.9048,780.353,0,11
43,31.1374,-12.7985,136.933,247.467,0,11
43,32.1117,-10.1082,-54.5308,294.809,0,11
43,32.1676,-9.92881,130.777,513.398,0,11
43,32.2512,-9.65406,168.193,801.727,0,11
43,32.7173,-7.93189,-40.0236,599.355,0,11
43,32.8777,-7.2384,286.308,270.063,0,11
43,33.1587,-5.81705,124.36,647.196,0,11
43,33.58,-2.392,258.595,313.185,0,11
43,33.6651,-0.0230888,279.397,466.065,0,11
43,33.6551,0.821513,70.6722,126.216,0,11
43,33.6334,1.45994,-82.1239,379.412,0,11
43,33.6292,1.55494,157.599,173.327,0,11
43,33.0877,6.20816,-102.515,545.299,0,11
43,32.8772,7.24092,-70.7682,2508.84,0,11
43,32.8939,7.16435,-68.188,11.2288,0,11
43,32.3934,9.1655,-99.1224,263.798,0,11
43,32.194,9.84307,137.18,184.24,0,11
43,31.1876,12.6758,135.677,144.898,0,11
43,31.011,13.1017,51.4487,583.55,0,11
43,30.2359,14.803,262.321,440.968,0,11
43,30.1458,14.9857,148.118,329.63,0,11
43,29.5676,16.0965,285.202,78.8675,0,11
43,28.8582,17.3363,110.004,300.131,0,11
43,28.6866,17.6187,90.997,80.2006,0,11
43,27.9948,18.6984,305.276,8486.49,0,11
43,27.3678,19.6047,272.754,2345.6,0,11
43,26.5937,20.6425,195.704,579.922,0,11
43,21.4284,25.9646,178.264,676.459,0,11
43,20.777,26.4888,153.297,355.272,0,11
43,20.7558,26.5054,57.9458,155.628,0,11
43,20.6374,26.5977,90.8446,295.245,0,11
43,20.6405,26.5952,113.32,302.277,0,11
43,19.8504,27.1901,-82.0701,466.554,0,11
43,17.474,28.775,61.5688,618.726,0,11
43,15.8439,29.7037,92.2255,227.156,0,11
43,15.5272,29.8705,122.794,212.175,0,11
43,14.7501,30.2618,61.6298,1203.45,0,11
43,14.3846,30.4372,35.5591,151.124,0,11
43,12.3759,31.3078,297.385,1502.62,0,11
43,12.0882,31.42,75.2605,117.999,0,11
43,9.21637,32.379,151.847,234.074,0,11
43,8.05411,32.6875,135.272,722.206,0,11
43,8.02728,32.6941,283.309,361.687,0,11
43,6.05242,33.1166,122.572,1009.68,0,11
43,3.50338,33.4823,62.1598,6813.16,0,11
43,0.963063,33.6513,93.8053,364.042,0,11
43,0.963304,33.6513,116.28,371.295,0,11
43,-0.442655,33.6622,-53.2582,7338.13,0,11
43,-0.61873,33.6594,59.5826,4517.32,0,11
43,-4.05245,33.4203,28.2826,297.951,0,11
43,-4.2132,33.4004,184.302,940.594,0,11
43,-4.73098,33.331,6.65078,352.497,0,11
43,-9.05165,32.4254,-83.9945,163.042,0,11
43,-14.8908,30.1928,158.111,7734.68,0,11
43,-13.7457,30.731,-35.2004,434.49,0,11
43,-14.3765,30.441,176.781,284.283,0,11
43,-14.3761,30.4412,199.248,289.399,0,11
43,-16.3632,29.4208,297.439,298.836,0,11
43,-17.7005,28.6362,222.523,503.467,0,11
43,-17.918,28.5006,-35.3572,485.561,0,11
43,-18.8337,27.904,41.5654,362.627,0,11
43,-19.5901,27.3782,157.222,40.2388,0,11
43,-19.8242,27.2092,-62.4581,103.33,0,11
43,-21.6191,25.8061,157.028,2557.18,0,11
43,-21.1254,26.2118,119.485,3189.39,0,11
43,-21.125,26.2121,141.956,3190.61,0,11
43,-22.4523,25.0845,-72.7536,926.909,0,11
43,-24.0919,23.5142,117.719,113.316,0,11
43,-24.653,22.9253,156.602,1645.68,0,11
43,-24.972,22.5774,-100.368,400.138,0,11
43,-26.0672,21.3035,179.286,226.643,0,11
43,-26.9605,20.161,-64.6257,2773.03,0,11
43,-28.0332,18.6408,37.675,216.431,0,11
43,-28.4921,17.9316,75.4366,336.956,0,11
43,-28.7405,17.5306,0.451796,129.58,0,11
43,-29.8382,15.5891,266.53,139.056,0,11
43,-30.2719,14.7293,8.56407,166.856,0,11
43,-30.8464,13.4847,100.812,340.592,0,11
43,-31.1536,12.759,59.0191,230.758,0,11
43,-31.333,12.3117,-92.8039,545.109,0,11
43,-31.4432,12.0275,-5.65338,232.304,0,11
43,-31.3831,12.1835,76.9228,4882.54,0,11
43,-32.3041,9.47547,-13.646,353.52,0,11
43,-32.5896,8.44119,150.154,85.6374,0,11
43,-32.9717,6.79749,158.446,53.5763,0,11
43,-32.9717,6.79749,228.138,188.515,0,11
43,-33.6607,-0.544048,79.828,92.7989,1,11
43,-33.5671,-2.56672,99.1776,223.807,1,11
43,-33.5416,-2.88135,-156.963,941.713,1,11
43,-33.4098,-4.13786,-89.4866,285.488,1,11
43,-32.9717,-6.79746,-26.5498,156.945,1,11
43,-32.9717,-6.79745,-61.5101,195.323,1,11
43,-28.8212,-17.3977,-117.954,579.863,1,11
43,-20.5326,-26.6787,-272.86,223.281,1,11
43,-19.4636,-27.4683,-136.736,665.302,1,11
43,-19.4373,-27.4869,-215.314,41.3074,1,11
43,-18.5908,-28.0663,-128.484,2216.79,1,11
43,-18.5634,-28.0845,-39.4703,375.598,1,11
43,-18.1529,-28.3515,-110.979,603.569,1,11
43,-17.7781,-28.5881,92.5784,414.991,1,11
43,-17.0756,-29.0132,-257.066,81.3175,1,11
43,-16.7634,-29.1946,68.6732,270.55,1,11
43,-14.2923,-30.4806,-126.506,178.452,1,11
43,-13.8635,-30.678,-124.281,321.049,1,11
43,-13.8787,-30.6712,-81.821,361.276,1,11
43,-12.5703,-31.2302,-147.753,292.248,1,11
43,-10.3505,-32.0345,-45.3329,441.216,1,11
43,-10.1296,-32.105,-273.776,68.9096,1,11
43,-9.34544,-32.3419,-184.352,629.63,1,11
43,-9.34545,-32.3419,-206.843,643.256,1,11
43,-8.98458,-32.444,-184.332,80.6372,1,11
43,-8.98457,-32.444,-206.806,81.6053,1,11
43,-1.68131,-33.6231,-112.083,20281.7,1,11
43,-4.60209,-33.3491,-98.4796,1462.88,1,11
43,-3.26194,-33.5067,-298.18,1467.9,1,11
43,-1.12225,-33.6464,94.4256,430.467,1,11
43,-1.03122,-33.6493,-114.132,11.177,1,11
43,0.656268,-33.6587,-113.708,13.0659,1,11
43,1.31051,-33.6396,-157.172,218.204,1,11
43,2.40698,-33.5789,-167.133,188.084,1,11
43,2.49591,-33.5724,-249.687,305.991,1,11
43,2.59299,-33.5651,-225.643,839.898,1,11
43,3.24347,-33.5085,-272.413,328.777,1,11
43,3.65473,-33.4661,22.6614,289.742,1,11
43,3.6629,-33.4652,15.317,362.87,1,11
43,4.67036,-33.3396,-106.926,7211.83,1,11
43,4.58001,-33.3521,-127.276,11,1,11
43,8.98455,-32.4441,-63.4824,63.5966,1,11
43,9.70513,-32.2358,-121.684,161.415,1,11
43,9.70513,-32.2358,-148.87,176.763,1,11
43,12.8831,-31.1025,76.5954,364.43,1,11
43,17.0755,-29.0132,61.216,32.4306,1,11
43,17.3977,-28.8212,-109.436,396.625,1,11
43,23.4968,-24.1089,-72.7218,67.633,1,11
43,24.5382,-23.0482,-28.3837,480.094,1,11
43,25.0234,-22.5204,81.1707,320.924,1,11
43,25.8801,-21.5305,-258.881,1244.24,1,11
43,27.4869,-19.4373,-15.7775,107.845,1,11
43,29.2944,-16.5884,22.3605,1950.66,1,11
43,29.2944,-16.5884,-85.3,12.0203,1,11
43,29.2944,-16.5884,-125.744,912.294,1,11
43,30.0043,-15.2669,88.7623,51.5984,1,11
43,30.0043,-15.2669,-85.5206,62.5804,1,11
43,30.7596,-13.6817,-120.643,435.808,1,11
43,30.9061,-13.3474,-167.951,457.277,1,11
43,31.2393,-12.5477,19.0046,1171.95,1,11
43,31.4858,-11.9157,-26.4996,574.443,1,11
43,31.458,-11.989,-112.981,217.19,1,11
43,31.6991,-11.3362,-105.663,70.1116,1,11
43,31.8066,-11.0309,51.5964,188.133,1,11
43,32.6995,-8.00527,-17.2687,908.051,1,11
43,32.6831,-8.07162,-280.326,208.452,1,11
43,32.7004,-8.00146,-260.236,93.71,1,11
43,32.7262,-7.89544,-35.0935,29.4158,1,11
43,33.2807,-5.07281,-15.8687,389.155,1,11
43,33.3531,-4.57278,39.6576,407.274,1,11
43,33.3608,-4.51655,-259.802,291.373,1,11
43,33.4383,-3.9012,-65.7693,340.606,1,11
43,33.5749,-2.4629,-139.624,6235.24,1,11
43,33.5794,-2.40057,-45.751,144.821,1,11
43,33.6452,-1.15856,-68.3618,162.242,1,11
43,33.657,-0.739749,-26.7165,1064.03,1,11
43,33.386,4.3256,-80.4137,801.792,1,11
43,33.247,5.28894,-86.4592,262.125,1,11
43,33.167,5.76959,-132.404,6822.63,1,11
43,33.0073,6.62246,-58.086,322.461,1,11
43,32.2721,9.58379,4.09891,184.642,1,11
43,31.3818,12.1869,97.5653,139.227,1,11
43,31.0175,13.0863,94.9033,337.622,1,11
43,29.2633,16.6432,-202.572,608.067,1,11
43,28.7875,17.4534,-136.877,474.447,1,11
43,28.2761,18.2702,-62.8157,951.344,1,11
43,27.6691,19.1771,78.0216,303.499,1,11
43,27.6086,19.2641,-140.362,918.931,1,11
43,27.4566,19.4801,-40.6248,1175.39,1,11
43,25.2271,22.292,-41.7976,61.5442,1,11
43,24.9916,22.5557,97.3263,173.509,1,11
43,18.3654,28.2144,11.0395,907.914,1,11
43,18.1767,28.3363,-70.4706,410.055,1,11
43,17.0459,29.0306,-30.5196,559.47,1,11
43,15.9247,29.6605,96.7695,675.767,1,11
43,13.8964,30.6631,-73.3351,1277.11,1,11
43,13.6567,30.7706,0.489385,1740.74,1,11
43,12.8221,31.1277,89.982,1190.33,1,11
43,11.9374,31.4776,-231.366,59.6227,1,11
43,11.5195,31.6329,-22.5457,284.238,1,11
43,9.46351,32.3076,-38.3704,147.013,1,11
43,8.24904,32.6388,-81.6239,639.988,1,11
43,4.83954,33.3154,-220.451,739.801,1,11
43,4.21262,33.4005,-201.796,261.967,1,11
43,0.387524,33.6629,-7.90862,293.533,1,11
43,0.390415,33.6628,-153.156,656.797,1,11
43,0.391268,33.6628,-175.618,651.872,1,11
43,0.281295,33.6639,-222.252,23.0728,1,11
43,-4.11434,33.4127,-31.7363,476.76,1,11
43,-6.79746,32.9717,75.6456,707.916,1,11
43,-6.79746,32.9717,-241.459,252.83,1,11
43,-7.89541,32.7262,74.4376,112.488,1,11
43,-8.26885,32.6338,74.4651,234.164,1,11
43,-10.9647,31.8295,-20.8143,612.554,1,11
43,-11.3621,31.6898,-121.808,688.065,1,11
43,-11.3671,31.688,-144.273,698.052,1,11
43,-11.911,31.4876,-81.126,289.263,1,11
43,-15.5539,29.8566,-49.5748,134.683,1,11
43,-17.1996,28.9398,-108.763,613.214,1,11
43,-18.0565,28.413,-147.906,1113.24,1,11
43,-19.1616,27.6798,-80.913,456.455,1,11
43,-19.7622,27.2543,-200.073,1128.21,1,11
43,-19.7842,27.2383,-150.653,206.45,1,11
43,-21.3977,25.9899,-104.128,4582.7,1,11
43,-21.375,26.0086,-125.156,12,1,11
43,-21.9404,25.5335,-78.6928,375.857,1,11
43,-22.3941,25.1365,86.8409,213.511,1,11
43,-22.9287,24.6498,-176.552,889.823,1,11
43,-23.2927,24.3062,-8.56814,608.853,1,11
43,-25.5951,21.8684,43.1353,551.061,1,11
43,-25.812,21.6121,-126.356,264.823,1,11
43,-28.4385,18.0164,-140.944,1502.77,1,11
43,-28.7237,17.5581,-96.193,1662.64,1,11
43,-29.4244,16.3567,-116.838,1242.02,1,11
43,-29.7655,15.7274,-176.494,226.099,1,11
43,-30.1216,15.0342,29.9515,342.93,1,11
43,-30.4413,14.3759,-148.765,422.129,1,11
43,-31.0232,13.0729,-158.698,520.417,1,11
43,-31.1694,12.7203,-111.626,413.048,1,11
43,-31.2121,12.6152,66.1326,390.053,1,11
43,-31.7798,11.1079,-107.489,357.071,1,11
43,-33.1804,5.69194,-146.631,34.2185,1,11
43,-33.1804,5.69194,-169.081,32.2034,1,11
43,-34.0138,-3.90096,133.041,147.891,0,12
43,-31.9147,-12.3939,115.407,148.034,0,12
43,-31.5068,-13.397,-89.6361,302.136,0,12
43,-30.5928,-15.37,252.39,732.927,0,12
43,-30.6288,-15.2982,276.029,911.033,0,12
43,-30.5385,-15.4777,-19.7439,383.348,0,12
43,-30.1767,-16.1717,145.86,1408.86,0,12
43,-30.1766,-16.172,168.33,1408.72,0,12
43,-27.2776,-20.6904,-9.18537,146.212,0,12
43,-27.0454,-20.993,-9.36052,147.243,0,12
43,-22.7238,-25.6083,18.4286,482.175,0,12
43,-22.0666,-26.1768,-64.2235,414.467,0,12
43,-21.5545,-26.6,74.2825,3245.78,0,12
43,-20.926,-27.0973,-17.5412,109.161,0,12
43,-20.006,-27.7834,123.424,121.407,0,12
43,-19.0313,-28.4599,288.128,659.525,0,12
43,-17.1804,-29.6141,279.992,310.568,0,12
43,-15.7776,-30.3846,97.2947,953.634,0,12
43,-14.3541,-31.0824,135.943,1561.37,0,12
43,-14.3648,-31.0775,172.722,412.273,0,12
43,-13.2755,-31.5582,51.2275,1515.69,0,12
43,-8.31866,-33.2108,227.557,1636.58,0,12
43,-5.81198,-33.7399,81.6089,603.755,0,12
43,-5.62538,-33.7715,-38.0121,201.6,0,12
43,-4.11545,-33.9885,65.6781,319.403,0,12
43,-3.06452,-34.0994,66.4203,344.71,0,12
43,-2.27563,-34.1611,43.7651,145.364,0,12
43,-1.52778,-34.2027,-105.166,609.934,0,12
43,0.282177,-34.2356,184.26,480.302,0,12
43,1.49264,-34.2042,-80.6773,525.583,0,12
43,2.57208,-34.14,125.591,517.493,0,12
43,3.55043,-34.0522,-86.2232,234.044,0,12
43,4.52123,-33.937,299.539,667.041,0,12
43,7.94147,-33.303,54.5193,1935.13,0,12
43,10.3194,-32.6446,63.4483,112.221,0,12
43,11.321,-32.3109,-24.8887,398.263,0,12
43,11.4354,-32.2706,223.652,1447.01,0,12
43,11.541,-32.233,24.2213,440.462,0,12
43,12.3854,-31.918,292.699,465.896,0,12
43,13.6667,-31.3908,114.975,198.842,0,12
43,13.6623,-31.3927,137.481,225.744,0,12
43,14.1559,-31.1732,-69.3468,719.414,0,12
43,15.4323,-30.5615,80.3061,764.724,0,12
43,15.5665,-30.4933,-52.46,2929.85,0,12
43,19.4303,-28.1891,-48.9017,1355.33,0,12
43,24.6477,-23.7623,250.765,271.92,0,12
43,26.0094,-22.2636,167.85,4265.35,0,12
43,25.9418,-22.3424,182.742,156.746,0,12
43,25.9415,-22.3428,205.208,154.66,0,12
43,25.9501,-22.3327,209.511,299.375,0,12
43,25.9012,-22.3895,266.801,248.118,0,12
43,26.6908,-21.442,290.94,24.0749,0,12
43,26.9072,-21.1698,151.068,507.186,0,12
43,27.4089,-20.5161,22.7676,392.517,0,12
43,28.22,-19.3853,81.7629,840.276,0,12
43,29.1453,-17.9642,-89.3097,69.1524,0,12
43,29.2116,-17.8562,100.803,25.3336,0,12
43,29.3169,-17.6826,277.53,365.636,0,12
43,29.7268,-16.9846,159.359,114.191,0,12
43,29.9466,-16.5939,-12.8559,251.033,0,12
43,30.3781,-15.7902,297.378,3259.34,0,12
43,31.0337,-14.4593,108.351,604.535,0,12
43,31.1954,-14.1068,23.0886,953.99,0,12
43,31.6193,-13.1294,138.819,4401.7,0,12
43,31.8703,-12.5076,177.175,725.81,0,12
43,32.6053,-10.4427,-55.2556,266.289,0,12
43,32.6514,-10.2977,129.628,415.192,0,12
43,33.3245,-7.85082,-40.5908,268.352,0,12
43,34.2164,1.18299,-82.8956,686.262,0,12
43,34.1807,1.95943,157.246,973.53,0,12
43,34.0784,3.28988,60.589,271.359,0,12
43,33.9383,4.51103,-66.734,131.636,0,12
43,33.6084,6.52924,-103.319,408.899,0,12
43,33.3384,7.79144,-70.7767,453.557,0,12
43,32.9543,9.28282,-100.089,136.473,0,12
43,30.8006,14.9494,261.544,289.964,0,12
43,30.0766,16.3571,-68.5528,1264.61,0,12
43,29.3106,17.6931,90.1952,24.2728,0,12
43,29.3106,17.6931,303.66,15.0203,0,12
43,28.9371,18.2976,304.378,5450.29,0,12
43,27.6546,20.1837,272.351,2700.41,0,12
43,24.6764,23.7325,5.79832,328.399,0,12
43,23.8236,24.5885,-63.8684,495.413,0,12
43,22.5185,25.7891,177.857,287.686,0,12
43,21.8991,26.3171,177.513,381.101,0,12
43,20.9445,27.0829,-69.2165,178.903,0,12
43,20.9812,27.0546,57.74,51.0728,0,12
43,21.0896,26.9701,89.4235,211.931,0,12
43,21.0878,26.9715,111.881,210.949,0,12
43,20.0598,27.7446,-82.5424,142.137,0,12
43,19.8276,27.911,166.768,534.006,0,12
43,16.2974,30.109,-21.3054,607.84,0,12
43,16.2022,30.1604,91.4188,40.4873,0,12
43,14.9687,30.7912,59.7383,83.6694,0,12
43,12.4124,31.9075,296.978,2216.85,0,12
43,12.1962,31.9908,-3.96543,270.677,0,12
43,11.7489,32.1578,269.818,367.818,0,12
43,9.43073,32.9123,279.932,208.464,0,12
43,8.58453,33.1431,135.756,14.1266,0,12
43,6.59155,33.5963,121.758,663.935,0,12
43,4.38118,33.9553,60.141,3743.38,0,12
43,1.91611,34.1831,148.003,376.788,0,12
43,-0.0161117,34.2368,-54.304,3903.43,0,12
43,-1.6773,34.1957,-31.2848,167.763,0,12
43,-4.06526,33.9946,28.0065,122.253,0,12
43,-4.21602,33.9762,183.429,87.5977,0,12
43,-4.40341,33.9524,176.683,154.363,0,12
43,-4.40013,33.9529,199.157,155.496,0,12
43,-4.87781,33.8875,5.79483,276.03,0,12
43,-7.87204,33.3195,158.591,393.775,0,12
43,-8.39976,33.1904,131.516,20.0406,0,12
43,-9.19666,32.9785,11.2031,55.7824,0,12
43,-9.78927,32.8074,158.228,34.1274,0,12
43,-11.3028,32.3173,158.199,1392.54,0,12
43,-14.2281,31.1403,-35.9614,52.5622,0,12
43,-14.4215,31.0512,225.832,458.836,0,12
43,-14.9695,30.7908,176.662,380.638,0,12
43,-14.9668,30.7921,199.113,373.524,0,12
43,-16.3964,30.0552,296.825,465.452,0,12
43,-18.2059,28.9949,54.3594,328.528,0,12
43,-18.1584,29.0247,220.265,511.75,0,12
43,-19.1248,28.3972,40.6353,549.131,0,12
43,-19.991,27.7942,-63.2657,135.674,0,12
43,-20.842,27.1619,-58.0281,197.013,0,12
43,-21.9838,26.2463,119.026,2200.21,0,12
43,-21.9814,26.2484,141.483,2156.14,0,12
43,-22.5012,25.8041,-72.6955,417.71,0,12
43,-26.0896,22.1696,156.422,413.5,0,12
43,-26.5554,21.6095,178.478,195.502,0,12
43,-27.3078,20.6505,152.389,9123.29,0,12
43,-26.7592,21.3566,-104.131,157.569,0,12
43,-26.6908,21.442,156.312,30.7876,0,12
43,-27.3261,20.6263,-65.432,5351.68,0,12
43,-28.3503,19.1943,36.9986,102.92,0,12
43,-28.7549,18.5827,205.831,330.058,0,12
43,-29.1347,17.9814,-0.924817,1666.08,0,12
43,-29.6652,17.092,131.971,260.936,0,12
43,-30.0336,16.4359,-57.5238,188.161,0,12
43,-30.2735,15.9898,265.991,405.683,0,12
43,-30.8618,14.8225,8.14838,111.787,0,12
43,-31.3117,13.8469,100.066,261.99,0,12
43,-31.8831,12.475,-93.5756,721.172,0,12
43,-31.916,12.3907,-6.36428,654.049,0,12
43,-31.9162,12.3901,74.6764,1799.86,0,12
43,-31.9147,12.3939,78.092,11,0,12
43,-32.8689,9.58108,-14.9024,616.703,0,12
43,-33.4926,7.09959,204.723,150.669,0,12
43,-33.4926,7.09959,226.555,50.7649,0,12
43,-33.7439,5.7886,20.8815,88.5135,0,12
43,-34.2297,-0.698073,80.3226,88.9705,1,12
43,-34.1459,-2.49258,100.257,489.556,1,12
43,-34.0108,-3.92696,-157.237,747.593,1,12
43,-33.8063,-5.4123,-8.42767,69.3823,1,12
43,-33.4926,-7.09956,-60.6524,229.18,1,12
43,-33.4926,-7.09956,-208.26,15.0042,1,12
43,-32.8377,-9.68719,48.1775,786.24,1,12
43,-29.3106,-17.6931,-116.926,58.4712,1,12
43,-24.006,-24.4105,-140.844,14.0203,1,12
43,-22.8947,-25.4557,98.9758,71.9039,1,12
43,-21.0589,-26.9941,-217.902,122.926,1,12
43,-19.6064,-28.0669,-38.8877,497.548,1,12
43,-19.782,-27.9433,-214.813,1176.72,1,12
43,-18.9075,-28.5423,-127.942,3369.18,1,12
43,-18.5395,-28.7827,-110.142,306.272,1,12
43,-18.3422,-28.9088,93.2602,869.734,1,12
43,-17.7145,-29.2977,66.4209,828.296,1,12
43,-17.2874,-29.5517,-256.327,147.337,1,12
43,-16.9999,-29.718,68.9394,74.1119,1,12
43,-14.6178,-30.9593,-123.321,670.849,1,12
43,-14.1852,-31.1599,-80.8987,310.55,1,12
43,-12.6098,-31.83,-146.262,956.542,1,12
43,-10.3274,-32.6421,-63.3545,196.99,1,12
43,-10.2383,-32.6701,-272.812,304.873,1,12
43,-8.48419,-33.1689,-148.408,355.532,1,12
43,-8.48234,-33.1694,-170.907,345.543,1,12
43,-4.64264,-33.9206,-97.2018,2169.79,1,12
43,-1.92828,-34.1825,-117.268,519.231,1,12
43,-0.704547,-34.2295,95.1056,427.615,1,12
43,1.44216,-34.2064,-156.874,77.5732,1,12
43,2.89417,-34.1143,-223.51,1200.72,1,12
43,3.29987,-34.0774,17.3379,606.347,1,12
43,2.97195,-34.1076,-250.211,126.273,1,12
43,3.38069,-34.0695,-271.583,286.374,1,12
43,4.30299,-33.9653,-20.7776,749.9,1,12
43,4.69007,-33.914,-105.215,4308.91,1,12
43,9.13712,-32.995,-121.34,14.0749,1,12
43,9.68718,-32.8377,-121.105,66.7079,1,12
43,13.1018,-31.6307,77.7201,631.902,1,12
43,17.6931,-29.3106,-54.1673,471.631,1,12
43,17.6931,-29.3106,-108.592,259.204,1,12
43,25.3922,-22.9651,81.8438,353.052,1,12
43,27.8431,-19.9228,-15.34,12.091,1,12
43,31.8252,-12.622,20.5651,610.19,1,12
43,32.0516,-12.0355,-25.3515,1520.46,1,12
43,32.5307,-10.6729,52.0527,504.629,1,12
43,33.1977,-8.37096,-16.0841,943.475,1,12
43,33.1986,-8.36729,-259.652,323.037,1,12
43,33.2072,-8.33302,-279.712,72.7253,1,12
43,33.3115,-7.90575,-34.4845,193.074,1,12
43,33.4452,-7.31981,-166.886,473.93,1,12
43,33.4451,-7.32025,-189.362,478.324,1,12
43,33.8589,-5.07305,-14.8721,1214.5,1,12
43,33.94,-4.49813,40.1867,415.931,1,12
43,34.0306,-3.75203,-64.2592,847.437,1,12
43,34.1439,-2.52107,-177.25,316.555,1,12
43,34.188,-1.82791,71.8678,115.017,1,12
43,34.1878,-1.83129,-69.1287,1118.82,1,12
43,34.2199,-1.07512,-67.4247,681.649,1,12
43,34.0292,3.76415,-78.3613,2342.64,1,12
43,33.722,5.91503,-86.3265,730.053,1,12
43,32.8776,9.55085,4.58965,150.086,1,12
43,31.9147,12.3939,-70.884,11.2819,1,12
43,31.6471,13.0621,95.6033,730.25,1,12
43,30.5446,15.4657,-202.141,76.6351,1,12
43,30.1955,16.1367,-202.363,212.497,1,12
43,29.7178,17.0002,-136.629,521.844,1,12
43,29.7687,16.9111,-24.2119,289.805,1,12
43,29.0127,18.1775,-86.3923,251.562,1,12
43,28.7928,18.5238,-61.0646,1405.65,1,12
43,28.3112,19.2518,-263.301,161.841,1,12
43,28.0998,19.5591,-138.911,381.126,1,12
43,27.8402,19.927,-39.9944,742.749,1,12
43,27.3906,20.5405,73.2463,660.956,1,12
43,25.4396,22.9126,97.4207,583.023,1,12
43,25.4866,22.8603,-41.4327,113.423,1,12
43,18.53,28.7889,12.2051,353.419,1,12
43,18.3452,28.907,-69.8227,304.051,1,12
43,16.1704,30.1774,97.3862,735.873,1,12
43,14.7364,30.903,-206.03,288.728,1,12
43,12.4466,31.8942,-229.905,802.393,1,12
43,12.1753,31.9988,47.8522,213.999,1,12
43,11.6798,32.1829,-21.4501,347.308,1,12
43,9.50415,32.8912,-37.6613,42.4407,1,12
43,4.8447,33.8923,-218.718,484.39,1,12
43,4.5514,33.9329,-111.855,216.586,1,12
43,2.00288,34.1782,-267.449,1139.67,1,12
43,0.681009,34.23,-6.46755,474.717,1,12
43,-7.09956,33.4926,-78.3059,56.6127,1,12
43,-11.2538,32.3343,-20.5109,804.319,1,12
43,-11.4938,32.2498,-120.862,465.781,1,12
43,-11.4937,32.2499,-143.33,461.795,1,12
43,-11.9939,32.0672,-79.6141,255.365,1,12
43,-15.8923,30.3248,-48.7249,521.127,1,12
43,-17.7045,29.3038,-69.2834,676.131,1,12
43,-17.5864,29.3748,-108.533,445.892,1,12
43,-18.2687,28.9554,-148.559,1423.01,1,12
43,-18.9013,28.5464,69.5888,292.863,1,12
43,-19.5203,28.1268,-81.8839,230.158,1,12
43,-23.1457,25.2276,86.6782,468.828,1,12
43,-23.367,25.0229,-175.703,445.804,1,12
43,-23.5746,24.8273,-7.97753,700.557,1,12
43,-25.2427,23.1293,-305.78,124.164,1,12
43,-25.5425,22.7978,-67.7308,393.906,1,12
43,-25.8347,22.4662,-287.972,18.18,1,12
43,-26.5383,21.6304,-125.822,960.791,1,12
43,-26.5709,21.5904,-127.7,12.1637,1,12
43,-28.8233,18.4763,-155.567,818.666,1,12
43,-28.967,18.2502,-138.995,504.035,1,12
43,-29.1463,17.9624,-94.5762,2597.68,1,12
43,-30.3044,15.9313,-175.945,741.256,1,12
43,-30.6986,15.1577,31.3249,750.978,1,12
43,-30.9702,14.5947,-148.414,413.649,1,12
43,-31.3709,13.7121,-158.768,661.836,1,12
43,-31.5642,13.2612,-110.93,128.029,1,12
43,-32.3237,11.2842,-106.535,1024.48,1,12
43,-34.8073,-0.204112,103.142,617.668,0,13
43,-34.8073,-0.202872,125.615,615.707,0,13
43,-34.6814,-2.96484,-59.8333,175.758,0,13
43,-34.661,-3.19462,188.756,13.0567,0,13
43,-34.6066,-3.73821,188.622,66.5055,0,13
43,-34.2641,-6.12879,291.039,127.066,0,13
43,-33.9277,-7.77807,97.1277,268.311,0,13
43,-33.9192,-7.8153,127.465,1169.73,0,13
43,-33.9023,-7.88841,-28.3572,755.896,0,13
43,-33.8401,-8.15094,53.7996,428.242,0,13
43,-33.3073,-10.11,-25.8517,711.733,0,13
43,-32.4354,-12.6308,114.116,120.988,0,13
43,-32.1447,-13.3532,-77.0374,207.17,0,13
43,-32.11,-13.4365,-90.9954,1317.75,0,13
43,-31.1503,-15.5321,251.594,546.398,0,13
43,-31.2443,-15.3423,274.603,677.136,0,13
43,-26.4462,-22.6315,278.68,844.065,0,13
43,-25.4739,-23.7206,46.7449,124.892,0,13
43,-24.8528,-24.3706,-41.0232,503.377,0,13
43,-23.129,-26.0123,142.35,393.377,0,13
43,-23.0006,-26.1259,17.5252,139.146,0,13
43,-22.8088,-26.2935,-64.2194,355.006,0,13
43,-22.0918,-26.8988,73.5037,5215.88,0,13
43,-20.3793,-28.2183,122.689,154.599,0,13
43,-19.3893,-28.9075,287.685,251.369,0,13
43,-16.1682,-30.825,98.9307,4036.06,0,13
43,-14.5382,-31.6264,171.854,264.777,0,13
43,-14.4723,-31.6566,134.714,282.458,0,13
43,-14.2509,-31.7569,254.296,694.353,0,13
43,-9.44597,-33.5017,289.52,68.6148,0,13
43,-8.62629,-33.7221,226.003,490.046,0,13
43,-7.9434,-33.8894,171.578,1536.92,0,13
43,-5.9914,-34.2884,80.4199,1656.3,0,13
43,-5.81753,-34.3183,-39.1019,200.353,0,13
43,-4.33088,-34.5374,65.6535,546.092,0,13
43,-3.22313,-34.6584,65.6097,309.351,0,13
43,-2.16162,-34.7407,43.009,212.066,0,13
43,-1.64744,-34.7689,-105.5,22,0,13
43,-1.53222,-34.7742,291.825,300.904,0,13
43,0.663993,-34.8016,183.462,280.239,0,13
43,1.60189,-34.771,-81.6569,1076.89,0,13
43,2.31071,-34.7311,124.193,175.872,0,13
43,3.75173,-34.6051,-86.7929,166.82,0,13
43,3.8901,-34.5898,182.883,190.895,0,13
43,4.44769,-34.5226,298.698,570.959,0,13
43,8.12164,-33.8471,53.5242,789.815,0,13
43,10.6359,-33.1431,62.4481,485.923,0,13
43,11.772,-32.7568,-25.8153,364.59,0,13
43,11.5838,-32.8238,221.722,1675.09,0,13
43,11.792,-32.7496,22.9106,1378.81,0,13
43,12.5297,-32.4746,292.006,492.261,0,13
43,13.6378,-32.025,113.465,1636.81,0,13
43,13.5626,-32.0569,131.982,254.478,0,13
43,13.6375,-32.0251,135.952,1655.58,0,13
43,13.5624,-32.057,154.459,249.4,0,13
43,14.331,-31.7209,-70.5849,458.875,0,13
43,15.1128,-31.3559,-54.7507,2128.06,0,13
43,14.8835,-31.4654,8.60175,180.046,0,13
43,16.6324,-30.577,-57.7286,341.155,0,13
43,19.1338,-29.0773,80.6217,1106.91,0,13
43,19.6256,-28.7476,-50.3312,334.047,0,13
43,19.7885,-28.6357,-66.7286,246.009,0,13
43,19.9253,-28.5407,141.664,640.857,0,13
43,22.4929,-26.5643,-7.67001,450.187,0,13
43,25.1528,-24.0609,249.308,901.499,0,13
43,26.315,-22.784,167.905,4802.38,0,13
43,26.2088,-22.9061,207.657,617.811,0,13
43,26.4065,-22.6779,266.12,227.1,0,13
43,26.4487,-22.6286,182.613,183.399,0,13
43,26.4476,-22.63,205.082,175.658,0,13
43,26.6954,-22.3371,21.8871,148.854,0,13
43,27.2634,-21.6402,290.754,189.683,0,13
43,27.409,-21.4554,149.606,805.912,0,13
43,27.6105,-21.1955,67.5533,164.292,0,13
43,28.0066,-20.6693,21.3771,720.416,0,13
43,28.7306,-19.6505,80.3693,1225.97,0,13
43,29.8806,-17.8532,100.009,217.598,0,13
43,30.1514,-17.3921,158.634,180.526,0,13
43,30.5435,-16.6939,-13.5977,297.432,0,13
43,31.5217,-14.764,107.598,300.775,0,13
43,31.7445,-14.2785,22.5416,147.645,0,13
43,32.1089,-13.439,135.707,278.279,0,13
43,33.0583,-10.8966,-56.1765,203.628,0,13
43,33.0812,-10.827,127.39,461.219,0,13
43,33.3325,-10.0268,167.491,817.485,0,13
43,33.4614,-9.58773,20.6441,379.088,0,13
43,34.0378,-7.28157,286.058,350.667,0,13
43,34.264,-6.12911,123.539,237.794,0,13
43,34.7344,-2.26103,258.769,269.357,0,13
43,34.8079,0.0192203,278.919,244.491,0,13
43,34.8023,0.621505,70.183,199.541,0,13
43,34.7926,1.03355,-83.9785,1210.21,0,13
43,34.6855,2.91644,156.819,779.595,0,13
43,34.4591,4.91549,-66.7678,602.654,0,13
43,34.1311,6.83044,-104.213,198.84,0,13
43,33.508,9.42369,-100.882,128.914,0,13
43,33.4931,9.47625,288.396,13.1617,0,13
43,33.2737,10.2201,136.389,41.4166,0,13
43,32.1711,13.2894,135.569,145.519,0,13
43,32.0054,13.6837,50.9393,633.487,0,13
43,31.3495,15.1262,260.786,165.423,0,13
43,31.2143,15.4033,148.002,418.631,0,13
43,30.7698,16.273,-68.9707,283.336,0,13
43,30.5713,16.643,284.929,225.066,0,13
43,29.8207,17.9532,303.402,7060.1,0,13
43,29.7608,18.0523,109.859,578.922,0,13
43,29.7602,18.0532,89.2241,140.203,0,13
43,27.7424,21.0226,271.747,2320.06,0,13
43,25.0881,24.1284,-69.3168,86.2396,0,13
43,25.0881,24.1284,5.22763,249.744,0,13
43,22.5636,26.5042,176.81,400.969,0,13
43,22.1945,26.8141,168.075,288.073,0,13
43,21.5628,27.3246,152.574,414.852,0,13
43,21.4811,27.3889,88.2585,707.316,0,13
43,21.4816,27.3885,110.752,720.272,0,13
43,21.3432,27.4965,-69.265,33.362,0,13
43,19.7152,28.6863,166.893,331.679,0,13
43,18.5045,29.4817,61.341,912.335,0,13
43,16.5391,30.6276,122.625,1128.9,0,13
43,15.1194,31.3527,59.1614,187.695,0,13
43,14.9441,31.4367,34.8105,327.131,0,13
43,13.1146,32.2428,75.4719,243.363,0,13
43,12.213,32.595,-4.43736,349.353,0,13
43,11.7819,32.7533,269.215,568.952,0,13
43,10.2201,33.2737,150.172,12,0,13
43,9.74174,33.4169,279.496,246.368,0,13
43,9.47627,33.4931,151.658,30.3699,0,13
43,8.32966,33.7965,282.493,291.429,0,13
43,7.1512,34.0654,120.927,554.767,0,13
43,5.07247,34.4363,58.8185,3064.28,0,13
43,1.7991,34.7614,147.651,455.541,0,13
43,0.761174,34.7996,112.629,355.579,0,13
43,0.312807,34.8065,-54.1367,4480.61,0,13
43,-1.85322,34.7585,-31.8858,209.415,0,13
43,-3.37655,34.6437,159.048,303.932,0,13
43,-5.424,34.3827,158.838,1285.12,0,13
43,-4.33258,34.5372,176.442,312.153,0,13
43,-4.33562,34.5368,198.91,311.143,0,13
43,-5.04405,34.4405,4.98331,190.876,0,13
43,-7.0282,34.091,158.652,18.0364,0,13
43,-8.37201,33.7861,130.63,359.519,0,13
43,-9.43938,33.5036,-85.037,129.243,0,13
43,-9.38358,33.5192,10.4145,135.137,0,13
43,-14.7266,31.5391,225.806,884.961,0,13
43,-15.7255,31.0532,176.332,578.162,0,13
43,-15.7242,31.0538,198.804,577.373,0,13
43,-18.6989,29.3588,53.7305,350.027,0,13
43,-18.5369,29.4614,218.858,1816.96,0,13
43,-18.7636,29.3176,-37.7351,504.891,0,13
43,-19.4132,28.8915,39.9056,305.016,0,13
43,-20.2777,28.2914,-64.0365,254.312,0,13
43,-21.2929,27.5355,-59.2463,1922.41,0,13
43,-22.653,26.4279,-72.6584,531,0,13
43,-23.0901,26.0469,118.626,1958.96,0,13
43,-23.0885,26.0483,141.106,1952.41,0,13
43,-25.8573,23.3021,-101.296,176.963,0,13
43,-26.7704,22.2471,149.827,7635.05,0,13
43,-27.0463,21.9109,177.822,120.028,0,13
43,-27.2787,21.6209,-105.046,333.84,0,13
43,-27.6888,21.0931,-66.3391,6034.17,0,13
43,-28.7619,19.6047,36.0181,119.437,0,13
43,-29.1181,19.0716,205.333,265.202,0,13
43,-29.5992,18.3161,-1.91931,1435.34,0,13
43,-29.5408,18.41,73.1599,654.175,0,13
43,-30.2611,17.2005,155.125,3434.08,0,13
43,-30.4966,16.7793,-58.4383,148.136,0,13
43,-31.1371,15.5587,155.607,393.485,0,13
43,-32.1583,13.3204,58.8431,205.327,0,13
43,-32.4497,12.594,73.5589,3958.24,0,13
43,-33.4931,9.47627,-16.9828,124.778,0,13
43,-33.8521,8.10098,150.027,1556.93,0,13
43,-33.8694,8.02822,-3.05273,970.409,0,13
43,-34.1076,6.94692,225.407,988.837,0,13
43,-34.1438,6.76668,204.371,657.925,0,13
43,-34.1693,6.63674,158.058,172.493,0,13
43,-34.2893,5.98613,19.9972,250.268,0,13
43,-34.5795,3.98122,-20.2114,242.364,0,13
43,-34.8059,0.369317,103.409,1965.16,0,13
43,-34.806,0.368444,125.871,1956.67,0,13
43,-34.7244,-2.40897,101.906,322.369,1,13
43,-34.5775,-3.99788,-89.4323,1068.96,1,13
43,-34.3932,-5.35707,-157.652,275.402,1,13
43,-33.4957,-9.46712,64.491,352.642,1,13
43,-33.3282,-10.0409,47.7447,2027.21,1,13
43,-33.1341,-10.6641,-177.675,772.137,1,13
43,-32.4293,-12.6465,-53.9338,1598.43,1,13
43,-31.6283,-14.5342,-78.5582,1150.24,1,13
43,-30.4214,-16.9153,-248.012,423.574,1,13
43,-30.2138,-17.2833,-115.521,758.943,1,13
43,-29.3564,-18.7028,-48.4624,269.053,1,13
43,-26.0991,-23.031,70.9061,869.388,1,13
43,-26.028,-23.1114,-152.685,798.898,1,13
43,-23.6654,-25.5252,99.2172,617.843,1,13
43,-21.1323,-27.6589,-271.721,572.908,1,13
43,-20.4917,-28.1368,-38.3431,415.618,1,13
43,-20.5506,-28.0938,-218.228,161.238,1,13
43,-20.0677,-28.4408,-136.607,341.77,1,13
43,-19.1787,-29.0477,-126.754,1647.44,1,13
43,-18.8518,-29.2609,93.9476,434.4,1,13
43,-18.8957,-29.2326,-109.232,447.534,1,13
43,-18.4555,-29.5125,66.5753,377.971,1,13
43,-17.4198,-30.1354,-255.557,336.045,1,13
43,-15.0901,-31.3668,-122.188,39.1638,1,13
43,-12.703,-32.4072,-144.958,89.259,1,13
43,-10.2711,-33.258,-272.024,395.965,1,13
43,-9.55175,-33.4717,-45.8856,908.789,1,13
43,-8.62993,-33.7211,-46.0215,97.4718,1,13
43,-4.66333,-34.4941,-95.7681,810.137,1,13
43,-3.88124,-34.5908,-297.318,364.857,1,13
43,-3.67556,-34.6133,44.8704,305.34,1,13
43,-0.228793,-34.8071,95.7943,295.307,1,13
43,2.34467,-34.7288,-166.901,277.195,1,13
43,3.02172,-34.6765,-222.22,511.568,1,13
43,3.52638,-34.6288,-270.672,322.876,1,13
43,3.87064,-34.592,22.9997,103.801,1,13
43,4.2509,-34.5474,-20.5798,142.194,1,13
43,4.63668,-34.4977,-103.911,2245.48,1,13
43,5.46223,-34.3766,-143.095,598.263,1,13
43,9.54142,-33.4746,-62.3269,259.567,1,13
43,9.47625,-33.4931,-120.492,31.1456,1,13
43,18.4045,-29.5443,-111.777,76.2527,1,13
43,22.1549,-26.8468,-157.631,225.741,1,13
43,22.1217,-26.8741,-174.343,1701.68,1,13
43,22.1221,-26.8739,-196.819,1720.07,1,13
43,23.1581,-25.9864,-130.793,740.451,1,13
43,23.8926,-25.3127,-72.493,475.355,1,13
43,25.4213,-23.7771,-27.5902,991.535,1,13
43,26.5887,-22.464,-256.831,368.804,1,13
43,30.7548,-16.3014,89.8342,166.225,1,13
43,30.7548,-16.3014,-89.7191,3806.18,1,13
43,31.7574,-14.2499,-120.038,353.821,1,13
43,31.9267,-13.8663,-167.225,367.338,1,13
43,32.421,-12.6677,22.0367,862.627,1,13
43,32.4471,-12.6007,-112.429,105.386,1,13
43,32.6041,-12.1887,-24.3614,1321.25,1,13
43,32.7482,-11.796,-104.876,188.767,1,13
43,33.7537,-8.50163,-279.333,423.333,1,13
43,34.0899,-7.03344,-166.464,549.603,1,13
43,34.0897,-7.03452,-188.936,549.582,1,13
43,34.4064,-5.27189,-10.5196,361.338,1,13
43,34.5262,-4.41957,-257.758,466.605,1,13
43,34.7044,-2.68208,-138.935,5119.99,1,13
43,34.7064,-2.6561,-176.541,190.81,1,13
43,34.7379,-2.20646,72.0922,664.712,1,13
43,34.7338,-2.26963,-45.4104,476.641,1,13
43,34.7664,-1.69961,-25.9769,829.343,1,13
43,34.7647,-1.73298,-67.6458,353.274,1,13
43,34.7851,-1.26,-26.1696,229.776,1,13
43,34.7958,-0.917357,-66.2623,564.768,1,13
43,34.6706,3.08871,-76.1165,1085.76,1,13
43,34.3674,5.52029,-130.851,2140.91,1,13
43,34.166,6.65398,-57.9411,411.49,1,13
43,33.5454,9.28954,-32.3,16.1435,1,13
43,28.3076,20.2551,-39.0161,92.057,1,13
43,18.6,29.4216,13.7304,1131.79,1,13
43,18.5859,29.4305,-68.8996,628.178,1,13
43,17.7942,29.9158,-30.5418,464.702,1,13
43,16.4118,30.696,98.1918,989.72,1,13
43,15.1338,31.3458,-205.623,263.221,1,13
43,13.4343,32.1109,0.99873,326.535,1,13
43,13.311,32.1622,90.8273,1816.12,1,13
43,12.8793,32.3375,-228.709,484.716,1,13
43,12.1527,32.6175,49.3058,517.435,1,13
43,12.02,32.6667,-20.818,446.831,1,13
43,9.55814,33.4699,-36.7478,468.094,1,13
43,9.47627,33.4931,-78.1633,198.949,1,13
43,4.23281,34.5496,-201.13,622.426,1,13
43,0.934293,34.7954,-5.36178,478.579,1,13
43,0.604386,34.8027,-152.172,195.389,1,13
43,0.608469,34.8026,-174.659,195.322,1,13
43,-4.43435,34.5243,-31.5669,202.164,1,13
43,-11.4963,32.8546,-142.127,2215.67,1,13
43,-11.498,32.854,-119.659,2199.05,1,13
43,-12.1395,32.6224,-78.3662,374.815,1,13
43,-16.2396,30.7874,-47.9376,531.699,1,13
43,-17.5345,30.0688,-69.4462,622.514,1,13
43,-18.8196,29.2816,69.5926,76.8493,1,13
43,-19.975,28.506,-83.0468,729.443,1,13
43,-20.5944,28.0617,-150.326,176.725,1,13
43,-20.6108,28.0497,-199.861,312.698,1,13
43,-23.9453,25.2629,86.4725,1030.39,1,13
43,-23.8018,25.3981,-174.865,533.089,1,13
43,-24.8856,24.3371,-62.6318,90.7989,1,13
43,-25.898,23.2569,-66.8259,745.867,1,13
43,-26.3245,22.773,-287.636,1736.7,1,13
43,-26.6109,22.4377,43.6224,418.492,1,13
43,-29.2795,18.823,-155.286,653.842,1,13
43,-29.5253,18.4349,-137.481,703.802,1,13
43,-30.3837,16.9829,-116.335,272.942,1,13
43,-31.2823,15.2646,32.6921,97.4145,1,13
43,-31.5067,14.7959,-147.997,523.567,1,13
43,-32.0125,13.667,-110.128,207.903,1,13
43,-32.8797,11.4242,-105.821,916.004,1,13
43,-35.2405,-3.1356,-60.5591,483.012,0,14
43,-35.159,-3.94557,132.708,231.74,0,14
43,-34.4047,-8.24853,-29.9888,561.206,0,14
43,-34.3831,-8.33801,52.3339,883.074,0,14
43,-34.2766,-8.76586,12.1556,166.685,0,14
43,-33.9339,-10.0106,-27.4693,139.425,0,14
43,-32.8966,-13.0207,113.244,93.6732,0,14
43,-32.7012,-13.5039,-92.3,335.584,0,14
43,-32.5506,-13.8629,-77.3828,1122.08,0,14
43,-31.7882,-15.5318,-25.308,276.284,0,14
43,-31.8178,-15.471,273.265,694.952,0,14
43,-31.4886,-16.1305,-19.8025,256.601,0,14
43,-31.3518,-16.3948,146.356,28.1841,0,14
43,-31.3518,-16.3948,168.691,37.1854,0,14
43,-27.0002,-22.8629,277.556,1326.09,0,14
43,-26.9541,-22.9173,279.492,11.4684,0,14
43,-26.1643,-23.815,46.5182,196.467,0,14
43,-23.271,-26.6493,16.8279,271.296,0,14
43,-22.702,-27.1356,75.8483,10812.1,0,14
43,-21.4428,-28.1412,-17.5923,339.06,0,14
43,-17.2197,-30.9064,277.653,541.475,0,14
43,-16.5431,-31.2738,95.2288,1002.97,0,14
43,-14.5692,-32.2407,133.36,788.171,0,14
43,-14.5711,-32.2398,253.319,869.016,0,14
43,-13.2321,-32.8121,51.2078,372.197,0,14
43,-12.6238,-33.0509,43.9619,24.2382,0,14
43,-8.39929,-34.3682,171.723,2569.9,0,14
43,-8.48901,-34.3462,174.764,11.4409,0,14
43,-6.20582,-34.8312,78.7379,979.59,0,14
43,-5.94744,-34.8762,-39.8776,136.846,0,14
43,-3.38275,-35.2176,64.8112,303.398,0,14
43,-2.05643,-35.3199,42.3414,217.258,0,14
43,2.02982,-35.3214,122.839,1051.99,0,14
43,4.02608,-35.1499,182.421,349.171,0,14
43,8.30419,-34.3913,52.7799,1260.63,0,14
43,11.1726,-33.5693,61.0997,966.097,0,14
43,11.7258,-33.3801,219.768,1440.1,0,14
43,12.0262,-33.273,22.0803,256.262,0,14
43,12.702,-33.0209,291.563,730.792,0,14
43,13.6603,-32.6362,111.983,367.146,0,14
43,13.6971,-32.6207,130.986,555.618,0,14
43,13.6642,-32.6345,134.484,385.211,0,14
43,13.6965,-32.621,153.474,562.991,0,14
43,14.575,-32.238,-57.3032,509.194,0,14
43,14.5034,-32.2703,-71.7944,1110.09,0,14
43,14.8421,-32.116,8.43107,199.252,0,14
43,16.2199,-31.4426,80.8259,52.6573,0,14
43,16.7679,-31.1538,-58.1241,897.749,0,14
43,16.6793,-31.2013,80.5609,90.4894,0,14
43,19.5489,-29.4884,80.6916,619.305,0,14
43,19.8336,-29.2977,-51.5299,1229.69,0,14
43,20.2032,-29.044,141.144,218.397,0,14
43,26.5541,-23.3795,169.853,7823.48,0,14
43,26.4445,-23.5034,206.278,813.344,0,14
43,27.9193,-21.7309,148.176,191.763,0,14
43,28.0467,-21.5664,67.0453,77.3074,0,14
43,28.5519,-20.8928,20.2113,472.371,0,14
43,29.2696,-19.875,78.6745,1196.32,0,14
43,30.0901,-18.6095,-89.7256,360.404,0,14
43,30.207,-18.4189,276.42,335.531,0,14
43,30.4905,-17.9459,98.7971,2497.14,0,14
43,30.5839,-17.7862,157.762,199.318,0,14
43,31.0696,-16.9235,298.022,1605.24,0,14
43,31.0898,-16.8862,-14.4043,103.97,0,14
43,32.025,-15.0373,106.939,330.666,0,14
43,32.3122,-14.4099,21.8614,442.548,0,14
43,32.5665,-13.8257,134.959,1245.63,0,14
43,33.0555,-12.6118,177.055,459.827,0,14
43,33.5549,-11.2157,-56.8103,516.164,0,14
43,33.5671,-11.1792,126.192,322.806,0,14
43,33.874,-10.2115,166.985,253.203,0,14
43,34.4784,-7.93475,-41.1728,138.592,0,14
43,34.6223,-7.28152,285.569,596.201,0,14
43,34.7714,-6.53228,123.107,428.356,0,14
43,35.3797,0.0557901,278.328,263.552,0,14
43,35.3765,0.474976,69.7509,1281.69,0,14
43,35.3723,0.721991,-85.3492,893.107,0,14
43,35.2863,2.56966,60.5214,313.547,0,14
43,35.1785,3.76789,156.43,1498.28,0,14
43,34.6298,7.24563,-104.893,284.131,0,14
43,34.3274,8.56445,-70.6676,592.525,0,14
43,34.0587,9.57756,-101.575,52.4733,0,14
43,34.0475,9.61737,288.022,344.543,0,14
43,33.8034,10.4428,135.868,313.835,0,14
43,32.3973,14.2175,50.5748,211.01,0,14
43,31.9433,15.2101,260.119,46.4509,0,14
43,31.759,15.5914,147.954,175.617,0,14
43,31.3737,16.3528,-69.2812,155.673,0,14
43,31.0966,16.8737,284.507,487.15,0,14
43,30.7074,17.572,302.43,9356.35,0,14
43,30.2756,18.306,88.6281,153.448,0,14
43,30.0728,18.6374,109.612,722.342,0,14
43,27.9068,21.7471,274.032,5119.91,0,14
43,27.9482,21.6938,198.508,12,0,14
43,22.9991,26.8842,176.051,565.03,0,14
43,21.9883,27.7171,151.821,138.462,0,14
43,21.8884,27.7961,86.4373,202.961,0,14
43,21.8909,27.7941,108.919,205.953,0,14
43,21.4516,28.1345,57.6023,98.6857,0,14
43,20.6427,28.7333,-83.0627,450.671,0,14
43,19.1965,29.719,61.0209,272.567,0,14
43,17.101,30.9723,122.395,382.236,0,14
43,16.7912,31.1413,90.3281,219.906,0,14
43,16.3416,31.3795,-20.9941,271.494,0,14
43,15.3258,31.888,34.215,122.577,0,14
43,15.2245,31.9365,57.6986,237.198,0,14
43,13.775,32.5879,75.7013,523.389,0,14
43,12.5468,33.0802,296.362,1281.43,0,14
43,11.8003,33.3538,268.526,579.861,0,14
43,10.9358,33.6472,136.648,550.284,0,14
43,8.47699,34.3491,281.681,449.025,0,14
43,7.59385,34.5551,120.25,601.421,0,14
43,5.59946,34.9338,57.7934,2783.38,0,14
43,0.607059,35.3745,-53.9459,3485.39,0,14
43,-0.347427,35.378,57.1882,2253.03,0,14
43,-1.50991,35.3475,159.261,1371.84,0,14
43,-6.45273,34.7863,114.145,11525.2,0,14
43,-4.03832,35.1485,27.6365,229.156,0,14
43,-4.30112,35.1173,182.814,662.751,0,14
43,-5.18841,34.9972,3.97632,464.576,0,14
43,-6.56365,34.7655,128.124,12,0,14
43,-8.38829,34.3709,129.874,287.52,0,14
43,-15.0419,32.0229,-37.0332,504.777,0,14
43,-15.9667,31.572,-104.83,446.931,0,14
43,-16.4144,31.3415,176.063,1382.6,0,14
43,-16.634,31.2255,198.481,1999.84,0,14
43,-16.7411,31.1683,296.344,384.189,0,14
43,-19.2382,29.692,-38.9422,122.686,0,14
43,-19.3061,29.6479,53.1056,328.555,0,14
43,-19.7117,29.3798,39.079,491.16,0,14
43,-20.5612,28.7917,-64.8607,318.845,0,14
43,-21.8878,27.7965,-61.0445,332.623,0,14
43,-22.8148,27.0408,-72.6172,578.572,0,14
43,-23.8871,26.0985,118.313,1205.37,0,14
43,-23.8878,26.0978,140.781,1192.43,0,14
43,-25.3159,24.7149,240.484,35.2668,0,14
43,-26.3696,23.5874,-101.85,686.743,0,14
43,-26.6547,23.2648,148.692,11359.9,0,14
43,-27.5225,22.2314,177.198,447.619,0,14
43,-27.7742,21.9161,-105.5,37,0,14
43,-28.1071,21.4875,-67.1678,6225.57,0,14
43,-29.0605,20.1794,35.3816,372.143,0,14
43,-30.0317,18.7035,-3.6867,1784.21,0,14
43,-30.0835,18.6201,71.5245,81.8654,0,14
43,-30.5885,17.7783,131.851,1596.65,0,14
43,-30.9605,17.1222,-59.2733,132.968,0,14
43,-31.8998,15.3012,7.69933,126.054,0,14
43,-32.7818,13.3071,155.388,3552.74,0,14
43,-32.2319,14.5887,97.4709,331.635,0,14
43,-32.7444,13.3988,-8.04659,285.246,0,14
43,-32.9683,12.838,-95.1296,1366.03,0,14
43,-32.9819,12.8031,76.8258,3821.2,0,14
43,-34.3975,8.27839,-4.28699,519.096,0,14
43,-34.6819,6.99231,224.08,389.122,0,14
43,-34.7294,6.75197,204.069,418.783,0,14
43,-34.8681,5.99495,19.0998,165.544,0,14
43,-34.9798,5.30437,163.307,440.329,0,14
43,-35.363,1.08785,103.864,1881.62,0,14
43,-35.3629,1.08926,126.342,1889.88,0,14
43,-35.3757,0.533917,293.37,250.497,0,14
43,-35.3685,-0.891592,80.7092,152.646,1,14
43,-35.3007,-2.36373,103.419,587.187,1,14
43,-35.1522,-4.00569,-89.3222,511.237,1,14
43,-33.8482,-10.2966,47.4176,2218.73,1,14
43,-33.71,-10.7406,-176.596,113.651,1,14
43,-33.5556,-11.2135,-20.0264,432.315,1,14
43,-30.9084,-17.2161,-114.297,313.49,1,14
43,-30.9037,-17.2245,-247.186,206.941,1,14
43,-29.9236,-18.8759,-48.0825,856.594,1,14
43,-28.9421,-20.349,-236.876,102.538,1,14
43,-26.3993,-23.5542,-152.022,283.192,1,14
43,-24.3316,-25.6845,99.4716,488.099,1,14
43,-21.5844,-28.0328,-37.6737,278.215,1,14
43,-21.4292,-28.1516,-270.81,99.2551,1,14
43,-20.53,-28.8139,-214.339,630.304,1,14
43,-19.555,-29.4844,-125.017,1133.73,1,14
43,-19.4413,-29.5594,94.6174,414.76,1,14
43,-19.4908,-29.5268,-127.866,343.072,1,14
43,-19.3203,-29.6387,-108.387,193.574,1,14
43,-17.5949,-30.6943,-254.762,440.603,1,14
43,-17.3369,-30.8408,69.1925,345.553,1,14
43,-16.0356,-31.537,-121.928,576.948,1,14
43,-14.9334,-32.0736,-79.2701,134.661,1,14
43,-12.7574,-32.9996,-144.23,281.994,1,14
43,-10.7503,-33.7069,-63.3218,1589.75,1,14
43,-8.03399,-34.4555,-46.2745,2729.09,1,14
43,-8.78934,-34.2705,-184.232,85.214,1,14
43,-8.78572,-34.2715,-206.702,86.2642,1,14
43,-4.61136,-35.0779,-94.6638,680.633,1,14
43,-3.93938,-35.1597,45.3736,343.686,1,14
43,-2.25768,-35.3076,-117.275,1819.77,1,14
43,0.194543,-35.3792,96.4034,409.284,1,14
43,1.63855,-35.3417,-156.62,450.315,1,14
43,2.24014,-35.3087,-166.738,359.034,1,14
43,3.17462,-35.237,-220.792,656.903,1,14
43,3.53314,-35.2028,-250.798,502.601,1,14
43,3.68157,-35.1876,-270.015,547.634,1,14
43,4.55558,-35.0852,-103.866,1632.47,1,14
43,11.8808,-33.3252,-303.05,162.567,1,14
43,12.3975,-33.1364,-22.0164,882.082,1,14
43,13.9025,-32.5337,80.0962,80.6384,1,14
43,18.4758,-30.1723,-107.456,183.397,1,14
43,18.6673,-30.0542,-111.025,119.217,1,14
43,21.6938,-27.9482,-171.109,320.35,1,14
43,21.6938,-27.9482,-193.576,318.353,1,14
43,22.6033,-27.2179,-157.297,287.224,1,14
43,23.9224,-26.0661,-72.2934,146.856,1,14
43,25.8746,-24.1294,-26.8211,556.774,1,14
43,26.1702,-23.8085,82.5965,122.987,1,14
43,26.9425,-22.9308,-255.901,225.289,1,14
43,28.7726,-20.5879,-14.6776,44.6914,1,14
43,29.0002,-20.2661,-14.6461,45.7299,1,14
43,31.0735,-16.9164,-127.566,1547.03,1,14
43,31.3518,-16.3948,-70.235,317.405,1,14
43,32.2558,-14.5356,-119.794,117.521,1,14
43,32.4097,-14.1892,-166.475,488.155,1,14
43,32.9828,-12.8008,23.3858,1204.44,1,14
43,32.9747,-12.8215,-111.638,225.263,1,14
43,33.1599,-12.3346,-23.3704,326.454,1,14
43,33.2336,-12.1347,-104.169,247.261,1,14
43,33.9039,-10.1119,52.7966,239.086,1,14
43,34.2907,-8.71052,-259.193,183.546,1,14
43,34.2984,-8.68019,-278.347,38.7749,1,14
43,34.4517,-8.04996,-33.8528,152.306,1,14
43,34.7178,-6.81174,-165.957,81.9361,1,14
43,34.7175,-6.81313,-188.411,80.1384,1,14
43,34.9923,-5.22134,-9.63718,522.474,1,14
43,35.0053,-5.13319,-13.397,629.113,1,14
43,35.0882,-4.53262,40.7051,285.43,1,14
43,35.1092,-4.36677,-256.949,267.455,1,14
43,35.191,-3.64956,-61.8278,1166.75,1,14
43,35.3197,-2.05987,-25.6952,1262.58,1,14
43,35.3124,-2.18093,-44.8738,358.057,1,14
43,35.3302,-1.87132,-66.644,12.2001,1,14
43,35.2614,2.89115,-74.7185,339.275,1,14
43,34.9628,5.4155,-131.4,1961.78,1,14
43,34.7438,6.67789,-86.1119,296.182,1,14
43,34.2927,8.70266,2.45425,342.041,1,14
43,34.0965,9.44214,5.012,12.0749,1,14
43,34.0965,9.44214,-93.78,17.1961,1,14
43,32.134,14.8031,-135.756,12,1,14
43,32.134,14.8031,-201.646,66.8311,1,14
43,28.5415,20.9071,-38.2752,344.583,1,14
43,18.7541,30.0001,14.9326,302.817,1,14
43,18.751,30.002,-68.1563,139.497,1,14
43,16.6555,31.214,98.9461,362.551,1,14
43,14.8974,32.0903,-68.8762,625.99,1,14
43,13.6018,32.6606,91.6695,859.605,1,14
43,13.1523,32.8442,1.41595,864.329,1,14
43,13.4048,32.7419,-227.348,887.582,1,14
43,12.2548,33.1895,50.6435,175.785,1,14
43,9.84857,33.9813,-76.3506,332.098,1,14
43,9.66811,34.0331,-35.8617,409.683,1,14
43,4.93219,35.0342,-111.892,226.609,1,14
43,4.08616,35.1429,-200.383,966.558,1,14
43,1.09318,35.3628,-4.37298,360.68,1,14
43,0.726857,35.3722,-151.539,522.226,1,14
43,0.720559,35.3724,-174.021,506.299,1,14
43,-2.85442,35.2644,43.754,40.3074,1,14
43,-9.63191,34.0433,91.508,17.1477,1,14
43,-11.4621,33.4715,-118.179,600.264,1,14
43,-11.4624,33.4714,-140.65,600.359,1,14
43,-11.7121,33.3849,-20.1926,815.797,1,14
43,-16.5892,31.2494,-47.1317,285.265,1,14
43,-18.2549,30.3065,-108.215,597,1,14
43,-18.7513,30.0018,69.3955,457.552,1,14
43,-18.7818,29.9828,-149.862,2351.25,1,14
43,-20.4462,28.8735,-84.2562,174.937,1,14
43,-21.0857,28.4098,-149.856,319.854,1,14
43,-24.2443,25.767,-174.237,478.845,1,14
43,-24.2965,25.7178,-7.20148,113.587,1,14
43,-24.5766,25.4502,86.3532,1436.3,1,14
43,-26.2345,23.7376,-65.88,569.164,1,14
43,-26.2886,23.6776,-305.645,334.105,1,14
43,-27.2121,22.6103,44.2716,261.345,1,14
43,-29.7257,19.1861,-155.063,172.545,1,14
43,-30.0545,18.6669,-135.974,1641.52,1,14
43,-30.8324,17.3518,-115.737,431.273,1,14
43,-31.3392,16.4188,-175.483,522.843,1,14
43,-31.8639,15.3757,33.4573,151.202,1,14
43,-32.1271,14.8179,-158.868,984.609,1,14
43,-32.4574,14.0798,-109.238,524.863,1,14
43,-32.9737,12.8242,66.2269,259.038,1,14
43,-33.4219,11.606,-104.949,1041.43,1,14
43,-35.9405,-0.865147,-79.8803,634.172,0,15
43,-35.7895,-3.40282,-61.3985,251.466,0,15
43,-35.4203,-6.15403,290.747,121.036,0,15
43,-35.0271,-8.09765,126.976,846.476,0,15
43,-34.9219,-8.53993,-31.567,1394.89,0,15
43,-34.9237,-8.53225,96.3147,698.75,0,15
43,-34.9041,-8.61242,50.1528,743.17,0,15
43,-34.8614,-8.78346,11.1402,433.719,0,15
43,-33.3688,-13.3788,112.515,361.811,0,15
43,-33.2578,-13.6524,-93.2719,247.059,0,15
43,-32.4151,-15.5476,272.414,618.663,0,15
43,-32.201,-15.9862,146.515,680.654,0,15
43,-32.2016,-15.9852,168.985,675.573,0,15
43,-32.3165,-15.7515,249.933,153.152,0,15
43,-32.2611,-15.8646,-25.4834,120.694,0,15
43,-28.2762,-22.2019,-9.83508,90.6189,0,15
43,-27.5251,-23.1266,276.804,2854.62,0,15
43,-24.0466,-26.725,142.054,765.39,0,15
43,-23.7712,-26.9703,-64.2468,338.385,0,15
43,-23.3922,-27.2997,70.6606,2758.94,0,15
43,-21.7309,-28.6398,-17.6577,176.076,0,15
43,-21.1035,-29.1051,121.914,238.951,0,15
43,-20.16,-29.7664,286.841,435.758,0,15
43,-17.187,-31.5765,276.055,302.557,0,15
43,-14.9003,-32.7177,169.98,1372.03,0,15
43,-14.9336,-32.7025,252.334,415.873,0,15
43,-14.6608,-32.8257,131.315,562.388,0,15
43,-13.0279,-33.5073,51.3213,444.153,0,15
43,-8.74592,-34.8708,171.726,851.862,0,15
43,-6.32252,-35.3906,79.4817,3365.56,0,15
43,-6.12792,-35.4248,-41.1676,501.83,0,15
43,-4.6573,-35.648,65.5839,706.311,0,15
43,-3.48693,-35.7814,63.5536,494.4,0,15
43,-1.94284,-35.8984,41.4986,226.522,0,15
43,-1.68796,-35.9113,291.591,481.143,0,15
43,1.67828,-35.9117,182.028,446.741,0,15
43,3.95954,-35.7322,-87.4533,135.314,0,15
43,8.49694,-34.9324,51.6919,1618.04,0,15
43,11.7071,-33.9913,59.8197,531.186,0,15
43,11.8872,-33.9288,218.424,1486.73,0,15
43,12.9757,-33.5276,-27.1606,424.794,0,15
43,12.8787,-33.565,291.017,178.949,0,15
43,13.6696,-33.2507,110.862,870.681,0,15
43,13.6728,-33.2494,133.342,855.464,0,15
43,14.0582,-33.0883,-59.4874,2048.51,0,15
43,13.8151,-33.1905,130.099,130.439,0,15
43,13.8107,-33.1923,152.6,130.439,0,15
43,14.6774,-32.8183,-73.3249,209.326,0,15
43,20.0371,-29.8493,-53.0707,324.825,0,15
43,20.2054,-29.7357,-66.8099,824.069,0,15
43,23.14,-27.5138,-8.52514,487.533,0,15
43,26.0987,-24.725,247.128,323.38,0,15
43,26.871,-23.8834,167.88,4849.83,0,15
43,26.7643,-24.0029,204.932,758.657,0,15
43,27.3832,-23.2943,182.485,349.179,0,15
43,27.3822,-23.2955,204.954,358.271,0,15
43,27.3842,-23.2932,264.523,241.731,0,15
43,28.3647,-22.0887,290.651,255.498,0,15
43,29.0983,-21.113,18.6332,288.107,0,15
43,29.7784,-20.1424,77.3065,968.915,0,15
43,30.5091,-19.0175,-90.2874,407.858,0,15
43,31.0726,-18.082,97.5353,254.533,0,15
43,31.0312,-18.153,157.004,218.442,0,15
43,31.3431,-17.6089,298.509,1446.5,0,15
43,31.7398,-16.8835,-15.0645,49.7924,0,15
43,32.5298,-15.3062,106.459,226.644,0,15
43,32.8995,-14.4944,21.1633,247.414,0,15
43,33.0602,-14.124,134.21,712.351,0,15
43,33.7226,-12.4602,177.021,726.581,0,15
43,34.0393,-11.567,124.819,518.21,0,15
43,34.4084,-10.4176,166.329,407.949,0,15
43,34.5064,-10.0883,20.1355,197.723,0,15
43,34.5698,-9.86903,-100.202,59.8286,0,15
43,35.0972,-7.78787,-41.6515,137.888,0,15
43,35.9498,0.277884,69.1919,401.24,0,15
43,35.9478,0.471705,-86.6297,813.519,0,15
43,35.8821,2.22367,60.4759,85.9929,0,15
43,35.6593,4.56999,156.11,1314.66,0,15
43,35.1292,7.64263,-105.451,407.66,0,15
43,34.3308,10.6705,135.322,280.814,0,15
43,33.1706,13.8628,135.5,277.142,0,15
43,32.5018,15.3656,259.395,185.917,0,15
43,31.6025,17.1391,301.352,7041.53,0,15
43,30.7983,18.5455,87.1562,600.699,0,15
43,28.187,22.315,194.899,90.009,0,15
43,27.9715,22.5846,270.601,1106.89,0,15
43,25.7727,25.0647,-69.884,13.0182,0,15
43,25.7727,25.0647,4.58691,33.1841,0,15
43,23.4235,27.2728,175.318,737.633,0,15
43,22.5476,28.0013,168.064,290.954,0,15
43,22.4514,28.0785,151.236,343.07,0,15
43,22.1086,28.3492,-69.3886,428.087,0,15
43,21.5647,28.7651,57.4793,174.394,0,15
43,20.8739,29.2702,-83.5558,184.619,0,15
43,19.8894,29.948,166.987,545.027,0,15
43,17.0962,31.6257,89.4893,285.977,0,15
43,16.1384,32.125,-20.6069,482.853,0,15
43,15.7047,32.3393,33.4301,119.316,0,15
43,15.4049,32.4832,56.4662,108.939,0,15
43,12.4465,33.7276,-5.02222,195.383,0,15
43,12.4431,33.7289,295.876,2088.77,0,15
43,11.9749,33.8979,137.078,1445.05,0,15
43,8.62869,34.9,281.142,2010.95,0,15
43,8.19557,35.0043,119.367,887.999,0,15
43,6.30093,35.3944,56.2624,3698.09,0,15
43,1.79707,35.906,159.568,515.3,0,15
43,1.73662,35.9089,147.303,217.081,0,15
43,1.08007,35.9347,-53.9288,683.888,0,15
43,-0.67305,35.9446,114.298,1742.42,0,15
43,0.623754,35.9455,86.5932,699.397,0,15
43,0.623663,35.9455,109.071,695.92,0,15
43,0.123832,35.9507,159.393,872.347,0,15
43,-0.282529,35.9498,59.2518,4246.57,0,15
43,-3.97821,35.7301,27.2289,257.322,0,15
43,-4.35172,35.6865,176.144,182.745,0,15
43,-4.31997,35.6904,182.035,179.237,0,15
43,-4.35125,35.6866,198.61,180.782,0,15
43,-5.38853,35.5448,2.77848,832.792,0,15
43,-7.86716,35.0796,115.758,11008.6,0,15
43,-7.45501,35.1694,132.788,11,0,15
43,-9.8285,34.5813,9.6548,198.854,0,15
43,-9.86392,34.5712,-85.5167,168.639,0,15
43,-15.2476,32.5573,225.762,386.015,0,15
43,-15.4833,32.4459,-37.6952,197.362,0,15
43,-15.8549,32.2659,-104.493,176.414,0,15
43,-16.9533,31.7025,175.822,1006.85,0,15
43,-16.9545,31.7019,198.303,1018.16,0,15
43,-16.7698,31.8,295.658,320.748,0,15
43,-19.8359,29.9834,52.4646,353.837,0,15
43,-20.0101,29.8674,38.1791,175.532,0,15
43,-20.8489,29.288,-65.7061,305.464,0,15
43,-25.0049,25.8307,117.867,1893.84,0,15
43,-25.0043,25.8312,140.33,1883.77,0,15
43,-25.7626,25.075,239.265,2563.32,0,15
43,-26.2567,24.5572,149.057,20777.4,0,15
43,-26.9188,23.8295,-102.76,457.505,0,15
43,-28.0108,22.5358,176.213,413.534,0,15
43,-28.4706,21.952,-68.0645,6487.46,0,15
43,-29.4559,20.6111,34.5371,260.192,0,15
43,-29.9986,19.8129,204.832,423.123,0,15
43,-30.4821,19.0606,-5.13985,850.729,0,15
43,-31.0229,18.1671,131.552,975.018,0,15
43,-31.4151,17.4802,-60.4006,670.013,0,15
43,-31.6992,16.9596,264.611,742.592,0,15
43,-33.1495,13.9132,58.7683,561.191,0,15
43,-33.5054,13.0329,-95.9867,1161.67,0,15
43,-33.5162,13.0052,71.3605,2223.6,0,15
43,-33.92,11.9121,155.148,653.705,0,15
43,-34.1226,11.3187,155.064,30.3235,0,15
43,-34.2558,10.9091,154.989,79.9019,0,15
43,-34.9287,8.51195,-5.45628,1084.09,0,15
43,-35.021,8.12382,149.896,144.614,0,15
43,-35.2629,6.99946,222.441,655.018,0,15
43,-35.3197,6.70698,157.266,240.088,0,15
43,-35.3243,6.68276,203.429,152.341,0,15
43,-35.4387,6.04719,18.4146,448.615,0,15
43,-35.5101,5.61273,163.321,651.044,0,15
43,-35.7199,4.06908,-20.1953,498.552,0,15
43,-35.8969,1.97047,104.343,1044.63,0,15
43,-35.8971,1.96665,126.83,1057.45,0,15
43,-35.9366,-1.01469,81.09,428.036,1,15
43,-35.8745,-2.3431,104.665,826.609,1,15
43,-35.7429,-3.86175,-89.3173,299.27,1,15
43,-35.5049,-5.64521,-27.5445,539.854,1,15
43,-34.3677,-10.5512,47.0259,1794.1,1,15
43,-34.3232,-10.695,-175.759,472.315,1,15
43,-34.0672,-11.4844,-19.5651,245.363,1,15
43,-33.5173,-13.0024,-53.6735,437.292,1,15
43,-32.7133,-14.9099,-78.0496,2077.06,1,15
43,-31.6524,-17.0467,-113.161,646.174,1,15
43,-31.3817,-17.5401,-246.425,95.8976,1,15
43,-29.3325,-20.7863,-235.493,883.559,1,15
43,-27.0149,-23.7206,71.1586,1082.48,1,15
43,-26.7551,-24.0132,-151.473,559.589,1,15
43,-22.3544,-28.1558,-37.2658,425.944,1,15
43,-21.653,-28.6987,-270.129,115.977,1,15
43,-20.9367,-29.2254,-213.833,468.738,1,15
43,-20.6742,-29.4116,-136.54,407.208,1,15
43,-19.9659,-29.897,95.3363,331.748,1,15
43,-19.9513,-29.9067,-124.462,570.516,1,15
43,-19.6166,-30.1273,66.8029,1378.06,1,15
43,-19.7588,-30.0343,-127.33,2450.77,1,15
43,-19.6008,-30.1376,-219.03,401.205,1,15
43,-19.7206,-30.0594,-107.416,710.093,1,15
43,-16.6026,-31.8876,-121.104,329.751,1,15
43,-16.4389,-31.9723,-123.362,531.174,1,15
43,-15.301,-32.5322,-78.3613,314.929,1,15
43,-12.8537,-33.5746,-143.382,253.525,1,15
43,-10.9897,-34.23,-63.0789,286.088,1,15
43,-10.4687,-34.3929,-271.333,137.177,1,15
43,-6.86632,-35.2891,-49.684,12.296,1,15
43,-4.57357,-35.6588,-93.6943,2006.47,1,15
43,-4.2177,-35.7026,46.0765,240.695,1,15
43,0.629198,-35.9454,97.0942,467.384,1,15
43,1.79243,-35.9062,-156.306,179.994,1,15
43,3.83671,-35.7456,-269.186,1633.37,1,15
43,4.03049,-35.7243,-251.366,331.75,1,15
43,4.23487,-35.7006,23.1466,244.627,1,15
43,4.25916,-35.6977,-20.0035,371.284,1,15
43,4.51442,-35.6663,-105.292,3964,1,15
43,10.0174,-34.5271,-145.414,251.8,1,15
43,10.3252,-34.4363,-61.0457,164.721,1,15
43,11.7244,-33.9854,77.5111,392.086,1,15
43,11.9768,-33.8973,-155.581,294.599,1,15
43,12.0443,-33.8733,-302.686,161.346,1,15
43,17.7147,-31.2835,-18.1723,125.368,1,15
43,18.8869,-30.5901,-106.664,55.6792,1,15
43,18.9352,-30.5602,-110.221,247.411,1,15
43,22.2019,-28.2762,-170.118,133.319,1,15
43,22.2019,-28.2762,-192.593,134.173,1,15
43,23.1416,-27.5124,-129.395,354.132,1,15
43,26.3383,-24.4696,-25.9864,508.84,1,15
43,26.4976,-24.297,83.404,317.378,1,15
43,27.3183,-23.3705,-254.956,316.682,1,15
43,29.2289,-20.9318,-14.0328,156.086,1,15
43,31.6704,-17.0133,-128.086,1312.75,1,15
43,32.7137,-14.909,-119.483,615.729,1,15
43,32.8774,-14.5444,-165.862,431.463,1,15
43,33.4757,-13.1089,-111.065,405.39,1,15
43,33.5828,-12.832,25.003,390.271,1,15
43,33.7299,-12.4402,-22.4731,625.132,1,15
43,33.7144,-12.4823,-103.495,224.441,1,15
43,34.5651,-9.88531,53.125,162.47,1,15
43,35.8337,-2.90054,72.2447,68.7443,1,15
43,35.8337,-2.90054,-137.484,1821.62,1,15
43,35.8337,-2.90054,-175.78,41.5925,1,15
43,34.8521,8.8203,3.33374,286.313,1,15
43,34.6469,9.59458,-92.7217,42.9444,1,15
43,33.5056,13.0324,-96.956,1242.99,1,15
43,33.3963,13.3099,97.406,1373.54,1,15
43,33.3091,13.5268,-201.397,1538.65,1,15
43,32.8356,14.6387,-135.553,202.903,1,15
43,31.438,17.439,-22.0645,232.896,1,15
43,30.8492,18.4606,-82.2209,1314.42,1,15
43,30.3462,19.2764,-59.8641,2484.42,1,15
43,29.8187,20.0827,-260.667,132.106,1,15
43,29.5544,20.4696,-135.899,1204.08,1,15
43,29.015,21.2273,-37.3262,500.711,1,15
43,26.6799,24.0967,-40.0353,451.741,1,15
43,25.0365,25.8,63.743,118.248,1,15
43,18.7541,30.6717,16.7199,596.855,1,15
43,18.6819,30.7157,-30.5321,392.67,1,15
43,15.7387,32.3228,-205.208,186.268,1,15
43,15.2211,32.5697,-67.2261,396.355,1,15
43,13.9514,33.1335,92.3855,1108.64,1,15
43,14.093,33.0735,-226.286,148.688,1,15
43,12.8394,33.58,1.77951,417.791,1,15
43,12.3941,33.7469,51.4588,424.068,1,15
43,10.4724,34.3918,-74.7873,273.904,1,15
43,9.77713,34.5959,-35.0452,493.045,1,15
43,1.41946,35.9229,-3.72568,437.176,1,15
43,0.82899,35.9413,-150.869,188.778,1,15
43,0.829486,35.9413,-173.337,189.541,1,15
43,0.300391,35.9496,-60.4909,90.0776,1,15
43,-2.84046,35.8385,44.5248,195.317,1,15
43,-2.98091,35.8271,-142.343,210.534,1,15
43,-4.83334,35.6245,-31.2349,240.514,1,15
43,-5.6148,35.5097,74.3043,98.7303,1,15
43,-9.78742,34.593,92.4013,82.7521,1,15
43,-11.4759,34.0701,-117.349,402.732,1,15
43,-11.4787,34.0691,-139.823,402.531,1,15
43,-12.311,33.7773,-75.3512,962.838,1,15
43,-16.9712,31.693,-46.4181,79.8472,1,15
43,-17.522,31.3918,-69.4961,558.063,1,15
43,-18.6285,30.7481,-107.963,740.602,1,15
43,-20.8255,29.3047,-85.2375,320.682,1,15
43,-21.4577,28.845,-199.759,269.784,1,15
43,-24.635,26.1837,-6.6518,946.111,1,15
43,-24.6818,26.1396,-173.364,377.904,1,15
43,-25.1291,25.7098,86.2319,170.867,1,15
43,-25.7642,25.0733,-62.698,464.222,1,15
43,-26.4764,24.3201,-64.9254,451.496,1,15
43,-27.3327,23.3535,-287.34,361.244,1,15
43,-27.8134,22.779,44.8775,789.923,1,15
43,-28.2505,22.2346,-124.303,312.929,1,15
43,-30.5656,18.9264,-134.732,1224.04,1,15
43,-31.269,17.7403,-115.269,339.477,1,15
43,-31.858,16.6595,-174.96,448.863,1,15
43,-32.5428,15.2785,-159.012,978.508,1,15
43,-32.4832,15.4049,34.5504,40.7014,1,15
43,-32.5544,15.2537,-147.508,1179.4,1,15
43,-32.8484,14.61,-108.16,406.994,1,15
43,-33.9785,11.7444,-103.43,1220.69,1,15
43,-34.8024,9.01433,-59.2645,27.2002,1,15
43,-34.8024,9.01433,-60.708,15.5386,1,15
43,-36.5106,-0.937484,-80.6773,548.712,0,16
43,-36.3263,-3.78144,-62.1473,392.037,0,16
43,-36.2494,-4.45925,132.581,59.4936,0,16
43,-36.0161,-6.06114,290.671,96.7625,0,16
43,-35.8307,-7.07553,187.893,400.474,0,16
43,-35.5896,-8.20249,-32.7816,614.48,0,16
43,-35.4718,-8.6978,10.338,542.979,0,16
43,-35.4145,-8.92839,-32.768,166.421,0,16
43,-35.4353,-8.84522,48.9575,378.979,0,16
43,-35.4063,-8.96057,95.476,14,0,16
43,-33.8797,-13.6406,-94.8052,745.01,0,16
43,-33.8359,-13.749,111.654,275.429,0,16
43,-32.9977,-15.6542,271.133,2696.33,0,16
43,-32.9003,-15.8578,146.743,832.915,0,16
43,-32.9002,-15.858,169.216,832.767,0,16
43,-32.4592,-16.7422,-19.8411,119.468,0,16
43,-28.0566,-23.3822,275.79,1427.73,0,16
43,-27.2616,-24.3044,46.2903,499.685,0,16
43,-25.3491,-26.2931,-40.3838,902.808,0,16
43,-24.5565,-27.0348,141.912,287.247,0,16
43,-23.9913,-27.5376,71.0117,2915.57,0,16
43,-23.9661,-27.5595,83.604,12,0,16
43,-21.4749,-29.542,121.246,195.45,0,16
43,-20.5541,-30.1899,285.987,440.622,0,16
43,-17.4078,-32.1071,92.6998,536.697,0,16
43,-17.1321,-32.2551,274.807,842.632,0,16
43,-15.2525,-33.1853,251.59,680.458,0,16
43,-15.0697,-33.2687,168.85,434.017,0,16
43,-14.6241,-33.4669,129.964,223.178,0,16
43,-13.0463,-34.113,43.3407,181.999,0,16
43,-9.74718,-35.1979,220.329,74.6595,0,16
43,-9.74719,-35.1979,221.828,16.1488,0,16
43,-6.31574,-35.9724,-42.7475,575.202,0,16
43,-1.80545,-36.4779,40.6555,433.857,0,16
43,-1.80886,-36.4778,291.42,285.455,0,16
43,1.62551,-36.4864,120.052,404.771,0,16
43,1.87679,-36.4743,-83.609,1216.96,0,16
43,2.03181,-36.466,181.222,674.273,0,16
43,4.06296,-36.2959,-88.0536,148.393,0,16
43,4.26577,-36.2726,181.889,382.904,0,16
43,4.47052,-36.248,296.711,401.219,0,16
43,8.71406,-35.4678,50.432,664.311,0,16
43,12.2426,-34.4096,58.3176,1328.78,0,16
43,12.5238,-34.3082,19.68,120.807,0,16
43,13.047,-34.1127,290.56,663.492,0,16
43,13.5452,-33.918,-61.613,1623.1,0,16
43,13.5797,-33.9042,-27.8727,275.157,0,16
43,13.6113,-33.8915,109.8,656.258,0,16
43,13.8107,-33.8107,129.366,179.69,0,16
43,13.6151,-33.8899,132.268,652.128,0,16
43,13.8115,-33.8104,151.838,181.707,0,16
43,14.8708,-33.3581,-74.8256,355.974,0,16
43,15.2175,-33.2013,8.33042,190.159,0,16
43,17.2031,-32.2173,-58.6427,123.195,0,16
43,17.3691,-32.1281,80.9618,547.836,0,16
43,20.3158,-30.3508,-66.9204,254.369,0,16
43,20.1677,-30.4494,-54.413,384.144,0,16
43,20.2342,-30.4052,80.8187,873.861,0,16
43,23.4139,-28.0301,-9.35054,259.81,0,16
43,26.1316,-25.5155,149.538,121.23,0,16
43,26.5872,-25.0404,245.754,1034.55,0,16
43,27.1478,-24.4314,167.939,7316.88,0,16
43,27.0196,-24.5732,203.383,702.172,0,16
43,27.8915,-23.5788,263.688,308.309,0,16
43,28.8944,-22.3386,66.5562,115.971,0,16
43,28.9809,-22.2263,145.567,626.55,0,16
43,29.6461,-21.331,18.0312,892.255,0,16
43,30.9485,-19.3931,-90.8729,149.365,0,16
43,31.1207,-19.1156,275.085,367.158,0,16
43,31.5857,-18.3369,298.942,1368.6,0,16
43,31.7274,-18.0907,96.7262,87.2917,0,16
43,32.2963,-17.0543,-15.9648,193.201,0,16
43,32.9982,-15.6532,105.769,376.808,0,16
43,33.4246,-14.7207,20.3348,586.976,0,16
43,34.4005,-12.2682,176.989,51.8816,0,16
43,34.5075,-11.9638,-58.6581,87.9404,0,16
43,34.9474,-10.6102,165.614,430.81,0,16
43,35.0209,-10.3651,19.5691,511.89,0,16
43,35.0786,-10.1681,-101.681,690.389,0,16
43,35.6875,-7.76528,-42.1966,252.451,0,16
43,35.777,-7.34218,285.157,186.45,0,16
43,35.8573,-6.93915,122.373,247.221,0,16
43,36.4606,-2.12762,259.043,261.67,0,16
43,36.5225,0.0806509,277.782,213.8,0,16
43,36.5215,0.279827,-87.5017,567.479,0,16
43,36.0836,5.64562,155.596,823.601,0,16
43,36.0226,6.02295,-66.83,299.32,0,16
43,35.1431,9.94306,-70.5276,44.5217,0,16
43,33.38,14.8214,50.1002,644.076,0,16
43,33.0636,15.5144,258.635,207.308,0,16
43,32.8156,16.0324,147.904,219.9,0,16
43,32.4671,16.7268,300.563,10123.7,0,16
43,32.464,16.733,-69.4426,967.183,0,16
43,32.1533,17.3223,284.156,275.895,0,16
43,31.3321,18.767,85.6798,89.14,0,16
43,30.9606,19.3737,109.461,1308.92,0,16
43,28.3622,23.0106,270.385,554.931,0,16
43,26.1825,25.4632,4.05301,43.7582,0,16
43,23.7986,27.7043,174.503,709.107,0,16
43,22.8739,28.4725,150.525,529.179,0,16
43,22.5201,28.7532,167.972,478.14,0,16
43,22.5018,28.7675,-69.5165,276.618,0,16
43,20.2619,30.3868,60.7829,277.628,0,16
43,19.5613,30.8424,167.055,548.222,0,16
43,18.1345,31.7024,122.054,139.038,0,16
43,17.4266,32.097,88.5949,153.962,0,16
43,16.047,32.8084,-20.2079,1017.83,0,16
43,15.6304,33.009,55.4122,257.187,0,16
43,14.7001,33.4336,75.8643,488.775,0,16
43,12.8743,34.1782,137.442,517.464,0,16
43,12.5395,34.3025,-5.48499,300.939,0,16
43,12.407,34.3507,295.316,2274.19,0,16
43,12.0029,34.4939,267.742,1041.96,0,16
43,10.4756,34.988,278.794,468.657,0,16
43,8.79189,35.4486,280.29,425.027,0,16
43,8.71975,35.4664,118.674,663.906,0,16
43,7.06499,35.8328,54.7553,2853.69,0,16
43,4.16815,36.284,159.806,1142.13,0,16
43,2.93272,36.4047,115.074,1222.68,0,16
43,1.39581,36.4959,-53.6834,3565.96,0,16
43,1.61021,36.4871,146.87,404.677,0,16
43,-0.197883,36.5221,56.3796,2195.95,0,16
43,-2.17542,36.4578,-33.0026,593.68,0,16
43,-4.35112,36.2625,181.429,361.065,0,16
43,-5.60826,36.0894,1.38308,367.568,0,16
43,-8.84713,35.4348,116.618,5006.38,0,16
43,-10.1344,35.0884,9.06462,293.429,0,16
43,-15.841,32.9084,-104.254,351.556,0,16
43,-15.9725,32.8448,-38.4152,159.248,0,16
43,-16.8668,32.3946,295.148,669.605,0,16
43,-17.5313,32.0399,198.13,2255.98,0,16
43,-17.5812,32.0125,175.625,1880.51,0,16
43,-20.1131,30.4855,-40.9895,676.164,0,16
43,-20.2649,30.3847,36.7477,374.444,0,16
43,-23.0944,28.294,-72.594,1511.31,0,16
43,-26.0402,25.6087,117.363,60.4873,0,16
43,-26.0402,25.6087,139.827,60.5681,0,16
43,-26.4818,25.1518,117.185,1644.79,0,16
43,-26.4819,25.1517,139.656,1634.47,0,16
43,-26.3313,25.3093,237.995,479.851,0,16
43,-27.3986,24.1498,-103.211,304.434,0,16
43,-28.4914,22.8504,175.449,75.8431,0,16
43,-28.8315,22.4198,-69.0577,5940.84,0,16
43,-29.8309,21.0718,33.7074,697.368,0,16
43,-30.3917,20.2545,204.298,305.745,0,16
43,-30.9344,19.4155,-6.24889,2336.83,0,16
43,-31.8807,17.8191,-61.9522,113.8,0,16
43,-32.1754,17.2813,263.939,1052.14,0,16
43,-33.0147,15.6183,7.37099,234.746,0,16
43,-33.2341,15.1457,95.7855,455.143,0,16
43,-33.7425,13.9766,-8.86821,101.998,0,16
43,-34.0419,13.2305,-96.9873,3227.19,0,16
43,-34.0504,13.2089,70.2143,2799.79,0,16
43,-35.032,10.3276,155.025,288.57,0,16
43,-35.3843,9.04735,-7.64277,1709.33,0,16
43,-35.5338,8.44099,154.769,691.156,0,16
43,-35.6411,7.97576,149.715,436.258,0,16
43,-35.8411,7.02231,220.617,914.359,0,16
43,-35.9383,6.50688,156.813,212.808,0,16
43,-35.9788,6.27919,203.007,213.652,0,16
43,-36.0125,6.08272,163.288,614.532,0,16
43,-36.0295,5.98117,17.5832,450.798,0,16
43,-36.2953,4.06822,-20.1896,492.298,0,16
43,-36.3823,3.1977,105.099,6907.33,0,16
43,-36.3825,3.19634,127.568,6907.29,0,16
43,-36.5196,0.465252,293.103,712.909,0,16
43,-36.4469,-2.35014,105.374,598.251,1,16
43,-36.3213,-3.82915,-89.3228,1423.37,1,16
43,-36.1285,-5.35065,-27.8855,400.395,1,16
43,-35.3799,-9.06451,-158.652,36.1519,1,16
43,-34.8885,-10.8025,46.6179,1291.59,1,16
43,-34.912,-10.7262,-174.926,483.892,1,16
43,-33.2519,-15.1068,-77.329,1180.56,1,16
43,-32.4535,-16.7533,-111.701,1192.94,1,16
43,-31.8585,-17.8589,-245.491,182.002,1,16
43,-30.9543,-19.3839,-47.6151,457.539,1,16
43,-29.7107,-21.2409,-233.348,1906.14,1,16
43,-27.126,-24.4557,-150.565,836.204,1,16
43,-23.4358,-28.0118,-36.6057,161.338,1,16
43,-21.9094,-29.2212,-269.116,40.3802,1,16
43,-20.9808,-29.8949,-136.475,448.54,1,16
43,-20.2531,-30.3926,66.9555,324.966,1,16
43,-20.3614,-30.3202,-123.686,540.584,1,16
43,-20.0597,-30.5206,-126.739,1058.14,1,16
43,-19.3916,-30.9494,-219.332,488.242,1,16
43,-17.9417,-31.8119,-254.004,286.389,1,16
43,-17.8175,-31.8816,69.3819,337.233,1,16
43,-17.3296,-32.1494,-120.491,329.906,1,16
43,-16.9187,-32.3675,-122.498,151.182,1,16
43,-15.6247,-33.0117,-77.5166,317.906,1,16
43,-12.9465,-34.151,-142.547,208.756,1,16
43,-10.5872,-34.9544,-270.441,264.502,1,16
43,-8.90673,-35.4199,-184.091,646.83,1,16
43,-8.90867,-35.4194,-206.558,641.953,1,16
43,-5.18765,-36.1523,-47.2231,3614.68,1,16
43,-5.63033,-36.086,-295.081,184.525,1,16
43,-4.61693,-36.2296,-92.6154,636.731,1,16
43,-2.57965,-36.4314,-117.116,1128.78,1,16
43,2.17549,-36.4577,-166.521,192.583,1,16
43,4.1363,-36.2876,-19.4096,89.7079,1,16
43,4.56537,-36.2361,-251.901,115.128,1,16
43,10.0282,-35.1189,-144.66,378.379,1,16
43,11.7193,-34.5913,77.8548,377.493,1,16
43,18.1731,-31.6802,-17.2989,34.271,1,16
43,19.173,-31.0853,-109.389,179.79,1,16
43,19.2633,-31.0294,-105.926,96.2004,1,16
43,23.212,-28.1976,-128.881,286.553,1,16
43,23.4396,-28.0086,-157.054,169.62,1,16
43,23.8003,-27.7028,-14.2663,312.611,1,16
43,24.4612,-27.1211,-71.8961,619.246,1,16
43,26.8118,-24.7998,84.0581,284.358,1,16
43,26.8037,-24.8085,-25.1293,413.598,1,16
43,27.6083,-23.9099,-253.616,1518.26,1,16
43,29.7464,-21.1908,-13.3499,216.667,1,16
43,31.8807,-17.8191,-84.647,77.9019,1,16
43,32.2698,-17.1044,-128.708,1973.35,1,16
43,32.9997,-15.6499,-71.3188,158.678,1,16
43,33.1645,-15.2977,-118.882,251.249,1,16
43,33.3635,-14.8587,-165.102,246.425,1,16
43,34.18,-12.8697,26.3345,663.595,1,16
43,34.2076,-12.7961,-102.64,115.113,1,16
43,34.3002,-12.5459,-21.4162,1205.14,1,16
43,36.4907,-1.52536,-62.7677,64.3295,1,16
43,35.4063,8.96056,4.24262,95.1642,1,16
43,34.3316,12.4596,-201.221,28.4124,1,16
43,33.8702,13.6641,-135.137,1506.37,1,16
43,33.9962,13.3476,-95.9694,540.412,1,16
43,30.8614,19.5314,-58.7694,721.118,1,16
43,30.3348,20.3397,-259.917,205.652,1,16
43,30.2323,20.4916,79.5124,635.531,1,16
43,30.0414,20.7706,-134.564,371.002,1,16
43,29.3864,21.6873,-36.5439,853.728,1,16
43,27.221,24.3499,97.703,176.994,1,16
43,27.0272,24.5648,-39.3474,198.426,1,16
43,19.2434,31.0418,-30.4411,120.047,1,16
43,19.1639,31.0909,-67.3834,294.41,1,16
43,17.1417,32.25,99.5581,507.503,1,16
43,16.1017,32.7816,-204.787,375.254,1,16
43,15.5869,33.0295,-65.1121,2089.87,1,16
43,14.3076,33.6035,93.1459,795.514,1,16
43,14.3986,33.5646,-225.086,465.663,1,16
43,12.5031,34.3158,52.3299,719.153,1,16
43,11.1029,34.794,-72.9805,1040.09,1,16
43,9.92266,35.1488,-33.9146,107.198,1,16
43,5.30833,36.1348,-111.858,363.929,1,16
43,3.99418,36.3035,-199.466,355.703,1,16
43,2.59729,36.4301,-266.837,1465.56,1,16
43,1.58844,36.488,-2.45885,1571.91,1,16
43,0.965703,36.5098,-150.017,348.154,1,16
43,0.957738,36.51,-172.494,363.52,1,16
43,0.54639,36.5185,-59.8572,164.824,1,16
43,-2.98219,36.4006,-141.731,471.019,1,16
43,-5.10336,36.1643,-31.0553,811.306,1,16
43,-5.51621,36.1036,74.2135,1221.88,1,16
43,-10.0877,35.1018,92.9783,160.434,1,16
43,-11.4754,34.673,-116.55,255.517,1,16
43,-11.4681,34.6754,-139.012,270.498,1,16
43,-12.201,34.4244,-19.8688,1069.21,1,16
43,-17.3732,32.1259,-45.5365,111.796,1,16
43,-17.5433,32.0333,-69.588,299.407,1,16
43,-18.9884,31.1984,69.299,402.217,1,16
43,-19.2873,31.0145,-151.013,1732.08,1,16
43,-21.2529,29.7021,-85.9557,35.4285,1,16
43,-21.852,29.2642,-149.427,259.55,1,16
43,-24.9844,26.6398,-5.94428,767.269,1,16
43,-25.1492,26.4843,-172.501,403.394,1,16
43,-26.7975,24.8152,-64.1002,936.537,1,16
43,-28.9005,22.3308,-123.516,109.918,1,16
43,-31.0727,19.1934,-133.642,3022.43,1,16
43,-32.7231,16.2203,-159.169,827.396,1,16
43,-33.0656,15.5101,35.4659,679.573,1,16
43,-33.0832,15.4725,-147.028,304.063,1,16
43,-33.1968,15.2274,-106.863,435.151,1,16
43,-34.0987,13.0834,66.2172,291.931,1,16
43,-34.5338,11.8878,-102.339,373.401,1,16
43,-37.0811,-0.967073,-81.3684,140.146,0,17
43,-36.8756,-4.01612,-62.9586,797.987,0,17
43,-36.8072,-4.60118,132.406,335.274,0,17
43,-36.2162,-8.02041,187.651,627.69,0,17
43,-36.1285,-8.40678,126.729,562.939,0,17
43,-36.0605,-8.694,9.59315,831.754,0,17
43,-34.4599,-13.728,-95.9095,246.104,0,17
43,-34.2988,-14.1256,110.877,684.788,0,17
43,-33.602,-15.7115,147.08,720.777,0,17
43,-33.6002,-15.7152,169.553,719.521,0,17
43,-33.5336,-15.8569,270.036,1404.31,0,17
43,-33.4534,-16.0254,249.252,37.4776,0,17
43,-33.1679,-16.6082,-25.7501,178.555,0,17
43,-28.6006,-23.6209,274.573,637.528,0,17
43,-27.8997,-24.4448,46.0792,231.249,0,17
43,-25.4597,-26.9768,-40.0442,141.638,0,17
43,-24.796,-27.588,-64.2956,117.619,0,17
43,-24.579,-27.7816,68.7471,6720,0,17
43,-23.9887,-28.2929,14.7252,200.37,0,17
43,-22.3092,-29.6351,-17.601,117.512,0,17
43,-21.8707,-29.9602,120.496,321.533,0,17
43,-17.8045,-32.5414,91.2026,207.098,0,17
43,-17.238,-32.845,273.871,757.153,0,17
43,-15.5969,-33.6553,250.961,904.838,0,17
43,-15.2228,-33.8262,167.788,1203.2,0,17
43,-13.2803,-34.6349,42.8394,103.837,0,17
43,-10.2972,-35.6358,219.763,238.583,0,17
43,-6.82813,-36.4598,75.5661,1555.12,0,17
43,-4.9045,-36.768,65.4611,460.821,0,17
43,-3.73188,-36.9055,61.2614,234.281,0,17
43,-1.74878,-37.0525,40.0405,1660.07,0,17
43,1.3608,-37.0687,118.753,618.096,0,17
43,4.45282,-36.8255,181.293,128.321,0,17
43,4.3651,-36.836,296.019,360.237,0,17
43,8.89963,-36.0103,49.5811,369.42,0,17
43,12.6325,-34.8764,56.9078,116.79,0,17
43,12.9234,-34.7696,-63.9437,570.77,0,17
43,12.9377,-34.7643,18.1427,201.471,0,17
43,13.6271,-34.4999,108.317,494.553,0,17
43,13.734,-34.4575,129.056,1506.66,0,17
43,13.787,-34.4363,150.512,949.769,0,17
43,14.3484,-34.2062,-28.8711,1266.57,0,17
43,15.0347,-33.9102,-75.9583,752.325,0,17
43,17.0057,-32.9659,-59.284,15.0182,0,17
43,17.3718,-32.7744,-59.284,12.0364,0,17
43,18.1352,-32.3583,81.1776,259.367,0,17
43,20.2953,-31.0491,-55.968,1188.51,0,17
43,20.5742,-30.8649,80.8348,209.021,0,17
43,20.9806,-30.5901,140.244,459.578,0,17
43,23.7295,-28.5106,-10.0009,700.399,0,17
43,27.2172,-25.2025,201.757,682.659,0,17
43,27.0771,-25.3529,244.417,128.922,0,17
43,27.3917,-25.0128,169.597,6597.93,0,17
43,27.4412,-24.9584,191.3,11,0,17
43,28.3178,-23.9592,182.332,266.26,0,17
43,28.3247,-23.951,204.793,246.195,0,17
43,28.3933,-23.8698,262.746,22.2689,0,17
43,29.3035,-22.743,65.8091,487.815,0,17
43,29.4857,-22.5064,290.407,520.788,0,17
43,29.5224,-22.4581,143.615,1070.48,0,17
43,30.1995,-21.5391,16.7721,849.705,0,17
43,30.8127,-20.6524,74.7165,355.633,0,17
43,31.5245,-19.5487,274.386,93.5903,0,17
43,31.8484,-19.0163,299.688,4148.3,0,17
43,31.9676,-18.8152,155.59,639.617,0,17
43,32.3287,-18.1878,95.9407,322.192,0,17
43,32.8788,-17.1735,-16.6829,445.827,0,17
43,33.4655,-16.0001,105.108,311.89,0,17
43,35.5986,-10.4252,-102.923,971.076,0,17
43,36.3717,-7.28294,284.937,503.331,0,17
43,37.0937,0.0321539,-88.6082,796.746,0,17
43,37.0936,0.0887791,68.7342,393.599,0,17
43,37.0934,0.149522,277.319,393.424,0,17
43,37.0527,1.74342,60.4644,773.696,0,17
43,36.4939,6.64368,-66.9002,652.279,0,17
43,35.6414,10.2777,287.47,175.817,0,17
43,35.3948,11.0975,134.818,259.714,0,17
43,34.1325,14.523,135.33,129.686,0,17
43,33.7766,15.3323,49.5992,191.108,0,17
43,33.64,15.6299,257.841,230.399,0,17
43,33.283,16.3764,299.476,9197.83,0,17
43,33.3529,16.2336,147.801,220.376,0,17
43,33.1547,16.6346,-69.8239,914.236,0,17
43,33.1533,16.6374,-67.764,11.1168,0,17
43,32.7744,17.3718,283.732,17,0,17
43,31.8518,19.0106,85.0774,255.974,0,17
43,28.9996,23.1294,194.691,243.366,0,17
43,28.7882,23.392,110.139,50.3862,0,17
43,26.5772,25.8765,-70.1989,447.618,0,17
43,24.5273,27.8272,173.356,323.108,0,17
43,23.9591,28.3179,173.874,175.53,0,17
43,23.2546,28.8993,150.092,118.245,0,17
43,22.0809,29.8057,57.3281,487.47,0,17
43,21.4041,30.2953,-83.9873,457.856,0,17
43,20.9563,30.6068,60.4757,443.87,0,17
43,19.466,31.5756,167.242,549.752,0,17
43,18.8931,31.9217,121.848,425.108,0,17
43,17.7691,32.5607,87.9199,510.528,0,17
43,15.8155,33.5531,54.2246,369.103,0,17
43,15.3044,33.7893,76.1014,198.89,0,17
43,14.1219,34.3004,137.935,1856.14,0,17
43,12.4333,34.9479,294.995,4429.56,0,17
43,12.0124,35.0948,267.028,184.515,0,17
43,10.83,35.4775,278.365,314.216,0,17
43,8.97803,35.9908,118.327,1033.84,0,17
43,8.95529,35.9965,279.458,143.591,0,17
43,7.61844,36.3029,53.6501,4187.43,0,17
43,5.98916,36.607,115.759,557.987,0,17
43,7.08458,36.4109,160.112,48.5258,0,17
43,5.95359,36.6128,159.971,1041.48,0,17
43,5.00278,36.7548,115.521,94.0153,0,17
43,4.43172,36.828,115.404,20.1456,0,17
43,1.82934,37.0486,-53.4147,4227.93,0,17
43,-0.0661263,37.0936,56.0659,3010.74,0,17
43,-2.33939,37.0199,-33.5915,303.415,0,17
43,-4.0435,36.8727,26.9828,327.7,0,17
43,-4.32967,36.8401,175.733,175.551,0,17
43,-4.32459,36.8407,198.209,176.628,0,17
43,-4.39869,36.832,180.799,299.855,0,17
43,-5.79446,36.6383,0.568747,427.948,0,17
43,-8.09669,36.1993,128.496,193.754,0,17
43,-10.7319,35.5073,119.348,13794.2,0,17
43,-10.3328,35.6255,-86.317,141.962,0,17
43,-10.407,35.6039,8.40879,160.902,0,17
43,-15.7639,33.5774,225.769,299.981,0,17
43,-16.3947,33.2739,-39.0305,77.4005,0,17
43,-18.3013,32.2646,175.375,1087.73,0,17
43,-18.3015,32.2645,197.848,1081.45,0,17
43,-20.5217,30.8999,35.6612,357.67,0,17
43,-20.7897,30.7202,51.6021,348.661,0,17
43,-21.3486,30.3345,-66.4842,155.823,0,17
43,-23.1951,28.947,-72.5329,1111,0,17
43,-25.405,27.0283,144.4,21627.2,0,17
43,-25.5636,26.8784,162.044,11,0,17
43,-25.9021,26.5523,114.194,378.315,0,17
43,-25.8614,26.5919,165.436,12,0,17
43,-26.7795,25.6671,237.169,329.942,0,17
43,-27.5366,24.8532,116.656,1190.83,0,17
43,-27.5379,24.8517,139.127,1189.94,0,17
43,-27.8633,24.4863,-103.888,169.481,0,17
43,-29.1733,22.9099,-64.0356,6246.12,0,17
43,-30.1568,21.5988,32.9641,225.812,0,17
43,-31.3672,19.8,-8.18946,715.598,0,17
43,-31.7425,19.1927,68.3633,735.41,0,17
43,-31.8265,19.053,131.363,302.145,0,17
43,-32.3552,18.1406,-62.8922,334.666,0,17
43,-32.6539,17.5972,263.097,196.456,0,17
43,-33.6172,15.6789,7.01711,138.551,0,17
43,-33.6888,15.5243,94.503,673.156,0,17
43,-34.1125,14.5697,58.5653,331.7,0,17
43,-34.1192,14.554,-9.50064,174.211,0,17
43,-34.585,13.4098,68.5866,2109.49,0,17
43,-36.3848,7.21726,154.607,1021.82,0,17
43,-36.4544,6.85688,163.33,371.904,0,17
43,-36.4124,7.07646,219.2,276.643,0,17
43,-36.5529,6.3107,156.332,241.165,0,17
43,-36.6237,5.88611,16.8457,616.243,0,17
43,-36.8614,4.14476,107.306,5151.84,0,17
43,-36.8625,4.13515,128.879,4804.33,0,17
43,-37.0915,0.403259,292.951,242.429,0,17
43,-37.0764,-1.13258,81.5388,412.808,1,17
43,-36.7375,-5.12838,-28.06,30.0728,1,17
43,-35.6538,-10.2348,-158.96,51.4512,1,17
43,-35.494,-10.7758,-158.971,48.241,1,17
43,-35.495,-10.7724,-174.179,180.388,1,17
43,-35.4136,-11.0371,46.3963,1652.43,1,17
43,-34.649,-13.2435,-53.3216,218.778,1,17
43,-33.7918,-15.299,-76.6463,1075.38,1,17
43,-33.1845,-16.575,-110.334,445.854,1,17
43,-32.3391,-18.1693,-244.412,623.062,1,17
43,-30.1447,-21.6157,-232.112,649.088,1,17
43,-27.9497,-24.3876,71.3855,387.875,1,17
43,-27.4674,-24.9296,-149.844,409.418,1,17
43,-26.6046,-25.8484,99.8633,1099.44,1,17
43,-26.5621,-25.8921,-138.981,902.944,1,17
43,-24.1846,-28.1256,-36.1609,108.641,1,17
43,-23.8698,-28.3933,-36.3933,138.293,1,17
43,-22.1546,-29.7509,-268.399,105.562,1,17
43,-21.7148,-30.0734,-213.361,760.988,1,17
43,-21.2706,-30.3892,67.0577,651.449,1,17
43,-20.7296,-30.7608,-122.93,847.44,1,17
43,-20.4211,-30.9665,-105.486,558.722,1,17
43,-20.3319,-31.0251,-125.904,318.078,1,17
43,-18.0298,-32.4171,-119.784,627.582,1,17
43,-18.0969,-32.3797,-253.23,776.165,1,17
43,-17.5429,-32.6832,-121.795,308.258,1,17
43,-15.9444,-33.4921,-76.7903,298.05,1,17
43,-13.0513,-34.7218,-141.674,597.047,1,17
43,-10.6634,-35.528,-269.687,247.104,1,17
43,-9.06888,-35.968,-296.271,252.466,1,17
43,-8.52433,-36.1009,-183.988,580.286,1,17
43,-8.52534,-36.1007,-206.46,580.075,1,17
43,-6.23512,-36.5659,-294.423,380.531,1,17
43,-4.63099,-36.8035,46.6449,514.814,1,17
43,-3.0887,-36.9649,-47.8378,6997.95,1,17
43,-4.5785,-36.8101,-91.2098,382.501,1,17
43,-2.89948,-36.9802,-117.096,1119.28,1,17
43,1.65501,-37.0568,98.5487,636.876,1,17
43,1.95784,-37.042,-155.984,411.317,1,17
43,4.06818,-36.8699,-19.0358,145.679,1,17
43,4.06092,-36.8707,-267.495,57.348,1,17
43,4.48473,-36.8216,-105.86,4871.73,1,17
43,5.20036,-36.7274,-252.431,249.924,1,17
43,7.89399,-36.244,-140.646,296.503,1,17
43,8.29727,-36.1538,-140.979,58.9702,1,17
43,9.11474,-35.9564,-119.687,574.081,1,17
43,10.1011,-35.6919,-143.835,383.108,1,17
43,11.606,-35.2313,-51.8233,3327.8,1,17
43,10.8469,-35.4724,-60.5165,251.971,1,17
43,12.1343,-35.0528,-155.2,390.616,1,17
43,12.4382,-34.9462,-302.23,342.023,1,17
43,18.5283,-32.1348,-15.6091,337.215,1,17
43,19.4332,-31.5958,-108.52,228.572,1,17
43,19.7601,-31.3923,-105.292,79.4269,1,17
43,22.0863,-29.8016,-188.332,11.0346,1,17
43,24.1682,-28.1397,-13.5293,426.198,1,17
43,27.1824,-25.24,84.9407,838.373,1,17
43,27.3365,-25.073,-24.6089,113.298,1,17
43,27.9441,-24.3941,-252.423,463.425,1,17
43,30.173,-21.5762,-12.9532,137.222,1,17
43,32.4795,-17.9171,-88.892,30.2609,1,17
43,33.5621,-15.7964,-118.425,366.429,1,17
43,33.8606,-15.146,-164.304,741.263,1,17
43,34.4911,-13.6495,-110.386,176.599,1,17
43,34.7227,-13.0491,-101.817,368.682,1,17
43,34.7429,-12.9951,27.7223,240.589,1,17
43,34.8705,-12.6488,-20.3486,383.352,1,17
43,35.9648,-9.08142,53.9782,422.404,1,17
43,36.1897,-8.13947,-31.6401,249.011,1,17
43,36.5653,-6.23856,-164.828,229.76,1,17
43,36.5654,-6.23836,-187.3,234.633,1,17
43,36.7676,-4.90802,-8.88539,2094.44,1,17
43,36.8719,-4.04995,-253.161,238.327,1,17
43,36.9379,-3.39585,-24.5115,965.211,1,17
43,36.9277,-3.50549,-57.5414,405.254,1,17
43,36.9525,-3.23363,-137.407,2534.73,1,17
43,37.0449,-1.90131,-43.7309,242.347,1,17
43,37.0721,-1.26704,-61.6161,547.66,1,17
43,36.7506,5.03346,-132.735,1152.4,1,17
43,36.1401,8.35664,-85.7467,259.801,1,17
43,36.0561,8.71205,4.82073,317.042,1,17
43,35.6358,10.2972,-90.2344,104.487,1,17
43,29.8016,22.0863,-35.7146,626.222,1,17
43,27.0203,25.4135,73.2959,308.865,1,17
43,26.5919,25.8614,73.3012,107.926,1,17
43,19.3279,31.6603,-66.6163,193.729,1,17
43,17.3776,32.7713,100.277,291.649,1,17
43,15.8779,33.5237,-63.9841,260.455,1,17
43,14.9633,33.9418,-223.997,1187.97,1,17
43,14.575,34.1103,93.6359,1667.53,1,17
43,13.1617,34.6801,-17.5106,316.857,1,17
43,12.7206,34.8444,2.157,1116.42,1,17
43,12.5272,34.9143,53.7432,639.792,1,17
43,11.6845,35.2053,-71.2288,469.736,1,17
43,3.92139,36.8858,-198.655,81.4108,1,17
43,2.8125,36.9869,-266.696,1298.36,1,17
43,1.92608,37.0437,-0.936867,196.791,1,17
43,1.10738,37.0772,-149.391,122.682,1,17
43,1.10337,37.0773,-171.857,126.689,1,17
43,-3.17303,36.9577,45.1375,351.096,1,17
43,-2.99271,36.9728,-141.041,195.007,1,17
43,-4.99187,36.7563,74.2256,1538.26,1,17
43,-11.4383,35.2861,-137.66,589.304,1,17
43,-11.4466,35.2834,-115.188,568.241,1,17
43,-12.4298,34.9492,-19.568,960.228,1,17
43,-12.4768,34.9324,-72.5895,2005.49,1,17
43,-17.388,32.7658,-69.6717,760.635,1,17
43,-18.9265,31.9019,69.2038,466.294,1,17
43,-19.3274,31.6606,-107.644,257.981,1,17
43,-19.4901,31.5607,-151.78,2044.09,1,17
43,-21.6656,30.1089,-86.8752,264.469,1,17
43,-22.2128,29.7075,-199.613,204.374,1,17
43,-22.2911,29.6488,-149.11,196.393,1,17
43,-25.6688,26.7779,-171.854,557.018,1,17
43,-26.6413,25.8105,-62.6844,371.629,1,17
43,-26.6843,25.766,86.0604,123.793,1,17
43,-27.0996,25.3289,-62.879,346.853,1,17
43,-28.3703,23.897,-286.99,329.274,1,17
43,-28.7915,23.3878,45.3057,1945.28,1,17
43,-29.6154,22.3354,-122.953,435.193,1,17
43,-31.0899,20.2326,-154.512,264.159,1,17
43,-31.6006,19.4253,-131.865,940.272,1,17
43,-32.2135,18.3911,-114.619,794.1,1,17
43,-32.8764,17.178,-174.415,795.078,1,17
43,-33.6208,15.6711,36.6265,1828.15,1,17
43,-35.0826,12.0481,-101.62,306.532,1,17
43,-37.6438,-1.26354,-81.8645,293.385,0,18
43,-37.4234,-4.25884,-63.711,206.626,0,18
43,-37.1568,-6.16663,290.376,235.585,0,18
43,-36.649,-8.6892,8.70068,736.056,0,18
43,-36.6786,-8.56323,126.232,637.939,0,18
43,-36.6113,-8.84674,187.568,180.572,0,18
43,-35.052,-13.7844,-96.6713,256.391,0,18
43,-34.7703,-14.4804,110.103,262.126,0,18
43,-34.3801,-15.3839,-78.1899,365.643,0,18
43,-34.1558,-15.8756,268.96,424.988,0,18
43,-34.0133,-16.1787,248.221,500.888,0,18
43,-33.6312,-16.9587,-25.9535,232.284,0,18
43,-33.4102,-17.39,-19.9013,343.055,0,18
43,-28.585,-24.5265,45.933,271.198,0,18
43,-25.3973,-27.8142,-64.3745,302.239,0,18
43,-25.1951,-27.9975,68.3343,5673.3,0,18
43,-24.2722,-28.8012,13.8389,293.756,0,18
43,-22.2889,-30.3621,119.712,149.452,0,18
43,-21.2466,-31.1004,285.422,498.989,0,18
43,-17.1066,-33.5562,272.275,596.741,0,18
43,-15.8879,-34.1501,250.435,432.798,0,18
43,-15.4082,-34.3692,166.799,1023.95,0,18
43,-14.8562,-34.6114,127.55,1112.74,0,18
43,-6.6561,-37.0722,-45.465,523.023,0,18
43,-3.88471,-37.4641,60.0464,211.747,0,18
43,-2.09744,-37.6066,291.202,393.904,0,18
43,-1.64446,-37.6291,39.0522,529.453,0,18
43,1.05476,-37.6502,117.136,233.762,0,18
43,3.20274,-37.5286,179.587,519.549,0,18
43,4.25719,-37.4236,-88.625,170.866,0,18
43,4.32382,-37.416,295.085,184.424,0,18
43,9.11003,-36.5467,48.3843,590.952,0,18
43,12.339,-35.5865,-66.2322,3377.35,0,18
43,13.2131,-35.2713,17.3023,99.1616,0,18
43,13.5256,-35.1527,107.077,232.832,0,18
43,13.534,-35.1494,129.57,220.924,0,18
43,13.8104,-35.0418,126.745,310.65,0,18
43,13.815,-35.0399,149.219,301.453,0,18
43,15.0677,-34.5198,-77.6758,196.02,0,18
43,15.2741,-34.429,-30.0837,295.954,0,18
43,15.5421,-34.3088,7.97007,248.22,0,18
43,20.6229,-31.5174,-66.9167,1344.81,0,18
43,20.5371,-31.5734,-57.2066,696.834,0,18
43,20.9142,-31.3249,80.9274,1714.02,0,18
43,21.1707,-31.1521,139.712,498.758,0,18
43,27.1414,-26.1151,149.318,465.486,0,18
43,27.6172,-25.6114,167.874,5079.68,0,18
43,27.4228,-25.8194,199.814,765.821,0,18
43,27.5577,-25.6754,243.534,568.796,0,18
43,28.6152,-24.4912,20.9716,93.5972,0,18
43,28.8238,-24.2454,182.217,241.124,0,18
43,28.8234,-24.2459,204.695,248.169,0,18
43,28.8703,-24.1901,261.9,181.846,0,18
43,29.684,-23.1843,65.3775,364.673,0,18
43,30.0315,-22.7324,142.274,350.989,0,18
43,30.1854,-22.5277,290.233,220.647,0,18
43,30.7838,-21.7028,15.1785,251.12,0,18
43,31.3271,-20.9108,73.2711,423.12,0,18
43,31.8708,-20.0725,-91.4631,447.977,0,18
43,31.9566,-19.9355,273.557,199.607,0,18
43,32.4406,-19.1379,154.912,794.604,0,18
43,33.4483,-17.3166,-17.5938,642.583,0,18
43,34.6352,-14.8005,132.761,154.864,0,18
43,35.4784,-12.6467,-59.5703,1034.98,0,18
43,36.0544,-10.8964,19.069,275.189,0,18
43,36.0345,-10.9621,164.941,175.742,0,18
43,36.1231,-10.6665,-103.747,374.366,0,18
43,36.8366,-7.85606,-42.7466,823.889,0,18
43,36.9268,-7.42051,121.64,451.738,0,18
43,37.6075,-2.08037,259.217,384.675,0,18
43,37.6649,-0.0636605,68.0902,330.717,0,18
43,37.6457,1.20593,60.4236,191.342,0,18
43,36.8633,7.7296,154.823,606.907,0,18
43,36.0504,10.9098,-70.4283,638.006,0,18
43,35.9171,11.3409,134.225,409.991,0,18
43,34.6414,14.786,135.258,465.979,0,18
43,34.22,15.7366,298.488,7796.45,0,18
43,34.2691,15.6295,49.3425,530.527,0,18
43,33.2915,17.6161,283.585,454.05,0,18
43,32.3769,19.2454,84.5235,354.012,0,18
43,31.8799,20.0581,109.307,1655.57,0,18
43,26.9217,26.3415,-70.7023,375.224,0,18
43,27.0015,26.2597,3.29763,42.3134,0,18
43,24.9895,28.1812,172.829,204.591,0,18
43,24.1634,28.8926,173.165,266.085,0,18
43,23.6917,29.2807,149.344,323.44,0,18
43,23.2605,29.6244,-69.5535,118.542,0,18
43,22.727,30.0356,167.933,312.938,0,18
43,21.6231,30.8398,-84.5012,327.591,0,18
43,18.1012,33.0303,87.1739,650.634,0,18
43,16.553,33.8327,32.0578,711.397,0,18
43,16.0237,34.0865,-19.9603,193.891,0,18
43,15.9607,34.1161,52.8463,311.197,0,18
43,15.4884,34.3331,138.521,648.111,0,18
43,12.7535,35.4401,-5.90799,572.493,0,18
43,12.4023,35.5645,294.422,543.588,0,18
43,11.9758,35.7104,266.37,230.034,0,18
43,8.48603,36.6966,116.279,676.929,0,18
43,8.95432,36.5851,160.275,382.794,0,18
43,8.28814,36.7418,52.2971,812.598,0,18
43,7.98398,36.8091,160.132,209.638,0,18
43,2.12973,37.6047,-51.4539,6038.45,0,18
43,1.4401,37.6375,146.553,191.257,0,18
43,0.0233369,37.665,55.8678,3354.72,0,18
43,-4.35114,37.4128,180.15,474.018,0,18
43,-5.94063,37.1936,-0.354733,446.845,0,18
43,-7.96716,36.8127,127.695,89.3178,0,18
43,-10.5918,36.1451,-86.8694,229.29,0,18
43,-10.685,36.1176,7.75257,161.684,0,18
43,-12.4451,35.5496,122.041,22078.6,0,18
43,-12.4541,35.5464,136.18,12,0,18
43,-16.0022,34.0967,-103.884,433.691,0,18
43,-17.1407,33.5387,294.519,255.867,0,18
43,-20.8268,31.3831,34.8314,236.701,0,18
43,-21.0578,31.2285,-43.2059,475.176,0,18
43,-21.5927,30.8611,-67.2678,187.749,0,18
43,-24.2867,28.789,142.009,28904,0,18
43,-26.2051,27.0545,113.515,136.266,0,18
43,-27.2456,26.0063,236.336,363.181,0,18
43,-28.3234,24.8282,-104.647,229.163,0,18
43,-28.8677,24.1932,116.055,1393.52,0,18
43,-28.87,24.1904,138.521,1401.21,0,18
43,-30.5206,22.0714,31.9545,370.251,0,18
43,-31.2496,21.0266,203.782,435.504,0,18
43,-31.7782,20.2188,-9.79889,466.064,0,18
43,-32.2455,19.4648,67.3282,72.5784,0,18
43,-32.8084,18.5004,-63.7456,126.704,0,18
43,-33.1167,17.9426,262.796,583.472,0,18
43,-34.1333,15.9239,93.1908,284.427,0,18
43,-34.5681,14.9566,-10.3403,577.618,0,18
43,-34.6135,14.8511,58.491,841.977,0,18
43,-35.1098,13.6364,-99.2913,1846.46,0,18
43,-35.118,13.6153,67.6134,2533.21,0,18
43,-36.8272,7.90008,149.537,200.958,0,18
43,-36.9772,7.16488,218.242,652.929,0,18
43,-37.1523,6.19371,202.523,1109.21,0,18
43,-37.2683,5.45204,154.422,1735.38,0,18
43,-37.1968,5.92042,16.2032,409.703,0,18
43,-37.4443,4.07135,-20.2777,142.915,0,18
43,-37.4321,4.18193,154.317,511.469,0,18
43,-37.6457,-1.20557,82.1441,197.456,1,18
43,-37.479,-3.73855,-89.184,578.756,1,18
43,-37.3606,-4.77906,-28.3762,389.277,1,18
43,-36.0892,-10.7806,-173.336,159.181,1,18
43,-35.9172,-11.3406,45.8902,2720.11,1,18
43,-35.805,-11.69,-159.348,563.317,1,18
43,-35.5542,-12.4319,-18.6237,571.273,1,18
43,-35.2401,-13.2961,-53.1209,352.136,1,18
43,-34.3436,-15.4651,-76.2523,352.328,1,18
43,-33.9617,-16.2866,-109.032,1313.71,1,18
43,-32.0627,-19.7646,-47.134,303.92,1,18
43,-30.5432,-22.0401,-230.922,632.27,1,18
43,-28.4494,-24.6837,71.6963,798.93,1,18
43,-27.7735,-25.4418,-148.81,406.381,1,18
43,-27.4947,-25.7428,100.095,814.677,1,18
43,-26.9945,-26.2669,-138.587,786.79,1,18
43,-26.9686,-26.2934,-105.774,75.9159,1,18
43,-25.1872,-28.0046,-35.692,16.2194,1,18
43,-22.3921,-30.2861,-267.461,485.835,1,18
43,-22.1569,-30.4585,-212.844,440.699,1,18
43,-21.5926,-30.8612,-136.395,858.313,1,18
43,-21.3589,-31.0234,96.4751,43.5742,1,18
43,-21.0919,-31.2055,-122.034,618.95,1,18
43,-20.7738,-31.4182,-104.626,405.464,1,18
43,-20.5541,-31.5623,-125.189,342.121,1,18
43,-19.1858,-32.4123,-219.707,329.337,1,18
43,-18.8564,-32.605,-118.948,753.277,1,18
43,-18.3141,-32.9127,69.6345,400.262,1,18
43,-18.0881,-33.0374,-121.02,194.018,1,18
43,-18.2291,-32.9599,-252.182,432.815,1,18
43,-16.2557,-33.9765,-75.8892,576.021,1,18
43,-13.1449,-35.2968,-140.783,390.191,1,18
43,-11.6069,-35.832,-62.8635,584.461,1,18
43,-10.7891,-36.0867,-268.85,357.208,1,18
43,-6.54839,-37.0914,-293.517,542.335,1,18
43,-0.00370815,-37.665,-48.655,6368.84,1,18
43,2.32203,-37.5934,99.4853,571.677,1,18
43,1.99217,-37.6123,-155.684,13.0908,1,18
43,2.05719,-37.6088,-166.358,245.689,1,18
43,4.21417,-37.4285,-267.084,335.617,1,18
43,4.46155,-37.3998,-103.954,3208.95,1,18
43,4.62574,-37.3799,23.4849,163.899,1,18
43,5.64037,-37.2403,-253.058,383.61,1,18
43,9.25656,-36.5098,-51.1372,944.181,1,18
43,9.24084,-36.5138,-119.098,330.528,1,18
43,10.2853,-36.2335,-51.3458,682.139,1,18
43,10.1876,-36.2611,-142.758,95.009,1,18
43,11.185,-35.9659,-59.8227,333.525,1,18
43,11.8428,-35.7547,78.1979,670.766,1,18
43,12.1642,-35.6466,-154.856,200.523,1,18
43,12.6519,-35.4765,-301.63,114.656,1,18
43,19.0657,-32.4831,-14.4141,597.737,1,18
43,20.1784,-31.8039,-104.581,32.5536,1,18
43,22.929,-29.8817,-127.352,130.999,1,18
43,24.2568,-28.8142,-156.8,424.517,1,18
43,24.5574,-28.5584,-13.0437,436.04,1,18
43,24.6671,-28.4638,-71.4031,478.167,1,18
43,27.544,-25.69,85.6026,96.5905,1,18
43,27.8423,-25.3665,-23.8306,73.245,1,18
43,28.3279,-24.823,-251.484,632.852,1,18
43,34.5255,-15.0546,-72.3614,538.039,1,18
43,34.9597,-14.0169,-109.918,517.452,1,18
43,35.2236,-13.3397,-101.041,694.409,1,18
43,35.3267,-13.0642,29.0252,667.118,1,18
43,35.441,-12.751,-19.4336,390.081,1,18
43,37.225,-5.74013,-164.451,263.481,1,18
43,37.2244,-5.74403,-186.925,264.065,1,18
43,37.3433,-4.91213,-10.195,353.87,1,18
43,37.3588,-4.79268,-7.83933,600.423,1,18
43,37.3989,-4.46906,42.4591,170.025,1,18
43,37.4691,-3.83696,72.8549,371.817,1,18
43,37.4646,-3.87981,-24.1656,2391.58,1,18
43,37.4518,-4.00151,-252.245,185.343,1,18
43,37.4826,-3.70197,-174.614,266.916,1,18
43,37.5165,-3.34092,-140.748,6187.42,1,18
43,37.6275,-1.67942,-43.1798,161.704,1,18
43,37.6486,-1.11108,-59.7678,940.274,1,18
43,37.6637,-0.314714,-62.4049,178.183,1,18
43,37.6637,-0.314714,-65.7611,87.1345,1,18
43,37.3392,4.94304,-135.056,3279,1,18
43,37.3428,4.91625,-151.665,23,1,18
43,37.0781,6.62303,-57.3967,73.1624,1,18
43,36.5408,9.13358,-85.6601,757.234,1,18
43,30.1352,22.5947,-34.875,301.189,1,18
43,27.7223,25.4976,-38.4853,41.4999,1,18
43,26.9894,26.2721,73.2976,171.052,1,18
43,20.1238,31.8384,-30.4735,150.75,1,18
43,19.5208,32.2117,-65.7688,233.563,1,18
43,17.6032,33.2983,101.093,358.326,1,18
43,16.7194,33.7508,-204.372,377.658,1,18
43,16.1844,34.0106,-62.7755,382.794,1,18
43,15.5389,34.3103,-222.578,367.361,1,18
43,14.8364,34.6198,94.2082,2326.7,1,18
43,13.4124,35.196,-16.7163,359.06,1,18
43,12.43,35.5548,2.53399,552.731,1,18
43,12.4608,35.5441,-69.1301,861.168,1,18
43,3.69691,37.4831,-198.146,338.576,1,18
43,2.94632,37.5496,-266.447,1486.59,1,18
43,0.812861,37.6562,-59.2164,199.253,1,18
43,-3.0388,37.5422,-124.141,53.3823,1,18
43,-3.52679,37.4995,45.7104,282.006,1,18
43,-4.29137,37.4197,74.1964,1270.57,1,18
43,-5.33195,37.2857,-30.7854,103.387,1,18
43,-10.6666,36.1231,93.6174,279.637,1,18
43,-11.3466,35.9153,-113.751,133.589,1,18
43,-11.3503,35.9141,-136.234,130.2,1,18
43,-12.6256,35.4859,-70.5881,2027.83,1,18
43,-17.2073,33.5046,-69.8036,283.096,1,18
43,-18.193,32.9798,-44.0478,173.791,1,18
43,-18.8316,32.6194,69.075,1353.64,1,18
43,-19.678,32.1159,-152.513,1941.81,1,18
43,-22.0575,30.5307,-88.3562,816.718,1,18
43,-22.688,30.065,-199.59,107.076,1,18
43,-25.7264,27.5101,-5.23416,668.827,1,18
43,-26.1009,27.155,-170.986,1875.51,1,18
43,-27.1966,26.0575,-62.5366,883.396,1,18
43,-27.3718,25.8735,85.7908,528.983,1,18
43,-28.4279,24.7085,-304.914,920.876,1,18
43,-29.034,23.9933,-286.785,190.884,1,18
43,-29.2581,23.7195,46.2482,856.497,1,18
43,-30.3008,22.3721,-122.179,461.96,1,18
43,-32.1357,19.6455,-130.761,1277.6,1,18
43,-32.1366,19.6441,-132.788,11.5863,1,18
43,-33.4591,17.2957,-159.293,1353.98,1,18
43,-33.4015,17.4067,-173.925,206.543,1,18
43,-34.1107,15.9722,-105.619,1370.37,1,18
43,-34.1365,15.9171,-146.509,540.601,1,18
43,-34.2529,15.665,38.0602,77.7945,1,18
43,-35.1938,13.4183,66.2056,444.302,1,18
43,-35.6289,12.2162,-100.703,465.804,1,18
43,-38.2105,-1.39907,-82.5612,351.811,0,19
43,-37.9532,-4.64289,-64.5949,131.702,0,19
43,-37.9289,-4.83742,132.152,187.814,0,19
43,-37.2508,-8.6244,7.93786,1303.59,0,19
43,-36.7919,-10.4096,94.9178,153.904,0,19
43,-36.7919,-10.4096,187.103,90.498,0,19
43,-35.6666,-13.7802,-98.3162,603.965,0,19
43,-35.2125,-14.9023,109.198,584.359,0,19
43,-35.0421,-15.2987,147.485,934.959,0,19
43,-35.0424,-15.2981,169.956,936.983,0,19
43,-34.5486,-16.3828,247.454,745.021,0,19
43,-33.8921,-17.701,-20.087,121.453,0,19
43,-25.8331,-28.1895,-39.7188,441.831,0,19
43,-25.8526,-28.1717,66.227,3950.2,0,19
43,-25.9625,-28.0704,141.422,105.426,0,19
43,-24.5625,-29.3033,13.2448,1018.65,0,19
43,-22.697,-30.7709,118.99,907.78,0,19
43,-21.6026,-31.5488,284.7,1096.45,0,19
43,-18.6229,-33.3944,89.0109,425.361,0,19
43,-17.1696,-34.1644,271.403,705.851,0,19
43,-15.6104,-34.9044,165.968,240.314,0,19
43,-14.8501,-35.2346,125.597,1912.88,0,19
43,-13.7769,-35.6679,42.3683,166.777,0,19
43,-10.2045,-36.8493,172.134,114.465,0,19
43,-7.29119,-37.5345,72.9986,969.413,0,19
43,-6.86575,-37.6146,-46.7349,313.501,0,19
43,-5.14455,-37.8884,65.3651,337.964,0,19
43,-4.05089,-38.0209,58.6288,67.9379,0,19
43,-1.60738,-38.2023,38.3765,797.252,0,19
43,0.808595,-38.2276,115.847,658.417,0,19
43,2.05995,-38.1806,-85.4843,887.595,0,19
43,3.69121,-38.0575,178.829,512.923,0,19
43,4.24102,-38.0002,294.467,172.324,0,19
43,4.40882,-37.9811,-89.3014,198.066,0,19
43,4.70016,-37.9461,180.839,439.831,0,19
43,9.34095,-37.0776,46.9275,925.606,0,19
43,11.3056,-36.5265,-69.3374,659.405,0,19
43,13.4817,-35.7805,16.059,510.292,0,19
43,13.5374,-35.7595,105.838,632.806,0,19
43,13.7037,-35.6961,127.139,1378.55,0,19
43,13.8387,-35.6439,54.4877,486.184,0,19
43,13.85,-35.6395,148.497,703.982,0,19
43,15.2297,-35.0721,-78.9139,241.683,0,19
43,15.8591,-34.7921,-30.8832,585.58,0,19
43,15.637,-34.8924,7.72546,102.571,0,19
43,17.4983,-33.9972,-59.567,510.621,0,19
43,19.0768,-33.1372,81.4442,448.871,0,19
43,21.2709,-31.7734,80.9085,165.04,0,19
43,27.678,-26.3804,198.821,4981.26,0,19
43,27.6755,-26.3831,149.027,278.206,0,19
43,27.7061,-26.3509,182.162,49,0,19
43,28.0101,-26.0275,242.577,132.479,0,19
43,29.3804,-24.4702,261.171,173.175,0,19
43,30.5523,-22.9904,141.033,283.066,0,19
43,31.356,-21.8815,14.3011,475.757,0,19
43,31.8317,-21.1835,72.0339,574.863,0,19
43,32.3145,-20.4394,-91.8953,1948.12,0,19
43,32.3843,-20.3288,300.546,2911.47,0,19
43,32.3749,-20.3436,272.815,615.746,0,19
43,32.8992,-19.4844,154.081,326.479,0,19
43,33.6216,-18.2095,93.4238,169.811,0,19
43,34.012,-17.4695,-18.4205,419.797,0,19
43,34.4137,-16.6642,103.452,162.572,0,19
43,35.9865,-12.9217,-60.3212,345.529,0,19
43,36.5037,-11.3789,18.6105,317.652,0,19
43,36.5723,-11.1565,164.233,185.715,0,19
43,36.6401,-10.9317,-104.593,290.076,0,19
43,37.4254,-7.83179,-43.3032,364.131,0,19
43,37.4538,-7.69493,120.946,464.74,0,19
43,37.5314,-7.30721,284.574,350.296,0,19
43,38.2324,-0.532525,-90.917,2215.22,0,19
43,38.2355,0.208509,276.822,322.884,0,19
43,38.2288,0.745377,60.284,13.0182,0,19
43,37.5387,7.2697,-66.9677,359.932,0,19
43,37.216,8.77318,154.192,1505.06,0,19
43,36.6953,10.745,287.252,334.74,0,19
43,36.3924,11.7299,-70.4281,463.832,0,19
43,35.0664,15.243,297.205,9141.31,0,19
43,34.7397,15.9734,48.9731,344.234,0,19
43,34.7482,15.9549,257.278,71.974,0,19
43,34.4391,16.6117,147.752,292.131,0,19
43,34.2996,16.8978,-70.2231,1638.33,0,19
43,34.2693,16.9591,-67.764,11.0603,0,19
43,32.3298,20.4152,109.143,605.721,0,19
43,29.7893,23.9708,194.325,231.63,0,19
43,25.513,28.4796,172.049,498.093,0,19
43,24.4639,29.3857,172.252,397.206,0,19
43,24.2284,29.5802,148.724,403.762,0,19
43,22.6712,30.7898,167.914,453.239,0,19
43,22.5858,30.8525,57.1776,316.101,0,19
43,22.0364,31.2474,60.2396,501.847,0,19
43,19.8201,32.6981,121.555,241.372,0,19
43,19.4983,32.891,167.332,704.744,0,19
43,18.4523,33.489,86.3022,146.649,0,19
43,16.8874,34.3047,139.074,1384.83,0,19
43,16.8544,34.321,31.3241,310.377,0,19
43,16.2549,34.6089,76.1964,221,0,19
43,16.0998,34.6814,51.5022,272.083,0,19
43,15.7787,34.8286,-19.5898,380.828,0,19
43,10.7776,36.6857,116.404,1615.59,0,19
43,11.1203,36.5833,160.516,472.008,0,19
43,11.9696,36.3143,265.812,183.423,0,19
43,11.3048,36.5267,277.815,312.487,0,19
43,9.37863,37.0681,278.713,105.793,0,19
43,9.09175,37.1395,50.9471,4165.15,0,19
43,2.65391,38.1439,-53.1125,3417.04,0,19
43,0.111576,38.2359,55.5437,3145.98,0,19
43,-2.60183,38.1475,-34.185,540.141,0,19
43,-4.10505,38.0151,26.5569,278.384,0,19
43,-4.21357,38.0032,175.399,265.209,0,19
43,-4.24968,37.9992,179.4,223.348,0,19
43,-4.21304,38.0033,197.863,267.213,0,19
43,-6.1774,37.7338,-1.93754,559.892,0,19
43,-7.83788,37.4241,127.007,544.91,0,19
43,-14.6763,35.3073,126.498,38971.7,0,19
43,-15.9437,34.7534,-103.589,303.481,0,19
43,-16.3014,34.587,225.719,259.914,0,19
43,-17.2069,34.1456,293.998,94.4453,0,19
43,-19.4132,32.9413,174.967,869.703,0,19
43,-19.4129,32.9414,197.435,861.086,0,19
43,-21.1084,31.8816,33.9733,344.66,0,19
43,-21.5002,31.6187,-44.2701,1296.97,0,19
43,-22.963,30.5729,139.278,28994,0,19
43,-21.8661,31.3668,-68.0104,238.531,0,19
43,-21.9433,31.3128,50.3527,539.668,0,19
43,-23.4677,30.1872,-72.5382,985.591,0,19
43,-26.5666,27.4994,113.228,413.646,0,19
43,-27.7131,26.3436,235.569,1949.44,0,19
43,-28.7939,25.1577,-105.381,254.331,0,19
43,-30.4176,23.1683,115.322,1338.36,0,19
43,-30.4177,23.1681,137.788,1328.66,0,19
43,-29.9951,23.7128,173.3,117.274,0,19
43,-30.8458,22.5951,31.1149,72.1097,0,19
43,-31.6172,21.5023,203.252,242.453,0,19
43,-32.7455,19.7415,66.2669,452.975,0,19
43,-33.1921,18.9811,-64.5644,122.502,0,19
43,-34.6073,16.2584,92.2952,415.471,0,19
43,-34.7524,15.9459,6.67454,547.685,0,19
43,-34.9612,15.4827,-11.0088,425.421,0,19
43,-35.6425,13.8423,-97.4301,3812.65,0,19
43,-37.5288,7.3204,107.182,6032.32,0,19
43,-37.5283,7.32291,129.669,6053.69,0,19
43,-37.5011,7.46102,163.345,548.13,0,19
43,-37.7004,6.37789,155.648,362.116,0,19
43,-37.7655,5.98078,201.97,702.48,0,19
43,-38.0936,3.2984,154.209,319.444,0,19
43,-38.1651,2.32831,154.142,159.177,0,19
43,-38.2348,0.319568,292.766,144.745,0,19
43,-36.7175,-10.6687,-172.56,239.255,1,19
43,-36.4354,-11.5958,43.5915,3868.91,1,19
43,-36.1561,-12.4392,-159.565,1358.9,1,19
43,-36.0576,-12.7219,-18.3752,1122.43,1,19
43,-34.8882,-15.6466,-75.9771,1727.73,1,19
43,-34.7254,-16.0047,-107.546,813.897,1,19
43,-33.2903,-18.8085,-242.342,257.697,1,19
43,-30.925,-22.4865,-229.557,189.925,1,19
43,-28.2896,-25.7235,100.371,780.509,1,19
43,-28.15,-25.8762,-148.061,411.689,1,19
43,-27.3949,-26.6743,-105.491,911.028,1,19
43,-26.0406,-27.998,-34.9642,158.083,1,19
43,-22.4819,-30.9284,67.2475,849.954,1,19
43,-21.9644,-31.298,97.1357,1073.26,1,19
43,-21.4678,-31.6407,-121.281,487.815,1,19
43,-21.1836,-31.8316,-103.758,487.219,1,19
43,-20.7726,-32.1014,-124.55,887.684,1,19
43,-19.4885,-32.8968,-118.374,606.255,1,19
43,-18.8789,-33.2504,-219.987,269.611,1,19
43,-18.6544,-33.3768,-120.341,238.312,1,19
43,-18.4429,-33.4942,69.9352,400.634,1,19
43,-18.3264,-33.558,-251.571,947.662,1,19
43,-16.6131,-34.4384,-75.1132,392.152,1,19
43,-13.1372,-35.9084,-139.603,1253.16,1,19
43,-11.8882,-36.341,-62.6913,264.861,1,19
43,-9.22548,-37.1065,-295.658,686.655,1,19
43,-8.51968,-37.2748,-183.846,749.659,1,19
43,-8.52785,-37.273,-206.309,726.143,1,19
43,-7.24629,-37.5432,-292.946,183.957,1,19
43,-4.46794,-37.9742,-88.7075,709.783,1,19
43,-3.27388,-38.0957,-117.128,3287.33,1,19
43,2.87157,-38.1281,100.237,833.063,1,19
43,4.40949,-37.981,-49.7934,4682.91,1,19
43,4.41105,-37.9808,-266.329,348.386,1,19
43,9.38096,-37.0675,-140.42,12.1335,1,19
43,11.579,-36.4407,-59.1145,251.4,1,19
43,19.5433,-32.8643,-13.4554,117.433,1,19
43,19.8461,-32.6823,-106.777,320.855,1,19
43,20.4843,-32.2861,-103.602,123.926,1,19
43,21.4568,-31.6482,-161.21,3591.29,1,19
43,21.4567,-31.6482,-183.668,3590.15,1,19
43,24.7147,-29.175,-156.416,151.457,1,19
43,27.9084,-26.1365,86.6071,224.989,1,19
43,28.348,-25.6591,-22.9142,165.311,1,19
43,28.6973,-25.2678,-250.681,841.657,1,19
43,31.019,-22.3567,-12.5805,116.257,1,19
43,34.8843,-15.6552,-163.577,523.728,1,19
43,35.379,-14.5027,-73.0446,347.387,1,19
43,35.4462,-14.3377,-109.225,365.876,1,19
43,35.6655,-13.7829,-100.187,1091.65,1,19
43,35.9266,-13.0873,30.5589,160.383,1,19
43,36.0145,-12.8436,-18.3173,908.816,1,19
43,36.8026,-10.3716,-152.572,76.7562,1,19
43,36.8125,-10.3361,-256.313,121.68,1,19
43,37.1985,-8.84692,54.4262,188.097,1,19
43,37.3276,-8.28533,-30.8927,408.513,1,19
43,37.8255,-5.5883,-163.925,374.029,1,19
43,37.8257,-5.58735,-186.393,376.164,1,19
43,37.9501,-4.66779,-7.10705,1232,1,19
43,37.9247,-4.86974,-9.3086,103.84,1,19
43,37.9762,-4.45018,73.0631,729.38,1,19
43,37.9888,-4.34127,43.0229,270.572,1,19
43,37.9955,-4.28231,-23.7778,378.087,1,19
43,38.0336,-3.93009,-173.869,261.871,1,19
43,38.044,-3.82751,-251.708,58.7016,1,19
43,38.0653,-3.60979,-137.373,3971.02,1,19
43,38.2348,-0.319486,-61.3065,42.6953,1,19
43,37.9275,4.84824,-133.59,1104.26,1,19
43,37.2105,8.7963,5.65008,362.594,1,19
43,37.0675,9.38096,-200.373,56.8327,1,19
43,36.7919,10.4096,-73.004,11.0182,1,19
43,36.7919,10.4096,-200.371,130.541,1,19
43,35.8133,13.3944,99.9446,156.803,1,19
43,35.4726,14.2722,-93.2258,2106.8,1,19
43,33.7365,17.9958,-19.5966,61.8207,1,19
43,33.3254,18.7462,-76.8792,1420.66,1,19
43,32.4629,20.203,-56.2653,413.452,1,19
43,31.7639,21.285,80.4949,382.807,1,19
43,31.4959,21.6796,-132.002,187.193,1,19
43,30.518,23.0358,-34.0039,165.086,1,19
43,28.7355,25.2244,97.9323,85.4229,1,19
43,28.0123,26.0252,-37.9511,445.097,1,19
43,27.4109,26.6579,65.8146,37.2388,1,19
43,26.4367,27.6242,73.3039,1683.5,1,19
43,20.5493,32.2448,-30.3939,72.724,1,19
43,19.6577,32.7959,-64.984,206.478,1,19
43,17.8126,33.8336,101.758,382.958,1,19
43,17.0646,34.217,-203.88,207.389,1,19
43,16.5108,34.4876,-61.1541,542.703,1,19
43,16.0299,34.7137,-221.183,833.673,1,19
43,13.6506,35.7164,-15.808,482.049,1,19
43,13.0097,35.9548,-67.5642,2039.61,1,19
43,12.6974,36.0663,55.9466,1121.78,1,19
43,5.90425,37.7775,-111.838,466.256,1,19
43,3.57825,38.0683,-197.876,1052.37,1,19
43,3.11094,38.1093,-266.333,839.685,1,19
43,2.35358,38.1636,0.701516,2599.39,1,19
43,1.29776,38.2141,-148.677,139.571,1,19
43,1.28034,38.2147,-171.1,149.947,1,19
43,1.0926,38.2205,-58.4799,197.321,1,19
43,-3.4491,38.0802,74.1941,1424.53,1,19
43,-3.08488,38.1115,-124.777,150.408,1,19
43,-3.08488,38.1115,-140.439,159.942,1,19
43,-3.80353,38.0465,46.2972,369.479,1,19
43,-12.8494,36.0124,-19.3426,1495.2,1,19
43,-12.7578,36.045,-68.8561,805.325,1,19
43,-16.8291,34.3334,-69.9633,498.314,1,19
43,-18.5066,33.459,-43.2401,119.352,1,19
43,-19.8828,32.66,-153.187,5338.72,1,19
43,-20.0845,32.5363,-107.437,60.9723,1,19
43,-22.4577,30.9459,-89.694,997.301,1,19
43,-23.2181,30.3796,-148.695,78.7604,1,19
43,-26.0525,27.9869,-4.64216,489.392,1,19
43,-26.5586,27.5071,-169.908,373.75,1,19
43,-27.6276,26.4333,-61.9358,474.899,1,19
43,-28.0176,26.0195,85.6784,610.874,1,19
43,-28.9757,24.9482,-304.528,522.217,1,19
43,-30.967,22.4286,-121.442,609.116,1,19
43,-31.9859,20.95,-154.199,223.241,1,19
43,-32.6903,19.8328,-128.784,845.891,1,19
43,-33.1821,18.9986,-113.953,1028.45,1,19
43,-33.7561,17.9589,-159.386,933.526,1,19
43,-34.5563,16.3664,-104.499,142.848,1,19
43,-34.816,15.8065,38.9471,385.827,1,19
43,-35.7838,13.4729,66.241,444.771,1,19
43,-38.8072,-0.136859,153.928,1961.03,0,20
43,-38.7787,-1.49242,-83.0656,618.915,0,20
43,-38.4991,-4.88199,-65.3467,523.983,0,20
43,-38.3075,-6.20886,290.159,101.33,0,20
43,-37.8241,-8.6806,6.87193,63.1742,0,20
43,-37.7661,-8.92937,126.019,599.035,0,20
43,-36.9677,-11.807,-82.0524,491.128,0,20
43,-36.9677,-11.807,186.654,143.44,0,20
43,-36.2601,-13.8282,-99.7481,879.336,0,20
43,-35.7426,-15.1156,147.855,1470.07,0,20
43,-35.7422,-15.1165,170.322,1448.18,0,20
43,-35.6807,-15.261,107.965,490.476,0,20
43,-35.2985,-16.1254,-78.5873,560.616,0,20
43,-35.081,-16.5934,246.518,317.891,0,20
43,-34.5387,-17.6945,-26.1338,305.87,0,20
43,-29.6664,-25.0184,45.7395,745.567,0,20
43,-26.5487,-28.3052,64.7914,1619.63,0,20
43,-26.3988,-28.445,-64.3762,92.3766,0,20
43,-25.9242,-28.8782,-39.294,901.006,0,20
43,-23.1045,-31.18,-17.6629,237.073,0,20
43,-21.9747,-31.9863,284.067,1067.81,0,20
43,-20.4637,-32.9735,305.739,144.347,0,20
43,-19.068,-33.7998,87.5011,272.047,0,20
43,-17.0052,-34.8832,269.871,773.233,0,20
43,-14.9636,-35.8065,124.137,305.816,0,20
43,-14.0485,-36.1753,41.8419,56.5365,0,20
43,-7.58951,-38.058,71.7702,2304.13,0,20
43,-7.02479,-38.1663,-47.8423,79.3359,0,20
43,-5.35889,-38.4356,65.2924,389.317,0,20
43,-4.221,-38.5772,57.6819,269.063,0,20
43,-2.37716,-38.7345,290.93,345.492,0,20
43,-1.38846,-38.7826,37.2141,209.86,0,20
43,0.523985,-38.8039,114.533,283.266,0,20
43,2.16375,-38.747,-86.2817,303.283,0,20
43,4.56645,-38.5378,177.731,697.561,0,20
43,4.12123,-38.5879,293.735,101.025,0,20
43,4.81401,-38.5077,180.335,462.675,0,20
43,9.57219,-37.6083,46.0684,199.651,0,20
43,11.1394,-37.1743,-70.5361,622.514,0,20
43,13.3225,-36.4489,104.499,111.793,0,20
43,13.3112,-36.4531,126.926,102.242,0,20
43,13.7563,-36.2874,14.7287,426.531,0,20
43,13.8553,-36.2498,125.036,664.887,0,20
43,13.8549,-36.2499,147.487,643.003,0,20
43,13.7627,-36.285,288.591,109.417,0,20
43,14.4036,-36.0354,53.2252,921.077,0,20
43,15.4098,-35.6167,-80.6111,519.972,0,20
43,16.5608,-35.0964,-31.484,264.184,0,20
43,17.6556,-34.5586,-60.0141,890.251,0,20
43,19.843,-33.3507,81.6858,296.131,0,20
43,21.059,-32.5965,-67.049,409.144,0,20
43,20.8507,-32.7301,-59.904,1920.92,0,20
43,21.597,-32.2426,81.03,1175.43,0,20
43,21.7299,-32.1532,139.153,277.81,0,20
43,24.6161,-30.001,-12.2666,344.171,0,20
43,27.8813,-26.9934,196.72,1173.06,0,20
43,28.074,-26.793,168.913,6510.19,0,20
43,28.5324,-26.3043,241.464,276.72,0,20
43,29.3872,-25.3458,20.7047,387.374,0,20
43,29.7536,-24.9147,181.972,40.1295,0,20
43,29.7548,-24.9131,204.444,39.1464,0,20
43,29.9268,-24.7063,260.047,524.136,0,20
43,31.0862,-23.2306,139.809,700.007,0,20
43,31.3272,-22.9045,289.973,382.723,0,20
43,31.9243,-22.0648,13.1145,2323.37,0,20
43,32.368,-21.4085,70.0368,598.689,0,20
43,32.6794,-20.9302,301.084,2594.31,0,20
43,32.8037,-20.7347,272.021,539.215,0,20
43,33.3324,-19.8737,153.217,700.463,0,20
43,34.6556,-17.4644,-19.1044,113.993,0,20
43,36.416,-13.4123,-61.283,249.76,0,20
43,36.8037,-12.3087,176.787,139.074,0,20
43,37.0954,-11.3994,163.613,451.654,0,20
43,37.1405,-11.2517,-105.372,186.367,0,20
43,37.9754,-7.9926,120.265,571.966,0,20
43,38.7551,-2.01391,259.432,506.774,0,20
43,38.8,-0.758143,-92.212,578.076,0,20
43,38.8067,0.236929,276.263,115.807,0,20
43,38.803,0.585415,60.3512,351.503,0,20
43,37.9732,8.00294,-66.9435,410.824,0,20
43,37.2495,10.8854,153.433,1044.13,0,20
43,37.2044,11.0383,286.921,169.715,0,20
43,35.9146,14.7021,296.657,10753.4,0,20
43,35.6423,15.3507,135.165,655.491,0,20
43,35.2934,16.1366,256.415,288.341,0,20
43,35.1513,16.4438,48.7131,187.051,0,20
43,34.9686,16.8288,-70.6276,326.172,0,20
43,34.3481,18.0615,283.109,189.723,0,20
43,33.4699,19.6412,82.1527,267.78,0,20
43,32.7543,20.8128,109.011,722.875,0,20
43,30.5805,23.8924,109.04,249.807,0,20
43,30.1437,24.4412,194.091,501.848,0,20
43,27.8204,27.0562,2.2407,75.239,0,20
43,26.0748,28.7423,171.283,447.768,0,20
43,24.6906,29.9397,147.986,420.045,0,20
43,24.7722,29.8723,171.484,526.776,0,20
43,23.966,30.5229,-69.6998,63.7926,0,20
43,22.8703,31.3522,60.0002,631.141,0,20
43,22.7034,31.4733,57.0391,549.991,0,20
43,22.5266,31.6001,167.835,437.411,0,20
43,22.1735,31.8488,-85.1186,448.285,0,20
43,19.1366,33.761,167.418,487.355,0,20
43,18.7979,33.9507,85.4711,331.734,0,20
43,18.1455,34.3039,139.574,843.88,0,20
43,17.1589,34.8078,30.5468,215.515,0,20
43,16.907,34.9309,76.396,89.2003,0,20
43,16.2373,35.2472,50.0501,100.032,0,20
43,15.4788,35.5868,-19.2508,584.257,0,20
43,13.4132,36.4157,160.74,970.031,0,20
43,12.3204,36.7998,293.613,406.429,0,20
43,11.5859,37.0376,277.179,138.595,0,20
43,10.9365,37.2345,115.491,1852.37,0,20
43,9.68838,37.5786,49.9271,400.745,0,20
43,9.64865,37.5888,278.087,281.804,0,20
43,3.0942,38.6838,-51.6821,9946.36,0,20
43,1.30321,38.7855,146.203,102.674,0,20
43,0.153891,38.8071,55.2103,2572.78,0,20
43,-2.71354,38.7124,-34.7258,922.273,0,20
43,-4.11218,38.5889,26.2323,450.981,0,20
43,-4.16575,38.5832,175.062,336.654,0,20
43,-4.16641,38.5831,197.537,336.709,0,20
43,-4.20692,38.5787,178.54,97.7145,0,20
43,-6.40712,38.2748,-2.96845,310.536,0,20
43,-7.58301,38.0593,126.32,552.052,0,20
43,-10.9376,37.2342,-87.3804,180.332,0,20
43,-11.086,37.1903,7.04469,310.378,0,20
43,-19.177,33.7381,132.572,72931.5,0,20
43,-16.6334,35.062,225.698,128.63,0,20
43,-22.0697,31.9209,-68.8437,288.026,0,20
43,-21.9487,32.0042,-46.0795,291.526,0,20
43,-23.4743,30.9026,-72.4962,1909.61,0,20
43,-26.7999,28.0674,112.262,556.346,0,20
43,-28.1877,26.6734,234.503,453.153,0,20
43,-30.4808,24.0194,172.56,312.834,0,20
43,-31.2033,23.0731,30.3424,82.8956,0,20
43,-32.0262,21.9166,114.409,2887.19,0,20
43,-32.0286,21.9131,136.884,2919.98,0,20
43,-31.9582,22.0156,202.764,261.764,0,20
43,-32.6255,21.014,-12.6529,970.797,0,20
43,-33.1313,20.2073,130.904,182.372,0,20
43,-33.3157,19.9017,65.5448,57.5419,0,20
43,-33.6332,19.3603,-65.8772,268.441,0,20
43,-34.0282,18.6573,261.715,330.535,0,20
43,-35.0641,16.6289,91.487,56.5599,0,20
43,-35.3133,16.0931,6.26348,1025.85,0,20
43,-35.3466,16.0198,-11.7496,899.925,0,20
43,-35.6058,15.435,58.336,447.725,0,20
43,-36.1763,14.046,-98.8571,3897.67,0,20
43,-36.1923,14.0047,64.884,1774.35,0,20
43,-37.7181,9.12995,107.926,1426.25,0,20
43,-37.7179,9.13083,130.397,1445.17,0,20
43,-37.9496,8.11434,163.33,186.345,0,20
43,-37.9848,7.94772,149.51,475.429,0,20
43,-38.3599,5.87671,14.595,451.285,0,20
43,-38.6098,3.91119,-20.2314,826.01,0,20
43,-38.7876,1.24096,153.946,692.443,0,20
43,-38.8072,0.120914,153.869,220.853,0,20
43,-38.7792,-1.47841,82.4544,508.957,1,20
43,-38.6336,-3.66855,-89.1209,1260.51,1,20
43,-38.5908,-4.09433,-28.9023,841.269,1,20
43,-38.3747,-5.77917,-205.435,4736.42,1,20
43,-37.303,-10.7003,-171.743,1003.57,1,20
43,-36.9769,-11.778,43.2822,4620.72,1,20
43,-36.2476,-13.861,-159.877,1304.19,1,20
43,-36.3499,-13.5905,-52.8432,249.803,1,20
43,-35.4987,-15.6799,-106.194,372.503,1,20
43,-33.7612,-19.1362,-241.533,624.707,1,20
43,-33.1211,-20.224,-46.6437,209.524,1,20
43,-29.387,-25.346,71.939,215.629,1,20
43,-29.1677,-25.598,100.547,589.428,1,20
43,-28.5183,-26.3196,-147.273,423.99,1,20
43,-27.8416,-27.0344,-59.001,476.511,1,20
43,-23.2114,-31.1006,67.4467,978.082,1,20
43,-22.9342,-31.3055,-265.541,1331.14,1,20
43,-22.9012,-31.3297,-212.281,465.803,1,20
43,-22.5461,-31.5862,97.8413,360.194,1,20
43,-21.8986,-32.0385,-120.541,650.451,1,20
43,-21.6426,-32.212,-102.479,592.091,1,20
43,-20.2245,-33.1208,-117.421,675.807,1,20
43,-19.3398,-33.645,-119.495,332.895,1,20
43,-18.6247,-34.046,-220.284,177.851,1,20
43,-18.4523,-34.1398,-250.574,414.088,1,20
43,-16.9331,-34.9182,-74.1699,209.978,1,20
43,-13.1687,-36.5048,-138.201,214.755,1,20
43,-10.8172,-37.2693,-267.009,1538.07,1,20
43,-9.15818,-37.7113,-295.123,491.384,1,20
43,-8.07042,-37.959,-183.76,417.766,1,20
43,-8.07126,-37.9588,-206.229,420.951,1,20
43,-7.84672,-38.0058,-292.126,588.554,1,20
43,-5.28552,-38.4458,48.048,580.008,1,20
43,-4.44044,-38.5525,-87.4742,127.995,1,20
43,1.96169,-38.7578,-166.222,460.281,1,20
43,3.44137,-38.6545,100.925,454.096,1,20
43,3.83272,-38.6177,-18.1969,284.774,1,20
43,4.39334,-38.5579,-103.951,3376.74,1,20
43,4.58551,-38.5355,-265.433,119.021,1,20
43,4.87677,-38.4998,23.6078,263.076,1,20
43,6.13484,-38.3194,-253.712,400.32,1,20
43,9.52113,-37.6213,-139.272,367.682,1,20
43,11.977,-36.9129,78.6364,308.752,1,20
43,12.2979,-36.8073,-154.615,353.887,1,20
43,20.0576,-33.2221,-12.369,969.005,1,20
43,20.1151,-33.1873,-106.064,301.523,1,20
43,20.8451,-32.7337,-103.14,1404.47,1,20
43,21.2222,-32.4905,-158.987,6515.9,1,20
43,21.2262,-32.4879,-181.086,6171.22,1,20
43,24.9929,-29.6879,-71.0435,271.545,1,20
43,25.3031,-29.4239,-12.3661,728.439,1,20
43,28.2567,-26.6002,87.2416,522.141,1,20
43,28.8155,-25.9938,-22.1561,465.224,1,20
43,29.0545,-25.7265,-249.697,475.546,1,20
43,31.4636,-22.7168,-11.8066,296.804,1,20
43,35.0641,-16.6289,-117.38,38.2367,1,20
43,35.3639,-15.9814,-162.915,723.818,1,20
43,36.1593,-14.0897,-73.4923,899.688,1,20
43,36.1705,-14.0609,-99.4272,615.332,1,20
43,36.5126,-13.1469,31.8617,297.799,1,20
43,37.3299,-10.6064,-255.879,844.818,1,20
43,37.3416,-10.5651,-274.828,13.0076,1,20
43,37.8804,-8.43165,54.8662,528.758,1,20
43,37.9137,-8.28055,-30.1434,509.818,1,20
43,38.4382,-5.34001,-163.504,610.773,1,20
43,38.4381,-5.34074,-185.973,610.585,1,20
43,38.5027,-4.85365,-8.59206,427.964,1,20
43,38.5254,-4.67023,-23.5824,2574.75,1,20
43,38.5603,-4.37271,-6.57629,115.555,1,20
43,38.5791,-4.20327,-173.256,428.89,1,20
43,38.6217,-3.79197,-250.291,902.608,1,20
43,38.7774,-1.52529,-42.5887,169.392,1,20
43,38.5272,4.6548,-134.062,1504.54,1,20
43,38.2322,6.65668,-57.2333,633.692,1,20
43,37.7142,9.1462,-199.978,1147.6,1,20
43,37.8045,8.76546,6.43066,746.279,1,20
43,37.3998,10.3569,-73.428,9.0182,1,20
43,36.9677,11.807,98.294,208.721,1,20
43,36.9677,11.807,-31.452,17.1617,1,20
43,36.4642,13.2807,100.52,138.806,1,20
43,35.9555,14.6019,-91.5568,892.066,1,20
43,34.279,18.1924,-18.866,715.417,1,20
43,33.9263,18.842,-75.5167,1090.73,1,20
43,33.0159,20.3953,-55.4322,387.525,1,20
43,32.513,21.1877,-255.717,363.863,1,20
43,31.9923,21.9661,-130.741,1169.57,1,20
43,30.8378,23.5594,-32.7453,441.385,1,20
43,26.2952,28.5407,73.3379,1632.62,1,20
43,21.0828,32.5811,-30.4768,350.96,1,20
43,19.7746,33.3913,-64.2533,514.381,1,20
43,16.902,34.9333,-59.3867,506.325,1,20
43,16.6738,35.0428,-219.815,416.28,1,20
43,13.9022,36.2318,-15.1446,534.641,1,20
43,12.7924,36.6383,57.219,351.943,1,20
43,3.5394,38.6457,-197.063,466.64,1,20
43,3.31103,38.6659,-266.239,2277.78,1,20
43,2.6353,38.7178,2.17218,118.331,1,20
43,1.52849,38.7773,-57.9618,151.371,1,20
43,-3.13097,38.6809,-125.356,170.673,1,20
43,-3.13097,38.6809,-139.754,64.9826,1,20
43,-5.78722,38.3735,-30.5631,123.732,1,20
43,-6.02506,38.3368,84.4562,272.895,1,20
43,-11.2248,37.1486,94.3135,136.945,1,20
43,-11.3321,37.116,-111.612,414.36,1,20
43,-11.3331,37.1157,-134.111,424.211,1,20
43,-12.7696,36.6463,-67.7126,953.476,1,20
43,-18.7919,33.9541,68.9272,398.97,1,20
43,-18.9354,33.8743,-42.4224,533.518,1,20
43,-20.4891,32.9577,-107.077,386.33,1,20
43,-26.3887,28.4544,-3.85733,345.854,1,20
43,-27.017,27.8585,-168.986,272.314,1,20
43,-27.9507,26.9216,-60.6424,344.618,1,20
43,-28.0186,26.8509,-62.6446,1019.77,1,20
43,-28.869,25.9344,85.464,827.181,1,20
43,-30.1061,24.4875,-286.621,763.075,1,20
43,-31.6742,22.4222,-120.765,45.2268,1,20
43,-32.4222,21.3263,-153.9,567.958,1,20
43,-33.2179,20.0646,-127.299,930.904,1,20
43,-33.6678,19.3,-113.337,584.716,1,20
43,-34.4888,17.7914,-173.41,259.566,1,20
43,-34.8772,17.0175,-103.978,168.794,1,20
43,-35.2027,16.3336,-145.836,765.864,1,20
43,-36.7173,12.5641,-99.3391,498.096,1,20
43,-39.3779,-0.10965,292.636,23.18,0,21
43,-39.3652,-1.00782,153.659,220.732,0,21
43,-39.3446,-1.62289,-83.9959,698.27,0,21
43,-39.3335,-1.87302,153.696,243.257,0,21
43,-39.0336,-5.19731,131.991,186,0,21
43,-39.0265,-5.25046,-66.2743,110.949,0,21
43,-38.8814,-6.23472,289.876,275.304,0,21
43,-38.4396,-8.54588,6.25345,275.709,0,21
43,-38.314,-9.09259,125.576,745.84,0,21
43,-36.8274,-13.942,-100.673,756.786,0,21
43,-36.0567,-15.8287,106.855,231.172,0,21
43,-35.6709,-16.68,-78.9019,266.411,0,21
43,-35.732,-16.5488,245.621,576.927,0,21
43,-34.8604,-18.3137,-20.2565,245.141,0,21
43,-27.2518,-28.4248,64.764,5705.97,0,21
43,-27.1031,-28.5667,-64.4275,114.74,0,21
43,-26.9427,-28.7181,141.214,134.54,0,21
43,-25.9348,-29.6314,-38.9591,410.566,0,21
43,-24.9928,-30.4302,11.4434,808.351,0,21
43,-23.4108,-31.6633,118.064,140.985,0,21
43,-22.3498,-32.421,283.417,1376.27,0,21
43,-20.663,-33.5213,305.42,428.508,0,21
43,-19.4953,-34.2136,86.5633,73.8148,0,21
43,-17.0171,-35.5113,247.989,162.075,0,21
43,-17.0714,-35.4852,268.887,116.139,0,21
43,-15.7944,-36.0717,163.579,214.379,0,21
43,-14.9602,-36.4256,122.38,1138.38,0,21
43,-7.76279,-38.6054,70.5666,2844.67,0,21
43,-7.25976,-38.7031,-49.3274,948.069,0,21
43,-4.38209,-39.1335,56.9079,203.456,0,21
43,-1.19202,-39.3601,36.5198,1082.89,0,21
43,0.274723,-39.3771,113.462,210.419,0,21
43,2.31694,-39.3099,-87.0999,1548.03,0,21
43,3.98739,-39.1757,292.809,159.682,0,21
43,4.63768,-39.104,-90.0944,905.099,0,21
43,5.30823,-39.0187,176.771,440.845,0,21
43,9.74217,-38.154,45.1032,114.928,0,21
43,13.2475,-37.0829,102.725,1365.88,0,21
43,13.2471,-37.083,125.216,1382.53,0,21
43,13.9384,-36.8287,124.138,127.679,0,21
43,13.9435,-36.8268,146.609,129.488,0,21
43,14.0504,-36.7862,13.8924,36.479,0,21
43,15.2717,-36.2961,74.7,12,0,21
43,15.5626,-36.1724,-82.2452,292.136,0,21
43,15.8552,-36.0451,7.51971,144.405,0,21
43,17.2263,-35.4103,-32.2401,315.368,0,21
43,21.9501,-32.693,138.724,371.856,0,21
43,28.3111,-27.37,167.87,4774.53,0,21
43,28.6986,-26.9635,148.767,263.484,0,21
43,29.0636,-26.5696,239.997,302.391,0,21
43,30.4376,-24.9837,259.116,512.561,0,21
43,30.9627,-24.3299,64.3013,244.508,0,21
43,31.6058,-23.4885,138.388,325.625,0,21
43,32,-22.9486,289.754,384.772,0,21
43,32.4743,-22.2723,11.6038,1032.76,0,21
43,32.9232,-21.6032,301.574,1698.12,0,21
43,33.2447,-21.1051,-92.5739,523.157,0,21
43,33.2286,-21.1304,271.317,412.997,0,21
43,33.7723,-20.25,152.371,188.866,0,21
43,34.8883,-18.2604,91.9745,316.319,0,21
43,35.2106,-17.6309,-19.9691,312.456,0,21
43,35.4087,-17.2296,102.474,454.178,0,21
43,36.8824,-13.7958,-61.9725,476.333,0,21
43,37.5404,-11.8892,18.0952,157.678,0,21
43,37.6288,-11.6065,162.903,857.556,0,21
43,39.3329,-1.887,259.578,284.437,0,21
43,39.3621,-1.12189,-93.4874,756.75,0,21
43,39.3747,-0.518952,67.0758,158.818,0,21
43,39.3781,0.0392702,60.2316,574.737,0,21
43,37.5267,11.9325,152.953,2071.05,0,21
43,37.5191,11.9562,133.054,945.158,0,21
43,37.3367,12.5144,-70.37,346.204,0,21
43,36.7737,14.083,295.272,10991.5,0,21
43,36.0622,15.8161,135.139,293.433,0,21
43,35.8474,16.2972,255.718,528.465,0,21
43,35.5158,17.0077,147.573,196.767,0,21
43,34.0095,19.8491,80.9304,159.185,0,21
43,31.1644,24.071,108.464,319.786,0,21
43,29.1312,26.4955,21.6846,137.573,0,21
43,29.1312,26.4955,268.001,1324.99,0,21
43,28.8342,26.8183,267.8,245.049,0,21
43,26.5402,29.0904,170.37,273.515,0,21
43,25.1497,30.3006,147.182,408.202,0,21
43,25.0588,30.3759,170.675,390.616,0,21
43,23.5202,31.5822,59.7076,525.51,0,21
43,20.9617,33.3353,121.245,718.119,0,21
43,19.617,34.1439,140.148,296.848,0,21
43,19.1403,34.4134,84.6191,218.775,0,21
43,18.8676,34.5637,167.533,897.73,0,21
43,15.9638,35.9971,117.85,541.624,0,21
43,16.4373,35.7834,48.9911,273.39,0,21
43,15.2981,36.285,160.934,503.273,0,21
43,13.0239,37.162,-6.84383,177.857,0,21
43,12.3329,37.397,293.242,678.948,0,21
43,12.0618,37.4853,265.179,59.7035,0,21
43,9.87366,38.1201,277.305,111.249,0,21
43,3.477,39.2243,-52.7119,3010.46,0,21
43,1.1624,39.3609,145.727,161.201,0,21
43,0.273786,39.3771,54.8551,4469.67,0,21
43,-2.80883,39.2778,-35.2754,246.262,0,21
43,-4.27058,39.1458,178.107,249.713,0,21
43,-6.59341,38.8222,-3.84082,104.833,0,21
43,-11.1941,37.7535,-87.6457,189.392,0,21
43,-11.3294,37.7131,6.32883,337.012,0,21
43,-16.0692,35.9502,-103.313,279.079,0,21
43,-17.3969,35.3268,293.389,175.939,0,21
43,-22.2266,32.5056,-69.5978,276.765,0,21
43,-22.5206,32.3026,-47.0691,564.693,0,21
43,-22.9116,32.0264,49.5212,297.692,0,21
43,-28.6795,26.9837,233.684,646.435,0,21
43,-33.7938,20.2142,113.4,9987.65,0,21
43,-33.7933,20.215,135.868,9969.56,0,21
43,-33.0561,21.3993,-13.9677,513.611,0,21
43,-33.9181,20.0049,64.197,821.007,0,21
43,-34.0739,19.7385,-66.9779,971.021,0,21
43,-34.4386,19.0949,261.166,72.6085,0,21
43,-35.5114,17.0169,90.1579,342.392,0,21
43,-35.7983,16.4047,-12.5467,467.929,0,21
43,-36.7091,14.2505,-101.773,2098.96,0,21
43,-36.7374,14.1774,63.4853,1371.55,0,21
43,-37.4206,12.2612,109.394,4946.8,0,21
43,-37.4225,12.2552,131.856,4938.9,0,21
43,-38.6001,7.78873,149.374,258.427,0,21
43,-38.8856,6.20869,155.077,373.919,0,21
43,-38.9405,5.85434,201.393,352.003,0,21
43,-39.3773,0.248098,292.601,206.995,0,21
43,-37.8873,-10.7326,-170.815,357.556,1,21
43,-37.509,-11.9878,44.8504,2108.76,1,21
43,-37.0544,-13.327,-17.7675,1434.32,1,21
43,-36.3164,-15.2235,-104.539,2905,1,21
43,-36.2858,-15.2962,-160.283,473.755,1,21
43,-35.9783,-16.0061,-75.1323,484.347,1,21
43,-34.2422,-19.4449,-240.502,145.732,1,21
43,-33.6707,-20.4185,-46.2809,403.079,1,21
43,-29.9187,-25.6028,100.713,553.375,1,21
43,-28.8815,-26.7674,-146.485,237.792,1,21
43,-28.4693,-27.2054,-137.765,260.731,1,21
43,-28.2446,-27.4386,-105.058,809.393,1,21
43,-28.2036,-27.4808,-60.0323,237.567,1,21
43,-24.132,-31.1172,67.5292,749.702,1,21
43,-23.2222,-31.8019,98.4181,544.991,1,21
43,-23.2408,-31.7884,-264.569,353.438,1,21
43,-22.3241,-32.4387,-119.8,516.637,1,21
43,-22.5082,-32.3112,-136.228,194.369,1,21
43,-21.2681,-33.1406,-123.668,326.483,1,21
43,-21.0782,-33.2618,-116.892,858.51,1,21
43,-19.9361,-33.9586,-118.55,275.119,1,21
43,-18.8613,-34.5671,70.1869,255.372,1,21
43,-18.5455,-34.7376,-249.728,173.787,1,21
43,-18.1426,-34.9497,-220.659,345.956,1,21
43,-17.3484,-35.3506,-73.4007,128.449,1,21
43,-13.2429,-37.0845,-137.464,450.285,1,21
43,-12.3514,-37.3909,-62.5525,492.726,1,21
43,-10.9328,-37.83,-266.4,2053.13,1,21
43,-8.4663,-38.4572,-291.479,425.369,1,21
43,-7.9823,-38.5606,-183.625,138.502,1,21
43,-7.98116,-38.5608,-206.09,136.461,1,21
43,-5.50534,-38.9914,48.6812,293.414,1,21
43,-4.42558,-39.1286,-86.6721,1117.68,1,21
43,-3.62823,-39.2106,-116.988,1046.18,1,21
43,2.52071,-39.2973,-155.262,306.407,1,21
43,4.06265,-39.168,101.508,467.858,1,21
43,3.72485,-39.2015,-17.8013,290.521,1,21
43,4.33736,-39.1385,-103.963,3700.54,1,21
43,4.75956,-39.0894,-264.265,643.002,1,21
43,5.1223,-39.0435,23.8373,313.679,1,21
43,10.7205,-37.8907,-139.148,16.182,1,21
43,11.8146,-37.5639,78.9546,441.767,1,21
43,12.1985,-37.441,-58.6062,398.286,1,21
43,12.2377,-37.4282,-154.346,418.552,1,21
43,13.2273,-37.0901,-301.038,106.488,1,21
43,20.3501,-33.7121,-105.308,79.2392,1,21
43,20.616,-33.5502,-10.7312,161.762,1,21
43,21.0424,-33.2844,-156.248,2014.18,1,21
43,21.042,-33.2846,-178.733,2022.36,1,21
43,21.3567,-33.0836,-102.071,130.262,1,21
43,22.1954,-32.5269,-125.709,52.0289,1,21
43,25.6823,-29.8505,-11.7589,799.858,1,21
43,25.6456,-29.882,-156.135,94.3381,1,21
43,28.6343,-27.0317,87.7108,174.482,1,21
43,29.3012,-26.3073,-248.206,620.132,1,21
43,29.2965,-26.3125,-21.3922,343.601,1,21
43,31.9187,-23.0615,-11.2809,417.215,1,21
43,34.3733,-19.2123,-83.9514,137.908,1,21
43,34.3733,-19.2123,-285.799,115.326,1,21
43,35.8428,-16.3074,-162.144,452.368,1,21
43,36.456,-14.886,-108.656,989,1,21
43,36.6872,-14.3069,-98.9267,902.362,1,21
43,36.8922,-13.7695,-74.0732,307.66,1,21
43,37.1035,-13.1895,33.3479,299.745,1,21
43,37.8294,-10.9349,-255.268,872.955,1,21
43,37.8946,-10.7068,-273.998,620.539,1,21
43,37.8907,-10.7205,-151.808,77.4546,1,21
43,38.5198,-8.17681,55.2115,483.957,1,21
43,38.499,-8.27412,-29.5135,236.82,1,21
43,39.0584,-5.00746,73.3253,436.353,1,21
43,39.0808,-4.82957,-7.67764,319.183,1,21
43,39.1402,-4.32206,43.6868,289.147,1,21
43,39.1533,-4.20147,-5.92284,293.403,1,21
43,39.1877,-3.86773,-137.322,3160.91,1,21
43,39.2079,-3.65683,-248.868,263.843,1,21
43,39.3544,-1.36555,-42.0356,390.719,1,21
43,38.8142,6.64015,-57.0985,458.209,1,21
43,38.5352,8.10379,-199.627,138.405,1,21
43,38.4288,8.59433,7.14824,251.884,1,21
43,38.4288,8.59433,-133.362,155.095,1,21
43,38.2835,9.2201,-133.35,233.558,1,21
43,38.1746,9.66114,7.59905,137.819,1,21
43,37.0158,13.4337,101.359,144.354,1,21
43,36.447,14.908,-90.7483,617.988,1,21
43,34.8317,18.3681,-17.9495,496.458,1,21
43,34.5372,18.916,-73.9615,207.609,1,21
43,33.5549,20.6083,-54.4897,265.912,1,21
43,33.057,21.3979,-254.644,305.251,1,21
43,32.8283,21.7471,81.0305,93.5258,1,21
43,31.2013,24.0232,-31.9932,389.652,1,21
43,29.6773,25.8823,98.0007,255.866,1,21
43,28.7678,26.8895,-37.1991,662.057,1,21
43,28.2296,27.4541,66.1908,55.3599,1,21
43,19.9733,33.9367,-64.948,11.2491,1,21
43,18.2693,34.8836,102.474,255.222,1,21
43,17.6952,35.1783,-203.51,255.838,1,21
43,17.2782,35.385,-218.5,256.533,1,21
43,15.7098,36.1087,95.9383,1177.95,1,21
43,14.3464,36.6717,-63.8568,1400.46,1,21
43,14.1751,36.7383,-14.0944,297.846,1,21
43,12.9037,37.2039,58.1935,347.202,1,21
43,11.8024,37.5678,3.30734,459.281,1,21
43,6.43439,38.8489,-111.807,428.116,1,21
43,3.50792,39.2215,-266.01,290.153,1,21
43,1.71346,39.3408,-57.2732,921.231,1,21
43,1.63032,39.3443,-147.283,1052.38,1,21
43,1.63023,39.3443,-169.741,1046.7,1,21
43,-3.17702,39.2497,-138.945,29.2892,1,21
43,-4.20446,39.153,46.9588,418.446,1,21
43,-6.01411,38.9161,-30.2199,775.236,1,21
43,-6.00838,38.917,85.2469,400.593,1,21
43,-11.1767,37.7587,-110.293,245.229,1,21
43,-11.1801,37.7576,-132.754,245.374,1,21
43,-12.8588,37.2194,-66.1294,1135.1,1,21
43,-13.257,37.0795,-18.9875,843.584,1,21
43,-16.7665,35.6303,-70.0407,606.61,1,21
43,-18.7121,34.6481,68.9191,109.332,1,21
43,-19.435,34.2479,-41.4041,109.995,1,21
43,-20.3324,33.7228,-154.356,3882.71,1,21
43,-23.334,31.72,-91.4593,517.085,1,21
43,-23.9725,31.2402,-148.348,789.377,1,21
43,-23.9695,31.2425,-199.388,453.758,1,21
43,-26.6621,28.9788,-3.28791,301.447,1,21
43,-27.506,28.179,-168.22,956.196,1,21
43,-28.2594,27.4234,-59.7054,219.802,1,21
43,-28.5004,27.1728,-62.58,406.858,1,21
43,-29.9708,25.5418,-304.071,456.497,1,21
43,-30.5757,24.8145,-286.314,1733.82,1,21
43,-32.3596,22.4386,-119.981,685.777,1,21
43,-34.4912,18.9999,-159.503,825.617,1,21
43,-35.263,17.5259,-102.83,675.465,1,21
43,-35.0961,17.8578,-172.879,49.5378,1,21
43,-35.7437,16.5234,-145.56,1265.3,1,21
43,-36.9303,13.667,66.2779,328.92,1,21
43,-37.2833,12.6724,-98.1239,1699.7,1,21
43,-39.2827,2.73961,-142.54,24.1576,1,21
43,-39.9486,-0.111247,292.461,205.129,0,22
43,-39.9113,-1.73091,-84.8301,482.73,0,22
43,-39.8407,-2.93686,153.484,211.353,0,22
43,-39.7548,-3.9319,153.397,127.04,0,22
43,-39.6479,-4.89365,153.317,481.53,0,22
43,-39.5782,-5.42884,131.769,373.138,0,22
43,-39.5486,-5.64015,-67.3062,1275.84,0,22
43,-39.4834,-6.07981,289.668,69.5419,0,22
43,-39.0376,-8.48344,5.58916,1498.36,0,22
43,-38.8553,-9.28278,125.23,295.1,0,22
43,-37.4159,-13.9985,-101.988,1973.75,0,22
43,-37.308,-14.2835,148.431,534.751,0,22
43,-37.3074,-14.2851,170.903,543.217,0,22
43,-36.4932,-16.2528,105.618,670.941,0,22
43,-36.316,-16.6449,244.703,476.265,0,22
43,-35.4433,-18.4303,-26.274,534.908,0,22
43,-35.3172,-18.6709,-20.2069,238.819,0,22
43,-31.8285,-24.1424,267.825,240.272,0,22
43,-28.0111,-28.4831,62.4194,1009.9,0,22
43,-27.6831,-28.802,-64.3911,307.515,0,22
43,-27.6164,-28.8659,141.005,71.0412,0,22
43,-25.8793,-30.433,-38.6447,611.862,0,22
43,-25.1924,-31.004,10.8463,38.6285,0,22
43,-23.8126,-32.0759,117.027,676.718,0,22
43,-23.7235,-32.1419,-17.5685,150.19,0,22
43,-23.7863,-32.0955,120.068,4.85197,0,22
43,-22.7099,-32.8659,282.829,2100.77,0,22
43,-20.8214,-34.0936,304.914,600.145,0,22
43,-20.0684,-34.5422,84.6505,462.671,0,22
43,-17.3828,-35.9686,247.317,509.577,0,22
43,-15.909,-36.6444,162.011,442.011,0,22
43,-14.9133,-37.0608,120.366,898.533,0,22
43,-14.5479,-37.2057,41.4471,255.041,0,22
43,-8.04888,-39.1296,68.7613,6052.47,0,22
43,-7.45748,-39.2466,-51.254,465.078,0,22
43,-5.75507,-39.5321,65.1424,118.371,0,22
43,-4.5611,-39.6876,55.3314,723.778,0,22
43,-2.63567,-39.8618,290.713,151.654,0,22
43,-1.07354,-39.9344,35.7432,579.01,0,22
43,-0.23566,-39.9481,111.13,793.604,0,22
43,2.48188,-39.8716,-88.3019,229.967,0,22
43,3.90413,-39.7576,291.776,1080.16,0,22
43,4.8017,-39.6592,-90.7906,659.299,0,22
43,5.0301,-39.6309,179.767,1475.82,0,22
43,5.89129,-39.512,175.911,695.075,0,22
43,13.1924,-37.7076,101.326,1307.32,0,22
43,13.312,-37.6656,123.588,1627.61,0,22
43,13.7462,-37.5093,145.239,346.09,0,22
43,14.0909,-37.3812,287.656,411.029,0,22
43,14.2763,-37.3108,12.5789,884.126,0,22
43,15.6425,-36.7589,-84.403,2187.22,0,22
43,15.8437,-36.6726,7.45475,102.282,0,22
43,18.1663,-35.5794,-33.509,3386.02,0,22
43,18.0243,-35.6516,-60.6239,195.009,0,22
43,21.0694,-33.9409,82.0741,1119.51,0,22
43,21.3041,-33.7941,-67.1574,929.437,0,22
43,21.1466,-33.8929,-63.3808,831.903,0,22
43,22.2431,-33.1836,81.1051,475.372,0,22
43,22.118,-33.2671,138.207,322.355,0,22
43,25.1883,-31.0074,-13.4891,245.715,0,22
43,28.4772,-28.017,167.766,942.684,0,22
43,29.2761,-27.1812,148.591,602.879,0,22
43,29.5712,-26.8598,238.399,453.241,0,22
43,30.1449,-26.2144,42.476,11,0,22
43,30.7059,-25.5549,181.781,425.066,0,22
43,30.7062,-25.5546,204.256,425.078,0,22
43,30.9643,-25.2413,257.706,1655.29,0,22
43,31.3746,-24.7294,63.727,434.439,0,22
43,32.1868,-23.6626,136.579,859.732,0,22
43,32.6752,-22.9834,289.534,663.117,0,22
43,33.0993,-22.3684,9.88741,1637.59,0,22
43,33.4763,-21.8001,66.6221,1311.97,0,22
43,33.6957,-21.4594,-93.1193,235.782,0,22
43,33.6755,-21.4911,270.457,132.993,0,22
43,34.1783,-20.6822,151.446,400.121,0,22
43,35.5604,-18.2035,90.3109,1234.03,0,22
43,35.8606,-17.6046,-20.9429,538.29,0,22
43,36.3764,-16.5125,130.211,141.938,0,22
43,37.3384,-14.2039,-62.9517,979.924,0,22
43,38.0056,-12.3076,17.5928,221.952,0,22
43,38.1606,-11.8184,162.174,172.462,0,22
43,39.0372,-8.48553,119.457,690.452,0,22
43,39.1744,-7.82774,-44.4237,477.291,0,22
43,39.3164,-7.0798,283.885,100.611,0,22
43,39.9216,-1.47273,-94.8786,2642.65,0,22
43,39.9119,-1.71743,259.74,234.379,0,22
43,39.9445,-0.586699,60.1337,302.26,0,22
43,39.9427,-0.696566,66.5099,414.203,0,22
43,39.9477,0.296409,275.681,256.189,0,22
43,38.9917,8.692,-66.9988,622.446,0,22
43,38.2586,11.4973,286.517,234.712,0,22
43,38.0386,12.2053,132.284,746.929,0,22
43,37.5883,13.5287,294.769,14160.8,0,22
43,37.6739,13.2884,-70.2509,1802.28,0,22
43,37.4138,14.0041,152.067,4863.12,0,22
43,36.5581,16.1062,135.022,54.9341,0,22
43,36.2666,16.7524,-71.195,706.383,0,22
43,36.3764,16.5125,254.702,240.022,0,22
43,36.0781,17.1545,147.539,435.723,0,22
43,35.436,18.4445,282.624,1634.51,0,22
43,34.5731,20.0151,79.6824,544.093,0,22
43,33.6158,21.5843,108.824,664.165,0,22
43,31.9544,23.9754,107.998,425.392,0,22
43,31.004,25.1924,193.827,108.96,0,22
43,28.6387,27.852,1.08074,270.752,0,22
43,27.2096,29.2496,169.309,707.813,0,22
43,25.5648,30.6977,146.355,411.983,0,22
43,25.2354,30.9691,169.699,537.515,0,22
43,24.774,31.3394,-69.7719,254.827,0,22
43,24.3799,31.6469,59.4436,562.682,0,22
43,23.1051,32.5893,56.8321,386.396,0,22
43,22.7921,32.809,167.81,934.704,0,22
43,22.6429,32.9121,-85.9671,958.156,0,22
43,21.8999,33.4111,141.171,3910.07,0,22
43,18.9802,35.1519,118.535,1982.7,0,22
43,19.5594,34.833,83.7186,371.273,0,22
43,17.919,35.7046,161.222,1065.76,0,22
43,17.8721,35.7281,29.1841,1572.14,0,22
43,17.7549,35.7864,76.5734,166.834,0,22
43,16.5722,36.3493,47.1755,1043.77,0,22
43,16.5877,36.3422,161.009,152.288,0,22
43,11.9269,38.1268,114.063,1802.07,0,22
43,12.2189,38.0343,276.773,228.986,0,22
43,10.0168,38.6726,150.372,77.8493,0,22
43,10.0168,38.6726,276.524,11.1337,0,22
43,4.18326,39.7292,-50.5898,7173.79,0,22
43,0.922513,39.9381,145.383,159.195,0,22
43,0.435302,39.9464,54.4845,5960.42,0,22
43,-2.97122,39.8382,-35.8711,202.963,0,22
43,-4.03693,39.7443,174.693,902.982,0,22
43,-4.03756,39.7442,197.162,894.9,0,22
43,-4.11231,39.7366,25.8514,621.728,0,22
43,-4.28035,39.7188,177.3,1113.04,0,22
43,-6.83982,39.3589,-4.91275,861.654,0,22
43,-7.15888,39.3021,124.404,890.981,0,22
43,-11.4186,38.2821,-88.257,217.711,0,22
43,-11.6008,38.2273,5.80027,297.329,0,22
43,-15.9486,36.6272,-102.916,333.308,0,22
43,-17.3568,35.9812,292.635,524.341,0,22
43,-21.7777,33.4909,174.15,936.248,0,22
43,-21.7782,33.4905,196.618,934.092,0,22
43,-21.9921,33.3505,31.6234,861.335,0,22
43,-22.4669,33.0325,-70.9448,780.309,0,22
43,-23.6497,32.1962,-72.4466,388.692,0,22
43,-23.6071,32.2275,48.836,12.0562,0,22
43,-23.9066,32.006,91.2808,798.697,0,22
43,-27.4495,29.0247,111.238,557.885,0,22
43,-29.2144,27.2475,232.386,1013.42,0,22
43,-31.4843,24.5895,171.045,641.75,0,22
43,-31.7482,24.2478,28.3343,584.011,0,22
43,-32.7625,22.8589,202.196,354.34,0,22
43,-33.4301,21.8709,-16.1098,1203.83,0,22
43,-33.8954,21.1426,130.704,237.869,0,22
43,-34.5215,20.1041,-68.4409,2899.92,0,22
43,-34.4827,20.1706,62.4427,2100.86,0,22
43,-34.8989,19.4415,260.468,458.656,0,22
43,-36.5098,16.2155,111.237,11554.4,0,22
43,-36.5104,16.2142,133.709,11605.2,0,22
43,-35.9946,17.3291,89.171,464.026,0,22
43,-36.0873,17.1352,-13.7012,464.605,0,22
43,-36.3898,16.4831,5.83249,696.164,0,22
43,-36.5459,16.1339,58.2252,203.921,0,22
43,-37.2414,14.4564,-102.697,3062.52,0,22
43,-37.2958,14.3154,61.9922,1227.66,0,22
43,-38.8931,9.12319,163.331,1360.34,0,22
43,-39.1781,7.80895,149.293,1494.4,0,22
43,-39.4733,6.14503,154.478,437.61,0,22
43,-39.5209,5.83132,13.3213,603.896,0,22
43,-39.5525,5.61271,200.892,318.22,0,22
43,-39.7575,3.90497,-20.3002,378.888,0,22
43,-39.9485,0.146076,292.365,76.7422,0,22
43,-39.912,-1.71395,83.1577,867.112,1,22
43,-39.7862,-3.60055,-29.3956,1551.05,1,22
43,-39.7862,-3.60045,-89.0313,319.704,1,22
43,-38.6866,-9.96278,64.6658,247.318,1,22
43,-38.4998,-10.6615,-169.676,12.0364,1,22
43,-38.0355,-12.2152,44.2418,3954.06,1,22
43,-37.5541,-13.6232,-17.3897,2404.46,1,22
43,-37.4638,-13.8697,-52.52,229.239,1,22
43,-37.2096,-14.5379,-102.266,996.728,1,22
43,-36.583,-16.0497,-74.3318,912.393,1,22
43,-36.339,-16.5946,-160.626,1573.03,1,22
43,-34.2453,-20.5711,-45.869,178.172,1,22
43,-30.7748,-25.472,100.894,485.482,1,22
43,-30.2904,-26.046,69.036,12,1,22
43,-29.1364,-27.3309,-145.838,331.428,1,22
43,-29.0869,-27.3836,-137.173,289.287,1,22
43,-28.9472,-27.5312,-104.804,22.18,1,22
43,-28.6387,-27.852,-33.401,183.718,1,22
43,-28.6387,-27.852,-104.738,122.54,1,22
43,-28.0111,-28.4831,-60.708,20.1436,1,22
43,-23.72,-32.1445,99.1598,396.509,1,22
43,-23.6155,-32.2213,-211.769,2058.91,1,22
43,-23.4602,-32.3346,-263.463,526.683,1,22
43,-22.7149,-32.8624,-119.019,1315.3,1,22
43,-22.3786,-33.0924,-100.636,590.35,1,22
43,-21.971,-33.3644,-115.591,820.75,1,22
43,-21.4666,-33.6911,-122.37,715.07,1,22
43,-20.6645,-34.1889,-117.532,644.583,1,22
43,-19.0387,-35.1203,70.3911,237.021,1,22
43,-18.5636,-35.3737,-248.764,1093.96,1,22
43,-18.1469,-35.5893,-220.847,153.052,1,22
43,-17.8595,-35.7343,-72.0162,433.351,1,22
43,-13.3022,-37.6691,-136.445,810.353,1,22
43,-12.6537,-37.8918,-62.3862,194.543,1,22
43,-11.0402,-38.393,-265.312,1659.83,1,22
43,-11.0898,-38.3787,-268.468,11.7692,1,22
43,-9.16412,-38.8835,-290.549,1697.19,1,22
43,-9.0734,-38.9048,-294.381,1036.29,1,22
43,-5.92992,-39.5062,49.2216,231.995,1,22
43,-4.37046,-39.709,-84.9813,851.061,1,22
43,-3.93348,-39.7547,-116.911,821.307,1,22
43,1.89078,-39.904,-166.041,166.069,1,22
43,2.77927,-39.852,-154.893,114.72,1,22
43,4.91258,-39.6456,102.714,1198.54,1,22
43,4.91807,-39.6449,-263.361,808.035,1,22
43,5.45838,-39.5741,23.9581,429.212,1,22
43,11.5474,-38.2435,-137.834,1269.5,1,22
43,11.781,-38.1722,79.3254,359.927,1,22
43,12.3214,-38.0012,-154.12,480.848,1,22
43,12.7331,-37.8652,-57.5032,488.806,1,22
43,13.419,-37.6276,-300.47,72.7604,1,22
43,16.5125,-36.3764,71.5045,132.991,1,22
43,16.5125,-36.3764,29.919,527.483,1,22
43,20.6671,-34.1874,-153.579,7779.74,1,22
43,20.669,-34.1862,-175.833,7579.58,1,22
43,20.6383,-34.2048,-103.853,599.397,1,22
43,21.7339,-33.5193,-101.316,403.726,1,22
43,22.0929,-33.2838,-124.325,858.071,1,22
43,25.4178,-30.8195,-70.6413,364.175,1,22
43,26.0495,-30.2874,-155.983,782.482,1,22
43,26.0745,-30.2659,-11.2389,857.502,1,22
43,28.8946,-27.5864,89.0173,271.46,1,22
43,29.6126,-26.8141,-246.574,494.835,1,22
43,29.7775,-26.6309,-20.6087,864.214,1,22
43,32.3517,-23.4367,-10.6582,1574.25,1,22
43,36.3154,-16.6462,-161.398,268.849,1,22
43,36.939,-15.2123,-108.043,278.714,1,22
43,37.1426,-14.7084,-97.8649,762.35,1,22
43,37.7319,-13.1229,35.5533,721.848,1,22
43,37.7367,-13.1091,-15.0198,272.321,1,22
43,38.3163,-11.3034,-254.85,97.7862,1,22
43,38.3163,-11.3034,-272.487,237.213,1,22
43,38.4421,-10.868,-151.219,330.473,1,22
43,38.4399,-10.8759,-272.875,156.174,1,22
43,39.0864,-8.25588,-28.8541,432.131,1,22
43,39.1852,-7.77369,55.6926,276.225,1,22
43,39.5396,-5.70308,-22.7923,3479.42,1,22
43,39.5493,-5.63548,73.5823,163.806,1,22
43,39.6566,-4.82326,-162.825,1140.87,1,22
43,39.6565,-4.82383,-185.296,1128.66,1,22
43,39.6694,-4.71613,-6.58158,520.053,1,22
43,39.6655,-4.74945,-172.398,644.217,1,22
43,39.7221,-4.24992,44.1434,274.372,1,22
43,39.7477,-4.00293,-138.17,5736.45,1,22
43,39.7486,-3.99422,-5.16097,189.375,1,22
43,39.8003,-3.44116,-247.355,553.388,1,22
43,39.9324,-1.14478,-41.5638,247.64,1,22
43,39.7095,4.36597,-135.798,6706.33,1,22
43,39.4335,6.39582,-56.8361,150.957,1,22
43,39.4704,6.16398,-199.356,45.2773,1,22
43,39.2933,7.20698,-199.394,716.641,1,22
43,38.9944,8.68014,8.14358,734.047,1,22
43,38.7886,9.55776,-74.9905,841.075,1,22
43,38.7403,9.75174,8.33823,345.42,1,22
43,36.9251,15.2462,-89.4226,406.85,1,22
43,35.3939,18.525,-17.2942,867.891,1,22
43,35.2941,18.7145,-71.9113,1071.4,1,22
43,34.1171,20.7829,-53.244,2160.78,1,22
43,33.606,21.5996,-253.515,687.655,1,22
43,33.367,21.9671,81.4266,167.017,1,22
43,32.9668,22.5631,-127.833,2228.51,1,22
43,31.549,24.5064,-30.7187,1172.1,1,22
43,29.0908,27.3794,-36.6185,221.626,1,22
43,28.6215,27.8696,66.5841,164.534,1,22
43,24.8729,31.2609,73.3636,2182.04,1,22
43,22.1593,33.2396,-30.4372,517.504,1,22
43,20.0176,34.5717,-61.9753,273.828,1,22
43,18.4141,35.4518,103.411,519.677,1,22
43,18.1554,35.5849,-202.978,114.084,1,22
43,17.944,35.692,-216.714,454.147,1,22
43,16.142,36.5423,97.0061,1424.38,1,22
43,14.5613,37.2005,-12.9993,1207.36,1,22
43,12.8808,37.8152,59.3516,964.81,1,22
43,11.397,38.2886,3.66785,731.718,1,22
43,10.8668,38.4424,4.05947,281.883,1,22
43,6.71099,39.3811,-111.775,461.382,1,22
43,3.65756,39.781,-268.834,4800.33,1,22
43,3.31864,39.8107,4.49563,1413.03,1,22
43,3.20177,39.8203,-195.562,954.676,1,22
43,2.19855,39.8883,-56.8618,598.641,1,22
43,1.71433,39.912,-146.26,629.353,1,22
43,1.71394,39.912,-168.729,630.484,1,22
43,-3.2415,39.8171,-126.023,254.084,1,22
43,-4.5913,39.6841,47.586,151.331,1,22
43,-5.88847,39.5124,86.5815,644.271,1,22
43,-6.14594,39.4732,-29.9469,392.089,1,22
43,-11.1649,38.3569,-108.581,125.6,1,22
43,-11.1522,38.3606,-131.148,154.268,1,22
43,-11.8783,38.142,95.6737,189.781,1,22
43,-13.5686,37.5739,-18.5887,148.088,1,22
43,-16.562,36.3539,-70.2117,912.904,1,22
43,-18.4858,35.4144,68.7661,959.617,1,22
43,-19.8441,34.6716,-40.6978,219.021,1,22
43,-20.4647,34.3089,-157.593,7278.8,1,22
43,-21.1971,33.8613,-106.879,207.969,1,22
43,-24.4037,31.6286,-199.298,746.039,1,22
43,-26.9295,29.5078,-2.69537,248.442,1,22
43,-27.9445,28.5484,-167.29,130.973,1,22
43,-28.4831,28.0111,-58.588,13.0364,1,22
43,-28.9906,27.4855,-62.5931,314.698,1,22
43,-30.2431,26.101,85.225,895.532,1,22
43,-30.6849,25.5801,-303.72,98.375,1,22
43,-31.1334,25.0323,-285.999,357.63,1,22
43,-31.6964,24.3155,48.2337,402.584,1,22
43,-33.2189,22.1904,-118.8,692.675,1,22
43,-33.3356,22.0147,-153.424,1260.59,1,22
43,-34.5305,20.0886,-159.688,2076.87,1,22
43,-34.2653,20.5377,-124.66,798.108,1,22
43,-34.6391,19.9007,-112.722,1098.75,1,22
43,-35.6047,18.1166,-101.315,81.8527,1,22
43,-36.3199,16.6365,-144.96,387.894,1,22
43,-36.6237,15.9564,42.6702,1093.33,1,22
43,-37.5319,13.6845,66.327,426.335,1,22
43,-41.6662,-0.128768,292.285,806.629,0,23
43,-41.6081,-2.20417,-86.56,403.342,0,23
43,-41.235,-5.98033,131.441,494.317,0,23
43,-41.2278,-6.02943,289.668,30.3256,0,23
43,-41.1507,-6.53491,-58.7342,1422,0,23
43,-41.0886,-6.91495,153.061,252.086,0,23
43,-40.9111,-7.89754,152.942,421.689,0,23
43,-40.8249,-8.33141,2.98727,431.937,0,23
43,-40.7219,-8.82142,152.915,124.339,0,23
43,-40.5257,-9.68283,124.758,176.595,0,23
43,-40.515,-9.72755,152.752,365.805,0,23
43,-39.8809,-12.0666,-83.3742,771.423,0,23
43,-39.4506,-13.4068,92.4558,956.782,0,23
43,-39.4615,-13.3744,149.228,1230.74,0,23
43,-39.4613,-13.3753,171.7,1234.86,0,23
43,-39.182,-14.1725,-104.89,443.306,0,23
43,-39.1754,-14.1908,148.911,460.578,0,23
43,-39.1762,-14.1887,171.377,456.632,0,23
43,-38.0891,-16.8911,185.788,52.3277,0,23
43,-37.8357,-17.4514,103.218,954.364,0,23
43,-37.8592,-17.4002,185.602,132.45,0,23
43,-37.6054,-17.9423,185.445,155.076,0,23
43,-37.4818,-18.199,-79.636,27.3496,0,23
43,-37.3241,-18.5203,-80.0895,231.169,0,23
43,-37.3317,-18.505,185.198,114.785,0,23
43,-36.8124,-19.5176,-26.8477,134.254,0,23
43,-36.7768,-19.5845,-20.3,256.158,0,23
43,-33.4475,-24.8467,265.248,1126.95,0,23
43,-32.7422,-25.7689,44.9141,324.436,0,23
43,-32.614,-25.931,-11.4137,1281.94,0,23
43,-29.9719,-28.9443,58.3962,1676.93,0,23
43,-29.6428,-29.2813,59.373,636.993,0,23
43,-29.2813,-29.6428,-64.372,24.2002,0,23
43,-29.0378,-29.8814,-64.4307,195.969,0,23
43,-28.9535,-29.963,140.597,330.178,0,23
43,-26.5985,-32.072,-38.2462,159.608,0,23
43,-26.1949,-32.4024,-37.8425,444.175,0,23
43,-26.1021,-32.4772,8.8302,76.6248,0,23
43,-25.8218,-32.7005,8.29141,332.169,0,23
43,-24.9897,-33.3407,115.607,491.037,0,23
43,-23.8102,-34.193,281.588,915.269,0,23
43,-21.3161,-35.801,81.5508,581.879,0,23
43,-21.2011,-35.8692,303.236,32.1456,0,23
43,-18.4155,-37.3759,245.038,1687.89,0,23
43,-16.4788,-38.2693,159.972,752.165,0,23
43,-15.3786,-38.7245,40.4362,291.24,0,23
43,-14.1368,-39.1949,-73.3825,2270.46,0,23
43,-13.7366,-39.337,41.6522,80.3023,0,23
43,-11.3591,-40.0881,51.804,32.1111,0,23
43,-10.5369,-40.3121,290.94,32.3188,0,23
43,-10.1854,-40.4023,290.879,178.16,0,23
43,-8.81241,-40.7238,65.3081,4741.64,0,23
43,-8.06552,-40.8783,-54.7654,878.71,0,23
43,-4.96313,-41.3698,52.3517,802.713,0,23
43,-3.02323,-41.5566,290.275,424.934,0,23
43,-0.960575,-41.6553,107.877,1221.7,0,23
43,-0.740921,-41.6598,33.4086,568.249,0,23
43,3.93365,-41.4803,290.426,852.364,0,23
43,5.45346,-41.308,178.85,607.101,0,23
43,7.67085,-40.9542,173.754,2144.51,0,23
43,12.8098,-39.6484,97.091,601.052,0,23
43,12.8105,-39.6482,119.567,605.178,0,23
43,13.8969,-39.2806,120.242,1013.84,0,23
43,13.899,-39.2799,142.719,1010.77,0,23
43,14.5972,-39.0258,286.732,92.3111,0,23
43,15.0977,-38.8349,9.12526,361.924,0,23
43,16.3379,-38.3297,7.17617,278.249,0,23
43,19.7858,-36.669,-35.075,843.331,0,23
43,20.3145,-36.3787,-35.54,26.363,0,23
43,20.6593,-36.184,-36.4451,273.862,0,23
43,21.6322,-35.6109,-67.0887,1774.95,0,23
43,23.0819,-34.6888,81.6684,2830.92,0,23
43,22.9594,-34.77,137.671,688.441,0,23
43,26.1436,-32.4438,-14.9512,735.028,0,23
43,29.0023,-29.9158,168.135,4713.62,0,23
43,30.8656,-27.9893,148.186,277.909,0,23
43,31.0223,-27.8155,235.258,1546.88,0,23
43,31.3265,-27.4725,19.7648,101.106,0,23
43,32.1099,-26.5527,181.509,608.802,0,23
43,32.1091,-26.5537,203.984,607.69,0,23
43,32.4735,-26.1067,255.54,1461.6,0,23
43,32.6258,-25.9162,62.5001,463.446,0,23
43,33.7645,-24.414,132.705,1524.28,0,23
43,34.2972,-23.66,289.33,158.389,0,23
43,34.7233,-23.0299,7.31332,1129.2,0,23
43,34.99,-22.6228,268.606,320.9,0,23
43,35.0358,-22.5518,-94.3031,184.907,0,23
43,35.5723,-21.6956,149.824,427.682,0,23
43,37.2557,-18.6575,99.6567,156.722,0,23
43,38.7495,-15.3154,-64.9033,1647.14,0,23
43,39.4407,-13.4358,16.5771,375.902,0,23
43,39.7833,-12.3845,161.123,692.552,0,23
43,39.9861,-11.7133,176.484,537.609,0,23
43,40.6098,-9.32383,118.117,896.788,0,23
43,40.9404,-7.74424,-45.5228,325.703,0,23
43,41.0675,-7.03937,283.092,102.255,0,23
43,41.6105,-2.15741,-97.4903,3256.41,0,23
43,41.6233,-1.89444,60.0614,824.676,0,23
43,41.6307,-1.72384,259.843,155.033,0,23
43,41.6468,-1.2781,60.0484,57.6855,0,23
43,41.654,-1.01749,65.8644,313.444,0,23
43,41.6643,0.418767,274.649,614.281,0,23
43,40.4312,10.0702,-67.0008,109.969,0,23
43,39.8352,12.2165,291.68,14768.7,0,23
43,39.8148,12.2828,285.997,315.149,0,23
43,39.6587,12.778,131.352,575.786,0,23
43,38.84,15.0847,-70.1468,470.555,0,23
43,38.1396,16.7767,252.881,362.363,0,23
43,38.0125,17.0628,-71.7881,324.066,0,23
43,38.0022,17.0858,134.773,115.965,0,23
43,37.5957,17.9626,150.531,1128.43,0,23
43,37.6686,17.8092,147.424,961.319,0,23
43,37.3818,18.4035,47.4715,557.515,0,23
43,37.064,19.0355,149.942,164.776,0,23
43,37.0537,19.0554,281.948,144.959,0,23
43,36.4736,20.1436,149.546,1240.26,0,23
43,36.1619,20.698,77.2877,924.484,0,23
43,35.3616,22.0374,148.606,2674.58,0,23
43,34.9226,22.7266,108.52,996.519,0,23
43,31.9963,26.6895,163.529,2134.41,0,23
43,32.0091,26.674,193.197,237.654,0,23
43,30.4087,28.4851,163.675,1303.89,0,23
43,30.585,28.2957,21.1384,95.5987,0,23
43,30.0688,28.8437,266.463,1462.92,0,23
43,30.0605,28.8523,144.847,252.318,0,23
43,29.6428,29.2813,265.772,83.5461,0,23
43,29.2812,29.6428,-72.245,142.578,0,23
43,29.2812,29.6428,144.547,101.492,0,23
43,29.2812,29.6428,163.74,40.296,0,23
43,29.0378,29.8814,-72.1322,79.5055,0,23
43,27.5192,31.2855,143.724,8359.07,0,23
43,28.0534,30.8074,163.933,4936.87,0,23
43,28.6414,30.2615,167.836,1781.23,0,23
43,26.0334,32.5323,167.886,813.116,0,23
43,25.9943,32.5635,-69.9707,392.285,0,23
43,24.9991,33.3337,119.814,374.719,0,23
43,24.2684,33.8693,119.644,53.2913,0,23
43,23.7188,34.2565,56.6024,301.426,0,23
43,23.5783,34.3533,120.492,145.893,0,23
43,23.4183,34.4626,119.395,285.765,0,23
43,23.4394,34.4483,-86.6408,157.767,0,23
43,23.4408,34.4473,161.72,99.7079,0,23
43,22.7656,34.8972,161.705,250.726,0,23
43,22.6177,34.9933,167.729,1191.28,0,23
43,22.7431,34.9119,119.22,120.51,0,23
43,21.8571,35.4733,161.62,163.997,0,23
43,20.9883,35.9942,161.432,144.165,0,23
43,19.4296,36.8589,76.9553,486.54,0,23
43,18.8701,37.1484,27.768,183.856,0,23
43,17.1707,37.9639,44.567,299.198,0,23
43,14.9717,38.8836,-17.9337,927.463,0,23
43,13.6351,39.3723,-8.18271,56.6552,0,23
43,13.3514,39.4693,112.275,1176.09,0,23
43,13.2533,39.5024,-8.30762,311.96,0,23
43,13.1628,39.5326,275.844,683.202,0,23
43,11.9977,39.9017,291.389,448.983,0,23
43,10.1458,40.4123,150.089,106.76,0,23
43,5.21758,41.3384,-52.0806,10618.9,0,23
43,5.18497,41.3425,-40.4336,2299,0,23
43,4.84657,41.3836,-46.2257,386,0,23
43,0.669898,41.661,53.4353,2815.6,0,23
43,0.658594,41.6612,145.173,110.797,0,23
43,-3.47686,41.5211,-36.9865,386.891,0,23
43,-4.27844,41.4462,175.556,1445.39,0,23
43,-3.99545,41.4744,196.705,178.277,0,23
43,-6.83621,41.1018,122.9,981.485,0,23
43,-7.40659,41.0028,-8.07019,266.256,0,23
43,-12.0136,39.8969,-89.388,22.1253,0,23
43,-12.3868,39.7826,4.56273,1296.54,0,23
43,-15.9854,38.478,-102.211,466.368,0,23
43,-17.6181,37.7583,291.589,688.056,0,23
43,-18.1633,37.4991,225.618,475.715,0,23
43,-22.9212,34.7952,29.6141,777.388,0,23
43,-23.1364,34.6525,-73.2322,520.4,0,23
43,-23.5594,34.3663,173.646,297.243,0,23
43,-23.5584,34.367,196.11,295.419,0,23
43,-23.6556,34.3002,-72.428,85.6145,0,23
43,-24.2159,33.9069,173.322,311.609,0,23
43,-24.2145,33.9079,195.793,310.585,0,23
43,-24.4478,33.7401,-51.8835,1394.86,0,23
43,-25.2042,33.1789,88.9905,988.252,0,23
43,-25.1616,33.2112,47.7165,113.01,0,23
43,-25.4559,32.9862,46.991,145.09,0,23
43,-28.3498,30.5349,109.969,784.542,0,23
43,-30.7041,28.1664,229.751,1597.65,0,23
43,-32.8855,25.5858,26.4814,972.086,0,23
43,-33.0021,25.4352,169.207,883.998,0,23
43,-33.918,24.2004,201.083,174.106,0,23
43,-34.7857,22.9356,-18.156,31.3641,0,23
43,-34.9722,22.6502,130.416,55.7723,0,23
43,-35.8508,21.2323,-71.4251,771.874,0,23
43,-36.0525,20.8879,60.6006,6872.07,0,23
43,-36.2525,20.5389,259.079,447.224,0,23
43,-37.3748,18.4178,86.3005,597.709,0,23
43,-37.4596,18.2446,-14.7344,283.151,0,23
43,-37.9875,17.1183,57.9339,136.484,0,23
43,-38.157,16.7371,5.10455,386.907,0,23
43,-38.905,14.916,59.6253,52.3987,0,23
43,-40.9149,7.8778,149.081,127.466,0,23
43,-41.2481,5.88903,153.445,441.191,0,23
43,-41.2779,5.67666,11.0398,336.172,0,23
43,-41.3668,4.98802,199.75,792.674,0,23
43,-41.49,3.82948,-20.3214,246.256,0,23
43,-41.6663,0.0852101,292.202,156.89,0,23
43,-41.52,-3.48997,-88.8604,83.0475,1,23
43,-41.4218,-4.50787,-203.755,149.383,1,23
43,-40.5191,-9.71027,-11.524,41.3662,1,23
43,-40.3969,-10.2068,64.6468,194.984,1,23
43,-40.3121,-10.5369,-167.556,33.1214,1,23
43,-39.6242,-12.8845,43.417,3456.11,1,23
43,-39.4467,-13.4183,-98.2356,899.117,1,23
43,-39.2088,-14.0982,-99.6065,163.207,1,23
43,-39.08,-14.4513,-16.3411,464.613,1,23
43,-39.1439,-14.2775,-52.0343,153.377,1,23
43,-38.1951,-16.6499,-73.525,1474.33,1,23
43,-36.573,-19.9625,-161.388,984.783,1,23
43,-36.1162,-20.7777,-237.106,885.47,1,23
43,-35.882,-21.1795,-161.724,224.505,1,23
43,-33.3585,-24.9659,101.515,2860.98,1,23
43,-31.7756,-26.9518,72.7123,1632.75,1,23
43,-30.9389,-27.9083,-32.147,1322.83,1,23
43,-30.5385,-28.3458,-136.35,1574.24,1,23
43,-30.2616,-28.6414,-104.32,481.359,1,23
43,-30.2013,-28.7049,-143.904,573.082,1,23
43,-28.2565,-30.6212,-61.9096,132.491,1,23
43,-28.101,-30.7639,-62.828,80.4424,1,23
43,-27.441,-31.3541,-63.3122,1558.23,1,23
43,-27.0914,-31.6567,68.135,1113.89,1,23
43,-25.7016,-32.7951,101.076,172.96,1,23
43,-25.2927,-33.1115,100.619,110.897,1,23
43,-24.7975,-33.4839,-210.668,251.869,1,23
43,-24.1626,-33.9449,-261.035,3081.35,1,23
43,-24.0615,-34.0167,-124.279,423,1,23
43,-24.0615,-34.0167,-128.548,21,1,23
43,-23.6015,-34.3374,-97.8567,735.704,1,23
43,-23.6628,-34.2952,-136.048,1252.28,1,23
43,-22.5686,-35.025,-115.095,556.625,1,23
43,-22.2579,-35.2232,-120.668,739.56,1,23
43,-19.7165,-36.7062,70.617,560.517,1,23
43,-19.1133,-37.0239,-247.245,610.066,1,23
43,-17.7507,-37.6962,-221.459,250.99,1,23
43,-13.796,-39.3161,-134.657,61.0149,1,23
43,-13.3443,-39.4718,-62.2314,108.161,1,23
43,-11.3591,-40.0881,-263.419,381.388,1,23
43,-11.3591,-40.0881,-288.27,77.492,1,23
43,-10.5369,-40.3121,-289.244,21.0364,1,23
43,-10.2067,-40.3969,-289.244,45.2752,1,23
43,-9.22115,-40.6332,-293.543,398.327,1,23
43,-7.56064,-40.9747,-183.448,1200.5,1,23
43,-7.55164,-40.9764,-205.923,1174.42,1,23
43,-6.62977,-41.1356,50.502,450.412,1,23
43,-4.48882,-41.4239,-116.87,1508.16,1,23
43,-4.38267,-41.4353,-82.4057,650.02,1,23
43,1.64955,-41.6337,-165.613,121.945,1,23
43,5.4715,-41.3056,-260.739,232.949,1,23
43,5.78914,-41.2623,24.1281,410.874,1,23
43,5.96532,-41.2372,103.849,457.224,1,23
43,6.50822,-41.155,104.531,99.9377,1,23
43,6.82938,-41.1029,16.0235,1352.23,1,23
43,7.03069,-41.0689,105.229,998.718,1,23
43,8.36533,-40.818,-117.185,885.756,1,23
43,8.77503,-40.7319,-256.012,146.001,1,23
43,10.2019,-40.3982,-137.064,713.247,1,23
43,10.5369,-40.3121,-137.653,49.5454,1,23
43,11.9749,-39.9085,79.7606,153.094,1,23
43,12.4037,-39.7773,-153.723,162.25,1,23
43,13.2241,-39.5122,-136.543,681.514,1,23
43,13.537,-39.4061,-56.5187,219.391,1,23
43,13.9567,-39.2594,-56.0702,122.021,1,23
43,14.2003,-39.1719,-300.125,219.701,1,23
43,15.4381,-38.7008,-20.1071,90.1463,1,23
43,15.8113,-38.5498,74.4979,400.551,1,23
43,16.3379,-38.3297,73.4613,110.171,1,23
43,20.2438,-36.4181,-147.922,11606.8,1,23
43,20.2359,-36.4225,-170.105,11064.8,1,23
43,20.4631,-36.2953,-177.866,540,1,23
43,21.6813,-35.581,-122.609,1210.37,1,23
43,21.4252,-35.7358,-102.71,373.855,1,23
43,22.3634,-35.1563,-123.46,24.1717,1,23
43,22.9266,-34.7917,-5.26708,1555.91,1,23
43,22.9194,-34.7964,-99.4391,1662.05,1,23
43,25.7341,-32.7696,-70.1112,208.732,1,23
43,27.247,-31.5229,-9.97627,114.102,1,23
43,27.2758,-31.498,-155.577,910.682,1,23
43,29.9453,-28.9719,90.3318,280.619,1,23
43,30.6356,-28.2409,-244.437,635.248,1,23
43,31.2305,-27.5816,-19.2629,472.954,1,23
43,33.6639,-24.5526,-9.57842,127.88,1,23
43,35.1359,-22.3955,-93.5232,3737.72,1,23
43,36.519,-20.0611,94.8864,466.142,1,23
43,36.8771,-19.3951,-282.764,74.5034,1,23
43,36.7866,-19.5662,-283.871,81.7635,1,23
43,37.0705,-19.0228,-132.317,1745.31,1,23
43,37.2902,-18.5885,-115.678,410.463,1,23
43,37.7682,-17.597,-159.828,1790.5,1,23
43,38.4135,-16.1397,-106.647,810.201,1,23
43,38.6286,-15.6178,-96.2459,491.186,1,23
43,39.4312,-13.4636,-12.6141,3757.95,1,23
43,39.4451,-13.4229,38.3601,431.729,1,23
43,39.7036,-12.6379,-75.7556,590.181,1,23
43,39.9044,-11.9886,-76.1977,218.813,1,23
43,39.8826,-12.061,-253.571,713.575,1,23
43,39.9616,-11.7966,-271.352,396.996,1,23
43,40.0221,-11.5896,-150.137,321.35,1,23
43,40.8335,-8.28917,-26.9268,723.187,1,23
43,41.076,-6.98937,-21.7129,4058.39,1,23
43,41.0485,-7.14896,56.4152,943.979,1,23
43,41.4256,-4.47339,-140.173,9272.97,1,23
43,41.4636,-4.10635,45.3677,899.893,1,23
43,41.4559,-4.18336,-161.857,474.472,1,23
43,41.4557,-4.18546,-184.326,468.513,1,23
43,41.4877,-3.85476,-4.37909,556.72,1,23
43,41.5439,-3.19233,-245,1273.98,1,23
43,41.6587,-0.798672,-40.5547,522.975,1,23
43,41.6654,-0.290969,-141.664,985.416,1,23
43,41.665,0.338401,-269.555,1042.4,1,23
43,41.657,0.88687,-56.254,702.739,1,23
43,41.6094,2.17795,-199.693,294.852,1,23
43,41.5276,3.39793,-198.37,454.364,1,23
43,41.4784,3.9541,-136.155,2965.29,1,23
43,41.397,4.73075,-131.716,365.788,1,23
43,41.3425,5.18499,-132.102,97.2599,1,23
43,40.8096,8.40627,-76.7653,1024.07,1,23
43,40.786,8.51993,10.0678,633.69,1,23
43,40.5972,9.37845,-76.1982,51.4026,1,23
43,40.4993,9.79262,8.87527,273.399,1,23
43,39.9904,11.6986,98.6052,557.764,1,23
43,39.9525,11.8273,-80.6819,3574.21,1,23
43,39.9457,11.8503,-86.4621,189,1,23
43,39.5307,13.1688,-84.8781,933.753,1,23
43,39.5555,13.0939,-30.6961,382.032,1,23
43,39.4764,13.3306,103.433,521.842,1,23
43,38.3473,16.2965,-86.6249,471.551,1,23
43,37.1008,18.9637,-15.4039,645.386,1,23
43,35.7168,21.4569,-50.8734,766.12,1,23
43,35.1763,22.3319,-251.052,750.838,1,23
43,34.9858,22.6292,82.3783,1223.62,1,23
43,34.4058,23.5017,-125.315,524.938,1,23
43,32.5921,25.9586,-28.347,531.962,1,23
43,31.4373,27.3457,98.2211,565.941,1,23
43,29.8814,29.0378,67.3864,97.9921,1,23
43,24.6853,33.5667,73.4653,161.414,1,23
43,22.9614,34.7687,73.3495,7358.12,1,23
43,23.5186,34.3943,-30.4012,1246.21,1,23
43,19.7191,36.7048,-213.068,2294.68,1,23
43,19.1229,37.019,105.043,372.996,1,23
43,19.1843,36.9872,-202.293,506.847,1,23
43,16.9864,38.0467,98.4119,3830.73,1,23
43,15.3307,38.7435,-11.4037,289.13,1,23
43,13.1639,39.5323,62.5192,266.771,1,23
43,9.95302,40.4602,4.75302,481.866,1,23
43,7.34023,41.0148,-111.768,393.491,1,23
43,5.04526,41.3598,73.9793,4516.02,1,23
43,4.2603,41.448,-265.312,1867.94,1,23
43,4.15448,41.4588,7.62592,898.946,1,23
43,3.15014,41.5471,-194.473,93.2981,1,23
43,2.45152,41.5942,-55.7736,507.979,1,23
43,2.81013,41.5715,-194.039,78.1052,1,23
43,2.19234,41.6087,-144.758,302.578,1,23
43,2.19199,41.6087,-167.229,301.624,1,23
43,-1.14548,41.6507,-0.981477,988.677,1,23
43,-1.57334,41.6367,-186.403,435.239,1,23
43,-1.48907,41.6398,-221.29,367.69,1,23
43,-2.91965,41.564,-137.401,682.051,1,23
43,-5.3806,41.3175,89.8872,370.526,1,23
43,-5.30555,41.3272,48.7608,235.947,1,23
43,-6.60642,41.1393,-29.638,180.15,1,23
43,-7.08367,41.0598,-75.3512,347.102,1,23
43,-8.73753,40.74,-223.845,176.557,1,23
43,-11.0308,40.1797,-106.7,61.0894,1,23
43,-11.0308,40.1797,-129.172,63.2128,1,23
43,-12.6817,39.6896,96.5902,229.237,1,23
43,-14.3372,39.122,-18.2839,1060.17,1,23
43,-16.0584,38.4476,-70.4212,866.941,1,23
43,-17.8917,37.6295,68.5673,271.37,1,23
43,-18.5588,37.305,68.6204,297.566,1,23
43,-20.9463,36.0186,-38.9243,390.274,1,23
43,-21.0609,35.9517,-156.903,3807.52,1,23
43,-22.3386,35.1721,-106.215,273.011,1,23
43,-25.7325,32.7708,-147.311,221.874,1,23
43,-25.6978,32.7981,-199.093,244.47,1,23
43,-27.9183,30.9299,-1.348,31.2731,1,23
43,-29.0378,29.8814,-55.62,21.0032,1,23
43,-30.3337,28.5649,-62.5872,658.023,1,23
43,-32.2315,26.4049,-303.066,473.502,1,23
43,-32.5432,26.0197,84.8181,1905.95,1,23
43,-32.8608,25.6175,-285.438,481.91,1,23
43,-33.3245,25.0113,49.3085,233.336,1,23
43,-35.423,21.9386,-159.893,1855.88,1,23
43,-35.3621,22.0365,-116.454,1997.25,1,23
43,-35.9557,21.0542,-111.588,21.0749,1,23
43,-37.2311,18.7066,-171.741,228.299,1,23
43,-37.923,17.2609,-144.374,349.021,1,23
43,-38.3343,16.327,44.6325,896.624,1,23
43,-39.202,14.1172,66.3471,164.439,1,23
43,-39.4969,13.2697,-95.2296,368.523,1,23
43,-41.0943,6.88082,-142.887,159.959,1,23
43,-41.4621,4.12112,-135.993,535.675,1,23
43,-41.4621,4.12075,-158.443,510.566,1,23
43,-41.5115,3.58939,-24.5899,688.402,1,23
43,-41.6651,0.324888,-188.367,1820.64,1,23
43,-42.6864,-0.198151,292.063,419.343,0,24
43,-42.6218,-2.35613,-87.8966,114.139,0,24
43,-42.2325,-6.21164,131.143,416.889,0,24
43,-42.2353,-6.19307,289.15,339.109,0,24
43,-42.0737,-7.20939,-71.246,2302.32,0,24
43,-41.9059,-8.12815,1.38138,833.738,0,24
43,-41.5141,-9.93748,124.475,812.537,0,24
43,-40.928,-12.1274,-83.8568,384.608,0,24
43,-40.5914,-13.2102,149.617,1193.66,0,24
43,-40.5917,-13.2091,172.088,1199.68,0,24
43,-40.6466,-13.0394,152.478,150.865,0,24
43,-40.0563,-14.7534,91.3875,563.524,0,24
43,-39.1285,-17.0626,240.706,225.973,0,24
43,-38.5891,-18.2497,101.278,236.118,0,24
43,-38.0829,-19.2838,-80.3656,240.928,0,24
43,-37.5054,-20.3841,184.843,2385.73,0,24
43,-37.5869,-20.2335,-26.9599,254.95,0,24
43,-37.5816,-20.2435,-20.3586,396.631,0,24
43,-34.6227,-24.9688,262.825,1013.48,0,24
43,-33.8683,-25.9828,44.596,84.4208,0,24
43,-33.3511,-26.6434,-11.7791,458.345,0,24
43,-30.9879,-29.3585,57.1476,3774.93,0,24
43,-30.976,-29.3711,60.284,21.2031,0,24
43,-26.4353,-33.5164,-37.5205,174.699,0,24
43,-26.2351,-33.6733,7.26935,511.393,0,24
43,-24.8208,-34.729,-17.7511,175.732,0,24
43,-24.5301,-34.9349,280.588,557.022,0,24
43,-22.1152,-36.5115,79.43,597.467,0,24
43,-21.6972,-36.7614,302.228,143.274,0,24
43,-19.0505,-38.2001,243.99,1023.54,0,24
43,-15.8333,-39.6419,39.8996,461.87,0,24
43,-14.6157,-40.1068,-73.6505,1989.66,0,24
43,-14.308,-40.2176,40.161,229.643,0,24
43,-13.2233,-40.5871,172.743,2322.64,0,24
43,-10.795,-41.2994,51.9548,69.9565,0,24
43,-8.4134,-41.8496,-57.1855,355.856,0,24
43,-3.40138,-42.5512,290.092,54.7627,0,24
43,9.09703,-41.7063,171.793,100.882,0,24
43,12.4458,-40.8322,94.25,5001.52,0,24
43,12.4457,-40.8323,116.722,4999.85,0,24
43,12.3078,-40.8741,103.882,709,0,24
43,12.3078,-40.8741,110.533,43,0,24
43,12.3078,-40.8741,121.764,21,0,24
43,13.8366,-40.3822,118.599,449.174,0,24
43,13.8402,-40.381,141.033,428.924,0,24
43,15.7287,-39.6835,6.25385,328.568,0,24
43,16.4162,-39.4041,6.81859,196.894,0,24
43,18.9582,-38.246,42.8525,356.253,0,24
43,21.5202,-36.8653,-37.2516,415.264,0,24
43,21.9331,-36.6212,-69.0255,392.393,0,24
43,22.1025,-36.5192,-37.8166,310.344,0,24
43,23.3247,-35.7509,136.909,346.048,0,24
43,23.7632,-35.461,81.6826,3421.7,0,24
43,23.7881,-35.4443,86.755,95,0,24
43,26.5907,-33.3932,-16.5662,887.549,0,24
43,29.4122,-30.9369,167.764,5831.46,0,24
43,31.7958,-28.4816,147.915,395.343,0,24
43,31.8766,-28.3911,233.055,649.861,0,24
43,31.9719,-28.2838,19.58,99.6049,0,24
43,32.9848,-27.0956,181.291,178.645,0,24
43,32.986,-27.0941,203.758,178.66,0,24
43,33.2726,-26.7414,253.204,30.2185,0,24
43,33.2726,-26.7414,254.283,59.3934,0,24
43,33.4903,-26.4683,61.7174,84.1565,0,24
43,33.4903,-26.4683,253.642,197.47,0,24
43,34.6072,-24.9902,304.124,3250.76,0,24
43,35.4801,-23.7347,288.993,986.06,0,24
43,35.6864,-23.4234,267.56,450.934,0,24
43,35.8564,-23.1622,-94.7958,93.4877,0,24
43,35.8975,-23.0985,4.10814,590.632,0,24
43,36.327,-22.417,148.308,358.7,0,24
43,39.5552,-16.0485,-66.6234,657.388,0,24
43,40.3577,-13.9077,15.8538,108.296,0,24
43,41.0405,-11.7408,176.276,209.691,0,24
43,41.5247,-9.89287,117.32,227.253,0,24
43,42.0069,-7.58868,-46.2462,189.769,0,24
43,42.0733,-7.21178,-46.564,25.0021,0,24
43,42.5815,-2.99751,-100.265,818.516,0,24
43,42.6079,-2.59513,59.9489,162.272,0,24
43,42.6618,-1.46448,260.095,1060.2,0,24
43,42.6668,-1.3094,64.948,32.1841,0,24
43,42.6841,0.490768,273.871,100.865,0,24
43,41.435,10.2623,288.887,1488.24,0,24
43,41.2994,10.795,-67.1196,64.5986,0,24
43,41.128,11.4307,-67.1831,104.85,0,24
43,41.1289,11.4273,290.161,1310.75,0,24
43,40.6938,12.8913,285.598,627.179,0,24
43,40.5805,13.2436,130.484,237.249,0,24
43,39.3489,16.5479,-70.1176,516.92,0,24
43,39.1421,17.0313,-72.1804,660.322,0,24
43,38.8326,17.7258,134.687,398.291,0,24
43,38.6621,18.0947,147.302,749.724,0,24
43,38.0896,19.2705,46.716,36.2002,0,24
43,38.0222,19.4032,281.609,156.607,0,24
43,37.1057,21.1031,75.5393,798.344,0,24
43,33.7707,26.1096,146.845,6651.95,0,24
43,35.3099,23.9872,163.155,447.846,0,24
43,34.986,24.4571,106.326,451.199,0,24
43,34.4572,25.1967,163.316,1421.23,0,24
43,32.6584,27.4882,192.943,592.588,0,24
43,30.6132,29.749,-0.98694,86.9039,0,24
43,29.954,30.4126,264.935,214.361,0,24
43,29.6672,30.6925,-72.746,1026.97,0,24
43,29.7781,30.5849,165.898,413.148,0,24
43,27.9523,32.2621,143.55,1584.85,0,24
43,27.7998,32.3935,120.371,304.95,0,24
43,27.1924,32.9051,58.7355,450.212,0,24
43,27.0943,32.9859,120.23,299.034,0,24
43,25.9693,33.8787,164.153,1887.5,0,24
43,26.6637,33.3349,-70.1127,157.891,0,24
43,26.4409,33.5119,162.125,183.504,0,24
43,26.5272,33.4436,166.235,567.278,0,24
43,25.6632,34.1111,161.969,369.203,0,24
43,24.9573,34.631,162.044,75.6575,0,24
43,24.6508,34.8498,120.068,27.0343,0,24
43,23.8244,35.4199,-87.5523,546.854,0,24
43,23.9329,35.3467,56.2947,68.544,0,24
43,22.3757,36.3525,167.705,385.882,0,24
43,21.3041,36.9906,79.6941,543.143,0,24
43,20.3531,37.5223,77.0888,76.5097,0,24
43,19.9484,37.739,77.0889,317.215,0,24
43,19.4572,37.9946,26.672,218.048,0,24
43,18.0766,38.6705,167.98,58.2893,0,24
43,17.3612,38.9969,42.0109,1055.35,0,24
43,14.419,40.1779,-17.5533,638.348,0,24
43,13.969,40.3366,275.252,33.2002,0,24
43,13.4042,40.5278,-9.06735,143.679,0,24
43,12.0017,40.965,262.104,3730.97,0,24
43,11.913,40.9909,290.856,4015.54,0,24
43,11.973,40.9734,267.424,255,0,24
43,10.2095,41.448,149.92,187.192,0,24
43,6.25305,42.2264,-51.7288,2907.32,0,24
43,1.00851,42.675,52.8138,2971.67,0,24
43,0.54801,42.6834,144.541,384.088,0,24
43,-3.72158,42.5244,-37.8009,1579.55,0,24
43,-4.03219,42.496,24.6968,1523.31,0,24
43,-4.06274,42.4931,174.348,990.15,0,24
43,-3.78037,42.5192,196.481,435.7,0,24
43,-6.43895,42.1985,121.644,985.928,0,24
43,-7.84291,41.9602,-9.96952,389.808,0,24
43,-12.8206,40.7161,3.43377,330.941,0,24
43,-17.6732,38.8565,290.768,818.43,0,24
43,-18.6447,38.3998,225.644,26.2023,0,24
43,-23.5624,35.5947,-74.3449,175.507,0,24
43,-23.7002,35.5031,-72.3393,351.803,0,24
43,-25.0766,34.5447,172.876,165.4,0,24
43,-25.0766,34.5447,195.345,163.439,0,24
43,-25.3584,34.3384,-53.8768,386.89,0,24
43,-25.7333,34.0583,172.877,597.259,0,24
43,-25.7351,34.057,195.325,619.507,0,24
43,-26.0871,33.7881,86.9464,406.408,0,24
43,-26.3773,33.562,46.2004,1204.56,0,24
43,-28.8279,31.4821,108.794,165.046,0,24
43,-31.6679,28.6237,227.9,613.454,0,24
43,-33.3008,26.7064,24.7079,680.232,0,24
43,-33.8576,25.9968,167.88,2356.14,0,24
43,-35.815,23.2262,130.084,167.592,0,24
43,-36.6289,21.9201,-73.0135,699.864,0,24
43,-37.044,21.2111,58.0473,1362.73,0,24
43,-37.0234,21.2471,257.835,1717.04,0,24
43,-37.9899,19.4664,-16.6004,366.787,0,24
43,-38.1263,19.1978,83.7889,220.252,0,24
43,-38.8804,17.6207,57.74,46.1316,0,24
43,-39.1311,17.0567,4.5248,179.434,0,24
43,-39.9201,15.1181,56.391,311.036,0,24
43,-41.0232,11.8012,163.369,374.834,0,24
43,-41.1638,11.301,163.316,45.1862,0,24
43,-42.3222,5.56792,152.434,438.946,0,24
43,-42.3183,5.59788,9.90889,253.053,0,24
43,-42.5247,3.71777,-20.3079,423.977,0,24
43,-42.5512,-3.40142,-202.977,84.7443,1,24
43,-41.4705,-10.1178,64.6422,62.904,1,24
43,-41.3226,-10.7058,-166.329,372.018,1,24
43,-40.8699,-12.3215,-94.9822,1512.42,1,24
43,-40.5727,-13.2675,42.7987,3121.82,1,24
43,-40.6,-13.1838,-97.0375,293.388,1,24
43,-39.2087,-16.8776,-72.5909,1223.66,1,24
43,-36.9632,-21.3517,-235.484,809.598,1,24
43,-36.8506,-21.5454,-45.044,320.76,1,24
43,-36.4133,-22.2766,-162.044,167.874,1,24
43,-35.9877,-22.9577,-162.277,175.507,1,24
43,-35.2357,-24.096,102.028,943.98,1,24
43,-34.7487,-24.7932,102.108,33.1274,1,24
43,-32.6884,-27.4525,73.1366,625.27,1,24
43,-32.5161,-27.6564,-31.181,104.908,1,24
43,-31.6045,-28.6937,-135.412,870.296,1,24
43,-30.8199,-29.5348,-142.61,264.438,1,24
43,-28.7314,-31.5702,68.3885,65.4996,1,24
43,-25.3584,-34.3384,-209.956,27.0728,1,24
43,-24.6508,-34.8498,-115.56,836.742,1,24
43,-24.6508,-34.8498,-259.91,1175.57,1,24
43,-20.0454,-37.6876,70.9597,214.574,1,24
43,-19.7364,-37.8503,71.156,23.0343,1,24
43,-19.7364,-37.8503,-68.5817,60.4733,1,24
43,-19.4261,-38.0105,-68.3412,204.777,1,24
43,-9.19419,-41.685,-292.881,460.915,1,24
43,-7.23755,-42.0689,51.5245,787.734,1,24
43,-7.13648,-42.0861,-183.244,121.455,1,24
43,-7.13574,-42.0863,-205.716,115.406,1,24
43,-4.77298,-42.4192,-116.78,841.29,1,24
43,-4.09714,-42.4898,-78.6268,175.268,1,24
43,1.55062,-42.6587,-165.436,55.1982,1,24
43,3.11025,-42.5734,-15.9056,94.7744,1,24
43,3.40141,-42.5512,-153.988,33.1275,1,24
43,4.04157,-42.4951,-103.874,5217.99,1,24
43,4.09717,-42.4898,-111.343,723,1,24
43,5.83267,-42.2865,-259.403,638.734,1,24
43,5.96681,-42.2678,24.3272,326.604,1,24
43,6.78074,-42.1449,17.3256,685.986,1,24
43,7.84956,-41.959,105.5,76,1,24
43,7.86396,-41.9563,-116.319,429.985,1,24
43,9.53627,-41.6081,-256.564,524.912,1,24
43,9.94809,-41.5115,-257.163,67.9982,1,24
43,11.7919,-41.0259,80.3662,807.236,1,24
43,12.6096,-40.782,-153.389,121.325,1,24
43,14.4413,-40.1699,-55.3124,518.962,1,24
43,14.4085,-40.1817,-135.768,416.298,1,24
43,15.0736,-39.9369,-135.273,793.332,1,24
43,15.6407,-39.7183,75.9303,1347.74,1,24
43,15.9678,-39.5879,-19.9196,312.774,1,24
43,17.0587,-39.1302,35.3163,63.8696,1,24
43,19.4146,-38.0164,-142.265,5704.36,1,24
43,19.4146,-38.0164,-164.735,5703.2,1,24
43,20.8909,-37.2256,-120.812,278.791,1,24
43,21.4472,-36.9078,-121.411,365.172,1,24
43,21.7511,-36.7296,-100.808,544.091,1,24
43,23.6862,-35.5125,-98.0419,449.667,1,24
43,23.8935,-35.3733,-3.23043,302.714,1,24
43,25.7854,-34.0189,-69.5932,426.738,1,24
43,27.956,-32.2589,-9.44468,339.795,1,24
43,28.1224,-32.1139,-155.04,227.56,1,24
43,30.5327,-29.8316,92.0736,625.069,1,24
43,31.1656,-29.1698,-242.415,522.698,1,24
43,32.0862,-28.154,-17.7601,896.907,1,24
43,35.6081,-23.5421,-94.7602,6038.76,1,24
43,37.9178,-19.6064,-281.728,364.356,1,24
43,37.9307,-19.5814,-114.799,86.7422,1,24
43,38.0495,-19.3495,-133.273,1673.97,1,24
43,38.6095,-18.2065,-158.43,666.51,1,24
43,39.3267,-16.6008,-106.072,194.83,1,24
43,39.4662,-16.2662,-94.7731,679.408,1,24
43,40.4486,-13.6413,-10.6994,1486.45,1,24
43,40.8094,-12.5206,-252.83,722.614,1,24
43,40.8368,-12.4309,-269.982,248.621,1,24
43,41.0561,-11.6863,-76.7195,1098.57,1,24
43,40.9843,-11.9355,-149.525,346.279,1,24
43,41.9993,-7.6309,74.3823,697.429,1,24
43,41.957,-7.85992,-21.0592,2933.12,1,24
43,41.8836,-8.24214,-26.1771,53.614,1,24
43,42.1777,-6.57361,57.0976,318.657,1,24
43,42.4115,-4.8408,-136.976,5168.37,1,24
43,42.4586,-4.40908,-2.86941,745.813,1,24
43,42.4913,-4.08219,45.802,417.455,1,24
43,42.5726,-3.12112,-2.62946,1248.89,1,24
43,42.5806,-3.01005,-243.152,837.815,1,24
43,42.6831,-0.566056,-39.7744,121.478,1,24
43,42.6832,-0.563344,-139.424,228.493,1,24
43,42.6864,0.203197,-269.455,291.911,1,24
43,42.6659,1.33959,-54.5075,293.753,1,24
43,42.6574,1.58618,-197.814,624.601,1,24
43,42.6021,2.68975,-131.137,727.806,1,24
43,42.6148,2.47962,-199.597,520.691,1,24
43,42.6118,2.53046,-197.929,65.4026,1,24
43,42.5273,3.68786,-136.935,3947.1,1,24
43,42.5148,3.82926,-131.516,153.94,1,24
43,42.2049,6.39669,-56.4058,551.087,1,24
43,42.0523,7.33304,-78.1849,1261.19,1,24
43,41.8646,8.33811,11.5711,381.325,1,24
43,41.5637,9.72776,9.80503,112.076,1,24
43,41.0845,11.5861,98.7906,471.599,1,24
43,40.9223,12.1466,-78.4014,1367.24,1,24
43,40.5705,13.2742,104.481,1057.64,1,24
43,40.421,13.7227,-30.4286,326.809,1,24
43,40.0984,14.6387,-84.6719,571.944,1,24
43,39.2008,16.8957,-85.0201,1106.69,1,24
43,38.2642,18.9215,-65.7297,515.732,1,24
43,38.0896,19.2705,-14.2315,150.293,1,24
43,36.6586,21.8705,-49.1851,115.564,1,24
43,36.1444,22.7103,-249.206,727.288,1,24
43,35.9191,23.065,83.1146,732.01,1,24
43,35.2687,24.0476,-123.307,604.941,1,24
43,33.2903,26.7195,-27.0524,986.577,1,24
43,32.2903,27.9196,98.4179,252.8,1,24
43,30.7428,29.6151,-34.4606,223.407,1,24
43,30.3688,29.9984,67.764,25.3095,1,24
43,24.4529,34.989,-30.3768,270.708,1,24
43,20.672,37.3476,73.4993,1660.11,1,24
43,20.9347,37.2009,-210.359,1332.22,1,24
43,20.6507,37.3593,-58.7512,2357.69,1,24
43,18.7599,38.3437,73.5547,2749.18,1,24
43,19.7364,37.8503,-201.825,753.072,1,24
43,17.511,38.9299,99.5868,1402.47,1,24
43,14.6329,40.1005,73.7007,7216.75,1,24
43,15.8777,39.6241,-9.65503,957.3,1,24
43,13.1782,40.6018,64.3809,491.803,1,24
43,9.42984,41.6323,73.8591,3798.84,1,24
43,10.355,41.4119,-24.3321,587.466,1,24
43,9.7698,41.5539,5.09148,865.397,1,24
43,7.94292,41.9414,-111.738,410.476,1,24
43,4.77754,42.4187,9.51442,712.486,1,24
43,4.72214,42.4249,-265.004,2735.88,1,24
43,3.41351,42.5502,-54.2328,294.185,1,24
43,2.72927,42.5996,-193.1,163.916,1,24
43,2.39761,42.6195,-143.82,466.224,1,24
43,2.40724,42.619,-166.272,437.673,1,24
43,-1.09695,42.6728,-0.186056,233.422,1,24
43,-1.71808,42.6523,-186.174,443.381,1,24
43,-1.74028,42.6514,-221.16,412.203,1,24
43,-2.87497,42.59,-136.241,1133.2,1,24
43,-3.77849,42.5193,-127.852,154.708,1,24
43,-5.12461,42.3782,91.9373,4078.36,1,24
43,-5.96934,42.2675,49.6979,543.079,1,24
43,-6.75876,42.1484,-74.8363,394.363,1,24
43,-7.38385,42.0434,-29.332,25.0385,1,24
43,-9.20984,41.6815,-219.808,584.353,1,24
43,-10.6559,41.3355,-103.184,398.357,1,24
43,-10.6586,41.3348,-125.613,381.242,1,24
43,-13.3622,40.5416,97.4684,428.951,1,24
43,-15.2799,39.8585,-70.6719,1028.32,1,24
43,-14.8624,40.016,-17.6911,134.385,1,24
43,-18.0938,38.6625,68.4584,972.357,1,24
43,-21.293,36.997,-160.131,7487.97,1,24
43,-21.7848,36.7096,-37.0658,595.791,1,24
43,-26.5579,33.4193,-146.727,244.487,1,24
43,-26.5231,33.447,-198.932,95.439,1,24
43,-28.4855,31.7923,-0.401243,207.354,1,24
43,-29.7156,30.6457,-54.3546,385.36,1,24
43,-31.1273,29.2107,-62.5401,653.405,1,24
43,-33.2939,26.7149,-302.618,124.721,1,24
43,-33.7344,26.1564,84.6111,599.942,1,24
43,-33.8647,25.9876,-285.152,209.101,1,24
43,-34.3445,25.3501,50.3741,281.85,1,24
43,-35.5017,23.7023,-152.551,1079.84,1,24
43,-35.594,23.5634,-160.112,661.449,1,24
43,-36.5282,22.0876,-115.364,523.696,1,24
43,-36.7944,21.6413,-110.715,348.848,1,24
43,-37.413,20.5533,-97.6141,354.623,1,24
43,-38.1655,19.1198,-171.209,387.935,1,24
43,-39.5074,16.1659,48.1689,602.347,1,24
43,-40.2691,14.1624,66.3975,232.095,1,24
43,-40.5141,13.4454,-93.2671,133.118,1,24
43,-42.5075,3.9093,-134.57,609.92,1,24
43,-42.5075,3.90936,-157.045,612.848,1,24
43,-42.5118,3.86257,-23.3197,253.763,1,24
43,-42.6523,1.71807,-139.085,337.662,1,24
43,-42.6861,0.261908,-187.719,201.776,1,24
43,-43.7053,-0.359249,291.823,348.282,0,25
43,-43.6206,-2.74358,-88.545,433.733,0,25
43,-43.2489,-6.31028,288.901,344.553,0,25
43,-43.2,-6.63683,131,124.767,0,25
43,-43.0379,-7.61731,-72.3523,326.251,0,25
43,-42.9637,-8.0251,0.132414,765.289,0,25
43,-41.3398,-14.1882,152.389,235.774,0,25
43,-41.0098,-15.1156,152.234,484.228,0,25
43,-40.8016,-15.6688,90.8065,486.955,0,25
43,-40.606,-16.169,152.03,152.416,0,25
43,-40.2057,-17.1401,239.227,628.763,0,25
43,-39.2996,-19.1267,99.1061,98.2739,0,25
43,-39.3173,-19.0902,100.14,29.3922,0,25
43,-38.8075,-20.1063,-80.6982,244.23,0,25
43,-38.3764,-20.9174,-27.3095,197.626,0,25
43,-37.5501,-22.3668,184.336,294.276,0,25
43,-36.9781,-23.3003,184.146,412.107,0,25
43,-35.6907,-25.2281,260.88,1463.35,0,25
43,-34.8859,-26.3298,44.372,166.819,0,25
43,-34.143,-27.2863,-11.9626,717.769,0,25
43,-31.6323,-30.1609,-64.5265,216.802,0,25
43,-26.6548,-34.6383,-37.1101,302.888,0,25
43,-26.6125,-34.6707,5.96269,477.473,0,25
43,-26.3811,-34.8471,112.843,263.036,0,25
43,-25.3162,-35.6283,-17.8461,185.945,0,25
43,-25.2998,-35.64,279.475,371.226,0,25
43,-24.8,-35.9895,284.016,233,0,25
43,-23.0422,-37.1395,76.3744,206.52,0,25
43,-21.8193,-37.8709,301.075,77.2413,0,25
43,-19.7755,-38.9771,242.394,319.263,0,25
43,-16.9438,-40.2889,155.713,925.373,0,25
43,-16.3698,-40.5255,39.256,698.534,0,25
43,-14.7882,-41.129,39.152,267.045,0,25
43,-13.9644,-41.4159,179.835,579,0,25
43,-13.9644,-41.4159,185.152,44,0,25
43,-10.6334,-42.3936,291.351,656.863,0,25
43,-9.63599,-42.6314,52.1082,872.719,0,25
43,-9.79107,-42.596,60.5344,1130.9,0,25
43,-8.78447,-42.8149,-59.3137,1907.63,0,25
43,-7.00634,-43.1416,64.8795,340.935,0,25
43,-5.51234,-43.3578,48.2995,1859.12,0,25
43,-3.66084,-43.5532,289.824,115.569,0,25
43,-2.34061,-43.6441,102.088,695.822,0,25
43,-0.280336,-43.7059,30.7177,325.277,0,25
43,3.16617,-43.592,-92.0964,604.282,0,25
43,3.5285,-43.5641,287.385,1615.8,0,25
43,5.63321,-43.3423,-93.4824,219.81,0,25
43,6.06078,-43.2845,177.236,318.885,0,25
43,10.5078,-42.4249,170.233,476.373,0,25
43,11.0529,-42.2861,169.676,25.1638,0,25
43,12.3449,-41.9272,114.727,824.786,0,25
43,12.3601,-41.9227,92.2961,809.261,0,25
43,13.7567,-41.4854,116.704,852.868,0,25
43,13.7561,-41.4856,139.179,844.108,0,25
43,15.0493,-41.0342,284.862,233.438,0,25
43,16.1792,-40.6019,5.20463,326.815,0,25
43,16.4778,-40.4817,6.57664,97.5569,0,25
43,19.7329,-38.9987,41.1839,854.602,0,25
43,22.025,-37.7516,-67.4783,969.031,0,25
43,23.2057,-37.0376,-38.8589,1042.86,0,25
43,23.7192,-36.7108,136.276,97.6493,0,25
43,24.3018,-36.3277,81.4573,1941.53,0,25
43,24.9576,-35.8804,83.1734,526.755,0,25
43,27.1617,-34.2422,-17.6863,595.751,0,25
43,29.6375,-32.1232,167.722,6366.46,0,25
43,32.612,-29.0989,19.3328,323.139,0,25
43,32.7935,-28.8941,147.628,90.5966,0,25
43,32.8441,-28.8366,230.645,784.692,0,25
43,33.8573,-27.6399,181.056,137.876,0,25
43,33.8589,-27.638,203.529,138.829,0,25
43,34.1034,-27.3357,61.4222,464.201,0,25
43,34.281,-27.1127,252.331,441.568,0,25
43,35.1047,-26.0374,304.996,3167.87,0,25
43,36.4114,-24.1764,266.246,966.244,0,25
43,36.5268,-24.0016,-95.8595,420.285,0,25
43,36.7462,-23.6643,288.658,162.232,0,25
43,36.8636,-23.481,2.22765,1020.35,0,25
43,37.1289,-23.0593,146.973,167.45,0,25
43,39.0042,-19.7221,97.4827,1025.43,0,25
43,40.3706,-16.7481,-67.9017,619.962,0,25
43,40.3455,-16.8084,11.9402,98.9499,0,25
43,41.2026,-14.5818,15.4113,237.715,0,25
43,42.3752,-10.7066,116.252,27.2002,0,25
43,42.471,-10.3196,116.72,192.491,0,25
43,43.0785,-7.38409,-47.2156,132.361,0,25
43,43.1897,-6.70353,282.308,212.367,0,25
43,43.5566,-3.62017,-102.508,3089.81,0,25
43,43.5572,-3.6133,59.8703,922.279,0,25
43,43.674,-1.69355,64.524,86.7667,0,25
43,43.6862,-1.34068,260.412,23.3116,0,25
43,43.7024,0.616728,273.419,300.766,0,25
43,42.6479,9.56232,287.772,15883.3,0,25
43,41.9782,12.1701,-67.1504,277.334,0,25
43,41.6283,13.318,285.178,280.656,0,25
43,41.5418,13.5853,129.919,339.298,0,25
43,40.3543,16.7874,-72.8426,243.069,0,25
43,40.1314,17.3134,250.501,610.226,0,25
43,40.0635,17.4699,-70.049,274.948,0,25
43,39.6703,18.3454,134.501,528.471,0,25
43,39.6244,18.4443,147.191,136.794,0,25
43,38.9758,19.778,281.287,142.957,0,25
43,38.8899,19.9464,46.1898,99.5421,0,25
43,38.0521,21.5016,74.117,198.331,0,25
43,36.5982,23.8926,163.15,1653.68,0,25
43,36.5525,23.9624,108.113,2174.1,0,25
43,36.3905,24.2078,105.228,35.0546,0,25
43,33.2863,28.325,192.511,211.019,0,25
43,31.8388,29.9428,20.6091,76.8696,0,25
43,31.3447,30.4598,121.34,36.2205,0,25
43,30.5356,31.2708,121.015,699.524,0,25
43,30.6536,31.1551,165.012,89.4915,0,25
43,30.5005,31.305,264.437,2830.02,0,25
43,30.1387,31.6535,-73.1196,277.872,0,25
43,29.8677,31.9093,120.794,670.834,0,25
43,29.2035,32.5183,120.631,383.385,0,25
43,29.1847,32.5352,162.307,194.783,0,25
43,28.7924,32.8828,142.543,494.62,0,25
43,28.5828,33.0652,58.3524,553.036,0,25
43,28.509,33.1288,162.365,1255.97,0,25
43,27.8474,33.6869,162.159,151.12,0,25
43,27.4348,34.0238,-70.1663,307.109,0,25
43,26.8678,34.4732,165.034,597.973,0,25
43,25.6229,35.4083,164.306,236.827,0,25
43,24.2276,36.3773,-88.2286,215.264,0,25
43,24.2143,36.3862,56.2125,259.526,0,25
43,22.6096,37.4044,167.672,1729.04,0,25
43,21.9281,37.808,78.5666,1110.74,0,25
43,20.8394,38.4188,77.35,114.943,0,25
43,20.5244,38.588,77.244,31.0728,0,25
43,20.0668,38.8279,25.8962,284.418,0,25
43,17.6115,40.0015,39.6834,1056.57,0,25
43,17.2422,40.1621,168.148,754.397,0,25
43,16.4778,40.4817,167.98,26.0182,0,25
43,15.6879,40.7943,108.88,3184.96,0,25
43,14.3373,41.2883,274.619,290.908,0,25
43,14.0461,41.3883,-17.0703,409.946,0,25
43,13.5022,41.5689,-9.55591,109.33,0,25
43,12.0618,42.0095,260.998,177.196,0,25
43,12.0401,42.0157,290.269,641.566,0,25
43,11.571,42.1473,289.535,76.4369,0,25
43,10.3418,42.4656,149.629,745.978,0,25
43,7.01933,43.1395,-49.254,14631.3,0,25
43,7.38409,43.0785,-45.0357,488,0,25
43,6.8549,43.1659,-23.2377,67,0,25
43,0.369061,43.7052,144.048,182.543,0,25
43,-3.90168,43.5323,173.466,1660.58,0,25
43,-3.78243,43.5428,195.984,1210.92,0,25
43,-3.83899,43.5379,-38.2329,352.183,0,25
43,-4.00607,43.5228,24.4628,258.584,0,25
43,-5.79351,43.3211,120.307,93.819,0,25
43,-8.15833,42.9386,-11.6671,654.565,0,25
43,-13.2947,41.6357,2.75907,685.851,0,25
43,-16.0784,40.642,-101.545,237.509,0,25
43,-17.5969,40.0079,289.8,213.238,0,25
43,-19.2489,39.2398,225.543,399.263,0,25
43,-23.6792,36.7366,-72.2551,977.068,0,25
43,-23.9551,36.5573,-75.7323,441.664,0,25
43,-23.8872,36.6017,26.476,292.4,0,25
43,-26.2728,34.9288,-56.0199,594.052,0,25
43,-26.9898,34.3778,172.388,553.337,0,25
43,-26.9859,34.3809,194.861,553.316,0,25
43,-26.9839,34.3825,84.6038,713.447,0,25
43,-27.4388,34.0206,45.2836,477.877,0,25
43,-29.3174,32.4156,107.651,580.442,0,25
43,-32.6052,29.1065,225.981,298.249,0,25
43,-33.8651,27.6304,23.2526,834.56,0,25
43,-34.7579,26.4986,166.663,618.485,0,25
43,-35.3269,25.7351,199.964,204.261,0,25
43,-36.4456,24.1247,129.944,197.457,0,25
43,-37.3039,22.7751,-75.507,389.007,0,25
43,-37.8134,21.9187,257.047,468.615,0,25
43,-38.02,21.5583,56.1596,364.29,0,25
43,-38.6068,20.489,-18.1687,1192.35,0,25
43,-38.9078,19.9116,81.7225,378.37,0,25
43,-40.9369,15.312,54.4654,387.64,0,25
43,-41.8666,12.549,163.397,601.052,0,25
43,-42.9767,7.95537,148.753,346.807,0,25
43,-43.3527,5.55222,8.6966,391.883,0,25
43,-43.3832,5.30884,151.72,197.518,0,25
43,-43.4986,4.26147,198.36,496.625,0,25
43,-43.5521,3.67398,-20.3665,232.929,0,25
43,-42.4186,-10.5332,-164.806,48.3818,1,25
43,-42.0512,-11.9154,-101.822,883,1,25
43,-41.5308,-13.6189,42.1285,3725.29,1,25
43,-41.096,-14.8797,-51.38,52.2507,1,25
43,-40.8024,-15.6667,-15.1541,415.444,1,25
43,-40.214,-17.1206,-71.5966,1395.29,1,25
43,-37.8271,-21.8951,-44.5978,152.262,1,25
43,-37.8064,-21.9308,-234.32,81.9383,1,25
43,-36.9074,-23.4121,102.502,661.914,1,25
43,-36.2383,-24.435,-162.581,238.9,1,25
43,-34.1793,-27.2408,-29.951,55.5805,1,25
43,-33.7607,-27.7579,-30.3815,93.4894,1,25
43,-32.6068,-29.1047,-134.67,248.421,1,25
43,-32.0284,-29.7399,-103.494,346.659,1,25
43,-31.4087,-30.3937,-141.56,939.439,1,25
43,-30.0197,-31.7664,68.6246,898.11,1,25
43,-27.5783,-33.9076,-110.319,1745.05,1,25
43,-27.6581,-33.8425,103.38,25.0546,1,25
43,-27.3822,-34.0661,102.569,366.181,1,25
43,-27.151,-34.2507,-65.8899,1348.69,1,25
43,-26.228,-34.9625,-209.424,767.129,1,25
43,-25.3641,-35.5942,-114.203,1887.14,1,25
43,-24.997,-35.8529,-112.037,1176.42,1,25
43,-25.0341,-35.827,-94.3344,1233.1,1,25
43,-24.9892,-35.8584,-257.876,898.402,1,25
43,-24.6952,-36.0615,-135.893,327.729,1,25
43,-23.0897,-37.11,-118.158,171.282,1,25
43,-19.3061,-39.2117,-244.035,111.108,1,25
43,-17.0111,-40.2605,-222.392,108.983,1,25
43,-14.2128,-41.3314,-61.778,311.35,1,25
43,-13.4141,-41.5974,-286.038,1653.13,1,25
43,-13.4806,-41.5759,-129.996,708.451,1,25
43,-11.9154,-42.0513,-159.5,21.4295,1,25
43,-9.06134,-42.7572,-291.788,67.2367,1,25
43,-7.72754,-43.0182,52.3242,217.667,1,25
43,-6.82739,-43.1703,-183.19,896.874,1,25
43,-6.82718,-43.1703,-205.66,896.834,1,25
43,-5.35993,-43.3769,-116.7,1336.54,1,25
43,-4.10888,-43.5132,-77.2493,379.464,1,25
43,1.38905,-43.6847,-165.371,334.184,1,25
43,2.99431,-43.6041,-15.4606,382.439,1,25
43,3.52932,-43.5641,-153.67,344.864,1,25
43,3.8456,-43.5373,-103.878,4089.51,1,25
43,3.839,-43.5379,-108.996,338,1,25
43,6.12223,-43.2759,-258.042,1415.39,1,25
43,6.22319,-43.2615,24.5006,395.763,1,25
43,6.72072,-43.187,18.9139,1053.2,1,25
43,7.38412,-43.0785,-115.828,21.013,1,25
43,7.82056,-43.0014,-115.828,49.8294,1,25
43,10.2426,-42.4897,-134.349,175.483,1,25
43,11.8259,-42.0765,80.8111,305.562,1,25
43,12.3696,-41.9199,-152.784,586.579,1,25
43,15.1841,-40.9845,-54.2385,1005.14,1,25
43,15.3071,-40.9387,77.6612,386.083,1,25
43,15.0773,-41.0239,-298.996,70.2304,1,25
43,15.721,-40.7816,-134.484,94.3935,1,25
43,16.4965,-40.4741,-134.145,342.443,1,25
43,16.49,-40.4767,-19.6417,320.522,1,25
43,16.8084,-40.3455,38.5693,214.18,1,25
43,19.4224,-39.1542,-139.866,414.036,1,25
43,19.422,-39.1544,-162.343,415.117,1,25
43,20.4038,-38.6519,-119.814,1532.59,1,25
43,24.4181,-36.2497,-96.7739,132.32,1,25
43,24.9857,-35.8608,-0.670009,781.971,1,25
43,25.7614,-35.3077,-69.1369,458.906,1,25
43,28.6449,-33.0114,-8.79472,112.506,1,25
43,28.8671,-32.8173,-154.838,209.969,1,25
43,31.8093,-29.9742,-240.819,606.473,1,25
43,33.0086,-28.6482,-16.3034,456.622,1,25
43,35.2579,-25.8295,-8.25281,342.028,1,25
43,36.2216,-24.4597,-97.7584,12376.4,1,25
43,38.1908,-21.2544,96.3402,437.484,1,25
43,38.5244,-20.6436,-83.0444,153.323,1,25
43,38.7888,-20.1423,-114.232,245.778,1,25
43,39.0045,-19.7214,-134.147,1628.5,1,25
43,39.0878,-19.5558,-280.289,309.218,1,25
43,39.4529,-18.8084,-157.412,226.025,1,25
43,40.1072,-17.3695,-105.001,172.433,1,25
43,40.3026,-16.9111,-93.2722,690.591,1,25
43,41.5048,-13.6979,-8.75153,1076.53,1,25
43,41.6528,-13.2411,-251.709,463.327,1,25
43,41.7017,-13.0864,-268.388,525.101,1,25
43,41.9448,-12.285,-148.827,642.01,1,25
43,42.3417,-10.8381,-77.7947,100.225,1,25
43,42.8275,-8.72303,-20.4369,3506.06,1,25
43,42.8629,-8.54731,74.7802,281.269,1,25
43,42.9001,-8.35881,-25.3162,253.514,1,25
43,43.228,-6.45189,-169.202,186.809,1,25
43,43.5021,-4.22561,-1.36101,410.527,1,25
43,43.5398,-3.81736,46.828,143.359,1,25
43,43.6036,-3.00193,-1.89781,72.7784,1,25
43,43.6293,-2.60136,-159.956,125.552,1,25
43,43.6073,-2.94774,-182.396,24.0657,1,25
43,43.6224,-2.71505,-241.057,268.107,1,25
43,43.6372,-2.46527,-182.34,82.194,1,25
43,43.663,-1.95691,-159.924,78.5237,1,25
43,43.663,-1.95681,-182.396,78.5982,1,25
43,43.6989,-0.832171,-137.358,543.35,1,25
43,43.7065,-0.173738,-38.8306,478.247,1,25
43,43.7057,0.312807,-130.336,857.376,1,25
43,43.7057,0.303926,-197.504,1089.05,1,25
43,43.7067,-0.0770219,-269.316,117.583,1,25
43,43.6729,1.72153,-52.7354,383.556,1,25
43,43.6695,1.80496,-130.788,298.873,1,25
43,43.625,2.67322,-199.567,155.557,1,25
43,43.2209,6.49915,-79.3127,1150.1,1,25
43,43.2493,6.30736,-56.1846,314.77,1,25
43,42.947,8.11409,12.9115,156.131,1,25
43,42.5853,9.83771,10.3642,159.248,1,25
43,41.8871,12.4803,-76.2849,200.364,1,25
43,41.6866,13.1343,105.434,300.712,1,25
43,41.2974,14.3111,-30.1626,393.81,1,25
43,40.0604,17.4772,-82.8964,906.863,1,25
43,39.3614,18.999,-63.7913,5134.66,1,25
43,39.163,19.4047,-13.0105,796.008,1,25
43,37.6706,22.1632,-47.8765,150.447,1,25
43,37.1394,23.0424,-247.194,767.394,1,25
43,36.8231,23.5446,83.5876,795.963,1,25
43,36.1327,24.5909,-121.67,327.153,1,25
43,33.802,27.7076,-25.0278,907.04,1,25
43,33.1362,28.5005,98.4324,380.509,1,25
43,31.3447,30.4598,68.479,70.114,1,25
43,31.3447,30.4598,-33.5113,254.338,1,25
43,31.0944,30.7152,68.3935,45.4348,1,25
43,31.0944,30.7152,-33.7747,74.9502,1,25
43,25.3832,35.5806,-30.3401,445.626,1,25
43,22.5217,37.4574,-206.902,581.062,1,25
43,20.5989,38.5483,-201.231,143.789,1,25
43,18.2992,39.6916,100.842,578.311,1,25
43,16.312,40.5488,-8.24437,575.513,1,25
43,10.3232,42.4702,-22.4424,927.698,1,25
43,8.68469,42.8353,5.78183,838.569,1,25
43,5.29906,43.3844,11.4003,1381.95,1,25
43,5.12416,43.4054,-264.671,1606.39,1,25
43,3.7383,43.5466,-53.2604,51.5058,1,25
43,2.81961,43.6158,-142.191,588.057,1,25
43,2.81892,43.6158,-164.666,581.887,1,25
43,-1.09595,43.6931,0.387107,516.221,1,25
43,-1.8373,43.6682,-185.981,394.291,1,25
43,-1.89927,43.6655,-221.022,238.4,1,25
43,-2.89788,43.6106,-135.657,186.786,1,25
43,-4.83187,43.4389,93.8517,355.385,1,25
43,-6.50579,43.2199,50.5862,476.843,1,25
43,-6.8216,43.1712,-74.3545,569.554,1,25
43,-9.48899,42.6643,-218.362,239.438,1,25
43,-10.4646,42.4356,-101.137,1373.25,1,25
43,-10.4652,42.4354,-123.608,1374.04,1,25
43,-13.8693,41.4479,97.9943,473.978,1,25
43,-14.7017,41.16,-70.8814,659.309,1,25
43,-15.4093,40.9003,-17.3771,117.854,1,25
43,-17.5667,40.0212,68.2764,2097.1,1,25
43,-21.63,37.9793,-159.784,4303.5,1,25
43,-22.3931,37.5344,-35.8735,64.8066,1,25
43,-27.33,34.108,-146.378,429.148,1,25
43,-27.2857,34.1434,-198.835,143.86,1,25
43,-30.1655,31.6279,-52.7491,435.813,1,25
43,-34.1793,27.2407,-302.151,111.335,1,25
43,-34.9032,26.3069,-284.86,471.585,1,25
43,-35.1957,25.9142,84.3165,418.375,1,25
43,-35.3035,25.7672,50.9806,175.466,1,25
43,-35.8222,25.041,-160.295,1157.91,1,25
43,-36.2911,24.3565,-160.181,116.783,1,25
43,-37.6653,22.1722,-114.435,297.154,1,25
43,-38.0035,21.5874,-95.6,569.46,1,25
43,-37.8958,21.7759,-113.847,70.356,1,25
43,-39.8924,17.8572,-143.135,2407.66,1,25
43,-40.586,16.219,50.0771,628.69,1,25
43,-41.2415,14.4716,66.3471,85.3244,1,25
43,-43.5252,3.98058,-22.4842,279.758,1,25
43,-43.5614,3.56205,-133.48,223.504,1,25
43,-43.5619,3.55546,-155.93,249.132,1,25
43,-43.6924,1.12213,-137.808,262.469,1,25
43,-43.706,0.26817,-187.484,27.2205,1,25
43,-44.7212,-0.70755,291.577,657.121,0,26
43,-44.309,-6.09925,288.507,666.191,0,26
43,-44.185,-6.94039,130.862,292.425,0,26
43,-44.0513,-7.74376,-1.77915,800.508,0,26
43,-43.9604,-8.24426,-73.467,442.063,0,26
43,-43.4934,-10.431,123.656,498.045,0,26
43,-43.4474,-10.6211,150.917,432.933,0,26
43,-43.4474,-10.6211,173.39,438.9,0,26
43,-43.3189,-11.1338,150.812,181.519,0,26
43,-43.3189,-11.1338,173.287,189.839,0,26
43,-43.0409,-12.1643,-85.0454,559.82,0,26
43,-41.585,-16.4673,90.2622,408.942,0,26
43,-41.2253,-17.3482,237.984,443.33,0,26
43,-41.1853,-17.4429,152.034,255.308,0,26
43,-40.8159,-18.2907,151.868,47.5017,0,26
43,-40.4251,-19.139,151.786,691.962,0,26
43,-40.0616,-19.8885,97.8748,802.403,0,26
43,-39.5538,-20.8802,-81.104,1753.99,0,26
43,-39.2435,-21.4577,-20.5846,590.338,0,26
43,-39.1407,-21.6447,-27.4773,479.454,0,26
43,-37.5769,-24.2583,183.987,399.176,0,26
43,-37.1381,-24.9249,183.852,92.0839,0,26
43,-37.0088,-25.1164,257.627,114.93,0,26
43,-36.7696,-25.4653,259.003,393.558,0,26
43,-35.9793,-26.5702,44.172,23.2367,0,26
43,-32.6834,-30.5333,-64.5442,1307.73,0,26
43,-27.0954,-35.5855,111.689,363.428,0,26
43,-26.6721,-35.9038,-36.682,1103.91,0,26
43,-25.9329,-36.4413,278.751,581.33,0,26
43,-25.6928,-36.611,-17.7646,428.271,0,26
43,-23.8414,-37.8428,74.7981,783.789,0,26
43,-22.072,-38.9013,300.04,1176.35,0,26
43,-20.5263,-39.7386,240.755,913.942,0,26
43,-17.2245,-41.2771,154.041,462.892,0,26
43,-16.9365,-41.3961,38.4584,147.48,0,26
43,-15.5831,-41.9244,-74.0447,1939.71,0,26
43,-15.1761,-42.0734,37.8005,960.856,0,26
43,-14.5662,-42.2884,172.993,1829.63,0,26
43,-10.746,-43.4167,291.598,494.035,0,26
43,-10.3459,-43.5138,58.223,2216.63,0,26
43,-9.10767,-43.7897,52.1679,611.23,0,26
43,-9.08586,-43.7942,-61.1942,103.53,0,26
43,-7.35866,-44.1173,64.7429,1047.42,0,26
43,-5.72429,-44.359,46.8146,671.839,0,26
43,-3.74628,-44.5696,289.668,37.3319,0,26
43,0.0914924,-44.7267,29.248,235.758,0,26
43,3.24021,-44.6093,285.53,402.022,0,26
43,3.48872,-44.5905,-93.8701,409.997,0,26
43,5.82525,-44.3458,-94.2544,1439.19,0,26
43,6.29121,-44.2821,176.662,124.286,0,26
43,11.9775,-43.0932,34.7963,533.781,0,26
43,12.0247,-43.0801,89.7899,341.851,0,26
43,12.0236,-43.0804,112.256,349.166,0,26
43,12.6265,-42.9076,167.842,1333.36,0,26
43,15.2846,-42.0341,283.913,429.215,0,26
43,16.7223,-41.4831,2.89844,670.344,0,26
43,20.485,-39.7599,39.8959,206.196,0,26
43,20.886,-39.5507,38.9081,467.162,0,26
43,22.3435,-38.7461,-67.6275,529.055,0,26
43,24.0516,-37.7095,135.717,238.321,0,26
43,24.692,-37.2934,-40.5902,638.869,0,26
43,24.8606,-37.1812,81.5781,2324.24,0,26
43,26.25,-36.2136,83.5921,801.028,0,26
43,27.6155,-35.1834,-18.8407,1510.94,0,26
43,29.883,-33.279,167.729,6425.19,0,26
43,33.6876,-29.4216,147.416,114.209,0,26
43,33.6876,-29.4216,228.738,673.142,0,26
43,42.019,-15.3261,15.0823,163.489,0,26
43,43.3358,-11.0678,115.599,230.168,0,26
43,43.3351,-11.0706,176.204,382.011,0,26
43,44.2391,-6.58672,281.784,228.11,0,26
43,44.4424,-5.0358,59.6905,232.83,0,26
43,44.5255,-4.23856,-104.54,1496.21,0,26
43,44.5193,-4.30356,59.7164,171.343,0,26
43,44.6779,-2.09004,63.759,707.511,0,26
43,44.7119,-1.15543,260.376,257.074,0,26
43,44.7206,0.746233,272.737,214.554,0,26
43,43.9072,8.52336,286.143,11777.4,0,26
43,42.6873,13.352,-67.2225,565.671,0,26
43,42.4982,13.9423,129.21,1031.32,0,26
43,42.5202,13.875,284.862,167.088,0,26
43,41.4368,16.8368,-73.2669,213.165,0,26
43,40.5324,18.9107,134.345,97.8171,0,26
43,40.0386,19.9348,280.532,194.446,0,26
43,39.6591,20.6796,45.868,30.3459,0,26
43,39.0169,21.8671,72.1024,525.305,0,26
43,38.385,22.9581,163.012,836.737,0,26
43,37.3761,24.5665,107.987,2000.38,0,26
43,37.25,24.7573,105.232,2641.05,0,26
43,37.2397,24.7728,113.253,351,0,26
43,34.6585,28.2715,154.635,1032.03,0,26
43,32.9015,30.2982,154.775,1765.71,0,26
43,33.9074,29.1681,192.229,534.38,0,26
43,33.5672,29.5589,121.701,517.06,0,26
43,32.6562,30.5623,121.442,947.814,0,26
43,32.4949,30.7338,20.351,334.107,0,26
43,32.0762,31.1706,162.711,57.2932,0,26
43,30.3941,32.8129,154.973,2577.69,0,26
43,31.2324,32.016,162.613,270.432,0,26
43,30.942,32.2967,263.77,1566.88,0,26
43,30.6941,32.5324,-73.551,752.69,0,26
43,30.5531,32.6649,162.512,1917.76,0,26
43,30.011,33.1636,57.8964,262.383,0,26
43,29.8092,33.3451,141.373,191.889,0,26
43,28.1976,34.7186,-70.226,127.072,0,26
43,27.3327,35.4035,163.618,1320.19,0,26
43,26.9555,35.6916,119.69,546.328,0,26
43,24.5712,37.373,-88.6633,75.7058,0,26
43,24.5081,37.4144,56.0049,350.238,0,26
43,24.0518,37.7094,164.413,639.089,0,26
43,22.5682,38.6156,76.9807,819.63,0,26
43,22.4425,38.6888,167.549,466.033,0,26
43,20.7666,39.6136,25.0036,582.622,0,26
43,17.8832,40.9961,37.3452,1841.18,0,26
43,16.4386,41.5964,107.957,424.339,0,26
43,14.8916,42.1749,274.226,451.31,0,26
43,13.6669,42.5876,-16.6638,199.919,0,26
43,13.5685,42.619,-10.274,486.444,0,26
43,12.1935,43.0326,260.192,61.7233,0,26
43,11.841,43.1309,260.412,21.2118,0,26
43,10.3921,43.5028,149.374,348.628,0,26
43,8.04392,43.9975,-50.983,5295.83,0,26
43,1.41854,44.7043,51.766,6536.07,0,26
43,0.173024,44.7265,143.812,72.6007,0,26
43,-3.38155,44.5988,173.068,26.3781,0,26
43,-3.38155,44.5988,195.54,29.3283,0,26
43,-4.09683,44.5388,-39.1198,629.598,0,26
43,-3.97986,44.5494,24.102,612.602,0,26
43,-4.23309,44.526,172.277,216.982,0,26
43,-5.44522,44.3941,118.815,147.511,0,26
43,-5.92872,44.3321,119.291,167.427,0,26
43,-8.63882,43.8846,-14.3731,1591.96,0,26
43,-13.3554,42.6863,-91.2887,273.784,0,26
43,-13.7826,42.5503,1.52506,840.626,0,26
43,-15.9838,41.7733,-101.163,561.961,0,26
43,-17.8508,41.0102,289.328,2203.43,0,26
43,-17.8739,41.0001,294.002,221,0,26
43,-19.8628,40.0744,225.556,125.094,0,26
43,-23.3999,38.1174,-72.2089,956.272,0,26
43,-24.3399,37.5241,24.6932,711.864,0,26
43,-27.2147,35.4943,-58.2236,607.422,0,26
43,-27.9259,34.9375,82.4114,334.15,0,26
43,-28.5199,34.4544,171.956,481.362,0,26
43,-28.5207,34.4537,194.429,480.479,0,26
43,-28.4675,34.4977,44.3797,159.408,0,26
43,-29.7841,33.3676,106.795,531.686,0,26
43,-33.4882,29.6484,224.363,447.926,0,26
43,-34.4276,28.5522,21.7191,364.306,0,26
43,-35.6702,26.9837,165.574,487.654,0,26
43,-35.9804,26.5688,199.069,359.869,0,26
43,-37.1413,24.92,129.605,196.958,0,26
43,-38.0895,23.4452,-77.0653,336.586,0,26
43,-38.6738,22.4683,255.938,1165.73,0,26
43,-39.086,21.7434,53.5008,756.509,0,26
43,-39.2526,21.4411,-19.2343,99.6673,0,26
43,-39.6955,20.6096,79.8166,342.761,0,26
43,-40.479,19.0247,57.5377,402.838,0,26
43,-41.2164,17.3694,3.892,37.2528,0,26
43,-41.8278,15.8406,50.956,22.0182,0,26
43,-41.8278,15.8406,52.456,142.747,0,26
43,-42.5086,13.9106,163.354,748.425,0,26
43,-44.0077,7.98818,148.671,438.915,0,26
43,-44.4143,5.27823,7.01416,515.489,0,26
43,-44.4225,5.20818,151.272,731.73,0,26
43,-44.581,3.60819,-20.3683,128.851,0,26
43,-44.7267,-0.0914916,-31.6815,80.8412,1,26
43,-44.7267,-0.0914896,-187.058,209.782,1,26
43,-43.66,-9.71044,-88.8047,108.029,1,26
43,-43.4953,-10.4235,64.9262,68.3823,1,26
43,-43.4953,-10.4235,-89.2366,74.3428,1,26
43,-43.2909,-11.2423,-90.9519,545.656,1,26
43,-43.0543,-12.1168,-12.7248,336.375,1,26
43,-42.9314,-12.5451,-12.796,24.1961,1,26
43,-42.486,-13.9795,41.5081,2415.95,1,26
43,-42.143,-14.9819,-51.3893,128.278,1,26
43,-41.6873,-16.2066,-14.6401,155.822,1,26
43,-41.1957,-17.4185,-70.8886,469.52,1,26
43,-38.8936,-22.0857,-43.8642,275.075,1,26
43,-38.438,-22.8694,102.852,857.744,1,26
43,-38.6507,-22.5079,-233.181,820.711,1,26
43,-35.3101,-27.4533,-163.416,495.282,1,26
43,-35.3583,-27.3912,-29.4032,781.95,1,26
43,-34.4787,-28.4905,73.6831,1177.84,1,26
43,-33.4811,-29.6564,-134.169,303.423,1,26
43,-32.8571,-30.3463,-103.292,334.536,1,26
43,-32.0762,-31.1706,-140.172,54.9939,1,26
43,-31.8201,-31.432,-139.572,36.2913,1,26
43,-31.3015,-31.9484,69.036,28.0889,1,26
43,-29.516,-33.6049,-108.101,203.368,1,26
43,-29.1009,-33.9651,-108.872,453.067,1,26
43,-26.9213,-35.7174,-66.5627,109.564,1,26
43,-26.9327,-35.7088,-208.684,91.4369,1,26
43,-26.3333,-36.153,-67.8703,861.864,1,26
43,-26.4165,-36.0923,-110.092,142.258,1,26
43,-26.0659,-36.3463,-113.292,7393.73,1,26
43,-25.802,-36.5341,-92.5379,1539.61,1,26
43,-25.413,-36.8058,-256.385,1778.07,1,26
43,-25.2146,-36.942,-135.779,274.663,1,26
43,-23.4383,-38.0937,-116.866,426.993,1,26
43,-21.0033,-39.4886,-65.5144,219.331,1,26
43,-19.4626,-40.2703,-243.087,858.613,1,26
43,-16.3527,-41.6302,-223.1,32.271,1,26
43,-14.8093,-42.2039,-61.6852,106.759,1,26
43,-13.6888,-42.5805,-128.682,719.718,1,26
43,-12.1935,-43.0326,-136.17,157.03,1,26
43,-12.1935,-43.0326,-158.636,159.056,1,26
43,-9.03267,-43.8052,-291.341,271.402,1,26
43,-8.27669,-43.9543,52.8963,134.223,1,26
43,-6.41595,-44.2642,-183.006,153.092,1,26
43,-6.41481,-44.2644,-205.481,153.202,1,26
43,-5.80949,-44.3479,-116.664,1758.49,1,26
43,-3.94929,-44.5521,-75.3288,423.845,1,26
43,1.3906,-44.7052,105.278,805.818,1,26
43,1.372,-44.7058,-165.436,21.3438,1,26
43,2.70171,-44.6451,-14.6102,845.645,1,26
43,3.69382,-44.574,-104.615,5670.1,1,26
43,3.8393,-44.5617,-153.337,350.553,1,26
43,6.38418,-44.2688,-256.545,602.637,1,26
43,6.60089,-44.237,24.7028,279.376,1,26
43,6.81233,-44.205,20.0547,479.032,1,26
43,7.45807,-44.1006,-115.332,977.506,1,26
43,10.1983,-43.5486,-132.804,977.299,1,26
43,11.9603,-43.098,-258.716,71.4005,1,26
43,12.2891,-43.0054,-152.447,922.796,1,26
43,15.0785,-42.1085,79.0731,1582.83,1,26
43,15.4921,-41.9581,-298.477,1247.67,1,26
43,15.8932,-41.8078,-53.3694,424.001,1,26
43,16.9761,-41.3799,-19.282,106.87,1,26
43,17.2007,-41.2871,-133.332,78.294,1,26
43,17.5379,-41.145,-133.439,48.3002,1,26
43,18.5424,-40.7022,96.237,216.787,1,26
43,18.5424,-40.7022,-135.095,1204.82,1,26
43,18.5424,-40.7022,-142.488,344.873,1,26
43,18.5424,-40.7022,-157.568,1203.61,1,26
43,22.555,-38.6233,-97.9184,864.64,1,26
43,25.1905,-36.9585,-95.2779,233.403,1,26
43,26.0984,-36.323,1.69126,222.134,1,26
43,26.1403,-36.2928,-68.6621,233.197,1,26
43,29.3621,-33.7395,-7.88809,741.34,1,26
43,29.601,-33.5301,-154.712,105.908,1,26
43,32.2178,-31.0242,-238.176,574.603,1,26
43,33.9191,-29.1545,-15.2293,394.019,1,26
43,36.0199,-26.5152,-7.38837,394.078,1,26
43,36.7087,-25.5531,-96.7719,6167.74,1,26
43,38.9742,-21.9431,97.4594,672.538,1,26
43,39.456,-21.0645,-82.8313,605.905,1,26
43,39.501,-20.9799,-113.21,1247.46,1,26
43,39.9375,-20.1367,-135,1501.95,1,26
43,40.1017,-19.8076,-278.938,84.7947,1,26
43,40.9792,-17.9217,-104.157,618.518,1,26
43,41.1517,-17.5222,-91.8532,135.049,1,26
43,42.498,-13.9431,-6.99578,876.605,1,26
43,42.6119,-13.591,-267.291,989.934,1,26
43,42.8489,-12.8241,-147.824,150.719,1,26
43,43.5504,-10.1905,-78.5038,843.836,1,26
43,43.6686,-9.67181,-19.7667,4349.4,1,26
43,43.6993,-9.53173,74.8527,108.862,1,26
43,43.7759,-9.1739,75.1038,96.5461,1,26
43,43.9439,-8.3321,-24.2258,602.06,1,26
43,44.1905,-6.90525,-168.42,547.547,1,26
43,44.4211,-5.2206,58.5187,415.237,1,26
43,44.402,-5.38069,-136.829,5177.46,1,26
43,44.4086,-5.3254,-145.78,2239,1,26
43,44.5375,-4.11078,0.106018,74.7541,1,26
43,44.5696,-3.74627,47.4159,177.153,1,26
43,44.6514,-2.59562,-196.655,162.412,1,26
43,44.6588,-2.46583,-0.860152,469.282,1,26
43,44.6552,-2.52958,-239.762,393.698,1,26
43,44.6887,-1.84558,-129.581,655.164,1,26
43,44.6886,-1.84851,-196.983,434.736,1,26
43,44.7138,-1.07637,-135.549,394.03,1,26
43,44.7185,-0.859395,-129.958,196.033,1,26
43,44.7256,-0.323434,-269.226,127.746,1,26
43,44.7265,0.155305,-38.1203,296.099,1,26
43,44.6799,2.04805,-51.359,648.238,1,26
43,44.6271,2.98465,-138.61,5246.14,1,26
43,44.624,3.03005,-199.392,344.537,1,26
43,44.3971,5.421,-80.3722,786.815,1,26
43,43.9885,8.09316,14.193,352.361,1,26
43,43.647,9.76855,10.8263,93.2433,1,26
43,43.3098,11.1689,98.9828,715.068,1,26
43,42.8155,12.9351,-74.3279,834.981,1,26
43,42.0939,15.1191,-29.717,301.548,1,26
43,41.563,16.5229,-84.2323,65.6533,1,26
43,41.2525,17.2833,-84.2123,647.164,1,26
43,40.8781,18.1513,-80.5903,190.826,1,26
43,40.4785,19.0257,-61.3697,1480.2,1,26
43,40.2196,19.5671,-11.4747,620.243,1,26
43,38.0924,23.4404,-245.94,478.785,1,26
43,37.7724,23.9526,84.0715,643.372,1,26
43,37.051,25.0541,-119.322,426.766,1,26
43,34.4751,28.4948,-23.4589,552.838,1,26
43,33.9812,29.082,98.5732,260.214,1,26
43,32.0762,31.1706,69.2523,69.2205,1,26
43,31.8201,31.432,69.2609,56.8893,1,26
43,31.8201,31.432,-32.921,174.169,1,26
43,23.4698,38.0744,-204.907,155.978,1,26
43,23.1231,38.2859,-205.609,299.923,1,26
43,21.2246,39.3701,-56.4064,282.432,1,26
43,18.8675,40.5525,101.961,2606.17,1,26
43,13.2926,42.7059,68.1856,1100.87,1,26
43,10.4515,43.4885,-21.0631,1289.52,1,26
43,8.67574,43.8773,-111.704,317.595,1,26
43,7.90114,44.0234,6.30593,1011.04,1,26
43,5.83358,44.3447,13.093,753.453,1,26
43,5.44351,44.3943,-264.479,3823.55,1,26
43,4.38899,44.5109,-52.5456,432.274,1,26
43,2.97427,44.6278,-141.508,214.215,1,26
43,2.97294,44.6279,-163.986,212.256,1,26
43,2.46869,44.6586,-191.724,24.2182,1,26
43,-0.963969,44.7164,0.992095,245.184,1,26
43,-1.94677,44.6844,-185.745,1270.22,1,26
43,-2.22201,44.6716,-220.89,391.691,1,26
43,-2.65138,44.6481,-134.484,23.0889,1,26
43,-4.618,44.4878,95.2027,347.773,1,26
43,-4.67544,44.4818,-129.533,161.613,1,26
43,-6.76381,44.2124,-73.9567,258.909,1,26
43,-10.2192,43.5437,-98.817,563.046,1,26
43,-10.2272,43.5418,-121.326,588.688,1,26
43,-13.9806,42.4856,-71.0665,799.304,1,26
43,-14.5184,42.3049,98.7807,2398.26,1,26
43,-15.8321,41.831,-17.1052,345.163,1,26
43,-21.9102,38.9927,-160.506,2404.36,1,26
43,-23.3023,38.1771,-34.4599,293.244,1,26
43,-24.3966,37.4872,-105.535,316.667,1,26
43,-28.0429,34.8437,-198.679,325.438,1,26
43,-28.1596,34.7494,-145.966,636.339,1,26
43,-29.6488,33.4878,1.33156,467.416,1,26
43,-30.387,32.8194,-50.6642,250.939,1,26
43,-31.9374,31.3128,-161.193,516.044,1,26
43,-32.819,30.3875,-62.4917,624.397,1,26
43,-35.261,27.5164,-301.877,249.306,1,26
43,-36.0799,26.4334,-160.478,465.102,1,26
43,-36.3647,26.0403,51.6507,1255.21,1,26
43,-36.7556,25.4856,83.9808,3209.91,1,26
43,-37.1102,24.9664,-151.747,560.972,1,26
43,-38.4833,22.793,-109.323,288.986,1,26
43,-38.5993,22.5961,-93.9372,616.694,1,26
43,-39.1268,21.6699,-112.791,507.306,1,26
43,-40.0697,19.8722,-169.88,418.251,1,26
43,-40.8462,18.2228,-142.649,2538.27,1,26
43,-41.5988,16.4326,51.184,595.756,1,26
43,-43.8495,8.81545,-142.116,36.0567,1,26
43,-44.5373,4.11231,-21.3102,602.22,1,26
43,-44.5996,3.37097,-131.875,929.692,1,26
43,-44.5997,3.36956,-154.326,914.708,1,26
43,-44.7239,0.513821,-136.615,1512.16,1,26
43,-44.726,0.274421,-31.5917,76.5883,1,26
43,-45.7398,-0.819484,291.384,200.172,0,27
43,-45.6236,-3.35955,-91.1761,478.849,0,27
43,-45.1682,-7.25479,130.655,255.635,0,27
43,-45.1069,-7.6264,-2.97269,721.575,0,27
43,-44.895,-8.78852,-74.8746,401.787,0,27
43,-44.6559,-9.93195,151.194,58.3126,0,27
43,-44.6559,-9.93195,173.673,57.7057,0,27
43,-44.533,-10.4696,151.365,487.438,0,27
43,-44.5326,-10.4713,173.838,485.001,0,27
43,-44.4747,-10.7143,123.368,421.833,0,27
43,-44.0913,-12.1965,-85.4091,201.905,0,27
43,-42.1845,-17.6994,89.3606,718.138,0,27
43,-42.2759,-17.4799,236.511,466.698,0,27
43,-40.9491,-20.3954,151.72,768.693,0,27
43,-40.848,-20.597,96.4201,179.456,0,27
43,-40.4422,-21.3827,151.572,380.012,0,27
43,-40.2778,-21.6909,-81.4342,368.229,0,27
43,-40.1461,-21.9336,151.444,145.564,0,27
43,-39.9092,-22.3618,-27.6989,814.309,0,27
43,-37.9945,-25.4796,256.342,1657.61,0,27
43,-37.1903,-26.6397,183.458,238.32,0,27
43,-37.0714,-26.805,43.9221,533.662,0,27
43,-36.3883,-27.7253,183.147,592.235,0,27
43,-35.6822,-28.6283,-12.5483,1048.44,0,27
43,-33.6189,-31.0253,-64.5099,73.7786,0,27
43,-32.6474,-32.046,139.425,107.033,0,27
43,-27.9032,-36.252,110.496,177.798,0,27
43,-27.4104,-36.6261,3.57347,287.819,0,27
43,-27.0255,-36.9109,3.044,26.2002,0,27
43,-26.5708,-37.2396,-36.1596,698.345,0,27
43,-26.5901,-37.2259,277.926,1684.88,0,27
43,-26.0795,-37.5854,-17.8259,462.557,0,27
43,-24.5647,-38.5924,73.062,1876.01,0,27
43,-22.438,-39.8664,299.047,339.486,0,27
43,-21.1364,-40.5715,239.489,889.264,0,27
43,-17.4918,-42.271,38.0087,158.953,0,27
43,-17.4202,-42.3005,152.049,142.058,0,27
43,-16.0364,-42.8443,-74.2197,2277.9,0,27
43,-15.6044,-43.0035,36.5945,362.384,0,27
43,-15.4546,-43.0575,173.251,2973.24,0,27
43,-10.8199,-44.4491,291.713,362.843,0,27
43,-10.8431,-44.4435,56.892,27.3075,0,27
43,-8.64933,-44.922,52.228,31.146,0,27
43,-7.63171,-45.106,64.5987,524.702,0,27
43,-6.20036,-45.325,44.2496,819.033,0,27
43,-4.20456,-45.5535,289.423,114.502,0,27
43,3.16717,-45.6373,284.611,357.259,0,27
43,6.04813,-45.3455,-95.3296,390.964,0,27
43,6.51348,-45.281,176.212,250.481,0,27
43,11.4647,-44.2872,86.7892,124.09,0,27
43,11.4657,-44.287,109.259,127.366,0,27
43,12.3804,-44.04,33.0956,890.911,0,27
43,13.5296,-43.7007,113.096,2010.82,0,27
43,13.5305,-43.7004,135.571,2007.84,0,27
43,13.5961,-43.68,166.515,202.404,0,27
43,14.2941,-43.4566,166.011,359.395,0,27
43,15.5665,-43.0172,283.005,249.697,0,27
43,17.2433,-42.373,0.58213,982.024,0,27
43,21.8272,-40.2041,37.1612,368.946,0,27
43,22.3324,-39.9257,35.5221,172.787,0,27
43,24.5177,-38.6223,135.179,133.266,0,27
43,25.4112,-38.0403,81.7598,4338.81,0,27
43,26.2074,-37.4963,-42.0959,1919.63,0,27
43,26.5706,-37.2398,-43.596,30.0364,0,27
43,26.9086,-36.9962,-42.92,111.498,0,27
43,27.6229,-36.4661,83.8845,493.147,0,27
43,28.148,-36.0623,-19.8128,611.273,0,27
43,30.1422,-34.4129,167.745,7039.56,0,27
43,34.0842,-30.5133,18.8769,85.3547,0,27
43,36.1221,-28.0712,249.323,288.045,0,27
43,42.8479,-16.0268,14.2817,43.1294,0,27
43,44.3071,-11.3877,114.725,103.197,0,27
43,45.1838,-7.15674,-48.4318,113.671,0,27
43,45.2845,-6.48908,281.479,347.79,0,27
43,45.3761,-5.8141,59.6616,429.899,0,27
43,45.6831,-2.4182,62.8604,822.209,0,27
43,45.7368,-0.969971,260.599,378.116,0,27
43,45.7395,0.834464,272.137,447.343,0,27
43,45.233,6.83919,284.009,13464.9,0,27
43,45.3434,6.06396,287.861,187,0,27
43,43.4716,14.2484,284.532,323.105,0,27
43,43.4394,14.3461,-67.3272,195.695,0,27
43,43.4468,14.3237,128.41,473.974,0,27
43,42.623,16.6155,-73.737,1234.86,0,27
43,41.3151,19.6434,134.277,312.991,0,27
43,40.9597,20.374,-69.8018,1428.67,0,27
43,41.0026,20.2875,280.004,434.496,0,27
43,40.3172,21.6176,45.1171,263.623,0,27
43,39.9296,22.3254,162.867,1199.22,0,27
43,39.9589,22.2729,70.6362,485.287,0,27
43,38.1816,25.1985,107.754,1975.64,0,27
43,36.9548,26.9656,154.572,3450.04,0,27
43,36.6832,27.3339,122.515,338.853,0,27
43,36.1102,28.0865,122.245,165.531,0,27
43,35.5352,28.8105,122.095,443.065,0,27
43,34.8997,29.5772,121.879,278.792,0,27
43,34.8483,29.6377,163.043,458.446,0,27
43,34.028,30.576,162.952,469.165,0,27
43,33.2907,31.3771,162.789,90.7791,0,27
43,33.1827,31.4914,20.1483,203.746,0,27
43,32.6772,32.0156,-3.74,23.091,0,27
43,32.6772,32.0156,161.196,22.0567,0,27
43,31.3571,33.3096,263.133,7398.59,0,27
43,31.2801,33.3819,57.5166,1157.93,0,27
43,31.1654,33.489,-74.1366,1313.8,0,27
43,30.9293,33.7072,140.214,49.4791,0,27
43,30.6091,33.9982,140.303,265.424,0,27
43,29.7036,34.7922,155.023,184.047,0,27
43,28.4831,35.7982,155.15,1236.28,0,27
43,28.9129,35.452,-70.4002,96.6007,0,27
43,28.1678,36.0468,119.37,828.811,0,27
43,27.811,36.3228,162.53,1077.55,0,27
43,25.0606,38.2722,-89.1343,355.6,0,27
43,24.9476,38.346,55.8413,142.41,0,27
43,23.6414,39.1648,164.528,790.469,0,27
43,22.1376,40.034,167.52,316.384,0,27
43,22.304,39.9416,77.668,40.2731,0,27
43,21.3366,40.4666,23.7076,2033.19,0,27
43,21.457,40.4029,167.52,247.398,0,27
43,18.2064,41.9681,35.3917,719.625,0,27
43,17.4757,42.2776,106.589,4194.47,0,27
43,16.0724,42.8308,168.463,935.97,0,27
43,15.4872,43.0458,273.568,777.873,0,27
43,13.6307,43.6692,-10.7629,154.112,0,27
43,12.9085,43.8881,-15.973,971.208,0,27
43,10.3945,44.5505,149.07,115.428,0,27
43,9.14476,44.8238,-50.6005,7422.38,0,27
43,1.65423,45.7172,51.1348,6311.67,0,27
43,1.70538,45.7153,58.7676,1461,0,27
43,-0.241671,45.7465,143.111,206.052,0,27
43,-3.45869,45.6162,172.665,110.868,0,27
43,-3.45869,45.6162,195.122,110.892,0,27
43,-4.02699,45.5695,23.8325,729.734,0,27
43,-4.1076,45.5623,171.32,931.353,0,27
43,-4.44782,45.5304,-39.9925,171.771,0,27
43,-5.2103,45.4494,117.859,480.084,0,27
43,-9.01012,44.851,-15.4204,369.759,0,27
43,-13.7067,43.6454,-91.7356,471.748,0,27
43,-14.2662,43.4658,0.67189,535.4,0,27
43,-15.8819,42.9018,-100.636,797.515,0,27
43,-17.7205,42.1756,288.291,535.212,0,27
43,-20.4054,40.9441,225.466,118.91,0,27
43,-24.6659,38.5278,-78.6644,1015.71,0,27
43,-24.8186,38.4296,23.2786,543.273,0,27
43,-28.0437,36.1435,-60.0157,928.298,0,27
43,-29.4734,34.9874,43.7593,622.628,0,27
43,-30.1795,34.3801,193.839,1259.25,0,27
43,-30.1888,34.372,171.367,1246.86,0,27
43,-30.3406,34.238,105.86,635.725,0,27
43,-34.4641,30.0836,222.431,439.294,0,27
43,-34.8665,29.6163,20.2773,559.875,0,27
43,-36.5822,27.4689,163.926,523.893,0,27
43,-36.5754,27.4779,198.398,306.287,0,27
43,-37.8307,25.7223,129.396,63.271,0,27
43,-38.8082,24.2224,-79.0246,970.085,0,27
43,-39.3915,23.2617,254.922,227.725,0,27
43,-39.7958,22.5631,-20.647,185.909,0,27
43,-40.0522,22.1047,51.8174,352.062,0,27
43,-40.5209,21.2334,78.6776,605.239,0,27
43,-41.3522,19.5652,57.5014,295.476,0,27
43,-42.8479,16.0268,49.6387,772.166,0,27
43,-43.2283,14.9704,163.436,134.464,0,27
43,-45.0321,8.05635,148.584,173.578,0,27
43,-45.4404,5.28819,6.01066,366.068,0,27
43,-45.6139,3.48796,-20.4013,186.482,0,27
43,-45.6016,3.64522,196.812,44.3095,0,27
43,-45.6299,3.27203,197.236,23.2549,0,27
43,-45.747,-0.0935778,-135.905,97.5626,1,27
43,-45.747,-0.0935764,-186.787,200.829,1,27
43,-44.8125,-9.19997,-86.8072,117.945,1,27
43,-44.6149,-10.1145,64.8488,151.132,1,27
43,-44.6149,-10.1145,-161.059,137.182,1,27
43,-43.8448,-13.055,-13.2426,664.575,1,27
43,-43.4612,-14.2802,40.9105,2602.92,1,27
43,-43.1658,-15.1495,-50.9825,363.012,1,27
43,-42.4946,-16.9412,-13.7419,235.291,1,27
43,-42.1927,-17.6797,-70.1937,670.074,1,27
43,-40.1912,-21.8509,103.354,1999.28,1,27
43,-39.8761,-22.4208,-43.4559,192.137,1,27
43,-39.4847,-23.1032,-231.52,781.321,1,27
43,-36.6886,-27.3266,-28.6886,67.6754,1,27
43,-36.2699,-27.8799,-29.2099,86.8554,1,27
43,-35.3232,-29.07,74.0067,705.145,1,27
43,-35.0535,-29.3948,-163.734,223.329,1,27
43,-34.458,-30.0905,-133.628,373.071,1,27
43,-34.4561,-30.0928,-164.164,30.3441,1,27
43,-34.2088,-30.3736,-164.164,66.2934,1,27
43,-33.2085,-31.4642,69.1885,764.413,1,27
43,-32.5858,-32.1086,68.9438,125.827,1,27
43,-32.5459,-32.149,-138.724,23.091,1,27
43,-30.9046,-33.7299,-107.032,1168.3,1,27
43,-29.7425,-34.7589,104.977,601.08,1,27
43,-27.6783,-36.424,-108.515,136.854,1,27
43,-27.6482,-36.4469,-208.215,201.75,1,27
43,-27.4228,-36.6168,-109.489,129.601,1,27
43,-26.7567,-37.1063,-111.819,1020.88,1,27
43,-26.5979,-37.2203,-90.4243,2254.35,1,27
43,-26.2494,-37.4669,-68.8615,2312.56,1,27
43,-25.8009,-37.7771,-254.79,645.031,1,27
43,-21.6475,-40.3012,-63.9018,321.327,1,27
43,-19.6016,-41.3349,-241.684,1094.39,1,27
43,-16.7257,-42.5799,-223.1,24.091,1,27
43,-16.7257,-42.5799,-282.414,114.445,1,27
43,-16.0268,-42.8479,-283.456,290.462,1,27
43,-15.3236,-43.1043,-61.4066,62.3662,1,27
43,-13.606,-43.6769,-126.869,756.048,1,27
43,-12.4716,-44.0143,-134.876,523.837,1,27
43,-12.4716,-44.0143,-157.347,524.995,1,27
43,-8.95898,-44.8613,-290.646,640.425,1,27
43,-8.69615,-44.913,53.7397,664.641,1,27
43,-6.2549,-45.3175,-116.56,1067.01,1,27
43,-6.17066,-45.329,-182.96,205.318,1,27
43,-6.16874,-45.3293,-205.435,207.293,1,27
43,-3.91446,-45.5793,-73.5167,487.263,1,27
43,1.02916,-45.7355,-165.012,40.1862,1,27
43,2.05133,-45.7011,104.278,230.986,1,27
43,2.37795,-45.6853,-13.9431,323.436,1,27
43,3.57807,-45.607,-103.932,5043.97,1,27
43,4.07146,-45.5656,-152.995,85.0734,1,27
43,6.68863,-45.2555,21.3855,509.275,1,27
43,6.95839,-45.2148,-114.533,387.043,1,27
43,6.99004,-45.2099,24.8203,138.386,1,27
43,10.1934,-44.597,-131.221,860.994,1,27
43,12.3829,-44.0393,-152.087,423.869,1,27
43,12.4968,-44.0071,-259.506,609.258,1,27
43,14.4136,-43.4171,81.3244,781.117,1,27
43,15.9128,-42.8903,-297.804,828.52,1,27
43,16.4399,-42.6911,-52.6863,253.852,1,27
43,17.564,-42.241,-19.134,203.513,1,27
43,18.11,-42.0098,-116.252,33.233,1,27
43,18.11,-42.0098,-131.075,185.601,1,27
43,18.11,-42.0098,-153.54,182.539,1,27
43,18.6241,-41.7844,-116.918,128.054,1,27
43,18.6241,-41.7844,-141.904,89.9339,1,27
43,22.9604,-39.5679,-95.9744,598.175,1,27
43,26.198,-37.5029,-68.5047,140.943,1,27
43,27.0368,-36.9027,3.59493,625.818,1,27
43,30.0928,-34.4561,-6.86,24.0733,1,27
43,30.3736,-34.2088,-154.412,39.2892,1,27
43,32.7586,-31.9323,-236.196,561.546,1,27
43,34.8233,-29.667,-13.4092,875.625,1,27
43,36.7084,-27.3001,-6.43904,262.188,1,27
43,37.2507,-26.5552,-97.8473,7755.76,1,27
43,39.7828,-22.5859,98.167,129.623,1,27
43,40.2464,-21.7491,-112.633,159.422,1,27
43,40.4229,-21.4193,-82.565,197.826,1,27
43,40.8707,-20.5519,-135.863,1131.65,1,27
43,41.1618,-19.9625,-155.275,430.328,1,27
43,41.1976,-19.8886,-278.109,464.138,1,27
43,41.849,-18.4786,-103.565,663.249,1,27
43,41.9434,-18.2633,-90.4528,133.09,1,27
43,43.4619,-14.2781,-265.817,655.513,1,27
43,43.5658,-13.9578,-4.98765,1608.16,1,27
43,43.4674,-14.2611,-250.324,249.418,1,27
43,43.5826,-13.9051,-266.13,54.6449,1,27
43,43.7974,-13.2131,-147.214,350.603,1,27
43,44.5716,-10.3038,-19.3255,1727.68,1,27
43,44.6411,-9.99865,75.2334,401.32,1,27
43,44.7745,-9.38317,-79.1613,113.052,1,27
43,44.9877,-8.30074,-23.2232,230.81,1,27
43,45.1462,-7.39026,-167.776,801.021,1,27
43,45.3918,-5.69054,-136.785,5050.58,1,27
43,45.4235,-5.43198,-196.06,221.942,1,27
43,45.4974,-4.77338,58.939,517.455,1,27
43,45.538,-4.36893,-196.285,594.687,1,27
43,45.5847,-3.85092,1.45021,226.887,1,27
43,45.592,-3.76421,48.0212,286.619,1,27
43,45.5934,-3.74711,-128.972,64.1113,1,27
43,45.6499,-2.97993,-129.336,232.414,1,27
43,45.6978,-2.12298,-0.144644,466.993,1,27
43,45.7034,-1.99841,-236.625,1390,1,27
43,45.7256,-1.40327,-158.652,30.0654,1,27
43,45.7256,-1.40327,-181.124,29.1261,1,27
43,45.7405,-0.775718,-158.251,206.858,1,27
43,45.7407,-0.765822,-180.673,184.971,1,27
43,45.7435,-0.571729,-269.132,299.435,1,27
43,45.6877,2.33054,-49.854,571.416,1,27
43,45.6747,2.5725,-139.47,2906.68,1,27
43,45.6328,3.23142,-199.309,194.373,1,27
43,45.5671,4.05376,-81.7292,247.056,1,27
43,45.5175,4.57712,-81.06,28.2621,1,27
43,45.4786,4.94935,-81.2693,45.4678,1,27
43,45.3398,6.09091,-55.8785,569.742,1,27
43,45.0908,7.72145,15.9457,588.353,1,27
43,44.6991,9.73602,11.4551,294.561,1,27
43,44.4518,10.809,99.1149,283.051,1,27
43,43.7535,13.3578,-71.8179,687.152,1,27
43,42.9536,15.7413,-29.5122,452.738,1,27
43,41.5966,19.0401,-83.9159,1209.27,1,27
43,41.7157,18.7777,-79.324,636.664,1,27
43,41.5527,19.1355,-59.8894,232.851,1,27
43,41.2178,19.8467,-10.4147,154.448,1,27
43,39.6648,22.7925,-44.479,103.978,1,27
43,39.0831,23.7762,-244.058,449.86,1,27
43,38.6996,24.3955,84.6094,223.97,1,27
43,37.9461,25.5517,-116.905,346.968,1,27
43,34.9863,29.4747,-21.8196,459.939,1,27
43,34.7702,29.7293,98.716,67.6393,1,27
43,32.6265,32.0673,70.0101,348.753,1,27
43,27.2284,36.7616,-30.241,245.814,1,27
43,24.5322,38.6131,-202.869,861.605,1,27
43,21.8569,40.188,-200.278,2471.45,1,27
43,21.1414,40.5689,-54.2817,809.166,1,27
43,13.4684,43.7195,69.787,2169.88,1,27
43,10.3465,44.5617,-19.142,478.678,1,27
43,9.19509,44.8135,-111.64,309.712,1,27
43,7.33737,45.1548,6.64225,305.345,1,27
43,6.64728,45.2616,15.6332,1428.62,1,27
43,6.80502,45.2381,6.99955,90.738,1,27
43,6.43469,45.2923,6.92766,45.3768,1,27
43,5.91059,45.3637,-264.072,2150.95,1,27
43,5.00657,45.4723,-51.5581,506.58,1,27
43,3.45866,45.6162,-140.228,82.0511,1,27
43,3.45865,45.6162,-162.689,84.0092,1,27
43,2.10097,45.6988,-190.506,476.777,1,27
43,-0.85937,45.739,1.68381,818.259,1,27
43,-2.12329,45.6978,-185.537,1275.7,1,27
43,-2.44375,45.6818,-220.766,146.45,1,27
43,-2.66935,45.6692,-133.928,248.057,1,27
43,-4.22261,45.5518,97.2135,755.249,1,27
43,-5.16396,45.4547,-130.25,398.342,1,27
43,-6.70273,45.2534,-73.6564,217.164,1,27
43,-7.91319,45.0575,52.2418,132.947,1,27
43,-10.297,44.5732,-119.644,22.0674,1,27
43,-13.0837,43.8362,-71.2959,511.799,1,27
43,-15.0374,43.205,99.8857,261.996,1,27
43,-16.4731,42.6782,67.9879,426.988,1,27
43,-16.277,42.7535,-16.82,106.086,1,27
43,-22.0983,40.0558,-161.694,4573.76,1,27
43,-25.0713,38.2652,-105.179,528.329,1,27
43,-28.8836,35.4758,-198.672,1262.79,1,27
43,-28.9916,35.3876,-145.479,693.276,1,27
43,-30.1925,34.3688,2.20862,79.9404,1,27
43,-30.9766,33.6637,-49.5395,1706.49,1,27
43,-32.7707,31.9198,-159.678,1518.48,1,27
43,-36.3368,27.7927,-160.658,1824.53,1,27
43,-36.1822,27.9937,-301.369,161.286,1,27
43,-36.8754,27.0739,-284.258,137.617,1,27
43,-37.4216,26.3138,52.5904,484.983,1,27
43,-39.1401,23.6823,-92.233,446.829,1,27
43,-39.2954,23.4237,-108.687,470.845,1,27
43,-40.3012,21.6475,-111.588,38.3818,1,27
43,-40.6124,21.0579,-111.036,442.48,1,27
43,-41.0357,20.2204,-169.31,1446.02,1,27
43,-41.8009,18.5872,-141.903,257.52,1,27
43,-42.7135,16.3815,53.3551,430.468,1,27
43,-43.3541,14.6019,66.3888,1129.38,1,27
43,-43.535,14.0535,-88.1699,401.605,1,27
43,-44.7317,9.58515,-141.98,517.755,1,27
43,-45.5496,4.2464,-20.4067,629.145,1,27
43,-45.6392,3.1405,-131.027,815.402,1,27
43,-45.6398,3.13149,-153.488,792.039,1,27
43,-46.7596,-0.86085,291.161,85.7807,0,28
43,-46.622,-3.68673,-92.2662,1113.52,0,28
43,-46.3657,-6.11698,288.109,177.837,0,28
43,-46.1894,-7.33059,-4.49514,244.694,0,28
43,-46.1318,-7.68501,130.477,491.814,0,28
43,-45.7748,-9.58477,-76.7971,2965.28,0,28
43,-45.4709,-10.936,122.899,1334.31,0,28
43,-43.3255,-17.6096,235.176,340.419,0,28
43,-42.8255,-18.7929,88.6468,243.778,0,28
43,-41.5035,-21.5559,94.654,490.069,0,28
43,-41.0176,-22.4667,-81.756,36.2752,0,28
43,-40.8298,-22.8062,-20.8241,582.192,0,28
43,-40.7071,-23.0246,-27.9555,482.633,0,28
43,-40.0813,-24.0975,151.219,135.91,0,28
43,-39.705,-24.7125,151.222,393.853,0,28
43,-39.206,-25.4968,253.818,1603.53,0,28
43,-38.2262,-26.9435,43.5661,642.365,0,28
43,-36.2323,-29.5706,182.796,653.992,0,28
43,-36.469,-29.2782,-12.8873,1002.93,0,28
43,-33.6727,-32.4553,139.148,26.0889,0,28
43,-28.5461,-37.0449,109.507,306.575,0,28
43,-27.5942,-37.7592,1.94889,830.86,0,28
43,-27.2967,-37.9748,276.706,549.415,0,28
43,-26.5772,-38.4819,-35.6525,1349.51,0,28
43,-26.5118,-38.5269,-17.8944,235.098,0,28
43,-25.4609,-39.2294,70.5797,1271.99,0,28
43,-22.6395,-40.9225,298.277,886.575,0,28
43,-21.8613,-41.3435,238.051,804.158,0,28
43,-17.9488,-43.1861,37.512,106.231,0,28
43,-17.6573,-43.3061,150.655,493.02,0,28
43,-16.516,-43.7541,-74.467,1124.87,0,28
43,-16.151,-43.8901,35.4753,379.412,0,28
43,-10.932,-45.4719,291.991,307.325,0,28
43,-7.9045,-46.0947,64.501,309.042,0,28
43,-6.4282,-46.3236,42.3381,1211.21,0,28
43,3.02333,-46.6697,283.221,209.8,0,28
43,6.19922,-46.3548,-95.9833,133.866,0,28
43,6.83548,-46.2653,175.796,133.086,0,28
43,12.8385,-44.9708,31.0418,870.702,0,28
43,13.529,-44.7679,111.727,1125.49,0,28
43,13.5287,-44.768,134.199,1134.53,0,28
43,15.8855,-43.9869,282.332,227.508,0,28
43,17.7034,-43.2873,-0.857599,242.975,0,28
43,22.5874,-40.9513,-67.6784,153.446,0,28
43,23.4545,-40.4609,33.2039,1460.63,0,28
43,24.7776,-39.6645,138.283,75,0,28
43,25.9326,-38.9191,81.7727,1570.2,0,28
43,27.8911,-37.5404,-43.8504,137.098,0,28
43,28.6224,-36.9859,84.198,352.515,0,28
43,28.5461,-37.0448,-40.6441,79,0,28
43,28.6498,-36.9647,-21.1148,589.046,0,28
43,30.304,-35.6211,167.723,7632.82,0,28
43,34.7032,-31.351,18.5474,360.938,0,28
43,35.5371,-30.4025,224.639,1259.98,0,28
43,35.6996,-30.2116,146.97,124.975,0,28
43,36.2729,-29.5207,59.012,46.5055,0,28
43,36.4566,-29.2936,180.663,434.654,0,28
43,36.4572,-29.2929,203.134,437.57,0,28
43,37.178,-28.3724,246.773,972.386,0,28
43,38.5953,-26.4121,262.077,272.375,0,28
43,38.9265,-25.9216,-97.7582,847.664,0,28
43,39.4277,-25.1527,142.512,783.701,0,28
43,40.0137,-24.2096,288.081,235.366,0,28
43,40.0494,-24.1505,-4.16568,1709.1,0,28
43,41.5376,-21.4902,94.1424,746.148,0,28
43,43.4661,-17.2597,76.8855,1406.12,0,28
43,43.719,-16.6086,13.3267,304.273,0,28
43,44.5615,-14.1941,156.034,403.824,0,28
43,45.567,-10.5286,176.036,97.7303,0,28
43,46.2472,-6.95635,-49.2426,568.57,0,28
43,46.2686,-6.81268,59.6065,517.552,0,28
43,46.3279,-6.39749,281.017,263.379,0,28
43,46.7614,-0.75394,260.838,482.58,0,28
43,46.7589,0.896458,271.612,386.609,0,28
43,46.4663,5.29913,282.044,18029,0,28
43,46.5328,4.67921,288.997,717,0,28
43,46.3798,6.00955,289.789,593,0,28
43,44.3722,14.7754,127.822,172.438,0,28
43,44.3655,14.7954,284.311,323.292,0,28
43,44.154,15.415,-67.319,299.748,0,28
43,43.7202,16.6055,-74.1619,567.676,0,28
43,43.1931,17.932,247.305,204.631,0,28
43,42.5282,19.4564,147.018,139.213,0,28
43,41.9543,20.6649,279.648,820.756,0,28
43,41.189,22.1509,-69.7177,1012,0,28
43,41.2271,22.0801,162.749,397.095,0,28
43,41.0809,22.3508,44.4538,74.724,0,28
43,40.9654,22.5617,68.3769,349.335,0,28
43,39.6201,24.8485,103.736,276.757,0,28
43,39.0682,25.7074,154.451,2157.64,0,28
43,38.5701,26.449,122.855,990.415,0,28
43,38.0471,27.1959,122.71,328.142,0,28
43,37.446,28.0178,163.364,244.453,0,28
43,36.8197,28.8359,163.191,379.586,0,28
43,36.2622,29.5339,163.136,584.943,0,28
43,35.222,30.767,191.599,338.63,0,28
43,33.9236,32.193,160.196,275.419,0,28
43,33.6727,32.4553,160.772,25.5896,0,28
43,32.8661,33.2719,57.0095,95.9464,0,28
43,32.1787,33.9371,57.1558,92.6029,0,28
43,31.7598,34.3294,139.303,251.405,0,28
43,31.7598,34.3294,262.224,1720.82,0,28
43,27.4738,37.847,155.27,218.804,0,28
43,22.9683,40.7389,164.726,112.894,0,28
43,16.0254,43.9362,272.954,584.204,0,28
43,12.3813,45.0988,-15.612,29.1638,0,28
43,11.0911,45.4333,287.926,2349.44,0,28
43,9.98964,45.6881,-50.2981,6430.57,0,28
43,10.3795,45.6012,148.902,176.789,0,28
43,9.96662,45.6932,-42.7992,712,0,28
43,1.87953,46.7297,50.5138,3478.98,0,28
43,-0.511512,46.7647,142.686,334.497,0,28
43,-3.20975,46.6572,172.318,367.596,0,28
43,-3.20829,46.6573,194.79,359.731,0,28
43,-4.06445,46.5905,23.2785,875.108,0,28
43,-4.85086,46.5152,116.847,333.895,0,28
43,-9.46787,45.7991,-17.531,652.04,0,28
43,-14.0808,44.5974,-92.3869,1430.17,0,28
43,-14.7652,44.3755,-0.0431093,505.061,0,28
43,-17.8088,43.244,287.548,32.3942,0,28
43,-20.9136,41.8309,225.523,367.507,0,28
43,-23.3941,40.4959,-72.1524,724.199,0,28
43,-24.9396,39.5628,-79.8955,136.133,0,28
43,-25.3255,39.3169,21.6654,844.189,0,28
43,-29.0137,36.6798,-62.4377,596.242,0,28
43,-29.7614,36.0757,78.5628,636.543,0,28
43,-30.5848,35.3803,42.4929,334.068,0,28
43,-30.6986,35.2816,104.61,155.567,0,28
43,-32.1746,33.941,170.674,1004.61,0,28
43,-32.1746,33.941,193.145,1005.81,0,28
43,-35.4285,30.529,220.253,813.696,0,28
43,-37.2638,28.2597,197.917,588.659,0,28
43,-37.4673,27.9893,162.684,229.154,0,28
43,-38.4544,26.6169,129.125,260.687,0,28
43,-39.4802,25.0702,-81.0586,468.211,0,28
43,-40.2386,23.8339,254.269,465.363,0,28
43,-40.2606,23.7967,-14.0373,811,0,28
43,-41.0642,22.3814,49.8445,414.674,0,28
43,-41.2767,21.987,76.2858,1427.2,0,28
43,-42.1299,20.3044,57.2055,80.6512,0,28
43,-46.061,8.09835,148.336,323.914,0,28
43,-46.475,5.22243,4.9878,286.839,0,28
43,-46.5476,4.52991,149.631,390.594,0,28
43,-46.6532,3.26737,-20.3066,642.763,0,28
43,-46.6668,3.06799,196.337,216.376,0,28
43,-46.7232,2.0348,31.6126,124.189,0,28
43,-46.7455,1.43458,31.6933,53.5903,0,28
43,-46.7674,-0.0956654,-134.712,73.6568,1,28
43,-46.7674,-0.0956678,-186.382,71.9201,1,28
43,-44.6728,-13.8399,-13.644,86.2507,1,28
43,-44.4294,-14.6023,40.3061,2545.43,1,28
43,-44.2183,-15.2296,-50.5929,216.889,1,28
43,-43.3677,-17.5054,-13.1903,501.303,1,28
43,-42.1869,-20.1857,103.984,1915.11,1,28
43,-40.8523,-22.766,-42.9825,234.335,1,28
43,-40.3125,-23.7086,-229.669,572.484,1,28
43,-38.358,-26.7556,-27.4999,74.7828,1,28
43,-37.9275,-27.3625,-27.9784,282.322,1,28
43,-36.1717,-29.6447,74.2866,1446.12,1,28
43,-35.591,-30.3394,-132.764,1531.9,1,28
43,-34.6661,-31.392,-102.562,691.212,1,28
43,-34.6765,-31.3805,-164.242,123.942,1,28
43,-33.9372,-32.1787,-164.578,838.185,1,28
43,-32.4672,-33.6613,-105.82,681.133,1,28
43,-30.8334,-35.1639,105.5,85,1,28
43,-28.8903,-36.7771,-107.294,1268.39,1,28
43,-28.3405,-37.2024,-207.749,102.777,1,28
43,-27.563,-37.782,-110.342,875.228,1,28
43,-27.2832,-37.9845,-89.2524,3057.2,1,28
43,-26.139,-38.7808,-135.544,95.9768,1,28
43,-26.166,-38.7626,-253.167,233.359,1,28
43,-25.7673,-39.0288,-70.3574,751.673,1,28
43,-24.7776,-39.6645,-79.7623,908,1,28
43,-24.1398,-40.0558,-114.562,573.872,1,28
43,-22.1304,-41.2001,-62.828,36.4478,1,28
43,-19.8137,-42.3629,-240.484,69.9169,1,28
43,-18.4367,-42.9801,-280.709,432.991,1,28
43,-18.1619,-43.0969,-281.738,102.587,1,28
43,-13.5249,-44.7691,-124.55,4008.17,1,28
43,-12.8052,-44.9803,-133.494,515.008,1,28
43,-12.8056,-44.9802,-155.97,518.091,1,28
43,-11.6854,-45.2841,-255.937,772.071,1,28
43,-9.32873,-45.8277,54.9253,106.096,1,28
43,-8.75793,-45.9402,-289.748,195.669,1,28
43,-6.617,-46.297,-116.521,685.007,1,28
43,-5.81975,-46.404,-182.82,23.1456,1,28
43,-5.81975,-46.404,-205.292,24.1826,1,28
43,-5.18473,-46.4792,-182.739,261.426,1,28
43,-5.18817,-46.4788,-205.208,260.371,1,28
43,-3.76007,-46.6161,-71.0307,674.407,1,28
43,0.963603,-46.7576,-164.818,227.168,1,28
43,2.23833,-46.7139,-13.4527,1083.16,1,28
43,2.68537,-46.6903,103.006,495.865,1,28
43,3.37003,-46.6459,-104.135,6889.83,1,28
43,4.41778,-46.5584,-152.716,75.2914,1,28
43,6.54045,-46.3079,-114.002,1002.24,1,28
43,6.60774,-46.2983,23.0032,1234.98,1,28
43,7.1381,-46.2195,-253.896,796.772,1,28
43,7.26209,-46.2002,25.1007,527.917,1,28
43,9.99175,-45.6877,-129.414,533.953,1,28
43,11.7227,-45.2745,81.9661,173.771,1,28
43,12.5349,-45.0563,-151.833,565.414,1,28
43,13.2562,-44.8494,-259.897,102.455,1,28
43,13.7694,-44.6946,83.6506,224.481,1,28
43,14.0943,-44.5932,82.8086,133.39,1,28
43,13.8503,-44.6696,-260.412,56.2749,1,28
43,16.4437,-43.7813,-124.496,8879.95,1,28
43,16.4433,-43.7815,-146.959,8865.79,1,28
43,16.2947,-43.837,-297.349,343.46,1,28
43,17.1241,-43.5197,-114.859,1129.66,1,28
43,17.3732,-43.4209,-51.4342,725.776,1,28
43,21.4393,-41.5639,-130.613,2156.66,1,28
43,23.4475,-40.465,-94.9934,192.983,1,28
43,26.7201,-38.3828,-93.0382,545.407,1,28
43,28.1651,-37.3354,6.30989,703.944,1,28
43,28.5461,-37.0448,7.132,21.0201,1,28
43,30.7873,-35.2043,-6.37647,248.54,1,28
43,31.2169,-34.8239,-154.015,954.169,1,28
43,32.8661,-33.2719,96.8485,84.4976,1,28
43,33.4061,-32.7297,-234.729,57.9091,1,28
43,35.6964,-30.2154,-12.6021,223.798,1,28
43,37.667,-27.72,-99.0667,8943.49,1,28
43,37.507,-27.9361,-5.93351,205.453,1,28
43,40.612,-23.192,98.8961,181.848,1,28
43,41.0191,-22.464,-111.987,546.339,1,28
43,41.4143,-21.7268,-82.3384,444.374,1,28
43,41.7656,-21.0436,-136.586,1354.9,1,28
43,41.9867,-20.5989,-153.988,21.1799,1,28
43,42.3744,-19.7891,-276.539,593.179,1,28
43,42.7198,-19.0319,-102.802,1006.5,1,28
43,42.7633,-18.934,-89.1672,967.793,1,28
43,44.3292,-14.9036,-264.452,693.217,1,28
43,44.4012,-14.6877,-249.574,1267.09,1,28
43,44.5666,-14.1782,-3.11983,1200.83,1,28
43,45.4526,-11.0117,75.577,718.053,1,28
43,45.4087,-11.1915,-18.763,5376.11,1,28
43,45.3891,-11.2708,-23.1124,151,1,28
43,45.9135,-8.89662,-79.8734,780.763,1,28
43,46.0414,-8.20895,-22.0223,408.865,1,28
43,46.0953,-7.90089,-166.954,437.249,1,28
43,46.1473,-7.591,-195.443,135.894,1,28
43,46.2655,-6.8336,-128.215,240.056,1,28
43,46.2549,-6.90547,-195.718,77.463,1,28
43,46.3512,-6.22606,-195.822,185.45,1,28
43,46.3878,-5.94741,-137.646,6780.57,1,28
43,46.4,-5.85105,-128.371,134.218,1,28
43,46.4666,-5.29658,-128.576,293.841,1,28
43,46.5202,-4.80325,-128.738,181.074,1,28
43,46.5579,-4.4223,59.4625,199.529,1,28
43,46.6032,-3.9172,59.8952,219.834,1,28
43,46.6032,-3.9172,2.468,24.3247,1,28
43,46.6336,-3.53654,48.6919,294.719,1,28
43,46.7341,-1.76797,-131.41,887.598,1,28
43,46.7283,-1.91412,-235.296,1445.72,1,28
43,46.7581,-0.938832,-269.025,317.254,1,28
43,46.766,-0.374849,-157.697,229.543,1,28
43,46.7659,-0.386037,-180.213,261.201,1,28
43,46.7603,0.81862,-36.6873,475.996,1,28
43,46.7151,2.2138,-140.217,4747.82,1,28
43,46.6691,3.03206,-82.8943,2322,1,28
43,46.7064,2.39032,-148.985,1051,1,28
43,46.683,2.81056,-48.2061,1398.61,1,28
43,46.6206,3.70391,-199.119,432.039,1,28
43,46.3876,5.94892,-55.7318,265.486,1,28
43,46.1535,7.55311,17.2679,673.962,1,28
43,45.7763,9.57778,12.3573,269.447,1,28
43,45.5198,10.7305,99.3501,236.233,1,28
43,44.7026,13.7433,-69.7474,470.241,1,28
43,43.7734,16.4648,-29.332,69.4551,1,28
43,42.589,19.3231,-77.8287,764.807,1,28
43,42.4796,19.5623,-83.604,24.5991,1,28
43,42.2665,20.0186,-9.13502,475.549,1,28
43,42.0645,20.4397,-83.7349,520.82,1,28
43,40.6011,23.211,-43.2515,351.728,1,28
43,40.0799,24.0999,-242.19,871.186,1,28
43,39.6315,24.8303,85.0748,592.923,1,28
43,38.8265,26.0712,-115.067,493.514,1,28
43,35.6546,30.2646,98.7791,1072.79,1,28
43,35.5434,30.3952,-20.0555,871.812,1,28
43,33.5397,32.5928,70.732,25.0728,1,28
43,33.2719,32.8661,70.732,21.0567,1,28
43,28.3279,37.212,-30.2879,776.015,1,28
43,26.0568,38.8361,-199.756,1454.79,1,28
43,22.454,41.0246,-199.995,883.666,1,28
43,21.3744,41.5973,-53.051,941.622,1,28
43,20.1246,42.2161,104.34,1242.81,1,28
43,17.9621,43.1806,-4.30206,334.877,1,28
43,13.3998,44.8067,72.1973,680.871,1,28
43,10.4737,45.5796,-17.3553,1122.86,1,28
43,9.68703,45.7533,-111.626,386.721,1,28
43,7.16206,46.2158,17.2212,1144.9,1,28
43,6.33735,46.3361,-263.764,1604.75,1,28
43,6.18543,46.3567,7.40474,392.552,1,28
43,5.64261,46.4259,-50.5771,972.368,1,28
43,5.47047,46.4465,7.81186,263.936,1,28
43,3.69591,46.6212,-139.305,703.887,1,28
43,3.69658,46.6212,-161.772,704.611,1,28
43,1.81156,46.7324,-189.458,620.682,1,28
43,-0.754042,46.7614,2.70101,275.47,1,28
43,-2.3513,46.7084,-185.312,349.833,1,28
43,-2.58087,46.6962,-132.782,407.259,1,28
43,-2.72787,46.6879,-220.674,133.395,1,28
43,-3.91723,46.6032,99.988,28.3324,1,28
43,-3.94389,46.6009,98.7307,203.378,1,28
43,-5.59195,46.432,-131.062,932.495,1,28
43,-6.71572,46.2828,-73.2295,235.384,1,28
43,-8.77271,45.9373,-28.3194,869.216,1,28
43,-9.84666,45.7192,-95.0422,386.229,1,28
43,-9.84546,45.7194,-117.51,385.525,1,28
43,-11.6417,45.2954,-71.4915,82.9586,1,28
43,-12.805,44.9803,-71.308,120.382,1,28
43,-15.8544,43.9982,67.7829,869.144,1,28
43,-15.7237,44.045,100.351,307.093,1,28
43,-24.834,39.6291,-32.0046,194.656,1,28
43,-25.7914,39.0128,-104.793,856.867,1,28
43,-29.6243,36.1884,-198.489,688.494,1,28
43,-29.7403,36.0931,-145.092,412.834,1,28
43,-30.6693,35.3072,3.23646,746.136,1,28
43,-31.2117,34.8285,-47.4774,747.11,1,28
43,-33.5629,32.5689,-158.321,346.699,1,28
43,-34.4693,31.608,-62.4582,555.73,1,28
43,-36.2977,29.4903,-160.864,977.051,1,28
43,-37.2961,28.217,-300.932,279.816,1,28
43,-37.9569,27.3217,-283.957,206.869,1,28
43,-38.411,26.6795,53.2487,842.672,1,28
43,-38.5947,26.413,-151.004,228.539,1,28
43,-39.8412,24.4924,83.359,969.985,1,28
43,-39.6807,24.7515,-90.448,492.764,1,28
43,-40.1111,24.0479,-107.946,4468.11,1,28
43,-41.7839,21.0073,-109.96,1704.76,1,28
43,-42.0166,20.5379,-168.266,212.256,1,28
43,-42.7875,18.8793,-141.474,461.138,1,28
43,-43.7658,16.485,55.074,728.294,1,28
43,-44.4699,14.4785,66.492,65.3599,1,28
43,-46.5615,4.38491,-19.156,77.3298,1,28
43,-47.7735,-1.17269,291.014,277.187,0,29
43,-47.6309,-3.87108,-93.4589,426.014,0,29
43,-47.4164,-5.94676,287.972,27.348,0,29
43,-47.2724,-7.00051,-6.35266,1043.28,0,29
43,-47.0953,-8.10652,152.51,1334.6,0,29
43,-47.0952,-8.10692,174.983,1333.62,0,29
43,-46.7153,-10.0681,-77.7221,313.659,0,29
43,-46.4579,-11.1957,122.188,624.048,0,29
43,-46.0828,-12.6514,145.273,50.544,0,29
43,-44.4188,-17.6254,233.63,555.962,0,29
43,-43.4153,-19.9698,88.0179,314.597,0,29
43,-42.2702,-22.2915,93.3351,1645.2,0,29
43,-41.6175,-23.4876,-82.3993,2151.45,0,29
43,-41.6627,-23.4074,-20.8148,1088.35,0,29
43,-41.433,-23.8116,-28.3071,623.193,0,29
43,-40.2869,-25.703,251.945,958.475,0,29
43,-39.8434,-26.3853,151.055,1085.49,0,29
43,-39.2755,-27.2235,43.324,88.3806,0,29
43,-38.9709,-27.6577,150.871,973.155,0,29
43,-37.3708,-29.7844,-13.2536,68.6451,0,29
43,-36.1451,-31.2604,182.46,754.863,0,29
43,-35.9228,-31.5156,-64.61,652.204,0,29
43,-35.1137,-32.4147,182.024,459.638,0,29
43,-34.6571,-32.9024,138.985,192.594,0,29
43,-29.256,-37.7858,108.392,151.226,0,29
43,-28.0865,-38.663,275.72,357.299,0,29
43,-26.9888,-39.4371,-17.8329,255.854,0,29
43,-26.5555,-39.7302,-35.2996,478.368,0,29
43,-26.367,-39.8555,68.258,1159.44,0,29
43,-22.8916,-41.9483,297.046,231.425,0,29
43,-22.5815,-42.116,236.571,424.166,0,29
43,-18.475,-44.0722,37.0549,429.492,0,29
43,-17.8449,-44.331,148.503,1172.73,0,29
43,-17.1547,-44.6027,-74.7414,2446.21,0,29
43,-16.655,-44.7917,34.0465,1094.87,0,29
43,-10.6276,-46.5912,292.336,316.2,0,29
43,-10.7563,-46.5616,294.332,1.45976,0,29
43,-8.21913,-47.0758,64.5092,1034.08,0,29
43,-6.72457,-47.3124,40.5989,2037.48,0,29
43,-4.78128,-47.5481,288.974,59.8937,0,29
43,4.1313,-47.609,-97.592,267.751,0,29
43,6.59157,-47.3311,-96.7942,323.498,0,29
43,7.81996,-47.1437,86.6055,2817.96,0,29
43,7.81776,-47.1441,109.079,2813,0,29
43,7.1621,-47.2481,174.818,501.661,0,29
43,13.2606,-45.9112,29.1376,1062.41,0,29
43,13.3214,-45.8936,109.709,782.914,0,29
43,13.3226,-45.8932,132.188,783.126,0,29
43,16.1877,-44.9627,281.415,1430.88,0,29
43,17.6887,-44.3936,162.226,919.31,0,29
43,17.2489,-44.5663,5.69615,98.2454,0,29
43,18.1973,-44.1876,-2.64547,70.4364,0,29
43,22.7852,-42.0061,-67.764,33.2002,0,29
43,24.8936,-40.7921,30.1287,951.631,0,29
43,26.4568,-39.796,81.8156,729.813,0,29
43,29.3449,-37.7168,-45.4584,3061.66,0,29
43,29.1854,-37.8404,-21.9204,1763.96,0,29
43,29.8904,-37.286,84.5396,1563.78,0,29
43,30.3222,-36.9357,-46.9363,304.668,0,29
43,30.5133,-36.778,167.793,8965.22,0,29
43,44.6905,-16.9247,74.589,477.552,0,29
43,46.0828,-12.6514,112.86,21.091,0,29
43,46.6465,-10.382,175.835,253.356,0,29
43,47.1725,-7.64465,59.5523,289.11,0,29
43,47.3046,-6.7792,-50.1364,284.52,0,29
43,47.3848,-6.19379,280.711,242.82,0,29
43,47.6655,-3.418,61.556,29.0364,0,29
43,47.7782,0.960954,271.1,479.867,0,29
43,47.6589,3.50876,280.105,21242.2,0,29
43,45.2993,15.2202,126.903,598.743,0,29
43,45.2831,15.2683,284.026,267.431,0,29
43,44.9315,16.2741,-67.3921,430.033,0,29
43,44.8184,16.5828,-74.5468,191.317,0,29
43,44.22,18.1183,246.102,763.883,0,29
43,43.4915,19.8033,146.857,416.74,0,29
43,43.0229,20.8017,134.067,630.658,0,29
43,42.7785,21.2998,162.608,1206.5,0,29
43,42.9202,21.0129,279.238,275.587,0,29
43,41.931,22.9233,67.0041,739.917,0,29
43,41.8236,23.1186,44.0393,147.051,0,29
43,41.5758,23.5613,-69.6666,416.867,0,29
43,41.2106,24.1944,123.512,814.062,0,29
43,40.8268,24.8366,154.37,2636.06,0,29
43,40.9311,24.6643,103.011,594.889,0,29
43,40.7701,24.9295,123.349,340.822,0,29
43,40.2378,25.7799,123.15,112.125,0,29
43,39.7891,26.4671,107.33,2386.72,0,29
43,39.8564,26.3657,163.542,401.61,0,29
43,39.3316,27.1423,163.491,307.082,0,29
43,38.7763,27.93,163.456,450.887,0,29
43,35.8643,31.5822,191.43,75.3927,0,29
43,34.7451,32.8094,159.024,585.695,0,29
43,34.3815,33.1903,19.5872,188.784,0,29
43,34.2715,33.3039,56.6538,74.8333,0,29
43,32.6321,34.9117,138.081,1799.59,0,29
43,32.1807,35.3283,261.535,2486.97,0,29
43,32.0182,35.4756,-75.1609,836.71,0,29
43,30.689,36.6316,118.702,266.085,0,29
43,28.5233,38.3419,159.276,404.67,0,29
43,27.1418,39.332,155.309,225.512,0,29
43,25.9963,40.0983,-90.3101,302.428,0,29
43,25.3864,40.4872,55.62,51.332,0,29
43,24.5547,40.997,72.7693,232.128,0,29
43,24.1328,41.2467,78.092,141.746,0,29
43,23.3311,41.7055,164.726,190.475,0,29
43,22.5508,42.1325,21.6446,927.674,0,29
43,21.2123,42.822,167.365,326.813,0,29
43,19.3783,43.6825,104.103,895.194,0,29
43,18.5582,44.0372,30.7967,181.871,0,29
43,16.787,44.7424,272.389,97.1868,0,29
43,13.7206,45.7759,-12.1459,162.154,0,29
43,12.6514,46.0828,267.795,59.9117,0,29
43,11.6665,46.342,257.229,149.55,0,29
43,11.4425,46.3978,-14.9892,246.845,0,29
43,11.2241,46.4511,-49.8298,5751.13,0,29
43,10.6906,46.5768,286.879,1078.66,0,29
43,10.5375,46.6116,148.673,314.333,0,29
43,2.19718,47.7374,49.8999,3737.45,0,29
43,-0.649307,47.7835,142.381,181.664,0,29
43,-3.9722,47.6225,22.7151,195.075,0,29
43,-4.1237,47.6096,115.12,783.111,0,29
43,-4.95406,47.5304,-41.3296,197.632,0,29
43,-14.6161,45.4978,-93.3003,864.627,0,29
43,-15.2461,45.2906,-1.11371,474.5,0,29
43,-15.8631,45.0782,-99.9782,161.288,0,29
43,-17.8352,44.335,286.93,140.371,0,29
43,-21.4384,42.7092,225.534,424.788,0,29
43,-23.0247,41.8753,-72.0801,144.874,0,29
43,-25.3837,40.4889,-80.9667,408.344,0,29
43,-25.8379,40.2006,19.9146,1486.67,0,29
43,-29.991,37.2051,-64.4759,550.161,0,29
43,-30.8449,36.5004,76.394,303.611,0,29
43,-31.1627,36.2294,103.459,1575.53,0,29
43,-34.3144,33.2597,169.903,444.299,0,29
43,-34.315,33.2591,192.372,447.403,0,29
43,-35.7036,31.7637,16.651,823.308,0,29
43,-36.3112,31.0674,219.213,939.479,0,29
43,-38.4418,28.3886,161.305,159.767,0,29
43,-38.9098,27.7437,128.829,474.925,0,29
43,-40.18,25.8699,-83.1858,377.918,0,29
43,-41.0487,24.4681,-23.027,635.211,0,29
43,-41.0215,24.5137,253.276,366.251,0,29
43,-42.074,22.6598,47.8556,715.624,0,29
43,-42.9897,20.8703,57.1888,526.994,0,29
43,-44.335,17.8352,163.316,34.0868,0,29
43,-47.0727,8.23662,148.275,376.446,0,29
43,-47.531,4.94837,3.14759,222.146,0,29
43,-47.6849,3.13653,30.8507,239.273,0,29
43,-47.6919,3.02792,-20.4286,58.4166,0,29
43,-47.7265,2.42198,31.1823,225.69,0,29
43,-47.7261,2.42968,195.507,497.796,0,29
43,-47.7878,-0.0977489,-199.894,592.486,1,29
43,-45.4795,-14.6729,-14.0932,280.653,1,29
43,-45.4054,-14.9007,39.6552,3704.48,1,29
43,-45.2362,-15.4068,-50.3,192.358,1,29
43,-43.8598,-18.9737,104.519,2544.99,1,29
43,-44.2298,-18.0943,-12.5923,295.356,1,29
43,-41.9126,-22.9569,-42.6814,98.9419,1,29
43,-41.1578,-24.2842,-228.585,391.035,1,29
43,-39.4653,-26.9476,-26.986,484.882,1,29
43,-36.5512,-30.7846,-132.08,362.599,1,29
43,-34.8359,-32.7131,-103.308,135.242,1,29
43,-34.5428,-33.0224,-102.684,22,1,29
43,-34.3522,-33.2206,-103.532,64.2733,1,29
43,-34.2715,-33.3039,-104.38,32.7752,1,29
43,-33.4438,-34.135,-165.012,24.0728,1,29
43,-33.1634,-34.4074,-165.186,52.5987,1,29
43,-32.564,-34.9753,-165.332,245.81,1,29
43,-30.2271,-37.0136,-105.645,1451.4,1,29
43,-29.0632,-37.9343,-207.205,180.829,1,29
43,-28.2916,-38.5132,-109.132,262.338,1,29
43,-27.9947,-38.7296,-87.1753,1623.8,1,29
43,-26.627,-39.6823,-135.457,442.471,1,29
43,-26.5333,-39.745,-251.728,473.852,1,29
43,-24.496,-41.0321,-72.4265,721.985,1,29
43,-24.6327,-40.9501,-113.278,1489.34,1,29
43,-23.6395,-41.5314,-73.5762,530.373,1,29
43,-19.436,-43.6569,-279.153,2179.32,1,29
43,-19.771,-43.5062,-239.01,497.548,1,29
43,-13.2114,-45.9254,-132.296,793.357,1,29
43,-13.2104,-45.9257,-154.768,785.322,1,29
43,-11.7478,-46.3214,-254.524,152.494,1,29
43,-10.1539,-46.6967,56.1014,151.971,1,29
43,-8.76111,-46.9779,-289.198,572.007,1,29
43,-7.13315,-47.2525,-116.513,941.201,1,29
43,-5.04552,-47.5208,-182.596,352.798,1,29
43,-5.04682,-47.5207,-205.069,351.789,1,29
43,-3.50252,-47.6594,-68.0883,1057.12,1,29
43,2.01221,-47.7455,-12.757,202.838,1,29
43,3.21067,-47.6799,102.201,1373,1,29
43,3.1726,-47.6825,-103.923,4422.54,1,29
43,4.68104,-47.5581,-152.292,64.1638,1,29
43,6.15354,-47.3901,-113.408,289.505,1,29
43,6.72178,-47.3128,15.5299,1043,1,29
43,7.41355,-47.2093,-252.504,869.295,1,29
43,7.70773,-47.1622,25.3337,376.418,1,29
43,9.92413,-46.7461,-127.654,1197.84,1,29
43,11.6501,-46.3461,82.3675,217.382,1,29
43,13.2257,-45.9213,85.1443,675.44,1,29
43,14.5805,-45.5093,-261.028,225.162,1,29
43,15.6698,-45.1458,-120.343,9359.92,1,29
43,15.6647,-45.1476,-142.779,9112.43,1,29
43,16.701,-44.7745,-296.997,112.557,1,29
43,23.2011,-41.7779,-129.346,2317.98,1,29
43,26.1212,-40.0171,-67.6843,476.831,1,29
43,27.4246,-39.1353,-92.1433,1073.42,1,29
43,29.3303,-37.7282,8.96749,726.591,1,29
43,32.0514,-35.4456,-153.697,559.859,1,29
43,33.3039,-34.2715,98.0769,207.38,1,29
43,36.5997,-30.727,-11.5152,299.649,1,29
43,38.2207,-28.6856,-99.7287,5413.27,1,29
43,38.2705,-28.6191,-4.90035,316.448,1,29
43,41.407,-23.8567,99.6213,202.883,1,29
43,41.8173,-23.13,-111.474,592.208,1,29
43,42.371,-22.0993,-82.1846,521.125,1,29
43,42.6634,-21.5294,-137.292,1168.81,1,29
43,42.8167,-21.223,-153.058,1037.87,1,29
43,42.8164,-21.2236,-156.108,5.50971,1,29
43,43.4324,-19.9327,-275.337,391.813,1,29
43,43.5502,-19.6739,-101.619,278.943,1,29
43,43.6195,-19.5198,-87.8266,579.075,1,29
43,45.2286,-15.4292,-263.524,781.63,1,29
43,45.2451,-15.3805,-248.459,1238.42,1,29
43,45.7087,-13.9425,-145.847,531.22,1,29
43,46.2836,-11.8957,76.0423,68.6897,1,29
43,46.6332,-10.4415,-194.819,477.013,1,29
43,46.8113,-9.61162,-195.056,149.024,1,29
43,46.976,-8.77134,-127.518,1903.72,1,29
43,46.9822,-8.7384,-195.271,324.556,1,29
43,47.0446,-8.39593,-166.185,628.174,1,29
43,47.0691,-8.25714,-21.0382,1117.43,1,29
43,47.0777,-8.20806,-80.8775,220.768,1,29
43,47.153,-7.76419,-127.853,425.512,1,29
43,47.1768,-7.61765,-81.311,169.591,1,29
43,47.373,-6.28373,-136.569,4182.91,1,29
43,47.3662,-6.33445,-143.278,739,1,29
43,47.6612,-3.47776,60.3287,219.994,1,29
43,47.6586,-3.51358,4.34545,323.831,1,29
43,47.6668,-3.39994,49.6663,251.205,1,29
43,47.7443,-2.04149,-129.18,750.857,1,29
43,47.7654,-1.46587,1.46969,82.7648,1,29
43,47.7654,-1.46587,-268.892,39.1639,1,29
43,47.7758,-1.07504,2.21993,67.6127,1,29
43,47.7617,1.582,-84.2981,1481.29,1,29
43,47.7767,1.03387,-36.1003,382.311,1,29
43,47.7558,1.75018,-141.199,6671.83,1,29
43,47.6759,3.26917,-46.56,533.247,1,29
43,47.6126,4.08892,-199.108,240.338,1,29
43,47.4164,5.94676,-55.5329,312.665,1,29
43,46.8369,9.48622,12.8896,207.459,1,29
43,46.6013,10.5832,99.4076,303.232,1,29
43,45.6475,14.1419,-67.7305,699.468,1,29
43,43.4016,19.9997,-75.8422,988.34,1,29
43,43.3004,20.2178,-8.27775,101.292,1,29
43,42.8163,21.2237,-83.4229,72.5643,1,29
43,42.3737,22.0942,-83.4037,368.529,1,29
43,41.6473,23.4348,-41.0735,1079.98,1,29
43,41.0757,24.4228,-239.935,604.07,1,29
43,40.6423,25.1373,85.868,367.237,1,29
43,39.6931,26.611,-113.568,392.486,1,29
43,36.4685,30.8826,98.9643,302.771,1,29
43,36.1411,31.2651,-18.7952,1547.24,1,29
43,34.2715,33.3039,71.156,21.077,1,29
43,33.9978,33.5832,71.0838,216.162,1,29
43,29.4173,37.6604,-30.2552,670.46,1,29
43,27.5965,39.0143,-196.548,112.511,1,29
43,27.0462,39.3978,-197.789,1283.45,1,29
43,23.1824,41.7883,-199.363,626.016,1,29
43,21.5426,42.6568,-51.7243,730.109,1,29
43,20.8602,42.9946,105.223,2244.12,1,29
43,18.5522,44.0398,-2.55393,532.31,1,29
43,13.5142,45.8372,74.0725,1266.21,1,29
43,10.4547,46.6303,-15.9806,233.62,1,29
43,10.1841,46.6901,-111.594,134.353,1,29
43,7.81079,47.1453,19.324,1893.09,1,29
43,6.72348,47.3126,-263.499,1173.55,1,29
43,3.98707,47.6213,-137.967,500.366,1,29
43,3.97885,47.622,-160.421,469.764,1,29
43,1.66125,47.759,-188.546,107.205,1,29
43,-0.664275,47.7833,3.21087,320.101,1,29
43,-2.49449,47.7228,-131.915,219.307,1,29
43,-2.48703,47.7231,-185.122,266.528,1,29
43,-2.93612,47.6976,-220.556,68.5966,1,29
43,-3.56852,47.6545,100.823,501.47,1,29
43,-6.08623,47.3987,-131.757,227.49,1,29
43,-6.66548,47.3208,-72.8913,86.7079,1,29
43,-8.80603,46.9695,53.6611,523.192,1,29
43,-9.14256,46.9052,-28.06,50.5399,1,29
43,-9.43371,46.8475,-92.5467,419.568,1,29
43,-9.43407,46.8474,-115.014,422.76,1,29
43,-11.2489,46.4451,-71.7791,713.825,1,29
43,-14.9014,45.4052,67.5551,1975.4,1,29
43,-16.3751,44.8948,101.253,559.773,1,29
43,-17.2281,44.5744,-16.2116,442.961,1,29
43,-22.492,42.1639,-164.144,4525.8,1,29
43,-25.4899,40.4221,-31.1742,425.602,1,29
43,-26.4682,39.7884,-104.404,166.749,1,29
43,-30.3943,36.8764,-198.414,769.618,1,29
43,-30.5505,36.7471,-144.66,93.5805,1,29
43,-31.2419,36.1611,4.27895,132.926,1,29
43,-31.7368,35.7275,-46.3714,932.933,1,29
43,-34.5126,33.054,-157.114,99.433,1,29
43,-35.3127,32.1978,-62.404,109.471,1,29
43,-36.2492,31.1397,-161.051,1161.54,1,29
43,-38.4108,28.4305,-300.395,504.958,1,29
43,-39.0558,27.5378,-283.538,1560.65,1,29
43,-39.3863,27.063,-150.631,386.04,1,29
43,-39.4606,26.9545,54.0455,76.3174,1,29
43,-39.7113,26.5837,54.6272,376.881,1,29
43,-40.3448,25.6122,-89.3005,126.38,1,29
43,-40.9175,24.6869,-107.213,1052.61,1,29
43,-41.1601,24.2802,83.1342,123.835,1,29
43,-41.5951,23.5272,82.8717,509.931,1,29
43,-43.1568,20.5225,-108.373,856.206,1,29
43,-43.0021,20.8448,-167.912,442.837,1,29
43,-43.8081,19.0927,-140.738,616.705,1,29
43,-44.8236,16.569,56.7981,794.768,1,29
43,-44.9614,16.1912,58.012,21.2871,1,29
43,-45.514,14.5657,66.4873,194.822,1,29
43,-45.512,14.5719,-85.4964,1669.05,1,29
43,-46.5358,10.8676,-141.566,165.594,1,29
43,-47.7194,2.55775,-128.371,169.402,1,29
43,-47.7193,2.55988,-150.838,171.545,1,29
43,-47.735,2.24719,-127.276,24.2023,1,29
43,-47.735,2.24721,-149.748,23.2012,1,29
43,-48.7884,-1.38229,290.769,339.631,0,30
43,-48.4481,-5.91652,287.653,130.894,0,30
43,-48.3606,-6.59353,153.008,77.6652,0,30
43,-48.3593,-6.60283,175.479,76.6495,0,30
43,-48.3504,-6.66754,-8.2212,81.2149,0,30
43,-48.2943,-7.06287,-7.6383,215.613,0,30
43,-48.2727,-7.2086,152.965,385.204,0,30
43,-48.2728,-7.20785,175.437,383.265,0,30
43,-48.0924,-8.32728,130.07,680.905,0,30
43,-47.6422,-10.6037,-79.0985,373.3,0,30
43,-47.453,-11.4206,121.826,438.378,0,30
43,-47.0325,-13.0448,145.803,78.9039,0,30
43,-47.0665,-12.9215,148.052,1.54888,0,30
43,-45.5069,-17.6448,231.9,1195.57,0,30
43,-44.0661,-20.9857,87.3289,765.424,0,30
43,-42.9462,-23.1915,91.5395,1215.5,0,30
43,-42.4989,-24.0014,-20.9566,878.819,0,30
43,-42.2015,-24.5204,-82.8344,232.301,0,30
43,-41.4599,-25.7545,249.68,1050.68,0,30
43,-40.4152,-27.3648,43.324,21.2467,0,30
43,-38.905,-29.4724,150.715,1146.8,0,30
43,-38.0575,-30.5589,150.52,404.777,0,30
43,-36.958,-31.8799,-64.6684,929.372,0,30
43,-35.5303,-33.4637,138.699,588.582,0,30
43,-34.7236,-34.3001,181.548,8,0,30
43,-34.1577,-34.8636,181.548,29.3438,0,30
43,-30.0293,-38.4768,107.112,386.606,0,30
43,-28.786,-39.4156,274.9,1117.28,0,30
43,-27.9675,-40.0005,-1.35741,585.312,0,30
43,-27.4055,-40.3876,-17.9275,245.091,0,30
43,-27.163,-40.5511,66.5184,97.787,0,30
43,-26.6998,-40.8576,-34.8692,57.4369,0,30
43,-26.1139,-41.2345,-34.5537,299.112,0,30
43,-22.9867,-43.0561,296.074,301.005,0,30
43,-18.9741,-44.9689,36.5003,470.884,0,30
43,-18.0512,-45.3473,146.56,1290.67,0,30
43,-17.7418,-45.4692,-75.0463,969.811,0,30
43,-17.7333,-45.4725,173.634,2785.03,0,30
43,-17.1135,-45.7094,32.8212,689.292,0,30
43,-10.6508,-47.6317,292.446,180.578,0,30
43,-8.71648,-48.0234,64.3604,212.527,0,30
43,-7.09871,-48.289,38.386,628.373,0,30
43,-6.10186,-48.4251,52.5983,338.851,0,30
43,-5.09141,-48.5417,288.704,167.509,0,30
43,5.64165,-48.4808,88.5847,5167.59,0,30
43,4.42474,-48.607,-98.4165,254.214,0,30
43,5.65015,-48.4799,111.046,5120.36,0,30
43,7.48995,-48.2299,174.172,136.426,0,30
43,13.2202,-46.9835,107.847,537.744,0,30
43,13.2232,-46.9826,130.32,535.812,0,30
43,13.6956,-46.8471,27.1685,1018.12,0,30
43,16.4976,-45.9353,280.835,993.138,0,30
43,17.3465,-45.6215,5.51031,130.678,0,30
43,19.3217,-44.8207,-65.3345,81.3662,0,30
43,19.3217,-44.8207,160.173,60.4208,0,30
43,20.2343,-44.4161,159.924,37.3662,0,30
43,22.8054,-43.1525,-67.846,2157.64,0,30
43,25.6891,-41.5005,133.212,25.0525,0,30
43,26.9886,-40.6674,81.9404,3388.93,0,30
43,30.6323,-37.9985,167.96,8313.78,0,30
43,30.4202,-38.1685,173.857,515,0,30
43,31.341,-37.416,84.9961,776.628,0,30
43,31.682,-37.1278,-48.1632,3833.54,0,30
43,31.6527,-37.1528,-43.8787,108,0,30
43,35.8449,-33.1265,17.7333,202.675,0,30
43,37.3452,-31.4254,220.59,348.499,0,30
43,37.5644,-31.1631,146.506,628.841,0,30
43,37.6216,-31.094,57.3518,366.056,0,30
43,38.1711,-30.4169,180.302,291.813,0,30
43,38.1715,-30.4163,202.774,288.677,0,30
43,39.0494,-29.2808,244.112,827.809,0,30
43,40.0349,-27.9183,259.651,782.735,0,30
43,40.4152,-27.3648,-99.14,38.2185,0,30
43,41.0424,-26.4148,140.455,649.434,0,30
43,42.2497,-24.4374,-9.22472,1372.12,0,30
43,42.2916,-24.3648,287.503,825.335,0,30
43,43.1963,-22.7223,91.4695,646.069,0,30
43,45.1819,-18.4613,-32.8903,533.453,0,30
43,45.2869,-18.202,6.25223,332.261,0,30
43,45.3674,-18.0006,12.5105,200.338,0,30
43,45.8814,-16.6469,72.6447,1913.05,0,30
43,46.4576,-14.9636,154.502,199.934,0,30
43,46.9307,-13.4065,112.147,1195.39,0,30
43,47.85,-9.62264,175.777,723.673,0,30
43,47.9819,-8.9421,59.427,464.149,0,30
43,48.3484,-6.68208,-50.6444,133.68,0,30
43,48.4492,-5.90718,280.144,970.654,0,30
43,48.6815,-3.51159,61.0788,310.935,0,30
43,48.8068,-0.341563,261.117,172.454,0,30
43,48.7971,1.03104,270.592,705.094,0,30
43,48.7731,1.84637,278.936,22045.4,0,30
43,48.763,2.09575,302.166,44,0,30
43,46.2498,15.5943,126.007,149.68,0,30
43,46.1995,15.7424,283.594,224.634,0,30
43,45.896,16.6065,-75.0048,469.529,0,30
43,45.5832,17.4469,-67.405,1268.86,0,30
43,45.2364,18.3273,244.871,475.23,0,30
43,44.4585,20.1412,146.78,80.5097,0,30
43,43.9298,21.2696,278.856,300.314,0,30
43,43.8121,21.5109,133.964,382.887,0,30
43,43.4608,22.2122,124.092,261.383,0,30
43,43.0242,23.0464,123.924,354.186,0,30
43,42.8913,23.2928,65.3497,489.276,0,30
43,42.537,23.9338,43.6876,358.811,0,30
43,42.5702,23.8746,123.699,312.579,0,30
43,42.2693,24.4035,154.241,730.627,0,30
43,41.8235,25.1598,-69.5524,785.571,0,30
43,42.1496,24.6097,102.26,71.4005,0,30
43,42.1628,24.587,163.74,59.3163,0,30
43,41.7409,25.2966,163.83,446.361,0,30
43,41.246,26.0958,163.783,459.257,0,30
43,40.6201,27.0597,107.134,1246.05,0,30
43,36.4132,32.5007,190.987,90.8977,0,30
43,36.0415,32.9125,156.78,53.3053,0,30
43,35.5641,33.4278,56.2124,776.238,0,30
43,35.8272,33.1456,157.571,155.446,0,30
43,34.8636,34.1577,19.58,24.3823,0,30
43,33.4376,35.5549,136.768,152.002,0,30
43,32.8513,36.0972,261.053,237.12,0,30
43,28.8338,39.3806,158.228,25.3053,0,30
43,27.5299,40.303,155.416,61.8816,0,30
43,23.6218,42.711,164.588,33.0546,0,30
43,22.9198,43.0918,164.835,716.3,0,30
43,11.9908,47.3122,-49.63,5360.5,0,30
43,11.4716,47.4407,-14.6076,131.648,0,30
43,11.5478,47.4222,256.123,281.175,0,30
43,10.7913,47.6001,-14.5559,72.7765,0,30
43,10.5778,47.648,148.332,147.286,0,30
43,10.3345,47.7013,286.164,2372.35,0,30
43,2.48998,48.7444,49.2388,3206.68,0,30
43,-1.01455,48.7975,142.067,427.601,0,30
43,-2.89331,48.7222,171.713,228.302,0,30
43,-2.89331,48.7222,194.179,228.313,0,30
43,-3.49241,48.6829,113.76,650.074,0,30
43,-3.8371,48.6569,22.2963,143.355,0,30
43,-4.08814,48.6365,167.752,106.655,0,30
43,-5.19954,48.5303,-41.8983,332.018,0,30
43,-10.389,47.6895,-21.7185,385.309,0,30
43,-14.9945,46.4477,-93.6664,584.629,0,30
43,-15.5943,46.2498,-99.564,26.0889,0,30
43,-15.5943,46.2498,-2.468,38.0728,0,30
43,-15.9721,46.1206,-99.564,32.2528,0,30
43,-15.9721,46.1206,-2.06095,111.185,0,30
43,-17.9153,45.4011,286.48,232.065,0,30
43,-21.9856,43.5759,225.445,714.254,0,30
43,-22.916,43.0938,-71.9827,275.906,0,30
43,-26.3562,41.08,18.292,1152.81,0,30
43,-30.8498,37.8221,-66.1841,975.196,0,30
43,-31.5864,37.2091,102.338,891.405,0,30
43,-31.749,37.0705,74.3179,485.136,0,30
43,-32.7942,36.1491,40.7936,133.119,0,30
43,-33.1456,35.8273,40.1622,142.225,0,30
43,-35.6779,33.3063,169.521,1024.92,0,30
43,-35.6777,33.3065,191.993,1021.76,0,30
43,-36.1915,32.7474,15.2512,714.217,0,30
43,-37.2835,31.4986,217.004,367.144,0,30
43,-38.6589,29.7945,196.746,1049.21,0,30
43,-39.3365,28.8939,160.421,733.601,0,30
43,-39.6438,28.4708,128.633,143.31,0,30
43,-40.8719,26.6779,-85.21,275.68,0,30
43,-41.5375,25.6292,-24.5042,909.833,0,30
43,-41.7781,25.2351,252.136,165.977,0,30
43,-42.79,23.4784,72.5824,869.365,0,30
43,-43.0902,22.9228,45.7232,1533.86,0,30
43,-43.8526,21.4283,56.892,62.2205,0,30
43,-48.1064,8.24591,148.167,163.578,0,30
43,-48.5756,4.75715,2.12582,436.46,0,30
43,-48.629,4.1767,148.488,342.4,0,30
43,-48.6403,4.04241,30.5146,232.49,0,30
43,-48.7099,3.09256,-20.4553,61.4047,0,30
43,-48.7706,1.90995,194.71,290.857,0,30
43,-45.9146,-16.555,105.245,1747.21,1,30
43,-46.3973,-15.1496,38.9431,4852.38,1,30
43,-46.2665,-15.5444,-14.4726,379.664,1,30
43,-46.2287,-15.6565,-49.936,165.254,1,30
43,-45.029,-18.831,-11.8317,681.223,1,30
43,-42.8331,-23.3997,-42.1922,236.631,1,30
43,-41.9568,-24.9368,-226.593,802.463,1,30
43,-40.9892,-26.4973,-25.94,115.662,1,30
43,-40.5022,-27.2359,-26.5589,205.614,1,30
43,-38.2923,-30.2641,70.0357,255.205,1,30
43,-37.9652,-30.6735,74.7708,423.541,1,30
43,-37.6604,-31.047,69.9563,164.116,1,30
43,-37.609,-31.1092,-131.665,239.783,1,30
43,-36.5066,-32.3958,-113.426,2500.75,1,30
43,-34.1751,-34.8465,-134.895,485.618,1,30
43,-32.367,-36.5322,-165.72,181.757,1,30
43,-31.8681,-36.9682,-103.434,1553.17,1,30
43,-31.8044,-37.023,-165.86,35.0686,1,30
43,-29.1055,-39.1802,-107.909,1063.26,1,30
43,-28.7961,-39.4082,-85.4816,745.116,1,30
43,-27.1196,-40.5801,-135.347,377.517,1,30
43,-26.8847,-40.7362,-249.935,1300.09,1,30
43,-25.0782,-41.8725,-112.536,178.932,1,30
43,-24.1442,-42.4179,-59.012,27.1781,1,30
43,-23.6218,-42.711,-59.2929,62.6758,1,30
43,-23.6218,-42.711,-74.406,75.1843,1,30
43,-22.9198,-43.0918,-75.0854,125.004,1,30
43,-20.9698,-44.0737,-278.484,2053.38,1,30
43,-19.9532,-44.5432,-237.939,380.988,1,30
43,-15.8103,-46.1763,-224.193,212.6,1,30
43,-13.4394,-46.9213,-120.873,528.293,1,30
43,-8.67167,-48.0315,-288.675,485.496,1,30
43,-7.53934,-48.2222,-116.425,1600.66,1,30
43,-4.38802,-48.6104,-182.522,148.436,1,30
43,-4.38523,-48.6106,-204.994,152.43,1,30
43,-3.44711,-48.6861,-66.2178,1152.56,1,30
43,0.583781,-48.8045,-164.464,170.91,1,30
43,1.63832,-48.7805,-12.2336,584.52,1,30
43,3.76661,-48.6624,101.556,405.852,1,30
43,5.05411,-48.5456,-152.164,438.375,1,30
43,5.47895,-48.4995,-112.644,66.7562,1,30
43,6.61472,-48.3577,25.4866,746.307,1,30
43,7.87489,-48.1685,-250.757,250.996,1,30
43,8.10562,-48.1302,25.4936,697.247,1,30
43,9.99156,-47.7744,-126.412,262.476,1,30
43,11.4867,-47.4371,82.6485,334.661,1,30
43,12.1497,-47.2716,-150.84,56.4712,1,30
43,14.4027,-46.6346,-114.32,11533.1,1,30
43,14.4738,-46.6126,-137.444,9447.65,1,30
43,15.2843,-46.3531,-261.669,1156.61,1,30
43,17.0787,-45.7224,-296.426,572.225,1,30
43,24.0202,-42.4882,-91.6511,250.66,1,30
43,24.6133,-42.1474,-128.295,283.622,1,30
43,25.3218,-41.7256,-127.785,350.351,1,30
43,25.6891,-41.5005,-67.068,21.1982,1,30
43,26.2374,-41.1561,-67.3822,108.237,1,30
43,32.2563,-36.6299,-4.91131,69.1886,1,30
43,32.8514,-36.0972,-153.332,86.0615,1,30
43,33.8543,-35.1583,99.1615,1061.51,1,30
43,37.4713,-31.275,-10.5346,1293.98,1,30
43,38.6389,-29.8203,-101.085,7987.5,1,30
43,38.7827,-29.6332,-108.24,492,1,30
43,39.0326,-29.3032,-4.0964,459.264,1,30
43,42.1899,-24.5405,100.329,236.119,1,30
43,43.33,-22.4663,-81.9155,525.239,1,30
43,43.5444,-22.0479,-138.062,1743.5,1,30
43,43.6734,-21.7912,-151.829,575,1,30
43,44.3698,-20.3357,-86.1803,682.593,1,30
43,44.3924,-20.2862,-101.099,298.319,1,30
43,44.5821,-19.8659,-273.985,1407.28,1,30
43,46.0883,-16.0652,-262.057,777.656,1,30
43,46.1556,-15.8708,-247.634,1397.75,1,30
43,46.6583,-14.3256,-0.00287354,661.758,1,30
43,46.6604,-14.3188,-144.775,79.9684,1,30
43,46.9233,-13.4324,-17.1117,2771.27,1,30
43,47.0665,-12.9215,-17.2499,58.5622,1,30
43,47.2716,-12.1496,-194.268,38.1456,1,30
43,47.436,-11.4912,-194.621,563.091,1,30
43,47.4751,-11.3286,-126.852,195.604,1,30
43,47.6753,-10.4538,-127.048,282.466,1,30
43,47.987,-8.91457,-165.409,533.782,1,30
43,48.1079,-8.23687,-20.1514,831.255,1,30
43,48.2745,-7.19662,-81.8468,397.016,1,30
43,48.6984,-3.26909,50.3175,479.732,1,30
43,48.6871,-3.43304,5.74131,187.644,1,30
43,48.7099,-3.09256,60.7554,78.6736,1,30
43,48.7575,-2.21879,-127.759,284.21,1,30
43,48.7733,-1.83936,-268.739,194.309,1,30
43,48.7948,-1.13415,-231.245,561.903,1,30
43,48.7997,-0.89838,3.316,23.0364,1,30
43,48.7997,-0.89838,-86.148,21.0364,1,30
43,48.7843,1.52078,-156.026,1485.63,1,30
43,48.7844,1.51777,-178.509,1457.96,1,30
43,48.7872,1.42458,-35.5371,274.252,1,30
43,48.6771,3.57179,-44.9276,185.543,1,30
43,48.6116,4.37394,-198.936,424.899,1,30
43,48.2821,7.1456,19.669,238.372,1,30
43,47.8691,9.52732,13.492,76.453,1,30
43,47.7532,10.0922,99.5648,913.917,1,30
43,46.6022,14.507,-66.2121,689.146,1,30
43,45.5067,17.6454,-28.8572,352.435,1,30
43,44.3303,20.4218,-7.21505,1023.37,1,30
43,44.2346,20.6282,-74.14,1185.16,1,30
43,42.8607,23.3492,-83.18,61.2569,1,30
43,42.5917,23.8363,-40.0126,346.27,1,30
43,42.4912,24.0149,-83.0247,483.359,1,30
43,42.1184,24.6629,-237.98,132.156,1,30
43,41.6317,25.4759,86.5555,119.064,1,30
43,40.5723,27.1314,-111.513,513.18,1,30
43,37.3404,31.4311,99.0398,361.266,1,30
43,36.7044,32.1715,-17.2568,741.07,1,30
43,34.7871,34.2357,71.7822,106.997,1,30
43,34.0606,34.9585,-29.2849,551.576,1,30
43,30.4788,38.1217,-30.18,77.182,1,30
43,28.1856,39.8471,-195.964,30.3256,1,30
43,23.9972,42.5012,-198.643,176.23,1,30
43,21.6829,43.7272,-50.5169,700.348,1,30
43,21.3182,43.9062,105.5,47,1,30
43,19.0525,44.9358,-1.07958,638.995,1,30
43,10.8346,47.5903,-111.561,710.293,1,30
43,10.4297,47.6806,-14.2751,601.353,1,30
43,8.49499,48.063,21.1336,1106.71,1,30
43,7.07722,48.2922,-48.3871,1192.47,1,30
43,7.21639,48.2716,-263.252,2322.43,1,30
43,4.36182,48.6127,-136.828,239.459,1,30
43,4.36226,48.6127,-159.299,240.507,1,30
43,3.83827,48.6568,8.82166,220.115,1,30
43,2.89328,48.7222,0.503314,1294,1,30
43,1.34942,48.7893,-187.762,151.549,1,30
43,-0.609725,48.8042,3.80619,363.61,1,30
43,-2.59615,48.7389,-184.796,209.43,1,30
43,-3.29493,48.6967,102.276,319.065,1,30
43,-3.40837,48.6888,-220.389,448.771,1,30
43,-9.01513,47.9682,-89.984,949.423,1,30
43,-9.02586,47.9662,-112.51,1001.5,1,30
43,-9.554,47.8638,-27.7418,116.482,1,30
43,-9.95802,47.7814,-72.1205,2917.21,1,30
43,-14.2922,46.6686,67.4158,983.277,1,30
43,-17.0891,45.7185,102.064,199.891,1,30
43,-17.7142,45.48,-15.8875,463.768,1,30
43,-22.7549,43.1791,-165.204,6404.58,1,30
43,-26.3613,41.0768,-29.6283,364.425,1,30
43,-27.1992,40.5268,-104.121,77.0272,1,30
43,-31.3121,37.4403,-198.266,274.385,1,30
43,-31.6927,37.1186,5.0682,315.696,1,30
43,-32.0704,36.7928,-44.899,681.694,1,30
43,-35.372,33.631,-155.739,142.646,1,30
43,-36.188,32.7514,-161.256,815.422,1,30
43,-36.2258,32.7095,-62.4359,293.952,1,30
43,-39.4629,28.721,-299.892,515.312,1,30
43,-40.0584,27.8845,-283.286,578.685,1,30
43,-40.1461,27.758,-150.342,157.355,1,30
43,-40.6378,27.0332,55.244,144.779,1,30
43,-40.7741,26.8271,-87.5141,760.781,1,30
43,-41.7347,25.3068,-106.645,90.1098,1,30
43,-42.8741,23.3245,82.7143,103.865,1,30
43,-43.0918,22.9198,82.7869,69.6148,1,30
43,-43.3586,22.4109,82.604,123.453,1,30
43,-43.9663,21.1939,-167.363,186.65,1,30
43,-44.7599,19.4621,-140.428,298.039,1,30
43,-45.9212,16.5369,59.0697,298.351,1,30
43,-46.5063,14.8116,66.4886,224.637,1,30
43,-46.5018,14.8258,-83.5321,991.907,1,30
43,-47.4533,11.4197,-141.415,395.62,1,30
43,-48.5771,4.74149,-17.3265,127.129,1,30
43,-48.763,2.09572,-126.626,67.7926,1,30
43,-48.763,2.09572,-149.096,68.8472,1,30
43,-48.8052,0.525675,-199.338,660.408,1,30
43,-49.805,-1.49632,290.674,203.075,0,31
43,-49.5944,-4.81418,153.909,1618.69,0,31
43,-49.5939,-4.81935,176.388,1634.44,0,31
43,-49.4758,-5.90963,287.332,269.769,0,31
43,-49.3878,-6.60485,-8.97798,62.816,0,31
43,-49.0678,-8.66795,129.857,343.076,0,31
43,-48.5237,-11.324,-80.5154,891.177,0,31
43,-48.4422,-11.6674,121.482,318.221,0,31
43,-48.2734,-12.3474,-87.4707,198.84,0,31
43,-48.0069,-13.3462,146.096,148.325,0,31
43,-46.5253,-17.8376,230.734,264.589,0,31
43,-44.3722,-22.669,86.0933,920.739,0,31
43,-43.555,-24.2021,89.5945,952.319,0,31
43,-43.3378,-24.589,-21.0364,2127.51,0,31
43,-42.8923,-25.358,-28.7834,640.015,0,31
43,-42.8948,-25.3537,-83.212,48.3823,0,31
43,-42.7114,-25.6616,246.835,990.134,0,31
43,-41.6921,-27.2864,42.7436,184.631,0,31
43,-41.3733,-27.7674,43.0607,68.3818,0,31
43,-38.3368,-31.8288,-64.6986,302.201,0,31
43,-38.2921,-31.8825,150.405,91.1021,0,31
43,-37.6957,-32.5855,150.256,638.27,0,31
43,-37.0142,-33.3576,150.281,263.479,0,31
43,-36.4324,-33.9921,138.489,320.098,0,31
43,-34.5023,-35.9495,181.548,48.6189,0,31
43,-34.0161,-36.41,181.199,348.032,0,31
43,-33.2811,-37.083,180.885,344.218,0,31
43,-30.8011,-39.1672,105.873,313.446,0,31
43,-29.4389,-40.2011,273.909,2054.63,0,31
43,-27.778,-41.3662,-17.9447,398.984,0,31
43,-26.1904,-42.3892,-34.1572,123.488,0,31
43,-24.0752,-43.6253,233.944,1307.79,0,31
43,-23.132,-44.1327,294.97,872.234,0,31
43,-18.5229,-46.2567,173.812,2027.83,0,31
43,-18.3078,-46.3423,-75.2413,1838.3,0,31
43,-18.3207,-46.3372,144.616,768.077,0,31
43,-17.5711,-46.6266,31.6313,490.154,0,31
43,-10.7588,-48.6521,292.772,725.331,0,31
43,-9.0454,-48.9996,64.3054,297.266,0,31
43,-5.84752,-49.4832,52.7466,94.3053,0,31
43,-5.08796,-49.5671,52.7144,699.571,0,31
43,-5.35686,-49.5387,288.498,132.197,0,31
43,3.69618,-49.6902,90.3342,1414.03,0,31
43,3.6669,-49.6924,112.931,1581.21,0,31
43,4.59545,-49.6151,-99.4622,915.788,0,31
43,7.0623,-49.3245,-98.5907,324.31,0,31
43,7.76493,-49.2188,173.648,88.8795,0,31
43,14.1863,-47.7654,25.3276,1133.34,0,31
43,16.7786,-46.9176,279.809,517.173,0,31
43,19.5379,-45.8372,-65.6355,171.993,0,31
43,19.5379,-45.8372,-7.50555,242.528,0,31
43,22.3073,-44.5552,157.102,414.11,0,31
43,22.1295,-44.6438,158.228,37.5434,0,31
43,22.7356,-44.3382,-67.9925,240.031,0,31
43,25.9215,-42.5542,132.977,265.088,0,31
43,27.5154,-41.5413,81.9958,1787.91,0,31
43,30.1087,-39.702,-24.608,588.349,0,31
43,30.6863,-39.2572,167.717,9972.12,0,31
43,32.6368,-37.6513,85.3888,210.653,0,31
43,33.0067,-37.3274,-49.2605,444.858,0,31
43,33.441,-36.9389,-50.0287,220.645,0,31
43,33.9023,-36.5159,-50.6743,189.527,0,31
43,36.5756,-33.8379,17.3375,93.4915,0,31
43,44.0872,-23.2184,90.488,403.844,0,31
43,46.3778,-18.2176,-33.844,28.5405,0,31
43,46.3778,-18.2176,4.316,23.0749,0,31
43,48.7163,-10.4641,59.3425,389.854,0,31
43,48.9463,-9.32943,175.627,371.082,0,31
43,49.4055,-6.4713,-51.3277,542.91,0,31
43,49.486,-5.82346,279.862,339.259,0,31
43,49.6791,-3.84238,60.4753,275.59,0,31
43,49.827,-0.229587,275.757,11773.6,0,31
43,49.8269,-0.244834,261.346,114.436,0,31
43,49.814,1.16035,269.675,578.587,0,31
43,47.2075,15.9448,125.451,2392.75,0,31
43,47.0713,16.3423,-75.3773,1400.2,0,31
43,47.0709,16.3435,283.364,935.037,0,31
43,46.2586,18.5181,243.539,232.677,0,31
43,46.0565,19.0153,-67.5402,245.782,0,31
43,45.6037,20.0769,124.66,646.979,0,31
43,45.428,20.4713,146.626,90.6733,0,31
43,45.1334,21.113,162.481,2351.19,0,31
43,45.1734,21.0272,124.457,112.672,0,31
43,44.7748,21.8632,124.275,447.22,0,31
43,44.912,21.58,278.54,227.324,0,31
43,44.7176,21.98,164.268,915.545,0,31
43,44.674,22.0684,133.842,469.525,0,31
43,44.0881,23.2169,164.148,886.811,0,31
43,43.7095,23.9219,154.218,872.11,0,31
43,43.8366,23.6881,63.6705,817.84,0,31
43,43.3714,24.5296,101.674,641.266,0,31
43,43.5041,24.2934,163.917,132.697,0,31
43,43.2731,24.7025,43.1019,211.121,0,31
43,42.0807,26.6832,-69.4189,613.259,0,31
43,41.4511,27.6511,106.93,744.966,0,31
43,37.6913,32.5906,148.234,6088.06,0,31
43,37.0208,33.3502,55.8245,189.329,0,31
43,37.0408,33.328,155.785,232.993,0,31
43,37.069,33.2966,190.742,367.127,0,31
43,35.6112,34.8514,19.157,214.486,0,31
43,34.7084,35.7506,135.637,476.472,0,31
43,33.9347,36.4858,148.673,2924.54,0,31
43,33.4745,36.9085,117.956,182.163,0,31
43,33.0843,37.2587,260.211,2756.53,0,31
43,32.9879,37.344,-76.0196,299.807,0,31
43,31.8055,38.3561,-70.794,382.175,0,31
43,29.2675,40.3261,156.702,595.908,0,31
43,26.6679,42.0904,-91.452,373.492,0,31
43,26.3743,42.275,155.585,1400.82,0,31
43,25.9865,42.5145,69.366,952.895,0,31
43,25.9091,42.5617,55.2216,203.931,0,31
43,25.8503,42.5974,78.5309,323.517,0,31
43,23.7986,43.7768,19.7328,976.193,0,31
43,22.8407,44.2841,164.882,1744.27,0,31
43,21.3059,45.0427,101.659,497.638,0,31
43,20.1345,45.5783,167.235,658.49,0,31
43,18.004,46.4611,271.391,575.015,0,31
43,13.5304,47.9553,-49.004,4297.68,0,31
43,13.8766,47.8563,-13.4193,382.634,0,31
43,13.422,47.9857,265.691,272.273,0,31
43,11.5878,48.4613,255.464,747.446,0,31
43,10.3466,48.7414,-13.9681,917.264,0,31
43,10.5852,48.6902,148.318,436.639,0,31
43,-1.15523,49.8141,141.663,239.042,0,31
43,-2.97913,49.7384,112.559,515.528,0,31
43,-2.95375,49.7399,171.198,80.6351,0,31
43,-2.95374,49.7399,193.676,80.6536,0,31
43,-3.80056,49.6823,21.8928,134.292,0,31
43,-5.43397,49.5303,-42.6265,562.366,0,31
43,-15.6078,47.3199,-99.0523,1885.89,0,31
43,-15.3676,47.3985,-94.2017,906.182,0,31
43,-16.3279,47.0763,-2.85335,1537.22,0,31
43,-17.6538,46.5953,285.155,348.092,0,31
43,-22.5908,44.4121,-71.9851,995.848,0,31
43,-22.5582,44.4287,225.427,154.678,0,31
43,-25.9431,42.541,-84.134,1044.74,0,31
43,-26.8739,41.9592,16.6494,855.732,0,31
43,-31.8862,38.289,-68.8606,647.98,0,31
43,-32.0365,38.1633,101.239,885.699,0,31
43,-32.9191,37.4047,71.6804,390.26,0,31
43,-34.1477,36.2865,39.6448,201.863,0,31
43,-36.6517,33.7554,14.0425,418.387,0,31
43,-37.5061,32.8035,168.882,1109.1,0,31
43,-37.5059,32.8037,191.355,1117.34,0,31
43,-38.305,31.867,215.091,712.486,0,31
43,-39.2183,30.736,196.034,667.481,0,31
43,-40.1988,29.4421,128.403,309.57,0,31
43,-40.2142,29.421,159.204,476.171,0,31
43,-41.9539,26.8822,-26.0295,299.421,0,31
43,-42.4743,26.0522,250.731,180.668,0,31
43,-43.5805,24.1562,70.8526,483.372,0,31
43,-44.1003,23.1936,43.5495,1467.21,0,31
43,-44.5529,22.3119,56.892,44.2549,0,31
43,-44.7339,21.9467,56.892,21.0932,0,31
43,-45.6422,19.9891,163.381,1569.82,0,31
43,-49.109,8.43114,148.052,357.078,0,31
43,-49.581,4.94979,29.9193,648.855,0,31
43,-49.6121,4.62802,0.844397,689.99,0,31
43,-49.6738,3.91042,147.511,122.908,0,31
43,-49.7515,2.75022,-20.4205,70.4712,0,31
43,-49.8088,1.36398,193.98,891.238,0,31
43,-47.6761,-14.4835,105.5,172,1,31
43,-47.47,-15.1453,105.5,23,1,31
43,-47.3787,-15.4286,38.1853,4563.93,1,31
43,-47.2507,-15.8161,-49.8372,336.261,1,31
43,-45.8823,-19.4318,-11.524,92.5097,1,31
43,-42.7995,-25.5143,-225.343,1150.33,1,31
43,-42.1834,-26.5206,-25.2805,547.916,1,31
43,-39.5976,-30.2458,70.2596,714.547,1,31
43,-38.8836,-31.1584,75.0695,332.543,1,31
43,-38.223,-31.9653,-99.9242,907.51,1,31
43,-38.4923,-31.6405,-131.042,615.276,1,31
43,-37.4136,-32.909,-101.559,147.727,1,31
43,-34.8712,-35.5918,-133.438,51.5399,1,31
43,-34.5788,-35.8759,-133.877,92.9605,1,31
43,-33.0538,-37.2857,-102.239,610.782,1,31
43,-31.3427,-38.7352,-166.316,1153.21,1,31
43,-30.5778,-39.3418,-205.95,181.462,1,31
43,-30.2451,-39.5982,-166.708,91.5196,1,31
43,-29.8888,-39.8678,-106.509,1643,1,31
43,-29.5067,-40.1514,-83.9321,349.516,1,31
43,-27.5973,-41.487,-135.291,892.53,1,31
43,-27.3263,-41.666,-248.486,260.543,1,31
43,-25.3537,-42.8949,-111.164,29.2185,1,31
43,-23.9367,-43.7014,-275.676,21.0717,1,31
43,-23.2184,-44.0872,-276.39,502.29,1,31
43,-22.1295,-44.6438,72.6949,103.557,1,31
43,-21.3893,-45.0031,-76.9821,1356.54,1,31
43,-20.3097,-45.5005,-78.2116,422.464,1,31
43,-19.8807,-45.6896,-235.937,467.306,1,31
43,-15.5332,-47.3445,-224.796,39.0724,1,31
43,-14.0345,-47.8102,-130.151,258.949,1,31
43,-14.0343,-47.8102,-152.627,259.998,1,31
43,-13.584,-47.9401,-119.233,499.964,1,31
43,-11.0167,-48.5944,57.4759,241.172,1,31
43,10.8178,-48.639,-108.022,87.621,1,31
43,11.4139,-48.5026,89.388,44.3641,1,31
43,11.4139,-48.5026,83.2588,61.3679,1,31
43,11.4139,-48.5026,-107.772,25.348,1,31
43,11.4139,-48.5026,-108.775,78.5084,1,31
43,11.8103,-48.4076,89.9648,91.6694,1,31
43,11.8103,-48.4076,88.702,64.5269,1,31
43,11.8103,-48.4076,-108.404,66.7413,1,31
43,12.6008,-48.2079,-109.185,68.9404,1,31
43,16.4314,-47.0403,-262.733,417.321,1,31
43,17.4563,-46.6696,-295.976,145.934,1,31
43,18.974,-46.0735,-140.607,85.9807,1,31
43,19.9123,-45.6758,-17.884,26,1,31
43,19.9123,-45.6758,-48.6831,135.962,1,31
43,24.4861,-43.396,-90.7177,552.978,1,31
43,25.8313,-42.609,-66.7366,432.243,1,31
43,26.5887,-42.1405,-127.097,113.86,1,31
43,27.3365,-41.6593,-126.468,1601.51,1,31
43,29.1427,-40.4164,-89.224,163.858,1,31
43,32.9976,-37.3355,-3.93634,223.89,1,31
43,33.5879,-36.8054,-153.027,93.7261,1,31
43,34.7253,-35.7342,-228.721,287.825,1,31
43,35.0165,-35.4489,-229.46,31.4077,1,31
43,38.3989,-31.7537,-9.34719,920.508,1,31
43,39.0497,-30.95,-103.424,9400.54,1,31
43,39.8018,-29.9766,-3.37904,246.204,1,31
43,43.0045,-25.1672,101.165,306.198,1,31
43,43.2622,-24.7218,-110.063,222.055,1,31
43,44.2859,-22.8372,-81.6664,316.395,1,31
43,44.5154,-22.3865,-150.927,278.813,1,31
43,45.2249,-20.9163,-85.1469,656.149,1,31
43,45.2283,-20.9088,-100.06,536.766,1,31
43,45.6469,-19.9785,-272.862,710.784,1,31
43,46.9905,-16.5732,-246.514,493.754,1,31
43,46.9555,-16.6721,-261.162,256.033,1,31
43,47.2368,-15.8577,-193.559,71.5784,1,31
43,47.5315,-14.951,-144.236,29.1617,1,31
43,47.7328,-14.2955,-16.4996,1242.56,1,31
43,47.8181,-14.0075,-125.93,267.028,1,31
43,47.9317,-13.6136,76.5065,477.571,1,31
43,47.9581,-13.5202,-194.096,155.216,1,31
43,47.9953,-13.3878,-126.428,22.2913,1,31
43,48.2923,-12.2733,-126.498,164.757,1,31
43,49.1619,-8.11685,-18.8742,199.531,1,31
43,49.3428,-6.93313,-136.893,5745.48,1,31
43,49.4299,-6.28191,-82.7409,535.432,1,31
43,49.7399,-2.95372,51.228,24.1042,1,31
43,49.7399,-2.95372,8.07019,128.076,1,31
43,49.7515,-2.75023,61.404,21.9818,1,31
43,49.7569,-2.65206,-125.924,323.363,1,31
43,49.7793,-2.19124,61.5646,237.604,1,31
43,49.7873,-2.00213,-87.4313,428.433,1,31
43,49.7826,-2.11408,-268.695,779.888,1,31
43,49.8149,-1.12093,-87.2009,69.6514,1,31
43,49.8207,-0.825896,-229.084,561.272,1,31
43,49.8258,-0.406259,3.6333,176.135,1,31
43,49.82,0.865538,-142.736,4164.11,1,31
43,49.7713,2.36686,-155.381,1153.74,1,31
43,49.7717,2.35737,-177.856,1133.54,1,31
43,49.6493,4.2098,-42.9114,475.935,1,31
43,49.6059,4.69384,-198.932,48.2913,1,31
43,49.3382,6.96548,20.9208,396.281,1,31
43,48.954,9.28884,14.3165,206.427,1,31
43,48.8375,9.88314,99.7462,202.711,1,31
43,46.3189,18.3667,-28.5145,211.937,1,31
43,45.4239,20.4805,-5.62389,453.263,1,31
43,45.0292,21.3343,-72.4047,1011.86,1,31
43,43.6508,24.0289,-38.1119,305.567,1,31
43,43.0203,25.1402,-236.778,107.776,1,31
43,42.6043,25.839,87.065,527.704,1,31
43,41.4616,27.6355,-109.446,442.13,1,31
43,38.3225,31.846,99.3034,67.5076,1,31
43,37.2059,33.1437,-15.45,904.31,1,31
43,34.6249,35.8315,-28.4597,711.876,1,31
43,31.4411,38.6554,-30.2219,809.663,1,31
43,24.6715,43.2909,-198.141,185.6,1,31
43,21.7878,44.8115,-49.1459,938.11,1,31
43,19.6243,45.8003,0.55166,224.208,1,31
43,13.5699,47.9441,78.0858,1386.95,1,31
43,10.4158,48.7267,-12.5573,301.273,1,31
43,9.32573,48.947,23.4883,879.489,1,31
43,7.82483,49.2093,-47.4424,364.941,1,31
43,7.69348,49.23,-262.95,1231.85,1,31
43,4.75217,49.6004,-135.861,222.687,1,31
43,4.7528,49.6003,-158.332,220.827,1,31
43,2.73438,49.7524,9.31374,164.934,1,31
43,1.84344,49.7934,9.67168,449.095,1,31
43,1.03696,49.8167,-186.902,1415.03,1,31
43,-0.47625,49.8252,4.61871,688.552,1,31
43,-2.84418,49.7463,-184.683,133.818,1,31
43,-3.70144,49.6898,-220.252,949.713,1,31
43,-6.40515,49.4141,-72.1813,352.08,1,31
43,-7.3174,49.2873,-133.334,794.779,1,31
43,-9.03199,49.0021,-72.1922,963.664,1,31
43,-8.72777,49.0572,-87.8915,937.939,1,31
43,-8.72494,49.0577,-110.33,911.81,1,31
43,-10.1432,48.7842,55.2778,222.083,1,31
43,-10.1753,48.7775,-27.3856,252.653,1,31
43,-13.6968,47.908,67.34,153.419,1,31
43,-17.6515,46.5962,102.693,452.668,1,31
43,-18.1601,46.4003,-15.613,493.653,1,31
43,-22.857,44.2757,-174.864,793,1,31
43,-27.2436,41.7201,-27.8398,553.629,1,31
43,-27.9432,41.2548,-103.931,552.594,1,31
43,-32.2146,38.0131,6.25406,319.253,1,31
43,-32.1213,38.092,-198.138,392.289,1,31
43,-32.2642,37.9711,-143.851,268.043,1,31
43,-32.4027,37.8529,-43.1891,252.173,1,31
43,-35.9534,34.4983,-161.501,1461.24,1,31
43,-36.289,34.1451,-154.159,814.225,1,31
43,-37.0714,33.294,-62.3902,928.611,1,31
43,-40.5073,29.0161,-299.589,245.362,1,31
43,-40.9431,28.3979,-149.932,1184.44,1,31
43,-41.0095,28.302,-84.744,258.283,1,31
43,-41.1448,28.1049,-282.884,21.2122,1,31
43,-41.4114,27.7105,-85.9839,447.132,1,31
43,-42.5515,25.9258,-105.95,111.104,1,31
43,-44.7006,22.0144,82.3197,1043.1,1,31
43,-44.9346,21.5327,-166.899,275.092,1,31
43,-45.8139,19.5924,-105.521,1043.24,1,31
43,-45.7401,19.7642,-139.786,1765.07,1,31
43,-46.0735,18.974,-105.042,70.5986,1,31
43,-47.0818,16.3122,61.6305,1876.89,1,31
43,-47.4877,15.0896,-81.8602,894.738,1,31
43,-48.3322,12.1153,-141.221,1817.17,1,31
43,-49.7952,1.79453,-125.691,305.141,1,31
43,-49.7951,1.79585,-148.17,301.837,1,31
43,-50.8207,-1.65479,290.514,264.709,0,32
43,-50.7839,-2.54539,177.276,1408.64,0,32
43,-50.7359,-3.3681,154.576,393.382,0,32
43,-50.5891,-5.12108,-97.3341,487.692,0,32
43,-50.5059,-5.88478,287.109,167.75,0,32
43,-50.4859,-6.05432,-11.5899,429.288,0,32
43,-50.0274,-9.09628,129.637,180.527,0,32
43,-49.4406,-11.879,121.066,594.303,0,32
43,-49.4142,-11.9881,-82.0001,764.186,0,32
43,-49.3302,-12.3292,-87.9733,342.219,0,32
43,-48.904,-13.924,146.49,74.6169,0,32
43,-47.5192,-18.0943,229.826,193.997,0,32
43,-44.9476,-23.7738,85.3398,435.914,0,32
43,-44.2735,-25.0067,87.9236,709.064,0,32
43,-43.8252,-25.7842,245.133,1726.52,0,32
43,-43.6781,-26.0326,-28.9913,391.396,0,32
43,-43.5599,-26.2301,-83.452,23.2913,0,32
43,-42.7863,-27.4739,42.474,711.303,0,32
43,-39.6585,-31.8226,-14.1195,941.556,0,32
43,-39.4907,-32.0306,-64.6713,208.756,0,32
43,-37.3767,-34.474,138.127,285.184,0,32
43,-37.1546,-34.7133,150.099,247.761,0,32
43,-32.6235,-39.0024,180.516,1068.64,0,32
43,-31.5284,-39.8928,104.963,57.9299,0,32
43,-31.5284,-39.8928,180.276,23.2388,0,32
43,-28.49,-42.1165,-4.03855,266.635,0,32
43,-28.1629,-42.3359,-17.9421,165.767,0,32
43,-26.0793,-43.6503,-33.6707,192.375,0,32
43,-24.7499,-44.4176,232.725,1186.42,0,32
43,-23.3989,-45.1439,293.988,710.229,0,32
43,-20.0912,-46.71,35.4075,131.494,0,32
43,-19.3328,-47.0289,173.946,1190.08,0,32
43,-18.806,-47.2421,-75.424,2372.55,0,32
43,-18.784,-47.2508,-69.7758,427,0,32
43,-18.5061,-47.3603,143.215,951.769,0,32
43,-18.122,-47.5087,30.5472,480.31,0,32
43,-10.7886,-49.6899,292.952,491.309,0,32
43,-9.47506,-49.957,64.2565,313.377,0,32
43,-7.67782,-50.2646,34.9991,591.569,0,32
43,-5.83384,-50.5118,288.396,77.7058,0,32
43,-3.88757,-50.6988,52.8635,1862.37,0,32
43,-0.729707,-50.8424,94.1349,1135.58,0,32
43,-0.691662,-50.8429,116.455,1262.41,0,32
43,5.03405,-50.5978,-101.353,1306.35,0,32
43,8.08432,-50.2008,173.146,675.75,0,32
43,12.635,-49.2528,103.652,338.603,0,32
43,12.6356,-49.2526,126.125,337.464,0,32
43,14.6682,-48.686,23.0956,1423.11,0,32
43,16.9753,-47.9303,278.785,252.464,0,32
43,17.5109,-47.7373,5.164,56.4712,0,32
43,19.3065,-47.0397,-66.3932,103.346,0,32
43,22.8929,-45.4026,-68.0659,413.652,0,32
43,23.7692,-44.95,155.885,1551.45,0,32
43,24.7908,-44.3948,155.26,32.9641,0,32
43,26.3399,-43.4935,132.23,656.826,0,32
43,30.7321,-40.5095,167.662,10212.9,0,32
43,30.6284,-40.5879,-25.743,737.987,0,32
43,30.8419,-40.4259,174.18,865,0,32
43,33.8475,-37.945,85.5674,230.283,0,32
43,35.3327,-36.5661,-52.1014,1452.08,0,32
43,39.0498,-32.5668,55.9446,367.495,0,32
43,39.6022,-31.8927,146.105,265.304,0,32
43,39.8952,-31.5254,180.015,699.594,0,32
43,39.8956,-31.5249,202.487,694.467,0,32
43,41.4033,-29.5168,257.055,825.276,0,32
43,41.9147,-28.7861,-100.836,55.544,0,32
43,42.5098,-27.8997,137.281,118.874,0,32
43,44.708,-24.2214,286.931,390.309,0,32
43,44.8033,-24.0445,89.2249,369.253,0,32
43,45.3574,-22.9822,118.503,351.349,0,32
43,46.9578,-19.505,10.8658,235.641,0,32
43,47.342,-18.553,-35.4406,1087.85,0,32
43,47.268,-18.7407,3.56828,639.768,0,32
43,48.2072,-16.1723,68.9796,331.307,0,32
43,48.3625,-15.7019,67.6677,103.096,0,32
43,48.3462,-15.7519,152.573,335.815,0,32
43,48.703,-14.6116,110.495,105.916,0,32
43,49.266,-12.5834,59.1465,187.879,0,32
43,49.5001,-11.6285,59.2138,553.897,0,32
43,50.067,-8.87532,175.525,165.033,0,32
43,50.5353,-5.62657,279.492,66.3522,0,32
43,50.6662,-4.29076,59.782,441.832,0,32
43,50.7965,-2.27907,273.61,14716.6,0,32
43,50.7913,-2.39108,279.262,315,0,32
43,50.8475,0.104015,261.45,79.8353,0,32
43,50.8323,1.24792,268.941,592.279,0,32
43,48.2973,15.9012,-76.0119,545.048,0,32
43,48.1357,16.3838,124.837,175.337,0,32
43,47.9734,16.8533,282.974,703.857,0,32
43,47.7344,17.5188,125.319,120.519,0,32
43,47.3792,18.4577,125.143,2213.37,0,32
43,47.3513,18.5293,242.455,972.865,0,32
43,46.9884,19.4312,124.896,184.229,0,32
43,46.8568,19.7464,164.557,217.169,0,32
43,46.6438,20.2443,-67.5085,269.516,0,32
43,46.4561,20.6715,146.561,257.593,0,32
43,46.3385,20.9337,162.387,262.977,0,32
43,46.5274,20.5104,164.42,95.0487,0,32
43,45.9967,21.6744,164.328,682.972,0,32
43,45.8621,21.9579,278.078,301.581,0,32
43,45.476,22.7468,133.641,279.471,0,32
43,44.8167,24.0196,61.9453,687.93,0,32
43,42.2869,28.2364,106.767,1930.95,0,32
43,38.5658,33.1384,55.3844,640.195,0,32
43,38.1275,33.6418,154.151,747.285,0,32
43,37.7118,34.1072,190.479,208.834,0,32
43,36.3205,35.5851,18.9329,64.6189,0,32
43,35.6986,36.209,-7.11505,204.808,0,32
43,35.6773,36.2299,134.28,141.272,0,32
43,34.7486,37.1216,117.675,1225.58,0,32
43,33.5225,38.2324,259.509,3254.98,0,32
43,32.9433,38.7327,148.732,1601.05,0,32
43,33.4041,38.3359,-76.3578,212.331,0,32
43,32.5342,39.0769,-70.9069,419.401,0,32
43,29.6373,41.3172,155.107,732.331,0,32
43,26.9824,43.0979,-92.2398,144.078,0,32
43,26.7267,43.2569,67.6915,279.443,0,32
43,26.4733,43.4125,78.7097,228.334,0,32
43,24.5735,44.5154,18.7333,125.203,0,32
43,19.7613,46.8505,167.186,597.754,0,32
43,18.4711,47.374,270.834,1843.78,0,32
43,14.2619,48.8065,-42.3332,508,0,32
43,13.9026,48.9101,-13.8152,412.278,0,32
43,13.8491,48.9253,264.64,210.1,0,32
43,11.2195,49.5944,254.355,197.932,0,32
43,10.7022,49.7086,148.001,292.055,0,32
43,9.63348,49.9267,284.615,1049.32,0,32
43,9.20486,50.0075,-13.492,21.1435,0,32
43,3.10239,50.7529,48.1324,4508.07,0,32
43,3.2218,50.7454,57.2072,1060,0,32
43,-1.66931,50.8202,140.934,328.648,0,32
43,-2.51214,50.7855,170.948,55.1435,0,32
43,-2.51738,50.7852,193.42,56.1813,0,32
43,-3.80979,50.7047,21.6907,295.746,0,32
43,-3.84293,50.7022,165.306,565.036,0,32
43,-5.70791,50.5262,-43.596,25.1456,0,32
43,-11.3263,49.5701,-25.5425,390.051,0,32
43,-15.7797,48.3372,-94.8565,834.11,0,32
43,-16.8872,47.9614,-3.87188,135.092,0,32
43,-17.7781,47.6384,284.642,988.73,0,32
43,-23.2161,45.2382,225.397,142.82,0,32
43,-26.1877,43.5854,-85.8479,567.012,0,32
43,-27.3783,42.8475,15.23,727.523,0,32
43,-32.4096,39.1803,100.345,258.035,0,32
43,-32.8317,38.8273,-70.5505,301.391,0,32
43,-33.8131,37.9757,70.0468,385.273,0,32
43,-35.2601,36.6361,38.5263,440.263,0,32
43,-37.2055,34.6588,12.9126,445.405,0,32
43,-39.5712,31.9311,168.237,1388.85,0,32
43,-39.5707,31.9317,190.709,1388.57,0,32
43,-39.2503,32.3248,213.485,1549.77,0,32
43,-39.7382,31.7231,195.214,272.71,0,32
43,-40.3934,30.8845,167.72,705.953,0,32
43,-40.3922,30.886,190.191,703.961,0,32
43,-40.8111,30.3303,128.067,155.835,0,32
43,-41.2339,29.753,157.558,309.159,0,32
43,-42.4769,27.9498,-27.3113,109.991,0,32
43,-43.2933,26.6678,250.043,162.587,0,32
43,-44.2387,25.0682,68.257,1087.86,0,32
43,-45.0925,23.4978,42.1347,925.473,0,32
43,-45.3404,23.0158,56.6723,131.376,0,32
43,-47.6976,17.6187,1.12929,170.709,0,32
43,-50.4465,6.37401,29.31,672.639,0,32
43,-50.6561,4.40832,-0.557172,983.743,0,32
43,-50.7231,3.55655,147.065,85.8836,0,32
43,-50.7804,2.61362,-20.4091,197.491,0,32
43,-50.8424,0.727961,193.42,57.2164,0,32
43,-48.3699,-15.6791,37.6854,3976.42,1,32
43,-48.2485,-16.0487,-49.5435,75.4894,1,32
43,-47.8045,-17.3264,-15.3633,258.696,1,32
43,-46.7036,-20.1061,-10.6662,457.633,1,32
43,-44.8925,-23.8776,-41.4324,130.161,1,32
43,-43.6425,-26.0924,-224.015,723.999,1,32
43,-43.4522,-26.408,-24.5515,105.494,1,32
43,-41.7848,-28.9743,70.7153,646.82,1,32
43,-41.26,-29.7168,70.5768,428.322,1,32
43,-40.303,-31.0024,-103.508,497,1,32
43,-39.7891,-31.6592,75.3276,947.954,1,32
43,-39.7132,-31.7544,-130.196,328.58,1,32
43,-38.2977,-33.4479,-101.207,134.321,1,32
43,-35.2668,-36.6297,-132.26,1492.37,1,32
43,-34.9467,-36.9352,-99.8998,130.979,1,32
43,-31.3055,-40.068,-205.667,989.809,1,32
43,-30.6127,-40.5998,-105.377,789.045,1,32
43,-30.3436,-40.8013,-82.079,530.335,1,32
43,-30.4567,-40.7169,-166.708,44.0546,1,32
43,-28.9535,-41.7992,-167.257,670.704,1,32
43,-28.0891,-42.3849,-135.221,522.62,1,32
43,-27.5985,-42.706,-247.203,207.325,1,32
43,-25.737,-43.853,-109.906,259.73,1,32
43,-25.5138,-43.9832,-56.468,8.41877,1,32
43,-25.5138,-43.9832,-273.98,24.6029,1,32
43,-24.4267,-44.5961,-274.95,146.487,1,32
43,-20.1291,-46.6937,-83.5312,169,1,32
43,-19.9039,-46.7901,-234.655,413.763,1,32
43,-17.6187,-47.6976,-60.6845,300.604,1,32
43,-17.2279,-47.8401,-81.2765,79.8514,1,32
43,-15.673,-48.3718,-225.188,216.408,1,32
43,-14.457,-48.7491,-128.821,632.552,1,32
43,-14.4572,-48.749,-151.291,631.724,1,32
43,-13.6619,-48.9779,-117.82,79.4369,1,32
43,-11.8534,-49.4467,-250.18,2416.72,1,32
43,-11.7868,-49.4626,58.049,463.323,1,32
43,-8.32303,-50.1618,-116.272,1464,1,32
43,-8.27164,-50.1703,-287.057,289.829,1,32
43,-3.50985,-50.7263,-182.27,898.194,1,32
43,-3.50877,-50.7264,-204.741,897.25,1,32
43,0.115082,-50.8475,-164.164,134.94,1,32
43,1.07806,-50.8362,-11.0214,415.002,1,32
43,2.5755,-50.7823,-104.273,8123.29,1,32
43,4.73528,-50.6266,-111.45,249.13,1,32
43,5.16261,-50.5848,99.4746,679.853,1,32
43,5.70791,-50.5262,-151.444,24.3396,1,32
43,6.35366,-50.4491,28.5136,979.302,1,32
43,7.35802,-50.3124,-104.961,58.7805,1,32
43,7.80343,-50.2452,-104.524,187.927,1,32
43,8.52274,-50.1282,-105.319,1198.66,1,32
43,8.61543,-50.1124,25.8693,654.409,1,32
43,8.60697,-50.1139,-247.606,1684.18,1,32
43,9.59261,-49.9346,-106.319,531.205,1,32
43,10.5237,-49.7467,-107.245,426.486,1,32
43,11.0501,-49.6324,91.2922,151.019,1,32
43,11.0175,-49.6396,83.7607,239.272,1,32
43,11.8845,-49.4392,-104.202,7450.32,1,32
43,11.8814,-49.44,-126.669,7496.5,1,32
43,11.448,-49.5421,90.3938,284.208,1,32
43,11.9389,-49.4261,-150.343,166.306,1,32
43,17.8971,-47.5938,-295.568,362.15,1,32
43,19.1699,-47.0956,-140.188,56.633,1,32
43,20.3199,-46.6109,-17.8259,204.183,1,32
43,25.7737,-43.8314,-66.4433,243.071,1,32
43,29.539,-41.3875,-124.926,1460.12,1,32
43,29.8833,-41.1396,-87.9363,1781.15,1,32
43,33.7601,-38.0228,-3.044,50.2226,1,32
43,34.42,-37.4265,-152.869,260.674,1,32
43,34.9723,-36.911,101.657,510.524,1,32
43,35.2739,-36.6229,-226.888,718.849,1,32
43,39.3987,-32.1437,-7.45529,332.91,1,32
43,39.6657,-31.8136,-103.176,5130.97,1,32
43,43.8196,-25.7938,101.857,343.995,1,32
43,43.8865,-25.6799,-109.332,310.726,1,32
43,45.2758,-23.1426,-81.4167,144.785,1,32
43,45.2631,-23.1675,-139.787,2242.03,1,32
43,45.2772,-23.1399,-149.748,30.2938,1,32
43,46.049,-21.5632,-83.9988,460.467,1,32
43,46.054,-21.5524,-99.1844,245.639,1,32
43,46.8614,-19.7354,-271.3,261.1,1,32
43,47.6126,-17.8471,-193.161,136.322,1,32
43,47.9612,-16.888,-124.993,348.439,1,32
43,47.9274,-16.9835,-193.329,333.766,1,32
43,47.9174,-17.0117,-246.119,670.561,1,32
43,48.2808,-15.9511,-125.305,162.083,1,32
43,48.5196,-15.2094,-15.894,3051.82,1,32
43,48.5047,-15.2569,-125.58,72.2507,1,32
43,48.4566,-15.4088,-143.391,529.918,1,32
43,48.7373,-14.4965,76.887,426.822,1,32
43,48.709,-14.5914,3.88105,692.474,1,32
43,49.7861,-10.3357,-163.374,374.413,1,32
43,50.2105,-8.02391,-17.7589,266.609,1,32
43,50.2819,-7.56373,-18.732,1.0163,1,32
43,50.3088,-7.38236,-136.441,3354.36,1,32
43,50.3124,-7.35799,-140.891,242,1,32
43,50.5262,-5.70787,-83.3589,78.0937,1,32
43,50.6531,-4.44278,-89.4796,467.42,1,32
43,50.7113,-3.7205,-88.692,77.3256,1,32
43,50.76,-2.98361,-123.63,404.15,1,32
43,50.7661,-2.87792,51.6678,260.172,1,32
43,50.7658,-2.88351,-88.268,57.4915,1,32
43,50.7701,-2.80653,8.828,33.3903,1,32
43,50.7854,-2.51519,-268.555,111.995,1,32
43,50.8444,-0.568577,-227.955,133.658,1,32
43,50.846,0.400314,-143.644,4274.61,1,32
43,50.847,0.255957,4.75282,305.773,1,32
43,50.803,2.12911,-34.0846,1023.5,1,32
43,50.743,3.25926,-154.542,1115.91,1,32
43,50.742,3.27468,-177.003,1138.89,1,32
43,50.6095,4.91471,-198.814,389.113,1,32
43,50.5491,5.50117,-54.9517,92.2737,1,32
43,50.4089,6.66481,22.295,692.369,1,32
43,49.9849,9.32664,99.9038,471.73,1,32
43,50.0181,9.14702,15.0723,100.767,1,32
43,47.0956,19.1699,-28.3335,70.5003,1,32
43,45.872,21.9372,-70.9405,1146.71,1,32
43,44.6486,24.3306,-36.3507,379.368,1,32
43,44.0872,25.3337,-234.781,325.529,1,32
43,43.5802,26.1962,87.7037,850.106,1,32
43,42.943,27.2282,-82.6449,1809.22,1,32
43,42.3359,28.1629,-107.639,462.732,1,32
43,39.203,32.3822,99.4271,130.225,1,32
43,37.7308,34.0862,-13.6902,523.726,1,32
43,35.1367,36.7544,-27.6903,206.27,1,32
43,32.3668,39.2156,-30.2099,780.706,1,32
43,25.4775,44.0043,-197.702,434.438,1,32
43,21.743,45.9643,-47.3168,514.101,1,32
43,20.2653,46.6347,1.88203,112.009,1,32
43,11.8499,49.4475,-111.588,78.3277,1,32
43,10.2287,49.8082,-168.634,627.828,1,32
43,10.4214,49.7682,-11.0311,622.703,1,32
43,9.96348,49.8619,25.2875,556.379,1,32
43,8.4224,50.1452,-46.5535,657.916,1,32
43,8.1203,50.195,-262.67,3834.1,1,32
43,8.1802,50.1853,-268.766,456,1,32
43,0.68009,50.8431,10.2894,905.352,1,32
43,0.724689,50.8424,-185.981,175.157,1,32
43,-0.379159,50.8462,5.49385,205.178,1,32
43,-2.20895,50.7996,-129.312,477.593,1,32
43,-2.53148,50.7845,105.5,74,1,32
43,-3.01422,50.7582,-184.326,113.997,1,32
43,-6.1768,50.471,-71.5902,651.106,1,32
43,-7.7302,50.2566,-72.4285,1447.26,1,32
43,-7.89931,50.2303,-134.395,995.844,1,32
43,-8.77869,50.0841,-86.5809,558.103,1,32
43,-8.77869,50.0841,-109.054,558.025,1,32
43,-10.7104,49.7068,56.1337,409.104,1,32
43,-10.5323,49.7449,-27.2102,388.954,1,32
43,-11.8951,49.4367,66.9735,2155.21,1,32
43,-16.3644,48.1423,-277.698,10319.4,1,32
43,-18.384,47.4079,103.634,731.248,1,32
43,-18.3853,47.4074,-279.221,971.478,1,32
43,-18.6358,47.3095,-15.2418,103.706,1,32
43,-20.7827,46.4064,-281.036,7402.57,1,32
43,-25.6852,43.8833,-284.824,10716.3,1,32
43,-22.9926,45.3521,-167.582,2520.9,1,32
43,-28.0504,42.4105,-26.4624,707.175,1,32
43,-28.6803,41.9871,-103.67,96.4882,1,32
43,-32.6997,38.9386,7.09939,530.77,1,32
43,-32.7031,38.9357,-41.3461,189.309,1,32
43,-32.9754,38.7053,-143.388,31.0546,1,32
43,-32.9754,38.7053,-197.935,85.5461,1,32
43,-35.3908,36.5098,-161.727,515.684,1,32
43,-37.1329,34.7365,-152.689,946.06,1,32
43,-37.9451,33.8474,-62.3742,356.591,1,32
43,-41.5835,29.2625,-83.4273,906.649,1,32
43,-41.5266,29.3431,-299.222,519.946,1,32
43,-41.7424,29.0354,-149.65,915.434,1,32
43,-42.2661,28.2675,-282.622,366.006,1,32
43,-42.8214,27.4191,56.9989,277.136,1,32
43,-46.1507,21.3447,82.0222,1525.79,1,32
43,-45.926,21.8238,-166.135,1256.61,1,32
43,-46.7449,20.0099,-138.915,1099.15,1,32
43,-47.1686,18.9896,-104.044,1420.12,1,32
43,-48.1691,16.2853,63.8373,434.915,1,32
43,-48.528,15.1825,-80.0084,200.634,1,32
43,-48.5666,15.0586,66.5408,176.476,1,32
43,-49.2984,12.4558,-140.82,113.203,1,32
43,-50.594,5.0724,-15.5031,290.313,1,32
43,-50.8297,1.34927,-123.92,216.825,1,32
43,-50.8298,1.34686,-146.346,238.934,1,32
43,-51.8595,-0.949067,155.447,1455,0,33
43,-51.8596,-0.945292,177.919,1443.82,0,33
43,-51.868,-0.145626,192.404,438.225,0,33
43,-51.838,-1.76961,290.246,234.437,0,33
43,-51.5637,-5.6116,-12.9079,74.2796,0,33
43,-51.5161,-6.03325,-12.4832,79.2391,0,33
43,-50.9926,-9.49014,129.49,1152.35,0,33
43,-50.4356,-12.1062,120.707,1966.17,0,33
43,-50.3953,-12.273,-88.4875,726.035,0,33
43,-50.3004,-12.6561,-83.4582,1126.84,0,33
43,-49.8452,-14.3444,146.78,37.182,0,33
43,-48.6707,-17.9296,227.839,361.577,0,33
43,-45.5316,-24.8431,84.8981,134.664,0,33
43,-45.1987,-25.4438,84.361,368.315,0,33
43,-45.107,-25.606,242.319,2374.28,0,33
43,-45.0102,-25.7758,-21.1818,523.982,0,33
43,-44.9996,-25.7943,86.5508,994.4,0,33
43,-44.4342,-26.7565,-29.2155,223.226,0,33
43,-44.1976,-27.1455,-83.9463,207.031,0,33
43,-43.8848,-27.6484,42.298,1624.72,0,33
43,-40.6341,-32.2364,-64.7945,167.478,0,33
43,-40.4598,-32.4548,-14.4585,524.695,0,33
43,-35.8082,-37.5244,149.822,122.833,0,33
43,-35.1078,-38.1806,149.657,201.262,0,33
43,-34.5069,-38.7244,149.528,451.606,0,33
43,-34.007,-39.1642,149.483,700.022,0,33
43,-32.2012,-40.6619,103.853,904.419,0,33
43,-31.6594,-41.0852,179.991,95.5004,0,33
43,-31.2518,-41.3961,179.852,77.2913,0,33
43,-30.9532,-41.6199,271.682,941.318,0,33
43,-30.6416,-41.8497,179.656,45.4166,0,33
43,-28.7573,-43.1663,-5.13396,524.395,0,33
43,-28.6091,-43.2646,-18.0248,82.7905,0,33
43,-25.5457,-45.1412,231.136,907.253,0,33
43,-23.5077,-46.2352,292.87,201.004,0,33
43,-20.5764,-47.6122,34.882,331.177,0,33
43,-20.1926,-47.7762,174.129,2523.37,0,33
43,-18.6735,-48.3902,141.045,331.63,0,33
43,-10.9064,-50.7086,293.256,157.07,0,33
43,-9.77756,-50.9383,64.0823,165.773,0,33
43,-8.07558,-51.2357,32.5143,504.935,0,33
43,-2.86707,-51.7889,52.9399,595.321,0,33
43,-2.32867,-51.8159,95.4868,3601.02,0,33
43,-2.32941,-51.8159,117.959,3617.37,0,33
43,5.18853,-51.608,-102.27,1222.25,0,33
43,7.62194,-51.3051,-100.037,1030.42,0,33
43,8.35943,-51.1901,172.408,1175.34,0,33
43,12.4752,-50.3456,101.83,401.217,0,33
43,12.4742,-50.3459,124.305,402.05,0,33
43,15.0366,-49.6408,21.6256,1235.58,0,33
43,17.5936,-48.7932,4.87179,503.567,0,33
43,19.5231,-48.0537,-66.8395,504.322,0,33
43,23.0358,-46.4721,-68.19,215.98,0,33
43,26.3171,-44.6959,153.168,1952.67,0,33
43,26.6952,-44.4711,131.322,164.537,0,33
43,27.54,-43.9529,151.537,705.426,0,33
43,28.2939,-43.4715,150.801,210.439,0,33
43,28.5269,-43.3189,82.21,2817.16,0,33
43,30.6881,-41.8157,167.633,6934,0,33
43,31.0128,-41.5754,-26.989,195.593,0,33
43,35.2831,-38.0186,85.9954,842.529,0,33
43,37.47,-35.8652,-54.3335,306.727,0,33
43,37.7522,-35.568,-55.3092,155.535,0,33
43,37.74,-35.5809,16.9656,806.913,0,33
43,38.3904,-34.8782,-56.0689,789.088,0,33
43,39.7215,-33.3544,55.1808,490.854,0,33
43,40.6561,-32.2086,145.734,1514.25,0,33
43,40.7861,-32.0438,179.874,418.564,0,33
43,40.7869,-32.0428,202.345,416.51,0,33
43,41.9697,-30.4771,238.971,377.256,0,33
43,42.6705,-29.4879,-101.56,73.7219,0,33
43,43.277,-28.5904,136.031,560.119,0,33
43,45.6664,-24.5944,87.9696,1132.7,0,33
43,45.8289,-24.2904,286.833,443.599,0,33
43,48.2487,-19.036,2.47202,877.341,0,33
43,48.4779,-18.4447,-36.9724,1103.06,0,33
43,49.2904,-16.1484,151.536,203.608,0,33
43,49.4841,-15.5446,66.6613,297.675,0,33
43,49.5452,-15.3488,109.434,532.486,0,33
43,50.2355,-12.9114,59.012,24.0182,0,33
43,51.1458,-8.6263,175.432,171.545,0,33
43,51.5309,-5.90525,-52.9216,340.256,0,33
43,51.6743,-4.48094,271.341,16611.6,0,33
43,51.593,-5.33592,278.958,171.308,0,33
43,51.6487,-4.76714,58.9087,174.023,0,33
43,51.7181,-3.94285,281.221,1294,0,33
43,51.8675,0.277728,261.603,136.53,0,33
43,51.8507,1.3486,268.406,315.976,0,33
43,49.7117,14.8006,125.89,96.6231,0,33
43,49.4046,15.7954,-76.492,1155.99,0,33
43,49.4782,15.5634,125.58,23.0728,0,33
43,49.2867,16.1595,125.637,491.222,0,33
43,49.0511,16.8613,124.051,234.978,0,33
43,48.9908,17.0357,125.385,182.729,0,33
43,48.9029,17.2863,282.657,145.576,0,33
43,48.7396,17.7414,164.822,373.826,0,33
43,48.3832,18.6917,164.73,221.671,0,33
43,48.3458,18.7882,241.374,857.434,0,33
43,48.0028,19.6479,164.602,532.857,0,33
43,47.5544,20.7097,162.249,400.233,0,33
43,47.072,21.784,-67.6208,382.749,0,33
43,46.8918,22.1692,277.613,375.847,0,33
43,46.4721,23.0358,153.988,55.1839,0,33
43,46.1881,23.6002,154.155,244.315,0,33
43,46.186,23.6044,133.431,80.7443,0,33
43,45.9765,24.0098,100.109,276.649,0,33
43,45.7936,24.3569,60.0286,258.954,0,33
43,44.6516,26.3921,41.8188,54.6271,0,33
43,44.4342,26.7565,42.052,28.253,0,33
43,43.1351,28.804,106.562,1908.63,0,33
43,42.1824,30.182,-69.2661,673.283,0,33
43,39.8399,33.2128,54.9524,299.666,0,33
43,39.1628,34.0086,152.876,153.452,0,33
43,38.2902,34.9881,190.186,161.537,0,33
43,37.0495,36.2994,132.946,124.729,0,33
43,36.3273,37.0221,-8.10123,450.788,0,33
43,36.2806,37.0678,117.278,447.122,0,33
43,33.9771,39.1902,258.672,3956.79,0,33
43,33.7648,39.3732,-76.9842,1148.27,0,33
43,31.9887,40.8293,148.861,2203.86,0,33
43,29.9571,42.3424,153.798,313.769,0,33
43,27.3761,44.0552,-92.9106,142.801,0,33
43,27.3648,44.0622,66.6465,467.436,0,33
43,27.1389,44.2017,78.8431,315.735,0,33
43,26.3441,44.6799,54.9065,205.49,0,33
43,26.1239,44.8091,155.63,5202.62,0,33
43,25.184,45.344,17.7972,534.648,0,33
43,22.9492,46.515,164.976,478.144,0,33
43,19.0559,48.2409,167.15,2135.72,0,33
43,19.4771,48.0724,270.014,132.89,0,33
43,15.5921,49.4691,-48.3869,5440.67,0,33
43,14.2819,49.8632,263.658,304.786,0,33
43,13.9011,49.9707,-14.5954,428.073,0,33
43,10.7221,50.7479,147.816,1244.56,0,33
43,11.0536,50.6767,253.604,128.486,0,33
43,8.76059,51.123,-12.9453,1167.68,0,33
43,9.27131,51.0329,283.699,1476.56,0,33
43,3.38289,51.7578,47.8612,6472.47,0,33
43,-1.60905,51.8432,109.741,452.773,0,33
43,-2.01515,51.829,140.54,123.121,0,33
43,-2.4667,51.8095,170.58,262.697,0,33
43,-2.4669,51.8095,193.054,260.641,0,33
43,-3.73574,51.7335,21.3473,157.036,0,33
43,-3.82735,51.7268,164.181,591.302,0,33
43,-6.18259,51.4984,-44.3684,264.189,0,33
43,-11.7205,50.5266,-27.2906,210.96,0,33
43,-15.4503,49.5136,-98.224,316.698,0,33
43,-16.3311,49.2301,-95.8419,374.002,0,33
43,-17.3668,48.8744,-4.71457,1625.93,0,33
43,-17.5264,48.8174,283.693,478.405,0,33
43,-21.7893,47.0695,-71.8821,549.938,0,33
43,-23.7107,46.1315,225.384,378.063,0,33
43,-27.7986,43.7898,13.7372,592.904,0,33
43,-32.8416,40.1465,99.2531,994.541,0,33
43,-34.8937,38.3763,67.9902,217.221,0,33
43,-37.5288,35.8037,11.2146,545.294,0,33
43,-40.2104,32.7633,211.457,346.014,0,33
43,-40.4291,32.4931,194.692,24.1659,0,33
43,-41.4461,31.1854,127.939,553.248,0,33
43,-41.9206,30.5446,167.259,1138.67,0,33
43,-41.9174,30.5489,189.731,1127.07,0,33
43,-42.8589,29.2134,166.856,188.192,0,33
43,-42.8584,29.2142,189.324,188.126,0,33
43,-43.0186,28.9778,-28.4721,834.115,0,33
43,-43.9905,27.4799,249.305,469.183,0,33
43,-44.9689,25.8478,66.1434,827.201,0,33
43,-46.1523,23.6702,39.6997,471.844,0,33
43,-46.1856,23.6051,56.5272,263.353,0,33
43,-51.3658,7.20203,28.9282,402.61,0,33
43,-51.692,4.27167,-1.7157,378.201,0,33
43,-51.7724,3.15029,146.257,294.985,0,33
43,-51.8096,2.46542,-20.3483,179.736,0,33
43,-51.8675,0.277834,192.504,488.469,0,33
43,-51.8677,0.228934,155.657,288.711,0,33
43,-51.8677,0.228215,178.13,288.62,0,33
43,-44.7592,-26.2092,-23.82,48.2408,1,33
43,-44.4342,-26.7565,-222.67,734.92,1,33
43,-35.942,-37.3963,-98.9495,2752.54,1,33
43,-35.8031,-37.5293,-131.163,172.941,1,33
43,-31.9945,-40.8248,-204.888,116.049,1,33
43,-31.3834,-41.2964,-104.237,915.354,1,33
43,-31.1095,-41.5031,-80.494,460.971,1,33
43,-28.6447,-43.2411,-167.483,167.998,1,33
43,-28.6271,-43.2528,-135.208,852.34,1,33
43,-27.701,-43.8516,-167.83,417.204,1,33
43,-27.8992,-43.7258,-245.421,1188.16,1,33
43,-27.7414,-43.8261,-271.822,738.08,1,33
43,-27.1191,-44.2138,-272.464,62.9049,1,33
43,-26.7565,-44.4342,-168.145,148.897,1,33
43,-26.7565,-44.4342,-272.284,29.3256,1,33
43,-26.7565,-44.4342,-273.331,73.3622,1,33
43,-26.1104,-44.817,-54.4638,304.634,1,33
43,-26.0514,-44.8512,-108.42,167.081,1,33
43,-22.8465,-46.5655,73.2927,396.347,1,33
43,-20.1427,-47.7973,-233.099,57.4146,1,33
43,-16.8705,-49.0479,-81.908,82.4208,1,33
43,-16.572,-49.1496,-82.756,25.0992,1,33
43,-15.9676,-49.3492,-82.332,25,1,33
43,-15.084,-49.6264,-84.1305,2021.05,1,33
43,-15.9676,-49.3492,-225.362,154.909,1,33
43,-15.3608,-49.5415,-225.5,65.403,1,33
43,-14.8737,-49.6899,-127.255,800.695,1,33
43,-14.8737,-49.6899,-149.727,800.873,1,33
43,-12.9114,-50.2355,-85.5606,67.439,1,33
43,-12.5429,-50.3288,59.1548,115.401,1,33
43,-12.0877,-50.44,-248.958,105.796,1,33
43,-8.93995,-51.092,-116.25,1388.43,1,33
43,-8.22714,-51.2116,-286.547,372.733,1,33
43,-2.93396,-51.7852,-182.166,607.839,1,33
43,-2.93298,-51.7852,-204.638,607.59,1,33
43,-0.0456549,-51.8682,-163.95,152.539,1,33
43,0.872129,-51.8609,-10.4408,184.131,1,33
43,2.26575,-51.8187,-103.914,6175.91,1,33
43,2.38833,-51.8132,-110.547,1006,1,33
43,3.13815,-51.7732,-100.558,263.476,1,33
43,4.79352,-51.6462,-101.803,2981.6,1,33
43,4.12277,-51.7041,-110.805,395.208,1,33
43,5.58906,-51.5662,98.6407,473.451,1,33
43,6.31068,-51.4829,29.8995,1437.22,1,33
43,6.3826,-51.474,-103.337,377.237,1,33
43,6.24394,-51.491,-151.063,159.644,1,33
43,7.18128,-51.3687,-103.903,653.855,1,33
43,8.96714,-51.0872,-246.417,607.531,1,33
43,9.11095,-51.0617,26.0867,86.8452,1,33
43,9.5604,-50.9795,-121.894,1794.18,1,33
43,10.598,-50.7739,-99.0756,7976.5,1,33
43,10.5954,-50.7745,-121.542,7991.19,1,33
43,10.5973,-50.7741,92.6331,1557.26,1,33
43,10.8893,-50.7123,84.1768,145.842,1,33
43,11.8813,-50.489,-150.172,22.3641,1,33
43,18.4706,-48.468,-264.326,765.683,1,33
43,18.3624,-48.5091,-294.956,429.447,1,33
43,19.1506,-48.2034,-139.622,800.388,1,33
43,21.1161,-47.3753,-17.2746,59.5076,1,33
43,21.1161,-47.3753,-47.1648,151.99,1,33
43,25.6581,-45.0774,-65.9926,433.459,1,33
43,25.2884,-45.2859,-87.9677,267.825,1,33
43,30.672,-41.8275,-86.5882,339.479,1,33
43,31.2075,-41.4295,-123.725,87.9789,1,33
43,31.8594,-40.9303,-123.269,635.189,1,33
43,32.5195,-40.4078,-122.669,255.932,1,33
43,34.4377,-38.786,-2.39737,84.0412,1,33
43,35.2952,-38.0074,-152.571,292.329,1,33
43,35.4289,-37.8828,103.355,660.857,1,33
43,35.7216,-37.6069,-224.677,590.313,1,33
43,40.0742,-32.9297,-104.427,4527.77,1,33
43,40.2958,-32.6582,-6.56173,78.7483,1,33
43,44.606,-26.4691,-108.403,152.694,1,33
43,46.1198,-23.7334,-140.59,3021.18,1,33
43,46.0738,-23.8225,-148.447,460.432,1,33
43,46.089,-23.7931,-145.445,382,1,33
43,46.089,-23.7931,-157.821,920,1,33
43,46.3182,-23.3438,-81.2453,169.107,1,33
43,46.8197,-22.3209,-82.7196,463.125,1,33
43,46.9086,-22.1335,-98.4978,220.67,1,33
43,47.4108,-21.0364,-192.352,1079.04,1,33
43,47.8955,-19.908,-192.618,426.18,1,33
43,47.9108,-19.8711,-270.289,528.471,1,33
43,47.9591,-19.7545,-124.137,326.403,1,33
43,48.2568,-19.0157,-192.887,294.058,1,33
43,48.3061,-18.8899,-124.462,347.401,1,33
43,48.6233,-18.0578,-124.732,86.3459,1,33
43,48.6785,-17.9086,-258.848,519.45,1,33
43,48.7811,-17.627,-245.167,714.964,1,33
43,49.3155,-16.0714,-15.3651,1763.44,1,33
43,49.2835,-16.1693,77.2085,134.708,1,33
43,49.4141,-15.7656,77.2945,249.201,1,33
43,49.7708,-14.6005,5.50124,1116.61,1,33
43,50.6595,-11.1321,-162.275,439.888,1,33
43,51.2677,-7.86946,-16.7507,919.169,1,33
43,51.3013,-7.64771,-136.401,4342.34,1,33
43,51.4541,-6.54118,-91.1425,302.739,1,33
43,51.5943,-5.32344,-90.2412,916.719,1,33
43,51.633,-4.93388,-84.1105,950.538,1,33
43,51.756,-3.40909,-121.485,296.184,1,33
43,51.7844,-2.94737,-268.545,415.767,1,33
43,51.799,-2.67815,10.1914,236.819,1,33
43,51.868,-0.125899,-144.394,1564.61,1,33
43,51.868,-0.145937,-225.523,721.891,1,33
43,51.8641,0.654034,5.65415,593.183,1,33
43,51.8057,2.54521,-33.3798,632.164,1,33
43,51.6682,4.54998,-153.53,340.312,1,33
43,51.668,4.55306,-176,335.314,1,33
43,51.6224,5.04385,-40.3038,196.131,1,33
43,51.5979,5.28825,-54.772,77.6197,1,33
43,51.5979,5.28878,-198.685,135.747,1,33
43,51.0971,8.91041,100.129,376.51,1,33
43,51.0689,9.07074,15.4435,213.18,1,33
43,47.9745,19.7169,-28.0457,267.736,1,33
43,47.5776,20.6564,-3.19396,711.821,1,33
43,46.6783,22.6152,-68.9799,561.331,1,33
43,45.6444,24.6353,-34.9406,480.027,1,33
43,45.0318,25.738,-233.686,449.885,1,33
43,44.5132,26.6249,88.1803,240.836,1,33
43,43.3012,28.5538,-82.4902,802.882,1,33
43,43.2151,28.684,-105.853,529.807,1,33
43,40.0166,32.9997,99.4938,344.741,1,33
43,38.2182,35.0668,-12.1027,1394.2,1,33
43,36.1475,37.1977,73.276,32.3074,1,33
43,26.1198,44.8115,-197.305,264.012,1,33
43,20.8017,47.5142,3.26022,217.503,1,33
43,12.2707,50.3958,-111.448,197.468,1,33
43,10.623,50.7687,27.0156,957.483,1,33
43,10.4355,50.8076,-9.35019,717.186,1,33
43,9.17857,51.0496,-45.7036,318.15,1,33
43,8.2882,51.2017,-168.362,1071.74,1,33
43,8.55373,51.158,-267.455,249,1,33
43,5.35607,51.5909,-133.92,446.552,1,33
43,5.35933,51.5906,-156.389,445.236,1,33
43,-0.803674,51.862,10.9319,712.291,1,33
43,-2.19828,51.8216,-128.469,472.911,1,33
43,-3.15291,51.7723,-184.092,65.4005,1,33
43,-4.39263,51.6819,-219.858,109.961,1,33
43,-6.28393,51.4861,-72.7024,476.038,1,33
43,-6.03325,51.5161,-71.0617,63.8108,1,33
43,-7.38102,51.3403,-271.202,881.443,1,33
43,-8.76392,51.1224,-272.178,5005.14,1,33
43,-8.91772,51.0958,-135.126,850.546,1,33
43,-10.1142,50.8725,66.916,44.0182,1,33
43,-10.5292,50.7882,-273.407,766.139,1,33
43,-11.0675,50.6737,66.8658,482.883,1,33
43,-14.2192,49.8811,-275.973,697.572,1,33
43,-18.9637,48.2772,104.523,69.2513,1,33
43,-19.1476,48.2046,-15.0004,552.462,1,33
43,-23.2134,46.3837,-168.675,2701.13,1,33
43,-28.8322,43.1163,-25.3037,190.21,1,33
43,-29.4272,42.7124,-103.246,742.133,1,33
43,-32.5203,40.4071,-290.052,13229.1,1,33
43,-33.125,39.9129,8.1084,203.513,1,33
43,-33.9798,39.1878,-142.873,259.753,1,33
43,-33.7985,39.3443,-198.084,21.3256,1,33
43,-34.9067,38.3645,-161.97,1598.67,1,33
43,-38.0168,35.285,-151.234,141.446,1,33
43,-38.8237,34.3952,-62.346,722.386,1,33
43,-42.041,30.3787,-81.5817,584.52,1,33
43,-42.099,30.2982,-83.18,3.54829,1,33
43,-42.5397,29.6763,-298.809,858.952,1,33
43,-42.5371,29.6801,-149.313,462.428,1,33
43,-43.214,28.6855,-282.217,297.266,1,33
43,-43.8637,27.6819,57.6556,261.735,1,33
43,-44.1443,27.2321,-104.377,364.498,1,33
43,-47.717,20.3322,-138.465,1051.05,1,33
43,-48.4893,18.4146,-102.469,223.322,1,33
43,-48.655,17.9724,-101.941,322.381,1,33
43,-49.2103,16.3907,65.0666,312.827,1,33
43,-49.5281,15.4037,-78.6968,1300.66,1,33
43,-49.6242,15.0912,66.5892,328.621,1,33
43,-49.9326,14.0374,-140.643,118.019,1,33
43,-51.6015,5.25355,-14.6168,504.03,1,33
43,-51.7448,3.57523,-196.989,1560.85,1,33
43,-51.8602,0.912822,-122.324,495.615,1,33
43,-51.8605,0.896645,-144.768,518.982,1,33
43,-52.8871,-0.368933,191.604,141.874,0,34
43,-52.5821,-5.68364,-99.2933,566.615,0,34
43,-51.9638,-9.84621,129.324,292.678,0,34
43,-51.4437,-12.2771,-88.9556,344.443,0,34
43,-51.4317,-12.3273,120.442,357.109,0,34
43,-41.7608,-32.4533,-64.672,93.579,0,34
43,-34.0835,-40.4413,149.41,183.809,0,34
43,-33.3275,-41.0666,149.327,308.42,0,34
43,-33.0438,-41.2952,102.545,774.276,0,34
43,-32.7456,-41.532,149.189,81.78,0,34
43,-31.7031,-42.3331,270.707,612.592,0,34
43,-30.6637,-43.092,179.565,139.209,0,34
43,-29.154,-44.1274,179.054,1007.5,0,34
43,-28.9093,-44.2881,-17.9657,351.693,0,34
43,-28.8311,-44.3391,-6.98022,604.033,0,34
43,-26.227,-45.9274,229.831,412.486,0,34
43,-25.462,-46.3559,-32.6235,1023.54,0,34
43,-23.6431,-47.3095,291.813,188.911,0,34
43,-21.0583,-48.5153,174.309,2506.78,0,34
43,-21.1355,-48.4817,34.42,23.1638,0,34
43,-19.8747,-49.0121,-75.8408,1193.41,0,34
43,-19.2431,-49.2634,27.3755,938.479,0,34
43,-18.8229,-49.4255,138.99,848.735,0,34
43,-10.7236,-51.7898,293.328,217.257,0,34
43,-10.1715,-51.9011,64.0265,126.947,0,34
43,-8.4804,-52.2041,30.9999,511.674,0,34
43,-6.53143,-52.4836,287.83,1036.08,0,34
43,-4.20695,-52.7208,97.0602,4860.52,0,34
43,-4.2079,-52.7207,119.535,4889.73,0,34
43,5.36196,-52.6159,-103.415,1506.09,0,34
43,7.93699,-52.2895,-101.072,189.575,0,34
43,8.62996,-52.1796,171.68,364.564,0,34
43,12.3103,-51.4358,100.596,565.194,0,34
43,12.3052,-51.437,123.062,584.337,0,34
43,15.5325,-50.5561,19.74,1654.96,0,34
43,17.5283,-49.8993,4.39497,161.383,0,34
43,17.4048,-49.9425,277.163,191.226,0,34
43,18.9429,-49.3796,16.188,79.4208,0,34
43,19.7044,-49.0808,-67.3437,471.576,0,34
43,29.2481,-44.0651,149.891,454.943,0,34
43,30.3926,-43.2836,148.445,2776.47,0,34
43,30.8135,-42.985,168.176,7953.74,0,34
43,31.5017,-42.4833,-27.9035,439.118,0,34
43,31.5888,-42.4185,146.982,134.212,0,34
43,36.7328,-38.0511,86.4699,653.229,0,34
43,39.4473,-35.2291,-57.42,247.153,0,34
43,40.0101,-34.5886,-57.8339,197.181,0,34
43,40.4452,-34.0789,-58.5382,260.399,0,34
43,40.4413,-34.0835,54.6362,278.414,0,34
43,41.6303,-32.6206,145.569,153.86,0,34
43,41.6943,-32.5387,179.626,129.428,0,34
43,41.6928,-32.5406,202.106,130.361,0,34
43,42.8026,-31.0664,254.774,461.272,0,34
43,42.935,-30.8832,237.098,574.005,0,34
43,44.0417,-29.2833,134.482,1073.87,0,34
43,46.4903,-25.2157,87.0028,1193.76,0,34
43,46.8372,-24.5655,115.836,939.458,0,34
43,46.921,-24.4051,286.475,205.6,0,34
43,49.2491,-19.2798,1.57002,875.969,0,34
43,50.2307,-16.5546,150.519,164.1,0,34
43,50.4305,-15.9359,108.78,178.741,0,34
43,50.7511,-14.8832,58.9575,561.851,0,34
43,50.7373,-14.9302,63.9343,2989.32,0,34
43,50.9436,-14.2102,59.012,33.2002,0,34
43,52.3965,-7.19643,268.61,20509.9,0,34
43,52.2832,-7.97797,175.42,689.625,0,34
43,52.3,-7.86731,276.974,1083,0,34
43,52.3926,-7.22492,274.734,409,0,34
43,52.4499,-6.79604,276.383,836,0,34
43,52.5726,-5.77128,-53.6346,91.9929,0,34
43,52.6357,-5.16379,58.432,501.155,0,34
43,52.6645,-4.8609,278.392,91.2272,0,34
43,52.8856,0.540873,261.684,26,0,34
43,52.8677,1.48047,267.866,181.555,0,34
43,51.4103,12.4164,126.476,297.347,0,34
43,51.1764,13.3476,126.277,698.195,0,34
43,50.9551,14.169,126.111,111.335,0,34
43,50.5633,15.5091,-76.9535,172.523,0,34
43,49.9874,17.2754,123.538,435.877,0,34
43,49.9961,17.2503,164.837,191.575,0,34
43,49.7535,17.9381,282.356,162.384,0,34
43,49.3728,18.9606,240.264,921.611,0,34
43,48.5912,20.8825,162.253,1319.73,0,34
43,48.4556,21.1952,146.356,196.711,0,34
43,47.919,22.3819,277.24,248.636,0,34
43,47.3934,23.4745,154.089,381.529,0,34
43,47.3862,23.4889,99.5117,72.7784,0,34
43,46.9459,24.3571,133.212,44.0708,0,34
43,45.2253,27.4199,41.2759,722.583,0,34
43,43.9848,29.3688,106.388,1302.62,0,34
43,42.2206,31.8528,-69.1217,743.182,0,34
43,41.3132,33.0212,54.5537,1274.1,0,34
43,40.2495,34.3097,151.527,606.329,0,34
43,38.789,35.9527,189.734,434.81,0,34
43,36.8799,37.9085,-9.05305,822.107,0,34
43,34.5057,40.0817,258.116,3825.26,0,34
43,34.098,40.4291,-71.1397,294.373,0,34
43,34.0578,40.4629,-77.516,65.3844,0,34
43,31.4527,42.5196,148.952,1136.39,0,34
43,28.0711,44.8241,65.3205,309.529,0,34
43,27.8957,44.9334,79.0415,284.524,0,34
43,27.7575,45.019,-93.375,161.355,0,34
43,25.8705,46.1292,16.21,756.54,0,34
43,19.9609,48.977,269.505,478.972,0,34
43,18.4083,49.5814,167.025,319.889,0,34
43,16.5595,50.2291,-48.0886,6540.94,0,34
43,14.7086,50.802,262.422,834.162,0,34
43,11.0382,51.7237,252.702,910.901,0,34
43,10.8075,51.7724,147.703,278.041,0,34
43,8.90301,52.1337,283.258,1763.06,0,34
43,7.87064,52.2995,-12.3329,873.226,0,34
43,3.71143,52.758,46.8487,4679.98,0,34
43,3.78281,52.7529,51.6073,263,0,34
43,-0.867195,52.8813,108.404,47.4148,0,34
43,-1.18982,52.875,109.262,52.2554,0,34
43,-2.28213,52.8391,170.308,484.394,0,34
43,-2.28362,52.8391,192.778,480.334,0,34
43,-3.64647,52.7625,21.0586,317.009,0,34
43,-3.63864,52.7631,162.868,2029.56,0,34
43,-6.36675,52.5038,-45.0118,237.245,0,34
43,-12.2549,51.449,-29.0658,358.36,0,34
43,-15.1424,50.6744,-97.6998,543.683,0,34
43,-17.5708,49.8844,283.051,754.447,0,34
43,-21.0557,48.5164,-71.7951,785.092,0,34
43,-24.265,46.9935,225.35,243.914,0,34
43,-26.8502,45.5659,-88.2021,711.452,0,34
43,-28.2768,44.6946,12.3108,374.428,0,34
43,-33.2753,41.1088,98.1975,826.391,0,34
43,-36.0846,38.6664,65.2369,1380.63,0,34
43,-37.7782,37.0133,8.132,21.0546,0,34
43,-37.8725,36.9168,9.54643,437.781,0,34
43,-37.8162,36.9746,36.3792,124.246,0,34
43,-40.9775,33.4369,194.043,832.596,0,34
43,-41.179,33.1885,209.736,609.11,0,34
43,-42.0159,32.1224,127.714,771.262,0,34
43,-43.0517,30.7203,155.073,867.966,0,34
43,-43.5571,29.9993,-29.5462,184.77,0,34
43,-44.6271,28.3832,166.176,1624.18,0,34
43,-44.6296,28.3792,188.647,1642.17,0,34
43,-45.754,26.5284,65.0572,2903.87,0,34
43,-46.9155,24.4155,163.412,1224.13,0,34
43,-46.993,24.2661,56.5315,148.935,0,34
43,-47.1221,24.0143,38.145,788.55,0,34
43,-52.1281,8.93528,28.3131,101.754,0,34
43,-52.2579,8.14233,28.5185,431.226,0,34
43,-52.7306,4.08219,-3.11144,233.214,0,34
43,-52.8569,1.82644,156.376,1550.84,0,34
43,-52.8567,1.83108,178.847,1546.32,0,34
43,-52.8226,2.638,145.589,347.224,0,34
43,-52.8358,2.35929,-20.4345,187.309,0,34
43,-50.3473,-16.1968,36.5514,2002.34,1,34
43,-50.3118,-16.3065,-48.9771,1095.33,1,34
43,-49.1817,-19.4511,-16.3019,457.752,1,34
43,-48.3707,-21.3883,-9.44372,250.343,1,34
43,-46.9547,-24.34,-40.3645,345.799,1,34
43,-46.2155,-25.7159,-22.8079,1441.1,1,34
43,-45.297,-27.3014,71.3676,411.041,1,34
43,-45.2341,-27.4055,-220.578,481.59,1,34
43,-44.97,-27.8368,71.156,23.1617,1,34
43,-44.636,-28.3692,71.3629,289.084,1,34
43,-41.7486,-32.469,-128.995,686.749,1,34
43,-40.2893,-34.2631,-100.27,348.406,1,34
43,-37.9293,-36.8585,-105.237,951,1,34
43,-37.6265,-37.1676,-96.9416,51.9411,1,34
43,-36.3388,-38.4275,-129.548,363.262,1,34
43,-32.7819,-41.5034,-204.257,1463.6,1,34
43,-32.2214,-41.94,-102.799,418.326,1,34
43,-31.8655,-42.211,-78.6895,1028.56,1,34
43,-29.0508,-44.1954,-270.654,1433.63,1,34
43,-29.1414,-44.1357,-135.1,672.28,1,34
43,-28.3398,-44.6547,-243.88,598.168,1,34
43,-26.845,-45.5689,-52.9632,741.183,1,34
43,-26.7247,-45.6396,-168.404,23.2528,1,34
43,-25.0268,-46.5923,-168.828,38.271,1,34
43,-22.9326,-47.6579,73.6383,282.819,1,34
43,-18.3259,-49.612,-60.3028,131.23,1,34
43,-15.664,-50.5156,-225.756,479.757,1,34
43,-15.2314,-50.6477,-126.402,285.428,1,34
43,-15.2314,-50.6477,-148.877,284.33,1,34
43,-13.2366,-51.2052,-113.935,930.756,1,34
43,-12.8483,-51.304,-86.572,47.0791,1,34
43,-11.9468,-51.5214,-87.2463,2421.41,1,34
43,-12.1472,-51.4745,-248.263,223.582,1,34
43,-7.74099,-52.3188,-90.9673,4513.99,1,34
43,-9.38745,-52.0486,-116.136,969.555,1,34
43,-8.18836,-52.2507,-286.026,1535.34,1,34
43,-2.75295,-52.8167,-95.3658,3836.91,1,34
43,-2.25924,-52.8401,-182.007,634.348,1,34
43,-2.24663,-52.8407,-204.495,648.435,1,34
43,-0.92311,-52.8803,-97.0303,424.582,1,34
43,-0.169541,-52.8881,-163.817,123.811,1,34
43,-0.108156,-52.8883,-97.596,36.0868,1,34
43,0.440833,-52.8866,-9.94934,352.453,1,34
43,0.460923,-52.8864,-98.3283,87.9834,1,34
43,1.92169,-52.8535,-99.4009,1584.23,1,34
43,1.94055,-52.8528,-103.896,5094.87,1,34
43,1.83859,-52.8564,-109.694,498,1,34
43,1.83859,-52.8564,-114.132,21,1,34
43,3.68252,-52.76,-110.325,367.415,1,34
43,6.49635,-52.4879,97.5707,1201.01,1,34
43,6.23304,-52.5198,31.4672,449.375,1,34
43,6.47454,-52.4906,-150.7,467.084,1,34
43,9.15313,-52.0903,-93.7833,12978.5,1,34
43,9.15094,-52.0907,-116.271,12996.2,1,34
43,9.54133,-52.0206,26.2446,201.597,1,34
43,9.52871,-52.0229,-244.674,736.281,1,34
43,9.72698,-51.9862,94.6121,899.113,1,34
43,10.849,-51.7637,84.5965,540.398,1,34
43,11.8415,-51.5457,-149.673,714.973,1,34
43,18.835,-49.4209,-294.343,414.322,1,34
43,19.5379,-49.1473,-265.183,88.6476,1,34
43,21.7289,-48.2187,-17.036,24.18,1,34
43,25.5916,-46.2845,-65.574,453.248,1,34
43,25.7015,-46.2236,-86.7891,259.186,1,34
43,31.4938,-42.4891,-85.571,1050.29,1,34
43,33.5277,-40.9033,-122.244,428.268,1,34
43,34.4085,-40.1651,-121.504,163.844,1,34
43,34.9081,-39.7317,-120.808,113.73,1,34
43,35.1909,-39.4814,-1.78476,359.211,1,34
43,36.0091,-38.7366,104.475,135.747,1,34
43,36.0922,-38.6592,-152.29,424.983,1,34
43,36.2118,-38.5472,-223.06,391.952,1,34
43,40.5459,-33.9589,-106.87,10577.1,1,34
43,41.2846,-33.057,-5.16574,864.762,1,34
43,41.9985,-32.1452,-0.996238,316.985,1,34
43,45.3933,-27.141,103.527,141.373,1,34
43,46.9948,-24.2625,-141.332,3866.87,1,34
43,46.9324,-24.3831,-147.615,402.465,1,34
43,47.1429,-23.9736,-191.724,63.6694,1,34
43,47.2897,-23.6825,-81.06,39.2549,1,34
43,47.5656,-23.1234,-80.9155,629.565,1,34
43,47.5602,-23.1347,-191.907,350.406,1,34
43,47.6815,-22.8836,-97.4202,289.918,1,34
43,47.8165,-22.6002,-123.262,263.343,1,34
43,47.9636,-22.2862,-192.072,391.986,1,34
43,48.2002,-21.7699,-123.587,347.253,1,34
43,48.5677,-20.937,-123.884,42.2367,1,34
43,49.0711,-19.7283,-268.764,414.534,1,34
43,49.4461,-18.7687,-257.062,263.363,1,34
43,50.0537,-17.0825,-14.6961,4666.05,1,34
43,50.2053,-16.6315,77.5486,289.008,1,34
43,50.0467,-17.1028,-19.4843,186,1,34
43,50.3861,-16.0757,-142.02,187.154,1,34
43,50.789,-14.7534,7.30984,2576.33,1,34
43,52.5038,6.36675,24.5652,130.617,1,34
43,48.7374,20.539,-1.772,23.1841,1,34
43,48.5677,20.937,-2.27789,230.581,1,34
43,47.441,23.378,-66.8465,988.017,1,34
43,46.6655,24.8901,-33.1335,638.399,1,34
43,46.0456,26.0189,-232.226,330.174,1,34
43,45.4492,27.0473,88.6835,124.23,1,34
43,43.3399,30.3122,-82.2438,805.529,1,34
43,40.8355,33.6102,99.6032,238.238,1,34
43,36.2883,38.4752,-26.1005,287.407,1,34
43,34.52,40.0693,-30.1872,665.869,1,34
43,26.8159,45.5861,-196.992,176.25,1,34
43,12.898,51.2916,-111.461,230.533,1,34
43,11.9043,51.5313,30.028,57.3519,1,34
43,11.3587,51.6543,28.8017,380.049,1,34
43,10.3215,51.8715,-7.57044,338.701,1,34
43,10.0453,51.9257,-44.3362,378.214,1,34
43,8.95849,52.1242,-262.19,1042.19,1,34
43,6.92965,52.4325,-168.157,881.846,1,34
43,5.84074,52.5649,-132.897,397.955,1,34
43,5.84074,52.5649,-155.367,397.934,1,34
43,0.0389513,52.8884,-184.225,373.897,1,34
43,-2.99054,52.8038,11.9517,2676.21,1,34
43,-2.94464,52.8064,-267.96,3221.72,1,34
43,-2.16005,52.8443,-127.902,214.893,1,34
43,-3.56702,52.768,-183.927,56.3319,1,34
43,-4.8592,52.6647,-219.754,381.063,1,34
43,-5.33354,52.6188,-269.629,3099.5,1,34
43,-5.89873,52.5584,-70.7113,181.848,1,34
43,-6.67676,52.4653,-270.539,935.453,1,34
43,-9.66594,51.9976,66.5807,1156.7,1,34
43,-9.34393,52.0564,-135.764,1025.85,1,34
43,-11.4633,51.6311,-26.7271,292.918,1,34
43,-12.1827,51.4661,57.7686,1042.95,1,34
43,-19.7465,49.0638,105.177,523.778,1,34
43,-19.7282,49.0712,-14.5465,428.543,1,34
43,-23.3449,47.4573,-169.686,2399.3,1,34
43,-29.6571,43.7908,-24.2721,888.973,1,34
43,-30.1877,43.4268,-102.89,161.751,1,34
43,-33.2312,41.1445,-37.8318,1394.19,1,34
43,-33.5964,40.8469,9.02272,678.073,1,34
43,-34.1426,40.3914,-162.245,812.13,1,34
43,-34.6271,39.9768,-197.84,135.87,1,34
43,-34.8639,39.7705,-142.335,221.317,1,34
43,-36.6816,38.1004,-293.231,1020.33,1,34
43,-38.8034,35.9372,-295.344,5805.83,1,34
43,-38.5273,36.233,-301.799,716,1,34
43,-38.9477,35.7808,-150.162,438.102,1,34
43,-39.6592,34.9904,-62.3287,497.381,1,34
43,-43.3179,30.3437,-149.044,265.546,1,34
43,-44.3133,28.8707,-282.024,319.839,1,34
43,-44.9256,27.9083,58.4967,386.878,1,34
43,-44.9675,27.8408,-103.832,639.36,1,34
43,-47.8722,22.4819,-164.817,396.629,1,34
43,-48.6907,20.6495,-137.971,271.312,1,34
43,-49.7602,17.9194,-101.168,111.405,1,34
43,-50.0501,17.0931,-100.158,927.985,1,34
43,-50.3526,16.1802,67.1732,824.666,1,34
43,-50.6717,15.1511,66.492,74.6413,1,34
43,-52.6082,5.43729,-13.5238,263.103,1,34
43,-52.7151,4.27781,-196.428,575.189,1,34
43,-52.8868,0.416908,-121.219,320.326,1,34
43,-52.8868,0.416178,-143.688,320.418,1,34
43,-53.8925,-1.31906,190.97,853.571,0,35
43,-53.8589,-2.31476,289.889,121.262,0,35
43,-53.6547,-5.22576,-15.635,598.082,0,35
43,-53.6286,-5.48707,286.446,236.379,0,35
43,-53.5922,-5.83234,-100.412,22.0889,0,35
43,-53.5427,-6.27059,-100.789,122.938,0,35
43,-52.9141,-10.3069,129.118,284.141,0,35
43,-52.4932,-12.2718,-89.3749,385.579,0,35
43,-52.431,-12.5351,120.1,761.76,0,35
43,-51.6824,-15.3319,147.844,447.818,0,35
43,-50.8372,-17.9364,224.955,271.815,0,35
43,-46.5523,-27.1849,-21.3783,399.174,0,35
43,-46.1668,-27.8346,82.7801,666.002,0,35
43,-46.1013,-27.943,41.8163,167.517,0,35
43,-45.6735,-28.6369,-29.8625,216.914,0,35
43,-45.3149,-29.201,-84.9867,827.029,0,35
43,-42.9128,-32.6287,-64.7786,589.058,0,35
43,-42.0956,-33.6764,-14.9997,523.69,0,35
43,-33.7954,-42.0001,101.324,200.233,0,35
43,-32.218,-43.222,149.05,490.656,0,35
43,-31.3093,-43.8847,148.895,467.965,0,35
43,-30.5271,-44.4323,148.766,405.463,0,35
43,-28.954,-45.4731,-8.54467,1048.1,0,35
43,-28.3604,-45.8456,178.686,1115.87,0,35
43,-26.9918,-46.6645,228.866,270.259,0,35
43,-26.6673,-46.8507,178.156,23.091,0,35
43,-24.9706,-47.7766,-32.1137,635.085,0,35
43,-21.9139,-49.2536,174.438,580.47,0,35
43,-21.7087,-49.3444,33.701,353.586,0,35
43,-20.4893,-49.8631,-76.205,4378.43,0,35
43,-18.9534,-50.4669,137.241,658.639,0,35
43,-10.6967,-52.8367,63.8892,289.965,0,35
43,-10.7719,-52.8214,293.593,128.747,0,35
43,-8.72063,-53.1986,29.5994,174.056,0,35
43,-6.81884,-53.4756,99.2287,3298.14,0,35
43,-6.8215,-53.4753,121.704,3305.79,0,35
43,-0.617594,-53.9051,53.1553,326.888,0,35
43,0.992299,-53.8995,273.556,26.2406,0,35
43,3.63583,-53.7859,15.0799,141.978,0,35
43,5.71334,-53.605,-104.678,269.21,0,35
43,8.20265,-53.2809,-101.634,166.559,0,35
43,11.9607,-52.565,98.446,300.979,0,35
43,11.9762,-52.5615,120.886,299.743,0,35
43,16.0248,-51.4718,17.7511,1195.08,0,35
43,17.5935,-50.9569,4.24772,377.281,0,35
43,17.6734,-50.9292,276.531,228.632,0,35
43,18.8971,-50.488,16.7627,186.903,0,35
43,23.3475,-48.5904,-68.188,23.3312,0,35
43,27.2363,-46.5222,130.564,809.159,0,35
43,29.497,-45.1227,82.3853,839.217,0,35
43,30.852,-44.2073,172.209,11685.9,0,35
43,30.9508,-44.1382,202.748,22,0,35
43,31.9348,-43.4316,-29.2729,580.16,0,35
43,32.9973,-42.63,145.669,1411.43,0,35
43,33.7649,-42.0246,144.601,398.192,0,35
43,34.7493,-41.2144,143.1,2354.22,0,35
43,35.624,-40.4607,141.906,384.455,0,35
43,36.1702,-39.9732,141.169,136.692,0,35
43,38.9932,-37.2246,16.365,508.322,0,35
43,41.1856,-34.7833,53.9493,397.451,0,35
43,41.4613,-34.4543,-59.708,42.0728,0,35
43,42.5076,-33.1548,-61.0067,895.836,0,35
43,42.5931,-33.0449,179.537,407.157,0,35
43,42.5918,-33.0465,202.011,401.15,0,35
43,43.1262,-32.3461,-62.2366,1048,0,35
43,43.3654,-32.0247,255.324,21.5104,0,35
43,43.9336,-31.2405,235.439,694.338,0,35
43,44.2106,-30.8474,-102.718,141.129,0,35
43,44.8686,-29.8822,133.525,348.595,0,35
43,46.8374,-26.6907,121.412,2717.69,0,35
43,47.2932,-25.8745,85.6264,471.781,0,35
43,47.3891,-25.6985,120.129,292.621,0,35
43,47.6745,-25.165,119.374,605.412,0,35
43,47.6745,-25.1651,114.949,371.247,0,35
43,48.2737,-23.9956,286.146,163.309,0,35
43,50.2566,-19.5043,0.12006,107.636,0,35
43,51.2222,-16.8054,58.588,30.0728,0,35
43,51.2222,-16.8054,149.51,60.9278,0,35
43,51.9851,-14.2718,61.7699,58.6005,0,35
43,52.9683,-10.025,265.834,19393.2,0,35
43,53.0574,-9.54203,274.273,705,0,35
43,53.0574,-9.54203,280.34,23,0,35
43,53.6069,-5.69542,57.503,371.442,0,35
43,53.6441,-5.33372,-54.3288,271.595,0,35
43,53.693,-4.81621,277.989,227.635,0,35
43,53.9014,0.881113,261.898,42.362,0,35
43,53.8859,1.56479,267.42,1073.84,0,35
43,53.168,8.90528,127.164,380.227,0,35
43,52.9775,9.97582,127,149.143,0,35
43,52.8112,10.8219,126.808,1277.94,0,35
43,52.6228,11.7039,126.65,835.098,0,35
43,52.3177,12.9997,165.368,242.706,0,35
43,51.8075,14.9036,165.15,415.859,0,35
43,51.6555,15.4223,-77.3399,294.543,0,35
43,50.9213,17.6964,122.645,560.793,0,35
43,50.6549,18.4451,282.072,283.263,0,35
43,50.4291,19.0537,238.789,471.558,0,35
43,49.6962,20.8908,162.175,336.543,0,35
43,49.4542,21.4575,146.222,206.218,0,35
43,48.8887,22.7164,276.855,262.442,0,35
43,48.4704,23.5957,98.6953,918.439,0,35
43,48.4668,23.6032,153.976,789.487,0,35
43,47.8005,24.9248,133.212,27.1456,0,35
43,45.7659,28.4889,40.4897,93.5179,0,35
43,44.8284,29.9425,106.272,3007.13,0,35
43,43.2638,32.1618,53.7986,216.648,0,35
43,42.7733,32.8113,53.924,56.0546,0,35
43,42.0006,33.7947,-68.9934,1077.35,0,35
43,41.2866,34.6634,150.323,656.442,0,35
43,38.9825,37.2358,116.644,1445.21,0,35
43,39.1691,37.0395,130.428,658.766,0,35
43,39.2676,36.935,189.289,653.361,0,35
43,37.5093,38.7194,-9.81441,76.8613,0,35
43,34.9643,41.0321,257.336,4415.69,0,35
43,34.9175,41.0719,-71.2975,437.445,0,35
43,34.4865,41.4345,-77.9779,573.139,0,35
43,28.7994,45.5711,63.8013,225.936,0,35
43,28.6636,45.6567,79.364,51.4475,0,35
43,28.1166,45.9956,-93.8083,1128.21,0,35
43,26.4779,46.958,15.6176,339.916,0,35
43,26.5722,46.9048,54.5219,163.091,0,35
43,26.0462,47.1989,155.878,833.741,0,35
43,22.9892,48.761,165.179,464.504,0,35
43,20.7031,49.7747,269.061,249.633,0,35
43,18.087,50.7838,167.022,1576.17,0,35
43,17.8617,50.8635,-47.5957,7069.19,0,35
43,17.6412,50.9404,-41.4824,533,0,35
43,15.0909,51.7533,261.107,1822.19,0,35
43,10.8262,52.8103,147.486,1421.85,0,35
43,10.7363,52.8287,251.539,461.797,0,35
43,6.73256,53.4865,-11.751,362.523,0,35
43,4.08226,53.7538,46.3595,3554.56,0,35
43,-0.280094,53.9079,107.113,272.934,0,35
43,-2.07637,53.8686,169.818,441.535,0,35
43,-2.07686,53.8686,192.297,442.538,0,35
43,-2.56913,53.8473,139.769,347.487,0,35
43,-3.65337,53.7847,20.5661,592.559,0,35
43,-3.64324,53.7854,161.87,719.35,0,35
43,-6.62172,53.5004,-45.6139,124.369,0,35
43,-12.7418,52.3811,-30.6462,2020.02,0,35
43,-15.0917,51.753,-97.3055,199.729,0,35
43,-17.1532,51.1068,-96.8136,1452.67,0,35
43,-17.2239,51.083,282.036,25.0546,0,35
43,-18.4154,50.6657,-6.37005,331.585,0,35
43,-24.8005,47.8651,225.303,107.274,0,35
43,-27.0676,46.6206,-90.0611,1341.33,0,35
43,-28.7782,45.5846,11.15,843.966,0,35
43,-33.6965,42.0795,97.3554,1045.03,0,35
43,-39.0389,37.1766,35.319,526.816,0,35
43,-41.6354,34.2437,193.443,135.041,0,35
43,-42.2095,33.5335,207.59,227.268,0,35
43,-42.6881,32.9221,127.505,1764.69,0,35
43,-43.5309,31.7994,-31.9852,135.246,0,35
43,-43.9474,31.2212,153.701,137.386,0,35
43,-45.4858,28.9341,246.844,38.3641,0,35
43,-46.4718,27.3223,62.856,769.695,0,35
43,-47.1571,26.1218,165.051,4114.71,0,35
43,-47.1545,26.1264,187.527,4104.21,0,35
43,-47.1745,26.0904,163.316,25.091,0,35
43,-47.7753,24.9732,56.3495,175.204,0,35
43,-50.7944,18.0574,-0.185862,56.8774,0,35
43,-52.8511,10.6251,27.636,29.182,0,35
43,-52.9563,10.0879,27.6252,165.844,0,35
43,-53.2064,8.67265,147.412,72.6736,0,35
43,-53.7778,3.75315,-4.64303,222.043,0,35
43,-53.7748,3.79548,157.265,95.7583,0,35
43,-53.7745,3.7995,179.731,94.7307,0,35
43,-53.8521,2.46717,144.887,258.493,0,35
43,-53.8655,2.15631,-20.3834,272.856,0,35
43,-51.3547,-16.3961,35.8194,3676.96,1,35
43,-51.3111,-16.5322,-48.7359,1079.25,1,35
43,-49.8666,-20.4808,-16.7837,166.416,1,35
43,-49.1673,-22.1068,-8.92146,280.774,1,35
43,-48.3136,-23.9151,-86.9446,392.325,1,35
43,-47.8147,-24.8975,-87.9906,1030.12,1,35
43,-47.0497,-26.3147,71.6868,1982.86,1,35
43,-47.0446,-26.3238,-89.4988,1178.72,1,35
43,-47.2808,-25.8972,-22.327,76.7625,1,35
43,-46.0797,-27.9785,-219.427,1306.71,1,35
43,-42.7997,-32.7768,-128.36,2311.21,1,35
43,-42.5145,-33.1459,76.1812,1482.14,1,35
43,-41.1563,-34.818,-99.9959,285.741,1,35
43,-39.3256,-36.8732,-94.5859,2394.09,1,35
43,-36.6981,-39.4891,-127.965,324.874,1,35
43,-33.5431,-42.2019,-203.457,345.361,1,35
43,-32.9784,-42.6446,-101.49,315.62,1,35
43,-32.613,-42.9247,-77.3034,853.088,1,35
43,-31.2688,-43.9136,-268.575,1621.09,1,35
43,-29.6663,-45.0116,-134.993,1009.7,1,35
43,-28.5539,-45.7254,-242.154,917.469,1,35
43,-27.8091,-46.1822,-51.1201,276.575,1,35
43,-24.9248,-47.8005,-169.024,46.4894,1,35
43,-24.4792,-48.0303,-169.145,250.302,1,35
43,-23.3475,-48.5905,73.9215,147.814,1,35
43,-23.3475,-48.5905,-169.451,109.056,1,35
43,-22.7494,-48.8733,-169.676,30.2185,1,35
43,-22.148,-49.1488,-169.676,23.0728,1,35
43,-19.8181,-50.1336,-230.011,577.987,1,35
43,-15.5228,-51.6254,-226.212,577.717,1,35
43,-15.5836,-51.6071,-125.217,872.25,1,35
43,-15.5839,-51.607,-147.691,874.04,1,35
43,-13.1357,-52.2838,-112.113,196.349,1,35
43,-9.95939,-52.9806,-116.1,1162.06,1,35
43,-1.53155,-53.8868,-181.785,120.068,1,35
43,-1.52857,-53.8869,-204.266,118.88,1,35
43,-0.110244,-53.9085,-8.98,21.0182,1,35
43,1.72897,-53.8809,-103.921,4842.47,1,35
43,3.08799,-53.8201,-109.672,225.489,1,35
43,6.80502,-53.4774,96.9177,98.1343,1,35
43,7.71365,-53.3539,-88.4731,5606.73,1,35
43,7.71365,-53.3539,-110.938,5576.16,1,35
43,7.44547,-53.392,96.4624,387.808,1,35
43,8.23567,-53.2758,98.1001,302.017,1,35
43,9.26225,-53.1069,-119.036,1298.79,1,35
43,9.84803,-53.0014,26.3738,677.594,1,35
43,9.92852,-52.9864,-242.858,451.553,1,35
43,10.7021,-52.8356,84.9681,222.673,1,35
43,11.4013,-52.6892,-149.168,1338.44,1,35
43,19.1634,-50.3875,-138.84,364.216,1,35
43,19.2362,-50.3598,-293.856,884.841,1,35
43,20.699,-49.7764,-266.165,419.84,1,35
43,23.3475,-48.5905,-44.8205,59.5705,1,35
43,25.2033,-47.6543,-65.1132,399.563,1,35
43,25.8972,-47.2808,-84.9744,231.499,1,35
43,32.3441,-43.1277,-84.0625,654.536,1,35
43,35.957,-40.165,-0.729973,289.14,1,35
43,36.957,-39.2469,-119.579,2951.73,1,35
43,36.4755,-39.6948,105.164,1078.1,1,35
43,36.731,-39.4585,-221.561,376.811,1,35
43,36.8758,-39.3232,-152.029,297.517,1,35
43,38.5936,-37.6387,-118.082,180.592,1,35
43,40.9681,-35.0393,-109.524,9164.39,1,35
43,42.1589,-33.5971,-3.92182,773.728,1,35
43,42.7687,-32.8173,-0.425473,347.431,1,35
43,45.8994,-28.2733,-107.027,1936.47,1,35
43,46.1181,-27.9152,104.49,625.14,1,35
43,46.6454,-27.0249,-190.909,565.409,1,35
43,47.211,-26.0241,-191.14,520.867,1,35
43,47.5391,-25.4198,-122.377,206.11,1,35
43,47.766,-24.9909,-146.48,664.686,1,35
43,47.6233,-25.2618,-191.474,285.779,1,35
43,47.8473,-24.8349,-142.205,4489.53,1,35
43,47.9173,-24.6995,-122.728,259.112,1,35
43,48.3368,-23.8683,-79.9546,1801.93,1,35
43,48.3287,-23.8846,-123.033,560.925,1,35
43,48.5199,-23.4938,-96.6573,437.833,1,35
43,50.1951,-19.6618,-267.662,552.323,1,35
43,50.307,-19.3739,-255.879,264.499,1,35
43,50.5314,-18.7808,-243.561,416.865,1,35
43,50.7929,-18.0617,-14.0419,3910.28,1,35
43,50.9035,-17.7475,77.8995,805.453,1,35
43,51.2588,-16.6934,-141.106,527.586,1,35
43,51.8348,-14.8084,8.97666,1291.48,1,35
43,52.4743,-12.3524,-95.7365,2563.88,1,35
43,52.4359,-12.5145,-160.55,1105.32,1,35
43,52.8459,-10.6513,-94.2818,335.125,1,35
43,53.2512,-8.39335,-136.172,4410.99,1,35
43,53.3288,-7.88502,-15.1292,297.142,1,35
43,53.7663,-3.91473,-268.255,462.908,1,35
43,53.7859,-3.63579,-85.724,23.1963,1,35
43,53.8264,-2.97548,-86.3117,67.0065,1,35
43,53.8602,-2.2837,53.8786,1546.19,1,35
43,53.8672,-2.1115,13.5983,1318.62,1,35
43,53.896,-1.16601,-146.209,2238.69,1,35
43,53.9048,0.641083,-221.532,859.999,1,35
43,53.8722,1.97953,7.98,50.182,1,35
43,53.6825,4.93209,-54.4164,156.81,1,35
43,53.5845,5.90207,26.2558,310.025,1,35
43,53.5647,6.07941,-36.9783,668.542,1,35
43,53.5606,6.11546,-198.409,193.002,1,35
43,53.4689,6.87107,-151.786,752.987,1,35
43,53.4666,6.8894,-174.236,745.014,1,35
43,53.2733,8.25188,100.412,88.2367,1,35
43,53.2115,8.6416,17.028,1943.32,1,35
43,49.6981,20.8863,-0.786955,167.464,1,35
43,49.5078,21.3333,-27.5348,567.374,1,35
43,47.7226,25.0736,-31.2265,234.767,1,35
43,47.0365,26.3383,-230.528,406.85,1,35
43,46.4539,27.3527,89.08,76.8129,1,35
43,45.0063,29.6744,-101.943,158.483,1,35
43,42.924,32.6139,-81.8306,1207.72,1,35
43,42.03,33.7582,-81.5651,118.831,1,35
43,39.2675,36.9351,-9.25167,3159.63,1,35
43,37.5695,38.661,74.585,157.019,1,35
43,36.7384,39.4515,-25.1201,211.63,1,35
43,35.6272,40.4579,-30.1556,286.853,1,35
43,27.7776,46.2011,-196.163,593.102,1,35
43,21.9834,49.2226,-43.2826,962.985,1,35
43,21.9301,49.2464,5.67628,1415.2,1,35
43,13.4554,52.2024,85.6583,269.252,1,35
43,13.3299,52.2346,-111.458,420.683,1,35
43,12.5335,52.4314,32.1272,3694.75,1,35
43,10.8941,52.7964,-43.3733,529.663,1,35
43,10.2937,52.9167,-5.49541,697.23,1,35
43,9.51103,53.063,-262.169,5158.7,1,35
43,6.16233,53.5552,-131.701,681.788,1,35
43,6.16231,53.5552,-154.171,677.872,1,35
43,4.86725,53.6884,-167.916,1466.45,1,35
43,2.6538,53.8432,-86.3946,446.277,1,35
43,2.65198,53.8433,-108.869,449.305,1,35
43,0.833761,53.9022,-265.301,1919.67,1,35
43,0.0503519,53.9086,7.27296,306.752,1,35
43,-0.453543,53.9067,-266.158,573.183,1,35
43,-1.269,53.8937,-266.716,1023.35,1,35
43,-2.0069,53.8712,-127.008,810.801,1,35
43,-2.55602,53.848,-73.3027,1482.32,1,35
43,-3.72117,53.78,-73.1906,153.806,1,35
43,-3.63583,53.7859,-183.806,154.507,1,35
43,-4.65697,53.7071,12.7352,181.189,1,35
43,-5.29425,53.648,-219.708,53.4306,1,35
43,-5.83234,53.5922,-70.2786,58.5237,1,35
43,-8.32684,53.2616,66.3783,1099.25,1,35
43,-10.0078,52.9715,-136.635,1386.32,1,35
43,-12.8044,52.3659,58.4844,919.696,1,35
43,-20.2511,49.9603,-13.9993,129.653,1,35
43,-23.2614,48.6317,-171.016,2925.72,1,35
43,-30.57,44.4028,-22.738,354.687,1,35
43,-30.9072,44.1688,-102.625,570.86,1,35
43,-32.6235,42.9167,-162.623,567.315,1,35
43,-33.4464,42.2785,-36.1131,298.445,1,35
43,-33.7323,42.0508,-162.38,225.359,1,35
43,-34.2844,41.6019,9.91724,81.009,1,35
43,-34.2844,41.6019,-162.306,65.4894,1,35
43,-35.4187,40.6405,-197.627,258.141,1,35
43,-35.7924,40.3118,-141.961,103.795,1,35
43,-39.8695,36.2844,-148.633,125.013,1,35
43,-40.5235,35.5525,-62.2692,509.75,1,35
43,-42.0167,33.7748,-297.97,3803.05,1,35
43,-42.653,32.9676,-77.6583,658.189,1,35
43,-44.0933,31.0148,-148.686,327.244,1,35
43,-44.7804,30.0142,-297.869,760.399,1,35
43,-45.5089,28.8977,-281.62,629.383,1,35
43,-45.7828,28.4618,-103.294,135.658,1,35
43,-46.0324,28.0564,59.2544,394.052,1,35
43,-48.8149,22.8746,-164.428,196.553,1,35
43,-49.652,20.9957,-137.42,441.569,1,35
43,-50.7201,18.265,80.908,25.2185,1,35
43,-51.1503,17.0229,80.7756,1980.51,1,35
43,-51.3688,16.3519,-98.7299,812.371,1,35
43,-51.4646,16.0477,69.5434,343.54,1,35
43,-51.4903,15.9651,-76.1182,528.919,1,35
43,-51.6628,15.3978,-140.213,266.049,1,35
43,-51.7679,15.0408,66.6611,453.864,1,35
43,-53.6082,5.68322,-12.5676,289.679,1,35
43,-53.5922,5.83231,-14.916,1.18531,1,35
43,-53.658,5.19226,-195.895,418.83,1,35
43,-53.7949,3.49996,-57.3503,402.976,1,35
43,-54.9004,-1.76299,190.316,1280.71,0,36
43,-54.8729,-2.47556,289.668,71.2002,0,36
43,-54.7397,-4.55329,-17.8284,159.711,0,36
43,-54.6962,-5.04846,-17.308,30.0686,0,36
43,-54.6577,-5.44982,286.134,466.009,0,36
43,-54.544,-6.48968,-101.691,324.866,0,36
43,-53.8513,-10.8259,128.755,291.147,0,36
43,-53.5231,-12.3468,-89.8669,314.016,0,36
43,-53.4231,-12.7725,119.72,609.626,0,36
43,-52.5777,-15.898,148.359,420.035,0,36
43,-51.9043,-17.9751,223.469,154.136,0,36
43,-47.2863,-27.9494,-21.4879,178.691,0,36
43,-47.2263,-28.0506,41.628,82.4466,0,36
43,-46.5487,-29.1613,81.5337,1993.57,0,36
43,-46.371,-29.443,-30.2074,342.708,0,36
43,-45.8637,-30.2272,-85.3596,188.434,0,36
43,-44.1449,-32.6862,-64.8792,925.962,0,36
43,-34.5333,-42.7155,100.1,888.423,0,36
43,-33.0916,-43.8418,269.03,267.893,0,36
43,-30.3638,-45.7734,148.651,354.649,0,36
43,-29.5916,-46.2763,-17.9821,120.842,0,36
43,-29.4513,-46.3658,148.617,301.253,0,36
43,-29.063,-46.6101,-10.2479,238.526,0,36
43,-28.9106,-46.7048,148.476,30.2737,0,36
43,-27.9179,-47.3049,227.098,314.52,0,36
43,-26.7812,-47.9576,178.11,460.521,0,36
43,-25.3352,-48.7369,177.699,824.799,0,36
43,-24.905,-48.9582,-31.7382,2267.95,0,36
43,-23.9731,-49.4212,289.902,899.716,0,36
43,-21.1904,-50.6767,-76.3526,1549.09,0,36
43,-20.2577,-51.0567,25.367,661.967,0,36
43,-11.0082,-53.8143,63.9597,343.446,0,36
43,-10.8318,-53.8501,293.795,157.276,0,36
43,-9.08314,-54.1725,101.098,3689.94,0,36
43,-9.08369,-54.1724,123.57,3684.07,0,36
43,-7.50364,-54.4138,287.124,24.0364,0,36
43,0.966698,-54.9202,53.3201,148.564,0,36
43,0.966757,-54.9202,272.154,572.628,0,36
43,3.9919,-54.7835,13.8392,552.945,0,36
43,5.9515,-54.6053,-105.403,304.712,0,36
43,8.48199,-54.2699,-102.328,133.698,0,36
43,9.37539,-54.1227,170.518,1043.78,0,36
43,11.818,-53.6423,96.8589,181.83,0,36
43,11.8057,-53.645,119.358,202.013,0,36
43,16.4398,-52.4108,16.486,585.38,0,36
43,18.1517,-51.8428,17.6884,995.348,0,36
43,17.6483,-52.0163,4.06008,252.312,0,36
43,17.9418,-51.9158,275.652,714.432,0,36
43,19.8223,-51.2273,-68.1482,224.95,0,36
43,27.6525,-47.4605,130.048,1056.47,0,36
43,30.7552,-45.5113,168.576,12842.6,0,36
43,32.3636,-44.382,-30.348,342.193,0,36
43,38.2556,-39.4166,139.307,254.508,0,36
43,38.3256,-39.3486,138.177,89.5825,0,36
43,39.4201,-38.2521,137.245,555.171,0,36
43,39.6694,-37.9934,16.1466,192.217,0,36
43,40.4981,-37.1088,135.225,1207.67,0,36
43,41.441,-36.0528,133.823,172.443,0,36
43,41.8771,-35.5453,53.1588,605.681,0,36
43,42.8924,-34.3133,131.3,4708.5,0,36
43,43.4655,-33.5845,179.398,532.117,0,36
43,43.4651,-33.5849,201.874,534.132,0,36
43,44.6898,-31.9371,127.873,1419.72,0,36
43,44.0635,-32.7959,251.775,297.2,0,36
43,44.364,-32.3882,-62.9094,258.943,0,36
43,44.689,-31.9383,-63.7721,178.393,0,36
43,44.8424,-31.7226,234.359,811.557,0,36
43,44.8769,-31.6738,-103.381,255.146,0,36
43,45.3443,-31.0009,126.306,202.195,0,36
43,45.6148,-30.6014,132.227,238.364,0,36
43,45.7621,-30.3808,125.706,546.668,0,36
43,46.9505,-28.5099,123.179,2988.4,0,36
43,48.1168,-26.4942,84.4821,220.653,0,36
43,48.4098,-25.9549,114.174,797.659,0,36
43,51.8792,-18.0475,-41.9224,235.465,0,36
43,51.8719,-18.0686,58.767,204.457,0,36
43,52.2044,-17.0838,107.368,450.56,0,36
43,52.1915,-17.1234,148.697,84.0027,0,36
43,52.9688,-14.5419,261.138,286.497,0,36
43,53.1954,-13.6898,59.2051,277.783,0,36
43,53.4154,-12.8044,263.179,17860.6,0,36
43,54.4884,-6.94114,175.165,434.84,0,36
43,54.5666,-6.29631,56.8461,408.194,0,36
43,54.7043,-4.96054,-55.2665,186.99,0,36
43,54.7458,-4.47831,277.618,138.159,0,36
43,54.9185,1.0573,262.128,258.669,0,36
43,54.9036,1.66111,266.676,1837.99,0,36
43,54.5646,6.31426,127.675,260.437,0,36
43,54.4482,7.24949,127.524,800.128,0,36
43,54.3176,8.17085,127.393,88.5347,0,36
43,53.98,10.1646,165.664,213.94,0,36
43,53.7397,11.367,165.565,1049.06,0,36
43,52.8475,14.9768,-77.9225,746.381,0,36
43,51.857,18.1111,121.657,323.384,0,36
43,51.5328,19.0141,281.662,399.787,0,36
43,49.7879,23.2018,97.8339,255.568,0,36
43,49.614,23.5715,153.949,877.887,0,36
43,48.4471,25.8852,-67.7008,676.491,0,36
43,48.4956,25.7941,133.212,36.3641,0,36
43,46.4678,29.2901,40.021,346.116,0,36
43,45.6876,30.4927,106.024,2135.73,0,36
43,42.5209,34.7727,148.589,212.645,0,36
43,41.6648,35.7939,-68.8544,1233.55,0,36
43,40.5682,37.0322,116.229,939.612,0,36
43,40.28,37.3455,129.138,459.223,0,36
43,39.8709,37.782,188.99,285.918,0,36
43,38.5341,39.1445,17.6595,160.959,0,36
43,38.0469,39.6181,-10.4552,207.632,0,36
43,35.6396,41.7969,-71.403,522.54,0,36
43,35.5369,41.8842,256.729,1095.84,0,36
43,34.8546,42.4538,-78.302,385.144,0,36
43,31.0006,45.3445,149.246,1124.26,0,36
43,29.5079,46.3297,62.413,283.298,0,36
43,29.3143,46.4525,79.364,109.261,0,36
43,28.5143,46.9478,-94.5234,567.735,0,36
43,27.2659,47.6837,14.341,254.745,0,36
43,26.7452,47.9777,54.4,300.805,0,36
43,26.15,48.3046,155.966,584.407,0,36
43,23.2801,49.7514,165.229,127.167,0,36
43,22.7717,49.9861,165.233,60.5927,0,36
43,21.3052,50.6285,268.364,483.995,0,36
43,18.9993,51.5382,-47.2929,7005.92,0,36
43,18.7557,51.6274,-39.9853,1241,0,36
43,16.8067,52.2943,166.925,694.432,0,36
43,13.6588,53.2034,-16.6623,335.04,0,36
43,10.8373,53.849,147.208,439.432,0,36
43,10.3853,53.938,250.058,78.7037,0,36
43,7.91056,54.3561,281.519,537.398,0,36
43,5.86102,54.6151,-11.2252,969.679,0,36
43,4.36858,54.7547,45.8222,3881.68,0,36
43,4.37684,54.754,54.5189,1109,0,36
43,0.540892,54.926,105.732,793.948,0,36
43,-1.68494,54.9029,169.427,80.1645,0,36
43,-1.68494,54.9029,191.902,81.1628,0,36
43,-2.92842,54.8506,139.324,116.409,0,36
43,-3.59779,54.8107,160.859,1459.97,0,36
43,-3.70462,54.8036,20.2116,66.7905,0,36
43,-6.89536,54.4942,-46.3258,685.328,0,36
43,-13.157,53.3297,-32.4714,591.966,0,36
43,-14.9748,52.8481,-96.9325,618.284,0,36
43,-17.1997,52.1664,281.381,774.83,0,36
43,-17.5498,52.0496,-97.5264,191.148,0,36
43,-19.0952,51.5028,-7.39023,1200.55,0,36
43,-19.6623,51.2889,-71.6818,1759.07,0,36
43,-25.384,48.7116,225.264,273.182,0,36
43,-27.3882,47.6136,-91.4142,203.541,0,36
43,-29.2518,46.4919,9.38554,663.619,0,36
43,-34.0343,43.1141,95.9861,655.179,0,36
43,-38.1951,39.4752,61.5464,371.836,0,36
43,-38.3729,39.3025,6.20016,122.967,0,36
43,-40.3589,37.2601,34.1426,969.255,0,36
43,-42.2459,35.1063,192.854,83.5823,0,36
43,-43.2116,33.9104,127.17,216.578,0,36
43,-43.215,33.9061,206.103,1092.69,0,36
43,-47.1995,28.0958,60.8075,1030.25,0,36
43,-47.5667,27.4695,163.465,1545.36,0,36
43,-49.7359,23.3131,163.774,1138.81,0,36
43,-49.7256,23.3351,186.247,1122.9,0,36
43,-50.6176,21.3313,163.316,33.2549,0,36
43,-50.6176,21.3313,185.788,35.2395,0,36
43,-51.0481,20.2794,162.784,262.658,0,36
43,-51.0494,20.2762,185.25,260.759,0,36
43,-51.7462,18.4252,162.22,243.221,0,36
43,-51.7465,18.4246,184.692,249.308,0,36
43,-51.9774,17.7626,161.62,22.0182,0,36
43,-51.9774,17.7626,184.092,22.0692,0,36
43,-52.121,17.3368,-0.772,34.3963,0,36
43,-52.121,17.3368,161.823,60.2085,0,36
43,-52.121,17.3368,184.298,57.2045,0,36
43,-52.5798,15.891,161.221,943.639,0,36
43,-52.5793,15.8928,183.692,941.579,0,36
43,-52.9089,14.7584,160.954,85.995,0,36
43,-52.9089,14.7584,183.414,81.9973,0,36
43,-53.7908,11.1228,159.579,345.986,0,36
43,-53.7913,11.1203,182.051,345.122,0,36
43,-53.9684,10.2263,159.274,588.826,0,36
43,-53.9702,10.2166,181.724,613.304,0,36
43,-54.2051,8.88634,147.378,307.501,0,36
43,-54.8141,3.54598,-5.68767,109.938,0,36
43,-54.8941,1.94975,144.124,651.922,0,36
43,-46.9398,-28.5276,-217.418,1184.44,1,36
43,-44.186,-32.6307,-127.428,136.236,1,36
43,-43.6462,-33.3493,76.525,71.1262,1,36
43,-37.2267,-40.3897,-126.815,1063.26,1,36
43,-34.2843,-42.9156,-202.982,215.091,1,36
43,-34.0788,-43.079,-265.615,519.683,1,36
43,-33.8643,-43.2478,-100.308,892.272,1,36
43,-33.4257,-43.5877,-75.4171,367.32,1,36
43,-33.4226,-43.59,-266.205,85.9707,1,36
43,-33.0074,-43.9053,-266.997,154.503,1,36
43,-30.1661,-45.9039,-134.87,905.278,1,36
43,-28.8646,-46.7333,-240.734,88.2222,1,36
43,-28.361,-47.0406,-49.8485,617.771,1,36
43,-22.3052,-50.196,-169.946,87.9586,1,36
43,-21.3313,-50.6176,-170.1,45.1982,1,36
43,-16.0055,-52.5451,-123.835,212.589,1,36
43,-16.0074,-52.5445,-146.31,216.702,1,36
43,-15.2873,-52.7585,-226.713,102.562,1,36
43,-14.7584,-52.9089,61.404,21.3641,1,36
43,-12.8795,-53.3974,-110.035,391.803,1,36
43,-10.3639,-53.9421,-116.033,500.246,1,36
43,-7.69367,-54.3872,-284.417,783.812,1,36
43,-0.925125,-54.9209,-181.727,393.521,1,36
43,-0.945112,-54.9206,-204.208,376.52,1,36
43,-0.561702,-54.9258,-163.514,67.7583,1,36
43,1.41426,-54.9105,-103.87,4763.92,1,36
43,1.23571,-54.9148,-106.076,21.9607,1,36
43,1.23572,-54.9148,-109.5,440,1,36
43,2.58303,-54.8679,-108.796,76.9221,1,36
43,5.91288,-54.6095,34.2613,898.133,1,36
43,6.94722,-54.4876,100.215,204.396,1,36
43,7.35159,-54.4345,-150.056,98.801,1,36
43,7.71666,-54.384,99.065,354.958,1,36
43,7.90156,-54.3574,95.6982,550.303,1,36
43,9.25105,-54.1441,-117.734,2007.2,1,36
43,10.3166,-53.9512,85.4354,319.896,1,36
43,10.2724,-53.9596,-241.542,482.03,1,36
43,11.3488,-53.7435,-148.853,1122.05,1,36
43,19.2607,-51.4411,-138.515,630.292,1,36
43,19.627,-51.3025,-293.371,265.8,1,36
43,21.5382,-50.5299,-266.94,114.706,1,36
43,23.7893,-49.5099,-43.923,64.8289,1,36
43,26.2726,-48.2381,-83.7112,676.913,1,36
43,33.1045,-43.8321,-82.8533,320.329,1,36
43,36.6998,-40.8692,-0.0999168,216.117,1,36
43,37.1131,-40.4942,-219.429,1432.15,1,36
43,37.7089,-39.94,-151.681,320.773,1,36
43,39.2356,-38.4412,-305.78,22.0728,1,36
43,39.5488,-38.1189,-117.281,50.5966,1,36
43,40.2949,-37.3294,-116.813,899.992,1,36
43,41.2991,-36.2152,-108.241,8817.83,1,36
43,41.5938,-35.8764,-115.366,1474.36,1,36
43,41.3716,-36.1325,-119.22,21,1,36
43,43.1365,-34.0059,-2.60948,268.83,1,36
43,43.5116,-33.5247,0.400839,1413.15,1,36
43,45.6795,-30.5048,-190.064,1131.5,1,36
43,46.6067,-29.0685,-106.194,342.781,1,36
43,46.636,-29.0214,-121.196,286.032,1,36
43,46.7282,-28.8727,-190.54,1161.27,1,36
43,46.8766,-28.6313,105.19,579.865,1,36
43,47.0907,-28.2777,-121.504,223.7,1,36
43,47.5363,-27.522,-121.851,108.478,1,36
43,48.0003,-26.7046,-122.118,1191.71,1,36
43,48.714,-25.3793,-143.243,6777.95,1,36
43,48.7051,-25.3964,-152.604,788,1,36
43,49.1634,-24.4974,-78.4852,347.788,1,36
43,49.216,-24.3915,-80.5959,350.994,1,36
43,49.368,-24.0825,-96.0719,135.326,1,36
43,51.1556,-20.0068,-255.052,826.883,1,36
43,51.3009,-19.6312,-266.346,442.374,1,36
43,51.4735,-19.174,-13.2663,847.064,1,36
43,51.3684,-19.4537,-242.599,115.053,1,36
43,52.1411,-17.2762,-99.3301,363.863,1,36
43,52.8798,-14.8624,11.0436,2292.31,1,36
43,53.1997,-13.6733,-97.172,32.182,1,36
43,53.3112,-13.2317,-159.561,529.102,1,36
43,54.2277,-8.74756,-138.141,7048.92,1,36
43,54.2132,-8.83675,-154.399,66,1,36
43,54.8788,-2.34192,-86.6798,1444.86,1,36
43,54.8862,-2.16113,54.7237,251.607,1,36
43,54.894,-1.95084,14.5479,336.125,1,36
43,54.9001,-1.77103,-147.051,431.972,1,36
43,54.919,1.03417,-219.863,767.415,1,36
43,54.8682,2.57704,8.82848,391.022,1,36
43,54.793,3.85876,-31.1595,1896.82,1,36
43,54.7335,4.62711,-54.1326,660.392,1,36
43,54.5104,6.76623,-34.8851,746.419,1,36
43,54.5492,6.44561,-198.386,543.818,1,36
43,54.3643,7.85423,100.446,614.98,1,36
43,54.315,8.18813,-150.838,1161.59,1,36
43,54.3154,8.18513,-173.321,1141.77,1,36
43,54.2573,8.56224,17.7058,355.451,1,36
43,50.7497,21.0151,0.372254,1296.29,1,36
43,50.3618,21.9284,-27.3036,445.621,1,36
43,49.013,24.7969,-63.2194,132.603,1,36
43,48.688,25.4292,-30.2021,399.592,1,36
43,48.0245,26.6609,-228.967,279.276,1,36
43,47.4002,27.7557,89.5962,108.342,1,36
43,42.6485,34.616,99.8054,329.056,1,36
43,41.7918,35.6456,-81.3568,1390.46,1,36
43,39.734,37.9258,-7.51606,1050,1,36
43,38.2804,39.3926,75.2282,72.9079,1,36
43,37.9568,39.7044,74.972,30.1456,1,36
43,37.1954,40.4186,-24.3554,102.288,1,36
43,36.7042,40.8652,-30.18,70.3761,1,36
43,28.4828,46.9669,-195.618,129.092,1,36
43,13.0194,53.3634,33.3881,387.306,1,36
43,11.5851,53.6931,-42.4333,514.638,1,36
43,10.2604,53.9619,-3.91622,584.971,1,36
43,10.1556,53.9817,-261.5,1627.1,1,36
43,6.65125,54.5245,-130.284,812.907,1,36
43,6.65161,54.5245,-152.758,805.608,1,36
43,5.74905,54.627,-261.75,528.144,1,36
43,4.70711,54.7266,-262.549,908.867,1,36
43,4.34944,54.7562,-87.7622,301.063,1,36
43,4.34471,54.7566,-110.233,305.196,1,36
43,3.62902,54.8087,-87.218,268.82,1,36
43,3.63071,54.8086,-109.688,274.949,1,36
43,3.74806,54.8007,-263.148,338.879,1,36
43,2.34651,54.8786,-167.527,1555.49,1,36
43,2.97075,54.8483,-263.822,1469.47,1,36
43,0.126466,54.9286,8.0496,1430.2,1,36
43,-0.946195,54.9206,-73.5983,1434.41,1,36
43,-0.803168,54.9228,-182.363,1351.22,1,36
43,-1.90952,54.8955,-125.914,369.146,1,36
43,-3.85081,54.7936,-183.419,404.408,1,36
43,-5.04846,54.6962,65.9307,71.3503,1,36
43,-6.51926,54.5405,66.0925,1142.49,1,36
43,-5.58833,54.6437,-70.0401,128.927,1,36
43,-5.56557,54.646,-219.504,145.343,1,36
43,-7.52414,54.4109,13.9709,842.312,1,36
43,-10.8835,53.8397,-137.565,378.471,1,36
43,-12.4756,53.4932,-26.1219,327.992,1,36
43,-13.7028,53.1921,59.7135,162.633,1,36
43,-20.7549,50.8566,-13.7616,350.818,1,36
43,-23.4703,49.6619,-173.702,10515.9,1,36
43,-32.1774,44.5171,-162.793,2398.48,1,36
43,-31.705,44.8548,-102.277,256.097,1,36
43,-33.5478,43.4938,-34.3465,409.934,1,36
43,-34.6497,42.6212,10.7908,789.929,1,36
43,-36.3544,41.1766,-197.568,105.724,1,36
43,-36.6118,40.948,-141.64,191.692,1,36
43,-40.7749,36.8045,-146.943,199.994,1,36
43,-41.4604,36.0305,-62.2648,460.784,1,36
43,-42.9719,34.2138,-75.9143,224.888,1,36
43,-43.2471,33.8652,-76.6682,288.644,1,36
43,-45.6165,30.5989,-301.292,6543.16,1,36
43,-44.865,31.6906,-148.279,301.553,1,36
43,-45.8158,30.2998,-297.342,387.039,1,36
43,-46.561,29.1416,-102.372,915.195,1,36
43,-46.6612,28.9809,-281.107,374.9,1,36
43,-47.0561,28.3353,60.0104,88.8527,1,36
43,-47.2863,27.9494,60.556,36.3095,1,36
43,-49.826,23.12,-163.73,754.354,1,36
43,-50.6176,21.3313,-136.839,49.5034,1,36
43,-52.4502,16.3138,-139.967,381.174,1,36
43,-52.4738,16.2378,70.7137,178.882,1,36
43,-52.4897,16.1863,-74.4972,392.449,1,36
43,-52.7244,15.4045,-96.949,1039.35,1,36
43,-52.8179,15.0808,66.7021,103.052,1,36
43,-54.6063,5.94268,-11.524,21.182,1,36
43,-54.8569,2.80747,-58.0169,89.4957,1,36
43,-54.8879,2.11585,-58.6853,307.335,1,36
43,-54.9109,1.39772,-59.3529,107.095,1,36
43,-54.9233,0.772581,-60.329,340.393,1,36
43,-55.8759,-2.85959,289.668,23.2689,0,37
43,-55.7752,-4.40643,-19.0393,948.397,0,37
43,-55.706,-5.20842,285.943,152.222,0,37
43,-55.5362,-6.78352,-102.275,119.833,0,37
43,-54.7782,-11.3861,128.554,839.695,0,37
43,-54.5994,-12.2146,-90.4644,822.12,0,37
43,-54.4244,-12.972,119.275,492.381,0,37
43,-53.514,-16.3263,148.734,200.034,0,37
43,-53.0108,-17.8927,222.05,914.384,0,37
43,-48.427,-28.0199,41.3016,331.298,0,37
43,-48.12,-28.5439,-21.595,383.493,0,37
43,-47.4284,-29.679,79.6662,600.668,0,37
43,-47.0917,-30.2103,-30.432,525.568,0,37
43,-46.6401,-30.903,80.9014,891.367,0,37
43,-46.482,-31.1403,-85.7029,339.866,0,37
43,-43.7899,-34.8244,-15.5251,512.928,0,37
43,-42.4724,-36.4196,136.676,235.631,0,37
43,-35.233,-43.4618,99.0667,736.237,0,37
43,-33.811,-44.577,267.993,441.893,0,37
43,-29.928,-47.2716,-18.0013,341.042,0,37
43,-28.7177,-48.0165,225.382,509.779,0,37
43,-27.6003,-48.6674,148.266,927.453,0,37
43,-26.2734,-49.3963,148.052,103.396,0,37
43,-24.8482,-50.1284,177.308,26.1435,0,37
43,-24.0482,-50.5171,-31.0792,1256.43,0,37
43,-24.3631,-50.366,177.379,159.19,0,37
43,-23.8843,-50.5948,288.675,212.735,0,37
43,-23.5299,-50.7605,175.101,3176.15,0,37
43,-23.6105,-50.7231,186.244,958,0,37
43,-22.9862,-51.009,32.4904,98.3605,0,37
43,-22.3083,-51.3091,177.042,375.166,0,37
43,-20.7246,-51.969,24.2142,2792.18,0,37
43,-19.3632,-52.4915,133.476,764.409,0,37
43,-11.6045,-54.7323,103.187,3787.69,0,37
43,-11.6096,-54.7312,125.666,3771.08,0,37
43,-11.368,-54.7819,63.7659,440.158,0,37
43,-10.5788,-54.9398,293.955,307.09,0,37
43,-7.66648,-55.4213,287.173,251.502,0,37
43,4.47056,-55.7701,12.3395,630.967,0,37
43,8.81933,-55.2495,-103.273,372.019,0,37
43,9.69619,-55.1024,169.89,488.421,0,37
43,11.4573,-54.7633,95.2176,663.179,0,37
43,11.4551,-54.7638,117.688,656.979,0,37
43,17.2724,-53.2161,19.0573,811.847,0,37
43,18.2101,-52.9026,274.548,465.726,0,37
43,19.6009,-52.4032,-69.036,28.2164,0,37
43,28.0053,-48.4355,129.401,523.925,0,37
43,31.0582,-46.5369,219.254,19836.7,0,37
43,30.4019,-46.9682,82.5765,556.895,0,37
43,30.7897,-46.7149,169.511,11148.2,0,37
43,30.4144,-46.9601,225.09,606,0,37
43,31.5577,-46.1996,227.1,578,0,37
43,31.9346,-45.9399,225.096,232,0,37
43,32.8773,-45.27,-31.3919,452.408,0,37
43,40.2463,-38.8654,15.864,379.289,0,37
43,41.2456,-37.8033,87.5696,722.173,0,37
43,42.4831,-36.4071,52.3474,117.496,0,37
43,44.3395,-34.1218,179.153,146.395,0,37
43,44.338,-34.1237,201.625,143.417,0,37
43,44.7649,-33.5618,144.83,663.837,0,37
43,44.7834,-33.5371,250.597,1161.78,0,37
43,45.6163,-32.3952,-104.103,476.047,0,37
43,45.8741,-32.029,232.615,768.727,0,37
43,46.3176,-31.3842,130.585,386.389,0,37
43,46.7098,-30.7976,-66.492,48.182,0,37
43,47.1992,-30.042,-67.1491,1198.52,0,37
43,48.3134,-28.2153,-69.5667,2015.56,0,37
43,48.8906,-27.2029,83.2979,286.804,0,37
43,49.246,-26.5541,113.052,591.818,0,37
43,49.7935,-25.5126,-83.8993,765.587,0,37
43,52.3139,-19.8381,-2.55662,967.274,0,37
43,52.4775,-19.401,58.6292,392.407,0,37
43,53.3552,-16.838,259.702,30505.7,0,37
43,52.8685,-18.3089,278.644,21,0,37
43,52.9535,-18.0614,106.288,544.204,0,37
43,53.0574,-17.7539,147.597,163.171,0,37
43,54.2631,-13.6311,57.6539,490.031,0,37
43,55.5569,-6.61223,56.2689,477.115,0,37
43,55.5772,-6.43915,175.056,460.312,0,37
43,55.6683,-5.59781,175.021,58.453,0,37
43,55.7392,-4.84088,-55.8634,204.505,0,37
43,55.7847,-4.28453,277.232,173.216,0,37
43,55.9306,1.43605,262.394,982.429,0,37
43,55.9216,1.75006,266.102,349.92,0,37
43,55.8835,2.70554,128.336,452.217,0,37
43,55.8308,3.63458,128.204,468.258,0,37
43,55.7648,4.53579,128.01,100.833,0,37
43,55.6683,5.59785,127.895,88.9081,0,37
43,55.5692,6.50793,166.013,120.81,0,37
43,55.4553,7.41627,165.941,331.808,0,37
43,55.1695,9.30656,165.717,216.295,0,37
43,52.812,18.4712,121.31,589.07,0,37
43,52.5418,19.2263,236.718,715.395,0,37
43,52.3406,19.7675,281.176,654.89,0,37
43,51.7671,21.2239,161.97,125.859,0,37
43,51.3783,22.1486,146.143,151.589,0,37
43,51.0428,22.9112,97.1928,560.637,0,37
43,50.8844,23.2609,275.88,216.313,0,37
43,49.2886,26.4751,132.99,51.4229,0,37
43,48.746,27.4611,-67.7824,705.4,0,37
43,47.0841,30.2221,39.7109,57.6491,0,37
43,46.0741,31.7406,53.0866,624.088,0,37
43,43.6017,35.0597,147.05,1028.97,0,37
43,41.9181,37.0563,115.984,252.168,0,37
43,41.0496,38.016,-68.7427,480.406,0,37
43,41.3456,37.6939,128.282,173.427,0,37
43,39.0341,40.0828,17.5374,135.026,0,37
43,38.6048,40.4964,-11.2315,403.224,0,37
43,36.3469,42.5346,-71.4052,209.956,0,37
43,36.0263,42.8065,256.018,2089.51,0,37
43,30.9663,46.598,148.783,1280.54,0,37
43,30.2671,47.0552,61.0744,120.833,0,37
43,27.9209,48.4841,13.5236,126.904,0,37
43,26.1344,49.47,156.076,3170.61,0,37
43,23.1825,50.9201,165.362,525.354,0,37
43,22.1296,51.3865,267.765,462.207,0,37
43,20.3248,52.1267,-46.1749,7553.8,0,37
43,15.7455,53.6877,259.05,731.136,0,37
43,13.559,54.2811,-17.1669,82.908,0,37
43,10.1284,55.0246,249.557,126.723,0,37
43,7.29909,55.4708,280.586,1829.22,0,37
43,5.0362,55.7219,-10.756,115.25,0,37
43,4.30064,55.7835,-10.3702,275.211,0,37
43,1.52905,55.9281,104.123,787.953,0,37
43,-1.44261,55.9304,169.001,175.699,0,37
43,-1.44126,55.9304,191.477,185.688,0,37
43,-3.52358,55.8379,19.897,606.143,0,37
43,-3.32894,55.8499,159.221,1228.26,0,37
43,-7.35434,55.4635,-47.149,904.796,0,37
43,-14.9215,53.9225,-96.743,129.888,0,37
43,-17.1484,53.2562,280.501,537.904,0,37
43,-18.1749,52.9147,-98.3804,312.617,0,37
43,-19.0712,52.5983,-71.6836,514.203,0,37
43,-19.5771,52.4121,-8.30727,618.337,0,37
43,-26.0176,49.5315,225.238,404.266,0,37
43,-27.6605,48.6332,-92.4322,832.291,0,37
43,-34.4021,44.1224,95.2954,219.917,0,37
43,-38.9062,40.207,4.98359,357.937,0,37
43,-39.3184,39.8039,60.284,22.2164,0,37
43,-41.5729,37.443,33.0486,222.532,0,37
43,-42.6528,36.2081,191.971,165.397,0,37
43,-43.6415,35.0102,126.965,136.957,0,37
43,-44.0822,34.4536,204.979,615.759,0,37
43,-44.4788,33.9401,-34.2587,1549.7,0,37
43,-45.9013,31.9901,151.319,208.87,0,37
43,-46.9709,30.3978,245.356,925.777,0,37
43,-47.4515,29.642,163.517,47.4551,0,37
43,-47.6924,29.2528,163.482,83.9971,0,37
43,-47.9805,28.7778,163.49,132.729,0,37
43,-53.1637,17.4332,-1.3937,304.86,0,37
43,-55.1448,9.45236,147.204,28.0525,0,37
43,-55.2202,9.0009,147.204,37.1982,0,37
43,-55.8405,3.48202,-6.66524,84.7416,0,37
43,-55.9233,1.69669,-20.4112,273.544,0,37
43,-55.9288,1.50425,143.324,487.316,0,37
43,-55.6206,-6.05309,91.1607,163.679,1,37
43,-55.6206,-6.05309,-66.881,154.341,1,37
43,-55.4852,-7.18936,-68.5413,66.5078,1,37
43,-54.3547,-13.2613,-74.3953,75.5585,1,37
43,-54.1716,-13.9903,-75.124,92.6554,1,37
43,-53.8537,-15.1679,-76.6009,257.73,1,37
43,-53.6455,-15.8886,-77.288,802.674,1,37
43,-53.425,-16.6151,34.5051,1479.7,1,37
43,-53.467,-16.4793,-78.0419,157.376,1,37
43,-53.4023,-16.6879,-48.1444,157.157,1,37
43,-53.1015,-17.6215,-79.1415,1358.32,1,37
43,-52.6664,-18.8822,-80.1394,196.206,1,37
43,-52.5013,-19.3366,-81.0391,266.834,1,37
43,-52.2175,-20.0905,-81.6762,309.993,1,37
43,-51.7338,-21.305,72.852,21.1477,1,37
43,-51.2728,-22.3919,72.7235,941.741,1,37
43,-51.0092,-22.9859,-17.9147,496.997,1,37
43,-50.7727,-23.5038,72.6232,141.252,1,37
43,-50.7615,-23.5279,-7.42083,572.698,1,37
43,-49.9637,-25.1778,-20.6591,808.853,1,37
43,-50.0084,-25.0888,-39.084,87.6486,1,37
43,-47.7409,-29.1736,-216.062,170.943,1,37
43,-44.3657,-34.0878,76.8616,2144.81,1,37
43,-43.1272,-35.6418,-99.292,68.2034,1,37
43,-42.5199,-36.3641,-90.6273,629.096,1,37
43,-37.3273,-41.6769,-261.996,91.3256,1,37
43,-36.2523,-42.6153,-263.546,1765.01,1,37
43,-34.9974,-43.6517,-202.523,194.253,1,37
43,-34.6344,-43.9403,-98.9911,1930.98,1,37
43,-34.2181,-44.2653,-73.4673,181.067,1,37
43,-30.5853,-46.849,-134.725,322.668,1,37
43,-29.2528,-47.6924,-239.593,150.346,1,37
43,-23.8178,-50.6261,74.3712,209.774,1,37
43,-18.525,-52.7931,-171.064,120.266,1,37
43,-16.6855,-53.4031,-171.47,949.148,1,37
43,-16.5211,-53.4541,-122.804,1366.44,1,37
43,-16.5218,-53.4539,-145.262,1389.83,1,37
43,-15.2686,-53.8253,-227.055,385.689,1,37
43,-15.2203,-53.839,62.5709,445.868,1,37
43,-12.977,-54.4232,-108.396,657.783,1,37
43,-12.0229,-54.6419,-243.656,589.27,1,37
43,-10.8036,-54.896,-116,862.27,1,37
43,-7.48752,-55.4457,-283.516,539.852,1,37
43,-0.919994,-55.9414,-163.316,73.3438,1,37
43,-0.0970068,-55.9489,-181.568,209.68,1,37
43,-0.100118,-55.9489,-204.042,207.753,1,37
43,1.14038,-55.9374,-103.899,4724.56,1,37
43,1.9183,-55.9161,-108.426,288.49,1,37
43,6.50941,-55.569,101.343,2140.02,1,37
43,5.86755,-55.6405,35.2546,1769.59,1,37
43,7.70437,-55.416,-149.684,315.887,1,37
43,8.68599,-55.2706,94.8455,457.135,1,37
43,10.6004,-54.9356,26.8613,386.109,1,37
43,10.8029,-54.8962,-240.338,75.4979,1,37
43,11.0862,-54.8396,-148.458,230.367,1,37
43,19.2747,-52.524,-138.081,242.906,1,37
43,20.029,-52.2411,-292.933,103.564,1,37
43,24.9853,-50.0602,-42.8165,317.745,1,37
43,24.9563,-50.0747,-64.2842,184.189,1,37
43,26.6375,-49.201,-81.9579,439.332,1,37
43,34.0175,-44.4196,-81.6465,555.097,1,37
43,37.43,-41.5847,0.582292,252.015,1,37
43,37.6578,-41.3785,-217.825,63.4754,1,37
43,38.533,-40.5648,-151.413,235.836,1,37
43,40.1129,-39.0032,-305.361,457.624,1,37
43,41.8105,-37.1776,-108.725,5045.66,1,37
43,43.3567,-35.3623,-114.27,276.66,1,37
43,44.0204,-34.5325,-113.488,1184.12,1,37
43,44.074,-34.464,-1.27087,324.258,1,37
43,44.2533,-34.2335,1.22429,396.744,1,37
43,44.3353,-34.1273,-189.196,199.105,1,37
43,45.0018,-33.2434,-112.393,259.661,1,37
43,44.8417,-33.4591,-189.372,226.536,1,37
43,45.3335,-32.7897,-111.588,50.1638,1,37
43,45.3804,-32.7248,-189.515,104.546,1,37
43,45.4112,-32.682,-120.037,169.299,1,37
43,45.6771,-32.3094,-112.186,53.5793,1,37
43,45.9251,-31.9558,-111.172,199.467,1,37
43,45.9243,-31.9571,-120.333,178.774,1,37
43,45.9741,-31.8854,-189.834,192.636,1,37
43,46.4475,-31.1916,-120.688,639.334,1,37
43,46.8353,-30.6062,-109.468,34.0364,1,37
43,46.9601,-30.4144,-120.916,43.1227,1,37
43,47.5003,-29.5636,-109.253,1236.68,1,37
43,47.2607,-29.9452,-105.669,932.819,1,37
43,47.6678,-29.2929,105.458,316.005,1,37
43,48.2759,-28.2795,-107.996,259.352,1,37
43,49.0366,-26.9388,-106.961,983.026,1,37
43,49.5202,-26.0393,-143.967,2939.56,1,37
43,49.6522,-25.7866,-105.802,274.688,1,37
43,49.9235,-25.2575,-76.9852,56.2367,1,37
43,50.1403,-24.8243,-95.1948,582.262,1,37
43,50.1045,-24.8964,-105.359,141.078,1,37
43,50.2017,-24.6998,-80.3975,370.452,1,37
43,51.147,-22.6777,-103.49,2921.22,1,37
43,51.9046,-20.8854,-253.139,556.564,1,37
43,52.1541,-20.2544,-12.6013,3416.99,1,37
43,52.0755,-20.4557,-101.836,34.2873,1,37
43,52.2592,-19.9817,78.4777,302.126,1,37
43,52.2748,-19.9409,-101.046,272.365,1,37
43,52.2318,-20.0532,-241.777,560.068,1,37
43,52.4838,-19.384,-264.92,227.979,1,37
43,52.6147,-19.026,-100.536,452.048,1,37
43,52.9429,-18.0925,-100.131,142.636,1,37
43,53.1388,-17.5088,-139.788,1138.47,1,37
43,53.9527,-14.812,13.0104,486.959,1,37
43,54.1878,-13.9272,-158.848,84.0594,1,37
43,55.2028,-9.107,-140.521,8247.22,1,37
43,55.4424,-7.51174,-12.6933,272.96,1,37
43,55.7122,-5.14223,-268.044,113.364,1,37
43,55.904,-2.24363,-148.211,9148.49,1,37
43,55.9171,-1.88892,55.2664,267.564,1,37
43,55.915,-1.94971,-87.2234,105.987,1,37
43,55.9295,-1.47852,16.5796,391.105,1,37
43,55.9348,-1.25864,-87.6259,52.5831,1,37
43,55.9348,1.25867,-217.877,72.4187,1,37
43,55.7904,4.20946,-53.924,99.7864,1,37
43,55.7665,4.51556,-30.3629,208.333,1,37
43,55.7139,5.1237,28.9539,506.385,1,37
43,55.4869,7.17593,100.682,665.484,1,37
43,55.5179,6.93198,-198.358,332.358,1,37
43,55.3191,8.3719,18.1802,278.58,1,37
43,55.1738,9.28122,-150.021,1101.36,1,37
43,55.1715,9.29516,-172.475,1097.68,1,37
43,51.7954,21.1547,1.46187,484.638,1,37
43,51.057,22.8794,-26.9965,366.205,1,37
43,49.825,25.4511,-61.4626,560.789,1,37
43,49.653,25.7851,-29.221,310.498,1,37
43,48.5104,27.8754,90.6183,258.188,1,37
43,43.5337,35.1441,99.988,100.326,1,37
43,41.5021,37.5216,-81.1077,2997.71,1,37
43,40.1207,38.9951,-5.56631,641.718,1,37
43,38.6619,40.4419,75.6477,1259.39,1,37
43,37.6577,41.3786,-23.7223,236.379,1,37
43,37.6577,41.3786,-30.1355,335.559,1,37
43,10.6487,54.9263,-261.277,2999.85,1,37
43,10.2379,55.0043,-2.65679,567.786,1,37
43,8.74549,55.2613,-259.683,3158.73,1,37
43,7.06917,55.5006,-260.924,2625.33,1,37
43,7.09609,55.4972,-129.251,274.178,1,37
43,7.09862,55.4968,-151.723,274.27,1,37
43,4.87735,55.736,-88.381,106.601,1,37
43,4.8707,55.7366,-110.858,105.642,1,37
43,-0.935377,55.9412,-167.131,2913.64,1,37
43,0.237133,55.9485,9.0575,303.5,1,37
43,-1.36832,55.9323,-181.097,419.573,1,37
43,-1.842,55.9187,-124.922,326.638,1,37
43,-3.31662,55.8506,65.644,23.1841,1,37
43,-4.05165,55.8021,65.7578,354.92,1,37
43,-4.14647,55.7951,-183.134,738.758,1,37
43,-4.68627,55.7524,65.8541,72.724,1,37
43,-5.59785,55.6683,-69.612,33.2023,1,37
43,-5.98544,55.6279,-219.393,100.979,1,37
43,-8.81821,55.2497,14.6418,354.61,1,37
43,-9.89516,55.067,14.9082,527.829,1,37
43,-11.6223,54.7285,-138.305,452.617,1,37
43,-12.8931,54.4432,-25.8481,110.714,1,37
43,-14.812,53.9527,60.556,25.1841,1,37
43,-21.3277,51.7244,-13.4184,203.447,1,37
43,-23.4262,50.8085,-173.603,4572.24,1,37
43,-29.8653,47.3113,-163.239,3041.83,1,37
43,-32.2996,45.684,-20.1085,422.835,1,37
43,-32.3764,45.6296,-102.088,456.115,1,37
43,-33.9015,44.5082,-32.6347,545.984,1,37
43,-35.0711,43.5925,11.4996,207.097,1,37
43,-37.1841,41.8047,-197.503,102.961,1,37
43,-37.4451,41.5711,-141.141,340.544,1,37
43,-41.6954,37.3067,-145.761,305.576,1,37
43,-42.2904,36.6307,-62.2812,952.918,1,37
43,-43.31,35.4194,-74.1471,3180.48,1,37
43,-43.3217,35.4051,-80.3894,294,1,37
43,-45.5879,32.4351,-147.749,1516.43,1,37
43,-46.9929,30.3638,-296.756,95.7261,1,37
43,-48.0672,28.6328,-303.388,4257.89,1,37
43,-47.3774,29.7602,-101.88,383.067,1,37
43,-47.7438,29.1688,-280.764,58.182,1,37
43,-48.2531,28.3184,61.2669,130.335,1,37
43,-50.8655,23.3022,-163.004,324.53,1,37
43,-51.7338,21.305,-136.178,216.977,1,37
43,-53.2815,17.0695,-139.626,275.657,1,37
43,-53.551,16.2042,-72.9447,168.042,1,37
43,-53.8923,15.0304,66.7106,221.312,1,37
43,-54.4482,12.8719,79.735,1356.2,1,37
43,-54.2375,13.7325,-95.0188,207.907,1,37
43,-55.4122,7.73147,-194.23,616.307,1,37
43,-55.6231,6.03014,-10.7709,219.836,1,37
43,-55.9479,0.343282,-87.6175,76.8837,1,37
43,-56.849,-3.71495,-21.1981,464.921,0,38
43,-56.8537,-3.64372,188.578,214.089,0,38
43,-56.7406,-5.11051,285.547,417.612,0,38
43,-56.4735,-7.50702,-104.462,833.704,0,38
43,-55.756,-11.6998,128.341,884.414,0,38
43,-55.6887,-12.0162,-91.1201,405.368,0,38
43,-55.4277,-13.1675,118.565,624.586,0,38
43,-54.4426,-16.7814,149.096,998.317,0,38
43,-49.6638,-27.9128,40.9104,636.281,0,38
43,-48.8865,-29.2529,-21.667,106.928,0,38
43,-47.984,-30.7108,77.523,1194.97,0,38
43,-47.8079,-30.9842,-30.6321,294.413,0,38
43,-47.1056,-32.0418,-86.1984,48.2446,0,38
43,-46.5676,-32.8187,79.6556,1139.94,0,38
43,-46.5924,-32.7836,-64.9268,822.616,0,38
43,-46.7375,-32.5764,-86.3263,104.342,0,38
43,-44.6385,-35.398,-15.8539,303.458,0,38
43,-43.5472,-36.7322,136.462,158.266,0,38
43,-35.9312,-44.2104,98.0109,370.714,0,38
43,-34.6542,-45.2184,266.932,250.847,0,38
43,-30.3805,-48.1938,-18,261.522,0,38
43,-29.4997,-48.7379,224.108,332.006,0,38
43,-29.3885,-48.8051,-12.8832,115.728,0,38
43,-28.9882,-49.0439,-13.652,58.6328,0,38
43,-26.2021,-50.5872,147.852,161.418,0,38
43,-24.5808,-51.3945,175.007,4215.3,0,38
43,-23.935,-51.6985,-30.6175,2341.07,0,38
43,-24.1026,-51.6205,147.781,305.004,0,38
43,-24.0081,-51.6645,287.402,1567.97,0,38
43,-23.4549,-51.918,32.0676,188.523,0,38
43,-23.2307,-52.0187,147.582,194.242,0,38
43,-22.3521,-52.4023,-76.7314,2200.39,0,38
43,-20.1536,-53.2865,176.804,2299.04,0,38
43,-19.5735,-53.5023,132.073,118.803,0,38
43,-15.307,-54.8754,106.076,27.0546,0,38
43,-15.307,-54.8754,128.548,27.0369,0,38
43,-13.8343,-55.2651,104.979,2405.71,0,38
43,-13.8345,-55.265,127.45,2406.96,0,38
43,-11.8784,-55.7182,63.6543,251.406,0,38
43,-10.6594,-55.9642,294.138,177.578,0,38
43,-7.9081,-56.4188,286.854,225.187,0,38
43,3.98347,-56.8309,53.5995,96.9993,0,38
43,4.63998,-56.781,53.6497,173.623,0,38
43,4.93272,-56.7564,10.9542,422.051,0,38
43,9.12872,-56.2342,-104.225,329.909,0,38
43,10.0601,-56.075,169.228,1020.76,0,38
43,11.2576,-55.8469,93.4378,525.526,0,38
43,11.255,-55.8475,115.905,536.182,0,38
43,16.384,-54.5635,20.3671,1808.18,0,38
43,17.7743,-54.1266,3.64852,1101.05,0,38
43,18.3944,-53.919,273.812,289.678,0,38
43,19.6918,-53.4588,-69.483,253.118,0,38
43,28.1797,-49.5128,128.521,179.026,0,38
43,30.3538,-48.2106,167.665,10048.2,0,38
43,34.9869,-44.9614,224.062,59046.7,0,38
43,32.7086,-46.645,224.918,156,0,38
43,33.3202,-46.2102,-32.5009,523.725,0,38
43,33.4675,-46.1036,234.154,1933,0,38
43,34.7737,-45.1265,239.429,43,0,38
43,36.4111,-43.816,238.003,1916,0,38
43,40.7816,-39.7804,15.4803,439.265,0,38
43,42.7419,-37.6663,88.0226,1199.77,0,38
43,43.2144,-37.1231,51.587,60.6327,0,38
43,45.2361,-34.631,178.964,499.687,0,38
43,45.2366,-34.6304,201.438,497.54,0,38
43,45.4143,-34.3971,248.971,602.193,0,38
43,46.2901,-33.209,-105.068,383.576,0,38
43,46.8862,-32.362,230.722,717.884,0,38
43,47.0889,-32.0664,129.584,702.364,0,38
43,49.6855,-27.874,82.1407,1091.78,0,38
43,50.1114,-27.1009,-71.8442,710.332,0,38
43,49.9646,-27.3707,111.62,394.547,0,38
43,50.454,-26.4576,-85.7643,606.942,0,38
43,50.4394,-26.4856,-72.9937,206.97,0,38
43,50.8294,-25.7291,-73.4977,533.892,0,38
43,52.8243,-21.3355,58.5261,1925.41,0,38
43,53.1149,-20.6016,255.573,22083.7,0,38
43,52.7665,-21.4782,260.173,314,0,38
43,52.9795,-20.9472,-79.9054,406.903,0,38
43,53.2777,-20.1768,-75.2796,153,0,38
43,53.3089,-20.0943,-3.88172,867.763,0,38
43,53.5679,-19.3932,-81.9085,351.128,0,38
43,53.8712,-18.5341,-82.3916,636.86,0,38
43,53.8631,-18.5576,105.48,339.962,0,38
43,54.3,-17.2374,-84.4861,1153.45,0,38
43,53.9831,-18.2056,146.674,842.541,0,38
43,54.0503,-18.005,-44.2005,451.094,0,38
43,54.6831,-15.9804,-85.9503,522.753,0,38
43,56.521,-7.14053,55.5208,639.471,0,38
43,56.7301,-5.22649,174.961,2130.51,0,38
43,56.7991,-4.41379,-56.7811,349.726,0,38
43,56.8303,-3.99116,276.753,163.674,0,38
43,56.9586,-1.15448,129.113,402.874,0,38
43,56.9695,-0.293439,128.867,137.748,0,38
43,56.9665,0.659014,128.748,187.837,0,38
43,56.9461,1.65899,128.606,727.253,0,38
43,56.9417,1.80494,262.634,146.751,0,38
43,56.9401,1.85333,265.42,820.456,0,38
43,56.8963,2.90281,166.438,403.948,0,38
43,56.8397,3.85588,166.291,788.811,0,38
43,56.7664,4.81529,166.161,123.837,0,38
43,55.1507,14.2833,-79.0312,397.616,0,38
43,53.7245,18.9551,120.259,741.623,0,38
43,53.5609,19.4124,235.299,470.375,0,38
43,53.1898,20.4074,280.834,151.646,0,38
43,52.7664,21.4783,161.978,1358.79,0,38
43,52.5609,21.9766,95.9956,356.242,0,38
43,52.3711,22.425,146.066,300.539,0,38
43,52.2824,22.6312,96.4199,137.601,0,38
43,51.819,23.673,153.838,509.885,0,38
43,51.8985,23.4981,275.469,485.213,0,38
43,50.102,27.1183,132.851,323.265,0,38
43,49.1762,28.7631,-67.8784,838.334,0,38
43,47.7913,31.0098,52.5156,1018.33,0,38
43,47.6719,31.193,39.1273,1127.94,0,38
43,44.7338,35.2775,145.464,552.619,0,38
43,43.3696,36.9417,115.577,1386.18,0,38
43,42.5953,37.8319,126.662,1035.71,0,38
43,40.8135,39.7476,-68.5473,158.939,0,38
43,40.9742,39.582,188.433,109.403,0,38
43,39.5947,40.9619,-68.4845,1125.52,0,38
43,39.6812,40.8781,17.229,360.829,0,38
43,39.1298,41.4062,-12.2841,466.063,0,38
43,37.1706,43.1736,-71.5897,1183.44,0,38
43,36.4661,43.7703,255.213,2478.58,0,38
43,35.5228,44.5393,-79.3975,1178.35,0,38
43,31.4818,47.4817,146.567,451.901,0,38
43,30.9743,47.8143,149.184,512.822,0,38
43,30.757,47.9544,79.788,71.3622,0,38
43,29.0245,49.0224,-95.9421,467.609,0,38
43,28.5787,49.2836,12.7028,390.012,0,38
43,26.7282,50.3112,53.8921,915.362,0,38
43,26.4607,50.4524,156.106,420.741,0,38
43,23.195,52.0347,165.435,944.928,0,38
43,22.8125,52.2035,267.148,1111.45,0,38
43,21.7088,52.6721,-46.3932,9389.16,0,38
43,21.9092,52.589,-39.8549,770,0,38
43,16.2558,54.6019,257.633,98.8533,0,38
43,14.0121,55.2202,166.626,145.744,0,38
43,10.719,55.9528,146.63,102.015,0,38
43,9.9721,56.0908,248.589,957.045,0,38
43,6.79049,56.5642,279.726,1126.53,0,38
43,5.17137,56.7351,44.5388,6452.01,0,38
43,3.2208,56.8792,-9.93221,954.787,0,38
43,2.39922,56.9198,102.455,144.73,0,38
43,1.93152,56.9375,103.221,134.356,0,38
43,-1.28165,56.9559,168.651,83.6715,0,38
43,-1.28165,56.9559,191.123,83.6053,0,38
43,-3.37799,56.8701,19.3779,1916.41,0,38
43,-3.61269,56.8556,138.563,931.609,0,38
43,-7.56945,56.4652,-48.032,2185.34,0,38
43,-16.9892,54.3781,279.784,401.375,0,38
43,-17.9928,54.0544,-71.5709,588.33,0,38
43,-18.8118,53.7748,-71.6742,371.593,0,38
43,-20.0457,53.3271,-9.11987,3231.61,0,38
43,-26.6725,50.3407,225.286,256.49,0,38
43,-27.9314,49.6533,-93.9902,107.685,0,38
43,-34.6517,45.2203,93.6931,1967.78,0,38
43,-38.9361,41.5884,2.42463,794.499,0,38
43,-40.7381,39.8249,56.1136,381.849,0,38
43,-42.6494,37.7709,32.3896,311.394,0,38
43,-43.2286,37.1067,191.304,432.24,0,38
43,-44.1769,35.9724,126.724,254.15,0,38
43,-44.4371,35.6505,-36.6497,141.373,0,38
43,-44.8406,35.1417,-35.1105,112.043,0,38
43,-45.1266,34.7737,-35.534,158.964,0,38
43,-45.1865,34.6957,202.481,1432.57,0,38
43,-46.8651,32.3926,149.862,296.506,0,38
43,-47.4755,31.4911,163.46,191.236,0,38
43,-47.6185,31.2745,244.114,50.4124,0,38
43,-47.93,30.795,163.471,271.932,0,38
43,-50.1509,27.0279,55.8723,175.19,0,38
43,-54.2469,17.4037,-1.71734,174.309,0,38
43,-56.1514,9.6249,147.204,60.3641,0,38
43,-56.2282,9.1652,147.051,77.5097,0,38
43,-56.8875,3.06991,-8.29401,282.884,0,38
43,-56.9497,1.53017,-20.4637,318.773,0,38
43,-56.9614,1.00601,142.518,362.701,0,38
43,-56.6606,-5.93187,91.932,28.0364,1,38
43,-56.556,-6.85813,-142.964,21.0245,1,38
43,-54.4393,-16.7921,33.8655,2892.63,1,38
43,-54.2025,-17.5415,-230.447,2974.1,1,38
43,-54.4053,-16.9022,-47.7596,154.265,1,38
43,-53.6657,-19.1208,73.5017,1953.73,1,38
43,-53.6792,-19.083,-232.428,27.1766,1,38
43,-51.446,-24.4729,-19.0557,1691.78,1,38
43,-51.5526,-24.2476,-6.94347,123.928,1,38
43,-51.1423,-25.1014,-38.5239,1194.86,1,38
43,-48.4882,-29.9083,-214.543,361.938,1,38
43,-45.2728,-34.5831,77.0757,829.906,1,38
43,-44.5397,-35.5222,-87.9773,712.894,1,38
43,-43.9782,-36.2151,-89.0742,945.752,1,38
43,-43.9739,-36.2203,-99.132,342.095,1,38
43,-39.5358,-41.0188,-270.453,1009,1,38
43,-38.8593,-41.6602,-260.412,29.0247,1,38
43,-38.5278,-41.9669,-261.43,152.564,1,38
43,-38.3452,-42.1339,-124.733,105.521,1,38
43,-35.7819,-44.3313,-202.061,285.977,1,38
43,-35.4265,-44.6159,-97.7875,1427.56,1,38
43,-35.1519,-44.8325,-71.2497,1475.72,1,38
43,-30.9696,-47.8174,-134.647,61.8634,1,38
43,-30.1464,-48.3405,-46.478,321.71,1,38
43,-29.416,-48.7885,-239.772,6710.64,1,38
43,-19.9587,-53.3598,-226.252,52.8576,1,38
43,-16.8882,-54.4096,-121.273,1499.98,1,38
43,-16.8882,-54.4096,-143.749,1498.71,1,38
43,-16.1221,-54.6415,63.5811,223.096,1,38
43,-15.697,-54.7651,-171.857,220.667,1,38
43,-13.9556,-55.2345,-172.22,32.1274,1,38
43,-12.548,-55.5712,-172.652,891.969,1,38
43,-12.8096,-55.5115,-107.02,382.997,1,38
43,-12.0126,-55.6894,-241.914,619.875,1,38
43,-11.3857,-55.821,-115.929,1419.73,1,38
43,-7.31899,-56.4982,-283.085,155.179,1,38
43,-1.0394,-56.9608,-163.229,588.555,1,38
43,0.75557,-56.9653,-103.885,4776.18,1,38
43,0.835095,-56.9642,-181.426,480.666,1,38
43,0.841818,-56.9641,-203.895,482.935,1,38
43,1.1382,-56.9589,-107.698,388.762,1,38
43,0.58262,-56.9673,-115.962,890,1,38
43,4.6096,-56.7835,105.044,520.512,1,38
43,5.08303,-56.7431,104.187,127.526,1,38
43,5.69504,-56.6849,37.2748,1013.19,1,38
43,8.03659,-56.4006,-149.362,877.826,1,38
43,8.76631,-56.2918,-114.462,423.32,1,38
43,9.60505,-56.1548,86.5009,639.256,1,38
43,11.2286,-55.8528,26.9216,105.842,1,38
43,11.2969,-55.839,-238.034,988.378,1,38
43,19.3024,-53.6007,-137.696,134.072,1,38
43,20.4396,-53.1774,-292.503,365.349,1,38
43,25.8029,-50.792,-41.9373,845.555,1,38
43,26.9831,-50.175,-80.5413,285.019,1,38
43,34.8655,-45.0556,-80.284,677.9,1,38
43,38.2773,-42.1955,1.60244,1160.74,1,38
43,39.3925,-41.1564,-151.038,720.973,1,38
43,41.2206,-39.3252,-304.622,241.796,1,38
43,41.9807,-38.5128,-110.207,8832.72,1,38
43,41.8451,-38.6601,-187.919,301.645,1,38
43,42.6756,-37.7413,-188.221,388.544,1,38
43,43.5446,-36.7353,-188.57,1200.71,1,38
43,43.5721,-36.7026,-118.587,188.762,1,38
43,44.1125,-36.0514,-118.951,127.68,1,38
43,44.1414,-36.016,-188.751,169.64,1,38
43,45.5151,-34.2635,-119.668,1297.19,1,38
43,44.8974,-35.069,2.29909,427.623,1,38
43,45.0937,-34.8163,0.0765139,502.197,1,38
43,47.7819,-31.0243,-104.698,490.297,1,38
43,50.3343,-26.6848,-144.836,5601.87,1,38
43,50.6328,-26.1139,-75.8063,452.649,1,38
43,50.978,-25.4335,-94.0368,137.056,1,38
43,51.2323,-24.9173,-80.1151,792.665,1,38
43,52.6824,-21.6835,-251.519,847.412,1,38
43,52.8415,-21.2931,78.9511,1087.18,1,38
43,52.8894,-21.1737,-12.0613,2896.23,1,38
43,53.6634,-19.1275,-263.241,215.741,1,38
43,54.0284,-18.0707,-138.832,273.152,1,38
43,54.8124,-15.5313,-156.689,69.8696,1,38
43,54.9376,-15.0824,-156.956,41.2731,1,38
43,56.1537,-9.61118,-136.692,9615.23,1,38
43,56.5089,-7.23621,-11.3616,334.889,1,38
43,56.6856,-5.68856,-268.044,83.6231,1,38
43,56.9004,-2.82162,-148.648,3159.07,1,38
43,56.9471,-1.62539,55.9851,286.445,1,38
43,56.9584,-1.16392,18.1058,524.596,1,38
43,56.9638,-0.861218,-88.147,436.818,1,38
43,56.8549,3.6244,10.5364,540.18,1,38
43,56.8281,4.02278,-53.6495,1196.1,1,38
43,56.7697,4.77608,30.4044,360.789,1,38
43,56.7618,4.86959,-29.5359,517.58,1,38
43,56.591,6.563,100.819,233.486,1,38
43,56.4942,7.3497,-198.118,777.714,1,38
43,56.4427,7.73508,-32.023,635.795,1,38
43,56.381,8.17322,18.9073,638.72,1,38
43,52.9326,21.0655,2.99884,244.664,1,38
43,51.8975,23.5003,-26.7538,1027.8,1,38
43,50.7715,25.8433,-26.7195,718.302,1,38
43,50.608,26.1619,-59.9324,672.01,1,38
43,50.1112,27.1013,-224.955,1517.73,1,38
43,49.461,28.2705,91.0544,160.854,1,38
43,44.387,35.7129,100.029,218.05,1,38
43,40.82,39.741,-80.7675,261.386,1,38
43,40.636,39.929,-4.39818,534.452,1,38
43,39.3923,41.1565,-80.4818,1076.19,1,38
43,39.226,41.315,76.5173,973.649,1,38
43,39.1802,41.3585,-30.1028,1471.98,1,38
43,23.83,51.7469,10.1256,324.236,1,38
43,22.0818,52.5167,-38.9956,420.232,1,38
43,15.4856,54.8253,-111.382,554.917,1,38
43,13.512,55.3448,-40.2416,672.309,1,38
43,13.0501,55.4555,-256.601,586.464,1,38
43,12.2483,55.6381,-257.133,382.465,1,38
43,11.2781,55.8428,-260.843,2673.89,1,38
43,11,55.8983,-266.351,325,1,38
43,10.059,56.0752,-258.863,770.801,1,38
43,7.454,56.4806,-150.771,567.31,1,38
43,7.44201,56.4821,-128.319,545.251,1,38
43,6.9157,56.549,-90.107,285.998,1,38
43,6.9151,56.5491,-112.58,280.943,1,38
43,6.36947,56.6131,-111.865,155.892,1,38
43,6.32316,56.6183,-89.4474,132.918,1,38
43,5.69985,56.6844,-88.9017,134.65,1,38
43,5.70169,56.6843,-111.372,131.695,1,38
43,3.83022,56.8414,-74.3105,1752.62,1,38
43,0.443151,56.9686,9.83061,555.621,1,38
43,-1.54254,56.9494,-123.956,219.064,1,38
43,-2.43534,56.9182,-166.903,772.109,1,38
43,-1.98049,56.9359,-180.162,197.031,1,38
43,-5.58837,56.6955,-166.527,2628.75,1,38
43,-4.30721,56.8072,-182.857,177.98,1,38
43,-5.20292,56.7322,-69.0253,449.377,1,38
43,-6.33479,56.617,-219.259,736.66,1,38
43,-11.2027,55.858,15.4804,907.417,1,38
43,-12.3686,55.6115,16.0668,130.474,1,38
43,-12.9613,55.4763,-139.456,860.899,1,38
43,-13.1562,55.4304,16.1638,583.7,1,38
43,-13.5931,55.3249,-25.4357,318.78,1,38
43,-15.4702,54.8296,61.5126,233.262,1,38
43,-21.9092,52.589,-13.0733,221.484,1,38
43,-23.5111,51.8926,-174.726,9329.45,1,38
43,-26.128,50.6255,-163.825,1636.8,1,38
43,-28.4468,49.3598,-163.519,695.689,1,38
43,-33.1196,46.3542,-18.532,299.117,1,38
43,-33.0934,46.3729,-101.761,402.109,1,38
43,-34.03,45.6899,-30.9739,716.424,1,38
43,-35.6032,44.475,12.5615,235.558,1,38
43,-37.9992,42.4462,-197.427,127.48,1,38
43,-38.4833,42.0078,-140.633,467.723,1,38
43,-42.6324,37.7902,-144.192,1162.46,1,38
43,-43.1064,37.2485,-62.2639,1162.1,1,38
43,-43.6425,36.619,-72.5846,1765.44,1,38
43,-46.3432,33.1349,-147.289,481.155,1,38
43,-48.1413,30.4636,-101.054,685.761,1,38
43,-48.0691,30.5773,-296.452,37.1638,1,38
43,-48.7946,29.4058,-280.56,324.213,1,38
43,-49.4086,28.3621,62.0053,388.398,1,38
43,-50.4639,26.4387,-305.52,2181.48,1,38
43,-51.8253,23.659,-162.444,465.114,1,38
43,-52.6896,21.6662,-135.505,592.172,1,38
43,-54.0129,18.1168,-139.565,255.889,1,38
43,-54.5509,16.4261,-71.0757,232.425,1,38
43,-55.3413,13.5263,-93.5675,784.444,1,38
43,-55.5258,12.7476,-92.3789,75.5097,1,38
43,-56.3205,8.57976,78.8772,4618.73,1,38
43,-56.2606,8.9646,-193.403,220.257,1,38
43,-56.6277,6.23854,-9.7128,178.998,1,38
43,-56.9692,0.349545,-87.5751,67.8857,1,38
43,-58.9183,-0.0803452,141.268,28.2205,0,39
43,-58.8414,-3.01039,-23.8296,600.532,0,39
43,-58.8141,-3.50345,288.994,993.961,0,39
43,-58.7311,-4.69389,187.477,216.742,0,39
43,-58.7261,-4.75679,284.983,878.969,0,39
43,-58.6807,-5.28716,187.06,51.3235,0,39
43,-58.3639,-8.06448,-105.451,424.68,0,39
43,-57.7053,-11.8944,-91.9368,183.937,0,39
43,-57.6409,-12.2027,128.124,39.2549,0,39
43,-57.5735,-12.5169,127.939,98.9201,0,39
43,-57.5044,-12.8307,128.124,24.3116,0,39
43,-56.1598,-17.8173,217.918,881.138,0,39
43,-56.1177,-17.9495,149.991,995.884,0,39
43,-50.4178,-30.4865,-21.8082,582.948,0,39
43,-49.1946,-32.4233,74.9958,495.811,0,39
43,-49.2109,-32.3986,-64.796,24.3802,0,39
43,-49.1021,-32.5631,-31.1292,129.033,0,39
43,-49.0334,-32.6665,-64.796,22.3459,0,39
43,-48.9371,-32.8106,73.7374,100.469,0,39
43,-48.8156,-32.9911,-64.9831,246.984,0,39
43,-46.8078,-35.7828,77.9007,1055.67,0,39
43,-46.1912,-36.5753,-16.318,1469.82,0,39
43,-45.3913,-37.5634,135.756,30.0728,0,39
43,-37.51,-45.4354,95.7995,1262.36,0,39
43,-36.0381,-46.6115,265.296,1281.38,0,39
43,-31.0342,-50.0825,221.41,556.174,0,39
43,-30.9594,-50.1288,-18.156,77.3459,0,39
43,-29.5417,-50.9771,-15.3927,949.109,0,39
43,-29.2502,-51.1449,-16.884,24.0546,0,39
43,-26.0186,-52.8622,176.146,7666.65,0,39
43,-24.5345,-53.5671,30.9825,500.656,0,39
43,-24.1315,-53.7499,285.43,710.322,0,39
43,-23.614,-53.9792,-77.2061,1336.33,0,39
43,-23.0083,-54.2402,-29.7639,464.289,0,39
43,-22.3523,-54.5138,20.5173,680.926,0,39
43,-21.2333,-54.9593,147.286,378.659,0,39
43,-20.3206,-55.3032,147.029,140.183,0,39
43,-19.1466,-55.7206,146.975,442.915,0,39
43,-18.1033,-56.0683,109.21,13650.5,0,39
43,-18.1056,-56.0675,131.683,13616.3,0,39
43,-18.5579,-55.9194,146.78,27.3826,0,39
43,-18.2526,-56.0198,146.78,28.6882,0,39
43,-17.1638,-56.3629,176.517,256.065,0,39
43,-14.6323,-57.0725,176.3,235.964,0,39
43,-14.0821,-57.2108,176.036,27.182,0,39
43,-13.6131,-57.3242,176.212,261.627,0,39
43,-12.6403,-57.5465,63.4981,472.541,0,39
43,-10.2513,-58.0197,294.637,1009.19,0,39
43,-8.8334,-58.2525,286.54,367.068,0,39
43,-0.433736,-58.9168,266.476,539.374,0,39
43,5.84304,-58.628,8.04423,626.176,0,39
43,7.08575,-58.4908,53.7466,777.692,0,39
43,8.42827,-58.3125,53.8641,176.894,0,39
43,9.64729,-58.1232,-105.379,905.672,0,39
43,9.99364,-58.0647,88.7962,113.07,0,39
43,9.99364,-58.0647,111.266,111.238,0,39
43,10.6428,-57.9492,168.195,249.518,0,39
43,15.7917,-56.7627,21.8106,138.303,0,39
43,17.6916,-56.1995,3.12202,657.677,0,39
43,18.8477,-55.8224,272.379,482.077,0,39
43,19.6942,-55.5294,-70.5477,416.564,0,39
43,22.6919,-54.3733,-68.7494,548.793,0,39
43,29.9931,-50.7128,167.258,9953.99,0,39
43,30.0831,-50.6595,171.894,204,0,39
43,31.7196,-49.6512,82.865,3697.49,0,39
43,31.7246,-49.6481,87.5077,208,0,39
43,34.1295,-48.0266,-34.6839,870.965,0,39
43,41.3766,-41.9447,230.849,110.697,0,39
43,43.6912,-39.5279,234.459,43273,0,39
43,42.0574,-41.2621,15.0697,111.704,0,39
43,42.2818,-41.0321,238.761,532,0,39
43,44.46,-38.6611,50.1319,797.863,0,39
43,45.0155,-38.0129,88.692,82.5196,0,39
43,44.9788,-38.0563,246.257,1260,0,39
43,45.7983,-37.0661,237.665,359.342,0,39
43,46.1999,-36.5643,238.102,453.579,0,39
43,46.6942,-35.9309,238.932,2090.4,0,39
43,46.6942,-35.9309,247.127,608.982,0,39
43,47.028,-35.4929,178.66,494.129,0,39
43,47.0277,-35.4933,201.133,490.226,0,39
43,49.2175,-32.3885,243.547,69051.8,0,39
43,47.8181,-34.421,144.05,1410.91,0,39
43,48.5285,-33.412,126.872,608.666,0,39
43,48.7317,-33.115,227.844,801.655,0,39
43,51.2074,-29.1407,80.0623,1381.11,0,39
43,52.9657,-25.8072,6.16018,908.793,0,39
43,53.3506,-25.0018,58.2576,1666.3,0,39
43,53.8312,-23.9496,58.164,26.1639,0,39
43,55.2549,-20.4518,-6.05646,611.943,0,39
43,55.3759,-20.1217,103.721,242.392,0,39
43,55.7947,-18.9297,145.021,829.552,0,39
43,56.1868,-17.732,-47.0283,988.759,0,39
43,58.3613,-8.08327,54.3764,652.345,0,39
43,58.3938,-7.84493,130.244,115.552,0,39
43,58.4951,-7.04999,130.085,144.052,0,39
43,58.5945,-6.16926,129.951,525.981,0,39
43,58.6924,-5.15506,129.757,360.609,0,39
43,58.7595,-4.3244,174.742,381.241,0,39
43,58.7698,-4.18246,129.602,184.901,0,39
43,58.7999,-3.73524,-58.173,118.55,0,39
43,58.8185,-3.43,166.858,188.901,0,39
43,58.8689,-2.41435,166.882,200.491,0,39
43,58.8891,-1.85755,166.779,209.41,0,39
43,58.9068,-1.16873,166.8,322.592,0,39
43,58.9182,-0.137594,166.633,164.09,0,39
43,58.917,0.401694,166.708,29.3438,0,39
43,58.8711,2.35993,262.843,649.123,0,39
43,57.3483,13.5112,-79.9101,1098.92,0,39
43,55.6083,19.4704,232.852,31.3235,0,39
43,55.4955,19.7896,119.206,250.261,0,39
43,54.8827,21.4306,94.7399,1024.76,0,39
43,54.755,21.7547,161.746,195.711,0,39
43,51.573,28.4887,132.604,103.854,0,39
43,50.8419,29.7737,51.4331,914.362,0,39
43,49.9151,31.3027,-67.9872,241.655,0,39
43,48.9833,32.7416,38.2017,516.684,0,39
43,49.0156,32.6933,105.215,1333.8,0,39
43,46.9853,35.5494,114.556,89.334,0,39
43,47.0052,35.523,142.422,114.658,0,39
43,46.63,36.0142,114.693,72.9785,0,39
43,46.3986,36.3118,114.725,103.339,0,39
43,45.9953,36.8213,114.98,181.177,0,39
43,45.0277,37.9985,124.012,1155.35,0,39
43,41.9447,41.3766,187.908,22.1517,0,39
43,39.0767,44.0952,-68.3729,158.31,0,39
43,38.5517,44.5549,-68.3066,508.747,0,39
43,38.5794,44.531,-71.766,577.513,0,39
43,37.6999,45.278,-68.2317,738.948,0,39
43,37.4844,45.4565,253.841,3896.35,0,39
43,36.1694,46.5097,-80.2712,681.474,0,39
43,32.4182,49.198,56.6449,1238.46,0,39
43,32.1864,49.3499,80.212,64.4209,0,39
43,32.0976,49.4077,144.095,537.987,0,39
43,31.1072,50.0372,149.312,1539.43,0,39
43,29.8983,50.7688,10.4909,366.485,0,39
43,29.6759,50.8991,-97.0799,239.289,0,39
43,26.7183,52.512,156.251,698.679,0,39
43,26.9176,52.4101,53.5,107.942,0,39
43,24.1218,53.7542,-45.7829,7346.24,0,39
43,24.1155,53.7571,266.086,186.909,0,39
43,24.0574,53.7831,165.436,117.599,0,39
43,23.5848,53.992,165.436,52.1989,0,39
43,17.004,56.4114,256.05,647.344,0,39
43,13.6729,57.3099,-18.8795,76.5966,0,39
43,13.2562,57.4078,166.625,350.709,0,39
43,12.7714,57.5176,166.637,1250.87,0,39
43,12.1968,57.6421,166.578,551.801,0,39
43,10.6678,57.9446,146.244,953.651,0,39
43,9.29579,58.1805,246.512,1371.36,0,39
43,5.82161,58.6301,43.5621,7187.38,0,39
43,5.74785,58.6374,278.341,1849.65,0,39
43,5.85495,58.6268,53.1309,1082,0,39
43,3.76629,58.7979,-65.7978,478.556,0,39
43,3.9336,58.7869,100.564,36.0546,0,39
43,3.5649,58.8105,100.274,103.941,0,39
43,3.29758,58.826,101.264,86.4106,0,39
43,2.10255,58.8809,-65.6719,1094.62,0,39
43,0.753723,58.9136,-8.76513,702.45,0,39
43,-0.838047,58.9124,168.118,1347.53,0,39
43,-0.837736,58.9124,190.59,1345.6,0,39
43,-3.00819,58.8416,155.947,824.104,0,39
43,-3.29025,58.8265,18.732,73.9424,0,39
43,-4.33908,58.7584,137.764,646.496,0,39
43,-8.23954,58.3394,-49.3879,3901.39,0,39
43,-14.2381,57.1722,-95.4633,118.71,0,39
43,-16.2556,56.6316,-71.58,33.091,0,39
43,-16.5642,56.5421,278.22,30.2549,0,39
43,-17.1256,56.3746,-71.5674,399.569,0,39
43,-19.5835,55.5686,-100.085,179.469,0,39
43,-21.3619,54.9094,-11.3502,384.711,0,39
43,-27.7532,51.9725,225.148,216.161,0,39
43,-28.2612,51.698,-96.8987,441.707,0,39
43,-31.1811,49.9912,3.84303,140.814,0,39
43,-35.3177,47.1597,91.8982,1895.08,0,39
43,-39.4346,43.7755,-0.637508,900.598,0,39
43,-42.755,40.5387,52.8404,1210.96,0,39
43,-45.1513,37.8516,126.219,1092.59,0,39
43,-45.2123,37.7787,30.6881,407.832,0,39
43,-45.2851,37.6913,-38.6894,383.047,0,39
43,-45.4106,37.5401,29.8458,135.216,0,39
43,-47.0661,35.4424,199.58,281.263,0,39
43,-48.6329,33.2599,147.712,123.448,0,39
43,-49.091,32.5799,242.528,480.301,0,39
43,-51.5928,28.4527,55.7336,84.9909,0,39
43,-56.3285,17.2764,24.8009,1025.79,0,39
43,-56.3061,17.3494,-2.5917,198.931,0,39
43,-58.8616,2.58679,-10.818,292.828,0,39
43,-58.9177,0.279545,140.983,88.0069,0,39
43,-58.9183,-0.0803456,77.2551,80.5643,1,39
43,-58.917,-0.401682,77.092,29.3459,1,39
43,-58.9118,-0.883689,77.0616,223.642,1,39
43,-58.9061,-1.20498,77.086,215.826,1,39
43,-58.8842,-2.00805,77.092,23,1,39
43,-58.8842,-2.00805,-113.284,24.0586,1,39
43,-58.8842,-2.00806,-135.756,25.1343,1,39
43,-58.6425,-5.69507,76.244,27.1617,1,39
43,-58.5594,-6.49413,76.0384,50.4782,1,39
43,-58.5594,-6.49413,-140.556,94.6798,1,39
43,-58.5594,-6.49413,-141.692,29.7513,1,39
43,-58.5231,-6.81342,92.3918,295.87,1,39
43,-58.5231,-6.81342,-141.274,97.7558,1,39
43,-58.3824,-7.92928,75.6761,147.216,1,39
43,-57.8633,-11.1002,75.1564,73.6512,1,39
43,-57.6409,-12.2027,74.8445,80.2597,1,39
43,-57.5735,-12.5169,74.972,27.1253,1,39
43,-56.8055,-15.6369,74.548,23.0364,1,39
43,-56.4006,-17.0396,32.5852,3443.25,1,39
43,-56.358,-17.18,-47.2916,145.039,1,39
43,-53.9011,-23.7919,-236.61,268.666,1,39
43,-53.6815,-24.2833,-237.478,366.395,1,39
43,-53.355,-24.9925,-238.103,449.182,1,39
43,-53.3868,-24.9245,-18.8687,66.4026,1,39
43,-53.1134,-25.5018,-37.677,296.608,1,39
43,-53.1553,-25.4144,-239.048,214.708,1,39
43,-53.0886,-25.5534,-6.012,35.3116,1,39
43,-52.8142,-26.1158,-239.553,439.659,1,39
43,-52.4955,-26.7508,-240.647,85.2837,1,39
43,-52.279,-27.1713,-240.203,84.6372,1,39
43,-51.6065,-28.4279,-242.229,2633.68,1,39
43,-50.6595,-30.0831,-244.452,135.663,1,39
43,-50.2013,-30.8417,-244.942,199.501,1,39
43,-50.0559,-31.077,-211.502,118.721,1,39
43,-49.5212,-31.9222,-246.418,2895.97,1,39
43,-48.6734,-33.2006,-247.931,643.338,1,39
43,-48.4826,-33.4786,-124.776,225.493,1,39
43,-48.3092,-33.7284,-248.54,23.0565,1,39
43,-48.1777,-33.9159,-125.175,198.529,1,39
43,-48.0809,-34.053,-249.043,285.254,1,39
43,-47.5388,-34.8058,-84.3014,989.663,1,39
43,-47.5135,-34.8403,-249.972,1559.47,1,39
43,-47.0356,-35.4828,-85.724,75.5394,1,39
43,-47.0128,-35.513,-250.946,178.416,1,39
43,-46.792,-35.8035,-85.3,40.0728,1,39
43,-46.792,-35.8035,-250.66,40.091,1,39
43,-46.5891,-36.067,-251.76,481.851,1,39
43,-46.1325,-36.6493,-252.421,248.062,1,39
43,-45.6195,-37.286,-253.021,670.356,1,39
43,-39.1731,-44.0096,-122.091,1013.11,1,39
43,-37.0478,-45.8131,-95.0643,2266.63,1,39
43,-36.5757,-46.1909,-68.6743,454.573,1,39
43,-31.8609,-49.5607,-134.489,764.536,1,39
43,-31.6572,-49.691,-43.5224,1116.78,1,39
43,-30.0226,-50.6954,-234.838,370.835,1,39
43,-29.8064,-50.8228,-233.276,30.1183,1,39
43,-28.3356,-51.6572,-100.457,1394.58,1,39
43,-24.5332,-53.5677,75.0542,266.694,1,39
43,-21.4456,-54.8768,-59.43,192.29,1,39
43,-19.5832,-55.5687,-223.553,985.121,1,39
43,-17.6815,-56.2027,-118.978,346.951,1,39
43,-17.6737,-56.2051,-141.492,320.555,1,39
43,-17.1297,-56.3733,65.0389,192.537,1,39
43,-15.6368,-56.8055,-227.764,23.0364,1,39
43,-12.5169,-57.5735,-103.193,965.996,1,39
43,-12.2027,-57.6409,-103.108,58.3095,1,39
43,-12.2027,-57.6409,-115.821,752.725,1,39
43,-12.2027,-57.6409,-240.029,684.71,1,39
43,-11.8881,-57.7066,-239.155,220.344,1,39
43,-7.92927,-58.3824,-173.889,167.098,1,39
43,-7.61073,-58.4248,-174.047,169.645,1,39
43,-7.29196,-58.4654,-173.916,25.0182,1,39
43,-6.8134,-58.5231,-174.137,83.7625,1,39
43,-6.8134,-58.5231,-281.627,203.222,1,39
43,-5.69505,-58.6425,-174.545,48.5237,1,39
43,-2.00804,-58.8842,-6.02646,83.7864,1,39
43,-0.883673,-58.9118,-106.261,79.8535,1,39
43,-0.401675,-58.917,-106.05,94.2188,1,39
43,0.215024,-58.918,-103.969,6193.2,1,39
43,5.3724,-58.673,39.9482,1766.32,1,39
43,8.61558,-58.2851,-112.001,241.405,1,39
43,10.6098,-57.9552,-147.51,574.163,1,39
43,11.0345,-57.8759,92.0091,602.024,1,39
43,11.852,-57.714,27.364,201.341,1,39
43,12.0263,-57.6779,-235.778,368.854,1,39
43,19.4089,-55.6298,-137.092,149.2,1,39
43,21.3035,-54.9321,-291.404,853.107,1,39
43,23.5755,-53.9961,-63.0827,1152.09,1,39
43,25.0329,-53.336,-15.3797,671.796,1,39
43,26.0989,-52.8226,-270.062,103.562,1,39
43,26.5917,-52.5762,-270.708,102.396,1,39
43,27.6046,-52.0515,-78.2589,349.223,1,39
43,36.4382,-46.2994,-78.331,58.213,1,39
43,37.1908,-45.697,-185.788,40.077,1,39
43,38.6661,-44.4557,-186.406,165.982,1,39
43,39.7483,-43.4908,-186.706,972.855,1,39
43,39.6709,-43.5614,2.74144,483.185,1,39
43,39.5644,-43.6582,-116.042,177.671,1,39
43,40.2716,-43.0067,-116.386,158.206,1,39
43,40.5884,-42.7079,-186.988,351.313,1,39
43,41.0346,-42.2793,-150.418,970.265,1,39
43,41.0176,-42.2958,-116.675,248.942,1,39
43,42.0574,-41.2621,-117.166,427.35,1,39
43,42.5757,-40.7269,-112.505,10956.1,1,39
43,42.5049,-40.8008,-121.13,95,1,39
43,42.7268,-40.5684,-117.5,415.738,1,39
43,43.1341,-40.1351,-303.712,413.501,1,39
43,46.3058,-36.43,3.46646,1569.23,1,39
43,46.9273,-35.6259,2.59318,189.342,1,39
43,49.1204,-32.5356,-103.587,378.985,1,39
43,51.6581,-28.3341,-141.378,287.992,1,39
43,51.8944,-27.8989,-148.883,9555.88,1,39
43,51.9235,-27.8448,-170.1,22,1,39
43,52.1063,-27.5011,-73.3909,672.659,1,39
43,52.447,-26.8458,-92.4702,779.009,1,39
43,53.1422,-25.4417,-79.6877,413.335,1,39
43,54.1568,-23.2038,79.4269,1399.03,1,39
43,54.2165,-23.0639,-11.0134,5553.39,1,39
43,54.2785,-22.9177,-16.7549,362,1,39
43,55.7149,-19.1632,-261.62,306.276,1,39
43,55.7856,-18.9564,-137.662,245.833,1,39
43,55.9163,-18.5672,-260.533,511.245,1,39
43,56.4452,-16.8914,-155.032,356.006,1,39
43,56.587,-16.4099,-155.684,33.2509,1,39
43,58.0197,-10.2515,-135.896,6109.56,1,39
43,58.4941,-7.05793,-9.55971,546.621,1,39
43,58.5404,-6.66335,-267.75,216.5,1,39
43,58.7733,-4.13299,-150.393,4954.94,1,39
43,58.9066,-1.17855,57.2996,493.255,1,39
43,58.9145,-0.679677,20.701,412.282,1,39
43,58.9106,0.96068,-89.7861,797.339,1,39
43,58.7011,5.05505,12.605,189.131,1,39
43,58.6404,5.717,101.081,604.246,1,39
43,58.6392,5.7292,-28.4438,788.774,1,39
43,58.3734,7.99545,19.8808,632.348,1,39
43,58.3512,8.15597,-198.084,82.9899,1,39
43,58.2924,8.56566,-29.9428,124.37,1,39
43,58.2325,8.96391,-28.4868,1062.76,1,39
43,57.4756,12.9589,-147.294,116.107,1,39
43,57.4692,12.9875,-169.689,113.964,1,39
43,57.2744,13.821,-146.85,961.327,1,39
43,57.2742,13.8218,-169.319,956.307,1,39
43,57.0936,14.5497,-146.425,289.246,1,39
43,57.0936,14.5497,-168.898,288.32,1,39
43,57.0134,14.8609,-146.544,57.6512,1,39
43,57.0134,14.8609,-169.024,59.6489,1,39
43,54.9649,21.2188,5.17175,581.725,1,39
43,53.3739,24.9521,-26.364,99.5784,1,39
43,52.7079,26.3298,-24.0588,334.404,1,39
43,52.1083,27.4974,-56.892,78.6922,1,39
43,52.08,27.5508,-221.438,1106.11,1,39
43,51.3345,28.9162,92.1083,180.434,1,39
43,46.0482,36.7552,100.412,85.182,1,39
43,41.2525,42.0667,-0.0540769,1341.26,1,39
43,41.0184,42.295,-30.0487,371.374,1,39
43,40.3912,42.8944,77.6151,167.381,1,39
43,40.0125,43.2478,77.4295,303.225,1,39
43,39.1926,43.9923,-80.0952,276.017,1,39
43,39.0917,44.0819,-21.1025,755.89,1,39
43,38.4746,44.6216,-80.0365,1689.33,1,39
43,37.257,45.6431,-79.8031,658.385,1,39
43,36.1721,46.5076,-79.549,662.717,1,39
43,31.776,49.6151,-193.541,975.625,1,39
43,24.9008,53.3978,12.957,1364.53,1,39
43,22.0414,54.6402,-36.3236,1098.5,1,39
43,18.2557,56.0188,-252.988,1073.34,1,39
43,17.3916,56.2931,-253.648,1172.33,1,39
43,16.7183,56.4967,-111.164,21.9818,1,39
43,16.5151,56.5564,-254.269,665.954,1,39
43,16.4099,56.587,-111.311,69.0937,1,39
43,16.101,56.6757,-254.652,123.41,1,39
43,15.6368,56.8055,-255.163,133.928,1,39
43,10.5014,57.975,-75.2553,3121.02,1,39
43,10.0109,58.0617,2.02289,2090.58,1,39
43,9.67679,58.1183,-91.8069,65.849,1,39
43,9.67679,58.1183,-114.275,67.924,1,39
43,8.56564,58.2924,-75.124,23.2205,1,39
43,8.17587,58.3484,-126.173,835.604,1,39
43,8.17728,58.3482,-148.645,829.019,1,39
43,8.00102,58.3726,-74.9189,655.609,1,39
43,8.12486,58.3555,-90.8973,131.972,1,39
43,8.12495,58.3555,-113.366,132.003,1,39
43,0.73559,58.9138,11.105,1018.62,1,39
43,-2.80858,58.8514,-178.379,679.901,1,39
43,-4.78015,58.7242,-182.559,331.137,1,39
43,-6.9184,58.5108,-219.089,801.892,1,39
43,-12.6293,57.5489,-165.655,2290.86,1,39
43,-14.2693,57.1644,-140.766,135.671,1,39
43,-14.2381,57.1722,-165.436,33.1099,1,39
43,-14.5497,57.0936,-165.436,39.2916,1,39
43,-14.8609,57.0134,-141.13,233.269,1,39
43,-14.8609,57.0134,-165.436,58.3496,1,39
43,-15.6369,56.8055,-165.223,71.5524,1,39
43,-15.9464,56.7194,-165.215,76.7968,1,39
43,-22.8497,54.3072,-12.4359,652.891,1,39
43,-23.5899,53.9898,-176.778,5320.59,1,39
43,-23.6556,53.961,-185.077,759,1,39
43,-34.3909,47.8398,-27.809,1818.44,1,39
43,-34.6308,47.6664,-101.175,861.938,1,39
43,-34.7405,47.5865,-16.2886,481.786,1,39
43,-39.6267,43.6017,-197.115,77.4348,1,39
43,-40.1182,43.1498,-139.808,288.948,1,39
43,-43.9672,39.2207,-68.4353,549.146,1,39
43,-44.3014,38.8428,-142.11,197.363,1,39
43,-44.3501,38.7872,-69.188,36.0546,1,39
43,-44.8638,38.1919,-62.2149,787.892,1,39
43,-47.813,34.4281,-146.83,428.817,1,39
43,-49.6481,31.7246,-99.5427,102.799,1,39
43,-50.1752,30.8841,-295.595,1056.18,1,39
43,-51.011,29.4832,-279.901,499.702,1,39
43,-51.5153,28.5928,63.7321,448.966,1,39
43,-53.7516,24.1276,-160.927,2343.06,1,39
43,-54.5654,22.226,-134.603,76.9702,1,39
43,-55.6191,19.4395,-139.148,133.605,1,39
43,-56.453,16.8651,-68.4155,475.578,1,39
43,-57.0135,14.8608,66.7169,84.9908,1,39
43,-57.783,11.5108,-192.038,1732.24,1,39
43,-57.9206,10.7975,-89.7936,1211.64,1,39
43,-58.5452,6.62138,-7.81533,580.368,1,39
43,-58.8842,2.00804,77.718,77.7765,1,39
43,-58.9118,0.883671,77.3449,63.8026,1,39
43,-58.9118,0.88367,-87.42,35.3214,1,39
43,-58.917,0.401666,77.092,28.3802,1,39
43,-60.0151,-0.081843,140.382,232.555,0,40
43,-59.9745,-2.20899,-26.216,276.425,0,40
43,-59.9616,-2.53608,-25.4876,140.164,0,40
43,-59.8967,-3.76971,288.804,210.825,0,40
43,-59.834,-4.6598,284.58,29.0728,0,40
43,-59.7342,-5.80108,186.386,173.31,0,40
43,-59.6824,-6.3113,185.856,504.246,0,40
43,-58.8444,-11.7964,-92.5556,1210.58,0,40
43,-58.6103,-12.9098,127.596,93.4187,0,40
43,-57.3272,-17.7599,216.549,223.905,0,40
43,-57.0473,-18.6393,150.303,113.223,0,40
43,-52.9877,-28.1803,40.2574,94.6855,0,40
43,-51.2309,-31.2605,-21.8618,184.578,0,40
43,-50.4216,-32.5497,-65.0532,462.476,0,40
43,-49.745,-33.5746,-31.3502,1289.32,0,40
43,-49.7251,-33.6042,72.6135,406.89,0,40
43,-48.6398,-35.1568,-87.692,25.1092,0,40
43,-48.2397,-35.7038,-87.7168,718.72,0,40
43,-47.1214,-37.1672,-16.7077,2184.5,0,40
43,-47.0026,-37.3173,76.9998,800.41,0,40
43,-46.5147,-37.9237,135.756,69.4691,0,40
43,-38.3484,-46.1652,94.2954,2315.99,0,40
43,-36.8811,-47.3456,264.069,948.229,0,40
43,-31.8893,-50.8419,220.017,529.218,0,40
43,-31.2877,-51.2143,-18.0937,188.464,0,40
43,-29.4284,-52.3048,-17.3757,485.373,0,40
43,-26.9839,-53.6069,175.358,3346.37,0,40
43,-25.2478,-54.4461,30.2688,319.613,0,40
43,-24.2944,-54.8781,-77.4239,3919.61,0,40
43,-24.2174,-54.9121,284.469,270.777,0,40
43,-22.9387,-55.4585,19.0135,658.081,0,40
43,-21.7703,-55.9274,-28.839,499.764,0,40
43,-20.1385,-56.5355,109.98,3032.02,0,40
43,-20.1412,-56.5346,132.45,3019.83,0,40
43,-17.9122,-57.2798,146.707,152.108,0,40
43,-17.3729,-57.4457,146.782,148.216,0,40
43,-15.1375,-58.0748,146.356,43.0749,0,40
43,-14.6619,-58.1967,146.356,40.3438,0,40
43,-14.3442,-58.2758,146.356,35.1435,0,40
43,-13.188,-58.5483,63.3939,347.547,0,40
43,-13.3059,-58.5216,176.165,179.855,0,40
43,-12.8418,-58.6252,176.19,234.859,0,40
43,-11.9491,-58.8136,176.178,81.3526,0,40
43,-11.6281,-58.8779,176.036,33.2002,0,40
43,-10.2526,-59.133,175.885,603.038,0,40
43,-10.2411,-59.135,294.94,488.826,0,40
43,-9.06839,-59.3261,286.222,291.349,0,40
43,-9.04882,-59.3291,175.839,195.725,0,40
43,6.4809,-59.6642,6.24885,804.656,0,40
43,9.95847,-59.1832,53.9661,2548.45,0,40
43,9.84092,-59.2029,86.7947,1698.28,0,40
43,9.82073,-59.2062,109.245,1590.84,0,40
43,10.1797,-59.1456,109.769,82.4471,0,40
43,11.0235,-58.9941,167.719,229.823,0,40
43,13.7335,-58.4227,23.5596,109.485,0,40
43,14.3792,-58.2672,23.1168,206.922,0,40
43,17.7358,-57.3347,3.044,55.7566,0,40
43,19.0674,-56.9057,271.358,998.118,0,40
43,19.707,-56.6874,305.735,245.835,0,40
43,19.7467,-56.6735,-70.9402,224.38,0,40
43,22.2847,-55.7245,-68.8221,42.4166,0,40
43,29.0816,-52.4984,126.852,28.1294,0,40
43,29.536,-52.2441,167.208,8754.23,0,40
43,32.181,-50.6578,82.9139,1083.83,0,40
43,34.5613,-49.0647,-35.9513,842.026,0,40
43,45.2276,-39.4499,49.26,52.2346,0,40
43,48.0049,-36.0188,178.394,182.525,0,40
43,48.0047,-36.0191,200.867,185.549,0,40
43,48.8604,-34.8495,143.82,323.699,0,40
43,49.1146,-34.4903,143.633,66.5781,0,40
43,49.3459,-34.1586,125.637,290.607,0,40
43,49.8459,-33.4247,225.942,333.576,0,40
43,52.0748,-29.8335,78.8079,1004.66,0,40
43,52.2511,-29.5237,108.516,285.215,0,40
43,52.832,-28.4712,57.9777,653.431,0,40
43,53.6011,-26.9954,58.1304,728.832,0,40
43,53.7087,-26.7806,5.27452,339.223,0,40
43,55.3507,-23.1974,284.648,192.171,0,40
43,56.2187,-21.0067,102.601,1130.29,0,40
43,56.3389,-20.6823,-7.22913,766.242,0,40
43,56.7687,-19.4715,143.927,761.379,0,40
43,57.448,-17.3653,-49.0275,417.171,0,40
43,58.7786,-12.12,130.912,247.843,0,40
43,58.9665,-11.1703,130.795,390.029,0,40
43,59.1503,-10.1519,130.668,143.726,0,40
43,59.3536,-8.88699,53.5,23.0203,0,40
43,59.4012,-8.56313,53.5,32.3277,0,40
43,59.5333,-7.59008,167.132,21.0182,0,40
43,59.6365,-6.73179,167.286,903.992,0,40
43,59.7796,-5.31242,167.132,94.7261,0,40
43,59.8586,-4.33337,166.968,54.3823,0,40
43,59.9105,-3.54287,174.697,486.649,0,40
43,59.9329,-3.14255,-59.2339,227.605,0,40
43,59.9388,-3.02653,275.676,24.3459,0,40
43,59.9693,2.34551,263.815,189.22,0,40
43,59.951,2.77489,263.119,450.557,0,40
43,58.6228,12.8526,-80.4688,562.202,0,40
43,56.6916,19.695,232.001,206.708,0,40
43,56.4856,20.278,118.26,346.794,0,40
43,56.2561,20.9063,94.0258,1469.45,0,40
43,55.7987,22.0983,161.716,755.045,0,40
43,55.8264,22.0281,279.947,324.185,0,40
43,55.4154,23.0424,145.747,50.4691,0,40
43,53.0062,28.1455,50.4961,709.035,0,40
43,52.7346,28.6512,50.6952,82.9284,0,40
43,52.3999,29.2587,50.9547,289.016,0,40
43,52.3571,29.3353,132.531,320.387,0,40
43,49.9646,33.247,105.076,1801.18,0,40
43,49.3501,34.1525,37.3268,3688.61,0,40
43,49.3951,34.0873,46.52,1049,0,40
43,48.4423,35.4283,114.27,325.426,0,40
43,48.3002,35.6219,140.929,149.188,0,40
43,46.0917,38.4366,122.756,2434.86,0,40
43,41.306,43.539,16.3833,231.94,0,40
43,40.808,44.006,-14.5466,828.292,0,40
43,39.3869,45.2824,-71.9065,222.645,0,40
43,38.092,46.377,253.082,2787.75,0,40
43,37.4182,46.9223,-68.1082,591.799,0,40
43,36.2931,47.7979,-68.0363,867.917,0,40
43,36.4472,47.6804,-80.7187,254.903,0,40
43,35.0875,48.6897,-67.9556,489.229,0,40
43,33.2144,49.9863,55.0752,904.434,0,40
43,32.8459,50.2292,80.3344,401.135,0,40
43,32.3151,50.5723,142.116,23.1092,0,40
43,31.213,51.2599,149.399,1881.83,0,40
43,30.7583,51.534,9.40594,150.523,0,40
43,30.0784,51.9337,-97.444,28.2408,0,40
43,27.0692,53.5638,156.28,934.27,0,40
43,25.8111,54.1813,-45.2329,7618.51,0,40
43,25.8815,54.1477,-35.3311,1382,0,40
43,25.8815,54.1477,-25.364,22,0,40
43,25.0816,54.5228,265.275,109.227,0,40
43,24.4353,54.8155,165.572,194.574,0,40
43,23.946,55.031,165.436,35.0707,0,40
43,17.5271,57.3988,254.284,756.306,0,40
43,13.5483,58.466,-19.3949,215.909,0,40
43,13.2292,58.539,-19.852,26.1638,0,40
43,11.9491,58.8136,166.51,53.4551,0,40
43,11.094,58.9809,166.514,684.625,0,40
43,10.5021,59.0892,145.932,28.2731,0,40
43,9.08715,59.3232,245.477,460.164,0,40
43,7.76629,59.5106,-66.0605,234.994,0,40
43,6.55879,59.6557,-65.9661,721.21,0,40
43,6.17058,59.6971,42.9707,8453.56,0,40
43,5.14261,59.7945,-65.8924,181.239,0,40
43,4.53433,59.8437,98.9777,1661.75,0,40
43,5.08744,59.7992,277.408,1444.03,0,40
43,4.33337,59.8586,-65.9107,66.8675,0,40
43,-0.0818442,60.0151,-8.19009,48.4369,0,40
43,-0.409171,60.0138,-8.22863,169.111,0,40
43,-0.409174,60.0138,167.733,101.288,0,40
43,-0.409171,60.0138,190.209,103.382,0,40
43,-1.39105,59.9991,-7.98,29.1617,0,40
43,-1.71827,59.9906,-7.556,36.3459,0,40
43,-16.0783,57.8214,-71.4669,127.029,0,40
43,-16.352,57.7446,277.461,403.552,0,40
43,-20.1286,56.539,-101.074,745.846,0,40
43,-21.8882,55.8814,-12.1241,290.378,0,40
43,-28.3531,52.8954,225.16,1268.55,0,40
43,-28.5826,52.7718,-98.1269,347.355,0,40
43,-31.4834,51.0942,1.63555,388.365,0,40
43,-39.753,44.9613,-2.35947,793.309,0,40
43,-44.1957,40.6025,49.7252,2965.22,0,40
43,-44.8343,39.8963,189.521,266.902,0,40
43,-45.5843,39.0371,-39.9587,851.45,0,40
43,-45.6159,39.0002,125.9,594.348,0,40
43,-46.7934,37.5792,29.0368,1086.73,0,40
43,-47.284,36.96,163.561,230.071,0,40
43,-48.1044,35.8858,198.013,243.41,0,40
43,-48.3505,35.5535,163.535,43.4166,0,40
43,-49.7408,33.5808,145.658,473.321,0,40
43,-49.764,33.5465,241.191,204.077,0,40
43,-52.4167,29.2286,55.5439,144.839,0,40
43,-56.5345,20.1414,23.82,24.0364,0,40
43,-56.873,19.1647,24.043,835.952,0,40
43,-57.5383,17.0637,-3.01098,469.949,0,40
43,-59.9745,2.20898,-12.2493,1339.74,0,40
43,-59.5934,-7.1028,93.0106,235.784,1,40
43,-53.9341,-26.3236,-5.37289,85.324,1,40
43,-53.7897,-26.6174,-4.91727,137.697,1,40
43,-53.2719,-27.6393,-19.8182,77.6876,1,40
43,-39.6432,-45.0582,-120.413,911.267,1,40
43,-37.9852,-46.4645,-93.517,169.822,1,40
43,-37.4663,-46.8839,-66.5685,810.276,1,40
43,-32.5047,-50.4506,-42.0873,548.815,1,40
43,-32.3192,-50.5697,-134.335,272.782,1,40
43,-30.059,-51.945,-232.126,168.238,1,40
43,-28.6511,-52.7346,-98.9025,157.062,1,40
43,-24.8953,-54.6081,75.3136,140.957,1,40
43,-22.0263,-55.8271,-59.2316,625.277,1,40
43,-19.4651,-56.7709,-222.035,312.085,1,40
43,-19.0586,-56.9086,-221.828,21.2567,1,40
43,-18.3287,-57.1479,66.2155,811.961,1,40
43,-12.8584,-58.6216,-115.763,756.864,1,40
43,-12.4159,-58.7169,-101.995,630.981,1,40
43,-12.0538,-58.7923,-238.148,972.451,1,40
43,-6.36446,-59.6768,-280.983,136.407,1,40
43,-2.54711,-59.9611,-175.188,151.509,1,40
43,-1.77152,-59.989,-162.742,643.06,1,40
43,-1.80003,-59.9882,-175.417,113.462,1,40
43,-0.987925,-60.0071,-175.622,388.959,1,40
43,-0.330699,-60.0143,-104.24,4909.75,1,40
43,-0.245492,-60.0147,-175.612,26.0364,1,40
43,0.0818422,-60.0151,-175.808,68.6736,1,40
43,1.71827,-59.9906,-176.25,42.4509,1,40
43,7.91469,-59.491,-109.468,53.3806,1,40
43,12.1094,-58.7808,91.1316,173.445,1,40
43,12.1094,-58.7808,27.5345,261.153,1,40
43,12.4298,-58.7139,-234.5,132.824,1,40
43,19.2246,-56.8528,-136.383,219.355,1,40
43,21.7687,-55.9281,-291.106,237.441,1,40
43,22.2049,-55.7563,-62.3272,383.875,1,40
43,22.8609,-55.4906,-62.4362,610.69,1,40
43,25.5694,-54.2958,-15.1272,189.468,1,40
43,27.5312,-53.3278,-271.384,615.394,1,40
43,28.5429,-52.7933,-39.3451,718.854,1,40
43,31.0849,-51.3376,-183.831,330.792,1,40
43,32.2414,-50.6193,-184.179,572.531,1,40
43,33.3964,-49.8648,-184.505,222.172,1,40
43,34.2415,-49.2884,-184.798,471.294,1,40
43,35.0171,-48.7404,-113.782,250.96,1,40
43,35.0192,-48.7389,-185.008,198.319,1,40
43,35.7205,-48.2272,-114.075,721.35,1,40
43,35.7652,-48.1941,-185.266,537.538,1,40
43,36.1965,-47.8711,-114.262,220.504,1,40
43,36.5504,-47.6014,-185.528,242.179,1,40
43,36.7639,-47.4367,-114.472,327.823,1,40
43,37.4787,-46.874,-76.2572,860.816,1,40
43,37.4794,-46.8734,-114.788,298.629,1,40
43,38.2366,-46.2578,-115.132,450.88,1,40
43,38.9069,-45.6954,-115.438,409.851,1,40
43,39.6323,-45.0678,-115.674,134.892,1,40
43,41.9132,-42.9547,-149.943,66.724,1,40
43,42.9098,-41.9591,-113.743,6101.99,1,40
43,44.1877,-40.6113,-303.12,538.91,1,40
43,47.1367,-37.1478,4.25526,577.537,1,40
43,47.8938,-36.1664,3.80244,432.82,1,40
43,49.6964,-33.6466,-102.805,115.417,1,40
43,52.5025,-29.0742,-140.08,2199.6,1,40
43,52.7292,-28.6611,-147.27,4228.7,1,40
43,52.8714,-28.3979,-71.8153,915.137,1,40
43,53.3262,-27.5343,-91.8814,565.487,1,40
43,54.2097,-25.7514,-79.2699,243.393,1,40
43,54.6596,-24.7821,79.9607,312.019,1,40
43,54.8996,-24.2458,79.9207,76.0657,1,40
43,56.7634,-19.4869,-136.748,1299.64,1,40
43,57.354,-17.6732,-154.204,535.285,1,40
43,59.0456,-10.7443,-139.008,9936.11,1,40
43,59.5542,-7.42471,-267.62,176.692,1,40
43,59.6202,-6.8744,-8.31261,317.954,1,40
43,59.8292,-4.72175,-151.183,4334.88,1,40
43,60.0093,-0.844818,58.1535,86.9424,1,40
43,60.015,-0.141297,22.8747,604.856,1,40
43,59.9943,1.58401,-90.4487,957.984,1,40
43,59.7939,5.14915,101.26,39.0931,1,40
43,59.6805,6.32974,-27.3018,206.619,1,40
43,59.5328,7.59425,20.8135,435.63,1,40
43,59.4243,8.40113,-197.891,97.1373,1,40
43,59.3629,8.82412,-197.837,206.24,1,40
43,59.2556,9.51802,-27.1928,993.808,1,40
43,58.0748,15.1375,-145.508,23.0728,1,40
43,58.0748,15.1375,-167.98,23.055,1,40
43,57.7841,16.2116,-145.421,337.095,1,40
43,57.7841,16.212,-167.892,340.155,1,40
43,56.1902,21.0828,7.00462,230.202,1,40
43,54.1539,25.8685,-26.0893,235.212,1,40
43,53.824,26.548,-22.4517,901.948,1,40
43,53.1871,27.8022,-219.362,423.373,1,40
43,52.437,29.1922,92.8252,342.982,1,40
43,47.0287,37.2844,100.412,222.109,1,40
43,41.7371,43.1259,1.52767,856.855,1,40
43,40.5776,44.2185,78.4608,267.574,1,40
43,39.5092,45.1757,-20.2668,128.922,1,40
43,35.9098,48.0865,-79.364,240.797,1,40
43,35.1088,48.6744,-79.2637,105.692,1,40
43,34.459,49.1366,-79.1182,329.892,1,40
43,33.4942,49.7992,-78.9552,352.244,1,40
43,32.2449,50.6171,-78.7265,620.691,1,40
43,32.6779,50.3386,-192.984,471.586,1,40
43,31.1463,51.3004,-78.516,87.3298,1,40
43,25.5785,54.2915,14.768,615.122,1,40
43,21.8362,55.9017,-34.3382,589.117,1,40
43,21.2114,56.1418,-250.96,2365.46,1,40
43,19.7754,56.6635,-252.041,4069.22,1,40
43,18.787,56.9989,-76.5225,611.881,1,40
43,17.3746,57.4452,-76.3513,209.978,1,40
43,17.2313,57.4883,-111.237,186.692,1,40
43,16.4924,57.7046,-36.8685,562.471,1,40
43,16.7154,57.6404,-75.972,21.1779,1,40
43,16.4008,57.7307,-76.1737,51.5298,1,40
43,14.3693,58.2696,-75.8366,3731.43,1,40
43,13.1825,58.5495,-75.6523,351.274,1,40
43,12.9167,58.6087,-260.056,2452.94,1,40
43,12.2697,58.7476,-75.723,64.829,1,40
43,10.6389,59.0647,-92.9532,1225.37,1,40
43,10.6508,59.0626,-115.453,1231.02,1,40
43,9.89638,59.1936,4.14765,1154.18,1,40
43,8.7784,59.3697,-124.796,215.575,1,40
43,8.77713,59.3699,-147.258,217.55,1,40
43,-1.39105,59.9991,-121.794,186.952,1,40
43,-4.98607,59.8077,-182.192,70.6876,1,40
43,-7.50654,59.5439,-218.95,329.89,1,40
43,-14.8205,58.1565,-24.8778,51.6832,1,40
43,-15.1375,58.0748,-24.718,285.524,1,40
43,-15.9279,57.863,-142.053,138.06,1,40
43,-23.4042,55.2636,-178.354,5624.26,1,40
43,-23.3724,55.2771,-12.2156,130.248,1,40
43,-23.3443,55.2889,-184.336,457,1,40
43,-34.3642,49.2029,-25.3766,1093.23,1,40
43,-34.7577,48.9257,-25.94,24.0889,1,40
43,-36.7482,47.4488,15.6399,485.677,1,40
43,-40.568,44.2274,-197.066,688.185,1,40
43,-41.049,43.7813,-139.398,151.266,1,40
43,-45.3562,39.3019,-140.253,572.161,1,40
43,-45.8006,38.7831,-62.1716,462.155,1,40
43,-48.5437,35.2893,-146.356,50.2934,1,40
43,-50.5035,32.4226,-99.0461,513.23,1,40
43,-51.226,31.2685,-295.18,50.1496,1,40
43,-52.6955,28.723,64.389,344.674,1,40
43,-54.7649,24.5486,-160.71,493.169,1,40
43,-55.6357,22.5053,-134.02,333.464,1,40
43,-56.287,20.8231,-138.724,58.18,1,40
43,-56.4793,20.2955,-139.148,22.3277,1,40
43,-58.1336,14.9102,66.8057,211.679,1,40
43,-59.2463,9.57596,-88.2184,597.314,1,40
43,-59.3435,8.95373,-87.4827,223.907,1,40
43,-59.447,8.23902,-86.996,25.4339,1,40
43,-59.4978,7.86342,-85.9076,111.651,1,40
43,-59.6141,6.92742,-6.53029,292.673,1,40
43,-61.0951,-1.41645,-28.1054,98.9747,0,41
43,-61.0815,-1.91623,-27.407,186.867,0,41
43,-60.9784,-4.03163,288.623,193.75,0,41
43,-60.9561,-4.35498,284.39,174.454,0,41
43,-58.5996,-17.3406,214.62,33.3419,0,41
43,-58.4827,-17.7312,214.744,476.938,0,41
43,-58.0006,-19.2497,150.691,158.814,0,41
43,-54.4025,-27.8386,39.7906,670.931,0,41
43,-54.168,-28.292,40.0729,175.62,0,41
43,-51.8579,-32.3322,-65.0857,240.631,0,41
43,-50.5797,-34.2974,-31.5676,73.1119,0,41
43,-50.3545,-34.6271,70.9851,305.091,0,41
43,-50.1543,-34.9165,70.2512,71.4148,0,41
43,-48.784,-36.8067,-88.1479,610.102,0,41
43,-48.0501,-37.7598,-17.0709,1020.81,0,41
43,-47.6999,-38.2012,135.541,227.196,0,41
43,-46.5257,-39.6229,75.6716,910.817,0,41
43,-39.2094,-46.8747,93.1435,1202.55,0,41
43,-37.7207,-48.0808,263.026,1001.75,0,41
43,-32.9061,-51.4957,218.264,1361.58,0,41
43,-31.7742,-52.2017,-18.156,39.3438,0,41
43,-29.4861,-53.5274,-19.0864,645.051,0,41
43,-28.1432,-54.2455,175.561,1373.47,0,41
43,-25.833,-55.383,29.7448,2333.98,0,41
43,-25.0597,-55.7371,-77.6987,1185.39,0,41
43,-24.3291,-56.0599,283.523,439.024,0,41
43,-23.4633,-56.4277,17.631,53.9943,0,41
43,-21.6045,-57.1652,116.596,405,0,41
43,-20.7352,-57.4862,-28.2156,415.498,0,41
43,-13.7399,-59.5469,63.2865,501.388,0,41
43,-13.9581,-59.4961,146.146,56.4754,0,41
43,-13.5523,-59.5899,146.356,56.4572,0,41
43,-13.1456,-59.6809,146.058,81.1749,0,41
43,-12.6569,-59.7864,146.113,57.5704,0,41
43,-11.9707,-59.9276,145.895,366.691,0,41
43,-10.5197,-60.1993,145.799,1568.76,0,41
43,-9.96998,-60.2927,295.101,298.29,0,41
43,-9.77483,-60.3247,145.692,176.992,0,41
43,-9.69044,-60.3383,286.031,215.063,0,41
43,-9.21412,-60.4129,145.932,24.2892,0,41
43,-7.48338,-60.6516,175.714,1656,0,41
43,-6.37401,-60.7782,175.591,213.416,0,41
43,-5.38207,-60.874,175.556,455.099,0,41
43,6.96632,-60.7131,5.01738,423.792,0,41
43,11.892,-59.9433,25.2772,2006.35,0,41
43,11.5075,-60.0183,166.912,287.958,0,41
43,12.9261,-59.7288,24.4917,693.273,0,41
43,12.8199,-59.7517,54.1009,130.591,0,41
43,13.4167,-59.6205,54.2259,257.223,0,41
43,19.5534,-57.8989,-71.6879,609.47,0,41
43,19.366,-57.9618,270.629,264.736,0,41
43,20.5733,-57.5444,304.958,528.766,0,41
43,29.1981,-53.6851,167.1,12980.6,0,41
43,29.3964,-53.5768,126.289,137.106,0,41
43,32.6799,-51.6395,83.019,1665.02,0,41
43,35.0108,-50.0885,-37.3799,880.156,0,41
43,45.9451,-40.2947,48.7245,244.384,0,41
43,47.816,-38.0558,243.71,71.5519,0,41
43,49.1628,-36.2992,89.7315,1306.49,0,41
43,48.9532,-36.5814,178.213,167.256,0,41
43,48.9703,-36.5585,200.696,148.177,0,41
43,50.1032,-34.9898,123.948,414.939,0,41
43,50.2058,-34.8424,143.386,201.022,0,41
43,50.8989,-33.8219,224.505,548.045,0,41
43,53.0619,-30.3159,107.695,408.819,0,41
43,54.4464,-27.7525,4.80005,1405.79,0,41
43,56.727,-22.7301,284.37,310.181,0,41
43,57.0927,-21.7955,101.904,278.334,0,41
43,57.4203,-20.917,-8.54131,641.212,0,41
43,57.7875,-19.8802,142.879,466.112,0,41
43,58.5996,-17.3406,-50.1077,92.769,0,41
43,58.6622,-17.1279,-51.0319,177.038,0,41
43,59.2299,-15.0478,131.498,360.096,0,41
43,59.6809,-13.1456,131.092,36.091,0,41
43,59.9058,-12.0794,167.556,39.1274,0,41
43,60.1132,-11.0009,167.582,311.603,0,41
43,60.3003,-9.92406,167.606,367.511,0,41
43,60.3544,-9.58954,52.5201,119.068,0,41
43,60.4378,-9.04933,52.8135,100.33,0,41
43,60.4378,-9.04933,167.387,117.959,0,41
43,61.0535,-2.66169,275.167,1426.32,0,41
43,61.0578,-2.56169,174.567,275.467,0,41
43,61.0643,2.40191,263.122,967.492,0,41
43,61.0324,3.10919,263.229,227.64,0,41
43,59.8192,12.5011,-80.9754,2529.89,0,41
43,57.8415,19.7225,231.58,22.8297,0,41
43,57.7174,20.0827,93.0648,95.0251,0,41
43,57.4972,20.7047,93.4696,215.122,0,41
43,57.483,20.7441,117.473,642.184,0,41
43,56.8108,22.52,161.662,610.424,0,41
43,56.7421,22.6925,279.624,614.378,0,41
43,56.4447,23.4224,145.681,209.463,0,41
43,54.8597,26.9264,49.8118,583.45,0,41
43,54.513,27.6214,50.108,59.1458,0,41
43,53.2139,30.0483,132.374,461,0,41
43,50.9001,33.82,104.852,2367.2,0,41
43,50.2974,34.71,-68.188,25.0203,0,41
43,50.2974,34.71,113.865,66.9019,0,41
43,50.0252,35.1011,-67.9905,849.846,0,41
43,49.994,35.1456,36.4998,598.472,0,41
43,49.9781,35.1683,113.892,362.693,0,41
43,49.5596,35.7555,-68.112,118.686,0,41
43,49.5711,35.7396,113.893,211.372,0,41
43,49.5282,35.799,139.387,50.44,0,41
43,49.3323,36.0686,-68.188,22.0042,0,41
43,49.2775,36.1434,139.987,640.496,0,41
43,42.9213,43.5014,186.954,132.181,0,41
43,42.002,44.3897,16.188,79.5805,0,41
43,41.3907,44.9603,-15.4693,112.086,0,41
43,40.1869,46.0394,-71.9835,308.914,0,41
43,38.7449,47.2594,253.186,7689.29,0,41
43,36.6761,48.8823,-81.4009,922.951,0,41
43,34.1342,50.69,-67.8256,2290.86,0,41
43,33.9854,50.7898,53.7161,680.028,0,41
43,33.5453,51.0816,80.5019,1906.82,0,41
43,32.7649,51.5856,-67.764,26.1477,0,41
43,32.7387,51.6022,141.525,147.797,0,41
43,31.809,52.1805,-67.6846,440.721,0,41
43,31.5043,52.365,149.47,1601.01,0,41
43,31.4753,52.3825,8.21396,754.604,0,41
43,30.9958,52.6676,-67.5603,123.337,0,41
43,30.4147,53.0053,-98.1089,616.634,0,41
43,27.263,54.6932,-44.8275,8509.84,0,41
43,27.4689,54.5901,156.307,552.986,0,41
43,27.2529,54.6982,-39.5823,296,0,41
43,25.9357,55.335,264.663,574.696,0,41
43,24.6141,55.9353,165.603,502.87,0,41
43,17.9117,58.4276,253.577,416.636,0,41
43,11.9649,59.9288,-66.3378,1831.6,0,41
43,10.5457,60.1947,145.702,201.396,0,41
43,9.58108,60.3558,-66.183,1526.69,0,41
43,10.2013,60.254,166.284,24.0592,0,41
43,9.50626,60.3676,166.419,636.742,0,41
43,8.91178,60.4582,244.876,164.133,0,41
43,8.88447,60.4622,166.437,86.1768,0,41
43,8.45845,60.5233,-66.0734,313.205,0,41
43,8.55457,60.5098,166.284,21.0546,0,41
43,8.52375,60.5141,244.278,511.29,0,41
43,6.76417,60.736,42.1114,5919.33,0,41
43,6.16811,60.7994,96.9107,172.414,0,41
43,5.74114,60.8412,97.7626,71.2874,0,41
43,4.28176,60.9613,276.557,3573.98,0,41
43,-0.2582,61.111,167.364,806.958,0,41
43,-0.258843,61.111,189.832,812.971,0,41
43,-2.39228,61.0647,-7.42148,1079.63,0,41
43,-2.79832,61.0474,153.533,960.66,0,41
43,-3.0273,61.0365,17.8495,1276.93,0,41
43,-3.58105,61.0065,-7.34603,53.5602,0,41
43,-5.30494,60.8808,137.028,59.4187,0,41
43,-8.87473,60.4637,-50.8849,376.03,0,41
43,-13.4978,59.6022,-71.3298,129.414,0,41
43,-14.0478,59.475,-71.3314,196.058,0,41
43,-14.1203,59.4578,-92.356,3.25857,0,41
43,-14.6818,59.3217,-71.3486,246.552,0,41
43,-20.6292,57.5243,-101.731,847.467,0,41
43,-22.4845,56.8248,-13.0937,252.002,0,41
43,-28.763,53.9194,-99.7857,285.118,0,41
43,-29.0281,53.7772,225.174,209.624,0,41
43,-32.0531,52.0309,-0.32447,3419.17,0,41
43,-35.9282,49.4346,89.3623,768.091,0,41
43,-39.9372,46.2562,-4.00359,413.611,0,41
43,-45.4036,40.9039,-42.4272,448.182,0,41
43,-45.5001,40.7965,47.2117,871.403,0,41
43,-45.7809,40.4812,-42.116,70.7205,0,41
43,-46.0156,40.2141,-41.2235,252.561,0,41
43,-46.1678,40.0394,125.756,457.25,0,41
43,-47.0423,39.0082,163.617,330.439,0,41
43,-47.6052,38.3192,163.595,695.017,0,41
43,-48.5835,37.071,26.788,75.3823,0,41
43,-50.467,34.4631,239.819,189.462,0,41
43,-50.773,34.0105,144.223,252.731,0,41
43,-53.2227,30.0326,55.4245,273.337,0,41
43,-56.8202,22.4963,22.8245,158.232,0,41
43,-57.1446,21.659,23.1586,986.736,0,41
43,-57.4944,20.7127,23.5731,606.421,0,41
43,-58.7654,16.7702,-3.64216,513.41,0,41
43,-60.2695,10.1093,146.356,50,0,41
43,-61.0738,2.14624,-13.3135,178.081,0,41
43,-61.0864,1.74963,-14.0801,59.3844,0,41
43,-60.6621,-7.39799,93.628,31.18,1,41
43,-59.9209,-12.004,-118.327,249.434,1,41
43,-58.595,-17.3563,31.4116,4077.38,1,41
43,-56.6178,-23.0009,-16.188,26.1982,1,41
43,-56.4224,-23.476,-16.5255,191.214,1,41
43,-55.3743,-25.8515,-36.7077,177.616,1,41
43,-54.7453,-27.1582,-4.28904,554.995,1,41
43,-53.8895,-28.8191,-20.2264,322.026,1,41
43,-53.567,-29.4142,-20.4589,362.023,1,41
43,-51.3662,-33.1079,-79.1868,1549.23,1,41
43,-51.7672,-32.4772,-208.387,645.39,1,41
43,-50.833,-33.9209,-123.316,1102.28,1,41
43,-49.112,-36.368,78.2775,2089.07,1,41
43,-47.9561,-37.8791,-97.4372,253.798,1,41
43,-40.1082,-46.108,-118.845,1134.12,1,41
43,-38.897,-47.1343,-92.2196,1779.15,1,41
43,-38.9445,-47.095,-199.581,207.398,1,41
43,-33.4866,-51.1201,-40.0799,227.945,1,41
43,-32.8343,-51.5415,-134.294,1524.68,1,41
43,-30.3693,-53.0313,-230.658,388.378,1,41
43,-28.9436,-53.8227,-97.8366,959.215,1,41
43,-24.9932,-55.767,75.568,93.7261,1,41
43,-22.7345,-56.7253,-58.9533,1158.11,1,41
43,-19.2282,-58.0077,67.299,873.793,1,41
43,-19.1596,-58.0304,-220.295,570.766,1,41
43,-18.6659,-58.1911,-116.91,668.871,1,41
43,-18.666,-58.191,-139.38,666.84,1,41
43,-18.2971,-58.3081,-115.828,1,1,41
43,-15.3114,-59.1623,-228.819,202.996,1,41
43,-13.3083,-59.6448,-115.713,205.764,1,41
43,-6.40445,-60.775,-280.27,501.445,1,41
43,-1.91622,-61.0815,-104.849,243.606,1,41
43,-1.91622,-61.0815,-162.487,134.284,1,41
43,-1.41644,-61.0951,-105.14,237.094,1,41
43,4.59568,-60.9385,-101.677,218.746,1,41
43,5.11767,-60.8968,42.6609,464.587,1,41
43,5.29685,-60.8815,-101.962,226.538,1,41
43,5.40923,-60.8716,-177.097,152.486,1,41
43,5.78511,-60.8371,-177.197,121.872,1,41
43,6.26863,-60.7891,-102.3,247.578,1,41
43,6.64486,-60.7492,-177.476,201.129,1,41
43,7.13629,-60.6934,-102.643,258.127,1,41
43,7.398,-60.6621,-177.571,60.4873,1,41
43,7.89608,-60.5992,-108.128,766.815,1,41
43,7.82646,-60.6083,-177.697,253.038,1,41
43,8.06474,-60.577,-102.983,379.075,1,41
43,8.30789,-60.5442,88.3458,96.2251,1,41
43,8.32234,-60.5422,-177.732,54.0931,1,41
43,8.8177,-60.472,88.116,79.3013,1,41
43,9.59083,-60.3542,-103.619,2907.59,1,41
43,8.8845,-60.4622,-177.923,90.9445,1,41
43,9.49815,-60.3689,-178.081,333.177,1,41
43,10.4177,-60.217,-178.395,270.633,1,41
43,11.4228,-60.0344,-178.574,866.699,1,41
43,11.4629,-60.0268,-104.321,277.443,1,41
43,12.3574,-59.8491,-178.832,330.508,1,41
43,12.481,-59.8234,90.3167,215.388,1,41
43,12.6326,-59.7916,-104.755,566.603,1,41
43,12.6491,-59.7881,27.7164,235.589,1,41
43,13.0765,-59.6961,89.8404,230.961,1,41
43,13.0809,-59.6951,-232.703,630.529,1,41
43,13.3037,-59.6458,-179.146,299.11,1,41
43,14.6875,-59.3202,-179.411,839.69,1,41
43,16.6392,-58.8027,-179.888,564.208,1,41
43,18.214,-58.3341,-180.303,875.868,1,41
43,18.7735,-58.1564,-136.18,22.2185,1,41
43,19.0904,-58.0532,-135.986,159.501,1,41
43,20.3506,-57.6235,-180.835,683.294,1,41
43,21.8502,-57.0717,-181.229,1444.52,1,41
43,22.0233,-57.0052,-61.832,407.139,1,41
43,22.2466,-56.9184,-290.474,716.847,1,41
43,23.1784,-56.5454,-181.641,267.674,1,41
43,24.0837,-56.1658,-181.837,144.294,1,41
43,24.6895,-55.9021,-109.396,366.382,1,41
43,25.9887,-55.31,-182.311,1075.1,1,41
43,25.671,-55.4582,-109.74,195.309,1,41
43,26.2934,-55.1658,-14.9058,279.631,1,41
43,26.4319,-55.0996,-110.055,389.541,1,41
43,27.2234,-54.7129,-110.403,296.464,1,41
43,27.2529,-54.6982,-182.396,26.0182,1,41
43,27.5508,-54.5488,-182.82,38.3641,1,41
43,28.2797,-54.1745,-74.841,357.639,1,41
43,28.1882,-54.2222,-182.939,80.8148,1,41
43,28.7764,-53.9123,-272.094,111.671,1,41
43,29.0807,-53.7487,-183.166,496.336,1,41
43,29.6957,-53.4114,-38.1037,500.103,1,41
43,29.9629,-53.262,-111.414,240.768,1,41
43,29.9631,-53.2619,-183.414,164.196,1,41
43,31.6318,-52.2881,-112.153,246.397,1,41
43,41.2249,-45.1124,4.44302,100.682,1,41
43,42.6788,-43.7394,-115.361,261.249,1,41
43,43.0352,-43.3888,-115.212,70.7884,1,41
43,45.1124,-41.2248,-302.388,28.168,1,41
43,45.3366,-40.9782,-302.56,81.1483,1,41
43,47.8563,-38.0051,5.31663,1407.66,1,41
43,48.9833,-36.5411,4.93709,754.68,1,41
43,50.3076,-34.6953,-101.953,312.723,1,41
43,53.3585,-29.7908,-138.819,813.966,1,41
43,53.5861,-29.3794,-149.019,10291.7,1,41
43,53.6346,-29.2907,-70.2202,371.868,1,41
43,54.1613,-28.3049,-90.748,334.539,1,41
43,55.2824,-26.0475,-79.1574,301.916,1,41
43,55.4988,-25.5831,-9.33568,4128.76,1,41
43,55.3506,-25.9023,-81.06,1.88941,1,41
43,55.9634,-24.5502,-246.909,1406.57,1,41
43,57.756,-19.9714,-135.856,751.093,1,41
43,58.1793,-18.7025,-152.966,297.461,1,41
43,58.2268,-18.5541,-258.561,584.398,1,41
43,60.0896,-11.1288,-138.655,8844.96,1,41
43,60.75,-6.63764,-7.33298,1238.53,1,41
43,60.8663,-5.46843,-152.087,2943.54,1,41
43,61.1073,-0.719489,58.8666,148.258,1,41
43,61.1114,0.083338,24.2286,71.4226,1,41
43,60.775,6.40448,14.95,95.7989,1,41
43,60.6621,7.398,21.3629,521.646,1,41
43,60.6621,7.398,15.2935,338.51,1,41
43,60.6621,7.398,-26.1601,135.252,1,41
43,58.6284,17.2431,-144.629,2208.53,1,41
43,58.6283,17.2435,-167.099,2206.69,1,41
43,54.8668,26.9119,-25.6691,1194.61,1,41
43,54.9102,26.8232,-20.4605,686.816,1,41
43,54.245,28.1442,-218.422,106.172,1,41
43,53.5601,29.4267,93.4387,346.021,1,41
43,47.9289,37.9136,100.529,493.718,1,41
43,43.6873,42.7321,-29.962,239.479,1,41
43,42.1648,44.2351,3.41657,1612.32,1,41
43,41.0997,45.2264,79.1045,330.051,1,41
43,40.033,46.1733,-19.2367,658.86,1,41
43,33.4652,51.1341,-192.572,39.2913,1,41
43,30.2763,53.0845,-78.3001,1946.3,1,41
43,29.3208,53.6181,-78.092,22.0546,1,41
43,28.8812,53.8562,-78.2388,72.0655,1,41
43,28.3508,54.1373,-77.9341,909.707,1,41
43,27.6995,54.4734,-77.8349,75.9747,1,41
43,26.1244,55.2461,-77.6114,1101.28,1,41
43,26.2852,55.1698,16.3366,243.62,1,41
43,24.3327,56.0583,-77.3646,774.429,1,41
43,23.7674,56.3003,-249.025,840.998,1,41
43,23.1184,56.5699,-249.65,388.206,1,41
43,22.0968,56.9767,-76.9588,1139.78,1,41
43,22.6917,56.7424,-249.966,105.259,1,41
43,22.286,56.903,-250.308,1292.48,1,41
43,21.6959,57.1306,-32.7395,487.904,1,41
43,21.1499,57.335,-76.7797,360.495,1,41
43,20.1555,57.6921,-76.666,1083.24,1,41
43,17.7989,58.4621,-35.2792,342.212,1,41
43,17.8041,58.4605,-111.297,467.976,1,41
43,17.3406,58.5996,-35.8576,73.9993,1,41
43,13.6779,59.5611,-259.614,2088.8,1,41
43,12.9828,59.7165,-94.2877,127.543,1,41
43,12.9828,59.7165,-116.764,130.565,1,41
43,12.1585,59.8898,-94.1122,1131.69,1,41
43,12.1567,59.8901,-116.581,1124.95,1,41
43,9.70546,60.3359,5.9651,331.973,1,41
43,9.34228,60.3932,-123.634,1030.9,1,41
43,9.33645,60.3941,-146.121,1056.62,1,41
43,1.17624,61.1002,12.4497,161.034,1,41
43,-4.11227,60.973,-176.165,360.468,1,41
43,-4.48248,60.9469,-67.492,88.5419,1,41
43,-5.30914,60.8804,-181.98,354.74,1,41
43,-7.72875,60.6208,-218.71,84.5118,1,41
43,-19.0886,58.0538,65.2804,333.531,1,41
43,-18.932,58.105,64.372,25.3643,1,41
43,-23.4431,56.4361,-179.47,3804.55,1,41
43,-23.8856,56.2503,-11.8068,144.056,1,41
43,-34.5951,50.3765,-23.9548,314.636,1,41
43,-36.3458,49.1284,-100.457,170.141,1,41
43,-36.8602,48.7436,-13.1647,584.747,1,41
43,-37.2203,48.4692,16.512,830.06,1,41
43,-41.6534,44.717,-196.903,291.818,1,41
43,-42.0704,44.3249,-138.986,844.48,1,41
43,-46.3688,39.8064,-138.599,913.727,1,41
43,-46.7323,39.3791,-62.1931,2129.55,1,41
43,-49.4005,35.9751,-146.017,138.088,1,41
43,-51.3144,33.1881,-98.2196,640.319,1,41
43,-52.6301,31.0595,-294.538,134.428,1,41
43,-53.4044,29.7083,-279.181,1351.39,1,41
43,-53.973,28.6624,65.3295,608.033,1,41
43,-55.8153,24.8851,-160.114,1171.98,1,41
43,-56.7218,22.7433,-133.207,524.654,1,41
43,-57.1342,21.6863,-138.541,205.925,1,41
43,-58.6468,17.1804,-64.291,605.488,1,41
43,-59.1356,15.414,-190.028,29.0546,1,41
43,-60.6621,7.39798,-85.1778,107.53,1,41
43,-60.7206,6.90144,-5.81535,77.9071,1,41
43,-60.775,6.40445,-83.5655,161.199,1,41
43,-60.775,6.40445,-84.876,31.5257,1,41
43,-61.0815,1.91622,-87.1757,307.565,1,41
43,-62.2086,-0.0848309,-20.4314,327.069,0,42
43,-62.1989,-1.10265,138.724,34.0728,0,42
43,-62.0624,-4.2632,288.485,642.633,0,42
43,-61.7643,-7.42269,185.021,706.043,0,42
43,-61.7304,-7.69918,184.092,27.0364,0,42
43,-61.1084,-11.6484,-93.5713,277.947,0,42
43,-60.5643,-14.2087,116.676,21.4124,0,42
43,-60.5643,-14.2087,127.254,149.841,0,42
43,-59.6599,-17.6242,213.282,541.585,0,42
43,-53.2629,-32.1402,-65.0869,607.81,0,42
43,-52.8458,-32.8214,-22.0986,384.419,0,42
43,-50.8191,-35.8795,68.6626,625.073,0,42
43,-48.981,-38.3508,-17.4538,1196.29,0,42
43,-48.8686,-38.494,135.108,638.611,0,42
43,-48.1417,-39.3992,305.78,24.9818,0,42
43,-46.7588,-41.0309,75.124,59.6857,0,42
43,-46.3942,-41.4427,74.3933,371.567,0,42
43,-38.3396,-48.9898,262.079,169.284,0,42
43,-33.639,-52.3291,217.116,732.414,0,42
43,-31.9089,-53.4017,-18.2861,94.5279,0,42
43,-29.4817,-54.7791,-20.3481,2181.02,0,42
43,-29.0531,-55.0076,175.717,1924.32,0,42
43,-26.4038,-56.3273,29.1482,425.985,0,42
43,-25.7863,-56.6126,-77.945,1711.59,0,42
43,-24.2928,-57.2694,282.232,578.872,0,42
43,-20.0936,-58.8742,-27.6258,1342.56,0,42
43,-19.2719,-59.1482,-27.3559,83.3304,0,42
43,-14.3232,-60.5373,63.0652,388.285,0,42
43,-9.95974,-61.4062,285.778,379.882,0,42
43,-9.92522,-61.4118,295.41,246.253,0,42
43,-8.09945,-61.6792,145.43,1790.26,0,42
43,-6.85677,-61.8297,145.293,86.9039,0,42
43,-5.70439,-61.9466,145.17,752.16,0,42
43,-4.99921,-62.0075,175.397,43.5379,0,42
43,-4.66094,-62.0338,175.612,21.3116,0,42
43,-4.32253,-62.0583,175.612,26.18,0,42
43,-3.64533,-62.1018,175.188,24.0364,0,42
43,-1.86447,-62.1808,175.188,114.471,0,42
43,-1.46616,-62.1914,262.167,347.262,0,42
43,-1.10264,-62.1989,175.025,57.4348,0,42
43,-0.593751,-62.2059,175.208,150.597,0,42
43,14.2087,-60.5643,54.348,21.18,0,42
43,17.8146,-59.6034,2.62,26.4124,0,42
43,19.4494,-59.0901,-72.4106,432.29,0,42
43,19.6226,-59.0328,269.688,581.622,0,42
43,21.5511,-58.3564,304.166,368.844,0,42
43,28.635,-55.2264,166.99,9540.68,0,42
43,28.4988,-55.2968,175.29,964,0,42
43,33.1306,-52.6525,83.0867,943.586,0,42
43,35.4352,-51.13,-38.663,142.506,0,42
43,46.6902,-41.109,48.223,262.934,0,42
43,49.9607,-37.0655,177.988,211.701,0,42
43,49.9605,-37.0658,200.458,212.691,0,42
43,50.945,-35.7005,90.2315,1038.55,0,42
43,50.9179,-35.7392,122.587,544.317,0,42
43,52.2182,-33.811,57.6916,909.588,0,42
43,52.0762,-34.0292,221.972,1205.91,0,42
43,53.1469,-32.3316,57.8373,662.116,0,42
43,53.7058,-31.3944,76.1674,411.629,0,42
43,53.8578,-31.133,106.157,229.529,0,42
43,55.2189,-28.6495,4.06326,73.9383,0,42
43,57.9784,-22.5484,100.966,480.175,0,42
43,58.4561,-21.2793,132.43,178.384,0,42
43,58.5384,-21.0517,-9.98821,318.703,0,42
43,58.8187,-20.2553,132.307,249.808,0,42
43,58.8107,-20.2786,142.001,457.216,0,42
43,58.9345,-19.916,132.364,43.1113,0,42
43,59.1269,-19.3373,132.12,189.213,0,42
43,59.389,-18.5167,131.973,505.577,0,42
43,59.6034,-17.8146,167.98,28.0546,0,42
43,59.7141,-17.44,131.826,129.924,0,42
43,59.6997,-17.4892,168.248,65.5056,0,42
43,59.8567,-16.9441,-51.9914,990.181,0,42
43,60.1974,-15.6907,167.98,23.0224,0,42
43,60.356,-15.0692,167.912,518.931,0,42
43,60.6099,-14.013,167.798,558.781,0,42
43,60.8248,-13.0485,167.793,190.598,0,42
43,61.407,-9.95492,51.8859,420.438,0,42
43,62.1589,-2.48772,-60.5939,281.794,0,42
43,62.1915,-1.4619,174.465,949.918,0,42
43,62.1726,-2.12033,274.483,235.858,0,42
43,62.1592,2.48172,262.208,544.437,0,42
43,62.1059,3.57464,263.4,640.442,0,42
43,61.0508,11.9468,-81.571,871.636,0,42
43,59.0259,19.6434,92.3367,1083.76,0,42
43,58.9644,19.8272,229.687,1023.98,0,42
43,57.8232,22.9434,161.537,1306.2,0,42
43,57.5702,23.5709,279.068,31.1659,0,42
43,57.4873,23.7726,145.564,314.48,0,42
43,56.416,26.2136,49.1526,190.164,0,42
43,56.1559,26.7664,49.4728,582.245,0,42
43,54.0011,30.8837,132.211,66.4712,0,42
43,51.733,34.5488,113.311,730.193,0,42
43,51.8541,34.3668,104.653,1829.9,0,42
43,51.2005,35.3332,113.284,21.1274,0,42
43,50.7506,35.9763,137.765,231.572,0,42
43,50.5729,36.2258,36.1911,136.864,0,42
43,50.4934,36.3365,138.304,154.498,0,42
43,50.1187,36.8515,-68.1814,191.747,0,42
43,49.4722,37.7151,-68.2264,254.58,0,42
43,49.1981,38.0718,119.644,28.1498,0,42
43,48.9898,38.3396,-68.2081,130.457,0,42
43,48.9898,38.3396,119.223,128.264,0,42
43,48.7799,38.6062,120.068,48.2829,0,42
43,43.4977,44.4733,186.636,67.4166,0,42
43,42.4769,45.4493,15.8482,250.075,0,42
43,41.8543,46.0233,-16.3077,276.498,0,42
43,41.1135,46.6862,-72.0828,113.068,0,42
43,39.3878,48.1511,252.091,5689.93,0,42
43,36.9895,50.017,-82.0029,159.796,0,42
43,34.8023,51.5628,52.2569,1054.88,0,42
43,34.2844,51.9086,80.636,133.237,0,42
43,32.7551,52.8869,139.363,487.391,0,42
43,32.2469,53.1983,7.07722,586.187,0,42
43,31.0326,53.9157,-67.5449,360.442,0,42
43,30.5254,54.2045,-67.764,49.0912,0,42
43,28.5985,55.2454,-67.4027,2008.45,0,42
43,28.9603,55.0566,-44.3104,9689.7,0,42
43,29.1003,54.9827,-32.1633,1632,0,42
43,27.8114,55.6457,156.433,1301.79,0,42
43,27.1921,55.951,52.9929,514.273,0,42
43,26.8104,56.1349,264.017,189.47,0,42
43,26.3765,56.3401,-67.2352,239.681,0,42
43,25.3329,56.8169,-67.2063,74.6873,0,42
43,25.0608,56.9375,165.698,1022.73,0,42
43,24.0589,57.368,-67.11,188.033,0,42
43,23.7278,57.5058,-67.1084,94.9887,0,42
43,23.3378,57.6651,-67.1152,95.9221,0,42
43,20.1634,58.8503,-66.8286,2240.38,0,42
43,18.3833,59.4304,252.142,192.246,0,42
43,18.1394,59.5053,-66.7245,65.621,0,42
43,17.8146,59.6034,-66.7168,100.102,0,42
43,17.0962,59.8134,-66.6393,244.919,0,42
43,14.0435,60.6028,-66.3504,127.993,0,42
43,13.3816,60.7524,-20.9732,73.3664,0,42
43,13.05,60.8245,-20.8843,105.932,0,42
43,8.33398,61.6479,166.394,478.584,0,42
43,8.32738,61.6488,243.611,270.211,0,42
43,7.21183,61.7893,41.4341,4649.38,0,42
43,7.11786,61.8001,95.3473,219.249,0,42
43,7.36237,61.7715,166.284,44.1274,0,42
43,6.46375,61.872,95.9,67.4915,0,42
43,3.31737,62.1202,275.389,3003.94,0,42
43,0.129503,62.2086,166.824,96.4996,0,42
43,0.125559,62.2086,189.295,97.4232,0,42
43,-2.65129,62.1522,152.573,712.03,0,42
43,-2.96831,62.1378,17.4596,337.229,0,42
43,-3.71814,62.0975,-6.55995,172.317,0,42
43,-4.1533,62.0699,-6.708,25.3277,0,42
43,-5.07314,62.0015,-6.29509,774.699,0,42
43,-5.60112,61.956,136.403,131.3,0,42
43,-9.32164,61.5063,-51.9243,681.556,0,42
43,-12.7181,60.8948,-71.3472,55.4894,0,42
43,-13.7861,60.6619,-94.2359,168.398,0,42
43,-21.1036,58.5197,-102.343,163.05,0,42
43,-28.9556,55.059,-101.197,1047.83,0,42
43,-29.8116,54.6003,225.098,117.876,0,42
43,-32.6172,52.9721,-1.45652,1558.98,0,42
43,-36.2206,50.5766,88.5119,139.627,0,42
43,-40.4241,47.2844,-5.25591,172.36,0,42
43,-45.68,42.2287,-43.7797,1297.08,0,42
43,-46.4156,41.4188,163.697,941.305,0,42
43,-46.0388,41.8372,188.107,197.986,0,42
43,-46.798,40.9862,44.9785,650.519,0,42
43,-46.6887,41.1107,125.484,241.471,0,42
43,-47.3664,40.328,163.642,417.661,0,42
43,-51.2743,35.226,239.07,134.175,0,42
43,-51.8114,34.4312,143.097,417.591,0,42
43,-53.9748,30.9296,55.2614,260.821,0,42
43,-57.2093,24.4339,22.0624,144.599,0,42
43,-57.4408,23.8846,22.548,22.1293,0,42
43,-57.5985,23.5018,22.3632,107.959,0,42
43,-59.86,16.9323,-4.16034,552.716,0,42
43,-59.9778,16.5101,-3.99453,113.547,0,42
43,-62.1874,1.62959,-15.072,756.069,0,42
43,-60.8948,-12.7181,-116.94,95.6554,1,42
43,-60.7887,-13.2159,-116.908,274.648,1,42
43,-59.7279,-17.3924,30.6489,4226.06,1,42
43,-59.7332,-17.3742,-46.3397,322.183,1,42
43,-57.7838,-23.0424,-15.7725,370.977,1,42
43,-56.5026,-26.0264,-36.2977,140.476,1,42
43,-55.5534,-27.9954,-3.892,76.4145,1,42
43,-53.9718,-30.9349,-21.0346,665.478,1,42
43,-53.9721,-30.9344,-74.6142,420.595,1,42
43,-53.7033,-31.3988,-75.4422,454.066,1,42
43,-53.4211,-31.8765,-76.3165,322.866,1,42
43,-53.0136,-32.5497,-77.3607,130.029,1,42
43,-52.649,-33.1361,-206.756,462.059,1,42
43,-52.1374,-33.9354,-122.545,1258.3,1,42
43,-50.1329,-36.8322,78.547,2902.3,1,42
43,-48.9727,-38.3614,-97.172,111.615,1,42
43,-45.3331,-42.6009,-305.563,339.836,1,42
43,-39.8068,-47.8053,-90.8481,836.275,1,42
43,-39.7865,-47.8221,-199.134,311.779,1,42
43,-34.3164,-51.8875,-38.6408,327.555,1,42
43,-30.7363,-54.0851,-229.335,74.4005,1,42
43,-29.313,-54.8696,-96.3655,374.106,1,42
43,-25.2593,-56.8497,75.9346,648.034,1,42
43,-23.3076,-57.6774,-58.7794,158.721,1,42
43,-20.1987,-58.8382,68.4122,204.799,1,42
43,-19.1269,-59.1953,-115.641,1023.26,1,42
43,-19.1278,-59.195,-138.107,1021.35,1,42
43,-19.1299,-59.1943,-218.856,359.659,1,42
43,-15.4316,-60.2643,-229.243,160.493,1,42
43,-14.3011,-60.5425,-115.635,791.381,1,42
43,-11.9255,-61.0549,-234.936,755.782,1,42
43,-5.89934,-61.9283,-279.309,1156.97,1,42
43,-3.54471,-62.1076,-3.92324,472.852,1,42
43,-2.75339,-62.1477,-104.281,110.841,1,42
43,-2.51591,-62.1578,-162.235,260.53,1,42
43,-1.14355,-62.1982,-104.038,8247.21,1,42
43,4.84848,-62.0195,44.4025,2133.75,1,42
43,5.18656,-61.9921,-180.773,907.603,1,42
43,5.1845,-61.9923,-203.246,905.696,1,42
43,7.68478,-61.7322,-106.718,793.228,1,42
43,8.04307,-61.6866,88.6166,283.59,1,42
43,9.56003,-61.4697,-146.128,1856.71,1,42
43,10.0498,-61.3916,-147.628,30.1799,1,42
43,10.4408,-61.3263,-147.545,402.577,1,42
43,13.133,-60.8066,27.908,52.2367,1,42
43,13.9634,-60.6213,88.8487,724.899,1,42
43,13.5815,-60.708,-231.037,1047.29,1,42
43,14.2452,-60.5557,-105.303,171.615,1,42
43,15.0523,-60.3602,-105.624,283.316,1,42
43,16.9781,-59.847,-106.292,262.384,1,42
43,18.2516,-59.471,-106.783,551.372,1,42
43,18.9868,-59.2404,-135.63,461.26,1,42
43,19.1106,-59.2006,-107.121,218.164,1,42
43,19.4332,-59.0955,-107.254,333.154,1,42
43,20.7981,-58.629,-107.787,379.917,1,42
43,20.8591,-58.6073,-61.2173,106.457,1,42
43,21.8971,-58.2275,-61.605,799.292,1,42
43,21.7068,-58.2987,-108.077,174.113,1,42
43,22.5897,-57.9623,-108.417,190.052,1,42
43,22.7452,-57.9014,-289.835,516.586,1,42
43,23.508,-57.596,-108.775,433.281,1,42
43,24.3885,-57.2287,-109.102,160.234,1,42
43,26.989,-56.0493,-14.56,681.447,1,42
43,28.5926,-55.2484,-73.554,935.2,1,42
43,29.927,-54.5371,-273.076,1959.68,1,42
43,30.7298,-54.0888,-37.1448,189.147,1,42
43,39.2501,-48.2633,-73.7098,284.868,1,42
43,42.1257,-45.775,5.24532,773.548,1,42
43,43.225,-44.7384,-116.483,15132.1,1,42
43,43.4451,-44.5247,-125.825,931,1,42
43,46.3615,-41.4793,-302.123,279.155,1,42
43,49.9302,-37.1065,6.152,521.645,1,42
43,50.8669,-35.8118,-101.25,384.995,1,42
43,54.1701,-30.5862,-137.479,717.097,1,42
43,54.4329,-30.1162,-68.8616,1014.18,1,42
43,56.3505,-26.3541,-79.0464,305.41,1,42
43,56.703,-25.587,-245.048,650.641,1,42
43,58.7206,-20.5382,-135.039,1678.08,1,42
43,58.9077,-19.9952,-151.444,61.3302,1,42
43,59.0536,-19.56,-152.158,485.14,1,42
43,59.4055,-18.4637,-257.283,305.755,1,42
43,59.5323,-18.0506,-256.533,324.479,1,42
43,61.1241,-11.5655,-135.676,7034.51,1,42
43,61.584,-8.79414,-267.419,549.733,1,42
43,61.8664,-6.51724,-6.16312,741.516,1,42
43,61.8896,-6.29322,-153.113,3063.34,1,42
43,62.2082,-0.254991,59.6697,620.677,1,42
43,62.1726,2.1202,38.084,23.0404,1,42
43,62.1601,2.45926,37.3868,99.0804,1,42
43,61.7913,7.19392,22.5856,71.6169,1,42
43,61.7256,7.73788,16.1711,562.779,1,42
43,61.7228,7.76028,-25.63,472.166,1,42
43,61.4324,9.7972,-197.594,513.198,1,42
43,61.2682,10.7764,-23.8414,1527.02,1,42
43,59.1658,19.2179,-143.428,534.128,1,42
43,59.1652,19.2197,-165.899,540.244,1,42
43,58.7696,20.3975,-142.811,69.4551,1,42
43,58.7696,20.3975,-165.279,70.5439,1,42
43,58.5042,21.1466,9.40267,1077.59,1,42
43,56.0263,27.0366,-19.084,505.324,1,42
43,55.6743,27.7542,-25.516,87.8857,1,42
43,54.6522,29.7163,93.8922,259.092,1,42
43,48.9565,38.3821,100.698,75.6148,1,42
43,45.0554,42.8944,-29.9776,981.148,1,42
43,42.5999,45.334,4.96424,363.358,1,42
43,41.496,46.3466,79.9181,91.9663,1,42
43,40.5188,47.2033,-18.2474,451.099,1,42
43,34.3659,51.8547,-192.073,337.953,1,42
43,26.9302,56.0775,17.5913,625.898,1,42
43,26.3942,56.3318,-247.268,989.967,1,42
43,25.5952,56.6993,-247.911,772.375,1,42
43,24.9052,57.0057,-248.473,1093.63,1,42
43,21.58,58.3457,-30.8906,960.887,1,42
43,18.6133,59.3588,-34.6621,413.759,1,42
43,18.6147,59.3584,-111.164,73.2892,1,42
43,14.7804,60.4273,-95.9469,643.519,1,42
43,14.9615,60.3827,-118.57,450.366,1,42
43,14.3119,60.54,-118.031,170.883,1,42
43,14.2842,60.5465,-259.375,2122.22,1,42
43,13.5395,60.7174,-95.0105,257.306,1,42
43,13.8782,60.6409,-95.9,23.2108,1,42
43,13.5453,60.7161,-117.479,249.308,1,42
43,13.8782,60.6409,-118.372,23.2011,1,42
43,9.88898,61.4177,-122.291,340.873,1,42
43,9.88494,61.4183,-144.771,339.773,1,42
43,9.65919,61.4542,7.48202,742.43,1,42
43,1.29966,62.1951,13.3074,855.08,1,42
43,-1.10267,62.1989,-119.902,171.54,1,42
43,-4.05116,62.0766,-66.8509,301.756,1,42
43,-4.57474,62.0403,-175.434,197.587,1,42
43,-5.55899,61.9598,-181.752,337.529,1,42
43,-8.28435,61.6546,-218.632,236.827,1,42
43,-19.2355,59.1601,-144.404,218.571,1,42
43,-19.8103,58.9701,65.8635,1607.81,1,42
43,-23.2361,57.7062,-181.039,7166.29,1,42
43,-24.601,57.1377,-11.5969,140.777,1,42
43,-34.6902,51.6383,-22.0315,979.043,1,42
43,-37.1432,49.9029,-100.159,211.056,1,42
43,-37.6152,49.5482,17.6101,322.375,1,42
43,-37.8619,49.3599,-11.4218,711.474,1,42
43,-42.5774,45.3551,-196.73,327.459,1,42
43,-43.0794,44.8786,-138.488,136.555,1,42
43,-47.388,40.3025,-136.827,349.772,1,42
43,-50.218,36.7162,-145.678,62.0128,1,42
43,-52.1557,33.9072,-97.4307,406.652,1,42
43,-53.8428,31.1588,-294.211,394.35,1,42
43,-54.6507,29.7191,-278.729,425.877,1,42
43,-55.2404,28.608,66.628,787.015,1,42
43,-56.9745,24.9767,-159.076,21.0021,1,42
43,-57.8114,22.9732,-132.5,179.947,1,42
43,-57.9482,22.6258,-138.3,29.0433,1,42
43,-59.7236,17.4073,-62.9539,218.762,1,42
43,-59.8635,16.9199,-189.183,194.208,1,42
43,-59.9778,16.5101,-188.98,59.6127,1,42
43,-60.1974,15.6907,-189.18,23.0546,1,42
43,-61.7887,7.21614,-4.60431,480.917,1,42
43,-61.9897,5.21544,-82.4961,980.276,1,42
43,-62.0791,4.01367,-81.1439,1486.11,1,42
43,-63.3055,-0.0863342,-20.4945,174.881,0,43
43,-63.3027,-0.604251,-30.876,47.7355,0,43
43,-63.2796,-1.81247,138.3,30.2748,0,43
43,-63.1669,-4.18881,284.015,129.429,0,43
43,-63.1404,-4.57097,288.175,132.386,0,43
43,-62.7014,-8.72531,183.81,1195.71,0,43
43,-61.5925,-14.6273,127.026,115.485,0,43
43,-60.8601,-17.4253,211.355,263.338,0,43
43,-56.9806,-27.5827,39.1826,354.026,0,43
43,-56.7839,-27.9854,39.3432,162.296,0,43
43,-54.5432,-32.1348,-65.119,1477.42,0,43
43,-53.6786,-33.5589,-22.234,479.933,0,43
43,-51.9287,-36.2078,-32.0478,128.817,0,43
43,-51.7079,-36.5224,-32.148,23.3235,0,43
43,-51.3216,-37.0633,66.9787,612.535,0,43
43,-50.0768,-38.7287,134.782,236.274,0,43
43,-49.8877,-38.972,-17.675,690.392,0,43
43,-49.7008,-39.2101,-89.0078,320.56,0,43
43,-48.2555,-40.9756,304.349,1264.68,0,43
43,-46.058,-43.431,73.5365,199.71,0,43
43,-45.6699,-43.839,72.8214,53.453,0,43
43,-40.8666,-48.3479,90.792,469.994,0,43
43,-39.2924,-49.6357,261.216,2327.06,0,43
43,-34.6526,-52.9792,215.716,658.763,0,43
43,-32.1101,-54.5577,-18.156,76.6694,0,43
43,-30.0309,-55.7292,175.929,5169.53,0,43
43,-30.0702,-55.708,182.162,530,0,43
43,-29.4809,-56.0221,-21.9943,470.42,0,43
43,-26.7857,-57.3596,115.092,3282.07,0,43
43,-26.7818,-57.3614,137.558,3236.46,0,43
43,-27.2106,-57.1593,28.4348,490.9,0,43
43,-26.6043,-57.444,-78.2298,2910.12,0,43
43,-24.7605,-58.2625,15.0496,529.315,0,43
43,-24.1336,-58.5249,280.828,1095.86,0,43
43,-19.202,-60.3231,-26.9354,543.604,0,43
43,-18.3174,-60.5976,-26.6686,312.263,0,43
43,-14.7822,-61.5555,63.0768,311.055,0,43
43,-10.797,-62.3781,285.463,723.859,0,43
43,-9.57228,-62.5777,295.475,546.167,0,43
43,-4.79686,-63.1236,144.904,139.143,0,43
43,-3.87186,-63.1871,144.86,536.387,0,43
43,-2.59819,-63.2523,144.772,218.945,0,43
43,-1.99117,-63.2743,144.66,78.5461,0,43
43,-1.4673,-63.2886,144.66,26.0749,0,43
43,-1.12208,-63.2957,144.467,48.4005,0,43
43,-0.604223,-63.3027,144.461,95.7506,0,43
43,0.35675,-63.3046,175.101,666.639,0,43
43,0.503862,-63.3036,144.409,383.815,0,43
43,1.29471,-63.2924,174.957,49.5602,0,43
43,1.6399,-63.2844,175.003,66.6652,0,43
43,2.24541,-63.2658,174.948,111.353,0,43
43,3.53727,-63.2067,174.982,55.6592,0,43
43,3.98474,-63.1801,174.764,77.4572,0,43
43,8.36538,-62.7505,1.04945,998.075,0,43
43,9.04392,-62.6563,28.0186,373.661,0,43
43,9.7124,-62.5561,27.4295,154.183,0,43
43,12.2228,-62.1144,165.63,977.83,0,43
43,17.7968,-60.7526,54.5123,1402.91,0,43
43,17.566,-60.8197,2.33172,205.671,0,43
43,19.1949,-60.3254,-72.9943,1042.86,0,43
43,19.863,-60.1087,268.688,194.173,0,43
43,21.9309,-59.3855,-69.155,1240.62,0,43
43,22.3576,-59.2262,303.41,280.524,0,43
43,28.274,-56.6408,168.394,14930.5,0,43
43,33.48,-53.7279,83.236,2485.6,0,43
43,35.8354,-52.1864,-39.8109,979.131,0,43
43,44.3554,-45.1685,13.7731,334.691,0,43
43,47.3138,-42.0595,47.0303,711.156,0,43
43,49.0998,-39.9601,240.676,371.795,0,43
43,50.9462,-37.5777,177.923,225.566,0,43
43,50.9467,-37.577,200.393,227.54,0,43
43,51.4116,-36.9384,57.4837,691.136,0,43
43,51.708,-36.5224,121.166,75.5643,0,43
43,52.3154,-35.6469,57.5309,757.337,0,43
43,52.7182,-35.0484,90.6868,838.413,0,43
43,52.3714,-35.5645,142.816,275.199,0,43
43,53.1445,-34.3985,220.146,1015.11,0,43
43,54.5833,-32.0665,74.9814,291.175,0,43
43,54.6125,-32.0168,105.237,423.685,0,43
43,55.9077,-29.6973,3.43782,987.43,0,43
43,57.3684,-26.7669,133.415,519.071,0,43
43,57.727,-25.9844,133.248,452.237,0,43
43,58.0877,-25.1678,133.094,154.295,0,43
43,58.7032,-23.6967,99.6507,1482.7,0,43
43,59.1299,-22.6109,168.647,328.021,0,43
43,59.1765,-22.4888,132.613,340.838,0,43
43,59.3942,-21.9072,283.712,441.054,0,43
43,59.3388,-22.0568,135.332,1.07205,0,43
43,59.4616,-21.7237,168.526,218.713,0,43
43,59.6465,-21.2108,-11.1003,131.496,0,43
43,59.72,-21.0029,168.404,61.3487,0,43
43,59.8622,-20.594,168.586,129.9,0,43
43,60.0776,-19.9568,168.345,434.374,0,43
43,60.383,-19.0131,168.21,479.967,0,43
43,63.2745,-1.98502,-61.6426,51.5622,0,43
43,63.2866,-1.55259,273.98,77.2892,0,43
43,63.3021,-0.665296,174.292,666.079,0,43
43,63.2491,2.67352,261.792,362.947,0,43
43,63.1956,3.73101,263.646,691.126,0,43
43,63.1727,4.10037,91.5571,86.6454,0,43
43,63.1366,4.62203,91.1289,118.762,0,43
43,63.1009,5.08738,91.4316,68.8755,0,43
43,62.2963,11.2591,-82.0521,303.282,0,43
43,60.579,18.3788,91.0351,196.863,0,43
43,60.2972,19.2832,91.236,26.0364,0,43
43,60.1058,19.8718,228.412,412.995,0,43
43,59.4383,21.7874,115.735,562.073,0,43
43,58.8244,23.3942,161.472,1011.01,0,43
43,58.7153,23.6667,48.412,29.1496,0,43
43,58.5158,24.1557,48.2113,557.881,0,43
43,58.5493,24.0744,145.463,482.405,0,43
43,58.5368,24.1047,278.734,138.868,0,43
43,54.6358,31.977,132.132,176.228,0,43
43,53.8955,33.2095,112.86,28.1862,0,43
43,53.5301,33.7954,112.86,27.2913,0,43
43,53.2118,34.2943,112.86,49.0863,0,43
43,52.8028,34.9208,104.288,147.817,0,43
43,51.8541,36.3146,136.77,2232.43,0,43
43,51.1186,37.3428,35.3326,412.663,0,43
43,48.7666,40.3661,-68.3145,529.698,0,43
43,43.1793,46.2941,15.6578,123.801,0,43
43,42.3932,47.015,-17.2643,280.127,0,43
43,41.9472,47.4134,-72.1974,230.397,0,43
43,40.0605,49.0179,251.776,6526.29,0,43
43,37.311,51.1418,-82.3896,491.745,0,43
43,35.7115,52.2713,50.4663,606.235,0,43
43,34.9474,52.7852,80.924,1203.09,0,43
43,33.0878,53.9704,5.83948,157.608,0,43
43,33.1009,53.9623,138.166,429.565,0,43
43,30.6197,55.4079,-43.8407,7943.15,0,43
43,28.3419,56.6069,156.538,580.498,0,43
43,27.4749,57.0327,263.546,301.664,0,43
43,27.1202,57.2022,52.7346,539.312,0,43
43,25.5657,57.9137,165.746,730.973,0,43
43,18.916,60.4134,251.133,120.171,0,43
43,12.9804,61.9605,-21.9455,551.034,0,43
43,10.4367,62.4394,145.198,138.686,0,43
43,7.98839,62.7996,93.9691,976.348,0,43
43,8.14562,62.7794,242.793,685.452,0,43
43,7.63233,62.8438,40.8388,3505.66,0,43
43,7.08535,62.9078,166.284,70.3417,0,43
43,6.27917,62.9934,166.216,320.344,0,43
43,5.03512,63.105,166.204,658.162,0,43
43,2.58015,63.253,274.499,3710.07,0,43
43,0.537294,63.3033,166.479,226.671,0,43
43,0.537951,63.3033,188.948,223.704,0,43
43,-2.49647,63.2564,151.374,2625.87,0,43
43,-2.69426,63.2482,16.8743,990.633,0,43
43,-6.08679,63.0123,135.961,253.232,0,43
43,-6.56363,62.9644,-5.67516,184.764,0,43
43,-7.42091,62.8691,-5.35659,461.435,0,43
43,-9.62595,62.5695,-52.5963,508.58,0,43
43,-10.5352,62.4228,-71.2613,116.728,0,43
43,-13.662,61.8138,-93.8324,265.682,0,43
43,-15.2983,61.4293,274.605,79.9362,0,43
43,-15.7251,61.3214,275.108,212.341,0,43
43,-21.692,59.4731,-102.722,435.283,0,43
43,-23.6667,58.7153,-14.6167,69.5658,0,43
43,-23.9866,58.5854,-15.188,24.2346,0,43
43,-29.0583,56.2425,-103.165,373.638,0,43
43,-30.3619,55.5496,225.106,276.251,0,43
43,-33.1556,53.9287,-2.67449,579.743,0,43
43,-36.6146,51.6427,87.4459,2325.35,0,43
43,-45.5502,43.9633,-45.9367,59.8349,0,43
43,-46.2635,43.2122,-45.1275,63.7443,0,43
43,-46.2635,43.2122,163.608,112.637,0,43
43,-46.2635,43.2122,187.205,124.842,0,43
43,-46.6154,42.8322,125.156,23.2002,0,43
43,-46.6154,42.8322,163.869,69.213,0,43
43,-46.6154,42.8322,187.517,256.749,0,43
43,-57.4833,26.5192,21.4931,65.5825,0,43
43,-57.9489,25.4857,21.6853,813.062,0,43
43,-63.2952,1.14981,-16.8544,835.463,0,43
43,-61.7102,-14.1229,-115.828,34.1515,1,43
43,-61.5925,-14.6273,-115.181,211.57,1,43
43,-60.8476,-17.469,30.0507,1665.79,1,43
43,-60.8182,-17.5713,-46.0958,1106.82,1,43
43,-59.113,-22.655,-14.9105,300.94,1,43
43,-58.8435,-23.3461,-15.5514,83.7989,1,43
43,-57.6549,-26.1441,-35.7773,413.557,1,43
43,-56.3987,-28.7539,-3.26636,410.601,1,43
43,-56.0093,-29.5053,-71.4991,204.648,1,43
43,-55.7767,-29.9425,-72.3436,291.48,1,43
43,-55.4947,-30.4621,-73.1111,443.049,1,43
43,-55.207,-30.9805,-73.8275,190.491,1,43
43,-54.4666,-32.2644,-21.5249,709.594,1,43
43,-53.9859,-33.0624,-21.7,21.271,1,43
43,-53.4817,-33.8719,-205.003,324.022,1,43
43,-53.2617,-34.2167,-121.978,303.657,1,43
43,-51.113,-37.3505,78.8664,981.266,1,43
43,-50.0638,-38.7456,-96.9451,884.611,1,43
43,-46.1949,-43.2855,-305.207,185.286,1,43
43,-41.1261,-48.1273,-116.732,1638.71,1,43
43,-40.677,-48.5075,-89.5959,2186.86,1,43
43,-40.6316,-48.5456,-198.341,1071.74,1,43
43,-35.3127,-52.5415,-37.0239,577.027,1,43
43,-33.8684,-53.4839,-134.203,4465.58,1,43
43,-29.55,-55.9857,-95.1576,315.449,1,43
43,-25.2784,-58.0397,76.2445,433.164,1,43
43,-23.7745,-58.6717,-58.7199,289.507,1,43
43,-21.1177,-59.6795,69.3769,1151.69,1,43
43,-19.5706,-60.2046,-114.413,1106.39,1,43
43,-19.5703,-60.2047,-136.886,1103.32,1,43
43,-18.8489,-60.4344,-217.245,966.681,1,43
43,-15.6853,-61.3316,-229.535,125.519,1,43
43,-11.9908,-62.1596,-233.677,352.552,1,43
43,-5.67588,-63.0506,-278.713,316.936,1,43
43,-4.07381,-63.1744,-3.15278,499.136,1,43
43,-3.94687,-63.1824,-103.383,91.1322,1,43
43,-3.25601,-63.2218,-103.776,172.624,1,43
43,-2.82843,-63.2424,-162.05,218.109,1,43
43,-1.5221,-63.2873,-104.009,8806.36,1,43
43,4.67925,-63.1324,46.0309,835.909,1,43
43,5.60344,-63.0571,-180.7,55.362,1,43
43,6.22886,-62.9984,-203.119,395.837,1,43
43,6.36344,-62.985,-180.634,317.221,1,43
43,7.22664,-62.8918,-104.4,172.08,1,43
43,7.87359,-62.8141,89.0777,577.346,1,43
43,9.2364,-62.6282,-145.758,667.928,1,43
43,10.855,-62.368,-147.222,295.552,1,43
43,13.6211,-61.8229,28.0652,530.577,1,43
43,14.7553,-61.562,87.8088,101.71,1,43
43,15.3129,-61.4257,87.2884,473.36,1,43
43,18.8637,-60.4298,-135.115,739.312,1,43
43,20.3461,-59.9469,-60.708,56.4189,1,43
43,20.9277,-59.7464,-60.953,277.298,1,43
43,23.1898,-58.9053,-289.344,449.944,1,43
43,27.7766,-56.8864,-14.1377,753.856,1,43
43,28.9361,-56.3054,-71.7177,1023.3,1,43
43,31.1281,-55.1239,-273.822,56.3823,1,43
43,31.864,-54.7018,-35.9228,724.209,1,43
43,31.7116,-54.7903,-274.404,84.4509,1,43
43,40.2609,-48.8535,-72.5911,230.266,1,43
43,42.9937,-46.4666,6.26809,581.913,1,43
43,43.2326,-46.2444,-117.776,8326.81,1,43
43,47.498,-41.8514,-301.509,391.414,1,43
43,49.4747,-39.4949,6.62844,449.645,1,43
43,51.0482,-37.439,7.7771,527.385,1,43
43,51.4591,-36.8722,-100.336,2073.56,1,43
43,56.6621,-28.2314,-7.86504,114.585,1,43
43,56.8152,-27.9219,-7.86587,429.964,1,43
43,60.8006,-17.6318,-254.923,216.16,1,43
43,62.5731,-9.60265,-267.333,434.165,1,43
43,62.9321,-6.86683,-153.856,6890.46,1,43
43,62.9292,-6.89334,-161.775,1701,1,43
43,62.9933,-6.28086,-5.0628,377.564,1,43
43,63.3055,0.0863301,60.3808,59.8127,1,43
43,63.2998,0.854381,26.9187,800.412,1,43
43,63.2794,1.82162,39.4826,462.014,1,43
43,63.2639,2.29772,101.856,295.116,1,43
43,63.2632,2.31772,-52.4239,396.152,1,43
43,62.7693,8.22259,16.8763,153.653,1,43
43,62.7852,8.10042,-24.9196,334.688,1,43
43,62.7007,8.73055,17.5274,216.774,1,43
43,62.4631,10.2935,-197.529,416.49,1,43
43,62.2566,11.4765,-22.027,512.386,1,43
43,59.6917,21.083,10.524,24.1295,1,43
43,57.2644,26.9886,-16.612,22.1435,1,43
43,57.1164,27.3005,-17.598,138.883,1,43
43,56.4661,28.6213,-25.1425,480.471,1,43
43,55.6554,30.1675,94.5214,1000.23,1,43
43,49.9011,38.9548,100.68,183.665,1,43
43,46.4682,42.992,-29.968,450.302,1,43
43,42.974,46.4847,6.72638,876.912,1,43
43,42.1927,47.1951,80.6469,75.6309,1,43
43,41.9346,47.4245,80.6149,227.123,1,43
43,41.6519,47.6731,80.6261,127.516,1,43
43,40.8991,48.3204,-17.3094,262.513,1,43
43,35.4421,52.4543,-191.298,173.395,1,43
43,29.3147,56.1092,-245.205,3659.37,1,43
43,29.4607,56.0327,-249.084,163,1,43
43,28.0517,56.7512,-246.243,2570.75,1,43
43,27.6165,56.9643,19.2708,629.87,1,43
43,21.6408,59.4918,-29.9602,153.997,1,43
43,21.4083,59.5759,-28.908,26.1821,1,43
43,19.4616,60.2399,-33.6698,642.943,1,43
43,19.2471,60.3088,-111.207,633.316,1,43
43,17.3706,60.8758,-97.7141,310.83,1,43
43,17.373,60.8751,-120.182,316.847,1,43
43,17.3445,60.8832,-305.78,108.417,1,43
43,16.8012,61.0354,-97.172,21.2346,1,43
43,15.7316,61.3198,-119.295,343.084,1,43
43,15.7169,61.3236,-96.8311,322.802,1,43
43,14.9349,61.5187,-259.108,5884.94,1,43
43,10.4277,62.4409,-121.355,451.434,1,43
43,10.4294,62.4406,-143.827,449.597,1,43
43,9.53977,62.5827,9.35316,646.843,1,43
43,1.53338,63.287,14.2184,431.851,1,43
43,-3.7909,63.192,-66.3434,441.386,1,43
43,-5.47879,63.0681,-174.193,576.427,1,43
43,-5.72261,63.0464,-181.612,325.505,1,43
43,-9.02944,62.6583,-218.351,215.108,1,43
43,-16.8012,61.0354,-23.82,39.1274,1,43
43,-20.1087,60.027,-145.386,1176.25,1,43
43,-20.8954,59.7577,66.994,364.642,1,43
43,-23.0344,58.9662,-182.567,4398.15,1,43
43,-25.241,58.0559,-11.093,827.137,1,43
43,-34.9551,52.7801,-20.1875,83.1227,1,43
43,-38.0658,50.5826,18.6535,269.758,1,43
43,-38.1302,50.534,-99.7841,504.746,1,43
43,-38.7799,50.0372,-10.491,126.922,1,43
43,-38.8795,49.9598,-9.404,34.1457,1,43
43,-43.5892,45.9084,-196.598,201.891,1,43
43,-43.9634,45.5502,-138.066,52.7378,1,43
43,-48.4254,40.7747,-135.449,1121.53,1,43
43,-48.6716,40.4805,-62.1208,533.998,1,43
43,-51.0391,37.4515,-145.301,153.606,1,43
43,-53.0225,34.5863,-96.7328,390.677,1,43
43,-55.1552,31.0725,-293.524,1063.33,1,43
43,-55.9296,29.6559,-278.549,115.676,1,43
43,-56.4665,28.6205,67.3744,359.751,1,43
43,-57.9791,25.4171,-158.649,99.823,1,43
43,-58.5624,24.0425,-138.026,260.767,1,43
43,-58.8552,23.3166,-132.037,369.19,1,43
43,-60.4724,18.7266,-188.025,543.426,1,43
43,-60.7988,17.6381,-188.547,110.072,1,43
43,-60.8125,17.5908,-61.1195,566.262,1,43
43,-61.5119,14.963,66.7656,76.0636,1,43
43,-62.8591,7.50547,-3.71052,624.424,1,43
43,-63.2267,3.15972,-80.0317,536.54,1,43
43,-63.2796,1.81245,-78.516,31.085,1,43
43,-64.4018,-0.0878221,-32.9944,275.69,0,44
43,-64.3444,-2.72145,137.273,88.1962,0,44
43,-64.2846,-3.88548,283.733,561.415,0,44
43,-64.2102,-4.9648,288.071,108.771,0,44
43,-63.6216,-9.99483,182.732,5833.37,0,44
43,-63.6117,-10.0573,193.847,1819,0,44
43,-63.3994,-11.3191,-94.7153,252.031,0,44
43,-62.6995,-14.7097,115.828,26.3781,0,44
43,-62.5771,-15.2221,126.831,261.96,0,44
43,-62.0048,-17.4073,210.279,179.954,0,44
43,-58.2423,-27.4853,38.9474,114.91,0,44
43,-54.5137,-34.2908,-22.3396,819.477,0,44
43,-51.1633,-39.1142,134.643,303.535,0,44
43,-50.8328,-39.5428,-18.006,834.964,0,44
43,-50.0709,-40.5032,-89.6149,106.795,0,44
43,-48.7563,-42.0764,303.004,274.843,0,44
43,-48.4061,-42.4789,302.378,145.759,0,44
43,-48.1191,-42.8037,301.558,496.68,0,44
43,-46.0944,-44.9768,72.3029,72.1988,0,44
43,-45.8484,-45.2275,72.58,26.3335,0,44
43,-44.9355,-46.1346,71.2248,137.635,0,44
43,-41.7588,-49.0286,89.4888,833.375,0,44
43,-40.1321,-50.3688,260.16,219.75,0,44
43,-35.5604,-53.6941,213.986,72.8652,0,44
43,-35.286,-53.8749,214.743,199.182,0,44
43,-32.3574,-55.683,-18.3144,117.835,0,44
43,-31.0625,-56.4156,176.067,1345.55,0,44
43,-28.7196,-57.6437,116.676,7337.72,0,44
43,-28.7195,-57.6437,139.149,7357.59,0,44
43,-29.5692,-57.2125,-23.24,120.084,0,44
43,-29.2365,-57.3832,-23.9949,249.013,0,44
43,-28.9693,-57.5185,-24.7645,51.4976,0,44
43,-27.8735,-58.0575,27.6201,395.968,0,44
43,-27.264,-58.3462,-78.4592,1872.95,0,44
43,-25.3895,-59.186,13.781,1205.18,0,44
43,-24.1402,-59.7064,279.58,795.096,0,44
43,-15.318,-62.5537,62.9393,1081.57,0,44
43,-11.1507,-63.4292,285.2,266.015,0,44
43,-9.68408,-63.6696,295.757,139.698,0,44
43,-2.54595,-64.3516,259.14,22.1435,0,44
43,-2.15163,-64.3659,259.622,318.002,0,44
43,2.19495,-64.3645,144.034,81.71,0,44
43,6.39988,-64.0831,143.388,25.0203,0,44
43,6.39988,-64.0831,174.764,29.3095,0,44
43,7.09853,-64.0095,29.1853,112.676,0,44
43,7.09853,-64.0095,143.388,22,0,44
43,7.09853,-64.0095,174.546,52.4916,0,44
43,7.79632,-63.9283,174.34,29.0546,0,44
43,8.31907,-63.8623,28.6716,87.8462,0,44
43,9.0152,-63.7678,-1.39158,86.7968,0,44
43,9.01519,-63.7678,-0.137615,132.321,0,44
43,9.0152,-63.7678,174.34,55.2773,0,44
43,17.4306,-61.9982,1.87671,138.61,0,44
43,22.6034,-60.305,54.917,88.5706,0,44
43,22.9319,-60.1808,54.772,36.18,0,44
43,23.4235,-59.9912,302.388,42.182,0,44
43,27.9316,-58.0295,166.772,891.829,0,44
43,33.8946,-54.761,83.3503,1305.41,0,44
43,36.2437,-53.2353,-41.1867,694.992,0,44
43,48.0225,-42.912,46.2961,905.596,0,44
43,51.3335,-38.8906,57.3111,209.764,0,44
43,51.9273,-38.0941,177.732,51.1841,0,44
43,51.9273,-38.0941,200.204,51.1106,0,44
43,52.4618,-37.3546,119.716,855.443,0,44
43,54.2357,-34.7288,218.588,688.555,0,44
43,54.8683,-33.7205,134.648,270.549,0,44
43,55.419,-32.8077,73.8733,628.927,0,44
43,55.4024,-32.8356,103.801,202.5,0,44
43,55.4342,-32.7819,134.401,112.549,0,44
43,55.9301,-31.9285,134.373,167.586,0,44
43,56.4033,-31.085,134.203,556.759,0,44
43,56.5432,-30.8297,2.68034,1462.53,0,44
43,56.9277,-30.1138,133.898,524.406,0,44
43,57.0931,-29.799,169.273,1078.9,0,44
43,57.4687,-29.0681,133.762,433.173,0,44
43,57.5292,-28.9482,169.221,285.791,0,44
43,57.9429,-28.111,133.563,297.609,0,44
43,57.9926,-28.0083,169.132,419.859,0,44
43,58.3788,-27.1942,168.994,428.473,0,44
43,58.9496,-25.9334,168.895,1222.75,0,44
43,59.4276,-24.8186,168.828,60.5664,0,44
43,59.633,-24.321,98.9575,468.353,0,44
43,59.7814,-23.954,168.654,479.011,0,44
43,60.7096,-21.4931,-12.0694,1173.65,0,44
43,60.7745,-21.3087,140.066,765.189,0,44
43,60.7532,-21.3694,283.308,80.182,0,44
43,60.8989,-20.9506,29.332,50.2731,0,44
43,61.0123,-20.6181,29.1966,137.801,0,44
43,63.3828,-11.4117,50.171,141.614,0,44
43,64.4019,0.0299604,174.282,161.741,0,44
43,64.337,2.89099,260.858,1442.3,0,44
43,64.2516,4.39744,263.865,232.285,0,44
43,64.1864,5.26434,90.812,51.4068,0,44
43,64.1491,5.70048,91.0004,115.375,0,44
43,63.4976,10.7543,-82.6525,1294.93,0,44
43,61.9172,17.7162,90.3166,1773.58,0,44
43,61.2779,19.8148,226.859,774.01,0,44
43,60.3566,22.4652,47.5111,2263.53,0,44
43,60.4274,22.2741,114.941,159.108,0,44
43,59.8477,23.7876,161.38,575.99,0,44
43,59.6314,24.3248,145.357,369.758,0,44
43,59.5999,24.402,161.62,29.3475,0,44
43,59.4742,24.7067,278.383,186.955,0,44
43,55.4985,32.673,131.94,54.3776,0,44
43,53.7559,35.467,104.255,1038.57,0,44
43,53.3658,36.0513,134.121,659.891,0,44
43,53.0208,36.5568,135.148,212.281,0,44
43,51.593,38.5457,34.6105,167.375,0,44
43,49.3089,41.4275,-68.352,562.168,0,44
43,48.4046,42.4805,-68.4028,614.52,0,44
43,44.5981,46.4608,186.052,95.6897,0,44
43,43.832,47.1843,15.34,24.1092,0,44
43,33.934,54.7366,4.57018,216.149,0,44
43,33.6349,54.9208,4.93342,71.8811,0,44
43,31.8497,55.975,-43.5377,2647.07,0,44
43,31.2173,56.3301,-100.266,690.841,0,44
43,28.9331,57.5368,156.558,410.454,0,44
43,28.3845,57.8094,262.937,454.096,0,44
43,27.3102,58.3246,52.6824,456.562,0,44
43,26.1572,58.8507,165.81,392.262,0,44
43,19.3751,61.4183,249.672,331.974,0,44
43,12.8091,63.1152,-22.4266,308.594,0,44
43,10.2783,63.5764,145.09,235.173,0,44
43,9.71022,63.6657,91.8899,52.5095,0,44
43,9.36284,63.7177,92.508,22.3061,0,44
43,8.87201,63.7879,92.7786,764.832,0,44
43,8.17797,63.8806,40.2688,7083.06,0,44
43,7.59347,63.9527,241.63,527.634,0,44
43,4.41379,64.2505,166.16,492.885,0,44
43,3.35683,64.3144,166.09,1963.83,0,44
43,1.46521,64.3852,273.395,2535.69,0,44
43,0.944249,64.395,166.033,764.722,0,44
43,0.94399,64.395,188.5,759.02,0,44
43,-2.36299,64.3585,150.03,2026.54,0,44
43,-6.73552,64.0487,135.33,283.809,0,44
43,-8.30172,63.8646,-4.99265,316.732,0,44
43,-8.43983,63.8465,-71.2234,150.892,0,44
43,-9.56874,63.6871,-71.1597,1336.63,0,44
43,-9.0152,63.7678,-4.588,38.2689,0,44
43,-9.36286,63.7177,-4.588,25.18,0,44
43,-9.98083,63.6238,-4.26987,832.073,0,44
43,-9.90513,63.6356,-53.2899,293.952,0,44
43,-10.3236,63.5691,-71.156,54.5139,0,44
43,-14.7097,62.6995,273.375,100.851,0,44
43,-22.1823,60.4611,-103.612,721.526,0,44
43,-24.5533,59.5377,-15.821,219.84,0,44
43,-29.4641,57.2667,-104.192,282.401,0,44
43,-30.9649,56.4693,225.058,526.079,0,44
43,-33.6349,54.9208,-4.4765,328.547,0,44
43,-44.3441,46.7034,163.872,94.5568,0,44
43,-46.0148,45.0582,-46.7866,299.763,0,44
43,-46.053,45.0192,163.797,256.021,0,44
43,-47.0235,44.0045,186.57,621.589,0,44
43,-49.7216,40.9312,39.2473,3503.12,0,44
43,-52.7728,36.9139,237.017,301.634,0,44
43,-52.8626,36.7853,23.6209,134.257,0,44
43,-53.9195,35.2178,140.354,1407.77,0,44
43,-55.5253,32.6273,54.9278,631.734,0,44
43,-57.4858,29.0342,20.5792,154.107,0,44
43,-57.6433,28.7203,20.428,35.4124,0,44
43,-57.7991,28.4054,20.5591,146.843,0,44
43,-62.3638,16.0736,-5.2404,223.008,0,44
43,-64.3968,0.806999,-18.1417,577.424,0,44
43,-64.4014,0.263432,-33.2619,116.908,0,44
43,-64.397,-0.790319,-75.972,27.4437,1,44
43,-64.3846,-1.49272,-74.4576,264.086,1,44
43,-63.7678,-9.0152,65.6383,123.098,1,44
43,-62.5771,-15.2221,-114.328,46.5277,1,44
43,-61.9843,-17.48,29.348,4310.53,1,44
43,-61.9478,-17.6091,-45.8567,322.952,1,44
43,-60.7968,-21.2452,-150.333,237.405,1,44
43,-60.4852,-22.1166,-13.9161,475.53,1,44
43,-58.8645,-26.1262,-35.1576,438.285,1,44
43,-58.0459,-27.8977,-68.215,357.749,1,44
43,-57.7491,-28.507,-68.8882,381.133,1,44
43,-57.1369,-29.7149,-2.3724,190.638,1,44
43,-54.5424,-34.2452,-121.228,453.211,1,44
43,-54.3195,-34.5976,-203.387,423.51,1,44
43,-52.1291,-37.8175,79.2085,1027.71,1,44
43,-51.1811,-39.0909,-96.3929,496.164,1,44
43,-47.1131,-43.9086,-305.091,350.891,1,44
43,-41.7416,-49.0433,-87.7658,1320.57,1,44
43,-41.4478,-49.2918,-114.959,994.531,1,44
43,-41.4734,-49.2703,-197.612,645.76,1,44
43,-36.1486,-53.2999,-35.6631,2325.02,1,44
43,-36.144,-53.3031,-43.4249,815,1,44
43,-34.4329,-54.424,-134.057,603.116,1,44
43,-29.8687,-57.0567,-93.9177,227.65,1,44
43,-25.6844,-59.0586,76.6091,394.651,1,44
43,-24.3951,-59.6027,-58.4977,529.539,1,44
43,-20.0472,-61.2023,-112.813,213.134,1,44
43,-20.048,-61.202,-135.273,213.308,1,44
43,-18.5201,-61.6815,-215.409,603.007,1,44
43,-15.9038,-62.4073,-229.739,61.3823,1,44
43,-15.3402,-62.5483,-115.489,2009.01,1,44
43,-15.5632,-62.4931,-229.884,29.0546,1,44
43,-11.8077,-63.3102,-232.106,301.878,1,44
43,-5.25204,-64.1874,-277.783,537.575,1,44
43,-5.22837,-64.1893,-102.468,176.81,1,44
43,-4.52158,-64.243,-2.80038,390.618,1,44
43,-4.82526,-64.2209,-102.26,22.1456,1,44
43,-4.5382,-64.2418,-102.908,251.114,1,44
43,-3.10456,-64.327,-161.858,290.484,1,44
43,-2.00735,-64.3706,-103.952,6988.64,1,44
43,-1.90364,-64.3738,-112.63,1826,1,44
43,4.3741,-64.2532,47.7825,849.457,1,44
43,7.16071,-64.0026,89.9018,170.159,1,44
43,7.18462,-63.9999,-103.548,167.499,1,44
43,8.86179,-63.7893,-145.385,154.995,1,44
43,11.3722,-63.3899,-146.942,157.178,1,44
43,14.181,-62.8212,28.383,430.54,1,44
43,14.6159,-62.7215,-228.178,708.491,1,44
43,15.972,-62.3899,86.6954,92.5966,1,44
43,18.8584,-61.5789,-134.766,409.609,1,44
43,19.752,-61.2981,-60.4627,251.116,1,44
43,20.1183,-61.1789,-60.2901,134.256,1,44
43,23.6666,-59.8957,-288.997,357.842,1,44
43,29.2496,-57.3765,-70.2,855.934,1,44
43,32.709,-55.4772,-275.079,385.767,1,44
43,33.0581,-55.2699,-34.6828,466.938,1,44
43,41.1862,-49.5106,-70.9645,881.876,1,44
43,43.3825,-47.598,-119.055,11016.8,1,44
43,43.574,-47.4227,-134.189,2112,1,44
43,43.895,-47.1257,7.07405,433.733,1,44
43,48.6512,-42.1979,-300.83,193.35,1,44
43,50.196,-40.348,7.38639,410.047,1,44
43,52.1417,-37.8001,9.07603,368.239,1,44
43,51.9884,-38.0106,-99.5673,68.4369,1,44
43,55.7828,-32.1851,-135.112,605.289,1,44
43,56.0403,-31.7347,-150.817,4174.74,1,44
43,56.6097,-30.7075,-87.8479,531.22,1,44
43,57.0511,-29.8793,81.4226,451.714,1,44
43,57.4551,-29.0949,-7.28833,4662.62,1,44
43,58.4982,-26.9363,-78.5053,473.997,1,44
43,58.4726,-26.9918,-243.242,172.598,1,44
43,60.6684,-21.6091,-149.963,1110.42,1,44
43,60.6832,-21.5674,-133.48,252.876,1,44
43,61.9587,-17.5707,-253.788,236.932,1,44
43,62.0924,-17.0921,-253.204,33.1659,1,44
43,63.9283,-7.79631,-154.871,555.617,1,44
43,64.4011,0.329066,61.1412,357.393,1,44
43,64.3918,1.14154,41.3795,180.535,1,44
43,64.388,1.33842,28.7431,348.44,1,44
43,64.3794,1.70096,101.961,1273.32,1,44
43,64.3841,1.51386,40.7201,191.435,1,44
43,64.3704,2.01361,-52.2397,379.852,1,44
43,64.0802,6.42916,23.4941,423.47,1,44
43,63.7837,8.90193,-24.0712,815.095,1,44
43,63.4914,10.7912,-197.451,399.792,1,44
43,63.2361,12.1984,-20.4318,381.678,1,44
43,60.8564,21.0739,12.119,380.985,1,44
43,60.0917,23.1643,-163.403,113.975,1,44
43,60.0715,23.2167,-140.949,90.7567,1,44
43,59.6438,24.2944,-140.006,506.698,1,44
43,59.6491,24.2815,-162.514,526.131,1,44
43,58.3314,27.2957,-15.1932,363.121,1,44
43,57.2743,29.4493,-24.8501,171.921,1,44
43,56.7411,30.4639,95.1163,436.452,1,44
43,50.8619,39.5053,100.836,70.453,1,44
43,47.9416,43.0024,-29.9767,1221.13,1,44
43,43.4063,47.5762,8.37932,1499.3,1,44
43,42.2163,48.6352,81.4023,349.272,1,44
43,41.3726,49.355,-16.4347,420.85,1,44
43,36.4342,53.1051,-190.699,76.5825,1,44
43,31.643,56.0921,-243.486,2665.44,1,44
43,30.672,56.6289,-244.376,1671.61,1,44
43,28.3202,57.8409,20.7416,438.206,1,44
43,21.4719,60.7171,-28.2487,147.265,1,44
43,21.1328,60.8359,-27.5824,215.727,1,44
43,20.9231,60.9084,-32.1885,697.086,1,44
43,20.3011,61.1185,-111.164,94.4005,1,44
43,19.4497,61.3947,-98.868,32.182,1,44
43,19.4497,61.3947,-121.34,32.1645,1,44
43,19.1146,61.4999,-99.292,23.3638,1,44
43,19.1146,61.4999,-121.764,26.3265,1,44
43,17.8828,61.8693,-305.525,204.754,1,44
43,15.7665,62.4422,-258.653,3827.04,1,44
43,10.8388,63.4833,-120.32,717.846,1,44
43,10.8399,63.4831,-142.788,718.556,1,44
43,1.72852,64.3787,14.8004,1177.68,1,44
43,-0.790326,64.397,-117.979,160.421,1,44
43,-3.60952,64.3007,-65.9946,192.17,1,44
43,-5.97311,64.1243,-173.465,1746.34,1,44
43,-6.02166,64.1198,-181.297,300.725,1,44
43,-9.46711,63.7023,-218.273,502.087,1,44
43,-17.4306,61.9982,-23.5653,80.0415,1,44
43,-21.2103,60.8089,-146.269,324.951,1,44
43,-21.4481,60.7255,67.764,27.1013,1,44
43,-22.0458,60.511,68.0858,402.949,1,44
43,-21.9442,60.548,-146.78,28.2185,1,44
43,-22.967,60.1674,-183.635,3079.04,1,44
43,-35.0455,54.0316,-18.79,930.226,1,44
43,-38.4496,51.6646,19.7172,1108.06,1,44
43,-38.9975,51.2523,-99.3246,281.512,1,44
43,-39.9401,50.5212,-8.41713,644.873,1,44
43,-44.4206,46.6306,-196.472,321.171,1,44
43,-44.9768,46.0944,-137.71,56.6025,1,44
43,-45.2275,45.8484,-137.231,96.0132,1,44
43,-49.3911,41.3294,-134.06,41.3823,1,44
43,-49.7089,40.9467,-62.1149,655.648,1,44
43,-51.7784,38.2963,-144.833,1218.47,1,44
43,-53.8059,35.3911,-95.9987,361.324,1,44
43,-56.2981,31.275,-292.973,754.245,1,44
43,-57.102,29.782,-278.05,737.538,1,44
43,-57.7144,28.5771,68.3811,941.774,1,44
43,-59.0764,25.6434,-158.222,183.608,1,44
43,-59.3695,24.9573,-137.81,532.713,1,44
43,-59.9383,23.5586,-131.652,164.226,1,44
43,-60.9534,20.7916,-186.922,471.845,1,44
43,-61.2706,19.8373,-187.458,805.253,1,44
43,-61.9264,17.6841,-59.0242,462.023,1,44
43,-63.9291,7.78954,-2.42485,855.398,1,44
43,-64.3187,3.27164,-86.8591,421.515,1,44
43,-65.4945,-0.803789,-20.4373,361.157,0,45
43,-65.4068,-3.4815,283.39,203.937,0,45
43,-63.8487,-14.6123,115.176,57.7055,0,45
43,-59.4003,-27.6003,38.8049,73.0817,0,45
43,-57.4501,-31.4589,-65.1858,316.031,0,45
43,-55.3851,-34.9665,-22.4207,208.958,0,45
43,-55.1936,-35.2681,-22.396,21.4508,0,45
43,-53.1336,-38.3013,-32.7881,906.305,0,45
43,-52.2946,-39.4392,134.295,219.921,0,45
43,-50.6883,-41.4833,-90.236,28.0546,0,45
43,-50.4613,-41.7592,-89.812,28.2143,0,45
43,-48.6815,-43.821,300.358,220.354,0,45
43,-45.3582,-47.2526,70.6454,51.5966,0,45
43,-43.9205,-48.5918,70.036,28.3335,0,45
43,-41.0672,-51.026,259.139,87.1378,0,45
43,-36.4637,-54.4111,212.791,375.868,0,45
43,-32.6119,-56.8035,-18.3265,201.543,0,45
43,-32.1292,-57.0779,176.238,3480.39,0,45
43,-31.5053,-57.4246,118.77,4319.61,0,45
43,-31.5036,-57.4255,141.244,4338.85,0,45
43,-28.932,-58.7632,-26.3098,1758.44,0,45
43,-28.4983,-58.9747,27.1778,430.549,0,45
43,-28.0453,-59.1915,-78.6986,2220.94,0,45
43,-26.0387,-60.1012,12.3205,236.651,0,45
43,-24.1084,-60.9012,278.52,78.6631,0,45
43,-17.5556,-63.1029,-25.788,22.0364,0,45
43,-15.8055,-63.5638,-24.9917,399.562,0,45
43,-15.7823,-63.5696,62.9203,298.676,0,45
43,-15.3079,-63.6855,-25.364,31.1092,0,45
43,-9.09846,-64.8644,296.058,747.977,0,45
43,-2.75307,-65.4415,257.526,472.392,0,45
43,5.3693,-65.279,31.0284,255.463,0,45
43,6.52955,-65.1731,30.142,724.208,0,45
43,7.75185,-65.0391,143.388,23.1092,0,45
43,8.57687,-64.9354,143.234,502.331,0,45
43,9.54011,-64.8009,-2.09051,1882.97,0,45
43,9.42488,-64.8178,143.215,292.269,0,45
43,9.97244,-64.7358,-3.50773,75.4691,0,45
43,10.8909,-64.5876,142.952,392.478,0,45
43,12.8561,-64.2253,142.684,352.164,0,45
43,12.6907,-64.2582,173.916,45.2194,0,45
43,13.1452,-64.1668,174.041,235.274,0,45
43,13.9467,-63.9974,142.532,395.736,0,45
43,14.7398,-63.8194,173.937,1168.87,0,45
43,15.0605,-63.7444,142.54,66.5237,0,45
43,16.1271,-63.483,173.773,222.689,0,45
43,17.5556,-63.1029,1.5554,194.008,0,45
43,18.966,-62.6934,-74.227,655.226,0,45
43,18.7569,-62.7563,173.492,24.1092,0,45
43,20.2079,-62.3042,266.974,135.579,0,45
43,21.3354,-61.9271,-69.3243,325.955,0,45
43,24.3211,-60.8166,301.964,46.168,0,45
43,24.7494,-60.6435,301.54,68.4369,0,45
43,25.327,-60.4046,55.0669,329.538,0,45
43,25.8063,-60.2014,54.9582,91.0315,0,45
43,26.1342,-60.0598,54.9859,62.6329,0,45
43,27.0023,-59.6745,166.668,10426,0,45
43,27.3093,-59.5347,55.1341,603.55,0,45
43,26.9507,-59.6978,173.737,638,0,45
43,30.4494,-57.9914,123.713,103.999,0,45
43,34.2098,-55.8557,114.132,99.2413,0,45
43,34.3632,-55.7615,83.4087,647.062,0,45
43,36.6756,-54.2685,-42.4037,317.413,0,45
43,48.1215,-44.4353,56.9792,726.231,0,45
43,49.5105,-42.8822,57.0405,1431.02,0,45
43,48.7114,-43.7878,45.2683,91.7249,0,45
43,51.026,-41.0672,135.756,23.0182,0,45
43,51.2492,-40.7883,135.973,186.76,0,45
43,51.6911,-40.2268,135.804,272.276,0,45
43,51.9098,-39.9443,135.882,229.442,0,45
43,52.3177,-39.4084,135.599,354.795,0,45
43,52.9674,-38.5308,135.468,211.818,0,45
43,52.9123,-38.6064,177.582,601.146,0,45
43,52.9112,-38.608,200.053,602.071,0,45
43,53.3151,-38.0483,135.199,136.949,0,45
43,54.3364,-36.5749,135.075,1340.34,0,45
43,53.7033,-37.4983,169.894,237.197,0,45
43,54.2413,-36.7158,169.843,470.165,0,45
43,54.9259,-35.6835,169.767,1184.82,0,45
43,54.8797,-35.7546,142.272,1120.87,0,45
43,55.2592,-35.1652,134.701,159.42,0,45
43,55.4803,-34.8154,134.908,35.2164,0,45
43,55.8631,-34.1977,169.602,948.593,0,45
43,55.8568,-34.2081,91.66,25.1435,0,45
43,56.1585,-33.7104,91.6441,376.686,0,45
43,56.1288,-33.7599,102.623,341.454,0,45
43,56.1913,-33.6557,72.3636,632.142,0,45
43,56.6698,-32.8436,91.8694,330.286,0,45
43,56.4996,-33.1357,169.426,85.0132,0,45
43,56.7688,-32.6723,169.676,30.2913,0,45
43,57.1199,-32.0545,169.416,498.557,0,45
43,57.2786,-31.77,1.99032,514.564,0,45
43,57.5698,-31.2392,169.34,462.658,0,45
43,60.3777,-25.3911,97.6891,244.825,0,45
43,61.8165,-21.654,-13.8474,359.947,0,45
43,61.9367,-21.3076,283.103,136.27,0,45
43,62.1038,-20.8156,29.5979,351.419,0,45
43,62.0973,-20.8349,283.008,400.532,0,45
43,62.42,-19.8474,29.9715,536.436,0,45
43,62.2771,-20.2914,282.884,38.091,0,45
43,62.7006,-18.9423,30.2714,418.194,0,45
43,63.5136,-16.006,-57.062,2564.2,0,45
43,65.4891,-1.16097,273.132,29.1841,0,45
43,65.4959,-0.674638,-63.1,87.4712,0,45
43,65.4955,-0.711385,273.132,56.0406,0,45
43,65.4853,1.35859,174.065,406.261,0,45
43,65.4313,2.9866,260.235,388.494,0,45
43,65.3227,4.80769,264.228,57.5258,0,45
43,65.2242,5.99781,90.2465,573.127,0,45
43,65.1514,6.74334,89.8178,66.7422,0,45
43,64.7335,9.98742,-83.2775,200.743,0,45
43,62.3532,20.0561,46.4915,2259.91,0,45
43,62.4145,19.8645,225.541,1230.27,0,45
43,61.4404,22.6991,114.289,515.273,0,45
43,60.7601,24.4619,161.312,695.857,0,45
43,60.787,24.395,145.254,259.302,0,45
43,60.494,25.1127,271.697,315.228,0,45
43,57.3222,31.6912,111.736,1144.83,0,45
43,56.7217,32.7539,112.012,167.762,0,45
43,54.7606,35.9367,103.999,1918.55,0,45
43,54.6092,36.1664,131.94,35.2558,0,45
43,54.5258,36.292,132.926,333.472,0,45
43,52.2299,39.5247,34.0023,206.975,0,45
43,48.1936,44.357,-68.4665,948.02,0,45
43,45.1077,47.4917,185.821,293.783,0,45
43,43.4202,49.0393,-19.1267,310.081,0,45
43,41.4089,50.7492,249.583,7528.54,0,45
43,37.5968,53.6344,-83.5394,862.161,0,45
43,37.3836,53.7833,47.2942,532.347,0,45
43,34.5922,55.6197,3.63144,195.829,0,45
43,34.5122,55.6693,-42.6347,83.6292,0,45
43,33.9516,56.013,-42.9366,4165.47,0,45
43,33.3993,56.3441,-42.9854,361.299,0,45
43,33.4433,56.318,135.332,31.376,0,45
43,31.4317,57.4649,-100.96,951.655,0,45
43,29.3156,58.5728,156.63,655.28,0,45
43,29.2748,58.5932,261.938,207.58,0,45
43,27.2473,59.5631,52.3961,167.465,0,45
43,26.6679,59.8247,165.887,1611.43,0,45
43,19.8432,62.4213,248.591,235.299,0,45
43,10.4862,64.6545,90.593,891.723,0,45
43,10.2821,64.6873,144.841,358.342,0,45
43,8.6181,64.93,40.8055,9476.23,0,45
43,7.11354,65.112,240.377,598.631,0,45
43,1.10993,65.49,165.765,2401.78,0,45
43,1.3012,65.4865,188.093,1412.46,0,45
43,0.700795,65.4957,272.587,931.86,0,45
43,-0.0893241,65.4993,165.86,25.105,0,45
43,-2.22427,65.4616,148.843,417.079,0,45
43,-2.52481,65.4507,16.228,290.124,0,45
43,-7.70462,65.0447,-71.0458,1190.99,0,45
43,-7.09858,65.1136,134.966,505.916,0,45
43,-10.3321,64.6794,-54.1411,1077.55,0,45
43,-13.216,64.1522,-92.9001,207.752,0,45
43,-13.216,64.1522,-3.316,23.3053,0,45
43,-14.4557,63.8843,272.736,295.922,0,45
43,-25.1345,60.485,-16.8842,825.779,0,45
43,-29.548,58.4558,-105.434,419.534,0,45
43,-31.572,57.388,225.009,162.543,0,45
43,-34.0546,55.9505,-6.15009,938.976,0,45
43,-37.1186,53.9665,84.9638,769.298,0,45
43,-40.7099,51.3116,-10.476,482.558,0,45
43,-43.7123,48.7792,163.898,742.292,0,45
43,-45.7883,46.836,-49.0459,808.432,0,45
43,-47.5116,45.0868,185.883,195.638,0,45
43,-47.7688,44.8142,124.872,168.992,0,45
43,-51.1392,40.9262,36.6394,916.15,0,45
43,-53.4676,37.8337,235.964,1357.86,0,45
43,-54.8162,35.8519,21.809,1636.22,0,45
43,-54.9082,35.7108,138.794,1188.82,0,45
43,-56.369,33.3573,54.772,109.364,0,45
43,-57.3698,31.6049,19.379,665.857,0,45
43,-58.1135,30.2157,20.0865,749.239,0,45
43,-63.5381,15.9087,-5.50048,229.55,0,45
43,-64.4887,11.4618,146.098,236.827,0,45
43,-65.4945,0.803753,-35.116,45.2549,0,45
43,-65.4979,0.446528,-34.4195,64.4873,0,45
43,-65.4984,0.370346,-19.647,224.605,0,45
43,-64.9035,-8.81496,65.6473,227.103,1,45
43,-63.11,-17.53,28.5617,1698.02,1,45
43,-63.0404,-17.7788,-45.6513,189.908,1,45
43,-61.6257,-22.191,-149.65,831.545,1,45
43,-59.945,-26.3964,-34.612,124.644,1,45
43,-59.865,-26.5774,-65.5662,930.236,1,45
43,-59.3773,-27.6497,-67.087,800.719,1,45
43,-57.9816,-30.4681,-1.82795,282.239,1,45
43,-55.8079,-34.2877,-120.366,309.613,1,45
43,-55.0408,-35.506,-22.7195,1740.99,1,45
43,-55.1936,-35.2681,-201.827,385.166,1,45
43,-53.1983,-38.2114,79.524,858.498,1,45
43,-47.9884,-44.579,-304.765,111.801,1,45
43,-42.6153,-49.7404,-86.4247,1228.44,1,45
43,-42.3469,-49.9691,-197.109,400.785,1,45
43,-41.9295,-50.3199,-113.493,1079.7,1,45
43,-37.205,-53.9069,-33.4744,702.59,1,45
43,-34.8233,-55.4753,-133.959,516.425,1,45
43,-30.1181,-58.1642,-92.4348,435.165,1,45
43,-25.8283,-60.192,76.8327,296.231,1,45
43,-24.9613,-60.5566,-58.325,411.516,1,45
43,-23.3227,-61.2064,71.58,34.1456,1,45
43,-22.9399,-61.3509,71.2818,253.44,1,45
43,-20.6307,-62.1655,-111.588,25.2367,1,45
43,-20.6307,-62.1655,-134.06,24.217,1,45
43,-18.4118,-62.8584,-214.289,2296.18,1,45
43,-16.1748,-63.4708,-230.052,72.7667,1,45
43,-15.7712,-63.5723,-230.207,100.548,1,45
43,-11.8157,-64.4248,-230.365,1139.44,1,45
43,-5.77515,-65.2443,-101.975,261.045,1,45
43,-5.32804,-65.2823,-1.81953,213.681,1,45
43,-4.90749,-65.3153,-2.08809,86.3622,1,45
43,-4.85142,-65.3195,-277.116,192.756,1,45
43,-3.38463,-65.4119,-161.774,119.753,1,45
43,-2.51468,-65.4511,-103.95,5452.16,1,45
43,-2.41085,-65.455,-115.981,2154,1,45
43,4.26797,-65.3602,49.1888,267.836,1,45
43,6.71499,-65.1543,-101.531,983.604,1,45
43,6.73238,-65.1525,90.0864,320.455,1,45
43,8.48636,-64.9473,-144.928,1423.52,1,45
43,8.53048,-64.9415,-180.391,394.833,1,45
43,8.53124,-64.9414,-202.86,395.818,1,45
43,12.0862,-64.3746,-146.459,533.76,1,45
43,14.6722,-63.8349,28.578,255.516,1,45
43,15.1517,-63.7228,-226.63,1290.21,1,45
43,17.6327,-63.0814,85.2309,184.072,1,45
43,18.6908,-62.776,-59.7738,127.821,1,45
43,19.485,-62.534,-59.98,435.507,1,45
43,24.1597,-60.8809,-288.253,521.399,1,45
43,29.1136,-58.6734,-13.4668,191.594,1,45
43,29.529,-58.4654,-68.1145,278.205,1,45
43,33.5468,-56.2564,-275.546,107.938,1,45
43,34.2397,-55.8374,-33.5535,401.882,1,45
43,34.044,-55.9569,-276.106,331.228,1,45
43,42.1449,-50.1396,-69.7676,860.02,1,45
43,43.2973,-49.1479,-120.571,7470.41,1,45
43,44.7305,-47.8472,7.89262,278.043,1,45
43,46.7417,-45.8844,-148.389,475.639,1,45
43,49.7713,-42.5792,-300.415,75.2695,1,45
43,50.9138,-41.2062,8.404,33.1274,1,45
43,52.6002,-39.0307,-98.6684,674.065,1,45
43,53.1752,-38.2435,10.2329,562.325,1,45
43,56.7819,-32.6494,-64.853,148.757,1,45
43,57.2338,-31.8506,81.9488,1299.93,1,45
43,57.4181,-31.5172,-87.0246,513.864,1,45
43,58.0827,-30.2749,-6.6017,4595.04,1,45
43,59.2523,-27.9166,-241.743,441.36,1,45
43,59.6549,-27.0456,-78.1441,419.869,1,45
43,61.3601,-22.9153,-148.49,1233.75,1,45
43,61.6581,-22.1008,-132.831,696.269,1,45
43,64.2038,-12.9631,-137.033,8922.34,1,45
43,64.4844,-11.486,-266.977,168.652,1,45
43,64.9187,-8.70276,-155.961,4307.7,1,45
43,65.2471,-5.74322,-2.64037,494.081,1,45
43,65.4936,0.870317,102.141,402.297,1,45
43,65.4963,0.63696,42.6165,552.966,1,45
43,65.4811,1.54987,102.116,164.644,1,45
43,65.4741,1.81892,30.6165,1300.02,1,45
43,65.4753,1.77521,-52.1148,2366.43,1,45
43,65.223,6.0112,24.5725,415.399,1,45
43,64.8035,9.52242,-23.2356,63.4712,1,45
43,64.6778,10.3419,19.5844,1467.04,1,45
43,64.5151,11.3123,-197.346,1136.19,1,45
43,64.1744,13.1079,-17.9598,1116.14,1,45
43,62.0517,20.9704,13.3246,466.203,1,45
43,59.8439,26.6247,-138.724,23.1071,1,45
43,59.8439,26.6247,-161.196,23.0391,1,45
43,59.6449,27.0676,-138.033,120.906,1,45
43,59.5653,27.2423,-160.621,211.226,1,45
43,59.4233,27.5508,-13.4726,445.064,1,45
43,59.4374,27.5203,-138.3,71.2367,1,45
43,58.0144,30.4057,-24.6021,457.866,1,45
43,57.9065,30.6105,95.8809,191.505,1,45
43,51.8866,39.9744,100.998,1340.14,1,45
43,49.1526,43.2919,-29.8837,98.8514,1,45
43,43.7541,48.7417,10.016,322.718,1,45
43,42.6139,49.7416,82.2129,373.296,1,45
43,41.7216,50.4924,-15.3326,480.45,1,45
43,37.3491,53.8072,-190.267,93.8493,1,45
43,33.7913,56.1099,-242.087,1527.42,1,45
43,32.8162,56.6857,-243.008,711.98,1,45
43,28.9914,58.7339,22.0668,682.637,1,45
43,22.4478,61.5327,-30.7921,128.033,1,45
43,21.6235,61.8271,-100.748,743.517,1,45
43,21.6227,61.8274,-123.22,745.692,1,45
43,21.8136,61.7603,-31.452,26.3438,1,45
43,21.1849,61.9788,-26.2495,391.466,1,45
43,20.545,62.1939,-99.8653,937.149,1,45
43,20.9215,62.0682,-111.159,391.073,1,45
43,20.5451,62.1938,-122.338,939.608,1,45
43,18.4657,62.8426,-305.055,98.4631,1,45
43,16.332,63.4306,-258.263,974.456,1,45
43,11.5489,64.4732,-118.636,1371.81,1,45
43,11.5478,64.4734,-141.108,1371.68,1,45
43,1.88904,65.4722,15.568,1879.51,1,45
43,-3.22354,65.42,-65.568,335.203,1,45
43,-6.4149,65.1845,-180.989,417.121,1,45
43,-7.11072,65.1123,-171.843,1000.99,1,45
43,-22.8516,61.3838,-185.339,10911.1,1,45
43,-22.7995,61.4032,68.8195,253.801,1,45
43,-23.2441,61.2363,-147.643,1203.39,1,45
43,-26.353,59.9641,-10.3712,482.112,1,45
43,-38.8211,52.755,20.8532,623.761,1,45
43,-39.9443,51.9097,-99.1027,201.749,1,45
43,-40.7883,51.2492,-7.11885,102.827,1,45
43,-41.0672,51.026,-6.59736,60.0814,1,45
43,-45.4135,47.1994,-196.397,319.656,1,45
43,-50.4091,41.8222,-132.938,357.931,1,45
43,-52.5139,39.1466,-144.356,171.045,1,45
43,-54.6198,36.1504,-95.1734,920.125,1,45
43,-57.5187,31.3332,-292.681,281.645,1,45
43,-58.4131,29.6324,-277.599,146.444,1,45
43,-58.9712,28.5056,69.3466,650.265,1,45
43,-60.1552,25.9137,-157.352,547.827,1,45
43,-60.1796,25.8571,-137.631,271.518,1,45
43,-61.0246,23.7943,-130.965,170.857,1,45
43,-61.5601,22.3724,-186.078,387.512,1,45
43,-61.9002,21.4134,-186.689,343.49,1,45
43,-63.0042,17.9065,-57.4379,625.03,1,45
43,-63.8457,14.6253,66.882,269.237,1,45
43,-65.0109,7.98456,-1.46739,311.308,1,45
43,-65.3997,3.61201,-86.7533,264.008,1,45
43,-66.5964,-0.0908223,-20.8971,425.798,0,46
43,-66.589,-0.998855,-20.7,21.0546,0,46
43,-66.4922,-3.72579,135.763,742.762,0,46
43,-66.3663,-5.53285,287.548,46.2689,0,46
43,-65.6948,-10.9218,-95.7849,588.552,0,46
43,-65.5558,-11.7275,181.314,239.742,0,46
43,-65.4265,-12.4285,180.904,301.809,0,46
43,-64.4433,-16.7975,205.554,65.4551,0,46
43,-59.0298,-30.8314,-65.3831,111.851,0,46
43,-58.8006,-31.2664,-65.3058,113.639,0,46
43,-56.1054,-35.8787,-22.4586,218.209,0,46
43,-53.7242,-39.3549,-33.0442,491.711,0,46
43,-53.6211,-39.4953,133.826,244.869,0,46
43,-53.3002,-39.9272,134.156,130.1,0,46
43,-51.0742,-42.7378,-90.236,23.267,0,46
43,-50.77,-43.0987,-90.6192,276.439,0,46
43,-24.2217,-62.0355,277.776,115.674,0,46
43,-23.7134,-62.2316,276.948,22.0021,0,46
43,-16.3121,-64.5679,62.79,453.85,0,46
43,-15.2707,-64.8221,-24.6803,268.68,0,46
43,-14.7348,-64.946,-24.4953,96.9479,0,46
43,-14.2883,-65.0457,-24.3884,182.246,0,46
43,-12.119,-65.4845,284.737,184.695,0,46
43,-8.87393,-66.0026,296.369,519.789,0,46
43,-3.2859,-66.5154,255.844,437.841,0,46
43,2.48371,-66.5502,33.0397,227.149,0,46
43,4.8635,-66.4187,31.6541,432.485,0,46
43,13.5182,-65.2101,163.385,235.098,0,46
43,15.9172,-64.6663,142.272,145.846,0,46
43,17.9558,-64.1302,141.978,295.051,0,46
43,19.2302,-63.7596,141.854,467.186,0,46
43,18.9569,-63.8414,-74.8528,352.939,0,46
43,20.4634,-63.3746,266.044,358.518,0,46
43,20.553,-63.3456,141.692,53.5846,0,46
43,21.2492,-63.1155,173.492,99.7143,0,46
43,21.9236,-62.8844,173.31,209.673,0,46
43,22.3502,-62.7341,173.319,56.3845,0,46
43,23.4937,-62.3148,173.227,1293.01,0,46
43,24.3908,-61.9692,141.044,73.7786,0,46
43,24.7284,-61.8353,141.268,21.2549,0,46
43,25.134,-61.6715,141.095,61.4712,0,46
43,25.9098,-61.3496,166.534,13968.8,0,46
43,25.8708,-61.3661,172.996,536.085,0,46
43,25.6899,-61.442,300.691,244.518,0,46
43,25.7369,-61.4224,141.031,78.801,0,46
43,26.2015,-61.2256,140.723,104.664,0,46
43,26.2385,-61.2098,170.904,260,0,46
43,26.2385,-61.2098,177.252,128,0,46
43,26.6197,-61.0449,140.844,87.2955,0,46
43,27.5227,-60.6432,140.643,338.613,0,46
43,28.1449,-60.3569,172.829,522.517,0,46
43,28.5441,-60.1692,140.562,198.818,0,46
43,28.5591,-60.162,55.309,95.5459,0,46
43,29.047,-59.928,55.196,21.1113,0,46
43,29.9131,-59.5004,55.3326,813.289,0,46
43,29.6273,-59.6433,172.647,254.033,0,46
43,30.7942,-59.0492,172.549,1268.92,0,46
43,30.5529,-59.1744,122.986,613.922,0,46
43,31.3683,-58.7463,55.4223,472.451,0,46
43,32.4657,-58.147,55.5236,290.435,0,46
43,32.1118,-58.3432,172.22,28,0,46
43,32.6901,-58.0211,172.389,199.425,0,46
43,33.0621,-57.81,55.62,28.1617,0,46
43,33.0621,-57.81,172.22,29.0728,0,46
43,33.5468,-57.53,55.62,98.738,0,46
43,34.0899,-57.2099,55.62,65.2185,0,46
43,34.6466,-56.8745,172.22,175.115,0,46
43,35.5633,-56.3058,55.7305,1065.44,0,46
43,34.7281,-56.8248,83.5163,2520.36,0,46
43,35.5779,-56.2966,114.156,599.721,0,46
43,35.7988,-56.1564,172.064,514.515,0,46
43,36.9687,-55.3932,55.8314,141.794,0,46
43,37.0887,-55.3129,-43.6614,980.584,0,46
43,37.1684,-55.2594,171.942,373.863,0,46
43,41.3293,-52.2206,138.098,54.5076,0,46
43,41.8543,-51.8007,56.2811,338.331,0,46
43,41.8708,-51.7873,138.214,161.942,0,46
43,42.1204,-51.5845,171.293,117.669,0,46
43,42.3185,-51.4221,137.876,22.0728,0,46
43,42.7468,-51.0667,56.3258,235.701,0,46
43,43.1486,-50.7276,137.955,852.884,0,46
43,43.285,-50.6113,171.314,945.39,0,46
43,43.5572,-50.3772,56.3461,198.257,0,46
43,44.5034,-49.5433,56.5709,237.433,0,46
43,44.3398,-49.6898,171.283,132.837,0,46
43,44.5765,-49.4776,137.525,164.893,0,46
43,44.6562,-49.4057,171.096,83.1204,0,46
43,44.925,-49.1614,56.468,48.1659,0,46
43,44.925,-49.1614,137.642,107.143,0,46
43,44.925,-49.1614,171.178,52.437,0,46
43,46.1086,-48.053,56.6163,1618.36,0,46
43,45.5106,-48.6197,171.041,363.673,0,46
43,46.1121,-48.0496,12.6444,430.874,0,46
43,46.2449,-47.9218,170.967,384.258,0,46
43,46.4435,-47.7294,137.163,404.314,0,46
43,47.8141,-46.3563,56.8074,385.931,0,46
43,47.5707,-46.606,137.028,86.3214,0,46
43,47.6593,-46.5154,170.948,88.7443,0,46
43,48.2327,-45.9206,136.885,334.126,0,46
43,49.0164,-45.0831,136.657,775.988,0,46
43,48.7922,-45.3256,170.65,110.119,0,46
43,49.1121,-44.9789,170.714,175.873,0,46
43,49.4521,-44.6048,44.8157,143.531,0,46
43,49.5344,-44.5133,136.604,134.671,0,46
43,49.5691,-44.4747,170.524,61.2325,0,46
43,50.1679,-43.7982,136.416,333.66,0,46
43,50.226,-43.7315,170.461,280.584,0,46
43,50.7414,-43.1325,136.284,222.722,0,46
43,50.9267,-42.9135,170.363,489.97,0,46
43,51.1578,-42.6377,236.676,367.17,0,46
43,51.5374,-42.1781,136.18,27.091,0,46
43,51.5374,-42.1781,170.282,66.7604,0,46
43,53,-40.3249,170.284,49.6431,0,46
43,53.8051,-39.2441,170.037,1103.88,0,46
43,53.9001,-39.1136,177.362,320.397,0,46
43,53.9001,-39.1136,199.842,322.552,0,46
43,55.9476,-36.1242,141.937,263.503,0,46
43,56.9362,-34.5451,101.482,337.202,0,46
43,57.0108,-34.4219,70.7974,831.624,0,46
43,57.9204,-32.8682,1.25583,731.836,0,46
43,58.252,-32.2768,92.3655,1136.33,0,46
43,61.1595,-26.3555,96.9713,205.509,0,46
43,62.7837,-22.2103,138.064,758.309,0,46
43,62.9741,-21.6645,-14.764,24.1456,0,46
43,64.0873,-18.1083,30.8779,1178.1,0,46
43,64.6634,-15.929,-58.0442,458.341,0,46
43,64.5786,-16.2697,31.6994,144.161,0,46
43,64.7667,-15.5036,32.099,225.721,0,46
43,65.4148,-12.4897,49.1068,360.876,0,46
43,66.5956,-0.351995,-64.0143,380.986,0,46
43,66.5954,-0.385527,272.722,1304.08,0,46
43,66.5684,1.93363,174.059,347.968,0,46
43,66.5379,2.79232,173.9,392.991,0,46
43,66.5245,3.09517,259.637,534.368,0,46
43,66.3808,5.35557,264.248,443.633,0,46
43,66.2075,7.18752,89.3211,355.563,0,46
43,65.9794,9.04513,-84.0852,225.089,0,46
43,65.8943,9.64579,-83.7084,211.82,0,46
43,64.6439,16.0082,88.5069,815.617,0,46
43,64.5385,16.428,45.02,193.947,0,46
43,64.1204,17.991,45.5823,322.457,0,46
43,63.9219,18.6836,45.7648,98.633,0,46
43,63.5639,19.8676,224.326,184.464,0,46
43,62.421,23.2101,113.62,299.61,0,46
43,61.832,24.7365,161.201,251.492,0,46
43,61.8353,24.7284,145.204,145.434,0,46
43,61.595,25.3208,161.343,224.274,0,46
43,61.5365,25.4627,271.209,319.559,0,46
43,59.3136,30.2818,111.129,1669.44,0,46
43,57.105,34.2653,131.712,296.066,0,46
43,55.8911,36.2116,131.073,468.318,0,46
43,55.7608,36.4119,103.77,675.901,0,46
43,52.7306,40.6765,33.572,59.2773,0,46
43,47.7893,46.3819,-68.5654,452.081,0,46
43,46.6851,47.4931,-68.612,79.3459,0,46
43,45.4632,48.664,185.246,442.848,0,46
43,44.7689,49.3035,14.8617,373.647,0,46
43,44.4799,49.5644,-72.5401,276.672,0,46
43,43.8895,50.0879,-20.0175,323.987,0,46
43,42.0885,51.6106,248.73,4129.8,0,46
43,38.1924,54.5567,45.5967,701.755,0,46
43,37.8421,54.8002,-83.9296,189.753,0,46
43,37.1665,55.2607,81.6193,229.968,0,46
43,36.7722,55.5239,81.484,53.2205,0,46
43,36.4688,55.7236,-42.1789,1418.65,0,46
43,36.1644,55.9217,-42.1345,401.771,0,46
43,35.8588,56.1181,-42.4251,567.642,0,46
43,35.5522,56.3128,-42.3587,342.732,0,46
43,35.5522,56.3128,2.34995,63.1782,0,46
43,35.2445,56.5059,-42.6334,792.36,0,46
43,35.2445,56.5059,2.82696,60.7051,0,46
43,34.9358,56.6973,-42.537,422.806,0,46
43,33.7751,57.3963,133.775,659.208,0,46
43,33.6191,57.4878,149.727,800.26,0,46
43,31.8784,58.471,-101.53,176.451,0,46
43,29.9427,59.4855,156.695,639.585,0,46
43,30.1856,59.3626,261.725,157.533,0,46
43,27.2333,60.7737,165.975,457.383,0,46
43,27.1111,60.8283,52.249,688.601,0,46
43,20.3595,63.4081,247.379,509.427,0,46
43,12.5467,65.4039,-23.668,40.0472,0,46
43,11.7214,65.5569,88.9816,1523.43,0,46
43,10.2557,65.8021,144.508,357.433,0,46
43,1.59261,66.5775,165.29,672.223,0,46
43,1.59216,66.5775,187.761,674.172,0,46
43,-0.550944,66.5942,271.479,2476.88,0,46
43,-1.46614,66.5804,165.947,378.134,0,46
43,-2.00367,66.5664,147.767,495.05,0,46
43,-2.41084,66.5528,15.7215,2054.06,0,46
43,-2.74243,66.54,165.82,671.533,0,46
43,-4.44625,66.4479,-70.956,45.5742,0,46
43,-5.39635,66.3775,-70.9607,627.56,0,46
43,-6.63108,66.2655,-70.9723,106.047,0,46
43,-7.5209,66.1705,134.655,135.779,0,46
43,-10.7063,65.7303,-54.9777,486.255,0,46
43,-12.9033,65.3345,-92.78,34.091,0,46
43,-13.6152,65.1899,-2.76219,82.5181,0,46
43,-14.3361,65.0351,-2.61257,133.148,0,46
43,-14.3667,65.0284,272.395,350.024,0,46
43,-23.3736,62.36,-105.235,74.5097,0,46
43,-25.9315,61.3405,-17.8507,135.819,0,46
43,-32.3395,58.2173,225.014,172.666,0,46
43,-34.5189,56.9521,-8.04021,656.675,0,46
43,-37.2936,55.175,83.6642,960.275,0,46
43,-40.4693,52.8898,-13.2872,46.5781,0,46
43,-40.9144,52.5462,-12.3422,407.59,0,46
43,-41.3339,52.2169,163.985,215.794,0,46
43,-42.3867,51.366,163.956,370.117,0,46
43,-43.3542,50.552,163.916,343.616,0,46
43,-45.8622,48.2882,-50.6273,166.47,0,46
43,-46.1609,48.0028,-49.7424,640.005,0,46
43,-47.7132,46.4601,124.517,175.757,0,46
43,-48.1195,46.0392,124.656,160.945,0,46
43,-48.0907,46.0692,185.272,462.657,0,46
43,-52.6351,40.8,33.8872,688.759,0,46
43,-54.2317,38.6525,234.984,853.893,0,46
43,-55.8228,36.3167,20.7147,89.5279,0,46
43,-55.9992,36.0441,137.385,408.018,0,46
43,-56.2922,35.5848,20.3038,295.815,0,46
43,-56.6237,35.0549,18.0826,308.894,0,46
43,-57.0918,34.2873,18.4377,128.63,0,46
43,-57.0852,34.2983,54.7104,214.248,0,46
43,-57.4365,33.7067,18.8613,227.256,0,46
43,-64.6663,15.9172,-6.07267,81.8493,0,46
43,-64.7522,15.5643,-6.0479,75.2831,0,46
43,-64.8361,15.2109,-6.284,31.2507,0,46
43,-65.5553,11.7304,145.932,49.2002,0,46
43,-66.5716,1.82163,-37.4288,145.579,0,46
43,-66.5852,1.22745,-36.438,718.085,0,46
43,-66.2486,-6.79866,-68.1328,71.6715,1,46
43,-66.2486,-6.79866,-101.836,23.9858,1,46
43,-66.2486,-6.79867,-124.308,25.021,1,46
43,-66.0386,-8.60255,65.644,25.4248,1,46
43,-64.1638,-17.8353,-45.1847,500.305,1,46
43,-64.0038,-18.4012,-111.078,908.018,1,46
43,-62.9632,-21.6963,-12.6751,472.971,1,46
43,-62.5037,-22.9865,-149.176,232.535,1,46
43,-61.1665,-26.3391,-34.1417,297.636,1,46
43,-58.7565,-31.3491,-1.22256,1228.53,1,46
43,-57.1723,-34.153,-119.56,531.906,1,46
43,-56.011,-36.0259,-199.827,486.701,1,46
43,-54.3912,-38.4277,72.348,981,1,46
43,-53.2637,-39.9759,-95.7823,767.039,1,46
43,-48.9447,-45.161,-304.621,231.544,1,46
43,-43.6151,-50.3271,-84.9851,1417.49,1,46
43,-43.2415,-50.6484,-196.423,850.61,1,46
43,-42.3622,-51.3861,-112.009,457.203,1,46
43,-37.9747,-54.7085,-32.04,139.154,1,46
43,-35.2413,-56.5079,-133.766,239.829,1,46
43,-30.433,-59.2362,-91.0113,143.692,1,46
43,-26.0093,-61.3075,77.0423,1042.99,1,46
43,-25.4882,-61.526,-58.164,89.6351,1,46
43,-23.9777,-62.1302,72.325,88.6551,1,46
43,-21.1261,-63.1568,-110.029,863.412,1,46
43,-21.1264,-63.1567,-132.498,862.695,1,46
43,-18.1448,-64.077,-212.609,515.091,1,46
43,-16.5705,-64.502,-115.343,978.517,1,46
43,-15.9289,-64.6635,-230.721,1420.2,1,46
43,-11.5671,-65.5843,-228.58,351.996,1,46
43,-6.9539,-66.2324,-100.963,279.582,1,46
43,-6.36051,-66.2921,-101.412,66.5076,1,46
43,-5.72876,-66.3496,-1.22428,381.173,1,46
43,-4.63136,-66.4353,-276.529,753.784,1,46
43,-3.69624,-66.4938,-161.551,323.326,1,46
43,-3.0785,-66.5253,-103.957,6832.82,1,46
43,4.05143,-66.4732,50.1401,1038.15,1,46
43,6.39786,-66.2885,-99.8877,348.014,1,46
43,7.94222,-66.1212,-144.454,340.604,1,46
43,9.95308,-65.8485,-202.664,1015.01,1,46
43,9.96455,-65.8468,-180.199,1018.09,1,46
43,15.7565,-64.7057,-224.714,1180.36,1,46
43,18.2641,-64.0431,84.4743,248.229,1,46
43,18.291,-64.0354,-59.4432,565.09,1,46
43,18.5702,-63.955,-133.939,178.252,1,46
43,24.6706,-61.8584,-287.59,367.882,1,46
43,29.7761,-59.5691,-13.22,61.2185,1,46
43,29.8041,-59.5551,-66.6346,714.565,1,46
43,35.0532,-56.6248,-276.683,202.146,1,46
43,35.628,-56.2649,-277.125,249.359,1,46
43,43.2544,-50.6375,-122.04,8921.6,1,46
43,43.1798,-50.7011,-68.1977,591.882,1,46
43,43.1542,-50.7228,-136.8,2589,1,46
43,45.5376,-48.5945,8.69909,153.608,1,46
43,47.5615,-46.6154,-148.001,295.119,1,46
43,50.8168,-43.0435,-299.883,234.687,1,46
43,51.7113,-41.9646,9.20714,303.267,1,46
43,53.1047,-40.1869,-97.9181,392.076,1,46
43,54.1876,-38.7143,11.4392,980.066,1,46
43,62.2316,-23.7134,-147.628,25.1742,1,46
43,64.509,-16.5434,-250.584,420.222,1,46
43,65.4677,-12.2097,-266.901,304.412,1,46
43,65.8963,-9.63167,-156.966,2121.96,1,46
43,66.367,-5.52455,-1.77057,227.25,1,46
43,66.5965,-0.0630897,102.352,507.121,1,46
43,66.5965,0.0230863,44.1593,793.602,1,46
43,66.5879,1.07319,62.885,619.391,1,46
43,66.5786,1.54359,-51.9092,245.297,1,46
43,66.5631,2.10879,31.8949,323.868,1,46
43,66.3509,5.71381,25.2394,75.3463,1,46
43,65.7894,10.3366,-22.3393,641.271,1,46
43,65.615,11.3913,20.7934,1073.36,1,46
43,65.5196,11.9279,-197.144,235.216,1,46
43,65.1991,13.5708,-16.9532,1557.59,1,46
43,63.1967,21.0063,14.5469,610.081,1,46
43,60.5141,27.8054,-12.2647,165.858,1,46
43,60.3625,28.1329,-137.452,63.2367,1,46
43,60.3616,28.135,-159.924,59.2401,1,46
43,59.928,29.047,-137.452,23.4111,1,46
43,59.928,29.047,-159.924,22.4224,1,46
43,59.7212,29.4699,-136.789,909.265,1,46
43,59.7218,29.4686,-159.261,910.18,1,46
43,58.5834,31.6714,-24.3099,287.529,1,46
43,50.417,43.5111,-29.9374,530.584,1,46
43,42.839,50.9893,82.8659,211.323,1,46
43,42.2452,51.4824,-14.528,430.997,1,46
43,38.1913,54.5575,-189.813,586.359,1,46
43,29.7278,59.5932,23.8073,279.484,1,46
43,24.1494,62.0637,-102.391,188.507,1,46
43,24.1519,62.0627,-124.854,187.524,1,46
43,23.5751,62.2841,-29.3272,460.424,1,46
43,23.2694,62.399,-101.659,928.46,1,46
43,23.268,62.3995,-124.129,931.526,1,46
43,23.1388,62.4475,-30.0139,267.23,1,46
43,21.6924,62.9645,-111.081,111.823,1,46
43,21.0122,63.1948,-24.7512,617.942,1,46
43,18.9652,63.839,-304.731,224.17,1,46
43,14.148,65.0763,-305.253,299.353,1,46
43,2.07276,66.5642,16.5362,767.288,1,46
43,-3.07415,66.5255,-65.122,561.968,1,46
43,-6.6567,66.263,-180.694,234.798,1,46
43,-7.71962,66.1476,-170.92,1058.4,1,46
43,-10.3979,65.7798,-217.988,334.782,1,46
43,-18.7228,63.9105,-23.0979,124.167,1,46
43,-23.8941,62.1624,69.5692,598.811,1,46
43,-25.3097,61.5996,-148.9,64.4876,1,46
43,-26.9987,60.8783,-10.0781,551.155,1,46
43,-39.2292,53.816,21.5373,321.807,1,46
43,-40.9007,52.5569,-98.868,21.0889,1,46
43,-42.1781,51.5373,-5.09446,190.224,1,46
43,-46.3781,47.7929,-196.243,230.438,1,46
43,-51.4492,42.2856,-131.292,3853,1,46
43,-51.5982,42.1036,-62.0854,3557.41,1,46
43,-53.3369,39.8782,-143.965,442.091,1,46
43,-59.6836,29.5459,-277.182,1012.25,1,46
43,-60.24,28.3944,70.2046,279.831,1,46
43,-60.7899,27.1971,-137.344,735.776,1,46
43,-61.2132,26.2305,-156.661,463.232,1,46
43,-61.8419,24.7118,-184.936,275.392,1,46
43,-62.1499,23.9267,-130.122,86.7688,1,46
43,-62.2273,23.7246,-185.364,71.815,1,46
43,-64.972,14.6194,66.8534,286.219,1,46
43,-66.0907,8.19223,-0.565165,1451.37,1,46
43,-66.4683,4.1295,-86.6911,103.064,1,46
43,-67.7,-0.0923189,-22.0046,317.169,0,47
43,-67.6895,-1.19999,-20.5402,139.755,0,47
43,-67.6186,-3.32004,282.884,155.933,0,47
43,-67.4401,-5.92795,287.465,229.571,0,47
43,-66.3575,-13.4161,180.14,1074.16,0,47
43,-66.0348,-14.9232,114.377,61.4812,0,47
43,-65.5112,-17.0758,126.196,56.5987,0,47
43,-60.4298,-30.5212,-65.22,28.271,0,47
43,-60.008,-31.3423,-65.3661,75.5076,0,47
43,-56.9277,-36.6406,-22.591,895.357,0,47
43,-54.7467,-39.826,133.635,261.966,0,47
43,-54.4656,-40.2095,-33.2919,101.954,0,47
43,-51.3085,-44.1672,-91.0622,316.185,0,47
43,-42.303,-52.856,66.8579,42.4205,0,47
43,-36.453,-57.048,122.603,272.954,0,47
43,-36.453,-57.048,145.076,270.813,0,47
43,-29.5283,-60.9211,-79.0835,1133.82,0,47
43,-23.9337,-63.3284,276.316,128.452,0,47
43,-16.8534,-65.5688,62.66,396.236,0,47
43,-13.6882,-66.3019,-23.8883,1466.11,0,47
43,-12.7102,-66.4963,284.464,123.967,0,47
43,-8.7451,-67.1329,296.629,103.161,0,47
43,-3.76129,-67.5955,254.399,1001.36,0,47
43,0.403117,-67.6989,34.8996,324.491,0,47
43,1.17841,-67.6898,34.3492,230.812,0,47
43,2.00016,-67.6705,33.7993,181.413,0,47
43,11.0176,-66.7976,-5.80535,1895.63,0,47
43,13.9154,-66.2545,162.892,58.2185,0,47
43,24.451,-63.1304,166.297,123.118,0,47
43,34.1149,-58.4763,139.701,179.788,0,47
43,35.1119,-57.8831,83.604,104.364,0,47
43,36.1414,-57.246,139.4,66.4916,0,47
43,36.5822,-56.9653,114.08,284.438,0,47
43,36.5998,-56.954,139.214,180.677,0,47
43,37.503,-56.3634,-44.8479,419.594,0,47
43,37.7788,-56.1789,138.988,444.67,0,47
43,39.0068,-55.3333,56.0012,1905.52,0,47
43,38.9017,-55.4072,138.87,983.349,0,47
43,39.3531,-55.0875,171.796,82.6211,0,47
43,40.0633,-54.5732,138.57,344.287,0,47
43,39.9561,-54.6518,171.796,103.702,0,47
43,40.4823,-54.2632,171.796,56.633,0,47
43,40.551,-54.2118,56.044,24.0387,0,47
43,41.5004,-53.4885,56.2121,1264.88,0,47
43,40.8461,-53.9898,138.47,76.9404,0,47
43,41.4695,-53.5125,171.601,1235.75,0,47
43,41.1399,-53.7662,138.508,103.999,0,47
43,41.5325,-53.4636,138.294,255.006,0,47
43,42.0141,-53.0859,138.448,127.614,0,47
43,42.2195,-52.9228,171.477,274.83,0,47
43,46.7468,-48.9698,12.4448,203.564,0,47
43,49.767,-45.8972,8.10869,1287.26,0,47
43,50.0339,-45.6061,43.8225,243.973,0,47
43,51.7254,-43.6782,235.293,728.4,0,47
43,54.8775,-39.6455,177.207,184.484,0,47
43,54.8781,-39.6446,199.681,183.512,0,47
43,57.2231,-36.1776,141.739,371.274,0,47
43,57.7052,-35.4036,100.14,425.676,0,47
43,57.8253,-35.2071,69.6786,460.272,0,47
43,58.6097,-33.8853,0.417377,253.144,0,47
43,59.9432,-31.4662,92.747,909.564,0,47
43,60.5954,-30.1911,93.0673,72.2312,0,47
43,61.9841,-27.2264,95.9604,411.474,0,47
43,63.7873,-22.6823,137.101,523.096,0,47
43,64.02,-22.0168,-16.3081,763.551,0,47
43,64.5707,-20.3453,282.583,364.477,0,47
43,64.8348,-19.4874,282.46,53.271,0,47
43,65.9,-15.508,-59.8772,1112.13,0,47
43,66.0348,-14.9232,-60.98,54.2367,0,47
43,66.0348,-14.9232,32.5139,42.4166,0,47
43,66.4239,-13.0831,33.1753,1291.28,0,47
43,66.4426,-12.9878,48.4465,456.945,0,47
43,67.6995,0.28325,-64.9739,433.458,0,47
43,67.6996,0.252022,272.208,369.042,0,47
43,67.6194,3.30396,259.079,489.055,0,47
43,67.5992,3.69433,173.771,380.777,0,47
43,67.4538,5.76943,264.451,407.754,0,47
43,67.2046,8.17626,88.4326,660.214,0,47
43,67.154,8.58193,-84.4122,1127.96,0,47
43,66.4893,12.7466,43.5221,2262.96,0,47
43,66.0348,14.9232,44.3462,90.0572,0,47
43,66.0348,14.9232,87.844,24.3411,0,47
43,65.8252,15.8222,44.7218,95.4198,0,47
43,64.7203,19.864,222.947,221.117,0,47
43,63.4014,23.7396,112.484,349.997,0,47
43,62.8901,25.0628,145.07,296.372,0,47
43,62.7912,25.3096,161.196,26.1636,0,47
43,62.604,25.7689,161.191,409.693,0,47
43,62.6277,25.7113,270.839,412.855,0,47
43,60.971,29.4252,110.711,974.781,0,47
43,57.7686,35.3001,131.572,597.333,0,47
43,57.2167,36.1878,129.216,704.203,0,47
43,53.3669,41.6567,33.1217,294.218,0,47
43,53.0681,42.0367,32.7628,148.159,0,47
43,46.3984,49.3,-68.7014,546.881,0,47
43,45.9413,49.7262,184.87,177.688,0,47
43,45.2931,50.3174,14.5853,186.838,0,47
43,44.3712,51.1322,-20.9916,604.422,0,47
43,42.8116,52.4449,248.552,4858.98,0,47
43,39.0809,55.281,43.896,520.968,0,47
43,38.3039,55.8221,-41.5886,2033.19,0,47
43,38.3001,55.8248,-84.4314,420.586,0,47
43,38.3001,55.8248,-39.356,21.1505,0,47
43,37.8876,56.1056,-84.6553,242.066,0,47
43,37.8895,56.1043,-41.7,2386.51,0,47
43,37.8421,56.1363,81.7739,88.5097,0,47
43,37.4044,56.4288,-40.9713,8060.4,0,47
43,37.5354,56.3418,81.7391,148.04,0,47
43,34.249,58.3979,132.524,73.9981,0,47
43,33.93,58.5838,132.697,245.933,0,47
43,33.93,58.5838,149.778,268.519,0,47
43,31.9802,59.6705,-102.156,333.092,0,47
43,31.1357,60.1155,260.828,724.565,0,47
43,27.7652,61.7446,165.984,186.8,0,47
43,20.8546,64.408,245.903,3296.94,0,47
43,13.0628,66.4279,87.119,1887.69,0,47
43,12.2981,66.5737,-24.4741,614.24,0,47
43,10.1626,66.933,144.275,511.716,0,47
43,9.66655,67.0064,38.2912,5774.82,0,47
43,6.06836,67.4276,238.094,623.785,0,47
43,-1.33702,67.6869,270.666,3473.51,0,47
43,-2.12588,67.6667,15.1389,257.495,0,47
43,-2.95345,67.6356,-70.8259,1208.83,0,47
43,-3.99665,67.582,165.759,358.26,0,47
43,-3.96714,67.5838,-70.732,36.3116,0,47
43,-4.74811,67.5334,165.744,186.559,0,47
43,-8.18768,67.2032,134.011,687.32,0,47
43,-11.1413,66.7771,-55.9287,1796.41,0,47
43,-16.8586,65.5675,-1.96262,111.894,0,47
43,-18.2586,65.1915,-1.29654,88.6351,0,47
43,-18.6784,65.0724,-1.38527,60.5258,0,47
43,-23.8851,63.3467,-105.446,180.948,0,47
43,-26.5166,62.291,-18.8041,300.388,0,47
43,-33.0091,59.1076,224.957,306.581,0,47
43,-35.0239,57.9364,-9.68806,839.044,0,47
43,-37.7296,56.2119,82.8603,1865.78,0,47
43,-38.4522,55.7201,163.994,62.4894,0,47
43,-39.009,55.3317,164.074,1926.82,0,47
43,-40.8865,53.9592,163.98,1398.77,0,47
43,-40.7469,54.0647,-14.7618,567.863,0,47
43,-45.3436,50.2719,-52.9743,1263.82,0,47
43,-46.0172,49.656,-52.076,50.1961,0,47
43,-48.2924,47.4463,124.434,256.725,0,47
43,-48.3983,47.3382,184.213,710.162,0,47
43,-54.0492,40.7674,31.1934,480.638,0,47
43,-54.4695,40.2041,29.6229,76.8412,0,47
43,-54.9138,39.5952,233.914,315.995,0,47
43,-56.0788,37.9272,17.1089,129.991,0,47
43,-56.6839,37.0167,17.4392,372.776,0,47
43,-57.193,36.2252,17.7174,502.276,0,47
43,-57.0262,36.4871,136.277,900.145,0,47
43,-57.5474,35.6595,19.7884,148.336,0,47
43,-57.8249,35.2078,19.022,337.151,0,47
43,-65.9407,15.3337,-6.84128,105.153,0,47
43,-66.5437,12.4595,145.932,75.5279,0,47
43,-67.6693,2.04122,-38.6201,900.596,0,47
43,-67.6608,-2.30735,-126.715,417.231,1,47
43,-67.2243,-8.01231,-99.716,22.0182,1,47
43,-66.2322,-14.0215,-61.0084,140.834,1,47
43,-64.854,-19.4234,-110.013,868.363,1,47
43,-64.6073,-20.2288,-109.242,336.545,1,47
43,-64.4843,-20.6173,-11.1856,476.145,1,47
43,-63.3511,-23.8736,-148.728,717.323,1,47
43,-59.5195,-32.2604,-0.382657,305.737,1,47
43,-58.5342,-34.0155,-118.603,528.421,1,47
43,-56.8565,-36.7511,-198.215,662.211,1,47
43,-55.6972,-38.4854,-23.8271,300.29,1,47
43,-55.2407,-39.1378,-24.0523,159.44,1,47
43,-54.4821,-40.1871,-95.2133,929.287,1,47
43,-49.8777,-45.7768,-304.342,115.165,1,47
43,-30.5211,-60.4298,-89.7539,62.8046,1,47
43,-11.6651,-66.6876,-227.372,501.681,1,47
43,-8.18519,-67.2035,-100.213,183.433,1,47
43,-6.46014,-67.3912,-0.563722,772.212,1,47
43,-4.20732,-67.5692,-275.649,1051.88,1,47
43,-4.18235,-67.5708,-161.374,462.411,1,47
43,-3.55674,-67.6066,-103.979,6863.29,1,47
43,-3.7828,-67.5943,-108.889,252,1,47
43,-3.03699,-67.632,-128.411,750.572,1,47
43,-2.04329,-67.6693,-128.548,93.6189,1,47
43,-1.56915,-67.6819,-128.548,29.2044,1,47
43,-0.653969,-67.6969,-128.595,910.737,1,47
43,3.71288,-67.5982,52.2042,1829.06,1,47
43,6.00712,-67.4331,-98.2344,824.11,1,47
43,5.99242,-67.4344,90.9588,85.3325,1,47
43,7.65113,-67.2664,-144.215,202.26,1,47
43,10.4785,-66.8843,-179.852,72.4551,1,47
43,10.4811,-66.8839,-202.324,72.4569,1,47
43,11.4468,-66.7254,-179.976,466.546,1,47
43,11.4485,-66.7251,-202.45,468.57,1,47
43,13.1704,-66.4067,-145.71,254.176,1,47
43,15.6339,-65.8702,28.869,500.102,1,47
43,16.3702,-65.6911,-58.3938,404.214,1,47
43,16.394,-65.6852,-222.599,1221.78,1,47
43,16.8971,-65.5575,-59.012,24.4004,1,47
43,18.4528,-65.1368,-133.543,723.04,1,47
43,19.4804,-64.8369,83.4061,380.44,1,47
43,25.1088,-62.8717,-287.158,612.727,1,47
43,30.1289,-60.6263,-65.4522,1075.33,1,47
43,30.5013,-60.4398,-12.9508,183.024,1,47
43,36.3038,-57.1431,-31.803,690.888,1,47
43,36.5691,-56.9737,-277.847,312.34,1,47
43,37.141,-56.6025,-278.22,64.5301,1,47
43,41.8596,-53.2078,61.0974,755.639,1,47
43,43.1761,-52.1453,-123.696,9662.8,1,47
43,43.1622,-52.1568,-131.94,22,1,47
43,46.4588,-49.2431,9.75758,565.73,1,47
43,48.4551,-47.2801,-147.782,122.801,1,47
43,58.1157,-34.7256,82.4565,66.5827,1,47
43,58.1157,-34.7256,-61.3231,474.49,1,47
43,58.1157,-34.7256,-131.94,25.3013,1,47
43,58.1157,-34.7256,-153.805,83.9005,1,47
43,59.1842,-32.8715,-5.15199,6527.17,1,47
43,59.0666,-33.0823,-85.2394,712.625,1,47
43,60.5954,-30.1911,-238.364,21.1277,1,47
43,60.8021,-29.7725,-238.605,541.502,1,47
43,61.7757,-27.6961,-77.7551,164.283,1,47
43,62.832,-25.2079,-146.069,104.007,1,47
43,63.0119,-24.755,-146.791,231.421,1,47
43,63.5857,-23.2415,-131.297,99.4089,1,47
43,65.7572,-16.1027,-248.922,478.394,1,47
43,66.2465,-13.9537,-135.25,4594.04,1,47
43,66.2322,-14.0215,-140.889,468,1,47
43,66.4097,-13.1552,-266.782,871.308,1,47
43,66.8893,-10.4461,-157.87,2728.73,1,47
43,67.4922,-5.30091,-0.696185,613.667,1,47
43,67.6906,-1.13322,102.542,988.189,1,47
43,67.6987,-0.434054,45.4334,429.684,1,47
43,67.6906,1.13679,-51.7094,348.686,1,47
43,67.6819,1.56917,63.524,32.2871,1,47
43,67.6479,2.65801,34.0376,296.096,1,47
43,66.599,12.1604,21.7831,256.699,1,47
43,66.5415,12.4711,-197.069,145.274,1,47
43,66.4976,12.703,22.4317,201.866,1,47
43,64.4692,20.6646,16.4912,332.269,1,47
43,60.3396,30.6992,-136.327,218.038,1,47
43,60.3358,30.7066,-158.8,218.988,1,47
43,60.1198,31.1274,97.2898,505.108,1,47
43,59.8772,31.5915,-135.756,44.3495,1,47
43,59.8362,31.6691,-158.228,22.1844,1,47
43,59.461,32.3682,-135.128,1412.63,1,47
43,59.458,32.3736,-157.584,1425.78,1,47
43,59.4482,32.3916,-24.02,377.034,1,47
43,53.7349,41.1809,101.181,346.525,1,47
43,51.8019,43.5875,-29.9762,99.8738,1,47
43,43.4197,51.9426,83.4547,341.599,1,47
43,43.0198,52.2743,83.2186,140.284,1,47
43,39.3906,55.0607,-188.961,190.466,1,47
43,30.5096,60.4356,25.6172,557.023,1,47
43,27.237,61.9794,-104.429,506.317,1,47
43,27.246,61.9755,-126.941,486.209,1,47
43,26.0112,62.5038,-103.416,256.394,1,47
43,26.0109,62.5039,-125.89,252.389,1,47
43,25.2841,62.8014,-102.876,273.887,1,47
43,25.287,62.8002,-125.346,270.882,1,47
43,22.3623,63.9002,-111.075,577.421,1,47
43,20.9731,64.3695,-23.4337,116.956,1,47
43,20.5926,64.4922,-22.8116,169.545,1,47
43,19.6086,64.7982,-304.217,554.216,1,47
43,12.6206,66.5133,-116.315,306.354,1,47
43,12.6199,66.5135,-138.785,303.335,1,47
43,2.29876,67.6611,17.1055,312.665,1,47
43,-0.092321,67.7,-115.087,179.677,1,47
43,-2.30736,67.6608,-64.6362,88.9039,1,47
43,-6.96752,67.3406,-180.476,405.616,1,47
43,-8.50299,67.164,-170.04,379.886,1,47
43,-8.92817,67.1088,-169.466,68.7905,1,47
43,-11.0018,66.8002,-217.912,342.358,1,47
43,-22.1787,63.9641,-187.955,4331.13,1,47
43,-25.1592,62.8516,70.9947,760.03,1,47
43,-26.5353,62.2831,-149.922,814.975,1,47
43,-27.6186,61.8103,-9.78607,397.93,1,47
43,-39.5994,54.9108,23.0269,564.759,1,47
43,-41.5396,53.4581,-98.537,105.413,1,47
43,-43.1622,52.1568,-10.4965,463,1,47
43,-47.2802,48.455,-196.191,79.7422,1,47
43,-47.5662,48.1743,-196.089,140.937,1,47
43,-48.3498,47.3878,-135.782,158.308,1,47
43,-52.4861,42.7611,-129.629,1854.4,1,47
43,-52.5748,42.652,-62.0406,609.862,1,47
43,-54.1585,40.6221,-143.6,310.199,1,47
43,-56.2661,37.6488,-93.3608,387.527,1,47
43,-60.1471,31.0745,-291.444,456.353,1,47
43,-60.8536,29.6672,-276.945,1427.16,1,47
43,-61.4101,28.4973,71.1052,381.268,1,47
43,-61.4465,28.4188,-137.117,237.748,1,47
43,-62.218,26.6876,-183.808,590.193,1,47
43,-62.3065,26.4803,-156.04,130.959,1,47
43,-62.59,25.8029,-184.469,446.459,1,47
43,-63.2122,24.2389,-129.651,919.503,1,47
43,-66.1317,14.4879,66.916,89.4915,1,47
43,-67.1731,8.43084,0.527981,373.538,1,47
43,-67.5459,4.56611,-86.5731,398.769,1,47
43,-68.7294,-2.90691,282.475,234.107,0,48
43,-68.6112,-4.96703,134.06,24.0889,0,48
43,-68.5719,-5.48333,133.841,248.32,0,48
43,-68.5149,-6.15468,287.223,111.082,0,48
43,-67.9697,-10.5968,-96.8788,375.84,0,48
43,-67.2205,-14.6142,179.428,23.2428,0,48
43,-61.9026,-30.0041,-65.22,23.2934,0,48
43,-61.738,-30.3412,-65.4029,69.5804,0,48
43,-57.7466,-37.3832,-22.7084,202.768,0,48
43,-55.9082,-40.0805,133.319,1459.75,0,48
43,-55.0253,-41.2842,-33.4889,485.047,0,48
43,-51.5409,-45.56,-91.4748,527.006,0,48
43,-45.2477,-51.8153,83.955,257.031,0,48
43,-43.5666,-53.2365,255.965,1359.53,0,48
43,-41.428,-54.9172,65.5913,99.6106,0,48
43,-40.7686,-55.4085,65.1282,673.412,0,48
43,-40.1833,-55.8343,64.452,129.524,0,48
43,-39.687,-56.1883,63.941,90.5503,0,48
43,-39.3285,-56.4397,208.029,1260.83,0,48
43,-39.2685,-56.4815,64.2064,91.0514,0,48
43,-37.5565,-57.6341,123.294,7612.59,0,48
43,-37.5568,-57.6338,145.767,7610.95,0,48
43,-35.4118,-58.9761,176.791,666.377,0,48
43,-33.5933,-60.0305,-18.3014,1037.93,0,48
43,-28.9872,-62.3852,-30.876,23.9818,0,48
43,-27.9451,-62.8589,8.18683,599.742,0,48
43,-23.9276,-64.4953,275.016,183.044,0,48
43,-17.3509,-66.5667,62.404,24.0182,0,48
43,-13.1536,-67.5215,284.298,473.399,0,48
43,-12.9601,-67.5589,-23.244,24.1113,0,48
43,-12.5091,-67.6439,-23.4041,121.872,0,48
43,-11.7962,-67.7719,-23.0023,342.074,0,48
43,-8.56871,-68.255,296.772,85.7422,0,48
43,-4.20296,-68.6623,253.015,2148.82,0,48
43,-2.80931,-68.7334,36.964,71.1477,0,48
43,-1.90071,-68.7645,36.54,217.281,0,48
43,-0.617092,-68.788,35.5825,961.466,0,48
43,11.8765,-67.7578,-7.88772,578.32,0,48
43,14.4342,-67.2594,162.281,1701.47,0,48
43,16.8058,-66.7064,0.760212,108.868,0,48
43,17.1991,-66.606,0.938634,171.577,0,48
43,18.5189,-66.2512,-76.0407,931.784,0,48
43,20.8858,-65.5435,264.408,138.254,0,48
43,24.0693,-64.4425,166.276,16310.8,0,48
43,24.6699,-64.215,177.914,1693,0,48
43,24.6699,-64.215,190.028,23,0,48
43,31.1374,-61.3403,121.625,121.928,0,48
43,35.5206,-58.9106,83.7224,2732.17,0,48
43,37.8754,-57.425,-46.0276,82.2817,0,48
43,47.2299,-50.0151,12.1913,150.234,0,48
43,49.2008,-48.0776,6.95223,97.7338,0,48
43,50.7559,-46.4329,43.1094,636.605,0,48
43,52.362,-44.6138,233.665,969.121,0,48
43,55.9142,-40.0721,177.064,335.537,0,48
43,55.9153,-40.0706,199.565,331.823,0,48
43,58.3888,-36.372,99.0302,980.176,0,48
43,58.3068,-36.5034,141.558,357.186,0,48
43,58.6754,-35.9079,68.8866,1854.03,0,48
43,59.1586,-35.106,-0.266549,633.182,0,48
43,62.6977,-28.305,95.052,24.0002,0,48
43,62.8512,-27.9626,94.2809,200.198,0,48
43,64.7583,-23.2064,135.991,141.414,0,48
43,65.0491,-22.3783,-17.732,21.0686,0,48
43,65.1741,-22.0116,-17.8537,385.623,0,48
43,67.3677,-13.9199,47.5843,474.57,0,48
43,68.1269,-9.53444,34.8428,1499.26,0,48
43,68.3639,-7.65211,35.6361,2465.67,0,48
43,68.4687,-6.64931,35.841,64.7646,0,48
43,68.7356,-2.75434,37.5867,4840.49,0,48
43,68.7849,0.899064,38.9409,436.966,0,48
43,68.7883,0.58374,271.721,223.592,0,48
43,68.7819,1.10559,-66.0931,334.259,0,48
43,68.7638,1.92608,39.3241,320.462,0,48
43,68.6864,3.78853,40.0575,1597.2,0,48
43,68.7033,3.4691,258.342,160.512,0,48
43,68.6651,4.15631,173.661,221.245,0,48
43,68.6166,4.89277,173.657,216.952,0,48
43,68.4103,7.22537,41.4097,1868.9,0,48
43,68.5189,6.11051,264.708,322.436,0,48
43,68.3456,7.81341,-85.047,1553.6,0,48
43,68.1135,9.62957,42.476,21.1253,0,48
43,67.9379,10.7987,42.6987,531.927,0,48
43,67.5366,13.0762,86.2879,339.447,0,48
43,67.3344,14.0802,86.6604,389.035,0,48
43,65.8377,19.9391,221.856,567.951,0,48
43,64.4015,24.179,111.976,186.249,0,48
43,63.9873,25.2547,144.88,195.78,0,48
43,63.5966,26.2231,109.685,363.6,0,48
43,63.5753,26.2746,161.106,546.646,0,48
43,58.494,36.2025,131.392,450.286,0,48
43,58.3787,36.3883,128.185,232.204,0,48
43,57.7505,37.3771,103.307,609.992,0,48
43,53.6632,43.0399,32.2704,388.503,0,48
43,43.5679,53.2355,247.403,3315.22,0,48
43,34.1812,59.6977,130.822,665.445,0,48
43,32.1132,60.8352,260.273,451.054,0,48
43,31.2816,61.2669,156.88,1415.85,0,48
43,28.6977,62.5189,166.04,417.952,0,48
43,26.9412,63.2957,51.8776,145.805,0,48
43,21.273,65.4189,244.805,902.905,0,48
43,-0.887959,68.7851,-70.7456,534.871,0,48
43,-1.6075,68.772,145.066,773.399,0,48
43,-2.00413,68.7616,14.6616,173.67,0,48
43,-2.53201,68.7442,-70.732,31.271,0,48
43,-9.71035,68.102,165.511,2507.97,0,48
43,-8.69502,68.2391,133.553,122.088,0,48
43,-11.4774,67.8266,-56.6802,698.311,0,48
43,-13.5124,67.4506,270.619,199.27,0,48
43,-19.0496,66.1006,-0.772,113.583,0,48
43,-20.0587,65.8014,-0.512769,69.5258,0,48
43,-20.4173,65.691,-0.613541,102.337,0,48
43,-21.5113,65.3409,-0.0648014,1343.31,0,48
43,-27.3149,63.1353,-19.7667,272.969,0,48
43,-33.6618,59.9922,224.796,21.0182,0,48
43,-36.7236,58.1683,164.164,36.0931,0,48
43,-49.0388,48.2428,183.427,147.735,0,48
43,-55.6076,40.4966,232.577,475.091,0,48
43,-58.6234,35.9926,54.4472,513.398,0,48
43,-59.1048,35.1966,18.3312,522.653,0,48
43,-59.5566,34.4266,17.6352,442.41,0,48
43,-67.1514,14.9287,-7.04836,146.606,0,48
43,-67.601,12.7391,145.83,116.799,0,48
43,-68.7764,-1.40689,-124.909,646.756,1,48
43,-68.2384,-8.69995,-98.3974,163.396,1,48
43,-68.2384,-8.69995,-120.867,164.489,1,48
43,-65.6505,-20.5471,-10.7679,149.701,1,48
43,-65.6059,-20.6891,-108.196,77.3683,1,48
43,-65.4644,-21.1326,-108.731,86.3055,1,48
43,-65.4065,-21.3111,-107.604,55.4348,1,48
43,-64.2821,-24.4947,-148.052,21.0728,1,48
43,-64.1475,-24.845,-148.476,28.3074,1,48
43,-63.4605,-26.5507,-33.0485,517.339,1,48
43,-60.2815,-33.1409,0.251669,126.268,1,48
43,-59.8217,-33.9637,-117.834,466.403,1,48
43,-57.7556,-37.3694,-197.206,249.385,1,48
43,-56.3084,-39.5162,80.4417,365.617,1,48
43,-55.971,-39.9928,-24.668,23.2023,1,48
43,-55.4034,-40.7755,-24.5715,1023.06,1,48
43,-55.5171,-40.6205,-94.875,463.517,1,48
43,-50.8414,-46.3393,-304.084,84.3823,1,48
43,-45.5277,-51.5694,-82.1808,1424.78,1,48
43,-44.9651,-52.0606,-195.239,138.688,1,48
43,-43.1882,-53.5439,-108.946,741.143,1,48
43,-36.165,-58.5172,-133.623,503.03,1,48
43,-30.8876,-61.4665,-88.529,716.132,1,48
43,-26.821,-63.3467,-57.7768,593.355,1,48
43,-26.3063,-63.5622,77.4382,120.666,1,48
43,-25.9405,-63.7124,74.2915,646.528,1,48
43,-22.153,-65.1262,-107.558,321.186,1,48
43,-22.1546,-65.1256,-130.032,315.999,1,48
43,-16.3258,-66.8255,-231.323,321.784,1,48
43,-11.2881,-67.8583,-128.63,681.274,1,48
43,-11.4951,-67.8236,-225.536,600.661,1,48
43,-9.29895,-68.1594,-128.464,420.379,1,48
43,-9.02699,-68.1959,-99.7581,774.719,1,48
43,-8.09084,-68.3133,-128.423,234.592,1,48
43,-6.40586,-68.4919,-128.363,2398.11,1,48
43,-7.15003,-68.4182,0.158465,250.58,1,48
43,-4.77988,-68.6245,-128.37,52.3662,1,48
43,-4.54474,-68.6405,-161.005,299.801,1,48
43,-4.20852,-68.6619,-104.021,8054.78,1,48
43,-4.33168,-68.6543,-128.364,143.196,1,48
43,0.766962,-68.7865,-128.68,104.645,1,48
43,1.52541,-68.7739,-128.749,340.876,1,48
43,2.15703,-68.757,-128.784,67.5197,1,48
43,2.90691,-68.7294,-128.548,32.0588,1,48
43,3.67524,-68.6926,-128.801,332.923,1,48
43,4.64278,-68.6339,-128.863,101.744,1,48
43,5.30566,-68.5859,91.6533,627.151,1,48
43,5.15411,-68.5974,-128.972,53.3641,1,48
43,5.76948,-68.5484,-96.8274,378.022,1,48
43,5.52818,-68.5683,-128.799,51.4167,1,48
43,12.969,-67.5572,-179.724,542.056,1,48
43,12.9851,-67.5541,-202.229,539.994,1,48
43,13.8297,-67.3863,-145.192,469.032,1,48
43,15.4992,-67.022,-58.0117,1097.19,1,48
43,16.0944,-66.8816,29.101,609.243,1,48
43,16.8775,-66.6883,-221.491,951.102,1,48
43,20.5472,-65.6505,82.2641,918.618,1,48
43,25.5724,-63.861,-286.583,445.951,1,48
43,30.4831,-61.6681,-64.1503,330.39,1,48
43,31.1802,-61.3186,-12.796,21.2689,1,48
43,42.5438,-54.0574,60.556,23.0728,1,48
43,42.5438,-54.0574,-125.602,864.122,1,48
43,47.5019,-49.7568,10.524,32.3945,1,48
43,49.5082,-47.761,-147.454,394.121,1,48
43,53.2001,-43.611,10.786,373.3,1,48
43,53.1689,-43.6491,-298.715,163.481,1,48
43,54.0773,-42.5185,-96.3678,440.883,1,48
43,56.4216,-39.3545,14.6245,404.203,1,48
43,58.6129,-36.0097,83.1469,406.642,1,48
43,58.8705,-35.587,-60.1831,996.283,1,48
43,59.0117,-35.3525,-130.399,1004.63,1,48
43,59.0482,-35.2915,-154.5,5347.38,1,48
43,59.6973,-34.182,-4.35358,1704.23,1,48
43,59.8836,-33.8545,-84.2944,315.215,1,48
43,61.5037,-30.8135,-237.082,1340.17,1,48
43,62.9178,-27.8123,-77.5428,392.412,1,48
43,63.3936,-26.71,-144.475,1941.92,1,48
43,63.6909,-25.9932,-145.508,70.453,1,48
43,64.5722,-23.7193,-130.44,303.44,1,48
43,66.979,-15.6841,-247.803,425.532,1,48
43,67.2575,-14.4429,-135.218,6002.06,1,48
43,67.2396,-14.5264,-147.946,3748,1,48
43,67.2613,-14.4254,-266.59,309.421,1,48
43,67.8566,-11.2987,-158.888,8673.7,1,48
43,68.6013,-5.1026,0.595471,167.468,1,48
43,68.7675,-1.78834,102.713,208.552,1,48
43,68.7837,-0.990318,46.8406,683.552,1,48
43,68.7882,0.603613,-51.456,372.457,1,48
43,68.7698,1.69898,64.2035,666.888,1,48
43,68.7294,2.90691,35.116,27.1781,1,48
43,67.5646,12.9306,-196.952,143.64,1,48
43,67.4762,13.3842,23.0252,298.94,1,48
43,67.3946,13.7894,23.8791,207.012,1,48
43,65.6196,20.6457,17.1993,113.704,1,48
43,61.2027,31.4072,97.946,214.868,1,48
43,59.8077,33.9885,-133.636,21.0571,1,48
43,59.8077,33.9885,-156.108,24.0005,1,48
43,59.5276,34.4766,-134.213,69.6343,1,48
43,59.5276,34.4766,-156.688,68.7486,1,48
43,59.2949,34.8754,-133.399,293.809,1,48
43,59.2953,34.8747,-155.869,289.652,1,48
43,58.7909,35.7183,-132.871,910.162,1,48
43,58.7914,35.7175,-155.347,905.201,1,48
43,54.7362,41.6668,101.457,249.18,1,48
43,53.1903,43.623,-29.8708,350.506,1,48
43,43.5755,53.2293,84.351,1209.81,1,48
43,43.1145,53.6033,-12.9558,759.865,1,48
43,40.2524,55.7846,-188.609,402.061,1,48
43,31.2015,61.3078,27.1817,436.809,1,48
43,31.1802,61.3186,-106.687,62.6715,1,48
43,31.1802,61.3186,-129.161,66.7437,1,48
43,29.9925,61.9082,-106.323,1433.97,1,48
43,29.9959,61.9065,-128.798,1432.87,1,48
43,28.5986,62.5643,-105.103,492.719,1,48
43,28.5966,62.5652,-127.576,490.747,1,48
43,26.1486,63.6272,-27.0549,311.76,1,48
43,25.6656,63.8236,-27.713,206.155,1,48
43,23.0866,64.8011,-111.164,22.2892,1,48
43,20.6846,65.6073,-22.124,43.3365,1,48
43,20.4672,65.6755,-21.0315,107.777,1,48
43,20.3317,65.7175,-303.663,151.931,1,48
43,18.4712,66.2645,-257.454,1403.52,1,48
43,14.0719,67.3361,-302.269,581.662,1,48
43,13.1384,67.5245,-115.412,681.398,1,48
43,13.126,67.5269,-137.899,663.515,1,48
43,2.58522,68.7422,18.0409,774.605,1,48
43,0.28138,68.7902,-114.082,234.856,1,48
43,-7.2225,68.4106,-180.265,410.395,1,48
43,-9.25793,68.165,-168.828,22.2346,1,48
43,-9.81529,68.087,-168.136,61.9119,1,48
43,-11.3855,67.8421,-217.697,605.314,1,48
43,-21.8416,65.2313,-189.439,4757.8,1,48
43,-26.3858,63.5292,71.9338,623.596,1,48
43,-28.342,62.681,-151.136,1148.53,1,48
43,-28.2148,62.7384,-9.3918,1085.29,1,48
43,-42.422,54.153,-98.2588,286.447,1,48
43,-44.2483,52.6713,-2.12467,1164.66,1,48
43,-49.3479,47.9266,-135.481,176.387,1,48
43,-53.4508,43.3035,-128.54,510.278,1,48
43,-53.6705,43.0308,-61.9818,711.681,1,48
43,-54.9675,41.3612,-143.22,432.929,1,48
43,-57.0443,38.4463,-92.7193,239.493,1,48
43,-61.3945,31.0305,-290.97,301.217,1,48
43,-62.0583,29.6807,-136.749,578.348,1,48
43,-62.3335,29.0982,-182.605,1340.29,1,48
43,-62.1423,29.5045,-276.552,368.181,1,48
43,-62.8216,28.0289,72.7433,1006.07,1,48
43,-63.3983,26.6988,-155.373,425.371,1,48
43,-64.3001,24.4474,-128.944,580.871,1,48
43,-68.2462,8.63889,1.33786,381.217,1,48
43,-68.6018,5.09562,-86.5163,266.643,1,48
43,-69.6242,-6.0518,133.308,100.029,0,49
43,-69.5859,-6.477,287.033,177.054,0,49
43,-69.1077,-10.4055,-97.4016,289.445,0,49
43,-67.9065,-16.5185,177.732,47.2731,0,49
43,-67.9065,-16.5185,201.935,129.424,0,49
43,-64.5597,-26.7618,37.5557,520.437,0,49
43,-63.2175,-29.7943,-65.3026,223.745,0,49
43,-62.9996,-30.2523,-65.3306,134.296,0,49
43,-58.5394,-38.1744,-22.82,63.4369,0,49
43,-57.0084,-40.4251,133.238,242.501,0,49
43,-55.6761,-42.2413,-33.8507,1039.78,0,49
43,-37.6304,-58.8906,62.2199,145.205,0,49
43,-37.1474,-59.1965,61.6067,188.976,0,49
43,-36.824,-59.3982,61.98,28.3781,0,49
43,-36.3368,-59.6975,176.916,876.296,0,49
43,-33.9096,-61.1088,-18.3471,682.258,0,49
43,-33.5311,-61.3173,-18.58,21.0182,0,49
43,-31.2547,-62.5084,-79.6937,2840.15,0,49
43,-31.1978,-62.5368,24.8308,486.405,0,49
43,-28.4155,-63.8491,-32.5203,558.066,0,49
43,-28.6125,-63.7611,6.96432,534.083,0,49
43,-23.7234,-65.737,273.728,327.686,0,49
43,-13.9145,-68.4875,283.755,167.151,0,49
43,-13.5407,-68.5624,283.975,58.6443,0,49
43,-11.1021,-68.9992,-22.6876,77.4453,0,49
43,-10.4606,-69.0994,-22.2778,266.926,0,49
43,-9.36591,-69.2563,-22.0999,169.104,0,49
43,-8.2359,-69.3997,296.962,314.76,0,49
43,-6.1758,-69.6133,39.5556,2590.63,0,49
43,-4.78662,-69.7226,251.137,1644.38,0,49
43,-4.85603,-69.7178,38.8995,56.7796,0,49
43,-3.88819,-69.7785,37.9246,615.004,0,49
43,12.4698,-68.7652,-9.76437,144.025,0,49
43,14.8838,-68.2834,161.333,165.731,0,49
43,16.7578,-67.8478,0.570907,486.759,0,49
43,23.8131,-65.7045,166.101,192.683,0,49
43,35.8773,-59.9747,83.8187,1254.97,0,49
43,38.2247,-58.5066,-47.4469,445.311,0,49
43,38.8352,-58.1032,114.132,58.5643,0,49
43,49.0793,-49.7531,6.436,22.1636,0,49
43,51.4741,-47.2712,42.315,635.55,0,49
43,56.8845,-40.5994,176.839,463.419,0,49
43,56.8841,-40.5999,199.311,466.604,0,49
43,59.1547,-37.2139,97.6778,481.939,0,49
43,59.391,-36.8355,66.9616,825.433,0,49
43,59.541,-36.5926,141.357,184.097,0,49
43,59.7948,-36.1764,-0.953076,127.021,0,49
43,63.5478,-29.0832,94.1721,1937.44,0,49
43,64.4532,-27.0173,94.4293,532.112,0,49
43,65.7379,-23.7208,134.945,581.188,0,49
43,65.7692,-23.6338,136.604,3.95334,0,49
43,66.2508,-22.2481,-19.1253,1614.93,0,49
43,67.2825,-18.9,281.86,245.283,0,49
43,68.3412,-14.616,46.7266,443.564,0,49
43,68.3603,-14.5264,-63.6405,634.671,0,49
43,69.8767,1.18278,271.326,448.918,0,49
43,69.8731,1.37738,-66.8061,91.9929,0,49
43,69.8633,1.81038,-66.3988,107.937,0,49
43,69.7958,3.56287,257.847,183.963,0,49
43,69.6559,5.67546,173.646,484.739,0,49
43,69.6124,6.18596,173.645,189.782,0,49
43,69.5191,7.15837,-85.5897,1258.2,0,49
43,69.5667,6.68036,264.845,168.709,0,49
43,69.1556,10.0826,86.8413,1354.04,0,49
43,68.8165,12.1835,85.2898,1725.64,0,49
43,67.0028,19.8691,220.515,294.709,0,49
43,65.2104,25.1346,109.159,1621.93,0,49
43,65.3616,24.7389,111.12,1389.59,0,49
43,65.0685,25.4998,144.863,279.932,0,49
43,64.8861,25.9603,269.865,724.306,0,49
43,59.7925,36.1802,126.099,2174.96,0,49
43,59.2644,37.0389,131.285,159.755,0,49
43,58.7241,37.8898,103.136,1991.2,0,49
43,54.3242,43.9663,31.6542,89.9546,0,49
43,53.9203,44.4607,31.3943,321.036,0,49
43,47.0684,51.6597,-73.0115,199.468,0,49
43,46.9151,51.7988,184.331,118.947,0,49
43,46.3848,52.2743,14.0987,206.865,0,49
43,45.3832,53.1461,-22.5122,646.573,0,49
43,44.3601,54.003,-68.8386,1399.81,0,49
43,44.211,54.1252,246.349,3916.74,0,49
43,43.4293,54.7545,-68.9027,203.388,0,49
43,42.8869,55.1803,-68.9348,296.26,0,49
43,41.4371,56.2771,-40.561,15519.7,0,49
43,40.7427,56.7819,40.9379,564.415,0,49
43,40.7849,56.7516,-33.8822,589,0,49
43,39.1118,57.9173,82.1233,154.418,0,49
43,38.3628,58.4162,-85.5565,710.288,0,49
43,37.915,58.7078,-0.962008,112.112,0,49
43,35.606,60.1362,149.902,2196.34,0,49
43,34.2026,60.9453,128.913,620.985,0,49
43,32.9364,61.6388,259.507,486.997,0,49
43,32.6488,61.7916,-103.313,359.717,0,49
43,31.9968,62.1318,156.872,369.326,0,49
43,29.5661,63.3245,166.118,1139.49,0,49
43,27.0084,64.457,51.7274,250.239,0,49
43,26.5786,64.6353,51.568,745.217,0,49
43,21.6985,66.4329,243.541,310.734,0,49
43,16.3333,67.9513,83.604,27.1274,0,49
43,15.807,68.0756,83.0334,135.931,0,49
43,15.5352,68.1382,83.9587,187.795,0,49
43,11.863,68.8725,-25.7516,705.467,0,49
43,10.7605,69.0533,37.3164,9669.73,0,49
43,9.7578,69.2021,143.812,810.306,0,49
43,5.00448,69.7073,235.923,1006.33,0,49
43,2.34563,69.8473,-70.5782,3026.46,0,49
43,2.81334,69.83,164.222,170.236,0,49
43,2.78377,69.8312,186.634,191.175,0,49
43,-2.0009,69.858,14.3665,84.4551,0,49
43,-15.2193,68.2094,165.244,57.542,0,49
43,-18.8281,67.3027,165.212,149.773,0,49
43,-19.6279,67.0738,165.074,341.476,0,49
43,-21.6072,66.4626,164.925,790.688,0,49
43,-22.7899,66.0664,164.91,108.797,0,49
43,-23.8137,65.7043,0.634718,366.639,0,49
43,-23.4908,65.8205,164.926,114.005,0,49
43,-25.0837,65.23,164.814,971.396,0,49
43,-24.9864,65.2674,1.07208,602.912,0,49
43,-25.7731,64.9607,1.348,31.0021,0,49
43,-26.127,64.8192,164.768,55.6512,0,49
43,-26.721,64.5766,1.85769,525.378,0,49
43,-26.776,64.5538,164.754,239.498,0,49
43,-27.1841,64.383,1.772,22.1638,0,49
43,-27.3455,64.3147,164.762,302.957,0,49
43,-27.9093,64.072,-20.5854,632.436,0,49
43,-27.9853,64.0388,164.732,182.25,0,49
43,-28.7913,63.6805,164.646,298.555,0,49
43,-29.9602,63.139,164.559,560.906,0,49
43,-31.8845,62.1895,164.502,2930.64,0,49
43,-34.3641,60.8544,224.796,31.1456,0,49
43,-38.0587,58.6148,80.4475,3692.99,0,49
43,-44.7028,53.7197,-56.9619,151.5,0,49
43,-45.2278,53.2785,-56.5692,55.2614,0,49
43,-45.5052,53.0418,-55.6481,355.462,0,49
43,-48.4324,50.3831,123.799,134.833,0,49
43,-48.8919,49.9373,124.065,323.638,0,49
43,-53.1823,45.3409,14.0905,3015.79,0,49
43,-54.3324,43.9561,14.6741,382.952,0,49
43,-55.1431,42.9347,15.2469,388.435,0,49
43,-56.3091,41.3937,231.642,506.044,0,49
43,-57.058,40.3551,25.3969,1941.95,0,49
43,-59.1136,37.2792,133.751,1044.28,0,49
43,-59.4426,36.7523,54.348,95.6394,0,49
43,-60.9479,34.198,16.7927,50.6269,0,49
43,-68.3155,14.736,-7.52413,256.435,0,49
43,-68.4106,14.2878,-7.83803,90.6413,0,49
43,-69.2509,-9.4054,-97.0245,232.524,1,49
43,-69.2509,-9.40541,-119.049,136.043,1,49
43,-69.2509,-9.40541,-120.254,77.3014,1,49
43,-67.6271,-17.6274,25.7051,152.221,1,49
43,-66.9977,-19.886,-9.73049,376.092,1,49
43,-66.8412,-20.4061,-10.2328,190.044,1,49
43,-66.125,-22.6193,-106.594,833.08,1,49
43,-65.1694,-25.2408,-147.831,59.732,1,49
43,-64.5731,-26.7296,-32.5054,655.029,1,49
43,-61.2038,-33.7379,-116.934,661.855,1,49
43,-60.97,-34.1587,1.08243,219.286,1,49
43,-57.3441,-39.9476,80.697,145.501,1,49
43,-56.5629,-41.0462,-94.5495,1030.9,1,49
43,-55.4315,-42.5618,-25.2885,2492.21,1,49
43,-51.7205,-47.0014,-303.763,1513.13,1,49
43,-46.5162,-52.1574,-80.5821,1326.51,1,49
43,-45.9079,-52.6936,-194.374,445.54,1,49
43,-43.5283,-54.6758,-107.585,456.754,1,49
43,-36.6618,-59.4984,-133.458,104.801,1,49
43,-27.3595,-64.3087,-57.316,24.0363,1,49
43,-27.152,-64.3966,75.3745,149.349,1,49
43,-26.5943,-64.6289,77.7892,209.801,1,49
43,-22.6342,-66.1199,-106.161,387.543,1,49
43,-22.6343,-66.1199,-128.631,391.74,1,49
43,-18.6905,-67.341,-115.14,1385.21,1,49
43,-17.1564,-67.7481,-207.684,583.252,1,49
43,-16.5382,-67.9017,-231.565,378.68,1,49
43,-14.847,-68.2914,-128.813,119.987,1,49
43,-14.437,-68.3793,-128.852,141.062,1,49
43,-13.5407,-68.5624,-128.548,22,1,49
43,-12.7026,-68.7226,-128.712,261.458,1,49
43,-11.3087,-68.9657,-223.962,523.762,1,49
43,-10.0382,-69.162,-98.9421,783.202,1,49
43,-7.53793,-69.479,0.820879,182.163,1,49
43,-4.63913,-69.7326,-104.267,9218.92,1,49
43,-4.88344,-69.7159,-160.895,243.011,1,49
43,-3.26036,-69.8106,-274.035,693.787,1,49
43,2.95322,-69.8243,50.8343,70,1,49
43,4.76155,-69.7243,92.1072,556.851,1,49
43,5.29009,-69.6862,-95.0715,556.55,1,49
43,7.57592,-69.4749,-129.064,1540.18,1,49
43,6.60066,-69.5743,-143.245,489.47,1,49
43,14.0765,-68.4544,-57.3236,233.242,1,49
43,14.0103,-68.468,-179.643,300.935,1,49
43,14.0132,-68.4674,-202.117,300.044,1,49
43,14.2878,-68.4106,-144.66,23.1092,1,49
43,17.4918,-67.6623,-219.775,267.063,1,49
43,21.4323,-66.5192,81.505,335.884,1,49
43,21.8493,-66.3834,80.8297,333.272,1,49
43,30.7463,-62.76,-62.842,1060.44,1,49
43,31.9526,-62.1545,-12.5352,273.951,1,49
43,38.8559,-58.0893,-29.3145,321.403,1,49
43,39.4633,-57.6784,-279.409,651.944,1,49
43,42.657,-55.3582,-126.637,10118.6,1,49
43,42.9213,-55.1535,-135.023,844,1,49
43,43.8828,-54.3917,58.7017,2729.24,1,49
43,46.2275,-52.4134,-63.8142,292.932,1,49
43,53.9667,-44.4044,11.6515,637.491,1,49
43,54.4791,-43.7741,-297.915,600.744,1,49
43,57.46,-39.7807,15.7268,839.394,1,49
43,59.0428,-37.3912,83.3942,317.168,1,49
43,59.6265,-36.4531,-58.7696,655.243,1,49
43,59.7736,-36.2115,-157.062,11904,1,49
43,59.7888,-36.1863,-129.033,1213.99,1,49
43,60.2916,-35.3423,-3.77229,4094.39,1,49
43,60.6427,-34.7364,-83.6597,294.856,1,49
43,62.1433,-31.9743,-234.957,518.412,1,49
43,63.965,-28.1536,-77.256,338.005,1,49
43,64.2551,-27.4852,-143.833,884.056,1,49
43,68.0593,-15.8772,-266.348,122.382,1,49
43,68.2419,-15.0729,-245.819,4283.88,1,49
43,68.2319,-15.118,-266.529,1451.76,1,49
43,68.2589,-14.996,-135.161,6776.87,1,49
43,68.8139,-12.1983,-159.796,2821.55,1,49
43,69.7292,-4.68999,1.76973,1071.69,1,49
43,69.8431,-2.4677,102.775,309.806,1,49
43,69.868,-1.61469,48.386,451.347,1,49
43,69.8863,0.23959,-51.2568,99.7644,1,49
43,69.856,2.07169,64.9948,973.303,1,49
43,68.7966,12.2953,-20.1581,345.422,1,49
43,68.555,13.5782,-196.938,169.877,1,49
43,68.29,14.8536,24.692,550.611,1,49
43,66.8042,20.5269,18.5861,643.766,1,49
43,58.9157,37.5912,-131.931,346.511,1,49
43,58.9167,37.5895,-154.401,351.626,1,49
43,58.0976,38.8435,-130.796,221.144,1,49
43,58.0802,38.8696,-153.281,199.948,1,49
43,57.7354,39.3798,-130.094,101.69,1,49
43,57.7354,39.3798,-152.56,100.711,1,49
43,57.0538,40.361,-129.741,706.604,1,49
43,57.0595,40.353,-152.218,715.578,1,49
43,55.7886,42.0926,101.486,257.631,1,49
43,54.6588,43.5496,-29.8866,167.808,1,49
43,43.8627,54.4079,85.1037,1085.21,1,49
43,43.4757,54.7176,-11.7858,83.8493,1,49
43,41.4215,56.2886,-187.772,407.942,1,49
43,35.0691,60.4509,-109.563,424.273,1,49
43,35.0524,60.4605,-132.04,403.012,1,49
43,33.5229,61.3218,-108.537,1661.95,1,49
43,33.5257,61.3203,-131.01,1658.98,1,49
43,32.4448,61.899,-107.751,1865.61,1,49
43,32.4445,61.8991,-130.209,1841.52,1,49
43,32.0162,62.1217,29.1548,225.641,1,49
43,31.6769,62.2954,-107.772,30.2185,1,49
43,31.6769,62.2954,-130.244,28.219,1,49
43,27.5459,64.2291,-25.7404,191.434,1,49
43,26.9288,64.4902,-26.2283,146.86,1,49
43,24.2018,65.5624,-111.018,880.216,1,49
43,20.9894,66.6603,-303.236,70.2892,1,49
43,20.3188,66.8678,-20.0249,731.288,1,49
43,19.2894,67.172,-257.105,3662.11,1,49
43,14.2115,68.4265,-301.129,1200.8,1,49
43,13.8526,68.5001,-113.926,449.201,1,49
43,13.8513,68.5003,-136.406,451.992,1,49
43,2.82292,69.8297,18.8431,631.585,1,49
43,0.383064,69.8857,-112.896,513.534,1,49
43,-2.0009,69.858,-63.6355,227.438,1,49
43,-7.53926,69.4789,-180.045,1374.65,1,49
43,-21.6958,66.4338,-190.617,5315.23,1,49
43,-27.0978,64.4194,72.5513,392.942,1,49
43,-27.7099,64.1585,72.852,33.2226,1,49
43,-28.9295,63.6179,-8.81261,83.6351,1,49
43,-30.1093,63.0681,-152.335,545.184,1,49
43,-30.9938,62.6381,-153.004,438.598,1,49
43,-40.1634,57.1931,25.0732,133.833,1,49
43,-40.4747,56.9732,24.5375,139.214,1,49
43,-43.3496,54.8175,-97.8077,288.068,1,49
43,-45.1886,53.3117,-0.869483,1203.12,1,49
43,-50.3694,48.4466,-135.022,87.7422,1,49
43,-54.6193,43.5991,-61.9909,512.918,1,49
43,-54.6025,43.6201,-126.586,581.784,1,49
43,-55.6822,42.2331,-142.825,870.432,1,49
43,-57.8654,39.1886,-92.2295,649.033,1,49
43,-62.1086,32.0417,-181.066,625.987,1,49
43,-62.6803,30.9084,-181.792,512.476,1,49
43,-62.5725,31.1261,-290.655,159.939,1,49
43,-62.6379,30.9942,-136.498,132.22,1,49
43,-63.4793,29.2323,-276.011,627.734,1,49
43,-64.5026,26.8993,-154.633,175.701,1,49
43,-65.3807,24.6883,-128.15,349.298,1,49
43,-68.428,14.2044,66.8577,228.283,1,49
43,-69.3144,8.92542,2.65872,162.535,1,49
43,-69.6575,5.65563,-86.3757,533.771,1,49
43,-70.9204,-2.99958,-20.7,23.0546,0,50
43,-70.6921,-6.42836,132.534,121.965,0,50
43,-70.6521,-6.85405,286.946,758.116,0,50
43,-70.6447,-6.93012,132.146,538.787,0,50
43,-70.2873,-9.91919,-98.0862,389.43,0,50
43,-68.6887,-17.9041,176.46,41.2002,0,50
43,-65.8607,-26.4777,37.2329,1333.45,0,50
43,-59.3266,-38.975,-22.9563,168.017,0,50
43,-58.3338,-40.4459,132.63,326.425,0,50
43,-57.9795,-40.9522,132.788,27.1638,0,50
43,-47.0098,-53.1863,81.955,573.821,0,50
43,-45.272,-54.673,253.928,2511.54,0,50
43,-42.1526,-57.1127,126.787,4565.41,0,50
43,-42.1519,-57.1132,149.259,4558.57,0,50
43,-41.2942,-57.7364,205.138,423.885,0,50
43,-36.4883,-60.8876,60.7942,728.926,0,50
43,-35.6103,-61.4052,59.9225,232.887,0,50
43,-33.0339,-62.8288,58.588,34.236,0,50
43,-32.5188,-63.097,57.9185,83.0454,0,50
43,-14.465,-69.4943,283.634,133.893,0,50
43,-12.2815,-69.9133,43.6526,780.597,0,50
43,-10.8176,-70.1547,42.6563,1649.82,0,50
43,-8.17664,-70.5113,40.8984,1666.18,0,50
43,-9.04018,-70.4058,-21.548,131.58,0,50
43,-8.06489,-70.5242,-21.284,570.065,0,50
43,-7.70714,-70.5642,297.298,610.437,0,50
43,-7.24129,-70.6135,-20.933,262.378,0,50
43,-5.32324,-70.7839,249.576,2458.34,0,50
43,15.3575,-69.3026,160.955,236.16,0,50
43,19.212,-68.3345,-69.8646,217.634,0,50
43,31.6555,-63.5345,120.627,294.927,0,50
43,36.2902,-61.0059,83.8959,892.229,0,50
43,38.5668,-59.5928,-48.6675,505.566,0,50
43,39.9756,-58.6571,114.028,415.512,0,50
43,47.6354,-52.6267,4.88221,654.595,0,50
43,48.7384,-51.6069,5.59579,967.298,0,50
43,48.3579,-51.9635,11.4661,443.378,0,50
43,53.5776,-46.5633,231.231,774.861,0,50
43,57.8287,-41.1649,176.678,154.537,0,50
43,57.8304,-41.1625,199.149,155.594,0,50
43,59.842,-38.179,96.3856,583.252,0,50
43,60.2527,-37.5275,-1.89675,144.387,0,50
43,60.2284,-37.5664,65.9167,229.929,0,50
43,60.5338,-37.0724,-1.62,28.105,0,50
43,60.7506,-36.716,141.015,199.738,0,50
43,64.2998,-30.0705,93.2214,546.212,0,50
43,65.7761,-26.6871,94.7583,195.085,0,50
43,66.2188,-25.569,94.9533,392.314,0,50
43,66.6656,-24.3804,95.2907,455.902,0,50
43,66.7234,-24.2215,133.998,190.545,0,50
43,67.328,-22.4864,-20.3732,751.876,0,50
43,68.8214,-17.3873,281.485,736.775,0,50
43,69.2639,-15.5308,45.9839,161.561,0,50
43,69.5146,-14.3671,-64.88,470.732,0,50
43,70.952,2.12622,-67.6598,901.891,0,50
43,70.8825,3.79154,257.093,360.031,0,50
43,70.7052,6.28307,-86.1683,150.145,0,50
43,70.5942,7.42715,173.437,855.291,0,50
43,70.6183,7.19428,264.99,566.598,0,50
43,70.2127,10.4346,83.8108,228.596,0,50
43,70.0757,11.3178,85.0403,323.985,0,50
43,68.1681,19.7943,218.787,408.659,0,50
43,67.0072,23.4251,108.521,1735.1,0,50
43,66.325,25.2923,110.263,2006.21,0,50
43,66.175,25.6821,144.748,1060.08,0,50
43,66.0275,26.059,269.277,236.059,0,50
43,65.5434,27.2537,160.772,25.0732,0,50
43,61.1238,36.0913,124.374,813.559,0,50
43,59.9852,37.9535,131.251,179.897,0,50
43,59.7264,38.3595,102.934,1039.09,0,50
43,54.4687,45.5177,30.9462,841.513,0,50
43,47.149,53.0629,183.765,747.379,0,50
43,47.009,53.1869,13.7508,340.228,0,50
43,45.8367,54.2006,-23.5534,336.753,0,50
43,44.9307,54.9539,246.988,4315.5,0,50
43,43.4248,56.1514,-40.15,13565.1,0,50
43,42.0127,57.2156,-69.0314,2270.83,0,50
43,42.9815,56.4915,-31.086,1086,0,50
43,41.6114,57.5082,39.305,438.926,0,50
43,39.7219,58.8292,82.3854,196.208,0,50
43,38.6203,59.5582,-86.0704,119.74,0,50
43,36.4285,60.9234,149.943,813.644,0,50
43,34.353,62.1174,127.415,855.209,0,50
43,33.9815,62.3214,259.14,76.1638,0,50
43,33.0476,62.8216,156.966,573.535,0,50
43,22.29,67.3933,242.838,421.675,0,50
43,17.617,68.7629,80.8622,291.601,0,50
43,16.9835,68.9221,82.1509,1225.03,0,50
43,11.703,70.0124,-26.5194,124.337,0,50
43,11.327,70.0742,36.2798,7095.12,0,50
43,9.73104,70.3136,143.543,301.06,0,50
43,6.63772,70.6728,-70.5025,903.314,0,50
43,4.99157,70.8081,-70.5215,415.476,0,50
43,4.73913,70.8254,235.13,64.4453,0,50
43,4.21284,70.8587,234.314,94.6512,0,50
43,3.14058,70.9143,163.837,178.184,0,50
43,3.14275,70.9142,186.311,174.116,0,50
43,-27.819,65.3055,2.24144,185.601,0,50
43,-28.4166,65.0476,2.42097,45.5824,0,50
43,-28.6932,64.9261,-21.9025,154.159,0,50
43,-29.3648,64.6251,2.98778,198.993,0,50
43,-31.8115,63.4565,3.73302,2562.88,0,50
43,-35.0745,61.7129,224.878,546.713,0,50
43,-44.174,55.564,-59.1258,153.879,0,50
43,-44.62,55.2065,-58.4908,184.236,0,50
43,-45.1367,54.7849,-57.6413,700.814,0,50
43,-49.0999,51.2631,11.5079,614.685,0,50
43,-48.8469,51.5041,123.721,310.421,0,50
43,-49.6522,50.7282,11.8057,238.628,0,50
43,-49.733,50.6491,182.248,569.828,0,50
43,-52.2323,48.0675,13.092,1952.6,0,50
43,-56.9257,42.4048,230.352,455.363,0,50
43,-58.4743,40.2425,23.2187,146.932,0,50
43,-58.8583,39.6787,21.4515,450.424,0,50
43,-60.0623,37.8314,54.0616,442.126,0,50
43,-62.1135,34.36,15.9528,200.59,0,50
43,-62.4241,33.7925,15.3531,216.689,0,50
43,-62.6714,33.3317,14.6621,166.082,0,50
43,-69.5626,14.1329,-8.404,25.1092,0,50
43,-69.5852,14.0212,145.717,464.347,0,50
43,-69.6387,13.7533,-8.1592,54.4187,0,50
43,-68.299,-19.3377,-8.85151,779.18,1,50
43,-66.8297,-23.9268,-105.309,813.397,1,50
43,-65.9445,-26.2683,-147.487,1098.14,1,50
43,-65.8309,-26.5517,-31.6686,307.001,1,50
43,-62.3883,-33.8585,-116.423,1087.12,1,50
43,-61.6184,-35.2402,1.62,40.3417,1,50
43,-57.786,-41.2247,-94.0702,111.054,1,50
43,-55.3036,-44.4995,-25.94,91.3781,1,50
43,-54.9326,-44.9568,-26.2059,64.6428,1,50
43,-52.6908,-47.5644,-303.431,492.258,1,50
43,-47.4574,-52.7873,-79.4452,3420.98,1,50
43,-37.1446,-60.4895,-133.41,281.971,1,50
43,-28.2486,-65.1208,-57.3969,221.907,1,50
43,-26.7166,-65.7642,64.3941,115,1,50
43,-23.1469,-67.1038,-105.111,127.114,1,50
43,-23.145,-67.1045,-127.577,128.17,1,50
43,-17.3858,-68.8217,-129.047,954.667,1,50
43,-16.7359,-68.9827,-232.087,724.824,1,50
43,-15.7358,-69.2177,-128.845,552.031,1,50
43,-12.0508,-69.9534,-97.8017,309.302,1,50
43,-11.3238,-70.0748,-98.2238,352.781,1,50
43,-11.2763,-70.0824,-222.731,176.716,1,50
43,-5.25981,-70.7887,-103.978,4486.62,1,50
43,-5.31841,-70.7843,-160.772,60.3277,1,50
43,-2.83307,-70.9272,-273.205,160.187,1,50
43,2.95027,-70.9225,56.9087,1656.32,1,50
43,4.31859,-70.8523,92.5163,142.963,1,50
43,5.13877,-70.7975,-93.7955,452.702,1,50
43,6.16711,-70.7154,-142.758,330.282,1,50
43,9.30925,-70.3707,-129.114,447.932,1,50
43,10.7709,-70.1619,-129.231,675.108,1,50
43,13.0323,-69.7772,-56.8419,2076.29,1,50
43,15.1292,-69.3528,-144.507,85.906,1,50
43,15.6262,-69.2425,-179.4,276.497,1,50
43,15.6177,-69.2444,-201.843,298.547,1,50
43,17.6373,-68.7577,-132.141,133.541,1,50
43,22.7764,-67.2305,80.3272,82.7198,1,50
43,23.3855,-67.021,79.7923,234.483,1,50
43,31.0738,-63.821,-61.0247,756.355,1,50
43,32.6002,-63.0549,-12.1538,381.759,1,50
43,40.2306,-58.4824,-28.0718,946.079,1,50
43,40.9265,-57.9976,-280.726,582.835,1,50
43,42.3081,-56.9976,-128.191,11849.8,1,50
43,44.9041,-54.9757,57.5088,836.602,1,50
43,47.2209,-52.9989,-62.1777,263.587,1,50
43,49.0508,-51.31,12.1939,359.802,1,50
43,51.2092,-49.1561,-146.988,114.292,1,50
43,55.4197,-44.3549,-94.628,23.0182,1,50
43,60.1258,-37.7305,-56.7678,295.435,1,50
43,60.4324,-37.2374,-156.599,659.774,1,50
43,61.5221,-35.408,-82.9159,113.044,1,50
43,62.9754,-32.7536,-234.192,347.35,1,50
43,64.7569,-29.0731,-142.271,109.478,1,50
43,64.9667,-28.6011,-142.865,923.06,1,50
43,65.0556,-28.3983,-77.07,515.136,1,50
43,66.4075,-25.0748,-128.461,800.716,1,50
43,69.0017,-16.6571,-266.339,233.863,1,50
43,69.2868,-15.4285,-135.816,8117.58,1,50
43,69.4733,-14.5658,-244,77.9421,1,50
43,69.735,-13.2565,-160.895,6331.91,1,50
43,70.8881,-3.6848,102.95,441.394,1,50
43,70.9508,-2.16479,49.7382,489.533,1,50
43,70.9837,-0.0904097,-51.0729,214.398,1,50
43,70.9398,2.49757,65.8735,151.939,1,50
43,69.7323,13.2705,-19.0471,89.5846,1,50
43,69.5355,14.2661,-196.823,746.976,1,50
43,69.231,15.677,25.8368,694.872,1,50
43,69.063,16.4014,26.0553,69.8353,1,50
43,67.9316,20.5911,19.7374,621.823,1,50
43,63.4304,31.8635,99.0252,135.125,1,50
43,61.4612,35.5137,-23.0801,506.356,1,50
43,57.0626,42.2204,-128.562,871.389,1,50
43,57.0637,42.2188,-151.009,838.502,1,50
43,56.7963,42.5779,101.643,558.951,1,50
43,56.209,43.3503,-29.8583,910.318,1,50
43,56.2812,43.2565,-127.729,656.07,1,50
43,56.2814,43.2562,-150.205,664.037,1,50
43,55.9002,43.7477,-127.276,25.3802,1,50
43,55.9002,43.7477,-149.748,25.3668,1,50
43,55.299,44.5053,-126.747,565.441,1,50
43,55.2992,44.5051,-149.224,562.496,1,50
43,54.2889,45.732,-125.735,1327.99,1,50
43,54.2889,45.732,-148.211,1320.87,1,50
43,44.0275,55.6802,85.6892,554.127,1,50
43,43.8016,55.8581,-10.8098,579.514,1,50
43,42.4493,56.8925,-187.25,302.726,1,50
43,38.3857,59.7096,-111.891,1519.94,1,50
43,38.3836,59.7109,-134.37,1496.23,1,50
43,36.1744,61.0747,-110.146,205.304,1,50
43,36.1794,61.0717,-132.615,203.207,1,50
43,32.7081,62.9991,30.4497,595.691,1,50
43,28.9405,64.8162,-24.4252,177.015,1,50
43,28.4407,65.0371,-25.1082,448.531,1,50
43,25.0946,66.4,-110.963,158.4,1,50
43,21.4993,67.6497,-302.917,334.563,1,50
43,20.2536,68.033,-18.7638,556.128,1,50
43,20.1482,68.0643,-256.742,2205.55,1,50
43,14.4934,69.4884,-112.765,243.533,1,50
43,14.4933,69.4884,-135.247,242.421,1,50
43,3.0186,70.9196,19.2794,465.298,1,50
43,0.649404,70.9808,-112.014,146.409,1,50
43,-7.90236,70.5426,-179.855,292.083,1,50
43,-11.4702,70.0509,-166.262,1936.63,1,50
43,-12.7599,69.8275,-217.399,289.486,1,50
43,-21.9187,67.515,-21.7588,378.827,1,50
43,-21.8063,67.5514,-191.448,107.854,1,50
43,-28.6748,64.9342,74.0013,806.783,1,50
43,-29.5497,64.5408,-8.50727,391.084,1,50
43,-31.7503,63.4872,-153.464,97.621,1,50
43,-32.759,62.9726,-154.037,859.446,1,50
43,-40.7399,58.1288,25.7398,565.191,1,50
43,-46.3307,53.7789,0.78274,513.334,1,50
43,-50.577,49.8063,-195.864,105.678,1,50
43,-55.5935,44.1369,-61.974,737.019,1,50
43,-55.5771,44.1576,-125.365,695.571,1,50
43,-56.4515,43.034,-142.252,415.426,1,50
43,-58.7226,39.8793,-91.4147,1576.44,1,50
43,-62.4584,33.7291,-180.536,75.6389,1,50
43,-62.7385,33.2052,-180.456,55.6855,1,50
43,-63.4709,31.7827,-136.277,128.785,1,50
43,-63.8634,30.9866,-290.072,1163.42,1,50
43,-64.7631,29.0592,-275.706,996.9,1,50
43,-65.3137,27.7996,74.2936,612.887,1,50
43,-65.5773,27.172,-154.042,479.24,1,50
43,-66.4573,24.9425,-127.675,328.57,1,50
43,-69.5839,14.028,66.9805,1227.1,1,50
43,-70.3832,9.21459,3.60551,442.579,1,50
43,-70.7103,6.22539,-86.2754,239.332,1,50
43,-72.041,-2.37815,-28.9254,55.1638,0,51
43,-72.0448,-2.26018,-27.908,23.7908,0,51
43,-72.0448,-2.26017,281.798,74.9019,0,51
43,-72.0072,-3.2423,-20.7,25.0021,0,51
43,-71.7313,-7.08341,286.711,900.782,0,51
43,-71.6892,-7.49782,131.574,612.583,0,51
43,-71.4016,-9.86768,-98.5528,822.683,0,51
43,-70.2636,-16.0804,198.65,93.735,0,51
43,-69.4477,-19.3021,125.277,414.976,0,51
43,-67.1688,-26.1517,36.7975,308.157,0,51
43,-66.1942,-28.5286,-65.5457,236.459,0,51
43,-59.443,-40.7687,132.448,382.745,0,51
43,-56.7367,-44.4579,-34.486,531.553,0,51
43,-52.2985,-49.6027,-93.0621,1115.17,0,51
43,-47.9564,-53.8121,80.202,337.463,0,51
43,-46.1433,-55.3747,252.801,587.871,0,51
43,-44.2418,-56.9053,128.339,3845.94,0,51
43,-44.2402,-56.9066,150.809,3848.46,0,51
43,-42.296,-58.3661,203.538,829.629,0,51
43,-38.759,-60.7725,177.355,4315.01,0,51
43,-34.1781,-63.4619,-18.4914,398.218,0,51
43,-33.0456,-64.0589,-80.2637,1478.23,0,51
43,-32.6397,-64.2667,23.6501,637.453,0,51
43,-31.5527,-64.8073,56.8052,2416.22,0,51
43,-30.0069,-65.5373,3.90403,1307.18,0,51
43,-29.1814,-65.909,55.0649,765.553,0,51
43,-28.2096,-66.3308,54.1395,110.013,0,51
43,-27.6747,-66.5558,54.348,23.1352,0,51
43,-27.2118,-66.7463,53.8018,373.277,0,51
43,-26.2073,-67.1471,53.127,651.641,0,51
43,-24.1952,-67.8981,51.6803,1815.59,0,51
43,-23.3598,-68.19,271.227,3526.95,0,51
43,-20.8441,-69.0006,49.2493,562.916,0,51
43,-20.2645,-69.173,49.26,31.1982,0,51
43,-19.8494,-69.2933,48.4917,175.521,0,51
43,-19.1985,-69.4764,62.2379,181.51,0,51
43,-17.2279,-69.9911,46.9411,93.7615,0,51
43,-16.8459,-70.084,47.14,29.3199,0,51
43,-15.623,-70.3667,45.7903,2313.96,0,51
43,-14.9581,-70.5111,283.447,1212.28,0,51
43,-13.9657,-70.7143,45.02,54.2611,0,51
43,-13.6318,-70.7794,44.2439,126.935,0,51
43,-13.1302,-70.8742,44.4991,113.768,0,51
43,-7.39844,-71.6995,297.594,379.27,0,51
43,-6.43716,-71.7922,-20.539,403.824,0,51
43,-5.5943,-71.8628,-20.209,137.13,0,51
43,-5.76015,-71.8497,248.376,496.47,0,51
43,15.8356,-70.3192,160.081,673.364,0,51
43,16.5757,-70.1484,0.076,58.259,0,51
43,17.6094,-69.8961,-77.8075,111.074,0,51
43,17.9904,-69.799,-77.516,35.4165,0,51
43,20.024,-69.243,165.873,15759.6,0,51
43,19.3194,-69.4429,170.938,298,0,51
43,21.5339,-68.7884,261.573,1238.14,0,51
43,31.0722,-65.039,296.71,633.817,0,51
43,31.7211,-64.725,119.644,67.3662,0,51
43,36.626,-62.0813,83.9957,547.441,0,51
43,38.9271,-60.665,-50.2486,1010.35,0,51
43,41.316,-59.0639,114.055,700.796,0,51
43,46.4915,-55.0826,3.64772,193.075,0,51
43,47.0881,-54.5735,3.892,51.1477,0,51
43,47.5182,-54.1994,4.52796,112.668,0,51
43,48.0102,-53.7641,4.32331,172.484,0,51
43,48.9672,-52.894,11.1886,580.37,0,51
43,52.8015,-49.0669,40.8597,1411.6,0,51
43,58.9246,-41.5145,176.503,429.828,0,51
43,58.925,-41.5139,198.975,428.665,0,51
43,60.5985,-39.0304,95.2676,236.79,0,51
43,60.981,-38.4301,-2.53855,235.332,0,51
43,61.0886,-38.2589,64.9484,773.83,0,51
43,62.0034,-36.7578,140.691,127.236,0,51
43,65.0376,-31.0752,92.1483,425.037,0,51
43,67.6996,-24.745,132.793,835.785,0,51
43,68.1146,-23.5788,95.8081,323.994,0,51
43,68.3388,-22.9207,95.9386,479.028,0,51
43,68.4113,-22.7035,-21.124,47.4538,0,51
43,68.8189,-21.4362,96.3027,3043.78,0,51
43,70.0111,-17.1464,281.148,1317.33,0,51
43,70.2131,-16.2995,45.0752,985.92,0,51
43,70.7944,-13.5541,-67.2834,1197.75,0,51
43,72.0477,2.16467,270.307,175.341,0,51
43,72.0251,2.81894,-68.4358,237.962,0,51
43,71.5655,8.59859,173.274,660.992,0,51
43,71.5092,9.05492,82.9441,261.122,0,51
43,71.0234,12.2979,84.9681,429.616,0,51
43,69.3761,19.5579,107.428,343.034,0,51
43,68.9159,21.1223,107.717,533.26,0,51
43,67.3028,25.8047,109.417,1538.91,0,51
43,67.2553,25.9283,144.656,495.924,0,51
43,67.1175,26.2829,268.968,118.581,0,51
43,65.5802,29.913,275.882,164.074,0,51
43,65.2852,30.5515,153.172,178.954,0,51
43,62.4432,36.0056,122.951,281.502,0,51
43,60.736,38.8162,131.04,601.821,0,51
43,60.6943,38.8813,102.76,175.096,0,51
43,55.1579,46.4022,30.3018,191.44,0,51
43,48.9136,52.9435,-73.128,86.1567,0,51
43,47.4465,54.2622,13.627,220.262,0,51
43,46.2118,55.3175,-24.2329,1015.87,0,51
43,45.5098,55.8964,-39.5364,13463.6,0,51
43,45.9547,55.5312,-32.2369,639,0,51
43,45.9547,55.5312,-26.636,23,0,51
43,45.6588,55.7748,245.362,6606.39,0,51
43,45.1933,56.1527,-34.8357,242,0,51
43,42.5424,58.1868,37.6303,765.775,0,51
43,40.002,59.9616,-69.1295,1722.93,0,51
43,40.3216,59.7472,82.4662,146.432,0,51
43,39.6216,60.2136,-3.03028,684.974,0,51
43,37.9685,61.2695,-69.2437,439.215,0,51
43,37.2032,61.7372,149.993,813.664,0,51
43,36.8799,61.9308,-69.2875,487.987,0,51
43,34.578,63.2449,126.252,818.006,0,51
43,33.6839,63.7256,157.015,768.527,0,51
43,32.9169,64.1251,-104.767,279.964,0,51
43,31.1394,65.0069,166.239,1712.18,0,51
43,22.7966,68.3803,241.278,561.464,0,51
43,19.3194,69.4429,79.788,30.0728,0,51
43,11.3839,71.1756,-70.2841,1244.56,0,51
43,11.9426,71.084,35.6229,5626.63,0,51
43,11.3157,71.1864,-27.248,886.98,0,51
43,9.58711,71.4398,143.372,700.31,0,51
43,3.8222,71.9788,233.753,307.011,0,51
43,3.58731,71.9909,163.306,597.228,0,51
43,3.58701,71.9909,185.777,593.155,0,51
43,-0.994055,72.0733,141.235,346.666,0,51
43,-1.5329,72.0639,13.5599,575.996,0,51
43,-6.30953,71.8035,266.018,4340.46,0,51
43,-11.1801,71.2079,-90.3851,179.181,0,51
43,-12.0401,71.0675,267.719,778.535,0,51
43,-29.4267,65.7999,-22.7698,230.374,0,51
43,-34.3019,63.3951,4.54373,538.664,0,51
43,-35.0874,62.9637,4.74,96.2668,0,51
43,-35.6137,62.6675,5.164,24.0565,0,51
43,-35.798,62.5624,224.785,190.765,0,51
43,-36.7507,62.0076,5.64566,395.917,0,51
43,-37.8125,61.3658,5.80518,63.7016,0,51
43,-38.4211,60.9867,78.0721,893.037,0,51
43,-41.5443,58.9035,7.6465,739.774,0,51
43,-43.154,57.7347,8.20465,248.352,0,51
43,-43.8016,57.2448,8.79464,59.4773,0,51
43,-44.5139,56.6928,-60.1426,1154.59,0,51
43,-45.388,55.9954,9.31967,2121.43,0,51
43,-47.5356,54.1842,10.3333,492.217,0,51
43,-48.5394,53.2868,10.7801,220.881,0,51
43,-49.0579,52.8099,11.1,34.0627,0,51
43,-49.0579,52.8099,123.571,81.6413,0,51
43,-49.4184,52.4727,11.1,45.2346,0,51
43,-50.3722,51.5577,181.631,120.029,0,51
43,-57.6716,43.2381,229.342,89.7422,0,51
43,-60.3443,39.4223,18.6,1764.16,0,51
43,-60.7432,38.8048,53.852,200.243,0,51
43,-61.2938,37.9292,130.824,664.413,0,51
43,-70.6078,14.4945,145.653,310.572,0,51
43,-70.8054,13.4962,-8.91255,882.406,0,51
43,-69.7497,-18.1806,-43.5849,80.53,1,51
43,-69.4953,-19.13,-8.132,22.0364,1,51
43,-67.44,-25.444,-103.768,1464.7,1,51
43,-66.9713,-26.6532,-31.1455,617.498,1,51
43,-63.7604,-33.6179,-115.47,1223.14,1,51
43,-62.5456,-35.8274,2.55604,115.492,1,51
43,-59.5234,-40.6512,81.491,1899.66,1,51
43,-58.7956,-41.6969,-93.7296,529.891,1,51
43,-54.8823,-46.7278,-26.7213,606.83,1,51
43,-53.6082,-48.1842,-303.197,282.828,1,51
43,-48.3608,-53.4489,-78.322,133.743,1,51
43,-47.5839,-54.1417,-193.333,676.538,1,51
43,-44.4625,-56.733,-105.143,395.616,1,51
43,-31.6131,-64.7778,-84.5696,1116,1,51
43,-29.4113,-65.8068,77.516,77.3459,1,51
43,-28.759,-66.0944,-57.2373,1044.45,1,51
43,-28.7599,-66.094,77.2092,90.4551,1,51
43,-26.7302,-66.9407,78.5303,791.071,1,51
43,-23.5977,-68.108,-104.231,298.49,1,51
43,-23.5964,-68.1085,-126.707,302.656,1,51
43,-19.942,-69.2667,-115.023,1275.37,1,51
43,-16.8903,-70.0733,-232.589,263.105,1,51
43,-16.3003,-70.2129,-204.326,511.557,1,51
43,-13.6258,-70.7806,-97.0103,123.258,1,51
43,-12.8515,-70.9253,-97.059,668.219,1,51
43,-11.1865,-71.2069,-221.266,257.678,1,51
43,-9.29032,-71.479,2.4531,294.682,1,51
43,-8.72582,-71.5501,2.044,30.1274,1,51
43,-5.9011,-71.8382,-103.985,6543.95,1,51
43,-5.66143,-71.8575,-160.549,286.005,1,51
43,2.68945,-72.03,58.3228,743.478,1,51
43,3.64883,-71.9878,93.1476,640.782,1,51
43,5.54136,-71.8669,-142.443,1692.99,1,51
43,10.8965,-71.2518,-55.9763,331.716,1,51
43,11.9338,-71.0854,-56.044,55.0567,1,51
43,15.5749,-70.3774,-144.082,278.839,1,51
43,17.1919,-70,-179.337,2776.76,1,51
43,17.1919,-70,-201.811,2788.15,1,51
43,17.5357,-69.9146,-131.823,367.342,1,51
43,24.2424,-67.8812,78.7888,968.421,1,51
43,27.1427,-66.7745,-285.104,811.532,1,51
43,31.2515,-64.9531,-59.3041,429.93,1,51
43,33.5442,-63.7992,-11.524,40.1638,1,51
43,41.2323,-59.1223,-27.0003,183.021,1,51
43,41.9542,-58.6123,-129.744,11898.2,1,51
43,41.7271,-58.7742,-26.5389,133.191,1,51
43,42.5321,-58.1943,-281.795,935.833,1,51
43,45.9772,-55.5127,56.1531,2462.65,1,51
43,48.2462,-53.5524,-61.1502,344.535,1,51
43,49.9058,-52.0093,12.8601,1120.74,1,51
43,52.3641,-49.5334,-146.442,319.042,1,51
43,55.4323,-46.0741,13.2543,372.861,1,51
43,55.5782,-45.8979,-93.738,227.497,1,51
43,56.6495,-44.5689,-296.916,375.854,1,51
43,58.856,-41.6115,84.5911,476.982,1,51
43,59.6826,-40.4172,18.7428,396.595,1,51
43,60.897,-38.5631,-55.3482,604.14,1,51
43,61.2114,-38.0621,-2.20818,3328.26,1,51
43,61.1998,-38.0807,-157.197,1619.9,1,51
43,61.3966,-37.7626,-126.973,713.022,1,51
43,62.2153,-36.3979,-81.7457,513.489,1,51
43,63.7075,-33.718,-232.594,74.1624,1,51
43,63.8905,-33.3701,-233.216,161.125,1,51
43,65.412,-30.2792,-140.943,365.783,1,51
43,66.1871,-28.5452,-76.734,668.842,1,51
43,67.4039,-25.5396,-127.653,651.977,1,51
43,70.3004,-15.9187,-134.923,6439.71,1,51
43,70.3503,-15.6969,-145.125,1512,1,51
43,70.6861,-14.1078,-161.823,10190.1,1,51
43,70.676,-14.1585,-166.995,195,1,51
43,71.9178,-4.83597,103.166,240.817,1,51
43,71.9682,-4.01589,4.10126,322.46,1,51
43,72.0285,-2.72952,51.079,322.08,1,51
43,72.078,-0.558577,-50.956,76.5124,1,51
43,69.1736,20.2626,21.3202,766.406,1,51
43,64.5754,32.0246,99.7212,1157.19,1,51
43,62.1358,36.5335,-22.7582,224.16,1,51
43,57.7524,43.1302,101.768,1473.22,1,51
43,57.6545,43.261,-29.8656,480.151,1,51
43,54.4187,47.2669,-124.846,89.0272,1,51
43,54.3199,47.3804,-147.444,152.648,1,51
43,54.1279,47.5996,-125.156,38.3168,1,51
43,53.7439,48.0328,-124.445,482.551,1,51
43,53.7424,48.0345,-146.914,480.486,1,51
43,52.2723,49.6303,-123.002,2962.9,1,51
43,52.2741,49.6283,-145.477,2962.01,1,51
43,49.9428,51.9737,-120.924,1090.46,1,51
43,49.9444,51.9722,-143.397,1083.01,1,51
43,48.8318,53.019,-120.04,466.015,1,51
43,48.8314,53.0193,-142.509,460.914,1,51
43,47.1789,54.495,-118.528,370.484,1,51
43,47.1793,54.4947,-141.004,370.475,1,51
43,45.4238,55.9663,-117.059,3853.77,1,51
43,45.4155,55.9731,-139.525,3870.18,1,51
43,44.434,56.7554,86.4156,235.685,1,51
43,44.2685,56.8846,-9.828,33.18,1,51
43,43.9576,57.1252,86.42,25.3074,1,51
43,43.3279,57.6042,-115.275,479.653,1,51
43,43.3283,57.604,-137.746,480.803,1,51
43,43.4031,57.5476,-186.813,113.613,1,51
43,42.7009,58.0705,-114.556,24.0364,1,51
43,42.7009,58.0705,-137.028,24.0368,1,51
43,42.0213,58.5642,-114.237,420.701,1,51
43,42.0223,58.5635,-136.711,427.69,1,51
43,33.5079,63.8183,31.9526,4005.32,1,51
43,30.3981,65.3568,-23.2077,187.539,1,51
43,30.0163,65.533,-23.9917,79.9341,1,51
43,25.6768,67.3517,-110.919,242.72,1,51
43,22.2707,68.5534,-302.311,684.026,1,51
43,20.9884,68.9568,-256.334,1306.66,1,51
43,19.8567,69.2912,-16.9281,1251.41,1,51
43,15.313,70.4348,-111.352,57.7581,1,51
43,15.313,70.4348,-133.828,58.8207,1,51
43,-1.02727,72.0729,-62.7049,106.819,1,51
43,-8.11633,71.6218,-179.65,1964.25,1,51
43,-12.6134,70.968,-164.845,68.5945,1,51
43,-13.3035,70.8419,-217.164,51.1092,1,51
43,-21.2058,68.8903,-193.442,314.479,1,51
43,-22.4085,68.5085,-21.4544,183.646,1,51
43,-29.7738,65.6435,74.9211,300.12,1,51
43,-30.126,65.4827,-8.19581,421.487,1,51
43,-34.28,63.4069,-155.006,297.085,1,51
43,-40.9007,59.3522,27.1201,514.787,1,51
43,-45.0982,56.229,-97.2216,174.078,1,51
43,-47.3881,54.3132,2.10738,326.607,1,51
43,-51.5531,50.3769,-195.711,295.898,1,51
43,-56.5411,44.7064,-61.9488,751.163,1,51
43,-56.6814,44.5283,-123.603,738.148,1,51
43,-57.2278,43.824,-141.848,242.32,1,51
43,-59.4878,40.7033,-90.5687,202.832,1,51
43,-61.2559,37.9904,-178.012,655.397,1,51
43,-61.9857,36.7876,-178.774,270.298,1,51
43,-63.8817,33.3869,-136.018,817.398,1,51
43,-65.2051,30.7221,-289.444,509.631,1,51
43,-65.8681,29.2736,-275.25,146.58,1,51
43,-66.6027,27.5615,75.1745,687.537,1,51
43,-66.6537,27.4378,-153.308,963.64,1,51
43,-70.7297,13.8877,67.1201,174.529,1,51
43,-71.4507,9.50578,4.73242,73.5581,1,51
43,-71.7687,6.69402,-86.2105,229.416,1,51
43,-70.4197,-19.8989,125.156,72.3459,0,52
43,-70.2784,-20.3922,175.059,510.811,0,52
43,-67.9455,-27.172,-65.4457,161.943,0,52
43,-67.5884,-28.0485,-65.4996,464.799,0,52
43,-60.9,-40.5721,-23.0779,79.114,0,52
43,-60.6505,-40.9441,132.217,722.055,0,52
43,-57.3166,-45.4941,-34.72,550.077,0,52
43,-46.5761,-56.4409,130.202,5288.82,0,52
43,-46.5765,-56.4406,152.674,5312.55,0,52
43,-47.0351,-56.0589,251.967,1299.74,0,52
43,-43.3948,-58.9219,201.636,996.978,0,52
43,-39.7752,-61.4234,177.498,4474.21,0,52
43,-34.5593,-64.5024,-18.4231,174.737,0,52
43,-33.8357,-64.8849,-80.5002,1711.82,0,52
43,-33.3289,-65.1467,23.0429,640.942,0,52
43,-30.6395,-66.4539,2.69177,240.792,0,52
43,-23.2896,-69.3721,270.221,763.837,0,52
43,-19.801,-70.4473,62.1638,251.001,0,52
43,-15.5357,-71.5091,283.218,208.127,0,52
43,-7.0733,-72.8345,297.724,34.1982,0,52
43,-6.41144,-72.8958,246.389,1635.55,0,52
43,-4.10332,-73.0621,-19.507,1297.53,0,52
43,-2.494,-73.1347,-19.197,85.7786,0,52
43,16.4692,-71.2998,-0.104459,263.493,0,52
43,16.2605,-71.3477,159.327,472.613,0,52
43,16.1306,-71.3772,305.78,33,0,52
43,17.8787,-70.9595,165.697,8624.48,0,52
43,17.5213,-71.0486,-78.3907,564.225,0,52
43,17.4901,-71.0563,172.582,558,0,52
43,21.7192,-69.8798,260.596,76.2593,0,52
43,31.9173,-65.8498,119.22,43.3053,0,52
43,32.3926,-65.6172,295.642,1241.98,0,52
43,36.675,-63.3234,84.1462,162.439,0,52
43,37.0265,-63.1185,84.1166,848.822,0,52
43,39.4173,-61.6537,-51.1926,709.599,0,52
43,40.8183,-60.7352,131.403,1420.57,0,52
43,42.4043,-59.6387,113.999,419.653,0,52
43,44.9778,-57.7226,2.56192,160.872,0,52
43,45.45,-57.3515,2.39747,253.696,0,52
43,46.1169,-56.8167,3.00075,263.872,0,52
43,46.8484,-56.215,3.15524,173.895,0,52
43,49.4734,-53.9193,10.8146,217.341,0,52
43,53.4832,-49.9445,39.9383,197.927,0,52
43,54.7064,-48.6015,228.236,193.685,0,52
43,59.9548,-41.9562,176.23,154.804,0,52
43,59.9551,-41.9558,198.701,150.875,0,52
43,61.3452,-39.8957,94.3221,1101.16,0,52
43,61.6825,-39.3723,-3.03811,171.325,0,52
43,61.7959,-39.1941,63.3608,529.097,0,52
43,63.1361,-36.9964,140.385,199.403,0,52
43,65.7148,-32.1942,90.924,461.289,0,52
43,68.6842,-25.2466,131.677,1220.31,0,52
43,69.5775,-22.6688,-22.9079,329.395,0,52
43,70.0796,-21.0653,96.5289,116.161,0,52
43,70.2258,-20.5729,96.748,24.1456,0,52
43,70.4391,-19.8303,96.9526,317.874,0,52
43,70.9599,-17.8774,97.4569,404.469,0,52
43,71.197,-16.9082,44.3531,96.1042,0,52
43,71.3489,-16.2552,280.776,448.996,0,52
43,71.4641,-15.741,280.631,89.4411,0,52
43,71.9928,-13.1124,-68.8456,913.192,0,52
43,73.1174,2.95685,269.925,461.859,0,52
43,73.098,3.40343,-69.2273,668.457,0,52
43,73.0557,4.21523,255.747,954.595,0,52
43,72.8419,6.99717,81.3996,125.615,0,52
43,72.7149,8.21243,82.2743,1169.08,0,52
43,72.6908,8.42323,265.44,182.965,0,52
43,72.4252,10.4636,173.155,860.349,0,52
43,71.9237,13.4866,83.96,1457.11,0,52
43,71.5835,15.1891,106.085,1440.26,0,52
43,71.1311,17.1832,106.574,995.689,0,52
43,70.8112,18.4573,107.158,62.5519,0,52
43,70.4617,19.7497,216.437,478.605,0,52
43,68.3282,26.1947,144.587,391.577,0,52
43,68.2803,26.3194,108.585,1033.74,0,52
43,66.2788,31.0164,153.118,207.923,0,52
43,66.2788,31.0164,275.252,21.0182,0,52
43,61.6795,39.377,102.529,372.923,0,52
43,61.401,39.8097,130.854,486.291,0,52
43,55.4929,47.7016,29.7626,426.036,0,52
43,49.6955,53.7146,-73.2903,247.784,0,52
43,47.5694,55.6063,-38.9285,15634.5,0,52
43,47.9378,55.2889,13.2065,664.047,0,52
43,47.97,55.261,183.201,545.614,0,52
43,46.619,56.4054,-25.2474,286.852,0,52
43,46.3702,56.6101,244.152,3139.68,0,52
43,46.3459,56.63,252.307,1058,0,52
43,46.3459,56.63,259.564,22,0,52
43,40.9821,60.6248,82.7001,457.781,0,52
43,40.517,60.9367,-4.52355,1067.17,0,52
43,38.0223,62.5236,150.052,1891.05,0,52
43,35.9458,63.7401,-69.3093,803.779,0,52
43,35.732,63.8602,257.761,723.811,0,52
43,35.0641,64.2294,157.116,189.388,0,52
43,34.5297,64.5182,124.115,751.202,0,52
43,34.3884,64.5937,-69.46,150.4,0,52
43,34.4422,64.565,157.139,184.669,0,52
43,32.0425,65.7889,-69.52,1638.27,0,52
43,33.1341,65.246,-105.434,165.966,0,52
43,32.1465,65.7382,166.352,1242.39,0,52
43,29.8189,66.8262,-69.576,543.967,0,52
43,29.1976,67.0999,-69.652,46.3823,0,52
43,28.28,67.4918,-69.7132,53.6855,0,52
43,27.4353,67.8396,-69.6755,608.618,0,52
43,26.3831,68.2557,-69.7479,93.0391,0,52
43,26.3828,68.2558,51.0555,120.424,0,52
43,25.214,68.6961,-69.7452,652.85,0,52
43,23.5808,69.2737,-69.8315,368.149,0,52
43,23.2947,69.3705,239.981,533.581,0,52
43,22.5034,69.6312,-69.8726,313.93,0,52
43,21.4033,69.9772,-69.884,61.2731,0,52
43,20.9416,70.1167,77.4367,205.834,0,52
43,20.9556,70.1125,-69.884,22.2002,0,52
43,20.2496,70.3197,77.9362,108.888,0,52
43,19.9976,70.3917,79.0462,103.553,0,52
43,18.0708,70.9108,-70.087,119.141,0,52
43,16.9601,71.1847,-70.0834,2613.42,0,52
43,13.846,71.8553,-70.202,1156.24,0,52
43,12.5417,72.0944,36.3673,13692.5,0,52
43,11.0683,72.3353,-28.0187,157.587,0,52
43,9.45034,72.5644,143.077,846.868,0,52
43,4.2472,73.0538,162.805,422.505,0,52
43,4.24769,73.0538,185.278,422.44,0,52
43,3.36185,73.0999,236.185,15474.3,0,52
43,-0.746281,73.1734,140.092,621.238,0,52
43,-1.298,73.1657,13.0012,242.481,0,52
43,-7.96912,72.742,264.556,2207.02,0,52
43,-10.9753,72.3495,131.77,1201.01,0,52
43,-11.0527,72.3377,-89.9017,257.322,0,52
43,-11.2311,72.3102,266.547,275.954,0,52
43,-13.1981,71.9772,-59.8564,196.521,0,52
43,-30.2567,66.6291,-23.8017,188.885,0,52
43,-38.4606,62.255,76.7058,2545.78,0,52
43,-43.5701,58.7924,-63.0792,226.154,0,52
43,-44.3506,58.2059,-61.5263,152.89,0,52
43,-48.9131,54.4281,123.234,299.032,0,52
43,-49.4198,53.9684,123.46,61.3459,0,52
43,-50.653,52.8127,180.606,1515.09,0,52
43,-58.3075,44.2169,228.338,813.182,0,52
43,-61.8088,39.1736,16.0601,1198.05,0,52
43,-62.1692,38.5991,14.5242,463.793,0,52
43,-62.4275,38.18,128.774,122.67,0,52
43,-65.845,31.927,11.8424,2972.06,0,52
43,-71.6193,15.0194,145.574,662.812,0,52
43,-72.0356,12.8753,-9.39608,331.014,0,52
43,-71.197,-16.9082,23.3538,2059.14,1,52
43,-70.8112,-18.4573,-7.284,25.1295,1,52
43,-68.1574,-26.6358,-30.4301,367.791,1,52
43,-68.0087,-27.0132,-102.169,1070.64,1,52
43,-67.5918,-28.0401,-146.639,197.031,1,52
43,-65.1251,-33.3709,-114.639,1067.6,1,52
43,-63.1656,-36.9461,3.22156,827.498,1,52
43,-60.6035,-41.0136,81.8237,1165.7,1,52
43,-59.886,-42.0544,-93.356,27.0931,1,52
43,-54.4324,-48.9082,-27.5897,1962.27,1,52
43,-53.6136,-49.8045,-28.06,22.2913,1,52
43,-48.463,-54.8292,-192.834,418.621,1,52
43,-44.5719,-58.0366,-103.092,840.688,1,52
43,-38.0653,-62.4975,-133.232,262.263,1,52
43,-31.7375,-65.9366,-83.0247,154.555,1,52
43,-17.1628,-71.1361,-232.868,485.469,1,52
43,-16.0715,-71.3905,-203.04,87.1432,1,52
43,-15.672,-71.4793,-202.324,62.1841,1,52
43,-11.1196,-72.3274,-219.843,695.766,1,52
43,-9.82028,-72.5153,2.93741,257.687,1,52
43,-6.53708,-72.8846,-104.019,7733.36,1,52
43,-5.98558,-72.932,-160.348,91.2731,1,52
43,-1.98803,-73.1502,-271.777,751.981,1,52
43,3.05293,-73.1135,93.6428,193.101,1,52
43,9.78473,-72.5201,-55.4646,576.807,1,52
43,14.0887,-71.8082,-129.458,869.625,1,52
43,16.3057,-71.3374,-143.728,661.053,1,52
43,17.0897,-71.1537,-131.203,364.124,1,52
43,18.2642,-70.8613,-179.004,21.1435,1,52
43,18.2642,-70.8613,-201.476,22.1098,1,52
43,25.7601,-68.4932,77.5365,1053.91,1,52
43,27.6185,-67.7652,-284.392,579.614,1,52
43,31.5962,-66.0044,-58.0014,528.056,1,52
43,34.1943,-64.6966,-11.404,250.9,1,52
43,41.6819,-60.1458,-131.096,6588.19,1,52
43,42.6112,-59.4911,-25.7051,160.895,1,52
43,46.9717,-56.112,55.1507,2929.89,1,52
43,49.2021,-54.167,-60.0123,749.109,1,52
43,50.768,-52.7021,13.7274,315.906,1,52
43,53.4155,-50.0168,-146.122,386.671,1,52
43,55.9614,-47.1511,-93.0425,337.548,1,52
43,57.9588,-44.6731,-296.269,235.156,1,52
43,58.9855,-43.3084,84.999,98.71,1,52
43,59.4075,-42.7276,84.8965,816.794,1,52
43,60.7347,-40.819,19.8656,125.821,1,52
43,61.6608,-39.4062,-1.44437,3486.14,1,52
43,61.5928,-39.5125,-53.921,894.487,1,52
43,61.8765,-39.0666,-158.201,4474.03,1,52
43,62.1039,-38.7041,-125.432,349.78,1,52
43,63.013,-37.2058,-81.0055,838.69,1,52
43,65.9366,-31.7375,-139.413,74.544,1,52
43,66.164,-31.2606,-140.196,156.004,1,52
43,67.3553,-28.6036,-76.4071,642.183,1,52
43,68.3691,-26.0878,-127.043,295.742,1,52
43,70.8319,-18.3777,-266.083,184.231,1,52
43,71.5377,-15.4033,-162.92,2581.31,1,52
43,71.8863,-13.6844,-241.767,922.674,1,52
43,72.9334,-5.96849,103.352,886.093,1,52
43,73.0917,-3.53579,52.8976,469.332,1,52
43,73.0817,-3.73705,5.33179,271.623,1,52
43,73.1706,-0.980919,-50.6438,675.076,1,52
43,73.1118,3.09227,67.0877,54.599,1,52
43,73.1118,3.09227,29.8141,72.6897,1,52
43,71.6742,14.755,-17.3313,472.361,1,52
43,71.5153,15.507,-196.527,274.563,1,52
43,70.9411,17.9517,28.1583,312.728,1,52
43,70.8307,18.3826,28.92,54.348,1,52
43,70.3754,20.0551,22.7536,1485.32,1,52
43,65.6321,32.3624,100.226,2021.19,1,52
43,58.7854,43.5795,-29.8346,271.015,1,52
43,58.7474,43.6308,101.875,691.271,1,52
43,44.6521,57.9749,-185.935,130.373,1,52
43,44.5295,58.0691,-9.00286,102.346,1,52
43,44.1506,58.3577,87.4883,61.7198,1,52
43,34.0827,64.7555,33.4,628.053,1,52
43,31.8985,65.8589,-21.8035,849.296,1,52
43,26.6919,68.1355,-110.932,146.628,1,52
43,21.6305,69.9072,-256.06,514.448,1,52
43,15.6232,71.49,-110.474,404.069,1,52
43,15.6183,71.4911,-132.981,421.187,1,52
43,3.4891,73.094,21.059,399.585,1,52
43,0.979247,73.1706,-110.135,180.539,1,52
43,-0.89801,73.1717,-62.2711,92.5622,1,52
43,-8.4225,72.6909,-179.338,528.897,1,52
43,-13.4482,71.9309,-164.007,617.722,1,52
43,-13.868,71.8511,-217.164,77.4005,1,52
43,-30.6545,66.447,75.5755,68.6234,1,52
43,-31.2239,66.1813,76.0611,183.325,1,52
43,-36.7313,63.2907,-156.576,197.961,1,52
43,-37.1918,63.0212,-156.956,30.1336,1,52
43,-38.2804,62.366,-157.803,817.16,1,52
43,-41.2987,60.4096,28.2476,492.291,1,52
43,-46.0721,56.853,-96.885,459.156,1,52
43,-48.5868,54.7195,3.86172,754.187,1,52
43,-52.4966,50.9805,-195.566,266.932,1,52
43,-53.7039,49.7071,-133.433,169.783,1,52
43,-57.7274,44.9716,-122.08,641.274,1,52
43,-58.0113,44.6048,-141.601,571.32,1,52
43,-59.729,42.2771,-175.723,183.648,1,52
43,-60.2993,41.4596,-176.309,1281.38,1,52
43,-61.3902,39.8265,-177.229,1350.49,1,52
43,-64.3721,34.8014,-135.709,731.498,1,52
43,-66.5044,30.5299,-288.86,1863.17,1,52
43,-67.2411,28.8711,-275.012,649.098,1,52
43,-67.8376,27.4402,76.2606,514.924,1,52
43,-67.7478,27.6612,-152.627,132.92,1,52
43,-72.5202,9.78375,5.88718,856.991,1,52
43,-72.8286,7.13404,-86.1404,410.149,1,52
43,-74.2017,-3.25889,-31.743,220.272,0,53
43,-74.1662,-3.98571,-20.5326,303.086,0,53
43,-73.8602,-7.82198,286.352,132.254,0,53
43,-73.6864,-9.31773,129.615,606.268,0,53
43,-71.3966,-20.4704,124.913,477.759,0,53
43,-71.2204,-21.0753,174.385,163.563,0,53
43,-71.0457,-21.6569,174.298,299.005,0,53
43,-69.918,-25.0597,36.0969,755.065,0,53
43,-69.7103,-25.6318,36.3378,346.211,0,53
43,-69.0681,-27.3149,-65.6001,308.932,0,53
43,-62.0358,-40.842,131.768,71.6652,0,53
43,-61.6195,-41.4674,-23.1512,634.112,0,53
43,-53.018,-52.0154,-94.052,29.1638,0,53
43,-49.66,-55.2304,78.3061,731.201,0,53
43,-48.4783,-56.2705,131.331,4959.41,0,53
43,-48.4781,-56.2706,153.803,4953.99,0,53
43,-47.8194,-56.8314,266.348,22,0,53
43,-44.3739,-59.5606,200.029,280.724,0,53
43,-40.9462,-61.9671,177.666,3092.01,0,53
43,-34.7043,-65.6667,-80.747,1821.26,0,53
43,-34.6442,-65.6985,-18.4442,231.51,0,53
43,-34.1647,-65.9491,22.2049,447.751,0,53
43,-31.3258,-67.3439,1.51975,898.743,0,53
43,-22.9864,-70.6267,268.861,450.194,0,53
43,-20.5226,-71.3816,61.98,139.623,0,53
43,-15.9768,-72.5345,283.018,128.945,0,53
43,-6.72499,-73.9681,297.891,294.27,0,53
43,-1.98372,-74.2467,-18.7413,994.253,0,53
43,-0.708899,-74.2698,-18.3549,113.033,0,53
43,0.21138,-74.2729,-17.8701,639.169,0,53
43,16.2866,-72.4655,166.234,23204.5,0,53
43,17.1492,-72.2663,-79.1139,129.696,0,53
43,17.8517,-72.0959,-70.1603,323.373,0,53
43,21.8608,-70.9832,259.623,383.85,0,53
43,31.9887,-67.0316,118.571,390.242,0,53
43,33.4511,-66.3139,294.854,619.741,0,53
43,37.2869,-64.2355,84.2009,829.487,0,53
43,39.7266,-62.7559,-52.4965,1091.89,0,53
43,40.6658,-62.1514,130.379,11846.2,0,53
43,43.7988,-59.9848,113.937,429.412,0,53
43,44.008,-59.8315,1.31459,322.86,0,53
43,45.045,-59.0547,1.90645,746.379,0,53
43,50.0829,-54.8472,10.6074,291.553,0,53
43,55.2643,-49.6222,226.851,464.494,0,53
43,61.9721,-40.9386,92.5535,633.523,0,53
43,62.2883,-40.4559,-3.50509,759.297,0,53
43,62.6257,-39.9315,62.2178,558.482,0,53
43,66.4585,-33.1629,90.1687,104.842,0,53
43,69.6659,-25.7521,130.568,652.516,0,53
43,70.6935,-22.7801,-24.4848,438.621,0,53
43,72.0471,-18.0479,43.4314,1862.89,0,53
43,72.5882,-15.7309,97.9409,112.904,0,53
43,72.6558,-15.4155,280.458,722.086,0,53
43,72.7606,-14.9134,98.1633,184.592,0,53
43,72.8658,-14.3906,279.492,3,0,53
43,73.0109,-13.6351,98.5666,603.992,0,53
43,73.1936,-12.6179,-70.2707,122.706,0,53
43,73.3023,-11.97,98.9838,500.682,0,53
43,74.1916,3.48065,269.213,144.136,0,53
43,74.1483,4.3051,-70.0992,1093.13,0,53
43,74.1464,4.33741,254.942,490.389,0,53
43,74.0731,5.44823,80.4702,130.964,0,53
43,74.0312,5.99067,80.4408,214.547,0,53
43,73.9817,6.57423,80.8258,192.17,0,53
43,73.743,8.85916,265.595,210.703,0,53
43,73.4448,11.0618,104.915,1434.51,0,53
43,73.0402,13.4772,105.545,1007.1,0,53
43,72.913,14.1493,83.4268,179.63,0,53
43,71.6097,19.712,215.468,21.1498,0,53
43,69.4311,26.3786,144.484,1092.08,0,53
43,69.3769,26.5209,267.887,320.82,0,53
43,69.2649,26.8119,107.952,314.242,0,53
43,67.0327,31.9864,153.035,2060.33,0,53
43,67.1854,31.6643,275.072,103.87,0,53
43,65.1534,35.6586,119.868,336.722,0,53
43,62.771,39.7028,102.338,1350.67,0,53
43,55.7821,49.0394,29.0421,338.614,0,53
43,50.6115,54.3598,-73.359,1200.36,0,53
43,49.8779,55.0336,-38.234,12637.6,0,53
43,48.4572,56.2886,12.8713,862.641,0,53
43,48.4216,56.3193,182.728,860.451,0,53
43,47.1318,57.403,244.197,12603.6,0,53
43,47.0204,57.4942,-26.3584,1210.29,0,53
43,41.5162,61.5866,82.756,47.0728,0,53
43,39.0026,63.2084,150.129,502.41,0,53
43,36.9157,64.4495,256.923,409.208,0,53
43,35.5695,65.2022,157.173,891.696,0,53
43,34.6071,65.718,122.426,662.993,0,53
43,32.9572,66.5607,166.437,542.367,0,53
43,25.8539,69.6282,50.7371,500.958,0,53
43,23.7751,70.3651,238.983,335.415,0,53
43,22.2166,70.8726,75.8122,82.3053,0,53
43,21.6656,71.043,76.6113,150.828,0,53
43,13.1715,73.096,34.2907,7232.57,0,53
43,10.8358,73.4785,-28.4094,277.952,0,53
43,9.19232,73.7022,142.54,29.0364,0,53
43,4.57584,74.1321,162.391,302.596,0,53
43,4.57655,74.1321,184.864,300.466,0,53
43,2.68603,74.2246,231.778,109.71,0,53
43,2.3759,74.2352,230.882,104.118,0,53
43,-0.506381,74.2715,143.514,155,0,53
43,-1.1383,74.2645,12.691,647.409,0,53
43,-9.11545,73.7117,263.585,3847.05,0,53
43,-10.397,73.5419,-89.2766,418.542,0,53
43,-10.798,73.4841,-89.5916,162.557,0,53
43,-11.5253,73.3735,131.181,109.1,0,53
43,-19.9836,71.5344,195.173,2940.51,0,53
43,-37.1664,64.3052,224.803,903.895,0,53
43,-38.7312,63.3751,75.6674,1721.27,0,53
43,-42.8895,60.6383,-65.3552,141.268,0,53
43,-43.1726,60.437,-64.3843,153.102,0,53
43,-43.7195,60.0426,-63.7782,88.6918,0,53
43,-51.1169,53.8848,179.981,380.476,0,53
43,-59.0115,45.1016,227.289,407.872,0,53
43,-62.2491,40.5162,53.4919,427.311,0,53
43,-63.2047,39.0086,13.5277,225.342,0,53
43,-63.4248,38.6497,12.7318,118.068,0,53
43,-63.7041,38.1877,11.5325,465.092,0,53
43,-63.6541,38.2709,132.506,152,0,53
43,-67.3921,31.2219,10.4466,585.933,0,53
43,-69.3742,-26.5279,-29.7697,501.353,1,53
43,-68.451,-28.8265,-100.334,1036.21,1,53
43,-68.3451,-29.0768,-145.932,28.1617,1,53
43,-63.9218,-37.8221,3.67288,468.532,1,53
43,-61.6753,-41.3844,82.1089,361.749,1,53
43,-61.1227,-42.1962,-92.9309,737.588,1,53
43,-55.46,-49.4035,-302.769,245.461,1,53
43,-54.1901,-50.7931,-28.3793,336.073,1,53
43,-53.4137,-51.609,-28.6439,384.673,1,53
43,-49.3315,-55.524,-192.065,199.477,1,53
43,-45.1343,-58.9865,-101.947,363.554,1,53
43,-38.5237,-63.5015,-133.212,59.4348,1,53
43,-32.0303,-67.0117,-81.908,21.1498,1,53
43,-27.0138,-69.1864,79.1004,121.204,1,53
43,-17.575,-72.1639,-233.078,273.53,1,53
43,-15.7068,-72.5934,-95.3887,1537.19,1,53
43,-15.541,-72.6291,-201.084,680.996,1,53
43,-10.3511,-73.5484,3.45982,549.032,1,53
43,-7.19423,-73.924,-104.122,9312.7,1,53
43,-6.32439,-74.0034,-160.164,182.674,1,53
43,2.20748,-74.2404,94.1902,699.779,1,53
43,2.15647,-74.2419,61.0431,691.991,1,53
43,4.78077,-74.1192,-141.729,537.229,1,53
43,7.3495,-73.9087,-54.4269,176.405,1,53
43,8.79186,-73.751,-54.9917,99.661,1,53
43,17.1238,-72.2723,-143.29,546.284,1,53
43,20.9864,-71.2466,-179.004,59.6007,1,53
43,20.9896,-71.2457,-201.476,59.6566,1,53
43,28.1141,-68.7467,-283.972,646.742,1,53
43,31.9375,-67.056,-56.892,63.4411,1,53
43,34.9472,-65.5378,-11.1,109.441,1,53
43,43.827,-59.9642,-24.9466,2005.27,1,53
43,45.2355,-58.9089,-283.169,97.8171,1,53
43,45.6153,-58.6153,-283.912,184.342,1,53
43,48.0029,-56.6765,54.0418,1260.9,1,53
43,50.2276,-54.7147,-58.4521,616.016,1,53
43,51.6836,-53.3415,14.5783,292.132,1,53
43,54.3829,-50.5866,-145.758,236.073,1,53
43,56.3661,-48.3671,-92.2794,189.77,1,53
43,56.8314,-47.8194,14.9365,105.985,1,53
43,59.1798,-44.8805,-295.754,170.333,1,53
43,59.2053,-44.8468,85.462,120.286,1,53
43,59.5589,-44.3761,85.3105,619.743,1,53
43,59.8373,-44.0001,85.3581,52.439,1,53
43,61.8273,-41.1569,21.1647,1401.57,1,53
43,62.0087,-40.8831,-0.585955,2815.27,1,53
43,62.2433,-40.5251,-52.251,665.088,1,53
43,62.5946,-39.9804,-160.067,13822.6,1,53
43,62.8856,-39.5211,-124.366,557.055,1,53
43,63.7031,-38.1894,-79.9383,185.059,1,53
43,65.0923,-35.77,-229.661,821.505,1,53
43,66.726,-32.6213,-138.932,905.003,1,53
43,68.4262,-28.8853,-76.3223,2667.12,1,53
43,68.4241,-28.8903,-87.9528,1855,1,53
43,69.2935,-26.7378,-126.094,246.381,1,53
43,72.3048,-16.9858,-135.824,8697.84,1,53
43,72.4854,-16.1981,-163.906,6987.59,1,53
43,73.1623,-12.7976,-239.233,143.423,1,53
43,73.8901,-7.53381,103.608,495.614,1,53
43,74.161,-4.08103,54.1232,669.296,1,53
43,74.2582,-1.49009,-50.2985,147.248,1,53
43,74.218,2.86365,30.2121,258.317,1,53
43,72.6173,15.5962,-16.6655,289.494,1,53
43,72.4728,16.2542,-196.492,521.585,1,53
43,71.5664,19.8684,29.8947,121.339,1,53
43,71.545,19.9456,24.0239,541.543,1,53
43,66.6938,32.6871,100.944,450.931,1,53
43,63.5173,38.4975,-22.3611,190.598,1,53
43,60.3486,43.2961,-29.8879,550.598,1,53
43,59.7222,44.1562,102.1,306.451,1,53
43,45.703,58.547,-185.539,224.986,1,53
43,44.6629,59.3442,87.8849,380.707,1,53
43,33.4514,66.3137,-20.3748,185.584,1,53
43,32.9611,66.5588,-21.0925,150.813,1,53
43,27.4281,69.0232,-110.869,396.809,1,53
43,23.5246,70.4493,-301.501,715.361,1,53
43,22.5533,70.7662,-255.772,3140.01,1,53
43,18.6761,71.8868,-12.8913,101.926,1,53
43,16.4523,72.4281,-109.178,208.575,1,53
43,16.45,72.4286,-131.651,204.577,1,53
43,3.84515,74.1736,21.936,963.235,1,53
43,1.16733,74.264,-109.495,221.649,1,53
43,-8.92199,73.7354,-178.955,192.559,1,53
43,-14.1919,72.9047,-216.959,153.484,1,53
43,-14.9148,72.7603,-162.243,202.36,1,53
43,-23.8578,70.3371,-20.8771,612.56,1,53
43,-32.0122,67.0203,76.7618,212.998,1,53
43,-32.6383,66.7177,77.2178,284.469,1,53
43,-39.821,62.6961,-158.67,520.332,1,53
43,-40.4371,62.3005,-159.076,62.1594,1,53
43,-41.2151,61.7886,-159.702,385.082,1,53
43,-41.616,61.5192,29.0474,476.93,1,53
43,-41.9729,61.2763,-160.251,318.888,1,53
43,-47.0952,57.433,-96.3373,602.029,1,53
43,-49.6233,55.2634,5.34843,281.323,1,53
43,-53.5904,51.4254,-195.434,225.021,1,53
43,-59.3965,44.5934,-174.574,2561.85,1,53
43,-58.7298,45.4677,-141.148,463.935,1,53
43,-58.8613,45.2974,-120.281,486.801,1,53
43,-60.3137,43.3448,-175.041,103.655,1,53
43,-61.0754,42.2647,-89.4365,536.344,1,53
43,-64.9549,36.0191,-135.461,1066.37,1,53
43,-67.7101,30.5263,-288.52,353.931,1,53
43,-68.6118,28.4418,-274.54,430.435,1,53
43,-68.8507,27.8585,-151.938,794.649,1,53
43,-69.1596,27.0823,77.4599,416.201,1,53
43,-75.2661,-3.94391,-33.3975,574.421,0,54
43,-75.229,-4.5988,-20.5531,265.519,0,54
43,-74.8976,-8.41983,285.967,699.123,0,54
43,-74.8396,-8.92064,-100.299,1020.61,0,54
43,-74.663,-10.2949,128.966,417.79,0,54
43,-73.605,-16.2126,111.346,672.964,0,54
43,-72.3006,-21.2878,124.574,560.933,0,54
43,-71.684,-23.28,173.074,1809.8,0,54
43,-71.1006,-25.005,35.9244,637.197,0,54
43,-70.5656,-26.4773,-65.5864,592.975,0,54
43,-58.4539,-47.5782,-35.3239,167.365,0,54
43,-52.5874,-53.9917,-94.7893,1353.15,0,54
43,-50.8551,-55.6265,133.506,6379.68,0,54
43,-50.8547,-55.6269,155.971,6345.56,0,54
43,-50.5774,-55.8791,76.5029,858.408,0,54
43,-45.4903,-60.0931,198.334,633.04,0,54
43,-42.2334,-62.4251,177.899,1836.43,0,54
43,-35.6636,-66.3977,-80.2979,6933.06,0,54
43,-34.7772,-66.8662,-18.4771,271.469,0,54
43,-34.8928,-66.806,21.7,30.3599,0,54
43,-31.9476,-68.2634,0.0979747,693.799,0,54
43,-22.8236,-71.8306,267.794,913.502,0,54
43,-21.0853,-72.3599,61.98,57.5805,0,54
43,-16.7014,-73.4956,282.721,336.216,0,54
43,-7.39695,-75.0055,243.712,477.775,0,54
43,1.19769,-75.3599,-17.4924,285.601,0,54
43,3.59556,-75.2836,-16.884,23.0546,0,54
43,4.21135,-75.2516,-16.2905,56.7945,0,54
43,13.8868,-74.079,165.637,24228.5,0,54
43,12.784,-74.2773,170.493,286,0,54
43,15.4163,-73.7759,165.44,990.071,0,54
43,15.8109,-73.6923,-0.61022,133.183,0,54
43,16.6856,-73.4992,-79.6941,272.78,0,54
43,16.8191,-73.4688,-70.308,123.203,0,54
43,17.2457,-73.3698,158.158,486.445,0,54
43,17.3222,-73.3518,305.613,185.535,0,54
43,17.4986,-73.3099,-70.308,55.1766,0,54
43,22.0313,-72.0775,258.607,350.315,0,54
43,32.1316,-68.177,117.718,53.7338,0,54
43,34.524,-66.9973,294.06,167.76,0,54
43,35.1119,-66.6911,293.622,212.851,0,54
43,37.5029,-65.3764,84.3241,815.715,0,54
43,39.849,-63.9734,128.571,22119,0,54
43,39.3629,-64.2737,132.91,156,0,54
43,39.9502,-63.9103,-54.3716,378.229,0,54
43,40.5643,-63.5223,-0.94383,684.014,0,54
43,43.6792,-61.4221,0.642433,190.108,0,54
43,45.0752,-60.405,113.93,124.211,0,54
43,50.5046,-55.9449,10.1884,511.397,0,54
43,54.748,-51.7996,38.0453,249.313,0,54
43,55.6375,-50.843,225.072,100.77,0,54
43,55.914,-50.5388,225.652,184.254,0,54
43,62.0154,-42.8327,175.829,424.077,0,54
43,62.0148,-42.8336,198.302,424.105,0,54
43,62.5118,-42.1049,-4.81679,412.707,0,54
43,62.6583,-41.8865,91.2185,597.822,0,54
43,63.3609,-40.816,60.7618,1691.39,0,54
43,65.6285,-37.06,139.712,85.2436,0,54
43,65.8297,-36.7015,139.996,22.271,0,54
43,67.1247,-34.2757,89.0758,1229.24,0,54
43,70.6411,-26.2752,129.639,558.061,0,54
43,71.8341,-22.8124,-26.1064,731.296,0,54
43,73.0533,-18.5407,42.6651,500.695,0,54
43,74.0216,-14.1898,280.054,2099.05,0,54
43,74.4562,-11.6971,99.292,78.4187,0,54
43,74.6183,-10.6139,99.3469,815.48,0,54
43,74.8397,-8.91994,99.8766,63.1178,0,54
43,74.9431,-8.00486,100.031,922.516,0,54
43,75.1413,-5.85959,100.605,828.264,0,54
43,75.248,-4.27683,101.107,290.568,0,54
43,75.298,-3.27955,101.199,125.284,0,54
43,75.3433,1.98289,102.603,5605.89,0,54
43,75.3323,2.36331,78.516,21.1617,0,54
43,75.3105,2.97954,79.1675,76.3031,0,54
43,75.2608,4.04524,79.235,931.976,0,54
43,75.2428,4.36613,268.573,1634.46,0,54
43,75.2383,4.44296,254.423,1139.28,0,54
43,74.9203,8.21584,104.166,2188.84,0,54
43,74.7851,9.36668,265.814,329.584,0,54
43,74.2403,12.9969,172.917,332.182,0,54
43,74.0926,13.814,172.82,246.461,0,54
43,73.7837,15.3787,82.5959,1379.87,0,54
43,70.5733,26.4568,144.281,429.752,0,54
43,70.4831,26.696,267.424,639.748,0,54
43,70.2276,27.3611,107.161,452.254,0,54
43,68.177,32.1316,160.593,101.811,0,54
43,68.0875,32.3208,274.709,613.981,0,54
43,67.8122,32.8945,152.95,1223.08,0,54
43,63.7893,40.1431,102.087,1093.89,0,54
43,62.7188,41.7959,130.562,1081.05,0,54
43,56.1295,50.2994,28.3265,914.394,0,54
43,52.082,54.4795,-37.618,17287.9,0,54
43,51.4697,55.0583,-73.4988,1521.15,0,54
43,51.4469,55.0796,-28.5324,1595,0,54
43,48.9147,57.3402,12.5345,142.908,0,54
43,48.7574,57.474,182.468,405.049,0,54
43,47.9008,58.1899,242.802,7203.45,0,54
43,47.3595,58.6312,-27.2561,399.681,0,54
43,42.2053,62.4441,83.1778,392.393,0,54
43,42.1546,62.4783,-6.3504,696.834,0,54
43,39.9045,63.9389,150.161,788.958,0,54
43,37.8509,65.1756,256.241,845.2,0,54
43,36.5785,65.8981,157.307,1287.99,0,54
43,34.6852,66.914,120.721,286.83,0,54
43,34.1454,67.1911,166.497,748.728,0,54
43,25.7118,70.8481,50.6009,485.272,0,54
43,24.4396,71.2969,73.2562,54.3298,0,54
43,24.3534,71.3264,237.629,1940.66,0,54
43,13.751,74.1044,34.2001,8661.94,0,54
43,10.5274,74.6306,-29.2125,1720.88,0,54
43,8.91994,74.8397,142.54,33.2934,0,54
43,5.0688,75.1988,162.122,455.791,0,54
43,5.06937,75.1987,184.594,454.825,0,54
43,1.70364,75.3501,229.942,854.281,0,54
43,-0.355857,75.3686,137.767,990.63,0,54
43,-1.00429,75.3627,12.1875,172.434,0,54
43,-9.7358,74.7379,264.502,76.715,0,54
43,-11.1256,74.5437,261.869,3282.28,0,54
43,-10.2414,74.6703,265.076,52.5448,0,54
43,-12.2745,74.3632,130.71,587.535,0,54
43,-31.6917,68.3826,-25.9859,396.52,0,54
43,-37.9408,65.1233,224.701,302.957,0,54
43,-38.8658,64.5755,74.3229,1080.53,0,54
43,-48.9954,57.2713,122.82,72.9481,0,54
43,-49.307,57.0032,122.826,95.0958,0,54
43,-51.2965,55.2197,179.004,44.3256,0,54
43,-51.5969,54.9391,179.428,25.1092,0,54
43,-59.6679,46.0466,226.291,220.436,0,54
43,-62.9118,41.5049,53.4503,381.322,0,54
43,-65.1737,37.8541,8.92946,743.458,0,54
43,-65.5612,37.179,6.9914,415.583,0,54
43,-69.118,30.0542,8.65921,2366.23,0,54
43,-73.5585,16.4225,145.336,214.687,0,54
43,-74.4251,11.8932,-10.524,76.4509,0,54
43,-73.605,-16.2126,22.2152,69.7968,1,54
43,-73.5155,-16.6138,22.1449,482.703,1,54
43,-73.4238,-17.0145,-5.32726,82.9655,1,54
43,-73.185,-18.0141,-42.9,32.3802,1,54
43,-70.5172,-26.606,-29.2309,870.048,1,54
43,-69.2306,-29.7937,-99.2097,128.803,1,54
43,-69.2228,-29.8119,-145.646,206.926,1,54
43,-68.9735,-30.3844,-145.365,404.701,1,54
43,-67.8828,-32.7487,-112.915,231.812,1,54
43,-67.5854,-33.3581,-113.334,249.308,1,54
43,-64.8045,-38.4829,4.31717,66.4369,1,54
43,-64.5936,-38.8357,4.79812,46.5217,1,54
43,-53.9442,-52.6362,-29.1409,66.5461,1,54
43,-52.4499,-54.1254,-29.6251,669.169,1,54
43,-50.3602,-56.075,-191.429,183.162,1,54
43,-38.8764,-64.5691,-133.022,594.952,1,54
43,-32.4077,-68.0462,80.294,597.006,1,54
43,-32.2707,-68.1113,-80.8699,618.236,1,54
43,-30.7343,-68.8182,-56.6714,200.133,1,54
43,-27.0292,-70.356,79.212,27.2143,1,54
43,-25.1886,-71.0358,-100.226,1102.9,1,54
43,-25.1889,-71.0357,-122.7,1101.74,1,54
43,-24.9892,-71.1062,-129.463,463.497,1,54
43,-17.2899,-73.3594,-94.453,737.623,1,54
43,-15.1511,-73.8308,-199.671,496.333,1,54
43,-11.3869,-74.5043,4.42021,144.127,1,54
43,-7.81991,-74.9626,-109.056,12679.8,1,54
43,-6.93628,-75.0495,-159.997,625.182,1,54
43,-0.829965,-75.3648,-269.986,537.548,1,54
43,4.07495,-75.2592,-141.261,1140.47,1,54
43,5.67612,-75.1554,-53.8223,1508.41,1,54
43,17.2731,-73.3634,-129.985,1181.41,1,54
43,17.7238,-73.2558,-142.882,108.748,1,54
43,22.2908,-71.9977,-178.728,781.235,1,54
43,22.2952,-71.9963,-201.2,779.011,1,54
43,27.986,-69.9809,74.972,29.3116,1,54
43,28.6675,-69.7045,74.9254,470.863,1,54
43,28.6763,-69.7009,-283.239,128.73,1,54
43,35.797,-66.3259,-10.8233,1168.31,1,54
43,45.2327,-60.2872,-23.5708,701.53,1,54
43,46.7109,-59.1493,-284.454,77.7723,1,54
43,47.1629,-58.7896,-285.008,224.99,1,54
43,49.1655,-57.1253,52.5216,1572.73,1,54
43,51.3444,-55.1752,-56.7197,496.782,1,54
43,52.6362,-53.9442,15.4395,81.3199,1,54
43,63.2883,-40.9284,-159.976,2015.41,1,54
43,65.8412,-36.6808,-228.415,1155.76,1,54
43,67.3059,-33.9185,-137.67,2526.7,1,54
43,69.4609,-29.2528,-76.0411,1074.5,1,54
43,70.2425,-27.3229,-125.247,232.691,1,54
43,72.3304,-21.1863,-265.711,1405.53,1,54
43,73.2859,-17.599,-134.759,6268.52,1,54
43,73.3682,-17.2526,-167.138,8593.16,1,54
43,74.3374,-12.4296,-238.703,424.666,1,54
43,74.4123,-11.973,-237.995,213.25,1,54
43,74.8836,-8.54398,103.806,436.664,1,54
43,75.2152,-4.81885,55.6765,211.657,1,54
43,75.345,-1.91601,-50.2445,428.858,1,54
43,75.3323,2.36537,30.9751,765.346,1,54
43,73.5352,16.5263,-15.672,289.055,1,54
43,73.4778,16.7798,-196.3,361.546,1,54
43,72.4018,20.9411,31.2237,574.37,1,54
43,67.8965,32.7201,101.668,640.546,1,54
43,64.2009,39.4815,-22.124,65.3074,1,54
43,63.9495,39.8874,-22.124,23.3298,1,54
43,60.7191,44.6513,102.11,456.723,1,54
43,46.6617,59.1881,-184.947,663.291,1,54
43,45.1982,60.3131,-7.14292,870.266,1,54
43,44.7,60.6832,88.7571,304.801,1,54
43,34.9827,66.7589,-19.133,1764.74,1,54
43,28.5654,69.7464,-110.851,497.493,1,54
43,24.2966,71.3458,-300.855,378.188,1,54
43,23.6344,71.5679,-255.319,5741.71,1,54
43,18.8113,72.9841,-12.0678,78.1989,1,54
43,17.2147,73.3771,-107.747,138.585,1,54
43,17.2147,73.3771,-130.21,136.607,1,54
43,16.8142,73.4699,-108.376,123.608,1,54
43,16.8142,73.4699,-130.847,121.511,1,54
43,4.11826,75.2568,22.6549,159.559,1,54
43,1.54142,75.3536,-108.234,157.494,1,54
43,0.308287,75.3688,-61.3347,74.8472,1,54
43,-9.17427,74.809,-178.757,295.749,1,54
43,-15.0815,73.8451,-216.834,532.753,1,54
43,-15.8888,73.6756,-161.252,283.505,1,54
43,-24.6079,71.239,-20.5884,465.906,1,54
43,-32.2486,68.1218,-7.0527,297.533,1,54
43,-33.542,67.4943,77.9778,278.574,1,54
43,-41.8313,62.6952,30.4383,1075.73,1,54
43,-43.6973,61.4092,-161.331,1745.72,1,54
43,-44.98,60.476,-162.149,90.5811,1,54
43,-46.0742,59.6466,-163.278,1014.75,1,54
43,-48.0004,58.1078,-96.0919,287.217,1,54
43,-54.0212,52.5572,-169.527,465.43,1,54
43,-54.6259,51.9283,-169.965,147.92,1,54
43,-54.6777,51.8739,-195.202,340.607,1,54
43,-56.0284,50.412,-171.019,3425.66,1,54
43,-55.872,50.5852,-132.454,288.224,1,54
43,-57.6702,48.5252,-171.796,28.0364,1,54
43,-58.3883,47.6588,-173.185,189.129,1,54
43,-58.8437,47.0953,-173.068,25.2892,1,54
43,-59.4428,46.3368,-140.655,179.559,1,54
43,-59.8571,45.8004,-119.406,98.3444,1,54
43,-61.9105,42.9841,-88.4,1784.52,1,54
43,-65.3872,37.4842,-135.11,2121.16,1,54
43,-69.1635,29.9493,-287.788,964.617,1,54
43,-69.8101,28.4094,-274.181,450.829,1,54
43,-70.4701,26.7304,78.4887,350.894,1,54
43,-74.6713,10.2344,7.63509,473.891,1,54
43,-74.8676,8.68228,-85.8863,456.99,1,54
