event,x,y,z,adc,zelem,layer
6,-31.3803,-0.12343,-73.4529,909.113,0,7
6,-31.3783,-0.370617,136.214,537.391,0,7
6,-31.3783,-0.370636,179.467,491.092,0,7
6,-31.3325,-1.73503,141.884,159.441,0,7
6,-31.3009,-2.23377,-84.4223,551.826,0,7
6,-30.9343,-5.273,135.146,1465.59,0,7
6,-30.9268,-5.31659,80.2241,92.9248,0,7
6,-30.7761,-6.12909,220.739,1467.11,0,7
6,-28.3321,-13.4918,115.583,1355.46,0,7
6,-28.3286,-13.499,209.561,3310.43,0,7
6,-27.8731,-14.4162,-75.3858,356.092,0,7
6,-27.7178,-14.7126,186.312,486.202,0,7
6,-27.5716,-14.9847,103.426,2894.48,0,7
6,-26.6147,-16.625,-67.6015,9744.1,0,7
6,-26.6498,-16.5687,222.888,118.157,0,7
6,-25.0019,-18.9643,149.015,77.0345,0,7
6,-24.1114,-20.0842,167.812,3290.05,0,7
6,-23.3681,-20.9444,-76.158,345.887,0,7
6,-23.1861,-21.1457,33.0321,419.925,0,7
6,-21.3401,-23.0073,-64.0796,204.901,0,7
6,-20.7282,-23.5601,293.592,1126.11,0,7
6,-19.8665,-24.2911,-33.597,368.12,0,7
6,-19.0285,-24.953,-76.2444,489.786,0,7
6,-18.8679,-25.0747,187.592,817.817,0,7
6,-17.6371,-25.9551,19.7355,2964.06,0,7
6,-17.5846,-25.9907,260.189,419.941,0,7
6,-16.7608,-26.5294,261.786,346.582,0,7
6,-16.5668,-26.651,-52.2385,397.369,0,7
6,-15.4872,-27.2926,-50.9556,193.103,0,7
6,-14.7046,-27.722,-37.9096,444.715,0,7
6,-12.3335,-28.8552,-57.5451,189.782,0,7
6,-11.373,-29.2471,-79.5963,164.42,0,7
6,-8.37486,-30.2423,64.524,16.0277,0,7
6,-8.37486,-30.2423,183.719,153.9,0,7
6,-6.96261,-30.5983,166.864,684.568,0,7
6,-6.53879,-30.6917,139.336,1205.13,0,7
6,-5.77528,-30.8445,43.1999,219.175,0,7
6,-4.2934,-31.0854,229.071,965.917,0,7
6,-3.71412,-31.1599,201.017,1953.84,0,7
6,-2.38402,-31.2898,126.481,370.619,0,7
6,-2.24234,-31.3003,-95.6531,889.807,0,7
6,-2.20008,-31.3033,153.364,165.109,0,7
6,-1.37608,-31.3503,74.4789,2299.07,0,7
6,-1.18001,-31.3583,-70.2579,679.594,0,7
6,-0.826212,-31.3696,133.282,2639.23,0,7
6,1.32342,-31.3526,62.7496,1872.32,0,7
6,1.98316,-31.3178,-96.2083,751.515,0,7
6,3.96578,-31.1289,176.49,386.34,0,7
6,4.71396,-31.0244,100.732,1727.09,0,7
6,4.72641,-31.0225,272.182,340.001,0,7
6,4.88497,-30.9979,216.394,743.602,0,7
6,5.66848,-30.8643,-105.437,129.332,0,7
6,5.84746,-30.8309,295.513,266.656,0,7
6,6.65911,-30.6658,-72.0911,118.429,0,7
6,7.71357,-30.4177,-46.7995,127.903,0,7
6,7.75708,-30.4066,112.022,136.113,0,7
6,9.11292,-30.0282,181.997,1283.92,0,7
6,9.29297,-29.9729,193.681,123.155,0,7
6,9.8001,-29.811,-3.82593,942.096,0,7
6,9.91046,-29.7745,-68.7154,266.668,0,7
6,10.3871,-29.6115,254.75,1543.26,0,7
6,12.6883,-28.7009,164.859,188.315,0,7
6,13.7479,-28.2087,-92.4956,406.665,0,7
6,14.8263,-27.6571,192.981,635.284,0,7
6,17.4034,-26.1124,122.467,917.459,0,7
6,18.12,-25.6203,121.322,224.361,0,7
6,18.5283,-25.3266,204.261,777.764,0,7
6,19.3515,-24.7034,104.63,421.31,0,7
6,19.3006,-24.7431,146.816,1142.32,0,7
6,23.0555,-21.288,254.562,295.694,0,7
6,23.8705,-20.37,192.688,230.257,0,7
6,24.8152,-19.2078,93.72,590.554,0,7
6,27.3883,-15.3172,302.402,256.799,0,7
6,27.812,-14.5337,224.236,729.295,0,7
6,28.189,-13.7883,229.678,934.675,0,7
6,28.7173,-12.6511,-36.7701,243.753,0,7
6,28.8171,-12.4222,-88.3912,903.704,0,7
6,29.618,-10.3687,-51.4224,581.592,0,7
6,29.9653,-9.31754,305.78,36.9723,0,7
6,30.7203,-6.40291,182.413,425.753,0,7
6,30.7859,-6.0796,-84.5722,1325.77,0,7
6,30.8428,-5.78401,265.85,3138.95,0,7
6,30.8022,-5.99648,84.4626,1796.62,0,7
6,30.8903,-5.52496,-54.2011,404.351,0,7
6,30.9843,-4.97111,-6.05944,218.19,0,7
6,31.1564,-3.74372,129.169,2323.9,0,7
6,31.1804,-3.53818,180.379,1363.69,0,7
6,31.2053,-3.31178,153.414,1780.34,0,7
6,31.2431,-2.93287,-104.881,1702.54,0,7
6,31.2789,-2.52271,-39.264,270.17,0,7
6,31.3072,-2.14399,-28.3115,989.598,0,7
6,31.2955,-2.30767,285.466,1463.34,0,7
6,31.3445,-1.50173,-62.938,958.659,0,7
6,31.3782,-0.380766,228.02,594.279,0,7
6,31.3805,0.0310074,-39.9263,548.275,0,7
6,31.3752,0.575423,63.2799,344.338,0,7
6,31.257,2.78105,-100.447,673.278,0,7
6,31.0632,4.45156,166.458,1829.88,0,7
6,30.9831,4.97812,140.084,140.526,0,7
6,30.7255,6.37796,68.6551,1572.45,0,7
6,30.779,6.11485,300.653,859.819,0,7
6,30.5625,7.11829,-69.1666,1262.08,0,7
6,30.195,8.54397,-64.7474,814.415,0,7
6,30.0946,8.89103,139.08,572.196,0,7
6,27.9433,14.2795,-69.0511,459.659,0,7
6,27.9713,14.2247,-17.2508,84.6175,0,7
6,27.8568,14.4477,219.049,361.058,0,7
6,27.3247,15.4304,-97.9546,348.207,0,7
6,25.9135,17.6982,-64.9739,484.686,0,7
6,25.4157,18.406,130.253,1154.71,0,7
6,24.7263,19.3222,-49.288,565.847,0,7
6,17.9753,25.7221,155.434,64.5792,0,7
6,12.4916,28.7871,261.644,160.504,0,7
6,7.64273,30.4356,154.327,395.182,0,7
6,4.63971,31.0356,-61.7176,3321.24,0,7
6,0.862481,31.3686,140.805,154.763,0,7
6,-0.956577,31.3659,224.77,1124.37,0,7
6,-0.986736,31.365,-59.5061,1393.61,0,7
6,-2.03061,31.3147,218.808,2152.37,0,7
6,-4.53664,31.0508,-66.9757,382.171,0,7
6,-4.76107,31.0172,149.173,1346.23,0,7
6,-5.62208,30.8728,282.871,668.062,0,7
6,-6.18048,30.7658,-96.8031,283.637,0,7
6,-7.33048,30.5123,-8.88681,222.971,0,7
6,-7.35961,30.5053,142.319,42.4095,0,7
6,-7.35961,30.5053,146.268,447.167,0,7
6,-7.69899,30.4214,-8.82334,91.185,0,7
6,-7.69898,30.4214,142.182,95.1233,0,7
6,-7.69899,30.4214,144.964,243.502,0,7
6,-9.44122,29.9266,155.801,1343.42,0,7
6,-10.1536,29.6924,-43.2494,898.712,0,7
6,-11.4126,29.2316,157.844,554.439,0,7
6,-11.8932,29.0394,147.27,859.993,0,7
6,-13.7851,28.1905,228.016,275.85,0,7
6,-13.8972,28.1355,-46.2423,215.062,0,7
6,-14.5996,27.7774,-20.7024,1849.55,0,7
6,-14.8206,27.6602,301.582,1678.44,0,7
6,-18.194,25.5678,18.5171,898.467,0,7
6,-20.0348,24.1525,11.1449,898.33,0,7
6,-20.1487,24.0576,148.524,674.844,0,7
6,-20.2546,23.9684,195.052,290.299,0,7
6,-20.8928,23.4143,84.7031,1748.82,0,7
6,-21.1319,23.1987,-59.5959,741.966,0,7
6,-20.9486,23.3643,108.028,1359.23,0,7
6,-21.614,22.7502,211.666,176.126,0,7
6,-21.6262,22.7385,56.2955,79.542,0,7
6,-21.8782,22.4962,211.495,43.2219,0,7
6,-22.6394,21.73,124.871,202.744,0,7
6,-24.0557,20.1509,276.033,1737.55,0,7
6,-23.9242,20.3069,-87.1961,446.833,0,7
6,-24.4416,19.6811,-64.5827,3686.76,0,7
6,-24.6488,19.4209,220.766,1561.25,0,7
6,-26.8281,16.2785,256.444,1875.47,0,7
6,-27.5213,15.0768,6.64656,1164.56,0,7
6,-28.125,13.9184,286.409,61.7898,0,7
6,-28.9862,12.0223,-48.0799,834.849,0,7
6,-29.6803,10.1889,-61.8426,772.622,0,7
6,-29.9588,9.33849,140.55,63.4209,0,7
6,-30.808,5.967,-85.8149,967.616,0,7
6,-31.1701,3.62783,-103.119,663.275,0,7
6,-31.3678,0.891554,-73.538,5440.94,0,7
6,-31.3706,0.786509,-70.308,11.0607,0,7
6,-31.3804,-0.0931307,-75.1658,335.998,1,7
6,-31.347,-1.44915,-170.378,367.275,1,7
6,-31.3297,-1.78422,94.5068,844.609,1,7
6,-31.2157,-3.21157,-188.827,901.538,1,7
6,-31.1138,-4.08252,-100.386,546.445,1,7
6,-31.0289,-4.68434,-45.1495,1301.45,1,7
6,-31.0022,-4.85768,48.6068,282.241,1,7
6,-30.8028,-5.99339,-181.72,91.0153,1,7
6,-30.8028,-5.99339,-278.997,161.672,1,7
6,-30.6984,-6.50726,-181.141,315.978,1,7
6,-30.5458,-7.18958,-126.753,211.485,1,7
6,-30.3983,-7.78952,-126.701,140.826,1,7
6,-30.1952,-8.54316,-126.704,37.1803,1,7
6,-30.0546,-9.02538,-301.723,818.718,1,7
6,-29.0454,-11.8787,-210.4,212.913,1,7
6,-28.7179,-12.6497,-265.722,141.15,1,7
6,-28.5474,-13.0301,-288.413,1411.13,1,7
6,-27.9784,-14.2107,-171.519,1343.39,1,7
6,-27.9779,-14.2116,-150.509,146.677,1,7
6,-27.6676,-14.8067,-212.025,740.673,1,7
6,-22.805,-21.5561,-287.698,133.428,1,7
6,-22.4839,-21.8909,-287.774,946.69,1,7
6,-21.2433,-23.0967,90.2971,141.172,1,7
6,-18.91,-25.0429,-168.24,196.256,1,7
6,-18.5348,-25.3219,4.16016,2089.37,1,7
6,-16.4292,-26.736,-71.198,523.627,1,7
6,-15.7579,-27.1371,-176.027,366.954,1,7
6,-12.9349,-28.5906,61.3411,210.606,1,7
6,-11.8204,-29.0691,-114.436,456.171,1,7
6,-10.4206,-29.5998,-217.046,574.492,1,7
6,-5.96165,-30.809,-146.507,510.423,1,7
6,-3.77807,-31.1522,-188.391,278.001,1,7
6,-2.59263,-31.2732,-262.005,296.19,1,7
6,-0.86541,-31.3686,-187.629,165.622,1,7
6,-0.130289,-31.3802,-45.3905,1098.43,1,7
6,2.02334,-31.3152,-130.704,2327.55,1,7
6,3.04622,-31.2323,-218.503,161.727,1,7
6,5.99339,-30.8028,-138.039,117.207,1,7
6,6.50726,-30.6984,-271.279,183.697,1,7
6,7.35961,-30.5053,-160.117,51.5418,1,7
6,7.70381,-30.4202,-164.335,3922.23,1,7
6,12.4916,-28.7871,-13.1391,222.688,1,7
6,16.199,-26.8761,-128.381,227.28,1,7
6,16.5193,-26.6805,-141.057,293.985,1,7
6,20.4468,-23.8047,-151.578,861.014,1,7
6,20.4257,-23.8228,-163.707,270.696,1,7
6,20.7123,-23.5741,65.5006,239.31,1,7
6,21.5032,-22.855,-272.28,2440.29,1,7
6,21.6047,-22.759,77.3792,1746.19,1,7
6,21.6262,-22.7385,-120.253,219.672,1,7
6,21.9633,-22.4131,-118.791,432.886,1,7
6,24.3128,-19.8399,56.2201,532.275,1,7
6,24.9927,-18.9763,-117.441,1138.9,1,7
6,25.3068,-18.5553,48.7479,376.802,1,7
6,25.4212,-18.3984,88.9973,641.443,1,7
6,25.7221,-17.9753,79.5019,835,1,7
6,25.7221,-17.9753,25.524,29.1787,1,7
6,29.0456,-11.8781,-175.295,271.017,1,7
6,30.4214,-7.69901,-140.97,121.118,1,7
6,30.6582,-6.69415,-207.489,3326.98,1,7
6,30.6617,-6.67818,-211.652,11.5558,1,7
6,30.7041,-6.48017,-302.747,913.009,1,7
6,31.0477,-4.55784,-149.173,2433.95,1,7
6,31.2555,-2.79819,-286.841,485.594,1,7
6,31.3794,-0.262203,-176.242,29.4397,1,7
6,31.2378,2.98973,64.1291,886.106,1,7
6,31.1892,3.45959,-149.124,2425.01,1,7
6,31.1956,3.4018,-151.868,11.3523,1,7
6,31.0698,4.40526,-122.614,275.45,1,7
6,30.7034,6.48353,-295.461,922.124,1,7
6,30.2423,8.37483,47.2492,37.4494,1,7
6,30.032,9.10021,-163.364,554.79,1,7
6,28.8415,12.3655,-96.6721,2083.08,1,7
6,28.7917,12.4808,81.1436,740.776,1,7
6,28.7439,12.5906,30.8834,1390.32,1,7
6,28.4464,13.2491,-206.394,259.847,1,7
6,28.1977,13.7705,-7.45812,2848.31,1,7
6,27.6804,14.7828,-244.337,290.808,1,7
6,26.7745,16.3664,-105.683,421,1,7
6,24.966,19.0115,-212.215,565.786,1,7
6,24.8397,19.1762,-117.59,662.009,1,7
6,24.3308,19.8179,55.5744,1440.12,1,7
6,24.2841,19.8751,61.3174,798.845,1,7
6,23.0877,21.2531,-67.9668,227.065,1,7
6,22.7385,21.6262,14.5707,755.624,1,7
6,22.7385,21.6262,-157.804,15.0416,1,7
6,22.4962,21.8782,15.9851,277.313,1,7
6,22.4862,21.8885,-157.961,331.757,1,7
6,21.6514,22.7146,49.2795,3802.74,1,7
6,21.2573,23.0838,-128.812,1115.97,1,7
6,21.1167,23.2125,-302.681,1751.11,1,7
6,18.6422,25.2429,-157.978,318.617,1,7
6,17.9439,25.744,55.7615,3154.35,1,7
6,15.3781,27.3542,-184.65,857.257,1,7
6,11.9353,29.0221,-179.596,860.86,1,7
6,11.4847,29.2034,-71.0245,2438.77,1,7
6,9.78545,29.8158,-143.663,808.486,1,7
6,7.72758,30.4141,-211.398,799.545,1,7
6,7.16613,30.5513,85.8927,356.431,1,7
6,5.75705,30.8479,-145.757,439.24,1,7
6,5.20992,30.945,89.0128,439.747,1,7
6,4.94432,30.9885,-100.556,748.465,1,7
6,3.96335,31.1292,-231.599,1329.52,1,7
6,3.99486,31.1252,-105.382,928.225,1,7
6,3.81666,31.1475,-305.727,285.595,1,7
6,3.54733,31.1794,-3.77451,1725.04,1,7
6,1.47184,31.346,45.7786,1639.71,1,7
6,0.962503,31.3657,-185.976,167.446,1,7
6,0.308783,31.379,-224.474,182.011,1,7
6,-3.79204,31.1505,-79.7844,1194.24,1,7
6,-9.12551,30.0243,-266.574,846,1,7
6,-9.22712,29.9933,-150.353,380.449,1,7
6,-9.40586,29.9377,-280.066,197.007,1,7
6,-9.77753,29.8184,-156.911,753.522,1,7
6,-10.537,29.5585,-80.8877,2662.3,1,7
6,-11.9902,28.9995,-245.753,368.173,1,7
6,-12.327,28.858,-145.627,253.549,1,7
6,-12.1701,28.9245,-250.236,36,1,7
6,-13.6504,28.256,-263.267,2712.46,1,7
6,-14.6683,27.7413,41.6528,433.548,1,7
6,-15.1554,27.4781,103.053,1226.48,1,7
6,-16.7185,26.5561,-177.463,112.35,1,7
6,-16.981,26.3891,-287.839,1037.59,1,7
6,-17.8133,25.8345,-301.47,384.083,1,7
6,-17.818,25.8313,-45.3756,1414.46,1,7
6,-21.6118,22.7523,-170.817,239.035,1,7
6,-21.9043,22.4709,-119.273,1053.12,1,7
6,-21.8782,22.4962,-170.697,62.6697,1,7
6,-23.3155,21.0029,-190.247,3356.82,1,7
6,-22.8483,21.5102,-47.4963,587.547,1,7
6,-23.2618,21.0624,-137.814,1074.25,1,7
6,-23.7008,20.5671,-180.007,496.688,1,7
6,-24.3899,19.7451,-56.5251,501.547,1,7
6,-24.7597,19.2794,-111.972,806.543,1,7
6,-25.4879,18.3059,-118.997,4121.63,1,7
6,-25.567,18.1952,-99.0666,787.853,1,7
6,-26.0929,17.4326,-182.861,249.861,1,7
6,-28.038,14.0928,84.5328,1352.73,1,7
6,-28.6495,12.8039,-282.152,413.582,1,7
6,-29.2507,11.3637,-161.108,640.297,1,7
6,-30.378,7.86835,-114.556,12.1078,1,7
6,-30.8028,5.99341,-244.553,32.215,1,7
6,-31.2636,2.70598,104.303,90.8116,1,7
6,-31.2636,2.70598,-125.88,115.382,1,7
6,-31.3453,1.48522,-194.747,295.505,1,7
6,-31.3804,0.0874143,-76.1167,1005.08,1,7
6,-31.3804,0.0874128,-194.878,292.894,1,7
6,-31.9409,-0.84173,-73.1058,3198.96,0,8
6,-31.9508,-0.273806,135.099,725.8,0,8
6,-31.8457,-2.6043,-84.6013,174.851,0,8
6,-31.4522,-5.62952,79.9997,244.168,0,8
6,-28.7721,-13.896,113.504,275.574,0,8
6,-28.4177,-14.607,-76.2573,76.9674,0,8
6,-28.3596,-14.7196,305.441,240.728,0,8
6,-27.8628,-15.6396,-69.1517,2981.36,0,8
6,-28.1022,-15.2052,101.32,753.038,0,8
6,-27.1919,-16.7789,222.342,210.356,0,8
6,-25.7763,-18.8816,148.839,178.789,0,8
6,-25.7763,-18.8816,262.108,14.0987,0,8
6,-24.5879,-20.405,166.06,869.553,0,8
6,-24.6851,-20.2873,275.222,74.133,0,8
6,-23.8755,-21.2342,-74.972,11.5336,0,8
6,-23.5,-21.6491,31.5677,223.39,0,8
6,-22.4039,-22.7815,107.772,20.0416,0,8
6,-21.8217,-23.3397,-64.6641,80.1051,0,8
6,-21.4297,-23.7002,293.871,619.039,0,8
6,-20.7558,-24.2925,200.208,174.292,0,8
6,-18.9887,-25.6975,-76.9994,243.693,0,8
6,-18.2034,-26.2596,259.372,745.756,0,8
6,-17.8568,-26.4965,18.0141,668.67,0,8
6,-16.7865,-27.1872,-53.5921,522.6,0,8
6,-15.399,-27.9964,-38.0014,297.375,0,8
6,-15.0535,-28.1837,283.748,762.605,0,8
6,-12.336,-29.4746,-58.0545,645.162,0,8
6,-11.5668,-29.7849,-80.908,12.0555,0,8
6,-8.52738,-30.7931,182.964,33.3573,0,8
6,-7.29901,-31.1071,165.472,550.39,0,8
6,-6.32204,-31.3203,137.948,1055.96,0,8
6,-5.78309,-31.4243,42.4212,162.741,0,8
6,-4.31469,-31.6593,227.213,719.179,0,8
6,-2.53106,-31.8516,125.27,471.476,0,8
6,-2.42367,-31.8599,153.218,254.018,0,8
6,-2.13214,-31.8808,-97.8088,591.932,0,8
6,-1.5051,-31.9165,73.8319,1478.02,0,8
6,-0.927515,-31.9385,132.712,231.283,0,8
6,1.23567,-31.9281,59.8998,528.176,0,8
6,1.92399,-31.894,-96.8586,150.291,0,8
6,3.7413,-31.7322,176.376,320.312,0,8
6,4.88711,-31.576,214.465,481.807,0,8
6,4.92662,-31.5699,271.109,442.521,0,8
6,5.82521,-31.4165,294.756,29.1942,0,8
6,6.97055,-31.1824,-73.0007,545.492,0,8
6,7.32615,-31.1008,-47.078,938.59,0,8
6,9.81795,-30.4062,-6.14219,566.888,0,8
6,9.74037,-30.4312,193.584,98.027,0,8
6,9.97468,-30.3552,-69.5527,282.957,0,8
6,10.6793,-30.1145,253.291,1651.03,0,8
6,13.0328,-29.1732,164.356,234.513,0,8
6,14.0619,-28.6913,-92.9618,645.529,0,8
6,15.1297,-28.1429,192.146,455.147,0,8
6,18.8415,-25.8056,120.498,1077.14,0,8
6,18.9241,-25.7451,203.818,553.263,0,8
6,19.612,-25.225,144.245,472.381,0,8
6,23.5881,-21.553,253.348,270.424,0,8
6,24.2123,-20.8493,192.003,421.066,0,8
6,25.4403,-19.3319,93.363,330.519,0,8
6,27.9998,-15.3929,302.718,259.45,0,8
6,28.5707,-14.3054,227.049,617.024,0,8
6,29.2494,-12.8609,-89.7086,1481.9,0,8
6,29.2505,-12.8585,-36.751,314.906,0,8
6,30.2432,-10.3092,-52.4172,230.622,0,8
6,30.5938,-9.21677,305.78,218,0,8
6,31.2939,-6.45158,-83.452,11.11,0,8
6,31.3482,-6.18213,83.5563,138.456,0,8
6,31.4668,-5.54705,-54.6918,471.456,0,8
6,31.5723,-4.91134,266.385,1436.92,0,8
6,31.7261,-3.79259,179.015,755.601,0,8
6,31.7309,-3.75255,127.739,1853.9,0,8
6,31.7912,-3.20155,-105.5,27,0,8
6,31.8733,-2.24081,283.133,1223.8,0,8
6,31.8856,-2.0587,-29.1004,606.452,0,8
6,31.9518,-0.114712,227.401,132.532,0,8
6,31.8341,2.74198,-102.151,655.32,0,8
6,31.5253,5.20469,70.522,944.107,0,8
6,31.5532,5.03253,166.757,771.921,0,8
6,31.5324,5.16112,139.319,410.551,0,8
6,31.353,6.15802,298.385,804.693,0,8
6,30.6089,9.16658,138.575,512.684,0,8
6,28.7349,13.9728,26.231,57.4111,0,8
6,28.4161,14.6102,-69.7629,346.66,0,8
6,27.8872,15.5961,-98.7317,267.709,0,8
6,22.0201,23.1526,200.155,463.082,0,8
6,20.9669,24.1106,280.968,156.176,0,8
6,17.8624,26.4927,155.682,124.696,0,8
6,11.5668,29.7849,-96.0243,245.278,0,8
6,7.65853,31.0206,153.436,345.814,0,8
6,3.01761,31.8092,-61.2065,986.902,0,8
6,1.04169,31.935,139.802,113.852,0,8
6,-2.2337,31.8738,218.61,3771.82,0,8
6,-2.5027,31.8538,226.367,1605.36,0,8
6,-4.54448,31.6272,-67.4677,275.812,0,8
6,-4.72515,31.6007,147.59,185.577,0,8
6,-5.4849,31.4777,282.543,425.857,0,8
6,-6.11766,31.3609,-97.7199,174.435,0,8
6,-6.77695,31.225,-87.2139,91.954,0,8
6,-7.46544,31.0676,141.964,86.5654,0,8
6,-7.85805,30.9707,143.467,101.262,0,8
6,-9.80944,30.409,154.843,472.354,0,8
6,-13.8106,28.8132,227.866,55.4722,0,8
6,-14.5031,28.4708,-46.1359,640.011,0,8
6,-14.7974,28.319,-23.1497,1493.16,0,8
6,-14.8064,28.3143,-20.7,11.1311,0,8
6,-15.1929,28.1088,299.476,935.243,0,8
6,-18.5722,26.0001,16.1145,882.549,0,8
6,-20.191,24.764,148.372,990.682,0,8
6,-20.6679,24.3674,194.948,517.56,0,8
6,-20.6729,24.3631,8.8168,626.018,0,8
6,-21.3385,23.7823,83.2958,1966.4,0,8
6,-21.444,23.6873,105.961,377.472,0,8
6,-21.8012,23.3589,211.432,308.558,0,8
6,-22.0201,23.1527,55.58,219.324,0,8
6,-22.8643,22.3194,-70.5389,165.561,0,8
6,-22.9306,22.2513,-35.4529,275.193,0,8
6,-23.1524,22.0204,124.308,326.03,0,8
6,-23.6011,21.5387,-50.3819,3223.36,0,8
6,-25.0218,19.8706,-65.418,4150.53,0,8
6,-25.2045,19.6383,275.828,852.337,0,8
6,-25.051,19.8338,218.585,601.374,0,8
6,-25.0207,19.872,-55.6925,914,0,8
6,-26.2382,18.2343,254.71,419.403,0,8
6,-26.6817,17.5789,255.154,82.3545,0,8
6,-28.0755,15.2544,4.65072,829.881,0,8
6,-28.7572,13.9268,285.252,218.358,0,8
6,-29.2192,12.9294,-48.3349,1260.86,0,8
6,-30.42,9.77508,140.448,194.216,0,8
6,-31.4832,5.45319,-85.4748,551.385,0,8
6,-31.4086,5.86769,103.134,268.417,0,8
6,-31.7423,3.65428,-104.845,662.445,0,8
6,-31.9512,-0.227947,-73.4521,716.503,1,8
6,-31.9173,-1.48928,95.85,273.903,1,8
6,-31.9207,-1.41427,-170.156,238.674,1,8
6,-31.7574,-3.52105,-188.66,274.094,1,8
6,-31.675,-4.1985,-99.0698,229.833,1,8
6,-31.592,-4.78314,49.4725,489.053,1,8
6,-31.5549,-5.02151,-44.2653,577.916,1,8
6,-31.3293,-6.27715,-126.575,44.3793,1,8
6,-31.1817,-6.97357,-126.407,273.927,1,8
6,-31.1817,-6.97357,-180.357,333.678,1,8
6,-30.7208,-8.7843,-302.209,837.87,1,8
6,-30.0389,-10.8901,-140.543,879.301,1,8
6,-29.5562,-12.1393,-209.78,269.811,1,8
6,-29.3014,-12.742,-265.034,150.635,1,8
6,-28.4395,-14.5646,-150.28,564.447,1,8
6,-28.2345,-14.958,-211.73,271.263,1,8
6,-23.1919,-21.9788,-305.518,122.254,1,8
6,-22.8825,-22.3007,-108.874,514.471,1,8
6,-22.9059,-22.2767,-305.581,36.337,1,8
6,-19.08,-25.6297,-167.914,197.867,1,8
6,-18.8959,-25.7658,5.79652,882.337,1,8
6,-16.8432,-27.1521,-70.4684,255.224,1,8
6,-10.3915,-30.215,-216.924,183.964,1,8
6,-7.92213,-30.9543,-35.1217,75.3882,1,8
6,-6.41857,-31.3007,-145.097,1278.79,1,8
6,-3.69883,-31.7372,-187.343,147.547,1,8
6,-2.44125,-31.8586,-261.341,581.179,1,8
6,-1.06326,-31.9343,-187.441,251.667,1,8
6,1.044,-31.9349,-128.287,818.893,1,8
6,3.03727,-31.8073,47.8319,223.103,1,8
6,5.05111,-31.5502,52.8254,66.6859,1,8
6,5.05111,-31.5502,51.652,14.8729,1,8
6,6.97357,-31.1817,-270.823,96.6747,1,8
6,12.5556,-29.3818,-12.6044,77.5867,1,8
6,16.59,-27.3076,-127.746,404.998,1,8
6,18.8816,-25.7763,-84.2111,209.312,1,8
6,20.851,-24.2109,-150.773,984.722,1,8
6,20.8489,-24.2127,-163.241,461.043,1,8
6,21.054,-24.0345,66.1444,292.793,1,8
6,21.9993,-23.1724,-271.629,2297.8,1,8
6,24.2186,-20.8421,-198.715,896.777,1,8
6,24.7998,-20.147,56.8692,424.789,1,8
6,25.5233,-19.2221,-115.898,798.093,1,8
6,25.8693,-18.7539,90.158,803.452,1,8
6,25.8405,-18.7936,49.1716,421.601,1,8
6,26.2921,-18.1564,25.6209,36.3834,1,8
6,26.4927,-17.8624,25.582,56.4544,1,8
6,29.7181,-11.7372,-174.829,232.271,1,8
6,31.2356,-6.72797,-205.515,762.754,1,8
6,31.2874,-6.48289,-301.214,840.536,1,8
6,31.6253,-4.55758,-147.717,926.238,1,8
6,31.8069,-3.04163,-284.221,436.519,1,8
6,31.8127,2.98043,65.2258,214.007,1,8
6,31.7657,3.44536,-147.474,645.141,1,8
6,31.5711,4.91866,-280.276,423.673,1,8
6,31.1021,7.32051,-188.593,44.2358,1,8
6,30.6962,8.86986,98.4876,56.3637,1,8
6,30.6962,8.86986,48.2296,64.8211,1,8
6,30.5555,9.34292,-162.331,204.373,1,8
6,29.6341,11.9477,-89.3749,1176.43,1,8
6,29.2246,12.9172,32.9759,393.224,1,8
6,28.8857,13.6583,-205.38,287.17,1,8
6,28.7199,14.0035,-6.38209,867.345,1,8
6,27.1624,16.8266,-95.7832,282.486,1,8
6,25.6281,19.0822,-211.667,653.252,1,8
6,25.3571,19.4408,-115.835,151.927,1,8
6,24.783,20.1676,62.3066,744.026,1,8
6,24.6918,20.2792,56.5888,636.079,1,8
6,23.6704,21.4625,17.3538,236.494,1,8
6,22.0186,23.1541,48.766,4068.66,1,8
6,21.7896,23.3697,-127.154,405.639,1,8
6,21.4377,23.6929,-302.164,1486.45,1,8
6,19.9101,24.9903,-150.635,1197.81,1,8
6,18.9534,25.7235,-157.853,300.055,1,8
6,18.4933,26.0563,56.8192,497.913,1,8
6,15.5906,27.8902,-181.859,505.067,1,8
6,12.2331,29.5175,-178.449,409.789,1,8
6,11.611,29.7677,-68.9216,193.05,1,8
6,9.53676,30.4956,-141.551,545.433,1,8
6,7.04763,31.1651,86.6368,760.325,1,8
6,5.25538,31.5168,88.8758,236.55,1,8
6,5.13778,31.5362,-97.5857,467.213,1,8
6,4.76965,31.594,-229.618,896.525,1,8
6,4.20094,31.6746,-102.942,815.344,1,8
6,3.97147,31.7042,-305.472,215.132,1,8
6,3.76384,31.7295,-1.56582,613.591,1,8
6,0.967214,31.9374,46.9844,220.871,1,8
6,0.38002,31.9497,-223.791,129.773,1,8
6,-3.83099,31.7215,-77.9086,735.682,1,8
6,-7.86345,30.9693,88.8697,1499.67,1,8
6,-9.70494,30.4425,-279.587,408.071,1,8
6,-10.0091,30.3438,-155.855,770.956,1,8
6,-11.6534,29.7511,-82.1784,1161.49,1,8
6,-11.8979,29.6542,-244.46,90.1232,1,8
6,-13.0266,29.176,-145.983,482.773,1,8
6,-13.7605,28.8371,-262.647,936.194,1,8
6,-14.9787,28.2236,41.7504,162.551,1,8
6,-15.4464,27.9703,104.651,442.983,1,8
6,-16.1191,27.5881,-62.7943,537.341,1,8
6,-17.5464,26.7031,-281.49,518.175,1,8
6,-18.1917,26.2677,-43.9614,121.029,1,8
6,-21.9813,23.1895,-170.254,268.842,1,8
6,-22.0201,23.1527,-117.255,217.783,1,8
6,-23.2807,21.8847,-46.7619,858.418,1,8
6,-24.6681,20.308,-190.624,6679.71,1,8
6,-25.0289,19.8617,-56.2218,272.454,1,8
6,-25.1281,19.736,-110.883,499.26,1,8
6,-25.7889,18.8643,-97.4424,494.709,1,8
6,-26.4272,17.9592,-119.296,1931.13,1,8
6,-26.6118,17.6846,-182.634,491.03,1,8
6,-27.7241,15.8842,-50.1341,1067.01,1,8
6,-28.5726,14.3017,85.8392,4212.85,1,8
6,-29.0809,13.2376,-281.68,226.604,1,8
6,-29.7539,11.6463,-158.939,925.704,1,8
6,-30.6962,8.86989,-283.732,11.0677,1,8
6,-30.7931,8.52738,-284.483,104.174,1,8
6,-31.8617,2.40046,-194.488,103.818,1,8
6,-31.9073,1.69003,-194.481,76.5531,1,8
6,-31.9519,0.0890045,-74.2197,384.672,1,8
6,-32.5215,-0.31395,178.868,468.253,0,9
6,-32.4866,-1.53836,141.688,301.833,0,9
6,-32.3885,-2.95443,-72.6037,3129.92,0,9
6,-32.1178,-5.1179,134.698,343.523,0,9
6,-31.997,-5.82539,220.168,298.362,0,9
6,-31.6898,-7.3143,280.198,545.396,0,9
6,-29.164,-14.3946,-69.6121,6039.74,0,9
6,-29.3859,-13.9361,-68.188,12.7688,0,9
6,-29.2947,-14.1267,208.532,384.43,0,9
6,-29.2458,-14.2278,112.034,578.554,0,9
6,-28.9853,-14.7513,-76.9441,362.88,0,9
6,-28.9038,-14.9102,304.508,13.9861,0,9
6,-28.7877,-15.1331,186.151,270.145,0,9
6,-28.6396,-15.4116,100.12,315.671,0,9
6,-25.0637,-20.7258,164.879,365.153,0,9
6,-24.326,-21.5868,-77.1769,540.047,0,9
6,-23.8717,-22.0882,30.7412,398.176,0,9
6,-22.7175,-23.2736,106.207,3277.07,0,9
6,-22.3998,-23.5796,-65.2501,141.747,0,9
6,-22.3104,-23.6641,294.129,165.245,0,9
6,-20.84,-24.9688,-33.3812,541.705,0,9
6,-19.9787,-25.6632,187.387,267.258,0,9
6,-19.2458,-26.2172,257.839,972.599,0,9
6,-19.0191,-26.3822,-77.5958,225.579,0,9
6,-18.1062,-27.0169,17.2346,368.115,0,9
6,-17.0275,-27.7094,-54.427,227.492,0,9
6,-16.5741,-27.9829,-50.9335,1028.74,0,9
6,-14.7596,-28.981,282.787,487.914,0,9
6,-12.0837,-30.1949,-58.4607,285.671,0,9
6,-11.9382,-30.2527,-81.4655,174.688,0,9
6,-11.2653,-30.5097,90.6657,1331.33,0,9
6,-8.67977,-31.3434,182.396,16.0693,0,9
6,-8.0127,-31.5205,62.5308,298.933,0,9
6,-7.55081,-31.6343,164.119,881.967,0,9
6,-6.06484,-31.9525,136.178,218.453,0,9
6,-5.70471,-32.0188,41.9132,85.4993,0,9
6,-4.3587,-32.2296,226.33,553.964,0,9
6,-3.74294,-32.3069,198.783,402.064,0,9
6,-2.07003,-32.4571,-99.3582,245.316,0,9
6,-1.61448,-32.4829,73.1894,1286.05,0,9
6,-1.39547,-32.493,-70.7854,504.588,0,9
6,1.1378,-32.5031,58.0496,393.028,0,9
6,3.37689,-32.3472,176.283,138.831,0,9
6,4.66797,-32.1863,96.6849,1657.9,0,9
6,4.92299,-32.1482,213.124,210.751,0,9
6,5.08027,-32.1238,270.181,169.223,0,9
6,5.85795,-31.9911,294.356,149.675,0,9
6,6.9245,-31.7773,-47.3823,559.674,0,9
6,9.92275,-30.9723,179.037,426.821,0,9
6,9.98038,-30.9538,-70.2485,190.313,0,9
6,9.93089,-30.9697,-7.35985,383.727,0,9
6,10.0347,-30.9362,193.112,712.707,0,9
6,15.4314,-28.629,191.327,356.804,0,9
6,19.4004,-26.1031,203.493,302.609,0,9
6,19.8506,-25.7624,119.51,864.096,0,9
6,19.6938,-25.8824,101.345,164.169,0,9
6,19.9199,-25.7088,142.295,901.365,0,9
6,22.109,-23.8524,74.1411,378.781,0,9
6,24.0492,-21.8948,252.625,276.411,0,9
6,24.5855,-21.2908,191.092,340.043,0,9
6,28.6611,-15.3717,303.02,581.609,0,9
6,28.7419,-15.22,223.973,156.647,0,9
6,29.0554,-14.6127,225.697,257.879,0,9
6,29.7311,-13.1836,-90.678,228.552,0,9
6,31.7882,-6.87442,-88.1152,1229.6,0,9
6,31.7791,-6.91626,182.103,402.865,0,9
6,32.0421,-5.57226,-54.9543,87.8403,0,9
6,32.0776,-5.36387,-6.10121,666.319,0,9
6,32.2425,-4.262,266.776,961.893,0,9
6,32.3048,-3.76127,126.753,1100.16,0,9
6,32.2901,-3.88564,177.941,47.3329,0,9
6,32.4139,-2.66146,-39.3776,307.454,0,9
6,32.4713,-1.8332,-64.1438,346.93,0,9
6,32.4598,-2.02708,-29.4539,113.082,0,9
6,32.5224,-0.189635,-40.0958,281.19,0,9
6,32.5215,0.311784,62.4068,136.444,0,9
6,32.4088,2.72329,-103.342,560.767,0,9
6,32.2032,4.55002,71.8158,676.886,0,9
6,32.079,5.35547,138.478,405.581,0,9
6,31.9211,6.22821,297.162,335.369,0,9
6,29.2926,14.1312,25.9094,802.043,0,9
6,29.1136,14.4964,-17.3514,238.443,0,9
6,28.9072,14.9036,218.932,778.531,0,9
6,28.8964,14.9246,-70.3725,203.269,0,9
6,28.5645,15.5505,-99.564,15.0555,0,9
6,26.7738,18.4637,-65.9842,562.157,0,9
6,25.3225,20.4087,-49.2131,345.906,0,9
6,21.8067,24.1291,280.713,945.869,0,9
6,19.8787,25.7407,-88.2963,137.176,0,9
6,17.894,27.1579,155.942,173.995,0,9
6,17.1852,27.6118,-87.6075,375.751,0,9
6,14.2096,29.2546,64.6442,1037.56,0,9
6,13.813,29.4439,-51.7679,714.491,0,9
6,13.4041,29.6323,260.088,413.641,0,9
6,11.9347,30.2541,148.291,279.737,0,9
6,11.0751,30.5792,178.997,119.609,0,9
6,9.06175,31.2351,-51.3742,152.48,0,9
6,8.67977,31.3434,-51.228,12.0694,0,9
6,7.76639,31.5821,152.66,417.538,0,9
6,2.68901,32.4116,-61.0141,1546.8,0,9
6,1.13907,32.503,139.164,66.8198,0,9
6,-1.24862,32.499,-60.2423,459.735,0,9
6,-3.92183,32.2857,227.757,1188.32,0,9
6,-4.70659,32.1806,146.439,720.205,0,9
6,-5.19855,32.1048,282.275,500.858,0,9
6,-6.18787,31.9289,-98.5489,498.729,0,9
6,-6.98469,31.7641,-88.0805,228.86,0,9
6,-7.93123,31.5411,-9.12723,69.5881,0,9
6,-10.301,30.8486,153.518,610.478,0,9
6,-11.0201,30.5991,-43.4361,652.179,0,9
6,-10.7539,30.6936,164.508,1038,0,9
6,-11.2653,30.5097,305.78,17.0139,0,9
6,-12.0902,30.1922,157.996,234.77,0,9
6,-12.137,30.1735,145.948,1090.52,0,9
6,-15.0192,28.8473,-24.9033,600.586,0,9
6,-15.5257,28.578,298.206,735.949,0,9
6,-18.9255,26.4494,14.8739,55.0972,0,9
6,-20.2831,25.4233,148.097,543.463,0,9
6,-21.1936,24.6693,7.11837,1985.04,0,9
6,-21.7883,24.1457,81.7982,531.15,0,9
6,-21.9659,23.9843,104.864,1299.05,0,9
6,-21.9857,23.9661,211.289,576.014,0,9
6,-22.1984,23.7692,-59.5112,470.8,0,9
6,-22.4136,23.5664,54.7799,113.493,0,9
6,-22.6748,23.3152,54.9612,43.4341,0,9
6,-23.5265,22.4555,-50.3487,4064.27,0,9
6,-23.6491,22.3264,123.585,470.521,0,9
6,-24.7324,21.12,-89.4517,293.177,0,9
6,-25.3678,20.3524,218.343,548.025,0,9
6,-25.6302,20.0209,-66.0026,3078.72,0,9
6,-26.0056,19.5308,275.681,791.57,0,9
6,-26.3928,19.0044,253.946,280.692,0,9
6,-27.635,17.1479,-39.4468,895.889,0,9
6,-29.2702,14.1774,-48.6897,1130.33,0,9
6,-29.2971,14.1218,284.507,170.533,0,9
6,-30.7279,10.6557,-62.7926,695.366,0,9
6,-30.8622,10.2602,140.31,384.755,0,9
6,-31.9527,6.0639,102.324,447.348,0,9
6,-32.3112,3.70572,-105.5,37,0,9
6,-32.5229,-0.0905645,-72.4722,683.59,1,9
6,-32.5064,-1.03959,-70.4053,635.918,1,9
6,-32.4927,-1.40254,97.2716,1633.74,1,9
6,-32.4922,-1.41396,-169.802,759.52,1,9
6,-32.2372,-4.30227,-98.1956,89.1386,1,9
6,-32.1716,-4.76787,50.207,421.662,1,9
6,-31.484,-8.15479,-178.42,29.2308,1,9
6,-30.5831,-11.0644,-140.082,2393.7,1,9
6,-30.1376,-12.2258,-132.304,478.725,1,9
6,-30.0708,-12.3891,-208.909,1241.13,1,9
6,-29.8779,-12.8475,-264.385,229.217,1,9
6,-29.4047,-13.8963,-171.014,411.482,1,9
6,-23.8599,-22.101,-287.876,1737.38,1,9
6,-23.3048,-22.6855,-107.65,960.519,1,9
6,-23.3153,-22.6748,-304.579,573.387,1,9
6,-17.2873,-27.548,-69.7096,381.987,1,9
6,-16.4016,-28.0844,-175.907,419.024,1,9
6,-13.4485,-29.6122,61.4288,481.301,1,9
6,-11.8943,-30.27,-112.369,235.86,1,9
6,-7.97935,-31.529,-34.4558,117.211,1,9
6,-6.71548,-31.8221,-143.974,276.384,1,9
6,-3.6968,-32.3122,-186.295,526.377,1,9
6,-2.25306,-32.4449,-260.641,503.895,1,9
6,-1.24738,-32.4991,-187.355,669.659,1,9
6,-0.344571,-32.5212,-44.6417,336.995,1,9
6,0.64005,-32.5167,-127.118,871.959,1,9
6,5.14138,-32.114,54.3257,509.25,1,9
6,7.61165,-31.6197,-159.428,178.835,1,9
6,7.97929,-31.529,-159.263,32.2757,1,9
6,12.2784,-30.1162,-12.5231,40.5693,1,9
6,12.78,-29.9068,-11.948,11.9861,1,9
6,16.8075,-27.8434,-127.276,11.0677,1,9
6,19.3648,-26.1295,-82.8067,705.158,1,9
6,25.2547,-20.4926,57.6154,788.231,1,9
6,26.0192,-19.5127,-114.926,803.728,1,9
6,26.3155,-19.1113,91.578,627.205,1,9
6,26.3758,-19.028,49.4734,133.718,1,9
6,31.8066,-6.78856,-203.343,802.569,1,9
6,32.1992,-4.57761,-146.771,582.417,1,9
6,32.3861,2.98149,66.0778,280.026,1,9
6,32.3425,3.42132,-146.031,286.66,1,9
6,32.1891,4.64847,-121.36,155.941,1,9
6,32.1199,5.10486,-279.795,428.012,1,9
6,31.977,5.93453,-296.221,474.112,1,9
6,31.6803,7.35535,-188.532,236.926,1,9
6,31.194,9.20227,49.9981,103.668,1,9
6,29.9015,12.7925,-87.8053,695.148,1,9
6,29.9344,12.7151,82.4254,72.5565,1,9
6,29.7122,13.2261,34.8553,607.706,1,9
6,29.2441,14.2313,-5.1466,2101.29,1,9
6,28.7292,15.244,-243.168,435.261,1,9
6,27.6163,17.1781,-94.9348,285.268,1,9
6,25.8575,19.7265,-114.437,424.743,1,9
6,25.2956,20.442,63.1015,152.153,1,9
6,25.0531,20.7386,57.3011,243.333,1,9
6,24.1362,21.7988,17.6991,356.417,1,9
6,24.0579,21.8852,-67.0433,393.653,1,9
6,23.3153,22.6748,-157.953,58.5792,1,9
6,22.3912,23.5877,49.1357,4054.41,1,9
6,22.3059,23.6684,-126.009,1932.28,1,9
6,20.2924,25.4158,-149.439,1333.4,1,9
6,18.9193,26.4538,57.3597,386.003,1,9
6,12.5987,29.9836,-177.672,367.032,1,9
6,11.6912,30.349,-67.4257,232.357,1,9
6,9.41951,31.1291,-140.362,254.507,1,9
6,7.6024,31.622,-208.381,777.367,1,9
6,7.09822,31.7389,87.4447,251.302,1,9
6,6.23056,31.9206,-145.241,124.206,1,9
6,5.12887,32.116,-228.464,301.303,1,9
6,4.36083,32.2293,-101.122,344.635,1,9
6,3.98869,32.2775,0.388594,1310.61,1,9
6,0.932095,32.5096,-185.36,306.227,1,9
6,0.591234,32.5176,-223.406,153.425,1,9
6,-7.97929,31.529,89.9519,661.55,1,9
6,-9.35572,31.1483,-149.965,120.923,1,9
6,-10.1639,30.894,-266,697.948,1,9
6,-10.2318,30.8716,-155.216,412.517,1,9
6,-12.0617,30.2037,-243.893,108.627,1,9
6,-12.8564,29.874,-83.4757,1898.25,1,9
6,-13.6844,29.5039,-146.308,1148.57,1,9
6,-15.738,28.4616,105.346,229.025,1,9
6,-16.1277,28.2426,-62.079,177.997,1,9
6,-17.1868,27.6108,-177.269,281.268,1,9
6,-18.5223,26.7333,-43.1083,250.16,1,9
6,-19.0284,26.3755,-301.368,700.942,1,9
6,-22.3377,23.6384,-115.471,1142.67,1,9
6,-23.7015,22.2708,-45.9722,318.676,1,9
6,-23.8689,22.0911,-137.14,61.5449,1,9
6,-24.4776,21.4148,-178.99,296.226,1,9
6,-25.5098,20.1741,-109.788,417.916,1,9
6,-26.0601,19.4581,-96.2648,746.117,1,9
6,-27.4016,17.5185,-119.553,2441.81,1,9
6,-29.5254,13.6381,-281.312,879.588,1,9
6,-30.2737,11.8848,-157.206,329.489,1,9
6,-31.2447,9.0284,-282.207,152.07,1,9
6,-32.0548,5.49884,-121.942,65.6314,1,9
6,-32.5229,0.0905956,-72.6293,143.852,1,9
6,-33.0938,-0.200695,133.786,821.491,0,10
6,-33.0931,-0.290643,178.374,461.685,0,10
6,-33.0628,-1.44581,141.5,692.721,0,10
6,-32.9413,-3.17992,-84.9747,294.626,0,10
6,-32.5146,-6.16778,-71.8536,9864.63,0,10
6,-32.5451,-6.00489,79.4896,291.797,0,10
6,-32.1813,-7.7202,279.717,1019.04,0,10
6,-31.8941,-8.83223,-71.156,18.0849,0,10
6,-31.7576,-9.31095,-71.1169,1947.24,0,10
6,-30.5855,-12.6398,-70.1848,3096.97,0,10
6,-29.7314,-14.5355,110.631,656.589,0,10
6,-29.7667,-14.4632,207.715,147.171,0,10
6,-29.5413,-14.9182,-77.7105,104.959,0,10
6,-29.3178,-15.3526,185.944,382.127,0,10
6,-29.1645,-15.642,99.3084,195.143,0,10
6,-28.2083,-17.3069,221.889,126.717,0,10
6,-26.9141,-19.258,148.714,77.4975,0,10
6,-26.6979,-19.5566,148.66,72.6018,0,10
6,-26.3674,-20,261.596,113.915,0,10
6,-25.5094,-21.0835,163.83,389.565,0,10
6,-25.5424,-21.0434,274.047,347.374,0,10
6,-24.8453,-21.8621,-77.8219,533.042,0,10
6,-24.2513,-22.5192,29.802,202.711,0,10
6,-21.5053,-25.1548,-33.2441,449.914,0,10
6,-21.7131,-24.9756,199.62,162.588,0,10
6,-20.6409,-25.8687,187.255,116.894,0,10
6,-20.6139,-25.8902,255.703,307.873,0,10
6,-20.2288,-26.1923,256.426,561.919,0,10
6,-18.39,-27.5145,16.3995,1113.83,0,10
6,-17.2088,-28.2683,-55.286,659.79,0,10
6,-16.2491,-28.8306,-38.0761,213.613,0,10
6,-14.5505,-29.7241,282.08,556.226,0,10
6,-12.1996,-30.7638,-82.2285,461.264,0,10
6,-11.9804,-30.8498,-59.0706,26.2595,0,10
6,-9.18702,-31.7937,181.762,201.882,0,10
6,-7.99233,-32.1148,61.5895,503.928,0,10
6,-7.90173,-32.1372,162.63,246.536,0,10
6,-5.82782,-32.5772,135.006,649.618,0,10
6,-4.39869,-32.8008,225.533,845.68,0,10
6,-3.76573,-32.8795,198.047,265.757,0,10
6,-2.70209,-32.9839,124.269,443.178,0,10
6,-2.63766,-32.9891,153.009,417.522,0,10
6,-2.02038,-33.0327,-100.49,605.992,0,10
6,-1.51533,-33.0597,-71.2833,726.04,0,10
6,-1.2751,-33.0698,132.334,523.526,0,10
6,1.07908,-33.0768,56.5584,465.041,0,10
6,1.95357,-33.0367,-97.2994,1018.66,0,10
6,3.21088,-32.9383,176.226,793.018,0,10
6,4.61826,-32.7706,94.8466,714.903,0,10
6,4.94459,-32.7229,211.963,775.37,0,10
6,5.24241,-32.6765,269.44,241.816,0,10
6,7.4285,-32.2499,-74.3685,224.677,0,10
6,10.0554,-31.5298,-8.83514,598.58,0,10
6,10.0974,-31.5164,-71.2118,229.437,0,10
6,10.3294,-31.4411,177.332,193.453,0,10
6,11.1777,-31.1496,251.185,779.557,0,10
6,13.5439,-30.196,163.562,217.527,0,10
6,14.7323,-29.6344,-93.3614,262.363,0,10
6,15.7817,-29.0891,190.638,598.413,0,10
6,19.9015,-26.4418,99.594,382.844,0,10
6,21.2038,-25.4094,117.935,1528.31,0,10
6,24.5373,-22.2072,251.906,169.558,0,10
6,24.9467,-21.7463,190.455,344.719,0,10
6,26.5877,-19.7062,93.0092,307.626,0,10
6,29.1607,-15.6491,223.846,390.754,0,10
6,29.4747,-15.0492,224.099,487.723,0,10
6,30.1417,-13.6644,-91.4431,158.809,0,10
6,30.3072,-13.2932,-36.8005,420.452,0,10
6,31.3798,-10.5142,-53.1204,133.941,0,10
6,31.7538,-9.32409,305.763,350.25,0,10
6,32.2355,-7.49099,181.848,317.994,0,10
6,32.4465,-6.51638,80.6502,1001.76,0,10
6,32.8102,-4.3277,177.229,360.147,0,10
6,32.8869,-3.6998,267.956,6578.69,0,10
6,32.8883,-3.68772,125.237,1552.53,0,10
6,32.9419,-3.17353,152.04,875.75,0,10
6,32.9783,-2.76972,-39.4295,193.361,0,10
6,33.0332,-2.01232,-29.9064,105.506,0,10
6,33.0916,-0.429507,-40.2448,141.945,0,10
6,33.094,0.152532,61.8555,380.953,0,10
6,33.0944,0.00586523,226.914,336.455,0,10
6,32.9815,2.73146,-104.211,619.469,0,10
6,32.8994,3.5876,81.8982,694,0,10
6,32.6175,5.5983,167.083,376.232,0,10
6,32.492,6.28588,295.813,644.708,0,10
6,32.2834,7.28145,-70.3845,272.403,0,10
6,32.0836,8.11675,-66.765,1255.54,0,10
6,32.092,8.08347,146.998,725.346,0,10
6,31.659,9.64096,137.897,404.281,0,10
6,29.8906,14.2054,24.832,81.8343,0,10
6,29.7432,14.5113,-17.511,167.344,0,10
6,29.3895,15.215,-71.0828,220.727,0,10
6,29.0611,15.8332,-100.722,1194.13,0,10
6,27.2178,18.8264,-66.6921,352.702,0,10
6,26.5168,19.8015,128.482,104.152,0,10
6,22.6794,24.1015,280.387,971.468,0,10
6,20.5122,25.9709,-89.5677,703.94,0,10
6,17.5856,28.0354,-88.6789,607.487,0,10
6,14.2539,29.8675,-52.6115,2461.1,0,10
6,14.2315,29.8782,62.5101,364.382,0,10
6,13.8189,30.0712,259.39,337.238,0,10
6,12.4484,30.6639,148.004,336.946,0,10
6,12.3221,30.7149,-98.2946,533.484,0,10
6,11.3807,31.076,177.892,426.068,0,10
6,7.9376,32.1284,-51.336,951.448,0,10
6,1.93774,33.0376,-60.7659,851.648,0,10
6,-1.36048,33.0664,-60.827,559.425,0,10
6,-3.5876,32.8994,305.78,39.0139,0,10
6,-4.60252,32.7728,-68.0054,370.591,0,10
6,-4.66586,32.7638,144.905,116.125,0,10
6,-5.59327,32.6183,229.185,1179.64,0,10
6,-5.13242,32.694,282.089,652.675,0,10
6,-6.17172,32.5138,-100.071,1040.26,0,10
6,-7.14774,32.3133,-88.785,128.45,0,10
6,-7.67718,32.1916,141.67,142.046,0,10
6,-8.88942,31.8782,-9.11343,34.1664,0,10
6,-10.7687,31.2934,159.873,459,0,10
6,-11.646,30.9776,-43.5419,1443.75,0,10
6,-12.2056,30.7614,145.347,369.728,0,10
6,-12.4941,30.6453,158.176,485.042,0,10
6,-14.0803,29.9497,227.762,503.859,0,10
6,-15.3402,29.3243,-46.0152,627.165,0,10
6,-15.2359,29.3787,-26.1613,1084.78,0,10
6,-15.91,29.0191,296.422,1738.23,0,10
6,-19.2843,26.8952,13.6701,347.886,0,10
6,-21.4358,25.214,194.909,367.078,0,10
6,-21.7184,24.971,5.8661,301.042,0,10
6,-22.0885,24.6442,210.992,243.087,0,10
6,-22.4285,24.3352,103.076,1777.57,0,10
6,-22.928,23.8652,-59.4035,506.823,0,10
6,-23.0053,23.7906,54.2977,396.589,0,10
6,-23.8366,22.9577,-50.4488,360.739,0,10
6,-25.1351,21.5282,-90.2223,171.469,0,10
6,-25.7512,20.7874,216.449,1436.75,0,10
6,-26.2399,20.1669,-66.6762,3272.72,0,10
6,-27.3718,18.6018,275.411,3842.67,0,10
6,-29.1742,15.6239,-49.0034,935.303,0,10
6,-29.1269,15.712,2.71211,378.43,0,10
6,-32.4998,6.24507,101.478,567.968,0,10
6,-32.712,5.01616,-84.9921,756.862,0,10
6,-33.0942,-0.101109,-70.9524,290.583,1,10
6,-33.0596,-1.51753,-68.6601,1554.17,1,10
6,-32.8728,-3.82368,-188.544,136.1,1,10
6,-32.8011,-4.39628,-97.1878,251.351,1,10
6,-32.7226,-4.94687,-125.919,1959.11,1,10
6,-32.749,-4.76878,50.9541,250.434,1,10
6,-32.056,-8.22493,-302.812,115.233,1,10
6,-31.8444,-9.00976,-178.156,13.0555,1,10
6,-30.6007,-12.603,-131.87,485.908,1,10
6,-30.5882,-12.6335,-208.325,314.956,1,10
6,-30.4319,-13.0054,-263.628,401.661,1,10
6,-30.1641,-13.6149,-170.772,886.713,1,10
6,-29.4301,-15.1364,-150.034,230.71,1,10
6,-24.6869,-22.0408,-288.022,677.997,1,10
6,-23.7249,-23.0731,-106.896,956.787,1,10
6,-23.7106,-23.0878,-303.056,933.376,1,10
6,-22.4104,-24.3519,90.1038,218.084,1,10
6,-19.6569,-26.6242,-167.577,389.512,1,10
6,-17.7148,-27.954,-68.9513,168.036,1,10
6,-11.9624,-30.8568,-111.559,251.292,1,10
6,-10.3793,-31.4247,-216.776,252.898,1,10
6,-7.17447,-32.3074,-143.247,456.823,1,10
6,-3.68043,-32.8891,-185.404,745.947,1,10
6,-2.12764,-33.0259,-259.85,982.01,1,10
6,-0.671574,-33.0876,-44.2106,192.083,1,10
6,-0.0298403,-33.0944,-125.497,1433.64,1,10
6,3.09859,-32.949,48.4833,148.455,1,10
6,3.41097,-32.9181,-218.458,110.154,1,10
6,5.2125,-32.6813,56.1228,2132.12,1,10
6,7.64514,-32.1992,-158.852,121.018,1,10
6,23.7249,-23.0732,-115.594,216.309,1,10
6,25.0001,-21.6849,-198.488,559.887,1,10
6,26.5094,-19.8114,-113.633,189.308,1,10
6,26.763,-19.4674,93.2562,728.232,1,10
6,30.8614,-11.9504,-174.356,1311.24,1,10
6,32.3813,-6.83308,-201.442,1257.93,1,10
6,32.4495,-6.5016,-297.687,51.8558,1,10
6,32.7743,-4.59172,-146.122,375.748,1,10
6,32.938,-3.2134,-281.217,769.938,1,10
6,32.959,2.99046,66.8242,293.031,1,10
6,32.9261,3.33308,-144.5,323.873,1,10
6,32.7524,4.74569,-120.63,418.801,1,10
6,32.6122,5.62867,-296.7,446.001,1,10
6,31.7937,9.18699,25.788,22.1493,1,10
6,31.6834,9.56042,51.7314,599.524,1,10
6,31.6252,9.75115,-161.598,386.332,1,10
6,30.4941,12.8588,82.6886,672.39,1,10
6,30.2744,13.3678,-86.7887,477.706,1,10
6,29.8319,14.3281,-204.722,715.166,1,10
6,29.2486,15.4841,-242.275,290.134,1,10
6,28.0967,17.4876,-94.034,279.339,1,10
6,26.7427,19.4954,-211.031,661.521,1,10
6,26.3801,19.9832,-112.451,310.94,1,10
6,25.828,20.6918,64.046,1532.96,1,10
6,25.3643,21.2577,58.3784,1147.23,1,10
6,22.8316,23.9574,-124.267,2895.2,1,10
6,22.1104,24.6246,-301.646,2406.16,1,10
6,20.6964,25.8244,-148.124,484.61,1,10
6,19.5451,26.7063,-157.817,128.281,1,10
6,19.3786,26.8274,57.942,425.337,1,10
6,12.9702,30.4469,-176.936,231.008,1,10
6,9.28815,31.7643,-138.654,323.291,1,10
6,7.52049,32.2286,-206.823,508.091,1,10
6,7.22293,32.2966,88.3929,54.0315,1,10
6,6.68225,32.4128,87.8686,124.393,1,10
6,5.56749,32.6227,-227.726,513.757,1,10
6,5.41579,32.6483,88.7424,180.273,1,10
6,5.38986,32.6525,-93.8793,664.605,1,10
6,4.52439,32.7837,-99.338,302.301,1,10
6,4.20422,32.8263,-305.096,164.642,1,10
6,4.12625,32.8362,1.63818,209.079,1,10
6,0.728332,33.0864,47.7282,486.923,1,10
6,0.862512,33.0832,-184.873,157.897,1,10
6,-9.4056,31.7297,-149.672,337.454,1,10
6,-10.2703,31.4605,-279.021,346.467,1,10
6,-10.4481,31.4019,-154.799,254.711,1,10
6,-10.8972,31.2488,-265.573,2362.75,1,10
6,-13.9725,30.0001,-84.5689,2248.65,1,10
6,-13.9646,30.0038,-261.707,1714.2,1,10
6,-14.5116,29.7431,-146.574,454.201,1,10
6,-15.5943,29.19,41.7415,227.053,1,10
6,-18.0543,27.7359,-286.771,123.405,1,10
6,-18.8796,27.1808,-42.2737,279.369,1,10
6,-19.8468,26.4829,-301.189,534.361,1,10
6,-22.6618,24.1181,-114.378,631.553,1,10
6,-22.6999,24.0822,-169.275,629.707,1,10
6,-24.1312,22.6479,-45.1311,444.262,1,10
6,-24.7336,21.9884,-178.431,197.095,1,10
6,-25.8886,20.616,-108.978,455.784,1,10
6,-26.1093,20.3358,-55.9699,334.749,1,10
6,-26.3528,20.0192,-95.2338,154.079,1,10
6,-27.5817,18.2891,-191.193,2912.36,1,10
6,-27.5969,18.266,-182.353,350.174,1,10
6,-28.3045,17.1491,-119.866,3573.29,1,10
6,-30.7762,12.1681,-155.804,525.411,1,10
6,-31.7499,9.33711,-280.43,410.343,1,10
6,-32.4128,6.68225,-193.635,366.585,1,10
6,-32.4128,6.68225,-241.354,95.2537,1,10
6,-32.7262,-7.89542,279.228,43.4788,0,11
6,-32.6219,-8.31587,279.392,392.689,0,11
6,-30.2142,-14.8473,109.064,724.157,0,11
6,-30.2553,-14.7634,206.962,82.2105,0,11
6,-30.0748,-15.1276,-78.5524,229.988,0,11
6,-30.0399,-15.1968,304.315,163.34,0,11
6,-29.7007,-15.8495,98.3265,194.472,0,11
6,-28.7608,-17.4973,221.125,167.61,0,11
6,-26.935,-20.1952,260.836,19.0588,0,11
6,-25.9907,-21.3968,162.838,351.517,0,11
6,-25.9522,-21.4434,273.228,450.382,0,11
6,-24.6427,-22.9363,28.9233,219.857,0,11
6,-23.3736,-24.2284,294.461,1256.41,0,11
6,-23.3448,-24.2562,-66.1574,207.473,0,11
6,-22.178,-25.3274,199.139,463.181,0,11
6,-21.4959,-25.9088,254.395,1844.1,0,11
6,-18.6643,-28.0175,15.5496,223.455,0,11
6,-17.7388,-28.6125,-51.0584,127.409,0,11
6,-17.4462,-28.7918,-56.1463,355.113,0,11
6,-17.0458,-29.0307,-38.022,206.704,0,11
6,-14.2824,-30.4853,281.429,382.592,0,11
6,-12.4944,-31.2606,-83.1654,216.665,0,11
6,-8.1803,-32.6561,161.764,837.981,0,11
6,-7.87289,-32.7316,60.8422,908.564,0,11
6,-5.81415,-33.1592,41.0967,59.2358,0,11
6,-5.65357,-33.187,133.654,121.676,0,11
6,-4.45339,-33.3692,224.702,517.25,0,11
6,-3.77297,-33.453,197.448,556.037,0,11
6,-2.80112,-33.5484,123.575,505.386,0,11
6,-1.9243,-33.6101,-102.056,178.482,0,11
6,-1.80695,-33.6166,72.5595,525.579,0,11
6,-1.4558,-33.6336,131.913,370.339,0,11
6,0.988237,-33.6506,54.328,602.99,0,11
6,1.90301,-33.6113,-97.8766,504.476,0,11
6,4.61468,-33.3473,92.9417,1000.03,0,11
6,4.95275,-33.2988,210.465,400.591,0,11
6,5.41931,-33.226,268.595,307.687,0,11
6,6.68249,-32.9952,-47.7137,561.608,0,11
6,7.68932,-32.7752,-75.0106,432.617,0,11
6,10.1198,-32.1081,-10.571,713.181,0,11
6,10.6456,-31.9376,176.443,244.186,0,11
6,10.6557,-31.9342,192.787,113.893,0,11
6,13.8263,-30.6948,162.864,287.358,0,11
6,15.1688,-30.054,-93.7373,528.053,0,11
6,16.1484,-29.5393,189.84,265.774,0,11
6,20.0124,-27.0711,97.8738,490.969,0,11
6,20.2086,-26.9249,202.942,247.091,0,11
6,22.0843,-25.4091,116.718,2026.06,0,11
6,22.9682,-24.613,73.7541,217.018,0,11
6,25.0035,-22.5425,251.101,1492.55,0,11
6,25.302,-22.2069,189.593,281.368,0,11
6,27.2584,-19.7564,92.684,384.871,0,11
6,29.8304,-15.604,303.329,430.992,0,11
6,29.9206,-15.4304,222.833,1118.54,0,11
6,30.6488,-13.9281,-92.3636,511.011,0,11
6,31.9604,-10.5768,-53.816,88.2105,0,11
6,32.7629,-7.74174,-91.4462,455.727,0,11
6,33.1655,-5.77817,-6.14861,316.193,0,11
6,33.2039,-5.55311,-55.3658,142.671,0,11
6,33.5312,-2.99946,151.458,624.438,0,11
6,33.5236,-3.08354,267.578,2731.65,0,11
6,33.5949,-2.17369,278.879,716.862,0,11
6,33.6651,-0.0170086,61.1598,232.967,0,11
6,33.6647,0.155562,226.549,411.592,0,11
6,33.5197,3.12561,74.0347,2077.24,0,11
6,33.5554,2.71609,-105.5,16,0,11
6,33.1543,5.8423,136.5,162.95,0,11
6,33.0934,6.178,167.366,390.367,0,11
6,32.6789,8.08895,145.284,849.417,0,11
6,30.0567,15.1636,218.877,275.586,0,11
6,29.6048,16.0279,-102.11,665.595,0,11
6,26.9365,20.1932,127.761,575.331,0,11
6,24.9048,22.6515,199.109,134.776,0,11
6,23.5377,24.069,199.903,136.658,0,11
6,23.4512,24.1533,280.193,1943.84,0,11
6,21.12,26.2161,-90.6541,279.075,0,11
6,18.0306,28.4295,-90.0441,648.935,0,11
6,18.1936,28.3255,156.278,38.3451,0,11
6,14.6594,30.3058,-53.1273,1078.83,0,11
6,14.4243,30.4184,61.4527,289.443,0,11
6,14.3559,30.4508,258.644,103.213,0,11
6,12.8019,31.136,147.886,1882,0,11
6,12.6845,31.184,-99.7623,105.116,0,11
6,7.40041,32.8416,-51.3309,1452.86,0,11
6,7.87753,32.7305,151.756,233.145,0,11
6,1.02876,33.6494,-60.4655,206.446,0,11
6,1.27717,33.6409,137.704,177.844,0,11
6,-3.83112,33.4464,305.543,204.103,0,11
6,-4.49006,33.3643,-68.4406,191.99,0,11
6,-4.69107,33.3367,144.048,92.7022,0,11
6,-6.19023,33.0911,-101.059,2870.04,0,11
6,-8.25742,32.6367,-53.7771,438.016,0,11
6,-10.9544,31.833,159.386,427,0,11
6,-12.3084,31.3343,144.552,683.08,0,11
6,-13.3958,30.8851,303.609,741.206,0,11
6,-14.1562,30.5441,227.617,152.846,0,11
6,-15.4282,29.9217,-27.7379,1328.84,0,11
6,-16.2735,29.4705,294.952,385.525,0,11
6,-19.6473,27.3372,12.3072,494.407,0,11
6,-20.5917,26.633,147.925,408.496,0,11
6,-22.2648,25.2511,4.38397,714.514,0,11
6,-22.7281,24.8349,79.6753,607.277,0,11
6,-22.8978,24.6785,102.005,526.835,0,11
6,-24.8617,22.6988,250.603,666.563,0,11
6,-25.5501,21.921,251.345,954.019,0,11
6,-25.5412,21.9314,-91.1285,161.23,0,11
6,-26.1344,21.221,214.956,181.462,0,11
6,-26.7452,20.4458,-67.2238,2510.49,0,11
6,-28.2139,18.3661,-39.5199,511.059,0,11
6,-28.5888,17.777,275.129,2211.8,0,11
6,-29.263,16.6438,-49.1996,1143.83,0,11
6,-29.6456,15.9524,1.78904,1479.44,0,11
6,-30.3764,14.5126,282.675,445.113,0,11
6,-31.8469,10.9139,140.216,712.773,0,11
6,-33.6648,-0.135137,-69.4871,536.688,1,11
6,-33.6493,-1.0312,99.6715,124.326,1,11
6,-33.6356,-1.40807,-169.539,367.705,1,11
6,-33.5937,-2.19085,-66.3804,4457.68,1,11
6,-33.4267,-3.99959,-125.703,1611.96,1,11
6,-33.3327,-4.71932,51.4068,2354.31,1,11
6,-33.3581,-4.53616,-95.9241,364.09,1,11
6,-32.9717,-6.79746,-277.525,65.7651,1,11
6,-32.7262,-7.89541,-303.394,90.8428,1,11
6,-32.4441,-8.98454,-177.308,19.1124,1,11
6,-31.1025,-12.8831,-207.756,354.604,1,11
6,-31.1025,-12.8831,-263.097,46.5312,1,11
6,-24.5228,-23.0645,-105.585,83.465,1,11
6,-22.7899,-24.7782,89.9448,138.383,1,11
6,-19.9192,-27.1397,-167.162,306.175,1,11
6,-17.0145,-29.049,-175.813,173.445,1,11
6,-13.9516,-30.6381,61.4405,136.743,1,11
6,-10.3253,-32.0426,-216.703,225.258,1,11
6,-8.04683,-32.6893,-32.9784,77.7235,1,11
6,-7.5217,-32.8141,-142.478,809.134,1,11
6,-3.65859,-33.4657,-184.375,727.188,1,11
6,-1.54775,-33.6295,-187.212,137.664,1,11
6,-0.945908,-33.6518,-43.6457,337.576,1,11
6,-0.888095,-33.6534,-123.594,285.705,1,11
6,-0.371489,-33.6631,-124.353,216.543,1,11
6,3.07394,-33.5245,49.078,195.557,1,11
6,3.65547,-33.466,-218.408,292.752,1,11
6,5.26158,-33.2514,57.7772,346.847,1,11
6,20.1952,-26.935,-79.1491,303.165,1,11
6,22.6515,-24.9048,81.6682,158.572,1,11
6,24.1292,-23.476,-115.011,2016.85,1,11
6,25.378,-22.12,-198.276,551.042,1,11
6,26.1967,-21.1441,58.3843,319.712,1,11
6,27.0172,-20.0851,-112.845,661.401,1,11
6,27.2025,-19.8333,94.3391,272.435,1,11
6,27.4167,-19.5362,49.7997,359.84,1,11
6,28.0175,-18.6643,25.8267,78.109,1,11
6,28.0175,-18.6643,-242.795,74.7805,1,11
6,29.2944,-16.5884,-142.714,42.425,1,11
6,31.5258,-11.8095,-173.885,571.174,1,11
6,32.9508,-6.89826,-199.915,337.187,1,11
6,33.0379,-6.46824,-296.552,523.782,1,11
6,33.351,-4.58809,-145.056,442.297,1,11
6,33.5053,-3.27644,-279.114,682.061,1,11
6,33.6639,-0.281293,-217.312,38.5294,1,11
6,33.5532,2.742,-172.893,94.8438,1,11
6,33.5295,3.01813,67.7715,291.294,1,11
6,33.5126,3.20023,-142.879,151.762,1,11
6,33.3115,4.86641,-119.843,117.274,1,11
6,33.2637,5.18293,-297.103,378.903,1,11
6,33.2209,5.45086,-279.326,473.703,1,11
6,32.8103,7.53796,-188.458,560.687,1,11
6,32.2403,9.69039,99.6016,217.733,1,11
6,32.1828,9.87943,53.192,529.977,1,11
6,32.1813,9.88454,-160.924,190.047,1,11
6,30.5452,14.1537,-85.4904,873.341,1,11
6,30.3084,14.6539,-204.04,1265.42,1,11
6,30.2978,14.6759,-3.17677,723.068,1,11
6,29.7809,15.6983,-241.654,449.755,1,11
6,29.3251,16.5342,91.2713,2147.35,1,11
6,28.5678,17.8107,-92.8388,723.584,1,11
6,27.9762,18.7262,-40.4259,982.307,1,11
6,27.3601,19.6154,-210.445,1239.83,1,11
6,26.9011,20.2404,-110.909,43.2602,1,11
6,26.3298,20.9781,64.8604,362.977,1,11
6,25.6625,21.7894,59.4749,394.068,1,11
6,25.0306,22.5124,18.1576,143.941,1,11
6,25.0015,22.5447,-66.0006,209.787,1,11
6,23.3406,24.2601,-122.518,381.099,1,11
6,23.1527,24.4395,50.2189,5185,1,11
6,22.4274,25.1068,-301.136,1176.39,1,11
6,13.2609,30.9433,-176.125,227.51,1,11
6,11.9988,31.4542,-63.7225,1354.46,1,11
6,9.34545,32.3419,-137.028,13.0172,1,11
6,8.98457,32.444,-137.452,12.0878,1,11
6,7.41122,32.8392,-205.314,1385.5,1,11
6,6.79749,32.9717,88.8676,404.161,1,11
6,6.79748,32.9717,-144.878,47.319,1,11
6,6.42975,33.0454,-144.66,11.0139,1,11
6,6.10122,33.1076,-226.512,421.245,1,11
6,5.50773,33.2115,-92.3192,299.322,1,11
6,4.65411,33.3418,-97.9262,237.28,1,11
6,4.39852,33.3765,-304.693,126.448,1,11
6,4.2653,33.3938,2.88886,573.005,1,11
6,0.727219,33.6572,-222.846,125.301,1,11
6,0.542591,33.6607,48.52,93.2775,1,11
6,-10.5354,31.9741,-278.587,331.12,1,11
6,-12.1061,31.4131,-242.45,358.637,1,11
6,-14.0518,30.5923,-260.981,1075.85,1,11
6,-15.2014,30.0376,-85.8957,367.242,1,11
6,-15.7937,29.7304,-61.2935,920.23,1,11
6,-17.554,28.7262,-177.248,405.212,1,11
6,-18.4335,28.1699,-286.263,618.943,1,11
6,-19.2526,27.6166,-41.3977,323.204,1,11
6,-20.6912,26.5558,-301.056,1458.21,1,11
6,-22.9766,24.6052,-113.09,1992.18,1,11
6,-23.0477,24.5386,-168.784,604.669,1,11
6,-24.3927,23.2021,-136.21,235.318,1,11
6,-24.5629,23.0218,-44.304,712.293,1,11
6,-25.0929,22.4429,-177.74,76.7449,1,11
6,-26.2272,21.1063,-108.219,639.496,1,11
6,-26.7691,20.4146,-55.6642,242.837,1,11
6,-26.6516,20.5677,-94.3383,152.501,1,11
6,-29.7119,15.8286,-191.833,11371.4,1,11
6,-30.1866,14.9033,90.4018,550.411,1,11
6,-30.5059,14.2382,-280.847,174.742,1,11
6,-31.2901,12.4204,-154.3,256.331,1,11
6,-31.9237,10.6871,-192.856,4046.77,1,11
6,-32.444,8.98457,-193.171,119.101,1,11
6,-32.9717,6.79749,-108.463,182.296,1,11
6,-32.9717,6.79749,-120.786,232.407,1,11
6,-32.9717,6.79748,-240.484,15.071,1,11
6,-34.0138,-3.90096,-85.148,21.0832,0,12
6,-30.7401,-15.0734,206.245,105.209,0,12
6,-30.6612,-15.2332,107.639,161.607,0,12
6,-30.5999,-15.356,-79.2017,68.0732,0,12
6,-30.5999,-15.356,303.825,52.6755,0,12
6,-30.355,-15.8345,185.749,266.302,0,12
6,-29.2963,-17.7168,220.628,327.946,0,12
6,-27.7318,-20.0776,148.503,114.458,0,12
6,-27.2776,-20.6904,260.174,205.157,0,12
6,-27.0454,-20.993,260.412,18.0971,0,12
6,-26.3498,-21.8597,272.421,925.88,0,12
6,-25.8229,-22.4797,-78.5933,516.37,0,12
6,-25.0386,-23.3501,28.0738,391.367,0,12
6,-24.4376,-23.9784,294.563,169.042,0,12
6,-23.758,-24.6519,-66.63,526.382,0,12
6,-22.5959,-25.7212,252.835,540.962,0,12
6,-22.5988,-25.7187,-33.0863,350.784,0,12
6,-22.6624,-25.6627,198.539,269.554,0,12
6,-21.7275,-26.4589,187.142,382.203,0,12
6,-19.3307,-28.2574,-78.7715,1013.94,0,12
6,-18.9813,-28.4933,14.6458,195.151,0,12
6,-17.6897,-29.3127,-57.0417,195.747,0,12
6,-13.8635,-31.3044,280.281,3029.69,0,12
6,-8.48099,-33.1697,160.318,304.414,0,12
6,-7.814,-33.3332,60.0894,454.518,0,12
6,-5.81936,-33.7386,40.507,91.6794,0,12
6,-5.45989,-33.7986,132.793,159.711,0,12
6,-4.49137,-33.9409,223.557,1558.03,0,12
6,-3.75672,-34.0301,196.618,325.974,0,12
6,-2.89895,-34.1138,122.877,486.79,0,12
6,-2.8192,-34.1205,152.741,433.039,0,12
6,-1.88037,-34.1851,-103.402,378.751,0,12
6,-1.66926,-34.1961,-71.8926,110.177,0,12
6,-1.52466,-34.2028,131.571,463.579,0,12
6,0.92763,-34.2242,52.4323,801.266,0,12
6,2.93995,-34.1103,176.085,548.209,0,12
6,4.62179,-33.9234,90.6957,1100.34,0,12
6,4.95536,-33.8763,209.005,1172.98,0,12
6,5.60807,-33.7744,267.715,73.8018,0,12
6,5.95007,-33.7158,293.431,333.549,0,12
6,6.24298,-33.6628,-47.9858,449.088,0,12
6,7.98424,-33.2928,-75.7522,486.694,0,12
6,10.0685,-32.7228,-73.2213,148.71,0,12
6,10.0782,-32.7199,-12.3751,309.585,0,12
6,11.0089,-32.4185,192.499,307.262,0,12
6,11.0789,-32.3947,174.737,407.879,0,12
6,14.1559,-31.1732,162.251,195.798,0,12
6,16.4782,-30.0105,189.018,154.255,0,12
6,20.2232,-27.6257,96.8449,605.283,0,12
6,20.6252,-27.3269,202.406,191.093,0,12
6,23.3328,-25.0547,115.405,3282.45,0,12
6,23.4673,-24.9288,73.4702,761.34,0,12
6,24.0059,-24.4105,52.652,18,0,12
6,25.5028,-22.8421,250.023,512.818,0,12
6,25.6037,-22.729,188.889,631.323,0,12
6,30.0526,-16.4013,223.567,139.494,0,12
6,30.3947,-15.7582,221.516,536.271,0,12
6,30.428,-15.6938,303.649,800.536,0,12
6,31.1403,-14.2282,-93.1972,345.828,0,12
6,31.3773,-13.6975,-36.7669,354.554,0,12
6,32.577,-10.5308,-54.4374,139.189,0,12
6,32.8941,-9.49398,305.78,162.042,0,12
6,33.2558,-8.13696,-92.6909,1896.37,0,12
6,33.2641,-8.10313,181.609,368.216,0,12
6,33.5366,-6.88894,78.0043,1605.38,0,12
6,33.7036,-6.01877,-6.33705,231.777,0,12
6,33.7966,-5.47228,-55.7598,152.851,0,12
6,34.0449,-3.61961,122.812,1290.04,0,12
6,34.1115,-2.92674,150.819,1294.38,0,12
6,34.1227,-2.79325,-66.4385,216.238,0,12
6,34.1139,-2.89793,-39.5885,256.58,0,12
6,34.1605,-2.28477,268.045,5384.59,0,12
6,34.1683,-2.16458,277.147,1535.85,0,12
6,34.181,-1.95471,-30.7503,256.424,0,12
6,34.2318,-0.58452,-40.3392,778.324,0,12
6,34.1889,1.81065,75.8226,1513.13,0,12
6,33.6832,6.13168,135.754,500.504,0,12
6,33.6381,6.37467,292.541,253.944,0,12
6,33.424,7.416,-71.0273,572.266,0,12
6,33.2455,8.1791,-67.4856,1548.61,0,12
6,33.2621,8.11119,143.674,608.564,0,12
6,31.0028,14.5253,23.8065,283.135,0,12
6,30.9369,14.6652,-17.5639,162.672,0,12
6,30.3664,15.8128,-72.5112,191.353,0,12
6,30.2172,16.0958,-102.873,255.62,0,12
6,27.3641,20.5758,127.2,171.238,0,12
6,24.6764,23.7325,279.653,167.469,0,12
6,24.4105,24.0059,279.613,72.8517,0,12
6,21.6825,26.4958,-91.5227,359.067,0,12
6,18.5025,28.8065,-91.4437,207.943,0,12
6,18.1994,28.999,156.523,284.418,0,12
6,15.0447,30.7541,-53.8493,2413.47,0,12
6,14.8314,30.8575,257.878,156.511,0,12
6,14.6122,30.9619,60.3303,365.093,0,12
6,13.3049,31.5458,147.609,186.544,0,12
6,13.0376,31.6572,-100.626,384.821,0,12
6,11.9336,32.0897,175.427,1384.26,0,12
6,7.84401,33.3261,151.02,30.1273,0,12
6,1.40804,34.2078,136.957,184.295,0,12
6,0.176432,34.2363,-60.1777,1033.35,0,12
6,-1.46809,34.2053,-61.2528,251.818,0,12
6,-3.1064,34.0956,217.551,1611.26,0,12
6,-4.05899,33.9953,304.806,334.038,0,12
6,-4.59162,33.9275,143.024,344.14,0,12
6,-5.02471,33.8661,281.774,278.647,0,12
6,-6.07039,33.6943,-102.086,304.073,0,12
6,-7.53162,33.3981,-90.1518,95.1889,0,12
6,-7.80539,33.3352,141.28,106.259,0,12
6,-8.08196,33.2692,231.488,556.643,0,12
6,-8.286,33.219,-54.2561,359.719,0,12
6,-9.50097,32.8921,-9.2576,295.996,0,12
6,-9.24101,32.9661,136.781,299.156,0,12
6,-9.45217,32.9062,232.773,178.969,0,12
6,-12.5346,31.8597,-43.7612,631.071,0,12
6,-12.348,31.9325,143.891,828.033,0,12
6,-13.0984,31.6321,158.325,407.674,0,12
6,-14.553,30.9898,301.632,840.225,0,12
6,-15.5998,30.4763,-29.9509,736.376,0,12
6,-16.1796,30.1725,-46.0249,423.488,0,12
6,-16.6287,29.9273,293.582,260.718,0,12
6,-20.0483,27.7529,10.9618,213.364,0,12
6,-20.5602,27.3758,147.65,607.494,0,12
6,-22.2003,26.0635,194.844,559.276,0,12
6,-22.3261,25.9558,210.615,1290.49,0,12
6,-22.7783,25.5599,3.04113,235.723,0,12
6,-23.1622,25.2126,78.1204,577.233,0,12
6,-23.5333,24.8665,-50.4305,1026.03,0,12
6,-23.4551,24.9403,100.573,229.827,0,12
6,-23.8491,24.5638,-36.4833,180.477,0,12
6,-23.8849,24.529,53.4632,301.224,0,12
6,-23.9083,24.5062,-59.3941,152.989,0,12
6,-24.8244,23.5777,249.813,1216.97,0,12
6,-25.9207,22.3669,-91.9375,175.6,0,12
6,-26.5489,21.6175,213.73,65.9347,0,12
6,-27.2807,20.6863,-67.7387,2188.06,0,12
6,-28.4066,19.1108,-39.6218,263.583,0,12
6,-29.5839,17.2322,274.911,3073.25,0,12
6,-30.1653,16.193,0.165952,2475.84,0,12
6,-30.9194,14.702,282.184,442.271,0,12
6,-32.3092,11.3258,-64.1515,861.112,0,12
6,-34.2362,-0.196576,-67.7458,627.105,1,12
6,-34.2233,-0.960392,100.86,522.082,1,12
6,-34.1093,-2.95147,-63.9147,1741.46,1,12
6,-34.0987,-3.07239,-125.452,4580.3,1,12
6,-33.9849,-4.14588,-188.469,292.96,1,12
6,-33.9125,-4.70118,-94.6222,177.555,1,12
6,-33.4926,-7.09956,-40.9366,77.819,1,12
6,-33.4926,-7.09956,-303.7,130.614,1,12
6,-32.8377,-9.68719,-176.237,66.5867,1,12
6,-31.6307,-13.1018,-131.31,886.325,1,12
6,-31.6307,-13.1018,-170.311,532.506,1,12
6,-31.6307,-13.1018,-262.389,490.699,1,12
6,-24.006,-24.4105,-188.538,27.2985,1,12
6,-18.4391,-28.8472,-67.8597,911.665,1,12
6,-12.1062,-32.0249,-109.959,353.961,1,12
6,-8.07621,-33.2706,-32.4283,476.209,1,12
6,-7.75284,-33.3474,-141.524,758.8,1,12
6,-3.63236,-34.0436,-183.326,925.489,1,12
6,-1.2625,-34.2135,-122.18,874.511,1,12
6,3.07304,-34.0986,49.7735,365.595,1,12
6,5.03536,-33.8645,42.7876,289,1,12
6,5.4123,-33.8063,48.4505,73.5807,1,12
6,7.84398,-33.3261,-158.221,110.551,1,12
6,20.6904,-27.2776,-77.8871,74.6819,1,12
6,24.7305,-23.6761,-113.507,610.003,1,12
6,27.5439,-20.3345,-111.815,265.049,1,12
6,27.6598,-20.1765,95.3636,280.157,1,12
6,33.5195,-6.97173,-198.648,1096.6,1,12
6,33.9253,-4.60761,-144.554,303.22,1,12
6,34.0873,3.19643,-141.651,1026.74,1,12
6,33.8739,4.97172,-119.103,176.429,1,12
6,33.7508,5.74821,-278.933,216.613,1,12
6,32.8912,9.50412,26.5475,110.11,1,12
6,32.7381,10.0188,100.213,318.929,1,12
6,32.7278,10.0524,-160.223,195.69,1,12
6,31.642,13.0746,83.6307,912.55,1,12
6,30.78,14.9916,-83.7803,697.708,1,12
6,30.8202,14.9088,-2.07284,848.248,1,12
6,30.7863,14.9788,-203.61,209.278,1,12
6,30.3006,15.9384,-240.711,583.185,1,12
6,29.0099,18.1819,-91.4894,361.352,1,12
6,28.5078,18.9596,-39.7861,177.226,1,12
6,27.9696,19.7448,-210.186,423.602,1,12
6,27.4329,20.484,-109.587,857.556,1,12
6,26.8153,21.286,65.7436,475.17,1,12
6,26.0466,22.2201,60.3676,572.007,1,12
6,25.4831,22.8642,18.5869,121.488,1,12
6,25.454,22.8966,-65.3066,306.468,1,12
6,23.8733,24.5402,-121.189,722.265,1,12
6,23.5566,24.8444,50.5098,2002.19,1,12
6,20.2444,27.6102,58.586,697.285,1,12
6,20.1652,27.6681,-157.804,37.1958,1,12
6,13.5774,31.4295,-175.074,665.796,1,12
6,12.1763,31.9984,-62.3054,346.703,1,12
6,7.47226,33.4114,-203.995,335.029,1,12
6,7.09959,33.4926,-144.624,73.066,1,12
6,6.53894,33.6066,89.3975,61.9763,1,12
6,6.53894,33.6066,-225.079,42.1942,1,12
6,5.63705,33.7695,-90.823,842.782,1,12
6,5.5258,33.7879,88.5455,252.274,1,12
6,4.79575,33.8993,-96.342,664.236,1,12
6,4.47044,33.9437,4.63958,116.442,1,12
6,0.847019,34.2263,-222.387,488.055,1,12
6,0.785812,34.2278,-184.394,145.922,1,12
6,0.286069,34.2356,49.3925,59.8157,1,12
6,-5.4123,33.8063,-302.543,39.492,1,12
6,-7.09956,33.4926,93.7643,2953.84,1,12
6,-9.60424,32.8621,-149.305,115.346,1,12
6,-10.8994,32.4555,-153.278,568.948,1,12
6,-12.1832,31.9957,-241.699,221.36,1,12
6,-14.1227,31.1883,-260.191,835.706,1,12
6,-15.6099,30.4711,-146.885,536.254,1,12
6,-15.7882,30.3791,-60.5051,598.103,1,12
6,-16.3172,30.0983,-87.1111,1446.22,1,12
6,-16.1968,30.1633,41.8097,126.107,1,12
6,-17.6674,29.3261,-177.161,89.5547,1,12
6,-19.6175,28.0591,-40.3515,466.235,1,12
6,-23.2482,25.1332,-111.294,552.614,1,12
6,-24.6227,23.7883,-135.811,134.808,1,12
6,-25,23.3914,-43.5963,252.137,1,12
6,-26.6114,21.5405,-107.459,878.445,1,12
6,-26.9247,21.1475,-93.3558,601.617,1,12
6,-28.5921,18.8321,-182.058,408.245,1,12
6,-29.6867,17.0547,-48.854,311.358,1,12
6,-30.2433,16.0469,-120.427,3678.35,1,12
6,-30.7215,15.1112,91.9747,396.483,1,12
6,-31.7732,12.7523,-192.49,5260.25,1,12
6,-31.8038,12.6759,-152.84,649.87,1,12
6,-32.8912,9.50415,-118.574,38.3525,1,12
6,-32.995,9.13715,-118.358,66.897,1,12
6,-33.1431,8.58453,-119.207,72.1038,1,12
6,-33.4926,7.09959,-239.681,71.8293,1,12
6,-34.8078,-0.0969295,131.465,289.361,0,13
6,-34.807,-0.248354,177.384,235.805,0,13
6,-34.5759,-4.01193,-85.4491,97.513,0,13
6,-34.1563,-6.70364,78.6251,183.575,0,13
6,-31.2086,-15.4148,205.464,267.064,0,13
6,-31.1417,-15.5494,-80.1214,218.705,0,13
6,-31.1435,-15.5458,106.518,343.33,0,13
6,-30.91,-16.005,185.563,209.748,0,13
6,-30.7608,-16.29,96.2546,783.963,0,13
6,-26.8915,-22.1006,160.714,60.9988,0,13
6,-26.7632,-22.2558,271.568,811.743,0,13
6,-26.3006,-22.8006,-79.1294,558.156,0,13
6,-25.4255,-23.7725,27.2814,277.341,0,13
6,-25.0969,-24.1192,294.967,735.719,0,13
6,-23.2875,-25.8705,-32.9369,589.039,0,13
6,-19.244,-29.0045,-79.5316,573.975,0,13
6,-19.2716,-28.9861,13.9324,173.06,0,13
6,-17.9145,-29.8439,-57.7711,1071.59,0,13
6,-13.4917,-32.0868,278.992,287.346,0,13
6,-12.9626,-32.3042,-84.2492,273.119,0,13
6,-8.64104,-33.7183,159.076,26.111,0,13
6,-7.66785,-33.9528,59.3061,1143.21,0,13
6,-5.71131,-34.3361,40.0642,148.608,0,13
6,-5.395,-34.3873,131.537,171.289,0,13
6,-3.71901,-34.6087,195.572,244.007,0,13
6,-2.94623,-34.683,152.519,777.957,0,13
6,-2.15045,-34.7414,71.6264,1675.99,0,13
6,-1.84785,-34.7588,-72.4879,185.713,0,13
6,-1.72787,-34.765,-105.132,619.508,0,13
6,-1.69144,-34.7668,131.141,632.722,0,13
6,0.884777,-34.7967,51.0864,266.435,0,13
6,1.90444,-34.7558,-98.54,219.114,0,13
6,2.72307,-34.7012,175.947,109.488,0,13
6,4.98352,-34.4493,207.521,683.253,0,13
6,5.81272,-34.3191,-48.2822,377.661,0,13
6,5.82422,-34.3172,266.917,178.108,0,13
6,5.94847,-34.2959,292.733,220.141,0,13
6,8.21976,-33.8234,-76.3882,1346.55,0,13
6,9.3549,-33.5272,105.897,407.853,0,13
6,10.1291,-33.3015,-74.0822,179.174,0,13
6,10.1958,-33.2812,-13.7641,764.508,0,13
6,11.3638,-32.9007,192.268,178.902,0,13
6,11.4448,-32.8726,173.775,614.359,0,13
6,12.0069,-32.6715,248.261,265.514,0,13
6,15.8021,-31.0143,-94.1339,535.882,0,13
6,24.2869,-24.9346,113.813,234.241,0,13
6,24.9771,-24.2432,113.499,192.579,0,13
6,25.9851,-23.1595,188.076,461.814,0,13
6,28.3865,-20.1444,92.3203,1301.07,0,13
6,30.8304,-16.1578,220.003,761.476,0,13
6,31.5781,-14.643,-94.0359,585.197,0,13
6,31.9236,-13.8734,-36.8809,233.963,0,13
6,33.1749,-10.5363,-55.2235,234.447,0,13
6,33.7676,-8.4462,-94.4214,648.321,0,13
6,34.4339,-5.08872,173.994,349.778,0,13
6,34.6205,-3.60689,121.699,1023.58,0,13
6,34.6717,-3.07669,-67.351,1358.04,0,13
6,34.742,-2.14111,275.455,423.561,0,13
6,34.7567,-1.88765,-31.3415,499.394,0,13
6,34.7856,-1.24614,268.533,2579.39,0,13
6,34.8074,-0.177604,60.6474,228.376,0,13
6,34.7915,1.06907,77.158,924.669,0,13
6,34.2297,6.31804,135.13,372.385,0,13
6,34.2173,6.38461,291.099,633.596,0,13
6,34.1132,6.91966,167.664,584.305,0,13
6,33.8697,8.02722,-68.0986,2030.23,0,13
6,33.8471,8.12168,142.552,322.531,0,13
6,33.2213,10.3892,136.811,270.93,0,13
6,33.0452,10.9363,34.0643,485.815,0,13
6,32.85,11.5094,37.388,13,0,13
6,31.5943,14.608,23.0479,479.025,0,13
6,31.1057,15.6213,218.87,322.942,0,13
6,30.7961,16.2231,-103.687,469.631,0,13
6,28.5572,19.9016,-68.0662,161.755,0,13
6,27.7632,20.9951,126.783,246.29,0,13
6,25.6194,23.5635,198.657,55.7863,0,13
6,25.6194,23.5635,279.465,148.01,0,13
6,22.2261,26.7879,-92.3369,546.463,0,13
6,18.8482,29.2632,-92.4077,348.636,0,13
6,15.3792,31.2261,-54.5019,1452.09,0,13
6,15.2823,31.2737,257.14,545.302,0,13
6,14.642,31.5785,58.0191,289.333,0,13
6,13.3457,32.1478,-101.819,1339.18,0,13
6,12.2454,32.5828,174.267,373.256,0,13
6,7.91185,33.8968,150.043,36.2821,0,13
6,6.6486,34.167,-51.2489,1248.6,0,13
6,1.55367,34.7732,136.172,245.503,0,13
6,-0.696179,34.8009,-59.9584,831.616,0,13
6,-1.66347,34.7681,-61.8618,250.705,0,13
6,-3.32297,34.6489,217.281,995.474,0,13
6,-4.20476,34.553,304.197,232.633,0,13
6,-4.54179,34.5103,-68.8406,349.192,0,13
6,-4.57835,34.5055,142.378,77.2259,0,13
6,-4.7191,34.4865,281.499,283.745,0,13
6,-6.11612,34.2664,-103.206,246.433,0,13
6,-7.74213,33.936,-90.8306,574.819,0,13
6,-7.65285,33.9562,140.95,57.5649,0,13
6,-10.1795,33.2862,-9.39033,284.624,0,13
6,-11.1109,32.9869,234.694,2233.94,0,13
6,-11.1427,32.9762,151.444,11.2183,0,13
6,-11.7201,32.7755,150.193,253.133,0,13
6,-13.2621,32.1824,-43.9277,494.289,0,13
6,-14.3552,31.7099,227.583,401.304,0,13
6,-15.9039,30.9621,299.466,1547.99,0,13
6,-15.8039,31.0133,-31.2803,515.749,0,13
6,-16.8222,30.473,-45.9659,188.539,0,13
6,-16.97,30.3909,292.146,942.901,0,13
6,-20.4494,28.1675,147.437,343.049,0,13
6,-20.4851,28.1416,9.32667,372.965,0,13
6,-22.5689,26.4997,210.458,865.076,0,13
6,-23.3704,25.7956,247.477,1722.74,0,13
6,-23.1355,26.0065,-50.4653,2480.12,0,13
6,-22.6171,26.4586,194.713,351.558,0,13
6,-23.2783,25.8787,1.65048,1264.35,0,13
6,-23.5822,25.6021,77.3073,199.384,0,13
6,-23.9599,25.249,99.0408,484.22,0,13
6,-24.316,24.9062,52.6678,326.366,0,13
6,-25.0419,24.1763,-59.3534,73.2774,0,13
6,-26.3295,22.7673,-92.7413,195.389,0,13
6,-26.8897,22.1028,212.395,273.867,0,13
6,-27.8801,20.8397,-68.1928,1304.15,0,13
6,-29.3743,18.6747,-49.6951,782.685,0,13
6,-30.8056,16.2051,274.645,2077.99,0,13
6,-30.6858,16.4309,-0.941083,874.436,0,13
6,-31.4827,14.8468,281.369,175.498,0,13
6,-32.8258,11.5783,-64.7402,311.665,0,13
6,-32.845,11.5238,139.976,507.246,0,13
6,-34.1515,6.72801,98.9219,708.097,0,13
6,-34.8078,0.0969589,131.541,61.7797,0,13
6,-34.7987,-0.799396,101.815,308.611,1,13
6,-34.7804,-1.38315,-169.215,413.995,1,13
6,-34.7494,-2.01768,-125.203,3271.98,1,13
6,-34.6365,-3.45038,-62.1157,2081.81,1,13
6,-34.5271,-4.41249,-188.362,1353.56,1,13
6,-34.5189,-4.47627,53.0172,86.4022,1,13
6,-34.4718,-4.82562,-93.6996,199.601,1,13
6,-33.1265,-10.6877,-175.241,1456.82,1,13
6,-32.3387,-12.8764,-170.074,1037.95,1,13
6,-32.1637,-13.3074,-206.972,305.722,1,13
6,-32.1605,-13.3151,-261.65,655.201,1,13
6,-32.0994,-13.4618,-130.659,574.854,1,13
6,-30.936,-15.9547,-210.919,1300.2,1,13
6,-30.9742,-15.8805,-149.613,174.031,1,13
6,-26.8529,-22.1476,-288.392,2895.45,1,13
6,-25.3755,-23.8259,-103.748,316.655,1,13
6,-23.5896,-25.5954,89.8659,219.802,1,13
6,-20.5444,-28.0984,-166.84,362.318,1,13
6,-18.8433,-29.2664,-67.1371,1171.66,1,13
6,-17.6403,-30.0068,-175.668,320.767,1,13
6,-14.4485,-31.6675,61.5064,335.64,1,13
6,-12.2119,-32.5954,-109.239,367.32,1,13
6,-10.4514,-33.2018,-216.563,335.3,1,13
6,-3.61033,-34.6202,-182.095,559.708,1,13
6,-2.14423,-34.7418,-120.467,1221.65,1,13
6,-1.86169,-34.7581,-187.059,122.356,1,13
6,-1.60746,-34.7708,-257.8,279.227,1,13
6,-1.17409,-34.7881,-42.9843,626.01,1,13
6,3.91592,-34.5869,-218.301,362.825,1,13
6,5.0993,-34.4324,60.6065,870.544,1,13
6,7.81867,-33.9184,-157.714,389.568,1,13
6,7.78597,-33.9259,-269.092,60.5941,1,13
6,12.3424,-32.5462,-10.335,139.594,1,13
6,19.4379,-28.8749,-143.439,193.454,1,13
6,22.7389,-26.3539,68.7181,1773.17,1,13
6,23.1182,-26.0219,-146.822,300.876,1,13
6,23.2692,-25.887,84.0042,686.276,1,13
6,25.3972,-23.8028,-112.148,239.33,1,13
6,26.1835,-22.935,-198.167,549.074,1,13
6,27.1212,-21.8181,59.4445,323.272,1,13
6,28.0837,-20.5645,96.5004,1256.97,1,13
6,28.42,-20.0971,50.2359,81.9514,1,13
6,28.6421,-19.7793,49.956,14.1234,1,13
6,32.7005,-11.9276,-173.4,225.486,1,13
6,33.3855,-9.84881,-139.307,38.4049,1,13
6,33.4931,-9.47627,-139.132,60.8507,1,13
6,34.0935,-7.01604,-197.128,1331.12,1,13
6,34.2242,-6.34758,-293.182,195.77,1,13
6,34.4991,-4.62595,-143.663,447.94,1,13
6,34.8054,-0.416989,-216.702,332.654,1,13
6,34.6718,3.07476,68.3832,95.7407,1,13
6,34.6628,3.17474,-171.957,363.509,1,13
6,34.4768,4.78954,-297.811,389.53,1,13
6,34.4393,5.05252,-118.307,244.77,1,13
6,23.9368,25.2709,50.6631,3320.76,1,13
6,23.1184,26.0217,-300.637,1018,1,13
6,21.9233,27.0362,-144.102,156.83,1,13
6,20.7043,27.9807,59.3317,913.845,1,13
6,20.2946,28.2793,-157.699,56.319,1,13
6,13.8983,31.9128,-174.487,325.465,1,13
6,12.3055,32.5602,-60.8985,1226.46,1,13
6,8.72773,33.6959,-134.484,12.0139,1,13
6,7.5969,33.9688,-202.956,76.6683,1,13
6,7.5969,33.9688,-223.987,171.148,1,13
6,6.56954,34.1823,90.3922,255.353,1,13
6,5.73274,34.3326,-89.8485,84.4683,1,13
6,5.53101,34.3657,88.4173,109.897,1,13
6,4.90624,34.4604,-95.2231,264.199,1,13
6,4.69702,34.4895,-304.277,141.497,1,13
6,4.69119,34.4903,5.96901,260.383,1,13
6,0.926062,34.7956,-221.988,200.8,1,13
6,0.707783,34.8007,-183.914,214.873,1,13
6,-5.29593,34.4027,-300.969,1846.91,1,13
6,-9.47624,33.4931,-149.101,68.6298,1,13
6,-11.1125,32.9864,-152.613,171.549,1,13
6,-12.1843,32.6057,-240.945,115.697,1,13
6,-14.0168,31.8609,-259.402,1069.47,1,13
6,-15.6621,31.0852,-59.8499,436.337,1,13
6,-16.6008,30.5942,-147.299,1027.3,1,13
6,-19.0841,29.1099,-284.946,668.254,1,13
6,-19.9982,28.4897,-39.6395,142.594,1,13
6,-21.792,27.1422,-300.918,784.694,1,13
6,-23.5105,25.668,-110.191,856.982,1,13
6,-23.7715,25.4265,-168.153,663.773,1,13
6,-25.4272,23.7707,-42.8487,320.257,1,13
6,-25.9009,23.2537,-177.085,223.192,1,13
6,-27.0997,21.8449,-92.3221,573.478,1,13
6,-27.0253,21.9368,-106.555,2122.62,1,13
6,-27.7671,20.99,-55.3081,164.843,1,13
6,-29.1,19.0993,-181.843,607.156,1,13
6,-31.5,14.8101,-120.924,3415.24,1,13
6,-31.2581,15.3141,93.2941,899.878,1,13
6,-31.5078,14.7935,-280.388,502.079,1,13
6,-32.3228,12.9162,-151.478,497.938,1,13
6,-33.1667,10.5623,-117.074,1457.65,1,13
6,-35.3796,-0.0985195,130.638,151.975,0,14
6,-35.3791,-0.203488,177.039,92.9488,0,14
6,-35.3619,-1.12241,140.927,339.954,0,14
6,-35.101,-4.43184,133.918,1032.06,0,14
6,-35.0137,-5.07602,219.289,510.1,0,14
6,-34.6923,-6.94024,78.1463,1090.4,0,14
6,-31.7095,-15.6917,-80.7988,273.109,0,14
6,-31.6722,-15.7669,204.826,393.798,0,14
6,-31.6283,-15.8548,104.832,612.34,0,14
6,-31.6563,-15.7988,303.031,165.344,0,14
6,-30.3296,-18.2165,220.057,257.105,0,14
6,-29.2242,-19.9417,148.525,189.319,0,14
6,-27.1506,-22.6841,270.798,1098.54,0,14
6,-26.8972,-22.984,-79.6924,364.377,0,14
6,-25.7584,-24.2534,25.8485,1178.48,0,14
6,-24.5416,-25.4839,250.145,1463.99,0,14
6,-23.5505,-26.4026,198.029,455.532,0,14
6,-22.7423,-27.1019,186.94,540.94,0,14
6,-19.4345,-29.5639,-51.1185,204.001,0,14
6,-19.5772,-29.4696,12.901,333.51,0,14
6,-19.1485,-29.7499,-80.001,416.139,0,14
6,-18.3637,-30.2406,-38.1466,456.805,0,14
6,-18.0975,-30.4007,-59.0599,285.651,0,14
6,-13.2293,-32.8132,-84.8623,170.67,0,14
6,-12.964,-32.919,278.073,476.982,0,14
6,-7.4427,-34.588,58.2084,499.724,0,14
6,-5.62967,-34.9289,39.6202,58.6239,0,14
6,-4.57036,-35.0833,221,911.937,0,14
6,-3.70012,-35.1857,194.831,74.5944,0,14
6,-3.04216,-35.2487,122.12,594.639,0,14
6,-2.29027,-35.3055,71.274,502.891,0,14
6,4.98012,-35.0274,206.433,390.489,0,14
6,6.00901,-34.8657,266.09,180.507,0,14
6,8.44276,-34.3576,-76.9904,243.943,0,14
6,9.56988,-34.0608,104.893,626.192,0,14
6,10.2406,-33.8652,-15.8064,1357.69,0,14
6,11.6509,-33.4063,192.081,490.033,0,14
6,11.7533,-33.3704,172.912,516.301,0,14
6,12.3721,-33.146,247.554,102.729,0,14
6,14.6828,-32.1891,161.532,374.153,0,14
6,16.1633,-31.4718,-94.4812,401.678,0,14
6,17.0892,-30.9788,188.155,31.2064,0,14
6,20.7409,-28.6625,94.3803,2949.59,0,14
6,21.3838,-28.1861,201.921,172.951,0,14
6,24.3938,-25.6255,73.142,441.723,0,14
6,25.9821,-24.0136,112.103,2245.75,0,14
6,26.3344,-23.6267,187.314,567.507,0,14
6,26.44,-23.5085,248.471,1237.24,0,14
6,29.0338,-20.2179,92.1097,575.106,0,14
6,30.9774,-17.0916,223.409,837.448,0,14
6,31.2665,-16.5569,218.312,508.042,0,14
6,31.6274,-15.8565,303.946,235.575,0,14
6,32.0467,-14.991,-94.8763,257.411,0,14
6,33.7595,-10.5839,-55.9008,242.083,0,14
6,34.3313,-8.54914,181.231,324.502,0,14
6,34.6314,-7.23806,75.9244,858.309,0,14
6,34.7679,-6.55119,-6.32441,353.616,0,14
6,34.9819,-5.29079,173.197,282.692,0,14
6,35.1955,-3.60511,120.731,1258.68,0,14
6,35.2191,-3.36727,-67.9539,328.923,0,14
6,35.2501,-3.02526,-39.7148,769.32,0,14
6,35.2733,-2.74128,150.122,698.491,0,14
6,35.3159,-2.12349,273.996,1004.41,0,14
6,35.3696,-0.844455,79.4222,2468.41,0,14
6,35.3701,-0.825075,-40.4543,264.581,0,14
6,35.3781,-0.334913,268.967,2177.64,0,14
6,35.3775,0.392425,225.81,123.643,0,14
6,34.781,6.48112,134.095,91.8328,0,14
6,34.7912,6.42599,289.587,2269.83,0,14
6,34.5808,7.47597,167.898,579.219,0,14
6,33.7305,10.6759,136.353,416.664,0,14
6,32.1603,14.7459,-17.6322,366.937,0,14
6,32.1721,14.72,22.2604,143.588,0,14
6,31.3564,16.386,-104.593,265.907,0,14
6,31.3277,16.4407,-73.1679,211.321,0,14
6,29.0002,20.266,-68.8447,47.5892,0,14
6,28.0778,21.5258,126.124,226.135,0,14
6,25.9064,24.0952,-48.8821,233.71,0,14
6,25.2254,24.8073,199.639,36.1404,0,14
6,22.7013,27.1362,-93.3501,538.038,0,14
6,19.3649,29.6095,-93.8453,231.714,0,14
6,18.5628,30.1189,156.846,597.285,0,14
6,15.7346,31.6882,-55.067,2139.31,0,14
6,15.7395,31.6858,256.514,67.3263,0,14
6,14.0097,32.4877,147.24,561.604,0,14
6,13.6803,32.6278,-102.992,558.345,0,14
6,12.4991,33.0983,173.336,660.641,0,14
6,7.81283,34.5063,149.376,149.8,0,14
6,5.92179,34.8806,-51.3732,2441.3,0,14
6,1.64297,35.3415,135.351,279.468,0,14
6,-2.14975,35.3143,-59.5027,1603,0,14
6,-4.54363,35.0867,-69.3062,177.592,0,14
6,-4.56104,35.0845,141.085,797.317,0,14
6,-6.16416,34.8386,-103.979,348.365,0,14
6,-8.02787,34.4569,-91.6194,104.307,0,14
6,-8.46359,34.3525,-54.8282,326.454,0,14
6,-9.97735,33.9437,133.561,600.452,0,14
6,-12.1344,33.2337,149.304,419.413,0,14
6,-13.6363,32.6462,236.814,3130.36,0,14
6,-12.6452,33.0427,143.164,1260.09,0,14
6,-14.067,32.4629,-44.0631,311.593,0,14
6,-16.2908,31.406,239.106,825.464,0,14
6,-15.9953,31.5575,-32.8726,593.695,0,14
6,-17.3272,30.8462,296.836,2873.9,0,14
6,-17.3529,30.8318,290.242,613.142,0,14
6,-19.7938,29.3245,242.867,1000.44,0,14
6,-21.866,27.8137,245.256,3280.83,0,14
6,-20.8725,28.5668,7.60565,368.112,0,14
6,-22.4684,27.3293,-50.4524,2193.43,0,14
6,-24.0134,25.9823,76.0636,680.079,0,14
6,-24.4368,25.5845,-36.8514,603.373,0,14
6,-24.4188,25.6017,97.7023,190.159,0,14
6,-24.7244,25.3067,51.804,39.0415,0,14
6,-26.7463,23.1594,-93.6054,407.619,0,14
6,-27.2549,22.5586,211.113,169.403,0,14
6,-28.4657,21.0102,-68.7445,2385.3,0,14
6,-29.453,19.6021,-49.9069,1112.92,0,14
6,-32.2936,14.4516,274.172,3536.87,0,14
6,-32.0302,15.0262,280.467,184.015,0,14
6,-33.2927,11.9717,139.87,187.635,0,14
6,-33.352,11.8053,-65.3243,672.553,0,14
6,-35.1779,3.77329,-84.08,682.278,0,14
6,-35.3793,0.158264,130.745,167.281,0,14
6,-35.3735,-0.664283,-124.783,977.137,1,14
6,-35.3778,-0.366696,-65.0501,267.027,1,14
6,-35.3546,-1.33331,-168.921,337.955,1,14
6,-35.1325,-4.17526,-59.9146,1859.2,1,14
6,-35.1024,-4.42127,53.5203,175.391,1,14
6,-35.0348,-4.92821,-92.8465,297.389,1,14
6,-33.4194,-11.6133,-174.112,487.23,1,14
6,-33.3363,-11.8496,-138.5,678.468,1,14
6,-32.6978,-13.5122,-206.463,431.117,1,14
6,-25.8831,-24.1203,-102.906,401.053,1,14
6,-24.8073,-25.2254,-187.528,63.7306,1,14
6,-24.8073,-25.2254,-296.876,12.0433,1,14
6,-19.3623,-29.6112,-66.341,527.503,1,14
6,-17.9558,-30.4846,-175.471,405.275,1,14
6,-12.2343,-33.1971,-108.275,480.881,1,14
6,-8.59747,-34.3192,-139.605,304.9,1,14
6,-8.18133,-34.4208,-31.6446,754.592,1,14
6,-3.59281,-35.1968,-181.289,250.694,1,14
6,3.13409,-35.2406,50.5196,453.877,1,14
6,5.04173,-35.0186,62.4157,2438.61,1,14
6,5.59297,-34.9348,48.7296,109.592,1,14
6,7.91387,-34.4832,-157.14,28.2741,1,14
6,19.229,-29.698,-125.317,235.887,1,14
6,19.878,-29.2675,-144.08,189.919,1,14
6,23.0896,-26.8066,69.2805,1135.12,1,14
6,23.4127,-26.5248,-161.349,362.337,1,14
6,23.4869,-26.4592,85.0717,400.559,1,14
6,23.6369,-26.3252,-145.838,1012.6,1,14
6,25.3527,-24.6772,-268.838,2287.18,1,14
6,25.894,-24.1086,-111.199,766.814,1,14
6,27.5947,-22.1417,60.1902,163.523,1,14
6,28.5303,-20.9224,97.9074,147.238,1,14
6,28.5806,-20.8536,-109.396,834.606,1,14
6,29.0002,-20.2661,50.6282,83.8622,1,14
6,29.3348,-19.7786,-240.508,145.128,1,14
6,33.3679,-11.7603,-173.011,100.141,1,14
6,33.9438,-9.97692,-138.639,344.818,1,14
6,34.6668,-7.06668,-195.363,400.45,1,14
6,34.8073,-6.33821,-291.688,246.585,1,14
6,35.2463,3.06926,69.2615,376.514,1,14
6,35.2399,3.14254,-138.968,1011.12,1,14
6,35.1585,3.94976,-171.022,1044.25,1,14
6,35.1028,4.41785,-298.231,236.861,1,14
6,34.9944,5.20731,-117.558,355.557,1,14
6,34.8613,6.03441,-278.438,1834,1,14
6,34.5223,7.74186,-188.22,287.598,1,14
6,28.5415,20.9071,-106.245,241.067,1,14
6,27.9482,21.6938,67.5356,28.1803,1,14
6,24.329,25.687,50.9857,2419.7,1,14
6,24.3824,25.6364,48.684,11.8814,1,14
6,22.3106,27.4583,-142.781,703.057,1,14
6,12.3161,33.1668,-58.9164,529.446,1,14
6,8.49095,34.3457,-132.558,401.872,1,14
6,7.77233,34.5154,-222.852,301.305,1,14
6,6.39635,34.7967,91.0327,229.453,1,14
6,4.9058,35.0379,7.64836,528.258,1,14
6,4.90731,35.0377,-303.861,83.7146,1,14
6,1.06371,35.3637,-221.478,249.859,1,14
6,-5.01282,35.0228,-299.582,853.282,1,14
6,-11.4064,33.4905,-277.869,374.09,1,14
6,-12.2998,33.1728,-240.348,259.56,1,14
6,-15.4706,31.818,-58.8057,997.281,1,14
6,-16.8574,31.1055,41.8051,140.744,1,14
6,-17.2697,30.8785,-147.481,417.724,1,14
6,-18.1131,30.3914,-177.107,304.34,1,14
6,-19.4881,29.5286,-284.517,1841.57,1,14
6,-19.4506,29.5533,-286.7,11.0863,1,14
6,-20.36,28.9343,-38.7657,244.585,1,14
6,-23.7451,26.2277,-108.88,1097.04,1,14
6,-24.0893,25.9119,-167.605,225.577,1,14
6,-25.8694,24.135,-41.9699,487.661,1,14
6,-26.2758,23.6918,-176.51,185.481,1,14
6,-27.4556,22.3139,-91.2827,2523.63,1,14
6,-30.6722,17.6335,-48.4135,275.161,1,14
6,-31.7962,15.5154,95.1301,208.063,1,14
6,-31.967,15.1602,-280.071,36.319,1,14
6,-32.6869,13.5385,-121.32,4069.39,1,14
6,-32.841,13.1602,-150.001,547.454,1,14
6,-33.3999,11.6693,-115.999,2206.53,1,14
6,-35.3796,0.0985526,-124.673,233.647,1,14
6,-35.9508,-0.10011,129.82,13.0555,0,15
6,-35.7264,-4.01166,133.69,688.425,0,15
6,-35.62,-4.86653,219.019,1120.69,0,15
6,-34.647,-9.59458,278.17,62.0697,0,15
6,-33.7643,-12.3466,-7.57888,199.801,0,15
6,-32.2788,-15.8286,-81.6828,139.579,0,15
6,-32.2584,-15.8702,302.481,616.602,0,15
6,-32.1477,-16.0933,203.902,132.071,0,15
6,-32.1138,-16.1609,103.607,701.893,0,15
6,-31.9886,-16.4071,185.478,161.762,0,15
6,-31.819,-16.7337,94.1934,283.977,0,15
6,-28.2762,-22.2019,259.145,77.1003,0,15
6,-27.5185,-23.1343,272.708,11.5287,0,15
6,-26.2673,-24.5458,295.279,431.033,0,15
6,-26.0913,-24.7328,24.8467,84.9958,0,15
6,-25.9128,-24.9198,247.785,1610.97,0,15
6,-24.3285,-26.4687,-32.8074,203.75,0,15
6,-24.1012,-26.6758,197.508,193.231,0,15
6,-23.467,-27.2354,186.827,133.117,0,15
6,-19.9997,-29.8744,-51.228,44.1942,0,15
6,-19.8218,-29.9927,12.1849,109.199,0,15
6,-19.0211,-30.5068,-80.5994,418.77,0,15
6,-18.9653,-30.5415,-38.1364,357.32,0,15
6,-18.328,-30.9282,-59.856,395.214,0,15
6,-13.4806,-33.3278,-85.759,115.925,0,15
6,-7.29834,-35.2023,57.4025,319.843,0,15
6,-4.78527,-35.631,128.701,928.562,0,15
6,-3.13125,-35.8143,152.311,623.441,0,15
6,-3.14513,-35.8131,121.325,755.747,0,15
6,-2.1935,-35.8839,-73.0084,89.4577,0,15
6,-1.93499,-35.8988,130.699,273.238,0,15
6,1.8995,-35.9007,-99.0591,589.388,0,15
6,2.26758,-35.8793,175.904,374.751,0,15
6,5.48806,-35.5295,-48.5061,248.519,0,15
6,6.14866,-35.4212,265.304,147.241,0,15
6,8.71273,-34.8792,-77.6638,200.731,0,15
6,9.8232,-34.5828,104.182,462.741,0,15
6,10.3578,-34.4265,-75.3154,429.898,0,15
6,12.1095,-33.8501,171.653,1021.08,0,15
6,12.6576,-33.649,246.683,141.427,0,15
6,14.9703,-32.6857,160.91,105.396,0,15
6,17.466,-31.423,187.602,642.219,0,15
6,20.8435,-29.2919,92.6089,126.572,0,15
6,21.8514,-28.548,201.541,160.913,0,15
6,25.1079,-25.7306,52.0588,194.078,0,15
6,27.3903,-23.286,110.223,2425.98,0,15
6,26.9033,-23.847,247.682,325.772,0,15
6,29.6692,-20.3028,91.7259,622.941,0,15
6,31.3781,-17.5466,223.214,457.494,0,15
6,31.7108,-16.938,216.657,134.394,0,15
6,32.5238,-15.319,-95.7442,154.404,0,15
6,33.0025,-14.2584,-36.9455,440.719,0,15
6,35.176,-7.42401,74.3891,556.425,0,15
6,35.5062,-5.63696,172.344,539.406,0,15
6,35.764,-3.66107,-68.7357,905.494,0,15
6,35.889,-2.10865,81.1547,2186.01,0,15
6,35.8518,-2.66713,149.585,2247.31,0,15
6,35.8493,-2.70089,152.716,11.3071,0,15
6,35.8915,-2.06532,272.239,594.838,0,15
6,35.9017,-1.88113,-31.876,540.547,0,15
6,35.9342,-1.09668,-40.5624,88.996,0,15
6,35.9456,0.620041,225.409,591.675,0,15
6,35.9396,0.902293,269.502,422.045,0,15
6,35.3604,6.48912,288.022,877.826,0,15
6,35.3043,6.78792,133.388,337.32,0,15
6,35.1347,7.6172,-72.0138,360.225,0,15
6,35.0644,7.93446,168.207,574.15,0,15
6,34.2469,10.9369,135.902,192.909,0,15
6,32.7287,14.8762,21.4707,2164.57,0,15
6,32.1538,16.0811,218.749,558.542,0,15
6,31.8146,16.742,-73.8067,434.432,0,15
6,29.361,20.746,-69.3414,272.891,0,15
6,28.4245,22.0117,125.518,447.944,0,15
6,28.1895,22.3118,278.616,1712.31,0,15
6,26.3247,24.4843,-48.7416,128.929,0,15
6,26.3247,24.4843,197.816,339.26,0,15
6,25.7727,25.0647,199.514,30.2896,0,15
6,23.3352,27.3485,-94.0292,331.042,0,15
6,19.8424,29.9791,-95.4665,623.229,0,15
6,18.6372,30.7428,157.055,312.471,0,15
6,16.2445,32.0715,-56.0644,2113.72,0,15
6,16.1917,32.0982,255.675,192.946,0,15
6,14.9172,32.71,54.8978,777.911,0,15
6,14.0511,33.0913,-104.061,704.876,0,15
6,12.7991,33.5954,172.083,468.227,0,15
6,7.82936,35.088,148.662,266.491,0,15
6,5.29824,35.5583,-51.6605,2109.47,0,15
6,-1.94823,35.8981,-62.2734,534.204,0,15
6,-3.53764,35.7764,-59.1288,1476.26,0,15
6,-3.76208,35.7535,216.904,894.486,0,15
6,-4.42445,35.6776,303.585,425.132,0,15
6,-4.56199,35.6603,139.831,232.826,0,15
6,-6.18471,35.4149,-104.906,811.928,0,15
6,-7.76483,35.1023,140.619,103.815,0,15
6,-8.21153,35.0005,-92.3212,94.321,0,15
6,-8.45742,34.9419,-55.2038,365.091,0,15
6,-10.3558,34.4271,131.396,533.885,0,15
6,-10.896,34.26,-9.487,903.479,0,15
6,-12.455,33.7245,148.507,589.861,0,15
6,-12.7768,33.6039,142.395,1329.79,0,15
6,-14.1046,33.0685,158.686,674.393,0,15
6,-14.638,32.8359,227.447,69.7896,0,15
6,-16.1752,32.1066,-34.7725,568.272,0,15
6,-18.1106,31.056,240.85,2904.24,0,15
6,-17.8271,31.2196,-45.9335,495.411,0,15
6,-17.7204,31.2803,288.97,392.699,0,15
6,-18.8748,30.5975,294.133,1341.82,0,15
6,-20.7342,29.3694,147.164,250.022,0,15
6,-21.2756,28.9796,6.26481,341.199,0,15
6,-22.7637,27.8259,210.171,924.415,0,15
6,-23.3879,27.3033,194.667,329.728,0,15
6,-24.6344,26.1843,-37.2637,303.475,0,15
6,-24.9507,25.883,96.4555,587.163,0,15
6,-26.0902,24.7339,-59.0874,1462.26,0,15
6,-26.5958,24.1895,120.916,17.1404,0,15
6,-27.1632,23.5506,-94.4664,224.032,0,15
6,-27.6271,23.0046,209.475,267.126,0,15
6,-28.9981,21.2503,-50.2627,1654.43,0,15
6,-29.0657,21.1579,-69.3397,2596.27,0,15
6,-29.1879,20.9889,-39.8065,503.243,0,15
6,-31.7228,16.9154,-2.69162,259.213,0,15
6,-32.6038,15.148,279.775,243.781,0,15
6,-33.9606,11.796,273.54,8082.97,0,15
6,-35.2361,7.13328,97.0221,359.486,0,15
6,-35.8017,3.27162,-83.7218,501.798,0,15
6,-35.9501,0.237292,130.13,304.831,0,15
6,-35.949,-0.372791,104.155,227.023,1,15
6,-35.9483,-0.429012,-63.4654,70.6159,1,15
6,-35.9122,-1.66669,-305.702,310.862,1,15
6,-35.684,-4.37259,54.3596,352.19,1,15
6,-35.6359,-4.74868,-188.182,195.028,1,15
6,-35.5859,-5.11015,-57.3542,875.5,1,15
6,-35.5966,-5.03488,-91.4771,828.166,1,15
6,-35.4988,-5.68327,-305.243,126.201,1,15
6,-33.897,-11.9774,-138.169,327.028,1,15
6,-33.797,-12.2568,-172.9,6045.65,1,15
6,-33.2213,-13.741,-205.575,786.275,1,15
6,-33.2344,-13.7093,-261.031,380.607,1,15
6,-32.001,-16.383,-210.633,637.515,1,15
6,-31.883,-16.6115,-149.035,304.133,1,15
6,-26.4224,-24.3788,-102.001,319.561,1,15
6,-25.2078,-25.6326,-187.04,51.9013,1,15
6,-24.6305,-26.1879,89.812,12.0277,1,15
6,-21.0828,-29.1202,-169.252,11.6915,1,15
6,-14.9732,-32.6844,61.5388,663.026,1,15
6,-12.2839,-33.7872,-107.432,347.029,1,15
6,-10.4539,-34.3974,-216.403,163.759,1,15
6,-8.89505,-34.8331,-138.642,253.252,1,15
6,-8.17606,-35.0088,-30.8783,45.4772,1,15
6,-3.25246,-35.8035,-117.65,1448.72,1,15
6,-3.5248,-35.7777,-180.394,375.219,1,15
6,-2.21568,-35.8826,-186.805,760.419,1,15
6,-1.53614,-35.9181,-42.2595,261.655,1,15
6,-1.50225,-35.9195,-256.968,485.751,1,15
6,3.15593,-35.8121,51.1529,256.84,1,15
6,4.24557,-35.6993,-218.234,279.224,1,15
6,5.07716,-35.5906,64.2125,1015.49,1,15
6,5.68327,-35.4988,48.9314,120.18,1,15
6,19.6649,-30.0958,-124.693,370.454,1,15
6,23.7302,-27.0064,85.9044,330.427,1,15
6,25.7806,-25.0565,-268.339,1366.47,1,15
6,26.4173,-24.3842,-110.31,278.03,1,15
6,26.983,-23.7568,-197.924,765.198,1,15
6,28.0917,-22.4349,60.8738,178.06,1,15
6,28.9593,-21.3032,98.9316,697.778,1,15
6,29.1054,-21.1032,-108.008,667.764,1,15
6,34.0289,-11.5974,-172.507,258.011,1,15
6,35.8337,2.90051,70.0527,45.3018,1,15
6,35.8337,2.90051,-136.886,176.03,1,15
6,33.3116,13.5206,84.895,652.14,1,15
6,32.4087,15.561,0.931568,689.133,1,15
6,31.8919,16.5944,-238.595,120.945,1,15
6,31.272,17.7349,-78.9801,1580.29,1,15
6,30.4056,19.1825,-88.2825,932.451,1,15
6,30.0715,19.7021,-38.5967,236.977,1,15
6,29.7595,20.1703,-209.13,1035.78,1,15
6,28.9662,21.2939,-104.555,394.641,1,15
6,28.3463,22.1123,68.2042,185.768,1,15
6,27.1281,23.5909,61.8629,236.451,1,15
6,26.9099,23.8395,-63.8923,132.86,1,15
6,24.723,26.1006,51.1742,1015.25,1,15
6,23.7448,26.9936,-300.031,751.262,1,15
6,22.6924,27.8841,-142.05,456.097,1,15
6,21.7105,28.6552,60.8281,485.047,1,15
6,14.5825,32.8606,-173.094,837.587,1,15
6,8.49587,34.9326,-221.272,360.122,1,15
6,8.41501,34.9522,-131.619,390.418,1,15
6,7.65173,35.1272,-143.72,728.151,1,15
6,7.21089,35.2203,-199.881,565.229,1,15
6,5.58192,35.5149,88.2924,161.093,1,15
6,5.11013,35.5859,9.12479,280.127,1,15
6,0.639208,35.9452,-183.356,200.078,1,15
6,-4.7298,35.6384,-298.218,1001.54,1,15
6,-9.78742,34.593,-148.66,35.2774,1,15
6,-11.5685,34.0388,-151.836,521.679,1,15
6,-11.714,33.989,-277.38,399.228,1,15
6,-12.3608,33.7591,-239.981,193.495,1,15
6,-14.106,33.0679,-258.144,1249.01,1,15
6,-18.148,31.0341,-147.753,771.941,1,15
6,-20.9695,29.2018,-92.0427,1237.86,1,15
6,-20.7234,29.377,-37.4578,418.207,1,15
6,-24.0499,26.7221,-107.582,1035.78,1,15
6,-26.2972,24.5138,-41.2912,382.585,1,15
6,-26.5973,24.1878,-175.808,94.7919,1,15
6,-27.7664,22.8363,-90.1244,932.093,1,15
6,-27.8946,22.6795,-104.71,1920.43,1,15
6,-28.8752,21.417,-55.044,222.103,1,15
6,-30.0924,19.6702,-181.508,249.728,1,15
6,-31.1247,17.9923,-47.7932,187.323,1,15
6,-32.3095,15.7659,96.8065,28.2203,1,15
6,-32.4332,15.5098,-279.735,93.7885,1,15
6,-33.3648,13.3886,-114.308,3028.05,1,15
6,-33.3457,13.4363,-148.018,957.31,1,15
6,-33.85,12.1098,-121.789,4137.65,1,15
6,-35.8337,2.90054,-124.009,643.274,1,15
6,-36.5219,-0.22117,176.569,296.316,0,16
6,-36.5105,-0.940693,140.702,411.666,0,16
6,-35.7972,-7.24294,77.7181,2680.56,0,16
6,-32.8233,-16.0165,301.848,87.8501,0,16
6,-32.594,-16.4782,102.092,253.698,0,16
6,-32.3334,-16.9839,93.3569,476.454,0,16
6,-30.2333,-20.4902,148.326,675.112,0,16
6,-27.9215,-23.5433,268.68,659.847,0,16
6,-27.1612,-24.4166,295.527,663.249,0,16
6,-26.4843,-25.1492,23.8133,419.861,0,16
6,-25.2646,-26.3742,-32.6511,337.451,0,16
6,-20.5993,-30.159,-51.2323,872.685,0,16
6,-20.013,-30.5513,11.3677,192.576,0,16
6,-19.5741,-30.8343,-38.2161,500.136,0,16
6,-18.9147,-31.2432,-81.2815,474.754,0,16
6,-13.8303,-33.8027,-86.6954,114.322,0,16
6,-9.74718,-35.1979,155.442,40.3451,0,16
6,-7.21673,-35.8025,56.5883,452.026,0,16
6,-4.56136,-36.2366,218.942,1106.89,0,16
6,-3.77217,-36.3273,193.885,243.165,0,16
6,-3.23062,-36.3794,120.626,123.647,0,16
6,-2.54305,-36.434,70.5494,1510.67,0,16
6,-2.32606,-36.4485,-73.5148,156.455,0,16
6,-2.21632,-36.4553,130.227,179.542,0,16
6,1.89114,-36.4736,-99.5635,644.705,0,16
6,1.93489,-36.4713,175.832,388.057,0,16
6,5.05521,-36.1711,-48.8704,540.496,0,16
6,5.00398,-36.1782,203.5,747.238,0,16
6,5.92571,-36.0387,291.536,107.975,0,16
6,6.39077,-35.9591,264.435,274.582,0,16
6,10.0875,-35.1019,103.243,434.075,0,16
6,10.3777,-35.0172,-76.0597,209.147,0,16
6,12.2111,-34.4208,191.657,513.815,0,16
6,12.4718,-34.3272,170.157,394.57,0,16
6,12.949,-34.15,245.281,862.482,0,16
6,15.2813,-33.172,160.284,161.555,0,16
6,16.7856,-32.4368,-94.8195,293.414,0,16
6,17.7776,-31.9039,186.755,143.702,0,16
6,20.9442,-29.9206,91.2384,561.06,0,16
6,25.2314,-26.406,72.7845,164.255,0,16
6,25.4632,-26.1825,51.6525,39.1938,0,16
6,27.083,-24.5033,186.493,418.641,0,16
6,27.227,-24.3431,218.024,749.552,0,16
6,27.439,-24.104,246.871,166.143,0,16
6,28.7329,-22.5459,108.482,2211.53,0,16
6,32.1047,-17.4123,215.41,658.778,0,16
6,32.8113,-16.0411,304.307,766.546,0,16
6,34.879,-10.8331,-56.75,143.991,0,16
6,35.7223,-7.60366,73.0271,1639.32,0,16
6,35.7287,-7.57359,75.548,12.4078,0,16
6,35.8446,-7.00455,-6.3794,311.425,0,16
6,36.0525,-5.84076,171.312,899.851,0,16
6,36.1031,-5.51943,-56.6006,231.658,0,16
6,36.3695,-3.34081,82.7472,5141.48,0,16
6,36.3084,-3.94947,-69.5228,436.178,0,16
6,36.3874,-3.14015,-39.8302,767.076,0,16
6,36.4379,-2.48594,148.963,936.591,0,16
6,36.4661,-2.0299,270.877,586.236,0,16
6,36.4769,-1.82599,-32.5501,491.887,0,16
6,36.4523,2.26532,270.164,3125.35,0,16
6,35.9285,6.56086,286.555,659.642,0,16
6,35.6977,7.71849,-69.7899,2698.3,0,16
6,35.709,7.66617,-72.554,188.235,0,16
6,34.7474,11.2479,135.42,388.344,0,16
6,33.2566,15.0963,20.428,12.028,0,16
6,32.7026,16.2616,218.712,258.379,0,16
6,32.4584,16.7438,-105.447,105.276,0,16
6,32.2961,17.0548,-74.6458,168.24,0,16
6,29.4211,21.6402,278.101,3121.14,0,16
6,28.8433,22.4045,124.876,557.152,0,16
6,27.0187,24.5741,167.556,18.1753,0,16
6,26.1513,25.4953,-48.7085,105.291,0,16
6,26.1825,25.4632,199.524,111.086,0,16
6,23.9351,27.5864,-95.2076,1178.42,0,16
6,20.3223,30.3464,-96.619,265.236,0,16
6,18.6676,31.3914,157.317,1129.34,0,16
6,16.6631,32.4999,255.087,434.86,0,16
6,15.0617,33.2723,53.3586,481.928,0,16
6,14.418,33.5562,-105.235,1565.65,0,16
6,13.1324,34.0799,170.722,383.847,0,16
6,7.86212,35.6663,147.811,391.997,0,16
6,1.83497,36.4765,134.109,236.544,0,16
6,-2.13487,36.4602,-62.9015,28.2341,0,16
6,-3.95207,36.3081,216.623,255.942,0,16
6,-5.01603,36.1765,-58.7246,1247.21,0,16
6,-4.58898,36.2332,-69.8467,346.395,0,16
6,-4.48305,36.2464,138.749,969.089,0,16
6,-4.48778,36.2458,280.961,117.874,0,16
6,-10.7191,34.9142,130.192,183.664,0,16
6,-11.4006,34.6977,-9.57262,1314.38,0,16
6,-12.7435,34.2272,141.728,688.189,0,16
6,-12.7647,34.2194,147.539,376.658,0,16
6,-14.6157,33.4706,227.34,29.0987,0,16
6,-15.0206,33.2909,-44.1989,1025.77,0,16
6,-18.0853,31.7305,287.555,1083.67,0,16
6,-18.4511,31.5192,-45.8996,417.355,0,16
6,-20.3636,30.3187,291.705,3615.45,0,16
6,-20.6752,30.1071,146.995,221.538,0,16
6,-21.8784,29.2444,-50.5257,810.746,0,16
6,-21.67,29.3992,4.86416,404.561,0,16
6,-22.8609,28.483,209.836,747.171,0,16
6,-24.9351,26.686,-2.78791,206.767,0,16
6,-25.077,26.5527,73.2041,235.331,0,16
6,-25.4515,26.1939,95.2257,792.996,0,16
6,-25.5073,26.1396,-74.8685,46.3573,0,16
6,-27.2374,24.3315,120.37,69.6756,0,16
6,-27.5393,23.9893,-95.2012,565.464,0,16
6,-28.027,23.4177,208.282,214.813,0,16
6,-28.522,22.8122,-50.6908,1520.43,0,16
6,-29.3125,21.7871,-39.8644,120.619,0,16
6,-29.6545,21.3193,-69.8576,3910.19,0,16
6,-32.2611,17.1209,-3.84202,1767.92,0,16
6,-33.1616,15.3039,278.933,837.062,0,16
6,-34.2177,12.769,139.798,223.616,0,16
6,-34.41,12.2414,-65.9724,463.271,0,16
6,-35.795,7.25371,272.578,9600.19,0,16
6,-35.7552,7.44734,96.324,30.111,0,16
6,-36.5213,0.311245,129.214,296.917,0,16
6,-36.5223,-0.151936,105.237,236.573,1,16
6,-36.5194,-0.484739,-61.978,381.55,1,16
6,-36.5018,-1.23369,-168.654,449.136,1,16
6,-36.4868,-1.61613,-305.068,450.969,1,16
6,-36.2767,-4.23085,55.1145,400.859,1,16
6,-36.1553,-5.16643,-90.193,327.764,1,16
6,-36.097,-5.55965,-55.5594,2040.84,1,16
6,-36.1172,-5.42679,-305.732,463.763,1,16
6,-34.5277,-11.9055,-169.276,1118.42,1,16
6,-34.4451,-12.1422,-137.789,376.263,1,16
6,-34.0786,-13.1358,-172.121,775.186,1,16
6,-33.7974,-13.8432,-260.207,243.848,1,16
6,-33.7425,-13.9766,-204.866,148.064,1,16
6,-32.3224,-17.0048,-148.765,103.432,1,16
6,-26.8889,-24.7161,-101.168,575.899,1,16
6,-21.3104,-29.6609,-166.241,234.278,1,16
6,-20.079,-30.508,-65.5698,176.575,1,16
6,-18.5654,-31.452,-175.297,99.9316,1,16
6,-15.232,-33.1947,61.6022,632.29,1,16
6,-12.3611,-34.3672,-106.616,465.737,1,16
6,-10.2421,-35.0571,-216.342,383.323,1,16
6,-8.22311,-35.5848,-30.2069,492.858,1,16
6,-3.97665,-36.3055,-116.282,699.382,1,16
6,-3.45847,-36.3585,-179.602,309.984,1,16
6,-2.38752,-36.4445,-186.657,683.532,1,16
6,-1.92022,-36.4721,-41.7388,141.151,1,16
6,-1.35677,-36.4974,-256.125,194.229,1,16
6,3.16245,-36.3854,51.7968,313.247,1,16
6,5.06133,-36.1702,66.2586,527.504,1,16
6,5.73976,-36.0688,49.1185,998.834,1,16
6,12.2682,-34.4005,-9.35829,92.3057,1,16
6,20.5859,-30.1682,-144.792,72.7718,1,16
6,23.7979,-27.7049,69.9993,475.769,1,16
6,24.0247,-27.5084,86.832,528.941,1,16
6,24.3309,-27.238,-160.942,268.881,1,16
6,24.4716,-27.1116,-144.704,689.993,1,16
6,26.2361,-25.408,-267.853,1506.96,1,16
6,27.1262,-24.4555,-108.805,602.649,1,16
6,28.6317,-22.6743,61.5329,178.275,1,16
6,29.4019,-21.6663,99.9284,535.801,1,16
6,29.5873,-21.4124,-106.958,533.309,1,16
6,34.9965,-10.4473,-138.111,96.7347,1,16
6,34.3216,12.4871,-63.4103,291.437,1,16
6,33.8811,13.6372,84.6581,2787.3,1,16
6,32.9435,15.7678,2.34178,772.909,1,16
6,32.6651,16.3368,-202.013,61.6989,1,16
6,31.3442,18.7468,-77.2936,521.69,1,16
6,30.8719,19.5148,-86.7501,402.214,1,16
6,30.5973,19.9426,-37.9133,200.142,1,16
6,30.4399,20.182,-208.619,429.194,1,16
6,29.483,21.5559,-103.483,736.303,1,16
6,28.8365,22.4134,69.1271,250.047,1,16
6,27.4984,24.0362,62.8329,423.941,1,16
6,27.4771,24.0606,-63.4134,142.545,1,16
6,25.4721,26.1739,-157.722,349.586,1,16
6,25.1346,26.4982,51.3532,2763.75,1,16
6,23.9876,27.5408,-299.531,951.899,1,16
6,23.0913,28.2965,-140.428,649.259,1,16
6,21.1754,29.7574,-157.573,286.268,1,16
6,14.9232,33.3346,-172.342,409.615,1,16
6,9.15767,35.3559,-219.708,14.0816,1,16
6,8.18511,35.5936,-130.128,680.639,1,16
6,7.03091,35.8395,-198.367,310.038,1,16
6,6.21962,35.9891,92.2337,194.559,1,16
6,5.27733,36.1393,10.4996,506.144,1,16
6,5.18606,36.1525,-303.319,154.586,1,16
6,1.33272,36.4983,-220.867,342.704,1,16
6,0.556527,36.5184,-182.712,51.3279,1,16
6,-4.38154,36.2588,-296.966,776.597,1,16
6,-11.7868,34.5684,-151.087,801.814,1,16
6,-12.3105,34.3853,-239.32,353.178,1,16
6,-14.1599,33.666,-257.619,1792.73,1,16
6,-15.2419,33.1901,-57.3242,1976.36,1,16
6,-17.5165,32.048,41.8652,683.554,1,16
6,-18.4218,31.5363,-177.11,429.277,1,16
6,-18.8931,31.2562,-148.018,852.786,1,16
6,-21.1268,29.7919,-36.269,220.323,1,16
6,-22.814,28.5206,-94.244,5146.13,1,16
6,-24.2826,27.281,-105.935,783.195,1,16
6,-24.3432,27.227,-300.531,766.991,1,16
6,-24.7909,26.82,-167.069,208.131,1,16
6,-25.4751,26.171,-134.337,513.269,1,16
6,-26.7378,24.8796,-40.5301,358.745,1,16
6,-26.8965,24.7078,-175.395,459.931,1,16
6,-27.8193,23.664,-88.8353,244.71,1,16
6,-28.2973,23.0903,-103.897,866.545,1,16
6,-29.4702,21.5734,-54.695,445.267,1,16
6,-32.98,15.6914,-111.759,3344.11,1,16
6,-32.8067,16.0506,-279.435,118.79,1,16
6,-32.9452,15.7643,98.0861,152.694,1,16
6,-33.8603,13.6886,-146.742,416.689,1,16
6,-34.8473,10.9347,-122.238,2834.33,1,16
6,-35.1979,9.74718,-122.424,56.3728,1,16
6,-35.3559,9.15767,-122.646,100.25,1,16
6,-36.5225,0.101733,105.076,15.111,1,16
6,-37.0932,-0.186505,176.017,400.697,0,17
6,-36.8826,-3.95157,133.309,636.778,0,17
6,-36.8125,-4.55838,218.581,129.518,0,17
6,-36.3232,-7.521,77.4192,548.021,0,17
6,-35.6358,-10.2972,277.438,424.213,0,17
6,-34.7928,-12.8611,-7.72405,138.737,0,17
6,-33.3277,-16.2851,-82.4697,215.243,0,17
6,-33.0776,-16.7873,185.221,241.867,0,17
6,-33.1418,-16.6602,203.296,261.419,0,17
6,-33.0311,-16.8786,100.411,357.163,0,17
6,-32.8544,-17.22,92.2969,1059.24,0,17
6,-31.9026,-18.9252,218.772,53.3035,0,17
6,-30.8451,-20.6039,148.173,314.112,0,17
6,-29.175,-22.9076,257.867,152.059,0,17
6,-28.444,-23.8093,243.7,4184.11,0,17
6,-28.3495,-23.9217,-80.8993,2334.93,0,17
6,-27.993,-24.338,295.778,436.969,0,17
6,-26.8573,-25.5857,22.9135,385.156,0,17
6,-24.9355,-27.4621,196.796,127.645,0,17
6,-24.5257,-27.8287,186.724,319.499,0,17
6,-21.2806,-30.3822,-51.2308,621.745,0,17
6,-20.2003,-31.1109,-38.2488,457.595,0,17
6,-20.2342,-31.0889,10.3946,457.225,0,17
6,-18.8429,-31.9513,-81.8914,159.482,0,17
6,-18.7475,-32.0074,-61.2599,333.189,0,17
6,-14.1025,-34.3083,-87.3762,195.8,0,17
6,-10.2972,-35.6358,154.59,58.6511,0,17
6,-7.09964,-36.4079,55.7903,366.115,0,17
6,-5.81995,-36.6343,38.5562,65.2774,0,17
6,-4.52204,-36.817,217.544,203.178,0,17
6,-3.73397,-36.9053,193.081,228.644,0,17
6,-3.43589,-36.9342,119.965,246.968,0,17
6,-3.38131,-36.9393,152.07,277.364,0,17
6,-2.53676,-37.0069,-73.914,180.81,0,17
6,1.87872,-37.0461,-100.196,354.247,0,17
6,5.0365,-36.7502,202.301,1607.58,0,17
6,5.87093,-36.6261,290.97,448.096,0,17
6,6.59061,-36.5035,263.647,1100.94,0,17
6,10.3168,-35.6301,-76.7166,236.404,0,17
6,10.3246,-35.6279,102.393,453.921,0,17
6,12.5645,-34.901,191.395,408.389,0,17
6,12.9561,-34.7575,169.469,61.6248,0,17
6,13.2575,-34.6436,244.086,236.319,0,17
6,21.1762,-30.455,89.8474,600.325,0,17
6,22.6985,-29.3381,201.073,579.649,0,17
6,25.842,-26.6108,51.6058,585.301,0,17
6,25.7925,-26.6588,72.4438,171.238,0,17
6,26.9174,-25.5224,219.439,1734.49,0,17
6,27.4372,-24.9629,185.682,560.688,0,17
6,27.9661,-24.3688,245.962,294.417,0,17
6,30.4678,-21.1579,105.853,2903.44,0,17
6,30.8104,-20.6558,91.2736,239.874,0,17
6,32.2778,-18.278,222.961,453.029,0,17
6,32.5637,-17.7636,214.201,345.432,0,17
6,33.3719,-16.1944,-97.9489,310.287,0,17
6,33.4085,-16.1187,304.517,341.873,0,17
6,35.5214,-10.6851,-57.2779,432.637,0,17
6,35.6129,-10.3763,-101.172,2087.93,0,17
6,36.0101,-8.90026,305.78,20.0277,0,17
6,36.6246,-5.8803,85.8151,2837.53,0,17
6,36.5796,-6.15415,170.729,73.7879,0,17
6,36.6872,-5.47647,-56.938,463.362,0,17
6,36.8377,-4.35016,-70.1041,272.34,0,17
6,36.9279,-3.50341,117.059,1653.31,0,17
6,36.9532,-3.22568,-40.0234,299.731,0,17
6,37.0394,-2.00638,269.131,1423.83,0,17
6,37.0542,-1.7109,-33.097,218.152,0,17
6,37.0708,-1.30385,-40.6837,875.586,0,17
6,37.0863,-0.74188,58.9221,447.106,0,17
6,37.086,0.758062,224.916,394.725,0,17
6,36.4966,6.62863,285.084,677.849,0,17
6,36.401,7.13506,132.541,218.996,0,17
6,36.0498,8.73821,168.47,517.657,0,17
6,33.9606,14.9204,-17.8947,208.431,0,17
6,33.9168,15.0199,19.8078,73.4977,0,17
6,32.762,17.3953,-75.3454,246.042,0,17
6,30.8763,20.5572,277.552,5634.7,0,17
6,30.1871,21.5565,-70.2494,635.378,0,17
6,27.0203,25.4135,196.882,406.633,0,17
6,27.0203,25.4135,199.444,309.282,0,17
6,24.6396,27.7279,-96.6154,389.959,0,17
6,20.7123,30.7725,-97.5632,622.228,0,17
6,17.088,32.9233,254.139,148.88,0,17
6,15.2952,33.7935,146.698,183.306,0,17
6,15.2307,33.8226,52.2168,799.556,0,17
6,14.7658,34.0281,-105.5,40,0,17
6,13.3825,34.5955,169.661,378.031,0,17
6,7.81964,36.2601,147.124,711.28,0,17
6,3.02309,36.9703,-51.1755,2714.24,0,17
6,1.90596,37.0447,133.634,728.537,0,17
6,-4.16956,36.8586,216.46,654.032,0,17
6,-4.48583,36.8215,138.143,111.116,0,17
6,-6.54587,36.5116,-58.2726,2193.53,0,17
6,-7.84182,36.2553,140.213,147.98,0,17
6,-8.54454,36.0962,-93.2663,262.165,0,17
6,-8.53284,36.0989,-55.7666,93.8639,0,17
6,-11.0627,35.4056,128.889,973.746,0,17
6,-12.852,34.7961,140.923,862.639,0,17
6,-13.2611,34.6423,146.405,931.042,0,17
6,-14.9512,33.9471,158.977,676.65,0,17
6,-15.7473,33.5852,-44.3696,758.692,0,17
6,-18.4478,32.1811,286.09,386.834,0,17
6,-20.8267,30.6951,146.836,508.955,0,17
6,-21.5361,30.2016,-50.5655,876.042,0,17
6,-22.7004,29.3366,287.217,3750.21,0,17
6,-24.1892,28.1217,194.609,559.064,0,17
6,-25.1023,27.3097,-37.5715,269.661,0,17
6,-25.522,26.9179,72.071,192.761,0,17
6,-25.8941,26.5601,94.398,440.543,0,17
6,-27.8469,24.505,119.673,293.265,0,17
6,-27.9288,24.4116,-96.0734,504.615,0,17
6,-28.3036,23.976,-50.9341,1019.35,0,17
6,-29.4556,22.5458,-39.9038,785.441,0,17
6,-30.2575,21.4576,-69.5446,4631.49,0,17
6,-30.2863,21.4169,-55.256,22,0,17
6,-32.8006,17.3224,-5.4146,168.391,0,17
6,-33.7208,15.4547,278.158,555.333,0,17
6,-34.9236,12.5015,-66.4889,337.621,0,17
6,-36.3038,7.6142,95.4934,279.836,0,17
6,-36.9854,2.8331,-83.3889,1099.99,0,17
6,-37.0917,0.382104,128.387,285.297,0,17
6,-37.09,-0.526423,-60.8566,297.735,1,17
6,-37.0589,-1.6064,-304.245,451.943,1,17
6,-36.8028,-4.63675,-305.78,11,1,17
6,-36.7166,-5.2756,-89.3039,354.393,1,17
6,-36.7094,-5.3254,-188.149,520.057,1,17
6,-36.244,-7.89399,-275.465,26.2064,1,17
6,-36.1538,-8.29727,-275.676,16.071,1,17
6,-35.9244,-9.24014,-36.7767,99.6103,1,17
6,-35.2992,-11.3978,-168.998,1636.02,1,17
6,-34.9967,-12.2953,-137.351,488.995,1,17
6,-34.3172,-14.0809,-170.777,934.511,1,17
6,-34.4386,-13.7814,-259.479,151.345,1,17
6,-33.0843,-16.7741,-210.38,1274.5,1,17
6,-29.9369,-21.9026,-288.847,1489.38,1,17
6,-25.1109,-27.3018,89.6496,45.3884,1,17
6,-20.4374,-30.9557,-64.7985,561.309,1,17
6,-12.4078,-34.957,-105.749,195.341,1,17
6,-8.27589,-36.1587,-29.372,437.236,1,17
6,-4.92147,-36.7658,-114.008,1847.05,1,17
6,-3.39494,-36.938,-178.019,2477.45,1,17
6,-2.23633,-37.0262,-41.144,590.465,1,17
6,-1.14709,-37.076,-255.536,428.644,1,17
6,4.52952,-36.8161,-218.19,198.735,1,17
6,4.97748,-36.7582,68.1227,328.379,1,17
6,5.86393,-36.6273,-133.723,143.52,1,17
6,7.89399,-36.244,-156.125,166.119,1,17
6,12.3118,-34.9909,-8.63947,416.727,1,17
6,20.4726,-30.9324,-124.177,328.922,1,17
6,24.1466,-28.1582,70.5765,620.201,1,17
6,24.2697,-28.0522,87.6569,604.156,1,17
6,24.9233,-27.4731,-143.891,580.524,1,17
6,26.9937,-25.4417,-267.369,1962.48,1,17
6,27.703,-24.6675,-107.691,297.192,1,17
6,27.7741,-24.5874,-197.673,739.721,1,17
6,30.0837,-21.7005,-106.103,497.396,1,17
6,30.523,-21.0782,-237.959,178.372,1,17
6,35.4115,-11.0439,-137.706,183.174,1,17
6,36.5517,-6.31777,-287.653,663.072,1,17
6,36.799,-4.66658,-139.931,841.861,1,17
6,36.9651,3.08557,71.6365,1238.15,1,17
6,36.9711,3.01287,-134.507,465.807,1,17
6,36.9005,3.78055,-299.207,483.555,1,17
6,36.6771,5.5437,-115.39,416.099,1,17
6,36.6524,5.70455,-168.944,685.135,1,17
6,36.5097,6.55647,-277.434,462.192,1,17
6,34.3487,14.004,85.996,15.137,1,17
6,26.5758,25.878,-113.937,452.243,1,17
6,25.7234,26.7254,-157.68,595.922,1,17
6,23.4917,28.7068,-139.088,186.442,1,17
6,15.2591,33.8098,-171.608,233.688,1,17
6,7.94777,36.2322,-128.414,840.001,1,17
6,8.08996,36.2008,-143.324,1193.21,1,17
6,6.99481,36.4282,-197.123,396.728,1,17
6,6.10157,36.5884,93.1477,478.931,1,17
6,5.69926,36.6533,88.0869,621.586,1,17
6,5.57866,36.6718,12.2301,767.036,1,17
6,1.52142,37.0625,-220.419,404.804,1,17
6,0.39981,37.0915,-182.227,115.768,1,17
6,-4.12835,36.8633,-295.65,554.102,1,17
6,-5.86393,36.6273,99.3226,238.448,1,17
6,-12.0204,35.0921,-150.303,988.272,1,17
6,-12.2877,34.9994,-276.904,482.832,1,17
6,-12.4436,34.9442,-238.376,1030.17,1,17
6,-14.2767,34.2362,-256.858,747.229,1,17
6,-15.2629,33.8081,-56.9203,640.065,1,17
6,-17.8703,32.5053,41.9202,239.298,1,17
6,-18.5303,32.1336,-176.966,163.988,1,17
6,-19.7735,31.3839,-148.361,745.458,1,17
6,-20.6698,30.801,-75.7401,570.018,1,17
6,-21.4851,30.2379,-35.5884,246.303,1,17
6,-24.9263,27.4704,-96.7615,4184.54,1,17
6,-24.5204,27.8333,-104.683,563.63,1,17
6,-25.2166,27.2041,-300.473,659.343,1,17
6,-25.0319,27.3742,-166.473,52.637,1,17
6,-25.7611,26.6891,-133.443,105.666,1,17
6,-26.7432,25.7049,-99.2812,889.388,1,17
6,-27.1647,25.2591,-39.7039,482.922,1,17
6,-28.1158,24.196,-87.9645,617.794,1,17
6,-28.6262,23.5899,-103.022,339.912,1,17
6,-31.1308,20.1697,-181.233,302.472,1,17
6,-32.3356,18.1756,-109.719,9245.55,1,17
6,-32.0961,18.5952,-47.3672,122.895,1,17
6,-33.5006,15.9264,99.5895,177.211,1,17
6,-34.377,13.9342,-145.612,1907.73,1,17
6,-37.6552,-0.860746,140.456,460.439,0,18
6,-37.4922,-3.60403,133.067,204.096,0,18
6,-37.4387,-4.12302,218.364,670.645,0,18
6,-37.2772,-5.39088,-86.1286,442.32,0,18
6,-36.839,-7.8447,76.862,388.448,0,18
6,-35.2757,-13.2014,-7.75968,328.719,0,18
6,-33.9626,-16.2848,301.213,346.95,0,18
6,-33.8609,-16.4953,-83.2196,163.027,0,18
6,-33.6339,-16.9533,202.557,380.424,0,18
6,-33.506,-17.2047,99.0947,241.974,0,18
6,-33.3803,-17.4473,90.9042,469.317,0,18
6,-30.1352,-22.5947,240.51,113.467,0,18
6,-28.7146,-24.3747,266.987,1137.28,0,18
6,-27.2454,-26.0065,22.0853,569.96,0,18
6,-25.4495,-27.7665,196.364,583.274,0,18
6,-25.2289,-27.9671,186.536,1002.19,0,18
6,-20.4768,-31.6125,9.44213,248.184,0,18
6,-18.9217,-32.5672,-62.0517,251.514,0,18
6,-18.5158,-32.7997,-82.4587,262.328,0,18
6,-14.4155,-34.7972,-88.5333,524.362,0,18
6,-10.0521,-36.2989,273.132,18.0017,0,18
6,-6.90429,-37.0268,54.9968,145.717,0,18
6,-5.64883,-37.239,37.9862,102.062,0,18
6,-4.55463,-37.3886,216.736,445.486,0,18
6,-3.74668,-37.4782,192.185,413.453,0,18
6,-3.59596,-37.493,119.239,197.679,0,18
6,-3.5536,-37.497,151.903,357.074,0,18
6,-2.82857,-37.5586,69.7426,1056.23,0,18
6,-2.44878,-37.5853,129.729,310.631,0,18
6,1.62144,-37.6301,175.685,363.138,0,18
6,1.87909,-37.6181,-100.558,113.541,0,18
6,4.30475,-37.4182,-49.4386,307.125,0,18
6,5.07361,-37.3217,200.768,965.795,0,18
6,6.77287,-37.0511,262.85,443.809,0,18
6,10.3894,-36.2038,-77.6779,459.541,0,18
6,10.6375,-36.1316,101.548,295.671,0,18
6,13.3681,-35.2129,167.78,715.283,0,18
6,13.4949,-35.1645,243.11,103.314,0,18
6,15.7958,-34.1928,159.604,168.876,0,18
6,17.6226,-33.2881,-95.2631,231.988,0,18
6,18.5406,-32.7857,185.042,228.396,0,18
6,21.3074,-31.0588,88.444,612.776,0,18
6,23.1437,-29.7157,200.527,154.015,0,18
6,26.2597,-27.0015,220.808,27.2047,0,18
6,27.0202,-26.2404,220.552,324.923,0,18
6,27.775,-25.4401,184.942,167.61,0,18
6,28.4223,-24.7149,245.281,532.657,0,18
6,32.1379,-19.642,103.386,2270.04,0,18
6,31.5771,-20.5314,91.0378,34.2219,0,18
6,33.2061,-17.7765,100.848,1167.89,0,18
6,32.9667,-18.2167,212.467,410.584,0,18
6,33.8417,-16.5345,-98.8761,402.829,0,18
6,34.0987,-15.9978,304.809,288.611,0,18
6,36.1071,-10.7207,-102.457,881.8,0,18
6,36.1051,-10.7272,-58.0543,398.12,0,18
6,36.1626,-10.5319,91.3158,890.823,0,18
6,36.1868,-10.4482,180.645,926.357,0,18
6,36.7812,-8.1114,88.5529,3259.64,0,18
6,36.5666,-9.02975,305.78,349.069,0,18
6,36.8164,-7.95034,70.7532,152.216,0,18
6,36.9203,-7.4528,-6.4497,524.7,0,18
6,37.1015,-6.49108,169.263,639.853,0,18
6,37.2586,-5.51827,-57.1473,750.706,0,18
6,37.3857,-4.57823,-71.0352,217.359,0,18
6,37.5056,-3.4618,116.294,708.206,0,18
6,37.592,-2.34432,148.268,1085.86,0,18
6,37.612,-1.99811,267.648,1886.1,0,18
6,37.6123,-1.9922,270.588,11.4414,0,18
6,37.6513,-1.01588,58.379,111.833,0,18
6,37.6488,1.10464,224.466,212.472,0,18
6,37.0757,6.63663,271.848,3918.47,0,18
6,37.0675,6.68239,283.729,299.189,0,18
6,36.9112,7.49774,-70.6706,961.927,0,18
6,36.9446,7.3314,131.857,271.828,0,18
6,36.8574,7.75769,-73.0767,262.958,0,18
6,36.5243,9.1995,168.87,180.249,0,18
6,35.8043,11.6919,134.818,246.934,0,18
6,34.4662,15.1898,19.1204,659.201,0,18
6,33.7816,16.6569,218.725,345.872,0,18
6,33.2092,17.7708,-76.0545,188.869,0,18
6,32.5159,19.0096,276.674,4472.28,0,18
6,30.6293,21.9202,-70.9062,537.472,0,18
6,25.2159,27.9787,-97.4372,253.183,0,18
6,21.1752,31.1491,-99.1717,499.729,0,18
6,21.0368,31.2426,-35.6666,4921.59,0,18
6,19.0641,32.4841,157.704,410.157,0,18
6,17.5317,33.3361,-58.1702,1304.69,0,18
6,15.7403,34.2184,146.291,211.511,0,18
6,15.3133,34.4115,50.2094,359.07,0,18
6,13.6875,35.0899,168.362,1469.91,0,18
6,7.82693,36.8428,146.474,176.762,0,18
6,1.57075,37.6322,-51.1402,1348.02,0,18
6,2.02895,37.6103,132.714,456.909,0,18
6,-2.29499,37.595,-63.3127,409.202,0,18
6,-4.13495,37.4373,280.646,336.808,0,18
6,-4.49443,37.3959,216.221,568.049,0,18
6,-4.56499,37.3873,-70.4917,394.499,0,18
6,-4.8957,37.3455,301.995,203.418,0,18
6,-8.0016,36.8053,-57.9211,1170.99,0,18
6,-7.7865,36.8514,139.879,257.406,0,18
6,-12.376,35.5737,-9.73459,865.814,0,18
6,-13.0144,35.3451,140.097,423.959,0,18
6,-13.796,35.0474,145.15,261.732,0,18
6,-14.8265,34.6241,227.277,194.174,0,18
6,-18.827,32.622,284.745,706.897,0,18
6,-19.4529,32.2527,-45.817,452.768,0,18
6,-20.6592,31.4936,-50.5735,2482.7,0,18
6,-20.649,31.5003,146.6,445.959,0,18
6,-22.4513,30.2422,2.06672,815.259,0,18
6,-23.0801,29.7651,209.522,613.342,0,18
6,-25.062,28.1167,282.468,4824.1,0,18
6,-25.2858,27.9156,-37.9836,366.329,0,18
6,-25.9466,27.3025,71.1091,257.559,0,18
6,-26.0297,27.2233,-5.7103,786.498,0,18
6,-26.2597,27.0015,-75.6125,35.2757,0,18
6,-27.4923,25.7454,-51.2604,3045.07,0,18
6,-27.9001,25.3029,-58.9562,849.447,0,18
6,-28.3281,24.8228,-96.9183,204.384,0,18
6,-28.3545,24.7927,119.055,312.955,0,18
6,-28.748,24.3353,205.589,788.291,0,18
6,-29.4214,23.5166,-39.9906,288.296,0,18
6,-30.8185,21.6534,-70.8867,4839.81,0,18
6,-33.3253,17.5521,-6.28801,207.018,0,18
6,-34.2795,15.6067,277.341,550.484,0,18
6,-35.1528,13.5252,139.605,446.69,0,18
6,-36.8411,7.83501,94.1506,384.255,0,18
6,-37.5913,2.35455,-83.2087,126.801,0,18
6,-37.6623,0.451572,127.531,443.484,0,18
6,-37.6601,-0.608905,-58.812,342.884,1,18
6,-37.6463,-1.18544,-168.382,671.891,1,18
6,-37.6313,-1.59185,-303.126,1611.57,1,18
6,-37.4253,-4.24215,55.8859,456.459,1,18
6,-37.276,-5.39939,-88.4416,493.248,1,18
6,-36.2541,-10.2125,-35.5622,234.561,1,18
6,-35.0339,-13.8303,-258.886,159.296,1,18
6,-34.8109,-14.3824,-204.329,531.931,1,18
6,-34.5916,-14.902,-169.692,326.484,1,18
6,-33.6612,-16.899,-210.114,456.615,1,18
6,-33.2908,-17.6174,-148.587,146.497,1,18
6,-27.9569,-25.2401,-99.2336,124.415,1,18
6,-20.8498,-31.3678,-64.1619,255.025,1,18
6,-19.2873,-32.352,-175.295,222.651,1,18
6,-15.7932,-34.194,61.6516,272.466,1,18
6,-12.4994,-35.5305,-104.9,515.482,1,18
6,-10.3779,-36.2071,-216.219,467.928,1,18
6,-10.179,-36.2635,-136.625,299.935,1,18
6,-5.61065,-37.2448,-112.327,358.937,1,18
6,-3.37131,-37.5138,-176.917,521.233,1,18
6,-2.8061,-37.5603,-186.538,321.345,1,18
6,-1.00749,-37.6515,-254.679,338.052,1,18
6,3.20897,-37.5281,52.3586,346.789,1,18
6,4.71416,-37.3688,-218.057,174.863,1,18
6,5.75762,-37.2223,49.5523,323.601,1,18
6,21.0189,-31.2547,-123.612,79.6467,1,18
6,22.5947,-30.1352,-145.508,21.0693,1,18
6,24.4561,-28.6453,71.197,838.949,1,18
6,24.5467,-28.5676,88.711,855.325,1,18
6,25.3832,-27.8271,-143.106,921.391,1,18
6,25.2212,-27.974,-160.222,321.673,1,18
6,27.5492,-25.6845,-266.74,2923.29,1,18
6,28.0499,-25.1368,-197.551,211.656,1,18
6,28.2724,-24.8863,-106.753,176.141,1,18
6,29.605,-23.2851,62.268,195.499,1,18
6,30.6014,-21.9592,-104.716,726.943,1,18
6,35.8559,-11.5328,-171.658,435.587,1,18
6,37.1325,-6.31081,-286.077,288.029,1,18
6,37.3757,-4.65935,-138.841,718.654,1,18
6,37.6453,-1.21708,-215.577,241.39,1,18
6,37.5379,3.09212,72.4772,418.528,1,18
6,37.5422,3.0388,-132.835,263.648,1,18
6,37.5214,3.28612,-299.63,770.489,1,18
6,37.2413,5.63377,-114.984,362.669,1,18
6,37.0754,6.6384,-168.139,1464.32,1,18
6,37.0413,6.82585,-277.008,136.617,1,18
6,36.7652,8.18385,-187.983,283.347,1,18
6,27.0015,26.2597,-112.722,406.323,1,18
6,25.9245,27.3234,51.659,3037.14,1,18
6,24.6831,28.4499,-299.089,1523.88,1,18
6,23.9257,29.0897,-138.033,400.253,1,18
6,21.7552,30.7467,-157.604,346.459,1,18
6,15.544,34.308,-170.6,258.197,1,18
6,8.32375,36.7337,-142.914,537.328,1,18
6,7.71266,36.8669,-127.026,356.239,1,18
6,6.82241,37.042,-195.663,523.333,1,18
6,5.78254,37.2185,93.8908,520.834,1,18
6,5.74204,37.2247,13.8577,841.412,1,18
6,5.49908,37.2614,-302.889,203.425,1,18
6,-3.69191,37.4836,-294.263,288.639,1,18
6,-5.75594,37.2226,99.0545,5572.48,1,18
6,-12.234,35.6228,-149.545,1003.02,1,18
6,-12.4757,35.5388,-237.691,529.075,1,18
6,-12.619,35.4882,-276.349,799.323,1,18
6,-14.1741,34.8962,-256.337,330.018,1,18
6,-15.0024,34.5482,-56.2932,617.479,1,18
6,-20.7808,31.4136,-148.602,671.765,1,18
6,-24.8484,28.3056,-103.441,890.429,1,18
6,-26.0374,27.2159,-300.247,855.008,1,18
6,-27.6095,25.6197,-38.8862,451.575,1,18
6,-29.2919,23.6778,-102.736,13606.1,1,18
6,-27.6527,25.573,-174.734,431.39,1,18
6,-28.4081,24.7312,-86.9629,1636.93,1,18
6,-30.5104,22.0855,-54.345,133.427,1,18
6,-31.6694,20.3888,-180.928,609.666,1,18
6,-33.7575,16.7058,-279.068,22.1248,1,18
6,-34.0355,16.1318,100.94,428.167,1,18
6,-34.8902,14.189,-143.73,534.001,1,18
6,-38.2357,-0.172131,175.627,388.155,0,19
6,-38.2323,-0.537111,140.209,284.217,0,19
6,-38.0845,-3.40161,132.963,252.183,0,19
6,-37.8034,-5.73636,-86.3176,241.746,0,19
6,-34.4344,-16.6214,-83.949,395.567,0,19
6,-34.5379,-16.4053,300.735,722.02,0,19
6,-34.1465,-17.205,184.989,209.518,0,19
6,-34.0962,-17.3046,201.817,153.005,0,19
6,-32.9976,-19.3174,218.056,283.489,0,19
6,-31.9398,-21.0202,148.074,448.959,0,19
6,-31.5836,-21.5517,237.94,28.1281,0,19
6,-30.8458,-22.595,239.841,189.755,0,19
6,-29.3243,-24.5374,-81.7493,1322.69,0,19
6,-29.1621,-24.7299,-76.4809,281,0,19
6,-29.1145,-24.786,266.102,603.746,0,19
6,-27.6216,-26.4394,21.2027,486.227,0,19
6,-25.9604,-28.0723,195.964,37.2757,0,19
6,-22.478,-30.9312,-51.3445,295.376,0,19
6,-21.3098,-31.7473,-38.3101,528.183,0,19
6,-20.7316,-32.1279,8.68951,211.781,0,19
6,-19.0656,-33.1436,-63.0623,98.0585,0,19
6,-18.3419,-33.5496,-83.1101,405.767,0,19
6,-10.2045,-36.8493,-61.404,12.1433,0,19
6,-5.55231,-37.8308,37.4156,128.824,0,19
6,-4.59321,-37.9592,215.811,809.216,0,19
6,-3.72131,-38.0546,118.548,88.9038,0,19
6,-3.72131,-38.0546,191.541,67.637,0,19
6,-3.02989,-38.1159,69.1453,1171.06,0,19
6,-2.83272,-38.131,-74.4332,526.029,0,19
6,-2.72685,-38.1387,129.383,270.801,0,19
6,1.10934,-38.22,175.597,241.033,0,19
6,1.82725,-38.1924,-100.674,1006.59,0,19
6,3.67086,-38.0595,-49.6928,485.418,0,19
6,5.08936,-37.8959,199.566,480.455,0,19
6,6.93652,-37.6017,261.976,1329.78,0,19
6,10.3764,-36.8012,-78.4722,489.911,0,19
6,10.9362,-36.6388,100.802,431.873,0,19
6,13.7092,-35.6939,166.699,221.274,0,19
6,13.792,-35.662,242.318,627.813,0,19
6,16.1057,-34.6786,158.866,125.296,0,19
6,18.0733,-33.695,-95.6321,548.144,0,19
6,18.9072,-33.2343,184.19,180.137,0,19
6,21.4264,-31.6688,86.5934,651.781,0,19
6,26.5588,-27.5069,51.1249,292.911,0,19
6,26.4838,-27.5791,221.817,256.29,0,19
6,26.6676,-27.4015,72.0463,236.225,0,19
6,28.0497,-25.9849,184.133,193.337,0,19
6,28.8996,-25.0362,244.373,171.048,0,19
6,33.127,-19.0946,222.76,405.456,0,19
6,33.374,-18.6594,210.539,557.509,0,19
6,34.4516,-16.5858,98.8445,2278.85,0,19
6,34.2756,-16.9465,-99.6054,133.655,0,19
6,35.8858,-13.1988,94.5339,7809.31,0,19
6,36.5422,-11.2548,-104.245,292.917,0,19
6,36.6747,-10.8151,180.287,477.459,0,19
6,36.705,-10.7118,-58.585,546.979,0,19
6,37.3526,-8.17222,69.7506,1448.19,0,19
6,37.4389,-7.76714,-6.55204,180.728,0,19
6,37.6495,-6.67194,168.607,311.725,0,19
6,37.8424,-5.47253,-57.5172,350.063,0,19
6,37.9079,-4.99934,-71.7134,124.073,0,19
6,38.085,-3.39597,115.161,1401.96,0,19
6,38.091,-3.32741,-40.1013,880.744,0,19
6,38.1755,-2.15156,147.665,969.157,0,19
6,38.1842,-1.99115,266.15,665.976,0,19
6,38.2024,-1.60398,-34.0144,311.3,0,19
6,38.2046,-1.55165,-40.9049,70.5082,0,19
6,38.2172,-1.20127,57.7621,302.832,0,19
6,37.6468,6.68735,282.362,626.822,0,19
6,37.5314,7.30727,-71.2781,670.327,0,19
6,37.4466,7.72985,-73.6142,66.5881,0,19
6,37.4787,7.57281,130.948,177.25,0,19
6,37.2372,8.68257,272.633,2491.74,0,19
6,35.1347,15.0847,275.037,20085.5,0,19
6,36.3045,11.9993,134.313,446.809,0,19
6,35.1672,15.0089,-18.0258,456.836,0,19
6,34.9908,15.4157,21.276,11.2776,0,19
6,30.0174,23.6845,123.641,239.171,0,19
6,26.5696,27.4964,-48.5433,185.975,0,19
6,25.7509,28.2647,-98.2804,1815.17,0,19
6,21.6339,31.5274,-100.347,297.23,0,19
6,18.8796,33.25,157.931,543.626,0,19
6,18.1556,33.6508,253.125,452.785,0,19
6,17.9885,33.7404,-58.7615,725.957,0,19
6,16.3434,34.5672,146.059,61.6542,0,19
6,15.4331,34.9831,49.1533,299.052,0,19
6,13.9873,35.5859,167.08,1139.58,0,19
6,7.8555,37.4205,145.566,275.243,0,19
6,2.17904,38.174,132.062,53.6142,0,19
6,0.180355,38.2357,-51.0645,3848.77,0,19
6,-2.47493,38.1559,-63.9675,424.141,0,19
6,-3.77407,38.0494,280.361,260.346,0,19
6,-4.76431,37.9381,136.298,782.594,0,19
6,-4.7149,37.9443,215.992,1006.88,0,19
6,-5.04718,37.9015,301.421,60.3867,0,19
6,-9.08212,37.1418,-57.3446,1607.95,0,19
6,-8.95327,37.1731,-95.0577,445.603,0,19
6,-10.9636,36.6306,-57.1258,722.208,0,19
6,-13.177,35.8938,-9.83023,733.227,0,19
6,-12.9949,35.9602,139.499,392.693,0,19
6,-14.1707,35.5132,144.325,376.775,0,19
6,-15.6734,34.8761,159.162,465.443,0,19
6,-16.868,34.3143,-44.5902,255.168,0,19
6,-19.573,32.8466,-50.618,3167.03,0,19
6,-19.1938,33.0696,282.986,1209.43,0,19
6,-20.5322,32.2556,146.411,890.588,0,19
6,-22.8331,30.67,0.695528,444.789,0,19
6,-22.9796,30.5604,209.208,590.947,0,19
6,-25.3406,28.6331,204.059,1453,0,19
6,-25.7917,28.2275,-52.2155,3151.19,0,19
6,-26.399,27.6603,69.8104,679.467,0,19
6,-26.6852,27.3843,-76.3007,415.406,0,19
6,-26.6486,27.4199,-7.63394,435.873,0,19
6,-27.7767,26.2765,276.832,1627.36,0,19
6,-28.7336,25.2265,-58.8874,670.966,0,19
6,-29.0699,24.8383,273.185,2218.99,0,19
6,-28.7428,25.2161,-97.7625,602.12,0,19
6,-29.1132,24.7876,203.971,263.478,0,19
6,-31.3879,21.8358,-71.4436,4460.79,0,19
6,-33.8462,17.7886,-7.37652,86.7978,0,19
6,-34.8162,15.806,276.472,1419.98,0,19
6,-35.6409,13.8464,139.458,1365.04,0,19
6,-35.9704,12.9665,-67.1745,423.333,0,19
6,-37.386,8.01784,93.4669,518.169,0,19
6,-38.188,1.9175,-82.9406,514.982,0,19
6,-38.2325,0.522419,126.655,280.092,0,19
6,-38.2297,-0.698827,-57.4619,50.4619,1,19
6,-38.2182,-1.16881,-168.006,479.561,1,19
6,-38.2036,-1.5754,-301.579,178.982,1,19
6,-38.0133,-4.12191,56.5728,312.112,1,19
6,-37.8365,-5.51345,-87.3457,861.806,1,19
6,-37.8216,-5.61446,-187.878,304.838,1,19
6,-36.782,-10.4443,-34.7121,884.521,1,19
6,-36.6693,-10.8333,-168.594,828.13,1,19
6,-36.097,-12.6097,-136.843,329.45,1,19
6,-35.5795,-14.0036,-258.134,499.161,1,19
6,-35.3365,-14.6057,-203.59,697.095,1,19
6,-34.8106,-15.8184,-168.795,1607.36,1,19
6,-33.7368,-17.9953,-148.476,34.1942,1,19
6,-28.4357,-25.5619,-98.4382,850.784,1,19
6,-26.0406,-27.998,-290.592,122.98,1,19
6,-21.3343,-31.7308,-63.6106,203.636,1,19
6,-12.643,-36.0854,-103.952,103.44,1,19
6,-10.5165,-36.7614,-135.641,992.877,1,19
6,-8.42636,-37.2961,-28.4792,387.075,1,19
6,-6.36052,-37.7034,-111.128,356.062,1,19
6,-3.33828,-38.0901,-176.051,1517.67,1,19
6,-2.46346,-38.1567,-40.5502,1316.6,1,19
6,3.21832,-38.1004,53.0882,113.636,1,19
6,5.20188,-37.8806,-218.012,11.0538,1,19
6,6.04453,-37.7553,-133.173,489.299,1,19
6,12.3919,-36.1724,-8.09117,528.319,1,19
6,21.4879,-31.627,-123.199,167.944,1,19
6,24.6914,-29.1947,90.2507,248.651,1,19
6,25.656,-28.3508,-159.816,738.693,1,19
6,25.8438,-28.1798,-142.24,365.347,1,19
6,28.8695,-25.071,-105.622,1097.03,1,19
6,30.0637,-23.6257,62.9562,568.952,1,19
6,30.6584,-22.8487,103.617,454.589,1,19
6,31.1713,-22.1439,-103.608,1101.6,1,19
6,36.4518,-11.544,-137.177,264.566,1,19
6,36.4763,-11.4663,-171.122,465.904,1,19
6,36.8115,-10.34,51.0706,157.741,1,19
6,37.712,-6.30896,-284.935,322.713,1,19
6,37.9473,-4.69028,-137.984,404.239,1,19
6,38.2058,-1.52177,-215.198,369.714,1,19
6,38.1115,3.08488,73.2302,151.897,1,19
6,38.1115,3.08488,-131.72,23.3208,1,19
6,38.1115,3.08488,-300.148,53.208,1,19
6,37.8033,5.73664,-114.195,288.479,1,19
6,37.3369,8.24335,-187.855,613.271,1,19
6,35.7174,13.648,66.0765,710.845,1,19
6,34.0651,17.3657,-200.747,549.51,1,19
6,34.0399,17.415,-236.273,345.62,1,19
6,32.2818,20.491,-83.8097,434.019,1,19
6,32.3024,20.4586,-207.632,635.68,1,19
6,31.5512,21.5991,-72.4257,2446.58,1,19
6,30.3119,23.3063,71.1824,248.658,1,19
6,28.8525,25.0905,20.0881,218.394,1,19
6,28.8525,25.0905,-61.712,238.469,1,19
6,28.3197,25.6904,66.1006,142.616,1,19
6,26.3293,27.7267,51.877,2746.5,1,19
6,25.0021,28.9291,-298.518,225.587,1,19
6,24.3379,29.4901,-136.903,549.467,1,19
6,23.6358,30.0558,63.137,1015.87,1,19
6,21.9955,31.2762,-157.528,158.637,1,19
6,15.897,34.7748,-169.861,950.82,1,19
6,10.9632,36.6307,-216.556,446.237,1,19
6,7.64682,37.4637,-125.839,722.028,1,19
6,6.8241,37.6222,-194.265,116.791,1,19
6,5.8471,37.7864,87.9511,752.754,1,19
6,5.89573,37.7788,15.5725,978.883,1,19
6,5.71351,37.8068,94.7121,258.585,1,19
6,1.6251,38.2015,-219.87,908.823,1,19
6,0.367236,38.2343,-102.728,988.348,1,19
6,0.345559,38.2345,-181.764,256.387,1,19
6,-5.52462,37.8349,99.6191,5598.31,1,19
6,-12.4488,36.1528,-148.84,1958.5,1,19
6,-12.5179,36.129,-237.117,1891.85,1,19
6,-14.2222,35.4926,-255.465,444.804,1,19
6,-18.4662,33.4813,41.9509,284.059,1,19
6,-18.9225,33.2256,-176.868,186.358,1,19
6,-21.5523,31.5832,-148.976,1442.09,1,19
6,-22.1958,31.1343,-33.9639,324.974,1,19
6,-25.069,28.8711,-101.962,234.821,1,19
6,-25.6579,28.3491,-165.755,232.363,1,19
6,-26.2568,27.7953,-133.064,293.769,1,19
6,-27.9881,26.0512,-174.097,400.028,1,19
6,-28.041,25.9943,-38.2784,191.633,1,19
6,-28.4513,25.5446,-85.3941,383.453,1,19
6,-29.3945,24.4533,-101.558,868.016,1,19
6,-31.2079,22.0922,-54.1177,202.917,1,19
6,-32.989,19.3319,-46.7033,136.302,1,19
6,-34.2176,17.0632,-278.516,437.601,1,19
6,-34.5962,16.2821,102.791,795.639,1,19
6,-38.8071,-0.146522,175.139,833.503,0,20
6,-38.6764,-3.18637,132.714,606.442,0,20
6,-38.6006,-4.00054,217.952,77.3468,0,20
6,-38.3128,-6.17618,-86.4395,542.653,0,20
6,-37.9274,-8.21745,76.5268,113.027,0,20
6,-36.3211,-13.6673,-7.88246,613.372,0,20
6,-35.0701,-16.6163,300.083,468.477,0,20
6,-34.6996,-17.3767,184.853,292.227,0,20
6,-34.5549,-17.6627,201.013,367.304,0,20
6,-34.4097,-17.944,89.189,153.869,0,20
6,-34.433,-17.8992,96.6468,731.358,0,20
6,-33.5292,-19.5399,217.567,175.922,0,20
6,-32.4377,-21.3029,236.636,1356.18,0,20
6,-32.664,-20.9542,147.998,288.591,0,20
6,-29.851,-24.7978,-82.3833,1080.09,0,20
6,-29.9222,-24.7119,296.328,214.453,0,20
6,-29.5091,-25.2038,265.447,398.138,0,20
6,-27.9936,-26.8769,20.3736,633.344,0,20
6,-26.2949,-28.5411,186.419,201.562,0,20
6,-23.2495,-31.0721,-51.3085,610.723,0,20
6,-21.9943,-31.9729,-38.3867,1097.24,0,20
6,-21.0104,-32.6278,7.68871,149.639,0,20
6,-19.2563,-33.6929,-63.9616,117.015,0,20
6,-18.1141,-34.3205,-83.6327,364.001,0,20
6,-14.9944,-35.7936,-89.7872,808.543,0,20
6,-10.357,-37.3998,-62.4626,32.248,0,20
6,-9.09259,-37.7272,271.418,792.245,0,20
6,-6.64229,-38.2347,53.5459,97.9773,0,20
6,-4.6332,-38.5298,214.698,1433.18,0,20
6,-3.83168,-38.6178,151.653,209.523,0,20
6,-3.78722,-38.6222,190.545,232.334,0,20
6,-3.05562,-38.6869,-74.9827,249.484,0,20
6,5.00378,-38.4835,197.941,777.416,0,20
6,5.86097,-38.3623,289.513,60.4528,0,20
6,7.11052,-38.1504,260.927,57.3989,0,20
6,10.4265,-37.3805,-79.3935,238.937,0,20
6,11.1836,-37.161,99.8863,413.044,0,20
6,13.6397,-36.3314,190.853,127.571,0,20
6,14.0917,-36.1585,241.482,651.267,0,20
6,14.0485,-36.1753,168.404,11.012,0,20
6,16.5119,-35.1194,158.249,320.724,0,20
6,23.9417,-30.5419,200.149,310.864,0,20
6,26.2772,-28.5574,222.994,1895.3,0,20
6,28.3738,-26.4753,183.55,146.252,0,20
6,32.6735,-20.9394,90.8044,232.873,0,20
6,33.4949,-19.5986,222.59,1207.49,0,20
6,33.8201,-19.0319,209.472,606.476,0,20
6,35.2897,-16.1448,305.054,552.491,0,20
6,37.0225,-11.6341,-105.178,266.065,0,20
6,37.1598,-11.1876,179.993,43.5327,0,20
6,37.2783,-10.7862,-59.4637,651.683,0,20
6,37.757,-8.96772,305.78,55.0415,0,20
6,37.8862,-8.40551,68.2215,191.858,0,20
6,38.1891,-6.89981,167.752,1020.28,0,20
6,38.4382,-5.34055,-72.5317,189.098,0,20
6,38.6615,-3.36235,113.87,2866.88,0,20
6,38.7551,-2.01506,146.953,990.157,0,20
6,38.755,-2.01555,265.485,204.51,0,20
6,38.7691,-1.72338,-40.9963,181.022,0,20
6,38.7778,-1.51591,-34.6074,927.504,0,20
6,37.9986,7.88155,130.193,285.109,0,20
6,35.7788,15.0296,-18.1728,531.569,0,20
6,34.8676,17.0372,218.668,511.906,0,20
6,34.1379,18.4559,-76.8746,374.758,0,20
6,31.5481,22.5994,-71.6419,480.982,0,20
6,30.3723,24.1566,122.992,105.627,0,20
6,26.6156,28.2422,-48.4448,526.001,0,20
6,26.3202,28.5178,-99.1377,407.251,0,20
6,22.1162,31.8887,-101.434,534.94,0,20
6,18.6488,34.0329,252.376,448.904,0,20
6,18.385,34.1761,-59.263,2887.7,0,20
6,18.3651,34.1868,-48.5382,1067,0,20
6,15.499,35.578,47.6386,299.453,0,20
6,14.2975,36.0776,165.926,225.936,0,20
6,7.78688,38.0181,144.795,266.374,0,20
6,2.35262,38.736,130.958,41.3679,0,20
6,-1.49208,38.7787,-51.0687,1800.92,0,20
6,-4.26359,38.5725,134.576,369.396,0,20
6,-4.6356,38.5295,-70.9758,450.717,0,20
6,-5.03293,38.4797,215.592,656.824,0,20
6,-5.32174,38.4408,300.776,186.107,0,20
6,-7.86743,38.0015,139.638,198.329,0,20
6,-8.4949,37.8662,-56.787,168.931,0,20
6,-9.17526,37.7071,-95.7621,458.402,0,20
6,-13.1611,36.5075,-56.4762,5052.41,0,20
6,-14.5918,35.9596,143.396,156.519,0,20
6,-15.0432,35.7731,227.09,191.776,0,20
6,-17.6907,34.5406,-44.72,477.803,0,20
6,-18.5708,34.0755,-50.6655,2457.16,0,20
6,-19.5406,33.5288,281.495,785.948,0,20
6,-22.9507,31.2935,208.97,116.746,0,20
6,-24.0028,30.494,-53.0373,4256.29,0,20
6,-23.2261,31.0896,-0.652081,1095.37,0,20
6,-25.5121,29.2429,-52.5125,1639.06,0,20
6,-25.8166,28.9744,-38.2811,344.258,0,20
6,-26.9002,27.9713,68.4862,340.203,0,20
6,-27.0226,27.8531,-76.9895,846.432,0,20
6,-27.1223,27.756,-9.08779,89.7889,0,20
6,-29.1508,25.6173,-98.6137,316.812,0,20
6,-29.4738,25.245,-58.8197,549.372,0,20
6,-29.347,25.3923,118.278,188.213,0,20
6,-29.4782,25.2398,202.449,552.826,0,20
6,-29.9814,24.64,-40.0479,150.676,0,20
6,-34.4383,17.8891,-8.4119,548.816,0,20
6,-35.3582,15.9942,275.728,787.829,0,20
6,-36.4621,13.2864,-67.7651,187.115,0,20
6,-37.9188,8.25716,92.2765,121.121,0,20
6,-38.7852,1.31223,-82.6012,1257.57,0,20
6,-38.8022,0.635532,125.946,129.095,0,20
6,-38.8073,0.108102,175.007,28.2186,0,20
6,-38.7764,-1.55004,-300.662,324.714,1,20
6,-38.6018,-3.98961,57.3279,779.295,1,20
6,-38.3978,-5.62354,-86.2794,1596.64,1,20
6,-37.3426,-10.5613,-168.187,392.82,1,20
6,-37.2165,-10.9975,-33.6993,381.971,1,20
6,-36.6505,-12.7575,-136.436,210.177,1,20
6,-35.8661,-14.8202,-202.907,675.551,1,20
6,-34.9865,-16.7917,-167.378,318.084,1,20
6,-34.7168,-17.3424,-209.86,469.811,1,20
6,-34.2192,-18.3047,-148.256,501.28,1,20
6,-28.9251,-25.8719,-97.1526,59.5544,1,20
6,-26.4297,-28.4163,89.5567,45.2497,1,20
6,-26.1115,-28.709,-288.816,152.061,1,20
6,-22.3232,-31.7441,-165.402,402.928,1,20
6,-19.9558,-33.2833,-175.111,466.029,1,20
6,-16.3138,-35.2118,61.7051,228.366,1,20
6,-12.5018,-36.7385,-103.292,86.9343,1,20
6,-10.8109,-37.2711,-134.698,921.488,1,20
6,-10.5347,-37.3502,-216.148,143.839,1,20
6,-8.38571,-37.8906,-27.9821,395.175,1,20
6,-6.79827,-38.2073,-109.741,935.527,1,20
6,-3.31081,-38.6659,-175.184,649.323,1,20
6,-3.11646,-38.6821,-186.364,414.599,1,20
6,-2.79422,-38.7067,-39.9924,749.34,1,20
6,-0.411634,-38.8052,-253.32,193.091,1,20
6,3.20404,-38.6749,53.6032,473.026,1,20
6,5.16289,-38.4624,-218.036,776.94,1,20
6,5.64548,-38.3946,49.8069,230.205,1,20
6,6.10702,-38.3239,-132.606,953.409,1,20
6,12.2853,-36.8115,-7.54883,527.732,1,20
6,23.4526,-30.9191,-146.06,61.7008,1,20
6,24.9705,-29.7067,91.113,269.966,1,20
6,25.0969,-29.6,71.7381,348.164,1,20
6,26.3306,-28.5081,-141.397,247.626,1,20
6,28.5759,-26.257,-266.037,1333.55,1,20
6,28.8416,-25.9649,-197.322,263.739,1,20
6,30.5321,-23.9542,63.666,510.607,1,20
6,31.5602,-22.5825,-102.496,45.5721,1,20
6,36.9169,-11.9647,-136.619,137.224,1,20
6,38.3109,-6.18805,-282.89,117.226,1,20
6,38.5208,-4.7078,-137.087,228.639,1,20
6,38.6809,3.13097,74.001,185.156,1,20
6,38.362,5.86272,-113.457,734.133,1,20
6,38.136,7.18757,-276.534,539.269,1,20
6,37.9255,8.22624,-166.562,1281.72,1,20
6,36.1926,14.0039,67.2849,3450.47,1,20
6,36.129,14.1672,87.2404,1288.73,1,20
6,35.1015,16.55,6.68818,243.115,1,20
6,34.5054,17.7593,-200.142,792.084,1,20
6,34.578,17.6174,-235.426,146.666,1,20
6,33.0199,20.3887,-207.056,369.883,1,20
6,32.6704,20.9442,-36.0877,435.885,1,20
6,32.7422,20.8318,-82.4116,1031.04,1,20
6,31.3217,22.9121,-69.9833,4151.03,1,20
6,30.859,23.5316,72.4233,542.515,1,20
6,29.3433,25.3965,20.4024,303.223,1,20
6,29.3459,25.3936,-60.9545,192.178,1,20
6,28.5377,26.2986,66.5597,273.982,1,20
6,28.1738,26.688,-109.525,591.025,1,20
6,26.7427,28.1219,50.884,3663.3,1,20
6,26.7446,28.1201,-157.646,2565.43,1,20
6,25.2972,29.429,-298.212,358.621,1,20
6,24.7535,29.8878,-135.437,1151.28,1,20
6,16.2915,35.2222,-169.055,552.929,1,20
6,11.6602,37.0142,-215.199,294.039,1,20
6,8.91475,37.7696,-142.497,209.825,1,20
6,7.20178,38.1333,-123.871,387.491,1,20
6,6.56947,38.2473,-192.963,684.108,1,20
6,6.0487,38.3331,16.2991,423.649,1,20
6,5.89534,38.357,87.8193,289.49,1,20
6,5.85639,38.363,-302.532,259.587,1,20
6,1.70246,38.77,-219.34,99.4487,1,20
6,1.1256,38.7911,-103.625,1332.87,1,20
6,0.324259,38.806,-181.167,72.1339,1,20
6,-3.13097,38.6809,-291.746,229.448,1,20
6,-5.25925,38.4494,102.668,2938.23,1,20
6,-12.6825,36.6766,-148.083,1308.53,1,20
6,-13.0706,36.54,-275.957,222.643,1,20
6,-14.4506,36.0166,-54.919,50.7154,1,20
6,-22.2961,31.7631,-149.178,593.144,1,20
6,-22.5813,31.5611,-33.087,380.28,1,20
6,-25.2927,29.4329,-100.62,584.815,1,20
6,-25.9959,28.8136,-165.232,555.981,1,20
6,-26.4374,28.4091,-132.557,252.271,1,20
6,-28.7059,26.1149,-84.4761,135.291,1,20
6,-29.791,24.8698,-100.5,396.122,1,20
6,-32.6652,20.9523,-180.702,693.298,1,20
6,-33.443,19.6871,-46.2429,112.589,1,20
6,-35.1377,16.4729,104.091,941.574,1,20
6,-39.3769,-0.304645,140.014,688.583,0,21
6,-39.2242,-3.47784,217.772,113.198,0,21
6,-38.4494,-8.50155,76.1883,362.472,0,21
6,-35.5618,-16.9113,-85.2262,933.539,0,21
6,-34.9346,-18.1717,87.9799,602.973,0,21
6,-34.9046,-18.2291,95.1503,315.715,0,21
6,-34.0709,-19.7436,217.214,572.731,0,21
6,-33.3117,-20.9992,147.901,240.566,0,21
6,-30.3703,-25.0655,-83.0452,313.634,0,21
6,-29.8048,-25.7353,264.717,77.2589,0,21
6,-28.3482,-27.3316,19.318,823.202,0,21
6,-28.1905,-27.4942,-32.211,304.996,0,21
6,-28.1182,-27.5681,-70.5355,347.15,0,21
6,-27.2289,-28.4468,186.392,305.148,0,21
6,-21.3144,-33.1109,7.23203,1725.53,0,21
6,-19.4593,-34.2341,-64.8677,113.512,0,21
6,-17.8712,-35.0892,-84.3314,363.653,0,21
6,-9.75767,-38.15,-62.5692,153.957,0,21
6,-8.05832,-38.5448,270.021,1725.66,0,21
6,-6.35874,-38.8613,52.897,295.561,0,21
6,-5.53864,-38.9866,36.7231,134.004,0,21
6,-4.6611,-39.1013,213.174,759.258,0,21
6,-3.94273,-39.1802,117.109,166.362,0,21
6,-3.98186,-39.1763,151.403,105.077,0,21
6,-3.78202,-39.1961,189.747,319.154,0,21
6,-3.26994,-39.2421,68.4774,2054.12,0,21
6,-3.01309,-39.2627,128.902,285.152,0,21
6,0.697526,-39.3719,175.509,619.983,0,21
6,1.80622,-39.3367,-101.146,53.5602,0,21
6,3.16573,-39.2506,-49.995,785.116,0,21
6,4.9956,-39.0599,196.865,1096.33,0,21
6,5.7795,-38.9517,289.032,413.776,0,21
6,7.40967,-38.6747,260.388,79.9815,0,21
6,11.4128,-37.688,99.1085,538.382,0,21
6,14.0421,-36.7893,190.507,242.818,0,21
6,14.4325,-36.6379,240.253,604.218,0,21
6,14.557,-36.5886,164.418,390.427,0,21
6,18.7112,-34.6486,-96.0737,359.78,0,21
6,21.7933,-32.7977,84.3885,1478.25,0,21
6,24.3779,-30.925,199.588,110.772,0,21
6,25.5683,-29.9482,225.138,3237.79,0,21
6,27.3334,-28.3464,50.7482,163.483,0,21
6,28.6805,-26.9827,182.797,189.412,0,21
6,29.846,-25.6876,243.371,210.126,0,21
6,33.339,-20.9559,90.3831,360.145,0,21
6,33.9391,-19.9693,222.413,658.909,0,21
6,34.2458,-19.4386,207.954,273.522,0,21
6,35.1846,-17.6828,-101.285,505.634,0,21
6,38.5239,-8.15739,-6.56932,989.27,0,21
6,38.6951,-7.30246,166.606,993.411,0,21
6,38.9815,-5.5745,-73.7,11.0416,0,21
6,38.9983,-5.45617,-57.9002,224.567,0,21
6,39.2277,-3.43838,-40.1661,2084.96,0,21
6,39.2348,-3.35622,112.577,836.078,0,21
6,39.337,-1.79923,146.325,579.715,0,21
6,39.352,-1.4328,57.1751,556.044,0,21
6,38.7454,7.03028,-72.486,1715.36,0,21
6,38.8037,6.70103,279.018,401.911,0,21
6,38.5132,8.20789,129.483,286.874,0,21
6,37.8636,10.8157,169.252,166.291,0,21
6,37.3499,12.4749,133.705,332.885,0,21
6,36.2201,15.4512,16.8632,333.685,0,21
6,31.9903,22.962,-72.3249,733.752,0,21
6,30.7243,24.6303,122.182,158.467,0,21
6,29.1312,26.4955,162.775,369.631,0,21
6,29.1312,26.4955,199.195,135.807,0,21
6,28.8342,26.8183,162.287,35.2307,0,21
6,28.8342,26.8183,198.932,12,0,21
6,27.0155,28.6495,-100.364,782.169,0,21
6,26.4845,29.1411,-48.3904,464.743,0,21
6,22.5739,32.2654,-103.235,943.251,0,21
6,19.0726,34.451,158.269,775.519,0,21
6,19.1205,34.4244,251.609,1089.54,0,21
6,18.8008,34.6001,-60.0654,2271.6,0,21
6,17.1905,35.4277,145.811,337.687,0,21
6,14.5621,36.5866,165.042,231.172,0,21
6,-3.00296,39.2634,-51.0178,3347.32,0,21
6,-2.72258,39.2839,-64.4241,596.229,0,21
6,-3.58001,39.215,280.066,379.737,0,21
6,-4.27715,39.1451,133.7,417.465,0,21
6,-4.57521,39.1114,-71.4528,319.336,0,21
6,-7.72335,38.6133,139.271,186.538,0,21
6,-13.1994,37.1,138.933,425.156,0,21
6,-13.9524,36.8234,-9.97994,1107.57,0,21
6,-19.2962,34.3262,-54.6908,11453,0,21
6,-15.0123,36.4042,142.433,640.838,0,21
6,-14.9689,36.4221,226.964,292.392,0,21
6,-16.7537,35.6363,-50.743,3873.12,0,21
6,-16.6699,35.6756,159.387,229.947,0,21
6,-18.484,34.7703,-44.8505,639.75,0,21
6,-19.9036,33.9777,280.017,736.26,0,21
6,-20.443,33.6559,146.13,570.333,0,21
6,-21.0881,33.2555,-45.7266,456.81,0,21
6,-23.6099,31.5152,-2.09154,512.776,0,21
6,-25.8581,29.6983,-38.612,296.876,0,21
6,-27.3551,28.3255,-77.6384,1297.16,0,21
6,-27.3752,28.3061,67.5389,314.109,0,21
6,-29.5564,26.0203,-99.6992,337.828,0,21
6,-29.9217,25.5994,-40.1427,549.475,0,21
6,-29.8348,25.7006,201.181,101.15,0,21
6,-29.9282,25.5918,117.562,284.631,0,21
6,-32.6426,22.0249,-72.6627,3396.54,0,21
6,-34.9771,18.0896,-9.79444,176.996,0,21
6,-35.9259,16.1234,274.869,231.035,0,21
6,-36.6061,14.513,139.258,312.257,0,21
6,-36.9584,13.591,-68.4089,149.698,0,21
6,-38.4588,8.45896,91.5324,232.04,0,21
6,-39.2948,2.56015,195.485,94.982,0,21
6,-39.3702,0.790704,-82.2995,773.003,0,21
6,-39.3701,0.793937,125.105,401.372,0,21
6,-39.3619,-1.13093,-167.742,232.168,1,21
6,-39.3505,-1.47432,-299.857,436.986,1,21
6,-39.323,-2.08278,-305.78,16,1,21
6,-39.1833,-3.91232,58.0879,2602.69,1,21
6,-38.958,-5.73647,-85.3628,779.402,1,21
6,-38.9152,-6.01997,-187.833,665.466,1,21
6,-38.1363,-9.81125,-167.983,99.0204,1,21
6,-37.8413,-10.8935,-38.2748,284,1,21
6,-37.8304,-10.9314,-43.324,12,1,21
6,-37.8304,-10.9313,-44.172,11,1,21
6,-37.6478,-11.5447,-32.9667,768.331,1,21
6,-37.2164,-12.8677,-136.018,633.573,1,21
6,-36.6853,-14.3116,-257.446,392.883,1,21
6,-36.3962,-15.0316,-202.121,475.309,1,21
6,-35.2673,-17.5171,-209.68,656.037,1,21
6,-35.0961,-17.8577,-175.788,751,1,21
6,-35.0961,-17.8577,-184.952,34,1,21
6,-29.5227,-26.0585,-96.5059,208.515,1,21
6,-22.1403,-32.5644,-62.1285,46.494,1,21
6,-20.2976,-33.7437,-175.004,393.49,1,21
6,-12.5403,-37.328,-102.48,95.7945,1,21
6,-11.4079,-37.6894,-133.516,492.556,1,21
6,-8.25691,-38.5027,-27.1466,321.664,1,21
6,-7.84727,-38.5883,-107.915,873.07,1,21
6,-3.12161,-39.2542,-39.4226,573.334,1,21
6,-3.23242,-39.2452,-174.066,1293.98,1,21
6,-0.294165,-39.377,-252.478,414.056,1,21
6,5.61755,-38.9753,50.2244,611.429,1,21
6,6.07454,-38.9067,-132.003,519.224,1,21
6,12.1567,-37.4546,-6.92994,187.183,1,21
6,22.1954,-32.5269,-122.592,224.148,1,21
6,25.394,-30.0962,72.4396,266.801,1,21
6,26.5043,-29.1231,-159.346,439.745,1,21
6,26.8752,-28.7812,-140.676,93.6697,1,21
6,29.2509,-26.3633,-265.475,1104.08,1,21
6,30.1137,-25.3733,-103.314,386.375,1,21
6,30.9937,-24.2904,64.3639,673.935,1,21
6,31.5306,-23.5893,105.456,223.191,1,21
6,32.1515,-22.7358,-234.941,202.197,1,21
6,37.7192,-11.3091,-170.704,172.122,1,21
6,37.9058,-10.6671,51.4687,195.931,1,21
6,38.9045,-6.08879,-281.573,389.766,1,21
6,39.0982,-4.68684,-136.296,235.774,1,21
6,39.3355,-1.83042,-214.791,246.508,1,21
6,39.2497,3.17701,74.7851,55.671,1,21
6,38.9231,5.96853,-112.703,367.968,1,21
6,38.6823,7.37006,-276.136,699.149,1,21
6,38.469,8.41236,-187.739,335.339,1,21
6,38.3174,9.07828,-165.851,188.119,1,21
6,36.7097,14.249,87.9054,744.196,1,21
6,36.6198,14.4784,68.4801,86.0821,1,21
6,35.6304,16.7664,7.51985,666.809,1,21
6,35.1072,17.8359,-234.767,549.843,1,21
6,33.7186,20.3394,-206.556,1134.98,1,21
6,33.2053,21.167,-35.4966,426.163,1,21
6,33.2078,21.1631,-81.1461,830.113,1,21
6,31.4874,23.647,-68.8048,512.347,1,21
6,31.4148,23.7433,73.6521,212.541,1,21
6,29.8952,25.6303,20.5734,1139.26,1,21
6,28.8343,26.8183,67.3301,279.538,1,21
6,28.7668,26.8907,-108.273,481.789,1,21
6,27.1417,28.53,52.3772,1138.4,1,21
6,25.5966,29.924,-297.99,390.504,1,21
6,25.1463,30.3034,-133.992,188.637,1,21
6,24.5206,30.8119,64.026,1745.43,1,21
6,22.5963,32.2497,-157.488,76.7929,1,21
6,16.6529,35.6835,-168.321,181.557,1,21
6,12.337,37.3956,-213.971,633.227,1,21
6,9.1825,38.2925,-142.062,223.743,1,21
6,7.06608,38.7389,-122.281,110.308,1,21
6,6.51364,38.8356,-191.641,533.136,1,21
6,6.00841,38.917,-302.024,127.474,1,21
6,5.52039,38.9892,95.4297,80.3834,1,21
6,1.829,39.3356,-104.875,993.076,1,21
6,-3.17702,39.2497,55.044,20.134,1,21
6,-4.79456,39.0851,101.159,6735.88,1,21
6,-12.6497,37.291,-235.707,190.548,1,21
6,-13.4546,37.0082,-275.457,343.319,1,21
6,-14.257,36.7066,-54.1387,109.879,1,21
6,-14.246,36.7108,-254.507,712.359,1,21
6,-19.0709,34.4519,41.9896,336.523,1,21
6,-19.1424,34.4123,-176.803,63.2619,1,21
6,-22.9539,31.9961,-32.0026,651.112,1,21
6,-23.1508,31.854,-149.476,731.627,1,21
6,-25.5343,29.9772,-99.1184,905.637,1,21
6,-26.3443,29.268,-164.877,386.23,1,21
6,-26.4582,29.1651,-131.999,237.487,1,21
6,-28.4272,27.2494,-299.968,431.645,1,21
6,-28.8254,26.8278,-83.1735,2499.91,1,21
6,-28.7375,26.9219,-173.433,448.859,1,21
6,-28.9006,26.7468,-36.8625,126.684,1,21
6,-28.8342,26.8184,-86.148,13.0045,1,21
6,-30.088,25.4037,-99.7254,428.874,1,21
6,-32.3307,22.4802,-53.8347,389.167,1,21
6,-35.1543,17.7429,-278.06,308.863,1,21
6,-35.6654,16.6918,105.078,1338.53,1,21
6,-38.1201,9.87367,53.837,67.0685,1,21
6,-39.9483,-0.194931,-81.917,525.989,0,22
6,-39.9484,-0.181235,139.724,228.201,0,22
6,-39.933,-1.12467,201.644,3623.99,0,22
6,-39.8476,-2.84188,132.375,414.534,0,22
6,-39.8258,-3.13184,217.426,200.916,0,22
6,-39.3873,-6.67424,-86.6945,227.352,0,22
6,-38.9771,-8.75734,75.9297,614.569,0,22
6,-37.3565,-14.1563,-8.00961,369.331,0,22
6,-36.2977,-16.6849,227.39,3477.29,0,22
6,-36.2126,-16.8688,299.129,423.84,0,22
6,-36.0969,-17.1149,-86.3794,2355.66,0,22
6,-35.7537,-17.8208,184.669,128.346,0,22
6,-35.4859,-18.3483,85.9647,564.345,0,22
6,-35.4572,-18.4036,199.548,368.495,0,22
6,-35.3827,-18.5465,93.6206,1268.46,0,22
6,-34.6544,-19.8741,216.502,510.329,0,22
6,-33.9447,-21.0633,147.79,262.217,0,22
6,-31.8285,-24.1424,296.989,556.615,0,22
6,-30.8632,-25.3647,-83.7022,42.5492,0,22
6,-30.8632,-25.3647,255.543,78.6867,0,22
6,-30.1884,-26.1642,263.715,320.373,0,22
6,-28.8814,-27.6002,-32.0636,565.211,0,22
6,-28.6444,-27.8461,18.0038,630.646,0,22
6,-28.0111,-28.4831,186.126,88.5328,0,22
6,-27.5714,-28.9089,194.722,484.056,0,22
6,-24.9336,-31.2126,-51.4127,723.371,0,22
6,-23.1029,-32.5908,-38.3995,271.875,0,22
6,-21.5694,-33.6254,5.99264,569.263,0,22
6,-19.574,-34.8248,-66.015,392.337,0,22
6,-17.5754,-35.875,-84.9564,438.219,0,22
6,-16.9766,-36.1622,-85.4955,115.064,0,22
6,-15.5356,-36.8042,-91.8951,1001.3,0,22
6,-10.0168,-38.6726,-63.3228,34.3018,0,22
6,-9.50252,-38.8022,-63.2635,1041.04,0,22
6,-6.81151,-39.3638,268.257,959.827,0,22
6,-6.08246,-39.483,51.4581,225.102,0,22
6,-5.4645,-39.5733,36.1416,647.343,0,22
6,-4.67802,-39.674,211.806,1510.84,0,22
6,-4.08269,-39.7396,116.56,209.404,0,22
6,-4.2071,-39.7267,151.187,155.565,0,22
6,-3.68343,-39.7786,188.55,459.307,0,22
6,-3.42524,-39.8017,67.9713,2489.72,0,22
6,-3.35056,-39.808,-75.6385,844.274,0,22
6,-3.23879,-39.8173,128.353,410.347,0,22
6,0.331283,-39.9474,175.366,258.55,0,22
6,1.73104,-39.9113,-101.827,276.144,0,22
6,2.07722,-39.8948,-50.4954,1526,0,22
6,5.72369,-39.5366,288.307,479.817,0,22
6,7.6656,-39.2064,258.864,1301.35,0,22
6,11.0898,-38.3787,-82.3861,94.7977,0,22
6,11.7075,-38.1948,97.9679,1320.58,0,22
6,14.4329,-37.2505,190.174,217.034,0,22
6,14.7885,-37.1108,238.942,1177.36,0,22
6,17.1063,-36.101,157.273,474.512,0,22
6,19.2364,-35.0124,-96.4253,405.599,0,22
6,19.878,-34.6522,182.296,265.294,0,22
6,21.7869,-33.4849,81.9745,1259.67,0,22
6,24.9337,-31.2125,226.705,1691.8,0,22
6,24.8845,-31.2517,199.186,347.203,0,22
6,27.623,-28.8596,50.4128,798.523,0,22
6,30.3761,-25.946,242.254,445.591,0,22
6,34.0599,-20.8766,90.03,390.522,0,22
6,34.6158,-19.9412,206.173,429.37,0,22
6,35.5778,-18.1694,-102.508,1256.63,0,22
6,36.3764,-16.5125,305.567,75.5792,0,22
6,36.8221,-15.4931,-37.0458,36.2774,0,22
6,38.4217,-10.9397,-60.3647,135.387,0,22
6,38.9448,-8.90008,305.78,133.071,0,22
6,39.0231,-8.55026,-6.62261,271.092,0,22
6,39.1799,-7.80008,164.973,988.494,0,22
6,39.4869,-6.05746,-74.0162,297.336,0,22
6,39.5855,-5.37555,-58.4074,398.915,0,22
6,39.7948,-3.50377,-40.3098,642.91,0,22
6,39.8883,-2.19691,-41.1862,374.634,0,22
6,39.9132,-1.68502,56.7082,176.786,0,22
6,39.9175,-1.58034,145.679,903.328,0,22
6,39.9237,-1.41685,-35.5248,621.519,0,22
6,39.9133,1.68461,223.377,246.219,0,22
6,39.3928,6.6416,-73.2993,1132.3,0,22
6,39.0311,8.51333,128.291,1018.57,0,22
6,38.3227,11.2816,169.556,514.565,0,22
6,37.0107,15.0371,-18.2215,300.886,0,22
6,36.7983,15.5496,15.7757,918.43,0,22
6,35.9826,17.354,218.499,282.328,0,22
6,35.374,18.5631,-69.5156,915,0,22
6,35.0891,19.0961,-78.3539,505.992,0,22
6,32.4201,23.3419,-72.9491,421.273,0,22
6,31.0432,25.1441,121.624,130.006,0,22
6,28.9472,27.5312,194.988,53.248,0,22
6,28.6387,27.852,195.273,63.8126,0,22
6,28.0111,28.4831,-102.481,116.422,0,22
6,27.6463,28.8373,-101.718,137.958,0,22
6,19.7389,34.7316,250.566,224.422,0,22
6,19.3111,34.9712,-61.0479,4375.41,0,22
6,19.1527,35.0583,158.503,870.099,0,22
6,17.6676,35.8296,145.397,376.595,0,22
6,14.9147,37.0602,163.259,1493.59,0,22
6,7.76446,39.187,143.725,301.792,0,22
6,-2.85958,39.8463,-64.9028,280.841,0,22
6,-3.11139,39.8274,279.774,616.768,0,22
6,-4.24381,39.7227,132.385,540.175,0,22
6,-4.42925,39.7025,-71.8276,149.571,0,22
6,-6.93917,39.3415,-50.9492,7613.43,0,22
6,-5.65651,39.5463,215.155,988.626,0,22
6,-5.67885,39.5431,299.762,595.08,0,22
6,-7.61126,39.217,138.995,378.107,0,22
6,-8.57246,39.0182,-57.2297,191.177,0,22
6,-9.5375,38.7936,-96.9998,1043.26,0,22
6,-10.6615,38.4998,-50.8047,80.1216,0,22
6,-13.6265,37.553,-50.7944,7761.18,0,22
6,-13.1231,37.7318,137.606,1145.47,0,22
6,-14.7317,37.1333,-10.1189,1685.63,0,22
6,-14.945,37.048,226.89,393.242,0,22
6,-15.511,36.8146,141.276,827.389,0,22
6,-19.3373,34.9568,-45.0814,147.157,0,22
6,-20.0769,34.5373,145.859,1866.07,0,22
6,-21.9022,33.4096,-45.6527,397.092,0,22
6,-23.1136,32.5832,208.728,268.438,0,22
6,-23.9875,31.9454,-3.7623,1162.87,0,22
6,-25.9807,30.3465,-39.0524,576.652,0,22
6,-27.6655,28.8189,-78.2524,847.821,0,22
6,-27.8484,28.6421,66.2063,2115.18,0,22
6,-28.4831,28.0111,47.14,17.0568,0,22
6,-28.4831,28.0111,47.988,20.3904,0,22
6,-28.4831,28.0111,86.572,16.1493,0,22
6,-28.7934,27.692,47.3534,48.4136,0,22
6,-28.7934,27.692,85.8549,102.965,0,22
6,-29.8779,26.5183,-40.1933,1147.98,0,22
6,-29.9598,26.4256,-100.706,840.844,0,22
6,-30.1936,26.1582,199.987,1572.28,0,22
6,-30.461,25.8463,116.773,262.76,0,22
6,-30.7431,25.5102,-58.7181,829.064,0,22
6,-33.3197,22.0388,-73.4588,7086.62,0,22
6,-35.5129,18.2959,-11.1959,361.944,0,22
6,-36.9434,15.2016,139.216,617.565,0,22
6,-37.4598,13.8805,-68.9657,127.659,0,22
6,-38.9845,8.72438,90.3113,286.385,0,22
6,-39.9224,1.45145,197.366,2913.55,0,22
6,-39.937,0.970529,123.806,2035.04,0,22
6,-39.9481,0.22925,-81.8967,132.61,0,22
6,-39.9329,-1.12573,-167.393,109.583,1,22
6,-39.9275,-1.30327,-298.428,1033.28,1,22
6,-39.8757,-2.41629,-304.919,1733.52,1,22
6,-39.7699,-3.77678,58.9342,1190.46,1,22
6,-39.519,-5.84457,-84.0384,876.518,1,22
6,-38.0618,-12.133,-32.1318,1438.25,1,22
6,-37.7987,-12.9292,-135.365,275.025,1,22
6,-37.2606,-14.4067,-256.584,157.804,1,22
6,-36.9249,-15.2466,-201.462,318.593,1,22
6,-35.8828,-17.5594,-209.404,314.401,1,22
6,-35.1534,-18.9774,-147.918,313.62,1,22
6,-34.9798,-19.2956,-164.341,1083.13,1,22
6,-34.0043,-20.967,-289.486,1800.92,1,22
6,-30.0586,-26.3133,-95.2869,1152.78,1,22
6,-26.2144,-30.1449,-284.588,113.664,1,22
6,-22.7309,-32.8514,-60.8987,634.018,1,22
6,-22.8057,-32.7995,-164.723,480.922,1,22
6,-20.638,-34.2049,-174.882,492.033,1,22
6,-16.8958,-36.2,61.7887,277.272,1,22
6,-12.484,-37.9481,-101.183,376.766,1,22
6,-12.003,-38.1029,-132.343,411.48,1,22
6,-8.6769,-38.9951,-105.664,1502.79,1,22
6,-8.23549,-39.0907,-26.4359,421.314,1,22
6,-3.70323,-39.7768,-186.033,628.157,1,22
6,-3.47786,-39.7971,-38.9066,486.295,1,22
6,-3.08992,-39.8291,-172.511,3414.28,1,22
6,-3.00125,-39.8359,-176.036,11.2427,1,22
6,3.05437,-39.8319,54.6465,676.415,1,22
6,5.64545,-39.5479,50.5729,543.647,1,22
6,5.58447,-39.5565,-217.971,467.963,1,22
6,5.92993,-39.5062,-131.479,226.386,1,22
6,11.9395,-38.1229,-6.35541,275.121,1,22
6,24.1424,-31.8285,-147.628,26.1265,1,22
6,25.4222,-30.8159,93.2545,607.914,1,22
6,25.7038,-30.5814,73.0696,314.503,1,22
6,27.3872,-29.0835,-139.577,1624.79,1,22
6,29.6386,-26.7854,-197.129,239.453,1,22
6,29.9467,-26.4406,-264.685,1975.1,1,22
6,30.7565,-25.494,-101.8,785.097,1,22
6,31.4687,-24.6096,65.0718,175.673,1,22
6,32.4884,-23.2467,-233.374,153.588,1,22
6,37.8313,-12.8336,-135.903,704.202,1,22
6,38.3163,-11.3034,-170.199,288.63,1,22
6,38.4477,-10.8482,51.8432,218.971,1,22
6,38.4399,-10.8759,-170.36,36.2172,1,22
6,39.5041,-5.94403,-279.325,1922.1,1,22
6,39.5144,-5.87548,-281.612,11.8023,1,22
6,39.6755,-4.66482,-135.16,753.634,1,22
6,39.889,-2.18564,-214.408,200.431,1,22
6,39.8186,3.22306,76.244,11.1017,1,22
6,39.4849,6.07059,-111.926,793.53,1,22
6,39.2138,7.62767,-275.621,363.952,1,22
6,39.06,8.38011,-187.607,361.474,1,22
6,38.4998,10.6615,-163.74,12.0277,1,22
6,37.5523,13.6284,104.314,130.268,1,22
6,37.2725,14.3758,88.4197,1154.62,1,22
6,36.178,16.9429,9.12649,1294.63,1,22
6,35.6391,18.0489,-233.982,352.48,1,22
6,35.3865,18.5391,-199.065,965.381,1,22
6,34.439,20.245,-206.032,520.199,1,22
6,33.7178,21.4246,-34.8795,630.269,1,22
6,33.6725,21.4958,-79.955,1251.4,1,22
6,31.9093,24.0354,74.4785,193.21,1,22
6,30.9413,25.2694,-65.7551,2011.21,1,22
6,30.435,25.8769,20.9451,337.959,1,22
6,30.3972,25.9214,-60.1919,809.69,1,22
6,29.1851,27.2789,68.2558,967.249,1,22
6,27.5579,28.9218,50.5771,5695.32,1,22
6,27.3358,29.1318,-157.509,455.718,1,22
6,25.8723,30.4389,-297.536,3269.9,1,22
6,25.5677,30.6952,-132.718,812.136,1,22
6,25.0672,31.1054,64.7405,771.2,1,22
6,22.7866,32.8128,-157.431,256.028,1,22
6,17.0554,36.1251,-167.264,733.6,1,22
6,13.1658,37.7169,-212.527,909.316,1,22
6,9.45487,38.8138,-141.605,227.691,1,22
6,6.61158,39.3979,-120.547,661.81,1,22
6,6.27174,39.4534,-189.739,1218.99,1,22
6,6.13585,39.4748,-301.724,956.584,1,22
6,6.02335,39.4921,87.6778,312.052,1,22
6,5.19524,39.6095,96.5923,1090.12,1,22
6,2.74772,39.8542,-105.872,1083.05,1,22
6,2.14475,39.8912,-218.415,1044.66,1,22
6,0.333798,39.9474,-180.7,13.1248,1,22
6,-3.57256,39.7887,56.6324,476.734,1,22
6,-4.71394,39.6697,100.878,5875.33,1,22
6,-9.83501,38.7192,-147.246,593.688,1,22
6,-12.5216,37.9357,-234.818,738.783,1,22
6,-13.139,37.7263,-146.919,1910.46,1,22
6,-13.7339,37.5138,-53.0407,651.998,1,22
6,-14.1602,37.355,-253.431,1037.6,1,22
6,-13.93,37.4414,-274.962,82.2494,1,22
6,-19.2706,34.9936,-176.769,367.664,1,22
6,-19.4129,34.9148,42.0234,277.917,1,22
6,-24.5898,31.4841,-149.964,2178.86,1,22
6,-25.7744,30.5219,-97.7359,1493.91,1,22
6,-26.6041,29.8015,-131.444,459.217,1,22
6,-26.663,29.7488,-164.315,471.689,1,22
6,-28.862,27.6205,-81.3786,1547.83,1,22
6,-29.3685,27.0813,-299.896,4697.68,1,22
6,-30.4445,25.8657,-98.7231,1111.21,1,22
6,-32.8731,22.6995,-53.3965,914.374,1,22
6,-33.6609,21.514,-180.396,669.932,1,22
6,-34.3841,20.3381,-45.8763,208.758,1,22
6,-35.5635,18.1974,-277.584,170.63,1,22
6,-38.6726,10.0168,54.196,12.0571,1,22
6,-41.6663,-0.0852286,139.352,92.695,0,23
6,-41.6544,-0.998693,-81.3935,1654.33,0,23
6,-41.619,-1.98684,131.746,386.325,0,23
6,-41.6029,-2.2998,216.958,43.3174,0,23
6,-41.5719,-2.8041,217.079,2082.95,0,23
6,-40.9959,-7.44469,211.476,1365.8,0,23
6,-40.9208,-7.84712,-87.1689,580.617,0,23
6,-40.5644,-9.51942,75.1176,659.901,0,23
6,-40.1797,-11.0308,217.322,60.5271,0,23
6,-40.0523,-11.4849,217.881,155.127,0,23
6,-40.0001,-11.6654,142.04,122.598,0,23
6,-39.3722,-13.6351,275,55.585,0,23
6,-39.2594,-13.9567,274.795,81.5255,0,23
6,-37.881,-17.3529,298.002,399.019,0,23
6,-37.3998,-18.3669,184.333,642.337,0,23
6,-37.0643,-19.0348,84.2197,837.239,0,23
6,-36.9253,-19.303,198.107,370.605,0,23
6,-36.2658,-20.5154,215.5,1311.22,0,23
6,-35.8005,-21.317,147.58,660.402,0,23
6,-34.0907,-23.9565,297.467,664.071,0,23
6,-32.8564,-25.6232,147.352,238.936,0,23
6,-32.4908,-26.0852,-84.6762,458.448,0,23
6,-32.0867,-26.5807,254.138,128.301,0,23
6,-31.3869,-27.4035,261.796,726.852,0,23
6,-30.677,-28.1959,-31.8585,672.535,0,23
6,-30.2082,-28.6976,-72.112,516.053,0,23
6,-29.8814,-29.0378,15.7474,102.604,0,23
6,-29.6428,-29.2813,15.613,142.18,0,23
6,-28.8627,-30.0505,193.936,448.41,0,23
6,-27.025,-31.7134,-51.5252,997.404,0,23
6,-25.0266,-33.3131,-38.4132,361.63,0,23
6,-22.2983,-35.1977,3.53917,917.174,0,23
6,-20.1659,-36.4613,-68.3814,675.168,0,23
6,-16.5569,-38.2356,-86.8037,159.222,0,23
6,-16.4165,-38.2961,-93.4215,313.459,0,23
6,-16.0505,-38.4509,-87.4504,232.931,0,23
6,-15.4051,-38.714,-88.0577,668.295,0,23
6,-13.6416,-39.37,168.16,381.067,0,23
6,-12.9686,-39.5968,145.218,535.58,0,23
6,-8.96931,-40.6896,-64.0662,719.577,0,23
6,-8.34192,-40.8228,-64.4707,94.3778,0,23
6,-5.52304,-41.2987,49.3594,636.929,0,23
6,-5.17194,-41.3442,34.6698,239.441,0,23
6,-5.10809,-41.3521,265.868,221.772,0,23
6,-4.44659,-41.4285,115.231,293.325,0,23
6,-4.50784,-41.4218,150.849,74.4162,0,23
6,-4.31563,-41.4423,264.981,546.28,0,23
6,-3.92994,-41.4807,66.6834,649.06,0,23
6,-3.8295,-41.49,-76.5158,120.329,0,23
6,-3.82951,-41.49,127.48,92.744,0,23
6,-3.6601,-41.5053,186.493,470.812,0,23
6,-3.20395,-41.543,263.651,1417.4,0,23
6,-3.48994,-41.52,127.822,145.651,0,23
6,-2.24783,-41.6057,262.703,349.204,0,23
6,-0.617467,-41.6618,175.2,670.478,0,23
6,5.66153,-41.28,287.278,294.287,0,23
6,8.30575,-40.8302,256.603,1224.39,0,23
6,10.2068,-40.3969,-84.0689,332.902,0,23
6,12.4283,-39.7697,96.3821,426.324,0,23
6,12.827,-39.6429,95.052,23.0938,0,23
6,15.6452,-38.6176,236.325,649.731,0,23
6,16.0238,-38.462,159.5,23.2107,0,23
6,16.0238,-38.462,160.83,193.059,0,23
6,20.376,-36.3443,-96.9643,262.111,0,23
6,20.9615,-36.0098,180.476,2258.03,0,23
6,22.135,-35.3005,232.331,743.731,0,23
6,22.1586,-35.2858,77.9197,1790.04,0,23
6,22.9238,-34.7935,231.5,499.328,0,23
6,23.7168,-34.2579,229.991,1016.04,0,23
6,24.5748,-33.6477,229.144,325.372,0,23
6,26.0674,-32.5051,198.508,534.857,0,23
6,28.7197,-30.1873,49.7184,574.526,0,23
6,29.9764,-28.9397,179.691,438.262,0,23
6,31.8635,-26.8479,240.212,365.31,0,23
6,35.6825,-21.5139,222.007,882.446,0,23
6,36.9092,-19.3338,-105.019,661.97,0,23
6,38.462,-16.0237,-37.236,40.2219,0,23
6,38.462,-16.0237,305.78,54.0139,0,23
6,39.455,-13.3938,179.267,446.483,0,23
6,40.5761,-9.46935,61.4181,1248.54,0,23
6,40.6214,-9.27303,-6.69969,496.142,0,23
6,40.7945,-8.47947,162.876,688.995,0,23
6,41.0085,-7.37512,-76.244,24.071,0,23
6,41.0775,-6.98029,-75.4764,163.883,0,23
6,41.3247,-5.32548,-59.037,1240.83,0,23
6,41.4971,-3.7523,-40.444,199.955,0,23
6,41.5533,-3.06769,108.062,1294.31,0,23
6,41.5931,-2.46994,-41.2912,51.4805,0,23
6,41.6453,-1.32445,144.739,572.379,0,23
6,41.6476,-1.25153,-36.4481,251.62,0,23
6,41.6191,1.98486,222.338,427.202,0,23
6,41.1487,6.54762,-74.2326,1386.79,0,23
6,40.8865,8.02372,-75.3574,423.167,0,23
6,39.5851,13.0041,170.169,725.955,0,23
6,38.8795,14.9825,-18.454,507.43,0,23
6,38.5411,15.8327,14.1643,208.598,0,23
6,37.6143,17.9236,218.482,953.333,0,23
6,36.5724,19.9637,-79.946,102.91,0,23
6,33.6719,24.5416,-74.2617,389.786,0,23
6,32.2017,26.4413,120.21,218.869,0,23
6,31.4828,27.2932,198.749,1205.63,0,23
6,30.469,28.4206,158.228,24.1787,0,23
6,30.469,28.4206,159.296,61.736,0,23
6,29.2812,29.6428,-103.625,86.7979,0,23
6,27.0213,31.7166,-48.26,21.0261,0,23
6,26.3781,32.2534,-48.0889,841.163,0,23
6,21.2098,35.8641,248.863,1130.26,0,23
6,20.6886,36.1673,-63.1014,2651.91,0,23
6,19.3854,36.8822,159.033,351.817,0,23
6,19.2646,36.9454,144.86,47.3989,0,23
6,18.9617,37.1018,144.66,28.1093,0,23
6,15.733,38.5819,160.78,1153.03,0,23
6,7.5428,40.978,141.243,222.645,0,23
6,2.92661,41.5635,128.074,142.036,0,23
6,-2.70552,41.5785,279.302,1438.52,0,23
6,-3.39797,41.5276,-66.068,48.2619,0,23
6,-4.06838,41.4673,129.361,732.118,0,23
6,-4.46988,41.4259,-72.5173,938.537,0,23
6,-6.40655,41.1709,214.572,4009.28,0,23
6,-6.09051,41.2189,298.518,176.737,0,23
6,-8.53397,40.7831,-58.088,161.879,0,23
6,-10.0978,40.4243,-98.7282,502.944,0,23
6,-13.3179,39.4807,136.018,1158.15,0,23
6,-15.2482,38.7761,226.767,1547.93,0,23
6,-16.0761,38.4402,-10.3463,267.156,0,23
6,-16.7093,38.1692,139.161,640.898,0,23
6,-20.0459,36.5274,145.359,504.974,0,23
6,-21.071,35.9458,-45.2764,518.424,0,23
6,-23.132,34.6554,208.201,433.416,0,23
6,-23.5017,34.4058,-45.716,24.0139,0,23
6,-23.7824,34.2124,-45.716,22.0294,0,23
6,-25.1616,33.2112,-6.45572,54.253,0,23
6,-27.4054,31.3852,194.273,331.803,0,23
6,-28.6915,30.214,-79.6953,699.746,0,23
6,-29.2813,29.6428,63.8432,64.2548,0,23
6,-30.0573,28.8556,-15.7823,1012.14,0,23
6,-30.0563,28.8567,46.1501,442.753,0,23
6,-31.0763,27.7552,-103.387,694.783,0,23
6,-31.2477,27.5621,195.67,718.017,0,23
6,-32.2052,26.4369,115.106,819.114,0,23
6,-33.0204,25.4114,-58.5174,1425.43,0,23
6,-35.086,22.4736,-74.8993,6501.74,0,23
6,-34.9722,22.6502,-67.7783,503,0,23
6,-37.113,18.9398,-14.1412,1102.44,0,23
6,-38.1723,16.7022,271.874,885.196,0,23
6,-38.3039,16.3981,138.964,259.128,0,23
6,-39.0852,14.4374,-69.59,238.427,0,23
6,-40.6352,9.21228,88.0464,76.9449,0,23
6,-41.6475,1.25379,121.614,485.095,0,23
6,-41.6659,0.20941,139.333,335.267,0,23
6,-41.52,-3.48996,60.6451,500.338,1,23
6,-39.4533,-13.3988,-134.802,438.333,1,23
6,-39.3578,-13.6768,-29.6424,89.4549,1,23
6,-39.2135,-14.0851,-28.9916,191.342,1,23
6,-39.0258,-14.5972,-257.02,6.32774,1,23
6,-38.5653,-15.7736,-200.427,277.591,1,23
6,-37.4909,-18.1802,-208.997,1358.29,1,23
6,-36.7866,-19.5662,-290.092,30.2619,1,23
6,-36.4547,-20.1779,-289.792,658.203,1,23
6,-35.68,-21.5181,-162.21,1162.69,1,23
6,-35.1712,-22.34,-160.687,1449.96,1,23
6,-34.5743,-23.2531,-159.295,958.83,1,23
6,-31.6554,-27.0929,-92.6648,1191.26,1,23
6,-28.8845,-30.0296,-181.877,721.657,1,23
6,-28.7041,-30.2021,89.21,332.807,1,23
6,-27.2054,-31.5587,-282.541,2190.88,1,23
6,-23.9211,-34.1155,-59.4378,752.124,1,23
6,-23.6422,-34.3094,-164.304,65.7407,1,23
6,-21.5057,-35.6874,-174.754,494.597,1,23
6,-17.7173,-37.7119,61.9021,588.64,1,23
6,-13.3125,-39.4825,-130.015,93.0264,1,23
6,-12.8748,-39.6274,-130.538,418.043,1,23
6,-12.5783,-39.7225,-98.9187,860.287,1,23
6,-11.3591,-40.0881,-100.369,119.867,1,23
6,-10.5369,-40.3121,-101.836,56.2219,1,23
6,-10.2067,-40.3969,-103.108,22.3328,1,23
6,-10.1565,-40.4096,-215.671,169.485,1,23
6,-8.45072,-40.8004,-25.5076,249.361,1,23
6,-4.39142,-41.4343,-185.918,198.045,1,23
6,-4.15283,-41.4589,-37.9798,76.6802,1,23
6,-3.0211,-41.5567,-170.846,426.934,1,23
6,0.587316,-41.6623,-249.837,316.252,1,23
6,3.11096,-41.5501,56.174,325.222,1,23
6,5.77372,-41.2644,50.9991,191.325,1,23
6,5.9201,-41.2437,-217.852,495.044,1,23
6,7.71039,-40.9468,-153.564,36.2358,1,23
6,9.62602,-40.5392,-265.501,710.564,1,23
6,11.8202,-39.9546,-5.51927,800.244,1,23
6,24.2957,-33.8498,-121.026,119.016,1,23
6,26.1141,-32.4676,96.1494,1249.53,1,23
6,26.4913,-32.1605,-148.594,665.793,1,23
6,26.6728,-32.0102,74.1288,1048.65,1,23
6,28.3669,-30.519,-158.186,1066.1,1,23
6,28.7628,-30.1461,-137.447,1496.61,1,23
6,30.6716,-28.2018,-196.809,244.026,1,23
6,31.6415,-27.1092,-263.363,2729.9,1,23
6,32.5465,-26.0156,-98.9365,893.923,1,23
6,32.9425,-25.5124,66.0647,250.971,1,23
6,32.7951,-25.7016,-98.02,29.208,1,23
6,33.8222,-24.334,-231.637,391.783,1,23
6,34.2977,-23.6591,-97.1277,292.072,1,23
6,34.7857,-22.9356,-141.105,57.3312,1,23
6,35.522,-21.7778,26.4293,1211.56,1,23
6,39.3435,-13.7178,-135.218,438.013,1,23
6,40.0699,-11.4233,52.3571,1092.09,1,23
6,41.4013,-4.69292,-133.289,1026.1,1,23
6,41.5851,-2.60106,-213.829,340.176,1,23
6,41.6642,0.425588,-302.354,1143.7,1,23
6,41.5639,2.9214,77.7229,767.736,1,23
6,41.171,6.40604,-110.548,1012.85,1,23
6,40.8633,8.14126,-275.144,689.347,1,23
6,40.7737,8.57858,-187.484,227.697,1,23
6,39.9707,11.7656,-163.147,326.418,1,23
6,39.794,12.3501,-162.424,272.281,1,23
6,39.5915,12.9848,-161.909,355.684,1,23
6,39.4935,13.2797,31.5823,192.854,1,23
6,39.4877,13.297,-153.641,517.569,1,23
6,39.0018,14.6613,105.377,652.534,1,23
6,38.9587,14.7752,89.4653,208.448,1,23
6,37.8174,17.491,11.671,579.378,1,23
6,37.3011,18.5666,-232.014,686.309,1,23
6,35.2459,22.2219,-33.8928,1125.29,1,23
6,35.0553,22.5214,-76.9427,2299.27,1,23
6,33.4366,24.8613,76.4181,1262.77,1,23
6,31.8024,26.9202,-58.737,568.14,1,23
6,31.1047,27.7234,-62.1317,402.239,1,23
6,30.6939,28.1775,-60.9028,696.146,1,23
6,30.3003,28.6003,-59.6394,146.449,1,23
6,29.9848,28.931,-58.8239,110.77,1,23
6,29.6428,29.2813,-57.74,39.1094,1,23
6,28.7844,30.1255,53.0579,3444.02,1,23
6,28.1793,30.6923,-157.405,432.936,1,23
6,26.7827,31.9182,-129.242,1769.58,1,23
6,26.7829,31.9181,-296.57,2744.03,1,23
6,26.5629,32.1014,66.3207,2452.47,1,23
6,23.6269,34.32,-157.342,613.75,1,23
6,18.1577,37.5018,-165.45,639.27,1,23
6,15.1977,38.7958,-209.069,2046.05,1,23
6,10.2067,40.3969,-141.268,55.1404,1,23
6,6.63455,41.1348,-301.166,845.92,1,23
6,6.02985,41.2278,87.4279,344.777,1,23
6,5.85747,41.2526,-185.68,587.97,1,23
6,4.77653,41.3917,-108.265,1460.35,1,23
6,4.81603,41.3871,98.3792,1240.31,1,23
6,2.41941,41.5961,-217.716,77.602,1,23
6,-0.175523,41.666,-179.852,83.4022,1,23
6,-0.63393,41.6616,-284.189,344.072,1,23
6,-1.29361,41.6463,-286.067,848.146,1,23
6,-4.7592,41.3937,58.6916,551.94,1,23
6,-10.0259,40.4422,-146.84,167.407,1,23
6,-12.4896,39.7504,-232.779,1415.89,1,23
6,-13.4797,39.4257,-51.3545,349.228,1,23
6,-13.7701,39.3252,-145.488,825.717,1,23
6,-14.179,39.1796,-251.777,1650.88,1,23
6,-14.7617,38.9638,-274.357,880.723,1,23
6,-19.6899,36.7205,-176.649,496.284,1,23
6,-24.4771,33.7188,-28.0403,73.6314,1,23
6,-26.448,32.1961,-93.6922,2322.56,1,23
6,-26.7452,31.9497,-150.566,1436.65,1,23
6,-27.2013,31.5623,-130.43,254.883,1,23
6,-27.68,31.1433,-163.456,1180.21,1,23
6,-27.7019,31.1238,-150.724,101.663,1,23
6,-29.6428,29.2813,-80.212,28.1095,1,23
6,-29.8814,29.0378,-79.7517,196.942,1,23
6,-29.9736,28.9425,-171.24,412.154,1,23
6,-31.6431,27.1072,-96.9705,712.636,1,23
6,-34.6539,23.1343,-52.9883,497.155,1,23
6,-35.861,21.215,-44.9446,604.402,1,23
6,-36.9775,19.2029,-277.041,911.075,1,23
6,-40.4129,10.1434,-226.91,2026.28,1,23
6,-42.6568,-1.60275,131.593,203.535,0,24
6,-42.6475,-1.83291,-80.908,28.1248,0,24
6,-42.6303,-2.19737,216.584,568.052,0,24
6,-42.6218,-2.35612,-80.7209,104.117,0,24
6,-42.6011,-2.70475,-80.908,23.0261,0,24
6,-41.8836,-8.24217,-87.4966,81.6625,0,24
6,-41.7965,-8.67318,-87.268,79.3695,0,24
6,-41.5059,-9.97139,74.4258,747.305,0,24
6,-41.109,-11.4989,141.611,124.796,0,24
6,-40.0262,-14.8348,274.065,165.886,0,24
6,-39.764,-15.5241,-8.19828,108.803,0,24
6,-38.9659,-17.4307,297.002,107.099,0,24
6,-38.7731,-17.8554,-89.7987,431.632,0,24
6,-38.0255,-19.3968,81.925,302.781,0,24
6,-37.7818,-19.8673,196.99,1022.35,0,24
6,-37.0055,-21.2782,147.448,535.429,0,24
6,-33.7099,-26.188,145.342,715.812,0,24
6,-33.4739,-26.489,-85.5901,193.58,0,24
6,-32.6938,-27.446,253.106,532.07,0,24
6,-32.1399,-28.0926,-31.724,101.53,0,24
6,-32.0516,-28.1933,260.246,700.496,0,24
6,-31.0855,-29.2551,-72.8852,326.674,0,24
6,-31.0137,-29.3313,185.71,243.18,0,24
6,-30.6132,-29.749,185.788,23.0693,0,24
6,-30.3688,-29.9984,14.068,23.3078,0,24
6,-29.7924,-30.571,193.144,924.361,0,24
6,-28.0797,-32.1512,-51.652,37.2602,0,24
6,-26.0313,-33.8311,-38.5192,325.785,0,24
6,-22.775,-36.1036,1.8865,795.908,0,24
6,-20.5627,-37.4079,-69.9573,365.329,0,24
6,-16.9237,-39.1888,-95.2006,347.408,0,24
6,-15.0965,-39.9283,-88.6528,355.505,0,24
6,-14.4991,-40.1491,-89.2539,501.671,0,24
6,-14.4629,-40.1621,166.284,21.0317,0,24
6,-14.1339,-40.2791,167.132,29.4459,0,24
6,-13.7133,-40.4242,142.308,753.563,0,24
6,-8.4134,-41.8496,-65.22,36.0416,0,24
6,-7.89921,-41.9497,-64.796,37.2186,0,24
6,10.1178,-41.4705,-85.148,25.177,0,24
6,12.3266,-40.8684,-85.4841,510.172,0,24
6,13.1252,-40.619,94.0816,336.759,0,24
6,16.0687,-39.5471,189.327,197.705,0,24
6,16.1746,-39.5038,234.675,744.81,0,24
6,19.6471,-37.8968,236.599,1389.17,0,24
6,20.3477,-37.5252,235.688,361.839,0,24
6,21.3209,-36.9809,-97.6816,621.711,0,24
6,21.3923,-36.9397,243.195,1240,0,24
6,21.5528,-36.8463,179.182,1218.72,0,24
6,22.1629,-36.4826,233.146,349.26,0,24
6,24.1656,-35.188,304.932,62.4927,0,24
6,24.0773,-35.2485,305.78,24.7017,0,24
6,26.9023,-33.1427,197.718,532.402,0,24
6,29.3711,-30.976,49.2183,137.095,0,24
6,30.3688,-29.9984,70.46,33.1648,0,24
6,30.6133,-29.749,178.315,65.9308,0,24
6,32.8209,-27.2939,238.519,939.052,0,24
6,36.3786,-22.3331,221.74,1184.63,0,24
6,36.8363,-21.5699,89.1204,114.631,0,24
6,37.061,-21.1814,89.0084,486.393,0,24
6,39.4041,-16.4162,-37.1905,164.964,0,24
6,40.2809,-14.1286,179.004,96.6365,0,24
6,41.2994,-10.795,-63.524,27.111,0,24
6,41.3863,-10.4567,-63.524,22.0122,0,24
6,41.5095,-9.95663,-6.84301,377.762,0,24
6,41.5324,-9.86075,59.6077,918.506,0,24
6,41.6305,-9.43791,160.348,33.0954,0,24
6,41.6965,-9.14176,161.19,226.336,0,24
6,41.8365,-8.4783,305.78,58.0555,0,24
6,41.9484,-7.90586,-77.5615,534.415,0,24
6,42.3706,-5.18711,-59.7426,319.921,0,24
6,42.5123,-3.85661,-40.5821,438.414,0,24
6,42.5776,-3.05315,-41.476,28.071,0,24
6,42.5814,-2.99966,105.825,768.148,0,24
6,42.6118,-2.53043,54.772,31.248,0,24
6,42.6724,-1.11138,-37.3954,326.227,0,24
6,42.6772,-0.907561,143.526,569.279,0,24
6,42.6216,2.35999,222.02,249.457,0,24
6,42.269,5.95832,-75.5245,1934.3,0,24
6,41.9497,7.89924,-76.2275,104.389,0,24
6,40.3572,13.9094,170.416,713.793,0,24
6,40.2736,14.1495,131.589,301.268,0,24
6,39.9712,14.9824,-18.58,107.459,0,24
6,39.5569,16.0444,12.8403,1087.85,0,24
6,38.6827,18.0506,218.451,229.504,0,24
6,37.3771,20.6186,-81.1678,231.554,0,24
6,34.4263,25.2389,-75.3803,505.969,0,24
6,32.7725,27.3521,118.593,54.2913,0,24
6,32.5291,27.6411,198.578,528.867,0,24
6,31.0584,29.2839,157.095,251.205,0,24
6,30.6561,29.7048,-105.5,88,0,24
6,26.3555,33.5791,-48.0326,494.645,0,24
6,22.2909,36.4045,247.397,802.936,0,24
6,21.479,36.8893,-64.1954,4619.46,0,24
6,19.9547,37.7357,144.477,506.207,0,24
6,19.3225,38.0633,159.303,363.548,0,24
6,16.4363,39.3957,157.261,1025.03,0,24
6,7.6822,41.9899,140.068,539.462,0,24
6,3.2953,42.5595,126.381,556.178,0,24
6,-1.84581,42.647,278.798,362.439,0,24
6,-3.68953,42.5272,-66.3617,253.181,0,24
6,-3.8197,42.5157,127.18,477.842,0,24
6,-4.40796,42.4587,-73.1636,109.223,0,24
6,-6.50306,42.1886,297.651,198.465,0,24
6,-6.99109,42.1105,214.086,1295.14,0,24
6,-7.63085,41.9993,138.04,143.586,0,24
6,-8.55215,41.8214,-58.5955,170.172,0,24
6,-10.626,41.3432,-100.183,69.4699,0,24
6,-15.2263,39.879,226.602,479.389,0,24
6,-17.3491,39.0023,-10.5443,474.98,0,24
6,-17.8485,38.7763,135.98,114.634,0,24
6,-19.155,38.1478,160.08,2927.19,0,24
6,-19.5595,37.942,144.969,647.787,0,24
6,-22.6483,36.1833,-45.5745,1123.05,0,24
6,-22.9492,35.9931,207.671,2558.3,0,24
6,-24.765,34.7687,-45.5328,285.606,0,24
6,-26.9984,33.0645,-40.0054,378.992,0,24
6,-28.2863,31.9696,194.122,139.64,0,24
6,-29.268,31.0734,-80.7553,880.464,0,24
6,-29.749,30.6132,-40.484,100.046,0,24
6,-30.8802,29.4718,45.2229,528.234,0,24
6,-31.1492,29.1873,80.0597,1074.93,0,24
6,-31.7437,28.5396,-104.645,568.853,0,24
6,-33.1418,26.9034,114.204,579.7,0,24
6,-34.1298,25.6384,-58.436,31.0557,0,24
6,-34.43,25.2339,-58.4386,227.323,0,24
6,-36.2374,22.5615,-76.067,4278.22,0,24
6,-39.0861,17.1595,138.81,138.046,0,24
6,-39.2015,16.8941,270.246,376.337,0,24
6,-39.9201,15.1181,-70.732,22.3124,0,24
6,-42.6629,1.43006,120.018,148.666,0,24
6,-42.6837,0.522762,138.993,172.874,0,24
6,-42.6868,0.105955,173.044,690.421,0,24
6,-42.5512,-3.40141,61.885,123.951,1,24
6,-42.4171,-4.79182,-165.827,284.294,1,24
6,-42.3551,-5.31199,-166.073,64.7475,1,24
6,-41.3249,-10.697,-272.226,343.261,1,24
6,-40.4612,-13.6038,-134.008,503.877,1,24
6,-40.0937,-14.6516,-253.726,501.763,1,24
6,-40.0631,-14.7349,-28.1323,216.53,1,24
6,-39.8266,-15.3627,-27.0255,716.617,1,24
6,-39.5554,-16.0481,-199.246,205.886,1,24
6,-38.5348,-18.364,-208.618,1514.71,1,24
6,-38.5511,-18.3299,-290.221,129.614,1,24
6,-38.229,-18.9925,-290.202,555.683,1,24
6,-37.8503,-19.7364,-290.092,21.0277,1,24
6,-37.4387,-20.5064,-147.158,159.412,1,24
6,-35.0009,-24.4357,-158.233,153.093,1,24
6,-34.4346,-25.2276,-157.023,1280.12,1,24
6,-32.565,-27.5988,-91.3516,703.118,1,24
6,-24.6508,-34.8498,-58.3783,224.664,1,24
6,-8.36177,-41.8599,-23.9502,613.164,1,24
6,-4.61825,-42.4363,-37.1917,192.42,1,24
6,-4.61825,-42.4363,-185.73,175.714,1,24
6,-2.79125,-42.5955,-168.075,2832.57,1,24
6,0.925537,-42.6769,-249.111,121.359,1,24
6,3.07922,-42.5757,57.1469,154.874,1,24
6,5.74492,-42.2985,51.228,58.39,1,24
6,5.94446,-42.271,-129.613,224.06,1,24
6,6.1771,-42.2376,-217.588,21.0832,1,24
6,7.80208,-41.9678,-152.776,192.428,1,24
6,9.99304,-41.5007,-264.822,270.664,1,24
6,11.6411,-41.0689,-4.82012,996.998,1,24
6,25.0844,-34.5391,-120.154,473.252,1,24
6,27.2198,-32.8824,75.287,933.206,1,24
6,27.7106,-32.4699,-149.541,139.538,1,24
6,29.1859,-31.1506,-157.619,962.094,1,24
6,29.65,-30.7091,-136.141,544.678,1,24
6,31.3341,-28.9887,-196.573,111.926,1,24
6,32.7585,-27.3688,-262.361,1379.38,1,24
6,33.7981,-26.0742,-96.3444,540.363,1,24
6,33.8611,-25.9923,67.536,872.322,1,24
6,35.3453,-23.9349,-94.1273,1164.57,1,24
6,35.5037,-23.6993,-140.952,298.721,1,24
6,36.2033,-22.6162,53.5802,427.689,1,24
6,40.1871,-14.3934,-134.549,357.661,1,24
6,41.0145,-11.8314,53.0279,554,1,24
6,41.3631,-10.5481,-168.608,531.018,1,24
6,42.4204,-4.76272,-131.971,151.144,1,24
6,42.5755,-3.08258,-213.305,190.629,1,24
6,42.6844,-0.459773,-303.044,265.323,1,24
6,42.5908,2.86314,79.2067,835.263,1,24
6,42.1668,6.6431,-108.897,1481.83,1,24
6,41.7877,8.71544,-274.353,270.377,1,24
6,41.7793,8.75552,-187.46,146.075,1,24
6,40.4083,13.7601,32.1596,348.599,1,24
6,40.4027,13.7765,-161.053,197.69,1,24
6,40.0933,14.6526,-160.31,659.974,1,24
6,39.9883,14.9366,90.6097,1878.57,1,24
6,39.8579,15.2813,105.5,28,1,24
6,38.7628,17.8778,13.3915,994.754,1,24
6,37.6091,20.1923,-204.287,699.766,1,24
6,37.5398,20.3208,-196.926,100.188,1,24
6,35.8835,23.1203,-74.7264,463.273,1,24
6,34.344,25.3508,77.9511,2056.95,1,24
6,32.7188,27.4163,-57.74,31.3478,1,24
6,29.5519,30.8036,53.5074,3476.52,1,24
6,29.5434,30.8117,-55.9164,205.009,1,24
6,29.749,30.6132,-56.892,44.61,1,24
6,29.4975,30.8556,46.5373,540,1,24
6,29.1583,31.1764,-54.5654,536.765,1,24
6,28.5757,31.7112,-52.9789,185.326,1,24
6,28.6836,31.6137,-157.408,241.629,1,24
6,27.4771,32.6678,67.4531,571.014,1,24
6,27.4966,32.6514,-126.834,1013.58,1,24
6,24.0847,35.2434,-157.308,610.429,1,24
6,18.7091,38.3685,-163.933,305.068,1,24
6,16.6721,39.2965,-206.194,222.878,1,24
6,16.3585,39.4281,-207.123,92.7657,1,24
6,6.84231,42.135,-110.235,240.24,1,24
6,6.22182,42.231,-109.774,602.457,1,24
6,6.04649,42.2565,87.1969,151.801,1,24
6,5.5579,42.3235,-183.134,750.185,1,24
6,4.34591,42.4651,100.176,130.804,1,24
6,2.75632,42.5978,-216.923,445.956,1,24
6,0.142222,42.6867,-281.91,343.1,1,24
6,-0.347717,42.6855,-179.134,379.059,1,24
6,-0.369826,42.6853,-283.253,172.818,1,24
6,-5.45921,42.3364,59.7123,155.076,1,24
6,-10.0997,41.4749,-146.521,709.759,1,24
6,-12.3078,40.8741,-231.055,220.025,1,24
6,-12.7164,40.7488,-49.8638,293.892,1,24
6,-12.6418,40.772,-231.593,153.377,1,24
6,-13.2347,40.5834,-50.4961,223.156,1,24
6,-13.8689,40.3711,-250.161,3490.17,1,24
6,-14.2945,40.2224,-143.926,410.615,1,24
6,-15.4365,39.798,-273.623,426.95,1,24
6,-19.835,37.7987,-176.46,91.2497,1,24
6,-21.0553,37.1328,42.1074,198.424,1,24
6,-25.0941,34.5319,-26.075,186.588,1,24
6,-26.8979,33.1463,-91.3267,1051.47,1,24
6,-27.4163,32.7188,-129.82,37.1387,1,24
6,-28.2046,32.0417,-162.632,393,1,24
6,-28.9143,31.4028,-151.204,1844.64,1,24
6,-29.565,30.7909,-76.249,504.89,1,24
6,-30.599,29.7636,-170.477,205.947,1,24
6,-31.4605,28.8515,-32.9993,327.794,1,24
6,-32.2745,27.938,-95.1433,1257.08,1,24
6,-33.5549,26.3864,-299.193,1284.34,1,24
6,-35.6548,23.4714,-52.5308,585.905,1,24
6,-36.1108,22.7636,-179.428,44.0971,1,24
6,-36.7265,21.7562,-44.4408,444.937,1,24
6,-37.7085,20.006,-276.268,117.893,1,24
6,-41.3839,10.4664,-225.209,988.492,1,24
6,-41.3863,10.4567,55.2372,72.6142,1,24
6,-42.5543,3.36177,-87.1656,1700.33,1,24
6,-43.6963,-0.956153,131.05,439.325,0,25
6,-43.677,-1.61241,216.229,379.057,0,25
6,-43.5795,-3.33292,-80.2816,634.373,0,25
6,-42.7365,-9.15816,-87.7004,1603.05,0,25
6,-42.4449,-10.4266,74.0287,235.109,0,25
6,-40.7626,-15.77,273.447,1135.67,0,25
6,-40.6639,-16.0229,-8.44188,340.756,0,25
6,-39.9518,-17.7239,296.285,157.938,0,25
6,-39.7217,-18.2337,-91.0493,772.419,0,25
6,-38.5866,-20.5271,195.46,716.087,0,25
6,-38.0972,-21.4217,147.303,980.042,0,25
6,-38.1533,-21.3215,214.221,1118.04,0,25
6,-36.9476,-23.3487,298.255,3298.7,0,25
6,-34.4953,-26.8394,-86.6085,486.64,0,25
6,-34.5481,-26.7715,143.736,904.81,0,25
6,-33.3382,-28.2639,252.409,467.468,0,25
6,-33.1351,-28.5018,-31.4531,432.528,0,25
6,-32.782,-28.9072,258.613,128.121,0,25
6,-31.9852,-29.7864,-73.7138,250.628,0,25
6,-32.0001,-29.7704,185.515,183.596,0,25
6,-29.4765,-32.2711,-51.6768,585.875,0,25
6,-27.3208,-34.1154,-38.6423,379.129,0,25
6,-23.2628,-37.0017,0.389201,467.753,0,25
6,-20.6896,-38.4997,-72.0613,472.032,0,25
6,-17.5285,-40.0379,-97.1129,124.77,0,25
6,-14.803,-41.1237,165.318,1924.54,0,25
6,-14.4716,-41.2415,139.572,26.0555,0,25
6,-14.3118,-41.2972,140.973,251.41,0,25
6,-14.1552,-41.3511,-89.9613,193.153,0,25
6,-13.5678,-41.5476,-90.5928,502.126,0,25
6,-12.9121,-41.756,-91.1363,269.863,0,25
6,-7.354,-43.0837,-65.7942,588.214,0,25
6,-5.16142,-43.401,32.9427,159.172,0,25
6,-5.0839,-43.4101,112.86,24.3718,0,25
6,-5.0839,-43.4101,150.596,32.1681,0,25
6,-4.47376,-43.4772,45.8809,331.721,0,25
6,-4.48756,-43.4758,65.4232,2601.74,0,25
6,-4.66176,-43.4575,205.062,1153.48,0,25
6,-3.66084,-43.5532,183.692,278.749,0,25
6,-1.86514,-43.667,174.957,189.712,0,25
6,-0.981848,-43.6958,-51.9764,894.313,0,25
6,3.02842,-43.6018,256.532,232.163,0,25
6,4.56014,-43.4683,254.834,2202.9,0,25
6,6.10261,-43.2787,252.914,462.652,0,25
6,6.8332,-43.1693,252.253,332.57,0,25
6,7.52341,-43.0544,251.542,550.915,0,25
6,7.94404,-42.9788,250.512,177.841,0,25
6,8.79867,-42.812,250.068,3189.24,0,25
6,9.10125,-42.7487,253.5,633.83,0,25
6,10.0628,-42.5326,248.828,180.328,0,25
6,10.2582,-42.4859,-86.622,655.802,0,25
6,10.4831,-42.431,247.888,197.808,0,25
6,12.2033,-41.9686,246.246,1388.04,0,25
6,12.7849,-41.7951,-86.3238,2622.63,0,25
6,12.8729,-41.7681,245.216,205.637,0,25
6,13.6104,-41.5336,92.6961,519.201,0,25
6,14.3028,-41.3003,243.326,94.4144,0,25
6,15.1706,-40.9895,242.6,1184.17,0,25
6,16.4023,-40.5123,241.264,413.25,0,25
6,16.7035,-40.3891,188.871,116.662,0,25
6,16.7943,-40.3514,233.166,305.731,0,25
6,16.8084,-40.3455,240.28,117.811,0,25
6,17.1379,-40.2067,240.645,119.513,0,25
6,17.6301,-39.9933,155.49,91.7518,0,25
6,17.6301,-39.9933,239.801,99.9528,0,25
6,19.539,-39.0962,237.707,330.966,0,25
6,22.0023,-37.7649,-97.9847,812.152,0,25
6,22.0853,-37.7164,177.926,53.5821,0,25
6,24.8386,-35.9629,304.204,1195.88,0,25
6,27.681,-33.8238,197.202,516.116,0,25
6,31.2639,-30.5427,70.1171,125.372,0,25
6,31.2198,-30.5877,177.531,65.4853,0,25
6,33.7368,-27.7869,236.747,312.216,0,25
6,38.2549,-21.1387,88.4968,206.327,0,25
6,40.3455,-16.8084,-37.1153,77.2262,0,25
6,41.0125,-15.1083,178.493,521.813,0,25
6,42.3473,-10.8163,-64.239,389.804,0,25
6,42.4255,-10.5052,-6.89954,287.986,0,25
6,42.491,-10.237,56.9701,1437.58,0,25
6,42.6076,-9.74031,159.228,506.445,0,25
6,42.8079,-8.81875,-79.3861,151.091,0,25
6,42.8842,-8.44001,-78.6532,71.1237,0,25
6,42.9185,-8.26357,305.78,66.0139,0,25
6,43.4052,-5.12574,-60.0908,234.33,0,25
6,43.5256,-3.97599,-40.705,435.57,0,25
6,43.5926,-3.15758,-41.4975,284.548,0,25
6,43.5999,-3.05472,53.5943,185.999,0,25
6,43.614,-2.84633,104.161,260.977,0,25
6,43.6978,-0.886103,-38.3105,343.269,0,25
6,43.7018,-0.660829,142.777,495.659,0,25
6,43.6186,2.77524,221.047,1236.03,0,25
6,43.3494,5.57772,-76.6647,2535.39,0,25
6,42.9534,8.08,-76.7889,643.763,0,25
6,42.4755,10.3012,123.14,395.748,0,25
6,41.1889,14.6204,130.947,622.721,0,25
6,41.0825,14.917,170.879,727.291,0,25
6,40.6078,16.1645,11.698,434.032,0,25
6,39.6401,18.4105,218.307,154.926,0,25
6,38.1939,21.2488,-81.9863,138.794,0,25
6,35.1498,25.9765,-76.1302,442.776,0,25
6,33.5819,27.974,198.409,107.569,0,25
6,33.4077,28.1818,118.103,148.609,0,25
6,31.7227,30.0659,155.318,530.711,0,25
6,26.2941,34.9128,-47.8602,1337.1,0,25
6,25.6757,35.3701,-47.836,36.1387,0,25
6,22.3853,37.5391,-65.6525,2567.13,0,25
6,20.8394,38.4188,144.175,264.086,0,25
6,20.5244,38.588,143.968,58.6175,0,25
6,19.306,39.2118,159.709,522.764,0,25
6,16.9028,40.3061,156.189,1323.57,0,25
6,7.5428,43.051,139.033,868.916,0,25
6,3.48265,43.5678,125.244,150.68,0,25
6,-3.84119,43.5377,-67.2573,1062.42,0,25
6,-3.83438,43.5383,125.754,820.909,0,25
6,-4.35989,43.4888,-73.7708,149.707,0,25
6,-6.76327,43.1803,296.859,324.697,0,25
6,-7.43807,43.0692,213.669,1070.49,0,25
6,-8.47661,42.8769,-59.169,249.594,0,25
6,-10.7066,42.3751,-100.836,21.1445,0,25
6,-11.0529,42.2861,-101.03,292.871,0,25
6,-13.4747,41.5778,133.84,1283.56,0,25
6,-15.31,40.9376,226.459,571.858,0,25
6,-19.0812,39.3217,144.578,519.347,0,25
6,-19.9416,38.8924,160.302,991.171,0,25
6,-22.9088,37.2219,207.394,2958.59,0,25
6,-24.0942,36.4658,-45.8131,893.79,0,25
6,-25.6161,35.4133,-45.4875,210.502,0,25
6,-25.9938,35.137,-45.487,230.627,0,25
6,-26.3938,34.8375,-45.4994,67.4316,0,25
6,-27.1987,34.2128,-40.4459,305.51,0,25
6,-29.019,32.6831,194.06,73.5515,0,25
6,-29.9406,31.8409,-40.5849,286.126,0,25
6,-29.8727,31.9046,-81.7762,435.268,0,25
6,-31.727,30.0613,44.4235,530.555,0,25
6,-32.4446,29.2854,-105.5,79,0,25
6,-34.0676,27.3803,113.479,68.6165,0,25
6,-35.5203,25.4675,-58.2922,443.885,0,25
6,-37.3721,22.663,-77.1655,3436.21,0,25
6,-39.038,19.655,-17.8065,369.587,0,25
6,-39.8719,17.9029,138.724,76.37,0,25
6,-40.2501,17.0356,268.697,203.037,0,25
6,-40.9369,15.312,-71.58,29.1542,0,25
6,-43.6707,1.7769,118.208,530.995,0,25
6,-42.2861,-11.0529,-271.511,614.527,1,25
6,-41.4492,-13.8655,-133.496,329.518,1,25
6,-41.087,-14.9044,-252.539,232.353,1,25
6,-40.4885,-16.4611,-25.5871,709.999,1,25
6,-40.5164,-16.3924,-198.472,450.979,1,25
6,-39.7488,-18.1746,-290.493,1743.44,1,25
6,-39.5077,-18.6929,-208.302,981.373,1,25
6,-38.3173,-21.0254,-146.928,772.974,1,25
6,-34.4896,-26.8468,-155.483,1627.86,1,25
6,-33.7835,-27.7302,-154.292,228.888,1,25
6,-33.5521,-28.0096,-89.8087,303.822,1,25
6,-33.3866,-28.2068,-153.564,108.753,1,25
6,-30.3313,-31.469,88.964,25.0798,1,25
6,-30.1727,-31.6211,-179.894,289.45,1,25
6,-25.5308,-35.4748,-57.0337,290.733,1,25
6,-24.4431,-36.2328,-163.53,363.531,1,25
6,-22.7039,-37.3472,-174.34,66.1387,1,25
6,-18.6513,-39.5274,62.0089,606.572,1,25
6,-15.312,-40.9369,-125.797,55.459,1,25
6,-14.8085,-41.1217,-126.257,74.4683,1,25
6,-14.258,-41.3158,-93.5408,113.513,1,25
6,-14.0461,-41.3883,-94.6265,182.403,1,25
6,-13.4182,-41.5961,-96.3513,652.844,1,25
6,-12.4893,-41.8844,-95.5475,759.054,1,25
6,-12.1519,-41.9835,-118.494,775.586,1,25
6,-9.70434,-42.6158,-215.332,446.242,1,25
6,-8.39755,-42.8925,-22.8208,132.092,1,25
6,-5.1853,-43.3981,-36.3117,528.745,1,25
6,-4.95389,-43.4251,-185.549,245.149,1,25
6,-2.72365,-43.6219,-166.153,896.152,1,25
6,3.02439,-43.602,57.8016,732,1,25
6,5.49198,-43.3604,51.8581,222.412,1,25
6,5.94663,-43.3004,-129.055,284.056,1,25
6,6.67829,-43.1936,-217.757,166.57,1,25
6,7.44453,-43.0681,-151.849,519.842,1,25
6,10.28,-42.4807,-264.166,552.11,1,25
6,11.7433,-42.0996,-4.07334,52.4422,1,25
6,26.0177,-35.1193,-119.211,436.411,1,25
6,26.8182,-34.5119,99.9126,506.187,1,25
6,27.8136,-33.7148,76.1545,289.767,1,25
6,28.8761,-32.8094,-150.22,725.786,1,25
6,30.4437,-31.3603,-135.078,668.812,1,25
6,31.9891,-29.7822,-196.27,161.824,1,25
6,33.886,-27.6048,-261.497,1373.75,1,25
6,34.7151,-26.5545,68.5911,293.586,1,25
6,34.9005,-26.3105,-94.102,971.808,1,25
6,35.2647,-25.8202,-228.88,288.454,1,25
6,36.2786,-24.3752,-92.0146,2087.39,1,25
6,36.2449,-24.4253,-140.659,197.193,1,25
6,37.1795,-22.9777,53.9336,363.27,1,25
6,37.5672,-22.338,26.5719,255.195,1,25
6,40.9649,-15.2367,-133.636,49.1387,1,25
6,41.9682,-12.2049,53.3913,424.496,1,25
6,42.4772,-10.2941,-167.862,416.696,1,25
6,43.4692,-4.55081,-129.839,606.029,1,25
6,43.5699,-3.45665,-212.92,170.074,1,25
6,43.6982,-0.865093,-303.66,86.4039,1,25
6,43.6147,2.83517,80.5116,319.65,1,25
6,43.1705,6.82607,-107.808,782.078,1,25
6,42.7775,8.96472,-187.24,153.403,1,25
6,42.7718,8.99193,-273.838,562.595,1,25
6,41.2758,14.3734,32.9014,271.793,1,25
6,41.3424,14.1806,-151.227,652.871,1,25
6,41.016,15.0989,91.5015,789.777,1,25
6,40.7933,15.6904,-159.493,423.676,1,25
6,40.4417,16.5758,-158.631,637.25,1,25
6,39.7005,18.2799,15.5448,1934.05,1,25
6,39.1842,19.3619,-230.029,608.928,1,25
6,38.8549,20.0145,-203.755,138.322,1,25
6,38.3617,20.9444,-196.152,214.198,1,25
6,37.1581,23.0121,-31.9599,341.783,1,25
6,36.6738,23.7763,-72.7383,188.216,1,25
6,33.6573,27.8831,22.396,62.3051,1,25
6,33.6499,27.892,-56.9067,359.562,1,25
6,31.0944,30.7152,73.7,22.0693,1,25
6,31.0944,30.7152,72.2798,77.6787,1,25
6,30.3492,31.4517,53.8801,2060.83,1,25
6,28.886,32.8006,-52.1833,234.212,1,25
6,28.4674,33.1646,68.5394,536.93,1,25
6,28.5831,33.0649,-51.1956,154.273,1,25
6,28.2159,33.3788,-124.887,1335.3,1,25
6,27.8524,33.6827,-295.49,2749.97,1,25
6,24.6493,36.0929,-157.303,1194.6,1,25
6,19.4715,39.1298,-162.33,642.837,1,25
6,18.5333,39.5829,-202.943,159.587,1,25
6,7.60273,43.0405,-110.899,132.735,1,25
6,7.23451,43.1039,-300.174,232.699,1,25
6,7.20781,43.1084,-111.164,40.0449,1,25
6,6.12488,43.2755,87.13,232.96,1,25
6,5.26143,43.389,-187.704,501,1,25
6,3.84574,43.5373,101.241,388.387,1,25
6,-0.538797,43.7035,-178.212,395.698,1,25
6,-6.3381,43.2448,60.9803,521.818,1,25
6,-10.1811,42.5045,-146.155,364.791,1,25
6,-12.296,41.9416,-49.1453,1035.18,1,25
6,-12.3045,41.939,-229.927,633.844,1,25
6,-13.6636,41.5162,-248.813,1999.12,1,25
6,-14.7075,41.1579,-142.775,186.464,1,25
6,-15.9798,40.6808,-272.938,50.3451,1,25
6,-20.1772,38.7707,-176.525,310.672,1,25
6,-21.6226,37.9835,42.056,419.664,1,25
6,-25.7521,35.3145,-24.9038,622.975,1,25
6,-27.725,33.7877,-129.134,940.832,1,25
6,-28.7102,32.9546,-161.922,100.702,1,25
6,-29.6526,32.1094,-74.1047,1008.51,1,25
6,-29.9428,31.8388,-74.7,29.2109,1,25
6,-30.4598,31.3447,-151.868,41.1387,1,25
6,-31.6006,30.1941,-152.288,1616.83,1,25
6,-31.2758,30.5304,-169.768,490.331,1,25
6,-32.913,28.7579,-93.0259,447.755,1,25
6,-35.3593,25.6905,-298.939,1749.16,1,25
6,-36.7797,23.6122,-52.092,155.957,1,25
6,-37.0342,23.211,-179.199,205.618,1,25
6,-37.5097,22.4345,-43.6168,151.923,1,25
6,-38.455,20.7725,-275.914,113.769,1,25
6,-42.3329,10.8724,-223.726,112.805,1,25
6,-42.3918,10.6407,55.8076,1323,1,25
6,-43.6124,2.87183,-84.8742,1012.84,1,25
6,-44.7261,-0.247259,130.774,190.993,0,26
6,-44.7144,-1.05251,215.954,358.958,0,26
6,-44.4942,-4.5556,-79.8369,445.567,0,26
6,-43.4085,-10.779,73.5722,70.0063,0,26
6,-41.563,-16.5229,-8.59064,70.4561,0,26
6,-41.4556,-16.7906,272.535,228.342,0,26
6,-41.0198,-17.8287,295.306,188.418,0,26
6,-40.7413,-18.4563,-92.356,56.4494,0,26
6,-40.3933,-19.2058,183.788,76.9976,0,26
6,-39.9449,-20.1219,78.5564,395.544,0,26
6,-39.4045,-21.1606,194.372,336.108,0,26
6,-39.2035,-21.5308,147.16,203.973,0,26
6,-38.8571,-22.1497,298.877,1560.01,0,26
6,-35.4247,-27.3053,-87.4211,469.923,0,26
6,-35.4258,-27.3038,141.637,560.239,0,26
6,-34.5139,-28.4478,-31.2675,531.152,0,26
6,-33.9095,-29.1656,251.382,1776.76,0,26
6,-33.3665,-29.7853,257.476,256.373,0,26
6,-32.9518,-30.2434,-74.7701,131.959,0,26
6,-28.697,-34.307,-38.6604,105.789,0,26
6,-23.5728,-38.0107,-1.69451,479.268,0,26
6,-21.0061,-39.4871,-73.5828,588.202,0,26
6,-15.1995,-42.065,137.948,847.391,0,26
6,-15.3335,-42.0163,163.944,584.919,0,26
6,-12.5291,-42.9361,-91.8602,599.737,0,26
6,-11.0759,-43.3337,-92.9879,864.037,0,26
6,-10.35,-43.5128,-93.628,58.248,0,26
6,-6.68302,-44.2247,-66.2928,247.344,0,26
6,-5.42507,-44.3966,150.305,261.474,0,26
6,-5.02803,-44.4433,32.2581,185.992,0,26
6,-5.20255,-44.4232,111.795,62.5221,0,26
6,-4.79799,-44.4687,-78.6383,147.562,0,26
6,-4.83894,-44.4643,70.1824,362,0,26
6,-4.67626,-44.4817,203.358,475.53,0,26
6,-4.11078,-44.5375,44.4369,61.3595,0,26
6,-3.74628,-44.5696,43.9013,408.722,0,26
6,-3.66826,-44.5761,182.432,1058.03,0,26
6,-3.01653,-44.625,-52.5972,100.319,0,26
6,-2.21497,-44.6719,-52.5193,807.469,0,26
6,-2.46282,-44.6589,174.784,220.264,0,26
6,5.4141,-44.3979,284.805,567.873,0,26
6,9.50922,-43.7043,251.909,880.35,0,26
6,10.248,-43.5369,-88.1685,1165.08,0,26
6,13.651,-42.5927,-88.1059,459.984,0,26
6,14.1328,-42.4352,91.1652,606.497,0,26
6,17.2007,-41.2871,188.569,81.5515,0,26
6,17.2007,-41.2871,231.082,238.316,0,26
6,17.5379,-41.145,188.737,163.339,0,26
6,18.5424,-40.7022,153.392,54.6346,0,26
6,19.8642,-40.0737,153.229,183.429,0,26
6,22.6904,-38.5439,-98.4309,377.927,0,26
6,23.0726,-38.3163,176.46,26.1249,0,26
6,25.5137,-36.7361,302.367,501.092,0,26
6,28.4476,-34.514,196.773,269.677,0,26
6,30.6072,-32.6142,48.4769,264.295,0,26
6,41.6302,-16.3527,178.287,120.693,0,26
6,43.337,-11.063,-6.95098,389.635,0,26
6,43.4521,-10.6018,54.897,618.414,0,26
6,43.4945,-10.4266,157.552,536.791,0,26
6,43.6939,-9.55671,-80.6047,515.211,0,26
6,44.0462,-7.77293,305.78,324.513,0,26
6,44.4366,-5.08668,-60.4613,96.833,0,26
6,44.5375,-4.11078,-40.8482,152.255,0,26
6,44.5891,-3.50713,-41.6844,197.45,0,26
6,44.6024,-3.33327,52.9653,601.248,0,26
6,44.6489,-2.63794,101.557,688.815,0,26
6,44.7194,-0.816225,-38.9421,308.803,0,26
6,44.7254,-0.351742,141.798,449.645,0,26
6,44.6229,3.04734,220.531,736.386,0,26
6,44.4229,5.20533,-77.5154,1279.38,0,26
6,44.0206,7.91685,-77.092,29.2741,0,26
6,43.9543,8.27672,-77.516,44.137,0,26
6,43.4261,10.7081,122.218,233.941,0,26
6,42.2167,14.7727,-18.7873,323.426,0,26
6,42.0467,15.2499,130.104,738.335,0,26
6,41.7038,16.1641,171.352,337.295,0,26
6,41.6967,16.1823,9.7869,1869.11,0,26
6,40.6153,18.7318,218.289,201.271,0,26
6,39.0351,21.8346,-82.9536,775.178,0,26
6,35.8692,26.7187,-77.3949,636.794,0,26
6,34.648,28.2844,198.236,150.023,0,26
6,34.1645,28.8665,117.312,122.124,0,26
6,33.9272,29.145,116.871,206.058,0,26
6,32.3574,30.8785,153.594,291.72,0,26
6,32.4563,30.7746,159.394,277,0,26
6,25.8076,36.5302,-47.7164,373.89,0,26
6,23.27,38.1968,-66.9273,5574.06,0,26
6,23.2291,38.2216,-60.1192,497,0,26
6,21.812,39.0477,143.674,366.611,0,26
6,19.0058,40.4879,160.252,370.91,0,26
6,17.4773,41.1707,154.303,487.643,0,26
6,7.47736,44.0973,137.852,962.728,0,26
6,3.75828,44.5686,124.215,782.081,0,26
6,-0.979217,44.7161,278.06,519.587,0,26
6,-3.74302,44.5699,123.759,719.516,0,26
6,-4.28795,44.5208,-74.233,256.85,0,26
6,-4.30198,44.5194,-68.1123,375.831,0,26
6,-7.03803,44.1696,295.983,1181.92,0,26
6,-7.55727,44.0837,137.432,237.948,0,26
6,-8.08634,43.9897,213.253,3575.87,0,26
6,-8.30294,43.9494,-59.9525,151.126,0,26
6,-13.5483,42.6255,132.709,436.435,0,26
6,-18.838,40.5662,144.294,1212.78,0,26
6,-19.3668,40.3164,-10.8034,287.525,0,26
6,-20.8563,39.5664,160.479,423.517,0,26
6,-22.711,38.5318,206.975,613.136,0,26
6,-27.2696,35.4522,-45.3604,572.196,0,26
6,-27.6069,35.1901,-40.8,159.767,0,26
6,-29.6936,33.4481,193.952,372.098,0,26
6,-30.4229,32.7862,-82.6162,1258.93,0,26
6,-31.9399,31.3102,55.757,896.778,0,26
6,-32.6346,30.5854,43.1249,257.815,0,26
6,-35.2039,27.5894,112.325,256.57,0,26
6,-36.9366,25.2225,-58.2177,373.358,0,26
6,-37.2397,24.7727,-58.012,23.2331,0,26
6,-38.553,22.6749,-78.2634,6084.73,0,26
6,-40.0346,19.9429,-20.4102,499.306,0,26
6,-40.7015,18.5438,138.469,248.171,0,26
6,-41.2164,17.3694,267.413,167.387,0,26
6,-41.8278,15.8406,-72.0396,117.162,0,26
6,-44.6826,1.98883,117.312,196.646,0,26
6,-44.7142,1.05965,138.581,405.904,0,26
6,-44.7262,0.228738,171.662,160.9,0,26
6,-44.7267,-0.0914884,-164.3,70.8682,1,26
6,-42.4414,-14.1143,-132.887,1277.27,1,26
6,-42.1283,-15.0231,-251.798,365.62,1,26
6,-41.463,-16.7722,-290.823,739.29,1,26
6,-41.5102,-16.6551,-197.411,341.915,1,26
6,-41.1115,-17.6162,-24.0888,706.345,1,26
6,-40.5163,-18.9451,-208.097,665.816,1,26
6,-39.1599,-21.6099,-146.566,489.895,1,26
6,-34.5243,-28.4351,-87.9631,476.829,1,26
6,-33.3728,-29.7782,-151.762,786.576,1,26
6,-33.0096,-30.1804,-150.898,209.638,1,26
6,-32.6417,-30.5778,-150.024,335.77,1,26
6,-32.2087,-31.0336,-149.299,197.603,1,26
6,-31.0772,-32.1667,88.8179,234.591,1,26
6,-30.7746,-32.4563,-178.783,78.7513,1,26
6,-26.2807,-36.1913,-55.973,580.986,1,26
6,-24.7348,-37.2649,-163.078,281.035,1,26
6,-23.3233,-38.1642,-174.364,483.466,1,26
6,-19.1769,-40.4071,62.0771,376.43,1,26
6,-16.3527,-41.6302,-124.512,141.452,1,26
6,-15.8406,-41.8278,-91.2852,359.281,1,26
6,-15.8406,-41.8278,-123.936,3758.58,1,26
6,-15.3261,-42.019,-93.356,26.5935,1,26
6,-15.3261,-42.019,-123.324,154.555,1,26
6,-14.8093,-42.2039,-121.195,70.333,1,26
6,-14.8093,-42.2039,-122.612,47.0698,1,26
6,-14.0751,-42.4544,-121.133,885.485,1,26
6,-13.7691,-42.5546,-119.644,37.0555,1,26
6,-13.2459,-42.7204,-120.068,48.0677,1,26
6,-12.5705,-42.924,-94.3233,229.661,1,26
6,-12.1935,-43.0326,-93.356,27.0139,1,26
6,-9.58994,-43.6866,-215.229,182.559,1,26
6,-8.31202,-43.9477,-22.0355,661.939,1,26
6,-5.78218,-44.3515,-35.4612,266.91,1,26
6,-5.61077,-44.3735,-185.382,609.708,1,26
6,-2.55756,-44.6536,-164.43,540.307,1,26
6,1.80138,-44.6905,-246.598,141.74,1,26
6,3.04261,-44.6232,58.7238,455.08,1,26
6,5.43168,-44.3958,52.2017,351.168,1,26
6,5.79908,-44.3493,-128.641,109.251,1,26
6,6.9856,-44.1779,-217.691,221.611,1,26
6,7.54534,-44.0858,-150.977,393.008,1,26
6,10.5828,-43.4568,-263.473,270.652,1,26
6,26.8195,-35.7939,-118.699,646.011,1,26
6,27.0735,-35.6022,102.117,601.446,1,26
6,28.4221,-34.5351,76.7388,210.092,1,26
6,30.1886,-33.002,-151.197,547.518,1,26
6,30.8198,-32.4134,-156.444,731.465,1,26
6,31.432,-31.8201,-133.804,106.702,1,26
6,32.622,-30.5988,-196.263,1174.11,1,26
6,35.0329,-27.8062,-260.416,1381.77,1,26
6,35.5398,-27.1553,69.2651,274.537,1,26
6,35.9338,-26.6318,-227.087,126.441,1,26
6,36.0859,-26.4252,-92.0937,678.46,1,26
6,36.8294,-25.3787,-140.42,31.0139,1,26
6,37.1844,-24.8558,-90.68,606.721,1,26
6,38.1288,-23.3812,54.3402,829.949,1,26
6,38.5414,-22.6947,26.7,382.005,1,26
6,41.7735,-15.9832,-133.347,145.715,1,26
6,42.9358,-12.5302,53.7027,636.207,1,26
6,43.5866,-10.0348,-167.408,365.215,1,26
6,44.5696,-3.74627,-212.5,48.2635,1,26
6,44.6696,-2.26135,-304.603,489.869,1,26
6,44.6826,1.98715,-304.999,644.893,1,26
6,44.6409,2.76986,81.5837,1577.05,1,26
6,44.1733,7.0149,-106.335,407.887,1,26
6,43.7953,9.08073,-187.184,209.331,1,26
6,43.741,9.33863,-273.332,217.934,1,26
6,42.1166,15.0558,33.6806,160.136,1,26
6,42.0355,15.2808,92.3844,399.979,1,26
6,41.1099,17.6199,-157.941,500.501,1,26
6,40.8682,18.1735,-157.213,537.567,1,26
6,40.6375,18.6837,17.416,795.118,1,26
6,40.6099,18.7435,-156.629,100.199,1,26
6,40.2211,19.564,-202.526,133.784,1,26
6,39.9824,20.0472,-203.091,242.242,1,26
6,39.0889,21.7382,-195.189,432.307,1,26
6,38.1263,23.3853,-31.2414,60.5695,1,26
6,37.4783,24.4104,-71.2366,169.527,1,26
6,37.4411,24.4673,-69.5832,90.4661,1,26
6,36.169,26.3114,80.7056,487.233,1,26
6,34.5239,28.4356,-55.7592,346.467,1,26
6,34.5033,28.4606,22.8532,272.862,1,26
6,31.141,32.1049,54.2283,2308.24,1,26
6,29.7204,33.4243,-157.269,221.092,1,26
6,29.4853,33.6319,69.8282,1642.74,1,26
6,28.9664,34.0799,-122.414,775.437,1,26
6,25.2097,36.9453,-157.265,511.099,1,26
6,20.6124,39.694,-199.551,181.956,1,26
6,20.1534,39.929,-161.156,247.062,1,26
6,20.1443,39.9336,-200.161,237.703,1,26
6,19.6188,40.1944,-201.653,1209.53,1,26
6,19.2058,40.3934,-201.9,30.1787,1,26
6,10.3911,43.503,-114.199,1244.47,1,26
6,9.31194,43.7467,-113.129,460.461,1,26
6,7.73668,44.0526,-299.965,77.2752,1,26
6,6.18509,44.2971,87.0355,177.11,1,26
6,3.36105,44.6003,102.763,611.069,1,26
6,-0.697303,44.7214,-177.623,252.36,1,26
6,-7.02049,44.1724,62.1541,1284.44,1,26
6,-10.0874,43.5744,-145.798,421.771,1,26
6,-11.1337,43.3189,-47.3868,88.4871,1,26
6,-11.9321,43.1058,-47.564,62.248,1,26
6,-13.4352,42.6612,-247.612,1479.6,1,26
6,-15.1325,42.0891,-141.807,355.537,1,26
6,-20.2134,39.8987,-176.354,253.136,1,26
6,-22.1729,38.8439,42.1662,344.57,1,26
6,-26.4745,36.0498,-23.2417,305.844,1,26
6,-27.8834,34.9715,-128.008,205.751,1,26
6,-29.3069,33.7874,-161.377,153.992,1,26
6,-30.0163,33.1588,-72.4567,1392.49,1,26
6,-33.6416,29.4742,-152.957,1550.62,1,26
6,-33.0725,30.1114,-30.206,220.264,1,26
6,-33.567,29.5591,-92.2632,159.769,1,26
6,-37.0654,25.0329,-298.612,2200.76,1,26
6,-37.8068,23.8984,-51.7742,479.135,1,26
6,-37.9687,23.6403,-178.915,513.629,1,26
6,-38.3535,23.0108,-43.135,166.105,1,26
6,-43.4001,10.8128,56.5642,515.029,1,26
6,-44.6696,2.26172,-82.3111,1328.98,1,26
6,-45.747,-0.093575,130.244,58.0971,0,27
6,-45.7406,-0.771906,215.468,88.3296,0,27
6,-45.3884,-5.7176,-79.3259,1055.4,0,27
6,-44.4838,-10.6767,-88.2567,867.603,0,27
6,-44.3533,-11.2064,73.0315,164.136,0,27
6,-42.4441,-17.0673,-8.49883,111.773,0,27
6,-42.1962,-17.6713,272.157,86.6225,0,27
6,-42.0401,-18.0397,294.594,406.545,0,27
6,-41.7559,-18.6879,-93.4081,306.236,0,27
6,-41.3407,-19.5894,183.556,3177.25,0,27
6,-40.9076,-20.4783,76.336,1033.81,0,27
6,-40.3798,-21.5004,147.064,884.47,0,27
6,-40.2046,-21.8263,193.094,465.328,0,27
6,-40.173,-21.8845,212.517,540.282,0,27
6,-36.424,-27.6783,-88.2634,377.851,0,27
6,-36.3006,-27.8399,139.77,469.769,0,27
6,-35.8151,-28.4619,-30.9864,146.046,0,27
6,-34.5436,-29.9923,185.225,769.158,0,27
6,-34.5298,-30.0082,250.451,779.37,0,27
6,-34.0071,-30.5992,256.044,777.081,0,27
6,-33.9591,-30.6525,-75.1958,79.6869,0,27
6,-33.9591,-30.6525,184.94,22.049,0,27
6,-32.6078,-32.0862,190.876,70.3051,0,27
6,-29.7386,-34.7623,-38.7184,795.947,0,27
6,-24.0781,-38.8979,-2.85889,145.846,0,27
6,-18.668,-41.7649,-99.9885,125.578,0,27
6,-15.957,-42.8739,135.486,896.923,0,27
6,-16.0002,-42.8578,162.111,1468.74,0,27
6,-9.85421,-44.6732,-94.1958,557.884,0,27
6,-9.16566,-44.8195,-94.8868,789.942,0,27
6,-8.45168,-44.9596,-95.5944,424.353,0,27
6,-6.31439,-45.3092,-66.8779,338.262,0,27
6,-5.6774,-45.3934,-67.2516,543.272,0,27
6,-5.69158,-45.3917,150.051,523.196,0,27
6,-5.50844,-45.4142,110.593,727.891,0,27
6,-5.32123,-45.4366,-79.3936,65.4144,0,27
6,-5.20341,-45.4502,63.8864,352.371,0,27
6,-4.94932,-45.4786,125.58,34.2172,0,27
6,-4.62272,-45.5129,200.859,1214.89,0,27
6,-4.20455,-45.5535,-53.1583,79.6854,0,27
6,-3.40115,-45.6205,-53.0359,1181.08,0,27
6,-3.37439,-45.6225,42.9753,489.906,0,27
6,-3.48052,-45.6145,180.621,587.841,0,27
6,-3.16799,-45.6373,174.721,371.463,0,27
6,10.2265,-44.5894,-89.2811,307.201,0,27
6,14.1937,-43.4895,-89.1637,326.457,0,27
6,14.7089,-43.3179,89.4947,257.677,0,27
6,18.11,-42.0098,188.332,34.0971,0,27
6,23.6746,-39.1447,-98.9733,383.151,0,27
6,23.6543,-39.157,175.218,770.947,0,27
6,26.1487,-37.5372,301.197,1481.32,0,27
6,29.2676,-35.1597,196.27,555.114,0,27
6,31.2206,-33.4376,48.0223,564.426,0,27
6,32.149,-32.546,174.764,23.1126,0,27
6,40.3012,-21.6475,87.6298,57.4022,0,27
6,42.5799,-16.7257,177.732,32.2635,0,27
6,44.3015,-11.4094,-7.01734,184.065,0,27
6,44.3421,-11.2505,155.335,385.503,0,27
6,44.3993,-11.0226,52.7753,518.075,0,27
6,44.4837,-10.6771,-66.3754,486.545,0,27
6,44.6013,-10.1746,-81.6976,257.011,0,27
6,45.1494,-7.37055,305.78,135.272,0,27
6,45.4735,-4.99597,-60.8703,88.0647,0,27
6,45.5551,-4.18687,-41.158,266.084,0,27
6,45.6016,-3.64523,-41.9,25.0155,0,27
6,45.6035,-3.62153,52.2411,269.331,0,27
6,45.68,-2.47739,99.2378,1107.69,0,27
6,45.7417,-0.700685,-39.9192,652.683,0,27
6,45.5098,4.65344,-78.6898,1602.01,0,27
6,45.0296,8.07044,-78.0323,150.286,0,27
6,44.3533,11.2064,120.75,56.5337,0,27
6,44.2601,11.5689,120.261,105.025,0,27
6,43.3223,14.6961,-18.9691,265.58,0,27
6,42.9517,15.7464,129.223,641.883,0,27
6,42.7946,16.1684,8.04304,650.357,0,27
6,42.3068,17.405,171.659,429.064,0,27
6,41.6319,18.9627,218.295,192.438,0,27
6,36.6469,27.3826,-78.3522,504.637,0,27
6,35.7323,28.5657,198.142,638.265,0,27
6,34.6177,29.9067,115.969,91.6037,0,27
6,32.938,31.7472,151.629,276.856,0,27
6,25.2619,38.1397,-47.5497,712.032,0,27
6,25.5501,37.9472,242.993,197.621,0,27
6,25.1448,38.217,243.551,243.037,0,27
6,24.0982,38.8854,-68.1247,2278.25,0,27
6,22.957,39.5698,143.191,140.004,0,27
6,19.049,41.5924,160.533,401.076,0,27
6,18.1656,41.9858,151.942,530.769,0,27
6,7.36177,45.1509,136.396,1526.04,0,27
6,4.12539,45.5607,122.549,566.461,0,27
6,-0.37499,45.7456,277.649,313.697,0,27
6,-3.55164,45.609,122.207,947.55,0,27
6,-4.10308,45.5627,-74.7851,272.673,0,27
6,-4.4961,45.5256,-68.612,53.6052,0,27
6,-7.46711,45.1336,294.839,547.9,0,27
6,-7.54789,45.1201,136.978,212.769,0,27
6,-8.28156,44.9913,-60.556,22.0416,0,27
6,-13.6529,43.6623,131.801,983.685,0,27
6,-15.3691,43.0881,226.204,104.73,0,27
6,-18.1353,41.9989,143.796,435.202,0,27
6,-20.7122,40.7897,-11.0242,1216.82,0,27
6,-20.3445,40.9743,131.723,608.9,0,27
6,-21.5532,40.3517,160.772,77.4594,0,27
6,-22.5597,39.7977,206.592,654.273,0,27
6,-27.946,36.219,-41.3376,203.911,0,27
6,-28.3238,35.9243,-45.2409,175.893,0,27
6,-30.4145,34.1724,193.88,613.599,0,27
6,-31.0387,33.6065,-83.4684,619.627,0,27
6,-32.7661,31.9246,53.974,520.262,0,27
6,-33.5423,31.108,42.2241,449.463,0,27
6,-36.1854,27.9895,111.637,283.617,0,27
6,-38.3288,24.9739,-58.0452,548.031,0,27
6,-39.6592,22.8023,-79.0931,12563.8,0,27
6,-40.9879,20.3173,-21.9684,94.1856,0,27
6,-41.4445,19.3688,138.361,294.071,0,27
6,-45.6981,2.11622,116.374,417.881,0,27
6,-45.7276,1.33485,138.306,294.055,0,27
6,-45.746,0.311161,171.248,447.249,0,27
6,-45.747,0.0935522,130.389,105.009,0,27
6,-45.5535,-4.20459,-295.608,151.227,1,27
6,-43.1248,-15.266,-291.138,905.378,1,27
6,-43.2084,-15.0277,-250.577,183.464,1,27
6,-41.6771,-18.8631,-22.3896,832.538,1,27
6,-41.4968,-19.2565,-207.793,1104.05,1,27
6,-39.94,-22.3068,-146.193,735.331,1,27
6,-35.4431,-28.9237,-86.3907,119.693,1,27
6,-31.4766,-33.1967,-178.078,144.066,1,27
6,-29.7085,-34.7879,-143.961,4284.33,1,27
6,-28.8419,-35.5097,-142.521,344.808,1,27
6,-28.3692,-35.8885,-141.692,658.161,1,27
6,-27.5764,-36.5012,-140.507,626.607,1,27
6,-27.0669,-36.8806,-54.7494,249.729,1,27
6,-26.3395,-37.4036,-138.476,1318.49,1,27
6,-25.0587,-38.2735,-136.63,1834.33,1,27
6,-25.1469,-38.2156,-162.543,393.588,1,27
6,-24.237,-38.7991,-135.332,43.09,1,27
6,-23.9187,-38.996,-134.484,32.2513,1,27
6,-23.9187,-38.996,-174.34,38.2497,1,27
6,-23.5989,-39.1904,-134.731,111.461,1,27
6,-23.2198,-39.4162,-133.815,107.85,1,27
6,-21.6475,-40.3012,-130.806,98.0459,1,27
6,-21.6475,-40.3012,-132.173,73.659,1,27
6,-19.6795,-41.2979,62.0761,622.623,1,27
6,-19.6291,-41.3218,-128.436,281.759,1,27
6,-19.3053,-41.4741,-127.276,35.0416,1,27
6,-18.8362,-41.6893,-127.838,186.271,1,27
6,-18.4517,-41.8608,-126.861,287.411,1,27
6,-17.98,-42.0656,-125.998,516.237,1,27
6,-17.7656,-42.1566,-124.732,39.0139,1,27
6,-16.7257,-42.5799,-123.238,74.8158,1,27
6,-12.4716,-44.0143,-92.5071,161.17,1,27
6,-9.403,-44.7703,-215.049,203.938,1,27
6,-8.30417,-44.9871,-20.8216,894.119,1,27
6,-6.19494,-45.3257,-34.7578,222.821,1,27
6,-6.13411,-45.334,-185.245,509.432,1,27
6,-2.38593,-45.6848,-162.521,602.635,1,27
6,2.27855,-45.6903,-245.337,753.596,1,27
6,3.03651,-45.6462,59.6031,88.0987,1,27
6,5.50707,-45.4144,52.6717,54.2791,1,27
6,5.7269,-45.3872,-127.867,604.325,1,27
6,7.48596,-45.1305,-150.658,282.725,1,27
6,7.69141,-45.0959,-217.488,659.306,1,27
6,10.8646,-44.4382,-2.35962,483.652,1,27
6,10.8432,-44.4435,-262.956,35.111,1,27
6,27.4171,-36.6211,103.81,689.193,1,27
6,28.9597,-35.4138,77.4527,223.818,1,27
6,31.4296,-33.2412,-151.936,969.396,1,27
6,31.6777,-33.0049,-155.961,382.365,1,27
6,32.0156,-32.6772,-151.868,25.0409,1,27
6,33.313,-31.3535,-195.995,592.702,1,27
6,36.0974,-28.1029,-259.808,1042.11,1,27
6,36.4163,-27.6884,70.5376,348.672,1,27
6,36.5942,-27.4529,-225.562,387.41,1,27
6,37.2989,-26.4876,-89.6865,536.189,1,27
6,37.5163,-26.1787,-140.288,176.763,1,27
6,38.1603,-25.2306,-88.3283,417.868,1,27
6,39.1515,-23.6634,54.6749,793.914,1,27
6,39.5195,-23.0436,26.8157,129.763,1,27
6,42.6068,-16.657,-132.745,636.891,1,27
6,43.8993,-12.8705,54.1151,544.499,1,27
6,44.7472,-9.51254,-166.56,945.851,1,27
6,45.5239,-4.51377,-126.848,1898.58,1,27
6,45.5479,-4.26448,-212.193,420.21,1,27
6,45.628,-3.29854,-305.225,278.301,1,27
6,45.6755,2.55836,-303.085,526.891,1,27
6,45.6643,2.75082,82.8399,774.483,1,27
6,45.1762,7.20452,-105.438,333.999,1,27
6,44.8321,9.10364,-187.06,59.314,1,27
6,44.679,9.8276,-272.62,216.758,1,27
6,43.1646,15.153,-149.517,1526.82,1,27
6,43.039,15.5061,93.076,224.103,1,27
6,43.0114,15.5825,34.3344,574.46,1,27
6,41.6424,18.9396,19.1553,122.259,1,27
6,41.592,19.0501,-201.56,615.091,1,27
6,41.0721,20.1464,-155.464,822.447,1,27
6,41.3602,19.5482,-202.007,92.5055,1,27
6,41.1603,19.9657,-227.301,532.018,1,27
6,40.439,21.3888,-154.081,890.022,1,27
6,39.0341,23.8566,-30.5155,286.796,1,27
6,38.2602,25.0789,-68.2659,146.034,1,27
6,37.1545,26.6898,82.5549,1056.79,1,27
6,35.4762,28.8831,-54.7356,153.807,1,27
6,31.8932,32.7967,76.4273,398.738,1,27
6,30.3821,34.2012,70.8058,498.432,1,27
6,30.2297,34.336,-157.187,951.187,1,27
6,29.7568,34.7467,-120.362,243.754,1,27
6,28.8808,35.4781,-294.282,3129.59,1,27
6,25.8034,37.7754,-157.211,60.359,1,27
6,22.0747,40.0688,-197.07,673.666,1,27
6,20.7852,40.7526,-159.939,512.397,1,27
6,17.4202,42.3005,-305.78,43,1,27
6,12.9963,43.8622,-116.734,541.733,1,27
6,12.4869,44.0099,-116.139,366.454,1,27
6,12.4716,44.0143,-139.236,247.682,1,27
6,11.2859,44.3331,-115.346,265.502,1,27
6,7.95484,45.0502,-299.296,177.955,1,27
6,6.1403,45.3331,86.8156,362.078,1,27
6,2.92436,45.6535,103.668,471.745,1,27
6,-0.842068,45.7393,-177.028,63.8173,1,27
6,-8.11855,45.021,63.7521,1283.82,1,27
6,-9.93861,44.6545,-145.189,198.263,1,27
6,-10.738,44.469,-46.3422,441.556,1,27
6,-12.1848,44.0945,-226.916,54.2513,1,27
6,-12.3355,44.0526,-227.915,98.7853,1,27
6,-15.5993,43.0053,-140.516,498.327,1,27
6,-17.247,42.3714,-271.712,74.3867,1,27
6,-20.4848,40.9044,-176.292,88.5898,1,27
6,-22.7375,39.6964,42.1548,399.984,1,27
6,-27.1763,36.8001,-21.343,164.722,1,27
6,-29.8055,34.7049,-160.383,452.746,1,27
6,-30.1371,34.4173,-70.5577,482.937,1,27
6,-33.9001,30.7178,-29.3257,680.973,1,27
6,-35.6241,28.7005,-153.637,1368.48,1,27
6,-36.7534,27.2394,-154.149,367.638,1,27
6,-38.9554,23.9848,-298.324,697.623,1,27
6,-38.8679,24.1265,-51.5102,439.689,1,27
6,-39.2066,23.5721,-42.6282,173.331,1,27
6,-40.0101,22.1808,-274.892,233.825,1,27
6,-44.3988,11.0248,56.9695,77.7391,1,27
6,-45.7397,0.82059,-163.809,2473.46,1,27
6,-45.7203,1.56605,-79.4295,828.268,1,27
6,-46.7672,-0.167061,215.222,270.465,0,28
6,-46.2353,-7.03534,-78.7858,4262.39,0,28
6,-45.4101,-11.1857,-88.3935,229.608,0,28
6,-45.2954,-11.6417,-88.6971,94.5115,0,28
6,-45.2954,-11.6417,140.589,113.126,0,28
6,-43.3303,-17.5979,-8.64279,417.599,0,28
6,-43.0452,-18.2843,293.966,573.724,0,28
6,-42.864,-18.705,271.366,187.248,0,28
6,-42.77,-18.9189,-95.1633,260.276,0,28
6,-42.3181,-19.9092,183.244,41.111,0,28
6,-41.879,-20.817,299.815,1168.24,0,28
6,-41.8697,-20.8357,74.2399,803.2,0,28
6,-41.1399,-22.2421,211.919,87.0358,0,28
6,-41.0494,-22.4087,192.047,242.364,0,28
6,-37.3954,-28.0852,-89.2038,508.357,0,28
6,-37.2362,-28.296,137.248,949.039,0,28
6,-35.6784,-30.2366,185.019,714.622,0,28
6,-35.1372,-30.8638,249.753,247.012,0,28
6,-34.7542,-31.2945,-75.873,397.196,0,28
6,-34.7059,-31.348,254.561,681.93,0,28
6,-34.0745,-32.0333,-51.9017,397.585,0,28
6,-32.7297,-33.4061,6.62996,75.5948,0,28
6,-31.0857,-34.9411,-38.7209,179.686,0,28
6,-30.764,-35.2247,-38.7999,69.9527,0,28
6,-24.5365,-39.814,-3.79358,550.114,0,28
6,-21.6231,-41.4686,-75.9691,336.756,0,28
6,-19.2141,-42.6382,-101.494,63.8183,0,28
6,-16.7069,-43.6815,133.503,189.688,0,28
6,-6.47512,-46.3171,-97.1857,385.559,0,28
6,-5.78001,-46.4089,-97.9697,209.575,0,28
6,-5.93235,-46.3897,149.719,403.63,0,28
6,-5.6677,-46.4228,-53.6587,220.371,0,28
6,-5.60476,-46.4304,63.0269,1623.79,0,28
6,-5.76881,-46.4103,109.457,382.678,0,28
6,-5.66518,-46.4231,124.839,441.582,0,28
6,-5.81975,-46.404,154.152,140,0,28
6,-5.43992,-46.45,-67.764,21.2124,0,28
6,-4.9731,-46.5023,-98.5012,150.223,0,28
6,-4.69693,-46.531,-68.1236,631.17,0,28
6,-4.73452,-46.5272,-53.5515,488.538,0,28
6,-4.76682,-46.5239,30.8033,149.281,0,28
6,-4.66251,-46.5345,199.003,1355.33,0,28
6,-4.12381,-46.5853,-99.1496,305.267,0,28
6,-4.29834,-46.5696,174.34,24.9861,0,28
6,-3.71505,-46.6197,174.588,823.633,0,28
6,-3.37062,-46.6459,-99.7589,287.375,0,28
6,-3.43715,-46.641,179.272,790.881,0,28
6,-3.20077,-46.6578,41.8989,298.37,0,28
6,-2.60175,-46.6951,-100.361,609.713,0,28
6,-2.64131,-46.6929,41.4009,204.164,0,28
6,-1.80392,-46.7327,-100.941,260.936,0,28
6,-1.05742,-46.7555,-101.631,383.3,0,28
6,-0.416905,-46.7656,-102.371,235.892,0,28
6,3.08945,-46.6653,-104.914,100.472,0,28
6,3.8257,-46.6108,-105.441,252.04,0,28
6,4.67921,-46.5328,-105.5,41,0,28
6,5.21567,-46.4758,283.176,872.168,0,28
6,10.1215,-45.6591,-90.7953,355.179,0,28
6,10.3803,-45.601,249.189,130.924,0,28
6,14.7963,-44.3652,-90.3401,744.1,0,28
6,15.2926,-44.1965,87.5463,780.011,0,28
6,18.3381,-43.0222,228.344,62.3191,0,28
6,20.8204,-41.8773,151.644,1038.45,0,28
6,24.2711,-39.9764,174.196,192.485,0,28
6,24.289,-39.9655,-99.3181,71.4422,0,28
6,30.031,-35.8516,195.669,580.62,0,28
6,31.8727,-34.2247,47.5179,170.325,0,28
6,33.8641,-32.2555,69.0343,281.519,0,28
6,41.6788,-21.2151,87.3524,333.194,0,28
6,43.2374,-17.8249,177.461,178.322,0,28
6,43.2441,-17.8087,-37.3987,70.3484,0,28
6,45.3516,-11.4208,51.3025,262.815,0,28
6,45.4795,-10.9002,-82.9225,606.829,0,28
6,46.2357,-7.03302,305.78,82.2741,0,28
6,46.571,-4.28232,-41.5147,862.088,0,28
6,46.7072,-2.37423,97.7732,793.596,0,28
6,46.7642,-0.558878,-40.8309,198.894,0,28
6,46.765,0.482133,139.764,926.699,0,28
6,46.6241,3.65908,219.436,76.3451,0,28
6,46.5804,4.17912,-79.7184,1282.34,0,28
6,44.4566,14.5193,-18.9798,398.953,0,28
6,43.8208,16.3383,7.13547,105.896,0,28
6,43.8152,16.3531,128.719,120.906,0,28
6,42.8618,18.7101,172.157,153.657,0,28
6,42.6382,19.2141,218.171,57.5515,0,28
6,40.6931,23.0492,-84.9664,1133.2,0,28
6,37.4152,28.0589,-79.0648,106.183,0,28
6,36.8665,28.776,197.879,277.093,0,28
6,35.1905,30.8031,114.997,539.636,0,28
6,33.5397,32.5928,149.475,610.941,0,28
6,32.8661,33.2719,190.811,213.508,0,28
6,32.5928,33.5397,190.772,179.183,0,28
6,26.5367,38.5098,241.947,83.8728,0,28
6,7.37615,46.1822,135.677,420.415,0,28
6,4.374,46.5625,121.322,867.229,0,28
6,0.105398,46.7674,277.372,95.319,0,28
6,-3.40524,46.6434,120.274,560.683,0,28
6,-4.11836,46.5858,-75.2858,453.306,0,28
6,-4.86953,46.5133,-69.2138,102.753,0,28
6,-7.41535,46.1759,136.676,545.823,0,28
6,-7.79135,46.1139,293.868,660.86,0,28
6,-8.27806,46.029,-60.7821,67.6298,0,28
6,-9.33718,45.8259,212.327,491.848,0,28
6,-13.6412,44.7339,130.603,334.577,0,28
6,-15.4319,44.1481,226.173,211.827,0,28
6,-17.3714,43.4216,143.386,657.605,0,28
6,-21.1011,41.7366,130.296,670.964,0,28
6,-21.9631,41.2895,-11.1672,317.875,0,28
6,-22.032,41.2528,206.121,401.213,0,28
6,-22.8855,40.7854,160.977,656.656,0,28
6,-27.9765,37.4769,-41.8411,471.142,0,28
6,-28.9055,36.7651,-41.022,352.76,0,28
6,-29.4508,36.3297,-45.2529,915.496,0,28
6,-31.1158,34.9143,193.837,670.198,0,28
6,-31.5836,34.4916,-84.4663,1039.57,0,28
6,-33.6914,32.4359,51.847,729.296,0,28
6,-34.409,31.6737,41.2246,168.738,0,28
6,-37.1694,28.3837,110.45,2935.15,0,28
6,-39.7255,24.6797,-57.9391,1126.35,0,28
6,-40.8347,22.7975,-80.3689,3877.31,0,28
6,-41.9862,20.6,-24.1651,322.594,0,28
6,-42.2117,20.1338,138.181,127.801,0,28
6,-43.3165,17.6317,269.186,180,0,28
6,-45.2474,11.8269,79.1206,77.1059,0,28
6,-46.7047,2.42307,114.436,479.643,0,28
6,-46.7455,1.43457,137.876,32.0694,0,28
6,-46.7635,0.607939,130.112,591.847,0,28
6,-46.7665,0.302493,214.975,652.593,0,28
6,-46.5867,-4.10783,-294.539,64.6533,1,28
6,-45.0478,-12.5657,-270.164,45.2774,1,28
6,-44.6607,-13.8787,-291.505,2460.72,1,28
6,-44.465,-14.4936,-131.544,266.394,1,28
6,-44.2674,-15.0862,-249.311,167.44,1,28
6,-43.4861,-17.2091,-195.493,264.073,1,28
6,-42.479,-19.5636,-207.572,1083.75,1,28
6,-42.2553,-20.0421,-20.8294,2155.67,1,28
6,-40.7577,-22.9348,-145.832,435.156,1,28
6,-36.6193,-29.09,-84.0469,930.772,1,28
6,-32.7297,-33.4061,88.6992,98.5132,1,28
6,-32.1566,-33.9581,-176.94,370.115,1,28
6,-27.9758,-37.4774,-53.6415,602.432,1,28
6,-25.5836,-39.1494,-162.044,23.0139,1,28
6,-20.2018,-42.1792,62.0864,435.406,1,28
6,-18.1619,-43.0969,-121.12,133.146,1,28
6,-17.6317,-43.3165,-121.534,155.504,1,28
6,-9.26093,-45.8414,-214.901,165.966,1,28
6,-7.07544,-46.2292,-33.7556,303.983,1,28
6,-6.56621,-46.3043,-185.028,174.561,1,28
6,-6.57821,-46.3026,-34.42,21.2949,1,28
6,-2.31162,-46.7103,-161.389,1945.55,1,28
6,2.60658,-46.6948,-244.613,987.561,1,28
6,2.86724,-46.6795,60.63,1014.87,1,28
6,5.21553,-46.4758,52.9374,172.034,1,28
6,5.66306,-46.4234,-126.775,248.568,1,28
6,7.4094,-46.1768,-150.015,145.979,1,28
6,7.91046,-46.0936,-217.525,513.054,1,28
6,10.4865,-45.5767,-1.52755,345.961,1,28
6,11.085,-45.4348,-262.532,21.1542,1,28
6,11.6687,-45.2884,-304.759,167.519,1,28
6,27.7939,-37.6125,105.373,175.888,1,28
6,28.7569,-36.8814,-116.947,590.716,1,28
6,29.4466,-36.3331,78.788,38.0971,1,28
6,32.5328,-33.5978,-155.549,424.491,1,28
6,32.5928,-33.5397,-153.14,23.2774,1,28
6,33.3423,-32.7946,-130.244,61.1526,1,28
6,33.9371,-32.1787,-195.964,26.1575,1,28
6,37.2281,-28.3067,-258.885,3099.92,1,28
6,37.3924,-28.0893,71.3731,64.6173,1,28
6,38.1353,-27.072,-140.055,529.513,1,28
6,38.3776,-26.7275,-87.8099,390.064,1,28
6,39.1414,-25.5959,-85.8963,300.752,1,28
6,40.2606,-23.7967,55.044,25.1077,1,28
6,40.5321,-23.3312,26.8683,463.865,1,28
6,43.3502,-17.5487,-131.903,600.893,1,28
6,44.8362,-13.301,54.62,26.1958,1,28
6,45.8755,-9.09076,-165.858,214.723,1,28
6,46.5133,-4.86949,-305.78,58,1,28
6,46.5542,-4.46119,-125.119,920.323,1,28
6,46.5438,-4.56845,-211.844,173.605,1,28
6,46.5939,-4.02638,-305.649,356.612,1,28
6,46.6902,2.68782,84.4502,663.096,1,28
6,46.6735,2.9633,-301.54,27.1345,1,28
6,46.6493,3.32282,-300.444,429.291,1,28
6,46.1792,7.3947,-104.416,395.518,1,28
6,45.8542,9.19722,-186.956,330.581,1,28
6,45.592,10.4197,-271.86,68.2497,1,28
6,44.0676,15.6604,94.1547,1325.27,1,28
6,44.0796,15.6265,-148.365,210.239,1,28
6,43.8869,16.1598,34.8706,385.27,1,28
6,42.7939,18.8649,-201.068,334.597,1,28
6,42.6305,19.2312,21.4471,945.34,1,28
6,42.1114,20.3428,-226.288,234.933,1,28
6,40.7843,22.8876,-152.914,956.091,1,28
6,40.6722,23.0861,-193.713,599.667,1,28
6,40.1847,23.9247,-151.996,94.7303,1,28
6,39.9975,24.2363,-29.6557,597.187,1,28
6,38.0718,27.1614,84.2351,824.474,1,28
6,36.3432,29.4342,23.7772,167.122,1,28
6,36.3891,29.3775,-53.998,270.568,1,28
6,32.4438,33.6838,77.6038,620.111,1,28
6,31.3989,34.6599,71.8264,2663.95,1,28
6,30.7236,35.2598,-157.158,317.393,1,28
6,30.4748,35.4752,-118.804,104.553,1,28
6,29.4054,36.3665,-293.51,796.196,1,28
6,26.04,38.8474,-157.099,234.008,1,28
6,24.1253,40.0646,-193.852,261.618,1,28
6,23.6244,40.3619,-194.423,248.045,1,28
6,23.2261,40.5924,-195.107,260.661,1,28
6,22.9431,40.7531,-196.221,341.031,1,28
6,14.9553,44.3118,-118.639,2053.75,1,28
6,13.7497,44.7006,-117.356,340.767,1,28
6,12.7913,44.9842,-138.819,246.745,1,28
6,8.27804,46.029,-298.996,24.2358,1,28
6,6.14157,46.3625,86.6915,262.513,1,28
6,3.89439,46.6051,-214.391,574.06,1,28
6,2.46246,46.7026,105.125,431.636,1,28
6,-1.05211,46.7557,-176.46,25.0433,1,28
6,-9.01641,45.8901,65.0484,746.867,1,28
6,-9.86718,45.7147,-144.897,219.736,1,28
6,-10.1535,45.652,-45.211,122.195,1,28
6,-13.0506,44.9097,-245.186,1161.99,1,28
6,-15.9946,43.9474,-139.537,767.329,1,28
6,-17.9523,43.1846,-271.261,225.473,1,28
6,-23.3296,40.533,42.241,386.319,1,28
6,-27.8214,37.5921,-19.9429,253.437,1,28
6,-29.7575,36.0789,-67.2323,1072.65,1,28
6,-30.3294,35.5995,-68.5623,71.5498,1,28
6,-30.3294,35.5995,-165.49,488,1,28
6,-30.3294,35.5995,-169.676,21,1,28
6,-34.7031,31.3512,-27.7175,452.437,1,28
6,-34.8881,31.1452,-89.3564,787.059,1,28
6,-38.8374,26.0548,-154.988,3737.15,1,28
6,-39.931,24.3458,-51.2144,857.254,1,28
6,-39.8163,24.5329,-178.298,182.254,1,28
6,-40.0719,24.1131,-42.1521,284.763,1,28
6,-40.5735,23.2592,-298.066,501.992,1,28
6,-40.8176,22.8281,-274.363,170.262,1,28
6,-41.3486,21.8516,-297.839,329.438,1,28
6,-45.0988,12.3813,-217.588,33.1526,1,28
6,-45.4194,11.1479,57.4061,753.526,1,28
6,-46.5554,4.44905,-162.625,3115.95,1,28
6,-46.7557,1.05209,-77.668,57.142,1,28
6,-46.3991,-11.4372,140.18,1079.15,0,29
6,-44.227,-18.1012,-8.828,47.0832,0,29
6,-44.0947,-18.4211,293.161,113.566,0,29
6,-43.7805,-19.156,-96.0688,89.1941,0,29
6,-43.5301,-19.7184,300.323,672.131,0,29
6,-43.4785,-19.8319,270.753,272.033,0,29
6,-43.3443,-20.1235,183.071,281.647,0,29
6,-43.2021,-20.4269,300.15,229.862,0,29
6,-42.8137,-21.2289,146.758,985.593,0,29
6,-42.8047,-21.247,72.8188,1304.8,0,29
6,-41.8996,-22.9806,191.232,692.676,0,29
6,-38.382,-28.4694,-90.186,341.177,0,29
6,-38.3312,-28.5378,-30.6687,342.643,0,29
6,-38.0897,-28.8593,135.404,1401.59,0,29
6,-36.7599,-30.5351,184.872,142.583,0,29
6,-35.8643,-31.5822,-76.9354,223.68,0,29
6,-35.5843,-31.8974,-51.9643,783.356,0,29
6,-35.7117,-31.7547,248.697,676.754,0,29
6,-35.6047,-31.8745,-76.668,29.1387,0,29
6,-35.3929,-32.1096,253.291,272.256,0,29
6,-33.433,-34.1455,4.78373,1776.73,0,29
6,-32.3718,-35.1532,-38.8504,918.229,0,29
6,-24.8876,-40.7957,-5.71567,470.527,0,29
6,-21.894,-42.4775,-77.9492,786.988,0,29
6,-17.5706,-44.4405,130.765,2086.71,0,29
6,-6.52422,-47.3404,149.33,484.353,0,29
6,-5.94633,-47.4165,-80.3548,949.417,0,29
6,-5.93686,-47.4177,62.3294,1586.38,0,29
6,-5.97717,-47.4126,108.558,218.285,0,29
6,-6.04531,-47.404,124.217,460.711,0,29
6,-4.65848,-47.5603,29.9231,271.143,0,29
6,-3.41807,-47.6655,177.828,1247.24,0,29
6,-2.60556,-47.7168,40.1942,178.537,0,29
6,-2.05742,-47.7436,39.4012,331.54,0,29
6,9.95352,-46.7398,-92.4998,364.754,0,29
6,10.9615,-46.5137,246.887,410.483,0,29
6,15.4535,-45.2203,-91.508,21.0832,0,29
6,15.9004,-45.0651,86.0313,583.329,0,29
6,18.9179,-43.8839,226.496,89.3002,0,29
6,21.2755,-42.7906,145.857,1079.46,0,29
6,21.4746,-42.691,150.362,1075.07,0,29
6,24.8372,-40.8264,173.083,464.833,0,29
6,27.5066,-39.0778,297.649,371.263,0,29
6,30.8163,-36.5245,195.049,250.491,0,29
6,32.5102,-35.0253,47.0044,165.785,0,29
6,33.2602,-34.3139,172.388,440.747,0,29
6,44.335,-17.8352,149.155,105.635,0,29
6,46.3125,-11.7829,-84.2034,268.584,0,29
6,46.6078,-10.5543,-68.5025,1550.47,0,29
6,47.2846,-6.91746,305.78,174.347,0,29
6,47.5481,-4.78128,-61.7625,262.001,0,29
6,47.567,-4.58957,-41.8579,624.703,0,29
6,47.5729,-4.52846,50.6853,739.464,0,29
6,47.736,-2.22692,95.6589,1678.17,0,29
6,47.787,-0.293206,-41.476,23.0172,0,29
6,47.7792,0.910724,138.926,531.596,0,29
6,47.62,4.0027,219.284,21.2586,0,29
6,47.3586,6.39086,305.141,619.527,0,29
6,47.1203,7.95993,-79.2895,201.22,0,29
6,45.5373,14.4927,-19.1792,239.673,0,29
6,44.8882,16.393,5.90863,767.957,0,29
6,44.7124,16.8668,128.16,399.977,0,29
6,43.6055,19.5511,218.012,52.1248,0,29
6,43.4005,20.0021,172.552,501.505,0,29
6,41.5347,23.6337,-86.1675,556.883,0,29
6,38.1257,28.8118,-79.8863,152.277,0,29
6,35.8643,31.5822,113.933,55.465,0,29
6,33.9978,33.5832,148.052,31.2617,0,29
6,33.3186,34.2572,190.175,367.513,0,29
6,27.6531,38.9742,240.211,68.4805,0,29
6,27.3424,39.1928,240.908,56.4012,0,29
6,25.9964,40.0983,-70.7754,2037.76,0,29
6,24.8189,40.8375,-46.988,24.288,0,29
6,24.7536,40.8771,142.533,314.511,0,29
6,23.7631,41.4608,-47.2431,627.061,0,29
6,19.2972,43.7184,147.401,1507.4,0,29
6,7.25322,47.2342,134.256,486.918,0,29
6,4.77702,47.5485,119.856,428.68,0,29
6,-3.24349,47.6777,118.289,1366.76,0,29
6,-4.17955,47.6048,-75.6557,1371.55,0,29
6,-5.10792,47.5141,-69.6566,151.193,0,29
6,-7.41253,47.2095,136.378,264.321,0,29
6,-8.11027,47.0947,293.036,495.734,0,29
6,-8.15386,47.0871,-61.1916,198.556,0,29
6,-9.85289,46.7611,211.969,1003.32,0,29
6,-13.6275,45.8037,129.659,1554.8,0,29
6,-15.2683,45.2831,226.049,145.078,0,29
6,-15.6383,45.1567,226.068,28.071,0,29
6,-16.6439,44.7958,143.04,2873.87,0,29
6,-21.7801,42.536,205.789,1376.44,0,29
6,-22.046,42.3988,128.566,558.957,0,29
6,-23.0235,41.876,-11.372,90.2929,0,29
6,-24.1097,41.2602,161.222,278.461,0,29
6,-28.0732,38.6727,-34.1191,632,0,29
6,-30.9874,36.3795,-45.1203,267.394,0,29
6,-32.1476,35.3584,-85.4254,288.457,0,29
6,-34.5702,32.9938,49.3423,1339.85,0,29
6,-35.3133,32.1971,40.0991,640.133,0,29
6,-38.2082,28.7022,109.439,199.949,0,29
6,-41.3535,23.9494,-57.7996,855.102,0,29
6,-42.0106,22.7771,-81.439,5314.17,0,29
6,-42.9716,20.9074,-26.3031,1485.61,0,29
6,-42.9978,20.8536,138.046,366.771,0,29
6,-44.335,17.8352,263.136,318.202,0,29
6,-46.2346,12.0849,77.668,21.0555,0,29
6,-47.7151,2.63765,113.238,153.088,0,29
6,-47.7493,1.9205,137.877,174.937,0,29
6,-47.7726,1.2078,129.776,418.402,0,29
6,-47.7855,0.477846,169.996,685.662,0,29
6,-46.2346,-12.085,-291.966,165.436,1,29
6,-46.0075,-12.9227,-269.325,614.65,1,29
6,-45.9988,-12.9534,-291.77,403.769,1,29
6,-45.4525,-14.7564,-131.029,420.203,1,29
6,-45.3167,-15.1685,-248.329,263.521,1,29
6,-44.4827,-17.4634,-194.394,547.134,1,29
6,-43.5134,-19.7553,-207.189,1687.08,1,29
6,-42.6177,-21.6198,-18.6737,731.475,1,29
6,-42.3733,-22.0949,-18.0627,72.69,1,29
6,-41.6277,-23.4695,-145.534,269.443,1,29
6,-37.6345,-29.4504,-82.153,1304.16,1,29
6,-33.5026,-34.0772,88.54,83.3312,1,29
6,-32.8808,-34.6776,-176.036,26.2203,1,29
6,-28.7798,-38.1498,-52.4064,427.62,1,29
6,-25.8893,-40.1675,-161.817,175.555,1,29
6,-20.6728,-43.085,62.2214,348.888,1,29
6,-18.8425,-43.9163,-119.443,1503.42,1,29
6,-12.0849,-46.2346,-88.692,22.0139,1,29
6,-9.08959,-46.9155,-214.871,1526.91,1,29
6,-8.23292,-47.0734,-18.7789,876.602,1,29
6,-7.50761,-47.1945,-33.1481,375.374,1,29
6,-7.12477,-47.2538,-184.925,216.242,1,29
6,-2.00835,-47.7457,-158.826,548.937,1,29
6,2.85226,-47.7027,61.4177,222.32,1,29
6,5.15748,-47.5088,53.238,299.097,1,29
6,5.55943,-47.4634,-126.182,216.229,1,29
6,7.32596,-47.223,-149.437,200.773,1,29
6,10.2796,-46.6692,-0.924,44.1265,1,29
6,11.6867,-46.3368,-262.149,204.434,1,29
6,30.0614,-37.1483,79.1723,456.072,1,29
6,33.5832,-33.9978,-154.806,123.858,1,29
6,34.2577,-33.3181,-153.701,251.347,1,29
6,34.4742,-33.094,-195.54,73.2635,1,29
6,37.9457,-29.0484,-222.783,1819.3,1,29
6,38.2359,-28.6653,72.3239,577.458,1,29
6,38.5293,-28.2697,-257.653,1987.86,1,29
6,38.5963,-28.1781,-139.695,77.3979,1,29
6,39.6576,-26.6638,-85.2179,1627.06,1,29
6,40.165,-25.8932,-83.6534,190.475,1,29
6,41.1786,-24.2488,55.4114,195.567,1,29
6,41.5418,-23.6212,26.9464,767.657,1,29
6,44.1607,-18.2625,-131.403,468.747,1,29
6,45.7741,-13.7266,55.0916,384.354,1,29
6,46.9613,-8.84982,-165.472,552.155,1,29
6,47.4859,-5.36441,-211.03,98.7914,1,29
6,47.5282,-4.97574,-211.439,87.787,1,29
6,47.582,-4.4317,-123.529,443.986,1,29
6,47.7228,2.49265,85.7065,240.36,1,29
6,47.6245,3.94866,-298.736,676.095,1,29
6,46.8703,9.3199,-186.822,221.085,1,29
6,46.5568,10.7774,-271.468,448.633,1,29
6,45.0847,15.8448,94.9836,313.118,1,29
6,45.0101,16.0553,-147.683,290.769,1,29
6,44.7271,16.8277,35.752,527.309,1,29
6,44.0126,18.6165,-200.379,1323.96,1,29
6,43.5697,19.6308,22.9779,1875.21,1,29
6,43.1076,20.6256,-225.149,447.903,1,29
6,41.4343,23.8093,-192.818,78.536,1,29
6,40.9519,24.6298,-28.8395,683.323,1,29
6,40.463,25.425,-150.66,1301.06,1,29
6,39.8636,26.3548,-64.2881,276.696,1,29
6,39.5898,26.7644,-149.251,252.481,1,29
6,39.4606,26.9545,-148.216,63.5931,1,29
6,39.1442,27.4119,-148.659,305.215,1,29
6,39.0202,27.5882,85.4714,486.575,1,29
6,37.2433,29.9437,24.1033,255.093,1,29
6,37.2853,29.8913,-52.9005,481.563,1,29
6,33.4768,34.1026,55.235,689.092,1,29
6,32.8791,34.6792,79.1675,773.021,1,29
6,31.1318,36.256,-157.113,577.371,1,29
6,26.42,39.8204,-156.956,71.208,1,29
6,25.5995,40.3528,-190.929,231.972,1,29
6,25.288,40.5487,-191.879,426.055,1,29
6,24.8949,40.7913,-192.612,119.885,1,29
6,22.1134,42.3637,-157.419,878.951,1,29
6,18.3828,44.1107,-121.831,249.907,1,29
6,17.7522,44.3683,-121.164,246.018,1,29
6,17.7303,44.377,-303.273,1680.38,1,29
6,16.656,44.7913,-120.148,1250.19,1,29
6,13.5022,45.8407,-138.479,720.35,1,29
6,8.65339,46.9979,-298.364,282.833,1,29
6,4.19743,47.6032,-213.772,22.1878,1,29
6,2.05192,47.7438,105.5,64,1,29
6,-1.22792,47.7721,-175.978,387.853,1,29
6,-8.37716,47.0479,-42.7653,1439.46,1,29
6,-9.10384,46.9127,-43.6935,495.059,1,29
6,-9.89532,46.7522,66.0772,318.459,1,29
6,-9.92926,46.745,-144.621,380.646,1,29
6,-10.3534,46.6529,66.756,186.726,1,29
6,-11.9292,46.275,-224.924,136.433,1,29
6,-12.8276,46.0341,-244.19,576.406,1,29
6,-16.4169,44.8795,-138.077,751.027,1,29
6,-18.48,44.0701,-270.756,305.143,1,29
6,-23.9519,41.352,42.2,341.369,1,29
6,-28.5099,38.3519,-18.189,250.286,1,29
6,-29.6312,37.4923,-64.524,31.1232,1,29
6,-30.1114,37.1078,-65.679,785.874,1,29
6,-30.9188,36.4378,-159.262,226.339,1,29
6,-33.3039,34.2715,-165.978,170.703,1,29
6,-33.5832,33.9978,-166.284,27.2617,1,29
6,-35.5137,31.9759,-26.1118,317.031,1,29
6,-35.491,32.0011,-87.6915,411.852,1,29
6,-41.1588,24.2825,-155.922,1664.55,1,29
6,-40.7357,24.9858,-177.955,67.4985,1,29
6,-40.9149,24.6912,-41.8149,277.789,1,29
6,-40.9387,24.6517,-50.956,32.4892,1,29
6,-41.5056,23.6847,-273.69,455.844,1,29
6,-42.4194,22.0064,-156.686,743.956,1,29
6,-42.5168,21.8176,-297.582,244.216,1,29
6,-42.9311,20.9905,-157.077,1003.3,1,29
6,-43.2071,20.4164,-297.489,2074.26,1,29
6,-45.9778,13.028,-215.711,98.7912,1,29
6,-46.0828,12.6514,-216.316,24.3018,1,29
6,-46.6533,10.3516,-160.758,4018.11,1,29
6,-47.3161,6.6984,-161.891,994.189,1,29
6,-47.6945,-10.3661,-77.5953,738.712,0,30
6,-47.47,-11.3498,139.823,849.246,0,30
6,-46.9788,-13.2368,-89.1856,178.281,0,30
6,-47.0417,-13.0114,71.4221,186.591,0,30
6,-45.1416,-18.5597,300.862,1285.67,0,30
6,-45.0923,-18.679,-8.828,95.4161,0,30
6,-44.7767,-19.4233,-97.2163,521.203,0,30
6,-44.2301,-20.6377,270.237,296.885,0,30
6,-43.7383,-21.6607,71.0488,542.575,0,30
6,-43.1398,-22.8294,210.404,297.81,0,30
6,-42.6562,-23.7206,189.72,566.607,0,30
6,-39.443,-28.7484,-90.8487,281.609,0,30
6,-38.9515,-29.4109,133.324,708.516,0,30
6,-38.191,-30.3919,184.675,230.987,0,30
6,-37.7923,-30.8862,184.727,91.6902,0,30
6,-36.8796,-31.9706,-52.0288,2295.48,0,30
6,-36.7573,-32.1111,-77.6651,598.413,0,30
6,-36.2464,-32.6867,247.847,213.154,0,30
6,-35.9678,-32.993,251.485,393.82,0,30
6,-35.3752,-33.6276,189.352,117.063,0,30
6,-34.063,-34.9562,3.13328,588.985,0,30
6,-33.6941,-35.3118,-38.9602,371.509,0,30
6,-22.1209,-43.5073,-79.4483,364.405,0,30
6,-20.3375,-44.369,-104.036,514.244,0,30
6,-18.2092,-45.2841,129.163,552.926,0,30
6,-17.9554,-45.3853,157.357,1340.92,0,30
6,-8.01302,-48.1457,-54.6838,351.544,0,30
6,-7.18244,-48.2766,-54.3948,160.195,0,30
6,-6.72111,-48.343,149.103,412.074,0,30
6,-6.48295,-48.3755,-81.3211,139.207,0,30
6,-6.6675,-48.3504,157.181,970,0,30
6,-6.19468,-48.4133,61.6599,653.781,0,30
6,-5.71532,-48.4722,174.208,778.317,0,30
6,-4.45817,-48.604,28.8874,208.611,0,30
6,-3.39267,-48.6899,176.617,1720.47,0,30
6,-3.29179,-48.6969,-69.5355,195.151,0,30
6,-2.77989,-48.7288,-69.2504,166.292,0,30
6,-1.43876,-48.7868,38.0417,438.391,0,30
6,9.87769,-47.798,-93.6223,3189.28,0,30
6,11.3329,-47.4741,245.9,547.018,0,30
6,16.0213,-46.1036,-92.4434,1009.85,0,30
6,16.5169,-45.9283,84.2035,1012.46,0,30
6,22.0848,-43.5256,143.862,1936.55,0,30
6,22.0742,-43.531,149.466,611.241,0,30
6,25.5191,-41.6052,171.796,22.1958,0,30
6,25.8907,-41.375,-100.031,154.033,0,30
6,28.2811,-39.7794,296.065,538.922,0,30
6,31.6668,-37.1407,194.603,555.785,0,30
6,33.102,-35.8675,46.7235,364.675,0,30
6,33.5705,-35.4294,170.483,287.121,0,30
6,35.6642,-33.321,68.2402,379.109,0,30
6,38.3512,-30.1895,229.853,141.639,0,30
6,40.6413,-27.0278,220.343,1199.45,0,30
6,45.1751,-18.478,-37.4854,205.783,0,30
6,46.9975,-13.1703,-7.2275,240.161,0,30
6,46.9977,-13.1697,150.205,438.305,0,30
6,47.6868,-10.4015,-69.6439,55.3851,0,30
6,48.3581,-6.6119,305.78,224.441,0,30
6,48.5215,-5.28048,-42.1626,64.7084,0,30
6,48.5956,-4.54871,-62.3693,336.795,0,30
6,48.582,-4.69117,-41.4013,122.918,0,30
6,48.5631,-4.88334,49.8246,78.0604,0,30
6,48.7634,-2.08508,93.4107,1374.2,0,30
6,48.8076,-0.208867,-42.1796,192.388,0,30
6,48.7906,1.30128,138.026,943.142,0,30
6,48.6989,3.26181,-81.5509,5904.23,0,30
6,48.6969,3.29182,-75.3086,422,0,30
6,48.6105,4.38686,218.649,42.2683,0,30
6,48.3161,6.91213,304.107,1424.53,0,30
6,48.1397,8.0491,-79.7974,224.462,0,30
6,47.0369,13.0288,116.437,190.032,0,30
6,46.7752,13.9392,-19.3115,279.435,0,30
6,45.9415,16.4802,4.34636,331.857,0,30
6,45.5601,17.507,127.258,1012.64,0,30
6,44.6611,19.6877,218.155,110.25,0,30
6,43.9211,21.2875,172.946,517.029,0,30
6,42.3707,24.2269,-87.044,385.893,0,30
6,39.1392,29.1607,197.554,399.658,0,30
6,38.7827,29.6332,-80.8998,106.475,0,30
6,36.7905,32.0731,118.512,1539.13,0,30
6,36.3648,32.5549,113.284,26.2602,0,30
6,34.8636,34.1577,146.78,38.0694,0,30
6,34.3,34.7236,303.236,30.0693,0,30
6,33.8713,35.1419,189.18,22.0816,0,30
6,33.8713,35.1419,302.984,65.7235,0,30
6,23.6218,42.711,-47.1304,83.3884,0,30
6,18.2159,45.2814,161.62,24.4875,0,30
6,7.06285,48.2943,132.849,80.2367,0,30
6,5.08195,48.5427,118.781,174.536,0,30
6,1.52583,48.7841,276.632,291.306,0,30
6,-2.89929,48.7218,115.505,807.583,0,30
6,-4.15499,48.6308,-76.2575,615.486,0,30
6,-5.40608,48.5077,-70.2981,202.479,0,30
6,-7.28056,48.2619,136.029,137.968,0,30
6,-8.14885,48.1229,-61.6657,337.641,0,30
6,-13.7103,46.8428,128.349,281.402,0,30
6,-15.369,46.3251,225.909,1109.87,0,30
6,-21.6259,43.7555,205.406,439.164,0,30
6,-23.0183,43.0393,126.572,392.133,0,30
6,-24.339,42.3064,-11.5668,668.702,0,30
6,-25.0024,41.9178,161.451,272.918,0,30
6,-27.1563,40.5556,-41.4128,960.061,0,30
6,-28.3945,39.6986,-42.7239,812.589,0,30
6,-28.3259,39.7475,-41.2958,297.893,0,30
6,-32.1376,36.7341,-45.1048,858.765,0,30
6,-32.6899,36.2435,-86.3032,599.197,0,30
6,-32.6081,36.3171,193.636,191.408,0,30
6,-35.4541,33.5444,47.6416,932.655,0,30
6,-39.3145,28.9238,108.317,385.001,0,30
6,-42.7594,23.5342,-57.6537,403.228,0,30
6,-43.1447,22.8201,-82.334,6289.09,0,30
6,-43.0918,22.9198,-78.5793,65,0,30
6,-43.7695,21.5974,137.957,117.955,0,30
6,-43.9318,21.2654,-28.2696,842.745,0,30
6,-48.7123,3.05524,111.263,275.789,0,30
6,-48.7566,2.23884,129.241,349.874,0,30
6,-48.758,2.20833,137.658,493.542,0,30
6,-48.7856,1.47973,214.341,609.747,0,30
6,-48.8047,0.563924,169.236,405.71,0,30
6,-46.9376,-13.3822,-268.404,195.637,1,30
6,-46.4376,-15.0255,-130.475,171.212,1,30
6,-46.356,-15.2755,-247.286,521.539,1,30
6,-45.4808,-17.7121,-193.525,88.157,1,30
6,-44.505,-20.038,-206.845,292.606,1,30
6,-42.4708,-24.051,-145.298,360.438,1,30
6,-38.5797,-29.8969,-80.9923,791.931,1,30
6,-33.4911,-35.5045,-174.85,176.404,1,30
6,-29.5986,-38.809,-51.2117,359.183,1,30
6,-25.8007,-41.4312,-173.916,76.3332,1,30
6,-21.1624,-43.9815,62.2408,354.292,1,30
6,-19.8299,-44.5981,-117.79,945.711,1,30
6,-12.2144,-47.255,-87.7386,352.674,1,30
6,-8.58463,-48.0471,-214.658,562.511,1,30
6,-8.11252,-48.1291,-17.7702,338.016,1,30
6,-7.99486,-48.1488,-32.5895,316.039,1,30
6,-1.86714,-48.7723,-156.956,1794.31,1,30
6,3.84204,-48.6565,-241.556,488.478,1,30
6,5.12948,-48.5377,53.5747,527.881,1,30
6,5.38312,-48.5102,-125.453,155.472,1,30
6,6.99143,-48.3047,-148.503,212.971,1,30
6,8.83566,-48.0016,-217.366,89.8252,1,30
6,9.8733,-47.7989,-0.0665717,390.062,1,30
6,12.1497,-47.2716,-261.26,23.2774,1,30
6,30.5889,-38.0334,80.1469,708.884,1,30
6,30.4202,-38.1685,-115.828,24.1925,1,30
6,34.2421,-34.7807,-154.118,196.822,1,30
6,35.0495,-33.967,-127.604,1361.75,1,30
6,35.1425,-33.8707,-195.478,257.7,1,30
6,35.7908,-33.185,-154.897,999.453,1,30
6,38.6611,-29.7915,-220.782,49.2929,1,30
6,38.701,-29.7398,-221.991,236.016,1,30
6,39.1063,-29.2047,73.4832,188.485,1,30
6,39.2822,-28.9677,-139.572,108.445,1,30
6,39.5173,-28.6462,-257.071,983.938,1,30
6,40.7657,-26.8399,-83.2641,417.918,1,30
6,41.1451,-26.2545,-82.0262,681.175,1,30
6,42.2798,-24.3853,55.9479,332.274,1,30
6,42.553,-23.9054,26.9744,399.976,1,30
6,45.0157,-18.8629,-130.935,272.296,1,30
6,46.7216,-14.1179,55.3567,106.089,1,30
6,47.6438,-10.5965,-305.78,33,1,30
6,48.0819,-8.38768,-164.759,1045.02,1,30
6,48.4768,-5.67655,-210.641,372.578,1,30
6,48.6114,-4.37656,-121.912,267.804,1,30
6,48.7451,2.47665,87.1915,1297.07,1,30
6,48.5857,4.65314,-296.585,154.136,1,30
6,47.8804,9.47023,-186.736,313.447,1,30
6,47.5163,11.1544,-270.983,533.252,1,30
6,46.1089,16.006,95.5998,117.311,1,30
6,45.9242,16.5286,-146.93,487.06,1,30
6,45.5823,17.4493,36.6483,176.28,1,30
6,45.3999,17.9185,-199.273,253.866,1,30
6,44.5154,20.0151,24.9125,1358.26,1,30
6,44.0853,20.9453,-223.653,499.837,1,30
6,41.8882,25.052,-27.9724,229.118,1,30
6,40.6472,27.019,-62.2873,295.661,1,30
6,39.9558,28.0312,86.7795,867.439,1,30
6,39.6897,28.4069,-147.829,246.007,1,30
6,38.5305,29.9603,-146.106,2465.4,1,30
6,38.0986,30.5076,24.5351,159.508,1,30
6,38.1685,30.4202,-52.0221,136.101,1,30
6,34.3,34.7236,55.6908,51.4006,1,30
6,33.3468,35.64,80.616,131.975,1,30
6,31.4152,37.3538,-157.002,426.124,1,30
6,30.4048,38.1807,-292.611,2442.85,1,30
6,27.5562,40.2849,-187.722,1261.69,1,30
6,26.6024,40.9211,-190.031,810.429,1,30
6,23.0214,43.0376,-155.571,632.059,1,30
6,22.5665,43.2779,-131.348,335,1,30
6,19.8736,44.5787,-123.378,846.299,1,30
6,19.2622,44.8463,-122.634,340.268,1,30
6,17.8327,45.4337,-301.524,526.271,1,30
6,14.0241,46.7498,-137.934,420.378,1,30
6,9.14802,47.943,-297.696,450.577,1,30
6,6.2174,48.4104,86.3448,124.195,1,30
6,4.69403,48.5818,-212.892,703.278,1,30
6,-1.31251,48.7903,-175.462,284.653,1,30
6,-7.61397,48.2105,-41.6104,428.723,1,30
6,-8.44266,48.0723,-41.9958,305.578,1,30
6,-10.0058,47.7714,-144.333,149.298,1,30
6,-11.2225,47.5003,67.9791,833.964,1,30
6,-11.6205,47.4045,-223.439,230.184,1,30
6,-12.1497,47.2716,-223.948,24.2371,1,30
6,-12.1497,47.2716,-242.604,26.0292,1,30
6,-16.8547,45.8054,-136.717,131.334,1,30
6,-19.2732,44.8415,-270.05,935.432,1,30
6,-20.9481,44.084,-176.168,964.701,1,30
6,-22.625,43.2473,-64.6774,3896.13,1,30
6,-24.6158,42.146,42.2932,183.747,1,30
6,-28.217,39.8249,-124.69,599.266,1,30
6,-29.1785,39.1259,-16.1732,719.513,1,30
6,-29.7041,38.7284,-62.83,223.165,1,30
6,-29.9495,38.5389,-63.676,30.3496,1,30
6,-31.4054,37.362,-158.484,380.55,1,30
6,-33.8714,35.1419,-165.281,98.5776,1,30
6,-36.157,32.7856,-86.2238,129.952,1,30
6,-36.3135,32.6121,-25.092,60.4844,1,30
6,-41.7009,25.3624,-177.628,438.178,1,30
6,-41.7619,25.262,-41.1352,583.581,1,30
6,-42.0325,24.8091,-50.5359,159.825,1,30
6,-42.2453,24.445,-273.01,226.094,1,30
6,-44.5756,19.8807,-157.697,1585.01,1,30
6,-44.8449,19.2655,-297.164,748.047,1,30
6,-45.6647,17.2325,-158.554,1841.09,1,30
6,-45.4402,17.8161,-296.988,1432.16,1,30
6,-46.3013,15.4406,-159.166,1344.06,1,30
6,-46.8594,13.6534,-159.705,508.556,1,30
6,-46.94,13.3737,-214.415,662.034,1,30
6,-47.0665,12.9215,-160.137,56.4374,1,30
6,-47.4587,11.3971,58.4819,304.456,1,30
6,-48.4426,-11.6659,-77.0299,1282.37,0,31
6,-48.5293,-11.3,139.626,838.672,0,31
6,-47.9401,-13.5841,70.884,24.5568,0,31
6,-47.765,-14.1874,-89.4233,560.541,0,31
6,-46.7191,-17.3234,301.423,2361.39,0,31
6,-46.1748,-18.7261,291.406,290.857,0,31
6,-45.9647,-19.2362,-8.98768,281.496,0,31
6,-45.8097,-19.6022,-98.9562,538.28,0,31
6,-45.2345,-20.8954,146.468,657.064,0,31
6,-45.2681,-20.8225,182.806,320.252,0,31
6,-44.8567,-21.6946,269.598,638.208,0,31
6,-44.6911,-22.0338,68.9398,290.895,0,31
6,-44.1331,-23.1312,209.805,805.66,0,31
6,-43.4809,-24.3349,188.824,524.256,0,31
6,-40.449,-29.0973,-91.8956,504.05,0,31
6,-39.8649,-29.8926,131.871,968.34,0,31
6,-39.6517,-30.1748,189.896,660,0,31
6,-38.6834,-31.4066,-52.2553,364.266,0,31
6,-36.9326,-33.4479,247.082,257.75,0,31
6,-36.6013,-33.8101,249.864,693.784,0,31
6,-36.3003,-34.1331,188.383,753.043,0,31
6,-34.8712,-35.5918,-38.9735,311.599,0,31
6,-34.5789,-35.8759,-38.932,22.0727,0,31
6,-34.5789,-35.8759,1.36148,314.624,0,31
6,-25.7286,-42.6711,-9.23295,385.035,0,31
6,-22.2926,-44.5625,-81.4259,505.839,0,31
6,-20.9309,-45.2181,-104.965,477.52,0,31
6,-18.5037,-46.2644,155.755,769.272,0,31
6,-10.0205,-48.8095,-55.044,29.0433,0,31
6,-8.85766,-49.0339,-54.9891,214.115,0,31
6,-6.8262,-49.3577,-81.8135,219.455,0,31
6,-6.74976,-49.3682,60.7313,2791.99,0,31
6,-6.85138,-49.3542,123.298,441.37,0,31
6,-6.82584,-49.3577,174.068,265.359,0,31
6,-6.57817,-49.3914,106.355,287.743,0,31
6,-6.40272,-49.4144,174.066,75.8622,0,31
6,-4.57958,-49.6166,193.232,304.847,0,31
6,-3.37064,-49.7134,175.22,666.826,0,31
6,-2.22247,-49.7779,-70.1501,327.931,0,31
6,-1.32469,-49.8099,36.54,1.96628,0,31
6,-0.661021,-49.8231,36.2204,452.971,0,31
6,4.91461,-49.5845,280.822,1510.52,0,31
6,9.70129,-48.874,-95.7438,988.202,0,31
6,16.8168,-46.9039,-93.7833,522.147,0,31
6,17.0056,-46.8358,82.8106,781.101,0,31
6,26.3464,-42.2924,170.568,688.566,0,31
6,26.7437,-42.0423,-100.53,97.4528,0,31
6,28.922,-40.5746,294.509,1166.51,0,31
6,32.4702,-37.795,193.951,208.017,0,31
6,33.688,-36.7137,46.292,38.0822,0,31
6,34.0574,-36.3714,169.464,117.9,0,31
6,36.5756,-33.8379,67.6715,161.446,0,31
6,48.7527,-10.2934,-70.7755,399.685,0,31
6,49.5184,-5.54141,-42.3456,298.881,0,31
6,49.535,-5.39078,49.2075,118.861,0,31
6,49.6217,-4.52371,-62.6094,504.222,0,31
6,49.7931,-1.85158,91.218,493.816,0,31
6,49.8273,0.143196,-43.1234,171.392,0,31
6,49.8008,1.63247,137.016,317.307,0,31
6,49.7676,2.44232,-83.0232,2147.56,0,31
6,49.226,7.71898,302.211,421.442,0,31
6,49.1631,8.10982,-80.4273,410.855,0,31
6,47.9953,13.3878,115.59,60.9386,0,31
6,47.9038,13.7115,114.701,97.6026,0,31
6,47.8569,13.8743,-19.428,77.4128,0,31
6,47.0572,16.383,2.51037,643.429,0,31
6,46.4385,18.0622,126.514,719.376,0,31
6,45.6356,20.0043,218.142,219.813,0,31
6,44.6668,22.083,173.348,344.018,0,31
6,44.3288,22.7538,173.532,343.795,0,31
6,43.153,24.9119,-88.3095,98.862,0,31
6,40.2692,29.3457,197.429,212.818,0,31
6,39.5211,30.3457,-82.0888,463.238,0,31
6,36.806,33.5872,119.073,802.208,0,31
6,36.9752,33.4008,112.163,728.191,0,31
6,34.3151,36.1283,301.432,601.654,0,31
6,34.3687,36.0773,188.8,239.392,0,31
6,29.608,40.0768,238.472,413.046,0,31
6,26.9661,41.9,141.458,221.663,0,31
6,27.0976,41.8151,305.78,188.333,0,31
6,22.8292,44.2901,-46.9241,1438.78,0,31
6,20.5138,45.4088,143.619,592.995,0,31
6,18.12,46.416,162.021,699.87,0,31
6,6.8332,49.3567,131.288,277.775,0,31
6,5.32818,49.5418,117.551,1475.48,0,31
6,1.91215,49.7908,276.262,288.625,0,31
6,-3.8492,49.6786,-77.066,308.747,0,31
6,-5.99828,49.4651,-71.3187,83.5482,0,31
6,-7.17367,49.3084,135.724,286.651,0,31
6,-7.86357,49.2031,-62.4781,1398.5,0,31
6,-8.78061,49.0477,291.35,385.917,0,31
6,-11.1101,48.5731,211.168,2393.53,0,31
6,-13.6676,47.9164,127.483,2573.19,0,31
6,-14.774,47.5869,142.059,869.55,0,31
6,-15.2113,47.4489,225.772,552.847,0,31
6,-20.6284,45.3569,204.999,136.343,0,31
6,-21.3787,45.0081,205.05,592.724,0,31
6,-24.0397,43.6449,124.838,307.14,0,31
6,-24.4712,43.4044,123.884,28.1265,0,31
6,-25.7616,42.6511,-11.6954,346.978,0,31
6,-25.9007,42.5668,161.646,675.826,0,31
6,-26.5882,42.1408,-41.5597,913.168,0,31
6,-27.428,41.5991,-41.476,22.1942,0,31
6,-28.4406,40.9135,-43.172,21.111,0,31
6,-33.383,36.9913,193.608,262.26,0,31
6,-37.0543,33.313,38.0164,116.245,0,31
6,-40.3313,29.2604,107.513,248.021,0,31
6,-44.1252,23.1462,-57.4964,965.03,0,31
6,-44.3334,22.7448,-83.4621,5156.03,0,31
6,-44.3688,22.6757,-78.2602,245,0,31
6,-44.4482,22.5197,137.841,340.849,0,31
6,-44.9034,21.5978,-30.0527,732.412,0,31
6,-46.3778,18.2176,259.932,259.858,0,31
6,-49.7217,3.24529,110.071,277.818,0,31
6,-49.7476,2.82072,128.884,446.756,0,31
6,-49.7806,2.16151,213.981,416.214,0,31
6,-49.8235,0.631481,168.759,200.059,0,31
6,-48.639,-10.8178,-186.443,59.4788,1,31
6,-47.7944,-14.0881,-267.937,279.262,1,31
6,-47.431,-15.2669,-129.984,341.767,1,31
6,-47.4141,-15.3193,-246.264,369.226,1,31
6,-46.511,-17.8746,-192.36,587.457,1,31
6,-43.3508,-24.566,-14.6046,1701.92,1,31
6,-43.2982,-24.6585,-145.084,122.472,1,31
6,-39.571,-30.2806,-79.305,543.084,1,31
6,-30.3866,-39.4897,-50.3322,365.859,1,31
6,-26.7285,-42.0519,-161.136,297.401,1,31
6,-26.3856,-42.2679,-173.733,479.089,1,31
6,-21.6562,-44.8753,62.3906,195.966,1,31
6,-21.3961,-44.9999,-118.372,2.01528,1,31
6,-21.0272,-45.1734,-115.658,62.3468,1,31
6,-20.6013,-45.3692,-116.447,202.525,1,31
6,31.0556,-38.9658,80.9514,124.011,1,31
6,31.4705,-38.6314,-115.053,571.992,1,31
6,35.7827,-34.6753,-195.29,299.035,1,31
6,35.9058,-34.5478,-126.253,143.158,1,31
6,37.3446,-32.9873,-155.987,1161.18,1,31
6,39.2643,-30.6773,-220.136,241.67,1,31
6,39.9005,-29.8451,-139.345,365.279,1,31
6,39.9851,-29.7317,74.3596,380.608,1,31
6,40.7639,-28.6546,-256.045,2097.87,1,31
6,42.1011,-26.651,-80.465,4770.67,1,31
6,42.0423,-26.7436,-90.7994,1006,1,31
6,43.5705,-24.1742,27.1267,303.409,1,31
6,45.6838,-19.8941,-130.128,344.512,1,31
6,48.6843,-10.6123,-305.693,243.039,1,31
6,49.194,-7.92,-163.906,164.674,1,31
6,49.4362,-6.23209,-210.357,263.343,1,31
6,49.649,-4.2137,-120.416,219.24,1,31
6,49.7671,2.45278,88.42,391.193,1,31
6,49.5775,4.98538,-295.428,86.5313,1,31
6,49.5261,5.47221,-294.15,217.148,1,31
6,48.9009,9.56474,-186.566,261.148,1,31
6,48.4727,11.5401,-270.42,146.857,1,31
6,47.1408,16.1407,96.6252,487.154,1,31
6,46.7199,17.3213,-198.579,1135.74,1,31
6,46.8201,17.0487,-145.709,362.495,1,31
6,46.3966,18.1695,37.0625,118.716,1,31
6,45.5021,20.3062,27.219,331.192,1,31
6,42.9257,25.3014,-191.318,160.118,1,31
6,41.4631,27.6331,-59.8318,546.687,1,31
6,40.8302,28.56,88.2612,506.312,1,31
6,38.2415,31.9432,-144.517,169.217,1,31
6,37.516,32.7922,-143.533,1103.68,1,31
6,36.3345,34.0967,-141.87,1594.51,1,31
6,35.8882,34.5661,-140.962,90.4374,1,31
6,35.4489,35.0165,-141.268,23.2381,1,31
6,34.018,36.4081,-138.892,3128.26,1,31
6,34.3158,36.1277,74.68,2169.72,1,31
6,33.7961,36.6142,81.4346,242.53,1,31
6,31.8994,38.278,-156.898,176.56,1,31
6,28.9145,40.5799,-132.817,608.262,1,31
6,28.7251,40.7142,-186.607,545.77,1,31
6,28.4406,40.9135,-132.047,91.2102,1,31
6,25.9566,42.5327,-129.363,8772.42,1,31
6,27.3296,41.6638,-156.956,64.5194,1,31
6,23.755,43.8004,-154.004,1500.4,1,31
6,17.8606,46.5164,-299.695,1682.52,1,31
6,9.47593,48.9182,-297.2,127.555,1,31
6,6.07466,49.4558,86.2668,227.272,1,31
6,5.00674,49.5753,-212.152,267.945,1,31
6,-1.6769,49.7993,-174.624,696.538,1,31
6,-6.40275,49.4144,-40.1381,85.6847,1,31
6,-7.10343,49.3186,-40.6203,1116.8,1,31
6,-9.94095,48.8258,-144.019,189.424,1,31
6,-11.5922,48.4603,-222.035,443.458,1,31
6,-12.0689,48.3438,69.0167,210.996,1,31
6,-12.0232,48.3552,-241.319,1439.35,1,31
6,-12.6008,48.2079,69.884,25.031,1,31
6,-15.0096,47.5131,28.9426,359.609,1,31
6,-17.3346,46.715,-135.908,388.015,1,31
6,-19.9256,45.67,-269.283,528.223,1,31
6,-21.1961,45.0944,-176.074,494.401,1,31
6,-25.2024,42.984,42.3114,196.289,1,31
6,-28.448,40.9083,-124.136,430.644,1,31
6,-29.8794,39.8748,-61.2176,456.518,1,31
6,-29.8618,39.888,-14.4243,328.508,1,31
6,-31.8524,38.3171,-157.527,362.679,1,31
6,-34.5627,35.8915,-164.576,295.695,1,31
6,-36.7226,33.6783,-84.7073,1281.32,1,31
6,-37.1495,33.2069,-23.6723,491.836,1,31
6,-42.5713,25.8934,-40.3657,265.841,1,31
6,-42.6323,25.7928,-177.407,359.24,1,31
6,-42.9557,25.2505,-272.608,114.591,1,31
6,-43.1862,24.8542,-50.1518,135.411,1,31
6,-46.7683,17.1904,-296.783,723.386,1,31
6,-47.4882,15.0881,-296.362,511.439,1,31
6,-47.8285,13.9718,-296.235,696.329,1,31
6,-47.8819,13.7879,-212.96,2277.14,1,31
6,-48.4582,11.6011,58.9346,450.317,1,31
6,-49.5719,-11.3183,139.277,361.672,0,32
6,-48.9601,-13.7255,-76.5315,91.5393,0,32
6,-48.6278,-14.8598,-89.6329,79.7684,0,32
6,-48.3215,-15.8277,302.017,2150.77,0,32
6,-47.2392,-18.8131,290.568,501.15,0,32
6,-46.8714,-19.7118,-9.1113,166.296,0,32
6,-46.5015,-20.5691,146.3,271.29,0,32
6,-45.7059,-22.281,66.925,847.308,0,32
6,-45.4609,-22.7769,268.763,416.744,0,32
6,-45.0721,-23.5369,209.351,313.359,0,32
6,-44.2984,-24.9626,187.451,2463.11,0,32
6,-42.3659,-28.1178,-30.0365,1143.61,0,32
6,-41.4238,-29.4881,-92.4386,595.506,0,32
6,-40.5972,-30.6161,184.32,967.641,0,32
6,-40.4259,-30.8419,-52.3171,1381.66,0,32
6,-40.7585,-30.4011,129.789,1116.41,0,32
6,-39.8928,-31.5284,-52.2849,129.94,0,32
6,-38.6803,-33.0048,-79.3657,227.957,0,32
6,-37.4027,-34.4459,246.191,789.588,0,32
6,-37.2285,-34.6341,187.772,121.832,0,32
6,-35.2357,-36.6595,-0.0804745,560.42,0,32
6,-26.1528,-43.6063,-10.3714,134.09,0,32
6,-22.5466,-45.5755,-82.7631,469.573,0,32
6,-19.1923,-47.0865,154.22,728.862,0,32
6,-11.3072,-49.5744,-55.7185,825.028,0,32
6,-10.2257,-49.8088,-55.892,41.0555,0,32
6,-7.3427,-50.3146,122.657,867.609,0,32
6,-7.33189,-50.3162,174.008,233.069,0,32
6,-7.02133,-50.3605,60.2028,2177.61,0,32
6,-6.93299,-50.3727,105.28,474.134,0,32
6,-4.19325,-50.6744,27.0087,146.049,0,32
6,-3.38783,-50.7346,173.901,137.787,0,32
6,-3.01419,-50.7582,173.068,24.1664,0,32
6,-0.786342,-50.8415,-71.0772,598.694,0,32
6,4.67337,-50.6324,280.074,60.6606,0,32
6,9.60201,-49.9328,-96.795,227.096,0,32
6,12.3256,-49.3311,242.65,1043.47,0,32
6,17.3835,-47.7838,-95.1313,146.853,0,32
6,17.7844,-47.6361,80.7054,143.647,0,32
6,23.2062,-45.2432,147.97,263.326,0,32
6,26.9522,-43.1168,169.231,1491.34,0,32
6,27.8284,-42.5565,-101.01,302.704,0,32
6,34.5735,-37.2848,168.199,887.724,0,32
6,37.5419,-34.2941,67.3226,112.624,0,32
6,40.2767,-31.0365,226.916,38.253,0,32
6,41.9653,-28.7123,219.922,634.809,0,32
6,47.1148,-19.1225,-37.5488,110.031,0,32
6,48.778,-14.359,-7.34802,385.005,0,32
6,48.7811,-14.3487,147.473,402.351,0,32
6,49.8088,-10.2257,-71.7273,63.3051,0,32
6,50.4986,-5.94683,48.2486,637.949,0,32
6,50.5033,-5.90704,305.732,218.61,0,32
6,50.5925,-5.08741,-41.6675,66.4422,0,32
6,50.6726,-4.21547,-63.2923,611.863,0,32
6,50.8169,-1.76761,89.964,53.2358,0,32
6,50.8469,0.270173,-43.8256,114.755,0,32
6,50.8072,2.02744,-83.8544,1412.36,0,32
6,50.7969,2.26932,135.94,1365.2,0,32
6,50.5846,5.16455,217.164,59.2203,0,32
6,50.2019,8.07773,-81.014,406.289,0,32
6,50.1819,8.20105,301.025,703.105,0,32
6,48.9779,13.6619,-19.5997,54.2791,0,32
6,48.0572,16.6128,1.91009,1403.19,0,32
6,47.3472,18.5396,125.921,794.688,0,32
6,44.7612,24.1229,173.775,229.217,0,32
6,43.9219,25.6192,-89.4249,120.576,0,32
6,41.3761,29.555,197.291,380.232,0,32
6,37.4653,34.3777,111.164,25.0693,0,32
6,36.5387,35.361,119.756,683.145,0,32
6,34.9487,36.9333,188.091,435.767,0,32
6,34.7642,37.107,300.552,868.05,0,32
6,30.9383,40.3522,236.514,1051.24,0,32
6,28.7519,41.9382,-74.6452,1671.28,0,32
6,27.8288,42.5563,305.6,528.24,0,32
6,21.2099,46.2128,-46.7644,1096.89,0,32
6,6.65012,50.4109,130.154,367.755,0,32
6,2.91391,50.764,275.817,608.152,0,32
6,-2.65814,50.7781,112.467,212.781,0,32
6,-3.78299,50.7067,-77.5047,728.622,0,32
6,-6.18759,50.4697,-71.6287,612.732,0,32
6,-6.83439,50.3862,135.075,617.072,0,32
6,-7.83234,50.2407,-63.1284,268.798,0,32
6,-9.23541,50.0019,290.329,205.292,0,32
6,-11.97,49.4186,210.647,895.695,0,32
6,-13.6835,48.9718,126.208,310.885,0,32
6,-13.8832,48.9156,141.657,556.263,0,32
6,-15.2235,48.5152,225.626,249.128,0,32
6,-19.7464,46.8568,204.444,36.2619,0,32
6,-20.4576,46.5507,204.636,549.919,0,32
6,-25.1588,44.1873,122.664,1776.43,0,32
6,-25.9792,43.71,-41.7062,2931.44,0,32
6,-26.7789,43.2247,-11.9499,350.073,0,32
6,-26.9981,43.0881,161.897,774.378,0,32
6,-28.6803,41.9871,-43.596,28.1248,0,32
6,-33.7952,37.9916,-88.2088,922.743,0,32
6,-34.1472,37.6756,193.42,44.0971,0,32
6,-41.3831,29.5452,106.468,545.051,0,32
6,-45.1911,23.3075,137.637,380.096,0,32
6,-45.5423,22.6136,-84.52,4008.77,0,32
6,-45.7355,22.2204,-57.4246,187.345,0,32
6,-45.8859,21.908,-31.8764,966.482,0,32
6,-49.0105,13.5445,72.9012,593.569,0,32
6,-50.7223,3.56743,108.751,292.996,0,32
6,-50.7359,3.36835,128.685,319.611,0,32
6,-50.7594,2.99293,213.495,526.839,0,32
6,-50.7701,2.80653,137.028,25.126,0,32
6,-50.8431,0.67981,168.283,552.13,0,32
6,-48.7478,-14.4615,-267.401,224.824,1,32
6,-48.4368,-15.4712,-245.234,385.279,1,32
6,-48.4418,-15.4554,-128.846,94.3362,1,32
6,-47.4901,-18.1705,-191.24,224.227,1,32
6,-46.5222,-20.5223,-206.373,974.089,1,32
6,-44.0423,-25.4117,-144.681,278.603,1,32
6,-31.3528,-40.031,-49.0362,285.319,1,32
6,-27.0761,-43.0391,-160.869,214.505,1,32
6,-26.9787,-43.1002,-173.651,338.643,1,32
6,-22.2941,-45.6996,62.3781,154.612,1,32
6,-11.8688,-49.443,-84.8979,432.281,1,32
6,-9.51653,-49.9491,-30.8538,502.796,1,32
6,-8.63781,-50.1085,-184.381,226.261,1,32
6,-8.35257,-50.1569,-214.436,219.474,1,32
6,-7.94117,-50.2237,-15.6995,525.925,1,32
6,-1.36171,-50.8294,-152.719,516.588,1,32
6,2.59885,-50.7811,64.2277,64.0782,1,32
6,4.96964,-50.6042,54.3426,144.772,1,32
6,4.95581,-50.6055,-239.252,236.17,1,32
6,5.27121,-50.5736,-124.013,270.895,1,32
6,6.9151,-50.3752,-147.417,154.735,1,32
6,9.31884,-49.9864,1.12845,221.985,1,32
6,9.51375,-49.9496,-217.179,408.801,1,32
6,12.3429,-49.3268,-297.886,445.145,1,32
6,12.6597,-49.2464,-260.16,250.061,1,32
6,31.6914,-39.7635,81.7485,132.755,1,32
6,32.4719,-39.1287,-114.13,370.679,1,32
6,36.4294,-35.4736,-194.983,92.6103,1,32
6,36.9071,-34.9763,-125.165,492.754,1,32
6,38.7328,-32.9431,-156.74,869.077,1,32
6,39.9769,-31.4218,-218.653,162.304,1,32
6,40.4465,-30.8149,-139.185,323.415,1,32
6,42.0498,-28.5883,-254.943,4091.28,1,32
6,43.2188,-26.7883,-78.634,2989.19,1,32
6,44.5457,-24.5185,27.272,148.026,1,32
6,46.4668,-20.6475,-129.75,422.207,1,32
6,48.6262,-14.8652,56.351,729.767,1,32
6,49.7478,-10.5182,-305.369,377.756,1,32
6,50.2886,-7.51917,-163.53,153.528,1,32
6,50.6732,-4.20808,-118.9,413.302,1,32
6,50.7963,2.28292,89.8354,338.838,1,32
6,50.4683,6.19909,-292.054,681.889,1,32
6,49.9601,9.45885,-186.401,346.208,1,32
6,49.4196,11.9657,-269.939,132.101,1,32
6,48.1794,16.2549,-197.321,306.775,1,32
6,48.1584,16.3171,97.6168,989.928,1,32
6,47.9731,16.8541,-197.846,171.119,1,32
6,47.7359,17.5147,-144.911,439.992,1,32
6,47.6787,17.6699,-305.189,650.67,1,32
6,47.2605,18.7597,37.8563,1079.57,1,32
6,46.4913,20.5922,29.1139,260.853,1,32
6,46.0519,21.557,-221.363,273.815,1,32
6,43.6402,26.0961,-190.474,248.674,1,32
6,42.2608,28.2755,-58.1448,367.174,1,32
6,41.7842,28.9752,89.8285,208.215,1,32
6,40.0698,31.3032,-50.1801,480.255,1,32
6,39.9961,31.3974,25.635,311.882,1,32
6,35.3061,36.5918,75.753,1440.46,1,32
6,34.1406,37.6815,83.2824,735.957,1,32
6,33.1737,38.5355,-136.849,457.736,1,32
6,31.9792,39.5324,-135.514,1247.75,1,32
6,32.3075,39.2645,-156.919,780.332,1,32
6,31.3187,40.0577,-291.367,1306.53,1,32
6,30.6883,40.5426,-134.083,1958.9,1,32
6,27.6762,42.6557,-156.813,115.721,1,32
6,24.4771,44.5685,-152.967,113.18,1,32
6,18.1063,47.5146,-298.41,1580.35,1,32
6,15.1076,48.5514,-136.924,93.4039,1,32
6,9.80413,49.8935,-296.85,389.827,1,32
6,6.1166,50.4784,86.0763,928.803,1,32
6,5.37469,50.5627,-211.652,54.2619,1,32
6,-1.87912,50.8129,-173.84,206.179,1,32
6,-4.67336,50.6324,-38.236,27.1509,1,32
6,-5.08744,50.5925,-37.812,45.2341,1,32
6,-5.67182,50.5303,-38.4573,167.355,1,32
6,-6.05022,50.4864,-39.3987,221.121,1,32
6,-9.75798,49.9025,-143.655,1102.52,1,32
6,-11.5047,49.529,-220.97,236.108,1,32
6,-11.8792,49.4405,-240.361,3278.26,1,32
6,-13.7111,48.9641,71.1265,235.184,1,32
6,-16.2145,48.193,28.4815,1317.55,1,32
6,-17.8992,47.593,-134.206,329.279,1,32
6,-20.5914,46.4916,-268.847,307.606,1,32
6,-20.9843,46.3157,-175.898,577.537,1,32
6,-25.74,43.8512,42.3466,163.026,1,32
6,-28.3664,42.1998,-123.195,589.313,1,32
6,-29.4123,41.4776,-57.8979,443.659,1,32
6,-29.8707,41.1488,-58.9814,108.626,1,32
6,-30.6043,40.6061,-13.2537,197.485,1,32
6,-32.3535,39.2266,-157.002,398.512,1,32
6,-35.0651,36.8228,-163.626,853.401,1,32
6,-37.3644,34.4874,-83.0816,582.245,1,32
6,-37.9974,33.7886,-22.5749,142.557,1,32
6,-43.4017,26.491,-39.932,62.3573,1,32
6,-43.5358,26.27,-177.107,277.935,1,32
6,-43.7531,25.9065,-272.146,122.695,1,32
6,-44.3759,24.8246,-49.5943,113.501,1,32
6,-48.7804,14.3509,-210.651,521.797,1,32
6,-48.9791,13.6574,-296.028,90.3606,1,32
6,-49.6022,11.185,-295.735,1964.78,1,32
6,-49.4555,11.8165,59.3838,596.716,1,32
6,-50.346,7.12441,-295.112,1664.89,1,32
6,-50.6523,-11.1649,138.98,219.337,0,33
6,-49.7685,-14.6086,302.54,1220.97,0,33
6,-49.6943,-14.8588,-76.0031,400.309,0,33
6,-49.7375,-14.7136,69.8675,567.894,0,33
6,-49.4782,-15.5634,-75.82,27.104,0,33
6,-48.2553,-19.0193,289.985,207.879,0,33
6,-47.8178,-20.0941,146.103,336.827,0,33
6,-47.834,-20.0553,-101.49,748.91,0,33
6,-47.7363,-20.2867,-9.12239,137.044,0,33
6,-47.2868,-21.3136,182.387,484.671,0,33
6,-46.6568,-22.6595,64.9375,1046.08,0,33
6,-46.1367,-23.7005,208.061,221.469,0,33
6,-45.9797,-24.0037,268.191,545.253,0,33
6,-45.1238,-25.5765,186.376,1339.34,0,33
6,-43.868,-27.675,-29.798,1567.52,0,33
6,-42.4419,-29.816,-93.3977,1169.97,0,33
6,-42.1306,-30.2544,-52.3486,1008.62,0,33
6,-41.724,-30.8126,-52.5,29.0416,0,33
6,-41.5976,-30.983,128.678,303.713,0,33
6,-38.1552,-35.1353,187.081,115.339,0,33
6,-37.9079,-35.402,245.317,370.272,0,33
6,-37.9006,-35.4098,247.456,519.267,0,33
6,-37.7743,-35.5446,-39.153,522.057,0,33
6,-35.8334,-37.5003,-2.02049,416.386,0,33
6,-30.6399,-41.851,305.504,891.474,0,33
6,-22.7705,-46.6027,-84.0647,709.663,0,33
6,-19.95,-47.8781,152.53,1731.86,0,33
6,-14.095,-49.9163,-56.74,113.43,0,33
6,-12.5974,-50.3152,-56.1687,474.871,0,33
6,-8.51468,-51.1645,173.747,301.731,0,33
6,-7.7693,-51.283,122.045,157.054,0,33
6,-7.67143,-51.2978,148.521,406.337,0,33
6,-7.71555,-51.2911,-83.2363,91.7285,0,33
6,-7.43943,-51.3319,59.3837,472.237,0,33
6,-7.16484,-51.371,103.933,386.568,0,33
6,-4.36967,-51.6838,189.117,521.402,0,33
6,-3.8399,-51.7259,26.6929,500.484,0,33
6,-0.318246,-51.8672,-71.58,21.1648,0,33
6,4.61078,-51.6629,279.354,1058.2,0,33
6,9.51283,-50.9884,-98.1447,273.612,0,33
6,12.8015,-50.2636,240.923,535.067,0,33
6,18.2611,-48.5473,-96.4971,205.41,0,33
6,18.3236,-48.5238,79.1948,261.442,0,33
6,27.5563,-43.9427,167.972,403.647,0,33
6,28.7904,-43.1442,-101.512,191.894,0,33
6,30.3047,-42.0944,291.82,606.751,0,33
6,34.1607,-39.0302,193.014,247.615,0,33
6,34.9536,-38.3217,45.5513,122.175,0,33
6,35.017,-38.2638,166.863,288.598,0,33
6,38.503,-34.7539,67.1136,132.597,0,33
6,41.1642,-31.5566,226.002,927.709,0,33
6,42.6453,-29.5244,219.71,454.192,0,33
6,47.8793,-19.9471,85.0718,59.496,0,33
6,48.1503,-19.2837,-37.534,193.825,0,33
6,49.4982,-15.4997,-90.1193,492.221,0,33
6,49.5709,-15.2655,145.311,522.702,0,33
6,49.655,-14.9897,-7.40553,201.684,0,33
6,50.9104,-9.92157,-72.8461,290.471,0,33
6,51.4704,-6.41144,47.4587,439.402,0,33
6,51.4784,-6.34722,-42.5971,164.969,0,33
6,51.6124,-5.14525,-41.7686,448.576,0,33
6,51.7073,-4.08211,-63.7691,542.959,0,33
6,51.8667,0.388205,-44.6059,306.951,0,33
6,51.8448,1.5588,-83.1254,12719.1,0,33
6,51.5686,5.56648,216.88,145.298,0,33
6,51.2368,8.06872,-81.6878,424.948,0,33
6,50.1935,13.0739,-19.7497,167.883,0,33
6,49.7352,14.7213,112.508,412.794,0,33
6,49.1496,16.572,0.0853074,252.356,0,33
6,48.1917,19.1799,125.411,333.034,0,33
6,47.6139,20.5726,217.898,178.914,0,33
6,44.7592,26.2092,-90.3263,174.275,0,33
6,42.5259,29.6961,197.085,625.063,0,33
6,40.9627,31.8177,-83.7566,262.484,0,33
6,38.0319,35.2687,110.035,354.472,0,33
6,36.0382,37.3036,120.571,630.744,0,33
6,35.5231,37.7944,187.464,1392.53,0,33
6,35.2329,38.0651,299.395,1317.47,0,33
6,31.9632,40.8493,235.318,351.657,0,33
6,29.6969,42.5254,-75.7797,1783.8,0,33
6,28.9814,43.0162,140.737,353.883,0,33
6,19.8489,47.92,-46.5385,1229.11,0,33
6,18.0465,48.6275,162.718,238.698,0,33
6,6.50716,51.4584,129.131,213.571,0,33
6,6.02837,51.5167,114.881,772.774,0,33
6,-2.38902,51.8132,110.009,890.998,0,33
6,-3.57239,51.745,-77.8497,126.195,0,33
6,-6.84453,51.4146,134.651,378.664,0,33
6,-7.55252,51.3154,-63.3798,117.01,0,33
6,-9.56564,50.9785,289.429,329.009,0,33
6,-11.4904,50.5795,140.754,240.766,0,33
6,-12.369,50.3718,141.056,322.192,0,33
6,-13.7317,50.0175,125.58,27.2064,0,33
6,-19.9518,47.8773,204.094,124.94,0,33
6,-24.1116,45.9232,-42.0079,515.24,0,33
6,-25.3206,45.2678,-41.9,172.627,0,33
6,-26.13,44.8055,120.98,627.411,0,33
6,-27.9772,43.6759,-12.0423,917.311,0,33
6,-28.2244,43.5166,162.203,664.279,0,33
6,-28.5513,43.3028,-12.22,27.0311,0,33
6,-28.8139,43.1285,-43.8833,269.049,0,33
6,-34.3839,38.8337,-89.2282,620.884,0,33
6,-34.8844,38.3847,193.52,177.052,0,33
6,-36.0867,37.2567,-44.8475,738.854,0,33
6,-38.9134,34.2937,36.1454,315.797,0,33
6,-45.8093,24.3273,137.309,249.264,0,33
6,-46.7162,22.5368,-85.5714,6328.25,0,33
6,-47.1121,21.697,-57.24,1304.98,0,33
6,-46.8873,22.1786,-34.372,590.783,0,33
6,-49.9531,13.9642,71.7807,417.912,0,33
6,-51.726,3.83842,107.218,342.244,0,33
6,-51.7476,3.53492,213.15,259.835,0,33
6,-51.764,3.28646,137.028,38.288,0,33
6,-51.8629,0.742139,167.74,512.373,0,33
6,-47.6309,-20.5331,-206.14,54.2757,1,33
6,-44.7592,-26.2092,-144.376,109.514,1,33
6,-41.4706,-31.1529,-76.396,23.3044,1,33
6,-35.3536,-37.953,-172.133,127.957,1,33
6,-32.1441,-40.7071,-48.005,860.231,1,33
6,-27.606,-43.9115,-173.378,202.221,1,33
6,-27.4325,-44.0201,-160.379,415.418,1,33
6,-22.8531,-46.5623,62.4632,305.213,1,33
6,-22.8509,-46.5634,-112.919,612.364,1,33
6,-11.6661,-50.5392,-82.8541,241.86,1,33
6,-10.1162,-50.8721,-30.2604,687.422,1,33
6,-9.0182,-51.0782,-184.213,598.643,1,33
6,-7.91768,-51.2603,-214.231,401.02,1,33
6,-7.85702,-51.2697,-14.6314,456.734,1,33
6,4.87831,-51.6383,54.62,78.2824,1,33
6,5.07026,-51.6198,-123.486,212.325,1,33
6,5.50111,-51.5757,-238.094,658.434,1,33
6,6.52289,-51.4564,-146.434,402.065,1,33
6,8.76296,-51.1226,2.27728,101.907,1,33
6,9.59824,-50.9724,-222.883,361,1,33
6,12.3094,-50.3864,-295.675,396.268,1,33
6,13.0179,-50.208,-259.564,83.3728,1,33
6,32.1451,-40.7063,82.6524,366.576,1,33
6,33.3144,-39.7551,-113.495,139.963,1,33
6,36.9767,-36.3736,-152.716,51.3002,1,33
6,37.8038,-35.5131,-123.859,1152.67,1,33
6,39.7561,-33.3131,-157.38,34.0294,1,33
6,40.1619,-32.8228,-156.956,21.0139,1,33
6,40.4296,-32.4924,-157.732,329.85,1,33
6,40.5616,-32.3274,-217.355,400.684,1,33
6,41.1119,-31.6247,-138.893,176.369,1,33
6,41.8345,-30.6625,76.2234,223.83,1,33
6,43.1855,-28.7284,-254.103,1567.1,1,33
6,45.4359,-25.0178,57.1854,975.084,1,33
6,45.5252,-24.8549,27.278,169.338,1,33
6,47.1929,-21.5206,-128.92,362.101,1,33
6,49.6039,-15.158,56.5798,138.454,1,33
6,50.786,-10.5403,-304.897,158.745,1,33
6,51.3742,-7.14186,-209.371,86.7566,1,33
6,51.382,-7.08555,-163.316,22.2429,1,33
6,51.4555,-6.52974,-162.626,81.4592,1,33
6,51.8189,2.25993,90.6728,860.31,1,33
6,51.4064,6.90574,-289.973,360.214,1,33
6,51.1437,8.63876,-98.2385,1101.85,1,33
6,50.9754,9.58242,-186.245,304.636,1,33
6,50.3902,12.294,-269.515,71.6053,1,33
6,49.5716,15.2631,-196.218,254.467,1,33
6,49.3516,15.9601,-196.787,344.332,1,33
6,49.1636,16.5302,98.0289,306.541,1,33
6,48.702,17.8446,-304.101,919.566,1,33
6,48.6313,18.0362,-143.605,219.849,1,33
6,48.0255,19.5923,38.687,121.115,1,33
6,47.4613,20.9221,31.1442,339.257,1,33
6,47.0819,21.7626,-220.155,387.135,1,33
6,44.7592,26.2092,-25.4946,133.49,1,33
6,44.4375,26.7511,-189.724,225.271,1,33
6,42.8299,29.256,91.7492,506.215,1,33
6,40.9119,31.883,26.0017,264.004,1,33
6,36.9007,36.4506,56.74,46.2047,1,33
6,36.2455,37.1022,76.7956,277.198,1,33
6,35.8654,37.4698,-305.49,454.297,1,33
6,34.5459,38.6897,84.5956,544.365,1,33
6,32.8329,40.1536,-156.862,816.439,1,33
6,31.7595,41.0079,-290.641,364.768,1,33
6,28.1671,43.5537,-156.836,334.16,1,33
6,25.1273,45.3754,-151.817,1958.78,1,33
6,15.7656,49.4141,-136.737,89.133,1,33
6,10.2039,50.8546,-296.529,154.544,1,33
6,5.94059,51.5269,85.8346,227.791,1,33
6,5.69791,51.5543,-211.076,363.01,1,33
6,-2.12014,51.8249,-173.411,500.176,1,33
6,-3.8077,51.7282,-36.6483,243.686,1,33
6,-4.51239,51.6715,-37.2798,154.595,1,33
6,-9.56551,50.9785,-143.116,324.733,1,33
6,-11.1312,50.6597,-219.222,358.016,1,33
6,-11.4967,50.578,-238.954,1431.14,1,33
6,-14.5769,49.7778,72.0811,317.361,1,33
6,-16.9736,49.0123,28.1595,113.138,1,33
6,-17.6307,48.7798,28.005,371.592,1,33
6,-18.3698,48.5063,-133.406,78.026,1,33
6,-21.0231,47.4167,-175.798,328.426,1,33
6,-21.2687,47.307,-268.395,315.725,1,33
6,-26.5224,44.5744,42.4258,301.93,1,33
6,-28.4375,43.3776,-122.445,332.683,1,33
6,-29.3058,42.7958,-55.7505,793.883,1,33
6,-31.3086,41.3531,-11.3125,509.767,1,33
6,-32.8941,40.1035,-156.171,1792.54,1,33
6,-35.5681,37.7521,-162.631,113.81,1,33
6,-37.9384,35.3693,-81.8623,398.756,1,33
6,-38.7706,34.455,-21.5779,457.27,1,33
6,-44.2378,27.0801,-39.378,452.32,1,33
6,-44.4596,26.7143,-176.76,393.692,1,33
6,-44.4563,26.7198,-271.8,418.477,1,33
6,-45.4335,25.0221,-49.26,92.289,1,33
6,-49.6983,14.8456,-208.815,645.414,1,33
6,-50.4558,12.0216,59.8438,427.047,1,33
6,-51.6297,-11.47,303.434,3386.1,0,34
6,-51.724,-11.0367,138.861,207.716,0,34
6,-33.5405,-40.8928,174.311,18280.5,0,34
6,-36.3903,-38.3788,-4.17855,182.552,0,34
6,-31.0799,-42.7928,304.712,102.772,0,34
6,-26.9112,-45.5299,-13.8184,229.099,0,34
6,-23.0152,-47.6181,-85.5758,854.467,0,34
6,-20.5835,-48.7186,150.943,1190.66,0,34
6,-15.5106,-50.5629,-57.1803,900.177,0,34
6,-8.21169,-52.247,121.626,148.246,0,34
6,-8.01701,-52.2772,-83.7165,83.5467,0,34
6,-7.86118,-52.3009,58.6526,1559.91,0,34
6,-8.08118,-52.2674,148.052,58.1234,0,34
6,-7.50312,-52.3535,102.73,527.997,0,34
6,-4.42775,-52.7027,187.07,2147.17,0,34
6,-3.69845,-52.7589,25.8135,1462.49,0,34
6,-2.998,-52.8034,170.708,449.137,0,34
6,4.33517,-52.7104,278.415,213.12,0,34
6,9.27398,-52.069,-99.791,572.394,0,34
6,19.0024,-49.3568,-97.731,418.977,0,34
6,19.011,-49.3535,77.5079,277.167,0,34
6,23.4889,-47.3862,185.628,116.662,0,34
6,28.3163,-44.6695,166.873,763.174,0,34
6,29.586,-43.8389,-101.928,467.647,0,34
6,31.0577,-42.8089,290.059,1041.36,0,34
6,34.953,-39.6922,192.371,63.4944,0,34
6,35.5051,-39.1991,45.0983,720.447,0,34
6,35.4884,-39.2142,165.711,211.307,0,34
6,39.3575,-35.3295,66.7234,557.208,0,34
6,42.2544,-31.808,223.588,2125.91,0,34
6,43.3201,-30.3405,219.477,344.086,0,34
6,48.9933,-19.9208,84.4657,1195.04,0,34
6,49.1309,-19.5789,-37.5636,137.685,0,34
6,50.1114,-16.9125,-92.2355,211.629,0,34
6,50.2529,-16.4874,-91.508,39.2723,0,34
6,50.3199,-16.2817,142.742,57.6707,0,34
6,50.5007,-15.7119,-7.46879,822.224,0,34
6,50.4514,-15.8694,143.194,65.4332,0,34
6,51.9516,-9.9105,-74.102,695.86,0,34
6,52.453,-6.77211,-42.6685,587.933,0,34
6,52.4499,-6.79649,46.819,201.437,0,34
6,52.623,-5.29159,-41.8504,178.18,0,34
6,52.629,-5.23176,305.78,90.1909,0,34
6,52.7486,-3.84227,-64.2701,167.698,0,34
6,52.8856,0.548723,-86.2398,2151.34,0,34
6,52.8847,0.625963,-45.8097,117.584,0,34
6,52.7962,3.12167,134.377,837.26,0,34
6,52.5551,5.92848,216.329,309.425,0,34
6,52.2929,7.91441,-82.4596,105.102,0,34
6,51.975,9.78703,297.359,145.764,0,34
6,51.3264,12.7585,-19.852,101.343,0,34
6,50.6217,15.3177,111.053,393.011,0,34
6,50.2558,16.4784,-1.22264,1118.34,0,34
6,49.0301,19.8301,124.811,382.127,0,34
6,48.5947,20.8744,217.808,150.025,0,34
6,45.5213,26.9257,174.666,739.414,0,34
6,45.568,26.8466,-91.5194,943.798,0,34
6,43.7294,29.7476,196.979,445.4,0,34
6,41.6717,32.5676,-84.7566,279.929,0,34
6,38.5493,36.2096,109.255,294.924,0,34
6,36.9364,37.8535,138.644,1223.26,0,34
6,35.7594,38.9673,121.182,2033.7,0,34
6,36.0026,38.7427,186.452,228.347,0,34
6,35.3641,39.3263,297.43,1217.78,0,34
6,33.4087,41.0005,233.653,334.69,0,34
6,32.9633,41.3595,233.932,81.5393,0,34
6,30.6874,43.0751,-77.0828,1371.17,0,34
6,30.0806,43.5011,140.293,83.6208,0,34
6,29.7245,43.7451,305.014,296.513,0,34
6,18.0238,49.7225,-46.271,2644.74,0,34
6,17.7097,49.8352,163.094,1119.01,0,34
6,6.33962,52.5071,113.866,598.594,0,34
6,6.25571,52.5171,127.397,807.306,0,34
6,4.48,52.6983,274.984,343.465,0,34
6,-2.16982,52.8439,108.55,645.985,0,34
6,-2.70316,52.8193,109.892,1.98778,0,34
6,-6.51598,52.4855,134.392,433.921,0,34
6,-7.01057,52.4217,-72.9017,413.373,0,34
6,-7.58521,52.3416,-63.9356,223.347,0,34
6,-9.87172,51.9589,288.715,672.728,0,34
6,-10.7427,51.7859,140.494,582.841,0,34
6,-13.2272,51.2077,209.936,434.278,0,34
6,-15.0046,50.7153,225.391,155.981,0,34
6,-19.0578,49.3354,203.598,927.624,0,34
6,-27.1095,45.4121,119.412,875.521,0,34
6,-28.9444,44.2652,-44.4252,612.321,0,34
6,-29.3206,44.0169,162.466,1172.44,0,34
6,-29.4058,43.96,-12.3472,289.94,0,34
6,-34.8578,39.7759,-90.1248,244.261,0,34
6,-35.6402,39.0763,193.322,147.702,0,34
6,-39.878,34.7409,35.2678,448.543,0,34
6,-43.5137,30.0623,104.63,281.513,0,34
6,-46.5113,25.177,137.281,210.519,0,34
6,-48.567,20.9388,-57.1061,708.269,0,34
6,-50.8316,14.6058,69.9004,1189.85,0,34
6,-52.7214,4.20004,105.864,788.714,0,34
6,-52.7612,3.6665,136.626,328.437,0,34
6,-52.8823,0.803683,167.02,154.832,0,34
6,-50.5941,-15.4086,-242.818,402.728,1,34
6,-50.5544,-15.5382,-266.309,408.428,1,34
6,-50.4681,-15.8163,-127.964,196.673,1,34
6,-49.5825,-18.4054,-189.312,84.5898,1,34
6,-48.559,-20.9572,-205.708,1242.08,1,34
6,-45.6754,-26.6635,-144.09,353.156,1,34
6,-44.3913,-28.7506,-8.98,26.0464,1,34
6,-43.8425,-29.5807,-8.04446,816.839,1,34
6,-42.7273,-31.1698,-74.0827,384.483,1,34
6,-37.6265,-37.1676,88.116,47.1387,1,34
6,-35.9719,-38.7712,-171.176,182.426,1,34
6,-32.9813,-41.3451,-46.7391,1344.02,1,34
6,-27.6525,-45.0835,-159.76,59.319,1,34
6,-23.3654,-47.4473,62.4822,427.531,1,34
6,-11.6457,-51.5903,-81.7393,102.044,1,34
6,-10.9371,-51.7452,-29.2159,109.716,1,34
6,-9.45277,-52.0368,-184.092,77.3884,1,34
6,-7.76321,-52.3155,-13.5042,361.325,1,34
6,-7.45316,-52.3606,-214.105,670.113,1,34
6,-1.00028,-52.8789,-149.754,830.448,1,34
6,2.50629,-52.829,65.7476,1294.23,1,34
6,4.66499,-52.6823,55.158,464.658,1,34
6,5.937,-52.5541,-236.881,48.3851,1,34
6,6.44001,-52.4949,-145.719,189.474,1,34
6,8.05844,-52.2709,3.02271,442.137,1,34
6,10.462,-51.8433,-217.046,157.857,1,34
6,12.5245,-51.384,-294.065,396.974,1,34
6,32.6238,-41.6277,83.6341,132.973,1,34
6,34.3225,-40.2387,-112.839,836.082,1,34
6,37.8063,-36.9847,-152.147,309.235,1,34
6,38.7992,-35.9417,-121.828,960.513,1,34
6,41.3053,-33.0311,-216.109,1307.17,1,34
6,41.7299,-32.493,-158.671,605.326,1,34
6,42.4134,-31.5957,-159.443,223.145,1,34
6,42.6973,-31.211,77.2986,1248.05,1,34
6,44.5275,-28.5392,-252.951,1296.15,1,34
6,46.4582,-25.2749,57.7666,199.465,1,34
6,46.6378,-24.9419,27.3305,147.62,1,34
6,47.9257,-22.3675,-128.186,415.746,1,34
6,50.5795,-15.4562,57.164,33.0954,1,34
6,51.2236,13.1654,-268.868,262.919,1,34
6,50.933,14.2481,-195.166,491.758,1,34
6,50.7308,14.9522,-195.738,475.287,1,34
6,50.21,16.6174,99.0846,745.237,1,34
6,49.7197,18.0316,-302.994,873.317,1,34
6,48.8951,20.1607,39.319,307.963,1,34
6,48.4299,21.2539,32.5582,459.435,1,34
6,48.0337,22.1346,-219.001,1171.06,1,34
6,45.1561,27.5337,-189.042,240.874,1,34
6,43.69,29.8055,92.812,464.005,1,34
6,41.9343,32.2288,-48.133,469.179,1,34
6,41.8184,32.3791,26.4042,322.182,1,34
6,37.7036,37.0894,57.0215,4383.95,1,34
6,36.8344,37.9527,-304.433,671.297,1,34
6,34.9022,39.7369,86.276,510.467,1,34
6,33.2601,41.1211,-156.817,435.431,1,34
6,32.2098,41.9489,-290.083,1102.8,1,34
6,28.6826,44.4352,-156.634,93.779,1,34
6,25.9806,46.0673,-150.115,865.751,1,34
6,25.9744,46.0707,-127.517,508,1,34
6,18.2304,49.6471,-294.895,611.194,1,34
6,16.7233,50.1748,-136.075,359.278,1,34
6,10.5607,51.8233,-296.047,419.528,1,34
6,6.01854,52.5448,-210.389,626.876,1,34
6,5.92496,52.5555,85.6405,434.734,1,34
6,-2.25594,52.8403,-172.914,331.677,1,34
6,-3.12552,52.796,-35.6619,657.763,1,34
6,-10.9467,51.7431,-237.564,1807.2,1,34
6,-15.8249,50.4654,73.8821,748.043,1,34
6,-18.2454,49.6416,27.7748,614.805,1,34
6,-21.2225,48.4436,-175.77,140.429,1,34
6,-21.8982,48.142,-267.937,510.227,1,34
6,-27.1416,45.3929,42.4887,252.385,1,34
6,-28.2543,44.7088,-121.484,183.111,1,34
6,-28.9596,44.2552,-53.0011,828.06,1,34
6,-28.7506,44.3913,-121.591,66.4006,1,34
6,-32.0281,42.0878,-9.8542,690.557,1,34
6,-33.4463,40.9698,-155.4,775.849,1,34
6,-36.0803,38.6703,-162.177,178.707,1,34
6,-38.5687,36.1889,-80.4413,2150.58,1,34
6,-39.5955,35.0625,-19.9273,493.842,1,34
6,-45.0687,27.6766,-38.915,455.785,1,34
6,-45.1786,27.4969,-271.088,528.074,1,34
6,-45.4601,27.0289,-176.446,332.275,1,34
6,-46.5187,25.1634,-49.0114,160.565,1,34
6,-50.6423,15.2491,-207.857,302.147,1,34
6,-51.462,12.2004,60.2234,220.394,1,34
6,-52.8874,0.3245,-163.519,125.006,1,34
6,-53.3242,-7.91592,304.429,4459.6,0,35
6,-52.7658,-11.0413,138.565,423.883,0,35
6,-51.5336,-15.8249,68.601,497.08,0,35
6,-50.9748,-17.5415,-90.4709,383.367,0,35
6,-50.1732,-19.7176,-74.3068,1274.05,0,35
6,-50.3515,-19.2578,288.12,713.699,0,35
6,-50.3131,-19.3578,145.765,167.915,0,35
6,-49.8845,-20.4372,-104.02,169.79,0,35
6,-49.4639,-21.435,-9.39021,227.052,0,35
6,-49.2972,-21.8157,181.972,80.3468,0,35
6,-48.5912,-23.346,61.2417,1016.62,0,35
6,-48.1391,-24.2645,207.005,511.968,0,35
6,-47.0131,-26.38,266.728,1116.44,0,35
6,-46.8879,-26.6019,-29.4369,254.266,0,35
6,-46.6588,-27.0018,184.264,119.967,0,35
6,-45.4158,-29.0438,-52.5757,2872.42,0,35
6,-45.367,-29.1199,-46.0766,649,0,35
6,-44.8298,-29.9404,183.728,534.806,0,35
6,-44.6089,-30.2685,-95.3524,330.911,0,35
6,-44.39,-30.5887,183.668,25.0555,0,35
6,-41.703,-34.1614,-81.7123,425.843,0,35
6,-40.1644,-35.9578,172.217,5591.42,0,35
6,-40.0616,-36.0722,185.868,948.35,0,35
6,-39.1335,-37.077,243.96,892.291,0,35
6,-36.9648,-39.2395,-5.47746,322.354,0,35
6,-31.3431,-43.8605,303.319,488.502,0,35
6,-29.4243,-45.1702,175.832,10541.9,0,35
6,-27.3327,-46.4657,-15.2529,416.188,0,35
6,-23.2991,-48.6137,-87.1413,481.737,0,35
6,-21.3481,-49.5015,149.187,732.794,0,35
6,-18.3851,-50.6767,-57.9938,465.913,0,35
6,-17.0435,-51.1435,-57.6363,1382.72,0,35
6,-10.7598,-52.8239,173.412,122.572,0,35
6,-10.1924,-52.9363,173.608,84.3347,0,35
6,-8.72014,-53.1987,-84.555,704.845,0,35
6,-8.7513,-53.1935,121.137,211.505,0,35
6,-8.26577,-53.2711,57.8321,796.645,0,35
6,-8.61613,-53.2156,147.913,85.6892,0,35
6,-7.80833,-53.3401,101.709,331.381,0,35
6,-4.51534,-53.7192,186.037,70.3501,0,35
6,-3.63578,-53.7859,24.668,45.1542,0,35
6,-3.19564,-53.8138,25.092,28.2666,0,35
6,-2.94464,-53.8281,169.31,3811.95,0,35
6,2.66893,-53.8425,-73.5661,478.727,0,35
6,2.55286,-53.8481,29.3471,535.178,0,35
6,3.72614,-53.7797,-73.9061,142.032,0,35
6,4.0361,-53.7573,277.368,128.988,0,35
6,8.95469,-53.1597,-101.549,112.085,0,35
6,19.6202,-50.2114,-98.9832,201.21,0,35
6,19.5207,-50.2502,76.3515,331.925,0,35
6,24.1394,-48.2019,185.16,99.7179,0,35
6,25.1202,-47.6982,145.363,256.942,0,35
6,28.9341,-45.4858,165.597,59.7219,0,35
6,30.4995,-44.4513,-102.341,228.151,0,35
6,31.6943,-43.6074,288.845,405.545,0,35
6,35.7922,-40.312,191.862,682.589,0,35
6,35.9149,-40.2027,164.571,413.809,0,35
6,36.102,-40.0348,44.4933,225.756,0,35
6,40.2221,-35.8932,66.3464,304.086,0,35
6,43.1432,-32.3234,222.388,236.341,0,35
6,43.8965,-31.2927,219.217,751.023,0,35
6,50.1763,-19.7097,-37.66,28.1093,0,35
6,50.1984,-19.6533,83.921,142.612,0,35
6,50.8678,-17.8495,-93.8467,77.6852,0,35
6,50.9404,-17.6412,-92.78,40.5243,0,35
6,51.2308,-16.7791,141.796,193.192,0,35
6,51.2905,-16.5957,-7.556,44.2114,0,35
6,53.022,-9.73687,-74.9082,178.709,0,35
6,53.426,-7.19693,-42.8835,250.413,0,35
6,53.7041,-4.69171,305.704,370.248,0,35
6,53.7733,-3.81642,-64.7785,184.979,0,35
6,53.8995,0.992298,-46.3399,59.4666,0,35
6,53.7943,3.5087,133.63,1838.02,0,35
6,53.5237,6.43042,215.666,186.407,0,35
6,53.3296,7.87958,-83.135,273.311,0,35
6,52.9308,10.2207,296.301,309.264,0,35
6,51.3404,16.4407,-2.81537,668.559,0,35
6,49.8724,20.4667,123.742,535.532,0,35
6,49.6775,20.9352,217.814,184.245,0,35
6,46.4081,27.4303,-92.356,29.3368,0,35
6,45.8363,28.3756,175.178,818.56,0,35
6,44.9877,29.7026,196.774,978.068,0,35
6,42.3523,33.353,-85.714,226.087,0,35
6,39.1088,37.1031,107.942,470.272,0,35
6,37.5542,38.6758,137.226,903.999,0,35
6,36.5569,39.6198,185.951,432.788,0,35
6,35.6865,40.4056,296.124,843.611,0,35
6,34.7371,41.2247,122.182,991.444,0,35
6,34.4341,41.4781,232.271,212.28,0,35
6,31.6698,43.6252,-78.4399,2347.7,0,35
6,31.0662,44.0571,139.996,64.3484,0,35
6,30.8015,44.2425,304.629,799.014,0,35
6,16.5217,51.3144,-46.0763,908.825,0,35
6,17.1158,51.1193,163.544,308.126,0,35
6,14.957,51.7921,-45.9292,1291.29,0,35
6,6.73058,53.4868,112.431,247.283,0,35
6,6.1485,53.5568,126.326,516.302,0,35
6,-2.05778,53.8693,106.721,1159.57,0,35
6,-3.47559,53.7964,-79.0267,1054.06,0,35
6,-6.48582,53.517,134.045,462.136,0,35
6,-7.29002,53.4134,-73.6585,329.138,0,35
6,-7.40948,53.397,-64.4514,166.232,0,35
6,-9.11,53.1333,139.864,1135.88,0,35
6,-13.5308,52.1829,123.002,589.679,0,35
6,-18.852,50.5048,203.164,250.068,0,35
6,-20.163,49.9959,-42.5529,958.539,0,35
6,-22.024,49.2045,-42.3101,1429.59,0,35
6,-28.3008,45.8825,117.019,1947.15,0,35
6,-29.091,45.3856,-44.9257,205.824,0,35
6,-31.3429,43.8607,-12.5867,1331.69,0,35
6,-30.77,44.2645,162.468,24.0139,0,35
6,-35.3823,40.6722,-90.955,760.54,0,35
6,-36.3715,39.7901,193.42,73.4716,0,35
6,-39.1008,37.1115,-44.7307,953.844,0,35
6,-40.7448,35.2987,34.4928,862.388,0,35
6,-44.573,30.3214,103.6,396.021,0,35
6,-47.1995,26.0451,137.089,269.574,0,35
6,-49.2123,22.0065,-88.0643,5537.79,0,35
6,-50.0773,19.9599,-56.9173,141.132,0,35
6,-53.659,5.18154,212.398,1028.38,0,35
6,-53.717,4.54145,104.057,594.894,0,35
6,-53.9009,0.911635,166.676,417.935,0,35
6,-52.2117,-13.4194,-186.146,172.718,1,35
6,-51.6734,-15.3621,-242.235,199.285,1,35
6,-51.4903,-15.9651,-127.064,113.973,1,35
6,-51.3892,-16.2876,-265.5,150.4,1,35
6,-50.5911,-18.6194,-188.63,131.733,1,35
6,-49.5836,-21.1567,-205.475,867.395,1,35
6,-46.4833,-27.3028,-143.787,373.215,1,35
6,-44.328,-30.6784,-6.8696,178.881,1,35
6,-43.895,-31.2948,-5.72934,421.869,1,35
6,-43.7838,-31.4502,-71.9432,610.722,1,35
6,-33.8857,-41.9273,-45.5611,483.036,1,35
6,-28.914,-45.4985,-173.297,478.273,1,35
6,-27.8621,-46.1502,-159.597,100.036,1,35
6,-24.9248,-47.8005,-108.86,71.4101,1,35
6,-23.7442,-48.3978,62.5085,119.155,1,35
6,-11.5214,-52.663,-28.6059,375.391,1,35
6,-11.371,-52.6957,-79.7802,562.344,1,35
6,-10.321,-52.9114,-183.798,705.881,1,35
6,-7.54869,-53.3775,-12.5777,513.966,1,35
6,-0.863597,-53.9017,-147.728,152.412,1,35
6,2.47666,-53.8517,66.799,456.788,1,35
6,4.38299,-53.7301,55.6494,151.875,1,35
6,4.70931,-53.7025,-121.767,549.723,1,35
6,6.41155,-53.526,-145.25,138.716,1,35
6,6.64695,-53.4972,-235.947,721.161,1,35
6,7.54234,-53.3784,3.90991,413.222,1,35
6,10.9844,-52.7777,-216.953,155.277,1,35
6,12.7002,-52.3912,-292.743,229.722,1,35
6,33.2164,-42.4595,84.19,573.667,1,35
6,35.2467,-40.7898,-112.159,260.344,1,35
6,38.6556,-37.575,-151.522,1929.34,1,35
6,39.7541,-36.4108,-120.577,612.609,1,35
6,41.9043,-33.9141,-214.69,386.173,1,35
6,42.1876,-33.561,-138.555,355.775,1,35
6,43.5713,-31.744,78.364,95.4993,1,35
6,43.8781,-31.3185,-160.386,845.518,1,35
6,45.7512,-28.5125,-251.962,5854.14,1,35
6,45.8374,-28.3737,-256.73,155,1,35
6,47.595,-25.315,58.0351,122.775,1,35
6,47.6913,-25.1331,27.4493,545.915,1,35
6,48.6926,-23.1336,-127.64,270.304,1,35
6,52.8951,-10.4041,-303.907,186.969,1,35
6,53.2788,-8.21609,-208.684,106.456,1,35
6,53.6226,-5.54567,-161.277,686.515,1,35
6,53.7683,-3.88626,-113.788,787.514,1,35
6,53.8679,2.09442,93.7424,164.048,1,35
6,53.2887,8.15197,-286.987,343.455,1,35
6,53.1385,9.07928,-95.841,971.753,1,35
6,52.9775,9.97582,-186.212,24.2774,1,35
6,52.2534,13.2558,-194.122,167.902,1,35
6,52.2012,13.46,-268.244,301.571,1,35
6,51.2222,16.8054,99.7443,346.428,1,35
6,50.7877,18.0762,-301.33,450.184,1,35
6,50.4304,19.0503,-141.91,668.728,1,35
6,49.7457,20.7727,39.8628,249.713,1,35
6,49.413,21.552,34.7053,1144.4,1,35
6,48.9777,22.5238,-217.78,372.12,1,35
6,46.7412,26.8588,-23.396,23.0832,1,35
6,45.8317,28.3829,-187.952,388.915,1,35
6,44.6403,30.2222,93.9465,297.922,1,35
6,42.7661,32.8207,26.8262,196.325,1,35
6,38.5803,37.6523,57.5197,1406.83,1,35
6,38.5072,37.7271,79.1491,1203.55,1,35
6,37.693,38.5406,-303.333,147.279,1,35
6,35.1761,40.8507,88.0042,312.909,1,35
6,33.6579,42.1103,-156.74,212.576,1,35
6,32.6699,42.8814,-289.507,1558.58,1,35
6,28.9969,45.4458,-156.7,433.926,1,35
6,26.6984,46.833,-148.575,619.469,1,35
6,18.2652,50.72,-293.154,1195.46,1,35
6,17.2879,51.0614,-135.48,329.359,1,35
6,10.9826,52.778,-295.531,515.236,1,35
6,6.48953,53.5166,-209.4,257.741,1,35
6,5.96039,53.5781,85.4247,299.044,1,35
6,-1.51402,53.8873,-33.7978,1626.84,1,35
6,-2.51034,53.8501,-172.23,450.907,1,35
6,-9.42366,53.0785,-142.442,573.006,1,35
6,-10.3912,52.8976,-236.25,973.441,1,35
6,-10.6544,52.8453,-216.763,402.703,1,35
6,-16.9034,51.19,74.9617,479.374,1,35
6,-19.1798,50.3813,-131.2,219.644,1,35
6,-19.5336,50.2452,27.2812,357.235,1,35
6,-21.3295,49.5095,-175.631,267.633,1,35
6,-22.6278,48.9298,-267.214,740.992,1,35
6,-28.286,45.8916,-120.776,355.048,1,35
6,-32.7299,42.8356,-7.81342,507.161,1,35
6,-33.8712,41.939,-154.706,269.401,1,35
6,-36.5711,39.6068,-161.126,1674.38,1,35
6,-39.2146,36.9912,-78.8212,913.889,1,35
6,-40.4317,35.6569,-18.7476,174.054,1,35
6,-45.8941,28.2819,-38.4661,177.358,1,35
6,-46.3966,27.4499,-176.16,223.354,1,35
6,-47.6642,25.1846,-48.6805,180.051,1,35
6,-51.5073,15.9104,-205.45,730.442,1,35
6,-52.4909,12.2819,60.7578,168.11,1,35
6,-54.8958,-1.90224,305.78,640.735,0,36
6,-54.6875,-5.14154,305.175,2082.99,0,36
6,-52.4243,-16.3968,68.4136,144.622,0,36
6,-51.7197,-18.4997,145.573,791.603,0,36
6,-51.5646,-18.9276,-90.8717,46.1526,0,36
6,-51.4788,-19.1596,287.251,116.062,0,36
6,-50.888,-20.6778,-105.011,270.873,0,36
6,-50.4917,-21.6275,-73.7715,677.266,0,36
6,-49.5712,-23.6613,59.79,974.591,0,36
6,-49.1773,-24.4694,206.093,313.373,0,36
6,-47.872,-26.9338,-52.8018,879.119,0,36
6,-47.175,-28.1368,-52.7229,885.128,0,36
6,-47.4989,-27.5865,183.055,417.598,0,36
6,-47.4905,-27.601,265.903,173.026,0,36
6,-46.1694,-29.7582,183.54,1347.91,0,36
6,-45.6217,-30.5912,-96.2252,405.798,0,36
6,-43.4381,-33.6198,171.172,5204.17,0,36
6,-42.6086,-34.6651,-82.373,499.982,0,36
6,-42.0304,-35.3639,-39.345,852.615,0,36
6,-41.2252,-36.2994,184.936,498.542,0,36
6,-39.7773,-37.8804,242.862,502.204,0,36
6,-37.5184,-40.119,-7.07674,293.507,0,36
6,-31.7195,-44.8446,302.035,918.989,0,36
6,-27.5616,-47.5134,-17.5391,71.9061,0,36
6,-26.3728,-48.1834,176.893,4854.74,0,36
6,-23.2866,-49.7483,-89.2645,1481.76,0,36
6,-21.9975,-50.3316,147.742,456.698,0,36
6,-20.406,-50.9976,-58.7023,2040.18,0,36
6,-11.6743,-53.6738,173.384,717.804,0,36
6,-9.23563,-54.1467,120.421,882.465,0,36
6,-9.1128,-54.1675,-85.1693,1415.41,0,36
6,-8.84131,-54.2125,56.9916,979.193,0,36
6,-8.88875,-54.2047,147.805,214.996,0,36
6,-8.12103,-54.3251,100.691,397.83,0,36
6,-3.10803,-54.8407,23.9737,222.956,0,36
6,-2.94948,-54.8495,168.211,833.642,0,36
6,3.03182,-54.845,28.2206,67.7422,0,36
6,3.79859,-54.7972,27.18,222.492,0,36
6,3.92878,-54.788,276.668,76.0879,0,36
6,4.15286,-54.7715,-74.548,32.1526,0,36
6,5.29109,-54.6733,-74.7989,1100.91,0,36
6,8.89394,-54.2039,-102.731,1055.38,0,36
6,23.7893,-49.5099,213.085,208.341,0,36
6,24.7968,-49.0131,184.795,243.286,0,36
6,25.6126,-48.5918,144.498,968.584,0,36
6,29.7999,-46.1425,164.557,77.357,0,36
6,31.3864,-45.0783,-102.654,516.132,0,36
6,32.3626,-44.3827,287.616,659.107,0,36
6,36.3589,-41.1727,163.133,423.645,0,36
6,36.7268,-40.8449,43.9725,133.957,0,36
6,36.8046,-40.7748,191.073,65.4823,0,36
6,41.1322,-36.4047,66.0067,151.237,0,36
6,44.0497,-32.8144,221.495,629.774,0,36
6,51.0432,-20.2916,-37.7436,234.832,0,36
6,51.4676,-19.1897,83.4603,612.957,0,36
6,51.5952,-18.8441,-94.7523,587.112,0,36
6,51.9043,-17.9751,139.572,25.1803,0,36
6,54.0691,-9.67983,-76.1252,239.391,0,36
6,54.3535,-7.92834,-43.0101,290.109,0,36
6,54.3444,-7.99068,45.0848,595.262,0,36
6,54.6531,-5.49573,-42.1027,106.838,0,36
6,54.7873,-3.93868,305.713,226.723,0,36
6,54.8128,-3.56672,-65.1224,125.008,0,36
6,54.9208,-0.928966,-88.4406,1855.81,0,36
6,54.9172,1.12502,-47.2252,258.383,0,36
6,54.7759,4.0941,132.418,590.101,0,36
6,54.4734,7.05794,214.924,158.959,0,36
6,54.3729,7.7943,-83.7697,867.037,0,36
6,53.8233,10.9644,294.735,1427.66,0,36
6,53.4878,12.4985,-20.1465,167.198,0,36
6,52.4084,16.4477,-7.55098,8456.6,0,36
6,52.3977,16.4817,1.38098,270,0,36
6,52.3553,16.6157,108.622,757.975,0,36
6,50.7313,21.0594,123.272,1004.52,0,36
6,50.737,21.0457,217.751,344.967,0,36
6,47.1003,28.2616,-93.6858,233.597,0,36
6,46.3257,29.5142,196.542,251.182,0,36
6,45.9763,30.0557,175.618,908.159,0,36
6,43.0947,34.0589,-86.42,49.2652,0,36
6,39.5488,38.119,107.137,52.4911,0,36
6,38.2095,39.4613,136.22,289.608,0,36
6,37.9973,39.6657,134.527,378.662,0,36
6,37.0832,40.5216,185.391,752.2,0,36
6,35.8735,41.5963,294.505,503.275,0,36
6,35.5691,41.8569,231.345,1081.88,0,36
6,33.9591,43.1734,123.014,2120.48,0,36
6,32.8239,44.0426,-80.0569,6885.77,0,36
6,32.8111,44.0521,-65.3007,2905,0,36
6,32.3106,44.4206,139.504,657.036,0,36
6,31.9106,44.7088,304.221,233.811,0,36
6,16.8748,52.2724,163.893,311.204,0,36
6,12.5303,53.4804,-45.7014,1311.9,0,36
6,7.05691,54.4735,111.127,493.264,0,36
6,6.23365,54.5738,274.142,746.427,0,36
6,5.83328,54.6181,124.777,785.77,0,36
6,-1.64607,54.904,104.033,407.34,0,36
6,-6.12913,54.5857,138.844,127.234,0,36
6,-7.26109,54.4467,-64.9462,855.628,0,36
6,-7.90567,54.3568,-74.5154,203.233,0,36
6,-13.2805,53.2991,121.574,123.115,0,36
6,-14.9714,52.849,225.203,580.615,0,36
6,-17.1749,52.1745,-42.8907,705.495,0,36
6,-17.3843,52.1052,202.651,1156.05,0,36
6,-19.0619,51.5151,-42.6903,2124.11,0,36
6,-18.3991,51.7555,202.885,79.9316,0,36
6,-28.8019,46.7719,-45.4605,872.157,0,36
6,-29.2838,46.4717,115.585,561.511,0,36
6,-31.8002,44.7873,162.728,126.68,0,36
6,-32.2681,44.4514,-12.7958,114.595,0,36
6,-32.9483,43.9496,-12.8436,484.733,0,36
6,-35.8694,41.5998,-92.2741,1458.26,0,36
6,-37.2223,40.3938,193.176,125.103,0,36
6,-40.5043,37.1021,-44.6485,1485.8,0,36
6,-41.6863,35.769,33.2643,288.695,0,36
6,-47.8907,26.9007,137.028,57.359,0,36
6,-50.2539,22.1744,-88.6616,2592.64,0,36
6,-50.6176,21.3313,-89.2308,74.8516,0,36
6,-50.7044,21.124,-80.4889,92.301,0,36
6,-51.7459,18.4262,-56.7622,337.714,0,36
6,-52.0665,17.4998,-56.6711,178.583,0,36
6,-52.6729,15.5797,66.4875,736.325,0,36
6,-54.7214,4.76814,103.049,786.456,0,36
6,-54.7416,4.52948,136.13,428.292,0,36
6,-54.9169,1.13631,165.935,520.672,0,36
6,-54.444,-7.28103,-281.529,560.299,1,36
6,-53.161,-13.8226,-185.937,186.887,1,36
6,-44.186,-32.6307,-3.72332,105.609,1,36
6,-43.6462,-33.3493,-3.468,45.2097,1,36
6,-37.2472,-40.3709,-169.014,399.146,1,36
6,-34.7782,-42.5163,-44.2833,301.862,1,36
6,-29.5289,-46.3164,-173.054,2123.94,1,36
6,-28.3353,-47.0561,-159.129,437.183,1,36
6,-26.5841,-48.0671,-105.949,73.3051,1,36
6,-26.5841,-48.0671,-107.307,123.578,1,36
6,-12.4562,-53.4977,-27.7461,555.668,1,36
6,-11.1444,-53.7863,-78.113,286.135,1,36
6,-10.9358,-53.8291,-183.493,218.196,1,36
6,-7.46067,-54.4197,-11.5532,942.812,1,36
6,-6.94747,-54.4876,-213.945,416.828,1,36
6,-0.5617,-54.9258,-146.006,191.287,1,36
6,2.293,-54.8808,67.7506,463.172,1,36
6,4.37687,-54.754,55.918,137.972,1,36
6,4.43613,-54.7493,-120.942,299.77,1,36
6,6.10613,-54.5883,-144.764,97.1216,1,36
6,6.83385,-54.5019,4.7803,424.9,1,36
6,7.48455,-54.4164,-234.483,286.922,1,36
6,11.3573,-53.7417,-216.941,918.847,1,36
6,12.8552,-53.4032,-291.574,554.281,1,36
6,33.7183,-43.3617,85.3115,571.111,1,36
6,36.3026,-41.2224,-111.232,130.493,1,36
6,39.5163,-38.1527,-150.904,357.196,1,36
6,40.6361,-36.9576,-119.467,600.803,1,36
6,42.4985,-34.8,-213.01,478.33,1,36
6,42.7644,-34.4727,-138.281,724.076,1,36
6,44.4997,-32.2015,79.3011,588.104,1,36
6,45.1712,-31.2526,-161.196,65.2847,1,36
6,45.6505,-30.5482,-161.595,750.997,1,36
6,48.6102,-25.5774,58.4347,385.559,1,36
6,48.7742,-25.2634,27.5557,226.608,1,36
6,49.3768,-24.0644,-127.222,525.077,1,36
6,52.3553,-16.6159,57.9435,492.703,1,36
6,53.9803,-10.1634,-303.431,497.384,1,36
6,54.6961,-5.05,-160.598,291.576,1,36
6,54.796,-3.81601,-112.171,584.874,1,36
6,54.8937,1.9602,94.9185,697.818,1,36
6,54.1391,9.28002,-94.4237,821.455,1,36
6,54.0428,9.82547,-185.999,101.76,1,36
6,53.7633,11.2549,-192.64,518.761,1,36
6,53.616,11.9368,-193.177,169.227,1,36
6,53.456,12.6341,-193.748,380.343,1,36
6,53.1997,13.6733,-267.62,24.1664,1,36
6,52.2383,16.98,100.798,387.511,1,36
6,51.8066,18.2547,-300.199,238.064,1,36
6,51.3371,19.5363,-140.95,1374.28,1,36
6,50.4978,21.6132,40.7937,532.14,1,36
6,50.0228,22.691,-216.603,755.546,1,36
6,47.7373,27.172,-22.972,25.1509,1,36
6,46.5191,29.2086,-187.067,200.132,1,36
6,45.6381,30.5667,95.8113,526.095,1,36
6,43.8039,33.1419,-46.5656,685.901,1,36
6,43.7009,33.2775,27.1685,422.179,1,36
6,39.6466,38.0172,80.3404,1466.03,1,36
6,39.4687,38.2019,58.0691,1658.85,1,36
6,35.3159,42.0707,90.0754,1526.18,1,36
6,34.0219,43.124,-156.647,133.192,1,36
6,33.1089,43.8288,-288.863,868.541,1,36
6,29.3774,46.4126,-156.553,343.429,1,36
6,27.5191,47.538,-147.242,819.176,1,36
6,18.4063,51.753,-291.529,1242.84,1,36
6,17.7935,51.9669,-135.016,388.096,1,36
6,11.2909,53.7557,-295.196,273.023,1,36
6,6.79622,54.5066,-208.958,278.027,1,36
6,5.86411,54.6148,85.3767,220.651,1,36
6,0.84392,54.9222,-31.1866,231.238,1,36
6,0.080119,54.9286,-32.0753,230.427,1,36
6,-2.83751,54.8554,-171.22,165.127,1,36
6,-9.5014,54.1007,-142.151,153.918,1,36
6,-10.079,53.9961,-234.997,4548.35,1,36
6,-9.94369,54.0212,-244.442,913,1,36
6,-9.9437,54.0212,-252.568,44,1,36
6,-10.4725,53.9211,-215.668,494.765,1,36
6,-18.0695,51.8715,76.4106,1246.23,1,36
6,-19.6982,51.2752,-129.929,1063.36,1,36
6,-20.3132,51.0347,26.9384,279.885,1,36
6,-21.244,50.6543,-175.592,1547.81,1,36
6,-23.3835,49.7029,-274.676,730,1,36
6,-28.1923,47.1419,-119.95,515.435,1,36
6,-28.4191,47.0055,42.5512,240.972,1,36
6,-34.3343,42.8756,-153.962,298.044,1,36
6,-37.1259,40.4825,-160.233,636.558,1,36
6,-39.8271,37.8281,-77.6143,565.842,1,36
6,-41.2221,36.3029,-17.5261,903.934,1,36
6,-46.5851,29.1032,-270.184,207.161,1,36
6,-46.7033,28.913,-37.5991,732.674,1,36
6,-47.3337,27.8691,-175.817,201.677,1,36
6,-48.8037,25.2063,-48.1832,768.459,1,36
6,-52.4285,16.3833,-203.538,398.966,1,36
6,-53.5041,12.4287,61.4403,293.421,1,36
6,-54.9258,0.561698,76.3644,176.258,1,36
6,-54.9258,0.561697,-272.708,40.1942,1,36
6,-54.9175,-10.694,137.878,539.142,0,37
6,-53.2522,-17.1609,67.6177,355.163,0,37
6,-52.4299,-19.5294,-91.1551,319.578,0,37
6,-51.3343,-22.2505,181.531,273.945,0,37
6,-51.1536,-22.6628,-9.51965,147.528,0,37
6,-50.1745,-24.755,-72.6712,2165.06,0,37
6,-50.5297,-24.0216,57.7476,1729.79,0,37
6,-50.1284,-24.8482,209.855,193,0,37
6,-49.409,-26.2496,-52.9032,609.933,0,37
6,-48.2116,-28.389,181.45,481.997,0,37
6,-47.976,-28.7853,265.173,466.789,0,37
6,-47.4473,-29.6487,183.339,1138.6,0,37
6,-46.6556,-30.8796,-96.9354,504.485,0,37
6,-45.8283,-32.0946,170.46,3087.26,0,37
6,-43.6662,-34.9793,-83.2619,300.85,0,37
6,-43.584,-35.0817,-39.4749,117.64,0,37
6,-42.2093,-36.7242,184.216,555.414,0,37
6,-40.4776,-38.6246,241.835,272.437,0,37
6,-39.9429,-39.1772,241.54,237.839,0,37
6,-38.1538,-40.9216,-8.58094,537.451,0,37
6,-31.8168,-46.0216,300.155,1207.76,0,37
6,-28.0735,-48.3959,-18.58,22.1387,0,37
6,-25.2265,-49.9391,177.393,604.356,0,37
6,-24.2654,-50.4131,-59.7298,181.337,0,37
6,-23.9146,-50.5804,177.784,3888.6,0,37
6,-22.9972,-51.0041,-59.5778,1491.93,0,37
6,-23.5701,-50.7419,-90.8744,923.148,0,37
6,-22.6981,-51.1379,146.434,312.627,0,37
6,-12.5044,-54.5338,173.236,790.915,0,37
6,-9.55511,-55.127,-86.0134,151.376,0,37
6,-9.20921,-55.1859,56.4112,1559.08,0,37
6,-8.43233,-55.3099,99.3275,269.393,0,37
6,-2.75683,-55.881,166.519,1075.46,0,37
6,3.80757,-55.8193,275.878,161.281,0,37
6,4.45817,-55.7711,26.1038,72.2086,0,37
6,4.78628,-55.7439,25.1342,144.859,0,37
6,6.67224,-55.5497,-75.8021,2581.02,0,37
6,15.0326,-53.8917,234.972,24.314,0,37
6,18.5402,-52.7878,305.78,86.1753,0,37
6,20.8488,-51.9194,73.1362,525.207,0,37
6,21.158,-51.7941,-101.193,561.383,0,37
6,25.8155,-49.6372,184.34,763.41,0,37
6,26.3881,-49.3352,143.21,116.732,0,37
6,30.4972,-46.9064,163.094,575.528,0,37
6,32.4402,-45.5842,-103.27,373.815,0,37
6,33.1095,-45.1004,286.022,316.159,0,37
6,36.6783,-42.2492,161.551,835.345,0,37
6,37.2052,-41.7859,43.654,239.954,0,37
6,37.5636,-41.464,190.452,99.3051,0,37
6,42.1401,-36.8036,65.796,25.1387,0,37
6,45.0996,-33.1107,219.566,1557.16,0,37
6,52.0114,-20.618,-37.683,646.155,0,37
6,52.1587,-20.2425,-96.596,24.1602,0,37
6,52.3416,-19.7649,-96.1421,227.63,0,37
6,52.8316,-18.4149,137.94,531.577,0,37
6,52.9652,-18.0273,-7.74242,361.869,0,37
6,55.1473,-9.4375,-76.9008,565.522,0,37
6,55.3272,-8.31827,-43.1707,369.313,0,37
6,55.3088,-8.43968,44.1745,166.648,0,37
6,55.6635,-5.64495,-42.2207,140.518,0,37
6,55.8484,-3.35397,-65.514,177.812,0,37
6,55.8506,-3.31659,305.78,31.1387,0,37
6,55.9279,-1.53552,-89.2514,555.858,0,37
6,55.9321,1.37571,-48.0983,207.633,0,37
6,55.7596,4.6003,131.585,338.949,0,37
6,55.4585,7.39246,214.574,212.232,0,37
6,55.3945,7.8576,-84.4712,434.94,0,37
6,54.6242,12.1031,-20.2127,740.87,0,37
6,53.5065,16.3506,-5.21264,84.7635,0,37
6,51.7488,21.2687,217.735,236.396,0,37
6,51.5578,21.7275,122.394,56.5587,0,37
6,47.9301,28.8616,-94.709,414.368,0,37
6,47.3458,29.8105,196.316,238.533,0,37
6,46.3545,31.3297,176.006,790.284,0,37
6,43.7656,34.8549,-87.6299,1328.98,0,37
6,38.5614,40.5378,133.095,727.121,0,37
6,37.5049,41.5172,184.721,736.75,0,37
6,36.7364,42.1987,229.907,802.022,0,37
6,36.1919,42.6666,293.003,555.176,0,37
6,32.6626,45.4251,123.982,2074.87,0,37
6,33.3736,44.9054,139.191,266.675,0,37
6,32.7978,45.3277,303.96,294.669,0,37
6,16.3506,53.5065,168.563,147,0,37
6,10.3658,54.9804,-45.4511,5250.96,0,37
6,7.54005,55.4386,109.485,546.359,0,37
6,5.62091,55.6659,123.64,148.261,0,37
6,-3.26579,55.8536,-80.0367,427.817,0,37
6,-5.20069,55.7068,138.53,2590.58,0,37
6,-6.08545,55.6171,133.376,155.432,0,37
6,-6.85285,55.5277,-65.7517,254.674,0,37
6,-8.17457,55.3486,-75.1591,206.367,0,37
6,-10.9303,54.8709,286.311,230.783,0,37
6,-10.8029,54.8962,291.434,259,0,37
6,-13.3238,54.3394,120.632,1704,0,37
6,-16.4993,53.4608,-43.0061,2404.36,0,37
6,-15.5603,53.7417,208.528,2581.93,0,37
6,-16.5784,53.4364,202.241,1852.6,0,37
6,-28.9182,47.896,-45.9003,154.231,0,37
6,-30.2925,47.0388,113.469,265.02,0,37
6,-30.7976,46.7097,112.86,34.0466,0,37
6,-32.7543,45.3591,163.102,588.121,0,37
6,-33.2937,44.9647,163.161,204.988,0,37
6,-34.2241,44.2606,-12.9835,451.882,0,37
6,-36.3995,42.4896,-93.0356,1595.3,0,37
6,-37.9684,41.0937,193.177,470.816,0,37
6,-42.0598,36.8953,-44.6041,280.942,0,37
6,-42.6259,36.2398,32.3823,224.842,0,37
6,-48.5301,27.8409,136.926,141.101,0,37
6,-53.5949,16.0587,64.7332,211.868,0,37
6,-55.4877,7.17005,211.581,166.773,0,37
6,-55.7084,5.1835,101.368,403.798,0,37
6,-55.7228,5.026,135.854,359.189,0,37
6,-55.9354,1.23527,165.186,244.93,0,37
6,-53.7891,-15.3956,-240.029,592.884,1,37
6,-53.492,-16.3982,-126.048,549.561,1,37
6,-53.2164,-17.2715,-264.465,414.446,1,37
6,-52.6543,-18.916,-186.332,274.585,1,37
6,-51.585,-21.6627,-204.883,527.902,1,37
6,-48.0957,-28.5848,-143.185,344.523,1,37
6,-45.9361,-31.94,-68.4487,698.713,1,37
6,-40.283,-38.8275,87.7135,374.217,1,37
6,-37.8875,-41.1683,-168.176,437.236,1,37
6,-35.7584,-43.0306,-43.1433,98.713,1,37
6,-30.0923,-47.1672,-172.929,356.849,1,37
6,-28.8092,-47.9617,-158.762,215.299,1,37
6,-13.0388,-54.4085,-26.9202,129.574,1,37
6,-11.5642,-54.7408,-183.428,145.346,1,37
6,-10.9662,-54.8638,-76.8659,491.339,1,37
6,-7.37258,-55.4611,-10.3856,504.44,1,37
6,-6.17836,-55.6068,-213.652,551.407,1,37
6,-0.34328,-55.9479,-144.852,51.5,1,37
6,2.20632,-55.9055,68.2755,240.068,1,37
6,4.19693,-55.7914,56.2435,152.668,1,37
6,4.42667,-55.7736,-120.4,277.344,1,37
6,5.83856,-55.6435,-143.717,1308.94,1,37
6,6.16866,-55.6079,5.436,69.2513,1,37
6,8.00003,-55.3741,-232.984,87.6558,1,37
6,11.7489,-54.7015,-216.878,939.327,1,37
6,12.9832,-54.4218,-289.859,550.438,1,37
6,34.215,-44.2677,86.0961,607.546,1,37
6,37.318,-41.6852,-110.599,63.2913,1,37
6,40.3502,-38.7576,-150.583,402.877,1,37
6,41.5894,-37.4247,-118.056,466.708,1,37
6,43.067,-35.7145,-211.333,291.74,1,37
6,43.2926,-35.4407,-138.167,200.096,1,37
6,45.4112,-32.682,80.3179,102.379,1,37
6,46.759,-30.7227,-162.163,79.4977,1,37
6,47.5211,-29.5303,-162.945,1522.63,1,37
6,48.2587,-28.3088,-249.921,2775.77,1,37
6,49.6465,-25.7976,58.7582,386.276,1,37
6,49.7586,-25.5806,27.7103,106.843,1,37
6,50.053,-24.9997,-126.246,450.239,1,37
6,53.3071,-16.9897,58.4356,349.803,1,37
6,55.0637,-9.91372,-302.829,564.375,1,37
6,55.1308,-9.5335,-207.602,732.03,1,37
6,55.7894,-4.22327,-159.864,930.451,1,37
6,55.829,-3.66169,-110.493,206.639,1,37
6,55.9199,1.80277,96.4842,718.468,1,37
6,55.1376,9.49383,-93.176,499.283,1,37
6,55.0656,9.90323,-185.905,83.1024,1,37
6,53.2853,17.0578,101.655,181.977,1,37
6,52.8772,18.2836,-298.942,598.003,1,37
6,52.2277,20.0639,-139.806,154.534,1,37
6,51.3294,22.2617,41.5992,290.362,1,37
6,51.009,22.9863,-215.523,209.47,1,37
6,48.6785,27.5807,-22.3502,148.087,1,37
6,47.3106,29.8663,-186.495,262.615,1,37
6,46.603,30.9588,97.4829,352.063,1,37
6,44.8279,33.4776,-45.3975,343.966,1,37
6,44.6144,33.7615,27.5727,278.276,1,37
6,40.6316,38.4625,81.1896,1522.86,1,37
6,40.3773,38.7293,58.2635,3180.81,1,37
6,40.4419,38.6619,49.9587,786,1,37
6,18.5251,52.7931,-290.301,46.1752,1,37
6,11.8114,54.688,-294.568,631.516,1,37
6,7.18933,55.4852,-208.422,107.437,1,37
6,5.74535,55.6532,85.2774,199.846,1,37
6,2.96541,55.8704,-29.1044,80.3989,1,37
6,2.09788,55.9097,-29.5476,211.926,1,37
6,-2.99865,55.8686,-170.759,138.86,1,37
6,-8.96437,55.2262,-141.643,348.634,1,37
6,-9.5854,55.1218,-233.764,2833.52,1,37
6,-10.1026,55.0293,-214.252,1077.66,1,37
6,-19.2266,52.5417,77.7978,342.418,1,37
6,-19.8151,52.3226,78.364,52.2219,1,37
6,-20.1579,52.1915,-128.934,361.493,1,37
6,-21.0883,51.8225,26.7894,229.561,1,37
6,-21.3061,51.7334,-175.452,207.108,1,37
6,-24.0152,50.5328,-266.109,761.806,1,37
6,-28.0816,48.3913,-119.106,374.805,1,37
6,-29.1448,47.7585,42.5475,178.486,1,37
6,-34.0975,44.3582,-4.67491,371.375,1,37
6,-34.8093,43.8018,-153.175,555.95,1,37
6,-37.5612,41.4662,-159.394,327.84,1,37
6,-40.3647,38.7425,-75.701,234.874,1,37
6,-42.051,36.9053,-16.0204,444.775,1,37
6,-47.2299,29.9938,-269.402,314.274,1,37
6,-47.5318,29.5131,-37.0147,573.696,1,37
6,-48.2807,28.2713,-175.451,68.3867,1,37
6,-50.0264,25.053,-53.4989,376,1,37
6,-53.3128,16.9716,-202.007,1299.02,1,37
6,-55.942,0.88529,77.5332,341.056,1,37
6,-55.9469,0.488215,-162.376,101.621,1,37
6,-55.9473,0.430735,-271.84,1129.46,1,37
6,-55.9942,-10.5005,137.543,426.358,0,38
6,-54.1396,-17.7346,66.9784,494.933,0,38
6,-53.5297,-19.4983,285.741,337.172,0,38
6,-53.1218,-20.5836,-91.3408,1345.01,0,38
6,-52.3517,-22.4703,181.327,216.701,0,38
6,-52.0355,-23.1932,-9.676,41.1681,0,38
6,-51.316,-24.7444,-53.0775,2572.94,0,38
6,-51.185,-25.0142,204.722,488.602,0,38
6,-50.8811,-25.6267,-28.6481,510.268,0,38
6,-49.7152,-27.8212,-71.6875,1513.71,0,38
6,-49.0461,-28.9845,-71.2377,477.797,0,38
6,-49.0438,-28.9882,180.326,184.192,0,38
6,-48.9102,-29.2131,183.117,426.454,0,38
6,-48.4142,-30.0279,-70.9068,218.248,0,38
6,-47.7804,-31.0266,169.821,11131.9,0,38
6,-48.2435,-30.3015,264.4,688.348,0,38
6,-47.7914,-31.0096,-97.9799,1122.32,0,38
6,-45.0906,-34.8203,-39.5044,663.229,0,38
6,-44.6964,-35.3249,-84.3,34.0555,0,38
6,-41.0187,-39.5358,239.645,85.2639,0,38
6,-38.6816,-41.8252,-10.8801,843.83,0,38
6,-31.9718,-47.1532,298.149,1857.11,0,38
6,-28.3333,-49.4251,-20.0779,448.435,0,38
6,-26.1586,-50.6097,-60.5422,2532.62,0,38
6,-23.7383,-51.7891,-92.3943,506.598,0,38
6,-22.7738,-52.2204,178.262,4828.06,0,38
6,-23.4905,-51.902,144.477,618.377,0,38
6,-14.007,-55.2216,173.015,516.718,0,38
6,-10.3669,-56.0191,119.221,303.723,0,38
6,-10.084,-56.0707,-86.6183,51.4111,0,38
6,-9.55235,-56.1638,55.7613,1807.49,0,38
6,-9.49685,-56.1732,147.264,149.587,0,38
6,-8.70488,-56.3013,98.4387,98.9724,0,38
6,-2.59961,-56.911,164.779,678.263,0,38
6,3.60977,-56.8558,275.434,67.0383,0,38
6,5.63757,-56.6907,23.7036,1648.7,0,38
6,8.53296,-56.3276,-76.8866,831.225,0,38
6,8.55583,-56.3242,-105.186,349.81,0,38
6,15.4818,-54.8263,233.086,669.917,0,38
6,19.3078,-53.5987,304.844,281.225,0,38
6,20.0004,-53.3442,303.478,179.556,0,38
6,21.4887,-52.7622,71.4231,481.513,0,38
6,21.9092,-52.589,-102.498,125.957,0,38
6,26.6544,-50.3503,183.813,349.816,0,38
6,26.98,-50.1766,142.448,229.301,0,38
6,31.2827,-47.6131,161.503,633.941,0,38
6,33.4969,-46.0823,-103.782,250.841,0,38
6,33.8487,-45.8244,284.229,594.151,0,38
6,37.0534,-43.2742,159.914,582.924,0,38
6,37.8264,-42.6002,43.2874,467.562,0,38
6,38.3956,-42.0879,189.949,123.456,0,38
6,43.0648,-37.2966,65.2518,368.314,0,38
6,45.7784,-33.9109,218.386,1823.09,0,38
6,52.9521,-21.0165,-98.0241,1230.29,0,38
6,53.8181,-18.6877,82.6848,276.851,0,38
6,53.8633,-18.5569,-7.82569,379.543,0,38
6,56.2282,-9.1652,-77.94,26.5936,0,38
6,56.2785,-8.85103,-78.788,60.1958,0,38
6,56.2852,-8.80831,-43.3567,179.16,0,38
6,56.2653,-8.93512,43.748,24.2954,0,38
6,56.6767,-5.77656,-42.4196,106.541,0,38
6,56.8847,-3.12184,-66.0556,347.38,0,38
6,56.9102,-2.61644,-90.7225,5355.26,0,38
6,56.8958,-2.91186,305.705,209.971,0,38
6,56.9073,-2.67899,-81.517,910,0,38
6,56.9462,1.65682,-49.1447,381.816,0,38
6,56.7245,5.28662,130.495,152.272,0,38
6,56.4235,7.87407,214.15,289.412,0,38
6,55.7898,11.5374,-20.3654,777.016,0,38
6,55.6108,12.3714,291.937,587.342,0,38
6,55.4782,12.953,290.532,120.103,0,38
6,54.5521,16.422,-6.33882,413.386,0,38
6,54.018,18.1016,105.069,718.542,0,38
6,52.3375,22.5034,121.545,530.972,0,38
6,48.7447,29.4885,-95.9806,669.26,0,38
6,48.5825,29.7549,196.234,162.106,0,38
6,46.0562,33.5327,176.695,962.164,0,38
6,44.4796,35.5974,-88.5862,1021.65,0,38
6,40.6939,39.87,105.383,269.586,0,38
6,39.1424,41.3943,131.58,1717.68,0,38
6,38.045,42.4051,228.414,632.926,0,38
6,38.0317,42.417,183.82,218.82,0,38
6,36.372,43.8485,291.716,613.464,0,38
6,34.817,45.0931,-82.4547,7383.13,0,38
6,34.6057,45.2555,138.63,519.188,0,38
6,34.7737,45.1266,-75.1591,884,0,38
6,33.7804,45.8748,303.732,146.341,0,38
6,30.8482,47.8958,125.103,2601.36,0,38
6,16.0073,54.6752,164.673,1076.73,0,38
6,15.307,54.8754,164.588,27.9861,0,38
6,8.33589,56.3571,273.182,178.386,0,38
6,7.97436,56.4094,107.839,543.362,0,38
6,5.3323,56.7202,122.198,276.635,0,38
6,-0.926056,56.9628,-44.4809,1446.91,0,38
6,-2.37704,56.9207,137.51,2144.79,0,38
6,-2.95835,56.8934,-80.7538,442.666,0,38
6,-2.67903,56.9073,-44.2271,61.4913,0,38
6,-7.50742,56.4735,-43.8784,10603,0,38
6,-5.94308,56.6595,132.866,360.261,0,38
6,-6.85813,56.556,-66.3276,68.713,0,38
6,-8.78193,56.2894,-75.7933,1029.82,0,38
6,-13.3228,55.3906,119.535,211.752,0,38
6,-14.2994,55.1466,224.952,139.664,0,38
6,-15.5852,54.797,201.688,540.124,0,38
6,-16.3797,54.5648,207.942,788.222,0,38
6,-29.0002,49.0368,-46.3474,399.018,0,38
6,-31.4497,47.503,112.007,1563.54,0,38
6,-35.6315,44.4524,-13.2081,1729.89,0,38
6,-36.9061,43.4,-94.1053,1257.38,0,38
6,-38.6886,41.8187,193.126,169.04,0,38
6,-43.5826,36.6903,-44.5397,735.333,0,38
6,-43.5714,36.7035,31.334,435.239,0,38
6,-47.9046,30.8344,100.383,522.083,0,38
6,-49.0258,29.0188,136.63,210.42,0,38
6,-49.2794,28.586,136.765,84.0666,0,38
6,-54.4428,16.7809,63.179,258.715,0,38
6,-54.8464,15.4107,-56.3818,163.261,0,38
6,-56.367,8.26924,211.08,535.917,0,38
6,-56.7066,5.47506,99.8402,1425.96,0,38
6,-56.7171,5.36488,135.519,388.61,0,38
6,-56.9554,1.30337,164.651,322.459,0,38
6,-54.8304,-15.4675,-238.92,2099.61,1,38
6,-54.4958,-16.6081,-125.383,402.222,1,38
6,-54.0661,-17.9576,-263.531,370.852,1,38
6,-53.6792,-19.083,-185.351,190.497,1,38
6,-52.6738,-21.7045,-204.535,820.624,1,38
6,-48.9369,-29.1683,-142.956,208.711,1,38
6,-46.9707,-32.2392,-66.7537,985.651,1,38
6,-43.4678,-36.8262,1.70395,3204.02,1,38
6,-41.1396,-39.41,87.6808,219.261,1,38
6,-38.5445,-41.9516,-167.232,491.547,1,38
6,-36.639,-43.6256,-41.8038,564.047,1,38
6,-30.7057,-47.9873,-172.799,221.307,1,38
6,-29.1034,-48.9756,-102.816,892.987,1,38
6,-28.9474,-49.0679,-158.179,278.029,1,38
6,-14.0593,-55.2082,-26.1424,177.788,1,38
6,-12.1491,-55.6598,-183.233,334.825,1,38
6,-10.5473,-55.9854,-74.4233,613.906,1,38
6,-7.15149,-56.5197,-9.22895,872.961,1,38
6,-5.96454,-56.6572,-213.348,85.0971,1,38
6,-0.116502,-56.9702,-142.79,361.038,1,38
6,2.06302,-56.9329,69.501,493.77,1,38
6,4.17265,-56.8173,-119.565,511.275,1,38
6,5.86901,-56.6672,6.17653,795.497,1,38
6,5.54282,-56.7,-143.087,137.033,1,38
6,8.74182,-56.2956,-231.9,188.145,1,38
6,13.0501,-55.4555,-287.685,465.341,1,38
6,34.7737,-45.1265,87.0388,106.758,1,38
6,38.4116,-42.0733,-109.498,437.835,1,38
6,39.8327,-40.7304,-193.725,589.989,1,38
6,41.3608,-39.1778,-150.082,159.938,1,38
6,42.6233,-37.8004,-116.645,1028.48,1,38
6,43.6835,-36.57,-137.835,447.525,1,38
6,43.6502,-36.6098,-209.46,346.564,1,38
6,46.3442,-33.1336,81.5491,344.992,1,38
6,49.3818,-28.4086,-164.297,1053.39,1,38
6,49.529,-28.1513,-248.982,3286.87,1,38
6,50.7236,-25.9371,59.3118,401.632,1,38
6,50.6445,-26.0911,-125.729,142.087,1,38
6,50.9395,-25.5103,27.7275,57.5882,1,38
6,54.2748,-17.3164,58.7397,106.24,1,38
6,56.0484,-10.2072,-207.005,171.54,1,38
6,56.1176,-9.81985,-302.363,192.482,1,38
6,56.8634,-3.48854,-108.831,185.309,1,38
6,56.8694,-3.3893,-159.274,150.31,1,38
6,56.944,1.73129,98.0222,893.897,1,38
6,56.3066,8.67091,-190.599,3110.46,1,38
6,56.1346,9.72224,-92.1993,390.146,1,38
6,56.1005,9.91736,-185.617,373.125,1,38
6,54.3303,17.1414,102.646,434.822,1,38
6,53.9205,18.39,-297.574,984.707,1,38
6,53.0778,20.6968,-138.635,196.694,1,38
6,52.1299,22.9802,42.324,23.1354,1,38
6,51.964,23.3529,-214.331,564.008,1,38
6,51.9402,23.4059,42.748,21.0555,1,38
6,49.6762,27.8907,-21.3917,426.595,1,38
6,47.9425,30.7755,-185.29,1584.7,1,38
6,47.5366,31.3989,98.6431,821.498,1,38
6,45.7801,33.9087,-44.2906,1186.18,1,38
6,45.6254,34.1165,28.1916,353.711,1,38
6,41.8934,38.6077,82.8726,8251.66,1,38
6,41.2469,39.2977,58.5699,5120.22,1,38
6,40.6721,39.8923,-299.221,289.803,1,38
6,36.0124,44.1443,92.6593,1317.01,1,38
6,34.6196,45.2448,-156.539,820.282,1,38
6,33.8928,45.7919,-287.624,1316.65,1,38
6,19.2513,53.6191,-134.091,386.191,1,38
6,18.3891,53.9208,-287.94,2646.7,1,38
6,12.1852,55.6519,-294.106,328.026,1,38
6,7.64255,56.4553,-207.579,761.854,1,38
6,5.7,56.6844,85.015,89.0026,1,38
6,4.76492,56.7707,-26.5589,268.654,1,38
6,4.39438,56.8006,-27.5285,122.442,1,38
6,3.58324,56.8575,-28.1199,515.187,1,38
6,-3.29239,56.8751,-170.357,393.588,1,38
6,-8.59498,56.3182,-231.605,1736.85,1,38
6,-8.93515,56.2652,-141.27,215.852,1,38
6,-9.85455,56.1115,-212.509,258.535,1,38
6,-21.0492,52.9391,79.9152,934.346,1,38
6,-20.6696,53.0884,-127.637,901.277,1,38
6,-21.3244,52.8288,-175.401,273.017,1,38
6,-22.0985,52.5097,26.29,1113.11,1,38
6,-24.7873,51.2953,-265.471,401.949,1,38
6,-27.8841,49.6799,-118.26,1652.49,1,38
6,-29.7492,48.586,42.5867,347.426,1,38
6,-34.8445,45.0719,-2.71059,339.39,1,38
6,-35.3249,44.6964,-152.667,158.588,1,38
6,-37.9897,42.4546,-158.456,609.767,1,38
6,-40.8729,39.6865,-74.1109,1327.93,1,38
6,-42.9865,37.3869,-14.1058,284.49,1,38
6,-47.8832,30.8678,-268.801,102.671,1,38
6,-48.3681,30.1021,-36.5202,367.361,1,38
6,-49.2177,28.692,-175.049,152.72,1,38
6,-51.079,25.2299,-47.5659,303.681,1,38
6,-54.2088,17.5221,-199.592,1428.6,1,38
6,-55.5367,12.7001,62.2952,285.67,1,38
6,-56.9516,1.45912,79.2603,93.8915,1,38
6,-56.9667,0.639566,-162.157,143.343,1,38
6,-56.9664,0.667637,-269.347,483.658,1,38
6,-58.0092,-10.3109,137.015,249.928,0,39
6,-56.7194,-15.9464,144.66,22.0416,0,39
6,-56.6316,-16.2556,144.848,50.4405,0,39
6,-55.8139,-18.8729,66.2315,474.485,0,39
6,-55.5419,-19.6591,284.43,1457.85,0,39
6,-54.7004,-21.8916,-53.3575,307.015,0,39
6,-53.1414,-25.4434,203.344,87.691,0,39
6,-51.5947,-28.4494,182.719,1221.96,0,39
6,-51.0623,-29.3942,169.013,3954.52,0,39
6,-51.1449,-29.2502,182.82,37.4721,0,39
6,-50.5415,-30.2809,178.299,380.289,0,39
6,-49.8893,-31.3439,-99.8782,601.904,0,39
6,-48.7646,-33.0665,-69.7606,74.8655,0,39
6,-47.865,-34.3558,-69.4813,1492.02,0,39
6,-48.3638,-33.65,-39.7049,123.092,0,39
6,-47.8359,-34.3962,-39.6551,632.012,0,39
6,-46.2462,-36.5058,-68.6136,2160.84,0,39
6,-46.6762,-35.9543,-85.5395,628.996,0,39
6,-44.9885,-38.0449,182.322,433.668,0,39
6,-43.5248,-39.7111,-67.1255,812.568,0,39
6,-42.8752,-40.4116,-67.1149,234.552,0,39
6,-41.3766,-41.9447,238.959,124.287,0,39
6,-39.7305,-43.507,-14.1172,1052.71,0,39
6,-37.1562,-45.7252,-64.3663,2874.11,0,39
6,-35.4195,-47.0833,-63.948,29.0277,0,39
6,-34.9112,-47.4614,-63.3659,308.257,0,39
6,-34.441,-47.8037,-63.2857,73.3989,0,39
6,-33.9913,-48.1245,-63.1,48.2791,0,39
6,-32.5897,-49.0845,-62.5348,906.858,0,39
6,-32.2642,-49.2991,302.563,655,0,39
6,-31.7973,-49.6015,-62.3151,1110.87,0,39
6,-29.1512,-51.2014,-22.6931,1371.61,0,39
6,-24.9188,-53.3894,141.202,1212.12,0,39
6,-24.5354,-53.5667,142.116,22.0075,0,39
6,-24.0359,-53.7927,-95.1022,246.951,0,39
6,-20.7765,-55.1336,179.107,3999.83,0,39
6,-16.4859,-56.5649,172.644,63.1387,0,39
6,-16.1011,-56.6757,172.857,68.602,0,39
6,-15.6368,-56.8055,172.857,54.4267,0,39
6,-11.2119,-57.8418,118.517,317.225,0,39
6,-11.0312,-57.8765,-87.6658,308.393,0,39
6,-10.4142,-57.9907,54.3803,2714.75,0,39
6,-10.2093,-58.0271,146.738,332.882,0,39
6,-9.40532,-58.1629,96.3187,1407.04,0,39
6,-2.30108,-58.8734,21.0694,526.042,0,39
6,-2.39566,-58.8697,162.225,1102.95,0,39
6,3.03106,-58.8404,273.354,642.491,0,39
6,7.21463,-58.475,21.276,43.6218,0,39
6,7.64652,-58.4201,20.3505,493.243,0,39
6,8.2476,-58.3383,19.3434,48.5049,0,39
6,12.0278,-57.6776,-78.8037,1812.26,0,39
6,16.4637,-56.5714,230.249,448.885,0,39
6,21.4358,-54.8806,301.533,563.516,0,39
6,22.8128,-54.3227,68.1485,633.753,0,39
6,23.5088,-54.0251,-104.679,273.324,0,39
6,26.3277,-52.7089,206.421,692.037,0,39
6,28.2795,-51.688,183.157,102.698,0,39
6,32.6558,-49.0406,159.177,444.601,0,39
6,35.2909,-47.1797,-104.652,43.1942,0,39
6,37.829,-45.1702,157.602,1249.71,0,39
6,38.9653,-44.1937,42.476,61.3127,0,39
6,40.0501,-43.2131,189.027,311.849,0,39
6,44.9385,-38.1039,64.4598,657.893,0,39
6,46.6942,-35.9309,218.012,38.0433,0,39
6,47.0246,-35.4973,218.175,223.416,0,39
6,47.9361,-34.2564,215.662,378.102,0,39
6,52.9065,-25.9284,148.939,343.366,0,39
6,54.0253,-23.5084,-101.448,142.732,0,39
6,54.2015,-23.0991,-100.75,196.372,0,39
6,54.3569,-22.7311,-99.9232,148.221,0,39
6,54.8876,-21.4179,-37.8319,552.051,0,39
6,55.0213,-21.0722,132.288,1211.42,0,39
6,55.1916,-20.622,133.659,130.697,0,39
6,56.1706,-17.7832,81.6995,297.824,0,39
6,56.3599,-17.1739,81.484,72.3834,0,39
6,58.0581,-10.0314,42.0836,298.643,0,39
6,58.0921,-9.83295,-43.5211,141.22,0,39
6,58.2661,-8.743,-80.4716,285.27,0,39
6,58.3156,-8.40664,-80.908,54.1509,0,39
6,58.5881,-6.23037,-42.6083,409.398,0,39
6,58.793,-3.84274,-92.3648,2579.17,0,39
6,58.8434,-2.97122,-66.916,22.0416,0,39
6,58.8622,-2.57356,-67.1646,204.977,0,39
6,58.8809,-2.10194,305.78,53.319,0,39
6,58.8799,2.12863,-50.5276,269.516,0,39
6,58.5808,6.29862,128.944,1560.42,0,39
6,58.4184,7.65948,-85.8942,154.568,0,39
6,58.2684,8.72745,213.069,1992.88,0,39
6,57.2394,13.9651,288.638,1622.51,0,39
6,56.6839,16.072,-9.61531,1878.4,0,39
6,55.6939,19.2241,102.84,375.019,0,39
6,54.6976,21.8987,217.574,240.034,0,39
6,50.8835,29.7026,195.875,426.873,0,39
6,50.2221,30.8078,-98.0712,1254.45,0,39
6,46.003,36.8117,177.644,1612.21,0,39
6,45.8141,37.0465,-90.2304,349.381,0,39
6,45.1857,37.8105,177.732,46.1248,0,39
6,40.4676,42.8223,225.686,672.655,0,39
6,40.2327,43.0431,129.184,861.505,0,39
6,39.0384,44.1291,182.745,452.08,0,39
6,36.9543,45.8885,137.819,1360.73,0,39
6,36.8177,45.9982,-84.8876,5831.28,0,39
6,36.7841,46.0251,288.944,993.345,0,39
6,35.6646,46.8979,303.071,1165.57,0,39
6,28.2686,51.6939,126.852,22.9861,0,39
6,27.0111,52.362,127.159,911.557,0,39
6,24.4321,53.6139,128.228,2481.14,0,39
6,8.70265,58.2721,105.71,332.569,0,39
6,7.36531,58.4562,134.468,492.178,0,39
6,6.61986,58.5453,134.797,99.6531,0,39
6,5.87764,58.6245,134.812,299.495,0,39
6,4.65983,58.7338,135.249,1379.88,0,39
6,4.95563,58.7096,119.991,769.379,0,39
6,3.15439,58.8339,135.703,765.822,0,39
6,2.16861,58.8785,135.962,58.4161,0,39
6,-2.76553,58.8535,-81.5905,2029.23,0,39
6,-5.52076,58.6592,132.269,418.241,0,39
6,-6.40814,58.5689,-67.1298,192.554,0,39
6,-9.52849,58.1428,-76.9196,658.667,0,39
6,-12.9147,57.4855,117.136,694.35,0,39
6,-14.1948,57.1829,200.757,93.6453,0,39
6,-14.1543,57.193,224.635,175.983,0,39
6,-18.0325,56.0911,207.177,1532.85,0,39
6,-28.6906,51.4609,-47.412,24.1387,0,39
6,-29.1632,51.1946,-47.135,178.964,0,39
6,-33.8309,48.2374,107.728,1102.71,0,39
6,-36.6084,46.1649,163.858,413.279,0,39
6,-37.8062,45.1893,-96.0319,570.416,0,39
6,-38.8753,44.2729,-13.7239,680.894,0,39
6,-40.0999,43.1668,192.996,45.2896,0,39
6,-45.3111,37.66,29.7887,722.056,0,39
6,-46.792,35.8035,-44.3062,66.8589,0,39
6,-49.8204,31.4533,98.444,26.0555,0,39
6,-49.9912,31.1811,98.868,45.1925,0,39
6,-50.4947,30.359,136.474,68.2944,0,39
6,-54.2102,23.0787,-83.3298,250.716,0,39
6,-55.1447,20.747,-93.4158,7196.8,0,39
6,-56.222,17.62,60.7367,1006.66,0,39
6,-57.7388,11.7307,-55.892,23.8209,0,39
6,-57.8108,11.3705,-56.0287,75.8594,0,39
6,-57.9923,10.4054,-56.1271,1395,0,39
6,-57.923,10.7844,210.187,61.3884,0,39
6,-58.0088,10.3127,210.208,241.375,0,39
6,-58.1045,9.75925,210.38,50.2432,0,39
6,-58.2467,8.87112,-55.8501,943.071,0,39
6,-58.4038,7.77004,-55.892,24.0571,0,39
6,-58.5786,6.31834,135.057,595.704,0,39
6,-58.5855,6.25405,96.9264,1445.81,0,39
6,-58.8969,1.59122,163.603,200.98,0,39
6,-56.6304,-16.2595,-185.509,155.304,1,39
6,-56.443,-16.8987,-124.197,1208.31,1,39
6,-55.7355,-19.1031,-262.621,349.301,1,39
6,-55.6583,-19.327,-183.896,1247.35,1,39
6,-54.6153,-22.1031,-204.032,376.361,1,39
6,-50.4946,-30.359,-142.318,53.4405,1,39
6,-49.0005,-32.7158,-63.7939,749.449,1,39
6,-43.5471,-39.6867,5.18018,429.892,1,39
6,-43.0813,-40.1918,5.76288,383.813,1,39
6,-42.8209,-40.4691,87.5112,156.94,1,39
6,-42.5043,-40.8015,7.18592,1174.16,1,39
6,-39.7994,-43.444,-165.864,256.438,1,39
6,-38.325,-44.7501,-39.7925,695.399,1,39
6,-32.0611,-49.4314,-172.644,53.2358,1,39
6,-31.5633,-49.7507,-98.8455,866.514,1,39
6,-31.2345,-49.9578,-99.656,216.817,1,39
6,-30.879,-50.1783,-100.414,568.473,1,39
6,-26.5524,-52.5961,62.8124,326.587,1,39
6,-22.4728,-54.4642,-305.78,24.0416,1,39
6,-6.8134,-58.5231,-7.32105,302.505,1,39
6,1.86812,-58.8888,71.0072,740.139,1,39
6,3.84005,-58.7931,-118.311,318.58,1,39
6,4.33421,-58.7588,7.92421,349.23,1,39
6,5.17882,-58.6904,-142.11,290.53,1,39
6,10.0238,-58.0595,-229.857,818.03,1,39
6,13.3599,-57.3837,-216.662,119.525,1,39
6,13.3671,-57.382,-285.032,456.832,1,39
6,35.7655,-46.821,88.2415,84.6053,1,39
6,40.4719,-42.8182,-107.981,209.157,1,39
6,40.9134,-42.3966,-193.327,109.65,1,39
6,43.0179,-40.2597,-149.115,160.438,1,39
6,44.3957,-38.7349,-114.306,617.767,1,39
6,44.561,-38.5447,-137.452,22.1327,1,39
6,44.8338,-38.227,-137.551,96.8328,1,39
6,44.8904,-38.1605,-207.678,737.668,1,39
6,48.0569,-34.0869,83.2066,1008.35,1,39
6,51.9478,-27.7994,-247.129,1882.45,1,39
6,51.9426,-27.809,-124.395,428.128,1,39
6,52.7953,-26.1541,-166.774,2291.61,1,39
6,53.4298,-24.832,-167.714,164.841,1,39
6,53.6957,-24.2519,-168.254,277.907,1,39
6,53.8963,-23.8027,-167.98,20.0416,1,39
6,58.1183,-9.67679,-301.358,51.3312,1,39
6,58.1702,-9.35966,-301.54,31.0017,1,39
6,58.8251,-3.31501,-106.179,437.829,1,39
6,58.872,-2.33909,-158.069,312.765,1,39
6,58.8999,1.47595,100.115,914.747,1,39
6,58.6932,5.14678,-188.115,219.131,1,39
6,58.6079,6.04061,-188.667,699.033,1,39
6,58.0403,10.1342,-185.517,1958.99,1,39
6,58.0292,10.1977,-89.951,2055.49,1,39
6,56.6941,16.0362,-265.474,1160.16,1,39
6,56.249,17.5335,103.684,380.447,1,39
6,55.8938,18.635,-295.434,1970.8,1,39
6,53.9362,23.7121,-211.71,165.503,1,39
6,53.6181,24.4228,43.3766,214.893,1,39
6,51.5336,28.5598,-19.8533,208.259,1,39
6,49.3873,32.129,101.501,484.698,1,39
6,49.269,32.3101,-183.986,123.649,1,39
6,47.5122,34.842,-43.1189,487.714,1,39
6,47.3504,35.0616,28.817,480.435,1,39
6,43.9187,39.275,84.5154,994.993,1,39
6,42.9152,40.369,59.173,5127.25,1,39
6,42.4563,40.8514,-296.854,1075.05,1,39
6,36.6395,46.1402,94.9579,177.266,1,39
6,36.3913,46.3363,95.748,70.1942,1,39
6,35.3547,47.1319,-156.411,453.374,1,39
6,34.855,47.5027,-286.785,1213.27,1,39
6,31.4792,49.804,-305.369,1090.61,1,39
6,30.9764,50.1183,-156.349,152.974,1,39
6,30.6086,50.3437,-141.958,196.578,1,39
6,20.5505,55.2183,-133.347,1284.17,1,39
6,18.4896,55.9421,-284.626,921.493,1,39
6,13.1058,57.4423,-293.221,122.964,1,39
6,8.98954,58.2286,-22.5462,436.735,1,39
6,8.5785,58.2905,-206.171,317.842,1,39
6,8.1277,58.3551,-23.0485,270.057,1,39
6,7.55851,58.4316,-23.82,52.2896,1,39
6,7.10236,58.4888,-24.6314,268.681,1,39
6,-3.83842,58.7932,-169.045,675.591,1,39
6,-7.64321,58.4205,-229.325,2114.91,1,39
6,-8.74358,58.266,-140.743,448.776,1,39
6,-9.3386,58.1736,-210.439,411.672,1,39
6,-21.379,54.9028,-175.311,2905.84,1,39
6,-21.5422,54.839,-125.531,424.403,1,39
6,-24.0656,53.7794,83.1743,173.942,1,39
6,-26.2749,52.7353,-264.228,31.182,1,39
6,-27.549,52.081,-116.76,314.276,1,39
6,-30.8061,50.2231,42.6398,133.054,1,39
6,-36.1811,46.5006,-151.22,475.116,1,39
6,-36.2209,46.4696,0.278506,426.004,1,39
6,-38.8813,44.2676,-156.952,231.586,1,39
6,-39.1487,44.0313,-157.498,90.4603,1,39
6,-42.06,41.2593,-71.68,1620.16,1,39
6,-44.5162,38.5965,-12.2348,624.023,1,39
6,-49.2268,32.3744,-268.103,669.107,1,39
6,-49.925,31.287,-35.5748,126.799,1,39
6,-51.0403,29.4324,-174.68,268.235,1,39
6,-53.3126,25.0828,-46.7993,504.727,1,39
6,-55.9404,18.4946,-197.028,1355.69,1,39
6,-57.456,13.0457,62.9309,280.064,1,39
6,-58.8658,2.48971,81.4964,77.4881,1,39
6,-58.8842,2.00804,80.908,29.3126,1,39
6,-58.9118,0.88367,-161.438,116.746,1,39
6,-58.9118,0.883677,-265.5,22.0971,1,39
6,-58.9118,0.883675,-267.037,405.247,1,39
6,-59.1731,-10.0184,136.8,48.4393,0,40
6,-58.3532,-14.0262,144.426,179.556,0,40
6,-57.2048,-18.1505,-53.7166,1813.61,0,40
6,-56.664,-19.7743,65.3467,1117.34,0,40
6,-56.7017,-19.6658,283.537,213.566,0,40
6,-55.4527,-22.9526,-28.0054,527.928,0,40
6,-55.4154,-23.0424,180.784,317.433,0,40
6,-54.288,-25.5858,202.297,323.662,0,40
6,-54.1477,-25.8815,202.748,27.177,0,40
6,-53.0525,-28.058,168.342,4536.24,0,40
6,-53.1568,-27.86,182.494,1188.85,0,40
6,-51.3412,-31.079,177.237,862.491,0,40
6,-50.9779,-31.6714,-100.791,395.743,0,40
6,-50.0964,-33.048,-39.8349,192.955,0,40
6,-49.726,-33.6029,-39.7889,376.18,0,40
6,-49.6061,-33.7796,262.455,705.385,0,40
6,-49.4879,-33.9525,-39.78,31.111,0,40
6,-46.2362,-38.2627,181.365,60.3867,0,40
6,-43.5222,-41.3236,-66.492,24.253,0,40
6,-43.2962,-41.5604,-66.916,28.0277,0,40
6,-42.999,-41.8678,-66.492,57.2219,0,40
6,-42.9547,-41.9132,236.012,70.0243,0,40
6,-42.1468,-42.7255,-66.2479,82.4855,0,40
6,-42.1468,-42.7255,237.94,31.07,0,40
6,-41.5157,-43.3391,-65.9689,914.538,0,40
6,-41.8456,-43.0205,237.983,844.498,0,40
6,-40.2011,-44.5612,-65.3226,611.63,0,40
6,-40.2831,-44.487,-16.2178,654.546,0,40
6,-32.5192,-50.4413,293.484,4755.36,0,40
6,-32.5905,-50.3953,298.888,224,0,40
6,-29.4255,-52.3065,-24.9455,682.5,0,40
6,-25.824,-54.1752,139.428,559.325,0,40
6,-24.2191,-54.9114,-96.7374,786.673,0,40
6,-19.3552,-56.8084,179.711,2918.66,0,40
6,-17.8126,-57.3109,172.644,23.0832,0,40
6,-17.3505,-57.4525,172.582,301.14,0,40
6,-12.058,-58.7914,117.554,1180.86,0,40
6,-11.6099,-58.8815,-88.6443,275.797,0,40
6,-11.0324,-58.9925,53.3495,1303.21,0,40
6,-10.7242,-59.0493,146.525,226.776,0,40
6,-9.69545,-59.2269,95.092,117.427,0,40
6,-2.3307,-59.9699,160.773,678.381,0,40
6,-1.85349,-59.9866,19.9374,221.501,0,40
6,8.71821,-59.3786,18.3789,314.792,0,40
6,9.1354,-59.3158,17.4906,177.297,0,40
6,13.867,-58.3912,-79.9065,73.7301,0,40
6,14.6619,-58.1967,-80.2496,60.3975,0,40
6,16.175,-57.7944,-81.1792,741.963,0,40
6,17.1292,-57.5188,229.036,72.042,0,40
6,17.1864,-57.5017,227.915,121.525,0,40
6,23.0212,-55.4242,298.987,1041.56,0,40
6,23.6203,-55.1716,66.3015,504.052,0,40
6,27.0149,-53.5912,204.823,242.862,0,40
6,28.9239,-52.5854,139.727,361.916,0,40
6,29.2288,-52.4166,182.872,268.736,0,40
6,33.3914,-49.8682,158.016,508.092,0,40
6,33.2746,-49.9462,159.5,4.15281,0,40
6,35.9541,-48.0534,280.281,479.509,0,40
6,36.5468,-47.6042,-105.149,540.898,0,40
6,38.1365,-46.3404,155.499,50.3086,0,40
6,38.3886,-46.1317,156.292,113.461,0,40
6,39.5767,-45.1166,42.052,62.1697,0,40
6,41.1279,-43.7072,188.214,107.765,0,40
6,45.9541,-38.6011,63.9888,91.5515,0,40
6,48.91,-34.7798,214.359,151.732,0,40
6,53.6028,-26.9918,148.825,242.995,0,40
6,54.7094,-24.672,-102.904,1260.61,0,40
6,55.908,-21.8201,130.871,442.944,0,40
6,55.9538,-21.7024,-37.9378,142.167,0,40
6,56.3104,-20.7597,-7.99248,219.47,0,40
6,59.0417,-10.7659,41.3557,691.773,0,40
6,59.4117,-8.48938,-81.7823,120.016,0,40
6,59.6735,-6.39475,-42.7161,487.898,0,40
6,59.805,-5.01915,-93.8661,2801.98,0,40
6,59.9667,-2.41178,-67.5431,232.137,0,40
6,60.0028,-1.21923,305.641,668.282,0,40
6,59.9683,2.37255,-51.2036,232.97,0,40
6,59.5479,7.47478,-86.7647,790.766,0,40
6,59.2647,9.46175,212.264,176.496,0,40
6,59.237,9.63341,-20.8575,266.741,0,40
6,59.1201,10.3266,-20.7714,424.271,0,40
6,58.1871,14.6999,286.953,423.917,0,40
6,58.0748,15.1375,286.541,82.4101,0,40
6,57.7865,16.2031,-10.8631,288.21,0,40
6,56.6244,19.8871,101.732,97.8924,0,40
6,56.5345,20.1415,100.988,27.137,0,40
6,55.785,22.1327,217.588,71.6486,0,40
6,52.2587,29.5102,195.407,73.319,0,40
6,46.4822,37.9635,-91.2781,140.498,0,40
6,45.8421,38.734,178.275,328.017,0,40
6,45.0915,39.6053,178.427,96.7196,0,40
6,42.0778,42.7935,102.053,178.363,0,40
6,42.0273,42.8431,223.693,158.618,0,40
6,41.9132,42.9547,224.796,32.7455,0,40
6,41.6783,43.1827,224.372,36.2773,0,40
6,39.437,45.2387,181.882,777.301,0,40
6,38.1436,46.3346,137.33,1002.49,0,40
6,38.0471,46.4138,-85.5724,9902.95,0,40
6,36.7923,47.4147,286.963,1294.36,0,40
6,36.7829,47.4219,302.746,314.154,0,40
6,23.1934,55.3524,129.157,123.997,0,40
6,22.6463,55.5785,129.049,582.487,0,40
6,22.1326,55.785,129.396,24.0277,0,40
6,20.1211,56.5417,129.969,1209.84,0,40
6,18.0109,57.2489,130.86,857.386,0,40
6,16.6003,57.6737,131.327,378.471,0,40
6,14.5069,58.2355,132.045,2430.19,0,40
6,14.542,58.2268,165.835,973.707,0,40
6,13.1717,58.552,132.531,2112.09,0,40
6,10.7789,59.0393,133.274,3418.17,0,40
6,9.0832,59.3239,104.488,750.226,0,40
6,8.72509,59.3776,134.06,28.0954,0,40
6,8.26912,59.4428,134.102,354.275,0,40
6,-5.80109,59.7342,-67.764,27.0832,0,40
6,-12.1094,58.7808,199.953,52.5113,0,40
6,-18.831,56.9844,206.834,738.391,0,40
6,-28.7625,52.6739,-47.7674,820.172,0,40
6,-34.891,48.8308,105.652,30.0708,0,40
6,-35.2893,48.5437,105.228,49.1803,0,40
6,-38.06,46.4032,164.049,924.271,0,40
6,-38.3602,46.1554,-96.9661,679.217,0,40
6,-40.6008,44.1973,-13.9997,430.724,0,40
6,-41.0856,43.7469,-13.916,34.2064,0,40
6,-46.3404,38.1364,28.6209,96.368,0,40
6,-48.4885,35.3651,-44.2536,804.289,0,40
6,-51.0389,31.5729,98.0385,523.73,0,40
6,-51.007,31.6245,136.112,130.699,0,40
6,-51.2652,31.2042,97.596,24.1232,0,40
6,-55.1282,23.7214,-84.1169,941.471,0,40
6,-56.544,20.1147,-94.9106,6917.4,0,40
6,-56.7691,19.4702,245.788,1007.97,0,40
6,-57.17,18.2597,58.7999,436.612,0,40
6,-59.491,7.91468,-55.688,111.804,0,40
6,-59.5934,7.10278,-55.7417,66.6747,0,40
6,-59.6495,6.61499,-55.6872,121.926,0,40
6,-59.6495,6.61499,95.8528,214.563,0,40
6,-59.6495,6.61499,134.785,86.3468,0,40
6,-59.7342,5.80106,-55.6367,70.3884,0,40
6,-55.785,-22.1326,-203.835,167.117,1,40
6,-55.6635,-22.4366,-203.751,115.273,1,40
6,-50.2168,-32.8649,-61.3454,340.631,1,40
6,-42.7255,-42.1469,7.98,41.1526,1,40
6,-42.0302,-42.8403,9.676,58.2144,1,40
6,-41.6675,-43.1931,10.5136,497.824,1,40
6,-40.4853,-44.3031,-164.417,213.093,1,40
6,-33.0234,-50.1127,-96.1817,163.869,1,40
6,-32.8044,-50.2563,-97.2187,392.007,1,40
6,-32.7278,-50.3062,-172.424,65.4716,1,40
6,-32.4529,-50.484,-97.9044,84.2727,1,40
6,-29.8286,-52.0776,-157.259,101.742,1,40
6,-27.1787,-53.5084,62.8257,816.852,1,40
6,-23.4608,-55.2396,-305.67,331.503,1,40
6,-16.8725,-57.5946,-23.82,23.1542,1,40
6,-16.5582,-57.6858,-23.396,45.111,1,40
6,-16.3388,-57.7483,-24.244,61.5718,1,40
6,-14.1419,-58.3252,-182.722,1068.4,1,40
6,-9.99546,-59.177,-70.413,254.98,1,40
6,-9.69545,-59.2269,-69.612,31.142,1,40
6,-6.4609,-59.6664,-5.91383,293.873,1,40
6,-4.82294,-59.8211,-213.122,124.072,1,40
6,-4.49659,-59.8465,-213.147,63.367,1,40
6,1.71827,-59.9906,72.0697,198.051,1,40
6,15.9507,-57.8567,-255.292,174.312,1,40
6,36.2236,-47.8505,89.2032,326.874,1,40
6,41.505,-43.3492,-107.348,47.0727,1,40
6,44.0001,-40.8144,-148.446,522.284,1,40
6,45.3914,-39.2613,-113.057,336.684,1,40
6,45.604,-39.0141,-112.436,50.2724,1,40
6,49.0664,-34.5588,84.622,365.793,1,40
6,52.554,-28.981,-123.772,151.6,1,40
6,53.4506,-27.2922,-245.66,2899.08,1,40
6,53.9577,-26.2753,60.5837,889.255,1,40
6,53.9243,-26.3438,27.9658,313.58,1,40
6,54.9737,-24.0772,-168.94,342.795,1,40
6,55.1608,-23.6455,-168.589,149.269,1,40
6,55.2975,-23.324,-169.464,816.984,1,40
6,55.7129,-22.3136,-169.87,483.325,1,40
6,56.0291,-21.5074,-170.222,77.2776,1,40
6,56.2636,-20.8863,-170.913,860.97,1,40
6,57.0761,-18.5511,59.9262,358.1,1,40
6,58.8414,-11.8116,-205.924,312.857,1,40
6,59.2838,-9.34096,-300.896,721.008,1,40
6,59.9294,-3.20767,-104.823,403.947,1,40
6,59.9988,-1.40241,-157.248,481.407,1,40
6,60.0025,-1.2364,-183.943,603.639,1,40
6,60.01,-0.788588,-156.779,237.587,1,40
6,60.0149,-0.188212,-184.236,74.3728,1,40
6,60.0136,0.441488,-184.914,324.153,1,40
6,60.0058,1.06378,-185.596,90.6407,1,40
6,59.9992,1.38374,101.56,474.017,1,40
6,59.9984,1.41793,-185.363,177.07,1,40
6,59.9806,2.03818,-186.034,394.01,1,40
6,59.1353,10.2391,-185.421,410.428,1,40
6,59.0698,10.6104,-88.4379,216.1,1,40
6,57.6732,16.6021,-264.903,1799.51,1,40
6,57.4041,17.5098,104.848,1407.11,1,40
6,57.0544,18.6176,-293.664,339.436,1,40
6,55.7398,22.2463,-135.901,264.319,1,40
6,55.0007,24.0156,-210.612,758.303,1,40
6,54.4268,25.2893,44.2514,80.7929,1,40
6,52.6123,28.8751,-19.0322,309.073,1,40
6,50.4594,32.4911,103.214,764.249,1,40
6,50.0691,33.0895,-183.199,637.173,1,40
6,48.625,35.1772,-41.7737,340.473,1,40
6,48.448,35.4206,29.5023,120.22,1,40
6,45.1514,39.5371,85.8872,637.224,1,40
6,43.4587,41.3904,-295.604,64.3051,1,40
6,36.9665,47.279,96.6114,475.648,1,40
6,36.47,47.663,95.324,1.0942,1,40
6,35.5761,48.3339,-156.324,211.859,1,40
6,35.2872,48.5452,-286.187,466.111,1,40
6,32.4622,50.478,-303.341,491.538,1,40
6,31.4833,51.0943,-156.309,49.7655,1,40
6,21.2678,56.1205,-132.711,660.177,1,40
6,13.4788,58.482,-292.832,342.865,1,40
6,11.7473,58.8543,-19.7243,300.967,1,40
6,11.1537,58.9697,-20.5137,309.296,1,40
6,10.1288,59.1543,-21.6066,846.877,1,40
6,5.50421,59.7623,84.5918,388.59,1,40
6,-4.19787,59.8682,-168.242,2065.84,1,40
6,-6.95793,59.6105,-227.881,4041.52,1,40
6,-8.64943,59.3886,-140.4,186.827,1,40
6,-8.88358,59.3541,-208.944,515.209,1,40
6,-14.8205,58.1565,-305.356,8.0568,1,40
6,-15.1375,58.0748,-305.441,597.924,1,40
6,-21.1525,56.164,-175.24,229.058,1,40
6,-22.1326,55.785,-129.979,357,1,40
6,-24.3253,54.8644,25.3182,411.225,1,40
6,-24.9627,54.5774,83.904,270.761,1,40
6,-25.4377,54.3576,84.724,39.0954,1,40
6,-25.8808,54.148,85.4121,700.971,1,40
6,-25.7338,54.2181,84.3,33.1774,1,40
6,-26.7504,53.7237,-115.622,239.224,1,40
6,-27.0566,53.5702,-115.404,21.1648,1,40
6,-27.2506,53.4717,-263.452,158.362,1,40
6,-27.4484,53.3705,-115.945,106.561,1,40
6,-31.7572,50.9245,42.7134,478.299,1,40
6,-36.6269,47.5426,-150.302,614.606,1,40
6,-37.0154,47.2407,2.08158,279.309,1,40
6,-39.4439,45.2328,-156.287,292.997,1,40
6,-42.754,42.1179,-70.3686,97.5515,1,40
6,-45.427,39.22,-10.9245,174.155,1,40
6,-49.9119,33.3261,-267.373,265.234,1,40
6,-50.8331,31.9034,-35.201,406.178,1,40
6,-52.0392,29.8956,-174.369,332.577,1,40
6,-56.9032,19.0748,-195.449,280.884,1,40
6,-58.5539,13.163,63.5742,395.378,1,40
6,-60.0084,0.900128,-161.196,38.2203,1,40
6,-61.1114,-0.0833377,-55.0723,141.101,0,41
6,-61.0951,-1.41645,-55.044,32.1542,0,41
6,-61.0815,-1.91623,-55.044,31.0971,0,41
6,-61.0265,-3.22122,-54.9462,135.316,0,41
6,-60.9722,-4.12322,-54.8424,515.11,0,41
6,-60.8538,-5.60676,-54.7058,926.559,0,41
6,-60.676,-7.28285,-54.5615,1817.49,0,41
6,-60.413,-9.21322,-54.4446,2288.58,0,41
6,-60.3301,-9.74135,136.342,396.181,0,41
6,-60.1581,-10.7526,-54.3941,166.728,0,41
6,-59.8932,-12.1419,-54.2074,1311.31,0,41
6,-59.6448,-13.3083,-54.196,26.2579,0,41
6,-59.6448,-13.3083,144.364,79.0237,0,41
6,-59.4578,-14.1203,-53.9999,49.19,0,41
6,-57.8561,-19.6797,282.597,583.458,0,41
6,-57.6117,-20.384,65.1282,504.927,0,41
6,-56.7614,-22.6441,-27.742,444.292,0,41
6,-56.4411,-23.4312,180.535,550.09,0,41
6,-54.6982,-27.2529,167.888,323.258,0,41
6,-52.2025,-31.7728,-101.8,442.35,0,41
6,-52.1626,-31.8383,175.61,450.924,0,41
6,-51.8038,-32.4188,-39.946,577.395,0,41
6,-51.3611,-33.1158,-39.9438,375.482,0,41
6,-49.4214,-35.9464,261.111,564.94,0,41
6,-48.8698,-36.6928,-87.2456,531.725,0,41
6,-43.6228,-42.7979,234.408,169.426,0,41
6,-42.287,-44.1183,237.018,657.278,0,41
6,-32.9054,-51.4961,292.076,244.421,0,41
6,-32.5494,-51.7219,291.488,319.206,0,41
6,-29.8301,-53.3365,-26.5523,947.686,0,41
6,-26.6037,-55.0169,137.748,1274.67,0,41
6,-24.3479,-56.0517,-98.5531,535.302,0,41
6,-19.1132,-58.0457,172.414,803.994,0,41
6,-12.6114,-59.796,117.218,194.673,0,41
6,-12.1764,-59.8861,-89.0819,397.932,0,41
6,-11.6099,-59.9986,52.5223,1447.12,0,41
6,-11.3201,-60.0539,146.112,634.118,0,41
6,-10.2647,-60.2433,93.9277,836.216,0,41
6,-2.10546,-61.0752,159.181,947.813,0,41
6,-1.54086,-61.0921,19.0174,277.624,0,41
6,2.24936,-61.0701,271.436,26.2186,0,41
6,2.65693,-61.0537,271.86,56.4192,0,41
6,9.81867,-60.3176,16.8317,264.243,0,41
6,10.037,-60.2816,15.764,49.1664,0,41
6,10.694,-60.1686,15.2954,206.136,0,41
6,17.0528,-58.6841,-81.8566,105.468,0,41
6,17.5004,-58.5521,-81.5186,140.909,0,41
6,17.678,-58.4987,226.983,648.871,0,41
6,19.1762,-58.0249,-82.604,48.0294,0,41
6,23.9301,-56.2314,297.966,193.45,0,41
6,24.0775,-56.1684,296.876,21,0,41
6,24.3719,-56.0413,64.4009,320.929,0,41
6,29.5574,-53.4881,138.572,150.723,0,41
6,29.9774,-53.2538,182.396,101.368,0,41
6,30.339,-53.0487,181.972,22.0677,0,41
6,34.1216,-50.6985,156.917,579.596,0,41
6,37.6634,-48.1257,-105.5,58,0,41
6,38.6074,-47.3718,154.952,105.24,0,41
6,40.1843,-46.0417,41.5062,293.239,0,41
6,41.9681,-44.4217,187.705,241.076,0,41
6,46.9744,-39.0899,63.5482,76.3451,0,41
6,48.2283,-37.532,217.551,593.707,0,41
6,54.3698,-27.9024,148.83,442.816,0,41
6,55.395,-25.8073,-104.305,918.61,0,41
6,56.6651,-22.8841,128.909,533.634,0,41
6,57.0265,-21.968,-37.9073,544.31,0,41
6,57.1061,-21.7603,-7.98,39.2652,0,41
6,57.2239,-21.4485,-7.98,25.2464,0,41
6,58.8052,-16.6301,80.7132,404.709,0,41
6,60.0396,-11.3956,40.422,842.327,0,41
6,60.127,-10.9251,-43.7835,393.492,0,41
6,60.5442,-8.30761,-82.4194,685.981,0,41
6,60.7907,-6.25388,-95.35,3384.32,0,41
6,60.7573,-6.57032,-42.8324,988.028,0,41
6,61.0715,-2.21016,-68.0669,114.855,0,41
6,61.1075,-0.702827,305.618,434.407,0,41
6,61.0517,2.70245,-52.3337,516.176,0,41
6,60.654,7.46386,-87.5925,131.001,0,41
6,60.6267,7.68255,126.608,407.846,0,41
6,60.3872,9.38114,-20.9781,177.138,0,41
6,60.3202,9.80232,211.688,190.525,0,41
6,57.4593,20.8097,99.7523,530.77,0,41
6,56.8928,22.312,217.439,153.749,0,41
6,53.5028,29.5307,195.54,55.3035,0,41
6,51.8741,32.3063,-100.23,314.799,0,41
6,45.6922,40.5812,178.731,261.668,0,41
6,44.9553,41.3961,178.947,239.981,0,41
6,43.7987,42.6179,221.586,207.158,0,41
6,39.97,46.2279,181.095,402.253,0,41
6,39.9055,46.2836,136.801,199.768,0,41
6,39.3455,46.7605,-88.3041,3752.11,0,41
6,39.3725,46.7378,136.966,558.309,0,41
6,37.9739,47.8811,302.378,992.142,0,41
6,36.858,48.7453,285.159,956.469,0,41
6,13.7958,59.534,166.464,74.7008,0,41
6,13.3083,59.6448,166.284,25.2635,0,41
6,9.52625,60.3644,103.235,1423.15,0,41
6,4.26092,60.9628,116.972,833.656,0,41
6,-5.04963,60.9025,131.485,247.906,0,41
6,-5.74115,60.8412,-68.188,25.2896,0,41
6,-9.71365,60.3346,199.341,1054.22,0,41
6,-10.2014,60.254,-78.3345,134.737,0,41
6,-12.8262,59.7504,115.213,778.378,0,41
6,-13.5669,59.5865,224.487,203.326,0,41
6,-19.7614,57.8282,206.234,855.013,0,41
6,-36.0686,49.3323,103.956,35.0954,0,41
6,-36.4962,49.0168,103.168,898.248,0,41
6,-38.8647,47.1609,-97.9064,590.941,0,41
6,-40.0805,46.1321,164.467,1248.01,0,41
6,-41.8728,44.5116,192.773,384.164,0,41
6,-42.2886,44.1168,-14.1724,309.589,0,41
6,-42.7505,43.6693,-14.2177,180.3,0,41
6,-47.4758,38.4794,27.3552,701.558,0,41
6,-49.9797,35.166,-44.1661,1567.12,0,41
6,-51.6626,32.6433,136.009,280.081,0,41
6,-52.3583,31.5155,96.4205,414.807,0,41
6,-56.0492,24.3538,-85.1336,660.238,0,41
6,-57.8443,19.7144,-96.0778,9604.8,0,41
6,-57.8888,19.5832,244.064,1018.65,0,41
6,-58.105,18.932,56.6158,174.767,0,41
6,-59.7424,12.8633,209.325,211.507,0,41
6,-59.8871,12.1719,209.542,316.503,0,41
6,-60.6603,7.41212,134.536,257.741,0,41
6,-60.712,6.97665,93.9972,1285.8,0,41
6,-60.9805,3.99861,305.78,49,0,41
6,-61.0512,2.71318,-55.3221,949.637,0,41
6,-61.0876,1.70874,-55.2813,275.293,0,41
6,-61.1029,1.02407,-55.1913,512.345,0,41
6,-59.1356,-15.414,-234.769,80.2088,1,41
6,-58.5951,-17.3559,-122.939,285.983,1,41
6,-58.4502,-17.8378,-185.184,202.481,1,41
6,-57.9393,-19.4334,-181.41,438.888,1,41
6,-56.8047,-22.5354,-203.448,2577.98,1,41
6,-52.133,-31.8867,-141.82,153.437,1,41
6,-51.3385,-33.1508,-59.4532,632.012,1,41
6,-44.6571,-41.7176,87.2184,519.718,1,41
6,-42.0927,-44.3037,11.3895,554.299,1,41
6,-41.6259,-44.7426,12.0806,120.888,1,41
6,-41.0032,-45.3139,13.353,1010.96,1,41
6,-41.1062,-45.2205,-163.316,85.5964,1,41
6,-40.5289,-45.7387,14.3272,310.074,1,41
6,-34.3471,-50.5459,-94.5687,638.033,1,41
6,-33.9335,-50.8246,-95.332,76.4811,1,41
6,-33.3754,-51.1928,-172.22,73.314,1,41
6,-30.1529,-53.1547,-156.716,324.599,1,41
6,-24.5185,-55.9773,-305.318,738.58,1,41
6,-17.7066,-58.4901,-22.2229,290.188,1,41
6,-6.40446,-60.775,-5.17378,385.173,1,41
6,1.5335,-61.0923,73.1694,660.776,1,41
6,2.50391,-61.0602,10.2181,219.228,1,41
6,3.14355,-61.0306,9.676,62.2464,1,41
6,3.23782,-61.0257,-116.353,786.296,1,41
6,4.59234,-60.9387,-140.344,468.473,1,41
6,11.5396,-60.0121,-227.151,157.229,1,41
6,11.9872,-59.9243,-226.582,284.447,1,41
6,13.5497,-59.5904,-280.926,582.498,1,41
6,14.2701,-59.422,-216.544,291.977,1,41
6,16.3561,-58.882,-254.415,457.066,1,41
6,36.7379,-48.8359,90.0614,59.6941,1,41
6,42.6788,-43.7394,-106.467,80.3258,1,41
6,45.0732,-41.2677,-147.806,238.595,1,41
6,45.821,-40.4357,-137.008,1389.59,1,41
6,46.1279,-40.0853,-204.418,1353.06,1,41
6,46.5523,-39.5917,-111.05,801.487,1,41
6,50.0482,-35.0684,85.4347,280.585,1,41
6,53.396,-29.7235,-123.243,573.334,1,41
6,54.8065,-27.0345,-244.614,2947.25,1,41
6,55.1063,-26.4179,60.9004,121.179,1,41
6,57.5921,-20.4392,-171.437,412.784,1,41
6,57.8041,-19.8317,-172.099,483.234,1,41
6,58.0009,-19.2487,50.6242,1384,1,41
6,58.0009,-19.2487,-171.796,33.2186,1,41
6,58.0009,-19.2487,-172.644,37.6975,1,41
6,58.1408,-18.8218,-172.525,92.561,1,41
6,58.3399,-18.1955,-173.114,339.869,1,41
6,58.7018,-16.9916,-173.535,2049.27,1,41
6,58.92,-16.2189,-173.916,36.1607,1,41
6,59.1356,-15.414,-174.34,28.0416,1,41
6,59.2968,-14.7817,-175.121,514.871,1,41
6,59.4885,-13.9906,-175.661,320.677,1,41
6,59.7009,-13.0546,-176.391,1402.2,1,41
6,59.6936,-13.0878,-205.178,337.205,1,41
6,59.7954,-12.6145,-205.437,80.8431,1,41
6,59.9333,-11.9421,-176.965,428.706,1,41
6,60.2115,-10.4497,-178.117,392.007,1,41
6,60.3488,-9.62469,-178.659,262.277,1,41
6,60.4512,-8.95955,-300.211,170.897,1,41
6,60.4823,-8.74663,-179.159,338.135,1,41
6,60.5986,-7.90062,-179.66,272.405,1,41
6,60.7501,-6.63597,-180.456,694.922,1,41
6,60.8777,-5.34074,-181.122,140.767,1,41
6,60.9138,-4.91103,-181.972,41.1438,1,41
6,60.9425,-4.5421,-181.72,104.596,1,41
6,60.9819,-3.97738,-182.396,60.148,1,41
6,61.0379,-2.9979,-182.887,478.685,1,41
6,61.0352,-3.05328,-102.676,376.985,1,41
6,61.0734,-2.15877,-183.41,141.396,1,41
6,58.6446,17.188,-264.207,319.029,1,41
6,58.4964,17.6859,105.5,123,1,41
6,56.6803,22.8464,-135.081,110.215,1,41
6,56.0355,24.3853,-209.659,839.778,1,41
6,55.3374,25.9305,44.9236,522.204,1,41
6,53.7109,29.1506,-18.0757,517.469,1,41
6,53.6979,29.1745,-20.428,4.29998,1,41
6,51.4635,32.9564,104.837,330.848,1,41
6,50.766,34.021,-182.024,123.462,1,41
6,49.4831,35.8614,29.8883,225.561,1,41
6,46.4821,39.674,87.2918,1802.11,1,41
6,44.5614,41.8198,-294.276,2537.57,1,41
6,35.6764,49.6166,-285.405,1455.65,1,41
6,33.3034,51.2396,-302.165,271.534,1,41
6,32.5285,51.735,-138.452,379.233,1,41
6,31.7742,52.2017,-156.275,59.5776,1,41
6,22.0695,56.9873,-132.364,92.6658,1,41
6,15.1043,59.2155,-16.4998,365.57,1,41
6,14.312,59.412,-17.3846,781.669,1,41
6,14.0633,59.4713,-292.213,557.905,1,41
6,13.6334,59.5714,-17.6076,76.7979,1,41
6,12.4938,59.8207,-18.9082,113.046,1,41
6,9.46855,60.3735,-204.883,298.935,1,41
6,5.29205,60.8819,84.423,470.924,1,41
6,-4.47647,60.9473,-167.436,563.457,1,41
6,-6.27842,60.7881,-226.365,1819.59,1,41
6,-8.1361,60.5675,-139.794,141.19,1,41
6,-8.1293,60.5684,-206.778,367.419,1,41
6,-8.5546,60.5098,-207.412,22.1033,1,41
6,-15.414,59.1356,-304.508,41.1774,1,41
6,-22.6535,56.7577,-122.72,518.804,1,41
6,-25.109,55.7149,24.973,1321.14,1,41
6,-26.3643,55.132,-114.369,149.609,1,41
6,-26.933,54.8565,-114.823,177.947,1,41
6,-27.2972,54.6761,86.42,91.4364,1,41
6,-27.8479,54.3977,87.268,23.0017,1,41
6,-28.041,54.2984,-262.817,76.4993,1,41
6,-32.4272,51.7986,42.7637,362.664,1,41
6,-37.2008,48.4842,-149.748,84.4594,1,41
6,-37.8068,48.0131,3.92404,773.262,1,41
6,-39.9415,46.2525,-155.225,634.364,1,41
6,-46.3361,39.8445,-9.37635,848.737,1,41
6,-50.5894,34.283,-266.959,983.887,1,41
6,-51.715,32.5603,-34.4253,509.111,1,41
6,-53.1361,30.1857,-173.995,138.216,1,41
6,-59.6448,13.3083,64.3676,113.551,1,41
6,-61.4898,-9.43027,135.956,310.588,0,42
6,-61.0476,-11.9628,144.062,1238.58,0,42
6,-59.0205,-19.6598,281.813,449.918,0,42
6,-58.5777,-20.9421,64.5676,1925.75,0,42
6,-58.1916,-21.9924,-27.484,22.0277,0,42
6,-57.523,-23.6859,180.4,292.678,0,42
6,-56.416,-26.2136,-92.9869,57.4666,0,42
6,-56.416,-26.2136,167.303,515.816,0,42
6,-56.416,-26.2136,201.235,167.926,0,42
6,-55.9796,-27.1332,167.616,350.09,0,42
6,-53.8318,-31.1778,-40.204,21.9723,0,42
6,-53.3988,-31.9139,-40.0164,445.186,0,42
6,-53.3747,-31.9542,-102.639,211.016,0,42
6,-53.0073,-32.5599,174.333,133.268,0,42
6,-49.9888,-37.0276,-88.0907,732.635,0,42
6,-49.7662,-37.3262,260.836,78.3434,0,42
6,-48.4625,-39.004,179.852,37.1526,0,42
6,-42.9568,-44.9959,236.179,864.446,0,42
6,-32.9224,-52.7829,290.708,110.525,0,42
6,-30.2243,-54.3729,-27.9894,820.943,0,42
6,-27.3735,-55.8625,136.508,2048.56,0,42
6,-24.4164,-57.2168,-100.57,902.41,0,42
6,-20.3462,-58.7874,172.273,601.228,0,42
6,-12.8288,-60.8715,-89.8837,324.545,0,42
6,-12.1395,-61.0127,51.7227,2191.79,0,42
6,-11.7967,-61.0799,145.807,189.777,0,42
6,-10.6078,-61.2976,92.7028,1581.6,0,42
6,-1.22902,-62.1966,18.36,346.476,0,42
6,18.5108,-59.3909,224.672,399.559,0,42
6,19.8664,-58.9512,-83.1464,154.019,0,42
6,20.4962,-58.7352,-83.6113,203.078,0,42
6,21.5152,-58.3697,-83.9995,867.343,0,42
6,22.2494,-58.0938,-84.2235,133.218,0,42
6,22.7725,-57.8907,-84.655,154.501,0,42
6,24.9616,-56.9811,296.232,121.651,0,42
6,24.9767,-56.9744,63.4563,46.5961,0,42
6,25.4525,-56.7635,295.677,249.381,0,42
6,30.3156,-54.3221,137.964,342.217,0,42
6,31.2687,-53.7791,181.776,129.858,0,42
6,34.9893,-51.4361,155.164,533.723,0,42
6,37.5522,-49.5959,276.535,469.425,0,42
6,39.0611,-48.4165,153.585,799.176,0,42
6,40.759,-46.996,40.78,56.0971,0,42
6,42.9392,-45.0127,187.3,218.971,0,42
6,48.9898,-38.3396,-103.804,37.2896,0,42
6,49.3018,-37.9375,-104.102,182.092,0,42
6,49.508,-37.668,-104.008,97.831,0,42
6,50.477,-36.3593,-105.185,1314.58,0,42
6,51.1079,-35.4669,210.952,352.276,0,42
6,55.2189,-28.6495,148.747,69.5712,0,42
6,56.0534,-26.9804,-105.367,118.123,0,42
6,58.0786,-22.2889,-8.18124,497.482,0,42
6,58.1028,-22.2259,-37.9198,145.495,0,42
6,60.2399,-15.5265,80.212,24.1664,0,42
6,61.0031,-12.1877,39.419,272.569,0,42
6,61.1203,-11.5858,-43.8644,172.488,0,42
6,61.6924,-7.99822,-83.7896,111.653,0,42
6,61.8026,-7.09667,-96.3726,5948.67,0,42
6,61.7512,-7.53081,-84.4712,112.234,0,42
6,61.8438,-6.72762,-42.9279,945.352,0,42
6,61.9929,-5.17677,305.611,543.561,0,42
6,62.1784,-1.94279,-68.3941,280.245,0,42
6,62.2086,0.121455,305.614,376.335,0,42
6,62.1393,2.9384,-53.1587,410.644,0,42
6,61.653,8.29653,125.919,179.189,0,42
6,61.56,8.96011,-21.124,64.1925,0,42
6,61.3098,10.5372,211.066,493.959,0,42
6,59.8531,16.9565,282.527,352.606,0,42
6,58.4119,21.4002,98.8839,1455.72,0,42
6,58.0425,22.3829,217.359,423.802,0,42
6,54.8468,29.3555,195.307,561.071,0,42
6,45.4374,42.4896,179.428,100.324,0,42
6,45.1723,42.7713,219.924,57.177,0,42
6,44.7078,43.2567,179.598,653.038,0,42
6,44.7691,43.1932,220.573,328.423,0,42
6,42.9378,45.0141,99.8457,454.197,0,42
6,40.8808,46.8901,136.18,60.1681,0,42
6,40.6972,47.0495,-82.3213,645,0,42
6,40.5658,47.1629,180.574,616.014,0,42
6,39.3012,48.2218,301.921,424.047,0,42
6,37.2617,49.8145,283.526,49.2608,0,42
6,36.9895,50.017,282.884,27.2219,0,42
6,36.9895,50.017,284.006,100.638,0,42
6,36.7162,50.218,283.167,78.4619,0,42
6,13.4586,60.7354,166.783,333.267,0,42
6,12.9115,60.854,166.713,322.986,0,42
6,9.98264,61.4025,101.703,509.761,0,42
6,4.04967,62.0767,115.702,630.999,0,42
6,-4.60061,62.0383,131.037,539.366,0,42
6,-5.46214,61.9684,-69.0738,295.388,0,42
6,-8.08502,61.6811,198.601,113.049,0,42
6,-8.69008,61.5987,198.93,288.615,0,42
6,-9.04401,61.5478,198.783,65.319,0,42
6,-12.7181,60.8948,113.882,64.6345,0,42
6,-13.4177,60.7444,224.363,327.414,0,42
6,-20.8709,58.6031,205.776,521.373,0,42
6,-28.0455,55.5281,-48.8906,53.3606,0,42
6,-28.6318,55.2281,-48.733,539.768,0,42
6,-39.4618,48.0904,-98.8862,1333.31,0,42
6,-41.208,46.6028,164.588,41.0677,0,42
6,-42.722,45.2189,192.694,214.948,0,42
6,-44.473,43.498,-14.5698,120.058,0,42
6,-44.8786,43.0794,-14.5382,51.359,0,42
6,-48.4368,39.0358,26.1703,554.159,0,42
6,-51.8966,34.3026,-43.948,148.744,0,42
6,-52.1449,33.924,-44.0424,172.446,0,42
6,-52.2374,33.7813,136.365,602.204,0,42
6,-53.575,31.6171,95.4386,141.099,0,42
6,-57.0036,24.9101,-85.8948,1052.43,0,42
6,-59.198,19.1186,-97.475,10828.7,0,42
6,-59.0642,19.528,54.9126,558.73,0,42
6,-59.0405,19.5996,242.553,419.438,0,42
6,-60.7065,13.5885,208.921,204.701,0,42
6,-61.7073,7.88259,134.281,242.697,0,42
6,-61.7498,7.54211,91.9564,750.674,0,42
6,-62.0911,3.82283,305.78,84.1387,0,42
6,-62.1829,1.79059,161.849,464.502,0,42
6,-59.7186,-17.4244,-122.238,564.448,1,42
6,-59.3664,-18.5889,-185.063,334.506,1,42
6,-58.5204,-21.1018,-260.497,133.135,1,42
6,-57.9433,-22.6385,-203.083,532.691,1,42
6,-52.9704,-32.6199,-141.321,543.768,1,42
6,-45.6798,-42.2289,87.0844,352.983,1,42
6,-41.4763,-46.3642,-35.4525,881.056,1,42
6,-40.9159,-46.8595,15.2692,846.453,1,42
6,-40.3178,-47.3751,16.1603,741.813,1,42
6,-35.3603,-51.1818,-93.6573,482.301,1,42
6,-34.1371,-52.0056,-172.088,686.817,1,42
6,-30.3534,-54.3009,-156.246,215.686,1,42
6,-28.3487,-55.3739,62.934,350.288,1,42
6,-25.4787,-56.7517,-304.918,954.663,1,42
6,-18.5902,-59.366,-21.8633,179.231,1,42
6,-17.2636,-59.7653,-179.581,3108.36,1,42
6,-9.30197,-61.5093,-67.2641,59.8657,1,42
6,-8.9432,-61.5625,-66.1177,255.107,1,42
6,-6.31852,-61.887,-4.10006,600.935,1,42
6,-3.08145,-62.1323,-212.675,184.481,1,42
6,1.37225,-62.1936,74.1909,974.017,1,42
6,1.60961,-62.1879,11.004,503.496,1,42
6,3.12263,-62.1303,58.4511,1077.88,1,42
6,3.10972,-62.1309,-115.744,217.266,1,42
6,4.3885,-62.0537,-139.671,226.876,1,42
6,12.5619,-60.9272,-225.718,395.739,1,42
6,13.7043,-60.6804,-279.451,415.848,1,42
6,15.0424,-60.3626,-216.383,470.979,1,42
6,16.7925,-59.8994,-253.94,514.659,1,42
6,28.2999,-55.3989,-304.4,889.794,1,42
6,37.2651,-49.812,91.0791,504.465,1,42
6,42.7388,-45.2031,-192.717,127.869,1,42
6,43.5663,-44.406,-105.228,21.0139,1,42
6,45.9726,-41.91,-147.234,500.975,1,42
6,46.1808,-41.6804,-136.712,113.718,1,42
6,46.8094,-40.9732,-203.106,733.779,1,42
6,47.6067,-40.0441,-109.64,501.566,1,42
6,51.0662,-35.527,86.6277,145.419,1,42
6,53.8977,-31.0638,-122.554,155.723,1,42
6,54.1767,-30.5746,-122.64,230.74,1,42
6,56.2378,-26.5938,-243.436,1689.88,1,42
6,56.337,-26.3831,61.4525,1163.45,1,42
6,59.0475,-19.5784,60.9694,1286.2,1,42
6,60.7291,-13.4871,-204.625,289.459,1,42
6,61.0797,-11.7979,-177.732,62.0816,1,42
6,61.1619,-11.364,-177.434,332.186,1,42
6,62.1464,-2.78399,-100.81,673.051,1,42
6,62.2029,0.848956,-155.495,431.982,1,42
6,62.1996,1.0645,104.406,656.532,1,42
6,61.3685,10.1895,-184.994,193.963,1,42
6,61.2127,11.0873,-86.1027,813.815,1,42
6,59.5667,17.9369,-263.482,2412.38,1,42
6,59.2783,18.868,-291.156,139.479,1,42
6,57.6397,23.4006,-134.021,749.351,1,42
6,57.1661,24.5349,-207.945,682.554,1,42
6,56.0335,27.0216,45.8295,104.501,1,42
6,54.7281,29.5764,-17.113,763.873,1,42
6,52.5118,33.3531,105.5,87,1,42
6,51.4705,34.9386,-181.312,302.156,1,42
6,50.6912,36.06,-39.8328,536.136,1,42
6,50.4939,36.3358,30.3705,579.779,1,42
6,47.6119,40.0378,88.1746,1038.26,1,42
6,45.9016,41.9877,60.4375,5170.43,1,42
6,37.3323,49.7616,100.208,44.5747,1,42
6,37.0678,49.959,100.954,75.4544,1,42
6,36.3152,50.5087,-156.256,496.579,1,42
6,36.0396,50.7057,-284.607,996.031,1,42
6,34.2947,51.9018,-300.692,70.3834,1,42
6,33.924,52.1449,-301.116,23.111,1,42
6,33.5217,52.4044,-136.597,241.758,1,42
6,32.2185,53.2155,-156.264,342.706,1,42
6,22.7599,57.8957,-131.896,512.418,1,42
6,18.6757,59.3392,-12.9916,195.091,1,42
6,18.4445,59.4115,-279.098,349.774,1,42
6,18.0231,59.5407,-13.743,518.943,1,42
6,17.6519,59.6517,-14.492,26.6202,1,42
6,17.3263,59.7471,-14.492,38.1772,1,42
6,17.0002,59.8407,-14.068,37.1664,1,42
6,17.0002,59.8407,-15.34,47.7499,1,42
6,16.5101,59.9778,-14.916,53.111,1,42
6,14.6016,60.4708,-291.575,169.283,1,42
6,10.1492,61.3752,-203.815,246.222,1,42
6,9.71482,61.4455,-204.221,51.4469,1,42
6,-4.66096,62.0338,-166.708,29.0416,1,42
6,-5.47132,61.9676,-224.835,1868.33,1,42
6,-7.72356,61.7274,-205.371,1651.38,1,42
6,-15.3546,60.284,-303.76,476.792,1,42
6,-23.2012,57.7202,-121.493,1007.53,1,42
6,-26.3674,56.3443,-113.708,43.1526,1,42
6,-28.7168,55.1839,87.9317,209.262,1,42
6,-28.7643,55.1592,-262.324,231.076,1,42
6,-29.2502,54.9031,88.54,37.6926,1,42
6,-37.6187,49.5455,-148.895,821.836,1,42
6,-40.3093,47.3823,-154.173,762.999,1,42
6,-52.5307,33.3233,-33.7492,354.457,1,42
6,-57.0199,24.8727,-45.6341,246.824,1,42
6,-60.7464,13.4087,64.6338,272.673,1,42
6,-60.8245,13.05,105.5,28,1,42
6,-60.9767,12.3192,105.5,322,1,42
6,-62.0887,3.86212,85.293,96.6037,1,42
6,-62.1115,3.47595,84.724,37.2107,1,42
6,-62.6426,-9.13826,135.756,55.2652,0,43
6,-62.5376,-9.83104,143.697,1744.86,0,43
6,-60.3058,-19.2564,-27.5521,2874.65,0,43
6,-60.1204,-19.8277,280.863,188.96,0,43
6,-59.4005,-21.8902,63.756,404.229,0,43
6,-58.6299,-23.8775,180.202,976.575,0,43
6,-57.2644,-26.9886,-10.3384,60.5759,0,43
6,-57.0411,-27.4575,-93.204,121.553,0,43
6,-56.8152,-27.9219,-93.204,23.2652,0,43
6,-55.4276,-30.584,-40.0816,281.422,0,43
6,-54.9483,-31.4371,-40.1096,171.282,0,43
6,-54.5384,-32.1428,-103.548,1081.31,0,43
6,-54.5196,-32.1746,-101.684,4.44793,0,43
6,-53.7684,-33.4149,173.264,964.007,0,43
6,-51.1035,-37.3636,-89.1745,42.2913,0,43
6,-50.2606,-38.4898,259.923,798.158,0,43
6,-43.3136,-46.1685,234.951,343.103,0,43
6,-30.59,-55.4243,-29.5124,922.47,0,43
6,-28.1122,-56.7213,134.871,1042.61,0,43
6,-24.4799,-58.3809,-102.641,249.222,0,43
6,-22.0702,-59.3339,172.035,768.515,0,43
6,-13.9509,-61.7493,115.738,958.443,0,43
6,-13.4907,-61.8514,-90.6125,453.93,0,43
6,-12.1923,-62.1204,145.669,224.681,0,43
6,-10.932,-62.3546,91.4686,827.878,0,43
6,-1.85266,-63.2785,156.207,355.676,0,43
6,-0.774911,-63.3009,17.3243,874.213,0,43
6,2.09787,-63.2708,269.916,125.404,0,43
6,12.7178,-62.015,12.0518,389.026,0,43
6,13.2221,-61.9094,11.2854,249.122,0,43
6,13.5879,-61.8301,10.4821,308.732,0,43
6,18.9519,-60.4022,223.826,703.206,0,43
6,25.3193,-58.0218,-85.996,89.3527,0,43
6,25.8534,-57.7858,61.5499,142.843,0,43
6,26.7745,-57.3648,-86.9592,1023.69,0,43
6,26.0928,-57.6781,294.604,159.108,0,43
6,26.4792,-57.5018,294.008,118.451,0,43
6,26.8328,-57.3376,293.064,383.451,0,43
6,26.8323,-57.3378,296.452,1.51861,0,43
6,27.9219,-56.8152,-87.268,31.1925,0,43
6,31.0414,-55.1727,136.805,643.686,0,43
6,32.0258,-54.6072,181.368,68.3761,0,43
6,32.3232,-54.4317,181.548,27.1648,0,43
6,35.7528,-52.243,154.202,430.733,0,43
6,38.4257,-50.3097,274.667,459.398,0,43
6,39.3256,-49.6094,152.054,442.46,0,43
6,41.3937,-47.8974,40.5821,461.206,0,43
6,43.9528,-45.5604,186.495,924.035,0,43
6,47.2418,-42.1403,-101.684,59.3745,0,43
6,47.9233,-41.3637,-102.196,566.237,0,43
6,48.661,-40.4933,-102.532,23.0677,0,43
6,49.0998,-39.9601,-102.956,43.2882,0,43
6,49.0998,-39.9601,62.8685,207.585,0,43
6,49.0998,-39.9601,216.964,174.242,0,43
6,49.747,-39.1514,-103.519,79.3606,0,43
6,52.2289,-35.7735,209.083,891.855,0,43
6,55.8258,-29.851,148.792,535.088,0,43
6,59.1469,-22.5664,-38.1045,261.429,0,43
6,61.3874,-15.4657,79.6772,519.825,0,43
6,61.486,-15.0688,79.5013,81.8786,0,43
6,61.6035,-14.581,79.4479,163.643,0,43
6,61.9517,-13.0224,38.278,483.429,0,43
6,62.1565,-12.007,-44.0668,792.31,0,43
6,62.8493,-7.58703,-85.2662,548.673,0,43
6,62.9279,-6.90502,-43.0985,463.156,0,43
6,63.0515,-5.66647,304.667,486.505,0,43
6,63.2876,-1.50857,-69.0773,938.508,0,43
6,63.297,1.04551,305.606,379.542,0,43
6,63.2222,3.24911,-53.9052,538.657,0,43
6,62.9023,7.13476,-88.887,265.892,0,43
6,62.7422,8.42726,-21.2369,790.329,0,43
6,62.6448,9.12271,124.702,132.507,0,43
6,62.3287,11.0783,210.307,310.807,0,43
6,61.3491,15.6167,-15.3868,278.09,0,43
6,61.2588,15.9674,-14.6167,92.3397,0,43
6,60.7691,17.7403,281.287,174.258,0,43
6,60.6543,18.1287,280.595,55.3051,0,43
6,59.2371,22.3287,96.8396,686.52,0,43
6,59.1666,22.5148,217.314,453.501,0,43
6,56.3282,28.8917,194.981,260.427,0,43
6,53.5758,33.7229,-102.31,649.241,0,43
6,48.627,40.5341,-94.3174,1263.33,0,43
6,46.5558,42.897,218.427,272.096,0,43
6,46.2746,43.2003,219.245,437.293,0,43
6,43.5934,45.9044,180.447,309.911,0,43
6,43.4639,46.0271,98.6231,79.7455,0,43
6,43.2122,46.2635,180.276,22.0416,0,43
6,42.5774,46.8484,135.756,34.1958,0,43
6,42.1346,47.247,136.04,127.263,0,43
6,41.7558,47.5821,-91.2197,4130.19,0,43
6,40.9124,48.3092,179.608,444.109,0,43
6,40.238,48.8723,301.675,642.708,0,43
6,37.2262,51.2036,282.239,138.615,0,43
6,36.8976,51.4409,281.498,366.31,0,43
6,31.1281,55.1239,107.194,464,0,43
6,12.0572,62.1468,167.264,1163.63,0,43
6,10.4861,62.4311,100.268,861.389,0,43
6,3.74602,63.1947,114.462,793.777,0,43
6,-1.81562,63.2796,-84.1874,664.862,0,43
6,-4.2569,63.1623,130.422,158.994,0,43
6,-5.33171,63.0807,197.66,50.0294,0,43
6,-5.94728,63.0256,198.084,27.1354,0,43
6,-6.29095,62.9922,198.084,21.1803,0,43
6,-6.98772,62.9188,198.303,245.827,0,43
6,-7.49222,62.8607,198.255,78.7562,0,43
6,-12.6042,62.0382,113.052,177.578,0,43
6,-12.6042,62.0382,224.208,54.2913,0,43
6,-13.1113,61.933,224.161,100.798,0,43
6,-21.9068,59.3944,205.259,2548.37,0,43
6,-39.8674,49.1751,-100.254,730.721,0,43
6,-42.672,46.7622,164.879,89.6225,0,43
6,-43.0299,46.433,165.012,68.4683,0,43
6,-43.3382,46.1454,165.012,23.0971,0,43
6,-43.5892,45.9084,165.012,25.111,0,43
6,-46.2635,43.2122,-14.764,57.1248,0,43
6,-46.6154,42.8322,-14.8826,89.3467,0,43
6,-53.4377,33.9412,-44.02,24.111,0,43
6,-53.6221,33.6493,-44.02,35.1248,0,43
6,-53.8956,33.2095,-43.9427,341.852,0,43
6,-57.9619,25.4562,-86.9394,93.4039,0,43
6,-60.1784,19.6508,240.836,488.457,0,43
6,-60.5147,18.5896,-98.7669,6406.37,0,43
6,-61.4708,15.1307,208.412,123.435,0,43
6,-62.7365,8.46926,133.953,701.297,0,43
6,-62.8091,7.91317,90.474,662.377,0,43
6,-63.2251,3.19245,305.78,25.0555,0,43
6,-63.2781,1.86413,160.976,249.207,0,43
6,-60.8039,-17.6205,-121.432,829.778,1,43
6,-60.2888,-19.3096,-184.929,266.674,1,43
6,-59.403,-21.8833,-259.817,125.079,1,43
6,-59.0796,-22.7419,-202.802,551.865,1,43
6,-46.7521,-42.683,87.0012,315.571,1,43
6,-42.3447,-47.0587,-34.5045,351.883,1,43
6,-42.3654,-47.0401,-161.398,170.756,1,43
6,-34.8235,-52.867,-171.953,608.302,1,43
6,-30.6358,-55.399,-155.854,128.947,1,43
6,-29.0228,-56.2608,63.0319,422.455,1,43
6,-19.525,-60.2194,-21.1373,567.233,1,43
6,-17.2204,-60.9184,-179.428,96.4838,1,43
6,-16.8012,-61.0354,-179.32,110.414,1,43
6,-15.8203,-61.297,-179.037,351.518,1,43
6,-8.6467,-62.7123,-64.2712,2012.06,1,43
6,-5.9877,-63.0218,-2.86602,1677.37,1,43
6,-2.77857,-63.2446,-212.5,55.1909,1,43
6,0.422583,-63.3042,12.1915,415.164,1,43
6,1.29063,-63.2924,75.1111,1237.87,1,43
6,2.70494,-63.2478,58.9797,437.165,1,43
6,2.69462,-63.2482,-114.786,574.462,1,43
6,3.84451,-63.1888,-138.81,246.631,1,43
6,13.6546,-61.8155,-223.915,509.552,1,43
6,15.6331,-61.345,-216.316,53.1681,1,43
6,17.1732,-60.9318,-253.313,739.549,1,43
6,37.7793,-50.7969,92.0334,108.923,1,43
6,43.3393,-46.1444,-192.511,247.633,1,43
6,45.189,-44.3345,-104.812,231.057,1,43
6,46.7321,-42.705,-136.422,79.8114,1,43
6,47.0003,-42.4096,-146.864,276.209,1,43
6,47.31,-42.0638,-200.899,66.359,1,43
6,47.4245,-41.9346,-202.038,77.9113,1,43
6,48.7512,-40.3847,-107.881,608.966,1,43
6,52.0566,-36.0238,87.7467,500.114,1,43
6,54.5844,-32.0647,-121.677,1195.35,1,43
6,61.6679,-14.3061,-204.382,599.055,1,43
6,62.7122,-8.6475,-299.319,406.555,1,43
6,63.248,-2.70091,-99.408,532.948,1,43
6,63.2999,0.850102,105.5,66,1,43
6,63.2783,1.85747,-154.632,948.406,1,43
6,62.4807,10.1861,-184.954,603.863,1,43
6,62.474,10.227,-186.636,2.65736,1,43
6,62.2784,11.3581,-84.5473,741.747,1,43
6,60.4015,18.954,-289.668,25.1942,1,43
6,58.5532,24.0649,-132.604,673.259,1,43
6,58.2102,24.8832,-207.065,284.568,1,43
6,56.8931,27.7628,46.4554,302.54,1,43
6,55.834,29.8355,-16.1774,125.529,1,43
6,52.1047,35.9541,-180.297,333.603,1,43
6,51.7908,36.4049,-38.8246,144.278,1,43
6,51.5569,36.7353,30.876,88.5204,1,43
6,48.9424,40.1527,89.6898,1363.69,1,43
6,46.6873,42.7539,-291.654,282.144,1,43
6,37.412,51.068,102.281,174.589,1,43
6,36.5306,51.7021,-284.089,696.05,1,43
6,35.0225,52.7354,-299.524,705.33,1,43
6,34.4062,53.1396,-135.352,798.805,1,43
6,32.5546,54.2936,-156.108,54.151,1,43
6,23.7997,58.6615,-131.068,189.123,1,43
6,23.8267,58.6506,-9.828,1.03685,1,43
6,22.8271,59.0468,-8.85233,1155.56,1,43
6,22.0333,59.3476,-9.18368,157.884,1,43
6,21.7092,59.4669,-10.2877,485.134,1,43
6,20.7137,59.8209,-11.0464,1369.64,1,43
6,19.6078,60.1925,-12.2566,382.112,1,43
6,15.0806,61.4831,-291.245,468.242,1,43
6,10.5648,62.4178,-203.31,462.808,1,43
6,5.09244,63.1004,84.1108,312.556,1,43
6,-4.43162,63.1503,-222.94,2437.11,1,43
6,-5.08737,63.1009,-166.284,22.0155,1,43
6,-7.25489,62.8885,-203.897,768.737,1,43
6,-7.87194,62.8143,-139.134,609.75,1,43
6,-15.4996,61.3788,-302.238,248.928,1,43
6,-20.8083,59.7881,-174.889,475.433,1,43
6,-23.7196,58.694,-120.291,297.92,1,43
6,-25.8434,57.7903,-112.855,828.757,1,43
6,-26.3636,57.5548,24.338,321.33,1,43
6,-30.0702,55.708,89.812,25.1803,1,43
6,-30.9158,55.2432,90.3544,200.823,1,43
6,-31.66,54.8201,91.6312,815.604,1,43
6,-38.1171,50.5439,-147.903,133.626,1,43
6,-40.8924,48.326,-153.536,1086.25,1,43
6,-44.4576,45.068,-64.7227,99.8718,1,43
6,-48.1519,41.0974,-7.07678,654.778,1,43
6,-51.8074,36.3813,-265.924,21.0555,1,43
6,-52.005,36.0982,-265.7,121.077,1,43
6,-53.4169,33.9739,-33.29,524.457,1,43
6,-55.2305,30.9384,-173.275,618.658,1,43
6,-58.2803,24.7186,-45.16,675.374,1,43
6,-61.8236,13.6176,65.22,21.0139,1,43
6,-63.8681,-8.27452,143.428,1686.08,0,44
6,-61.9022,-17.7685,-26.636,28.1787,0,44
6,-61.5911,-18.8188,-26.7833,1065.69,0,44
6,-61.3581,-19.565,280,223.541,0,44
6,-60.3492,-22.4852,63.18,135.432,0,44
6,-59.7486,-24.0355,180.056,384.257,0,44
6,-59.4726,-24.7105,166.407,1913.31,0,44
6,-58.1055,-27.7733,-10.3674,66.7391,0,44
6,-57.447,-29.1109,-93.6887,167.68,0,44
6,-57.1001,-29.7855,-40.0842,167.749,0,44
6,-55.7505,-32.2411,-104.528,281.817,0,44
6,-54.5923,-34.1656,172.081,391.222,0,44
6,-52.2365,-37.6689,-89.7411,683.834,0,44
6,-50.6682,-39.7535,178.156,49.1526,0,44
6,-43.6603,-47.3433,234.027,560.014,0,44
6,-33.4372,-55.0414,287.395,66.5254,0,44
6,-33.1423,-55.2195,286.581,89.4128,0,44
6,-31.0111,-56.4439,-31.3076,562.351,0,44
6,-29.0829,-57.4612,132.929,908.467,0,44
6,-24.6238,-59.5086,-104.025,1105.19,0,44
6,-23.4539,-59.9793,171.908,931.03,0,44
6,-14.6982,-62.7022,115.205,330.413,0,44
6,-13.9679,-62.8689,-91.2053,540.87,0,44
6,-13.2984,-63.0139,50.0717,645.106,0,44
6,-12.7217,-63.1329,145.443,213.616,0,44
6,-11.3653,-63.3911,90.3493,297.96,0,44
6,-1.61848,-64.3816,154.348,661.181,0,44
6,-0.595567,-64.3991,16.4793,582.019,0,44
6,1.49273,-64.3846,268.847,144.213,0,44
6,14.1962,-62.8178,9.5428,186.206,0,44
6,14.7097,-62.6995,8.98,25.2785,0,44
6,27.9316,-58.0295,291.364,37.1093,0,44
6,28.7203,-57.6433,-87.9076,82.6838,0,44
6,29.0342,-57.4858,-88.3291,81.7252,0,44
6,29.3473,-57.3266,-88.116,36.2528,0,44
6,32.3223,-55.7034,-89.8199,189.371,0,44
6,32.5805,-55.5528,-90.66,23.04,0,44
6,32.9484,-55.3354,-90.3477,83.447,0,44
6,33.1502,-55.2147,181.083,1031.21,0,44
6,34.7511,-54.2215,-91.7491,2435.64,0,44
6,36.6001,-52.9909,152.91,404.933,0,44
6,39.2492,-51.0598,272.525,573.702,0,44
6,39.5772,-50.806,150.466,187.129,0,44
6,39.9673,-50.4997,150.596,26.0186,0,44
6,42.0432,-48.785,40.266,282.481,0,44
6,43.5502,-47.4445,-97.8645,1295.77,0,44
6,44.7974,-46.2687,-98.9468,888.101,0,44
6,44.887,-46.1818,185.787,793.884,0,44
6,46.0476,-45.0246,-99.9606,437.628,0,44
6,47.0886,-43.9348,-100.7,1870.43,0,44
6,47.8142,-43.1441,-100.981,87.6902,0,44
6,53.2796,-36.1786,207.876,1047.76,0,44
6,59.7006,-24.1545,-8.32531,776.309,0,44
6,60.1766,-22.9431,-38.1006,324.513,0,44
6,62.7787,-14.3682,78.9669,302.657,0,44
6,62.934,-13.6718,37.6839,320.45,0,44
6,62.9232,-13.7213,78.5874,153.169,0,44
6,63.1125,-12.8225,-44.1918,54.3573,0,44
6,63.6906,-9.54519,-99.1729,3709.57,0,44
6,63.9918,-7.25659,-86.2547,403.939,0,44
6,64.013,-7.06696,-43.2426,843.008,0,44
6,64.0993,-6.23523,303.107,383.553,0,44
6,64.3903,-1.22065,-69.5809,384.384,0,44
6,64.3884,1.31714,305.566,67.4455,0,44
6,64.3803,1.6683,305.613,116.716,0,44
6,64.3702,2.01941,305.556,77.6469,0,44
6,64.2944,3.71866,-54.9112,959.26,0,44
6,64.0106,7.08869,-89.3917,352.002,0,44
6,63.9721,7.42763,-21.3709,331.923,0,44
6,63.6581,9.75992,123.832,694.746,0,44
6,62.5079,15.5037,-16.8389,336.603,0,44
6,61.6245,18.7091,279.567,1425.85,0,44
6,60.287,22.6512,217.264,243.955,0,44
6,60.1245,23.0792,95.5233,3173.37,0,44
6,58.2561,27.456,116.712,351.393,0,44
6,57.7485,28.5081,194.796,193.638,0,44
6,54.3959,34.4775,-103.69,596.998,0,44
6,49.3876,41.3336,-95.3756,1209.54,0,44
6,48.0973,42.8282,216.757,1462.12,0,44
6,43.832,47.1843,97.7442,117.86,0,44
6,43.832,47.1843,135.332,28.0294,0,44
6,43.832,47.1843,180.7,27.0832,0,44
6,11.6154,63.3458,167.802,57.3851,0,44
6,10.9565,63.4631,99.0245,382.927,0,44
6,11.2697,63.4082,167.556,31.0416,0,44
6,10.6502,63.5152,167.98,57.2774,0,44
6,3.21958,64.3214,112.637,682.386,0,44
6,-1.58032,64.3825,-84.7043,418.443,0,44
6,-3.66,64.2978,197.166,2268.47,0,44
6,-3.86061,64.2861,130.246,354.906,0,44
6,-4.60621,64.237,197.419,517.306,0,44
6,-4.80639,64.2223,-70.2123,325.052,0,44
6,-22.8182,60.224,204.836,1150.63,0,44
6,-27.7688,58.1076,-50.0161,428.011,0,44
6,-28.3749,57.8141,-49.7357,215.006,0,44
6,-44.3441,46.7034,165.26,127.735,0,44
6,-44.3441,46.7034,192.563,157.169,0,44
6,-48.5719,42.2892,-15.1829,3028.71,0,44
6,-50.5138,39.9494,24.3612,917.262,0,44
6,-53.4014,35.9985,135.332,21.0693,0,44
6,-55.3959,32.8466,-43.8781,1135.37,0,44
6,-61.9982,17.4306,-100.835,1090.78,0,44
6,-62.0924,17.0921,-100.643,91.7686,0,44
6,-63.7464,9.16552,133.562,327.895,0,44
6,-63.854,8.38319,88.991,629.062,0,44
6,-64.3241,3.16373,305.605,568.862,0,44
6,-64.3661,2.14657,160.493,112.73,0,44
6,-62.6995,-14.7097,-230.866,79.0819,1,44
6,-62.5771,-15.2221,-231.156,31.0925,1,44
6,-61.2557,-19.8831,-184.763,192.332,1,44
6,-60.2051,-22.8682,-202.398,1533.8,1,44
6,-60.305,-22.6034,-258.959,98.5565,1,44
6,-54.5877,-34.1728,-140.665,146.938,1,44
6,-47.6613,-43.3129,86.8361,445.247,1,44
6,-43.3754,-47.6044,-33.5026,300.234,1,44
6,-43.0639,-47.8864,-160.111,2459.19,1,44
6,-31.0535,-56.4206,-155.466,56.5066,1,44
6,-29.6243,-57.184,63.0928,766.996,1,44
6,-27.7673,-58.1083,-303.934,944.242,1,44
6,-20.7798,-60.9574,-19.849,750.44,1,44
6,-15.4255,-62.5273,-178.69,3750.51,1,44
6,-8.36206,-63.8567,-62.7792,269.732,1,44
6,-5.72306,-64.1471,-1.53536,100.516,1,44
6,-2.07388,-64.3685,-212.459,462.251,1,44
6,-0.449386,-64.4003,12.9783,271.036,1,44
6,1.20794,-64.3906,75.9175,384.871,1,44
6,2.4515,-64.3552,-114.132,50.314,1,44
6,3.56129,-64.3034,-138.118,875.106,1,44
6,14.6455,-62.7145,-222.465,561.626,1,44
6,16.244,-62.3196,-216.316,22.2325,1,44
6,17.5895,-61.9533,-252.758,218.564,1,44
6,30.0367,-56.9684,-301.53,444.61,1,44
6,38.2611,-51.8044,93.021,804.949,1,44
6,43.8507,-47.1669,-192.21,164.542,1,44
6,46.1203,-44.9503,-104.094,172.595,1,44
6,47.1509,-43.868,-136.263,130.778,1,44
6,47.9702,-42.9705,-199.801,720,1,44
6,48.0057,-42.9309,-146.067,429.625,1,44
6,49.8224,-40.8085,-106.456,860.902,1,44
6,53.0251,-36.5506,88.7235,134.287,1,44
6,55.1879,-33.1949,-121.08,1502.85,1,44
6,58.6896,-26.5167,62.2892,302.44,1,44
6,59.1855,-25.3905,-240.795,6307.08,1,44
6,61.0542,-20.4936,61.8618,816.009,1,44
6,62.5771,-15.2221,-203.536,176.704,1,44
6,62.6995,-14.7096,-203.783,103.912,1,44
6,63.8623,-8.31905,-298.742,244.442,1,44
6,63.3413,11.6398,-83.6336,429.229,1,44
6,61.5959,18.803,-288.533,1126.59,1,44
6,59.5321,24.5669,-132.131,595.334,1,44
6,59.2918,25.1414,-205.98,1508.75,1,44
6,57.7164,28.5731,47.2803,626.213,1,44
6,56.9532,30.0655,-15.0017,467.6,1,44
6,52.8844,36.7538,-179.541,328.352,1,44
6,52.813,36.8563,-37.9603,381.204,1,44
6,52.5019,37.2982,31.3,30.2358,1,44
6,50.1863,40.3601,90.6808,729.563,1,44
6,47.9645,42.9768,61.3081,3317.79,1,44
6,47.6471,43.3285,-290.618,1394.46,1,44
6,37.566,52.3106,103.857,754.347,1,44
6,36.9214,52.7676,-283.515,1056.92,1,44
6,36.8272,52.8333,-156.201,104.137,1,44
6,35.8807,53.4807,-297.983,147.1,1,44
6,35.3254,53.8491,-133.605,580.648,1,44
6,31.1896,56.3455,0.148156,184.132,1,44
6,30.47,56.7379,-0.354671,119.7,1,44
6,29.8233,57.0804,-1.35346,1666.58,1,44
6,29.1909,57.4064,-2.196,34.0849,1,44
6,28.4694,57.7676,-2.80362,265.084,1,44
6,27.9126,58.0387,-3.62634,166.393,1,44
6,27.0116,58.4635,-4.5384,858.599,1,44
6,25.958,58.9389,-5.588,78.3451,1,44
6,24.7003,59.4769,-7.18408,948.584,1,44
6,24.45,59.5802,-130.83,319.116,1,44
6,15.4945,62.5102,-290.743,262.875,1,44
6,10.9288,63.4678,-202.699,442.228,1,44
6,4.81989,64.2213,83.876,134.635,1,44
6,-3.76914,64.2915,-221.695,1560.01,1,44
6,-5.47336,64.1689,-165.539,337.764,1,44
6,-6.63549,64.0592,-202.088,2217.55,1,44
6,-7.64569,63.9464,-138.865,398.969,1,44
6,-20.7699,60.9608,-174.764,125.524,1,44
6,-24.3092,59.6378,-119.125,364.847,1,44
6,-25.245,59.2477,-111.711,2038.33,1,44
6,-26.8556,58.5353,24.0735,305.284,1,44
6,-27.297,58.3308,24.092,35.0416,1,44
6,-30.5631,56.6878,-260.954,1257.31,1,44
6,-32.4529,55.6274,92.1451,344.339,1,44
6,-32.9793,55.317,92.8722,194.58,1,44
6,-33.6349,54.9208,93.3608,113.661,1,44
6,-34.5051,54.3783,42.803,193.764,1,44
6,-38.5414,51.5961,-147.392,208.379,1,44
6,-41.3502,49.3737,-152.516,514.793,1,44
6,-44.9768,46.0944,-63.679,308.456,1,44
6,-45.2275,45.8484,-63.8784,57.7541,1,44
6,-49.0715,41.7084,-5.22078,478.005,1,44
6,-52.5633,37.2117,-265.055,349.733,1,44
6,-54.2966,34.6335,-32.88,223.553,1,44
6,-56.2413,31.3771,-173.074,816.38,1,44
6,-59.5552,24.5109,-44.6312,380.493,1,44
6,-62.7614,14.4433,105.5,203,1,44
6,-62.9417,13.6362,65.7729,619.566,1,44
6,-64.2274,4.73747,87.327,479.414,1,44
6,-65.1811,-6.44932,143.148,2878.85,0,45
6,-64.8915,-8.90286,135.143,278.067,0,45
6,-63.3817,-16.5208,-26.212,30.1509,0,45
6,-63.1062,-17.5438,-26.4889,134.987,0,45
6,-62.463,-19.7114,279.136,816.95,0,45
6,-61.1935,-23.3566,62.6002,353.56,0,45
6,-60.8168,-24.3206,180.454,1644.84,0,45
6,-60.6192,-24.809,166.301,7146,0,45
6,-59.2489,-27.9239,-40.4098,133.98,0,45
6,-59.0207,-28.4031,-40.3666,172.24,0,45
6,-59.0035,-28.4386,-10.5421,372.109,0,45
6,-58.2862,-29.8813,-40.2661,501.095,0,45
6,-58.1619,-30.1226,-93.8649,1508.27,0,45
6,-56.8576,-32.5174,-105.13,159.408,0,45
6,-55.4349,-34.8876,171.238,891.613,0,45
6,-53.4476,-37.8619,-90.8727,199.83,0,45
6,-51.8006,-40.0857,177.732,26.2203,0,45
6,-50.4613,-41.7592,258.292,25.1184,0,45
6,-50.0028,-42.3071,257.868,28.0677,0,45
6,-43.9205,-48.5918,233.276,32.1124,0,45
6,-31.2385,-57.5702,-32.9994,514.001,0,45
6,-25.0637,-60.5143,171.69,1077.84,0,45
6,-24.819,-60.6151,-105.263,637.899,0,45
6,-15.2408,-63.7016,114.556,57.1559,0,45
6,-14.6171,-63.8476,-91.9348,527.399,0,45
6,-13.7968,-64.0298,49.3556,1714.21,0,45
6,-13.0582,-64.1845,145.134,426.769,0,45
6,-11.7668,-64.4338,89.3929,243.205,0,45
6,-1.48827,-65.4825,152.716,429.05,0,45
6,-0.00234475,-65.4994,15.3965,372.336,0,45
6,1.2931,-65.4866,268.25,247.714,0,45
6,14.6561,-63.8386,-53.8533,1579.44,0,45
6,15.7854,-63.5688,7.09221,508.431,0,45
6,20.2966,-62.2754,220.287,206.336,0,45
6,27.456,-59.4672,57.4018,437.505,0,45
6,28.931,-58.7637,290.847,109.969,0,45
6,29.2524,-58.6043,290.004,307.341,0,45
6,32.5174,-56.8576,134.753,79.4283,0,45
6,34.1329,-55.9028,180.533,623.874,0,45
6,36.5896,-54.3266,-92.5264,338.891,0,45
6,37.5917,-53.638,-93.0521,198.973,0,45
6,37.4957,-53.7051,155.827,113,0,45
6,38.3697,-53.0843,-93.6615,671.893,0,45
6,39.1591,-52.5047,-94.476,68.142,0,45
6,39.5183,-52.2348,-94.2028,112.8,0,45
6,40.1531,-51.7484,-94.8101,385.593,0,45
6,40.0683,-51.8141,149.318,1126.87,0,45
6,40.0223,-51.8497,271.813,1741.38,0,45
6,41.2794,-50.8545,-95.6891,1814.45,0,45
6,42.6809,-49.6841,39.7954,278.287,0,45
6,45.834,-46.7912,185.313,244.084,0,45
6,50.3473,-41.8966,216.517,156.346,0,45
6,51.2492,-40.7883,61.9768,379.234,0,45
6,57.3316,-31.6742,148.702,130.872,0,45
6,60.5086,-25.0776,-8.31659,232.368,0,45
6,61.2332,-23.2522,-38.1857,200.052,0,45
6,63.8729,-14.5061,36.5029,459.369,0,45
6,63.9661,-14.0894,36.964,54.291,0,45
6,64.0875,-13.5266,-44.3807,214.574,0,45
6,64.6083,-10.7676,-100.559,2258.79,0,45
6,65.0965,-7.25413,-43.3234,2298.06,0,45
6,65.1213,-7.02747,-87.468,1003.01,0,45
6,65.443,2.71638,305.569,1022.65,0,45
6,65.3868,3.83925,-55.6678,523.398,0,45
6,65.1538,6.72012,-21.5741,593.596,0,45
6,65.129,6.95574,-89.9475,564.457,0,45
6,64.6286,10.6449,122.378,1143.37,0,45
6,63.6585,15.4199,-18.0717,2413.03,0,45
6,62.4788,19.6614,277.906,363.547,0,45
6,62.277,20.2914,276.948,1,0,45
6,61.4022,22.8022,217.239,141.241,0,45
6,60.9827,23.9015,93.9031,1006.88,0,45
6,59.2329,27.9578,116.045,115.087,0,45
6,58.9871,28.4727,194.725,362.8,0,45
6,50.1001,42.1919,-96.4616,1726.19,0,45
6,49.7066,42.6547,214.851,370.058,0,45
6,49.2467,43.1849,215.941,313.356,0,45
6,45.0267,47.5686,134.827,435.963,0,45
6,44.2166,48.3225,-94.1503,2437.48,0,45
6,44.4479,48.1098,96.324,49.1942,0,45
6,42.7275,49.644,301.077,224.083,0,45
6,41.6862,50.5216,181.91,3946.61,0,45
6,42.4433,49.8873,300.887,68.5654,0,45
6,41.9059,50.3395,178.285,790.651,0,45
6,37.1913,53.9164,278.638,838.375,0,45
6,11.4903,64.4837,97.4019,424.938,0,45
6,10.0499,64.7238,168.304,1599.31,0,45
6,2.87736,65.4362,111.206,920.686,0,45
6,-0.407552,65.4981,196.22,110.91,0,45
6,-2.11309,65.4653,196.637,1397.4,0,45
6,-1.48769,65.4825,-85.0888,735.79,0,45
6,-3.65579,65.3973,129.774,960.495,0,45
6,-4.63506,65.3352,-70.7497,650.098,0,45
6,-23.8877,60.9881,204.326,1613.25,0,45
6,-27.8931,59.2633,-50.4423,300.289,0,45
6,-40.7971,51.2423,-102.373,1077.38,0,45
6,-45.2239,47.3811,192.399,432.676,0,45
6,-45.8653,46.7605,165.57,252.077,0,45
6,-46.7847,45.8406,165.61,226.079,0,45
6,-50.4477,41.7756,-15.612,76.3066,0,45
6,-50.9234,41.1944,-15.6069,225.451,0,45
6,-51.3603,40.6484,-15.612,34.0538,0,45
6,-51.6129,40.3271,23.1578,167.875,0,45
6,-57.209,31.8952,96.4498,155,0,45
6,-57.8193,30.775,-43.7897,525.485,0,45
6,-59.7365,26.8649,-88.5517,122.133,0,45
6,-62.4953,19.609,237.051,1374.26,0,45
6,-63.0086,17.8908,207.36,537.416,0,45
6,-63.1206,17.4916,-101.311,699.521,0,45
6,-64.7625,9.79719,133.432,490.203,0,45
6,-64.8916,8.9022,87.0834,395.539,0,45
6,-65.4404,2.77944,305.518,295.985,0,45
6,-65.4593,2.2931,159.935,2764.47,0,45
6,-63.8487,-14.6123,-229.46,24.0971,1,45
6,-62.9985,-17.9267,-120.19,139.503,1,45
6,-62.4947,-19.6109,-183.988,621,1,45
6,-62.0721,-20.91,-184.695,493.222,1,45
6,-61.3447,-22.9565,-202.042,821.467,1,45
6,-61.2572,-23.189,-258.661,936.114,1,45
6,-55.4678,-34.8352,-140.422,221.683,1,45
6,-48.6014,-43.9098,86.7132,328.67,1,45
6,-44.4621,-48.0967,-31.948,439.43,1,45
6,-43.7711,-48.7264,-159.327,471.74,1,45
6,-36.2511,-54.553,-171.707,357.373,1,45
6,-31.2345,-57.5723,-155.096,504.447,1,45
6,-28.82,-58.8182,-303.159,460.196,1,45
6,-21.6829,-61.8063,-19.1921,1835.93,1,45
6,-17.9939,-62.9793,-181.702,668.089,1,45
6,-14.6355,-63.8433,-178.296,3484.78,1,45
6,-8.03004,-65.0053,-61.3798,413.872,1,45
6,-5.4016,-65.2763,-0.271492,569.13,1,45
6,-1.32137,-65.4861,-212.246,943.486,1,45
6,-1.20362,-65.4883,13.7912,1128.03,1,45
6,0.884059,-65.4934,76.8028,311.986,1,45
6,2.14648,-65.4642,-113.526,196.553,1,45
6,3.27215,-65.4176,-137.157,121.044,1,45
6,15.5731,-63.6211,-220.969,659.346,1,45
6,18.0443,-62.9649,-252.111,869.653,1,45
6,31.0183,-57.6891,-299.943,1077.64,1,45
6,38.8143,-52.7601,93.8801,1716.95,1,45
6,44.3372,-48.2118,-191.878,140.088,1,45
6,47.2373,-45.3741,-103.548,170.788,1,45
6,47.3821,-45.2229,-136,789.874,1,45
6,47.4993,-45.0998,-103.051,232.648,1,45
6,48.5574,-43.9585,-198.133,803.607,1,45
6,49.0853,-43.3683,-145.345,213.479,1,45
6,50.9329,-41.1826,-104.86,1109.11,1,45
6,54.0953,-36.9305,89.6219,163.273,1,45
6,59.8406,-26.6323,62.6848,234.186,1,45
6,60.4126,-25.308,-240.097,4533.1,1,45
6,62.0233,-21.0543,62.2167,341.339,1,45
6,63.5458,-15.8776,-203.245,123.533,1,45
6,65.0205,-7.90607,-298.1,580.388,1,45
6,65.4588,-2.30458,-95.6405,541.543,1,45
6,64.6751,10.3587,-184.724,678.375,1,45
6,64.4009,11.9456,-82.0976,266.882,1,45
6,62.6741,19.0296,-287.318,1023.1,1,45
6,62.4434,19.7734,-261.744,350.637,1,45
6,60.4496,25.2193,-130.848,584.505,1,45
6,60.3659,25.419,-204.683,545.433,1,45
6,57.9984,30.436,-14.2559,181.792,1,45
6,53.9015,37.2129,-36.575,1157.57,1,45
6,53.6806,37.5309,31.7715,528.917,1,45
6,51.3314,40.6849,91.6843,1220.62,1,45
6,48.9278,43.5458,61.6796,2094.27,1,45
6,48.7919,43.6981,-289.088,801.238,1,45
6,37.7578,53.5212,105.301,357.863,1,45
6,37.2137,53.9009,-156.097,363.92,1,45
6,37.3619,53.7983,-282.91,979.754,1,45
6,36.944,54.0862,-296.219,561.659,1,45
6,36.4637,54.4111,6.284,26.0832,1,45
6,36.279,54.5345,-132.133,592.214,1,45
6,36.1913,54.5927,5.44306,192.206,1,45
6,35.5207,55.0313,4.87916,2498.29,1,45
6,34.6858,55.5614,3.71933,247.8,1,45
6,33.9901,55.9897,3.15003,205.86,1,45
6,33.5134,56.2763,2.21297,173.668,1,45
6,33.3241,56.3886,-155.976,147.803,1,45
6,32.9181,56.6266,1.47278,400.803,1,45
6,32.1358,57.0742,1.07694,717.431,1,45
6,25.4075,60.3708,-130.175,584.07,1,45
6,16.1698,63.4721,-290.102,546.719,1,45
6,11.5583,64.4715,-201.951,630.747,1,45
6,4.72935,65.3284,83.7228,181.818,1,45
6,-2.41086,65.455,-219.684,526.594,1,45
6,-2.96247,65.4324,-220.179,2539.6,1,45
6,-5.81473,65.2408,-165.051,1100.83,1,45
6,-6.04663,65.2197,-200.681,233.899,1,45
6,-6.48301,65.1778,-201.388,188.247,1,45
6,-7.2866,65.0928,-138.314,950.378,1,45
6,-15.8284,63.5581,-300.459,215.995,1,45
6,-20.7019,62.1418,-174.764,100.402,1,45
6,-24.838,60.6073,-118.094,1043.68,1,45
6,-27.5818,59.4089,23.6773,730.187,1,45
6,-35.2629,55.1969,95.4215,665.515,1,45
6,-34.6849,55.5619,94.1865,201.282,1,45
6,-35.3226,55.1587,42.8389,693.301,1,45
6,-39.0335,52.5981,-146.698,393.792,1,45
6,-41.8966,50.3473,-151.648,46.3679,1,45
6,-45.6607,46.9603,-62.2327,238.366,1,45
6,-49.9802,42.3338,-4.00656,407.684,1,45
6,-53.1889,38.2245,-264.407,72.713,1,45
6,-55.1762,35.2953,-32.1343,1088.84,1,45
6,-57.2587,31.8059,-172.722,4206.84,1,45
6,-60.75,24.4868,-44.172,23.0267,1,45
6,-63.5581,15.8284,105.5,35,1,45
6,-63.7097,15.2069,105.5,196,1,45
6,-64.042,13.7403,66.3438,135.534,1,45
6,-65.2709,5.46632,88.672,312.271,1,45
6,-66.4811,-3.9196,142.8,680.705,0,46
6,-66.3955,-5.17079,142.964,23.1265,0,46
6,-66.0713,-8.34717,134.743,499.908,0,46
6,-64.9982,-14.5028,-25.9986,44.3573,0,46
6,-63.6616,-19.5522,278.166,224.3,0,46
6,-62.7037,-22.4353,180.845,201.379,0,46
6,-62.0654,-24.1449,165.812,1831.87,0,46
6,-62.0306,-24.2343,61.9077,229.65,0,46
6,-61.9872,-24.3451,179.485,289.883,0,46
6,-59.9144,-29.075,-10.6482,146.751,0,46
6,-58.4256,-31.9616,-94.354,1635.46,0,46
6,-56.3128,-35.5522,169.672,96.452,0,46
6,-56.1181,-35.8588,169.354,265.411,0,46
6,-54.5787,-38.161,-91.3783,104.385,0,46
6,-52.9705,-40.3636,177.048,982.984,0,46
6,-50.3447,-43.5947,257.094,576.044,0,46
6,-15.3081,-64.8132,-92.7578,338.835,0,46
6,-12.1452,-65.4797,88.0883,372.735,0,46
6,-1.21692,-66.5854,151.149,842.688,0,46
6,0.312545,-66.5958,14.7037,96.0686,0,46
6,21.06,-63.1789,218.221,715.96,0,46
6,29.8614,-59.5264,288.82,21.0693,0,46
6,30.1856,-59.3626,289.442,122.497,0,46
6,30.4797,-59.2122,288.526,144.769,0,46
6,30.7565,-59.0689,287.548,54.2929,0,46
6,33.2296,-57.7138,133.831,108.165,0,46
6,40.2939,-53.0235,147.702,417.048,0,46
6,40.7593,-52.6666,270.524,3951.06,0,46
6,43.171,-50.7085,39.1831,282.887,0,46
6,50.9319,-42.9073,216.36,465.058,0,46
6,55.5253,-36.77,204.018,605.968,0,46
6,58.0529,-32.6336,148.702,199.574,0,46
6,61.3892,-25.816,-8.404,55.5132,0,46
6,62.3111,-23.5038,-38.1922,235.084,0,46
6,64.8402,-15.1936,35.9191,355.523,0,46
6,65.0562,-14.2401,-44.5874,156.813,0,46
6,65.451,-12.2986,-102.092,3982.76,0,46
6,65.4786,-12.151,77.4973,2425.03,0,46
6,66.1802,-7.43462,-43.5302,763.824,0,46
6,66.2045,-7.21511,301.019,1542.93,0,46
6,66.5945,-0.518899,-70.5784,462.09,0,46
6,66.521,3.17097,305.541,331.959,0,46
6,66.4614,4.2401,-56.5927,346.995,0,46
6,66.3351,5.89473,-21.6916,328.126,0,46
6,66.2511,6.774,-90.8535,894.828,0,46
6,65.6176,11.3764,121.628,1530.57,0,46
6,64.8487,15.1572,-19.6521,353.915,0,46
6,63.2431,20.8665,275.543,1158.72,0,46
6,62.4841,23.0398,217.186,308.032,0,46
6,61.8233,24.7584,92.3064,465.256,0,46
6,60.2305,28.4144,194.439,151.075,0,46
6,60.0627,28.7675,115.522,316.688,0,46
6,56.0201,36.0117,-105.368,132.262,0,46
6,51.122,42.6806,213.343,1900.64,0,46
6,50.8066,43.0556,-97.3911,295.917,0,46
6,46.6003,47.5763,134.382,87.5948,0,46
6,45.498,48.6315,-95.6822,4810.91,0,46
6,44.1532,49.8557,300.568,95.7301,0,46
6,43.6662,50.2828,300.691,629.712,0,46
6,42.3599,51.388,177.655,1696.82,0,46
6,40.3095,53.0117,182.718,562.527,0,46
6,39.5985,53.5449,183.057,134.34,0,46
6,38.7481,54.1635,183.281,1181.96,0,46
6,37.5275,55.0162,277.656,363.105,0,46
6,37.1597,55.2653,276.747,204.774,0,46
6,12.04,65.4991,95.8304,1087.83,0,46
6,9.68189,65.889,168.404,38.0694,0,46
6,9.0346,65.9808,168.794,893.593,0,46
6,3.156,66.5217,195.03,399.746,0,46
6,2.48759,66.55,109.805,617.439,0,46
6,2.28343,66.5573,195.313,209.742,0,46
6,1.54357,66.5786,195.728,57.473,0,46
6,0.889036,66.5906,195.743,169.186,0,46
6,-1.11324,66.5872,-85.935,798.594,0,46
6,-3.16285,66.5214,129.193,735.274,0,46
6,-3.99662,66.4765,-71.3519,244.799,0,46
6,-11.117,65.6621,108.62,38.0973,0,46
6,-12.9033,65.3345,-81.756,33.1526,0,46
6,-24.9848,61.7321,203.836,658.751,0,46
6,-27.2365,60.7723,-51.228,31.1093,0,46
6,-27.721,60.5528,-50.7674,232.511,0,46
6,-41.3312,52.219,-103.284,857.796,0,46
6,-46.076,48.0843,192.356,245.916,0,46
6,-47.7186,46.4546,165.86,57.2043,0,46
6,-48.4608,45.6798,165.971,919.77,0,46
6,-52.5054,40.9667,-15.8466,104.883,0,46
6,-52.6045,40.8395,21.8854,235.465,0,46
6,-52.9449,40.3971,-16.036,78.1958,0,46
6,-53.3335,39.8827,-16.036,102.621,0,46
6,-53.6527,39.4523,-16.036,38.2757,0,46
6,-54.396,38.421,135.332,36.2513,0,46
6,-59.5264,29.8614,-43.5552,115.445,0,46
6,-59.6884,29.5363,-43.7317,84.3484,0,46
6,-63.9105,18.7228,206.798,80.5515,0,46
6,-64.5982,16.1915,-103.203,6313.8,0,46
6,-64.6663,15.9172,-92.566,1355,0,46
6,-65.8155,10.1693,133.061,208.203,0,46
6,-65.9406,9.32361,85.7235,633.953,0,46
6,-66.5553,2.34173,305.172,554.945,0,46
6,-64.9982,-14.5028,-228.006,102.767,1,46
6,-63.6987,-19.431,-175.857,313.981,1,46
6,-62.9227,-21.8135,-184.518,401.901,1,46
6,-62.4659,-23.089,-201.757,872.34,1,46
6,-62.119,-24.0068,-257.989,96.8362,1,46
6,-56.3234,-35.5355,-140.123,387.401,1,46
6,-49.5707,-44.4729,86.6446,360.675,1,46
6,-45.429,-48.696,-31.0259,1012.9,1,46
6,-44.4796,-49.5647,-158.467,927.476,1,46
6,-36.9928,-55.3772,-171.548,206.939,1,46
6,-31.4541,-58.7003,-154.649,1056.25,1,46
6,-30.9418,-58.972,63.2173,368.836,1,46
6,-30.1569,-59.3773,-302.781,642.168,1,46
6,-22.7343,-62.5959,-18.2713,659.476,1,46
6,-14.0203,-65.104,-177.996,5551.58,1,46
6,-14.148,-65.0763,-188.089,1212,1,46
6,-7.66942,-66.1534,-59.9361,271.985,1,46
6,-5.22822,-66.391,0.828149,338.594,1,46
6,-2.78805,-66.5381,15.0323,168.026,1,46
6,-2.07287,-66.5642,14.5563,164.859,1,46
6,-0.784186,-66.5919,-212.181,477.628,1,46
6,0.770079,-66.592,77.7136,971.325,1,46
6,2.08229,-66.5639,60.1331,642.164,1,46
6,2.81418,-66.537,-136.804,45.4111,1,46
6,16.3616,-64.5553,-219.758,403.918,1,46
6,18.4499,-63.9898,-251.268,157.541,1,46
6,31.7328,-58.5502,-298.765,482.576,1,46
6,39.328,-53.7439,94.5462,227.484,1,46
6,44.9679,-49.1221,-191.724,72.2929,1,46
6,47.9006,-46.2669,-135.684,487.267,1,46
6,49.0974,-44.9949,-196.291,490.934,1,46
6,50.0406,-43.9436,-144.956,493.946,1,46
6,55.0711,-37.4469,90.9564,559.807,1,46
6,56.1181,-35.8588,-119.445,55.3606,1,46
6,56.3128,-35.5522,-119.22,24.1787,1,46
6,61.8353,-24.7284,-239.09,330.889,1,46
6,62.0355,-24.2217,-238.571,252.29,1,46
6,62.2316,-23.7134,-237.959,256.303,1,46
6,64.4658,-16.7108,-202.761,479.37,1,46
6,66.1645,-7.57335,-297.512,224.156,1,46
6,66.3509,5.71381,-152.005,134.7,1,46
6,65.7874,10.3496,-184.617,1076.28,1,46
6,65.46,12.2508,-80.7896,242.489,1,46
6,63.8743,18.846,-285.446,889.274,1,46
6,61.4841,25.5892,-203.175,681.669,1,46
6,61.3517,25.905,-129.614,1915.17,1,46
6,59.1767,30.5485,49.2168,163.76,1,46
6,59.0714,30.7517,-13.6279,137.322,1,46
6,55.0498,37.4781,-35.2973,622.049,1,46
6,54.2181,38.6716,-177.834,443.953,1,46
6,52.7903,40.599,93.2639,2993.83,1,46
6,50.0061,43.9828,62.1537,1850.26,1,46
6,49.9604,44.0347,-287.214,404.323,1,46
6,37.8709,54.7804,-294.602,481.512,1,46
6,37.6393,54.9398,-282.011,1208.77,1,46
6,37.6158,54.9558,-155.954,201.091,1,46
6,33.6465,57.4718,-155.957,281.725,1,46
6,26.2929,61.1864,-129.771,396.554,1,46
6,16.6217,64.4889,-289.523,67.4037,1,46
6,4.72192,66.4289,83.452,46.3484,1,46
6,-1.90669,66.5692,-218.561,442.53,1,46
6,-5.83021,66.3408,-199.566,439.429,1,46
6,-6.09891,66.3166,-164.28,170.95,1,46
6,-6.91554,66.2365,-137.854,415.567,1,46
6,-20.6006,63.3302,-174.625,124.773,1,46
6,-23.5576,62.2907,-109.313,398.067,1,46
6,-24.1896,62.048,-109.694,154.332,1,46
6,-25.4015,61.5618,-123.874,683,1,46
6,-32.4444,58.1589,-259.601,557.031,1,46
6,-36.0864,55.972,42.748,45.4161,1,46
6,-36.9011,55.4383,96.5989,320.953,1,46
6,-37.2011,55.2374,97.5293,199.986,1,46
6,-37.8404,54.8014,98.2973,669.735,1,46
6,-39.3868,53.7008,-145.799,457.451,1,46
6,-42.1782,51.5373,-150.39,92.6502,1,46
6,-46.2035,47.9617,-60.4602,557.85,1,46
6,-50.927,42.9131,-2.71764,567.743,1,46
6,-53.867,39.1591,-264.02,87.6747,1,46
6,-56.0723,35.9303,-31.3605,347.822,1,46
6,-58.3072,32.1771,-172.35,192.784,1,46
6,-62.1321,23.9727,-43.82,801.84,1,46
6,-64.5382,16.4292,105.468,354.4,1,46
6,-65.1177,13.9563,66.8631,276.032,1,46
6,-66.3104,6.16659,90.637,280.628,1,46
6,-67.7,-0.0923246,142.232,193.281,0,47
6,-67.6895,-1.19999,142.301,95.8272,0,47
6,-67.6608,-2.30735,142.397,71.2807,0,47
6,-67.6372,-2.91722,142.626,118.096,0,47
6,-67.2337,-7.93317,134.361,384.531,0,47
6,-66.6401,-11.9333,-25.5226,141.787,0,47
6,-66.3657,-13.3751,-25.643,859.246,0,47
6,-63.522,-23.4148,165.366,356.567,0,47
6,-63.3283,-23.9338,165.525,402.334,0,47
6,-63.1304,-24.4511,179.245,69.4426,0,47
6,-56.995,-36.5359,168.344,226.189,0,47
6,-55.803,-38.3319,-92.624,129.973,0,47
6,-50.3533,-45.2531,256.241,936.69,0,47
6,-16.7016,-65.6076,113.186,120.773,0,47
6,-16.181,-65.738,-93.7303,119.214,0,47
6,-15.8222,-65.8252,-93.3923,141.929,0,47
6,-14.9645,-66.0255,47.8064,1506.26,0,47
6,-14.0563,-66.2248,144.67,332.794,0,47
6,-1.16569,-67.6901,149.846,119.747,0,47
6,0.749123,-67.696,13.6263,402.423,0,47
6,0.594601,-67.6975,266.271,225.863,0,47
6,36.1414,-57.246,179.854,147.129,0,47
6,36.4912,-57.0237,179.489,268.21,0,47
6,39.2084,-55.1906,148.735,105.748,0,47
6,40.4679,-54.2738,145.618,82.718,0,47
6,41.5705,-53.4341,268.525,530.622,0,47
6,43.7323,-51.6797,38.6674,197.144,0,47
6,51.5844,-43.8446,216.126,356.428,0,47
6,56.5893,-37.1612,202.809,2217.82,0,47
6,62.2018,-26.7252,-8.53266,72.5026,0,47
6,63.4104,-23.7154,-38.2113,317.473,0,47
6,65.7548,-16.1125,34.6819,60.2388,0,47
6,65.8762,-15.6085,35.1303,340.1,0,47
6,66.021,-14.9845,-44.6352,239.602,0,47
6,66.3284,-13.5591,-103.468,1174.38,0,47
6,66.7997,-11.005,76.9779,157.964,0,47
6,67.2584,-7.72049,299.69,970.962,0,47
6,67.2681,-7.63557,-43.6934,1229.7,0,47
6,67.4203,-6.14829,-90.0738,231.948,0,47
6,67.7,-0.129153,-71.2011,337.258,0,47
6,67.5689,4.21328,305.571,1035.76,0,47
6,67.5411,4.6366,-57.3948,187.734,0,47
6,67.5234,4.88832,-21.972,89.2375,0,47
6,67.4789,5.46813,-21.8326,140.263,0,47
6,67.3791,6.58522,-91.5017,402.183,0,47
6,66.3197,13.6015,208.12,379.352,0,47
6,64.109,21.7564,273.959,161.53,0,47
6,63.9574,22.1981,273.337,50.4389,0,47
6,63.6102,23.1743,217.255,231.059,0,47
6,62.6452,25.6687,90.7238,859.188,0,47
6,60.8519,29.6706,114.429,422.895,0,47
6,52.6978,42.5,211.337,1136.13,0,47
6,51.5261,43.9132,-98.2485,394.793,0,47
6,46.6781,49.0352,-96.9957,3488.63,0,47
6,45.2157,50.387,300.216,294.178,0,47
6,42.8772,52.3913,177.081,863.451,0,47
6,38.8057,55.4745,183.568,276.421,0,47
6,38.3145,55.8149,183.647,414.532,0,47
6,37.8793,56.1112,183.884,299.404,0,47
6,37.2525,56.5293,184.1,1105.67,0,47
6,37.0161,56.6843,274.763,1613.4,0,47
6,35.8906,57.4036,184.426,202.959,0,47
6,35.042,57.9255,184.675,84.7873,0,47
6,12.4199,66.5511,94.7749,987.131,0,47
6,8.574,67.155,169.142,1256.46,0,47
6,7.59767,67.2724,169.358,119.026,0,47
6,7.56863,67.2757,193.667,136.714,0,47
6,6.69041,67.3687,193.984,479.697,0,47
6,5.77155,67.4536,194.325,319.415,0,47
6,4.67718,67.5383,194.547,474.661,0,47
6,3.82972,67.5917,194.863,607.945,0,47
6,-2.77964,67.643,128.937,581.79,0,47
6,-3.93047,67.5859,-72.0125,351.078,0,47
6,-10.937,66.8108,227.538,88,0,47
6,-11.2696,66.7555,107.726,1735.45,0,47
6,-11.3012,66.7502,223.69,137.299,0,47
6,-25.9917,62.5119,203.36,3003.82,0,47
6,-27.1417,62.0212,-51.5336,232.373,0,47
6,-41.8558,53.2109,-104.226,1021.19,0,47
6,-46.9379,48.7867,192.302,514.37,0,47
6,-49.9255,45.7247,166.153,251.761,0,47
6,-53.7663,41.1399,21.0877,47.3497,0,47
6,-55.2168,39.1715,-16.3254,1970.95,0,47
6,-54.7597,39.808,134.908,27.0277,0,47
6,-55.1983,39.1976,135.027,1510.09,0,47
6,-59.7505,31.8305,89.7294,197.552,0,47
6,-60.8995,29.5728,-43.4879,220.674,0,47
6,-61.6106,28.0613,-43.4476,598.207,0,47
6,-62.0311,27.119,-43.3947,138.99,0,47
6,-64.1537,21.6242,206.257,77.8035,0,47
6,-64.4332,20.7766,206.353,313.095,0,47
6,-64.8008,19.5999,233.768,510.461,0,47
6,-65.9143,15.4469,-104.541,8167.82,0,47
6,-66.9972,9.72997,84.3013,485.411,0,47
6,-67.6528,2.52949,158.692,427.649,0,47
6,-67.6732,1.90738,304.764,204.526,0,47
6,-64.8567,-19.4142,-174.7,657.988,1,47
6,-63.8263,-22.5723,-184.363,330.807,1,47
6,-63.5901,-23.2294,-201.461,1260.68,1,47
6,-62.9594,-24.8882,-257.078,1022.58,1,47
6,-57.0999,-36.3718,-139.733,183.927,1,47
6,-50.604,-44.9726,86.5665,450.778,1,47
6,-46.7488,-48.9679,-29.332,24.0816,1,47
6,-31.3423,-60.008,63.2907,95.6225,1,47
6,-31.3423,-60.008,-302.191,47.3573,1,47
6,-13.2151,-66.3978,-177.541,2036.11,1,47
6,-3.97099,-67.5835,16.2428,98.5654,1,47
6,-3.32382,-67.6185,15.741,180.786,1,47
6,-0.328225,-67.6993,-211.968,90.6314,1,47
6,0.26796,-67.6996,-211.843,231.022,1,47
6,0.594574,-67.6975,78.822,452.724,1,47
6,1.84698,-67.6749,60.4227,255.748,1,47
6,2.30735,-67.6608,-135.756,29.1404,1,47
6,2.76157,-67.6438,-136.18,52.2358,1,47
6,18.0335,-65.2541,-216.072,144.256,1,47
6,32.6439,-59.31,-297.3,25.2163,1,47
6,32.9669,-59.1311,-296.876,30.1803,1,47
6,39.8101,-54.7582,95.4938,985.701,1,47
6,45.5043,-50.1265,-191.522,302.076,1,47
6,62.2736,-26.5576,63.6527,533.237,1,47
6,63.4271,-23.6708,-237.178,3443.24,1,47
6,64.0254,-22.0011,63.0481,1024.53,1,47
6,67.3021,-7.32977,-297.033,551.883,1,47
6,67.3577,6.8007,-151.14,1315.64,1,47
6,66.91,10.3126,-184.478,417.051,1,47
6,66.5319,12.5223,-79.6308,431.651,1,47
6,65.0098,18.8954,-284.114,893.245,1,47
6,64.3511,21.0296,-260.442,498.775,1,47
6,62.6031,25.7713,-201.467,731.823,1,47
6,62.2808,26.5408,-128.602,360.064,1,47
6,60.1684,31.0334,-12.6731,445.586,1,47
6,60.0165,31.3261,49.6461,630.493,1,47
6,56.0211,38.0124,-34.7804,726.635,1,47
6,55.734,38.4321,32.8347,211.825,1,47
6,54.9074,39.6041,-176.784,244.01,1,47
6,54.1671,40.6107,94.6339,780.469,1,47
6,51.0658,44.4476,62.5161,1550.63,1,47
6,51.0534,44.4618,-286.306,98.489,1,47
6,38.8262,55.4602,-293.087,238.092,1,47
6,38.0331,56.0071,-281.325,100.81,1,47
6,37.5182,56.3533,-155.924,324.465,1,47
6,34.0721,58.5013,-155.909,247.132,1,47
6,27.1567,62.0147,-129.057,799.864,1,47
6,-4.85664,67.5257,-197.772,145.501,1,47
6,-5.35226,67.4882,-198.266,159.775,1,47
6,-6.6027,67.3774,-163.464,1121.5,1,47
6,-6.71218,67.3665,-137.514,290.195,1,47
6,-15.9905,65.7846,-297.83,963.181,1,47
6,-23.6066,63.451,-108.85,649.505,1,47
6,-25.9807,62.5165,-115.196,495.467,1,47
6,-36.8466,56.7946,42.9195,1080.98,1,47
6,-39.4564,55.0136,99.676,891.183,1,47
6,-39.7604,54.7943,-144.745,823.489,1,47
6,-40.2183,54.4591,100.694,183.973,1,47
6,-42.5365,52.6683,-149.622,389.472,1,47
6,-46.7069,49.0078,-58.3881,1451.61,1,47
6,-51.845,43.5362,-1.02777,874.106,1,47
6,-54.4299,40.2578,-263.351,338.852,1,47
6,-56.9337,36.6314,-30.8968,946.138,1,47
6,-63.3419,23.8978,-43.4204,101.366,1,47
6,-66.2273,14.0444,67.2353,328.977,1,47
6,-67.6608,2.30733,-158.861,96.7057,1,47
6,-68.3659,-7.63439,134.084,682.657,0,48
6,-68.0342,-10.1744,-25.0672,2810.92,0,48
6,-65.9714,-19.4923,276.327,191.501,0,48
6,-65.9633,-19.5197,180.276,47.208,0,48
6,-65.5536,-20.8544,180.454,186.785,0,48
6,-64.8464,-22.959,-40.7276,988.615,0,48
6,-64.7663,-23.1841,165.065,3281.2,0,48
6,-64.6101,-23.616,-40.628,30.1942,0,48
6,-64.422,-24.1243,-40.7044,127.556,0,48
6,-64.215,-24.6699,-40.7687,78.3867,0,48
6,-64.1872,-24.7421,179.044,558.465,0,48
6,-63.8121,-25.6942,60.9276,1208.3,0,48
6,-61.6701,-30.4791,-10.7952,334.548,0,48
6,-59.3128,-34.8448,-95.0984,821.479,0,48
6,-57.7796,-37.3321,167.223,1128.65,0,48
6,-57.0103,-38.4967,-93.6799,691.932,0,48
6,-55.3356,-40.8674,175.335,749.604,0,48
6,-50.4686,-46.745,255.481,188.208,0,48
6,-50.0123,-47.2329,254.983,751.677,0,48
6,-45.3643,-51.7132,230.038,342.087,0,48
6,-33.5193,-60.0719,280.06,589.574,0,48
6,-30.5067,-61.6564,171.14,1408.16,0,48
6,-16.7557,-66.719,-94.3568,95.0082,0,48
6,-14.72,-67.1974,144.221,468.127,0,48
6,-13.0445,-67.5427,85.6574,532.397,0,48
6,-0.81592,-68.786,147.994,152.978,0,48
6,0.204842,-68.7905,265.34,318.262,0,48
6,1.12179,-68.7817,12.7608,179.893,0,48
6,32.8909,-60.4182,285.231,168.249,0,48
6,33.5259,-60.0682,283.972,467.481,0,48
6,34.6765,-59.4114,132.153,264.789,0,48
6,37.3492,-57.7686,179.162,291.877,0,48
6,39.8812,-56.0505,147.565,911.778,0,48
6,40.8564,-55.3437,144.933,103.913,0,48
6,42.3876,-54.18,266.865,503.155,0,48
6,44.3509,-52.5849,38.268,337.261,0,48
6,52.0384,-44.9909,215.817,1379.32,0,48
6,54.2886,-42.2483,60.9834,604.495,0,48
6,54.5183,-41.9516,60.7197,394.334,0,48
6,57.696,-37.4613,201.2,4231.03,0,48
6,59.314,-34.8428,148.657,225.154,0,48
6,62.9375,-27.7676,-8.66051,453.661,0,48
6,64.4519,-24.0443,-38.2538,160.044,0,48
6,66.71,-16.7914,34.191,419.38,0,48
6,67.0355,-15.4409,-105.334,855.48,0,48
6,66.9808,-15.6764,-44.7216,174.194,0,48
6,67.2291,-14.5748,-104.392,1072.89,0,48
6,67.9227,-10.8942,76.473,389.216,0,48
6,68.0324,-10.1865,76.1304,107.06,0,48
6,68.087,-9.81526,76.2343,73.3623,0,48
6,68.2931,-8.26024,298.631,550.878,0,48
6,68.3473,-7.79893,-43.809,957.42,0,48
6,68.5466,-5.79139,-91.0284,825.074,0,48
6,68.7907,0.140278,-71.535,364.597,0,48
6,68.6651,4.15616,-22.0142,805.56,0,48
6,68.6162,4.89779,-58.2674,422.692,0,48
6,68.4814,6.51655,-91.967,910.885,0,48
6,67.5744,12.8791,119.736,2112.15,0,48
6,67.3245,14.1273,207.575,565.029,0,48
6,67.2992,14.2474,-23.3883,79.4465,0,48
6,67.2205,14.6142,-23.2098,344.101,0,48
6,67.2205,14.6142,207.258,156.843,0,48
6,64.9261,22.7328,272.422,69.991,0,48
6,64.727,23.2936,217.085,314.739,0,48
6,61.7219,30.3741,113.87,196.436,0,48
6,54.4959,41.9806,208.942,310.791,0,48
6,54.1506,42.4251,209.954,621.692,0,48
6,52.1595,44.8505,-99.5167,371.277,0,48
6,49.4552,47.8159,133.376,304.002,0,48
6,48.205,49.076,-99.1476,859.44,0,48
6,43.5679,53.2355,176.257,131.874,0,48
6,36.7236,58.1683,272.461,51.5496,0,48
6,34.237,59.6657,185.364,78.2774,0,48
6,32.2704,60.7519,186.077,188.239,0,48
6,30.7691,61.5259,186.417,582.48,0,48
6,8.69992,68.2384,193.348,232.609,0,48
6,7.20924,68.412,169.791,81.0301,0,48
6,1.58612,68.7725,106.719,655.063,0,48
6,-0.652441,68.7877,-87.02,267.8,0,48
6,-2.57615,68.7425,128.492,473.843,0,48
6,-3.33606,68.7099,-72.7493,912.025,0,48
6,-11.1494,67.8812,106.603,1141.21,0,48
6,-11.2844,67.8589,223.59,344.514,0,48
6,-14.4309,67.2601,-83.4282,436.962,0,48
6,-26.901,63.3128,-51.9888,313.241,0,48
6,-27.1976,63.1859,202.793,2101.27,0,48
6,-42.2483,54.2886,-105.244,335.199,0,48
6,-51.4779,45.6311,166.475,1059.63,0,48
6,-54.6956,41.7201,20.1633,357.77,0,48
6,-55.6419,40.4494,134.804,252.269,0,48
6,-57.5646,37.6628,-16.786,673.874,0,48
6,-58.1549,36.7448,-16.9548,602.235,0,48
6,-60.959,31.8774,88.7592,1000.05,0,48
6,-62.4956,28.7484,-91.1259,305.349,0,48
6,-64.9399,22.6932,205.704,993.186,0,48
6,-65.9157,19.6799,232.094,443.197,0,48
6,-67.1844,14.7794,-105.434,1325.58,0,48
6,-67.3378,14.0638,-105.5,39,0,48
6,-68.0212,10.2612,82.6111,1127.6,0,48
6,-68.7604,2.04568,141.842,1086.01,0,48
6,-68.7402,2.63806,158.116,1924.31,0,48
6,-68.7775,1.3523,304.63,336.409,0,48
6,-68.7842,0.95384,142.116,53.3002,0,48
6,-68.7892,0.468986,142.116,26.182,0,48
6,-66.2755,-18.4318,-118.563,322.238,1,48
6,-65.9901,-19.4288,-173.692,208.999,1,48
6,-64.7412,-23.2542,-184.29,238.97,1,48
6,-64.7364,-23.2674,-201.106,439.595,1,48
6,-63.9029,-25.4675,-256.361,884.386,1,48
6,-57.9642,-37.0449,-139.462,449.286,1,48
6,-51.4834,-45.6249,86.5335,2168.59,1,48
6,-47.6497,-49.6153,-28.1113,695.008,1,48
6,-45.6449,-51.4657,-156.076,327.793,1,48
6,-38.4427,-57.0468,-171.251,207.106,1,48
6,-32.1007,-60.8417,63.3386,172.424,1,48
6,-31.7955,-61.0018,-153.679,414.612,1,48
6,-25.4645,-63.9041,-16.188,71.319,1,48
6,-24.9541,-64.1051,-16.6088,304.967,1,48
6,-20.5775,-65.641,-181.158,280.453,1,48
6,-5.52816,-68.5683,16.884,21.225,1,48
6,-4.65922,-68.6328,16.9228,591.499,1,48
6,-4.61935,-68.6355,2.91623,684.05,1,48
6,0.41527,-68.7895,79.7672,291.139,1,48
6,0.809894,-68.786,-211.782,239.399,1,48
6,1.36566,-68.7772,-111.186,528.762,1,48
6,1.48591,-68.7747,60.9285,1102.67,1,48
6,2.05932,-68.76,-135.128,439.288,1,48
6,18.6058,-66.2269,-216.597,1264.54,1,48
6,19.4219,-65.9922,-250.236,367.446,1,48
6,33.668,-59.9887,-295.648,468.076,1,48
6,50.2976,-46.929,-193.592,511.748,1,48
6,50.7812,-46.4052,-100.564,27.0832,1,48
6,51.0336,-46.1275,-100.802,59.4128,1,48
6,52.0889,-44.9324,-143.633,215.425,1,48
6,54.2603,-42.2847,-100.158,726.718,1,48
6,57.0994,-38.3645,93.204,48.319,1,48
6,57.4427,-37.8486,-118.111,485.517,1,48
6,63.3882,-26.7229,64.1574,1330.99,1,48
6,64.8951,-22.8209,-235.764,4653.49,1,48
6,64.9952,-22.5344,63.6929,1054.95,1,48
6,66.2465,-18.5359,-201.702,220.559,1,48
6,68.4382,-6.95629,-296.348,844.176,1,48
6,68.3068,8.14585,-150.11,966.847,1,48
6,68.0137,10.311,-184.278,153.447,1,48
6,67.5763,12.869,-78.1136,736.096,1,48
6,66.1228,18.9723,-283.109,868.797,1,48
6,66.0132,19.3503,-305.586,309.294,1,48
6,65.23,21.8454,-259.804,80.5146,1,48
6,63.6868,26.0031,-200.32,461.871,1,48
6,63.2227,27.1122,-127.549,655.718,1,48
6,61.2366,31.341,-11.7467,109.755,1,48
6,60.7733,32.23,50.3459,228.033,1,48
6,57.1388,38.3058,-33.6541,858.001,1,48
6,56.859,38.7199,33.2138,261.146,1,48
6,55.5013,40.6422,-175.665,287.64,1,48
6,55.3055,40.9081,95.5885,2031.37,1,48
6,52.1412,44.8717,62.9604,2050.48,1,48
6,52.2534,44.7409,-283.904,215.606,1,48
6,39.2468,56.4965,-127.492,178.417,1,48
6,38.3935,57.0799,-280.94,382.36,1,48
6,37.8868,57.4175,-155.771,125.959,1,48
6,34.4883,59.5209,-155.798,167.22,1,48
6,28.1007,62.7895,-128.566,651.102,1,48
6,13.1082,67.5304,-199.957,179.547,1,48
6,4.31972,68.655,83.272,132.132,1,48
6,0.526355,68.7888,-214.697,1251.96,1,48
6,-0.0938074,68.7907,-215.287,179.296,1,48
6,-4.57297,68.6386,-196.457,626.99,1,48
6,-6.35508,68.4966,-137.248,132.94,1,48
6,-16.086,66.8836,-296.344,554.812,1,48
6,-21.8454,65.23,-107.191,59.2791,1,48
6,-22.3058,65.074,-106.924,66.3606,1,48
6,-22.6001,64.9724,-107.678,224.365,1,48
6,-26.5504,63.4606,-114.189,1434.55,1,48
6,-37.5512,57.6375,42.9832,196.747,1,48
6,-40.2503,55.7861,-144.006,200.694,1,48
6,-41.1618,55.117,101.616,289.087,1,48
6,-41.9961,54.484,102.628,677.651,1,48
6,-42.7812,53.8697,103.62,176.954,1,48
6,-42.8897,53.7833,-148.687,183.667,1,48
6,-52.8046,44.0891,0.708106,602.879,1,48
6,-55.0254,41.2841,-262.725,198.938,1,48
6,-57.788,37.3192,-30.3706,883.033,1,48
6,-64.7394,23.2591,-42.7914,128.768,1,48
6,-66.2384,18.5647,105.5,158,1,48
6,-67.3315,14.0943,67.7176,217.313,1,48
6,-68.404,7.285,92.701,660.825,1,48
6,-69.4224,-8.04273,-24.658,4071.61,0,49
6,-69.5054,-7.29007,133.78,248.602,0,49
6,-67.2358,-19.0655,180.026,227.854,0,49
6,-67.1724,-19.2879,275.242,372.638,0,49
6,-66.5562,-21.3171,-40.8519,1945.14,0,49
6,-66.0677,-22.7862,164.676,7337.43,0,49
6,-65.2505,-25.0306,178.877,221.219,0,49
6,-64.5775,-26.7188,60.1897,482.039,0,49
6,-59.7265,-36.289,-95.4495,485.044,0,49
6,-58.5642,-38.1364,165.846,544.035,0,49
6,-58.1615,-38.7477,-94.3084,59.708,0,49
6,-57.1344,-40.2468,160.581,1858.11,0,49
6,-56.4186,-41.2443,174.599,253.678,0,49
6,-50.3056,-48.5129,254.468,183.069,0,49
6,-49.8868,-48.9434,253.844,83.5948,0,49
6,-33.8651,-61.1335,170.713,59.536,0,49
6,-33.8651,-61.1335,278.644,50.2497,0,49
6,-33.3638,-61.4085,170.764,55.359,0,49
6,-33.0118,-61.5985,170.795,490.661,0,49
6,-32.1855,-62.0342,170.8,60.3434,0,49
6,-17.361,-67.696,-94.9,61.2635,0,49
6,-16.307,-67.9576,45.8878,2196.41,0,49
6,-15.3022,-68.1909,143.915,168.183,0,49
6,-13.5185,-68.5668,83.99,179.514,0,49
6,-0.699594,-69.8832,146.878,3102.59,0,49
6,-0.161884,-69.8865,264.494,80.7701,0,49
6,1.6024,-69.8683,11.896,487.647,0,49
6,35.0259,-60.4759,282.139,91.3744,0,49
6,35.4098,-60.2519,130.989,90.4699,0,49
6,38.3662,-58.4139,178.87,571.774,0,49
6,40.7222,-56.7966,146.199,276.296,0,49
6,41.3053,-56.3739,143.9,849.974,0,49
6,43.1371,-54.9849,265.569,183.479,0,49
6,44.938,-53.5232,37.8516,407.026,0,49
6,49.8993,-48.9306,182.815,287.741,0,49
6,52.547,-46.0757,215.517,673.906,0,49
6,55.6184,-42.3172,60.284,55.1803,0,49
6,58.8121,-37.753,199.397,1471.36,0,49
6,60.0903,-35.6834,148.626,96.0425,0,49
6,63.6313,-28.9,-8.65495,453.63,0,49
6,65.5474,-24.2423,-38.2963,237.99,0,49
6,67.7691,-17.0735,33.3556,107.812,0,49
6,68.0284,-16.0089,-105.447,539.006,0,49
6,68.0139,-16.0705,-44.9842,327.814,0,49
6,69.3526,-8.62367,297.688,379.301,0,49
6,69.4257,-8.01369,-43.9211,786.489,0,49
6,69.6757,-5.42623,-92.1795,108.641,0,49
6,69.7013,-5.08759,-92.9781,96.3468,0,49
6,69.8852,0.454643,-71.9593,315.977,0,49
6,69.8067,3.34284,-22.1886,1124.17,0,49
6,69.6556,5.67862,305.459,118.866,0,49
6,69.6054,6.26409,-92.7219,1003.8,0,49
6,69.6112,6.19965,305.465,347.221,0,49
6,68.4614,14.0423,118.118,738.542,0,49
6,68.3737,14.4633,-24.4383,443.114,0,49
6,68.2675,14.9565,206.701,900.5,0,49
6,65.823,23.4838,217.003,171.257,0,49
6,64.6038,26.6553,193.742,474.009,0,49
6,62.5824,31.1061,113.198,519.538,0,49
6,56.3033,41.4015,206.988,38.071,0,49
6,55.9627,41.8607,207.412,31.1078,0,49
6,55.6531,42.2715,208.377,587.161,0,49
6,52.9166,45.6506,-100.048,559.761,0,49
6,51.0515,47.7273,132.858,507.256,0,49
6,47.6739,51.1013,299.421,684.356,0,49
6,45.8118,52.7772,91.8371,484.714,0,49
6,36.7857,59.4219,271.265,305.128,0,49
6,30.5285,62.8662,186.939,111.694,0,49
6,29.8979,63.1686,186.917,364.418,0,49
6,27.4921,64.2521,187.741,681.428,0,49
6,26.233,64.7764,188.136,643.775,0,49
6,25.2965,65.1478,188.461,70.9187,0,49
6,23.6336,65.7693,188.904,1063.47,0,49
6,21.5609,66.4777,189.75,186.622,0,49
6,20.1499,66.9189,189.932,132.011,0,49
6,19.0984,67.2265,190.028,23.0555,0,49
6,18.7315,67.3297,190.452,36.0646,0,49
6,17.2582,67.7223,190.797,162.606,0,49
6,15.8317,68.0699,191.365,4701.26,0,49
6,15.3401,68.1824,242.076,842,0,49
6,13.5185,68.5668,92.1501,425.808,0,49
6,5.7542,69.6494,170.304,784.752,0,49
6,1.224,69.876,105.345,659.031,0,49
6,-2.0009,69.858,128.007,171.042,0,49
6,-28.4335,63.8411,202.199,680.307,0,49
6,-29.8057,63.2121,-23.4543,546.899,0,49
6,-42.8356,55.2201,-105.5,86,0,49
6,-48.6311,50.1913,192.135,984.782,0,49
6,-52.8187,45.7639,166.708,79.2219,0,49
6,-53.489,44.9786,166.848,1137.46,0,49
6,-54.3331,43.9553,167.071,554.958,0,49
6,-55.929,41.9058,18.3759,426.614,0,49
6,-56.1775,41.5721,134.608,600.291,0,49
6,-59.8948,36.0106,-17.1062,72.7357,0,49
6,-60.3197,35.2943,-17.343,516.164,0,49
6,-60.7605,34.5299,-17.4662,64.359,0,49
6,-60.9479,34.198,-17.308,25.0971,0,49
6,-62.2598,31.7468,87.278,1050.16,0,49
6,-65.0625,25.5152,-43.172,55.4749,0,49
6,-65.6054,24.0848,-43.2355,1622.65,0,49
6,-65.6087,24.0759,205.235,452.504,0,49
6,-67.0629,19.6653,230.86,753.329,0,49
6,-68.8156,12.1887,132.306,323.109,0,49
6,-69.0536,10.7586,80.9068,669.327,0,49
6,-69.3727,8.46029,141.051,93.6918,0,49
6,-69.4761,7.56488,141.012,482.486,0,49
6,-69.7529,4.32273,141.496,1803.43,0,49
6,-69.8292,2.83367,157.153,351.953,0,49
6,-69.8775,1.13588,304.41,529.794,0,49
6,-67.3679,-18.5933,-117.753,272.523,1,49
6,-67.1416,-19.3949,-172.819,1110.3,1,49
6,-65.8578,-23.386,-200.792,1102.22,1,49
6,-64.7865,-26.2079,-255.922,132.45,1,49
6,-58.7506,-37.8486,-139.2,500.778,1,49
6,-52.6304,-45.9804,86.2868,720.95,1,49
6,-48.7496,-50.0762,-26.6773,681.168,1,49
6,-46.3296,-52.3232,-155.207,363.57,1,49
6,-39.1913,-57.8635,-171.164,701.182,1,49
6,-33.4471,-61.3632,-301.465,426.909,1,49
6,-32.7898,-61.7169,63.358,305.997,1,49
6,-32.1855,-62.0342,-153.321,83.8223,1,49
6,-21.3825,-66.5353,-180.966,136.838,1,49
6,-11.947,-68.858,-176.826,1444.95,1,49
6,-5.99608,-69.629,17.9022,57.4346,1,49
6,-4.31234,-69.7535,4.19299,714.242,1,49
6,0.171493,-69.8865,80.7726,183.797,1,49
6,0.81465,-69.882,-110.121,721.931,1,49
6,1.06429,-69.8786,61.404,96.3205,1,49
6,1.48648,-69.8709,-211.66,1046.35,1,49
6,1.58347,-69.8688,-134.373,621.671,1,49
6,19.2474,-67.184,-215.971,873.877,1,49
6,19.8863,-66.9977,-249.498,408.57,1,49
6,34.5366,-60.7567,-294.436,1541.28,1,49
6,46.7133,-51.981,-191.115,153.954,1,49
6,50.7125,-48.0873,-191.483,834.689,1,49
6,52.1997,-46.4687,-99.8112,202.037,1,49
6,53.204,-45.3154,-142.899,475.955,1,49
6,55.4259,-42.5691,-98.5041,707.835,1,49
6,57.8463,-39.2169,-117.444,275.283,1,49
6,58.1386,-38.7822,94.3189,539.353,1,49
6,58.1616,-38.7477,91.932,3.301,1,49
6,64.74,-26.3226,64.6999,261.12,1,49
6,65.973,-23.059,64.2045,677.83,1,49
6,66.3436,-21.9699,-234.5,2255.92,1,49
6,67.1823,-19.2533,-201.352,612.209,1,49
6,69.3255,8.83855,-149.472,96.9522,1,49
6,68.6409,13.137,-76.8066,426.073,1,49
6,67.2712,18.9402,-281.663,731.261,1,49
6,66.9378,20.0868,-304.66,1387.12,1,49
6,66.2277,22.3169,-259.234,186.818,1,49
6,64.7649,26.2613,-199.228,1110.62,1,49
6,64.0827,27.8847,-126.614,128.364,1,49
6,62.2954,31.677,-11.0511,95.9287,1,49
6,61.4751,33.241,51.4198,1169.63,1,49
6,58.1998,38.6903,-32.5405,194.374,1,49
6,57.9951,38.9965,33.915,1755.56,1,49
6,56.1888,41.5569,-174.967,320.347,1,49
6,53.144,45.3857,63.3353,2324.72,1,49
6,40.5487,56.9206,-290.891,947.8,1,49
6,40.0872,57.2465,-126.312,1002.74,1,49
6,38.8488,58.0941,-280.42,390.636,1,49
6,38.0893,58.5948,-155.825,314.773,1,49
6,34.8187,60.5955,-155.804,223.447,1,49
6,28.9042,63.6294,-128.112,258.592,1,49
6,13.7768,68.5153,-198.808,133.629,1,49
6,4.08696,69.7671,83.2122,327.022,1,49
6,1.39131,69.8728,-213.237,1415.19,1,49
6,-4.02444,69.7707,-195.041,728.688,1,49
6,-6.06286,69.6232,-136.763,258.728,1,49
6,-7.35716,69.4984,-161.979,565.382,1,49
6,-16.2109,67.9806,-295.409,1247.79,1,49
6,-19.8306,67.0142,-174.354,232.074,1,49
6,-27.1136,64.4127,-112.843,316.524,1,49
6,-35.0485,60.4629,-257.857,919.402,1,49
6,-38.4299,58.372,42.9902,66.6805,1,49
6,-40.641,56.8547,-143.56,332.724,1,49
6,-43.3697,54.8016,-147.958,1057.88,1,49
6,-43.801,54.4575,104.519,84.6382,1,49
6,-44.3426,54.0174,105.167,442.185,1,49
6,-45.1409,53.3521,105.5,25,1,49
6,-53.7312,44.6891,1.94612,223.274,1,49
6,-55.6621,42.2597,-262.247,289.109,1,49
6,-58.6471,38.0088,-29.6764,122.551,1,49
6,-61.4778,33.236,-171.288,579.944,1,49
6,-66.0075,22.9601,-42.5648,124.399,1,49
6,-68.4247,14.2201,68.3885,1003.31,1,49
6,-69.4261,8.01025,94.284,1132.05,1,49
6,-70.8665,-4.07925,-24.0416,1027.67,0,50
6,-70.6554,-6.82055,133.356,769.646,0,50
6,-68.6887,-17.9041,-41.052,28.1542,0,50
6,-68.3845,-19.033,-41.052,76.182,0,50
6,-68.0504,-20.1951,-40.9134,665.366,0,50
6,-67.4017,-22.2647,164.301,2488.76,0,50
6,-66.3313,-25.2756,178.58,22.0139,0,50
6,-65.5434,-27.2537,59.6225,62.5376,0,50
6,-65.5434,-27.2537,194.65,182.735,0,50
6,-63.3609,-32.0015,-10.948,35.2464,0,50
6,-60.1366,-37.7133,-95.7833,457.885,0,50
6,-59.8151,-38.2212,-95.8955,123.57,0,50
6,-59.3243,-38.9785,164.606,612.016,0,50
6,-59.2472,-39.0957,-95.084,182.461,0,50
6,-57.5293,-41.5822,174.186,349.98,0,50
6,-46.0197,-54.0452,227.955,872.347,0,50
6,-35.6053,-61.4082,170.514,215.567,0,50
6,-19.212,-68.3345,111.377,42.3434,0,50
6,-17.8375,-68.7061,-95.5881,184.856,0,50
6,-16.9659,-68.9265,45.2026,1227.08,0,50
6,-15.7296,-69.2191,143.665,390.249,0,50
6,-14.0878,-69.5718,83.3216,110.185,0,50
6,-0.666132,-70.9807,263.357,1017.56,0,50
6,2.09394,-70.9529,10.9268,385.435,0,50
6,35.8253,-61.2801,281.151,152.508,0,50
6,36.2251,-61.0446,130.232,1140.33,0,50
6,36.3026,-60.9985,280.49,82.4608,0,50
6,39.729,-58.8244,178.282,220.17,0,50
6,41.3717,-57.6809,141.836,68.4529,0,50
6,41.6667,-57.4681,142.487,168.109,0,50
6,41.6481,-57.4816,144.781,240.032,0,50
6,45.5215,-54.4655,37.4757,744.422,0,50
6,53.0644,-47.1473,215.34,951.127,0,50
6,56.6729,-42.742,60.0653,335.794,0,50
6,59.8913,-38.1017,197.907,257.061,0,50
6,66.6087,-24.5354,-38.3114,918.002,0,50
6,68.8451,-17.2932,-45.0909,1986.57,0,50
6,70.3709,-9.30758,296.591,161.901,0,50
6,70.5096,-8.19142,75.2284,1167.06,0,50
6,70.5094,-8.1926,-44.0642,299.884,0,50
6,70.8116,-4.94101,-93.7172,865.808,0,50
6,70.9773,0.960741,-72.6918,365.67,0,50
6,70.9373,2.56904,-22.2856,238.528,0,50
6,70.7495,5.76222,-60.3577,490.05,0,50
6,70.7201,6.11278,-93.5395,291.516,0,50
6,70.6189,7.18828,305.504,367.511,0,50
6,69.5077,14.4005,-25.2685,1091.26,0,50
6,69.5238,14.3226,-22.82,5.14851,0,50
6,69.4082,14.8727,117.051,1128.44,0,50
6,69.2258,15.7,206.025,114.596,0,50
6,67.0074,23.4245,216.956,285.177,0,50
6,66.0838,25.9159,193.42,66.0555,0,50
6,65.7571,26.7338,193.611,503.989,0,50
6,63.3248,32.0729,112.312,165.189,0,50
6,57.8712,41.105,205.125,185.907,0,50
6,57.5575,41.5432,205.938,126.527,0,50
6,53.5594,46.5842,-101.074,90.9943,0,50
6,50.8404,49.5374,-102.138,3997.29,0,50
6,48.9461,51.4099,299.163,127.251,0,50
6,46.2913,53.8127,90.7511,194.078,0,50
6,44.0762,55.6416,174.649,545.736,0,50
6,4.60211,70.8345,170.782,2645.85,0,50
6,-0.0967989,70.9837,-88.1878,364.504,0,50
6,-25.8801,66.0978,-53.3378,290.739,0,50
6,-26.5372,65.8368,-52.924,47.2466,0,50
6,-29.7297,64.4581,201.582,1229.23,0,50
6,-30.2674,64.2073,-23.7529,898.432,0,50
6,-49.4902,50.8863,192.056,323.462,0,50
6,-55.5761,44.1587,167.288,784.659,0,50
6,-56.4915,42.9815,134.484,48.2513,0,50
6,-56.957,42.3627,17.46,23.1143,0,50
6,-62.8165,33.0573,-17.811,2670.68,0,50
6,-63.4958,31.7331,86.3861,230.949,0,50
6,-64.2977,30.0749,-92.8326,446.198,0,50
6,-66.0169,26.0859,204.652,45.1493,0,50
6,-66.3403,25.252,205.001,306.746,0,50
6,-67.5935,21.6754,138.797,3340.35,0,50
6,-67.5807,21.7152,-43.0265,3504.11,0,50
6,-68.2328,19.57,228.989,604.861,0,50
6,-68.6888,17.9041,139.572,26.2513,0,50
6,-68.8082,17.4393,139.572,48.4144,0,50
6,-68.9643,16.8116,139.667,269.978,0,50
6,-69.1135,16.1872,139.664,155.971,0,50
6,-69.5605,14.1433,140.019,2029.28,0,50
6,-69.8049,12.8831,131.922,329.246,0,50
6,-69.8931,12.396,140.284,203.203,0,50
6,-70.1058,11.1303,140.53,644.363,0,50
6,-70.0863,11.252,79.3289,557.29,0,50
6,-70.2887,9.90937,140.66,239.495,0,50
6,-70.9223,2.95526,156.707,100.862,0,50
6,-70.982,0.505475,304.147,162.501,0,50
6,-68.3227,-19.2539,-171.555,1172.62,1,50
6,-67.0146,-23.4039,-200.503,1205.5,1,50
6,-66.402,-25.0894,-183.924,275.538,1,50
6,-65.6538,-26.9865,-255.324,85.3068,1,50
6,-59.5654,-38.6091,-138.785,799.874,1,50
6,-53.6636,-46.4642,86.1524,141,1,50
6,-49.7513,-50.6311,-25.573,201.492,1,50
6,-47.0161,-53.1807,-154.039,899.224,1,50
6,-39.8379,-58.7506,-170.993,354.312,1,50
6,-34.7348,-61.9047,-300.532,58.3052,1,50
6,-32.2368,-63.2415,-152.834,366.275,1,50
6,-27.537,-65.4249,-14.4863,838.181,1,50
6,-22.5418,-67.3095,-180.7,27.1526,1,50
6,-21.9904,-67.4916,-180.817,181.471,1,50
6,-11.2605,-70.085,-176.495,3510.31,1,50
6,-8.20872,-70.5076,19.6784,252.707,1,50
6,-7.41687,-70.5953,19.1689,445.979,1,50
6,-3.96628,-70.8729,5.436,26.1126,1,50
6,0.0590555,-70.9838,81.527,1301.22,1,50
6,0.561114,-70.9816,-109.34,547.652,1,50
6,0.788009,-70.9794,61.677,202.553,1,50
6,1.13504,-70.9747,-133.474,198.911,1,50
6,2.04147,-70.9544,-211.459,466.996,1,50
6,2.91864,-70.9238,-211.431,159.262,1,50
6,20.2831,-68.0242,-214.759,118.222,1,50
6,20.2323,-68.0394,-215.892,56.1609,1,50
6,20.2963,-68.0203,-249.079,137.48,1,50
6,35.4662,-61.4886,-293.075,963.136,1,50
6,47.1093,-53.0982,-190.897,330.57,1,50
6,49.3076,-51.0633,-134.764,806.107,1,50
6,51.2092,-49.1561,-189.781,527.833,1,50
6,65.885,-26.4172,65.2309,410.888,1,50
6,66.9759,-23.5144,64.5099,614.677,1,50
6,67.7275,-21.2529,-244.628,3110,1,50
6,68.0195,-20.2989,-200.696,408.735,1,50
6,68.1966,-19.6957,-200.81,133.129,1,50
6,70.7053,-6.28158,-295.374,162.334,1,50
6,70.2849,9.93655,-148.646,53.496,1,50
6,70.1027,11.1498,-148.192,1209.4,1,50
6,70.2296,10.3197,-184.102,234.086,1,50
6,69.7127,13.3733,-85.8338,1128,1,50
6,69.7127,13.3733,-95.052,21,1,50
6,68.3952,18.9947,-280.423,378.248,1,50
6,67.9057,20.6763,-303.716,1538.94,1,50
6,67.1855,22.9086,-258.716,26.0816,1,50
6,65.8481,26.5089,-197.881,487.412,1,50
6,65.0489,28.4138,-125.481,349.201,1,50
6,62.2933,34.033,52.1602,248.099,1,50
6,59.3135,38.9951,-31.4688,1025.34,1,50
6,59.0001,39.4675,34.4821,235.99,1,50
6,58.1118,40.7642,98.566,1155.72,1,50
6,56.8056,42.5656,-173.872,754.299,1,50
6,54.4322,45.5613,-281.504,543.521,1,50
6,54.2409,45.789,63.7454,2298.48,1,50
6,41.6012,57.5155,-288.97,360.611,1,50
6,41.0956,57.8779,-124.878,704.345,1,50
6,39.2141,59.1688,-279.793,1422.87,1,50
6,38.3461,59.735,-155.733,1060.5,1,50
6,35.2401,61.6185,-155.848,55.6573,1,50
6,29.7442,64.4514,-127.705,452.776,1,50
6,18.8967,68.4223,-287.451,126.567,1,50
6,14.413,69.5051,-198.303,722.797,1,50
6,3.92113,70.8754,82.9842,1346.76,1,50
6,2.21775,70.9492,-211.975,6161.47,1,50
6,-3.27591,70.9082,-193.325,1460.35,1,50
6,-5.65863,70.7579,-136.322,458.801,1,50
6,-7.78432,70.5557,-161.437,260.005,1,50
6,-27.6305,65.3854,-111.678,1031.47,1,50
6,-36.077,61.1322,-257.164,88.1864,1,50
6,-39.125,59.2278,43.0171,154.646,1,50
6,-41.0578,57.9048,-142.526,333.929,1,50
6,-43.6528,55.9744,-146.709,208.385,1,50
6,-54.6749,45.2698,3.39031,422.184,1,50
6,-56.2856,43.2508,-261.605,879.018,1,50
6,-59.5243,38.6724,-29.2689,1134.65,1,50
6,-62.567,33.5272,-170.877,862.372,1,50
6,-67.1441,23.0299,-42.052,65.2219,1,50
6,-67.7842,21.0715,105.5,164,1,50
6,-69.5162,14.3596,68.9904,612.194,1,50
6,-70.4504,8.68543,95.5184,883.045,1,50
6,-70.919,3.03214,-157.749,185.713,1,50
6,-72.0801,-0.0982902,-23.4476,60.4283,0,51
6,-72.0744,-0.912275,-23.6487,192.237,0,51
6,-72.0375,-2.48151,-23.668,125.496,0,51
6,-71.7938,-6.41939,132.934,170.31,0,51
6,-70.832,-13.3562,-41.2812,675.9,0,51
6,-70.6509,-14.2829,179.292,65.5531,0,51
6,-70.484,-15.0853,-41.2453,293.885,0,51
6,-70.4892,-15.061,179.237,226.807,0,51
6,-70.2636,-16.0804,-41.052,26.2497,0,51
6,-70.2636,-16.0804,179.428,37.0555,0,51
6,-69.4646,-19.2413,273.669,344.63,0,51
6,-68.689,-21.8488,163.946,3212.99,0,51
6,-67.5154,-25.2432,178.469,679.057,0,51
6,-66.5597,-27.6653,193.857,541.832,0,51
6,-66.2426,-28.4161,59.0083,296.815,0,51
6,-64.1937,-32.783,-11.1365,200.339,0,51
6,-60.4399,-39.2755,-96.0221,1484.23,0,51
6,-60.0734,-39.8339,163.206,793.393,0,51
6,-58.8314,-41.6464,173.085,187.997,0,51
6,-48.9996,-52.8639,251.815,1099.71,0,51
6,-46.395,-55.1639,227.036,375.366,0,51
6,-37.5626,-61.5192,170.259,201.848,0,51
6,-36.9452,-61.8919,170.524,80.6535,0,51
6,-17.5322,-69.9155,44.4579,1695.92,0,51
6,-16.3255,-70.2071,143.552,226.936,0,51
6,-14.374,-70.6325,81.9346,630.439,0,51
6,-0.296897,-72.0796,143.662,568.832,0,51
6,36.9838,-61.8688,129.083,325.063,0,51
6,37.377,-61.6321,279.401,515.383,0,51
6,40.7431,-59.4605,177.806,172.538,0,51
6,41.424,-58.9882,140.42,47.1755,0,51
6,41.7677,-58.7453,140.863,691.006,0,51
6,46.1339,-55.3825,37.107,680.578,0,51
6,53.3954,-48.4199,214.951,395.117,0,51
6,57.6013,-43.3318,59.436,23.0555,0,51
6,61.0364,-38.3421,196.42,336.903,0,51
6,61.4057,-37.7478,148.548,216.017,0,51
6,65.2085,-30.7149,-8.94176,122.945,0,51
6,67.6792,-24.8009,-38.3374,294.963,0,51
6,69.4108,-19.4344,31.1988,288.704,0,51
6,69.8748,-17.6937,-45.2158,267.72,0,51
6,71.3936,-9.92552,295.167,470.119,0,51
6,71.5866,-8.42061,-44.1891,285.881,0,51
6,71.6889,-7.50087,74.6796,691.282,0,51
6,71.94,-4.49357,-94.7431,644.435,0,51
6,72.0701,1.20843,-22.5982,409.166,0,51
6,72.0664,1.41212,-73.1503,82.5685,0,51
6,72.0545,1.92404,-22.4671,334.496,0,51
6,71.8452,5.81613,-94.4232,964.786,0,51
6,71.8126,6.20568,-61.1135,282.074,0,51
6,71.6209,8.12439,305.51,313.125,0,51
6,70.7299,13.8864,-27.3195,433.616,0,51
6,70.3219,15.8234,115.999,1252.85,0,51
6,70.2143,16.2943,205.62,472.977,0,51
6,68.1605,23.4457,216.892,220.164,0,51
6,67.2882,25.843,193.367,662.898,0,51
6,64.1342,32.8993,111.341,559.605,0,51
6,59.3251,40.94,203.597,106.397,0,51
6,59.0345,41.358,204.391,1038.08,0,51
6,54.2726,47.4346,-94.1691,1220,0,51
6,53.9774,47.7703,131.784,620.13,0,51
6,52.023,49.8916,-103.409,2800.86,0,51
6,46.5926,54.9971,89.7871,1295.43,0,51
6,44.4234,56.7637,173.916,25.1631,0,51
6,14.6446,70.5769,89.1642,679.852,0,51
6,3.00711,72.0174,171.373,973.855,0,51
6,0.294839,72.0796,-88.964,32.137,0,51
6,0.0577991,72.0802,101.921,288.726,0,51
6,-1.29832,72.0685,127.361,210.937,0,51
6,-2.38007,72.0409,-74.2403,876.601,0,51
6,-9.82157,71.4079,223.042,584.166,0,51
6,-10.0848,71.3712,102.729,686.536,0,51
6,-15.8888,70.3072,-85.572,29.0693,0,51
6,-24.8733,67.6526,-53.9059,85.567,0,51
6,-25.2983,67.4948,-54.196,22.0832,0,51
6,-30.4713,65.3227,-23.9905,137.11,0,51
6,-30.8322,65.1531,201.243,846.52,0,51
6,-50.3667,51.563,191.999,174.157,0,51
6,-57.2449,43.8016,134.06,42.1387,0,51
6,-57.2792,43.7567,167.665,107.972,0,51
6,-57.7539,43.1282,167.834,246.806,0,51
6,-57.9605,42.8502,16.7443,276.647,0,51
6,-58.0705,42.7009,167.759,78.5426,0,51
6,-64.7787,31.6114,85.1634,1563.23,0,51
6,-65.2753,30.5727,-18.3286,1699.34,0,51
6,-65.2017,30.7294,-93.4744,176.02,0,51
6,-66.1747,28.5737,-18.6877,1355.06,0,51
6,-66.6855,27.3605,204.159,1586.85,0,51
6,-66.7057,27.3112,-19.004,31.0277,0,51
6,-69.3456,19.6657,-42.9235,1846.13,0,51
6,-69.3365,19.6979,227.804,339.185,0,51
6,-69.7497,18.1806,-42.9373,69.4561,0,51
6,-69.9489,17.3986,-42.8225,590.787,0,51
6,-70.2026,16.3447,-42.8424,134.897,0,51
6,-70.7521,13.7728,131.709,51.4666,0,51
6,-70.8262,13.3867,131.716,47.5033,0,51
6,-71.121,11.7201,77.8871,186.761,0,51
6,-72.0111,3.15451,156.245,247.281,0,51
6,-72.0517,2.02827,-23.15,437.81,0,51
6,-72.0697,1.23057,-23.1845,575.146,0,51
6,-69.4953,-19.13,-170.1,22.137,1,51
6,-68.1096,-23.5932,-200.183,780.188,1,51
6,-67.2883,-25.8425,-183.875,605.998,1,51
6,-66.4826,-27.8498,-254.494,692.454,1,51
6,-54.7264,-46.9103,86.0796,569.916,1,51
6,-47.7148,-54.0264,-153.12,624.859,1,51
6,-40.4798,-59.6401,-170.917,846.295,1,51
6,-36.5949,-62.0996,-300.155,104.81,1,51
6,-35.9792,-62.4584,-300.359,123.813,1,51
6,-34.0819,-63.5136,63.5086,226.726,1,51
6,-32.3565,-64.4097,-152.407,189.972,1,51
6,-28.861,-66.0499,-13.5391,844.624,1,51
6,-23.3016,-68.2099,-180.544,100.718,1,51
6,-10.6369,-71.291,-176.108,813.257,1,51
6,-9.02487,-71.513,20.5175,748.34,1,51
6,-3.64885,-71.9878,6.35506,594.812,1,51
6,-0.228497,-72.0798,82.4496,260.484,1,51
6,0.190298,-72.0799,-108.643,255.262,1,51
6,0.619725,-72.0775,62.1019,209.446,1,51
6,0.783855,-72.0759,-133.018,188.219,1,51
6,3.04591,-72.0158,-211.228,21.0416,1,51
6,20.6415,-69.0615,-215.892,25.1942,1,51
6,20.6677,-69.0536,-248.454,187.815,1,51
6,36.4969,-62.1573,-291.107,651.467,1,51
6,41.7337,-58.7695,99.0759,541.776,1,51
6,47.5996,-54.1279,-190.632,74.779,1,51
6,49.5759,-52.3238,-134.425,158.555,1,51
6,51.8624,-50.0584,-188.4,422.984,1,51
6,54.5155,-47.1552,-98.444,23.1385,1,51
6,54.8295,-46.7898,-97.9715,267.671,1,51
6,55.1534,-46.4075,-141.692,27.0832,1,51
6,57.8051,-43.0595,-94.9873,3113.87,1,51
6,57.8368,-43.017,-102.002,548,1,51
6,58.7601,-41.747,-115.813,564.291,1,51
6,60.1207,-39.7625,96.1326,317.54,1,51
6,67.0603,-26.4285,65.6506,276.492,1,51
6,67.9532,-24.0399,64.973,407.567,1,51
6,69.0619,-20.6398,-232.194,854.233,1,51
6,71.8478,-5.78343,-294.649,698.344,1,51
6,68.8897,21.2075,-302.614,377.022,1,51
6,68.0838,23.6675,-258.081,401.349,1,51
6,66.9767,26.6399,-196.615,185.9,1,51
6,65.9943,28.9881,-124.396,105.259,1,51
6,64.5984,31.9781,-8.77905,899.887,1,51
6,62.8858,35.2269,53.1564,1194.52,1,51
6,60.4169,39.311,-30.6105,294.929,1,51
6,59.4126,40.813,99.7077,1767.58,1,51
6,57.4829,43.4888,-173.068,31.182,1,51
6,55.5312,45.9547,-280.269,236.645,1,51
6,55.292,46.2423,64.1738,498.302,1,51
6,42.6391,58.116,-287.284,487.843,1,51
6,42.1552,58.4679,-122.82,210.812,1,51
6,39.3816,60.3709,-278.835,2910.25,1,51
6,35.4749,62.7462,-155.721,192.056,1,51
6,30.9071,65.1177,-126.852,24.0416,1,51
6,-2.50139,72.0368,-191.615,505.552,1,51
6,-5.15738,71.8955,-135.924,458.158,1,51
6,-8.11679,71.6217,-160.802,746.618,1,51
6,-16.5082,70.1643,-293.399,1050.06,1,51
6,-19.5087,69.3899,-104.18,95.595,1,51
6,-19.5087,69.3899,-174.136,101.836,1,51
6,-28.2183,66.3271,-110.539,65.7076,1,51
6,-37.0881,61.8064,-256.488,223.588,1,51
6,-39.8855,60.0392,43.0852,911.013,1,51
6,-41.4175,58.9928,-141.756,467.383,1,51
6,-44.0159,57.0803,-145.662,341.33,1,51
6,-55.6173,45.8506,4.46801,86.6654,1,51
6,-56.7378,44.4565,-260.814,267.066,1,51
6,-63.6278,33.8683,-170.611,384.777,1,51
6,-68.4219,22.6716,-41.7705,713.405,1,51
6,-68.6024,22.1192,105.5,235,1,51
6,-68.6549,21.9559,-41.628,27.0568,1,51
6,-70.6074,14.4966,69.3754,512.011,1,51
6,-71.4544,9.47757,97.1895,398.294,1,51
6,-72.0027,3.34156,-157.38,83.4683,1,51
6,-69.9467,-21.5026,163.619,2335.24,0,52
6,-68.6836,-25.248,178.22,152.231,0,52
6,-67.6311,-27.9452,193.182,640.867,0,52
6,-67.1793,-29.0146,58.2983,71.8622,0,52
6,-61.6634,-39.4022,-97.02,38.1664,0,52
6,-60.8583,-40.6346,161.874,215.236,0,52
6,-60.62,-40.9893,-96.6051,499.51,0,52
6,-60.0872,-41.7664,172.14,171.887,0,52
6,-46.6962,-56.3415,226.13,1348.41,0,52
6,-20.4371,-70.2654,110.318,82.6918,0,52
6,-19.6215,-70.4975,-97.2749,203.978,0,52
6,-18.1867,-70.8812,43.5977,1132.17,0,52
6,-16.7465,-71.2352,143.218,661.441,0,52
6,-14.7651,-71.6721,80.8311,57.5604,0,52
6,-1.37544,-73.1643,261.775,713.562,0,52
6,-0.124173,-73.1771,142.389,230.124,0,52
6,2.95509,-73.1175,9.31763,719.817,0,52
6,37.7984,-62.6593,127.949,716.752,0,52
6,41.9456,-59.9622,139.019,769.447,0,52
6,41.8373,-60.0378,177.509,169.336,0,52
6,43.341,-58.9615,141.879,608.143,0,52
6,46.7447,-56.3013,36.5459,622.603,0,52
6,52.8676,-50.5956,181.169,418.145,0,52
6,53.9352,-49.4561,214.806,1428.02,0,52
6,58.8902,-43.4378,59.1951,201.158,0,52
6,62.0514,-38.7882,148.55,125.396,0,52
6,62.0788,-38.7444,195.227,386.62,0,52
6,65.9477,-31.7145,-8.91957,212.501,0,52
6,68.7545,-25.0543,-38.4182,357.155,0,52
6,70.4075,-19.9422,30.4223,329.317,0,52
6,72.4329,-10.4106,294.212,1621.63,0,52
6,72.9502,-5.75917,73.9415,890.689,0,52
6,73.0681,-3.99517,-96.0165,414.107,0,52
6,73.1754,0.506363,-22.7316,163.258,0,52
6,73.1553,1.78874,-73.5893,137.115,0,52
6,72.8916,6.45931,-61.64,1409.48,0,52
6,72.6108,9.08689,305.44,480.401,0,52
6,71.906,13.5805,-29.0556,1602.86,0,52
6,71.2269,16.7817,114.763,532.923,0,52
6,71.1091,17.2741,204.723,860.291,0,52
6,69.3091,23.4765,216.732,213.554,0,52
6,68.6274,25.4004,193.173,906.001,0,52
6,66.6132,30.2916,82.4944,61.9705,0,52
6,64.9102,33.787,110.562,326.138,0,52
6,60.8423,40.6586,201.961,749.259,0,52
6,60.5421,41.1043,202.919,141.345,0,52
6,56.0279,47.072,131.072,287.634,0,52
6,55.4755,47.7218,131.335,91.6453,0,52
6,54.933,48.3453,-103.178,1830.67,0,52
6,53.4021,50.0312,-104.976,3099.65,0,52
6,51.2498,52.2337,298.491,131.787,0,52
6,46.8533,56.2109,88.3738,267.817,0,52
6,44.9004,57.7828,173.303,242.549,0,52
6,36.4576,63.4487,266.239,893.278,0,52
6,15.2357,71.5736,87.5837,1388.03,0,52
6,1.70606,73.1573,171.9,485.446,0,52
6,0.579371,73.1749,-89.3183,220.85,0,52
6,-0.302185,73.1766,100.718,824.124,0,52
6,-0.809504,73.1727,126.81,375.524,0,52
6,-1.80693,73.1549,-74.8403,773.515,0,52
6,-8.97881,72.6243,222.913,161.011,0,52
6,-9.60801,72.5437,101.227,345.325,0,52
6,-9.45262,72.5641,223.1,24.2635,0,52
6,-16.6705,71.253,-85.859,139.227,0,52
6,-24.9816,68.781,-54.4483,257.331,0,52
6,-30.953,66.3085,-24.3109,184.011,0,52
6,-31.9802,65.8192,200.722,1434.46,0,52
6,-51.2295,52.2536,191.865,629.116,0,52
6,-57.5839,45.1553,134.059,608.812,0,52
6,-59.1463,43.0886,15.5655,744.795,0,52
6,-59.4862,42.618,168.042,1169.49,0,52
6,-60.1167,41.7239,168.247,282.068,0,52
6,-60.6778,40.9036,167.98,11,0,52
6,-66.0107,31.583,84.1177,1067.48,0,52
6,-66.1063,31.3824,-94.5312,654.021,0,52
6,-66.7802,29.9217,203.393,280.093,0,52
6,-68.0927,26.801,-19.004,27.1631,0,52
6,-68.3605,26.1102,-19.2293,199.548,0,52
6,-68.5919,25.4963,-19.428,37.1387,0,52
6,-69.293,23.5242,-19.5912,2039.68,0,52
6,-70.3821,20.0315,-20.1833,2005.68,0,52
6,-71.4751,15.6911,-42.748,173.773,0,52
6,-71.7142,14.5592,-42.6603,539.519,0,52
6,-71.9728,13.2217,-42.6036,438.801,0,52
6,-72.2074,11.8742,-21.5634,675.779,0,52
6,-72.4009,10.6306,-42.5029,777.915,0,52
6,-72.5555,9.51884,-42.3645,322.524,0,52
6,-72.6305,8.92823,-21.902,2843.2,0,52
6,-72.8796,6.59291,-22.3249,1968.69,0,52
6,-73.027,4.68644,-22.396,21.2789,0,52
6,-73.0995,3.37217,-22.8356,1286.55,0,52
6,-73.1015,3.32781,155.54,511.519,0,52
6,-69.2486,-23.6544,-199.907,613.973,1,52
6,-68.0156,-26.9958,-183.674,1493.63,1,52
6,-67.2734,-28.7958,-253.752,161.554,1,52
6,-61.1787,-40.1506,-138.113,234.605,1,52
6,-55.6635,-47.5023,85.996,76.3329,1,52
6,-52.0957,-51.3901,-22.879,100.305,1,52
6,-48.3266,-54.9495,-152.137,896.385,1,52
6,-41.1601,-60.5041,-170.731,134.957,1,52
6,-37.3635,-62.9195,-299.609,59.5391,1,52
6,-32.6336,-65.4977,-151.868,37.1248,1,52
6,-10.1295,-72.4727,-175.76,2587.76,1,52
6,-3.3529,-73.1003,7.39265,961.023,1,52
6,-0.373819,-73.1762,83.5689,83.6037,1,52
6,-0.141816,-73.1771,-107.955,209.966,1,52
6,0.201036,-73.1769,62.6252,206.424,1,52
6,0.287478,-73.1766,-132.146,467.197,1,52
6,4.14574,-73.0597,-211.035,314.187,1,52
6,21.2753,-70.0162,-247.682,312.359,1,52
6,21.5181,-69.9419,-215.655,310.641,1,52
6,37.4908,-62.8438,-289.595,688.549,1,52
6,42.1761,-59.8003,100.151,115.024,1,52
6,48.0523,-55.1894,-190.432,474.067,1,52
6,49.9624,-53.4664,-134.262,211.722,1,52
6,52.2989,-51.1833,-186.758,927.446,1,52
6,55.9071,-47.2154,-97.2844,146.047,1,52
6,56.2489,-46.8077,-141.423,90.1527,1,52
6,58.8012,-43.5582,-93.9848,551.022,1,52
6,59.0723,-43.1899,-114.98,33.151,1,52
6,59.4217,-42.708,-115.424,746.726,1,52
6,61.2299,-40.0725,97.444,32.2896,1,52
6,68.3483,-26.1421,66.1344,518.684,1,52
6,68.9268,-24.5763,65.3019,235.907,1,52
6,69.8108,-21.9397,-199.791,737.701,1,52
6,72.9754,-5.43089,-293.935,299.042,1,52
6,72.4615,10.2093,-183.762,367.008,1,52
6,71.8396,13.9277,-146.245,126.72,1,52
6,71.8119,14.0696,-72.961,232.714,1,52
6,71.6893,14.6814,-145.865,209.16,1,52
6,69.7601,22.1006,-301.486,153.271,1,52
6,68.945,24.5254,-257.36,125.527,1,52
6,68.0508,26.907,-195.455,696.072,1,52
6,66.8378,29.7929,-123.285,324.258,1,52
6,65.6428,32.3407,-8.03584,1065.99,1,52
6,63.6982,36.0199,53.9176,165.971,1,52
6,61.5427,39.5903,-29.5963,284.646,1,52
6,61.1354,40.2165,35.1607,285.922,1,52
6,60.7844,40.745,100.986,2052.76,1,52
6,56.45,46.565,64.5958,1665.81,1,52
6,56.5907,46.3939,-279.619,360.145,1,52
6,43.5428,58.8127,-285.809,484.042,1,52
6,39.8075,61.4025,-278.128,1173.04,1,52
6,38.711,62.0996,-155.534,220.134,1,52
6,35.8489,63.7947,-155.614,1085.42,1,52
6,31.65,65.9786,-126.428,74.1664,1,52
6,19.9913,70.3935,-286.703,1157.7,1,52
6,15.6062,71.4937,-196.897,429.698,1,52
6,4.97879,73.0076,-207.937,1955.06,1,52
6,-5.04561,73.003,-135.443,122.19,1,52
6,-8.55022,72.676,-160.027,846.096,1,52
6,-16.6013,71.2692,-292.126,201.337,1,52
6,-18.2723,70.8592,-102.162,215.728,1,52
6,-18.4573,70.8112,-103.235,88.4156,1,52
6,-19.6135,70.4997,-103.28,75.6763,1,52
6,-28.891,67.2325,-109.107,238.999,1,52
6,-38.218,62.4042,-256.021,92.4838,1,52
6,-40.7152,60.8044,43.1158,290.967,1,52
6,-44.3527,58.2043,-144.821,154.897,1,52
6,-56.5521,46.441,5.67145,2152.19,1,52
6,-57.3057,45.5078,-260.431,518.657,1,52
6,-61.2523,40.0383,-28.0216,309.142,1,52
6,-64.6568,34.2696,-170.333,629.96,1,52
6,-69.3893,23.2384,105.5,21,1,52
6,-69.5151,22.8596,105.5,41,1,52
6,-69.8074,21.9506,-41.3321,287.559,1,52
6,-71.6934,14.6614,69.727,261.011,1,52
6,-72.464,10.1919,98.6441,619.53,1,52
6,-73.0918,3.53456,-157.074,137.336,1,52
6,-74.1864,-3.59057,-41.685,658.392,0,53
6,-74.136,-4.51316,-41.7731,102.993,0,53
6,-74.0885,-5.23454,-41.5908,77.5931,0,53
6,-74.0825,-5.31953,132.332,199.127,0,53
6,-74.0435,-5.83686,132.488,83.5912,0,53
6,-71.1633,-21.2671,163.343,2626.43,0,53
6,-69.7593,-25.4981,177.956,137.954,0,53
6,-68.8359,-27.895,192.208,181.235,0,53
6,-66.0209,-34.0258,-5.50266,388,0,53
6,-62.9025,-39.4942,-97.8491,505.053,0,53
6,-61.6065,-41.4867,161.092,1294.95,0,53
6,-61.1942,-42.0925,-96.8517,121.152,0,53
6,-61.2449,-42.0187,171.384,104.366,0,53
6,-60.8991,-42.5184,-96.7942,51.336,0,53
6,-60.5928,-42.9537,-96.9382,113.039,0,53
6,-48.0706,-56.6191,249.773,677.528,0,53
6,-47.0759,-57.4488,225.161,667.426,0,53
6,-42.9029,-60.6288,169.815,198.268,0,53
6,-42.3382,-61.0245,169.688,260.794,0,53
6,-41.4908,-61.6038,169.914,218.488,0,53
6,-21.4735,-71.1013,109.585,407.74,0,53
6,-20.3416,-71.4334,-98.0207,127.906,0,53
6,-17.322,-72.225,143.011,244.538,0,53
6,-15.3193,-72.6762,79.6369,591.914,0,53
6,-1.84997,-74.2502,260.878,506.695,0,53
6,3.48577,-74.1914,8.26348,98.9713,0,53
6,38.4989,-63.5165,127.098,338.76,0,53
6,42.1074,-61.184,137.429,246.32,0,53
6,42.6638,-60.7973,177.016,235.421,0,53
6,43.0623,-60.5157,176.781,500.004,0,53
6,44.3258,-59.5964,140.155,57.8906,0,53
6,47.1967,-57.3497,36.116,56.227,0,53
6,53.9055,-51.0951,180.493,349.924,0,53
6,54.457,-50.5068,214.562,1011.86,0,53
6,59.9109,-43.8998,58.8596,217.292,0,53
6,62.6681,-39.8651,148.587,157.844,0,53
6,66.7651,-32.5413,-8.99953,255.046,0,53
6,73.4329,-11.1406,292.664,625.76,0,53
6,73.7447,-8.84492,-44.4407,181.008,0,53
6,74.1153,-4.84049,73.4878,346.965,0,53
6,74.1863,-3.59165,-97.1569,192.426,0,53
6,74.2599,-1.40527,-22.9518,238.079,0,53
6,74.246,2.00862,-74.0402,579.646,0,53
6,74.0708,5.48008,-95.3732,664.29,0,53
6,73.9589,6.82537,-62.7856,258.449,0,53
6,73.525,10.5156,305.437,994.666,0,53
6,73.0716,13.3057,-30.5787,980.702,0,53
6,72.155,17.6115,113.901,2838.04,0,53
6,72.0994,17.8377,204.183,222.694,0,53
6,70.3841,23.7189,216.74,87.3035,0,53
6,65.7081,34.6259,109.732,422.37,0,53
6,62.9574,39.4065,198.624,226.305,0,53
6,62.5159,40.1032,199.946,452.121,0,53
6,57.2537,47.313,130.771,97.907,0,53
6,56.9616,47.6643,130.672,114.528,0,53
6,55.5973,49.2488,-104.218,244.716,0,53
6,47.2144,57.3351,87.4551,1262.71,0,53
6,45.3349,58.8324,172.564,454.736,0,53
6,28.0602,68.7687,-84.213,962.66,0,53
6,15.9387,72.5428,85.9669,1345.92,0,53
6,0.839549,74.2685,-90.0062,609.1,0,53
6,0.698617,74.2699,172.22,100.194,0,53
6,-0.399706,74.2721,126.438,583.958,0,53
6,-0.306184,74.2726,172.624,414.042,0,53
6,-0.612172,74.2707,99.7324,902.901,0,53
6,-1.38714,74.2602,-75.5835,355.63,0,53
6,-8.79024,73.7512,222.874,69.5393,0,53
6,-9.27843,73.6914,99.965,291.102,0,53
6,-17.3449,72.2195,-86.8431,132.021,0,53
6,-24.2514,70.2024,-55.0517,462.114,0,53
6,-24.9265,69.9655,-54.62,22.253,0,53
6,-31.2673,67.3711,-24.4605,352.085,0,53
6,-33.325,66.3774,200.079,1742.02,0,53
6,-52.0623,52.972,191.795,151.773,0,53
6,-57.3005,47.2563,305.356,68.2635,0,53
6,-57.9823,46.4173,133.912,395.502,0,53
6,-60.1198,43.6132,14.6003,825.917,0,53
6,-61.5866,41.5162,168.404,32,0,53
6,-62.2371,40.5346,168.702,1787.75,0,53
6,-66.9973,32.0605,-95.389,528.791,0,53
6,-67.1755,31.6853,202.748,112.319,0,53
6,-67.2845,31.4533,82.9847,645.078,0,53
6,-67.5521,30.8744,203.134,279.57,0,53
6,-71.8718,18.7337,-20.5576,85.9179,0,53
6,-70.4011,-23.6683,-199.548,996.507,1,53
6,-68.867,-27.818,-183.532,96.7196,1,53
6,-68.2012,-29.4126,-253.122,128.553,1,53
6,-61.988,-40.9145,-137.72,206.157,1,53
6,-56.7038,-47.9707,85.8372,1501.27,1,53
6,-53.0572,-51.9754,-21.5915,434.404,1,53
6,-48.9308,-55.8774,-151.301,935.039,1,53
6,-42.0465,-61.2258,-170.624,162.973,1,53
6,-39.0507,-63.1787,-298.998,585.027,1,53
6,-25.1172,-69.8973,-180.276,32.2449,1,53
6,-12.651,-73.1879,23.3561,315.135,1,53
6,-11.7959,-73.3305,22.7563,478.094,1,53
6,-9.72055,-73.6344,-175.437,876.919,1,53
6,-2.87235,-74.2176,8.87655,607.19,1,53
6,-0.640907,-74.2704,-106.852,276.276,1,53
6,-0.303815,-74.2726,62.9723,93.3686,1,53
6,-0.303808,-74.2726,-131.65,69.0663,1,53
6,5.56488,-74.0644,-210.804,24.0693,1,53
6,21.7022,-71.0318,-247.016,252.338,1,53
6,22.213,-70.8738,-215.521,188.003,1,53
6,23.8468,-70.3409,-209.638,212.636,1,53
6,24.3533,-70.1671,-209.057,166.507,1,53
6,38.4092,-63.5708,-288.637,446.431,1,53
6,42.6594,-60.8003,100.996,725.042,1,53
6,48.6841,-56.0925,-190.226,720.688,1,53
6,50.1313,-54.8029,-133.982,404.794,1,53
6,57.0914,-47.5087,-96.5161,49.3866,1,53
6,57.4675,-47.0531,-95.9963,696.394,1,53
6,62.184,-40.6159,98.5087,443.356,1,53
6,69.477,-26.2575,66.916,28.0277,1,53
6,69.9156,-25.0663,65.8341,1407.32,1,53
6,70.5758,-23.1423,-199.164,1545.54,1,53
6,74.1019,-5.04199,-293.663,186.971,1,53
6,73.5618,10.2555,-183.742,173.906,1,53
6,72.8739,14.3491,-71.9203,649.748,1,53
6,72.4794,16.2246,-145.009,1395.89,1,53
6,71.8812,18.6976,-275.97,146.777,1,53
6,70.7337,22.6549,-300.731,402.083,1,53
6,69.8816,25.1608,-256.898,386.503,1,53
6,69.1688,27.0589,-193.922,434.257,1,53
6,67.7431,30.4529,-122.415,193.431,1,53
6,66.6984,32.6777,-7.29312,1618.53,1,53
6,64.2718,37.2243,54.7527,499.458,1,53
6,62.5496,40.0507,-28.7395,521.3,1,53
6,62.2645,40.4924,102.597,1180.89,1,53
6,62.1797,40.6226,35.5861,912.797,1,53
6,58.5633,45.6821,-170.83,86.4561,1,53
6,57.5628,46.9365,65.0992,848.399,1,53
6,44.5759,59.4095,-284.187,428.375,1,53
6,44.1514,59.7257,-119.864,424.903,1,53
6,39.0062,63.2062,-155.579,84.4977,1,53
6,36.0836,64.9191,-155.488,447.106,1,53
6,32.7778,66.6493,-125.932,493.964,1,53
6,20.4903,71.3909,-286.107,904.744,1,53
6,16.3721,72.4463,-195.964,40.1248,1,53
6,6.6975,73.9706,-205.642,1678.28,1,53
6,3.254,74.2019,82.4587,557.434,1,53
6,-4.54787,74.1338,-135.221,611.873,1,53
6,-8.95125,73.7318,-159.156,296.601,1,53
6,-17.2068,72.2526,-101.45,1148.75,1,53
6,-16.6399,72.3852,-290.949,616.982,1,53
6,-29.4331,68.1924,-107.954,316.849,1,53
6,-38.8558,63.2988,-255.505,290.017,1,53
6,-42.1394,61.1619,-140.282,101.715,1,53
6,-44.8341,59.215,-144.222,247.804,1,53
6,-57.477,47.0415,7.08906,773.375,1,53
6,-58.0397,46.3454,-259.851,370.652,1,53
6,-62.0359,40.8419,-27.1925,393.79,1,53
6,-65.6743,34.6899,-170.01,309.975,1,53
6,-70.2237,24.1896,105.5,138,1,53
6,-71.0264,21.72,-40.9085,944.131,1,53
6,-75.1949,-5.12528,132.085,177.991,0,54
6,-75.0647,-6.77087,177.906,112.075,0,54
6,-75.0165,-7.28523,177.884,117.278,0,54
6,-74.8194,-9.08831,178.203,1725.86,0,54
6,-72.9325,-19.0103,271.436,22.2076,0,54
6,-72.4248,-20.8613,162.927,1362.15,0,54
6,-70.9089,-25.5437,177.732,73.3329,0,54
6,-69.9759,-27.9985,191.557,564.782,0,54
6,-66.8196,-34.8667,-11.4432,252.78,0,54
6,-64.1086,-39.6312,-98.7616,1576.5,0,54
6,-62.4757,-42.1584,170.438,552.362,0,54
6,-62.4083,-42.2582,159.484,708.499,0,54
6,-60.8128,-44.5235,-97.4127,771.935,0,54
6,-47.8273,-58.2503,248.86,1433.8,0,54
6,-47.5284,-58.4944,224.319,652.839,0,54
6,-44.8994,-60.5359,169.427,604.096,0,54
6,-44.0038,-61.1899,169.603,156.645,0,54
6,-21.0493,-72.3704,-98.6379,227.89,0,54
6,-18.0449,-73.1774,142.607,432.323,0,54
6,-15.7905,-73.6967,78.3816,969.086,0,54
6,-2.15785,-75.3385,259.564,27.0277,0,54
6,4.21004,-75.2517,7.1312,300.189,0,54
6,39.3257,-64.2965,126.195,905.703,0,54
6,42.3392,-62.3533,136.21,1152.94,0,54
6,45.1576,-60.3435,138.655,763.081,0,54
6,47.7301,-58.33,35.5713,468.065,0,54
6,54.7773,-51.7687,214.215,1140.97,0,54
6,55.0137,-51.5173,179.693,162.82,0,54
6,61.0615,-44.1819,58.3518,270.042,0,54
6,63.1972,-41.069,148.476,532.169,0,54
6,67.3737,-33.7836,-9.12059,284.634,0,54
6,72.5807,-20.3122,-45.6831,543.721,0,54
6,74.4233,-11.9047,291.217,879.5,0,54
6,74.8397,-8.91994,-44.529,184.136,0,54
6,75.303,-3.16309,-98.3377,793.69,0,54
6,75.3466,-1.85434,-23.0773,148.587,0,54
6,75.1848,5.27154,-96.2192,690.839,0,54
6,74.4741,11.5826,305.32,282.229,0,54
6,74.2515,12.9328,-32.0856,712.148,0,54
6,73.0629,18.5031,203.689,324.767,0,54
6,72.9975,18.7593,112.588,1012.15,0,54
6,72.9325,19.0103,203.357,65.5654,0,54
6,71.4299,24.0483,192.72,302.947,0,54
6,71.5367,23.7288,216.741,269.811,0,54
6,66.6146,35.2567,109.234,61.5759,0,54
6,66.4214,35.6195,108.8,87.0034,0,54
6,64.6236,38.7858,196.654,711.888,0,54
6,64.2737,39.3629,196.812,24.0555,0,54
6,64.1883,39.502,197.949,356.173,0,54
6,58.6715,47.3096,130.284,144.451,0,54
6,56.2903,50.1194,-105.054,222.086,0,54
6,54.2305,52.3412,297.487,94.8695,0,54
6,47.6737,58.3761,86.6124,1525.07,0,54
6,45.6577,59.966,171.685,455.452,0,54
6,1.14721,75.3607,-90.5237,1378.97,0,54
6,0.345094,75.3686,125.84,268.925,0,54
6,-0.719389,75.366,-76.244,27.111,0,54
6,-1.28661,75.3584,97.7289,927.517,0,54
6,-1.86973,75.3462,173.215,836.872,0,54
6,-8.20232,74.9217,222.687,363.845,0,54
6,-8.8497,74.848,98.5113,2151.22,0,54
6,-18.0465,73.177,-87.4284,185.268,0,54
6,-23.8836,71.4851,-55.4943,606.584,0,54
6,-31.5761,68.4361,-24.6778,178.327,0,54
6,-34.5741,66.9715,199.586,1447.93,0,54
6,-57.9238,48.2221,304.879,456.972,0,54
6,-58.0484,48.0721,133.662,477.058,0,54
6,-58.5526,47.4567,133.652,159.756,0,54
6,-63.6309,40.3938,168.83,217.702,0,54
6,-64.08,39.6775,169.023,334.009,0,54
6,-64.3808,39.1874,169.252,24.217,0,54
6,-64.5936,38.8357,169.252,41.208,0,54
6,-64.9147,38.2966,169.306,241.286,0,54
6,-65.3231,37.5957,169.403,63.6208,0,54
6,-67.8757,32.7634,-96.2624,703.635,0,54
6,-68.6181,31.1786,81.6051,811.504,0,54
6,-75.2791,3.68896,154.214,406.87,0,54
6,-71.5476,-23.6958,-199.193,653.001,1,54
6,-69.6262,-28.8573,-183.41,380.278,1,54
6,-68.9713,-30.3893,-252.407,506.722,1,54
6,-62.784,-41.6979,-137.455,809.305,1,54
6,-57.6538,-48.5447,85.7624,378.634,1,54
6,-54.3023,-52.2667,-20.0344,925.809,1,54
6,-49.5821,-56.7641,-149.9,946.1,1,54
6,-42.8515,-62.0024,-170.404,815.956,1,54
6,-40.611,-63.4924,-298.237,427.526,1,54
6,-40.0616,-63.8405,-298.572,23.208,1,54
6,-36.0671,-66.1794,63.7038,349.183,1,54
6,-32.9849,-67.7683,-10.2714,422.405,1,54
6,-32.9632,-67.7789,-151.148,602.532,1,54
6,-32.3174,-68.0891,-10.6914,116.523,1,54
6,-26.8372,-70.4295,-179.852,23.0971,1,54
6,-26.2422,-70.6534,-179.808,306.172,1,54
6,-13.8924,-74.078,24.1832,672.553,1,54
6,-9.14743,-74.8122,-175.12,1982.77,1,54
6,-2.32532,-75.3335,10.4683,570.057,1,54
6,-1.09108,-75.3615,-106,804.978,1,54
6,-0.613532,-75.3669,-130.674,1790.43,1,54
6,-0.802397,-75.3651,85.2495,515.44,1,54
6,-0.605569,-75.367,63.524,85.2154,1,54
6,6.05056,-75.1261,-210.671,880.766,1,54
6,8.6084,-74.8762,-215.303,4738.04,1,54
6,22.3173,-71.9895,-246.193,629.957,1,54
6,22.8418,-71.8248,-215.558,407.21,1,54
6,25.0262,-71.0931,-208.255,207.47,1,54
6,25.4004,-70.9603,-207.423,153.397,1,54
6,39.3371,-64.2895,-287.22,603.035,1,54
6,43.0467,-61.867,101.949,260.962,1,54
6,49.1731,-57.1188,-189.992,469.011,1,54
6,50.4281,-56.0139,-133.735,226.596,1,54
6,58.7151,-47.2556,-95.6552,67.7204,1,54
6,59.9818,-45.637,-113.708,24.1093,1,54
6,63.2883,-40.9284,99.8682,229.242,1,54
6,71.3868,-24.1759,-198.488,639.208,1,54
6,75.2397,-4.41996,-292.911,296.347,1,54
6,74.6679,10.2591,-183.491,291.875,1,54
6,73.1388,18.2004,-143.857,1266.62,1,54
6,73.0407,18.5903,-274.268,728.023,1,54
6,71.6819,23.2863,-299.709,567.592,1,54
6,70.7561,25.9637,-256.108,918.418,1,54
6,70.3183,27.1272,-192.127,504.817,1,54
6,68.6393,31.1319,-121.176,447.693,1,54
6,64.9625,38.2155,55.5354,1404.59,1,54
6,63.653,40.3589,104.089,2757.85,1,54
6,63.7474,40.2097,-27.0248,455.933,1,54
6,63.392,40.7677,36.3233,417.552,1,54
6,59.2055,46.6397,-170.344,124.87,1,54
6,58.6865,47.291,65.497,2577.86,1,54
6,45.6039,60.0069,-282.604,387.756,1,54
6,45.1071,60.3812,-118.85,230.101,1,54
6,40.4896,63.57,-277.096,1571.93,1,54
6,39.0824,64.4446,-155.463,398.575,1,54
6,36.4978,65.9429,-155.487,535.739,1,54
6,33.6113,67.4598,-125.156,30.0416,1,54
6,21.2518,72.3112,-285.562,206.821,1,54
6,17.1158,73.4002,-195.095,391.441,1,54
6,8.1275,74.9299,-203.595,2248.16,1,54
6,2.83307,75.3161,82.18,80.337,1,54
6,0.308287,75.3688,-186.066,98.5206,1,54
6,-4.07511,75.2592,-134.665,678.793,1,54
6,-15.8821,73.677,-99.9649,130.801,1,54
6,-16.576,73.524,-100.458,148.544,1,54
6,-16.7154,73.4925,-289.84,545.586,1,54
6,-18.5038,73.0627,-173.791,284.415,1,54
6,-30.0417,69.1234,-106.632,1347.93,1,54
6,-39.9798,63.8918,-254.916,667.853,1,54
6,-42.2099,62.4409,43.2032,784.732,1,54
6,-42.5433,62.2143,-139.348,552.425,1,54
6,-45.0198,60.4464,-142.951,237.579,1,54
6,-62.8697,41.5686,-26.7105,644.647,1,54
6,-70.718,26.0673,105.5,24,1,54
6,-70.9289,25.4879,105.5,37,1,54
6,-72.4078,20.9202,-40.356,66.2946,1,54
6,-73.9226,14.6969,71.0205,378.504,1,54
6,-74.4497,11.7382,101.115,758.356,1,54
6,-75.2665,3.93714,-156.412,686.698,1,54
