event,x,y,z,adc,zelem,layer
124,-31.363,-1.04796,-49.7292,1588.51,0,7
124,-31.3552,-1.26049,26.921,373.41,0,7
124,-31.3507,-1.36662,189.244,2301.29,0,7
124,-31.3419,-1.55565,-81.4455,882.259,0,7
124,-31.3282,-1.81162,-23.5393,84.9666,0,7
124,-31.3238,-1.88633,231.184,298.839,0,7
124,-31.2281,-3.08915,91.2377,441.093,0,7
124,-31.2082,-3.28395,-75.7749,416.324,0,7
124,-31.1965,-3.39363,-19.0499,324.313,0,7
124,-31.046,-4.56946,50.1546,271.536,0,7
124,-30.9907,-4.93059,254.268,202.492,0,7
124,-30.9624,-5.1054,202.75,603.188,0,7
124,-30.6866,-6.56251,48.3762,1843.79,0,7
124,-30.3957,-7.79997,-54.0411,718.824,0,7
124,-30.0131,-9.1625,109.709,951.553,0,7
124,-29.9456,-9.3807,-92.923,152.067,0,7
124,-29.2522,-11.3599,-79.4682,41.6275,0,7
124,-28.8547,-12.3346,215.005,1376.94,0,7
124,-28.4793,-13.1782,-73.4694,1018.06,0,7
124,-28.5146,-13.1017,240.981,314.58,0,7
124,-28.0951,-13.9786,50.1249,513.296,0,7
124,-27.7932,-14.5696,-45.9859,300.861,0,7
124,-27.5977,-14.9366,-18.3585,297.825,0,7
124,-27.2575,-15.5488,293.539,611.818,0,7
124,-26.9552,-16.0672,7.03869,36.3695,0,7
124,-26.3663,-17.0163,8.91858,364.754,0,7
124,-25.9314,-17.672,8.74664,318.049,0,7
124,-25.0019,-18.9643,190.386,1115.81,0,7
124,-24.0744,-20.1286,249.572,653.409,0,7
124,-23.9355,-20.2935,-4.78595,1010.7,0,7
124,-22.7385,-21.6262,281.446,33.1803,0,7
124,-22.4408,-21.9351,282.692,1034.84,0,7
124,-21.9408,-22.4351,65.1705,46.3837,0,7
124,-19.6234,-24.4879,-57.0826,460.655,0,7
124,-19.2101,-24.8135,-59.4788,422.684,0,7
124,-19.2077,-24.8153,189.412,843.371,0,7
124,-18.6829,-25.2128,-84.3658,1105.85,0,7
124,-18.1254,-25.6165,95.1544,1536.71,0,7
124,-18.1792,-25.5784,207.291,1070.13,0,7
124,-17.0551,-26.3412,2.38804,379.48,0,7
124,-16.6254,-26.6145,-60.9296,262.747,0,7
124,-11.2802,-29.283,159.584,95.1798,0,7
124,-6.46659,-30.707,-75.9043,388.975,0,7
124,-6.33331,-30.7348,-33.2161,597.577,0,7
124,-5.42336,-30.9083,-62.5415,6429.78,0,7
124,-5.46313,-30.9013,304.893,529.206,0,7
124,-4.99951,-30.9797,-71.782,641.993,0,7
124,-3.72817,-31.1583,19.9341,4552.89,0,7
124,-3.69704,-31.162,95.8666,975.313,0,7
124,-2.29373,-31.2966,134.908,30.1704,0,7
124,-2.04557,-31.3138,-43.251,181.122,0,7
124,-1.25858,-31.3553,216.526,878.698,0,7
124,-0.789809,-31.3706,-34.7487,3164.67,0,7
124,-0.084838,-31.3804,218.365,253.39,0,7
124,0.807598,-31.3701,-86.4518,1312.01,0,7
124,1.09945,-31.3612,4.69773,360.33,0,7
124,2.01899,-31.3155,64.7228,931.657,0,7
124,2.19516,-31.3036,227.582,763.183,0,7
124,3.38262,-31.1977,227.522,597.965,0,7
124,4.04585,-31.1186,62.8198,695.606,0,7
124,4.33456,-31.0797,210.994,1519.13,0,7
124,6.68971,-30.6592,-71.3761,133.192,0,7
124,8.42909,-30.2272,180.056,272.633,0,7
124,9.05911,-30.0444,-51.4543,1199.79,0,7
124,9.53388,-29.8972,287.002,470.577,0,7
124,10.3927,-29.6096,-24.4245,751.208,0,7
124,10.4327,-29.5955,74.3859,1109.85,0,7
124,11.215,-29.308,126.461,339.312,0,7
124,11.9156,-29.0302,154.123,186.794,0,7
124,13.4189,-28.3667,185.47,505.66,0,7
124,14.3399,-27.9124,-43.4019,980.094,0,7
124,16.8311,-26.4849,-81.8532,20930.1,0,7
124,17.4277,-26.0962,152.936,832.199,0,7
124,17.8646,-25.7991,245.717,648.896,0,7
124,20.3443,-23.8923,300.128,4325.87,0,7
124,21.114,-23.2149,-102.069,1493.23,0,7
124,21.5167,-22.8422,-59.533,246.786,0,7
124,21.906,-22.4692,222.741,743.828,0,7
124,21.8863,-22.4883,298.496,374.832,0,7
124,22.579,-21.7928,176.423,1245.33,0,7
124,22.6432,-21.726,-30.5146,821.149,0,7
124,22.7203,-21.6454,221.666,857.365,0,7
124,23.4227,-20.8833,-26.4191,292.062,0,7
124,23.9636,-20.2603,284.256,826.428,0,7
124,24.3775,-19.7604,-84.8097,210.047,0,7
124,24.8571,-19.1536,25.8635,461.189,0,7
124,25.0818,-18.8584,-37.1703,1042.87,0,7
124,25.0041,-18.9613,133.309,240.839,0,7
124,25.5357,-18.2391,95.7547,477.213,0,7
124,26.1648,-17.3245,37.9852,131.992,0,7
124,26.9429,-16.0878,132.744,736.458,0,7
124,27.2821,-15.5056,70.102,172.251,0,7
124,27.6027,-14.9274,109.74,159.306,0,7
124,27.823,-14.5126,-48.1186,377.89,0,7
124,28.2263,-13.7118,-24.8107,655.414,0,7
124,28.5234,-13.0825,266.969,771.368,0,7
124,28.5727,-12.9744,18.5128,1236.46,0,7
124,28.8585,-12.3257,-7.30204,8150.08,0,7
124,28.8195,-12.4165,106.153,575.814,0,7
124,28.8725,-12.2929,-51.8648,2191.16,0,7
124,29.0244,-11.9299,-63.3403,274.922,0,7
124,29.441,-10.8611,-25.4954,718.653,0,7
124,29.6061,-10.4025,-31.4699,1128.7,0,7
124,29.7429,-10.0049,78.3481,1171.73,0,7
124,30.0997,-8.87368,-1.71541,5583.48,0,7
124,30.1011,-8.86918,28.3981,923.594,0,7
124,30.4058,-7.76047,72.156,33.1526,0,7
124,30.4494,-7.58732,229.791,297.887,0,7
124,30.5949,-6.97776,254.974,419.013,0,7
124,30.7229,-6.39071,235.403,1949.03,0,7
124,30.8163,-5.9236,64.9596,787.102,0,7
124,30.9336,-5.27727,-82.0786,1126.39,0,7
124,30.9859,-4.96054,-54.0903,1796.56,0,7
124,30.9859,-4.96079,-51.228,11.1445,0,7
124,31.0221,-4.72906,-39.2302,1047.22,0,7
124,31.0026,-4.85526,111.091,177.971,0,7
124,30.9919,-4.9231,226.332,235.112,0,7
124,31.2158,-3.21058,149.414,415.723,0,7
124,31.2221,-3.14889,200.029,1931.64,0,7
124,31.3718,-0.740713,-9.44968,159.922,0,7
124,31.3776,-0.423669,-62.281,1014.08,0,7
124,31.3503,1.37573,-43.7185,407.575,0,7
124,31.1793,3.54812,217.848,3007.67,0,7
124,31.0833,4.30858,24.7403,460.57,0,7
124,30.86,5.6917,-18.9322,584.017,0,7
124,30.637,6.79043,-14.1499,2232.82,0,7
124,30.6819,6.58471,1.94978,477.465,0,7
124,30.4114,7.73835,-44.9861,212.01,0,7
124,30.1213,8.8001,226.219,835.203,0,7
124,29.9496,9.36803,21.4946,1490.56,0,7
124,29.6136,10.3814,147.63,1614.35,0,7
124,29.1775,11.5502,-74.1466,1026.46,0,7
124,29.0049,11.977,-22.1943,6973.58,0,7
124,28.9019,12.2236,121.254,350.086,0,7
124,28.5266,13.0756,99.409,655.157,0,7
124,28.535,13.0571,147.84,670.659,0,7
124,28.4577,13.2247,251.755,10151.7,0,7
124,28.0274,14.1138,82.0963,1709.73,0,7
124,26.8094,16.3093,-14.34,34.1355,0,7
124,26.4509,16.8845,-35.509,551.244,0,7
124,26.5905,16.6637,-13.9429,160.233,0,7
124,26.3348,17.065,248.072,118.171,0,7
124,26.1885,17.2887,97.0316,1356.32,0,7
124,26.0776,17.4554,17.6854,3511.27,0,7
124,25.9919,17.5828,305.494,2407.37,0,7
124,25.5358,18.239,184.982,1404.84,0,7
124,25.3518,18.4938,-11.4511,1471.74,0,7
124,24.9461,19.0375,-44.9391,1234.02,0,7
124,24.3542,19.7891,47.2541,46.6222,0,7
124,22.0032,22.374,-31.711,97.3059,0,7
124,18.6846,25.2116,154.365,230.542,0,7
124,18.2607,25.5202,24.7029,192.456,0,7
124,18.2607,25.5202,172.299,997.917,0,7
124,17.9753,25.7221,28.484,12.4245,0,7
124,17.9753,25.7221,33.2534,165,0,7
124,12.4916,28.7871,-47.5528,45.2602,0,7
124,12.4916,28.7871,86.9655,546.006,0,7
124,5.64361,30.8688,-68.7778,1844.78,0,7
124,5.32358,30.9256,-62.7784,783.208,0,7
124,4.5143,31.0541,-100.729,1187.3,0,7
124,4.30533,31.0838,-14.4638,425.484,0,7
124,3.81295,31.148,135.842,181.162,0,7
124,3.46131,31.189,-51.2943,2110.88,0,7
124,3.10801,31.2262,5.99951,305.211,0,7
124,2.14724,31.3069,53.9894,724.149,0,7
124,1.74464,31.332,-15.2954,1286.8,0,7
124,1.9175,31.3219,-63.4822,313.476,0,7
124,1.71204,31.3338,105.934,171.677,0,7
124,1.2091,31.3572,-76.0248,643.472,0,7
124,-0.242258,31.3796,232.811,132.935,0,7
124,-1.04403,31.3631,233.783,1004.53,0,7
124,-1.86491,31.325,291.977,1410.96,0,7
124,-2.30667,31.2956,40.0741,745.669,0,7
124,-3.03702,31.2332,88.7222,813.399,0,7
124,-4.47065,31.0604,-6.4652,886.782,0,7
124,-4.66091,31.0324,15.2797,1284.86,0,7
124,-5.49142,30.8963,-90.1069,1286.21,0,7
124,-6.39818,30.7213,-72.3705,499.025,0,7
124,-7.3204,30.5147,229.135,655.785,0,7
124,-7.71469,30.4174,3.74787,327.977,0,7
124,-7.69898,30.4214,229.036,13.0662,0,7
124,-8.54458,30.1948,-18.0865,272.202,0,7
124,-8.71122,30.1471,25.9697,66.8318,0,7
124,-8.93378,30.0819,229.35,202.594,0,7
124,-9.36827,29.9495,24.7731,322.351,0,7
124,-10.7244,29.4911,-105.178,1204.35,0,7
124,-11.3133,29.2702,136.618,862.379,0,7
124,-14.1732,27.9975,69.8669,344.222,0,7
124,-14.174,27.997,-61.0131,158.394,0,7
124,-14.5848,27.7852,255.475,1270.06,0,7
124,-14.816,27.6627,-72.9561,846.262,0,7
124,-14.8504,27.6442,169.893,270.306,0,7
124,-15.5941,27.2316,193.72,800.167,0,7
124,-15.7941,27.1161,196.392,1082.37,0,7
124,-15.8201,27.1009,149.484,647.375,0,7
124,-17.9857,25.7148,-15.4648,3459.83,0,7
124,-18.2608,25.5201,148.93,717.521,0,7
124,-18.4311,25.3974,-58.2108,408.644,0,7
124,-18.8016,25.1244,-84.0509,1277.5,0,7
124,-19.0715,24.9202,-18.8238,348.34,0,7
124,-19.4506,24.6254,-9.52218,1273.39,0,7
124,-20.3207,23.9124,-56.479,336.316,0,7
124,-21.6101,22.7539,-62.1266,349.435,0,7
124,-21.8871,22.4876,-62.1366,227.042,0,7
124,-23.2682,21.0553,132.318,218.501,0,7
124,-23.5553,20.7336,206.712,1230.01,0,7
124,-25.1631,18.7497,115.208,56.4128,0,7
124,-26.3647,17.0188,4.71249,704.62,0,7
124,-26.2915,17.1316,178.83,114.812,0,7
124,-26.8623,16.2219,-8.88444,342.82,0,7
124,-26.9295,16.1102,295.415,861.669,0,7
124,-27.6133,14.9079,-92.5232,351.009,0,7
124,-27.8499,14.461,-54.3743,926.337,0,7
124,-27.8631,14.4354,72.0947,843.019,0,7
124,-27.9439,14.2784,56.3603,311,0,7
124,-28.9942,12.003,246.069,1154.39,0,7
124,-29.2477,11.3714,-87.5288,1923.64,0,7
124,-29.251,11.3627,-33.6982,3601.81,0,7
124,-29.2805,11.2866,29.4411,686.19,0,7
124,-29.2739,11.3037,269.75,1749.4,0,7
124,-29.6014,10.4159,-51.043,3993.42,0,7
124,-29.6154,10.3761,-42.3155,349,0,7
124,-29.8672,9.62731,-1.00195,163.474,0,7
124,-29.8991,9.52792,23.473,510.961,0,7
124,-29.8783,9.59279,129.676,187.938,0,7
124,-30.0199,9.14024,139.583,1054.65,0,7
124,-30.378,7.86834,198.215,372.916,0,7
124,-30.4933,7.40895,271.977,923.407,0,7
124,-30.688,6.55627,-87.5554,990.846,0,7
124,-30.8963,5.49158,-51.3932,829.842,0,7
124,-31.0638,4.44679,-61.0421,491.798,0,7
124,-31.0629,4.45351,40.7006,233.293,0,7
124,-31.1233,4.00934,-42.9498,239.66,0,7
124,-31.1761,3.57555,-42.9832,127.985,0,7
124,-31.2634,2.70869,-59.5589,1647.09,0,7
124,-31.3204,1.94056,53.1527,734.957,0,7
124,-31.3768,0.479188,37.2645,1891.36,0,7
124,-31.3784,-0.361281,41.8132,862.122,1,7
124,-31.3801,-0.154358,2.76404,879.049,1,7
124,-31.3795,-0.25351,-75.3431,265.016,1,7
124,-31.3692,-0.843277,74.9509,1031.83,1,7
124,-31.3669,-0.922315,-13.5036,81.5275,1,7
124,-31.3184,-1.97278,-205.716,602.897,1,7
124,-31.2815,-2.49014,-11.2618,436.182,1,7
124,-31.1666,-3.65807,74.7719,887.009,1,7
124,-31.1228,-4.01358,-10.2178,959.781,1,7
124,-31.0731,-4.38124,95.2849,181.289,1,7
124,-31.0389,-4.61785,36.7446,773.451,1,7
124,-30.5458,-7.18958,58.436,36.1387,1,7
124,-30.378,-7.86832,58.012,14.0694,1,7
124,-30.1566,-8.67847,-64.0779,351.743,1,7
124,-30.1952,-8.54316,57.4383,49.5232,1,7
124,-30.0128,-9.16334,104.736,1509.62,1,7
124,-29.239,-11.3937,6.78011,1384.24,1,7
124,-29.2483,-11.3699,-88.8788,1103.35,1,7
124,-28.8169,-12.4227,-170.466,1130.82,1,7
124,-28.6574,-12.7863,-184.983,747.954,1,7
124,-28.5784,-12.962,-146.85,786.672,1,7
124,-28.5268,-13.075,98.6959,991.922,1,7
124,-28.441,-13.2606,41.4669,330.346,1,7
124,-27.9534,-14.2599,43.3937,673.822,1,7
124,-27.5338,-15.0541,-148.017,784.342,1,7
124,-26.9372,-16.0972,-245.854,321.302,1,7
124,-26.1914,-17.2842,22.9426,562.039,1,7
124,-26.1072,-17.4113,-20.3301,664.174,1,7
124,-25.1248,-18.801,71.9867,619.65,1,7
124,-25.1071,-18.8247,-64.2163,60.6885,1,7
124,-24.8183,-19.2038,32.6822,180.326,1,7
124,-22.8506,-21.5078,55.2765,877.742,1,7
124,-22.4586,-21.9169,67.1291,81.5687,1,7
124,-21.5925,-22.7705,-107.813,320.97,1,7
124,-21.247,-23.0933,73.2399,598.292,1,7
124,-21.2545,-23.0864,8.72153,160.48,1,7
124,-21.248,-23.0924,-269.672,414.264,1,7
124,-19.3155,-24.7315,104.737,1429.14,1,7
124,-18.4964,-25.3499,-41.0884,2210.6,1,7
124,-18.133,-25.6112,87.5196,2302.52,1,7
124,-17.9432,-25.7444,-174.086,490.335,1,7
124,-15.8596,-27.0778,91.7821,839.378,1,7
124,-15.5425,-27.2611,-82.7048,662.207,1,7
124,-15.1349,-27.4895,-106.641,250.688,1,7
124,-13.8014,-28.1826,96.2352,241.997,1,7
124,-13.5772,-28.2912,54.9987,298.992,1,7
124,-12.9951,-28.5633,100.528,474.162,1,7
124,-12.1285,-28.9419,4.37425,266.111,1,7
124,-11.8181,-29.07,83.0469,1352.9,1,7
124,-11.9208,-29.0281,-32.3584,783.93,1,7
124,-11.8364,-29.0626,26.3887,1048.79,1,7
124,-11.6809,-29.1255,-53.1729,438.735,1,7
124,-11.5158,-29.1911,45.0923,877.129,1,7
124,-11.3427,-29.2588,22.6482,187.426,1,7
124,-10.975,-29.3987,-206.219,1468.34,1,7
124,-10.7835,-29.4695,-255.61,1501.57,1,7
124,-10.3924,-29.6097,-40.6355,3760.12,1,7
124,-10.1856,-29.6815,-283.035,545.625,1,7
124,-9.88913,-29.7816,-144.207,774.747,1,7
124,-9.62597,-29.8676,-0.937386,1634.5,1,7
124,-7.67778,-30.4268,84.663,1132.19,1,7
124,-6.86729,-30.6199,83.7497,3132.47,1,7
124,-6.48202,-30.7037,-6.48655,521.28,1,7
124,-5.42913,-30.9073,-48.1495,295.669,1,7
124,-4.59343,-31.0425,-48.0599,142.346,1,7
124,-3.48537,-31.1863,60.4679,868.503,1,7
124,-2.68348,-31.2656,-278.995,1984.08,1,7
124,-2.70598,-31.2636,-305.78,17.0028,1,7
124,-1.23714,-31.3561,-173.215,1963.13,1,7
124,-1.3106,-31.3531,-176.036,11.0518,1,7
124,-0.105211,-31.3803,105.137,1876.5,1,7
124,0.0142624,-31.3805,-298.624,742.99,1,7
124,0.687809,-31.373,-21.6028,947.495,1,7
124,1.37483,-31.3504,53.6925,291.163,1,7
124,1.4766,-31.3457,-125.633,498.703,1,7
124,1.80966,-31.3283,97.2393,265.031,1,7
124,1.78188,-31.3299,43.0869,821.193,1,7
124,1.83212,-31.327,13.1929,580.272,1,7
124,2.34971,-31.2924,-126.766,1085.93,1,7
124,2.878,-31.2482,-89.9589,719.669,1,7
124,3.40138,-31.1956,-18.2812,2864.01,1,7
124,4.01555,-31.1225,-175.604,9404.71,1,7
124,3.44524,-31.1908,29.1342,247.165,1,7
124,4.01751,-31.1223,-297.695,532.54,1,7
124,4.27049,-31.0886,105.051,156.705,1,7
124,4.30761,-31.0834,-115.731,144.704,1,7
124,4.92289,-30.9919,85.6519,944.302,1,7
124,5.99339,-30.8028,51.6729,132.877,1,7
124,5.99339,-30.8028,22.184,493.996,1,7
124,5.99339,-30.8028,-262.062,652.391,1,7
124,6.50726,-30.6984,-4.7818,226.741,1,7
124,6.50726,-30.6984,-6.47524,321.454,1,7
124,6.50726,-30.6984,-202.335,60.8249,1,7
124,9.56755,-29.8864,-237.955,554.216,1,7
124,10.7992,-29.4638,-48.6574,1312.76,1,7
124,10.9631,-29.4032,45.8117,766.568,1,7
124,11.125,-29.3423,-31.0088,159.283,1,7
124,15.8995,-27.0544,28.1441,308.459,1,7
124,16.485,-26.7017,-43.1055,351.083,1,7
124,16.7706,-26.5233,75.1199,184.882,1,7
124,18.2607,-25.5203,67.3839,122.918,1,7
124,20.0101,-24.173,-48.4867,274.143,1,7
124,21.0377,-23.2842,62.8076,956.654,1,7
124,21.5117,-22.8469,-18.1251,350.849,1,7
124,21.9485,-22.4277,-16.7389,90.0564,1,7
124,21.9521,-22.4242,-17.884,28.1727,1,7
124,22.5003,-21.874,4.44372,1251.54,1,7
124,22.4943,-21.8801,-122.673,1329.69,1,7
124,22.4962,-21.8782,-274.388,204.105,1,7
124,25.1828,-18.7233,-160.807,642.788,1,7
124,25.7221,-17.9753,83.8108,90.031,1,7
124,26.2127,-17.252,8.83122,110.573,1,7
124,26.2127,-17.252,-195.161,103.251,1,7
124,28.6506,-12.8015,51.3673,1463.41,1,7
124,29.3899,-10.9985,-81.7164,1160.25,1,7
124,29.5334,-10.6073,-261.203,236.101,1,7
124,29.8308,-9.73951,-3.3369,769.909,1,7
124,29.9498,-9.36714,-7.21165,693.87,1,7
124,30.5903,-6.99766,0.214207,1201.35,1,7
124,30.6331,-6.8079,41.3384,203.23,1,7
124,31.1808,-3.53452,-66.6667,643.865,1,7
124,31.23,-3.0696,-268.49,614.482,1,7
124,31.3708,-0.781384,-8.0864,388.046,1,7
124,31.3045,2.18317,-109.731,206.247,1,7
124,31.2073,3.29236,-23.8803,750.986,1,7
124,31.1939,3.41667,-187.256,694.354,1,7
124,31.1438,3.84717,95.6118,1040.96,1,7
124,31.1002,4.18519,-245.876,368.991,1,7
124,30.7489,6.26421,-285.086,643.278,1,7
124,30.711,6.44762,-65.0638,752.954,1,7
124,28.3889,13.3719,-41.7735,1637.49,1,7
124,28.5197,13.0905,85.3478,89.3329,1,7
124,27.8756,14.4113,84.3302,1564.33,1,7
124,28.0991,13.9705,-5.94184,524.72,1,7
124,28.0118,14.1448,3.14981,250.255,1,7
124,27.4356,15.2324,-285.193,588.97,1,7
124,25.7687,17.9084,67.6656,899.283,1,7
124,25.7989,17.8648,-188.314,1092.79,1,7
124,25.3232,18.533,-27.2388,451.73,1,7
124,24.5916,19.4933,77.5311,345.714,1,7
124,24.2444,19.9234,-263.792,5276.3,1,7
124,23.8637,20.3779,62.3398,595.017,1,7
124,23.7133,20.5528,13.3377,904.874,1,7
124,23.6821,20.5887,-99.2035,507.865,1,7
124,22.4962,21.8782,-37.812,13.1091,1,7
124,21.7458,22.6243,27.6415,1093.87,1,7
124,21.6263,22.7385,73.7,12.1566,1,7
124,20.4661,23.7882,-182.035,477.854,1,7
124,19.7891,24.3542,-304.084,11.0805,1,7
124,19.5067,24.581,20.3218,481.799,1,7
124,19.1532,24.8574,103.27,949.203,1,7
124,19.1813,24.8357,-58.3401,1269.16,1,7
124,17.9495,25.7401,-40.4554,315.21,1,7
124,17.8527,25.8073,-184.916,2449.39,1,7
124,16.9907,26.3828,-82.1443,467.987,1,7
124,17.0791,26.3257,-205.643,1108.91,1,7
124,16.7371,26.5444,-20.0567,173.182,1,7
124,16.3757,26.7689,29.4353,542.039,1,7
124,16.289,26.8217,-0.376245,407.774,1,7
124,15.8751,27.0687,-36.6857,164.681,1,7
124,12.9805,28.57,-205.908,1464.59,1,7
124,12.1806,28.9201,48.949,622.375,1,7
124,11.1865,29.3189,63.2552,400.498,1,7
124,7.59868,30.4466,56.759,1327.04,1,7
124,7.33245,30.5118,-279.511,1306.66,1,7
124,4.92622,30.9914,-38.8286,347.447,1,7
124,4.76223,31.017,20.2837,878.571,1,7
124,3.74197,31.1566,26.0456,317.86,1,7
124,3.55724,31.1782,-241.908,586.443,1,7
124,3.37958,31.198,-22.9222,102.389,1,7
124,2.88628,31.2475,-292.293,1177.03,1,7
124,1.9696,31.3186,92.3953,918.92,1,7
124,1.91835,31.3218,4.38603,277.538,1,7
124,1.3227,31.3526,-197.931,5044.88,1,7
124,-5.99339,30.8028,78.3714,72.9652,1,7
124,-6.50726,30.6984,78.2865,1112.82,1,7
124,-6.50726,30.6984,67.2671,614.778,1,7
124,-7.18958,30.5458,7.88771,91.0117,1,7
124,-7.71213,30.4181,-234.908,1285.52,1,7
124,-12.1525,28.9318,-91.1535,931.518,1,7
124,-12.5862,28.7458,-73.1753,206.855,1,7
124,-12.8893,28.6112,-213.896,355.301,1,7
124,-13.5564,28.3012,28.8495,594.922,1,7
124,-14.1368,28.0158,19.0175,522.011,1,7
124,-15.1336,27.4902,-1.91884,872.519,1,7
124,-16.9606,26.4022,-29.3832,400.049,1,7
124,-17.3883,26.1224,22.6455,854.3,1,7
124,-17.7631,25.8691,54.3066,2474.71,1,7
124,-17.9147,25.7643,-126.529,323.447,1,7
124,-19.042,24.9427,-118.678,206.585,1,7
124,-19.1743,24.8411,-36.0544,728.286,1,7
124,-19.7271,24.4044,-166.93,12038.4,1,7
124,-19.7891,24.3542,-190.464,34,1,7
124,-21.9284,22.4473,-59.8012,1091.14,1,7
124,-22.4407,21.9351,14.829,176.83,1,7
124,-22.4299,21.9462,11.4689,132.893,1,7
124,-23.8036,20.4481,39.0836,2473.99,1,7
124,-24.3517,19.7921,57.7716,4819.75,1,7
124,-24.5083,19.5979,-96.6097,720.911,1,7
124,-24.876,19.129,66.8593,366.96,1,7
124,-25.0022,18.9638,-37.6458,556.755,1,7
124,-25.6413,18.0903,35.8469,2778.66,1,7
124,-25.5938,18.1574,-162.48,2188.61,1,7
124,-25.8292,17.821,19.6635,460.794,1,7
124,-25.8953,17.7248,-108.978,1163.79,1,7
124,-26.4322,16.9137,-164.244,1081.55,1,7
124,-26.7103,16.4711,25.2229,3052.71,1,7
124,-27.6301,14.8766,95.954,433.858,1,7
124,-29.1611,11.5916,16.6167,211.121,1,7
124,-29.2945,11.2502,28.4063,868.058,1,7
124,-29.5594,10.5346,-277.299,1063.26,1,7
124,-29.8473,9.68879,102.408,1324.89,1,7
124,-29.8165,9.78312,24.4362,927.159,1,7
124,-30.378,7.86835,-202.622,186.192,1,7
124,-30.6984,6.50729,-19.8255,26.2538,1,7
124,-30.6984,6.50729,-117.91,936.881,1,7
124,-30.8028,5.99341,-20.2019,67.5515,1,7
124,-31.3453,1.48521,-25.7116,70.5794,1,7
124,-31.3453,1.48522,-241.623,57.2497,1,7
124,-31.3804,0.0874137,42.5451,240.707,1,7
124,-31.9415,-0.817234,-50.0086,1025.11,0,8
124,-31.9275,-1.25113,187.403,107.967,0,8
124,-31.9018,-1.78966,-24.2692,561.114,0,8
124,-31.8257,-2.83817,90.1689,239.749,0,8
124,-31.8077,-3.03369,-77.6548,241.085,0,8
124,-31.7335,-3.73042,-19.5876,242.607,0,8
124,-31.2217,-6.79211,45.8184,1525.03,0,8
124,-31.0652,-7.47566,-83.7188,719.448,0,8
124,-30.9582,-7.90713,-55.4644,752.56,0,8
124,-30.6003,-9.19518,108.278,204.323,0,8
124,-30.5437,-9.38155,-94.1316,85.6433,0,8
124,-29.7849,-11.5668,-80.3257,49.6616,0,8
124,-29.4124,-12.4837,213.78,726.649,0,8
124,-29.0969,-13.2023,-75.6655,206.791,0,8
124,-28.2804,-14.8711,-46.7902,174.499,0,8
124,-27.6682,-15.9812,292.456,337.295,0,8
124,-27.3377,-16.5403,5.74223,546.957,0,8
124,-26.8873,-17.2628,7.83127,209.059,0,8
124,-26.8418,-17.3335,-47.7913,515.302,0,8
124,-26.4022,-17.996,8.06268,654.073,0,8
124,-25.2405,-19.592,-37.5309,253.524,0,8
124,-24.3532,-20.6846,-5.53692,1065.25,0,8
124,-23.5418,-21.6035,35.8423,749.783,0,8
124,-23.1527,-22.0201,280.468,172.913,0,8
124,-19.4638,-25.3395,-60.8373,158.701,0,8
124,-19.5921,-25.2405,187.75,137.801,0,8
124,-19.0419,-25.6581,-85.8558,406.248,0,8
124,-18.7523,-25.8705,206.751,240.107,0,8
124,-18.2209,-26.2475,205.446,357.772,0,8
124,-17.6576,-26.6297,1.38713,239.917,0,8
124,-16.8496,-27.1481,-61.4391,376.614,0,8
124,-13.1093,-29.1389,17.9718,347.434,0,8
124,-11.4007,-29.8489,158.699,68.7894,0,8
124,-6.48857,-31.2862,-76.6669,402.964,0,8
124,-6.5305,-31.2775,-33.7687,225.535,0,8
124,-5.69165,-31.441,-61.0838,5985.97,0,8
124,-5.75279,-31.4299,-41.052,11,0,8
124,-5.62344,-31.4533,303.106,728.89,0,8
124,-4.95946,-31.5648,-73.9255,187.9,0,8
124,-5.03332,-31.5531,-5.50515,178.688,0,8
124,-3.67477,-31.74,94.5871,203.168,0,8
124,-2.53122,-31.8516,108.874,613.006,0,8
124,-2.12765,-31.8811,134.531,244.874,0,8
124,-1.94983,-31.8925,-43.3952,133.101,0,8
124,-1.20006,-31.9295,215.336,406.288,0,8
124,0.153852,-31.9516,217.253,119.488,0,8
124,0.927867,-31.9385,4.71722,202.841,0,8
124,2.16147,-31.8788,226.86,273.393,0,8
124,4.3193,-31.6587,62.6724,245.018,0,8
124,4.32107,-31.6585,209.613,723.261,0,8
124,6.93935,-31.1894,-71.9842,541.001,0,8
124,8.61415,-30.7689,178.989,617.789,0,8
124,9.32918,-30.5597,284.819,107.766,0,8
124,9.42288,-30.531,-52.8091,49.683,0,8
124,10.3419,-30.232,-75.0526,363.654,0,8
124,10.8077,-30.0686,73.1532,221.114,0,8
124,11.2343,-29.9119,-75.82,11,0,8
124,13.5911,-28.9173,184.364,173.544,0,8
124,14.8268,-28.3036,-63.413,1075.66,0,8
124,14.9861,-28.2196,-44.484,78.2336,0,8
124,16.0914,-27.6043,120.665,185.734,0,8
124,17.773,-26.5528,-85.3882,12904.4,0,8
124,17.8063,-26.5304,152.382,247.966,0,8
124,20.7746,-24.2765,298.313,824.797,0,8
124,21.7197,-23.4347,-101.865,1614.16,0,8
124,21.7328,-23.4225,-60.1751,347.287,0,8
124,22.324,-22.8597,296.798,194.389,0,8
124,22.8823,-22.3009,174.269,858.181,0,8
124,23.0412,-22.1367,220.677,584.872,0,8
124,23.0989,-22.0765,-31.5577,450.018,0,8
124,24.753,-20.2044,-85.3854,707.9,0,8
124,25.8455,-18.7868,-37.4638,885.914,0,8
124,26.0605,-18.4873,94.5034,447.639,0,8
124,27.2478,-16.688,131.466,328.853,0,8
124,27.8445,-15.6721,69.5126,268.671,0,8
124,28.1352,-15.144,109.158,316.414,0,8
124,28.2705,-14.89,-49.5199,454.057,0,8
124,28.7126,-14.0185,-45.3208,889.057,0,8
124,28.7691,-13.9021,-25.6104,158.547,0,8
124,29.162,-13.0579,-11.0826,3928.98,0,8
124,29.0982,-13.1995,17.7851,387.23,0,8
124,29.2568,-12.8441,104.93,342.553,0,8
124,29.5155,-12.238,-55.2717,769.149,0,8
124,29.5429,-12.1715,-10.1156,734.284,0,8
124,29.6723,-11.8527,-63.8765,307.727,0,8
124,29.842,-11.4187,-27.4432,928.379,0,8
124,30.2298,-10.3483,-33.4763,434.672,0,8
124,30.4117,-9.80111,-2.92933,3546.28,0,8
124,30.312,-10.105,76.8225,292.165,0,8
124,30.6836,-8.91321,28.4165,809.713,0,8
124,31.0449,-7.5593,254.417,764.833,0,8
124,31.2551,-6.63705,234.828,494.316,0,8
124,31.3598,-6.12318,62.8164,525.303,0,8
124,31.5505,-5.04915,-54.7823,1912.79,0,8
124,31.5775,-4.8775,225.644,378.345,0,8
124,31.74,-3.67481,197.96,1294.22,0,8
124,31.9461,-0.616316,-63.8101,1213.31,0,8
124,31.9467,-0.581045,-10.1202,634.594,0,8
124,31.7438,3.64197,216.525,2211.73,0,8
124,31.4315,5.74382,-20.4004,237.978,0,8
124,31.342,6.21382,-16.0526,245.573,0,8
124,31.2983,6.43003,0.505067,239.639,0,8
124,31.21,6.84577,285.323,606.795,0,8
124,30.9599,7.9002,-45.009,264.345,0,8
124,30.9708,7.85758,-24.1145,275.507,0,8
124,30.9559,7.91583,248.919,246.652,0,8
124,30.5585,9.33335,21.4457,758.95,0,8
124,30.135,10.6214,146.802,1120.06,0,8
124,29.8495,11.399,-76.7978,586.633,0,8
124,29.6736,11.8494,-22.3359,3728.96,0,8
124,29.0605,13.2822,250.693,5694.44,0,8
124,28.9743,13.4692,147.403,351.488,0,8
124,28.9582,13.5039,96.8737,551.163,0,8
124,28.5799,14.2871,80.4019,672.75,0,8
124,27.4871,16.2909,-14.5331,415.471,0,8
124,27.0313,17.0364,-36.2308,63.6852,0,8
124,26.6734,17.5915,304.276,3502.18,0,8
124,26.4968,17.8563,17.662,1479.03,0,8
124,26.163,18.3419,183.148,514.288,0,8
124,25.6391,19.0675,-12.7116,986.139,0,8
124,25.2791,19.5422,-46.4944,1024.89,0,8
124,23.3965,21.7608,287.462,145.296,0,8
124,22.0201,23.1526,169.935,41.3523,0,8
124,20.9669,24.1106,-65.3241,117.156,0,8
124,18.1565,26.2921,-100.787,56.7088,0,8
124,17.8624,26.4927,-100.179,130.785,0,8
124,14.6485,28.3964,139.249,160.706,0,8
124,11.5668,29.7849,22.2376,111.614,0,8
124,11.5668,29.7849,146.244,266.429,0,8
124,5.81663,31.4181,-71.0713,344.009,0,8
124,4.47079,31.6377,-15.3071,1646.83,0,8
124,4.70603,31.6035,-102.412,1374.91,0,8
124,3.83591,31.7209,-50.9218,1046.67,0,8
124,4.16434,31.6795,135.253,1034.71,0,8
124,3.27095,31.7841,5.57612,112.297,0,8
124,2.70229,31.8375,-14.6604,580.172,0,8
124,2.10543,31.8826,51.9087,219.006,0,8
124,2.04866,31.8863,105.354,258.565,0,8
124,1.43563,31.9197,-77.7621,281.834,0,8
124,0.268112,31.9509,-10.7286,952.133,0,8
124,-0.29337,31.9507,232.346,250.576,0,8
124,-2.1178,31.8817,290.608,737.684,0,8
124,-2.84155,31.8254,86.355,722.647,0,8
124,-5.84478,31.4129,-91.1341,495.625,0,8
124,-6.06838,31.3704,-41.2822,1860.46,0,8
124,-6.68248,31.2454,-72.7109,96.0964,0,8
124,-8.95982,30.67,228.344,172.694,0,8
124,-9.52065,30.5006,24.7722,71.7146,0,8
124,-11.3792,29.8571,136.375,838.114,0,8
124,-14.3695,28.5385,-61.5865,373.411,0,8
124,-14.7428,28.3475,69.1801,575.574,0,8
124,-15.0373,28.1924,169.741,532.197,0,8
124,-15.1823,28.1146,-74.8464,406.545,0,8
124,-15.8736,27.7301,195.089,780.332,0,8
124,-16.0282,27.641,148.207,960.115,0,8
124,-16.0419,27.6331,192.361,750.987,0,8
124,-17.1533,26.9573,-0.330853,92.9389,0,8
124,-17.8341,26.5118,-17.5075,3036.58,0,8
124,-18.6493,25.9449,148.04,162.295,0,8
124,-19.0103,25.6815,-85.6206,129.048,0,8
124,-19.3597,25.4191,-19.3653,355.212,0,8
124,-19.7283,25.1342,-10.85,687.226,0,8
124,-20.1482,24.7988,-91.472,1353.11,0,8
124,-20.1354,24.8092,37.6629,826.65,0,8
124,-20.8342,24.2253,-57.1349,364.086,0,8
124,-23.7852,21.3353,205.234,173.287,0,8
124,-25.3492,19.4512,114.462,69.2628,0,8
124,-26.588,17.7203,178.575,284.152,0,8
124,-27.0408,17.0212,3.8903,512.777,0,8
124,-27.5149,16.2438,-9.07599,479.286,0,8
124,-28.0227,15.3511,-92.6945,326.396,0,8
124,-28.1293,15.1549,-58.476,390.721,0,8
124,-28.2083,15.0074,70.4643,307.155,0,8
124,-28.3128,14.8094,-56.0149,212.191,0,8
124,-28.3957,14.6498,56.0216,113.437,0,8
124,-29.5395,12.1798,245.115,3125.68,0,8
124,-29.7852,11.5661,-88.1308,2356.84,0,8
124,-29.9249,11.1995,29.1538,303.603,0,8
124,-29.8935,11.2831,266.66,666.205,0,8
124,-29.9959,11.0081,-49.393,346.628,0,8
124,-30.1579,10.556,-51.6825,1316.99,0,8
124,-30.3481,9.99613,-2.18493,427.531,0,8
124,-30.3271,10.0597,23.1622,27.2103,0,8
124,-30.4801,9.58604,23.1088,149.402,0,8
124,-30.957,7.91177,269.157,682.139,0,8
124,-31.0262,7.63563,196.143,830.758,0,8
124,-31.206,6.86416,-90.2511,345.02,0,8
124,-31.6003,4.72751,-62.3127,381.721,0,8
124,-31.678,4.17537,40.733,368.502,0,8
124,-31.8203,2.89838,-61.0815,1504.52,0,8
124,-31.8849,2.07005,51.3827,718.439,0,8
124,-31.9496,0.393072,37.1362,842.866,0,8
124,-31.9487,-0.459453,-73.5454,174.106,1,8
124,-31.9417,-0.811428,-12.8854,257.764,1,8
124,-31.9376,-0.959569,70.2088,4426.11,1,8
124,-31.9164,-1.50799,-205.396,658.885,1,8
124,-31.6959,-4.03723,-8.68264,293.673,1,8
124,-31.6306,-4.52054,96.6981,683.088,1,8
124,-31.6142,-4.63353,37.5305,522.489,1,8
124,-30.672,-8.9532,57.206,237.447,1,8
124,-30.7255,-8.76784,-64.2987,214.607,1,8
124,-30.2752,-10.2148,-35.8421,237.311,1,8
124,-29.7699,-11.6053,-87.8938,1981.71,1,8
124,-29.7321,-11.7019,8.82278,952.664,1,8
124,-29.3235,-12.6909,-168.353,404.566,1,8
124,-29.0722,-13.2567,-146.238,576.413,1,8
124,-29.0687,-13.2642,99.7899,648.916,1,8
124,-28.9947,-13.4252,41.9989,390.558,1,8
124,-27.8258,-15.7053,-147.791,511.708,1,8
124,-27.6421,-16.0263,-38.8396,279.65,1,8
124,-27.5849,-16.1247,75.4453,220.366,1,8
124,-27.5039,-16.2625,-244.747,156.055,1,8
124,-26.7397,-17.4906,-19.8762,356.932,1,8
124,-26.5429,-17.7878,23.2459,325.379,1,8
124,-25.5203,-19.2261,73.5469,588.082,1,8
124,-25.2192,-19.6194,-64.4619,287.904,1,8
124,-23.2176,-21.9517,57.9181,371.427,1,8
124,-23.1527,-22.0201,69.036,11.0261,1,8
124,-22.8957,-22.2872,68.6009,2257.91,1,8
124,-21.2342,-23.8755,-268.553,89.0386,1,8
124,-18.99,-25.6965,-40.9386,1833.87,1,8
124,-18.9027,-25.7608,-221.205,927.053,1,8
124,-18.5468,-26.0182,90.318,371.128,1,8
124,-18.2865,-26.2018,-172.947,402.188,1,8
124,-15.7648,-27.7921,-81.3074,995.566,1,8
124,-15.5599,-27.9073,-105.931,418.599,1,8
124,-14.6296,-28.4061,11.2655,2451.74,1,8
124,-14.108,-28.6687,97.971,45.3801,1,8
124,-13.8593,-28.7898,55.7364,489.447,1,8
124,-13.6272,-28.9003,14.0675,50.5173,1,8
124,-13.2338,-29.0826,100.618,256.647,1,8
124,-12.3419,-29.4722,-52.8351,1267.9,1,8
124,-12.1091,-29.5686,4.59338,562.432,1,8
124,-12.1128,-29.5671,-31.6685,922.338,1,8
124,-11.6905,-29.7366,46.6186,283.419,1,8
124,-11.635,-29.7583,22.7727,263.924,1,8
124,-10.7664,-30.0835,-206.18,1418.48,1,8
124,-10.5273,-30.168,-37.4805,663.371,1,8
124,-10.1165,-30.3082,-280.67,232.66,1,8
124,-7.14227,-31.1435,85.6945,2387.64,1,8
124,-7.02875,-31.1693,-6.07765,306.059,1,8
124,-6.45386,-31.2934,-48.26,917.298,1,8
124,-2.58937,-31.8469,-277.281,264.711,1,8
124,-1.13883,-31.9317,-170.947,893.685,1,8
124,-0.252245,-31.951,104.777,1167.71,1,8
124,-0.11855,-31.9518,-297.317,1052.19,1,8
124,0.614105,-31.9461,-21.1029,266.528,1,8
124,0.575221,-31.9468,-150.469,169.553,1,8
124,1.45009,-31.9191,-124.799,208.405,1,8
124,1.96012,-31.8918,44.2845,695.526,1,8
124,1.99104,-31.8899,97.5282,184.369,1,8
124,2.84549,-31.825,-175.926,7153.75,1,8
124,2.7609,-31.8325,-88.6045,311.787,1,8
124,3.70726,-31.7362,-17.6198,934.367,1,8
124,4.01855,-31.6983,-114.981,181.255,1,8
124,4.33995,-31.6559,-296.334,546.802,1,8
124,4.84264,-31.5829,88.3073,657.854,1,8
124,6.27715,-31.3293,22.82,23.0985,1,8
124,6.27715,-31.3293,-260.57,49.7138,1,8
124,6.97358,-31.1817,-4.74209,718.276,1,8
124,6.97357,-31.1817,-200.803,133.754,1,8
124,9.38155,-30.5437,-237.722,29.2894,1,8
124,9.78175,-30.4179,-237.621,229.304,1,8
124,10.9945,-30.0008,45.9041,438.663,1,8
124,10.9069,-30.0328,-48.3235,1763.11,1,8
124,12.0629,-29.5875,5.35943,714.668,1,8
124,17.9637,-26.4241,20.639,967.575,1,8
124,18.8816,-25.7763,-188.541,294.788,1,8
124,20.3257,-24.6536,-47.6714,311.969,1,8
124,21.3396,-23.7813,63.3925,255.491,1,8
124,22.3452,-22.8391,-122.797,67.5531,1,8
124,22.3827,-22.8023,-220.251,113.952,1,8
124,22.8925,-22.2904,5.96915,318.24,1,8
124,22.8998,-22.2829,-16.2698,473.563,1,8
124,23.0152,-22.1638,-273.877,418.463,1,8
124,26.2921,-18.1564,84.6969,146.956,1,8
124,26.2921,-18.1564,-36.4625,159.563,1,8
124,26.2921,-18.1564,-195.237,198.908,1,8
124,26.4927,-17.8624,9.10023,54.642,1,8
124,26.4927,-17.8624,-195.327,97.6076,1,8
124,27.7156,-15.8989,-143.236,259.834,1,8
124,27.7156,-15.8989,-293.858,796.378,1,8
124,27.891,-15.5891,-143.177,48.3851,1,8
124,29.2008,-12.9709,52.9228,456.585,1,8
124,29.9541,-11.1212,-79.87,264.765,1,8
124,30.0912,-10.7447,-260.028,713.153,1,8
124,30.3021,-10.1347,-2.00983,410.809,1,8
124,31.0794,-7.41645,1.44663,285.237,1,8
124,31.6863,-4.11176,15.096,968.791,1,8
124,31.7305,-3.75614,-64.5301,210.854,1,8
124,31.8028,-3.08452,-267.233,113.248,1,8
124,31.9467,-0.584428,-7.47055,368.008,1,8
124,31.7625,3.47507,-23.2368,298.328,1,8
124,31.7592,3.5049,-186.86,727.949,1,8
124,31.7173,3.86544,97.5259,1821.15,1,8
124,31.5751,4.89319,9.24907,634.511,1,8
124,28.6095,14.2276,-262.228,718.38,1,8
124,28.4794,14.4864,3.20237,267.03,1,8
124,28.5317,14.383,-4.91153,144.063,1,8
124,28.2544,14.9205,-41.5566,382.119,1,8
124,27.8909,15.5894,-283.764,534.711,1,8
124,27.2883,16.6217,82.8408,611.238,1,8
124,27.3149,16.5779,29.9073,484.769,1,8
124,26.19,18.3034,69.013,365.929,1,8
124,26.2864,18.1647,-186.654,551.094,1,8
124,25.6829,19.0083,-26.8557,694.368,1,8
124,25.321,19.4879,-20.8702,84.8972,1,8
124,25.1244,19.7407,77.8609,237.86,1,8
124,24.7485,20.2099,-258.008,753.909,1,8
124,24.3411,20.6988,64.2163,845.727,1,8
124,24.1416,20.9312,-98.3668,271.493,1,8
124,24.1026,20.976,15.97,1368.97,1,8
124,23.276,21.8897,-35.9756,588.293,1,8
124,22.3103,22.8732,42.1695,507.076,1,8
124,22.3618,22.8228,28.1802,45.6069,1,8
124,20.9551,24.1208,-181.381,739.632,1,8
124,20.0867,24.8486,-300.375,461.49,1,8
124,19.751,25.1163,-57.5466,1582.47,1,8
124,19.5783,25.2512,104.496,486.799,1,8
124,18.4029,26.1202,-39.941,351.498,1,8
124,18.3368,26.1666,-183.615,238.757,1,8
124,17.4218,26.7845,-81.403,927.498,1,8
124,17.1297,26.9722,-19.4745,774.088,1,8
124,17.3631,26.8226,-204.126,1106.16,1,8
124,16.7343,27.2193,0.480222,214.227,1,8
124,13.289,29.0574,-204.557,485.72,1,8
124,11.849,29.6738,50.6167,1031.99,1,8
124,11.0018,29.9982,65.1945,744.234,1,8
124,7.4447,31.0726,59.2564,268.027,1,8
124,7.42865,31.0764,-277.279,707.685,1,8
124,4.88381,31.5766,-38.6391,270.586,1,8
124,3.79453,31.7259,-241.607,257.443,1,8
124,3.66109,31.7416,26.0594,245.543,1,8
124,3.33719,31.7772,-22.2116,168.119,1,8
124,3.14742,31.7966,-291.144,117.982,1,8
124,1.90233,31.8953,94.4158,902.529,1,8
124,1.99408,31.8897,5.08021,1003.97,1,8
124,0.986227,31.9368,-196.683,2007.35,1,8
124,-6.27715,31.3293,69.2686,96.9203,1,8
124,-6.27715,31.3293,-72.156,31.111,1,8
124,-6.97357,31.1817,9.67543,117.573,1,8
124,-9.98702,30.3511,-76.1292,345.132,1,8
124,-12.2472,29.5116,-28.442,342.452,1,8
124,-12.3459,29.4705,-90.2213,488.19,1,8
124,-12.9882,29.1931,-212.969,98.9786,1,8
124,-14.2558,28.5955,19.2402,114.865,1,8
124,-15.2755,28.064,-0.511204,356.727,1,8
124,-17.1714,26.9457,-242.62,365.468,1,8
124,-17.9674,26.4216,55.9813,1582.31,1,8
124,-19.2055,25.5358,-117.278,593.272,1,8
124,-19.4978,25.3134,-35.8366,647.913,1,8
124,-20.3301,24.6499,-165.611,7415.44,1,8
124,-22.3463,22.8379,-57.5058,107.079,1,8
124,-24.1202,20.9558,40.2872,1220.32,1,8
124,-24.7568,20.1998,59.6475,411.152,1,8
124,-24.8168,20.126,66.4171,1800.26,1,8
124,-25.8919,18.7227,-160.346,1882.07,1,8
124,-26.3954,18.0059,20.3517,548.98,1,8
124,-27.0216,17.0518,26.963,2449.97,1,8
124,-27.0598,16.9911,-161.885,3109.06,1,8
124,-28.144,15.1276,96.2946,538.254,1,8
124,-28.5942,14.2585,-224.373,371.17,1,8
124,-29.4386,12.4216,16.5485,187.59,1,8
124,-29.6873,11.8151,28.988,78.707,1,8
124,-29.9915,11.0199,-276.379,269.602,1,8
124,-30.3802,9.89825,25.5955,773.122,1,8
124,-30.473,9.60865,-305.78,119.097,1,8
124,-30.6962,8.86989,105.076,14.0832,1,8
124,-30.7931,8.52737,105.5,24,1,8
124,-30.9313,8.01164,-203.746,46.4714,1,8
124,-32.5067,-1.02803,186.531,423.335,0,9
124,-32.4724,-1.81396,-84.0138,804.313,0,9
124,-32.4756,-1.7557,-24.8722,206.594,0,9
124,-32.4604,-2.01749,230.672,191.845,0,9
124,-32.3942,-2.89172,-79.3565,1170.1,0,9
124,-32.2609,-4.12033,-20.1233,241.182,0,9
124,-32.1846,-4.67951,49.6052,513.005,0,9
124,-32.002,-5.79789,202.931,285.831,0,9
124,-31.5255,-7.99293,-57.3348,980.065,0,9
124,-31.1697,-9.28416,107.461,324.432,0,9
124,-31.0895,-9.54921,-95.2272,154.574,0,9
124,-29.6798,-13.2988,-77.0004,236.579,0,9
124,-28.9486,-14.823,48.5563,138.383,0,9
124,-28.7372,-15.2288,-47.4274,491.955,0,9
124,-28.4571,-15.7461,-18.1204,652.129,0,9
124,-28.118,-16.3439,290.995,282.792,0,9
124,-27.6737,-17.0854,4.39005,119.154,0,9
124,-27.3853,-17.544,7.04171,883.839,0,9
124,-27.3406,-17.6136,-49.0208,356.144,0,9
124,-26.8682,-18.3261,7.34785,585.612,0,9
124,-26.3436,-19.0725,161.428,44.2513,0,9
124,-26.1295,-19.3648,161.428,55.3467,0,9
124,-25.0331,-20.7628,191.948,6164.92,0,9
124,-24.911,-20.909,249.53,2930.67,0,9
124,-24.7735,-21.0717,-6.34599,316.746,0,9
124,-23.5969,-22.3815,278.917,710.78,0,9
124,-23.1886,-22.8043,65.0891,46.6126,0,9
124,-22.5483,-23.4375,15.3334,531.613,0,9
124,-22.2053,-23.7628,-35.3154,93.8936,0,9
124,-20.4104,-25.3211,-57.4888,133.571,0,9
124,-19.7171,-25.8647,-62.0696,372.526,0,9
124,-19.4084,-26.0971,-87.2889,584.422,0,9
124,-19.1342,-26.2988,205.957,406.586,0,9
124,-18.6079,-26.6738,94.0629,517.711,0,9
124,-18.4881,-26.757,204.668,564.906,0,9
124,-18.0467,-27.0567,0.543427,696.881,0,9
124,-12.9048,-29.8532,17.4833,246.41,0,9
124,-11.2653,-30.5097,158.023,103.928,0,9
124,-11.2653,-30.5097,284.955,149.382,0,9
124,-9.2023,-31.194,-22.6332,39.5598,0,9
124,-6.4805,-31.8708,-77.1735,494.756,0,9
124,-6.67094,-31.8315,-34.4687,63.7782,0,9
124,-5.93518,-31.9769,-63.0925,3476.65,0,9
124,-5.81036,-31.9998,301.381,533.285,0,9
124,-4.78333,-32.1693,-75.3414,49.6261,0,9
124,-3.57559,-32.3259,18.8638,328.454,0,9
124,-3.65424,-32.3171,93.8351,141.947,0,9
124,-2.7917,-32.403,108.196,241.513,0,9
124,-2.24789,-32.4452,-63.1482,277.748,0,9
124,-2.00378,-32.4612,134.234,74.9755,0,9
124,-1.07758,-32.5051,214.673,542.978,0,9
124,0.28419,-32.5218,216.516,288.873,0,9
124,0.766461,-32.514,-87.7141,275.189,0,9
124,2.29923,-32.4416,64.0251,241.555,0,9
124,2.1306,-32.4531,226.182,172.931,0,9
124,3.68748,-32.3133,226.675,290.006,0,9
124,8.89641,-31.2826,177.376,957.365,0,9
124,9.35902,-31.1473,283.611,1074.19,0,9
124,10.7323,-30.7012,-24.8509,511.327,0,9
124,11.1562,-30.5497,72.0325,516.238,0,9
124,11.6507,-30.3645,126.369,456.875,0,9
124,12.0714,-30.1998,153.823,398.551,0,9
124,15.3657,-28.6643,-45.477,344.143,0,9
124,15.8301,-28.4105,-62.3639,222.551,0,9
124,16.6009,-27.9671,120.509,231.824,0,9
124,18.1732,-26.9719,152.075,572.458,0,9
124,18.5505,-26.7137,-86.5723,11159.1,0,9
124,21.2593,-24.6128,296.899,486.909,0,9
124,22.4136,-23.5664,221.803,71.049,0,9
124,22.6748,-23.3153,221.705,109.053,0,9
124,23.2562,-22.7353,253.999,367.561,0,9
124,23.5437,-22.4375,-32.2171,388.241,0,9
124,23.6287,-22.3479,-27.9096,449.009,0,9
124,24.9052,-20.9159,280.706,604.179,0,9
124,25.7344,-19.8868,25.442,302.747,0,9
124,25.9374,-19.6214,132.813,268.083,0,9
124,26.5775,-18.7452,93.1173,489.443,0,9
124,27.2724,-17.719,37.9274,327.448,0,9
124,27.6204,-17.1714,130.778,1245.89,0,9
124,28.7144,-15.2719,-50.783,377.802,0,9
124,28.6621,-15.3698,108.39,195.653,0,9
124,29.3383,-14.036,-25.9639,139.783,0,9
124,29.4715,-13.7541,-44.8541,321.577,0,9
124,29.5471,-13.591,-12.1046,2367.91,0,9
124,29.4795,-13.7369,266.013,598.775,0,9
124,29.6453,-13.3753,17.1894,596.818,0,9
124,29.9002,-12.7954,-52.6177,261.218,0,9
124,30.0424,-12.458,-10.9779,604.539,0,9
124,30.2779,-11.8742,-28.6254,1519.49,0,9
124,30.2959,-11.8282,-64.5535,639.701,0,9
124,30.7527,-10.5839,-3.81378,1218.98,0,9
124,30.8202,-10.3855,-34.9003,715.664,0,9
124,30.8749,-10.2218,75.4649,235.216,0,9
124,31.2785,-8.91063,-42.6279,43.3817,0,9
124,31.5716,-7.80887,253.921,399.79,0,9
124,31.9103,-6.28298,61.5223,1328.59,0,9
124,32.0656,-5.4351,188.226,1579.4,0,9
124,32.0806,-5.34599,-85.9749,225.134,0,9
124,32.1141,-5.14133,-55.2566,1501.07,0,9
124,32.1075,-5.18179,110.547,267.36,0,9
124,32.1704,-4.7761,-40.0266,348.555,0,9
124,32.2731,-4.02395,196.378,335.499,0,9
124,32.5146,-0.737347,-64.799,234.481,0,9
124,32.5193,-0.493795,-11.0241,433.18,0,9
124,32.4961,1.32323,-43.7955,306.154,0,9
124,32.3135,3.6854,215.442,1815.61,0,9
124,32.1959,4.60092,24.1068,669.774,0,9
124,31.9827,5.90374,-17.3196,847.957,0,9
124,31.8892,6.38932,-0.138017,61.6956,0,9
124,31.7503,7.04728,284.374,799.648,0,9
124,31.5701,7.81509,-24.9901,263.575,0,9
124,31.5168,8.0273,-44.9829,187.329,0,9
124,31.5386,7.94114,247.909,530.759,0,9
124,31.5123,8.04494,-70.6687,77.8542,0,9
124,31.1897,9.21675,225.193,355.642,0,9
124,30.6538,10.8668,146.262,890.98,0,9
124,30.4252,11.4915,-77.9181,640.855,0,9
124,30.3602,11.6621,-18.8713,6694.31,0,9
124,30.3823,11.6044,3.892,12,0,9
124,30.0213,12.5087,121.09,221.247,0,9
124,29.6534,13.3574,250.17,4770.66,0,9
124,29.4125,13.8799,146.947,109.202,0,9
124,29.1215,14.4804,79.3722,1522.23,0,9
124,28.2703,16.0791,-14.9683,310.176,0,9
124,27.5178,17.3354,-36.7356,780.895,0,9
124,27.3854,17.5439,247.986,250.825,0,9
124,27.3681,17.5708,303.296,1112.22,0,9
124,27.1842,17.8539,95.7392,493.515,0,9
124,26.9116,18.2622,17.6024,2685.7,0,9
124,26.7084,18.5582,181.819,579.327,0,9
124,26.0269,19.5025,-13.5165,540.864,0,9
124,22.3425,23.6338,168.463,802.771,0,9
124,21.1836,24.6779,-66.8112,481.523,0,9
124,21.1521,24.705,21.7406,255.149,0,9
124,20.7415,25.0507,20.8312,220.416,0,9
124,20.2402,25.4574,-12.2655,616.269,0,9
124,19.03,26.3743,24.2412,1358.37,0,9
124,19.1433,26.2922,154.01,144.856,0,9
124,18.9881,26.4045,168.59,597.014,0,9
124,18.4408,26.7896,-101.981,466.377,0,9
124,18.2056,26.95,27.961,277.637,0,9
124,17.6287,27.3309,-9.45469,568.119,0,9
124,16.5556,27.9939,111.785,881.734,0,9
124,13.9979,29.3565,161.996,682.108,0,9
124,13.2179,29.7159,85.2477,108.165,0,9
124,12.4633,30.0402,175.032,755.118,0,9
124,12.0738,30.1988,21.8829,255.623,0,9
124,11.7862,30.3122,144.916,1388.11,0,9
124,10.8211,30.67,41.4554,654.017,0,9
124,10.7424,30.6977,-27.2033,528.971,0,9
124,10.1156,30.9099,-92.8656,473.581,0,9
124,5.99731,31.9653,-71.927,128.899,0,9
124,4.8417,32.1606,-103.616,369.451,0,9
124,4.31878,32.235,-50.5609,521.907,0,9
124,4.38496,32.226,134.464,829.491,0,9
124,2.33727,32.4389,-66.0214,610.931,0,9
124,2.04452,32.4587,50.5865,637.284,0,9
124,1.60031,32.4836,-79.077,505.451,0,9
124,0.135126,32.5227,-11.8763,233.329,0,9
124,-0.82023,32.5127,24.3563,666.87,0,9
124,-2.31774,32.4403,40.0475,833.267,0,9
124,-2.27564,32.4433,289.19,1118.68,0,9
124,-2.65534,32.4144,84.6486,864.674,0,9
124,-4.57914,32.199,12.8676,290.084,0,9
124,-4.79809,32.1671,-6.71994,717.209,0,9
124,-6.0687,31.9518,-92.1262,1169.57,0,9
124,-7.81913,31.5691,228.312,476.525,0,9
124,-8.76279,31.3203,-18.6518,533.272,0,9
124,-9.00567,31.2513,227.871,147.442,0,9
124,-11.3141,30.4916,136.112,1137.9,0,9
124,-13.1132,29.7622,27.6726,151.593,0,9
124,-14.555,29.0843,-62.0963,172.684,0,9
124,-15.2026,28.7511,68.7634,336.747,0,9
124,-15.1743,28.766,169.665,437.769,0,9
124,-15.5672,28.5554,-76.7242,533.366,0,9
124,-15.8697,28.3883,193.546,158.539,0,9
124,-16.2729,28.1592,147.349,841.034,0,9
124,-16.4458,28.0585,191.144,1155.6,0,9
124,-17.3853,27.4863,-0.338726,336.412,0,9
124,-17.745,27.2555,-19.1326,2381.91,0,9
124,-18.85,26.5033,-57.1086,111.959,0,9
124,-19.2257,26.232,146.807,432.854,0,9
124,-19.8382,25.7719,-92.207,532.573,0,9
124,-19.5954,25.957,-19.824,175.062,0,9
124,-20.0008,25.6459,-11.6558,603.577,0,9
124,-22.2629,23.7088,-62.4941,387.458,0,9
124,-23.5456,22.4355,30.6888,802.686,0,9
124,-24.136,21.7991,131.908,173.613,0,9
124,-24.1363,21.7987,204.454,1502.21,0,9
124,-25.7614,19.8519,113.821,497.555,0,9
124,-27.6252,17.1638,3.10909,497.347,0,9
124,-28.0763,16.4154,-9.251,1570.82,0,9
124,-28.0689,16.4282,293.694,749.64,0,9
124,-28.6509,15.3906,69.2458,1253.16,0,9
124,-28.7877,15.1331,-56.8495,178.943,0,9
124,-30.1136,12.2849,243.837,1043.33,0,9
124,-30.2539,11.9351,-33.5759,2567.13,0,9
124,-30.3235,11.7572,-88.6805,2758.04,0,9
124,-30.4382,11.4569,265.588,299.659,0,9
124,-30.856,10.2788,129.026,287.592,0,9
124,-30.869,10.2395,-3.01594,221.764,0,9
124,-30.9726,9.92173,22.7615,300.428,0,9
124,-31.2131,9.13705,138.364,229.003,0,9
124,-31.6211,7.60616,194.833,1032.91,0,9
124,-31.7203,7.18106,-92.2593,507.15,0,9
124,-32.0519,5.51557,-51.7117,332.551,0,9
124,-32.1538,4.88643,-62.9013,1232.92,0,9
124,-32.3454,3.39383,-43.0859,747.32,0,9
124,-32.3778,3.0702,-62.6313,1132.68,0,9
124,-32.4416,2.29942,49.5464,264.633,0,9
124,-32.5229,-0.0905653,44.0774,82.2821,1,9
124,-32.521,-0.358452,2.99735,132.867,1,9
124,-32.516,-0.675998,-12.1542,91.5962,1,9
124,-32.5182,-0.560381,-72.3481,139.444,1,9
124,-32.4995,-1.23549,41.3717,533.644,1,9
124,-32.4972,-1.29637,-205.173,1178.67,1,9
124,-32.4507,-2.16716,-10.1568,263.506,1,9
124,-32.2707,-4.04306,75.8296,387.715,1,9
124,-32.2664,-4.07709,-7.78722,422.118,1,9
124,-32.1877,-4.6582,38.4171,355.394,1,9
124,-32.1842,-4.68225,97.8855,313.431,1,9
124,-31.3021,-8.82744,-64.5936,72.0286,1,9
124,-31.3043,-8.81975,-260.562,266.191,1,9
124,-31.015,-9.78858,56.6325,84.4301,1,9
124,-30.2948,-11.8308,-86.7182,267.656,1,9
124,-30.2427,-11.9634,10.5841,958.38,1,9
124,-29.9209,-12.7469,88.435,382.306,1,9
124,-29.8239,-12.9723,-166.879,291.82,1,9
124,-29.6048,-13.4649,100.65,406.436,1,9
124,-29.5416,-13.603,-145.535,313.961,1,9
124,-29.4036,-13.8988,-184.712,345.674,1,9
124,-29.1314,-14.4605,44.2345,213.785,1,9
124,-28.1481,-16.2921,76.1663,314.387,1,9
124,-28.0753,-16.4172,-147.583,446.308,1,9
124,-28.0839,-16.4025,-38.4975,135.747,1,9
124,-28.0414,-16.4751,-243.758,356.703,1,9
124,-25.8022,-19.7987,75.4166,51.8314,1,9
124,-25.6083,-20.049,33.1363,123.773,1,9
124,-23.5843,-22.3948,69.8704,84.0165,1,9
124,-23.5829,-22.3963,59.6427,394.029,1,9
124,-23.3153,-22.6748,70.1606,41.4528,1,9
124,-22.1497,-23.8146,73.8696,165.274,1,9
124,-19.588,-25.9626,-40.8293,251.717,1,9
124,-19.2549,-26.2106,-220.471,586.406,1,9
124,-18.9669,-26.4197,92.099,922.307,1,9
124,-18.6218,-26.6641,-171.533,1425.6,1,9
124,-15.9805,-28.3261,-80.5599,436.403,1,9
124,-15.8929,-28.3754,-105.072,390.057,1,9
124,-14.1333,-29.2915,56.453,368.544,1,9
124,-14.1084,-29.3036,-189.664,1239.2,1,9
124,-13.6591,-29.5157,15.4316,204.024,1,9
124,-12.9715,-29.8242,-52.5131,386.661,1,9
124,-12.6414,-29.9657,82.4364,356.448,1,9
124,-12.6132,-29.9775,77.792,106,1,9
124,-12.3064,-30.1048,-31.0375,680.517,1,9
124,-12.0343,-30.2146,27.3934,481.047,1,9
124,-12.0203,-30.2202,4.72819,511.325,1,9
124,-11.8836,-30.2742,47.4338,213.315,1,9
124,-11.6741,-30.3556,-253.234,682.289,1,9
124,-10.6965,-30.7137,-143.155,243.504,1,9
124,-10.0428,-30.9336,0.20947,1733.31,1,9
124,-10.1317,-30.9046,-279.071,522.396,1,9
124,-7.51658,-31.6425,87.7986,2882.19,1,9
124,-3.39952,-32.3448,60.9698,413.139,1,9
124,-2.51562,-32.4256,-305.78,125.097,1,9
124,-1.04808,-32.5061,-168.998,2028.8,1,9
124,-0.242248,-32.5221,-295.969,1286.32,1,9
124,0.722506,-32.515,-150.062,770.919,1,9
124,1.42372,-32.4918,-124.128,321.975,1,9
124,1.55406,-32.4859,15.5422,237.872,1,9
124,2.06116,-32.4576,45.1464,494.4,1,9
124,2.33592,-32.439,-177.834,6749.84,1,9
124,2.65827,-32.4142,-87.7792,373.91,1,9
124,2.50579,-32.4263,-125.742,713.535,1,9
124,3.41508,-32.3432,28.8664,419.039,1,9
124,3.91154,-32.2869,-114.308,295.234,1,9
124,3.88561,-32.2901,-20.004,11.1669,1,9
124,4.11351,-32.2618,105.5,71,1,9
124,4.75083,-32.1741,90.2886,559.429,1,9
124,7.3565,-31.6801,-199.989,244.472,1,9
124,9.89496,-30.9812,-237.245,48.6908,1,9
124,13.2779,-29.6891,-117.87,163.69,1,9
124,13.2779,-29.6891,-289.107,393.829,1,9
124,19.0725,-26.3436,68.1727,77.0368,1,9
124,19.0725,-26.3436,-187.171,119.594,1,9
124,19.3648,-26.1295,-186.975,362.136,1,9
124,22.4136,-23.5664,-123.054,165.153,1,9
124,22.6748,-23.3153,-123.189,31.3296,1,9
124,23.6409,-22.335,-14.5329,1324.84,1,9
124,23.3152,-22.6748,7.132,15.0832,1,9
124,23.7629,-22.2052,-273.494,601.49,1,9
124,25.8136,-19.784,-161.003,666.256,1,9
124,26.4171,-18.9706,-195.336,135.032,1,9
124,28.6506,-15.3911,-56.6814,26.2847,1,9
124,28.8203,-15.071,40.8488,61.7277,1,9
124,29.7571,-13.1248,53.7193,506.445,1,9
124,30.5302,-11.2095,-79.064,73.7552,1,9
124,30.6391,-10.9082,-259.216,302.517,1,9
124,30.8164,-10.3969,-1.04446,339.274,1,9
124,31.1211,-9.44582,-5.56012,84.8215,1,9
124,31.5986,-7.69916,2.28349,212.887,1,9
124,31.6707,-7.39658,42.3029,314.845,1,9
124,32.2343,-4.32378,16.3477,389.189,1,9
124,32.2894,-3.89138,-63.1576,289.135,1,9
124,32.3829,-3.01525,-266.528,127.639,1,9
124,32.5209,-0.370149,-6.69866,356.389,1,9
124,32.3205,3.62402,-22.5481,502.773,1,9
124,32.2896,3.88964,99.6572,642.992,1,9
124,31.91,6.2845,-281.698,544.055,1,9
124,31.8016,6.81207,-62.354,256.98,1,9
124,29.2771,14.1632,-260.974,736.98,1,9
124,28.3164,15.9977,-41.4471,703.995,1,9
124,27.7936,16.8897,30.7306,670.361,1,9
124,27.2662,17.7285,82.1975,113.527,1,9
124,26.6853,18.5914,81.4937,522.214,1,9
124,26.6217,18.6824,69.8138,845.032,1,9
124,26.762,18.4809,-185.13,267.503,1,9
124,26.0373,19.4886,-26.5418,124.184,1,9
124,25.2686,20.4754,-257.326,229.746,1,9
124,24.7865,21.0564,65.552,375.554,1,9
124,24.6052,21.2681,-97.485,224.756,1,9
124,24.5127,21.3746,17.0948,433.694,1,9
124,23.7896,22.1765,-35.2092,294.829,1,9
124,22.5406,23.445,78.7566,196.029,1,9
124,22.5845,23.4026,43.519,407.153,1,9
124,21.3916,24.4978,-180.815,209.305,1,9
124,20.3219,25.3923,-56.7798,5685.77,1,9
124,20.4266,25.3081,-299.545,367.104,1,9
124,20.1124,25.5585,20.4765,230.825,1,9
124,19.9677,25.6717,105.297,271.352,1,9
124,18.8272,26.5195,-39.4173,135.804,1,9
124,18.788,26.5472,-182.795,314.157,1,9
124,17.8962,27.1565,-80.6399,338.882,1,9
124,17.5602,27.3749,-18.9143,568.743,1,9
124,17.6541,27.3144,-203.346,688.81,1,9
124,17.3344,27.5184,1.15069,155.161,1,9
124,17.1629,27.6257,30.5494,316.733,1,9
124,16.5319,28.0079,-36.447,342.648,1,9
124,13.579,29.5526,-203.725,359.721,1,9
124,11.6324,30.3716,51.9058,362.869,1,9
124,11.0212,30.5987,66.7367,143.192,1,9
124,7.53258,31.6387,-275.898,633.269,1,9
124,7.32113,31.6883,61.1957,555.449,1,9
124,4.68479,32.1838,23.5274,2036.13,1,9
124,4.89353,32.1527,-38.4903,498.323,1,9
124,3.43472,32.3411,-290.383,279.542,1,9
124,3.20194,32.365,-21.5356,123.947,1,9
124,2.06556,32.4573,5.96238,123.06,1,9
124,1.81359,32.4724,96.0672,589.321,1,9
124,0.802445,32.5131,-196.264,1342.16,1,9
124,-7.27487,31.6989,80.8619,70.8556,1,9
124,-9.91154,30.9759,-76.3708,465.587,1,9
124,-12.4826,30.0322,-89.4741,289.679,1,9
124,-13.0961,29.7697,-212.363,334.487,1,9
124,-13.3052,29.6769,-73.8085,273.144,1,9
124,-14.1864,29.2659,29.9415,327.523,1,9
124,-15.4167,28.6369,0.286951,87.8602,1,9
124,-17.4004,27.4767,-28.6911,133.23,1,9
124,-17.5398,27.388,24.2912,278.772,1,9
124,-17.6032,27.3473,-241.604,1021.73,1,9
124,-18.1685,26.975,57.182,562.386,1,9
124,-18.8366,26.5128,88.1683,330.04,1,9
124,-19.484,26.0407,-116.19,266.06,1,9
124,-20.8599,24.9522,-165.98,8457.31,1,9
124,-20.7895,25.0108,-181.548,11,1,9
124,-22.8043,23.1886,-56.468,13.0832,1,9
124,-25.0853,20.6996,65.7556,720.07,1,9
124,-25.0546,20.7368,40.089,512.757,1,9
124,-25.0768,20.7099,60.4857,233.791,1,9
124,-25.5379,20.1385,-95.4967,231.935,1,9
124,-25.9907,19.5507,-37.354,189.645,1,9
124,-26.2367,19.2193,-158.725,2636.88,1,9
124,-26.2841,19.1545,79.8949,351.199,1,9
124,-26.7176,18.545,35.6943,2096.34,1,9
124,-27.2487,17.7553,-108.324,478.997,1,9
124,-27.374,17.5616,28.3227,1557.41,1,9
124,-27.6571,17.1122,-160.13,1951.79,1,9
124,-29.7296,13.1869,16.4936,252.687,1,9
124,-30.1444,12.2091,29.6996,463.257,1,9
124,-30.4604,11.3979,-275.598,543.502,1,9
124,-30.9494,9.99413,26.9757,2886.5,1,9
124,-30.9851,9.88279,-304.719,1193.03,1,9
124,-31.2168,9.12458,19.6042,67.4666,1,9
124,-32.5229,0.0905973,43.9713,342.481,1,9
124,-32.5229,0.090595,2.892,11.1215,1,9
124,-32.5229,0.0905928,-25.516,13.0849,1,9
124,-33.0943,-0.0921524,36.8417,38.1665,0,10
124,-33.0892,-0.588051,26.2648,499.798,0,10
124,-33.0877,-0.666359,-50.3106,827.787,0,10
124,-33.084,-0.828137,184.987,576.458,0,10
124,-33.0384,-1.92393,-86.0776,714.098,0,10
124,-33.0254,-2.13665,230.003,254.018,0,10
124,-32.9919,-2.60309,88.5527,251.433,0,10
124,-32.9731,-2.83055,-80.7855,279.987,0,10
124,-32.7648,-4.65907,49.0839,645.334,0,10
124,-32.4573,-6.46248,203.073,525.203,0,10
124,-32.2002,-7.64101,-83.3382,964.372,0,10
124,-32.0829,-8.11948,-58.8802,173.652,0,10
124,-31.7668,-9.2797,106.584,291.923,0,10
124,-30.5301,-12.7731,212.775,2378.42,0,10
124,-30.3097,-13.2876,-78.9891,683.25,0,10
124,-30.1834,-13.5722,240.276,161.353,0,10
124,-29.3582,-15.2754,47.7822,284.567,0,10
124,-29.1547,-15.6602,-47.9973,158.113,0,10
124,-28.8066,-16.2917,-17.9382,143.926,0,10
124,-28.5364,-16.7605,289.716,297.828,0,10
124,-28.0794,-17.5153,3.53659,203.342,0,10
124,-27.8309,-17.9076,-49.8389,238.128,0,10
124,-27.3365,-18.6536,6.61753,477.754,0,10
124,-25.3287,-21.3001,189.981,7524.41,0,10
124,-25.1835,-21.4716,-7.09501,180.723,0,10
124,-24.463,-22.289,36.1275,448.34,0,10
124,-23.0742,-23.7238,14.5802,231.678,0,10
124,-22.6395,-24.139,-36.0301,166.923,0,10
124,-20.0331,-26.3422,-62.771,517.673,0,10
124,-19.8129,-26.5083,-88.6599,205.029,0,10
124,-19.5217,-26.7235,205.147,171.766,0,10
124,-18.8147,-27.2259,93.3883,662.922,0,10
124,-18.7772,-27.2517,203.985,852.426,0,10
124,-18.4978,-27.4421,-0.274638,843.04,0,10
124,-9.18702,-31.7937,-23.3047,84.3622,0,10
124,-9.18702,-31.7937,187.887,136.233,0,10
124,-8.83227,-31.894,-23.4197,36.208,0,10
124,-6.83459,-32.381,-35.274,396.078,0,10
124,-6.17849,-32.5125,-62.9842,4221.26,0,10
124,-6.00996,-32.5441,300.13,182.392,0,10
124,-5.08345,-32.7016,-5.73592,87.8685,0,10
124,-4.73466,-32.754,-76.7408,374.463,0,10
124,-3.52971,-32.9056,18.5678,560.527,0,10
124,-3.61314,-32.8966,92.9716,262.405,0,10
124,-3.27779,-32.9317,107.78,144.161,0,10
124,-1.95828,-33.0364,134.069,456.517,0,10
124,-1.81287,-33.0447,-43.304,276.645,0,10
124,-1.01823,-33.0787,213.939,334.314,0,10
124,-0.501673,-33.0906,-39.1674,822.947,0,10
124,0.715828,-33.0867,-88.4171,310.992,0,10
124,0.836091,-33.0838,4.62531,648.959,0,10
124,3.83438,-32.8715,226.148,60.6921,0,10
124,4.21451,-32.8249,207.978,287.758,0,10
124,4.60605,-32.7723,62.3366,447.79,0,10
124,7.13237,-32.3167,124.616,634.771,0,10
124,7.25623,-32.2891,-72.7264,692.368,0,10
124,8.10719,-32.086,-73.3239,131.656,0,10
124,9.13769,-31.8079,176.194,838.448,0,10
124,9.23767,-31.779,282.266,642.202,0,10
124,11.7065,-30.9548,70.506,252.063,0,10
124,12.1013,-30.8026,153.524,363.274,0,10
124,15.736,-29.1139,-46.3445,396.683,0,10
124,18.3598,-27.5347,245.311,394.504,0,10
124,18.5188,-27.428,151.552,617.491,0,10
124,19.4146,-26.8014,-87.9889,14544.3,0,10
124,21.676,-25.0078,295.888,452.788,0,10
124,22.4572,-24.3087,-60.6058,240.688,0,10
124,22.7916,-23.9954,-101.606,1612.91,0,10
124,22.8074,-23.9804,-95.4815,415.25,0,10
124,22.8074,-23.9804,221.004,191.501,0,10
124,23.7826,-23.0136,-28.5451,398.478,0,10
124,23.9952,-22.7919,-32.9633,463.765,0,10
124,25.3553,-21.2685,279.521,81.9446,0,10
124,25.5785,-20.9996,-85.9223,309.606,0,10
124,26.1693,-20.2585,24.9156,130.03,0,10
124,26.4104,-19.9431,132.443,188.29,0,10
124,27.1133,-18.9765,92.413,765.497,0,10
124,27.9892,-17.6591,129.975,501.953,0,10
124,28.8747,-16.1706,69.035,323.378,0,10
124,29.1042,-15.7538,-52.1758,74.9643,0,10
124,29.9224,-14.1382,-12.9365,3129.1,0,10
124,29.8747,-14.2388,-26.3302,84.1272,0,10
124,29.9653,-14.047,265.514,628.033,0,10
124,30.2168,-13.4976,-44.2979,475.802,0,10
124,30.1952,-13.5457,16.4897,187.096,0,10
124,30.2505,-13.4219,103.214,204.256,0,10
124,30.4151,-13.0445,-53.3089,416.106,0,10
124,30.4847,-12.8811,-12.0065,456.398,0,10
124,30.6349,-12.5197,-58.6801,298.447,0,10
124,30.9531,-11.711,-65.2856,320.083,0,10
124,31.1529,-11.1687,-4.40136,1792.77,0,10
124,31.4023,-10.4469,-36.2253,213.25,0,10
124,31.4381,-10.3387,74.064,142.199,0,10
124,31.8035,-9.15291,-42.8092,130.95,0,10
124,31.8165,-9.10783,28.3794,220.64,0,10
124,31.845,-9.00766,70.3955,114.279,0,10
124,31.8192,-9.09838,228.612,44.0849,0,10
124,32.4569,-6.4644,59.7179,166.55,0,10
124,32.5907,-5.75217,188.12,4003.88,0,10
124,32.5536,-5.95847,187.908,13.2867,0,10
124,32.6283,-5.53498,110.107,205.394,0,10
124,32.6575,-5.3595,-87.6076,503.287,0,10
124,32.6773,-5.23743,-55.8152,1230.98,0,10
124,32.6783,-5.23173,-54.196,12.5152,0,10
124,32.7401,-4.82947,-40.645,667.715,0,10
124,32.7345,-4.86737,225.08,145.765,0,10
124,32.8084,-4.34166,195.551,420.206,0,10
124,33.0793,-0.998466,-65.9777,448.317,0,10
124,33.0932,-0.281893,-11.8123,354.266,0,10
124,32.882,3.74366,214.77,2998.32,0,10
124,32.6358,5.49005,-18.6728,586.248,0,10
124,32.5838,5.79114,-22.8094,165.82,0,10
124,32.4699,6.39892,-1.05344,269.37,0,10
124,32.1642,7.79114,-26.4359,814.999,0,10
124,32.124,7.9555,245.945,559.297,0,10
124,31.743,9.3605,21.3644,1779.8,0,10
124,31.7306,9.40265,224.547,211.835,0,10
124,31.0117,11.5548,-79.5692,1237.32,0,10
124,30.29,13.3325,257.118,5759.81,0,10
124,29.8895,14.2077,93.8179,380.067,0,10
124,28.026,17.6007,302.246,5051.04,0,10
124,28.0304,17.5936,-37.5876,432.625,0,10
124,27.6962,18.1152,94.9185,488.569,0,10
124,27.3107,18.6913,17.5531,835.862,0,10
124,27.2229,18.819,180.838,238.272,0,10
124,26.4195,19.9311,-14.3873,421.516,0,10
124,26.1256,20.3149,-48.6136,888.238,0,10
124,24.1071,22.6735,-54.62,12.0383,0,10
124,22.788,23.9989,167.053,628.671,0,10
124,21.4596,25.1938,-68.0812,329.251,0,10
124,20.8082,25.7343,-12.6178,426.543,0,10
124,19.5562,26.6982,23.8382,1370.72,0,10
124,19.3611,26.84,153.797,498.312,0,10
124,19.3563,26.8435,167.413,748,0,10
124,18.8879,27.1751,-102.992,1874.84,0,10
124,18.4572,27.4695,27.6123,314.55,0,10
124,18.1961,27.6431,-10.8725,439.88,0,10
124,17.4393,28.1267,-31.1883,329.024,0,10
124,16.908,28.4492,-88.0809,273.499,0,10
124,16.9521,28.423,111.049,888.504,0,10
124,14.9947,29.5025,-87.949,300.811,0,10
124,15.1068,29.4453,138.93,204.535,0,10
124,14.3783,29.8078,160.916,107.957,0,10
124,13.5669,30.1857,84.5892,158.613,0,10
124,13.023,30.4243,-49.0204,393.487,0,10
124,12.7113,30.5559,173.849,1215.85,0,10
124,12.0454,30.8245,143.616,587.222,0,10
124,10.8302,31.2721,40.7687,403.976,0,10
124,10.1392,31.503,-94.4054,414.542,0,10
124,6.26293,32.4964,-73.3792,387.866,0,10
124,4.95539,32.7213,-49.956,29.1664,0,10
124,4.50275,32.7867,133.908,526.458,0,10
124,4.50239,32.7867,-50.2279,85.7889,0,10
124,4.46718,32.7915,-15.7041,260.539,0,10
124,3.59774,32.8983,4.56495,490.978,0,10
124,2.58021,32.9937,-67.6183,750.074,0,10
124,2.70875,32.9834,-16.3127,1135.64,0,10
124,2.27806,33.0159,104.871,261.046,0,10
124,1.96274,33.0361,48.4407,547.16,0,10
124,1.77833,33.0466,-80.7889,300.252,0,10
124,0.114986,33.0942,-12.5907,1537.01,0,10
124,-0.648316,33.0881,23.7739,1142.73,0,10
124,-0.443387,33.0914,231.784,171.544,0,10
124,-2.37866,33.0088,82.5984,703.391,0,10
124,-2.39246,33.0078,287.877,317.346,0,10
124,-4.38748,32.8023,11.5094,203.066,0,10
124,-5.75272,32.5906,-41.4896,1160.9,0,10
124,-6.32378,32.4846,-93.1365,1459.99,0,10
124,-7.2654,32.287,-73.2625,192.666,0,10
124,-8.03398,32.1044,227.609,126.718,0,10
124,-8.11948,32.0829,1.348,11.0555,0,10
124,-8.94386,31.8629,227.287,139.24,0,10
124,-9.75468,31.6241,24.7797,145.535,0,10
124,-13.1748,30.3589,27.2274,290.278,0,10
124,-15.7309,29.1166,68.0021,682.761,0,10
124,-15.9853,28.9777,192.772,45.4111,0,10
124,-16.4794,28.6997,146.503,416.753,0,10
124,-16.8619,28.4766,190.433,216.194,0,10
124,-19.1416,26.997,-56.2818,229.314,0,10
124,-19.709,26.5856,145.611,445.692,0,10
124,-19.7466,26.5577,-79.5523,765,0,10
124,-19.705,26.5885,-70.52,24,0,10
124,-20.2321,26.1897,-12.6942,1031.64,0,10
124,-20.7436,25.7865,37.569,922.214,0,10
124,-24.493,22.2561,203.653,764.741,0,10
124,-26.0089,20.464,113.022,189.715,0,10
124,-27.3318,18.6604,178.209,224.346,0,10
124,-28.2478,17.2424,2.41753,130.078,0,10
124,-28.5968,16.6572,292.888,1355.45,0,10
124,-28.9522,16.0315,-92.8388,249.467,0,10
124,-29.0285,15.8929,67.7999,352.302,0,10
124,-29.2317,15.5159,-58.4204,1495.15,0,10
124,-30.7376,12.2653,-33.5203,1605.58,0,10
124,-31.1107,11.2856,28.9268,685.235,0,10
124,-30.993,11.6048,264.054,1048.44,0,10
124,-31.1235,11.2503,-49.7102,149.006,0,10
124,-31.2181,10.9849,-52.0246,235.028,0,10
124,-31.3284,10.6664,128.503,366.844,0,10
124,-31.4032,10.444,-3.86185,585.043,0,10
124,-31.7937,9.18702,137.659,31.248,0,10
124,-31.894,8.83227,137.876,16.1077,0,10
124,-32.1952,7.66205,193.843,322.269,0,10
124,-32.2441,7.45358,-94.2617,437.514,0,10
124,-32.6232,5.56462,-51.8616,255.897,0,10
124,-32.6916,5.14762,-63.7725,94.5702,0,10
124,-32.8348,4.13687,40.78,11.0294,0,10
124,-32.8789,3.77083,40.6921,119.026,0,10
124,-32.941,3.1832,-63.5155,430.922,0,10
124,-32.9647,2.92672,-43.1821,470.02,0,10
124,-33.0036,2.45027,48.3039,638.15,0,10
124,-33.0937,0.219732,36.9686,213.966,0,10
124,-33.0918,-0.414114,3.20574,51.4666,1,10
124,-33.0899,-0.546111,-11.6974,105.296,1,10
124,-33.0859,-0.748816,-71.4331,41.4292,1,10
124,-33.0773,-1.06419,77.825,328.259,1,10
124,-33.0264,-2.12084,-9.53906,1681.38,1,10
124,-33.0265,-2.11847,-12.372,11.3262,1,10
124,-32.8373,-4.117,-7.07536,158.006,1,10
124,-32.8232,-4.22824,76.5577,139.649,1,10
124,-32.7768,-4.5742,39.1225,264.577,1,10
124,-32.7457,-4.79171,98.8017,475.929,1,10
124,-32.4128,-6.68222,-155.464,218.724,1,10
124,-31.3162,-10.702,55.9339,677.872,1,10
124,-31.3405,-10.6306,-35.7941,193.946,1,10
124,-30.8125,-12.0759,-85.9918,422.634,1,10
124,-30.7092,-12.3364,12.499,472.686,1,10
124,-30.4195,-13.0343,88.9412,665.113,1,10
124,-30.3347,-13.2305,-165.564,287.116,1,10
124,-30.138,-13.6727,101.85,767.352,1,10
124,-30.0831,-13.7929,42.6265,200.943,1,10
124,-29.7563,-14.4846,44.716,359.189,1,10
124,-28.7142,-16.454,76.7549,271.224,1,10
124,-27.8094,-17.9408,-19.3082,318.877,1,10
124,-27.4283,-18.5183,23.4668,323.403,1,10
124,-26.2249,-20.1865,76.8765,435.499,1,10
124,-25.963,-20.5222,33.4293,212.073,1,10
124,-25.7964,-20.7312,-64.7088,418.482,1,10
124,-24.0943,-22.6871,70.8615,1695.57,1,10
124,-23.9804,-22.8074,61.4113,41.8134,1,10
124,-23.7249,-23.0731,62.252,14.1155,1,10
124,-22.4677,-24.299,74.1269,1218.26,1,10
124,-20.1195,-26.2764,-40.7858,916.101,1,10
124,-19.6131,-26.6564,-219.862,135.317,1,10
124,-19.3531,-26.8458,93.4888,366.6,1,10
124,-18.9634,-27.1225,-170.23,453.657,1,10
124,-16.5706,-28.6471,94.8124,403.552,1,10
124,-16.2239,-28.8448,-79.7128,519.867,1,10
124,-16.3367,-28.7811,-104.326,205.449,1,10
124,-15.1668,-29.4144,11.9048,2238.67,1,10
124,-14.6443,-29.678,100.656,163.043,1,10
124,-14.4053,-29.7948,57.1612,286.904,1,10
124,-14.2427,-29.8728,-188.836,2551.92,1,10
124,-13.7311,-30.1114,16.8247,660.181,1,10
124,-12.515,-30.6368,-30.5328,723.376,1,10
124,-12.1305,-30.7911,28.1139,409.979,1,10
124,-12.1045,-30.8013,22.7071,940.903,1,10
124,-12.0694,-30.8151,48.2533,311.165,1,10
124,-12.1093,-30.7994,-252.097,232.165,1,10
124,-10.9791,-31.2201,-142.302,546.94,1,10
124,-10.2636,-31.4626,0.715288,240.962,1,10
124,-7.74026,-32.1765,89.5607,1459.78,1,10
124,-7.49199,-32.2352,-5.47758,383.283,1,10
124,-3.12114,-32.9469,61.3357,360.95,1,10
124,-2.22506,-33.0195,-305.582,618.582,1,10
124,-1.02085,-33.0787,-167.469,1038.52,1,10
124,-0.42908,-33.0916,104.411,739.108,1,10
124,-0.353671,-33.0925,-294.643,425.534,1,10
124,0.464341,-33.0911,-20.4953,556.385,1,10
124,0.718157,-33.0866,54.3286,831.165,1,10
124,1.42799,-33.0636,16.4251,216.702,1,10
124,1.38399,-33.0654,-123.39,275.042,1,10
124,1.64789,-33.0533,-175.343,5053.29,1,10
124,2.13171,-33.0257,97.8749,499.333,1,10
124,2.14635,-33.0247,45.9351,499.942,1,10
124,2.50803,-32.9992,-87.1767,1646.08,1,10
124,2.6681,-32.9867,-125.188,420.194,1,10
124,3.24072,-32.9353,28.6582,458.055,1,10
124,3.76443,-32.8796,-113.647,243.384,1,10
124,4.06481,-32.8438,-16.9002,1759.04,1,10
124,4.67029,-32.7632,-294.211,2936.98,1,10
124,4.74315,-32.7527,91.6771,539.916,1,10
124,6.68223,-32.4128,23.6573,117.921,1,10
124,6.68223,-32.4128,-257.814,72.1223,1,10
124,7.46963,-32.2404,-4.75532,845.615,1,10
124,7.58225,-32.2141,-198.922,61.8809,1,10
124,13.0045,-30.4323,7.31365,65.5152,1,10
124,16.4673,-28.7066,29.9581,96.0815,1,10
124,16.7861,-28.5213,30.028,15.0987,1,10
124,17.1028,-28.3326,77.092,11.056,1,10
124,19.258,-26.9141,68.7764,59.3451,1,10
124,19.5566,-26.6979,68.8404,35.5266,1,10
124,19.5566,-26.6979,-185.941,449.738,1,10
124,22.6735,-24.1071,-123.405,219.372,1,10
124,24.4542,-22.2986,-13.3602,840.029,1,10
124,25.9793,-20.5016,-161.187,315.233,1,10
124,30.3259,-13.2505,54.5931,256.862,1,10
124,31.0805,-11.3685,-78.1234,323.292,1,10
124,31.1965,-11.0462,-257.863,717.272,1,10
124,31.3268,-10.671,-0.200514,119.319,1,10
124,32.1008,-8.04853,3.06327,285.182,1,10
124,32.1805,-7.72359,42.9221,187.357,1,10
124,32.7882,-4.4918,17.3344,539.823,1,10
124,32.8476,-4.03428,-61.8465,479.647,1,10
124,32.9601,-2.97856,-265.552,249.146,1,10
124,33.0932,-0.276524,-5.79008,327.527,1,10
124,32.893,3.64592,-186.361,650.872,1,10
124,32.862,3.91492,101.298,614.252,1,10
124,32.7366,4.85314,9.74479,328.146,1,10
124,32.4852,6.32076,-280.334,169.123,1,10
124,32.3516,6.97244,-61.5108,309.736,1,10
124,29.9144,14.1552,-260.188,630.184,1,10
124,29.5311,14.9382,-4.14536,437.389,1,10
124,29.4279,15.1405,3.28608,630.345,1,10
124,28.7785,16.3412,-281.991,544.432,1,10
124,28.3729,17.0358,-41.33,529.447,1,10
124,28.2709,17.2045,31.431,724.51,1,10
124,27.4399,18.501,-184.305,34.4935,1,10
124,27.0652,19.0451,70.6672,277.303,1,10
124,26.6938,19.5622,80.9881,222.967,1,10
124,26.2233,20.1886,80.4367,358.896,1,10
124,26.2444,20.1611,-20.3806,280.963,1,10
124,26.1272,20.3128,78.2001,759.384,1,10
124,25.2314,21.4154,66.5241,646.829,1,10
124,25.213,21.437,-96.9542,29.4167,1,10
124,24.2579,22.5121,-34.3482,506.565,1,10
124,23.1222,23.677,79.5323,152.745,1,10
124,22.9208,23.8721,44.7193,2099.13,1,10
124,20.9358,25.6307,-55.8591,433.598,1,10
124,20.7317,25.796,-297.98,1041.52,1,10
124,20.8421,25.7069,-305.78,71.168,1,10
124,18.4142,27.4983,-79.6665,782.391,1,10
124,17.8035,27.8976,2.00562,414.739,1,10
124,17.9278,27.8179,-202.401,398.038,1,10
124,17.6396,28.0015,31.5485,913.835,1,10
124,16.9181,28.4432,-36.2701,180.804,1,10
124,13.8845,30.041,-202.691,863.682,1,10
124,11.5342,31.0194,52.802,770.005,1,10
124,10.9537,31.2291,67.9301,785.745,1,10
124,7.62984,32.2029,-274.552,809.465,1,10
124,7.25026,32.2905,62.8621,1230.63,1,10
124,4.06134,32.8442,-241.327,302.206,1,10
124,3.68008,32.8892,26.0584,102.006,1,10
124,3.60552,32.8974,-289.469,310.059,1,10
124,3.08363,32.9504,-20.844,155.609,1,10
124,2.13589,33.0254,6.66029,364.633,1,10
124,1.77805,33.0466,97.4743,627.382,1,10
124,0.597557,33.089,-195.822,1276.17,1,10
124,-6.68222,32.4128,10.9025,213.671,1,10
124,-12.4946,30.6451,-88.216,448.112,1,10
124,-12.7789,30.5277,-28.0101,497.671,1,10
124,-13.2547,30.3241,-211.629,231.487,1,10
124,-13.7791,30.0894,-74.3034,382.862,1,10
124,-14.5593,29.7198,30.6239,184.696,1,10
124,-14.5284,29.7349,19.2739,361.72,1,10
124,-15.5684,29.2039,0.878676,270.024,1,10
124,-17.5957,28.0291,25.0182,128.983,1,10
124,-18.0403,27.745,-240.785,693.929,1,10
124,-18.4344,27.4847,58.1096,508.619,1,10
124,-18.7633,27.2613,-126.489,658.437,1,10
124,-19.1943,26.9596,89.0592,242.194,1,10
124,-19.7889,26.5262,-115.201,193.042,1,10
124,-20.1749,26.2338,-35.6637,361.325,1,10
124,-21.3958,25.248,-165.917,7655.47,1,10
124,-21.2962,25.332,-184.516,11,1,10
124,-24.9371,21.7573,42.9069,745.026,1,10
124,-25.0584,21.6175,65.3621,812.68,1,10
124,-25.4536,21.1507,61.9798,1103.57,1,10
124,-25.6458,20.9172,40.5967,1031.69,1,10
124,-26.0524,20.4086,-94.8218,513.021,1,10
124,-26.533,19.7797,-156.53,1624.84,1,10
124,-26.7817,19.4417,80.8686,866.344,1,10
124,-27.2299,18.8089,35.5939,1789.07,1,10
124,-27.4921,18.4234,20.9694,189.329,1,10
124,-27.7572,18.0216,29.196,1785.72,1,10
124,-27.9208,17.7671,-107.976,1149.68,1,10
124,-28.2306,17.2705,-158.55,2880.4,1,10
124,-29.172,15.628,96.5425,575.956,1,10
124,-29.5892,14.823,-223.702,671.622,1,10
124,-30.926,11.7824,-274.807,187.298,1,10
124,-31.5148,10.1024,27.9817,2237.62,1,10
124,-31.5135,10.1064,-303.538,498.631,1,10
124,-31.7937,9.18702,20.276,18.0816,1,10
124,-31.8941,8.83226,-60.0612,34.3801,1,10
124,-33.0943,0.0921898,44.8258,121.506,1,10
124,-32.9717,-6.79746,203.172,13.0277,0,11
124,-32.7262,-7.89541,-83.028,19.0522,0,11
124,-32.7262,-7.89541,-60.556,14.0958,0,11
124,-32.6362,-8.25949,-60.1092,140.81,0,11
124,-32.605,-8.3818,273.626,82.7285,0,11
124,-32.2894,-9.52543,105.658,179.686,0,11
124,-32.2021,-9.81655,-97.0016,445.987,0,11
124,-31.3698,-12.2177,-81.8332,193.752,0,11
124,-31.0827,-12.9307,212.415,186.654,0,11
124,-30.9509,-13.2432,-81.1225,1480.03,0,11
124,-29.8183,-15.6272,46.9529,117.844,0,11
124,-29.5907,-16.054,-48.7704,179.566,0,11
124,-28.9665,-17.1546,288.843,202.535,0,11
124,-28.452,-17.995,2.81931,183.192,0,11
124,-28.343,-18.1662,-50.6867,163.847,0,11
124,-28.365,-18.1319,6.30751,255.124,0,11
124,-27.1583,-19.8939,161.424,636.257,0,11
124,-26.935,-20.1952,-38.8575,71.8353,0,11
124,-25.7614,-21.6723,249.372,683.769,0,11
124,-25.574,-21.8931,-7.93146,398.939,0,11
124,-24.9331,-22.6203,36.4191,1227.83,0,11
124,-24.6315,-22.9484,276.106,331.261,0,11
124,-24.394,-23.2007,64.948,25.0571,0,11
124,-24.0658,-23.541,64.8653,310.025,0,11
124,-21.2753,-26.0903,-57.9294,663.995,0,11
124,-20.3376,-26.8276,-64.0086,328.987,0,11
124,-19.9029,-27.1516,204.193,199.642,0,11
124,-19.0693,-27.7435,203.436,3502.6,0,11
124,-18.977,-27.8067,-1.03784,681.433,0,11
124,-19.0616,-27.7488,92.6583,1681.13,0,11
124,-17.6187,-28.6866,-62.3927,619.817,0,11
124,-12.9877,-31.059,16.9515,742.041,0,11
124,-12.0955,-31.4172,284.74,133.438,0,11
124,-8.98457,-32.444,186.157,79.5157,0,11
124,-8.98457,-32.444,296.077,250.484,0,11
124,-7.00754,-32.9277,-36.0075,401.771,0,11
124,-6.66108,-32.9995,-77.9512,533.206,0,11
124,-6.48546,-33.0345,-60.4818,7819.25,0,11
124,-4.98946,-33.2933,-5.97891,78.4438,0,11
124,-4.64717,-33.3428,-78.0063,400.943,0,11
124,-3.43321,-33.4896,18.1748,690.676,0,11
124,-3.5427,-33.4782,92.3352,61.3822,0,11
124,-2.41266,-33.5785,-64.0513,45.314,0,11
124,-0.390466,-33.6628,-40.8291,303.319,0,11
124,0.439218,-33.6622,215.831,726.242,0,11
124,0.618767,-33.6594,-89.2751,600.682,0,11
124,0.651319,-33.6588,4.65415,430.056,0,11
124,2.1275,-33.5978,225.599,319.492,0,11
124,2.67245,-33.5589,63.1572,203.026,0,11
124,4.04435,-33.4213,225.479,176.7,0,11
124,4.226,-33.3988,207.325,578.142,0,11
124,4.82661,-33.3173,62.0372,333.683,0,11
124,7.59306,-32.7976,-73.2025,1510.43,0,11
124,9.37413,-32.3336,174.868,559.39,0,11
124,9.16513,-32.3935,287.473,312,0,11
124,10.3563,-32.0326,-54.4936,252.233,0,11
124,11.0779,-31.7902,-25.0965,43.4128,0,11
124,12.1008,-31.4151,126.361,1078.95,0,11
124,12.0119,-31.4492,69.6003,80.0641,0,11
124,14.0671,-30.5852,181.038,340.99,0,11
124,16.2983,-29.4568,-47.4082,371.082,0,11
124,17.3372,-28.8576,-61.1005,304.448,0,11
124,17.3998,-28.8199,120.207,303.968,0,11
124,20.2779,-26.8728,-90.119,8862.38,0,11
124,22.0948,-25.4,295.016,296.591,0,11
124,22.6884,-24.8712,-61.2475,694.086,0,11
124,23.2007,-24.394,220.319,184.793,0,11
124,23.5192,-24.0871,-86.1633,792.2,0,11
124,24.1467,-23.4579,219.491,321.988,0,11
124,25.9231,-21.4787,-86.4177,222.856,0,11
124,25.8304,-21.59,278.221,641.326,0,11
124,27.6311,-19.2318,-37.9098,1218.33,0,11
124,27.6541,-19.1987,91.6108,317.187,0,11
124,28.3503,-18.1548,37.9739,332.19,0,11
124,28.3822,-18.1049,129.103,359.103,0,11
124,29.4127,-16.3779,68.5707,308.688,0,11
124,29.574,-16.0847,-52.9207,336.788,0,11
124,29.7004,-15.8501,107.844,217.322,0,11
124,30.2833,-14.7058,-13.7756,5168.71,0,11
124,30.4825,-14.2883,-27.0192,78.903,0,11
124,30.6894,-13.8383,102.602,991.563,0,11
124,30.9,-13.3614,-54.0462,220.301,0,11
124,30.9692,-13.2002,-43.8045,754.008,0,11
124,31.1543,-12.7573,-31.2331,762.1,0,11
124,31.5147,-11.8389,-5.08287,2190.36,0,11
124,31.5811,-11.6609,-65.851,59.4805,0,11
124,31.9725,-10.5402,-37.2796,220.118,0,11
124,32.03,-10.3642,73.3453,284.668,0,11
124,32.3167,-9.43242,-43.5244,313.535,0,11
124,32.3273,-9.39602,227.986,592.392,0,11
124,32.8812,-7.22259,233.898,199.552,0,11
124,33.0134,-6.59195,57.9874,987.172,0,11
124,33.1569,-5.82762,109.731,174.669,0,11
124,33.2278,-5.40837,-88.7664,361.295,0,11
124,33.3364,-4.69296,194.358,425.383,0,11
124,33.3049,-4.91125,224.307,450.917,0,11
124,33.6441,-1.18746,-67.4328,322.617,0,11
124,33.665,-0.0777156,-12.2706,178.536,0,11
124,33.6432,1.2139,-43.8403,199.856,0,11
124,33.4497,3.80205,213.925,2343.87,0,11
124,33.2683,5.15346,-19.8773,984.841,0,11
124,33.3094,4.88098,23.4481,211.352,0,11
124,33.1621,5.79788,-23.7032,235.628,0,11
124,33.0563,6.37323,-1.82083,885.604,0,11
124,32.8057,7.5581,281.939,870.921,0,11
124,32.7706,7.70866,-27.8318,299.361,0,11
124,32.6987,8.00849,244.763,2315.62,0,11
124,32.645,8.22441,-71.4363,636.73,0,11
124,32.2617,9.61885,223.876,304.971,0,11
124,31.6623,11.4383,-19.8022,4211.41,0,11
124,31.6979,11.3394,145.616,247.472,0,11
124,31.646,11.4834,-81.2812,427.246,0,11
124,31.1222,12.8354,120.814,259.105,0,11
124,30.9086,13.3416,249.418,5117.52,0,11
124,30.3454,14.5773,146.399,207.686,0,11
124,30.3161,14.638,91.6101,212.521,0,11
124,30.2309,14.8133,77.1163,436.019,0,11
124,29.5575,16.1149,-15.3761,369.923,0,11
124,28.7961,17.4392,300.68,2843.76,0,11
124,28.5306,17.8701,-38.3044,261.029,0,11
124,28.4356,18.021,247.871,329.209,0,11
124,27.722,19.1005,17.5901,2296.52,0,11
124,27.7688,19.0324,179.626,648.372,0,11
124,26.5392,20.7126,-49.469,1146,0,11
124,24.9048,22.6515,-54.597,114.502,0,11
124,24.5228,23.0645,287.303,271.604,0,11
124,23.2446,24.3521,165.421,493.605,0,11
124,22.022,25.4631,21.2256,200.072,0,11
124,21.7332,25.71,-68.9113,112.42,0,11
124,21.2238,26.1321,20.2214,211.889,0,11
124,19.7628,27.2538,164.86,608.711,0,11
124,19.3056,27.5795,-104.64,222.205,0,11
124,18.6825,28.0054,-12.1882,528.964,0,11
124,17.5243,28.7444,-31.7766,159.185,0,11
124,17.3834,28.8298,-88.954,135.754,0,11
124,15.3669,29.9532,-88.7726,85.9128,0,11
124,15.2432,30.0164,138.754,180.345,0,11
124,14.7353,30.2689,159.487,973.691,0,11
124,13.8537,30.6825,83.6377,358.507,0,11
124,12.9657,31.0681,172.621,731.92,0,11
124,12.6692,31.1902,21.3667,161.114,0,11
124,12.2778,31.3464,142.777,762.587,0,11
124,11.1,31.7825,-27.9114,284.891,0,11
124,10.8253,31.8771,40.2219,397.515,0,11
124,10.1413,32.1013,-96.3995,314.096,0,11
124,8.44118,32.5897,-32.572,12,0,11
124,6.44141,33.0431,-74.7353,175.193,0,11
124,5.14498,33.2696,-105.295,619.788,0,11
124,4.74546,33.329,133.241,468.781,0,11
124,3.7731,33.453,4.0398,557.246,0,11
124,2.89289,33.5406,-17.2314,3198.27,0,11
124,2.75972,33.5518,-68.5465,632.986,0,11
124,2.48455,33.5733,104.262,262.685,0,11
124,2.01447,33.6048,-82.0726,483.292,0,11
124,1.87074,33.6131,47.0067,258.661,0,11
124,-0.621701,33.6594,231.289,186.91,0,11
124,-2.34678,33.5832,39.869,683.972,0,11
124,-2.33277,33.5842,81.4149,407.313,0,11
124,-2.5308,33.5698,286.923,468.609,0,11
124,-4.344,33.3837,10.102,365.628,0,11
124,-5.08239,33.2792,-6.90866,1213.5,0,11
124,-5.29648,33.2458,-41.6715,897.545,0,11
124,-6.77742,32.9758,-94.2055,129.413,0,11
124,-7.7541,32.7599,-73.6216,421.622,0,11
124,-9.05783,32.4237,226.242,117.273,0,11
124,-11.5558,31.6197,135.726,572.29,0,11
124,-13.3277,30.9146,26.9129,102.207,0,11
124,-14.9815,30.1479,-62.6504,314.871,0,11
124,-15.6335,29.815,169.636,569.096,0,11
124,-16.0912,29.5704,191.767,255.525,0,11
124,-16.293,29.4597,-79.4101,206.576,0,11
124,-16.5995,29.2882,145.051,835.677,0,11
124,-17.5446,28.732,-22.3821,4303.7,0,11
124,-17.3199,28.868,189.277,315.705,0,11
124,-17.9263,28.4954,-0.347457,329.333,0,11
124,-19.3567,27.5437,-55.6758,191.802,0,11
124,-19.4972,27.4444,-93.3044,410.702,0,11
124,-19.5806,27.385,-89.1,216.891,0,11
124,-20.1489,26.9696,144.762,511.848,0,11
124,-20.235,26.9051,-20.4195,322.831,0,11
124,-20.5225,26.6865,-13.8951,536.614,0,11
124,-22.4372,25.0981,-58.876,1031.98,0,11
124,-22.8015,24.7675,-62.6683,306.716,0,11
124,-24.5802,23.0034,30.5911,2183.26,0,11
124,-24.8527,22.7086,202.729,487.316,0,11
124,-25.0402,22.5018,131.163,214.357,0,11
124,-27.576,19.3107,177.79,785.279,0,11
124,-28.8141,17.4093,1.89547,878.777,0,11
124,-29.1444,16.8507,-9.61789,580.77,0,11
124,-29.1188,16.8948,292.052,1295.89,0,11
124,-29.3864,16.425,-93.0162,57.519,0,11
124,-29.4442,16.3211,67.0361,674.813,0,11
124,-29.7616,15.7349,-59.2895,745.946,0,11
124,-29.8056,15.6513,55.1883,188.066,0,11
124,-31.2323,12.5652,242.808,186.349,0,11
124,-31.2441,12.5358,-30.452,11.357,0,11
124,-31.5546,11.7322,262.058,998.481,0,11
124,-31.9291,10.6711,-4.54454,225.008,0,11
124,-31.9979,10.4628,22.4247,642.123,0,11
124,-32.5896,8.44119,-60.0687,99.1254,0,11
124,-33.665,-0.0937433,-25.516,13.1509,1,11
124,-33.6548,-0.833898,-70.5608,190.22,1,11
124,-33.6356,-1.40877,41.6203,576.89,1,11
124,-33.6398,-1.30406,79.1956,1192.23,1,11
124,-33.5999,-2.09485,-8.56936,648.278,1,11
124,-33.4059,-4.16933,-6.04888,320.021,1,11
124,-33.3508,-4.58967,77.1533,236.965,1,11
124,-33.3637,-4.49498,39.7933,119.741,1,11
124,-33.3072,-4.8959,99.5443,779.181,1,11
124,-32.9717,-6.79746,-154.229,97.0766,1,11
124,-32.6362,-8.2595,-64.524,11.0277,1,11
124,-31.1025,-12.8831,13.9391,92.4575,1,11
124,-29.2945,-16.5884,77.4634,105.253,1,11
124,-29.0132,-17.0755,-38.236,14.0277,1,11
124,-29.0132,-17.0755,-147.204,12.0277,1,11
124,-28.8212,-17.3977,-147.408,309.481,1,11
124,-24.5228,-23.0645,71.4468,589.772,1,11
124,-24.134,-23.471,63.2339,131.458,1,11
124,-22.9206,-24.6573,74.6174,754.468,1,11
124,-19.7579,-27.2573,94.8541,802.87,1,11
124,-19.2924,-27.5888,-169.236,295.249,1,11
124,-16.8226,-29.1606,95.701,353.328,1,11
124,-16.4699,-29.3612,-78.8544,763.597,1,11
124,-15.4442,-29.9135,12.4801,1680.12,1,11
124,-14.9431,-30.1669,102.338,207.434,1,11
124,-14.674,-30.2987,58.0016,273.518,1,11
124,-14.4236,-30.4187,-188.249,1524.02,1,11
124,-13.938,-30.6442,100.929,187.79,1,11
124,-13.8316,-30.6924,-52.1629,546.219,1,11
124,-12.7166,-31.1709,-30.2193,1139.77,1,11
124,-12.4954,-31.2603,-251.213,424.426,1,11
124,-12.2196,-31.3691,49.7678,545.465,1,11
124,-12.1535,-31.3948,28.8894,262.524,1,11
124,-12.0918,-31.4186,4.8376,409.815,1,11
124,-11.3059,-31.7099,-141.656,896.94,1,11
124,-10.9659,-31.829,-206.06,739.269,1,11
124,-10.6778,-31.9268,-32.3064,162.706,1,11
124,-10.4676,-31.9964,1.35068,328.252,1,11
124,-10.2483,-32.0673,-276.525,1513.14,1,11
124,-9.40025,-32.3261,-48.5073,462.123,1,11
124,-7.87989,-32.7299,-5.05502,941.615,1,11
124,-1.00063,-33.6502,-166.163,728.196,1,11
124,-0.695243,-33.6579,104.08,447.84,1,11
124,-0.486831,-33.6616,-293.846,244.706,1,11
124,0.410712,-33.6626,54.6639,829.674,1,11
124,0.311095,-33.6637,-20.0868,484.316,1,11
124,0.804789,-33.6555,-176.627,8095.2,1,11
124,0.849333,-33.6544,-149.703,200.768,1,11
124,1.22024,-33.643,17.9591,828.878,1,11
124,1.34913,-33.6381,-122.548,227.787,1,11
124,2.29431,-33.5868,98.0846,348.782,1,11
124,2.25328,-33.5896,46.9258,852.974,1,11
124,2.48732,-33.5731,-86.3069,401.567,1,11
124,3.60153,-33.4719,-112.894,217.04,1,11
124,4.3246,-33.3862,-16.3944,704.827,1,11
124,4.79516,-33.3218,-293.006,3564.37,1,11
124,4.78074,-33.3239,92.9933,1822.64,1,11
124,6.79746,-32.9717,24.2072,551.636,1,11
124,6.79746,-32.9717,-6.8246,84.1948,1,11
124,6.79746,-32.9717,-256.545,116.293,1,11
124,7.73353,-32.7648,-4.34695,1055.91,1,11
124,7.89541,-32.7262,-198.305,79.7879,1,11
124,13.5728,-30.8078,-288.469,134.505,1,11
124,16.5884,-29.2945,30.452,15.0849,1,11
124,17.3977,-28.8212,77.8269,259.806,1,11
124,24.8448,-22.7173,-273.067,258.715,1,11
124,27.2081,-19.8257,-195.53,793.877,1,11
124,27.8079,-18.9753,87.0428,53.5815,1,11
124,27.8079,-18.9753,-35.9278,56.448,1,11
124,29.2944,-16.5884,-142.899,146.301,1,11
124,30.8679,-13.4355,55.4056,474.966,1,11
124,31.6565,-11.4546,-76.8786,802.073,1,11
124,31.7525,-11.1857,-256.56,131.48,1,11
124,31.8225,-10.9848,0.70263,64.8761,1,11
124,32.2788,-9.56142,-4.41932,314.483,1,11
124,32.6302,-8.28288,3.91868,313.36,1,11
124,32.6746,-8.10629,43.6213,265.145,1,11
124,33.3279,-4.75259,18.7074,575.523,1,11
124,33.4074,-4.15736,-60.5688,1478.59,1,11
124,33.5393,-2.90786,-264.22,350.453,1,11
124,33.6608,-0.538704,-58.952,707.256,1,11
124,33.4341,3.93739,-21.8544,266.341,1,11
124,33.369,4.45497,10.1,43.2619,1,11
124,33.2803,5.07543,-245.372,338.52,1,11
124,33.0561,6.3744,-279.196,711.201,1,11
124,32.8854,7.20336,-59.9196,393.773,1,11
124,30.5457,14.1528,-259.348,513.064,1,11
124,30.0165,15.2431,-3.4347,289.541,1,11
124,29.2325,16.6974,-281.202,376.98,1,11
124,28.736,17.538,32.172,930.209,1,11
124,28.4108,18.06,-41.1841,383.034,1,11
124,27.7017,19.1299,-183.044,38.3423,1,11
124,27.5079,19.4076,71.475,434.222,1,11
124,26.7152,20.4851,-19.8613,235.481,1,11
124,26.7781,20.4028,-26.1573,105.893,1,11
124,26.6361,20.5877,78.5702,281.713,1,11
124,25.9409,21.4572,79.64,1100.44,1,11
124,26.2671,21.0565,-256.583,254.041,1,11
124,25.6874,21.7599,67.7779,1142.74,1,11
124,24.793,22.7738,-33.4856,387.724,1,11
124,24.7548,22.8154,-40.5969,221.733,1,11
124,22.3607,25.1663,-180.222,607.879,1,11
124,21.4853,25.9176,-55.2471,1133.77,1,11
124,21.0421,26.2787,-296.802,485.028,1,11
124,20.7068,26.5437,20.6474,346.786,1,11
124,19.669,27.3216,-181.454,259.575,1,11
124,19.5901,27.3782,-38.8734,62.5865,1,11
124,18.854,27.8903,-78.8281,124.941,1,11
124,18.3256,28.2402,2.76011,633.426,1,11
124,18.331,28.2367,-18.3487,573.23,1,11
124,18.1908,28.3272,-201.715,478.315,1,11
124,14.1612,30.5417,-202.086,607.117,1,11
124,11.4474,31.6591,53.7318,1200.4,1,11
124,10.9254,31.843,69.2677,122.984,1,11
124,7.69634,32.7735,-272.65,1433.37,1,11
124,4.71329,33.3335,26.0776,716.752,1,11
124,3.78952,33.4511,-288.71,264.732,1,11
124,2.2276,33.5913,7.4758,531.686,1,11
124,-6.79746,32.9717,11.8808,501.84,1,11
124,-7.89541,32.7262,-70.8821,190.523,1,11
124,-8.2595,32.6362,82.1453,138.757,1,11
124,-9.95154,32.1606,-76.693,527.759,1,11
124,-12.5358,31.2441,-87.0188,180.36,1,11
124,-13.4281,30.8711,-210.732,408.699,1,11
124,-14.1943,30.5264,-74.7871,402.074,1,11
124,-14.6365,30.3169,19.4882,353.484,1,11
124,-14.9124,30.1821,31.4025,104.464,1,11
124,-15.794,29.7303,1.99045,143.494,1,11
124,-17.8954,28.5148,-28.3111,242.218,1,11
124,-18.4495,28.1594,-240.155,562.524,1,11
124,-18.6501,28.027,59.5541,1267.99,1,11
124,-19.0195,27.7776,-126.393,761.22,1,11
124,-19.605,27.3675,90.0747,1579.19,1,11
124,-20.0237,27.0627,-114.497,107.602,1,11
124,-20.4949,26.7076,-35.4246,485.615,1,11
124,-21.9663,25.5112,-165.723,5713.19,1,11
124,-25.0871,22.4495,64.8296,300.215,1,11
124,-25.2731,22.2398,44.2609,111.355,1,11
124,-25.8521,21.564,63.1656,180.901,1,11
124,-26.5591,20.687,-94.1609,304.883,1,11
124,-26.8456,20.3138,-154.98,1540.8,1,11
124,-26.9941,20.1161,-37.1634,589.711,1,11
124,-27.2978,19.702,82.4017,385.383,1,11
124,-27.7925,18.9977,35.5118,2884.04,1,11
124,-28.1099,18.5249,30.2776,2125.14,1,11
124,-28.0711,18.5837,21.613,405.069,1,11
124,-28.8098,17.4165,-157.118,1179.98,1,11
124,-29.7176,15.8177,96.7213,138.666,1,11
124,-30.069,15.1392,-223.096,253.288,1,11
124,-30.4913,14.2696,16.4189,1493.56,1,11
124,-30.9849,13.1633,30.8619,211.701,1,11
124,-31.4142,12.1032,-274.021,774.197,1,11
124,-32.0353,10.3479,-302.246,2687.29,1,11
124,-32.0823,10.2011,29.2872,536.011,1,11
124,-32.444,8.98458,20.7599,98.5759,1,11
124,-33.523,3.08976,58.8104,169.034,1,11
124,-33.6274,1.59335,-33.3761,43.2315,1,11
124,-33.6274,1.59335,-121.474,146.364,1,11
124,-33.665,0.0937794,45.9651,27.3753,1,11
124,-33.665,0.0937737,-25.3254,42.2374,1,11
124,-33.1904,-8.39976,-61.828,13.1647,0,12
124,-33.1627,-8.50853,273.282,250.351,0,12
124,-32.8912,-9.50413,104.014,326.922,0,12
124,-32.7755,-9.89578,-98.3588,699.766,0,12
124,-31.8867,-12.4658,-82.6285,192.934,0,12
124,-31.6416,-13.0756,211.516,255.575,0,12
124,-31.5064,-13.3978,-82.2952,403.897,0,12
124,-31.3065,-13.8586,239.945,520.477,0,12
124,-30.0749,-16.3602,-49.4708,263.061,0,12
124,-29.6531,-17.1129,-17.5887,561.161,0,12
124,-29.3852,-17.5689,287.345,646.455,0,12
124,-28.8729,-18.3988,5.53729,395.915,0,12
124,-28.8149,-18.4894,-51.6799,173.501,0,12
124,-28.8186,-18.4836,2.00534,234.144,0,12
124,-28.2801,-19.2975,5.9061,336.941,0,12
124,-27.7317,-20.0776,161.32,473.461,0,12
124,-27.5064,-20.3853,-39.3712,107.498,0,12
124,-27.2776,-20.6904,-39.356,11.1615,0,12
124,-25.962,-22.3189,-8.6722,242.705,0,12
124,-25.6072,-22.7251,196.873,8274.51,0,12
124,-25.4098,-22.9456,36.6323,1394.88,0,12
124,-25.5828,-22.7526,231.156,13,0,12
124,-25.0833,-23.3021,275.119,106.26,0,12
124,-24.7322,-23.6744,64.719,274.392,0,12
124,-23.5454,-24.855,-37.6646,196.73,0,12
124,-21.7161,-26.4683,-58.3361,558.117,0,12
124,-20.6371,-27.3179,-90.9747,595.171,0,12
124,-20.6586,-27.3017,-64.945,373.864,0,12
124,-20.324,-27.5517,203.471,278.242,0,12
124,-19.4035,-28.2075,-1.86789,1305.28,0,12
124,-19.3188,-28.2655,91.8182,832.007,0,12
124,-19.3281,-28.2592,202.406,517.899,0,12
124,-17.9731,-29.1398,-62.0617,1138.09,0,12
124,-12.9114,-31.7089,16.5445,408.234,0,12
124,-12.6127,-31.8289,284.427,116.583,0,12
124,-9.13715,-32.995,184.991,90.1014,0,12
124,-6.73735,-33.5673,-78.7966,199.66,0,12
124,-6.73231,-33.5684,-63.4803,5073.32,0,12
124,-4.5798,-33.9291,-79.5325,868.031,0,12
124,-3.93464,-34.01,107.1,749.121,0,12
124,-3.51181,-34.0562,91.5018,228.561,0,12
124,-1.71245,-34.1939,133.635,310.07,0,12
124,-1.01723,-34.2217,213.167,268.513,0,12
124,-0.351543,-34.235,-41.7174,349.101,0,12
124,0.529173,-34.2327,-90.2279,1069.75,0,12
124,0.532017,-34.2327,214.989,157.471,0,12
124,3.28487,-34.0788,110.185,1911.16,0,12
124,4.24046,-33.9732,206.439,476.294,0,12
124,7.07958,-33.4968,-72.6593,575.263,0,12
124,7.25918,-33.4584,124.513,300.359,0,12
124,7.65008,-33.3712,-74.06,584.922,0,12
124,9.27393,-32.9568,280.167,1121.58,0,12
124,9.59157,-32.8658,173.873,297.887,0,12
124,11.1884,-32.357,-25.4541,418.174,0,12
124,12.2462,-31.9717,153.127,400.778,0,12
124,12.3203,-31.9432,69.1909,333.874,0,12
124,12.3425,-31.9346,126.309,160.003,0,12
124,14.2284,-31.1402,179.696,1104.95,0,12
124,16.8286,-29.8154,-48.3926,335.664,0,12
124,18.1073,-29.0565,-60.5436,80.6281,0,12
124,18.6808,-28.6912,245.164,367.948,0,12
124,19.2176,-28.3345,151.036,1155.58,0,12
124,21.1682,-26.9085,-91.6036,10205.9,0,12
124,22.5233,-25.7849,293.738,961.555,0,12
124,22.9271,-25.4265,-61.7137,87.8101,0,12
124,23.7153,-24.693,-101.475,378.934,0,12
124,23.7325,-24.6764,-87.268,12.1292,0,12
124,24.0059,-24.4105,-101.26,13.1232,0,12
124,24.0059,-24.4105,-87.5102,33.2984,0,12
124,24.0059,-24.4105,-30.028,20.1493,0,12
124,24.486,-23.9289,218.682,76.496,0,12
124,24.8567,-23.5437,-33.848,310.488,0,12
124,26.3035,-21.9154,276.672,424.603,0,12
124,27.0205,-21.025,24.3357,370.563,0,12
124,28.2221,-19.3822,-38.1072,1615.31,0,12
124,28.154,-19.481,90.5907,603.709,0,12
124,28.727,-18.6257,128.423,565.444,0,12
124,30.0374,-16.429,-53.71,117.407,0,12
124,30.2318,-16.0686,107.215,73.5221,0,12
124,30.6196,-15.3166,-14.6833,1557.86,0,12
124,30.9736,-14.5874,264.836,77.9463,0,12
124,31.0279,-14.4717,-27.6461,231.827,0,12
124,31.2963,-13.8816,16.035,246.878,0,12
124,31.1752,-14.1515,101.847,121.805,0,12
124,31.3925,-13.6627,-54.8139,113.884,0,12
124,31.4727,-13.477,-14.0207,444.317,0,12
124,31.7023,-12.9276,-43.3289,275.122,0,12
124,31.862,-12.5289,-3.67145,3903.1,0,12
124,32.6004,-10.4583,-38.9833,109.369,0,12
124,32.6041,-10.4465,72.5651,91.3978,0,12
124,32.8275,-9.72168,227.294,802.396,0,12
124,33.5687,-6.7306,56.8331,642.183,0,12
124,33.7976,-5.46659,-90.0869,1285.64,0,12
124,33.8041,-5.42627,-56.3109,1406.97,0,12
124,33.8787,-4.93908,-41.1206,690.133,0,12
124,33.879,-4.93648,223.78,418.803,0,12
124,34.2117,-1.31071,-68.3416,236.396,0,12
124,34.2368,0.0417578,-13.1372,319.696,0,12
124,34.0207,3.84049,212.756,2779.28,0,12
124,33.9064,4.74478,-21.2481,1734.31,0,12
124,33.8484,5.1423,22.972,37.0849,0,12
124,33.7348,5.84125,-24.6166,237.404,0,12
124,33.6453,6.33676,-2.68975,454.083,0,12
124,33.3606,7.69609,-28.7167,799.455,0,12
124,33.3349,7.80638,281.134,283.968,0,12
124,33.2914,7.99025,243.078,138.867,0,12
124,33.2319,8.23403,-71.9986,538.365,0,12
124,32.3029,11.3437,-18.1577,6653.48,0,12
124,32.2554,11.4781,-82.5314,391.022,0,12
124,32.191,11.6575,145.076,269.658,0,12
124,31.7224,12.8783,120.665,294.808,0,12
124,31.5157,13.3761,249.056,4056.4,0,12
124,30.774,15.0041,90.0651,852.6,0,12
124,30.7567,15.0394,145.989,419.461,0,12
124,30.7691,15.0141,93.356,3.71316,0,12
124,30.3373,15.8685,-15.8413,190.82,0,12
124,29.4864,17.3986,299.39,2062.8,0,12
124,28.3494,19.1956,178.208,565.351,0,12
124,27.0544,20.9813,-16.4375,2624.21,0,12
124,26.8802,21.2041,-50.4253,62.7339,0,12
124,23.7639,24.6462,163.943,479.258,0,12
124,22.608,25.7106,20.7477,490.506,0,12
124,21.8471,26.3603,-12.9157,578.337,0,12
124,21.428,26.702,19.6774,387.11,0,12
124,20.3931,27.5006,23.4699,2343.36,0,12
124,19.9125,27.8505,153.41,240.447,0,12
124,19.7097,27.9944,-105.39,336.246,0,12
124,19.1771,28.3619,-13.6268,1613.53,0,12
124,19.0678,28.4355,27.2732,200.285,0,12
124,17.9221,29.1711,-89.6067,246.212,0,12
124,17.6714,29.3237,-32.6121,210.87,0,12
124,15.723,30.4129,-89.5275,356.983,0,12
124,15.0673,30.743,157.485,1826.01,0,12
124,14.1867,31.1592,82.8449,239.768,0,12
124,13.1861,31.5957,-49.8965,220.587,0,12
124,13.2294,31.5776,171.059,327.184,0,12
124,13.0465,31.6535,20.8247,371.358,0,12
124,12.5177,31.8664,141.929,770.424,0,12
124,11.2487,32.3361,-28.5902,154.845,0,12
124,10.9315,32.4448,39.9662,656.303,0,12
124,6.62341,33.59,-76.1634,581.754,0,12
124,5.30652,33.8231,-49.6639,255.073,0,12
124,5.32513,33.8201,-105.5,54,0,12
124,4.4526,33.946,-16.385,70.7496,0,12
124,2.93255,34.111,-69.6667,1584,0,12
124,2.96765,34.1079,-18.7434,1789.11,0,12
124,2.95228,34.1093,-67.34,11.0252,0,12
124,2.67507,34.1321,103.674,365.87,0,12
124,2.27018,34.1615,-83.4942,181.669,0,12
124,1.82966,34.1879,45.2915,1051.61,0,12
124,0.0794127,34.2367,-13.7919,628.189,0,12
124,-0.305667,34.2354,23.3093,538.64,0,12
124,-2.17869,34.1674,79.9483,1143.19,0,12
124,-2.77918,34.1238,285.592,582.701,0,12
124,-4.24127,33.9731,8.69217,921.397,0,12
124,-5.00196,33.8694,-41.7798,538.363,0,12
124,-5.33037,33.8193,-6.99734,179.083,0,12
124,-7.03534,33.5062,-95.1592,350.58,0,12
124,-8.43034,33.1826,226.951,166.203,0,12
124,-9.20654,32.9757,188.053,448.689,0,12
124,-9.86995,32.7833,24.668,14.0277,0,12
124,-10.2345,32.6713,24.7106,88.1061,0,12
124,-11.3392,32.3045,135.437,266.132,0,12
124,-15.1648,30.6951,-63.1166,417.219,0,12
124,-16.1523,30.1871,191.005,1008.9,0,12
124,-16.6411,29.9204,-80.8548,999.214,0,12
124,-16.7685,29.8492,143.945,682.005,0,12
124,-17.0048,29.7152,66.7219,263.094,0,12
124,-17.3773,29.4989,-24.2505,3409.67,0,12
124,-17.8374,29.223,187.923,114.423,0,12
124,-19.1598,28.3736,-93.7844,407.284,0,12
124,-19.5093,28.1344,-54.9592,148.067,0,12
124,-19.871,27.8801,-90.2054,188.452,0,12
124,-20.5611,27.3751,143.908,591.13,0,12
124,-20.5381,27.3924,-20.9208,61.5482,0,12
124,-20.8234,27.1762,-14.7108,533.842,0,12
124,-21.3469,26.7669,37.4845,243.868,0,12
124,-23.0936,25.2754,-63.0212,516.865,0,12
124,-25.1323,23.2493,201.764,610.13,0,12
124,-26.7181,21.408,112.375,427.605,0,12
124,-29.5212,17.3395,1.13192,1789.62,0,12
124,-29.6523,17.1143,291.254,296.166,0,12
124,-29.8674,16.7361,66.0212,452.936,0,12
124,-30.2373,16.0581,-60.3271,585.24,0,12
124,-31.809,12.6628,241.882,308.792,0,12
124,-32.1078,11.8847,261.169,679.9,0,12
124,-32.2221,11.5713,-49.8234,420.361,0,12
124,-32.29,11.3804,-52.2421,1280.05,0,12
124,-32.3169,11.3039,128.06,712.917,0,12
124,-32.4569,10.8953,-5.57551,871.317,0,12
124,-33.1431,8.58453,-61.0005,137.965,0,12
124,-33.7439,5.78861,-65.22,11.0522,0,12
124,-34.2367,-0.095338,-86.0909,233.873,1,12
124,-34.2347,-0.380771,-204.403,235.974,1,12
124,-34.2215,-1.02338,3.37938,180.624,1,12
124,-34.2233,-0.96114,-69.8026,1116.36,1,12
124,-34.2022,-1.53787,41.8216,513.825,1,12
124,-34.1842,-1.89696,-7.93248,1079.59,1,12
124,-33.978,-4.20193,-5.19012,246.23,1,12
124,-33.9517,-4.40913,40.6693,157.42,1,12
124,-33.8835,-4.90609,77.8459,202.441,1,12
124,-33.4926,-7.09956,6.93753,33.2987,1,12
124,-33.1604,-8.51726,-64.8728,140.557,1,12
124,-32.8377,-9.68719,-257.356,64.2477,1,12
124,-31.6307,-13.1018,15.4728,322.25,1,12
124,-31.3309,-13.8033,-162.382,187.246,1,12
124,-27.0454,-20.993,79.3647,386.09,1,12
124,-25.199,-23.1769,72.6921,627.723,1,12
124,-23.4174,-24.9757,75.1011,631.896,1,12
124,-21.442,-26.6908,105.326,42.3467,1,12
124,-21.1201,-26.9462,-40.6349,896.792,1,12
124,-20.3257,-27.5504,-219.217,348.674,1,12
124,-20.1817,-27.656,96.878,1055.54,1,12
124,-19.6567,-28.0316,-167.776,667.065,1,12
124,-17.1632,-29.624,-102.732,347.185,1,12
124,-17.0788,-29.6727,96.8198,630.913,1,12
124,-16.7268,-29.8726,-77.8636,308.838,1,12
124,-15.2523,-30.6517,103.98,206.211,1,12
124,-14.399,-31.0617,-51.8876,1060.84,1,12
124,-14.574,-30.9799,-187.496,728.024,1,12
124,-13.9279,-31.2757,81.4875,507.993,1,12
124,-13.0361,-31.6579,-249.885,921.333,1,12
124,-12.9042,-31.7118,-29.4598,762.618,1,12
124,-12.5907,-31.8376,22.7609,215.484,1,12
124,-12.3298,-31.9395,50.7571,196.451,1,12
124,-11.6327,-32.2,-141.048,127.228,1,12
124,-10.9708,-32.4315,-48.6845,1431.98,1,12
124,-10.6861,-32.5264,1.84184,149.16,1,12
124,-10.7228,-32.5143,-30.4934,473.869,1,12
124,-10.1987,-32.6825,-43.1426,413.162,1,12
124,-10.2836,-32.6559,-274.781,403.263,1,12
124,-8.1934,-33.2419,92.6315,2063.66,1,12
124,-3.02467,-34.1029,61.752,1222.47,1,12
124,-2.1116,-34.1716,-305.159,867.404,1,12
124,-0.968515,-34.2231,-164.878,387.02,1,12
124,-0.631723,-34.231,-292.825,360.064,1,12
124,0.393971,-34.2345,-176.328,7463.59,1,12
124,1.10091,-34.2191,-149.158,216.605,1,12
124,1.32164,-34.2113,-121.582,747.718,1,12
124,2.35675,-34.1556,47.5802,788.699,1,12
124,2.41503,-34.1515,-85.6603,811.196,1,12
124,2.83883,-34.1189,-124.589,207.825,1,12
124,3.09532,-34.0966,28.4216,562.518,1,12
124,3.48314,-34.0592,-112.264,286.231,1,12
124,4.829,-33.8945,94.6932,2394.27,1,12
124,4.98552,-33.8719,-291.839,422.245,1,12
124,7.09956,-33.4926,24.4195,2195.1,1,12
124,7.09956,-33.4926,-254.729,32.1803,1,12
124,8.02949,-33.2819,-197.236,27.137,1,12
124,8.39976,-33.1904,-197.613,205.346,1,12
124,13.8033,-31.3309,-287.784,65.4022,1,12
124,20.0776,-27.7318,69.3699,113.216,1,12
124,20.3853,-27.5064,-184.046,176.903,1,12
124,23.1769,-25.199,-123.884,11.1126,1,12
124,23.7325,-24.6764,-219.284,23.1265,1,12
124,25.5088,-22.8355,-272.516,176.344,1,12
124,26.4832,-21.6978,-9.84791,521.252,1,12
124,26.5053,-21.6709,-161.393,497.26,1,12
124,27.3446,-20.6018,-195.727,364.453,1,12
124,30.1604,-16.2022,41.9339,88.3491,1,12
124,31.4096,-13.6234,56.3151,454.648,1,12
124,32.2323,-11.5427,-75.4157,51.4234,1,12
124,32.3282,-11.2714,1.47542,263.535,1,12
124,32.3042,-11.3402,-255.651,193.749,1,12
124,32.8439,-9.6663,-3.70405,466.132,1,12
124,33.8734,-4.97503,19.8516,524.889,1,12
124,33.9647,-4.30784,-58.9597,553.528,1,12
124,34.1127,-2.91202,-263.106,229.603,1,12
124,34.0259,3.79421,-185.874,375.089,1,12
124,33.9823,4.16647,-21.2504,600.031,1,12
124,33.6311,6.41161,-277.763,1325.38,1,12
124,31.1752,14.1515,-258.482,63.6159,1,12
124,30.3862,15.7746,3.42411,436.901,1,12
124,30.5139,15.5262,-2.7977,29.5827,1,12
124,29.6887,17.0512,-280.324,685.294,1,12
124,28.3478,19.1979,-181.651,236.27,1,12
124,27.9359,19.7925,72.2562,169.257,1,12
124,26.7822,21.3277,-256.002,229.92,1,12
124,26.1766,22.0668,69.1167,235.983,1,12
124,26.0759,22.1857,-94.8666,467.494,1,12
124,25.6936,22.6274,78.9647,230.345,1,12
124,25.3514,23.0101,-32.8054,158.92,1,12
124,25.1026,23.2813,78.3354,298.741,1,12
124,24.7115,23.696,-40.7692,117.348,1,12
124,23.5191,24.8799,48.2445,1032.34,1,12
124,22.8207,25.522,-179.635,557.001,1,12
124,22.0596,26.1827,-54.4562,1717.3,1,12
124,21.7799,26.4158,-305.534,384.493,1,12
124,21.3717,26.7471,-295.986,475.595,1,12
124,20.9723,27.0615,20.7698,196.474,1,12
124,20.0175,27.7751,-38.1903,220.197,1,12
124,20.1829,27.6552,-180.363,325.367,1,12
124,19.3337,28.2554,-78.2875,1086.26,1,12
124,18.8203,28.5999,3.52976,297.686,1,12
124,18.6872,28.6871,-17.7073,171.193,1,12
124,18.4787,28.8218,-200.901,647.857,1,12
124,18.3378,28.9116,32.3544,163.801,1,12
124,14.4546,31.0358,-201.358,129.218,1,12
124,11.2432,32.3381,55.0976,525.348,1,12
124,10.8357,32.4769,70.256,994.658,1,12
124,8.47179,33.1721,66.2767,113.855,1,12
124,7.78093,33.3409,-271.19,471.552,1,12
124,4.71465,33.9106,27.4995,236.573,1,12
124,4.80025,33.8986,-38.2529,93.9803,1,12
124,4.31983,33.9632,-240.99,509.768,1,12
124,4.01223,34.0009,-287.849,149.044,1,12
124,3.65876,34.0407,26.0346,134.238,1,12
124,3.14223,34.0923,-20.1082,79.8091,1,12
124,2.4008,34.1525,8.26635,148.895,1,12
124,1.55641,34.2014,101.048,621.805,1,12
124,-8.39976,33.1904,83.278,37.3573,1,12
124,-8.39976,33.1904,-70.2231,175.411,1,12
124,-9.82656,32.7963,-76.9933,162.488,1,12
124,-12.7399,31.7782,-86.1116,323.651,1,12
124,-13.5658,31.4345,-210.05,464.354,1,12
124,-15.3059,30.625,31.9688,361.134,1,12
124,-15.9834,30.2769,2.69228,670.14,1,12
124,-18.0564,29.0882,25.6232,108.179,1,12
124,-18.1348,29.0394,-27.8449,217.576,1,12
124,-18.8585,28.5747,60.8422,441.014,1,12
124,-18.8779,28.5619,-239.336,661.155,1,12
124,-20.0018,27.7864,91.093,1133.77,1,12
124,-20.3057,27.5652,-113.61,210.047,1,12
124,-22.5517,25.76,-166.7,7276.77,1,12
124,-25.0736,23.3125,64.3561,235.46,1,12
124,-25.6336,22.6953,45.2089,143.662,1,12
124,-26.1341,22.1171,64.6093,613.878,1,12
124,-26.5695,21.5921,41.0721,2054.31,1,12
124,-27.0864,20.9401,-93.4477,149.916,1,12
124,-27.2237,20.7613,-153.627,1236.48,1,12
124,-27.7874,20.0005,83.2581,545.536,1,12
124,-28.4884,18.9886,31.2526,917.511,1,12
124,-29.3898,17.5613,-155.38,692.14,1,12
124,-30.5482,15.4584,-222.398,495.579,1,12
124,-30.7052,15.1444,16.4107,304.903,1,12
124,-31.8363,12.594,-273.273,79.802,1,12
124,-32.5573,10.5916,-300.817,434.439,1,12
124,-32.657,10.2801,30.5978,1449.76,1,12
124,-32.995,9.13715,-59.4327,54.8167,1,12
124,-34.1783,2.00129,-32.7083,212.091,1,12
124,-34.1783,2.00129,-121.077,56.7923,1,12
124,-34.2367,0.0953698,-86.018,397.884,1,12
124,-34.8072,-0.2185,-50.8073,2379.93,0,13
124,-34.8075,-0.165673,36.6828,1167.43,0,13
124,-34.8068,-0.277265,181.453,509.01,0,13
124,-34.7682,-1.66093,-26.7167,216.132,0,13
124,-34.7366,-2.22712,-90.6146,731.002,0,13
124,-34.7215,-2.45145,229.007,117.575,0,13
124,-34.4846,-4.73288,47.9957,217.614,0,13
124,-34.3897,-5.37971,-21.652,119.319,0,13
124,-33.9364,-7.7404,-82.6453,774.841,0,13
124,-33.8198,-8.2349,-63.428,378.854,0,13
124,-33.5454,-9.28954,103.353,33.2693,0,13
124,-33.3537,-9.95598,-99.5772,265.935,0,13
124,-32.3756,-12.7831,-83.2509,261.508,0,13
124,-32.2099,-13.1952,210.829,243.128,0,13
124,-32.0985,-13.464,-83.3646,1181.5,0,13
124,-30.6144,-16.5635,45.9528,548.354,0,13
124,-30.0153,-17.6259,-17.4456,190.948,0,13
124,-29.38,-18.6656,4.80119,274.008,0,13
124,-29.3256,-18.7509,-53.0254,418.463,0,13
124,-29.1931,-18.9567,1.23752,116.819,0,13
124,-28.7518,-19.6194,5.11078,388.959,0,13
124,-26.6071,-22.4422,249.346,541.838,0,13
124,-26.3246,-22.7729,-9.58129,276.922,0,13
124,-25.7906,-23.376,189.456,4540.43,0,13
124,-25.7347,-23.4375,272.909,264.915,0,13
124,-24.0157,-25.196,-38.2656,102.916,0,13
124,-21.0194,-27.7448,-92.3545,211.745,0,13
124,-20.9244,-27.8165,-65.9278,378.508,0,13
124,-20.6993,-27.9844,202.608,464.261,0,13
124,-19.8142,-28.618,-2.69981,578.671,0,13
124,-19.5842,-28.7758,201.652,719.429,0,13
124,-19.5042,-28.8301,91.264,740.951,0,13
124,-12.7756,-32.3786,15.9898,64.2652,0,13
124,-9.43767,-33.504,17.9995,186.099,0,13
124,-9.47627,-33.4931,293.598,238.277,0,13
124,-7.29651,-34.0346,-36.7982,354.726,0,13
124,-6.91974,-34.1132,-62.6016,6447.24,0,13
124,-6.48717,-34.198,295.992,635.904,0,13
124,-4.936,-34.4561,-6.05585,114.709,0,13
124,-4.53877,-34.5107,-80.7572,382.438,0,13
124,-4.19775,-34.5539,106.635,692.888,0,13
124,-3.478,-34.6337,90.7524,185.329,0,13
124,-2.66152,-34.706,-64.5301,288.197,0,13
124,-1.60911,-34.7707,-43.3245,738.967,0,13
124,-0.987294,-34.7939,212.424,535.877,0,13
124,-0.308904,-34.8065,-43.0186,1270.13,0,13
124,0.482123,-34.8046,4.5494,377.983,0,13
124,2.05047,-34.7475,224.649,642.842,0,13
124,3.33707,-34.6476,110.87,2209.18,0,13
124,3.38764,-34.6427,113.708,11.3808,0,13
124,4.23661,-34.5491,205.605,928.392,0,13
124,4.30619,-34.5405,224.881,1368.76,0,13
124,5.17092,-34.4217,61.8339,436.545,0,13
124,5.60768,-34.3532,-71.6915,115.167,0,13
124,6.37617,-34.2189,-72.1262,166.653,0,13
124,7.29456,-34.035,124.444,529.972,0,13
124,9.94463,-33.3571,172.453,631.322,0,13
124,11.1242,-32.9824,-56.1046,285.43,0,13
124,12.2276,-32.5895,152.877,503.958,0,13
124,14.3583,-31.7085,178.304,480.743,0,13
124,17.337,-30.1831,-49.4856,259.421,0,13
124,18.1567,-29.6972,119.943,185.264,0,13
124,18.8282,-29.2761,-59.6275,766.643,0,13
124,19.6055,-28.7613,150.446,430.132,0,13
124,22.0841,-26.905,-92.8801,12900.3,0,13
124,22.9493,-26.171,292.832,106.107,0,13
124,23.227,-25.9248,-62.1071,460.162,0,13
124,23.9306,-25.2768,219.604,585.819,0,13
124,24.2111,-25.0082,-88.5633,1205.23,0,13
124,24.0179,-25.1938,-30.6849,606.632,0,13
124,24.8856,-24.3372,291.364,28.1387,0,13
124,24.9532,-24.2678,218.012,12.1248,0,13
124,25.327,-23.8775,-34.5742,433.726,0,13
124,26.6994,-22.3323,-86.9088,101.002,0,13
124,26.786,-22.2283,275.375,655.432,0,13
124,27.4554,-21.396,23.865,237.673,0,13
124,28.6492,-19.7691,89.8179,383.777,0,13
124,29.102,-19.0962,127.571,404.046,0,13
124,29.4204,-18.6019,37.9173,209.231,0,13
124,30.4875,-16.7959,-54.705,818.809,0,13
124,30.4782,-16.8128,68.1259,63.3917,0,13
124,30.7609,-16.2899,106.608,197.901,0,13
124,31.0033,-15.8236,-15.4424,1453.15,0,13
124,31.4111,-14.9977,264.374,90.268,0,13
124,31.6196,-14.553,-28.5302,66.3728,0,13
124,31.6836,-14.4132,101.04,482.91,0,13
124,31.8718,-13.992,-55.5598,253.707,0,13
124,31.9981,-13.7007,-33.7929,1254.52,0,13
124,31.9719,-13.7619,-14.9069,517.885,0,13
124,31.8536,-14.0336,15.2851,78.1474,0,13
124,32.1987,-13.2225,-6.56644,2718.39,0,13
124,32.7854,-11.6922,-66.5678,316.156,0,13
124,33.1944,-10.4747,-40.5438,1231.63,0,13
124,33.1678,-10.5588,70.8821,352.421,0,13
124,33.3633,-9.92354,-44.0799,302.611,0,13
124,33.4001,-9.799,68.9352,587.793,0,13
124,33.9579,-7.64516,233.547,55.4788,0,13
124,34.1203,-6.88422,55.3643,940.339,0,13
124,34.2586,-6.1593,109.363,493.269,0,13
124,34.3666,-5.52489,-92.1243,613.372,0,13
124,34.3678,-5.51751,-52.4106,3811.34,0,13
124,34.3676,-5.51894,191.314,683.719,0,13
124,34.4621,-4.89406,-41.8965,238.952,0,13
124,34.7718,-1.58582,-69.696,696.516,0,13
124,34.8074,0.195877,-13.722,248.977,0,13
124,34.7898,1.1213,-43.7776,226.698,0,13
124,34.5407,4.30496,-22.5649,639.656,0,13
124,34.3807,5.43694,22.87,579.186,0,13
124,34.3119,5.85522,-25.7875,496.441,0,13
124,34.2337,6.29616,-3.49385,289.855,0,13
124,33.9591,7.63981,-29.9606,1960.97,0,13
124,33.8803,7.98232,241.511,402.56,0,13
124,33.8161,8.24974,-72.7467,590.511,0,13
124,33.8598,8.06858,280.3,236.57,0,13
124,33.7181,8.64162,-17.732,24.0571,0,13
124,33.4917,9.48142,21.2933,1708.08,0,13
124,33.3237,10.0558,223.216,124.306,0,13
124,32.9357,11.2617,-18.3839,3713.61,0,13
124,32.9762,11.1427,-15.612,11.1305,0,13
124,32.8543,11.497,-84.3763,3901.77,0,13
124,32.6844,11.9716,144.489,505.682,0,13
124,32.1376,13.3702,249.013,6893.61,0,13
124,31.2365,15.358,88.3616,494.899,0,13
124,31.069,15.6942,-16.0828,485.408,0,13
124,30.2121,17.2864,298.132,5356.11,0,13
124,29.5099,18.4595,-39.1517,225.999,0,13
124,29.2783,18.8247,92.8584,486.816,0,13
124,28.8551,19.4672,177.281,471.416,0,13
124,28.5659,19.8892,17.5312,1792.43,0,13
124,28.5315,19.9385,19.156,12.6718,0,13
124,27.4402,21.4156,-17.41,837.366,0,13
124,25.6194,23.5635,88.4898,25.1602,0,13
124,24.2496,24.9709,162.134,396.629,0,13
124,22.1663,26.8374,-71.6941,490.387,0,13
124,21.5412,27.3417,19.1228,350.804,0,13
124,20.9323,27.8106,22.979,659.006,0,13
124,19.668,28.7186,-14.9486,976.077,0,13
124,18.4238,29.5323,-90.4067,518.515,0,13
124,17.752,29.9409,-33.1735,153.015,0,13
124,16.0572,30.8829,-90.4207,167.678,0,13
124,15.5676,31.1326,138.489,453.845,0,13
124,15.4245,31.2038,155.569,1193.99,0,13
124,14.4945,31.6465,81.9712,228.628,0,13
124,13.5238,32.0733,169.671,1065.15,0,13
124,13.3038,32.1652,-50.6534,622.575,0,13
124,13.3364,32.1517,20.4088,308.421,0,13
124,12.7631,32.3835,141.045,802.303,0,13
124,11.4304,32.8776,-29.2075,503.522,0,13
124,11.0131,33.0197,39.5922,247.799,0,13
124,8.43092,33.7714,-33.2311,758.729,0,13
124,6.79392,34.1384,-77.2507,172.67,0,13
124,5.5414,34.364,-49.2848,552.986,0,13
124,5.2036,34.4167,132.476,718.036,0,13
124,4.26162,34.546,-16.8223,331.166,0,13
124,4.09449,34.5662,3.38759,518.559,0,13
124,3.21101,34.6595,-17.184,383.153,0,13
124,3.03989,34.6749,-19.9136,680.955,0,13
124,2.43849,34.7224,-84.6511,718.038,0,13
124,1.7913,34.7618,43.602,1295.6,0,13
124,0.055954,34.8079,-14.6406,234.876,0,13
124,-0.0128387,34.8079,22.8091,430.465,0,13
124,-0.735083,34.8001,230.826,630.881,0,13
124,-1.99729,34.7505,78.2738,1889.08,0,13
124,-2.03464,34.7484,80.636,11.8263,0,13
124,-3.02799,34.6759,284.236,398.473,0,13
124,-8.30121,33.8035,-73.9992,377.08,0,13
124,-9.36495,33.5244,-4.46714,120.564,0,13
124,-9.39176,33.5169,187.066,438.058,0,13
124,-10.0346,33.3301,24.668,14.0277,0,13
124,-10.4053,33.2163,24.668,25.0555,0,13
124,-16.0705,30.876,169.538,374.522,0,13
124,-16.1737,30.8221,189.925,998.436,0,13
124,-16.9852,30.3824,-82.3,367.514,0,13
124,-17.3284,30.188,-25.6869,3965.19,0,13
124,-16.9974,30.3756,143.017,136.546,0,13
124,-18.7708,29.3129,-94.5716,633.76,0,13
124,-18.1915,29.6759,186.865,277.318,0,13
124,-18.4922,29.4895,-0.360138,214.502,0,13
124,-19.6194,28.7518,-54.3956,38.3018,0,13
124,-20.0118,28.4801,-91.4212,824.88,0,13
124,-19.9385,28.5315,-54.196,11.9878,0,13
124,-20.8446,27.8764,-21.298,345.6,0,13
124,-21.0278,27.7384,143.059,553.009,0,13
124,-21.1298,27.6609,-15.5892,408.38,0,13
124,-23.4158,25.7544,-59.6939,303.353,0,13
124,-25.4763,23.7181,201.043,1542.75,0,13
124,-25.9163,23.2365,130.764,50.6279,0,13
124,-27.0348,21.9251,111.585,293.48,0,13
124,-30.0941,17.491,0.246816,1481.76,0,13
124,-30.1857,17.3324,64.6478,979.449,0,13
124,-30.3264,17.0851,-93.1728,270.667,0,13
124,-30.7196,16.3676,-61.2327,416.715,0,13
124,-30.7369,16.3351,54.775,998.847,0,13
124,-30.9345,15.9577,-59.5127,46.5106,0,13
124,-32.3917,12.7423,241.044,443.667,0,13
124,-32.567,12.2875,-90.445,584.176,0,13
124,-32.6822,11.9777,258.485,284.458,0,13
124,-32.8115,11.6187,-52.5075,1046.07,0,13
124,-32.8147,11.6098,28.3511,304.688,0,13
124,-32.8079,11.629,127.423,271.675,0,13
124,-32.9784,11.1363,-6.30877,348.982,0,13
124,-33.0248,10.9979,22.1053,113.348,0,13
124,-33.1578,10.5902,21.8748,27.1958,0,13
124,-33.5059,9.43097,261.563,166.866,0,13
124,-33.7329,8.5839,-61.636,376.172,0,13
124,-33.9653,7.61235,191.35,318.448,0,13
124,-34.6061,3.74279,-67.0841,287.568,0,13
124,-34.6524,3.28618,40.665,1366.94,0,13
124,-34.6803,2.97807,42.8771,932.963,0,13
124,-34.7449,2.09265,-43.439,478.283,0,13
124,-34.8063,0.337731,25.4769,570.482,0,13
124,-34.8078,0.0969637,36.54,20.0873,0,13
124,-34.8062,-0.344718,-10.4558,476.723,1,13
124,-34.8078,-0.0969301,-25.2074,53.689,1,13
124,-34.8077,-0.116692,-84.9443,549.537,1,13
124,-34.8078,-0.0969283,-204.134,242.398,1,13
124,-34.7864,-1.2233,3.5183,280.885,1,13
124,-34.7923,-1.04251,-68.9612,406.741,1,13
124,-34.7759,-1.49312,80.86,859.612,1,13
124,-34.7646,-1.73521,-7.25025,511.437,1,13
124,-34.5557,-4.1822,-3.88392,578.958,1,13
124,-34.528,-4.40559,41.4309,175.294,1,13
124,-34.4295,-5.11845,101.402,416.538,1,13
124,-34.4314,-5.10598,78.5742,1587.37,1,13
124,-34.3702,-5.50258,-305.624,92.4977,1,13
124,-33.9259,-7.78598,-150.93,152.167,1,13
124,-33.3876,-9.84179,-256.327,326.158,1,13
124,-32.9037,-11.3552,-35.4452,185.733,1,13
124,-32.3019,-12.9684,54.322,683.548,1,13
124,-32.3727,-12.7905,-82.4656,1126.56,1,13
124,-32.1629,-13.3094,17.0419,777.818,1,13
124,-31.9403,-13.835,90.2491,337.922,1,13
124,-31.821,-14.1072,-161.099,222.975,1,13
124,-31.7346,-14.3004,43.8219,233.089,1,13
124,-31.4946,-14.8216,45.5405,177.782,1,13
124,-31.5048,-14.8,-144.11,157.953,1,13
124,-30.3911,-16.9696,78.7309,309.409,1,13
124,-30.244,-17.2305,-240.05,272.708,1,13
124,-29.984,-17.679,-37.8861,156.767,1,13
124,-29.5865,-18.3365,-18.3327,252.437,1,13
124,-29.1351,-19.0456,-147.004,502.344,1,13
124,-27.3912,-21.4782,80.9616,258.564,1,13
124,-27.0145,-21.95,34.1212,331.493,1,13
124,-26.6183,-22.429,-65.1815,307.16,1,13
124,-25.7197,-23.4539,73.6777,1083.87,1,13
124,-24.8177,-24.4064,-104.006,119.417,1,13
124,-23.8804,-25.3242,75.5671,404.506,1,13
124,-21.6672,-27.2419,-40.5385,1668.86,1,13
124,-20.7224,-27.9674,-218.458,159.844,1,13
124,-20.554,-28.0913,98.5394,1238.85,1,13
124,-19.9945,-28.4923,-166.594,575.688,1,13
124,-17.5912,-30.0357,-102.016,137.539,1,13
124,-17.3106,-30.1982,98.2008,199.401,1,13
124,-16.9954,-30.3768,-77.1092,583.508,1,13
124,-16.1028,-30.8592,12.8425,1446.75,1,13
124,-15.5275,-31.1526,105.122,126.866,1,13
124,-15.2131,-31.3074,58.6196,167.994,1,13
124,-14.5161,-31.6366,80.928,518.083,1,13
124,-14.6946,-31.5541,-186.763,1777.21,1,13
124,-14.4363,-31.6731,101.119,124.229,1,13
124,-13.4817,-32.091,-248.633,805.085,1,13
124,-13.1223,-32.2397,-28.856,598.442,1,13
124,-12.8345,-32.3553,22.8046,343.4,1,13
124,-12.5292,-32.4747,51.7978,81.3623,1,13
124,-12.2729,-32.5725,30.125,355.62,1,13
124,-12.114,-32.6319,5.00871,384.986,1,13
124,-12.2601,-32.5773,-48.808,519.278,1,13
124,-10.8986,-33.0577,2.2014,703.331,1,13
124,-10.9559,-33.0387,-205.965,444.736,1,13
124,-10.7885,-33.0938,-28.6141,700.178,1,13
124,-10.3186,-33.2433,-273.578,166.254,1,13
124,-8.54732,-33.7422,-4.22346,474.726,1,13
124,-8.17629,-33.834,94.397,387.433,1,13
124,-2.77956,-34.6967,62.2741,761.927,1,13
124,-1.82621,-34.76,-304.713,207.667,1,13
124,-0.939137,-34.7952,103.723,575.522,1,13
124,0.111999,-34.8077,55.0637,559.06,1,13
124,0.247652,-34.807,-19.3816,258.39,1,13
124,0.941782,-34.7952,19.42,215.799,1,13
124,1.31005,-34.7832,-121.182,152.69,1,13
124,2.48085,-34.7194,98.3818,622.932,1,13
124,2.51161,-34.7172,48.4264,698.386,1,13
124,2.97704,-34.6804,28.2587,864.669,1,13
124,3.0015,-34.6782,-124.093,43.3832,1,13
124,3.37299,-34.6441,-111.784,655.244,1,13
124,4.85092,-34.4682,-15.8449,2903.15,1,13
124,4.84529,-34.469,96.474,240.63,1,13
124,5.20608,-34.4164,-291.112,96.208,1,13
124,8.53987,-33.744,-196.683,399.874,1,13
124,11.3517,-32.9048,-47.0698,1259.74,1,13
124,18.0115,-29.7855,78.7258,143.614,1,13
124,18.596,-29.4241,-38.3169,268.9,1,13
124,20.2551,-28.3076,69.96,210.563,1,13
124,20.2551,-28.3076,22.4903,475.727,1,13
124,22.8072,-26.2949,-123.863,865.066,1,13
124,24.3208,-24.9016,-219.004,220.043,1,13
124,26.1848,-22.9335,-272.21,700.623,1,13
124,26.681,-22.3542,-161.58,268.201,1,13
124,28.6421,-19.7793,-35.692,31.1493,1,13
124,28.6421,-19.7793,-291.907,827.729,1,13
124,30.7548,-16.3014,42.5565,38.3844,1,13
124,30.7548,-16.3014,-51.4507,120.354,1,13
124,32.8138,-11.6123,2.33566,291.802,1,13
124,32.8614,-11.4769,-254.845,384.808,1,13
124,33.3855,-9.84881,-2.83685,340.627,1,13
124,33.7479,-8.52475,44.3869,144.63,1,13
124,34.4286,-5.12439,20.8997,578.353,1,13
124,34.521,-4.45999,-57.4528,761.352,1,13
124,34.6871,-2.89748,-262.309,131.404,1,13
124,34.789,-1.14626,-59.2652,1472.25,1,13
124,34.5936,3.85632,-185.331,336.848,1,13
124,34.5308,4.38358,10.6811,250.735,1,13
124,34.5249,4.42987,-20.7746,238.888,1,13
124,34.39,5.37754,-245.155,583.509,1,13
124,34.2021,6.46585,-276.655,611.091,1,13
124,33.9861,7.51913,-57.9762,525.937,1,13
124,28.3076,20.2551,73.2146,65.7503,1,13
124,25.0881,24.1284,77.9076,257.134,1,13
124,23.8153,25.3855,49.6671,853.596,1,13
124,22.3281,26.7029,-305.024,1079.83,1,13
124,21.7014,27.2147,-295.124,797.314,1,13
124,20.634,28.0326,-179.54,480.633,1,13
124,20.5119,28.1221,-37.5926,71.5393,1,13
124,19.8291,28.6076,-77.2185,366.329,1,13
124,19.37,28.9205,4.22972,718.12,1,13
124,19.2247,29.0172,-17.1792,639.015,1,13
124,18.7519,29.325,33.1969,592.532,1,13
124,18.7216,29.3444,-200.11,333.619,1,13
124,17.9647,29.8137,-35.8637,277.497,1,13
124,14.7239,31.5404,-200.355,133.568,1,13
124,11.0892,32.9942,55.7474,607.306,1,13
124,7.88065,33.9041,-269.697,938.676,1,13
124,4.72484,34.4857,28.4321,200.099,1,13
124,4.5609,34.5078,-240.68,143.12,1,13
124,4.24721,34.5478,-287.254,534.632,1,13
124,3.46046,34.6355,26.0366,194.586,1,13
124,3.14672,34.6654,-19.5826,599.534,1,13
124,2.55859,34.7137,9.13878,301.819,1,13
124,1.53288,34.7741,102.109,243.345,1,13
124,0.29084,34.8067,-194.901,394.78,1,13
124,-12.909,32.3256,-85.0631,103.935,1,13
124,-13.4993,32.0836,-27.1316,139.329,1,13
124,-13.6377,32.025,-209.307,177.89,1,13
124,-14.9268,31.4449,-75.354,701.702,1,13
124,-16.167,30.8256,3.47242,1142.33,1,13
124,-18.0849,29.741,26.441,416.409,1,13
124,-19.1246,29.0833,61.7924,311.57,1,13
124,-19.3683,28.9216,-238.017,1594.33,1,13
124,-19.6015,28.764,-126.39,391.753,1,13
124,-20.384,28.215,92.3128,127.343,1,13
124,-20.5142,28.1204,-112.7,108.569,1,13
124,-21.1741,27.6269,-35.1495,465.51,1,13
124,-23.1213,26.0191,-166.078,8426.36,1,13
124,-24.2383,24.9819,19.6573,956.572,1,13
124,-24.2678,24.9533,17.308,11.479,1,13
124,-25.1356,24.0789,63.8606,222.128,1,13
124,-26.0308,23.1081,46.2025,693.434,1,13
124,-26.5118,22.5546,65.8764,269.322,1,13
124,-27.0339,21.9262,41.607,842.749,1,13
124,-27.5043,21.3331,-152.071,2644.18,1,13
124,-27.9938,20.6867,-36.9688,490.913,1,13
124,-28.2742,20.3017,84.1583,298.806,1,13
124,-28.9725,19.292,35.348,1864.22,1,13
124,-28.8703,19.4447,32.1724,516.443,1,13
124,-29.2463,18.8744,23.0323,800.526,1,13
124,-29.7251,18.1109,-107.393,755.045,1,13
124,-30.0256,17.6083,-153.042,244.715,1,13
124,-30.9411,15.9448,16.46,53.0832,1,13
124,-32.3048,12.961,-272.881,366.49,1,13
124,-33.0885,10.8045,-299.647,960.69,1,13
124,-33.2353,10.3444,31.9191,433.544,1,13
124,-33.4994,9.45424,-58.7539,231.626,1,13
124,-34.661,3.19464,92.9504,52.4447,1,13
124,-34.661,3.19465,59.3432,73.0764,1,13
124,-34.8078,0.096965,-25.092,30.0557,1,13
124,-34.8078,0.0969604,-85.0768,66.7494,1,13
124,-34.8078,0.0969619,-204.051,235.967,1,13
124,-35.3782,-0.330129,36.4394,166.462,0,14
124,-35.3419,-1.63579,-27.2211,190.309,0,14
124,-35.3131,-2.16901,-87.0939,854.072,0,14
124,-35.3176,-2.09471,85.8542,171.556,0,14
124,-35.3005,-2.36615,-91.9576,128.032,0,14
124,-34.5358,-7.68133,-82.4983,1090.85,0,14
124,-34.4195,-8.18657,203.576,882.043,0,14
124,-34.2764,-8.76646,273.016,853.502,0,14
124,-33.9154,-10.0732,-100.415,306.204,0,14
124,-32.7642,-13.3504,-85.141,1046.61,0,14
124,-32.7981,-13.2668,210.076,88.3662,0,14
124,-32.4502,-14.0963,239.641,421.705,0,14
124,-31.0569,-16.9467,-50.1809,1141.71,0,14
124,-31.0511,-16.9574,45.0253,703.877,0,14
124,-30.247,-18.3533,284.987,1462.99,0,14
124,-29.8989,-18.9151,4.00139,212.211,0,14
124,-29.4975,-19.5351,0.406248,132.509,0,14
124,-29.2242,-19.9417,4.39264,762.818,0,14
124,-28.5415,-20.9071,-39.8283,192.053,0,14
124,-26.9835,-22.8827,249.296,866.86,0,14
124,-26.7304,-23.1778,-10.3379,416.029,0,14
124,-26.3457,-23.6141,37.0284,1084.08,0,14
124,-26.2376,-23.7341,271.488,492.016,0,14
124,-25.871,-24.1333,189.268,3013.44,0,14
124,-25.6563,-24.3614,64.5123,209.152,0,14
124,-25.3344,-24.696,12.9514,891.081,0,14
124,-22.5033,-27.3006,-58.7287,1293.6,0,14
124,-21.3811,-28.1881,-93.3155,131.529,0,14
124,-21.1287,-28.3779,-67.123,117.136,0,14
124,-21.0658,-28.4246,201.816,86.6336,0,14
124,-20.3712,-28.9264,-3.42628,229.111,0,14
124,-19.6894,-29.3947,90.4831,1131.73,0,14
124,-19.8384,-29.2944,200.806,522.093,0,14
124,-18.3349,-30.2581,-63.3291,808.751,0,14
124,-9.44217,-34.0965,-41.4776,78.5349,0,14
124,-9.44217,-34.0965,183.457,24.1956,0,14
124,-7.16472,-34.6466,-62.9987,6290.54,0,14
124,-7.45071,-34.5863,-37.5051,508.701,0,14
124,-4.66335,-35.071,106.08,639.756,0,14
124,-4.49138,-35.0935,-81.9509,790.487,0,14
124,-3.30706,-35.2248,17.2229,917.993,0,14
124,-2.82029,-35.2671,-65.008,424.121,0,14
124,-1.60727,-35.3432,133.208,453.927,0,14
124,-0.984133,-35.366,211.577,617.156,0,14
124,-0.265516,-35.3787,-44.4501,403.319,0,14
124,0.893223,-35.3684,213.841,1156.28,0,14
124,1.99417,-35.3235,223.964,798.746,0,14
124,3.08459,-35.245,61.9743,629.537,0,14
124,3.37838,-35.218,111.675,935.983,0,14
124,4.21922,-35.1272,205.021,1149.51,0,14
124,4.44864,-35.0989,224.289,953.012,0,14
124,5.44327,-34.9585,61.6265,127.458,0,14
124,7.94231,-34.4767,-74.7166,531.58,0,14
124,9.50577,-34.0788,39.9211,218.019,0,14
124,10.1861,-33.8816,171.021,475.845,0,14
124,11.5242,-33.4502,-56.7536,252.278,0,14
124,11.4779,-33.4661,-25.7156,323.709,0,14
124,13.1312,-32.8526,67.1804,406.005,0,14
124,14.4961,-32.2736,176.992,748.458,0,14
124,18.7509,-30.0021,119.748,714.679,0,14
124,19.0625,-29.8051,244.987,326.231,0,14
124,20.0047,-29.1811,-58.2164,571.319,0,14
124,22.9649,-26.9135,-93.274,15689.9,0,14
124,23.3887,-26.546,291.696,621.599,0,14
124,23.5322,-26.4189,-62.6606,146.746,0,14
124,24.1213,-25.8821,-31.2561,744.532,0,14
124,24.1831,-25.8244,219.031,532.274,0,14
124,24.5135,-25.511,-89.9197,1734.04,0,14
124,24.7154,-25.3155,-101.338,167.895,0,14
124,25.4017,-24.6267,289.505,602.519,0,14
124,25.7634,-24.248,-35.3973,363.313,0,14
124,27.0376,-22.8187,-87.4975,155.452,0,14
124,27.2612,-22.5511,273.836,151.178,0,14
124,27.8712,-21.7927,23.4631,79.8451,0,14
124,28.3042,-21.2272,131.603,189.471,0,14
124,29.1548,-20.043,88.9765,752.221,0,14
124,29.3445,-19.7642,-38.3934,560.563,0,14
124,29.4167,-19.6566,126.851,306.325,0,14
124,30.0634,-18.6525,37.9233,229.737,0,14
124,31.0397,-16.9783,67.6673,305.188,0,14
124,31.3667,-16.3663,-16.2454,4550.78,0,14
124,32.1932,-14.6739,100.505,349.377,0,14
124,32.4119,-14.1843,-7.76067,2158.28,0,14
124,32.392,-14.2296,-56.3628,387.946,0,14
124,32.4247,-14.1549,-15.6929,646.013,0,14
124,32.9962,-12.7661,-42.7687,1174.07,0,14
124,33.4358,-11.5658,-67.0956,108.886,0,14
124,33.768,-10.5568,-41.7795,301.786,0,14
124,33.7365,-10.6569,69.7383,512.139,0,14
124,33.8379,-10.3306,-44.6327,345.045,0,14
124,33.796,-10.4667,226.778,136.626,0,14
124,33.8974,-10.1337,68.2522,182.066,0,14
124,34.4708,-7.96786,233.074,298.066,0,14
124,34.6707,-7.04757,53.5028,1231.62,0,14
124,34.7726,-6.52585,108.864,254.313,0,14
124,34.88,-5.92502,189.798,670.408,0,14
124,34.9306,-5.6195,-57.2861,2009.97,0,14
124,34.9348,-5.593,-93.5736,333.091,0,14
124,35.0349,-4.9275,223.122,446.662,0,14
124,35.3786,0.279222,-14.1534,96.7962,0,14
124,35.3625,1.10187,-43.8396,450.336,0,14
124,35.1747,3.80301,-23.7829,478.807,0,14
124,35.165,3.89216,210.924,3182.1,0,14
124,34.8913,5.8584,-27.2999,271.362,0,14
124,34.8119,6.31329,-4.15506,191.014,0,14
124,34.5633,7.55641,-31.5235,1098.99,0,14
124,34.4723,7.96122,240.019,1158.65,0,14
124,34.3864,8.32457,279.448,425.022,0,14
124,33.8513,10.2866,222.629,204.183,0,14
124,33.5751,11.1552,-14.1648,5341.18,0,14
124,33.4218,11.6064,-85.4406,1154.57,0,14
124,32.8384,13.1667,120.48,194.431,0,14
124,31.9341,15.2294,73.5039,820.396,0,14
124,31.6646,15.7821,86.4183,1370.73,0,14
124,31.7055,15.6997,145.511,559.717,0,14
124,30.9062,17.22,296.876,2095.98,0,14
124,30.0907,18.6085,-39.854,165.086,0,14
124,29.9865,18.7759,247.654,365.133,0,14
124,29.7789,19.1035,92.0479,929.544,0,14
124,27.7018,22.0075,-52.0785,339.33,0,14
124,27.7685,21.9234,-18.4422,101.131,0,14
124,25.9064,24.0952,87.9893,105.087,0,14
124,25.6364,24.3823,287.118,165.295,0,14
124,25.2254,24.8073,-36.1746,40.3064,0,14
124,24.7165,25.3144,160.933,1173.86,0,14
124,23.5044,26.4436,20.135,491.359,0,14
124,22.7267,27.115,-13.4187,233.982,0,14
124,22.401,27.3846,-72.6498,123.764,0,14
124,20.3593,28.9348,153.073,315.612,0,14
124,20.2166,29.0347,-16.6243,1141.99,0,14
124,19.6013,29.4536,26.6801,180.153,0,14
124,18.8819,29.9199,-91.171,310.964,0,14
124,18.4867,30.1656,108.548,202.783,0,14
124,17.9617,30.4812,-33.9679,511.762,0,14
124,16.5113,31.2906,-91.219,325.67,0,14
124,15.745,31.6831,154.289,200.719,0,14
124,14.8543,32.1103,81.1576,144.6,0,14
124,13.6975,32.6206,19.9303,870.118,0,14
124,13.8025,32.5763,168.302,394.837,0,14
124,13.3238,32.775,-51.3026,454.217,0,14
124,13.0049,32.9028,140.089,577.648,0,14
124,10.9536,33.6414,38.882,92.6037,0,14
124,8.44313,34.3575,-33.5714,1261.25,0,14
124,7.01869,34.6765,-78.3692,138.16,0,14
124,5.47919,34.9529,131.727,1329.06,0,14
124,4.22694,35.1263,2.73381,123.23,0,14
124,3.64215,35.1917,-17.6434,449.314,0,14
124,3.4609,35.21,-72.4381,192.228,0,14
124,3.10122,35.2435,-20.8419,496.023,0,14
124,2.94565,35.2569,103.043,699.845,0,14
124,2.73532,35.2738,-86.8611,754.327,0,14
124,1.74857,35.3365,41.8941,1063.83,0,14
124,-0.0808727,35.3796,-15.7908,678.814,0,14
124,-0.819777,35.3702,230.259,413.293,0,14
124,-2.22428,35.3097,39.7056,279.38,0,14
124,-3.18436,35.2361,283.367,193.472,0,14
124,-4.22691,35.1263,28.484,13,0,14
124,-4.6085,35.0783,-42.0143,438.645,0,14
124,-7.52446,34.5703,-96.5479,198.07,0,14
124,-8.65029,34.3059,-74.5699,397.76,0,14
124,-11.4918,33.4613,135.13,294.238,0,14
124,-13.7378,32.6036,26.1911,330.725,0,14
124,-15.5965,31.7565,-63.5951,341.397,0,14
124,-16.2368,31.4339,169.404,274.766,0,14
124,-16.2649,31.4193,188.812,561.778,0,14
124,-17.2017,30.9164,-27.2406,1848.16,0,14
124,-17.1669,30.9358,142.283,505.603,0,14
124,-17.354,30.8312,-83.7234,930.153,0,14
124,-17.9006,30.5171,65.8607,944.548,0,14
124,-18.0321,30.4395,-95.4476,490.766,0,14
124,-18.6998,30.034,186.044,169.44,0,14
124,-21.3424,28.2175,-16.6148,432.398,0,14
124,-21.5041,28.0944,142.23,517.126,0,14
124,-21.9543,27.744,37.3219,1392.51,0,14
124,-23.6199,26.3405,-63.1655,571.962,0,14
124,-23.9508,26.04,-60.3817,295.467,0,14
124,-24.7244,25.3067,12.6337,78.4944,0,14
124,-25.7631,24.2485,200.012,1245.2,0,14
124,-26.2661,23.7026,30.3461,1312.93,0,14
124,-26.4387,23.51,130.339,145.034,0,14
124,-27.2727,22.5372,110.74,33.1648,0,14
124,-30.5867,17.7814,63.4936,2593.37,0,14
124,-30.6929,17.5974,-0.575327,672.838,0,14
124,-30.9921,17.065,-10.1677,190.432,0,14
124,-31.1925,16.6959,54.4522,249.737,0,14
124,-31.5524,16.0054,-60.0413,132.669,0,14
124,-32.9684,12.8377,240.202,2571.4,0,14
124,-33.1306,12.4131,-90.8142,529.003,0,14
124,-33.3233,11.8862,-50.074,457.19,0,14
124,-33.5631,11.1911,21.7292,671.504,0,14
124,-34.0228,9.70413,259.893,382.528,0,14
124,-34.2685,8.79718,136.111,257.078,0,14
124,-34.5743,7.50621,190.204,488.172,0,14
124,-34.9003,5.80451,-66.212,271.176,0,14
124,-34.9346,5.59421,-52.426,691.692,0,14
124,-35.1608,3.9297,-68.3115,721.15,0,14
124,-35.2423,3.11495,41.0915,2197.81,0,14
124,-35.3792,-0.186768,-9.87584,260.258,1,14
124,-35.3789,-0.242458,-25.1727,125.056,1,14
124,-35.3793,-0.17577,-84.1142,396.157,1,14
124,-35.3621,-1.11635,-68.1614,218.564,1,14
124,-35.3429,-1.61318,82.1313,1427.88,1,14
124,-35.3221,-2.01767,42.1445,1081.06,1,14
124,-35.3407,-1.66138,-6.82399,645.526,1,14
124,-35.3347,-1.7829,-305.042,1249.68,1,14
124,-35.1355,-4.14949,-2.59814,210.106,1,14
124,-35.1059,-4.39277,42.148,232.415,1,14
124,-34.9911,-5.22902,102.209,1247.5,1,14
124,-34.9348,-5.59297,-304.829,222.643,1,14
124,-34.4386,-8.10583,-64.9764,107.367,1,14
124,-34.4386,-8.10583,-149.935,88.0094,1,14
124,-34.2984,-8.68016,-64.948,11.0139,1,14
124,-33.8854,-10.1735,-255.382,117.313,1,14
124,-32.8993,-13.0138,-81.6204,402.275,1,14
124,-32.6112,-13.7199,53.7479,358.156,1,14
124,-32.4022,-14.2065,90.7374,138.523,1,14
124,-32.3273,-14.3759,-159.774,650.542,1,14
124,-32.2736,-14.496,105.368,185.775,1,14
124,-31.9724,-15.1488,-143.47,226.398,1,14
124,-31.2098,-16.6635,-184.268,306.468,1,14
124,-30.4242,-18.058,-37.5892,223.07,1,14
124,-30.2075,-18.4182,-17.785,332.231,1,14
124,-28.9366,-20.3568,24.2061,324.371,1,14
124,-27.8,-21.8834,81.7957,279.297,1,14
124,-26.7497,-23.1555,-65.4101,201.492,1,14
124,-26.3089,-23.6551,74.5214,1547.27,1,14
124,-25.4487,-24.5782,-103.282,434.648,1,14
124,-23.659,-26.3054,9.95603,54.5515,1,14
124,-22.1216,-27.6108,-40.4523,1042.98,1,14
124,-20.9167,-28.5344,100.216,1676.83,1,14
124,-21.0658,-28.4246,-217.588,16.0522,1,14
124,-20.3583,-28.9355,-165.793,308.928,1,14
124,-17.9787,-30.4711,-101.165,235.478,1,14
124,-17.5808,-30.7024,99.2004,218.054,1,14
124,-17.2603,-30.8837,-76.1959,714.209,1,14
124,-16.9922,-31.032,12.6428,260.49,1,14
124,-16.2144,-31.4455,13.3716,1910.84,1,14
124,-15.8686,-31.6214,105.5,14,1,14
124,-15.3336,-31.8842,-51.4669,249.432,1,14
124,-15.0604,-32.0142,80.372,325.486,1,14
124,-14.6892,-32.1862,101.322,284.456,1,14
124,-13.8945,-32.5371,-247.644,112.675,1,14
124,-13.2721,-32.796,-48.8823,488.02,1,14
124,-12.7043,-33.0201,52.4982,194.7,1,14
124,-12.2969,-33.1739,30.7729,412.66,1,14
124,-12.2032,-33.2085,-140.398,428.331,1,14
124,-12.0193,-33.2755,5.14281,1301.87,1,14
124,-10.1853,-33.8819,-43.1794,186.535,1,14
124,-10.2853,-33.8517,-272.16,446.639,1,14
124,-1.16984,-35.3604,-175.785,6292.19,1,14
124,-1.06692,-35.3636,103.435,915.264,1,14
124,-0.990323,-35.3658,-290.527,664.559,1,14
124,-0.00770133,-35.3797,-19.0362,812.395,1,14
124,0.846726,-35.3696,20.2306,473.144,1,14
124,1.33233,-35.3546,-148.826,364.529,1,14
124,1.28067,-35.3565,-120.327,103.002,1,14
124,2.30546,-35.3045,-84.7806,175.685,1,14
124,2.61679,-35.2828,49.3239,829.6,1,14
124,3.12175,-35.2417,-110.907,354.698,1,14
124,5.01794,-35.022,-15.3037,3444.27,1,14
124,5.45355,-34.9569,-290.062,1100.02,1,14
124,7.91387,-34.4832,25.6345,102.379,1,14
124,8.58424,-34.3225,-4.64735,699.661,1,14
124,8.69391,-34.2949,-195.469,320.867,1,14
124,10.388,-33.8203,-236.018,120.044,1,14
124,11.5231,-33.4506,46.2714,449.564,1,14
124,11.4593,-33.4725,-46.792,1418.67,1,14
124,11.8842,-33.324,-31.452,13.0571,1,14
124,17.6044,-30.6889,31.9675,57.6434,1,14
124,18.2838,-30.2891,79.4912,235.078,1,14
124,18.954,-29.8742,-37.4975,79.8337,1,14
124,21.3811,-28.1881,-181.507,84.4849,1,14
124,23.0074,-26.8771,65.7183,916.588,1,14
124,24.7893,-25.2431,11.8043,140.792,1,14
124,27.9301,-21.7171,-195.861,488.349,1,14
124,28.4164,-21.0768,-6.95435,909.808,1,14
124,28.6887,-20.7046,-291.828,1208.32,1,14
124,29.3348,-19.7786,-35.4957,73.6281,1,14
124,31.3518,-16.3948,-50.6919,262.507,1,14
124,32.5173,-13.9409,58.4162,880.336,1,14
124,33.3092,-11.9256,3.23349,113.314,1,14
124,33.3547,-11.7978,-73.2857,291.575,1,14
124,33.4195,-11.6129,-254.02,231.615,1,14
124,33.9696,-9.8889,-2.08255,461.029,1,14
124,34.9876,-5.2527,21.853,569.657,1,14
124,35.2719,-2.76004,-261.589,262.518,1,14
124,35.329,-1.89348,-59.5679,395.216,1,14
124,35.3565,-1.2807,-59.436,20.0971,1,14
124,35.1465,4.05547,10.9567,514.407,1,14
124,35.0728,4.64984,-20.0366,125.496,1,14
124,35.077,4.61796,-26.6063,308,1,14
124,34.915,5.71554,-245.036,353.287,1,14
124,34.7777,6.49892,-275.137,750.085,1,14
124,34.535,7.68494,-56.7012,1627.27,1,14
124,28.1881,21.3811,-18.8888,33.5,1,14
124,27.9482,21.6938,-25.473,142.084,1,14
124,27.9482,21.6938,-40.78,28.1539,1,14
124,27.9482,21.6938,-254.731,40.3523,1,14
124,25.6364,24.3823,82.2006,117.735,1,14
124,25.2254,24.8073,82.18,13.1215,1,14
124,25.2254,24.8073,31.3,14.111,1,14
124,24.6867,25.3435,77.0295,77.6298,1,14
124,24.1964,25.812,76.7287,115.936,1,14
124,24.0995,25.9024,51.2193,1339.27,1,14
124,24.0707,25.9292,-41.0829,781.428,1,14
124,23.6743,26.2916,-178.986,641.786,1,14
124,23.2186,26.6949,-52.8199,1264.05,1,14
124,22.8595,27.0031,-304.342,549.9,1,14
124,22.0429,27.6737,-294.226,933.457,1,14
124,21.6002,28.0206,20.8747,264.816,1,14
124,21.05,28.4363,-178.65,403.521,1,14
124,20.309,28.9701,-76.4331,424.593,1,14
124,19.8556,29.2827,5.17873,129.867,1,14
124,19.2314,29.6964,33.8139,407.236,1,14
124,18.9989,29.8457,-199.256,668.312,1,14
124,15.0188,32.0337,-199.631,305.229,1,14
124,10.9006,33.6586,56.9536,314.125,1,14
124,10.7623,33.7031,72.7564,923.724,1,14
124,8.57979,34.3236,66.6919,118.959,1,14
124,7.97882,34.4683,-268.626,331.563,1,14
124,4.81861,35.05,-38.1006,407.27,1,14
124,4.71141,35.0646,29.8545,548.846,1,14
124,4.41296,35.1034,-286.331,393.949,1,14
124,4.33493,35.1131,-305.708,183.424,1,14
124,3.08887,35.2446,-18.8826,490.919,1,14
124,2.64809,35.2805,9.98401,361.031,1,14
124,-9.7297,34.0155,-77.328,477.288,1,14
124,-12.9997,32.9049,-84.3561,252.599,1,14
124,-13.7426,32.6016,-26.7013,321.96,1,14
124,-13.7388,32.6032,-208.545,455.633,1,14
124,-15.0214,32.0325,19.6481,414.386,1,14
124,-15.4191,31.843,-75.8157,81.4683,1,14
124,-16.355,31.3726,4.31442,167.839,1,14
124,-18.6275,30.0789,-27.465,231.455,1,14
124,-19.3157,29.6416,63.0245,489.889,1,14
124,-19.8403,29.2931,-236.846,824.838,1,14
124,-20.7251,28.6739,93.0827,469.569,1,14
124,-20.7971,28.6218,-111.657,1632.82,1,14
124,-23.6969,26.2713,-165.04,4915.15,1,14
124,-24.54,25.4855,20.5329,478.926,1,14
124,-24.7338,25.2975,18.6215,223.858,1,14
124,-26.4137,23.538,47.37,282.367,1,14
124,-26.9138,22.9646,66.7699,585.894,1,14
124,-27.1436,22.6925,105.472,458.368,1,14
124,-27.817,21.8618,-150.254,1563.07,1,14
124,-28.0708,21.5349,-92.7239,708.107,1,14
124,-28.5288,20.9244,-36.8164,378.589,1,14
124,-29.1426,20.0606,33.4754,1936.11,1,14
124,-29.5015,19.5291,35.2791,1525,1,14
124,-30.666,17.6443,-152.009,496.449,1,14
124,-31.2349,16.6164,16.3467,767.799,1,14
124,-31.2866,16.5188,97.1455,219.26,1,14
124,-31.5325,16.0445,-221.782,83.4943,1,14
124,-32.3936,14.2259,32.1566,185.238,1,14
124,-33.5919,11.1043,-298.041,170.457,1,14
124,-33.8403,10.3228,33.1961,147.683,1,14
124,-33.9892,9.82142,-58.133,95.4102,1,14
124,-35.3796,0.0985504,-25.1312,72.8999,1,14
124,-35.9508,-0.100115,-51.2077,524.06,0,15
124,-35.9507,-0.106429,179.285,381.628,0,15
124,-35.8943,-2.01601,-89.165,243.813,0,15
124,-35.8661,-2.46842,-93.4751,448.302,0,15
124,-35.857,-2.59633,228.435,306.048,0,15
124,-35.6294,-4.79748,47.4342,1166.02,0,15
124,-35.4644,-5.89412,-22.4166,259.502,0,15
124,-35.1216,-7.67716,-82.3181,1076.71,0,15
124,-33.7942,-12.2645,-55.7353,44.5418,0,15
124,-33.6556,-12.64,-89.8256,976.758,0,15
124,-33.5972,-12.7944,129.745,817.371,0,15
124,-33.3554,-13.4122,-87.2485,704.333,0,15
124,-33.3665,-13.3844,209.306,150.292,0,15
124,-33.3655,-13.3869,-84.929,55.8843,0,15
124,-33.0292,-14.1964,242.013,6443.53,0,15
124,-31.5366,-17.2601,-50.944,814.779,0,15
124,-31.4321,-17.4496,44.3369,634.104,0,15
124,-30.9307,-18.3238,-17.1124,70.7295,0,15
124,-30.6726,-18.7526,283.832,285.122,0,15
124,-30.314,-19.3269,-54.7387,286.079,0,15
124,-29.9203,-19.9309,-0.382889,483.797,0,15
124,-29.696,-20.2637,3.62384,213.746,0,15
124,-29.1202,-21.0828,-40.4453,705.483,0,15
124,-29.1202,-21.0828,161.196,11.0571,0,15
124,-27.1382,-23.5793,-11.1909,435.56,0,15
124,-26.8436,-23.9142,37.2723,630.527,0,15
124,-26.8236,-23.9366,269.873,936.707,0,15
124,-26.0165,-24.8115,189.843,6950.32,0,15
124,-25.9914,-24.8378,12.3615,643.993,0,15
124,-24.8491,-25.9805,-39.0273,207.637,0,15
124,-22.9595,-27.6646,-59.1982,633.124,0,15
124,-21.742,-28.6314,-94.6826,311.894,0,15
124,-21.4352,-28.8617,-68.0222,344.435,0,15
124,-21.4471,-28.8529,201.018,446.732,0,15
124,-20.8346,-29.2983,-4.35557,498.469,0,15
124,-20.0439,-29.8447,199.983,888.457,0,15
124,-18.5665,-30.7856,-63.8414,334.761,0,15
124,-13.8595,-33.172,284.209,1159.32,0,15
124,-12.8276,-33.5845,15.5729,75.5728,0,15
124,-9.78745,-34.593,-43.243,1181.49,0,15
124,-9.74895,-34.6038,17.4349,645.747,0,15
124,-9.78745,-34.593,291.921,36.5585,0,15
124,-8.92007,-34.8267,-25.8345,257.008,0,15
124,-7.3825,-35.1847,-60.6751,10058.4,0,15
124,-7.5914,-35.1403,-38.1893,242.753,0,15
124,-7.25902,-35.2104,-33.6646,78,0,15
124,-6.88766,-35.2849,-80.1866,366.813,0,15
124,-4.94882,-35.6087,-6.32337,168.834,0,15
124,-4.32358,-35.69,-82.5459,4092.78,0,15
124,-3.52401,-35.7778,89.8127,95.7196,0,15
124,-1.5532,-35.9173,-43.3429,218.588,0,15
124,-1.47343,-35.9207,132.819,701.95,0,15
124,-0.966263,-35.9379,210.907,836.025,0,15
124,-0.223442,-35.9502,-45.9083,621.33,0,15
124,0.357722,-35.9491,-92.7273,654.666,0,15
124,0.344393,-35.9492,4.53052,339.801,0,15
124,0.98941,-35.9373,212.891,193.013,0,15
124,3.37964,-35.7917,61.4821,870.058,0,15
124,3.42146,-35.7877,112.553,2284.38,0,15
124,4.29934,-35.6929,-70.7488,362.796,0,15
124,4.67415,-35.6458,223.663,1044.73,0,15
124,7.47252,-35.1657,124.347,319.965,0,15
124,8.14964,-35.015,-75.4084,532.473,0,15
124,11.851,-33.9414,-57.5166,254.476,0,15
124,12.2412,-33.8027,152.65,278.891,0,15
124,13.0263,-33.5079,126.202,364.891,0,15
124,13.4916,-33.3233,66.0651,569.01,0,15
124,14.6557,-32.828,175.476,230.088,0,15
124,18.3297,-30.9272,-51.3093,783.161,0,15
124,19.1862,-30.4032,244.713,372.959,0,15
124,20.2845,-29.6817,149.845,328.594,0,15
124,20.7492,-29.3588,-57.5589,319.756,0,15
124,23.9743,-26.7899,-95.4514,21251.2,0,15
124,23.819,-26.9281,290.854,341.903,0,15
124,24.4896,-26.3197,218.287,664.762,0,15
124,24.8147,-26.0134,-91.0824,524.557,0,15
124,25.8939,-24.9394,288.424,755.718,0,15
124,26.2316,-24.584,-36.1106,623.557,0,15
124,27.7356,-22.8737,272.65,684.66,0,15
124,29.6599,-20.3164,88.0752,974.748,0,15
124,29.7962,-20.116,126.196,2885.38,0,15
124,29.8867,-19.9813,-38.4748,893.881,0,15
124,31.3526,-17.5921,-56.7883,201.21,0,15
124,31.7272,-16.9072,-17.1199,1590.45,0,15
124,32.3888,-15.6024,263.612,312.945,0,15
124,32.6206,-15.1116,99.8155,150.838,0,15
124,32.6527,-15.0421,-28.9983,59.7614,0,15
124,32.6527,-15.0421,-8.7056,146.428,0,15
124,32.8995,-14.4944,-36.2625,249.574,0,15
124,32.9105,-14.4696,-16.621,358.057,0,15
124,32.9087,-14.4735,14.6648,345.695,0,15
124,33.7409,-12.4105,-42.2671,346.19,0,15
124,34.071,-11.4733,-67.8086,415.129,0,15
124,34.2591,-10.8987,226.133,321.776,0,15
124,34.3305,-10.6717,68.1362,499.646,0,15
124,34.3627,-10.5674,-42.9577,428.525,0,15
124,35.4006,-6.26619,188.685,1523.77,0,15
124,35.492,-5.72555,-57.9068,1487.29,0,15
124,35.5003,-5.67445,-95.17,1744.22,0,15
124,35.603,-4.98931,-42.4438,322.695,0,15
124,35.6185,-4.87759,222.518,855.318,0,15
124,35.8932,-2.03525,-72.3955,1211.75,0,15
124,35.9474,0.500647,-14.9353,400.447,0,15
124,35.7931,3.36515,-25.0702,1082.82,0,15
124,35.7366,3.91959,210.028,2486.2,0,15
124,35.4712,5.8536,22.2203,557.995,0,15
124,35.4612,5.91344,-28.2257,412.41,0,15
124,35.4042,6.24593,-5.057,236.172,0,15
124,35.0567,7.96851,238.373,389.346,0,15
124,34.9607,8.37941,-73.3619,975.357,0,15
124,34.9185,8.55387,278.625,161.304,0,15
124,34.8277,8.91602,-19.1823,71.6709,0,15
124,34.3838,10.4985,222.052,267.592,0,15
124,34.2274,10.998,-13.2279,7562.8,0,15
124,34.2466,10.9379,14.492,11,0,15
124,34.0599,11.5062,-87.1255,845.273,0,15
124,33.3644,13.3896,248.034,3359.53,0,15
124,32.271,15.8446,-16.4411,205.773,0,15
124,32.1331,16.1223,84.7006,958.521,0,15
124,32.1529,16.0829,145.002,292.887,0,15
124,31.5804,17.1798,297.064,4968.15,0,15
124,30.6579,18.7767,-40.659,174.912,0,15
124,30.3053,19.3406,91.1415,2078.72,0,15
124,29.9885,19.8282,174.657,519.613,0,15
124,29.3753,20.7259,17.5252,2883.58,0,15
124,28.1104,22.4114,-53.0232,51.3035,0,15
124,28.0967,22.4286,-19.0114,148.312,0,15
124,25.7142,25.1247,-36.84,263.572,0,15
124,25.7727,25.0647,287.124,11.0954,0,15
124,25.1653,25.6744,159.154,132.654,0,15
124,24.1005,26.6765,19.7459,156.45,0,15
124,22.5857,27.9705,-73.7324,827.87,0,15
124,22.121,28.3395,18.4736,110.138,0,15
124,21.8842,28.5228,22.4842,625.79,0,15
124,20.7801,29.3369,-18.5267,674.065,0,15
124,19.7646,30.0304,26.364,14.0277,0,15
124,19.4096,30.2611,-92.0337,767.38,0,15
124,18.9233,30.5675,107.917,438.068,0,15
124,16.9416,31.7088,-92.0471,539.199,0,15
124,16.1211,32.1337,152.907,206.648,0,15
124,15.9364,32.2257,138.242,256.156,0,15
124,15.1936,32.5825,80.4446,122.139,0,15
124,14.0715,33.0826,167.057,1100.42,0,15
124,13.3622,33.3754,-51.7608,143.822,0,15
124,13.2762,33.4097,138.889,919.766,0,15
124,12.1635,33.8307,305.78,41,0,15
124,11.7589,33.9735,-29.947,65.8034,0,15
124,10.8679,34.2689,38.3126,99.2243,0,15
124,7.25167,35.2119,-80.0917,474.752,0,15
124,6.13009,35.4244,-48.8111,608.776,0,15
124,4.27281,35.6961,-17.4679,375.248,0,15
124,3.72905,35.757,-73.7011,156.228,0,15
124,3.20853,35.8074,-21.5571,289.496,0,15
124,3.11165,35.816,102.474,591.307,0,15
124,2.984,35.8268,-88.3672,1972.49,0,15
124,1.73917,35.9088,40.9348,733.511,0,15
124,0.227878,35.9502,22.1994,325.657,0,15
124,-0.260322,35.95,-17.0938,454.953,0,15
124,-0.942151,35.9386,229.791,68.2203,0,15
124,-1.54212,35.9178,74.9891,736.281,0,15
124,-3.36744,35.7928,281.885,762.973,0,15
124,-3.94683,35.7336,5.04609,256.372,0,15
124,-4.36638,35.6848,-42.0941,565.913,0,15
124,-5.73293,35.4909,-7.34317,317.696,0,15
124,-7.79677,35.0953,-97.4337,111.109,0,15
124,-9.75469,34.6022,-4.67413,502.165,0,15
124,-9.93813,34.55,184.986,87.9569,0,15
124,-10.4723,34.3918,24.7127,175.897,0,15
124,-13.794,33.1993,25.7059,517.225,0,15
124,-16.3087,32.0389,187.698,654.967,0,15
124,-17.0054,31.6747,-28.9974,3889.81,0,15
124,-17.8209,31.2231,-95.9746,575.736,0,15
124,-17.7756,31.2489,-85.6621,656.132,0,15
124,-18.4924,30.8302,65.2479,1695.21,0,15
124,-18.8546,30.61,-0.393595,141.423,0,15
124,-19.1874,30.4025,184.698,700.044,0,15
124,-20.2343,29.716,-53.4684,206.174,0,15
124,-20.3005,29.6708,-94.0079,122.175,0,15
124,-21.4909,28.8203,-21.6824,561.802,0,15
124,-21.5664,28.7638,-17.5341,148.123,0,15
124,-21.9232,28.4928,141.372,834.891,0,15
124,-24.5574,26.2564,-60.9944,257.346,0,15
124,-25.0826,25.7552,11.9049,161.339,0,15
124,-26.0819,24.7427,199.169,1307.26,0,15
124,-27.5679,23.0755,110.181,92.4285,0,15
124,-28.7937,21.5265,176.687,262.999,0,15
124,-30.9964,18.2123,62.1273,709.794,0,15
124,-31.1681,17.9169,-93.3447,645.641,0,15
124,-31.3453,17.6051,289.471,377.644,0,15
124,-31.3884,17.5281,-1.20161,353.755,0,15
124,-31.6986,16.9608,-63.2167,328.857,0,15
124,-32.1064,16.1755,-60.3961,114.089,0,15
124,-33.2136,13.7595,-33.0338,1834.34,0,15
124,-33.5098,13.0214,239.33,1592.45,0,15
124,-33.6799,12.5751,-91.086,343.775,0,15
124,-33.7552,12.3714,127.076,226.383,0,15
124,-33.8772,12.0334,-52.786,740.958,0,15
124,-33.8776,12.0322,-50.1916,873.529,0,15
124,-33.8421,12.1317,255.478,1615.87,0,15
124,-33.9405,11.8537,28.0517,386.14,0,15
124,-33.9989,11.6852,-7.84368,506.897,0,15
124,-34.0615,11.5014,21.5178,504.16,0,15
124,-34.5071,10.086,258.291,700.644,0,15
124,-34.8736,8.73475,135.351,468.53,0,15
124,-34.8718,8.74214,-62.4381,77.5529,0,15
124,-35.1718,7.44372,188.728,264.87,0,15
124,-35.4386,6.04774,-67.1803,585.287,0,15
124,-35.5104,5.61029,-52.6938,811.545,0,15
124,-35.9229,1.41844,-43.5791,183.834,0,15
124,-35.9426,0.770232,25.0778,631.989,0,15
124,-35.9507,0.109752,-51.1553,272.037,0,15
124,-35.9506,0.147209,178.869,205.813,0,15
124,-35.9486,-0.40371,-83.0678,387.58,1,15
124,-35.9159,-1.58612,3.69777,839.05,1,15
124,-35.9277,-1.29225,-66.4484,387.09,1,15
124,-35.9071,-1.77503,83.4721,1375.86,1,15
124,-35.917,-1.56178,-6.16118,595.516,1,15
124,-35.9106,-1.7015,-303.649,56.9622,1,15
124,-35.7088,-4.1651,-1.75624,340.976,1,15
124,-35.5333,-5.46348,79.3279,2258,1,15
124,-35.4988,-5.68327,-304.126,213.793,1,15
124,-34.4111,-10.4088,-254.72,1020.59,1,15
124,-33.9703,-11.7681,-35.1876,245.509,1,15
124,-33.413,-13.2681,-80.4817,488.878,1,15
124,-32.8191,-14.6757,44.3892,334.136,1,15
124,-32.8309,-14.6492,-158.141,769.423,1,15
124,-32.7821,-14.7581,53.0774,77.4155,1,15
124,-32.5921,-15.1731,46.1651,894.658,1,15
124,-32.4344,-15.5072,-142.927,391.159,1,15
124,-31.495,-17.3358,-184.112,347.915,1,15
124,-31.4526,-17.4126,79.5697,250.987,1,15
124,-31.3551,-17.5876,-238.204,730.055,1,15
124,-29.8231,-20.076,-146.846,858.741,1,15
124,-28.16,-22.3491,83.3831,972.651,1,15
124,-27.8474,-22.7374,34.5017,108.989,1,15
124,-26.9385,-23.8072,-65.6351,361.15,1,15
124,-26.8759,-23.8779,75.6163,1197.13,1,15
124,-26.1521,-24.6685,-102.544,201.311,1,15
124,-24.6305,-26.1879,76.2979,115.747,1,15
124,-23.0586,-27.582,-262.669,248.244,1,15
124,-22.5846,-27.9714,-40.4177,845.402,1,15
124,-21.2761,-28.9792,101.51,1236.41,1,15
124,-20.6993,-29.394,-164.278,820.348,1,15
124,-18.4968,-30.8275,-100.473,163.804,1,15
124,-17.8383,-31.2132,99.8959,307.027,1,15
124,-17.5235,-31.391,-75.448,1069.01,1,15
124,-16.4814,-31.9504,13.9502,1391.76,1,15
124,-16.1023,-32.1432,-51.0533,127.386,1,15
124,-15.416,-32.4779,80.0879,147.774,1,15
124,-14.9525,-32.6939,-185.471,1089.96,1,15
124,-14.3887,-32.9459,-48.9954,171.51,1,15
124,-13.9001,-33.155,-48.9435,707.309,1,15
124,-13.531,-33.3073,-27.9119,742.735,1,15
124,-13.3392,-33.3846,22.858,420.665,1,15
124,-12.8848,-33.5626,53.3833,288.142,1,15
124,-12.5931,-33.6731,-139.673,496.967,1,15
124,-12.2791,-33.7889,31.4749,601.624,1,15
124,-11.3323,-34.1181,3.01171,391.027,1,15
124,-11.0504,-34.2105,-205.923,2151.29,1,15
124,-10.9664,-34.2375,-26.1681,285.163,1,15
124,-10.3462,-34.43,-270.964,896.945,1,15
124,-10.0209,-34.526,-43.1624,1076.79,1,15
124,-8.34174,-34.9697,97.3955,649.458,1,15
124,-2.58251,-35.858,62.737,402.765,1,15
124,-1.74046,-35.9087,-175.057,6465.43,1,15
124,-1.50423,-35.9194,-304.343,751.284,1,15
124,-1.12483,-35.9333,-289.34,412.063,1,15
124,-0.341136,-35.9493,55.4804,414.072,1,15
124,0.701109,-35.9441,21.5216,1430.75,1,15
124,1.22768,-35.9299,-119.557,212.931,1,15
124,1.51625,-35.9189,-148.374,202.394,1,15
124,2.18844,-35.8842,-84.013,306.482,1,15
124,2.65416,-35.8528,98.6295,726.717,1,15
124,2.69851,-35.8495,50.0853,2289.02,1,15
124,2.72239,-35.8477,28.0166,363.69,1,15
124,2.9658,-35.8284,-110.19,326.569,1,15
124,3.1265,-35.8147,-123.561,775.865,1,15
124,5.66316,-35.5021,-288.599,1501.86,1,15
124,8.82765,-34.8503,-8.84859,3603.34,1,15
124,8.8203,-34.8521,-29.332,13,1,15
124,11.7825,-33.9653,-31.4061,1479.48,1,15
124,17.7147,-31.2835,76.6733,172.463,1,15
124,17.7447,-31.2665,32.6176,509.019,1,15
124,17.7147,-31.2835,-30.6918,96.0359,1,15
124,18.5448,-30.7987,80.1796,161.438,1,15
124,19.2601,-30.3565,-36.8459,141.655,1,15
124,21.0828,-29.1202,23.2226,350.768,1,15
124,22.2019,-28.2762,-42.6266,43.5939,1,15
124,23.2265,-27.4408,-124.118,580.891,1,15
124,25.0456,-25.7912,13.1156,302.375,1,15
124,27.0791,-23.6472,-161.829,1261.61,1,15
124,27.3226,-23.3654,-271.72,303.559,1,15
124,28.0089,-22.5382,-195.97,197.502,1,15
124,28.8243,-21.4855,-291.486,2064.01,1,15
124,29.1385,-21.0575,-5.69185,576.013,1,15
124,33.08,-14.0778,59.6849,287.755,1,15
124,33.8095,-12.2223,4.04072,84.7929,1,15
124,33.915,-11.9263,-72.7023,53.6509,1,15
124,33.9729,-11.7605,-253.186,213.296,1,15
124,34.5585,-9.90844,-1.3327,365.191,1,15
124,35.7168,4.09627,-184.914,263.792,1,15
124,33.0826,14.0715,-256.117,266.253,1,15
124,31.8023,16.7655,3.56076,190.917,1,15
124,31.0159,18.1791,-277.721,289.858,1,15
124,30.6321,18.8186,34.4777,859.904,1,15
124,29.8358,20.0572,-178.84,578.383,1,15
124,29.2468,20.9068,74.4663,97.0295,1,15
124,28.6076,21.7732,79.2747,322.034,1,15
124,28.5983,21.7854,-18.2164,143.796,1,15
124,28.3677,22.0848,-253.947,105.584,1,15
124,27.6111,23.0238,72.1853,767.562,1,15
124,27.4232,23.2472,-92.1129,699.193,1,15
124,26.7708,23.9957,-30.067,56.3573,1,15
124,26.0424,24.7843,83.1663,331.58,1,15
124,25.8238,25.0119,32.1994,597.079,1,15
124,24.1714,26.6122,-178.329,377.081,1,15
124,23.9892,26.7766,76.0641,678.612,1,15
124,23.8224,26.9251,-41.2456,514.583,1,15
124,23.8483,26.9021,-52.218,4516.09,1,15
124,23.4207,27.2753,75.5355,510.376,1,15
124,23.3704,27.3184,-303.613,465.938,1,15
124,22.3744,28.1399,-293.591,301.89,1,15
124,21.4699,28.8359,-177.854,443.914,1,15
124,21.2655,28.987,-37.067,306.321,1,15
124,20.7858,29.3329,-75.5972,288.284,1,15
124,20.4402,29.5747,5.88019,318.432,1,15
124,19.9858,29.8837,-16.561,580.129,1,15
124,19.2922,30.3361,-198.32,393.837,1,15
124,18.6888,30.7115,-35.6751,215.02,1,15
124,15.3104,32.5278,-198.484,1095.21,1,15
124,10.7061,34.3198,74.0043,250.657,1,15
124,10.7497,34.3061,57.7782,691.663,1,15
124,8.56319,34.9162,67.1124,455.775,1,15
124,8.07339,35.0327,-267.276,774.315,1,15
124,4.96724,35.6061,-240.408,78.3573,1,15
124,4.73146,35.6382,-38.021,189.514,1,15
124,4.63517,35.6508,31.1615,153.561,1,15
124,4.6045,35.6548,-285.574,105.45,1,15
124,4.53356,35.6639,-305.302,376.1,1,15
124,3.37047,35.7926,25.9699,322.863,1,15
124,2.7424,35.8461,10.7127,432.618,1,15
124,-5.68328,35.4988,78.4907,40.1913,1,15
124,-9.75978,34.6008,85.5882,105.342,1,15
124,-13.0637,33.4934,-83.5555,99.3576,1,15
124,-13.9426,33.1372,-207.652,139.603,1,15
124,-15.1398,32.6076,19.8705,239.395,1,15
124,-16.2513,32.0681,33.0708,245.229,1,15
124,-16.5668,31.9062,5.12442,107.272,1,15
124,-18.2816,30.9556,27.7961,373.17,1,15
124,-18.8172,30.633,-27.006,275.064,1,15
124,-19.4824,30.2143,64.4495,95.2931,1,15
124,-20.2019,29.738,-126.314,311.356,1,15
124,-20.2997,29.6714,-236.023,371.242,1,15
124,-21.0926,29.113,93.9103,335.673,1,15
124,-21.0576,29.1384,-110.069,690.583,1,15
124,-21.8466,28.5516,-34.9198,597.259,1,15
124,-24.3139,26.4821,-165.058,5405.3,1,15
124,-24.9549,25.879,20.3635,2574.54,1,15
124,-25.0035,25.832,62.7002,539.227,1,15
124,-26.792,23.972,48.7848,438.988,1,15
124,-27.2811,23.4139,68.1499,1131.53,1,15
124,-27.465,23.1978,105.201,3446.58,1,15
124,-27.3892,23.2873,92.3981,1308,1,15
124,-28.0552,22.4805,42.1276,76.3745,1,15
124,-28.6132,21.7659,-91.7816,829.089,1,15
124,-29.2841,20.8544,86.4438,525.583,1,15
124,-29.5407,20.4894,34.6469,2080.52,1,15
124,-30.1266,19.6178,35.1922,2515.77,1,15
124,-31.2006,17.8604,-150.459,2884,1,15
124,-31.8146,16.7422,97.39,1340.01,1,15
124,-32.0119,16.3616,-221.189,229.026,1,15
124,-33.2577,13.6525,-271.213,165.5,1,15
124,-34.4207,10.3771,34.6942,208.908,1,15
124,-36.4845,-1.66824,-27.8499,126.745,0,16
124,-36.4808,-1.74678,84.637,764.906,0,16
124,-36.4794,-1.7757,-90.4664,305.21,0,16
124,-36.432,-2.5707,-94.7526,801.067,0,16
124,-36.4226,-2.70102,227.894,211.171,0,16
124,-36.2136,-4.74114,46.9137,201.11,0,16
124,-35.9549,-6.41427,-22.8589,361.198,0,16
124,-35.4075,-8.95589,272.674,724.628,0,16
124,-35.3559,-9.15764,204.02,12.0694,0,16
124,-34.0953,-13.0925,129.353,579.42,0,16
124,-33.8827,-13.6332,-85.5753,420.123,0,16
124,-33.9263,-13.5244,208.364,126.448,0,16
124,-31.9676,-17.6627,-51.5953,952.319,0,16
124,-31.8298,-17.9099,43.6146,587.484,0,16
124,-31.3115,-18.8014,-16.884,43.2031,0,16
124,-31.0903,-19.1649,282.701,342.403,0,16
124,-30.9044,-19.4632,3.10559,212.441,0,16
124,-30.8136,-19.6067,-55.5753,214.289,0,16
124,-30.2705,-20.4352,-1.29045,212.286,0,16
124,-30.1682,-20.5859,2.92835,215.252,0,16
124,-27.783,-23.7066,249.273,886.157,0,16
124,-27.5542,-23.9722,-12.082,657.33,0,16
124,-27.302,-24.2591,37.5021,980.383,0,16
124,-27.3043,-24.2564,268.79,772.098,0,16
124,-25.262,-26.3768,-39.806,527.844,0,16
124,-22.1409,-29.0462,-96.1745,207.384,0,16
124,-21.7463,-29.3428,-68.9211,141.12,0,16
124,-21.3505,-29.632,-5.01023,161.198,0,16
124,-20.2486,-30.3956,89.7145,539.551,0,16
124,-14.3175,-33.5993,283.96,447.683,0,16
124,-9.74719,-35.1979,16.8042,49.5341,0,16
124,-7.70278,-35.7011,-64.5912,4500.71,0,16
124,-7.78429,-35.6834,-38.6215,383.022,0,16
124,-5.33483,-36.1309,105.303,511.523,0,16
124,-4.30514,-36.268,-84.8415,738.725,0,16
124,-3.14332,-36.3871,16.6076,3398.79,0,16
124,-2.98955,-36.4,-65.7624,593.991,0,16
124,-0.944094,-36.5104,210.125,1947.44,0,16
124,0.24636,-36.5218,-93.7565,274.919,0,16
124,0.178452,-36.5222,4.53371,98.7701,0,16
124,1.98008,-36.4689,223.442,761.488,0,16
124,3.15326,-36.3862,-70.0352,750.888,0,16
124,3.46044,-36.3583,113.377,1724.57,0,16
124,4.22032,-36.2779,204.066,208.527,0,16
124,5.77365,-36.0634,61.3803,36.2341,0,16
124,8.37748,-35.5488,-76.0023,242.969,0,16
124,8.8097,-35.4442,273.931,514.424,0,16
124,9.83644,-35.1731,39.6202,483.174,0,16
124,10.6713,-34.9288,168.335,442.848,0,16
124,11.7852,-34.5689,-26.0278,108.081,0,16
124,12.2273,-34.415,-58.356,228.631,0,16
124,14.0359,-33.7178,64.4735,652.16,0,16
124,14.8025,-33.3884,174.669,285.649,0,16
124,18.894,-31.2557,-52.4502,799.398,0,16
124,19.5431,-30.854,119.515,438.584,0,16
124,20.6779,-30.1052,149.388,313.623,0,16
124,21.5301,-29.5018,-56.8615,1105.34,0,16
124,24.2332,-27.325,289.932,610.109,0,16
124,24.3513,-27.2198,-32.4992,289.281,0,16
124,25.0169,-26.6093,-97.13,17366.9,0,16
124,24.7243,-26.8814,-88.116,11,0,16
124,25.5336,-26.1139,162.661,60.6403,0,16
124,26.3935,-25.2445,287.569,393.152,0,16
124,27.8308,-23.6505,-87.9419,181.931,0,16
124,28.2061,-23.2016,271.311,141.563,0,16
124,29.2515,-21.869,131.104,97.031,0,16
124,30.2055,-20.5311,87.3505,392.165,0,16
124,31.1571,-19.0561,37.8123,135.52,0,16
124,31.81,-17.945,-57.7346,198.09,0,16
124,32.0433,-17.5251,-17.9295,2053.18,0,16
124,32.3055,-17.037,105.361,193.976,0,16
124,32.8487,-15.9645,263.012,157.104,0,16
124,33.0688,-15.5034,-9.18503,1603.98,0,16
124,33.1524,-15.3238,-37.9934,758.703,0,16
124,33.1032,-15.4298,99.0315,378.039,0,16
124,33.4227,-14.7249,-57.8148,550.978,0,16
124,33.4227,-14.7249,-17.3916,278.631,0,16
124,33.4443,-14.6759,14.0812,508.218,0,16
124,34.4652,-12.0852,-41.7811,280.027,0,16
124,34.6586,-11.5186,225.659,275.584,0,16
124,34.6841,-11.4418,-68.495,81.8036,0,16
124,34.898,-10.7718,-44.8915,335.852,0,16
124,34.8641,-10.8808,67.9536,228.27,0,16
124,35.5462,-8.38862,232.624,133.969,0,16
124,35.7707,-7.3729,50.5111,472.68,0,16
124,35.8468,-6.99325,108.363,259.593,0,16
124,35.9146,-6.63617,187.437,152.703,0,16
124,36.0656,-5.75957,-96.3418,388.878,0,16
124,36.1843,-4.95981,-43.0494,184.64,0,16
124,36.1995,-4.84707,221.742,114.222,0,16
124,36.4518,-2.27321,-73.6018,531.128,0,16
124,36.5156,0.716782,-15.5769,211.319,0,16
124,36.5061,1.09885,-43.9142,194.771,0,16
124,36.4136,2.81913,-26.5223,518.735,0,16
124,36.3095,3.93958,208.906,3866.3,0,16
124,36.0348,5.94899,-29.454,547.676,0,16
124,36.0058,6.12214,-5.77681,229.825,0,16
124,36.0085,6.10664,21.7487,247.045,0,16
124,35.7686,7.38299,-34.0837,393.262,0,16
124,35.6425,7.96949,236.937,398.014,0,16
124,35.559,8.3341,-73.9931,606.044,0,16
124,35.4549,8.76643,277.928,255.834,0,16
124,35.3886,9.03048,-19.9433,265.052,0,16
124,34.8917,10.7922,-16.0858,4769.54,0,16
124,34.6642,11.5018,-88.5104,375.322,0,16
124,34.2272,12.7436,143.334,341.542,0,16
124,33.9689,13.4169,249.386,4420.87,0,16
124,33.9401,13.4897,120.222,307.957,0,16
124,33.0364,15.5723,-16.796,59.4927,0,16
124,33.0415,15.5615,71.7037,776.572,0,16
124,32.6006,16.4652,83.3267,1447.49,0,16
124,32.3635,16.9264,294.232,5338.53,0,16
124,31.1619,19.0483,247.692,12.0954,0,16
124,30.8495,19.5502,90.2623,858.779,0,16
124,30.508,20.0789,173.465,135.066,0,16
124,28.4624,22.8865,-53.9188,499.834,0,16
124,28.4379,22.9169,-20.0022,73.615,0,16
124,27.0187,24.5741,-75.8058,421.609,0,16
124,27.0187,24.5741,46.7587,99.1711,0,16
124,26.1825,25.4632,-37.4572,59.5343,0,16
124,23.9385,27.5835,-13.8893,204.462,0,16
124,22.8428,28.4975,-75.3349,140.745,0,16
124,22.4863,28.7796,22.0472,800.296,0,16
124,22.1385,29.048,18.0558,101.125,0,16
124,21.3171,29.656,-19.8538,682.349,0,16
124,20.8974,29.9533,152.764,312.783,0,16
124,19.9266,30.6077,-92.8244,241.879,0,16
124,19.3015,31.0057,107.329,1104.22,0,16
124,18.3793,31.5611,-34.7058,205.941,0,16
124,16.5056,32.5802,151.14,546.222,0,16
124,15.5984,33.0241,79.6586,194.997,0,16
124,14.3227,33.597,19.3609,301.972,0,16
124,14.3541,33.5836,165.708,297.318,0,16
124,13.5419,33.9193,137.565,333.306,0,16
124,12.2282,34.4147,305.704,72.2219,0,16
124,11.9205,34.5225,-30.5873,509.539,0,16
124,10.9133,34.854,37.8991,85.8345,0,16
124,8.14731,35.6023,-33.8512,91.772,0,16
124,7.47761,35.7489,-81.0784,249.922,0,16
124,6.39764,35.9579,-48.4098,253.778,0,16
124,5.79081,36.0606,130.906,224.038,0,16
124,4.5641,36.2363,2.12945,242.913,0,16
124,4.13466,36.2878,-18.1912,655.521,0,16
124,3.94019,36.3094,-74.9353,903.771,0,16
124,3.32521,36.3709,-22.4631,308.407,0,16
124,0.551127,36.5184,21.7928,1596.44,0,16
124,-0.291289,36.5214,-17.7964,1306.51,0,16
124,-1.42564,36.4948,73.2716,350.632,0,16
124,-2.18947,36.4569,39.5145,377.98,0,16
124,-3.58005,36.3467,280.57,469.498,0,16
124,-3.91318,36.3124,3.65042,194.61,0,16
124,-4.03065,36.2995,-42.2366,377.083,0,16
124,-5.90221,36.0425,-7.49103,132.716,0,16
124,-8.33912,35.5578,-98.9984,76.9341,0,16
124,-8.96131,35.4061,222.688,241.022,0,16
124,-10.1067,35.0964,-4.79234,203.49,0,16
124,-10.1999,35.0694,184.158,300.345,0,16
124,-11.5925,34.634,134.825,311.66,0,16
124,-16.0155,32.8238,-64.3398,162.735,0,16
124,-16.1966,32.7348,186.209,369.68,0,16
124,-16.9281,32.3626,-30.3564,4612.13,0,16
124,-16.6481,32.5075,169.294,225.724,0,16
124,-17.2939,32.1686,-96.7678,927.948,0,16
124,-17.536,32.0373,140.772,733.387,0,16
124,-18.1237,31.7086,-86.8502,331.211,0,16
124,-19.0483,31.1619,64.1,15.0559,0,16
124,-19.3943,30.9477,64.524,15.0711,0,16
124,-19.6397,30.7926,183.428,476.704,0,16
124,-20.5145,30.2168,-52.6608,228.379,0,16
124,-21.7813,29.3168,-22.2764,433.755,0,16
124,-21.9183,29.2145,-18.3015,419.811,0,16
124,-22.4501,28.8079,140.589,231.362,0,16
124,-22.5381,28.7391,37.2271,258.426,0,16
124,-24.1961,27.3578,-63.4118,1082.79,0,16
124,-25.149,26.4845,-61.6837,679.543,0,16
124,-25.4426,26.2026,11.0624,163.249,0,16
124,-26.4188,25.218,198.339,1058.96,0,16
124,-27.3877,24.1623,129.883,438.213,0,16
124,-27.4363,24.107,30.188,637.618,0,16
124,-27.807,23.6785,109.48,157.828,0,16
124,-31.348,18.7405,61.2709,323.861,0,16
124,-31.8807,17.8191,288.588,105.987,0,16
124,-32.0572,17.4995,-1.89734,297.336,0,16
124,-32.158,17.3137,-10.4186,677.842,0,16
124,-32.1647,17.3013,53.9578,471.295,0,16
124,-32.1858,17.262,-64.5793,635.806,0,16
124,-33.718,14.0357,-33.0019,1224.99,0,16
124,-34.0471,13.2172,238.52,2631.68,0,16
124,-34.2067,12.7986,126.681,244.176,0,16
124,-34.2389,12.7122,-91.6496,181.955,0,16
124,-34.502,11.9797,-8.59084,350.547,0,16
124,-35.0086,10.4067,256.361,931.934,0,16
124,-35.4435,8.81225,-63.2752,65.4944,0,16
124,-35.7703,7.37446,188.136,28.3337,0,16
124,-35.9902,6.21348,-68.0275,289.656,0,16
124,-36.284,4.16767,-70.3279,521.137,0,16
124,-36.4185,2.75555,40.588,381.818,0,16
124,-36.5079,1.03684,-43.7047,620.797,0,16
124,-36.5028,1.20218,24.7989,189.922,0,16
124,-36.5213,0.305167,177.884,34.494,0,16
124,-36.5224,-0.123618,-9.1966,262.844,1,16
124,-36.5172,-0.627472,-24.9582,225.1,1,16
124,-36.5175,-0.61082,-81.5506,168.846,1,16
124,-36.4923,-1.4877,-5.38975,324.252,1,16
124,-36.4916,-1.50391,-65.3961,248.708,1,16
124,-36.4873,-1.60566,-302.025,903.034,1,16
124,-36.4736,-1.89096,84.2289,1992.14,1,16
124,-36.4491,-2.3153,42.392,852.438,1,16
124,-36.2812,-4.19238,-0.877999,367.942,1,16
124,-36.2487,-4.4645,42.9688,123.106,1,16
124,-36.1019,-5.52735,103.979,254.981,1,16
124,-36.0669,-5.75116,80.1357,487.059,1,16
124,-34.9248,-10.6847,-253.544,378.555,1,16
124,-33.8807,-13.6382,-79.018,125.537,1,16
124,-33.404,-14.7673,44.869,238.785,1,16
124,-33.3811,-14.8189,91.3044,171.495,1,16
124,-33.2282,-15.1588,52.6666,263.356,1,16
124,-33.3247,-14.9453,-156.233,524.79,1,16
124,-33.23,-15.1549,46.639,605.966,1,16
124,-32.0482,-17.516,80.1218,669.761,1,16
124,-31.8948,-17.7939,-237.338,85.8834,1,16
124,-31.3352,-18.7618,-37.3239,204.128,1,16
124,-31.2853,-18.845,-17.2378,149.351,1,16
124,-30.0599,-20.7437,-146.654,757.017,1,16
124,-29.7139,-21.2364,24.378,417.295,1,16
124,-28.5288,-22.8036,84.6292,266.573,1,16
124,-27.4534,-24.0875,76.5841,1285.5,1,16
124,-26.7064,-24.9133,-101.83,532.726,1,16
124,-23.1036,-28.2865,-40.3474,1416.65,1,16
124,-23.2092,-28.1999,-261.988,169.301,1,16
124,-21.8299,-29.2806,-217.088,204.69,1,16
124,-18.8873,-31.2597,-99.5794,355.867,1,16
124,-18.051,-31.75,100.773,308.651,1,16
124,-17.7301,-31.9303,13.0496,383.557,1,16
124,-17.7802,-31.9024,-74.4614,545.099,1,16
124,-16.0999,-32.7825,60.7774,117.239,1,16
124,-15.4725,-33.0832,-49.0909,388.5,1,16
124,-15.1311,-33.2408,-184.856,1091.29,1,16
124,-15.1835,-33.2169,101.497,141.2,1,16
124,-14.9508,-33.3223,-245.117,314.92,1,16
124,-13.7333,-33.8422,-27.1952,583.85,1,16
124,-13.0454,-34.1133,54.1339,179.068,1,16
124,-12.9644,-34.1442,-139.02,145.976,1,16
124,-12.3066,-34.3867,32.1224,2089.12,1,16
124,-12.155,-34.4406,5.30599,449.264,1,16
124,-11.5679,-34.6422,3.56508,338.576,1,16
124,-10.2325,-35.0599,-268.914,848.198,1,16
124,-9.9474,-35.1418,-3.13449,136.207,1,16
124,-10.1387,-35.0871,-42.9,23.0694,1,16
124,-8.41432,-35.5401,99.4427,564.665,1,16
124,-2.49211,-36.4375,-176.012,10622.1,1,16
124,-1.20633,-36.5027,-303.929,404.491,1,16
124,-1.21683,-36.5023,-288.389,409.72,1,16
124,-0.854015,-36.5126,55.743,66.4144,1,16
124,-0.138083,-36.5223,-18.3808,351.098,1,16
124,0.435711,-36.52,22.7914,599.528,1,16
124,1.219,-36.5023,-118.627,75.4944,1,16
124,2.00928,-36.4673,-83.3527,93.258,1,16
124,2.76173,-36.418,98.8963,1067.52,1,16
124,3.225,-36.3799,-123.033,360.886,1,16
124,5.40962,-36.1198,-14.5578,1882.84,1,16
124,5.77365,-36.0634,-287.333,801.611,1,16
124,8.98412,-35.4004,-4.61441,606.729,1,16
124,10.539,-34.969,-235.443,230.195,1,16
124,11.7425,-34.5834,46.2968,619.941,1,16
124,11.7328,-34.5867,-46.3615,1311.04,1,16
124,15.0963,-33.2566,11.6653,209.622,1,16
124,18.2069,-31.6609,77.3006,215.897,1,16
124,18.1731,-31.6802,33.2539,44.4528,1,16
124,18.1731,-31.6802,-30.4353,30.1833,1,16
124,18.7739,-31.3279,80.908,26.0952,1,16
124,19.5995,-30.8182,-36.1095,124.562,1,16
124,23.24,-28.1745,-124.447,250.513,1,16
124,23.5818,-27.889,66.2508,169.373,1,16
124,28.0581,-23.3803,-271.335,792.84,1,16
124,28.8371,-22.4126,-291.013,721.162,1,16
124,31.8807,-17.8191,43.28,101.879,1,16
124,33.6315,-14.2417,60.559,410.625,1,16
124,34.2986,-12.5501,4.8098,991.198,1,16
124,34.5033,-11.976,-71.1393,496.245,1,16
124,34.522,-11.9219,-252.251,179.666,1,16
124,35.1302,-9.98834,-0.456677,182.778,1,16
124,35.1431,-9.94309,45.9187,47.5175,1,16
124,35.1571,-9.89337,6.78431,170.382,1,16
124,33.7226,14.0245,-255.247,153.999,1,16
124,32.4181,16.8216,-0.417237,385.025,1,16
124,31.4116,18.6337,-276.484,866.098,1,16
124,31.1008,19.1478,35.1376,557.966,1,16
124,30.3673,20.2911,-177.194,189.757,1,16
124,29.6651,21.3045,75.3977,227.96,1,16
124,29.1557,21.9965,79.7716,112.421,1,16
124,28.6775,22.6164,-25.1654,195.263,1,16
124,28.0954,23.3356,73.5791,460.952,1,16
124,27.8861,23.5853,-91.3154,360.544,1,16
124,27.3653,24.1877,-29.1431,87.6453,1,16
124,26.1504,25.4962,-256.947,399.804,1,16
124,24.6497,26.9498,54.4053,1101.79,1,16
124,24.6513,26.9483,-177.914,537.051,1,16
124,24.4106,27.1666,-51.3642,1551.83,1,16
124,23.2832,28.1388,-41.4449,2272.28,1,16
124,23.1554,28.2441,74.9547,215.513,1,16
124,22.7142,28.6001,-292.373,2447.93,1,16
124,22.2078,28.9951,21.1114,210.87,1,16
124,22.0562,29.1105,-176.669,381.303,1,16
124,21.6979,29.3786,-36.5609,277.883,1,16
124,20.938,29.9249,6.59739,532.193,1,16
124,20.3878,30.3024,-15.952,338.092,1,16
124,19.5791,30.8311,-197.569,855.494,1,16
124,19.0771,31.1443,-35.4933,200.676,1,16
124,15.5769,33.0343,-197.815,388.19,1,16
124,10.7236,34.9128,75.0078,74.1885,1,16
124,10.4077,35.0083,59.038,1190.83,1,16
124,8.14643,35.6025,-265.889,129.894,1,16
124,4.909,36.1912,-284.726,550.071,1,16
124,4.69069,36.2201,-304.419,231.881,1,16
124,4.62777,36.2282,32.4435,570.756,1,16
124,4.62107,36.2291,-37.8594,304.707,1,16
124,2.86816,36.4098,12.0215,522.423,1,16
124,3.03495,36.3963,-18.2086,145.636,1,16
124,-5.71096,36.0733,79.3863,222.316,1,16
124,-10.3339,35.0301,85.996,14.0294,1,16
124,-14.1267,33.6799,-207.127,257.507,1,16
124,-16.1536,32.7561,-76.465,182.015,1,16
124,-16.5988,32.5327,33.7335,55.7017,1,16
124,-16.6244,32.5197,5.95018,118.454,1,16
124,-18.3703,31.5663,28.5678,406.103,1,16
124,-19.7247,30.7382,65.3201,370.872,1,16
124,-20.7234,30.0739,-235.122,887.94,1,16
124,-21.3392,29.6402,-109.228,759.419,1,16
124,-22.1634,29.029,-34.6888,541.515,1,16
124,-24.9244,26.696,-165.291,7408.02,1,16
124,-25.2171,26.4197,21.7466,887.763,1,16
124,-27.6302,23.8846,69.5863,785.422,1,16
124,-27.8169,23.6669,104.638,3191.57,1,16
124,-28.6556,22.6442,42.5543,95.9299,1,16
124,-29.0968,22.0743,-91.2822,571.484,1,16
124,-29.5028,21.5287,-36.623,166.987,1,16
124,-29.7761,21.1491,87.4819,637.814,1,16
124,-31.8967,17.7904,16.3184,486.572,1,16
124,-31.781,17.9964,-149.324,22.1509,1,16
124,-32.4816,16.6987,-220.76,185.52,1,16
124,-33.1718,15.2817,33.2564,251.444,1,16
124,-33.6412,14.2188,-270.623,909.671,1,16
124,-34.5766,11.7626,-295.254,293.063,1,16
124,-34.9875,10.4773,35.5698,198.915,1,16
124,-35.0728,10.1882,-57.5259,119.021,1,16
124,-36.5225,0.10174,-9.263,33.2768,1,16
124,-37.0845,-0.826168,36.1347,292.633,0,17
124,-37.0581,-1.62581,-92.0578,535.121,0,17
124,-37.0572,-1.64545,-28.3685,760.349,0,17
124,-37.0613,-1.54918,-26.212,3.36487,0,17
124,-36.9889,-2.78671,227.255,85.4036,0,17
124,-36.7973,-4.67997,46.3643,428.011,0,17
124,-36.266,-7.7921,-81.9099,3040.4,0,17
124,-35.9788,-9.02592,272.335,523.283,0,17
124,-35.6358,-10.2972,-102.816,1191.98,0,17
124,-34.8524,-12.6986,-56.1271,137.185,0,17
124,-34.5735,-13.4394,-89.9591,222.668,0,17
124,-34.5153,-13.5881,207.756,178.097,0,17
124,-34.3758,-13.9372,-86.3754,311.447,0,17
124,-34.1331,-14.5216,239.024,1268.93,0,17
124,-32.4177,-18.0288,-52.2756,422.099,0,17
124,-31.7083,-19.2491,-16.7098,838.298,0,17
124,-31.428,-19.7035,2.29727,177.427,0,17
124,-31.4933,-19.5989,281.266,396.591,0,17
124,-31.3246,-19.8674,-56.9126,365.102,0,17
124,-30.6448,-20.9007,-2.09916,708.371,0,17
124,-30.6399,-20.9078,2.15879,242.297,0,17
124,-27.9681,-24.3665,-12.6041,319.179,0,17
124,-27.7795,-24.5813,37.7539,1183.67,0,17
124,-27.8341,-24.5195,267.499,688.395,0,17
124,-27.3557,-25.0521,64.272,269.542,0,17
124,-26.9957,-25.4397,11.7075,445.1,0,17
124,-25.6852,-26.7621,-40.5312,638.235,0,17
124,-23.8399,-28.4183,-59.512,305.583,0,17
124,-22.0542,-29.8254,-69.8012,422.912,0,17
124,-21.8088,-30.0053,-5.84066,278.61,0,17
124,-20.4989,-30.915,88.8771,371.679,0,17
124,-20.5652,-30.8709,198.384,167.235,0,17
124,-19.0991,-31.7988,-64.2704,685.56,0,17
124,-10.2972,-35.6358,-46.099,324.151,0,17
124,-10.2972,-35.6358,290.088,49.7573,0,17
124,-9.03377,-35.9768,-26.4458,670.221,0,17
124,-7.97533,-36.2262,-64.6613,4796.73,0,17
124,-7.96454,-36.2286,-39.3277,226.088,0,17
124,-6.8667,-36.4526,-81.5335,287.844,0,17
124,-5.82171,-36.634,104.958,215.272,0,17
124,-4.96525,-36.7599,-6.44439,121.716,0,17
124,-4.22623,-36.8522,-86.2734,519.264,0,17
124,-3.1093,-36.9632,19.3653,6453.36,0,17
124,-3.13553,-36.9609,-66.2294,378.827,0,17
124,-1.37223,-37.0683,-43.3998,281.494,0,17
124,-1.14899,-37.0759,132.525,161.374,0,17
124,-0.931937,-37.082,209.604,2341.33,0,17
124,-0.0954286,-37.0936,-48.2474,500.382,0,17
124,0.196424,-37.0932,-94.4692,337.539,0,17
124,1.16185,-37.0755,212.13,228.952,0,17
124,1.92492,-37.0437,-69.2375,1271.89,0,17
124,1.95676,-37.0421,222.838,721.381,0,17
124,3.47663,-36.9304,114.223,1649,0,17
124,3.61289,-36.9173,60.9749,659.931,0,17
124,4.16388,-36.8593,203.3,448.787,0,17
124,5.01114,-36.7537,223.023,1323.51,0,17
124,5.91665,-36.6188,61.1367,149.196,0,17
124,7.66084,-36.294,124.152,280.789,0,17
124,8.56912,-36.0903,-76.7882,646.834,0,17
124,8.79934,-36.0349,272.84,324.008,0,17
124,12.4371,-34.9466,152.272,875.268,0,17
124,12.5739,-34.8976,-59.2116,357.581,0,17
124,13.489,-34.5541,126.115,469.783,0,17
124,14.3858,-34.1905,63.6687,144.983,0,17
124,14.8681,-33.9836,173.602,719.54,0,17
124,19.4037,-31.6139,244.591,212.426,0,17
124,19.3461,-31.6492,-53.3441,46.7271,0,17
124,22.351,-29.6036,-56.243,251.938,0,17
124,24.4943,-27.8563,-63.5048,210.337,0,17
124,24.4354,-27.908,-33.0975,559.53,0,17
124,24.6575,-27.7119,288.746,1641.49,0,17
124,25.5405,-26.9003,-93.3931,614.389,0,17
124,25.8302,-26.6222,-100.011,5503.65,0,17
124,25.9064,-26.5481,161.463,460.336,0,17
124,26.8727,-25.5695,286.687,431.101,0,17
124,28.1572,-24.1478,-88.5454,385.65,0,17
124,28.682,-23.522,269.928,695.471,0,17
124,29.2005,-22.8752,22.8113,121.271,0,17
124,29.7339,-22.1775,130.739,631.235,0,17
124,30.4932,-21.1212,124.493,1159.69,0,17
124,30.7396,-20.761,86.1566,901.792,0,17
124,31.0147,-20.3477,-38.7029,751.481,0,17
124,32.2294,-18.3633,-58.9578,282.117,0,17
124,32.3484,-18.1528,-18.9145,2172.86,0,17
124,32.5822,-17.7298,67.0623,267.378,0,17
124,32.8341,-17.2588,104.66,187.993,0,17
124,33.3657,-16.2072,-9.91233,1123.65,0,17
124,33.611,-15.692,-39.0983,1195,0,17
124,33.5891,-15.739,98.1806,386.588,0,17
124,33.7766,-15.3324,-30.4212,223.834,0,17
124,33.7766,-15.3324,-17.9703,30.569,0,17
124,35.1147,-11.9541,225.042,564.413,0,17
124,35.2021,-11.6941,-41.2224,485.996,0,17
124,35.3321,-11.2955,-45.7232,157.92,0,17
124,35.3516,-11.2341,-69.1272,188.576,0,17
124,35.4213,-11.0126,66.7189,822.946,0,17
124,35.5666,-10.5337,-45.7599,948.337,0,17
124,35.9756,-9.03873,28.4865,262.348,0,17
124,36.0741,-8.63734,232.058,353.277,0,17
124,36.3192,-7.54056,49.4981,769.489,0,17
124,36.3621,-7.33058,107.895,580.554,0,17
124,36.615,-5.94016,-58.7429,1115.91,0,17
124,36.6333,-5.82617,-97.6469,729.186,0,17
124,36.7629,-4.9428,-43.5534,231.857,0,17
124,37.0149,-2.41622,-74.5549,1166.64,0,17
124,37.082,0.931353,-16.3431,501.352,0,17
124,37.0148,2.41828,-27.4838,336.5,0,17
124,36.8805,3.97089,208.189,3223.72,0,17
124,36.6127,5.95431,-30.8359,210.67,0,17
124,36.5825,6.13722,-6.48617,885.116,0,17
124,36.3854,7.21404,-35.8058,605.455,0,17
124,36.2229,7.99026,235.642,2068.55,0,17
124,36.1515,8.30727,-74.5721,797.276,0,17
124,35.988,8.98942,277.158,393.682,0,17
124,35.9511,9.13586,-20.8444,155.598,0,17
124,35.5404,10.6217,-14.5236,5978.72,0,17
124,35.4627,10.8783,221.34,361.177,0,17
124,35.2459,11.5617,-89.6948,781.936,0,17
124,34.7422,12.9969,142.679,476.984,0,17
124,33.7703,15.3464,-17.2248,459.679,0,17
124,33.626,15.6599,70.2285,404.513,0,17
124,33.0921,16.7587,292.861,4472.34,0,17
124,32.9889,16.961,81.5275,743.842,0,17
124,33.0946,16.7538,144.556,122.654,0,17
124,32.3499,18.1501,305.78,93.1093,0,17
124,31.727,19.2181,-42.0908,85.0728,0,17
124,31.3921,19.7605,89.6049,1657.56,0,17
124,31.1131,20.1969,171.999,206.97,0,17
124,30.2034,21.5337,17.5073,2396.54,0,17
124,30.1665,21.5852,31.9197,1931,0,17
124,28.8487,23.3173,-54.9383,341.861,0,17
124,27.0203,25.4135,86.7668,112.898,0,17
124,26.5919,25.8614,-38.3085,30.3555,0,17
124,26.5467,25.9078,286.969,195.832,0,17
124,25.0385,27.3682,18.7592,604.698,0,17
124,23.0127,29.0923,-76.1214,117.325,0,17
124,22.234,29.6916,17.3955,291.886,0,17
124,21.8468,29.9777,-21.1782,1015.27,0,17
124,21.1072,30.5029,152.438,537.874,0,17
124,20.463,30.9388,-93.525,136.483,0,17
124,20.4295,30.9609,26.0109,430.376,0,17
124,18.4125,32.2013,-35.2748,211.706,0,17
124,16.894,33.0232,149.731,175.825,0,17
124,16.3409,33.3004,137.9,297.808,0,17
124,15.9151,33.506,78.7487,110.921,0,17
124,14.6763,34.0668,18.7882,416.698,0,17
124,14.5962,34.1012,164.613,438.668,0,17
124,13.7945,34.4333,136.665,443.407,0,17
124,12.0875,35.069,-30.9059,264.491,0,17
124,10.909,35.4533,37.3237,528.808,0,17
124,7.66911,36.2923,-82.642,672.039,0,17
124,6.01831,36.6022,130.196,437.871,0,17
124,4.80683,36.7809,1.72886,481.423,0,17
124,4.31774,36.8415,-18.6754,1361.85,0,17
124,3.38181,36.9392,-91.0718,366.166,0,17
124,3.44764,36.9331,-23.6519,261.953,0,17
124,3.36776,36.9405,101.859,429.86,0,17
124,-0.321645,37.0923,-18.7142,248.21,0,17
124,-1.16662,37.0754,71.8783,593.033,0,17
124,-3.69823,36.9089,-42.3855,1045.1,0,17
124,-3.7728,36.9013,2.46528,404.684,0,17
124,-8.64145,36.0731,-99.8234,382.204,0,17
124,-9.08034,35.9651,-21.4851,200.292,0,17
124,-8.96757,35.9934,221.905,190.139,0,17
124,-10.4329,35.5963,183.297,189.403,0,17
124,-10.8012,35.4863,24.7598,221.207,0,17
124,-14.0751,34.3196,25.321,633.772,0,17
124,-16.2306,33.3543,-64.6655,66.6037,0,17
124,-16.305,33.318,185.54,463.779,0,17
124,-16.7055,33.119,-97.5417,641.47,0,17
124,-16.7659,33.0885,-32.1127,1454.48,0,17
124,-17.639,32.6314,139.458,290.178,0,17
124,-18.5035,32.1491,-88.3921,778.457,0,17
124,-19.3656,31.6372,-0.391028,254.174,0,17
124,-20.6433,30.8188,-52.2264,90.3345,0,17
124,-20.723,30.7653,-96.541,645.857,0,17
124,-22.2177,29.7038,-19.1801,477.037,0,17
124,-22.6566,29.3704,37.1346,192.795,0,17
124,-22.9445,29.1461,139.712,558.719,0,17
124,-24.2604,28.0602,-63.6255,435.007,0,17
124,-25.6581,26.7882,-62.2589,268.472,0,17
124,-25.75,26.6998,10.4896,741.143,0,17
124,-26.7322,25.7164,197.497,555.483,0,17
124,-28.0309,24.2942,108.817,318.722,0,17
124,-29.4468,22.5572,176.244,591.655,0,17
124,-31.7503,19.1798,60.405,1235.08,0,17
124,-32.4279,18.0104,287.899,300.198,0,17
124,-32.6723,17.5632,-65.7988,386.765,0,17
124,-32.6376,17.6276,53.5139,438.822,0,17
124,-34.1652,14.4459,-32.905,1731.24,0,17
124,-34.5867,13.4054,240.436,4054.07,0,17
124,-34.9291,12.486,-53.0197,439.983,0,17
124,-35.0258,12.2122,-9.51612,546.703,0,17
124,-35.102,11.9913,21.1578,399.656,0,17
124,-35.098,12.0031,27.7936,462.691,0,17
124,-35.501,10.7527,254.696,466.983,0,17
124,-36.0488,8.74234,-63.9001,271.291,0,17
124,-36.1106,8.48342,134.319,297.224,0,17
124,-36.3584,7.3491,186.993,424.847,0,17
124,-36.5242,6.47518,-69.036,13.0294,0,17
124,-36.6639,5.63044,-52.8945,764.574,0,17
124,-36.8498,4.24707,-71.2745,131.379,0,17
124,-37.0173,2.37978,40.5967,235.676,0,17
124,-37.0925,0.2957,-51.4788,777.947,0,17
124,-37.0916,0.399193,176.946,453.823,0,17
124,-37.0936,-0.103291,-8.54784,170.476,1,17
124,-37.0624,-1.52285,-300.151,467.931,1,17
124,-37.0355,-2.07668,3.88127,1022.32,1,17
124,-37.0591,-1.60134,-64.6515,824.226,1,17
124,-37.0383,-2.0261,85.2931,1198.4,1,17
124,-36.9968,-2.67912,42.6646,380.149,1,17
124,-36.8545,-4.20537,0.320005,880.504,1,17
124,-36.8428,-4.3069,43.627,275.066,1,17
124,-36.6525,-5.70426,104.994,586.733,1,17
124,-36.6291,-5.85224,-302.943,510.899,1,17
124,-36.6273,-5.86393,80.939,95.4502,1,17
124,-36.244,-7.89399,-65.3408,128.871,1,17
124,-36.1538,-8.29727,8.1401,29.2047,1,17
124,-36.1538,-8.29727,-65.4717,129.582,1,17
124,-36.0591,-8.69952,-87.6061,136.808,1,17
124,-35.4415,-10.9474,-252.628,663.591,1,17
124,-35.0119,-12.252,-35.0532,403.685,1,17
124,-34.3871,-13.9092,-78.2773,423.557,1,17
124,-33.8492,-15.1714,91.906,75.9185,1,17
124,-33.8223,-15.2314,-154.484,1691.45,1,17
124,-33.5285,-15.8676,52.117,109.718,1,17
124,-33.4041,-16.1279,-142.163,293.514,1,17
124,-32.5876,-17.7198,80.9083,367.174,1,17
124,-32.4505,-17.9697,-236.49,398.072,1,17
124,-32.2364,-18.351,-183.898,308.112,1,17
124,-31.9577,-18.8321,-16.7083,279.963,1,17
124,-31.8032,-19.0918,-37.1476,98.9039,1,17
124,-30.1795,-21.567,-146.473,850.402,1,17
124,-28.8605,-23.3026,85.8083,780.301,1,17
124,-28.4699,-23.7783,34.8102,628.801,1,17
124,-28.068,-24.2514,77.6827,925.326,1,17
124,-27.4512,-24.9475,-65.9014,414.276,1,17
124,-27.3082,-25.1038,-101.065,1079.82,1,17
124,-23.364,-28.8109,-261.215,164.56,1,17
124,-22.248,-29.6811,-216.503,78.8157,1,17
124,-21.4229,-30.2821,-162.018,713.083,1,17
124,-19.2831,-31.6876,-98.8123,387.861,1,17
124,-18.2446,-32.2967,101.515,168.774,1,17
124,-18.3468,-32.2388,13.3282,142.02,1,17
124,-18.0458,-32.4082,-73.7445,632.814,1,17
124,-17.0096,-32.9639,14.4168,1267.31,1,17
124,-16.9787,-32.9798,-50.7044,554.081,1,17
124,-16.4903,-33.2267,-49.1718,167.113,1,17
124,-16.3927,-33.2749,61.5421,147.106,1,17
124,-16.0811,-33.4267,79.212,14.0987,1,17
124,-15.2903,-33.7957,-183.919,2835.58,1,17
124,-15.3634,-33.7625,-244.042,237.501,1,17
124,-13.8212,-34.4226,22.9149,242.732,1,17
124,-13.9244,-34.381,-26.4472,304.313,1,17
124,-13.3686,-34.6009,-138.323,247.388,1,17
124,-13.2188,-34.6584,54.9471,212.641,1,17
124,-12.3518,-34.9768,32.7043,978.888,1,17
124,-11.8677,-35.144,4.75529,602.888,1,17
124,-11.1973,-35.3633,-205.869,826.711,1,17
124,-10.3038,-35.6339,-267.754,1755.86,1,17
124,-10.1599,-35.6752,-43.0693,271.678,1,17
124,-8.48852,-36.1094,100.697,925.661,1,17
124,-3.21851,-36.9538,-176.527,8862.25,1,17
124,-1.49519,-37.0636,102.693,1780.37,1,17
124,-1.54921,-37.0613,100.412,11.59,1,17
124,-1.40682,-37.067,-287.563,582.826,1,17
124,-0.262538,-37.0928,-17.9164,853.456,1,17
124,0.331899,-37.0922,23.7031,731.261,1,17
124,1.1146,-37.077,-117.922,284.506,1,17
124,1.75929,-37.052,-148.005,308.131,1,17
124,2.37448,-37.0176,27.7844,185.053,1,17
124,2.37448,-37.0176,-109.468,18.1618,1,17
124,3.07025,-36.9664,52.306,863.548,1,17
124,3.36987,-36.9403,-122.442,283.055,1,17
124,5.79091,-36.6389,-14.167,2833.72,1,17
124,5.86393,-36.6273,-7.33359,140.692,1,17
124,5.86393,-36.6273,-286.484,158.05,1,17
124,7.89399,-36.244,44.9594,364.942,1,17
124,7.89399,-36.244,-248.329,250.928,1,17
124,8.29727,-36.1538,26.5354,170.812,1,17
124,11.7561,-35.1815,46.4292,446.234,1,17
124,11.7378,-35.1876,-46.0069,981.867,1,17
124,11.986,-35.1038,-31.4382,302.291,1,17
124,18.6798,-32.047,78.0056,396.338,1,17
124,18.4573,-32.1756,-9.18509,50.4358,1,17
124,18.8146,-31.968,81.5309,72.5498,1,17
124,22.0863,-29.8016,24.0267,111.286,1,17
124,22.9076,-29.175,-41.204,16.1215,1,17
124,22.9076,-29.175,-124.616,239.024,1,17
124,23.7651,-28.4809,66.7851,444.113,1,17
124,25.64,-26.8055,14.9956,487.863,1,17
124,25.8395,-26.6132,-218.106,338.879,1,17
124,27.4993,-24.8944,-162.13,101.878,1,17
124,28.608,-23.612,-196.104,656.175,1,17
124,28.9861,-23.1463,-290.703,328.735,1,17
124,30.523,-21.0782,10.4798,330.052,1,17
124,32.4795,-17.9171,-142.573,205.503,1,17
124,34.1906,-14.3856,61.4628,339.479,1,17
124,34.7816,-12.8911,5.67712,399.757,1,17
124,35.0662,-12.0955,-70.2827,364.149,1,17
124,35.6685,-10.1834,7.73538,688.542,1,17
124,35.6926,-10.0986,0.348,16.5541,1,17
124,36.6065,-5.99198,25.4469,148.775,1,17
124,36.7428,-5.09035,-52.3611,816.12,1,17
124,36.9974,-2.67154,-59.9684,1681.79,1,17
124,36.9728,2.99271,-102.684,14.0847,1,17
124,36.9293,3.48883,11.7743,355.154,1,17
124,36.7135,5.29756,-18.855,436.617,1,17
124,36.5155,6.52406,-270.946,1051.09,1,17
124,36.1946,8.11763,-53.317,1497.52,1,17
124,34.3487,14.004,-254.573,1192.24,1,17
124,34.3487,14.004,-256.596,11.8937,1,17
124,31.968,18.8146,-275.252,11.0277,1,17
124,29.8016,22.0863,79.8323,42.7916,1,17
124,29.175,22.9076,-24.668,14.0775,1,17
124,27.0203,25.4135,83.9419,168.925,1,17
124,26.5919,25.8614,33.1267,42.2064,1,17
124,26.583,25.8705,-255.424,1525.42,1,17
124,24.9427,27.4555,55.8588,697.099,1,17
124,24.3096,28.0176,-303.087,2115.8,1,17
124,22.9538,29.1387,74.4397,462.417,1,17
124,23.0698,29.047,-49.5232,435,1,17
124,22.45,29.5286,21.2289,520.38,1,17
124,22.5216,29.474,-175.845,972.331,1,17
124,22.3575,29.5987,73.9562,106.175,1,17
124,22.0821,29.8048,-36.0771,392.383,1,17
124,21.6347,30.1311,-74.96,54.6124,1,17
124,21.5292,30.2066,7.39171,57.387,1,17
124,20.5502,30.8809,36.0567,126.814,1,17
124,19.8657,31.3257,-196.699,316.953,1,17
124,15.8671,33.5288,-196.829,232.28,1,17
124,10.5425,35.564,76.1709,699.165,1,17
124,10.1239,35.6854,60.2679,542.162,1,17
124,8.7121,36.0561,67.5789,388.189,1,17
124,8.21218,36.1732,-264.14,1741.43,1,17
124,8.2973,36.1538,63.736,24,1,17
124,5.29366,36.714,-240.152,57.6679,1,17
124,5.15723,36.7334,-283.957,152.242,1,17
124,4.95833,36.7608,-303.662,243.457,1,17
124,4.62745,36.8039,33.9775,1101.56,1,17
124,3.39818,36.9377,25.9799,829.499,1,17
124,3.03744,36.9691,12.9439,116.116,1,17
124,2.93168,36.9777,-17.5682,235.403,1,17
124,-5.70088,36.653,80.3604,690.679,1,17
124,-10.5662,35.557,86.5477,405.928,1,17
124,-13.3338,34.6143,-82.0932,321.731,1,17
124,-14.6912,34.0604,-25.9902,328.687,1,17
124,-15.4708,33.7135,19.9244,545.31,1,17
124,-16.6927,33.1255,-76.82,50.2325,1,17
124,-16.8351,33.0533,6.70983,154.199,1,17
124,-17.1048,32.9146,34.268,37.2081,1,17
124,-18.467,32.1701,29.2516,223.655,1,17
124,-19.2481,31.7089,-26.5563,208.764,1,17
124,-19.9045,31.301,66.4201,557.599,1,17
124,-20.7383,30.755,-126.259,962.051,1,17
124,-21.1579,30.4678,-234.294,410.507,1,17
124,-21.5873,30.1651,-108.398,539.921,1,17
124,-21.7896,30.0193,94.6567,419.121,1,17
124,-25.3735,27.0579,62.2153,986.401,1,17
124,-25.4794,26.9581,22.6193,2491.38,1,17
124,-25.5005,26.9382,-167.575,9613.79,1,17
124,-27.5778,24.8074,51.1994,1447.58,1,17
124,-27.5798,24.8052,48.684,11.6259,1,17
124,-28.1906,24.1088,103.929,5864.17,1,17
124,-28.0197,24.3072,70.5315,647.271,1,17
124,-29.5949,22.3626,-90.5082,519.62,1,17
124,-30.238,21.4851,36.5433,1164.32,1,17
124,-30.2863,21.4169,88.7506,32.2772,1,17
124,-31.2154,20.0385,35.0375,2537.89,1,17
124,-32.0981,18.5917,16.2961,259.153,1,17
124,-32.1806,18.4486,-106.471,330.66,1,17
124,-32.8559,17.2172,97.6206,1256.26,1,17
124,-32.9177,17.0988,-220.159,87.9757,1,17
124,-33.6137,15.6864,34.0653,657.754,1,17
124,-35.0895,12.0279,-294.093,305.351,1,17
124,-35.6069,10.3966,-56.892,24.0971,1,17
124,-35.9087,9.30087,22.8454,56.8074,1,17
124,-37.0936,0.103329,-8.60688,144.757,1,17
124,-37.6527,-0.963769,35.9994,329.98,0,18
124,-37.6353,-1.49625,-93.5999,988.138,0,18
124,-37.6294,-1.63638,-29.0799,669.819,0,18
124,-37.5617,-2.78822,-97.72,597.829,0,18
124,-37.0327,-6.87255,-23.3553,248.425,0,18
124,-36.846,-7.81183,-81.7023,881.018,0,18
124,-36.2989,-10.052,204.02,11.0555,0,18
124,-35.1942,-13.4173,-92.7379,3006.18,0,18
124,-35.0729,-13.7311,207.344,1101.13,0,18
124,-34.8462,-14.2966,-86.9582,236.144,0,18
124,-34.732,-14.5718,238.702,523.439,0,18
124,-32.7072,-18.6787,42.7303,458.327,0,18
124,-31.9537,-19.9402,1.65785,268.784,0,18
124,-31.838,-20.1245,-58.0782,653.491,0,18
124,-31.9006,-20.0251,280.146,133.53,0,18
124,-31.1118,-21.2298,-3.12452,76.6869,0,18
124,-28.5765,-24.5364,249.154,413.554,0,18
124,-28.3832,-24.7598,-13.4251,424.867,0,18
124,-28.28,-24.8776,37.9758,1029.65,0,18
124,-28.4009,-24.7395,265.924,442.77,0,18
124,-27.6168,-25.6118,11.1379,214.868,0,18
124,-26.2815,-26.9803,189.395,6594.14,0,18
124,-26.1089,-27.1473,-41.3978,182.038,0,18
124,-24.2716,-28.8018,-59.9295,293.429,0,18
124,-22.3308,-30.3313,-71.0534,300.085,0,18
124,-22.3367,-30.3269,-6.58157,515.062,0,18
124,-20.8293,-31.3814,197.436,443.073,0,18
124,-20.5522,-31.5636,88.3805,327.29,0,18
124,-19.3241,-32.3301,-64.7662,720.431,0,18
124,-15.1968,-34.4631,283.741,469.648,0,18
124,-10.0521,-36.2989,16.188,13.9878,0,18
124,-8.97934,-36.579,-27.1222,698.998,0,18
124,-8.22429,-36.7561,-64.2606,5879.52,0,18
124,-8.22048,-36.757,-48.9045,25,0,18
124,-8.12393,-36.7784,-40.0717,353.65,0,18
124,-6.89868,-37.0278,-82.3704,137.044,0,18
124,-4.93286,-37.3406,-6.68896,277.157,0,18
124,-3.30244,-37.5199,87.2287,290.6,0,18
124,-1.10438,-37.6488,-43.3617,355.544,0,18
124,-1.01513,-37.6513,132.016,400.773,0,18
124,-0.0146065,-37.665,-49.9132,801.32,0,18
124,-0.122154,-37.6648,4.47016,234.406,0,18
124,0.058352,-37.665,-95.2684,123.647,0,18
124,0.725241,-37.658,-68.4809,313.292,0,18
124,1.31488,-37.642,211.352,73.6591,0,18
124,1.47766,-37.636,-68.9783,135.788,0,18
124,3.4697,-37.5048,115.048,1602.3,0,18
124,3.76531,-37.4763,60.3957,293.827,0,18
124,4.12859,-37.438,202.467,436.658,0,18
124,5.19108,-37.3056,222.387,637.957,0,18
124,8.71758,-36.6423,271.466,1078.25,0,18
124,10.1855,-36.2617,39.4303,629.867,0,18
124,11.2523,-35.9449,165.802,639.14,0,18
124,12.0798,-35.6754,-26.2951,186.358,0,18
124,12.4365,-35.5526,151.88,598.945,0,18
124,12.8493,-35.4055,-60.0591,79.8972,0,18
124,14.7297,-34.6654,62.7314,115.312,0,18
124,14.9653,-34.5643,171.925,223.644,0,18
124,19.434,-32.2641,244.348,201.427,0,18
124,19.9924,-31.9211,-54.3244,881.008,0,18
124,20.3365,-31.703,119.257,588.502,0,18
124,21.3793,-31.0093,148.851,155.783,0,18
124,23.4104,-29.506,-55.1259,649.909,0,18
124,24.442,-28.6573,-33.7878,875.178,0,18
124,24.7358,-28.4041,-64.1551,548.291,0,18
124,25.0923,-28.0897,287.492,302.968,0,18
124,25.5557,-27.6687,216.941,833.419,0,18
124,25.8059,-27.4355,-94.4803,1625.26,0,18
124,26.2491,-27.0118,160.29,700.794,0,18
124,27.1506,-26.1055,-103.192,12313,0,18
124,27.2123,-26.0412,-96.2098,505,0,18
124,27.3916,-25.8525,285.372,926.647,0,18
124,27.5793,-25.6522,-37.789,317.807,0,18
124,29.1521,-23.8497,268.642,595.46,0,18
124,30.7522,-21.7474,123.54,1320.65,0,18
124,31.2929,-20.962,84.7885,193.506,0,18
124,31.6015,-20.4938,-38.9309,1032.72,0,18
124,32.265,-19.4325,37.8268,365.667,0,18
124,32.5997,-18.8656,-19.9799,2560.03,0,18
124,32.6033,-18.8595,-60.32,74.5621,0,18
124,33.1354,-17.908,66.5076,133.6,0,18
124,33.7066,-16.8082,-10.4576,1488.43,0,18
124,34.0392,-16.124,-40.1395,394.349,0,18
124,34.2968,-15.5685,-30.876,14.1248,0,18
124,34.2968,-15.5685,-19.027,77.2368,0,18
124,35.7577,-11.8339,-46.1329,221.272,0,18
124,35.9448,-11.2528,65.7896,483.336,0,18
124,35.9408,-11.2656,-40.6757,344.693,0,18
124,36.1589,-10.5445,-47.2546,690.515,0,18
124,36.5544,-9.07914,28.4392,504.492,0,18
124,37.1713,-6.07851,-59.3505,1087.11,0,18
124,37.2067,-5.85762,-99.6107,540.663,0,18
124,37.3533,-4.83546,221.27,253.516,0,18
124,37.5756,-2.59355,-75.3348,1752.33,0,18
124,37.6488,1.10562,-43.7986,246.528,0,18
124,37.6238,1.76021,-28.8616,2499.45,0,18
124,37.6465,1.18122,-17.0601,91.7009,0,18
124,37.4557,3.96554,207.173,2070.52,0,18
124,37.1867,5.98345,-31.7678,275.348,0,18
124,37.166,6.11071,-7.41899,405.093,0,18
124,37.107,6.45944,21.283,172.253,0,18
124,36.9772,7.1651,-36.9569,754.367,0,18
124,36.8062,7.99745,234.176,1032.27,0,18
124,36.5285,9.18258,-22.2776,751.729,0,18
124,36.5057,9.27285,275.99,689.235,0,18
124,36.1759,10.4861,-14.58,5503.82,0,18
124,35.9939,11.0948,220.812,371.453,0,18
124,35.8674,11.4971,-91.692,485.395,0,18
124,35.2488,13.2731,142.153,851.321,0,18
124,35.2393,13.2984,248.019,6403.11,0,18
124,35.0823,13.7071,119.912,122.772,0,18
124,34.1974,15.7858,69.042,705.988,0,18
124,33.7444,16.7322,291.906,7765.02,0,18
124,33.4698,17.275,144.101,467.09,0,18
124,33.4279,17.3559,79.3579,900.149,0,18
124,32.797,18.5204,305.321,639.317,0,18
124,32.2525,19.4532,-42.7439,187.542,0,18
124,32.2046,19.5324,247.436,196.054,0,18
124,31.691,20.3552,170.681,77.9864,0,18
124,30.6375,21.9088,17.4749,2236.65,0,18
124,30.6311,21.9177,29.1259,1261,0,18
124,29.2416,23.7398,-55.6277,144.674,0,18
124,29.2316,23.7522,-21.7586,26.3105,0,18
124,27.7223,25.4976,-77.126,77.1885,0,18
124,27.7223,25.4976,46.6731,80.2227,0,18
124,26.887,26.3769,287.005,64.3345,0,18
124,25.0447,28.1321,-14.2481,148.466,0,18
124,23.4229,29.4961,21.4963,893.4,0,18
124,23.2299,29.6483,-77.4235,657.418,0,18
124,22.3715,30.3013,-22.6249,866.008,0,18
124,20.9937,31.2716,-94.3655,240.347,0,18
124,18.5291,32.7921,-35.9543,293.968,0,18
124,16.3291,33.9413,78.0884,186.13,0,18
124,16.4883,33.8643,137.732,311.094,0,18
124,14.0583,34.9431,135.812,394.458,0,18
124,13.6954,35.0869,-53.0228,574.417,0,18
124,12.5436,35.5149,305.217,1724.78,0,18
124,12.2439,35.6194,-31.6423,481.314,0,18
124,10.8174,36.0782,36.4563,663.861,0,18
124,7.98131,36.8097,-34.5067,1081.42,0,18
124,7.8573,36.8363,-84.0014,1026.85,0,18
124,6.84158,37.0384,-47.9588,548.943,0,18
124,6.37358,37.1218,129.579,492.995,0,18
124,4.32958,37.4153,-18.802,751.326,0,18
124,3.72914,37.4799,-92.9478,133.085,0,18
124,3.72087,37.4808,101.304,136.899,0,18
124,3.58505,37.494,-25.136,115.1,0,18
124,0.946149,37.6531,21.1897,130.218,0,18
124,-0.359947,37.6633,-19.6599,149.657,0,18
124,-0.975926,37.6524,70.2342,345.34,0,18
124,-1.19102,37.6462,228.89,181.484,0,18
124,-2.15302,37.6034,39.4896,555.684,0,18
124,-3.41147,37.5102,-42.5121,542.886,0,18
124,-3.62207,37.4904,0.971416,478.459,0,18
124,-3.99066,37.453,278.512,462.041,0,18
124,-6.28338,37.1372,-7.78262,157.217,0,18
124,-9.01236,36.5709,220.969,364.158,0,18
124,-10.2156,36.2532,-75.8666,179.836,0,18
124,-10.5849,36.1471,-4.85738,171.825,0,18
124,-10.7095,36.1104,181.678,472.227,0,18
124,-11.3493,35.9144,134.343,351.438,0,18
124,-16.1376,34.0328,-97.9866,628.038,0,18
124,-16.4019,33.9062,-64.9455,296.019,0,18
124,-16.3023,33.9542,184.481,188.728,0,18
124,-16.5898,33.8146,-33.6763,1649.67,0,18
124,-17.0389,33.5906,169.265,312.188,0,18
124,-17.8162,33.1848,138.555,360.9,0,18
124,-18.8721,32.596,-89.6114,583.559,0,18
124,-20.1393,31.8286,63.7827,323.912,0,18
124,-20.6597,31.4933,181.16,184.279,0,18
124,-20.8749,31.3511,-97.8494,283.27,0,18
124,-20.8262,31.3835,-51.3411,177.782,0,18
124,-22.3939,30.2847,-22.8022,372.588,0,18
124,-22.4989,30.2068,-20.0791,517.498,0,18
124,-23.4024,29.5124,138.918,1143.41,0,18
124,-26.1898,27.0693,-62.6388,329.055,0,18
124,-28.2747,24.8836,129.558,223.394,0,18
124,-28.3252,24.8261,107.983,428.88,0,18
124,-28.4925,24.6339,30.0536,545.693,0,18
124,-32.0964,19.7098,59.1119,604.754,0,18
124,-32.5816,18.8968,-93.6069,794.653,0,18
124,-33.0267,18.1077,287.17,219.672,0,18
124,-33.1609,17.8607,-66.6932,749.343,0,18
124,-33.2097,17.7698,-2.99395,1151.85,0,18
124,-33.7969,16.626,-61.1837,154.355,0,18
124,-35.1376,13.5646,126.131,941.858,0,18
124,-35.1187,13.6136,237.137,437.319,0,18
124,-35.3393,13.0302,-92.346,531.796,0,18
124,-35.4496,12.727,-53.2983,1098.61,0,18
124,-35.5464,12.4541,-10.3008,167.277,0,18
124,-35.697,12.0157,27.5284,307.118,0,18
124,-36.6145,8.83353,-64.5261,230.123,0,18
124,-36.7106,8.42509,133.825,43.4633,0,18
124,-36.9488,7.31023,186.186,406.008,0,18
124,-37.0625,6.71004,-69.5987,236.535,0,18
124,-37.3864,4.57241,-72.4394,379.534,0,18
124,-37.6308,1.60583,24.2999,377.681,0,18
124,-37.6599,0.621985,-43.7914,1079.02,0,18
124,-37.6618,0.494653,-51.777,869.986,0,18
124,-37.6649,-0.104888,-7.89165,28.2741,1,18
124,-37.6505,-1.04522,-24.8562,983.921,1,18
124,-37.6441,-1.25366,-4.69539,306.298,1,18
124,-37.6362,-1.47323,-298.931,202.69,1,18
124,-37.6269,-1.6945,-63.747,421.829,1,18
124,-37.6028,-2.1641,86.0988,728.414,1,18
124,-37.5909,-2.36072,4.01834,513.313,1,18
124,-37.418,-4.30684,44.4618,907.843,1,18
124,-37.2057,-5.86383,105.445,278.357,1,18
124,-37.1951,-5.93084,-302.166,481.952,1,18
124,-35.9181,-11.3378,-251.422,74.3312,1,18
124,-35.5458,-12.4559,-34.904,328.224,1,18
124,-34.8777,-14.2197,-77.0575,52.4234,1,18
124,-34.5134,-15.0824,45.4455,103.134,1,18
124,-34.3219,-15.5132,47.0983,554.011,1,18
124,-34.3316,-15.4918,-153.587,890.614,1,18
124,-33.139,-17.9015,81.5507,77.8418,1,18
124,-33.0203,-18.1194,-235.655,275.114,1,18
124,-32.5872,-18.8872,-16.2325,281.125,1,18
124,-32.3924,-19.2193,-183.816,152.386,1,18
124,-32.2157,-19.5141,-36.7744,120.827,1,18
124,-30.4918,-22.1112,24.8174,360.935,1,18
124,-30.2539,-22.4356,-146.278,992.537,1,18
124,-29.2428,-23.7383,87.3227,1494.59,1,18
124,-28.8269,-24.2417,35.1879,222.362,1,18
124,-28.6365,-24.4664,78.5231,1184.01,1,18
124,-27.9327,-25.2669,-100.376,282.496,1,18
124,-27.5997,-25.6302,-66.1245,224.468,1,18
124,-25.1872,-28.0046,10.6788,30.2047,1,18
124,-24.1942,-28.8668,-40.1884,1415.89,1,18
124,-23.5575,-29.3887,-260.131,1041.93,1,18
124,-22.6286,-30.1098,-215.659,134.958,1,18
124,-21.7754,-30.7325,-160.822,859.154,1,18
124,-19.7017,-32.1013,-97.9624,1628.84,1,18
124,-18.4561,-32.8333,102.383,696.218,1,18
124,-18.2965,-32.9225,-72.9856,151.175,1,18
124,-17.2807,-33.4668,14.811,1228.91,1,18
124,-17.2676,-33.4736,-60.2525,793,1,18
124,-16.5024,-33.8574,79.1766,744.015,1,18
124,-15.9438,-34.124,-242.878,338.251,1,18
124,-15.6798,-34.2461,101.669,238.117,1,18
124,-15.4602,-34.3458,-183.193,925.03,1,18
124,-14.173,-34.8967,-26.0784,62.3223,1,18
124,-13.3971,-35.2019,56.003,281.04,1,18
124,-12.0036,-35.7011,4.61343,673.534,1,18
124,-11.1518,-35.9762,-205.782,693.492,1,18
124,-10.4326,-36.1913,-2.5379,837.535,1,18
124,-10.3838,-36.2054,-266.445,1314,1,18
124,-8.56012,-36.6794,101.847,456.205,1,18
124,-4.10173,-37.441,-176.466,6986.91,1,18
124,-2.04968,-37.6092,63.6147,117.581,1,18
124,-1.56123,-37.6326,-286.335,1974.6,1,18
124,-1.03745,-37.6507,-303.475,262.818,1,18
124,-0.386522,-37.663,-17.348,442.741,1,18
124,0.263371,-37.6641,24.5264,115.909,1,18
124,1.03289,-37.6508,-117.099,244.421,1,18
124,2.30087,-37.5947,27.5857,536.871,1,18
124,2.43552,-37.5862,-108.505,335.275,1,18
124,2.98904,-37.5462,99.3173,126.735,1,18
124,3.21355,-37.5277,53.5332,375.544,1,18
124,5.94978,-37.1921,-13.6344,744.054,1,18
124,9.24084,-36.5138,26.8596,32.2873,1,18
124,10.2078,-36.2554,-192.196,177.411,1,18
124,11.8536,-35.7511,-31.591,354.668,1,18
124,11.8028,-35.7679,-45.7821,965.892,1,18
124,14.8005,-34.6352,-285.47,77.9846,1,18
124,18.8235,-32.624,-8.43331,139.574,1,18
124,18.7416,-32.6712,-30.0627,118.007,1,18
124,19.4469,-32.2563,78.8064,365.521,1,18
124,20.2808,-31.7386,-34.4571,127.673,1,18
124,22.929,-29.8817,-40.4228,114.374,1,18
124,22.929,-29.8817,-177.288,107.611,1,18
124,23.968,-29.0549,67.3183,832.63,1,18
124,25.9795,-27.2712,15.8513,589.02,1,18
124,26.1503,-27.1075,-217.742,524.445,1,18
124,27.495,-25.7425,-162.29,492.962,1,18
124,28.715,-24.3741,-196.272,550.976,1,18
124,29.1779,-23.8182,-270.859,278.442,1,18
124,29.2896,-23.6806,-290.634,3372.56,1,18
124,33.0806,-18.0091,-142.381,101.553,1,18
124,34.7539,-14.5196,62.1553,222.453,1,18
124,35.6393,-12.1858,-69.0219,636.413,1,18
124,35.6448,-12.1696,-249.781,663.377,1,18
124,36.1595,-10.5423,8.56434,692.6,1,18
124,36.2276,-10.3061,46.7483,316.726,1,18
124,37.1398,-6.26803,26.7047,342.228,1,18
124,37.2926,-5.28316,-50.5537,1741.26,1,18
124,37.2857,-5.33198,-52.652,11.0961,1,18
124,37.543,-3.02925,-60.1308,608.282,1,18
124,37.5628,-2.77277,-258.468,710.485,1,18
124,37.5422,3.0388,-101.876,128.526,1,18
124,37.414,4.34111,-183.958,262.515,1,18
124,37.2424,5.62659,-18.1501,512.576,1,18
124,37.0925,6.54202,-244.632,528.05,1,18
124,37.089,6.56205,-269.818,838.066,1,18
124,36.7475,8.26259,-52.1282,408.661,1,18
124,30.1352,22.5947,80.0477,208.241,1,18
124,27.7223,25.4976,84.543,45.442,1,18
124,25.2341,27.9624,57.0313,922.623,1,18
124,24.8025,28.3459,-302.51,564.172,1,18
124,23.3878,29.5239,-290.027,760.775,1,18
124,23.0116,29.8181,-174.849,992.871,1,18
124,22.4553,30.2393,-35.7568,196.502,1,18
124,22.4238,30.2626,-41.7744,364.417,1,18
124,22.182,30.4403,8.29003,526.597,1,18
124,22.0982,30.5012,73.4429,101.716,1,18
124,22.2039,30.4243,-74.2101,105.284,1,18
124,21.2307,31.1112,-15.2471,465.057,1,18
124,20.9323,31.3128,36.8611,333.25,1,18
124,20.1442,31.8255,-195.876,548.026,1,18
124,19.8034,32.0387,-35.3328,101.836,1,18
124,16.1394,34.0319,-196.029,62.7153,1,18
124,10.4313,36.1917,77.5501,159.36,1,18
124,8.74554,36.6356,68.0445,476.358,1,18
124,5.59216,37.2476,-239.866,234.18,1,18
124,5.33198,37.2857,-283.036,34.4095,1,18
124,5.198,37.3046,-302.812,31.0998,1,18
124,4.62642,37.3798,35.2007,315.127,1,18
124,4.62826,37.3796,-37.7787,411.986,1,18
124,2.87455,37.5551,-16.8986,141.196,1,18
124,-5.74699,37.224,78.364,11.0849,1,18
124,-5.95425,37.1914,17.9703,30.3662,1,18
124,-11.0555,36.0059,87.3641,170.217,1,18
124,-13.4197,35.1933,-81.1406,132.744,1,18
124,-14.4138,34.7979,-205.89,32.4952,1,18
124,-17.065,33.5774,-77.2372,433.414,1,18
124,-17.4255,33.3917,35.0401,454.49,1,18
124,-18.4704,32.8253,30.0192,183.375,1,18
124,-19.4975,32.2258,-26.3461,1212.1,1,18
124,-20.0658,31.875,67.5699,268.36,1,18
124,-21.0197,31.2542,-126.222,485.859,1,18
124,-21.6622,30.8123,-233.523,515.515,1,18
124,-21.8417,30.6854,-107.533,256.792,1,18
124,-22.1686,30.45,95.4023,250.358,1,18
124,-22.8127,29.9705,-34.4633,241.209,1,18
124,-25.2803,27.9206,61.7133,389.838,1,18
124,-25.7896,27.4508,23.5256,565.345,1,18
124,-26.1029,27.1531,-165.872,8950.81,1,18
124,-28.4154,24.7229,71.6058,501.653,1,18
124,-28.567,24.5475,102.872,7750.98,1,18
124,-29.6816,23.1873,42.9428,106.758,1,18
124,-30.1048,22.6352,-89.9853,436.991,1,18
124,-30.4993,22.1007,-36.4134,670.904,1,18
124,-30.805,21.6727,89.6903,222.144,1,18
124,-32.0722,19.7491,25.8114,519.589,1,18
124,-32.2835,19.4018,16.2624,422.649,1,18
124,-32.8821,18.3689,-106.14,319.091,1,18
124,-33.3895,17.4297,-219.603,483.112,1,18
124,-34.0602,16.0796,34.7117,149.554,1,18
124,-34.5564,14.9837,-269.705,223.377,1,18
124,-35.62,12.2422,-293.138,406.757,1,18
124,-36.1258,10.6572,37.66,11.1354,1,18
124,-36.4618,9.44412,-13.644,11.0155,1,18
124,-37.6649,0.104919,-8.02928,193.481,1,18
124,-38.2357,-0.169629,-43.8992,156.762,0,19
124,-38.2128,-1.33536,-95.1323,360.454,0,19
124,-38.2121,-1.35511,82.2688,533.725,0,19
124,-38.1274,-2.88067,-99.5717,341.097,0,19
124,-38.1178,-3.00581,226.78,294.902,0,19
124,-37.9394,-4.75372,45.8507,139.856,0,19
124,-37.4992,-7.47053,-23.8144,572.325,0,19
124,-37.1094,-9.21375,272.046,530.072,0,19
124,-36.7919,-10.4096,-104.455,224.454,0,19
124,-35.8999,-13.1604,-56.5411,86.7685,0,19
124,-35.7779,-13.4885,-93.1725,319.902,0,19
124,-35.6887,-13.7228,-95.6491,1214.66,0,19
124,-35.6729,-13.7638,206.568,170.405,0,19
124,-35.5667,-14.0359,128.799,404.88,0,19
124,-35.3634,-14.5407,-87.718,717.251,0,19
124,-33.3484,-18.7052,-52.9591,311.761,0,19
124,-33.0541,-19.2204,41.9575,386.516,0,19
124,-32.6078,-19.9682,-16.3968,410.147,0,19
124,-32.4658,-20.1984,0.873002,267.285,0,19
124,-32.3428,-20.3947,-59.2401,189.342,0,19
124,-32.3402,-20.3987,279.089,67.6233,0,19
124,-31.5836,-21.5517,1.36066,97.3619,0,19
124,-31.5836,-21.5517,160.972,30.271,0,19
124,-28.9245,-25.0074,264.561,541.657,0,19
124,-28.7658,-25.1899,-14.2239,412.847,0,19
124,-28.3801,-25.6236,64.0402,137.222,0,19
124,-28.2993,-25.7129,10.6079,181.822,0,19
124,-26.504,-27.5597,-41.975,1123.46,0,19
124,-26.4844,-27.5785,190.26,5355.28,0,19
124,-23.0746,-30.4887,198.261,209.989,0,19
124,-22.781,-30.7087,-7.38769,465.752,0,19
124,-22.55,-30.8788,-72.0295,429.364,0,19
124,-20.9673,-31.9746,196.732,88.0833,0,19
124,-20.7372,-32.1243,87.5616,667.414,0,19
124,-15.7576,-34.8381,283.567,525.242,0,19
124,-8.84317,-37.1994,-27.6431,305.858,0,19
124,-8.52981,-37.2725,-65.2738,4614.07,0,19
124,-8.30816,-37.3226,-40.8469,285.108,0,19
124,-3.92113,-38.0345,-89.0996,534.016,0,19
124,-3.31233,-38.0924,86.3156,182.515,0,19
124,-3.27765,-38.0954,-66.5799,142.383,0,19
124,-3.02486,-38.1163,15.4678,1708.52,0,19
124,-0.921411,-38.225,208.693,1110.36,0,19
124,0.0197501,-38.2361,-96.1593,196.707,0,19
124,1.53297,-38.2054,210.65,429.462,0,19
124,1.94612,-38.1865,222.216,1249.26,0,19
124,3.48033,-38.0774,115.898,1074.72,0,19
124,3.98226,-38.0282,60.0409,125.903,0,19
124,4.05319,-38.0207,201.753,153.405,0,19
124,5.42862,-37.8488,221.778,669.349,0,19
124,6.36372,-37.7028,60.9215,106.787,0,19
124,7.79789,-37.4325,124.128,526.718,0,19
124,8.60365,-37.2556,270.106,1264.55,0,19
124,8.92542,-37.1798,-77.384,709.926,0,19
124,10.4183,-36.7894,39.1321,785.733,0,19
124,11.5922,-36.4365,164.276,266.379,0,19
124,12.1846,-36.2427,-26.6285,102.104,0,19
124,13.9988,-35.5813,126.059,239.877,0,19
124,15.1289,-35.1158,61.8432,411.301,0,19
124,15.0983,-35.1289,170.787,520.572,0,19
124,20.4925,-32.2809,-55.2839,2022.4,0,19
124,20.8651,-32.0413,119.07,602.657,0,19
124,21.7861,-31.4224,148.428,345.252,0,19
124,24.2223,-29.5852,-54.3484,562.344,0,19
124,25.8749,-28.1512,216.216,329.37,0,19
124,26.0704,-27.9702,-95.4463,838.115,0,19
124,26.5778,-27.4885,158.603,563.82,0,19
124,28.012,-26.0255,-104.02,12684.6,0,19
124,27.9413,-26.1013,284.03,725.769,0,19
124,28.0404,-25.9949,-38.5582,301.774,0,19
124,28.9134,-25.0202,-88.9737,206.929,0,19
124,29.6221,-24.1771,267.407,729.28,0,19
124,30.0518,-23.6408,22.0732,224.922,0,19
124,30.6777,-22.8228,130.172,76.353,0,19
124,31.0943,-22.2518,122.73,533.108,0,19
124,31.8055,-21.2229,83.8632,206.578,0,19
124,32.1581,-20.6847,-39.0704,1061.15,0,19
124,32.9399,-19.4156,-19.9765,4833.39,0,19
124,32.9258,-19.4394,37.8615,849.591,0,19
124,33.0187,-19.2813,-61.2282,677.405,0,19
124,33.969,-17.553,-11.2538,1594.5,0,19
124,33.8606,-17.7611,103.946,238.176,0,19
124,34.3462,-16.8028,261.945,337.801,0,19
124,34.5806,-16.3151,96.9207,93.147,0,19
124,34.8131,-15.8129,-20.2055,2448.74,0,19
124,34.8169,-15.8046,-59.3054,164.313,0,19
124,34.8169,-15.8046,-16.46,11,0,19
124,36.0389,-12.775,224.492,403.308,0,19
124,36.3066,-11.9929,65.6372,253.314,0,19
124,36.5296,-11.2954,-69.7909,56.6392,0,19
124,36.5948,-11.0824,64.483,345.622,0,19
124,36.6731,-10.8206,-40.1187,1985.51,0,19
124,36.7384,-10.5968,-48.5879,913.034,0,19
124,36.6736,-10.8188,-37.66,11.492,0,19
124,37.1347,-9.11118,231.607,603.916,0,19
124,37.4208,-7.85385,107.366,1854.24,0,19
124,37.4161,-7.87612,46.2785,1054.78,0,19
124,37.7253,-6.22922,-59.9025,728.463,0,19
124,37.7888,-5.8312,-100.984,138.198,0,19
124,37.9045,-5.02464,-44.1021,281.879,0,19
124,37.9395,-4.75338,220.556,312.3,0,19
124,38.1272,-2.88378,-77.0749,227.761,0,19
124,38.2261,0.875039,-31.1637,917.251,0,19
124,38.209,1.43854,-17.8066,267.696,0,19
124,38.0314,3.95161,206.218,3959.38,0,19
124,37.7651,5.98315,-32.6418,239.859,0,19
124,37.7553,6.04453,-8.15762,38.3248,0,19
124,37.6239,6.81477,20.8753,558.594,0,19
124,37.5892,7.00362,-38.419,720.283,0,19
124,37.3884,8.00671,232.547,433.609,0,19
124,37.3058,8.38318,-75.3024,2488.88,0,19
124,37.0964,9.26581,-23.5218,333.372,0,19
124,37.062,9.40252,21.0428,725.595,0,19
124,37.0415,9.48295,275.01,87.9544,0,19
124,36.8029,10.3705,-14.0403,1936.68,0,19
124,36.7919,10.4096,-11.372,11.3988,0,19
124,36.5353,11.2771,-93.5733,127.479,0,19
124,36.5227,11.3177,220.114,224.171,0,19
124,35.8546,13.2833,247.726,5724.27,0,19
124,35.0655,15.245,-17.5972,317.176,0,19
124,34.7656,15.917,68.1341,403.298,0,19
124,34.4571,16.5743,290.495,2408.53,0,19
124,33.874,17.7357,78.0449,749.55,0,19
124,33.2192,18.9337,304.413,505.392,0,19
124,32.7728,19.6962,247.357,255.002,0,19
124,32.3946,20.3124,88.3373,1557.22,0,19
124,32.204,20.6131,169.795,121.26,0,19
124,31.0883,22.2601,18.4343,3300.96,0,19
124,29.6748,24.1124,-56.5197,230.493,0,19
124,29.6748,24.1124,-39.4278,114.337,0,19
124,27.262,26.8102,86.4478,51.2341,0,19
124,26.0166,28.0203,18.2351,195.516,0,19
124,25.6664,28.3414,-14.5563,309.062,0,19
124,23.4489,30.2018,-78.9238,140.294,0,19
124,22.8406,30.6645,-23.7764,1146.52,0,19
124,22.7424,30.7373,16.8529,106.85,0,19
124,21.4811,31.6316,-95.2267,656.705,0,19
124,21.586,31.5602,152.125,399.355,0,19
124,20.9986,31.954,25.6,291.054,0,19
124,20.4349,32.3174,105.639,349.393,0,19
124,18.6143,33.3992,-36.6858,583.43,0,19
124,18.4395,33.496,-95.6305,108.185,0,19
124,16.7232,34.3851,77.1709,288.763,0,19
124,15.2713,35.0541,18.2117,407.714,0,19
124,15.1457,35.1085,161.994,572.817,0,19
124,13.7103,35.6935,-53.6227,317.172,0,19
124,12.6452,36.0846,304.676,293.543,0,19
124,10.6971,36.7093,35.7129,329.285,0,19
124,8.03227,37.3829,-85.071,1083.02,0,19
124,7.92683,37.4054,-34.8799,279.18,0,19
124,7.05138,37.5803,-47.5283,445.172,0,19
124,6.79117,37.6282,128.98,74.7635,0,19
124,5.13687,37.8895,-19.9359,488.766,0,19
124,4.58024,37.9608,-78.118,2292.02,0,19
124,4.02241,38.0239,-94.4747,293.172,0,19
124,3.99351,38.027,100.749,417.089,0,19
124,3.66964,38.0596,-26.1007,157.773,0,19
124,1.36038,38.2119,20.6815,126.832,0,19
124,-1.37804,38.2113,228.38,440.64,0,19
124,-2.12972,38.1767,39.4307,211.42,0,19
124,-3.31278,38.0923,-42.5571,491.833,0,19
124,-3.5114,38.0745,-0.327508,935.107,0,19
124,-4.18486,38.0064,276.933,177.887,0,19
124,-6.46947,37.6848,-7.83517,733.636,0,19
124,-9.01512,37.1581,220.244,339.015,0,19
124,-9.24078,37.1027,-101.734,226.475,0,19
124,-9.21976,37.1079,-22.0634,334.598,0,19
124,-11.0268,36.6116,24.6919,101.091,0,19
124,-10.9483,36.6351,180.639,401.793,0,19
124,-14.3814,35.4284,24.8031,151.485,0,19
124,-15.7045,34.8621,-98.6889,1301.77,0,19
124,-16.2488,34.6118,-33.2086,6210.77,0,19
124,-17.9999,33.7343,137.655,593.741,0,19
124,-19.2089,33.0608,-90.8309,1776.47,0,19
124,-19.9029,32.6477,-0.430276,182.498,0,19
124,-20.7461,32.1185,63.0302,153.247,0,19
124,-21.0771,31.9023,180.284,240.376,0,19
124,-22.6782,30.7847,-23.3592,151.838,0,19
124,-22.7884,30.7032,-20.9529,679.16,0,19
124,-23.2641,30.3444,37.0004,316.978,0,19
124,-23.9593,29.7985,137.578,3130.81,0,19
124,-24.8549,29.0557,-63.88,541.805,0,19
124,-26.4394,27.6217,9.88297,699.041,0,19
124,-27.3524,26.7179,195.964,28.2635,0,19
124,-28.5415,25.4437,107.328,241.801,0,19
124,-28.7221,25.2397,129.06,306.26,0,19
124,-29.1639,24.7279,29.9465,762.448,0,19
124,-30.0526,23.6399,175.659,107.145,0,19
124,-32.4172,20.2761,57.8207,798.116,0,19
124,-33.5686,18.307,53.0606,330.137,0,19
124,-33.5856,18.2758,286.213,520.119,0,19
124,-33.6513,18.1546,-67.6045,393.248,0,19
124,-33.8548,17.7722,-3.70409,515.739,0,19
124,-34.0138,17.4661,-11.091,162.344,0,19
124,-34.4489,16.5913,-61.5187,257.149,0,19
124,-35.1509,15.0471,-32.6524,2506.27,0,19
124,-35.6397,13.8497,125.619,1655.32,0,19
124,-35.7185,13.6451,236.378,1010.11,0,19
124,-35.9422,13.0445,-92.9887,778.251,0,19
124,-36.0839,12.6471,20.5846,859.721,0,19
124,-36.0684,12.6913,-50.7087,442.623,0,19
124,-36.0623,12.7088,-11.1325,1433.72,0,19
124,-37.1785,8.93063,-65.4188,317.769,0,19
124,-37.5323,7.30235,185.416,642.167,0,19
124,-37.5903,6.99764,-70.4148,101.349,0,19
124,-37.8186,5.63513,-53.2129,587.364,0,19
124,-37.9323,4.81055,-73.8641,212.412,0,19
124,-38.1751,2.15838,40.5958,570.93,0,19
124,-38.2275,0.813074,174.472,225.6,0,19
124,-38.2351,0.27329,-43.9278,129.274,0,19
124,-38.2193,-1.13244,-3.99939,852.213,1,19
124,-38.2102,-1.40748,-24.7403,747.874,1,19
124,-38.2203,-1.09804,-79.0639,1441.43,1,19
124,-38.2152,-1.26352,-297.3,432.637,1,19
124,-38.1926,-1.82242,-62.8634,1167.13,1,19
124,-38.163,-2.36301,87.0016,1236.55,1,19
124,-38.0984,-3.2426,42.9526,612.032,1,19
124,-37.9976,-4.26378,45.2344,338.203,1,19
124,-37.9984,-4.25663,1.89235,419.023,1,19
124,-37.7653,-5.982,-301.095,1158.78,1,19
124,-36.4319,-11.6067,-250.679,848.985,1,19
124,-36.0654,-12.6999,-34.8775,222.049,1,19
124,-35.3701,-14.5242,-75.6442,789.325,1,19
124,-35.0983,-15.1693,45.8642,371.316,1,19
124,-34.8611,-15.7068,92.4895,297.401,1,19
124,-34.836,-15.7624,-152.277,929.026,1,19
124,-34.262,-16.974,51.4503,139.598,1,19
124,-33.5685,-18.3072,-234.857,279.393,1,19
124,-28.4919,-25.4993,-99.5375,282.599,1,19
124,-24.6049,-29.2677,-40.1535,204.312,1,19
124,-23.0196,-30.5303,-215.027,161.604,1,19
124,-22.1488,-31.1678,-159.59,152.881,1,19
124,-20.1315,-32.5073,-97.1607,254.255,1,19
124,-19.1651,-33.0863,13.6813,310.062,1,19
124,-18.6834,-33.3606,103.561,298.141,1,19
124,-18.5375,-33.4419,-72.118,342.137,1,19
124,-18.2488,-33.6003,-49.3302,336.005,1,19
124,-17.551,-33.97,15.3185,1117.15,1,19
124,-16.9763,-34.2608,62.5321,259.764,1,19
124,-16.9592,-34.2693,78.788,18.0416,1,19
124,-16.467,-34.5085,-241.493,689.439,1,19
124,-15.9983,-34.7283,101.684,13.0694,1,19
124,-14.3827,-35.4279,-25.7665,858.495,1,19
124,-14.3453,-35.4431,22.8878,244.845,1,19
124,-14.04,-35.5651,-137.71,28.2047,1,19
124,-13.5772,-35.7444,56.7537,211.968,1,19
124,-11.9132,-36.3328,5.56035,264.089,1,19
124,-10.9062,-36.6477,-1.94433,155.46,1,19
124,-10.3391,-36.8117,-264.848,681.629,1,19
124,-4.78627,-37.9354,-175.54,4414.44,1,19
124,-1.65839,-38.2001,64.0078,820.639,1,19
124,-1.73648,-38.1966,-284.952,225.864,1,19
124,-1.48873,-38.2071,56.3396,540.625,1,19
124,-0.635259,-38.2308,-303.052,87.6836,1,19
124,0.00944254,-38.2361,25.3759,606.142,1,19
124,1.01407,-38.2226,-116.578,271.895,1,19
124,1.70673,-38.198,-80.963,750.776,1,19
124,1.98972,-38.1843,-147.488,203.521,1,19
124,2.02238,-38.1826,-107.643,162.138,1,19
124,3.3244,-38.0913,54.2586,497.735,1,19
124,3.54967,-38.071,-121.821,386.766,1,19
124,5.99912,-37.7625,-7.5525,340.517,1,19
124,10.4424,-36.7826,-191.123,551.871,1,19
124,10.809,-36.6765,-234.722,460.815,1,19
124,11.885,-36.3421,46.5165,521.297,1,19
124,15.4157,-34.9908,12.2093,129.698,1,19
124,19.2913,-33.0128,82.3263,151.303,1,19
124,19.4544,-32.917,-7.92397,655.375,1,19
124,20.7064,-32.1441,-33.7411,260.15,1,19
124,22.595,-30.8458,24.516,11.0818,1,19
124,23.1073,-30.4639,24.7709,171.58,1,19
124,23.1073,-30.4639,-124.87,262.638,1,19
124,23.1073,-30.4639,-176.097,252.199,1,19
124,23.4453,-30.2046,-125.007,170.057,1,19
124,23.4453,-30.2046,-175.612,16.1248,1,19
124,26.287,-27.7668,17.1528,1113.06,1,19
124,29.4347,-24.4048,-290.297,3120.41,1,19
124,29.8847,-23.8517,-270.446,110.773,1,19
124,31.219,-22.0765,-65.143,109.273,1,19
124,33.0601,-19.2102,1.81312,48.3312,1,19
124,35.2956,-14.7043,62.8677,584.365,1,19
124,35.7821,-13.4775,7.3615,560.488,1,19
124,36.2152,-12.2661,-67.7173,299.503,1,19
124,36.1993,-12.313,-248.553,516.731,1,19
124,36.6682,-10.837,9.37356,594.769,1,19
124,36.7031,-10.7184,47.4442,403.938,1,19
124,37.6825,-6.48285,28.04,187.12,1,19
124,37.8388,-5.49737,-48.8974,360.293,1,19
124,38.0901,-3.33765,-60.2877,949.081,1,19
124,38.1438,-2.65562,-257.478,877.712,1,19
124,38.0898,3.34176,12.2671,367.693,1,19
124,38.1115,3.08488,-101.195,143.92,1,19
124,37.9773,4.44085,-183.462,144.31,1,19
124,37.6667,6.57429,-268.251,1100.32,1,19
124,37.6088,6.8977,-244.419,590.937,1,19
124,37.2928,8.44062,-51.0483,940.88,1,19
124,35.7038,13.6834,-252.085,432.131,1,19
124,33.8438,17.7931,1.6939,594.808,1,19
124,32.7298,19.7677,-274.026,613.465,1,19
124,31.9279,21.0383,-173.822,217.258,1,19
124,30.9712,22.4229,77.7748,194.103,1,19
124,30.3579,23.2465,-251.868,112.725,1,19
124,29.7717,23.9927,-24.4124,207.717,1,19
124,29.5149,24.3078,77.0403,4065.37,1,19
124,29.0561,24.8544,-26.1689,586.911,1,19
124,28.2795,25.7346,85.3753,102.795,1,19
124,27.859,26.1892,34.2087,524.573,1,19
124,26.1401,27.9051,-49.3839,2159.26,1,19
124,26.0794,27.9619,-176.689,331.62,1,19
124,25.521,28.4724,58.6671,356.582,1,19
124,25.4236,28.5594,-301.938,854.971,1,19
124,23.7302,29.9813,-289.141,301.046,1,19
124,23.489,30.1706,-173.793,649.238,1,19
124,23.0175,30.5318,21.3667,104.91,1,19
124,22.7635,30.7217,9.40292,503.804,1,19
124,22.6865,30.7786,-73.3725,198.131,1,19
124,22.08,31.2165,-41.9119,254.263,1,19
124,21.7621,31.439,72.893,227.725,1,19
124,21.7063,31.4776,-14.8008,252.206,1,19
124,21.1805,31.8337,72.3386,118.19,1,19
124,16.4387,34.522,-195.065,375.829,1,19
124,10.4195,36.789,78.5251,484.794,1,19
124,9.41757,37.0582,62.6396,380.834,1,19
124,8.39338,37.3035,-261.257,1347.82,1,19
124,5.73675,37.8033,-282.367,128.456,1,19
124,5.38282,37.8553,-302.018,351.277,1,19
124,4.65151,37.9521,36.1409,473.776,1,19
124,3.41903,38.0829,25.9754,759.902,1,19
124,2.83512,38.1308,-16.1813,189.805,1,19
124,-5.52227,37.8352,82.9376,1064.45,1,19
124,-5.88094,37.7811,18.8379,305.534,1,19
124,-11.4588,36.4787,88.126,641.4,1,19
124,-13.5476,35.7556,-80.1868,258.734,1,19
124,-14.4395,35.4048,-204.972,156.764,1,19
124,-15.2589,35.0595,-25.5771,268.295,1,19
124,-15.7599,34.8371,20.0358,412.32,1,19
124,-17.2088,34.1446,7.90671,189.151,1,19
124,-17.6188,33.9349,-77.7466,158.735,1,19
124,-17.7836,33.8488,35.6264,446.566,1,19
124,-18.5201,33.4515,30.7037,567.912,1,19
124,-19.7478,32.7418,-26.0141,180.874,1,19
124,-20.3123,32.3946,68.431,469.329,1,19
124,-22.0908,31.2089,-106.661,346.23,1,19
124,-22.1413,31.1731,-232.781,217.795,1,19
124,-22.5717,30.8629,96.2473,200.562,1,19
124,-23.1095,30.4623,-34.2199,161.106,1,19
124,-25.1687,28.7843,61.0727,1097.89,1,19
124,-26.1524,27.8936,24.1705,881.522,1,19
124,-26.6974,27.3724,-166.045,6408.79,1,19
124,-28.9022,25.0332,102.076,4602.69,1,19
124,-28.7123,25.2508,73.276,16.0956,1,19
124,-30.2534,23.3823,43.4157,196.802,1,19
124,-30.9259,22.4853,38.6074,1185.72,1,19
124,-31.0592,22.3008,-36.1803,452.38,1,19
124,-31.3016,21.9593,90.5465,306.551,1,19
124,-32.3498,20.3836,34.8622,4392.13,1,19
124,-32.4795,20.1762,16.1916,954.948,1,19
124,-32.5123,20.1234,32.572,11.1011,1,19
124,-33.8764,17.7309,97.9266,575.786,1,19
124,-33.8873,17.7102,-218.936,277.998,1,19
124,-34.3092,16.8784,35.1957,186.087,1,19
124,-35.01,15.3721,-268.891,99.1757,1,19
124,-36.1322,12.5084,-291.818,1313.18,1,19
124,-36.6806,10.7949,-56.3589,120.702,1,19
124,-36.8121,10.3376,-209.634,51.3712,1,19
124,-37.0146,9.58732,-12.796,14.0017,1,19
124,-38.8058,-0.347801,-44.0871,211.396,0,20
124,-38.7904,-1.15013,-96.1263,296.587,0,20
124,-38.7952,-0.972622,81.484,16.042,0,20
124,-38.7844,-1.33671,35.854,163.792,0,20
124,-38.7728,-1.63934,-29.7734,316.347,0,20
124,-38.6681,-3.28501,226.273,124.172,0,20
124,-38.5129,-4.77219,45.3866,279.368,0,20
124,-38.0221,-7.76747,-81.4227,745.442,0,20
124,-37.5936,-9.63008,96.0665,561.742,0,20
124,-36.3526,-13.5833,-56.8072,258.983,0,20
124,-36.1893,-14.0125,-96.9438,429.625,0,20
124,-36.2292,-13.9089,205.75,244.096,0,20
124,-35.8468,-14.8667,238.345,229.623,0,20
124,-33.8127,-19.0451,-53.6745,405.222,0,20
124,-33.4078,-19.7466,41.0693,565.496,0,20
124,-33.0044,-20.4138,-16.1642,125.655,0,20
124,-32.9739,-20.463,0.15523,421.217,0,20
124,-32.8417,-20.6745,-60.1846,216.526,0,20
124,-32.719,-20.8682,277.836,246.079,0,20
124,-32.0555,-21.8737,-42.748,24.1234,0,20
124,-32.0555,-21.8737,0.724069,59.4499,0,20
124,-29.5596,-25.1445,262.523,1574.15,0,20
124,-29.2566,-25.4964,38.2893,1057.83,0,20
124,-29.2965,-25.4505,249.199,420.963,0,20
124,-29.1635,-25.6028,-15.1012,229.466,0,20
124,-28.9981,-25.79,63.9013,701.707,0,20
124,-26.9146,-27.9574,-42.4145,757.267,0,20
124,-26.501,-28.3498,188.421,2061.54,0,20
124,-25.0937,-29.6027,-60.4133,376.216,0,20
124,-23.4526,-30.9191,197.575,98.8015,0,20
124,-22.8247,-31.3855,-73.0188,533.981,0,20
124,-21.1542,-32.5348,195.914,70.3419,0,20
124,-19.8208,-33.3639,-65.1895,752.493,0,20
124,-8.7986,-37.7968,-62.3374,7982.43,0,20
124,-8.49174,-37.8669,-41.5349,323.893,0,20
124,-6.94354,-38.1812,-82.9277,192.895,0,20
124,-6.8462,-38.1987,103.801,565.741,0,20
124,-4.9821,-38.4863,-6.84908,308.321,0,20
124,-3.78665,-38.6222,-90.6821,1045.49,0,20
124,-3.99199,-38.6015,-86.0417,65,0,20
124,-3.38286,-38.6597,-67.3598,124.559,0,20
124,-3.29733,-38.6671,85.5297,482.266,0,20
124,-2.86322,-38.7016,14.9563,1404.16,0,20
124,-1.00858,-38.7943,-67.4136,426.783,0,20
124,-1.01189,-38.7942,-43.3856,930.365,0,20
124,-0.910336,-38.7967,207.847,541.126,0,20
124,-0.354609,-38.8058,-67.8358,178.56,0,20
124,-0.318835,-38.8061,4.36865,198.062,0,20
124,-0.092402,-38.8073,-96.887,319.869,0,20
124,0.0683342,-38.8073,-52.3123,736.101,0,20
124,1.71798,-38.7694,209.901,371.862,0,20
124,1.88331,-38.7617,221.549,668.899,0,20
124,3.96504,-38.6043,200.93,260.416,0,20
124,4.30855,-38.5675,59.5717,285.859,0,20
124,6.59141,-38.2435,60.6785,206.359,0,20
124,7.78197,-38.0191,123.956,358.241,0,20
124,8.49719,-37.8657,268.623,970.308,0,20
124,9.11217,-37.7224,-78.1197,480.537,0,20
124,12.4632,-36.7516,151.591,686.734,0,20
124,13.715,-36.3031,-60.7543,292.669,0,20
124,15.7267,-35.4779,60.3449,216.808,0,20
124,19.6919,-33.4401,244.158,277.767,0,20
124,21.0307,-32.6148,-56.1432,769.082,0,20
124,25.0981,-29.599,-53.5403,1180.82,0,20
124,24.9433,-29.7296,-34.4765,539.211,0,20
124,25.3881,-29.3506,-64.6967,459.779,0,20
124,26.166,-28.6593,215.622,237.36,0,20
124,26.4151,-28.4299,-96.832,2575.71,0,20
124,26.8713,-27.9991,157.29,677.123,0,20
124,27.873,-27.0021,-100.536,933.024,0,20
124,28.4743,-26.3672,-39.5115,76.4405,0,20
124,28.4553,-26.3877,282.745,386.869,0,20
124,29.313,-25.4316,-89.5583,204.464,0,20
124,30.0919,-24.5049,265.813,758.048,0,20
124,30.482,-24.018,21.6955,430.958,0,20
124,31.2009,-23.0764,129.911,172.458,0,20
124,31.3981,-22.8073,122.004,714.492,0,20
124,32.3126,-21.4921,83.2639,512.925,0,20
124,33.2734,-19.9723,-21.5581,2514.21,0,20
124,33.459,-19.6599,-62.2327,680.023,0,20
124,34.2586,-18.2309,-11.9829,1514.29,0,20
124,34.2203,-18.3025,66.1537,210.896,0,20
124,34.7563,-17.2631,-42.9885,282.221,0,20
124,34.783,-17.2092,261.307,325.985,0,20
124,34.9921,-16.7799,96.2923,306.657,0,20
124,35.3371,-16.0407,-59.9395,226.653,0,20
124,36.4984,-13.1865,223.818,295.698,0,20
124,36.7876,-12.3566,-46.7005,289.772,0,20
124,37.1654,-11.1689,63.5469,519.627,0,20
124,37.1892,-11.0896,-70.4955,530.021,0,20
124,37.6771,-9.29807,28.527,1228.25,0,20
124,37.6738,-9.31143,231.249,487.817,0,20
124,37.9367,-8.17432,106.901,560.335,0,20
124,37.9672,-8.0314,45.035,266.311,0,20
124,38.366,-5.83638,-102.067,196.353,0,20
124,38.4825,-5.011,-44.7299,166.588,0,20
124,38.5245,-4.67706,220.003,636.248,0,20
124,38.6668,-3.30028,-78.6171,668.51,0,20
124,38.8074,-0.0422464,-32.9108,2047.52,0,20
124,38.7944,1.00584,-43.8654,250.518,0,20
124,38.768,1.7482,-18.3313,575.547,0,20
124,38.6118,3.8913,206.289,5778.35,0,20
124,38.3442,5.97768,-33.9978,498.956,0,20
124,38.3498,5.94178,-9.04529,329.865,0,20
124,38.1785,6.95818,-39.6337,251.879,0,20
124,37.8917,8.38056,-75.9111,1498.41,0,20
124,37.6582,9.37425,-24.2279,473.659,0,20
124,37.1234,11.308,-95.0906,218.629,0,20
124,36.4871,13.2176,246.047,1348.82,0,20
124,36.293,13.7417,141.48,983.352,0,20
124,36.2364,13.8902,119.675,167.73,0,20
124,35.7602,15.074,-17.8921,199.232,0,20
124,35.3188,16.0809,67.0293,1828.92,0,20
124,35.1223,16.5056,289.579,2013.19,0,20
124,34.4377,17.8903,143.572,346.303,0,20
124,34.3027,18.1476,76.372,900.572,0,20
124,33.6676,19.3004,303.712,815.323,0,20
124,33.2895,19.9454,-43.8425,589.126,0,20
124,32.802,20.7374,168.578,578.062,0,20
124,31.5388,22.6123,17.5147,3493.13,0,20
124,30.1182,24.4726,-57.5142,78.2979,0,20
124,30.1182,24.4726,-40.796,111.042,0,20
124,27.8204,27.0562,85.724,12,0,20
124,26.6151,28.2427,17.8468,103.412,0,20
124,24.4317,30.1514,20.8686,3267.7,0,20
124,23.4359,30.9318,-25.406,385.707,0,20
124,22.8498,31.3672,16.2597,542.199,0,20
124,22.0578,31.9291,-95.811,90.1581,0,20
124,21.7833,32.117,151.812,300.598,0,20
124,21.2495,32.4727,25.2129,213.215,0,20
124,18.8465,33.9238,-96.4381,286.46,0,20
124,17.0293,34.8715,76.3744,588.272,0,20
124,16.7898,34.9874,137.419,268.107,0,20
124,15.7736,35.4571,17.7131,79.5482,0,20
124,15.4242,35.6105,160.534,279.494,0,20
124,14.5595,35.9727,133.979,353.968,0,20
124,13.69,36.3125,-54.2717,607.125,0,20
124,12.7972,36.6367,304.261,1666.49,0,20
124,12.5822,36.7111,-32.2643,357.985,0,20
124,8.25197,37.9199,-86.435,420.777,0,20
124,6.98707,38.1732,128.277,163.37,0,20
124,5.39751,38.4302,-20.3547,600.118,0,20
124,5.25806,38.4495,0.775567,601.041,0,20
124,4.94466,38.4911,-79.7859,405.159,0,20
124,4.25376,38.5736,-96.1625,1082.37,0,20
124,4.23169,38.576,-19.209,684.855,0,20
124,3.77208,38.6236,-26.9788,225.74,0,20
124,-0.688464,38.8013,-21.4059,314.65,0,20
124,-2.89114,38.6996,-42.6951,1179.29,0,20
124,-3.40639,38.6576,-1.72318,239.658,0,20
124,-4.5371,38.5413,275.645,335.268,0,20
124,-9.25937,37.6866,-22.5649,530.765,0,20
124,-9.50788,37.6247,-102.656,175.563,0,20
124,-10.4441,37.3756,223.524,55.2602,0,20
124,-10.9901,37.2187,-76.2627,189.312,0,20
124,-11.0705,37.1949,-5.03809,179.599,0,20
124,-11.2464,37.1421,24.733,227.349,0,20
124,-11.1737,37.164,179.67,180.152,0,20
124,-11.4083,37.0926,133.836,404.895,0,20
124,-14.7591,35.8913,-99.7394,676.018,0,20
124,-14.3921,36.04,24.4308,304.488,0,20
124,-16.0534,35.3313,-37.4364,3327.02,0,20
124,-16.4124,35.166,182.352,284.532,0,20
124,-16.703,35.0289,-65.7149,98.2026,0,20
124,-17.4334,34.6712,169.191,204.243,0,20
124,-18.1252,34.3146,136.905,673.194,0,20
124,-19.5562,33.5197,-92.5155,891.042,0,20
124,-20.1031,33.1946,-0.417431,425.177,0,20
124,-21.1271,32.5524,-100.816,363.3,0,20
124,-21.3387,32.4141,-50.7159,248.204,0,20
124,-21.4029,32.3717,62.4012,434.801,0,20
124,-21.5362,32.2832,179.387,566.077,0,20
124,-22.9016,31.3294,-23.8477,153.246,0,20
124,-23.0326,31.2332,-21.7937,61.026,0,20
124,-24.4741,30.1169,136.326,1657.45,0,20
124,-26.7665,28.0993,9.15376,513.527,0,20
124,-27.1181,27.7601,-63.524,30.0555,0,20
124,-30.254,24.3045,175.188,19.0416,0,20
124,-32.8298,20.6935,56.8529,410.162,0,20
124,-33.5213,19.5535,-93.7539,783.72,0,20
124,-33.9808,18.7435,52.6551,142.573,0,20
124,-34.1343,18.4625,-68.7628,832.007,0,20
124,-34.1443,18.444,285.701,815.936,0,20
124,-34.5738,17.6257,-4.59526,301.871,0,20
124,-35.6187,15.4053,-32.5734,1009.92,0,20
124,-36.3111,13.6937,235.548,737.633,0,20
124,-36.4981,13.1872,-53.5677,186.118,0,20
124,-36.578,12.9639,-11.9365,555.745,0,20
124,-37.7485,9.00364,-66.1473,222.732,0,20
124,-38.1346,7.19483,-71.2416,228.229,0,20
124,-38.1202,7.27104,184.129,695.335,0,20
124,-38.4878,4.97064,-74.548,25.1909,0,20
124,-38.7668,1.77512,40.5543,180.592,0,20
124,-38.7948,0.990679,173.42,1539.59,0,20
124,-38.8073,-0.108067,-239.217,84.1616,1,20
124,-38.794,-1.02029,-3.24723,142.381,1,20
124,-38.7884,-1.21565,-78.133,554.267,1,20
124,-38.7892,-1.18871,-295.933,393.718,1,20
124,-38.7577,-1.96299,-62.0452,255.926,1,20
124,-38.7294,-2.45933,87.8288,1786.7,1,20
124,-38.7108,-2.73719,4.16315,1226.64,1,20
124,-38.6396,-3.60459,43.2032,644.221,1,20
124,-38.5869,-4.13078,45.9871,283.371,1,20
124,-38.5697,-4.28855,2.84171,315.188,1,20
124,-38.3441,-5.97865,-299.973,689.136,1,20
124,-37.6213,-9.52113,8.828,12.0261,1,20
124,-36.9611,-11.8277,-249.762,493.727,1,20
124,-35.8766,-14.7948,-74.4725,1031.78,1,20
124,-35.3526,-16.0066,92.9888,403.262,1,20
124,-35.339,-16.0365,-150.2,667.415,1,20
124,-34.8188,-17.1367,-140.792,84.8678,1,20
124,-34.53,-17.7115,50.755,551.915,1,20
124,-34.2604,-18.2275,82.2972,54.4633,1,20
124,-34.1058,-18.515,-233.966,175.848,1,20
124,-33.7235,-19.2025,-15.6918,193.044,1,20
124,-33.1924,-20.1066,-36.5265,101.154,1,20
124,-32.8995,-20.5824,-183.511,397.937,1,20
124,-31.1846,-23.0984,25.0171,528.958,1,20
124,-30.7405,-23.6862,-146.088,289.471,1,20
124,-30.0473,-24.5596,89.8252,943.757,1,20
124,-29.8139,-24.8424,80.6606,2300.65,1,20
124,-29.5736,-25.1281,35.6543,156.657,1,20
124,-29.1281,-25.6431,-98.9419,489.286,1,20
124,-27.2108,-27.6693,78.5147,42.2341,1,20
124,-24.9725,-29.705,-40.086,42.531,1,20
124,-23.9499,-30.5355,-258.267,470.236,1,20
124,-22.4992,-31.6196,-158.498,100.392,1,20
124,-20.6499,-32.8572,-96.5044,367.244,1,20
124,-19.6813,-33.4464,14.0251,225.473,1,20
124,-18.9439,-33.8695,104.512,245.046,1,20
124,-18.7541,-33.975,-71.2856,525.914,1,20
124,-18.4527,-34.1396,-50.0398,185.777,1,20
124,-17.8267,-34.4706,15.7635,2011.79,1,20
124,-17.3788,-34.6986,78.4118,1200.28,1,20
124,-15.8373,-35.4287,-181.965,2215.08,1,20
124,-14.6317,-35.9434,22.8894,485.49,1,20
124,-14.5909,-35.96,-25.0314,396.278,1,20
124,-14.3725,-36.0478,-136.986,338.373,1,20
124,-13.7357,-36.2953,58.0509,805.081,1,20
124,-12.4955,-36.7407,34.2253,186.33,1,20
124,-12.4254,-36.7644,5.35374,171.545,1,20
124,-11.4537,-37.0787,-1.43348,313.949,1,20
124,-11.2247,-37.1486,-205.707,430.438,1,20
124,-5.36273,-38.4351,-176.959,6974.62,1,20
124,-1.95067,-38.7583,102.062,201.323,1,20
124,-1.67691,-38.7712,56.5967,338.454,1,20
124,-0.607593,-38.8026,-16.7544,152.46,1,20
124,-0.108096,-38.8073,25.788,14.1553,1,20
124,0.95905,-38.7955,-115.612,320.637,1,20
124,1.95762,-38.758,27.377,395.053,1,20
124,1.90497,-38.7606,-106.763,201.075,1,20
124,2.17659,-38.7463,-147.161,222.265,1,20
124,3.29254,-38.6675,99.4027,177.734,1,20
124,3.43247,-38.6553,55.1197,929.377,1,20
124,3.69147,-38.6314,-121.338,201.771,1,20
124,5.70876,-38.3852,-7.56087,361.602,1,20
124,9.52943,-37.6192,28.3387,2033.83,1,20
124,10.819,-37.2688,-189.967,922.432,1,20
124,11.9163,-36.9326,-31.6985,363.585,1,20
124,12.0154,-36.9005,-45.3128,773.382,1,20
124,19.3446,-33.6422,-29.7909,137.828,1,20
124,19.4654,-33.5725,82.9619,149.96,1,20
124,20.2517,-33.1041,79.6147,209.152,1,20
124,23.4526,-30.9191,25.2107,1075,1,20
124,23.4526,-30.9191,-39.493,65.9887,1,20
124,23.4526,-30.9191,-125.156,12.9861,1,20
124,23.4526,-30.9191,-174.34,12.0277,1,20
124,24.64,-29.9814,67.8952,105.915,1,20
124,26.5582,-28.2962,18.3858,189.359,1,20
124,26.8814,-27.9894,-217.406,370.895,1,20
124,27.8326,-27.0437,-162.426,1480.08,1,20
124,29.1572,-25.61,-196.434,868.082,1,20
124,29.5593,-25.1448,-289.957,961.548,1,20
124,35.8607,-14.8332,63.9764,343.037,1,20
124,36.1898,-14.0111,8.90082,242.308,1,20
124,36.7721,-12.4027,-66.7603,425.903,1,20
124,36.7492,-12.4704,-247.753,482.195,1,20
124,37.099,-11.3876,10.4314,517.312,1,20
124,38.2296,-6.67147,29.0799,823.305,1,20
124,38.3926,-5.65903,-47.4073,1925.48,1,20
124,38.6223,-3.78557,-60.4299,943.675,1,20
124,38.7231,-2.55666,-256.459,275.737,1,20
124,38.806,-0.32426,-36.2796,92.944,1,20
124,38.6777,3.17073,12.7387,142.067,1,20
124,38.6809,3.13097,-100.35,217.279,1,20
124,38.3399,6.00523,-17.1176,527.698,1,20
124,38.2414,6.6035,-266.836,792.784,1,20
124,37.8183,8.70595,-49.605,204.929,1,20
124,34.3322,18.0917,2.50464,330.939,1,20
124,34.0839,18.5553,3.90871,130.826,1,20
124,33.1641,20.1533,-273.247,423.574,1,20
124,32.9651,20.4773,37.4576,507.837,1,20
124,32.4559,21.275,-172.485,508.009,1,20
124,31.3442,22.8813,79.138,2515.34,1,20
124,30.9481,23.4142,-16.4792,54.4528,1,20
124,30.8831,23.5,-251.199,125.472,1,20
124,29.9814,24.64,75.82,11.5281,1,20
124,29.7888,24.8726,-88.4492,221.434,1,20
124,29.5655,25.1376,-25.5044,213.045,1,20
124,28.8316,25.9761,86.1059,769.747,1,20
124,26.7341,28.1301,-48.5818,1766.84,1,20
124,26.6015,28.2555,-176.07,276.275,1,20
124,25.9414,28.8627,-301.267,1142.57,1,20
124,23.9808,30.5112,-172.926,1042.69,1,20
124,24.021,30.4796,-287.788,1241.63,1,20
124,23.3721,30.98,10.1172,64.7511,1,20
124,23.2446,31.0757,-35.2103,98.9919,1,20
124,23.1401,31.1537,-72.6494,252.039,1,20
124,22.1003,31.8997,-14.1637,170.92,1,20
124,21.6984,32.1744,-42.0638,611.287,1,20
124,21.6481,32.2083,37.6897,374.386,1,20
124,20.7054,32.8223,-193.896,878.244,1,20
124,20.5596,32.9138,-35.0235,173.622,1,20
124,16.7169,35.0223,-194.248,177.592,1,20
124,9.19375,37.7026,63.506,471.929,1,20
124,8.85553,37.7835,68.4979,203.13,1,20
124,5.88111,38.3592,-239.556,299.116,1,20
124,5.92133,38.353,-305.12,70,1,20
124,5.59448,38.402,-301.252,141.612,1,20
124,4.6123,38.5323,37.4327,679.763,1,20
124,4.56995,38.5374,-37.5701,182.368,1,20
124,3.29059,38.6676,25.9516,303.083,1,20
124,3.30842,38.6661,14.734,62.963,1,20
124,-5.47931,38.4186,84.1702,570.241,1,20
124,-5.9213,38.353,19.7946,62.7594,1,20
124,-9.52112,37.6213,-78.3547,178.34,1,20
124,-11.9288,36.9286,88.8607,179.071,1,20
124,-13.6893,36.3128,-79.6928,146.419,1,20
124,-15.5458,35.5576,-25.1473,413.984,1,20
124,-17.3588,34.7086,8.75397,344.089,1,20
124,-19.9456,33.2895,-25.657,445.337,1,20
124,-20.5303,32.9321,69.7442,1117.1,1,20
124,-21.5744,32.2577,-126.134,620.409,1,20
124,-22.3509,31.7246,-105.77,119.326,1,20
124,-22.6126,31.5386,-231.928,521.669,1,20
124,-22.9915,31.2635,97.0023,216.027,1,20
124,-25.0467,29.6425,60.5881,494.302,1,20
124,-26.498,28.3526,24.8817,899.35,1,20
124,-29.0819,25.6955,102.22,5982.83,1,20
124,-29.0034,25.784,74.5964,422.018,1,20
124,-30.8127,23.5922,43.8871,246.507,1,20
124,-31.1367,23.1628,-89.1749,231.664,1,20
124,-31.8247,22.2082,91.6822,1380.21,1,20
124,-32.9184,20.5522,34.7577,3159.96,1,20
124,-34.0433,18.6298,-105.709,216.544,1,20
124,-34.3904,17.9809,98.0826,1653.04,1,20
124,-34.3931,17.9758,-218.621,738.794,1,20
124,-34.7485,17.2787,36.0273,349.55,1,20
124,-35.433,15.8278,-268.011,224.537,1,20
124,-36.6476,12.7659,-290.335,621.576,1,20
124,-37.199,11.0567,-55.7058,252.636,1,20
124,-37.3619,10.4928,-210.439,457.43,1,20
124,-38.8073,0.108102,-7.22826,84.422,1,20
124,-38.8073,0.108102,-239.143,264.152,1,20
124,-39.3669,-0.937415,80.7481,437.717,0,21
124,-39.3452,-1.60987,-30.1721,528.125,0,21
124,-39.2597,-3.0508,-101.707,237.48,0,21
124,-39.0906,-4.74941,45.0012,168.368,0,21
124,-38.607,-7.75486,-81.0102,2320.81,0,21
124,-38.5775,-7.90029,-24.4613,1009.2,0,21
124,-38.2474,-9.36853,271.62,185.561,0,21
124,-38.166,-9.69473,95.0916,647.044,0,21
124,-36.8102,-13.9872,205.007,689.443,0,21
124,-36.679,-14.3279,-98.5125,127.072,0,21
124,-36.5312,-14.7005,128.31,148.157,0,21
124,-36.3727,-15.0883,-88.8031,237.412,0,21
124,-34.2672,-19.401,-54.4694,155.264,0,21
124,-33.8085,-20.1896,40.7534,180.551,0,21
124,-33.4985,-20.6998,-0.713283,152.692,0,21
124,-33.3392,-20.9555,-60.9571,155.292,0,21
124,-33.1196,-21.3009,276.535,244.57,0,21
124,-32.5269,-22.1954,160.911,56.8339,0,21
124,-30.0846,-25.4077,261.051,1733.71,0,21
124,-29.7277,-25.8244,38.5394,333.161,0,21
124,-29.6773,-25.8823,249.09,267.687,0,21
124,-29.5007,-26.0834,-15.6814,200.295,0,21
124,-29.3777,-26.2218,10.03,433.869,0,21
124,-27.3216,-28.3578,-43.2341,549.309,0,21
124,-26.541,-29.0897,189.357,5365.47,0,21
124,-23.8009,-31.3712,-8.9894,418.075,0,21
124,-23.8219,-31.3552,196.615,309.466,0,21
124,-23.1003,-31.8906,-74.1313,326.029,0,21
124,-21.3796,-33.0688,195.074,165.57,0,21
124,-21.2444,-33.1558,86.5744,719.613,0,21
124,-20.0378,-33.8987,-65.7243,167.992,0,21
124,-16.5893,-35.7132,283.332,213.531,0,21
124,-16.2766,-35.8568,285.428,1.17474,0,21
124,-9.12786,-38.3056,-64.8765,6316.36,0,21
124,-8.96532,-38.3439,-28.2904,393.434,0,21
124,-7.43169,-38.6705,103.306,105.049,0,21
124,-6.94824,-38.7602,-83.5809,397.119,0,21
124,-3.70939,-39.203,-91.7074,631.793,0,21
124,-3.28152,-39.2411,84.642,904.276,0,21
124,-0.872259,-39.3684,207.048,578.727,0,21
124,-0.227325,-39.3774,-97.7469,312.272,0,21
124,1.89243,-39.3326,209.225,1484.96,0,21
124,3.48361,-39.2237,117.205,2329.83,0,21
124,3.86814,-39.1877,199.965,240.402,0,21
124,5.76694,-38.9535,221.167,795.223,0,21
124,8.32559,-38.4879,267.194,940.873,0,21
124,8.90087,-38.359,305.78,30,0,21
124,9.33498,-38.2556,-78.7481,803.841,0,21
124,10.7867,-37.8719,38.8171,494.636,0,21
124,12.0631,-37.4849,161.918,534.32,0,21
124,12.3601,-37.388,151.315,480.66,0,21
124,12.4885,-37.3453,-26.8046,207.914,0,21
124,14.053,-36.7851,-61.6042,235.046,0,21
124,14.4795,-36.6194,126.011,543.293,0,21
124,15.2923,-36.2875,170.403,5532.66,0,21
124,16.1459,-35.9158,59.1451,233.245,0,21
124,21.4924,-32.9956,-57.0192,96.067,0,21
124,21.6865,-32.8684,118.754,241.876,0,21
124,22.4818,-32.3296,147.927,499.249,0,21
124,24.9677,-30.4508,-35.2091,162.237,0,21
124,25.6175,-29.9062,-65.3113,485.256,0,21
124,25.8608,-29.696,-52.8465,357.232,0,21
124,26.4002,-29.2175,284.392,286.964,0,21
124,27.1642,-28.5086,155.57,991.933,0,21
124,27.5175,-28.1677,213.98,157.318,0,21
124,28.3883,-27.2899,-100.368,2456.12,0,21
124,28.9801,-26.6606,281.976,194.733,0,21
124,29.032,-26.6041,-39.9837,91.9035,0,21
124,30.551,-24.8449,264.916,791.711,0,21
124,31.7219,-23.3314,121.177,1107.58,0,21
124,32.8331,-21.7398,81.9489,160.96,0,21
124,33.2572,-21.0854,-39.3513,551.569,0,21
124,33.5519,-20.6133,-20.0161,6589.31,0,21
124,33.9272,-19.9896,-63.1724,1000.49,0,21
124,33.9811,-19.8978,37.9112,245.827,0,21
124,34.5117,-18.9625,-12.7258,3434.03,0,21
124,34.7928,-18.4417,65.7996,150.874,0,21
124,34.9408,-18.1598,103.004,326.491,0,21
124,35.1296,-17.7918,-44.2132,643.629,0,21
124,35.213,-17.6262,260.738,335.858,0,21
124,35.4463,-17.1522,95.4595,247.613,0,21
124,35.7905,-16.4217,-21.9026,212.485,0,21
124,35.8568,-16.2766,-60.7785,211.151,0,21
124,36.8681,-13.8339,223.291,561.843,0,21
124,37.3001,-12.623,64.6806,423.664,0,21
124,37.7511,-11.2022,61.9132,977.186,0,21
124,37.8036,-11.0237,-71.0837,754.764,0,21
124,38.2798,-9.23536,28.5697,556.123,0,21
124,38.836,-6.51125,-60.5513,1415.15,0,21
124,39.2284,-3.43034,-79.689,673.594,0,21
124,39.3689,-0.852894,-34.508,977.393,0,21
124,39.184,3.90474,204.408,3196.24,0,21
124,38.9408,5.85253,-9.70886,750.542,0,21
124,38.9266,5.94595,-35.2988,164.596,0,21
124,38.7849,6.80941,-41.0287,3013.47,0,21
124,38.7735,6.87392,-37.66,11.3153,0,21
124,38.4754,8.38344,-76.4637,404.191,0,21
124,38.2285,9.44535,21.0699,2612.99,0,21
124,38.1821,9.63121,-11.6515,3253.4,0,21
124,37.724,11.2931,-96.2052,230.743,0,21
124,37.5779,11.77,219.496,164.219,0,21
124,37.1234,13.1335,246.873,6154.23,0,21
124,36.8133,13.9791,119.533,280.908,0,21
124,36.5289,14.7062,-18.3482,207.53,0,21
124,35.8337,16.3274,288.431,5568.69,0,21
124,34.8367,18.3586,143.111,380.024,0,21
124,34.663,18.6846,74.2087,640.487,0,21
124,33.8312,20.1516,-44.5897,250.858,0,21
124,33.8366,20.1425,247.21,396.347,0,21
124,33.3956,20.8655,86.6267,703.249,0,21
124,31.9852,22.9691,17.5022,3924.03,0,21
124,30.5611,24.8325,-41.7819,210.674,0,21
124,28.8342,26.8183,-40.204,15.1077,0,21
124,28.5337,27.1379,-40.628,21.0832,0,21
124,26.6338,29.0047,-14.9612,369.878,0,21
124,24.0977,31.1438,-27.3685,768.386,0,21
124,23.8093,31.3648,-81.1051,215.525,0,21
124,22.948,32.0004,15.6919,215.242,0,21
124,22.5484,32.2832,-96.7509,612.048,0,21
124,21.2928,33.1248,104.215,220.937,0,21
124,19.2619,34.3455,-97.1582,291.116,0,21
124,18.9473,34.52,-37.5389,1099.98,0,21
124,17.3858,35.3323,75.5878,321.95,0,21
124,16.8735,35.5798,137.181,45.5066,0,21
124,15.6869,36.1186,159.429,473.793,0,21
124,14.8441,36.4731,133.179,609.085,0,21
124,12.7382,37.2609,-32.8571,351.138,0,21
124,10.7911,37.8707,35.0548,299.614,0,21
124,8.44294,38.4623,-87.5189,700.4,0,21
124,7.66413,38.6251,-47.0615,138.404,0,21
124,7.6494,38.628,-35.2278,141.499,0,21
124,7.08982,38.7346,-46.988,15.1265,0,21
124,5.38232,39.0085,0.0810803,527.704,0,21
124,5.28126,39.0223,-81.1638,1530.58,0,21
124,4.25438,39.1476,100.098,244.035,0,21
124,4.20323,39.1531,-19.8246,346.463,0,21
124,3.83246,39.1912,-27.7013,62.6233,0,21
124,1.72598,39.3403,20.195,388.106,0,21
124,-0.730793,39.3713,-22.2559,435.489,0,21
124,-1.58816,39.3461,227.909,431.829,0,21
124,-2.56633,39.2944,-42.8483,961.98,0,21
124,-3.24873,39.2439,-3.03879,247.837,0,21
124,-4.69415,39.0973,274.762,834.429,0,21
124,-6.76116,38.7933,-8.0534,472.252,0,21
124,-9.28518,38.2677,-22.9746,436.855,0,21
124,-9.1109,38.3096,219.445,337.312,0,21
124,-10.7908,37.8708,223.142,146.049,0,21
124,-11.3309,37.7127,-5.10938,209.957,0,21
124,-11.4414,37.6793,-76.7388,264.027,0,21
124,-11.3945,37.6935,178.759,209.791,0,21
124,-13.7445,36.9016,-100.701,1377.59,0,21
124,-15.9297,36.0122,-38.8325,1273.2,0,21
124,-16.2011,35.8909,181.086,628.636,0,21
124,-16.8788,35.5772,-66.0892,288.698,0,21
124,-17.5355,35.2582,169.065,90.607,0,21
124,-18.2968,34.8692,136.099,1117.37,0,21
124,-19.947,33.9522,-93.8713,1141.21,0,21
124,-21.2685,33.1404,-101.992,327.121,0,21
124,-21.5029,32.9888,-49.9949,374.367,0,21
124,-22.0716,32.611,61.7823,525.772,0,21
124,-22.054,32.623,178.186,411.641,0,21
124,-23.327,31.7252,-22.8476,112.149,0,21
124,-23.8226,31.3547,36.8062,217.495,0,21
124,-24.9532,30.4627,135.506,1846.27,0,21
124,-25.394,30.0961,-64.1091,102.689,0,21
124,-27.1017,28.5681,8.53647,266.883,0,21
124,-29.1824,26.4391,106.663,184.034,0,21
124,-29.6039,25.9663,128.672,403.922,0,21
124,-30.2915,25.1606,29.8477,269.641,0,21
124,-33.1244,21.2933,55.655,1073.82,0,21
124,-33.9662,19.9232,-93.9724,937.124,0,21
124,-34.5938,18.8124,-70.2598,1445.94,0,21
124,-35.208,17.6361,-11.3733,408.989,0,21
124,-35.551,16.9341,-61.9673,194.326,0,21
124,-36.6043,14.5175,125.036,181.828,0,21
124,-36.8782,13.807,234.535,2439.97,0,21
124,-37.1259,13.1264,20.1667,743.288,0,21
124,-37.0793,13.2574,-93.5827,851.62,0,21
124,-37.0854,13.2405,-12.715,174.87,0,21
124,-37.1647,13.0161,-50.8748,497.438,0,21
124,-37.4353,12.216,26.9534,144.499,0,21
124,-38.3362,8.99843,-66.875,147.895,0,21
124,-38.5047,8.2474,132.673,159.086,0,21
124,-38.6703,7.43237,-71.955,310.815,0,21
124,-38.7308,7.11053,182.741,180.736,0,21
124,-38.9761,5.61231,-53.4362,664.013,0,21
124,-39.0417,5.13627,-75.737,122.408,0,21
124,-39.295,2.55696,23.637,199.285,0,21
124,-39.3519,1.43507,40.551,137.167,0,21
124,-39.3559,1.32146,171.843,167.06,0,21
124,-39.3693,-0.833455,-2.73272,330.61,1,21
124,-39.3434,-1.65296,-24.6152,489.796,1,21
124,-39.3539,-1.38062,-76.965,203.939,1,21
124,-39.3235,-2.07384,-61.1674,478.941,1,21
124,-39.2953,-2.55188,89.0666,2855.61,1,21
124,-39.1678,-4.06403,46.6612,512.412,1,21
124,-39.1556,-4.18001,3.90766,603.57,1,21
124,-38.9245,-5.95997,-298.956,614.508,1,21
124,-37.4358,-12.2144,-248.404,946.441,1,21
124,-37.1166,-13.1526,-34.6791,596.529,1,21
124,-36.3904,-15.0457,-73.5563,666.695,1,21
124,-36.1312,-15.6579,47.5157,901.157,1,21
124,-35.8353,-16.3238,93.6545,287.129,1,21
124,-35.8568,-16.2766,-149.21,209.588,1,21
124,-35.2537,-17.5445,-140.162,148.306,1,21
124,-34.8654,-18.3041,83.1417,428.172,1,21
124,-34.6345,-18.7373,-233.052,212.167,1,21
124,-34.3733,-19.2122,-15.34,19.0466,1,21
124,-31.5651,-23.5431,25.2636,452.758,1,21
124,-30.5086,-24.8969,81.9161,1874.38,1,21
124,-30.3314,-25.1126,91.6387,356.196,1,21
124,-29.8207,-25.717,35.8637,171.861,1,21
124,-29.7396,-25.8107,-98.2066,338.905,1,21
124,-28.2232,-27.4606,-66.6442,483.348,1,21
124,-24.1492,-31.1038,-257.349,188.896,1,21
124,-23.7566,-31.4048,-214.262,225.39,1,21
124,-23.7975,-31.3738,-216.74,2.13081,1,21
124,-22.899,-32.0354,-157.182,365.123,1,21
124,-21.0961,-33.2504,-95.7024,269.099,1,21
124,-20.6218,-33.5466,-49.5264,1695.89,1,21
124,-19.2123,-34.3733,105.206,320.551,1,21
124,-19.0879,-34.4425,-49.7053,403.217,1,21
124,-18.9653,-34.5102,-70.4544,868.644,1,21
124,-17.3835,-35.3334,-239.55,149.666,1,21
124,-16.5116,-35.7491,101.867,62.4627,1,21
124,-15.9715,-35.9937,-181.052,3912.46,1,21
124,-14.8253,-36.4808,-24.5464,1340.11,1,21
124,-14.8136,-36.4855,-136.4,338.238,1,21
124,-13.9026,-36.8423,59.1953,326.511,1,21
124,-12.67,-37.2841,5.87742,252.527,1,21
124,-12.4619,-37.3542,34.8229,272.168,1,21
124,-11.9472,-37.522,5.71268,389.764,1,21
124,-6.25813,-38.8776,-174.618,3379.09,1,21
124,-2.14426,-39.3197,101.71,769.859,1,21
124,-1.9933,-39.3276,56.7392,463.843,1,21
124,-2.17416,-39.318,-282.829,965.428,1,21
124,-1.42904,-39.3522,64.4741,328.692,1,21
124,-0.850998,-39.3689,-16.3062,122.391,1,21
124,-0.278338,-39.3771,27.2432,1073.91,1,21
124,-0.339472,-39.3766,-302.648,711.833,1,21
124,1.59056,-39.346,27.1144,175.133,1,21
124,1.62024,-39.3448,-106.046,275.514,1,21
124,3.44352,-39.2272,99.7362,543.897,1,21
124,3.55171,-39.2176,56.0298,141.252,1,21
124,9.68993,-38.1673,29.9003,133.331,1,21
124,11.2071,-37.7496,-189.069,372.99,1,21
124,11.0249,-37.8033,-234.33,313.889,1,21
124,12.0878,-37.4769,-45.0221,1815.75,1,21
124,12.1349,-37.4617,46.6795,73.39,1,21
124,19.2122,-34.3733,35.7695,66.6757,1,21
124,19.6495,-34.1253,83.6201,190.812,1,21
124,19.7855,-34.0466,-29.3391,112.2,1,21
124,20.4198,-33.6699,-7.07784,408.906,1,21
124,20.9648,-33.3334,80.1269,73.6049,1,21
124,21.4001,-33.0555,-32.4336,225.926,1,21
124,25.0024,-30.4223,68.612,13.0278,1,21
124,29.3064,-26.3015,-196.512,305.796,1,21
124,29.6139,-25.9548,-289.644,3797.49,1,21
124,31.049,-24.2197,-270.044,317.592,1,21
124,32.036,-22.8983,-63.3218,398.631,1,21
124,32.65,-22.0139,-34.6919,207.889,1,21
124,34.3733,-19.2123,45.0053,122.474,1,21
124,35.5798,-16.8735,5.86,34.1248,1,21
124,36.4157,-14.9843,65.1872,553.833,1,21
124,36.691,-14.2971,9.80645,484.839,1,21
124,37.298,-12.629,-246.834,323.421,1,21
124,37.3282,-12.5395,-65.9186,117.488,1,21
124,37.5705,-11.7937,11.2683,879.275,1,21
124,37.6814,-11.4343,48.6055,61.4683,1,21
124,38.9504,-5.78791,-46.1387,1044.25,1,21
124,39.11,4.58725,-182.901,236.601,1,21
124,38.8651,6.33523,-16.5482,317.037,1,21
124,38.8206,6.60263,-267.971,7274.55,1,21
124,38.6904,7.32725,-244.183,266.671,1,21
124,38.3307,9.0219,-48.213,179.435,1,21
124,36.9858,13.5161,-250.502,179.584,1,21
124,33.5805,20.5666,-272.058,691.112,1,21
124,33.4205,20.8256,38.2854,137.639,1,21
124,32.985,21.5087,-171.173,213.664,1,21
124,31.7839,23.2469,79.9621,1071.92,1,21
124,31.4279,23.726,-15.9449,155.574,1,21
124,30.2475,25.2136,-24.3042,1724.55,1,21
124,30.4319,24.9906,78.9843,2776.22,1,21
124,30.2582,25.2007,-87.6748,209.203,1,21
124,29.4239,26.17,86.8332,206.984,1,21
124,28.8081,26.8464,34.8172,167.815,1,21
124,27.2982,28.3803,-47.8639,1804.04,1,21
124,27.0943,28.575,-175.49,217.237,1,21
124,26.4852,29.1405,-300.584,808.906,1,21
124,24.4484,30.8692,-172.295,789.193,1,21
124,24.3105,30.978,-286.491,455.384,1,21
124,23.9651,31.2459,10.8853,338.636,1,21
124,23.5279,31.5765,21.491,255.866,1,21
124,23.7341,31.4218,-34.6074,80.813,1,21
124,23.6514,31.484,-71.7725,158.64,1,21
124,22.0539,32.623,38.4568,317.036,1,21
124,21.3702,33.0749,-42.2236,1278.36,1,21
124,20.9905,33.3172,-34.8552,433.645,1,21
124,20.9942,33.3148,-193.172,358.413,1,21
124,19.9312,33.9615,70.8135,447.299,1,21
124,17.0087,35.5153,-193.387,142.413,1,21
124,9.01224,38.3329,64.3472,601.624,1,21
124,8.83402,38.3744,68.8994,1463.13,1,21
124,8.60173,38.4271,-258.7,2981.09,1,21
124,6.03914,38.9123,-239.224,329.607,1,21
124,6.0343,38.913,-280.826,636.467,1,21
124,5.9022,38.9333,-300.49,643.173,1,21
124,4.58063,39.1108,38.898,539.683,1,21
124,3.48509,39.2236,15.3301,472.267,1,21
124,2.6132,39.2913,-15.6015,135.954,1,21
124,-5.44362,39,85.302,759.153,1,21
124,-6.22506,38.8829,-305.78,25.0693,1,21
124,-9.66114,38.1746,-78.94,19.1387,1,21
124,-12.333,37.3969,89.6145,499.478,1,21
124,-13.7614,36.8953,-78.7715,162.27,1,21
124,-14.6993,36.5317,-204.119,324.761,1,21
124,-15.8876,36.0308,20.159,232.655,1,21
124,-17.493,35.2793,9.63397,525.478,1,21
124,-18.3952,34.8174,36.2115,228.193,1,21
124,-18.364,34.8338,-78.3691,178.418,1,21
124,-18.9663,34.5096,31.3923,64.3303,1,21
124,-20.696,33.5009,70.9332,171.975,1,21
124,-22.4826,32.3291,-104.443,556.158,1,21
124,-23.0516,31.9258,-231.065,619.891,1,21
124,-23.3708,31.6929,97.9268,268.299,1,21
124,-23.7256,31.4282,-34.1122,295.216,1,21
124,-24.8758,30.5259,60.1139,465.436,1,21
124,-26.8694,28.7866,25.6656,1236.15,1,21
124,-28.2177,27.4663,-165.42,1694.14,1,21
124,-29.3561,26.246,75.8692,350.368,1,21
124,-29.6192,25.9488,101.738,2425.39,1,21
124,-29.7142,25.8399,99.14,11.5705,1,21
124,-31.6037,23.4913,40.7152,454.301,1,21
124,-31.6898,23.375,-88.2746,1362.64,1,21
124,-32.0636,22.8596,-36.0647,274.092,1,21
124,-32.3389,22.4684,92.9197,617.81,1,21
124,-33.1005,21.3306,16.17,701.328,1,21
124,-33.4791,20.7312,34.7028,3209.73,1,21
124,-33.7659,20.2608,27.2219,256.55,1,21
124,-34.7663,18.4917,-105.371,54.2791,1,21
124,-35.8271,16.3419,-267.335,296.181,1,21
124,-37.1637,13.0189,-289.139,1056.78,1,21
124,-37.7208,11.3039,-55.0951,105.516,1,21
124,-37.9033,10.676,-211.074,3134.38,1,21
124,-37.9003,10.6866,41.6615,297.708,1,21
124,-39.2827,2.7396,-117.593,216.496,1,21
124,-39.9416,-0.757496,79.8731,212.193,0,22
124,-39.9267,-1.32876,-44.2395,816.009,0,22
124,-39.9167,-1.60189,-30.8265,507.724,0,22
124,-39.9168,-1.59761,35.651,687.615,0,22
124,-39.8014,-3.42871,225.762,249.274,0,22
124,-39.6827,-4.60327,44.4061,133.98,0,22
124,-39.1739,-7.83045,-80.7715,1208.88,0,22
124,-39.0147,-8.58826,-25.1405,1253.19,0,22
124,-38.7672,-9.64409,93.7301,879.501,0,22
124,-38.8229,-9.41754,271.36,912.696,0,22
124,-37.3942,-14.0562,-57.0847,1116.27,0,22
124,-37.3783,-14.0987,204.251,574.125,0,22
124,-37.16,-14.6643,-100.063,732.343,0,22
124,-37.0279,-14.9946,128.031,697.278,0,22
124,-36.9889,-15.0908,238.12,545.992,0,22
124,-36.8261,-15.4838,-90.0919,512.077,0,22
124,-34.7146,-19.7687,-55.0865,179.837,0,22
124,-34.1278,-20.7654,39.485,605.161,0,22
124,-34.0193,-20.9426,-1.41724,392.826,0,22
124,-33.8583,-21.202,-62.2309,582.121,0,22
124,-33.5327,-21.7132,275.353,446.04,0,22
124,-33.0091,-22.5012,-43.3776,787.736,0,22
124,-33.0013,-22.5127,160.758,628,0,22
124,-32.2275,-23.6071,-7.17364,653.544,0,22
124,-30.6367,-25.6378,259.404,3407.88,0,22
124,-30.0548,-26.3176,9.42387,455.943,0,22
124,-30.0431,-26.3309,63.6925,319.153,0,22
124,-29.9829,-26.3995,249.01,327.22,0,22
124,-29.8953,-26.4986,-16.99,1129.38,0,22
124,-27.692,-28.7934,-43.8988,436.646,0,22
124,-26.4446,-29.9431,189.347,9182.23,0,22
124,-26.0463,-30.2902,-60.9532,428.731,0,22
124,-24.3797,-31.6471,-10.2046,1128.2,0,22
124,-24.2436,-31.7514,195.447,376.97,0,22
124,-23.3452,-32.4177,-75.3818,388.868,0,22
124,-21.5964,-33.6081,193.888,576.615,0,22
124,-21.3858,-33.7425,85.4624,637.881,0,22
124,-20.1973,-34.467,-66.1454,253.103,0,22
124,-17.2684,-36.0237,283.131,364.506,0,22
124,-10.8759,-38.4399,14.916,12.1284,0,22
124,-9.37223,-38.8339,-63.1763,11395.2,0,22
124,-8.80823,-38.9656,-42.6353,418.17,0,22
124,-8.73832,-38.9814,-29.1363,512.316,0,22
124,-6.93033,-39.3431,-84.2109,173.969,0,22
124,-4.8202,-39.6569,-6.94787,1687.09,0,22
124,-3.60882,-39.7855,-67.7997,135.227,0,22
124,-3.46366,-39.7984,-93.6551,1281.71,0,22
124,-3.10472,-39.828,-66.1732,570.797,0,22
124,-3.18351,-39.8218,83.3236,1093.98,0,22
124,-2.70612,-39.857,14.4464,1257.06,0,22
124,-0.944587,-39.9376,-43.421,630.047,0,22
124,-0.491994,-39.9458,4.37508,291.197,0,22
124,-0.48485,-39.9459,131.201,193.458,0,22
124,-0.295016,-39.9477,-98.5336,481.849,0,22
124,0.162499,-39.9485,-55.4289,831.052,0,22
124,1.7158,-39.9119,220.378,629.363,0,22
124,2.05897,-39.8957,208.458,424.13,0,22
124,3.47725,-39.7972,118.553,2534.35,0,22
124,4.77801,-39.662,58.6052,960.274,0,22
124,6.01397,-39.4935,220.614,300.697,0,22
124,7.03492,-39.3245,60.4189,408.335,0,22
124,7.91549,-39.1568,123.922,534.421,0,22
124,9.54837,-38.7909,305.564,681.933,0,22
124,9.52392,-38.7969,-79.4808,406.218,0,22
124,11.0898,-38.3787,38.6834,291.81,0,22
124,12.2335,-38.0296,150.98,209.147,0,22
124,12.4207,-37.9688,159.983,683.259,0,22
124,12.6291,-37.9,-27.1745,291.799,0,22
124,14.6022,-37.1844,-62.8179,691.026,0,22
124,14.7659,-37.1197,125.979,196.812,0,22
124,15.4016,-36.8605,166.879,1812.24,0,22
124,16.6821,-36.299,57.7865,466.143,0,22
124,22.1626,-33.2374,-58.2425,317.325,0,22
124,22.3298,-33.1253,118.576,565.244,0,22
124,22.8628,-32.7597,147.22,107.314,0,22
124,24.8797,-31.2555,-36.0536,454.729,0,22
124,25.9057,-30.4105,-65.8322,1452.24,0,22
124,26.6667,-29.7455,-52.3126,129.207,0,22
124,26.7268,-29.6915,214.556,1160.27,0,22
124,26.9454,-29.4933,282.618,812.925,0,22
124,27.0442,-29.4027,-99.4392,2696.1,0,22
124,27.101,-29.3503,-51.4427,427.741,0,22
124,27.8171,-28.6725,213.004,705.848,0,22
124,28.926,-27.5534,-100.158,2552.01,0,22
124,29.4942,-26.9444,-41.0378,671.894,0,22
124,29.5041,-26.9335,280.877,809.699,0,22
124,29.9947,-26.3861,-90.2541,1038.15,0,22
124,31.0364,-25.1524,262.847,2972.74,0,22
124,31.9102,-24.0343,119.967,729.004,0,22
124,32.12,-23.7531,129.553,410.694,0,22
124,33.7179,-21.4245,-23.707,7590.28,0,22
124,33.7915,-21.3082,-39.5394,1201.28,0,22
124,34.3557,-20.386,-64.3063,1926.51,0,22
124,34.5833,-19.9976,-14.0072,2623.31,0,22
124,34.6522,-19.878,37.812,13.0832,0,22
124,35.4406,-18.4356,-46.0301,664.682,0,22
124,35.3443,-18.6196,65.3008,570.26,0,22
124,35.4679,-18.383,102.328,242.86,0,22
124,35.695,-17.938,260.173,280.4,0,22
124,35.9053,-17.5134,94.183,1065.68,0,22
124,36.2117,-16.8706,-23.4182,908.105,0,22
124,36.8221,-15.4931,11.1,19.1126,0,22
124,37.2616,-14.4042,222.753,718.544,0,22
124,37.6935,-13.2327,63.532,497.595,0,22
124,38.3259,-11.2708,60.3639,1553.2,0,22
124,38.4108,-10.9781,-71.6551,255.488,0,22
124,38.8035,-9.49726,-38.5821,1039.49,0,22
124,38.7818,-9.58532,230.646,396.73,0,22
124,38.896,-9.11089,28.5766,167.9,0,22
124,38.9755,-8.76438,106.184,376.064,0,22
124,39.636,-4.98912,-45.6111,460.042,0,22
124,39.6765,-4.65625,218.862,566.245,0,22
124,39.7701,-3.77424,-81.0761,1142.05,0,22
124,39.8763,-2.40618,-37.5729,3663.85,0,22
124,39.9384,0.911561,-43.8706,233.593,0,22
124,39.902,1.93381,-19.3634,1379.32,0,22
124,39.7639,3.83962,203.017,6226.78,0,22
124,39.5394,5.7048,-10.954,1970.56,0,22
124,39.5072,5.92381,-36.4837,536.994,0,22
124,39.4033,6.57918,-42.8806,613.374,0,22
124,39.2479,7.45026,20.0566,285.199,0,22
124,39.0499,8.42707,-76.8354,2079.71,0,22
124,38.8212,9.42455,-9.19987,13647.4,0,22
124,38.8322,9.37923,20.9645,1348.2,0,22
124,38.7859,9.56861,-26.5307,947.62,0,22
124,38.0812,12.0719,218.852,496.17,0,22
124,37.7495,13.0721,247.252,7302.75,0,22
124,37.3933,14.0586,119.328,1008.24,0,22
124,37.2363,14.4694,-18.6174,643.797,0,22
124,37.3124,14.272,140.493,1673.43,0,22
124,36.6737,15.8414,287.087,10325.9,0,22
124,36.4478,16.3544,64.1682,628.399,0,22
124,35.1771,18.9335,142.663,91.7887,0,22
124,35.0801,19.1126,71.7931,2047.89,0,22
124,34.5631,20.0325,302.316,2938.72,0,22
124,34.4397,20.2438,247.073,213.516,0,22
124,34.3775,20.3493,-45.5787,245.007,0,22
124,34.034,20.9188,85.5334,1019.95,0,22
124,33.8871,21.1558,164.572,15204.3,0,22
124,32.4413,23.3124,20.2685,6095.56,0,22
124,31.0335,25.1561,-43.5421,1440.48,0,22
124,28.9472,27.5312,-80.7341,260.809,0,22
124,28.9472,27.5312,-41.476,14.0954,0,22
124,28.9472,27.5312,46.491,116.964,0,22
124,28.0111,28.4831,84.876,25.0277,0,22
124,27.6533,28.8305,16.7234,70.8343,0,22
124,27.3343,29.1332,-15.2672,180.975,0,22
124,25.524,30.7316,20.1267,3846.22,0,22
124,24.7029,31.3954,-29.2474,626.114,0,22
124,23.932,31.987,-82.6487,822.722,0,22
124,22.9636,32.6891,15.1768,265.862,0,22
124,22.316,33.1346,151.554,243.403,0,22
124,21.7241,33.5257,24.8305,270.991,0,22
124,21.6635,33.5649,103.656,381.317,0,22
124,19.6847,34.7624,-97.8953,66.9902,0,22
124,19.101,35.0864,-35.964,11.2068,0,22
124,17.7647,35.7816,74.5858,749.076,0,22
124,16.4649,36.398,16.9144,472.03,0,22
124,15.9751,36.6156,157.205,518.391,0,22
124,13.8302,37.4784,-55.1104,476.697,0,22
124,13.0093,37.7712,303.202,714.543,0,22
124,12.888,37.8128,-33.5243,260.501,0,22
124,10.8151,38.457,34.5311,70.5621,0,22
124,8.70543,38.9887,-89.3457,2439.46,0,22
124,7.96978,39.1457,-46.5324,174.367,0,22
124,7.29252,39.2775,-35.5542,440.6,0,22
124,7.43871,39.2501,127.347,175.587,0,22
124,6.22447,39.4609,-21.3285,797.587,0,22
124,5.5044,39.5678,-82.6849,1961.39,0,22
124,5.6357,39.5493,-0.521935,213.438,0,22
124,4.49152,39.6955,99.5807,577.632,0,22
124,4.13296,39.7344,-20.3464,435.151,0,22
124,3.98317,39.7497,-29.1233,477.286,0,22
124,2.00911,39.8982,19.6674,639.095,0,22
124,-0.83499,39.9401,-23.7886,493.7,0,22
124,-1.67315,39.9137,227.317,325.524,0,22
124,-1.88411,39.9043,39.2231,438.257,0,22
124,-2.09926,39.8936,-43.0255,792.456,0,22
124,-2.9793,39.8376,-4.86421,876.012,0,22
124,-4.95199,39.6407,272.923,1014.23,0,22
124,-6.92391,39.3442,-8.18083,418.306,0,22
124,-8.98293,38.9257,218.463,300.13,0,22
124,-9.30638,38.8497,-23.2895,272.812,0,22
124,-10.6615,38.4998,-6.55226,121.65,0,22
124,-11.6479,38.213,24.7739,291,0,22
124,-11.7663,38.1767,177.424,713.322,0,22
124,-12.5149,37.9379,-101.809,674.885,0,22
124,-11.9822,38.1095,-77.1828,562.098,0,22
124,-14.6161,37.179,23.91,623.949,0,22
124,-15.4898,36.8236,-41.19,7908.58,0,22
124,-16.177,36.5269,179.663,698.663,0,22
124,-17.0512,36.1271,-66.6172,217.993,0,22
124,-17.6393,35.8436,169.014,248.111,0,22
124,-18.4365,35.4401,134.81,1224.85,0,22
124,-21.3779,33.7475,-103.476,888.901,0,22
124,-21.4855,33.6791,-48.9645,592.032,0,22
124,-22.8335,32.7801,60.8246,858.99,0,22
124,-22.6109,32.9341,176.314,636.259,0,22
124,-23.4942,32.3099,-24.1479,493.011,0,22
124,-24.0098,31.9286,36.7482,485.072,0,22
124,-25.3269,30.8942,-64.3891,1335.63,0,22
124,-25.5299,30.7267,134.187,1112.73,0,22
124,-27.4392,29.0344,7.92647,541.428,0,22
124,-28.4831,28.0111,-65.22,20.0971,0,22
124,-29.2739,27.1836,105.504,947.97,0,22
124,-30.9796,25.2224,29.7026,766.525,0,22
124,-30.7712,25.4763,174.754,196.829,0,22
124,-33.3503,21.9923,53.8027,1464.71,0,22
124,-34.3773,20.3497,-94.1452,236.978,0,22
124,-34.9132,19.4159,52.2911,302.393,0,22
124,-35.0605,19.1486,-71.561,731.123,0,22
124,-35.2329,18.8295,283.937,784.316,0,22
124,-35.8172,17.6928,-11.6539,186.791,0,22
124,-35.8742,17.577,-6.27148,300.709,0,22
124,-36.2063,16.8822,-62.3063,327.822,0,22
124,-36.5906,16.0324,-32.4247,2028.42,0,22
124,-36.5581,16.1062,-30.452,11.2838,0,22
124,-36.9531,15.1781,124.66,304.421,0,22
124,-37.4505,13.9056,233.569,1898.21,0,22
124,-37.5289,13.6926,-53.8165,291.951,0,22
124,-37.5945,13.5116,-13.9069,552.367,0,22
124,-37.584,13.5407,19.7557,258.163,0,22
124,-37.7238,13.1461,-51.0542,400.164,0,22
124,-38.0793,12.0777,26.6946,517.47,0,22
124,-38.9185,9.01407,-67.6249,351.02,0,22
124,-39.1923,7.73756,131.564,1094.24,0,22
124,-39.2116,7.63933,-72.8603,305.332,0,22
124,-39.3483,6.90072,181.553,484.174,0,22
124,-39.5811,5.40752,-77.3135,686.391,0,22
124,-39.5666,5.51294,-53.689,1024.16,0,22
124,-39.9196,1.5281,170.371,879.386,0,22
124,-39.936,1.01072,-52.3413,821.15,0,22
124,-39.9359,1.01656,40.5227,338.29,0,22
124,-39.9485,-0.146313,-238.854,314.81,1,22
124,-39.9451,-0.546211,-1.68442,312.129,1,22
124,-39.9134,-1.68129,-75.8672,2284.65,1,22
124,-39.8863,-2.23354,-24.4941,523.602,1,22
124,-39.8813,-2.32079,-59.8654,1077.98,1,22
124,-39.8535,-2.75714,90.9182,1178.44,1,22
124,-39.7728,-3.74547,4.85772,1223.23,1,22
124,-39.7314,-4.16234,43.5338,1523.19,1,22
124,-39.7445,-4.03463,47.5663,580.726,1,22
124,-39.4991,-5.97735,-298.103,381.842,1,22
124,-38.6835,-9.9748,9.14712,113.086,1,22
124,-37.9123,-12.5922,-247.18,758.938,1,22
124,-37.6331,-13.4035,-34.5466,352.84,1,22
124,-36.9051,-15.2945,-72.0718,1844.57,1,22
124,-36.7227,-15.7273,47.8164,926.945,1,22
124,-36.3241,-16.6272,94.2049,127.745,1,22
124,-35.7139,-17.9004,-139.556,125.66,1,22
124,-35.4772,-18.365,84.0348,308.745,1,22
124,-35.1431,-18.9965,49.711,460.921,1,22
124,-35.2393,-18.8175,-232.059,565.224,1,22
124,-34.111,-20.7929,-36.1676,427.809,1,22
124,-33.3589,-21.9793,-183.292,1101.04,1,22
124,-31.9495,-23.9819,25.4435,269.714,1,22
124,-31.2137,-24.9321,83.7499,2420.76,1,22
124,-30.8558,-25.3737,-145.672,1712.64,1,22
124,-30.6813,-25.5844,92.8386,1380.93,1,22
124,-30.3295,-26.0005,-97.4777,104.616,1,22
124,-30.0881,-26.2795,36.2755,163.797,1,22
124,-24.1908,-31.7917,-213.171,419.68,1,22
124,-23.292,-32.456,-155.812,539.651,1,22
124,-22.5751,-32.9586,-49.7376,215.587,1,22
124,-21.9126,-33.4028,-49.6357,612.195,1,22
124,-21.5217,-33.6559,-94.6158,1713.58,1,22
124,-20.7249,-34.1524,14.5585,858.986,1,22
124,-19.608,-34.8056,-49.4364,1113.98,1,22
124,-19.4907,-34.8715,105.5,34,1,22
124,-18.3914,-35.4635,16.3906,869.306,1,22
124,-18.0716,-35.6276,77.8637,528.919,1,22
124,-18.1532,-35.5861,-237.694,990.37,1,22
124,-16.8024,-36.2434,102.067,128.772,1,22
124,-15.2875,-36.908,-135.46,855.656,1,22
124,-15.1512,-36.9641,22.9352,254.231,1,22
124,-15.0471,-37.0067,-24.0185,982.928,1,22
124,-14.0554,-37.3946,60.4422,707.449,1,22
124,-12.9412,-37.7946,6.61404,173.968,1,22
124,-12.2181,-38.0345,-0.811697,793.59,1,22
124,-11.7314,-38.1874,5.809,255.152,1,22
124,-11.3324,-38.3077,-205.674,2136.83,1,22
124,-10.0168,-38.6726,-43.0741,74.8941,1,22
124,-7.40496,-39.2565,-175.338,11398.5,1,22
124,-2.45701,-39.8732,101.267,2830.52,1,22
124,-2.50147,-39.8704,57,546.874,1,22
124,-2.55728,-39.8669,94.1357,633,1,22
124,-2.47181,-39.8723,-281.258,2759.07,1,22
124,-1.13727,-39.9326,64.8922,306.228,1,22
124,-1.05238,-39.9349,-15.7983,264.266,1,22
124,-0.455363,-39.9462,28.415,1083.43,1,22
124,-0.0892506,-39.9487,-302.256,242.888,1,22
124,1.11144,-39.9333,-78.3475,2764.28,1,22
124,1.23896,-39.9296,26.899,204.892,1,22
124,1.36399,-39.9255,-105.345,232.375,1,22
124,2.80296,-39.8503,-146.436,122.211,1,22
124,3.56634,-39.7893,99.9894,208.799,1,22
124,3.76391,-39.7711,57.0674,634.716,1,22
124,3.88794,-39.7592,-120.759,303.712,1,22
124,5.63213,-39.5498,-7.78844,734.529,1,22
124,10.6615,-38.4998,-4.53781,100.718,1,22
124,11.0898,-38.3787,-4.49891,82.7563,1,22
124,11.1186,-38.3703,-233.955,247.528,1,22
124,11.6371,-38.2163,-187.58,541.82,1,22
124,11.9674,-38.1142,46.6896,466.718,1,22
124,11.9048,-38.1338,-31.767,873.836,1,22
124,12.0713,-38.0814,-44.7024,413.877,1,22
124,19.878,-34.6522,84.4591,160.9,1,22
124,20.2134,-34.4576,-29.0314,244.468,1,22
124,21.2393,-33.8348,-6.19685,384.527,1,22
124,21.7941,-33.4802,81.4206,843.151,1,22
124,21.7795,-33.4897,-31.1823,1011.16,1,22
124,24.1424,-31.8285,25.886,156.873,1,22
124,24.1424,-31.8285,-37.437,432.233,1,22
124,27.684,-28.8011,-162.818,265.433,1,22
124,27.6091,-28.8729,-216.826,707.306,1,22
124,29.3575,-27.0932,-196.61,567.302,1,22
124,29.6512,-26.7715,-289.221,2225.82,1,22
124,36.3436,-16.5846,7.64811,3148.01,1,22
124,37.1482,-14.6941,10.9439,617.12,1,22
124,37.9172,-12.5775,-64.0532,723.247,1,22
124,37.8595,-12.7502,-245.626,684.244,1,22
124,38.0455,-12.1839,12.3585,1396.55,1,22
124,38.1221,-11.9421,40.4261,670,1,22
124,39.2968,-7.18812,31.9865,337.633,1,22
124,39.5046,-5.9406,-44.2173,1354.2,1,22
124,39.6873,-4.56305,-60.7997,1588.18,1,22
124,39.8717,-2.48088,-254.285,1058.34,1,22
124,39.9467,-0.409017,-36.098,338.713,1,22
124,39.8186,3.22306,2.69347,28.2618,1,22
124,39.8145,3.27348,-99.0275,707.786,1,22
124,39.6689,4.72095,-182.434,575.844,1,22
124,39.4002,6.59764,-263.293,1186.72,1,22
124,39.3789,6.72386,-15.837,474.019,1,22
124,39.2085,7.65506,-244.08,295.975,1,22
124,37.5523,13.6284,-249.678,94.9166,1,22
124,33.9443,21.0639,-270.547,1253.94,1,22
124,33.8602,21.1989,39.1831,939.739,1,22
124,33.4957,21.7702,-170.007,767.553,1,22
124,32.2134,23.6263,81.0916,3435.97,1,22
124,31.8875,24.0644,-15.5092,66.6883,1,22
124,31.919,24.0226,-249.96,52.3956,1,22
124,30.9173,25.2988,81.0073,1089.48,1,22
124,30.7726,25.4746,-86.322,1392.35,1,22
124,30.134,26.2268,87.9767,338.373,1,22
124,29.38,27.0688,35.7538,586.688,1,22
124,27.692,28.7934,-47.166,79.0065,1,22
124,27.6121,28.87,-174.861,838.199,1,22
124,27.0689,29.3799,-299.979,881.799,1,22
124,24.9092,31.232,-171.247,3464.52,1,22
124,24.609,31.4691,-285.403,964.086,1,22
124,24.4915,31.5606,11.7194,363.931,1,22
124,24.2748,31.7276,-70.9086,242.087,1,22
124,24.1932,31.7899,-34.1035,179.97,1,22
124,23.7669,32.1098,21.7322,232.154,1,22
124,22.9499,32.6987,-13.3515,404.356,1,22
124,22.6821,32.8851,39.4275,853.695,1,22
124,21.2627,33.8202,-192.341,209.77,1,22
124,20.7859,34.1153,-42.3665,407.264,1,22
124,19.162,35.0532,69.9489,2238.15,1,22
124,18.3146,35.5033,69.2417,43.3695,1,22
124,17.3871,35.9666,-192.313,463.585,1,22
124,10.0168,38.6726,83.278,154.224,1,22
124,8.42362,39.0506,66.1003,1548.02,1,22
124,8.69799,38.9904,-256.606,2232.16,1,22
124,6.46372,39.4224,-279.578,1118.27,1,22
124,6.29418,39.4498,-238.914,159.708,1,22
124,6.11167,39.4785,-299.039,1190.67,1,22
124,4.51217,39.6932,40.6123,1424.26,1,22
124,4.5144,39.6929,-37.422,407.564,1,22
124,3.61749,39.7847,16.6546,1062.43,1,22
124,3.16144,39.8235,25.9523,915.517,1,22
124,2.55728,39.8669,-15.0985,152.318,1,22
124,-5.17641,39.612,87.1179,758.013,1,22
124,-5.56137,39.5598,22.0209,514.618,1,22
124,-6.31528,39.4465,-304.932,14.1414,1,22
124,-12.9787,37.7817,91.1329,622.808,1,22
124,-14.8279,37.095,-202.967,842.623,1,22
124,-15.9849,36.6113,20.366,196.103,1,22
124,-16.0744,36.5721,-24.6975,318.76,1,22
124,-17.5564,35.8843,10.7285,766.74,1,22
124,-18.8092,35.2437,37.2119,469.937,1,22
124,-18.7584,35.2708,32.6547,304.443,1,22
124,-18.888,35.2016,-78.8515,234.379,1,22
124,-20.3831,34.3574,-25.342,368.126,1,22
124,-20.8706,34.0636,72.2779,495.049,1,22
124,-22.7318,32.8508,-103.563,2291.25,1,22
124,-23.5037,32.303,-230.024,1840.63,1,22
124,-23.8285,32.0642,99.3142,253.276,1,22
124,-24.0062,31.9313,-33.8185,133.803,1,22
124,-24.6626,31.4271,59.3136,1758.28,1,22
124,-27.1658,29.2904,26.7797,1214.4,1,22
124,-28.4831,28.0111,-39.0033,236.406,1,22
124,-28.9249,27.5546,-166.123,8073.64,1,22
124,-29.6986,26.7189,77.7264,2235.73,1,22
124,-29.8024,26.603,100.706,5613.98,1,22
124,-31.8389,24.1286,42.6926,4297.08,1,22
124,-32.2098,23.6313,-87.5747,112.052,1,22
124,-32.6141,23.07,-35.9321,240.476,1,22
124,-32.8437,22.742,94.3309,1156.06,1,22
124,-32.9568,22.5777,16.1643,769.771,1,22
124,-34.0879,20.8308,34.427,6595.66,1,22
124,-34.2007,20.6451,21.8668,262,1,22
124,-35.3826,18.5466,-217.542,2263.85,1,22
124,-35.4509,18.4157,37.1964,827.21,1,22
124,-35.4097,18.4949,98.4567,927.665,1,22
124,-35.4064,18.5011,-105.086,579.195,1,22
124,-36.1887,16.92,-265.911,1218.66,1,22
124,-37.6573,13.3353,-287.127,449.004,1,22
124,-38.2528,11.5167,-54.4651,123.174,1,22
124,-38.4399,10.8759,42.748,12.0352,1,22
124,-38.4431,10.8645,-211.793,2052.11,1,22
124,-39.9486,0.111275,-238.788,21.0728,1,22
124,-41.6661,-0.163796,78.1847,650.593,0,23
124,-41.6396,-1.49328,-31.743,296.8,0,23
124,-41.6092,-2.1831,35.1843,121.489,0,23
124,-41.4965,-3.75865,224.606,176.252,0,23
124,-41.4117,-4.60001,43.4747,270.567,0,23
124,-40.9122,-7.8916,-80.4915,1811.17,0,23
124,-40.5053,-9.76775,-26.1843,354.077,0,23
124,-40.5254,-9.68418,90.699,650.598,0,23
124,-40.5065,-9.76286,270.929,2278.37,0,23
124,-39.1612,-14.2298,205.021,467.62,0,23
124,-39.0772,-14.459,202.623,329.578,0,23
124,-38.9052,-14.9155,-57.6568,1451.9,0,23
124,-38.7447,-15.3276,237.364,248.261,0,23
124,-38.4948,-15.9449,127.429,764.413,0,23
124,-38.3582,-16.2708,-91.4108,311.848,0,23
124,-36.0415,-20.907,-56.5474,80.7146,0,23
124,-35.5373,-21.7529,-2.85734,384.458,0,23
124,-35.3419,-22.0689,38.211,574.806,0,23
124,-35.3579,-22.0434,-64.9659,1093.58,0,23
124,-35.1647,-22.3503,-15.4077,618.985,0,23
124,-34.6857,-23.0867,-44.4715,632.158,0,23
124,-34.76,-22.9746,272.34,1629.23,0,23
124,-34.585,-23.2372,160.635,2390.85,0,23
124,-34.1411,-23.8846,-2.80202,1529.1,0,23
124,-33.2241,-25.1445,-9.35213,664.576,0,23
124,-32.2492,-26.3832,255.911,509.281,0,23
124,-31.8268,-26.8913,8.132,45.253,0,23
124,-31.7169,-27.0209,63.4246,288.769,0,23
124,-31.2702,-27.5366,249.095,77.0481,0,23
124,-31.0669,-27.7657,-19.3312,110.716,0,23
124,-29.0378,-29.8814,-45.7038,435.899,0,23
124,-26.869,-31.8457,187.764,8913.89,0,23
124,-27.1508,-31.6058,197.433,1376,0,23
124,-25.8897,-32.6467,-12.2804,668.881,0,23
124,-25.496,-32.9552,193.039,311.625,0,23
124,-24.1646,-33.9435,-78.119,909.603,0,23
124,-22.321,-35.1833,192.037,1221.38,0,23
124,-21.9419,-35.4209,83.8744,541.142,0,23
124,-20.907,-36.0415,-66.492,33.2896,0,23
124,-18.2937,-37.4356,282.883,627.895,0,23
124,-12.6567,-39.6976,281.538,817.633,0,23
124,-11.7385,-39.9787,14.2154,467.553,0,23
124,-11.5726,-40.027,146.319,934.143,0,23
124,-11.5295,-40.0395,12.372,79.6219,0,23
124,-10.5369,-40.3121,170.712,525.076,0,23
124,-10.1096,-40.4213,-66.4322,6429.4,0,23
124,-10.2067,-40.3969,169.649,96.8743,0,23
124,-10.0414,-40.4383,-61.9402,189,0,23
124,-9.31787,-40.6112,-44.1258,184.683,0,23
124,-9.07532,-40.666,101.508,561.908,0,23
124,-8.60412,-40.7683,-30.7411,136.878,0,23
124,-5.86071,-41.2522,-64.5965,60.496,0,23
124,-5.22466,-41.3375,-64.9389,115.667,0,23
124,-4.84657,-41.3836,-7.132,30.1925,0,23
124,-4.16881,-41.4573,-68.8068,106.833,0,23
124,-3.12194,-41.5493,-97.4939,1294.34,0,23
124,-3.03519,-41.5557,81.763,1240.8,0,23
124,-2.36035,-41.5995,13.3968,1474.9,0,23
124,-0.945942,-41.6557,4.316,100.324,0,23
124,-0.6581,-41.6612,204.632,202.019,0,23
124,-0.505507,-41.6633,-100.719,459.622,0,23
124,-0.517329,-41.6632,-43.4145,171.49,0,23
124,-0.25565,-41.6656,130.472,71.5099,0,23
124,2.64008,-41.5827,206.323,61.7233,0,23
124,3.47276,-41.5214,120.884,1613.83,0,23
124,3.80908,-41.4919,197.374,1196.04,0,23
124,5.30969,-41.3267,57.7607,299.902,0,23
124,6.70736,-41.123,219.15,770.993,0,23
124,7.53633,-40.9792,60.1466,390.744,0,23
124,7.76334,-40.9368,261.736,1010.53,0,23
124,8.12309,-40.8669,123.698,505.038,0,23
124,11.5977,-40.0198,38.2068,275.965,0,23
124,12.4154,-39.7737,150.645,372.302,0,23
124,13.1043,-39.5521,-27.5991,430.275,0,23
124,13.2498,-39.5035,156.441,806.633,0,23
124,15.4486,-38.6966,125.849,354.019,0,23
124,15.6346,-38.6219,-64.1388,328.091,0,23
124,15.7,-38.5953,163.669,1456.14,0,23
124,20.0593,-36.5201,243.538,776.623,0,23
124,23.7801,-34.2139,-60.857,1036.82,0,23
124,23.9513,-34.0943,146.185,154.216,0,23
124,25.2471,-33.1462,-37.5413,596.262,0,23
124,26.9574,-31.7708,-66.6658,515.424,0,23
124,27.6947,-31.1302,213.324,269.839,0,23
124,27.9767,-30.877,-102.046,479.527,0,23
124,28.1608,-30.7092,280.709,734.526,0,23
124,28.4476,-30.4438,150.346,867.215,0,23
124,28.8502,-30.0625,211.515,567.759,0,23
124,30.343,-28.555,-99.9249,2058.91,0,23
124,30.8762,-27.9777,-42.7023,516.943,0,23
124,31.0381,-27.7979,277.967,1194.31,0,23
124,31.0957,-27.7335,-91.1069,434.399,0,23
124,32.4896,-26.0867,259.089,1224.43,0,23
124,32.6404,-25.8978,20.335,330.151,0,23
124,32.8413,-25.6424,117.935,1066.62,0,23
124,33.5521,-24.7052,128.691,222.191,0,23
124,34.5578,-23.2776,-26.403,9503.23,0,23
124,35.0343,-22.5541,78.3707,1505.98,0,23
124,35.4107,-21.9584,-39.8789,1396,0,23
124,35.5475,-21.7363,-15.5521,2539.96,0,23
124,35.6161,-21.6237,-66.9207,1244.51,0,23
124,36.2553,-20.534,37.812,44.3451,0,23
124,36.6609,-19.8007,-48.5758,1311.35,0,23
124,36.9065,-19.3391,64.6848,263.75,0,23
124,37.0239,-19.1133,101.13,73.991,0,23
124,37.1685,-18.8306,259.464,834.447,0,23
124,37.2094,-18.7496,91.4969,227.035,0,23
124,38.6612,-15.537,221.794,824.964,0,23
124,39.1663,-14.2158,-48.6446,951.666,0,23
124,39.1396,-14.2891,62.0077,384.788,0,23
124,39.2594,-13.9567,62.404,30.1356,0,23
124,40.0276,-11.5707,57.8698,1911.8,0,23
124,40.3121,-10.5369,-73.8883,47.3695,0,23
124,40.3121,-10.5369,-56.4967,77.58,0,23
124,40.3969,-10.2067,-57.8522,278.257,0,23
124,40.5207,-9.70355,105.297,339.352,0,23
124,40.6352,-9.21228,28.6348,84.1343,0,23
124,40.7093,-8.87937,-37.715,701.921,0,23
124,40.8326,-8.29387,-37.2402,338.618,0,23
124,41.0269,-7.27193,-46.3951,393.846,0,23
124,41.1948,-6.2511,-44.8574,339.981,0,23
124,41.2554,-5.83802,-43.9192,208.209,0,23
124,41.3425,-5.18487,-42.6414,1470.62,0,23
124,41.3571,-5.06778,-46.6687,367.186,0,23
124,41.4078,-4.63463,217.796,493.987,0,23
124,41.4167,-4.55437,-85.2641,80.4144,0,23
124,41.4218,-4.50784,-84.1103,54.2141,0,23
124,41.4218,-4.50784,-41.2372,82.8081,0,23
124,41.4573,-4.16881,-83.452,26.2654,0,23
124,41.4777,-3.96067,-40.4587,307.362,0,23
124,41.6583,0.822913,-43.9441,140.593,0,23
124,41.5751,2.75605,-21.3262,1415.58,0,23
124,41.4971,3.75276,200.632,3724.71,0,23
124,41.2987,5.52305,-12.6512,383.262,0,23
124,41.2464,5.90131,-40.2345,1698.9,0,23
124,41.2522,5.86074,-12.0089,94.3462,0,23
124,41.1719,6.40017,-45.7871,528.264,0,23
124,40.8351,8.28174,19.0941,604.362,0,23
124,40.8182,8.36428,-78.3591,617.448,0,23
124,40.7246,8.80894,-9.1144,9735.97,0,23
124,40.6726,9.046,-3.21084,379,0,23
124,40.6082,9.33062,20.8657,2038.44,0,23
124,40.4778,9.88093,-28.484,1235.68,0,23
124,40.1797,11.0308,269.316,24.2124,0,23
124,40.0881,11.3592,268.468,38.208,0,23
124,39.6905,12.6789,217.624,615.908,0,23
124,39.5516,13.1058,244.404,8302.84,0,23
124,39.6023,12.9517,305.676,212.863,0,23
124,39.5796,13.021,251.729,934,0,23
124,39.1726,14.1986,-19.2128,429.162,0,23
124,39.078,14.4568,119.22,91.5442,0,23
124,38.7533,15.306,282.52,7577.56,0,23
124,38.8279,15.1156,139.252,1467.01,0,23
124,38.8437,15.075,290.691,787,0,23
124,38.1515,16.7497,61.5168,187.82,0,23
124,36.6446,19.8309,142.066,304.643,0,23
124,35.9603,21.0463,-46.9967,296.112,0,23
124,35.9889,20.9973,246.844,62.111,0,23
124,35.8692,21.2011,300.201,165.906,0,23
124,35.6556,21.5584,83.6187,2097.19,0,23
124,35.6496,21.5683,162.384,830.499,0,23
124,33.7565,24.4252,17.3434,3633.2,0,23
124,32.5083,26.0634,-46.8916,543.928,0,23
124,32.3328,26.2808,-57.0932,138.538,0,23
124,31.8271,26.891,-62.1925,451.092,0,23
124,31.2278,27.5846,-28.2151,817.592,0,23
124,30.5675,28.3146,-42.5904,381.389,0,23
124,30.1555,28.753,-83.0056,457.87,0,23
124,29.2813,29.6428,-16.036,30.0693,0,23
124,29.0378,29.8814,-16.0315,170.312,0,23
124,29.0378,29.8814,16.0147,90.5394,0,23
124,28.8735,30.0402,84.4445,399.286,0,23
124,29.0378,29.8814,286.545,128.678,0,23
124,27.0388,31.7016,19.2599,3327.97,0,23
124,27.0213,31.7166,26.4045,524,0,23
124,24.9384,33.3791,-100.359,551.579,0,23
124,23.6294,34.3182,14.3158,381.373,0,23
124,22.9887,34.7507,101.643,470.597,0,23
124,22.6203,34.9916,24.1011,115.761,0,23
124,20.888,36.0524,-100.069,1089.28,0,23
124,19.4037,36.8726,-39.0897,1067.51,0,23
124,18.8096,37.1791,72.7724,528.507,0,23
124,17.6475,37.7446,15.6305,237.116,0,23
124,17.5879,37.7724,136.71,168.649,0,23
124,16.8179,38.1215,154.091,696.824,0,23
124,15.955,38.4906,128.825,2004.86,0,23
124,13.9697,39.2548,-56.5958,1197.02,0,23
124,13.2875,39.4909,-34.8176,342.472,0,23
124,13.3125,39.4825,302.193,82.6544,0,23
124,9.28261,40.6192,-92.5211,561.021,0,23
124,8.49876,40.7904,-45.625,278.063,0,23
124,8.23002,40.8455,126.031,546.876,0,23
124,7.27907,41.0257,-22.4867,783.616,0,23
124,6.48465,41.1587,-86.6951,574.062,0,23
124,6.09302,41.2185,-1.21238,251.127,0,23
124,5.18497,41.3425,98.4201,104.481,0,23
124,4.30038,41.4439,-31.8323,556.64,0,23
124,3.95009,41.4787,-21.2478,289.004,0,23
124,2.76711,41.5744,18.6292,429.868,0,23
124,-0.963422,41.6553,-24.996,1170.49,0,23
124,-1.85129,41.6253,39.1063,596.182,0,23
124,-1.97141,41.6197,226.468,302.324,0,23
124,-2.73635,41.5765,-7.95097,1157.09,0,23
124,-5.57705,41.2915,269.722,1302.99,0,23
124,-7.25089,41.0306,-8.42042,413.51,0,23
124,-8.77516,40.7319,215.726,424.064,0,23
124,-9.3167,40.6114,-24.3016,216.719,0,23
124,-11.0308,40.1797,132.788,24.1664,0,23
124,-11.376,40.0834,-8.09675,1401.78,0,23
124,-11.8028,39.9598,221.769,843.619,0,23
124,-12.2084,39.8377,24.7755,856.591,0,23
124,-13.0587,39.5671,-77.8323,1133.31,0,23
124,-14.7826,38.9559,-46.0654,10845.2,0,23
124,-14.5972,39.0258,-39.3157,463,0,23
124,-14.9203,38.9034,23.0884,441.149,0,23
124,-16.1126,38.4249,176.951,300.874,0,23
124,-17.7345,37.7038,-67.2353,837.192,0,23
124,-18.2503,37.4569,168.936,92.6331,0,23
124,-18.9379,37.1139,132.86,1489.37,0,23
124,-21.3294,35.7931,-0.423187,1584.08,0,23
124,-21.9791,35.3978,-105.379,121.638,0,23
124,-22.2687,35.2164,-47.9281,274.362,0,23
124,-22.2194,35.2475,-46.988,23.4991,0,23
124,-24.0619,34.0163,173.908,1572.85,0,23
124,-24.2877,33.8555,-26.4493,2151,0,23
124,-24.4017,33.7734,59.5161,250.867,0,23
124,-24.8682,33.4314,36.6306,549.253,0,23
124,-24.7522,33.5175,59.436,25.1526,0,23
124,-26.2533,32.3551,-64.639,1935.65,0,23
124,-26.9562,31.7718,132.431,1983.79,0,23
124,-28.4325,30.4578,6.76162,415.133,0,23
124,-28.9245,29.9911,190.619,532.818,0,23
124,-30.128,28.7818,-66.4699,1998.45,0,23
124,-30.1205,28.7897,103.934,821.197,0,23
124,-31.4773,27.2996,127.617,171.017,0,23
124,-31.6014,27.1559,173.937,306.128,0,23
124,-34.4237,23.4755,51.1564,982.361,0,23
124,-35.6946,21.4939,-94.3271,75.3624,0,23
124,-36.2432,20.5553,51.5342,195.532,0,23
124,-36.4784,20.1349,-74.3969,916.526,0,23
124,-36.8928,19.3652,282.591,246.171,0,23
124,-37.6119,17.9285,-12.0831,448.441,0,23
124,-37.6821,17.7805,-7.85473,154.095,0,23
124,-37.9278,17.2503,-62.9522,252.923,0,23
124,-37.8659,17.3857,-8.40158,208.357,0,23
124,-37.989,17.1149,-32.109,2279.37,0,23
124,-39.0852,14.4374,-54.2788,290.659,0,23
124,-39.0852,14.4374,-15.6503,562.527,0,23
124,-39.0852,14.4374,19.2079,140.767,0,23
124,-39.0852,14.4374,231.845,314.106,0,23
124,-39.202,14.1172,231.211,201.627,0,23
124,-39.3161,13.796,-95.1105,354.978,0,23
124,-39.7765,12.4064,26.3956,560.017,0,23
124,-40.6352,9.21227,-69.0859,186.902,0,23
124,-40.9262,7.81866,130.737,346.287,0,23
124,-41.0085,7.37512,130.244,29.0571,0,23
124,-41.1193,6.72969,178.809,556.036,0,23
124,-41.236,5.97327,-80.4781,897.445,0,23
124,-41.3046,5.47908,-54.0769,651.548,0,23
124,-41.4832,3.90319,22.7225,304.454,0,23
124,-41.6173,2.02292,168.058,342.814,0,23
124,-41.6375,1.55224,-52.9233,420.691,0,23
124,-41.6663,0.085212,77.8355,59.6329,0,23
124,-41.474,-3.99922,49.4662,94.3871,1,23
124,-41.474,-3.99922,8.67285,65.1363,1,23
124,-41.4218,-4.50786,44.02,32.0277,1,23
124,-41.4218,-4.50787,5.06831,216.486,1,23
124,-41.3634,-5.01584,44.02,36.1526,1,23
124,-41.2987,-5.52306,44.1674,83.3761,1,23
124,-40.5191,-9.71027,-85.6784,111.029,1,23
124,-40.0881,-11.3592,9.89439,161.357,1,23
124,-39.4313,-13.4632,-244.564,341.175,1,23
124,-39.2305,-14.0377,-34.3123,509.517,1,23
124,-38.4063,-16.1568,48.9126,707.87,1,23
124,-38.4001,-16.1717,-69.4653,608.143,1,23
124,-37.8069,-17.5136,94.7029,778.051,1,23
124,-37.114,-18.9378,85.1139,165.931,1,23
124,-37.1448,-18.8772,-138.275,363.4,1,23
124,-36.9229,-19.3078,-229.512,625.025,1,23
124,-36.6505,-19.82,-14.2314,739.811,1,23
124,-36.3038,-20.4481,48.7712,1081.1,1,23
124,-34.1042,-23.9373,-182.961,533.334,1,23
124,-32.9721,-25.4741,86.3524,2490.33,1,23
124,-33.0257,-25.4046,25.7393,405.445,1,23
124,-31.7637,-26.9658,96.7819,1265.35,1,23
124,-31.7291,-27.0065,-38.3146,1588.09,1,23
124,-31.6788,-27.0655,-145.184,99.5825,1,23
124,-31.221,-27.5923,36.6096,457.784,1,23
124,-31.0391,-27.7968,-145.225,685.91,1,23
124,-27.8558,-30.9862,-39.6523,1001.2,1,23
124,-27.5216,-31.2834,11.7829,668.864,1,23
124,-25.2254,-33.1628,-49.9243,914.577,1,23
124,-25.2498,-33.1442,-211.795,369.439,1,23
124,-24.6062,-33.6248,-253.261,1134.01,1,23
124,-24.3132,-33.8372,-49.8082,437.275,1,23
124,-24.3619,-33.8021,-152.998,1466.75,1,23
124,-22.8169,-34.8637,-93.1497,727.009,1,23
124,-22.075,-35.3381,14.764,36.1942,1,23
124,-21.1425,-35.9038,-48.7352,155.76,1,23
124,-19.7165,-36.7062,-234.377,500.264,1,23
124,-19.1133,-37.0239,76.8785,120.884,1,23
124,-19.1133,-37.0239,17.334,112.135,1,23
124,-17.612,-37.7612,102.353,477.167,1,23
124,-16.7545,-38.1494,-178.53,2452.7,1,23
124,-16.2702,-38.3584,-134.403,318.623,1,23
124,-14.4374,-39.0852,63.1114,243.984,1,23
124,-14.4374,-39.0852,61.404,31.5041,1,23
124,-13.796,-39.3161,7.8157,55.7585,1,23
124,-13.4739,-39.4277,7.98,27.1265,1,23
124,-13.3605,-39.4663,0.0328786,482.673,1,23
124,-12.3182,-39.8039,37.4281,500.679,1,23
124,-11.709,-39.9874,6.05282,510.629,1,23
124,-11.4949,-40.0494,-205.535,785.21,1,23
124,-9.43124,-40.585,-174.363,10739.5,1,23
124,-10.1977,-40.3992,-257.143,406.385,1,23
124,-9.63085,-40.5381,-42.7981,463.786,1,23
124,-3.09082,-41.5516,57.5681,748.3,1,23
124,-2.71552,-41.5778,100.811,4295.2,1,23
124,-2.80198,-41.5721,-279.243,1169.77,1,23
124,-1.3931,-41.6431,-14.829,316.383,1,23
124,-1.15135,-41.6505,31.2396,102.357,1,23
124,-0.766927,-41.6593,30.6042,86.5278,1,23
124,-0.426079,-41.6642,65.8715,74.6821,1,23
124,0.652764,-41.6613,-301.317,302.997,1,23
124,0.78579,-41.659,-76.4443,522.579,1,23
124,0.854003,-41.6576,-104.027,288.787,1,23
124,0.880417,-41.6571,26.6926,396.299,1,23
124,2.91248,-41.5645,-145.989,265.241,1,23
124,3.92656,-41.481,100.272,196.11,1,23
124,4.24529,-41.4496,59.4717,1353.36,1,23
124,4.31595,-41.4423,-119.691,235.602,1,23
124,7.70188,-40.9484,-11.2588,3813.83,1,23
124,7.99951,-40.8913,-277.928,512.6,1,23
124,9.81085,-40.4949,39.187,9583.68,1,23
124,9.84189,-40.4874,-238.011,827.514,1,23
124,11.3592,-40.0881,32.148,38.2236,1,23
124,11.5382,-40.037,-4.52814,1677.69,1,23
124,11.385,-40.0808,-233.393,2057.01,1,23
124,12.2021,-39.8397,46.8045,549.076,1,23
124,12.3327,-39.7994,-44.0532,1217.05,1,23
124,12.6585,-39.697,-185.361,419.642,1,23
124,15.1525,-38.8135,18.3235,1308.21,1,23
124,16.0238,-38.462,-281.987,214.655,1,23
124,16.3379,-38.3297,37.9232,100.016,1,23
124,18.5961,-37.2864,-111.025,607.341,1,23
124,18.8019,-37.183,19.1952,1203.63,1,23
124,19.9044,-36.6047,37.7641,367.411,1,23
124,20.0317,-36.5352,-96.5976,234.133,1,23
124,20.3905,-36.3362,86.1566,548.759,1,23
124,21.2609,-35.8338,-28.484,54.2757,1,23
124,22.5082,-35.0638,-126.212,1380.08,1,23
124,22.8544,-34.8391,-5.05696,807.276,1,23
124,22.8271,-34.857,-29.2933,1389.4,1,23
124,23.0513,-34.7092,82.2632,422.222,1,23
124,23.3608,-34.5016,83.028,26.1408,1,23
124,23.6422,-34.3094,82.604,21.0201,1,23
124,23.9766,-34.0766,74.8773,215.786,1,23
124,24.8719,-33.4287,-35.9038,985.568,1,23
124,25.0729,-33.2782,-256.054,894.74,1,23
124,25.7484,-32.7583,69.6921,792.808,1,23
124,25.7783,-32.7348,27.0625,630.365,1,23
124,25.6933,-32.8016,-169.302,1078.1,1,23
124,26.1021,-32.4772,25.788,1.08734,1,23
124,28.0279,-30.8306,23.018,697.503,1,23
124,28.3649,-30.5208,-163.156,589.565,1,23
124,28.7358,-30.1718,-216.141,527.237,1,23
124,29.9262,-28.9916,-196.959,355.896,1,23
124,30.0992,-28.812,-288.383,1923.93,1,23
124,33.4268,-24.8744,-59.4063,787.436,1,23
124,33.7775,-24.3962,-268.639,549.017,1,23
124,33.9708,-24.1262,-133.746,1189.41,1,23
124,34.024,-24.0511,11.8538,312.012,1,23
124,34.5969,-23.2194,-34.2067,153.146,1,23
124,35.2309,-22.2457,96.9401,940.501,1,23
124,35.7176,-21.4556,-216.838,368.324,1,23
124,36.1341,-20.7464,46.3483,136.124,1,23
124,36.9202,-19.313,-141.91,154.145,1,23
124,37.2999,-18.569,-36.6819,1210.18,1,23
124,38.6916,-15.4611,12.6307,1246.61,1,23
124,38.6413,-15.5866,68.6722,796.763,1,23
124,38.6558,-15.5505,11.372,32.4298,1,23
124,39.4796,-13.3212,14.3237,2315.28,1,23
124,39.5375,-13.1483,-243.008,315.863,1,23
124,39.6284,-12.8715,50.3743,847.207,1,23
124,39.6416,-12.8309,-61.0463,1361,1,23
124,40.8982,-7.96422,35.293,1161.46,1,23
124,41.164,-6.45085,-41.6505,249.921,1,23
124,41.6002,-2.34742,-252.196,498.181,1,23
124,41.6588,-0.795335,-35.9729,169.048,1,23
124,41.5222,3.46295,3.96939,370.915,1,23
124,41.52,3.49026,-97.5497,523.783,1,23
124,41.3538,5.09394,-181.473,370.016,1,23
124,41.1392,6.60705,-260.064,2397.36,1,23
124,41.0063,7.38755,-14.5933,477.475,1,23
124,40.8491,8.21229,-243.876,25.137,1,23
124,40.5463,9.59615,-44.1962,1236.51,1,23
124,39.4744,13.3363,-247.41,719.712,1,23
124,36.6933,19.7405,4.98829,668.468,1,23
124,35.2701,22.1836,40.7328,1643.62,1,23
124,35.2475,22.2194,-279.733,1544,1,23
124,35.0554,22.5213,-167.01,3102.49,1,23
124,33.8037,24.3598,81.6051,186.676,1,23
124,33.5059,24.7677,83.1197,1085.05,1,23
124,33.5153,24.755,-248.133,1117.92,1,23
124,33.2826,25.0671,-14.9229,286.667,1,23
124,32.3901,26.2101,83.529,436.153,1,23
124,32.235,26.4006,-21.0967,878.356,1,23
124,32.1553,26.4977,-84.3129,1078.18,1,23
124,31.8568,26.8558,-22.9857,389.802,1,23
124,31.8572,26.8553,89.7407,921.709,1,23
124,30.9539,27.8916,37.1499,200.847,1,23
124,29.8814,29.0378,-44.4952,307.991,1,23
124,28.9623,29.9546,-174.198,1017.08,1,23
124,28.6623,30.2418,-298.629,2797.28,1,23
124,26.3932,32.2411,-168.514,2540.29,1,23
124,26.13,32.4548,13.5224,323.836,1,23
124,25.6604,32.8273,-69.0982,305.201,1,23
124,25.4324,33.0042,-32.8942,53.6004,1,23
124,24.7104,33.5482,21.8737,257.116,1,23
124,24.2861,33.8567,-12.1922,373.154,1,23
124,23.8886,34.1383,40.9659,585.438,1,23
124,22.4502,35.101,-34.3547,162.678,1,23
124,22.0717,35.3402,-190.362,621.243,1,23
124,19.9044,36.6047,-42.7017,401.883,1,23
124,19.2028,36.9776,-42.8373,506.886,1,23
124,18.2114,37.4758,-190.628,3539.34,1,23
124,17.5994,37.7671,68.1136,298.121,1,23
124,16.9628,38.0572,67.5766,306.815,1,23
124,16.2491,38.3674,67.0874,252.623,1,23
124,8.96462,40.6906,70.0744,135.899,1,23
124,8.95034,40.6937,-254.422,270.563,1,23
124,7.72876,40.9433,68.5683,1287.9,1,23
124,7.17742,41.0436,-277.798,620.57,1,23
124,6.84063,41.101,-296.677,502.269,1,23
124,6.81389,41.1055,-238.577,189.747,1,23
124,4.42277,41.431,44.2997,635.417,1,23
124,4.28782,41.4452,-37.0825,80.6037,1,23
124,4.01812,41.4722,18.9065,320.706,1,23
124,2.31255,41.6022,-13.1222,644.156,1,23
124,-1.51584,41.6388,-190.374,4538.13,1,23
124,-4.76562,41.393,91.2384,776.951,1,23
124,-5.16197,41.3454,24.4674,1225.54,1,23
124,-8.89568,40.7057,-79.5732,349.788,1,23
124,-9.4281,40.5857,-79.364,97.2668,1,23
124,-14.1939,39.1743,92.6802,497.764,1,23
124,-14.1436,39.1924,-75.2173,897.421,1,23
124,-15.1761,38.8043,-201.282,735.15,1,23
124,-16.4103,38.2987,20.5232,511.759,1,23
124,-17.0604,38.0136,-23.9908,163.124,1,23
124,-18.0256,37.5655,12.5809,307.419,1,23
124,-20.3145,36.3787,-79.788,24.0555,1,23
124,-21.0542,35.9556,-24.4376,127.114,1,23
124,-21.4239,35.7366,75.5046,893.627,1,23
124,-23.499,34.4077,-100.941,1434.53,1,23
124,-24.0849,34.0001,57.8375,143.474,1,23
124,-24.8354,33.4558,58.6048,251.097,1,23
124,-24.9607,33.3624,-33.572,61.1803,1,23
124,-24.9677,33.3572,-227.449,534.672,1,23
124,-27.8068,31.0302,28.7875,569.495,1,23
124,-28.0863,30.7774,29.9695,265.55,1,23
124,-29.8814,29.0378,-36.5012,1814.03,1,23
124,-30.6592,28.2153,-165.658,9529.39,1,23
124,-30.6279,28.2493,-175.995,3373,1,23
124,-30.8571,27.9987,99.482,3849.33,1,23
124,-30.7761,28.0877,80.3201,290.626,1,23
124,-32.8714,25.6039,45.0901,4434.14,1,23
124,-33.4174,24.8871,45.2165,134.322,1,23
124,-33.8227,24.3334,16.0867,709.693,1,23
124,-33.7583,24.4226,-86.3539,140.361,1,23
124,-34.1195,23.9154,-35.6642,271.144,1,23
124,-34.2703,23.6989,96.1573,571.82,1,23
124,-35.7739,21.3615,34.4068,2405.47,1,23
124,-36.0519,20.889,72.6714,7675.67,1,23
124,-38.4097,16.1488,62.878,55691.3,1,23
124,-36.8179,19.5072,38.0863,315.652,1,23
124,-36.819,19.505,-216.406,137.601,1,23
124,-37.0453,19.0718,98.9716,432.087,1,23
124,-37.532,18.0952,-264.717,1056.87,1,23
124,-38.1947,16.6509,55.9549,775,1,23
124,-39.1891,14.1528,-284.183,1135.3,1,23
124,-39.8424,12.1933,-53.4375,172.838,1,23
124,-40.0217,11.5911,-212.961,5305.49,1,23
124,-40.0656,11.4382,-9.87944,660.385,1,23
124,-40.7014,8.91523,25.4505,366.949,1,23
124,-41.2923,5.57088,-234.688,117.4,1,23
124,-41.3361,5.23633,-25.9338,483.461,1,23
124,-41.4365,4.37069,-39.5446,148.091,1,23
124,-41.4518,4.22372,-37.804,313.379,1,23
124,-41.529,3.38143,-116.062,156.127,1,23
124,-41.5456,3.17084,102.217,739.348,1,23
124,-41.6353,1.61081,56.748,372.571,1,23
124,-41.6455,1.31887,62.6237,257.855,1,23
124,-41.6583,0.823051,-5.05613,273.498,1,23
124,-42.6861,-0.261287,40.47,410.242,0,24
124,-42.5543,-3.36236,-44.6365,233.47,0,24
124,-42.5062,-3.9233,223.9,283.174,0,24
124,-42.4426,-4.56085,42.8247,630.605,0,24
124,-41.9632,-7.82681,-80.0007,1885.07,0,24
124,-41.5821,-9.64897,88.7329,1144.13,0,24
124,-41.4288,-10.2874,-27.0485,120.658,0,24
124,-41.3432,-10.626,-26.8279,123.881,0,24
124,-40.1026,-14.6271,201.229,51.8105,0,24
124,-39.8074,-15.4125,-58.064,1116.14,0,24
124,-39.7841,-15.4725,237.194,347.061,0,24
124,-39.361,-16.5193,127.117,871.145,0,24
124,-39.2208,-16.8492,-92.8818,400.759,0,24
124,-36.8368,-21.5691,-57.5946,234.498,0,24
124,-36.4966,-22.1397,-4.13774,667.85,0,24
124,-36.2548,-22.5336,-66.7998,534.359,0,24
124,-36.035,-22.8833,-15.2291,549.486,0,24
124,-35.9549,-23.009,36.9057,2756.4,0,24
124,-35.8234,-23.2133,-45.3752,240.347,0,24
124,-35.5099,-23.69,160.495,156.481,0,24
124,-35.4516,-23.7772,270.057,965.826,0,24
124,-34.9504,-24.508,-4.04137,224.166,0,24
124,-33.6246,-26.2974,-11.7489,635.337,0,24
124,-33.0074,-27.0681,7.03378,663.227,0,24
124,-32.7587,-27.3686,63.1361,182.863,0,24
124,-31.7581,-28.5236,-20.9333,359.518,0,24
124,-31.7576,-28.5242,248.964,55.2896,0,24
124,-29.8482,-30.5165,-47.024,714.924,0,24
124,-28.1429,-32.0959,-62.2924,271.238,0,24
124,-26.6753,-33.3257,187.484,7589.47,0,24
124,-26.8436,-33.1903,-13.878,1551.77,0,24
124,-26.7414,-33.2726,198.483,648,0,24
124,-26.2732,-33.6436,191.585,245.098,0,24
124,-24.6169,-34.8738,-80.0502,820.45,0,24
124,-13.1701,-40.6044,279.666,1214,0,24
124,-12.1764,-40.9134,13.3193,279.065,0,24
124,-11.6373,-41.07,145.425,136.036,0,24
124,-11.301,-41.1638,144.66,24.248,0,24
124,-10.795,-41.2994,-66.9173,1572.71,0,24
124,-10.795,-41.2994,11.524,26.0277,0,24
124,-8.4134,-41.8496,-31.3053,89.284,0,24
124,-2.70472,-42.6011,-99.988,32.3737,0,24
124,3.40141,-42.5512,122.495,1367.45,0,24
124,11.6599,-41.0636,303.582,230.393,0,24
124,11.9431,-40.9821,37.9729,967.938,0,24
124,12.2604,-40.8883,150.103,1866.25,0,24
124,13.2965,-40.5632,-28.0287,436.961,0,24
124,13.7577,-40.4091,154.493,391.628,0,24
124,15.8971,-39.6163,161.813,929.862,0,24
124,15.9314,-39.6025,125.58,26.0693,0,24
124,16.4031,-39.4095,-65.7009,311.432,0,24
124,18.9582,-38.246,53.0254,172.044,0,24
124,19.8911,-37.7692,243.283,75.4161,0,24
124,20.1994,-37.6052,243.249,81.5639,0,24
124,24.4266,-35.0073,118.032,441.055,0,24
124,24.6809,-34.8285,145.691,134.221,0,24
124,25.1409,-34.4979,-38.9099,302.843,0,24
124,26.2745,-33.6426,145.532,559.293,0,24
124,27.1666,-32.9264,144.888,1223.58,0,24
124,27.4551,-32.6862,-67.5639,267.458,0,24
124,28.033,-32.192,144.191,153.432,0,24
124,28.2608,-31.9921,212.077,357.941,0,24
124,28.669,-31.6269,143.722,198.034,0,24
124,29.0128,-31.3118,278.112,1284.99,0,24
124,29.3492,-30.9968,143.158,121.812,0,24
124,29.3711,-30.976,210.381,120.652,0,24
124,31.0818,-29.259,-47.8835,713.028,0,24
124,31.3341,-28.9887,141.72,126.605,0,24
124,31.6755,-28.6153,-43.9591,206.358,0,24
124,31.7742,-28.5056,-91.7633,791.348,0,24
124,32.2658,-27.948,140.614,99.9055,0,24
124,33.2726,-26.7414,116.6,327.38,0,24
124,33.2726,-26.7414,256.63,399.849,0,24
124,33.4903,-26.4683,19.7745,67.6394,0,24
124,34.4194,-25.2483,128.252,129.006,0,24
124,35.1018,-24.2906,-27.6844,6593.19,0,24
124,35.8861,-23.1163,-16.9881,2537.4,0,24
124,35.9687,-22.9874,76.5674,1678.64,0,24
124,36.4155,-22.2728,-40.2777,661.839,0,24
124,37.0407,-21.2169,-52.5475,312.644,0,24
124,37.3003,-20.7571,-50.8741,274.744,0,24
124,37.4865,-20.419,37.7267,283.432,0,24
124,38.0921,-19.2657,90.7145,946.487,0,24
124,39.4448,-16.318,-35.6029,387.577,0,24
124,39.4041,-16.4162,9.21336,84.5802,0,24
124,39.4041,-16.4162,221.098,79.1095,0,24
124,39.7281,-15.6157,-62.3141,260.894,0,24
124,39.9201,-15.1181,-61.4346,180.666,0,24
124,39.9872,-14.9396,-49.3351,378.288,0,24
124,39.9739,-14.9751,61.3817,160.996,0,24
124,40.0937,-14.6516,-60.6441,182.106,0,24
124,40.2236,-14.2909,-59.5366,280.977,0,24
124,40.3895,-13.8153,-58.7265,377.604,0,24
124,40.5305,-13.3959,-57.7861,152.144,0,24
124,40.6972,-12.8806,-57.0102,511.656,0,24
124,40.8195,-12.4875,-56.0047,315.354,0,24
124,40.9998,-11.8824,-55.0215,884.191,0,24
124,41.5299,-9.87127,-51.0939,3611.03,0,24
124,41.4142,-10.3458,104.564,210.441,0,24
124,41.6795,-9.21885,28.56,131.79,0,24
124,41.7553,-8.86924,-49.3344,334.37,0,24
124,41.8364,-8.47849,-48.2581,267.468,0,24
124,41.9381,-7.96036,-47.3874,531.293,0,24
124,41.9548,-7.8718,-36.6745,215.583,0,24
124,42.0733,-7.21178,-36.1585,130.937,0,24
124,42.3945,-4.98781,-86.7417,326.561,0,24
124,42.389,-5.03451,-47.6033,352.144,0,24
124,42.6805,0.736199,-44.02,74.3051,0,24
124,42.5562,3.33809,-22.8702,301.783,0,24
124,42.5335,3.61619,199.05,1592.6,0,24
124,42.3284,5.5204,-13.8799,486.493,0,24
124,42.3102,5.65832,-49.3025,52.364,0,24
124,42.2634,5.99795,-42.0068,1408.36,0,24
124,42.2526,6.07383,-48.238,562.481,0,24
124,41.8769,8.27633,-7.5471,12182.7,0,24
124,41.9497,7.89924,2.48192,1305,0,24
124,41.8497,8.41281,-78.9975,517.206,0,24
124,41.8836,8.24217,2.19001,849,0,24
124,41.8836,8.24217,10.464,44,0,24
124,41.8083,8.61617,18.5781,402.501,0,24
124,41.6709,9.25797,20.8098,2366.05,0,24
124,41.486,10.054,-30.6058,417.698,0,24
124,41.0362,11.756,267.588,405.187,0,24
124,40.6646,12.9832,243.66,5339.83,0,24
124,40.6295,13.0927,216.819,608.194,0,24
124,40.6672,12.9749,245.996,21.0136,0,24
124,40.5914,13.2102,304.932,53.288,0,24
124,40.3366,13.969,-19.6913,83.8746,0,24
124,40.0063,14.8885,280.182,6851.06,0,24
124,40.0952,14.6474,118.882,365.335,0,24
124,39.9201,15.1182,287.62,488,0,24
124,39.7366,15.594,138.17,763.597,0,24
124,39.1755,16.9545,59.374,855.648,0,24
124,37.3712,20.6293,141.389,429.48,0,24
124,36.9691,21.3415,-48.253,300.38,0,24
124,36.739,21.7351,159.32,902.403,0,24
124,36.5898,21.9853,82.3736,2579.36,0,24
124,36.5752,22.0097,161.032,588.349,0,24
124,36.5452,22.0595,298.27,1013.07,0,24
124,34.5447,25.0766,28.7557,1389,0,24
124,33.2916,26.7178,-57.4324,364.309,0,24
124,32.5104,27.6631,-63.8203,437.804,0,24
124,31.6949,28.5938,-30.3105,600.519,0,24
124,31.3972,28.9203,-43.5887,259.028,0,24
124,30.6918,29.6679,-84.7732,292.465,0,24
124,29.5256,30.8287,286.551,99.7873,0,24
124,29.2396,31.1001,83.7832,1411.81,0,24
124,27.9481,32.2657,18.7515,1468.94,0,24
124,26.0431,33.822,-102.3,1864.88,0,24
124,24.8453,34.7114,-88.1494,1387.52,0,24
124,23.8328,35.4142,13.489,310.385,0,24
124,23.319,35.7546,150.568,939.262,0,24
124,21.638,36.7963,-101.649,803.906,0,24
124,19.5012,37.972,71.3172,175.401,0,24
124,19.3976,38.025,-41.0967,175.842,0,24
124,18.248,38.5899,15.0774,170.134,0,24
124,17.6967,38.8458,136.383,84.6625,0,24
124,17.3635,38.9959,151.142,717.567,0,24
124,16.424,39.4008,126.907,1556.41,0,24
124,13.969,40.3366,-57.7303,89.4683,0,24
124,13.5891,40.4661,-35.7659,443.489,0,24
124,13.544,40.4813,301.166,571.172,0,24
124,10.1507,41.4624,31.1642,1074.79,0,24
124,9.81969,41.5421,-95.3835,958.61,0,24
124,8.76104,41.7782,-45.195,817.989,0,24
124,8.75031,41.7804,124.942,614.608,0,24
124,6.86195,42.1318,-88.1641,1957.6,0,24
124,6.31992,42.2165,-37.0443,266.659,0,24
124,6.55347,42.1808,-2.13132,218.379,0,24
124,5.56353,42.3228,97.5439,380.584,0,24
124,4.46511,42.4527,-33.9258,1377.55,0,24
124,3.93893,42.5048,-22.0219,335.166,0,24
124,3.29958,42.5592,18.1951,82.6461,0,24
124,-0.952295,42.6763,-43.5233,633.105,0,24
124,-1.15945,42.6712,-26.9664,307.182,0,24
124,-1.67269,42.6541,38.9533,272.74,0,24
124,-2.35363,42.622,225.644,76.4977,0,24
124,-2.5107,42.613,-10.288,518.488,0,24
124,-6.09261,42.2499,267.394,375.31,0,24
124,-7.60449,42.0041,-8.7385,162.706,0,24
124,-8.7099,41.7889,214.912,86.5881,0,24
124,-9.43793,41.6305,-24.7775,91.0146,0,24
124,-11.764,41.0339,-9.35908,307.308,0,24
124,-12.667,40.7642,24.7271,171.269,0,24
124,-12.4749,40.8234,220.805,65.3745,0,24
124,-12.8459,40.7082,-5.5669,286.391,0,24
124,-13.0459,40.6445,172.395,1086.77,0,24
124,-14.009,40.3227,-78.4689,169.692,0,24
124,-14.4001,40.1847,-48.6703,3662.76,0,24
124,-15.6069,39.7316,173.916,21.0677,0,24
124,-15.9314,39.6025,173.492,27.1803,0,24
124,-16.0403,39.5586,175.024,552.628,0,24
124,-18.5548,38.4433,168.952,182.699,0,24
124,-19.1273,38.1617,130.852,1811.06,0,24
124,-21.6825,36.7701,-0.446231,617.816,0,24
124,-22.4975,36.2772,-46.4962,357.244,0,24
124,-24.7084,34.809,-28.5576,515.513,0,24
124,-24.8432,34.7129,-26.0276,161.577,0,24
124,-24.9843,34.6115,171.637,787.361,0,24
124,-25.3215,34.3656,36.4709,284.174,0,24
124,-25.3584,34.3384,58.588,22.1473,0,24
124,-25.8538,33.9669,57.959,652.026,0,24
124,-26.4764,33.4839,-64.9089,394.844,0,24
124,-27.9058,32.3023,130.645,473.27,0,24
124,-29.0074,31.3168,5.80081,763.354,0,24
124,-29.2996,31.0436,188.874,426.214,0,24
124,-32.1087,28.1283,173.568,146.496,0,24
124,-32.2842,27.9267,126.87,268.123,0,24
124,-34.7852,24.7419,48.279,249.655,0,24
124,-35.0971,24.2974,49.8851,120.683,0,24
124,-36.5688,22.0203,-94.476,22.1215,0,24
124,-37.075,21.1569,51.0435,294.476,0,24
124,-37.3331,20.6981,-76.5489,1093.14,0,24
124,-37.9514,19.5413,280.745,543.244,0,24
124,-38.8324,17.726,-12.4564,540.251,0,24
124,-38.8239,17.7448,-31.9421,1356.53,0,24
124,-39.0262,17.2953,-9.63039,1997.36,0,24
124,-39.0069,17.3387,-63.6313,318.074,0,24
124,-39.1314,17.0559,123.242,400.6,0,24
124,-39.9201,15.1181,18.732,31.182,0,24
124,-40.3366,13.969,-95.9915,405.305,0,24
124,-40.3527,13.9224,-51.555,131.296,0,24
124,-40.8621,12.3474,25.9102,452.393,0,24
124,-42.0474,7.36145,129.446,210.512,0,24
124,-42.1712,6.61519,177.159,827.192,0,24
124,-42.2131,6.34212,-82.3244,1968.46,0,24
124,-42.349,5.36057,-54.4503,322.387,0,24
124,-42.4271,4.70204,22.2513,1746.81,0,24
124,-42.5994,2.73241,164.267,207.901,0,24
124,-42.6477,1.82927,-53.2864,1037.31,0,24
124,-42.6844,0.465306,76.3711,133.853,0,24
124,-42.6868,0.0872969,40.5045,126.501,0,24
124,-42.6868,0.0873037,76.82,22.1495,0,24
124,-42.5512,-3.40141,94.7907,429.366,1,24
124,-42.5512,-3.40141,51.228,25.1232,1,24
124,-42.5512,-3.40141,-24.3673,107.472,1,24
124,-42.4898,-4.09717,10.3854,406.544,1,24
124,-42.3551,-5.31199,5.14954,89.4081,1,24
124,-40.2921,-14.0969,-242.763,139.035,1,24
124,-40.1564,-14.4788,-34.1592,364.87,1,24
124,-39.5041,-16.1741,50.0436,273.626,1,24
124,-39.4541,-16.2957,48.5476,83.894,1,24
124,-39.2955,-16.6744,-67.5219,719.528,1,24
124,-38.6518,-18.1165,95.9031,292.937,1,24
124,-38.08,-19.2896,86.0682,646.918,1,24
124,-38.0105,-19.4261,-137.624,101.238,1,24
124,-37.9642,-19.5165,-228.023,539.697,1,24
124,-37.8503,-19.7364,-13.22,41.1387,1,24
124,-36.305,-22.4525,-35.2141,240.589,1,24
124,-34.4375,-25.2235,-182.716,1369.26,1,24
124,-34.1478,-25.6144,88.4694,1565.71,1,24
124,-33.678,-26.229,26.0394,911.617,1,24
124,-33.3119,-26.6925,-94.3936,194.244,1,24
124,-33.0527,-27.0127,-95.052,35.2555,1,24
124,-32.5898,-27.5694,-37.9409,1409.37,1,24
124,-32.413,-27.7771,99.1264,336.511,1,24
124,-31.7714,-28.5088,37.1378,687.761,1,24
124,-31.1938,-29.1397,-144.904,1378.7,1,24
124,-28.7314,-31.5702,-39.4886,140.949,1,24
124,-24.6508,-34.8498,-251.436,176.009,1,24
124,-20.3531,-37.5223,-65.6417,1092.68,1,24
124,-20.3531,-37.5223,-232.774,143.328,1,24
124,-20.0454,-37.6876,18.2982,92.43,1,24
124,-19.7364,-37.8503,76.3068,237.632,1,24
124,-19.7364,-37.8503,18.4142,269.588,1,24
124,-19.4261,-38.0105,76.4958,153.262,1,24
124,-19.4261,-38.0105,-305.013,163.9,1,24
124,-15.9314,-39.6026,-21.276,21.1077,1,24
124,-14.6271,-40.1026,1.23511,155.31,1,24
124,-11.301,-41.1638,-174.146,65.39,1,24
124,-10.6724,-41.3312,-174.272,1907.83,1,24
124,-10.2573,-41.4362,-254.901,135.636,1,24
124,-9.4462,-41.6286,-42.7677,350.585,1,24
124,-3.83623,-42.5142,58.1343,263.482,1,24
124,-3.29886,-42.5592,-276.525,825.164,1,24
124,-3.06817,-42.5765,100.339,768.021,1,24
124,-1.6474,-42.6551,-14.1919,710.122,1,24
124,0.160535,-42.6866,66.4424,282.943,1,24
124,0.151018,-42.6866,26.3225,666.931,1,24
124,0.156235,-42.6866,-102.421,454.196,1,24
124,0.355403,-42.6854,-74.7642,250.591,1,24
124,0.785741,-42.6797,-110.965,70.6105,1,24
124,1.09435,-42.6729,-300.889,302.873,1,24
124,3.42292,-42.5494,-145.212,778.289,1,24
124,4.19376,-42.4804,100.573,224.446,1,24
124,4.52243,-42.4467,60.393,1699.62,1,24
124,4.46137,-42.4531,-119.151,511.774,1,24
124,8.34271,-41.8637,-10.3738,1981.47,1,24
124,8.53348,-41.8252,-275.653,1159.08,1,24
124,10.2504,-41.4379,38.1766,375.129,1,24
124,10.2874,-41.4288,-234.972,21.349,1,24
124,10.6714,-41.3315,37.5752,2900.65,1,24
124,11.6194,-41.0751,-31.9637,419.483,1,24
124,11.6374,-41.07,33.1664,52.4203,1,24
124,12.2619,-40.8879,-4.43914,918.462,1,24
124,12.2223,-40.8997,46.988,45.2746,1,24
124,12.4484,-40.8315,-43.6426,525.056,1,24
124,13.3351,-40.5505,-183.102,554.012,1,24
124,15.1525,-39.9071,20.0215,591.028,1,24
124,16.4162,-39.4041,37.4953,129.64,1,24
124,16.4162,-39.4041,-281.145,206.109,1,24
124,19.1679,-38.1414,-110.189,945.715,1,24
124,19.536,-37.9542,20.547,626.572,1,24
124,20.2939,-37.5543,38.7842,277.061,1,24
124,20.6661,-37.3508,-94.8638,160.042,1,24
124,20.7849,-37.2848,87.0925,152.296,1,24
124,21.9782,-36.5941,-126.625,1001.99,1,24
124,22.0801,-36.5328,-28.2179,381.519,1,24
124,23.9533,-35.3329,-3.94275,300.723,1,24
124,24.5425,-34.9261,75.7688,395.726,1,24
124,25.1573,-34.486,-34.0211,982.995,1,24
124,26.1035,-33.7754,70.6139,80.5376,1,24
124,26.5408,-33.4329,-166.51,101.203,1,24
124,28.3133,-31.9457,-163.473,698.096,1,24
124,29.3745,-30.9727,-215.665,344.049,1,24
124,29.7357,-30.6261,-197.166,256.992,1,24
124,29.749,-30.6132,-287.435,393.664,1,24
124,29.9984,-30.3688,-287.528,184.619,1,24
124,33.9835,-25.832,-57.4817,472.511,1,24
124,34.647,-24.9351,-133.212,21.2217,1,24
124,34.8064,-24.7121,12.1298,247.103,1,24
124,34.9719,-24.4773,-268.01,448.334,1,24
124,35.4804,-23.7342,-34.0118,335.402,1,24
124,35.5528,-23.6256,-227.678,497.331,1,24
124,35.779,-23.2816,75.396,49.0294,1,24
124,36.1051,-22.7727,98.5117,1140.59,1,24
124,36.6586,-21.8705,-216.316,22.2464,1,24
124,36.8707,-21.511,46.9026,112.922,1,24
124,37.6517,-20.1127,-6.80514,637.496,1,24
124,37.8777,-19.6838,-141.871,356.457,1,24
124,38.2504,-18.9494,-34.6303,377.503,1,24
124,39.4161,-16.3872,14.8141,1172.63,1,24
124,40.3495,-13.9315,15.3433,961.944,1,24
124,40.4113,-13.7513,51.5506,732.688,1,24
124,40.5481,-13.3424,16.5334,411.378,1,24
124,40.5401,-13.3668,-241.487,1060.77,1,24
124,40.6672,-12.9749,17.308,33.1664,1,24
124,40.6717,-12.961,16.2614,279.631,1,24
124,40.6672,-12.9749,-59.1897,722.194,1,24
124,40.8234,-12.4749,17.058,63.3345,1,24
124,41.3707,-10.5185,6.35211,487.219,1,24
124,41.8543,-8.38973,37.0805,616.762,1,24
124,42.6218,-2.3561,-250.829,67.0244,1,24
124,42.6673,1.29428,14.8167,319.455,1,24
124,42.5307,3.6485,-96.1246,422.07,1,24
124,42.4825,4.17204,5.90893,173.889,1,24
124,42.3551,5.31199,-180.967,113.687,1,24
124,42.1682,6.63411,-257.225,1657.51,1,24
124,41.9497,7.89924,-13.7638,310.063,1,24
124,41.7639,8.82903,-243.557,275.446,1,24
124,41.5159,9.92974,-42.1116,617.627,1,24
124,40.6672,12.9749,-245.148,24.2203,1,24
124,40.5781,13.2509,-246.051,299.066,1,24
124,37.5091,20.3775,6.37601,833.356,1,24
124,37.1843,20.9643,4.164,38.2374,1,24
124,36.0975,22.7848,42.0105,484.992,1,24
124,35.9359,23.0387,-164.943,1111.63,1,24
124,35.9397,23.0328,-266.661,1117.1,1,24
124,34.7031,24.8569,81.9247,125.85,1,24
124,34.4166,25.2521,-247.18,330.559,1,24
124,34.2686,25.4526,84.7788,764.478,1,24
124,34.1733,25.5804,-14.1439,609.691,1,24
124,33.2532,26.7656,-19.3992,320.223,1,24
124,33.25,26.7695,85.7671,599.859,1,24
124,32.9547,27.1323,90.9243,247.01,1,24
124,32.9764,27.1058,-82.7192,329.86,1,24
124,32.4628,27.7189,-22.5788,320.325,1,24
124,31.9359,28.3244,38.2389,150.732,1,24
124,30.838,29.5159,-43.3795,4719.68,1,24
124,29.9431,30.4234,-173.068,54.2269,1,24
124,27.2486,32.8586,15.0567,907.195,1,24
124,27.4163,32.7188,-173.721,526,1,24
124,26.7175,33.2918,-67.3693,464.917,1,24
124,26.1395,33.7475,-32.3215,244.227,1,24
124,26.1374,33.7492,-280.554,264.368,1,24
124,24.9982,34.6015,22.1793,648.207,1,24
124,25.0698,34.5497,-11.0924,140.312,1,24
124,24.7281,34.795,42.2075,526.117,1,24
124,23.1461,35.8669,-34.1941,328.845,1,24
124,22.5394,36.2512,-188.521,652.203,1,24
124,19.1145,38.1682,-46.4804,90,1,24
124,18.7613,38.343,-188.109,419.708,1,24
124,15.9314,39.6026,66.5736,147.49,1,24
124,15.2717,39.8616,65.9843,598.245,1,24
124,9.56599,41.6012,87.867,114.11,1,24
124,9.09701,41.7063,70.5265,132.142,1,24
124,7.56251,42.0117,-276.63,878.047,1,24
124,6.77033,42.1466,70.9823,2630.54,1,24
124,7.38383,42.0434,-238.364,26.1248,1,24
124,7.1772,42.0792,-295.691,452.451,1,24
124,7.03962,42.1024,-238.364,23.1387,1,24
124,4.33812,42.4659,46.5666,953.259,1,24
124,4.30727,42.469,21.0021,305.436,1,24
124,4.16171,42.4835,-37.0409,132.481,1,24
124,2.84824,42.5918,25.9423,131.957,1,24
124,-4.79024,42.4173,26.3282,469.86,1,24
124,-7.38385,42.0434,-301.76,794.674,1,24
124,-8.83314,41.763,-79.9673,111.018,1,24
124,-14.2554,40.2362,-73.429,600.869,1,24
124,-15.0374,39.9506,94.131,843.481,1,24
124,-15.367,39.8249,-200.011,1837.54,1,24
124,-16.5219,39.3599,20.6624,377.335,1,24
124,-17.5742,38.9014,-23.442,376.802,1,24
124,-18.3299,38.5511,7.75926,461,1,24
124,-19.2649,38.0925,35.0358,1060.66,1,24
124,-21.1212,37.0954,-80.3941,382.571,1,24
124,-21.361,36.9578,-24.0841,204.445,1,24
124,-21.7657,36.7209,77.5124,478.836,1,24
124,-23.3906,35.7078,-126.003,541.031,1,24
124,-24.1615,35.1908,57.3106,1454.95,1,24
124,-25.532,34.2094,-33.2793,309.074,1,24
124,-25.692,34.0895,102.938,194.322,1,24
124,-25.9108,33.9235,-225.682,1171.54,1,24
124,-28.4469,31.8268,30.4641,1053.54,1,24
124,-30.6358,29.7258,-34.0989,1098.7,1,24
124,-31.3575,28.9634,98.2569,6116.05,1,24
124,-31.4068,28.9099,82.3222,1070.62,1,24
124,-32.0205,28.2287,-165.805,11088.6,1,24
124,-32.2658,27.948,-170.83,237,1,24
124,-33.9189,25.9168,16.036,22.0693,1,24
124,-34.1298,25.6384,16.036,24.0695,1,24
124,-34.6737,24.898,-85.1462,1105.28,1,24
124,-35.83,23.2031,76.6624,18118.1,1,24
124,-35.0204,24.4079,-35.4784,272.005,1,24
124,-35.2278,24.1076,99.073,291.357,1,24
124,-36.8563,21.5356,34.2341,2622.75,1,24
124,-37.2521,20.8436,39.8189,150.116,1,24
124,-37.4828,20.4257,39.356,57.2528,1,24
124,-38.2267,18.9971,-263.149,571.997,1,24
124,-40.0439,14.7871,-280.985,1231.04,1,24
124,-40.772,12.6418,-52.6293,345.978,1,24
124,-41.0017,11.8757,53.77,5176.29,1,24
124,-40.9198,12.1547,-214.208,645.047,1,24
124,-40.9833,11.9391,-8.81288,180.203,1,24
124,-41.4468,10.2145,50.3909,8621.05,1,24
124,-41.4288,10.2873,43.1266,504,1,24
124,-41.7417,8.93322,25.9733,551.617,1,24
124,-42.2725,5.93375,-234.035,734.997,1,24
124,-42.4859,4.13794,-200.703,1001.56,1,24
124,-42.4762,4.23586,-36.4109,752.283,1,24
124,-42.5353,3.59432,-115.552,226.375,1,24
124,-42.5864,2.92729,104.151,285.514,1,24
124,-42.6449,1.89392,58.7988,222.986,1,24
124,-42.6774,0.90167,63.2313,493.403,1,24
124,-42.6752,1.00077,-4.15515,308.193,1,24
124,-42.686,0.276866,1.08948,246.336,1,24
124,-43.6972,-0.914564,40.4423,182.473,0,25
124,-43.684,-1.41208,-33.7124,689.994,0,25
124,-43.616,-2.81553,34.8791,458.167,0,25
124,-43.4953,-4.2948,-44.7812,544.126,0,25
124,-43.4676,-4.5666,42.2139,398.923,0,25
124,-43.014,-7.75115,-79.7405,320.448,0,25
124,-42.6278,-9.65177,87.0736,370.453,0,25
124,-42.5304,-10.0723,270.256,1903.44,0,25
124,-41.1688,-14.677,199.979,262.233,0,25
124,-40.7988,-15.6761,236.84,818.369,0,25
124,-40.6767,-15.9903,-58.4741,285.635,0,25
124,-40.4955,-16.4439,205.453,530.062,0,25
124,-40.2201,-17.1064,126.623,406.791,0,25
124,-40.0912,-17.4064,-94.0979,490.867,0,25
124,-37.6396,-22.2158,-58.6382,436.906,0,25
124,-37.4425,-22.5464,-5.26626,275.758,0,25
124,-37.2006,-22.9433,-68.9164,1063.5,0,25
124,-36.842,-23.515,-14.8292,911.45,0,25
124,-36.7938,-23.5903,-45.966,2907.69,0,25
124,-36.5149,-24.0198,160.394,342.618,0,25
124,-36.0906,-24.6526,267.62,22.5178,0,25
124,-35.7579,-25.1328,-4.90772,553.005,0,25
124,-34.131,-27.3013,-13.1303,572.987,0,25
124,-34.0744,-27.3719,6.38036,405.001,0,25
124,-33.7874,-27.7254,63.0231,879.811,0,25
124,-32.4665,-29.2611,-21.9573,148.844,0,25
124,-32.4608,-29.2674,248.911,244.525,0,25
124,-30.5938,-31.2139,-47.871,471.782,0,25
124,-29.0302,-32.6731,-62.6254,298.296,0,25
124,-27.7963,-33.729,-14.9998,66.9796,0,25
124,-26.4751,-34.7758,187.191,7806.98,0,25
124,-24.9827,-35.8629,-81.8692,450.699,0,25
124,-23.1079,-37.0987,189.167,210.545,0,25
124,-22.6097,-37.4043,81.7483,627.395,0,25
124,-21.6446,-37.971,-67.7899,157.239,0,25
124,-20.2898,-38.7119,282.393,763.317,0,25
124,-13.6405,-41.5237,277.797,800.822,0,25
124,-12.6018,-41.8507,12.796,24.1387,0,25
124,-10.9006,-42.3257,99.8513,338.428,0,25
124,-10.6834,-42.381,166.459,1256.04,0,25
124,-10.5426,-42.4162,11.0835,402.268,0,25
124,-9.98014,-42.5521,-46.555,138.325,0,25
124,-8.56097,-42.8602,-31.9493,214.946,0,25
124,-4.5454,-43.4698,-70.1888,808.455,0,25
124,-4.53229,-43.4712,-7.75825,279.001,0,25
124,-2.85221,-43.6136,-101.457,45.2925,0,25
124,-2.91168,-43.6097,78.6477,460.539,0,25
124,-2.59089,-43.6299,-102.108,23.111,0,25
124,-1.49174,-43.6813,4.21353,136.61,0,25
124,-0.850859,-43.6985,-103.491,685.891,0,25
124,-0.484227,-43.7041,202.038,100.971,0,25
124,3.12613,-43.5949,204.406,181.71,0,25
124,3.48292,-43.5678,194.059,418.574,0,25
124,5.96431,-43.2979,56.4198,667.345,0,25
124,7.13973,-43.1197,256.755,1745.31,0,25
124,7.48258,-43.0615,217.703,410.062,0,25
124,8.32406,-42.9068,123.465,377.707,0,25
124,8.53837,-42.8647,59.4258,407.241,0,25
124,12.0991,-41.9988,149.683,280.257,0,25
124,12.28,-41.9462,37.6661,910.015,0,25
124,12.2591,-41.9524,302.812,32.1509,0,25
124,12.7052,-41.8194,302.411,1820.11,0,25
124,13.536,-41.5579,-28.3151,638.113,0,25
124,14.3322,-41.2901,151.525,286.177,0,25
124,15.891,-40.7156,158.688,610.906,0,25
124,16.2942,-40.5559,125.76,449.303,0,25
124,19.5169,-39.1072,51.8637,3500.24,0,25
124,20.316,-38.6981,243.028,66.1526,0,25
124,24.9247,-35.9033,-40.4361,353.066,0,25
124,25.0249,-35.8335,146.988,228.119,0,25
124,25.9391,-35.1774,-64.6324,443.602,0,25
124,26.2913,-34.9149,146.206,317.714,0,25
124,27.9341,-33.615,-68.3409,80.3761,0,25
124,28.2082,-33.3854,-68.188,24.0294,0,25
124,28.7576,-32.9133,211.078,277.445,0,25
124,29.8032,-31.9696,276.105,922.153,0,25
124,29.9501,-31.832,209.514,329.186,0,25
124,32.5433,-29.1757,-45.6556,1173.98,0,25
124,33.0582,-28.5909,-45.6461,152.861,0,25
124,33.0286,-28.6251,273.382,388.641,0,25
124,33.8703,-27.624,115.244,573.452,0,25
124,33.6151,-27.9341,140.245,53.3578,0,25
124,34.1632,-27.261,19.2228,669.12,0,25
124,34.1301,-27.3024,139.73,279.838,0,25
124,34.1793,-27.2407,255.458,95.3481,0,25
124,34.7946,-26.4503,139.051,2040,0,25
124,35.3876,-25.6515,-29.4317,6296.51,0,25
124,35.2647,-25.8202,127.889,139.225,0,25
124,35.4208,-25.6057,138.339,521.658,0,25
124,36.3475,-24.2723,-18.0462,3157.3,0,25
124,36.9232,-23.3872,74.6468,278.702,0,25
124,37.0604,-23.1693,-71.0084,327.403,0,25
124,37.3574,-22.6872,-40.4759,398.267,0,25
124,37.7684,-21.9961,-54.1517,1615.79,0,25
124,38.4895,-20.7085,37.7564,227.137,0,25
124,38.7654,-20.1872,257.506,224.549,0,25
124,38.8379,-20.0476,63.6853,278.151,0,25
124,38.9425,-19.8435,89.4693,656.663,0,25
124,38.9975,-19.7352,99.288,866.299,0,25
124,40.366,-16.7592,8.3349,268.829,0,25
124,40.4927,-16.4507,-36.9941,142.141,0,25
124,40.8248,-15.6082,60.2574,797.584,0,25
124,42.3419,-10.8375,104.127,339.213,0,25
124,42.4919,-10.2333,-75.1465,466.625,0,25
124,42.7028,-9.31436,28.6699,53.4683,0,25
124,43.1847,-6.73573,-35.6035,210.397,0,25
124,43.2664,-6.18914,-35.1984,437.998,0,25
124,43.348,-5.58885,-89.3125,1265.95,0,25
124,43.412,-5.06775,-48.3021,266.003,0,25
124,43.4861,-4.38649,215.951,383.263,0,25
124,43.7007,0.729966,-44.02,72.3084,0,25
124,43.5682,3.47764,197.303,3144.69,0,25
124,43.5469,3.73574,-23.668,55.6259,0,25
124,43.5127,4.11489,-24.283,51.2188,0,25
124,43.3841,5.30147,-15.5036,232.501,0,25
124,43.3328,5.70587,-51.0526,1204.74,0,25
124,43.3032,5.92594,-43.8149,622.108,0,25
124,43.0648,7.46355,-5.74674,5879.58,0,25
124,42.9185,8.26339,-79.8256,646.24,0,25
124,42.727,9.20253,17.9342,745.219,0,25
124,42.7547,9.07294,20.7318,1914.65,0,25
124,42.4985,10.2061,-31.756,786.075,0,25
124,41.9698,12.1991,266.339,798.024,0,25
124,41.7879,12.8084,242.937,3017.77,0,25
124,41.606,13.3873,-20.221,336.503,0,25
124,41.63,13.3127,304.558,890.431,0,25
124,41.5475,13.5679,215.694,218.623,0,25
124,41.2678,14.3962,277.844,8285.96,0,25
124,41.0822,14.9178,118.618,198.203,0,25
124,40.602,16.179,137.553,1500.02,0,25
124,40.2084,17.1338,57.1815,187,0,25
124,38.0558,21.495,140.706,193.964,0,25
124,38.0393,21.5243,246.7,674.413,0,25
124,37.9511,21.6795,-49.4957,570.732,0,25
124,37.6997,22.1137,157.837,219.087,0,25
124,37.5829,22.3116,81.2587,445.163,0,25
124,37.3506,22.6983,297.311,334.676,0,25
124,34.2228,27.1861,-57.8132,273.324,0,25
124,34.2316,27.175,-51.5349,1856.22,0,25
124,33.1691,28.4622,-65.5906,445.774,0,25
124,32.3855,29.3507,-45.0421,126.878,0,25
124,32.1004,29.6622,-32.3873,627.048,0,25
124,31.0944,30.7152,-16.3929,211.334,0,25
124,30.4791,31.3258,46.1957,331.403,0,25
124,30.053,31.7348,286.48,931.709,0,25
124,29.4919,32.257,83.0081,163.034,0,25
124,28.8733,32.8118,18.1579,1890.89,0,25
124,27.0486,34.3316,-103.52,413.911,0,25
124,25.0607,35.8085,-90.5251,180.985,0,25
124,24.5266,36.1764,99.4941,583.333,0,25
124,23.9167,36.5825,12.6723,377.193,0,25
124,23.4691,36.8712,23.1844,356.758,0,25
124,22.3719,37.5471,-102.955,176.391,0,25
124,20.3138,38.6993,69.5775,837.946,0,25
124,19.5796,39.0759,-41.9436,344.592,0,25
124,17.9868,39.8341,136.191,786.39,0,25
124,17.7935,39.9209,149.524,79.9117,0,25
124,16.8143,40.3431,-36.3554,436.584,0,25
124,16.8707,40.3195,125.241,1240.16,0,25
124,14.3028,41.3003,-58.436,22.0832,0,25
124,13.9434,41.423,-58.1761,186.289,0,25
124,13.7434,41.4898,300.34,277.668,0,25
124,10.16,42.5095,-97.461,5218.36,0,25
124,10.0561,42.5342,30.2649,234.694,0,25
124,9.29894,42.7061,123.82,437.885,0,25
124,9.06208,42.757,-44.7223,382.606,0,25
124,9.10066,42.7488,-24.5362,228.843,0,25
124,7.73628,43.0167,-91.932,21.1509,0,25
124,7.36744,43.0814,-90.4351,952.998,0,25
124,6.85283,43.1662,-2.73308,458.242,0,25
124,5.9929,43.294,-37.376,218.19,0,25
124,6.04125,43.2873,96.6921,190.847,0,25
124,4.65064,43.4587,-35.8635,458.916,0,25
124,4.06682,43.5172,17.168,342.09,0,25
124,3.91426,43.5312,-22.5356,309.985,0,25
124,-0.380836,43.7051,-43.7327,1061.36,0,25
124,-1.32752,43.6866,-28.5243,423.577,0,25
124,-1.69807,43.6738,38.8595,287.265,0,25
124,-2.23389,43.6497,38.236,1,0,25
124,-2.56012,43.6318,225.144,303.139,0,25
124,-6.41472,43.2335,265.558,248.832,0,25
124,-7.86491,42.9933,-9.00413,385.428,0,25
124,-9.48899,42.6643,-25.364,27.0938,0,25
124,-10.6207,42.3968,132.193,111.65,0,25
124,-11.0529,42.2861,131.94,37.0694,0,25
124,-12.1892,41.9727,-10.4011,1255.57,0,25
124,-12.7729,41.7988,24.668,27.0832,0,25
124,-12.8841,41.7646,220.197,412.936,0,25
124,-13.1145,41.6929,24.668,24.0416,0,25
124,-13.4159,41.5969,-5.75889,217.031,0,25
124,-13.4707,41.5791,170.676,1384.62,0,25
124,-13.9931,41.4063,-51.2162,3223.12,0,25
124,-14.6899,41.1642,-78.8839,804.618,0,25
124,-15.2627,40.9553,22.0486,1138.31,0,25
124,-15.6911,40.793,172.503,406.89,0,25
124,-18.2912,39.6953,-68.6654,725.804,0,25
124,-18.8718,39.4226,168.797,520.151,0,25
124,-19.4062,39.1623,129.663,811.39,0,25
124,-22.0437,37.7407,-0.556498,205.505,0,25
124,-22.7893,37.2952,-45.6377,490.901,0,25
124,-25.1811,35.7239,-30.3373,248.976,0,25
124,-25.3391,35.612,-26.6043,685.401,0,25
124,-25.6758,35.37,36.3158,122.928,0,25
124,-25.921,35.1907,169.489,700.955,0,25
124,-26.7244,34.5846,-65.3117,845.07,0,25
124,-26.9098,34.4405,57.0775,791.467,0,25
124,-28.9283,32.7634,128.727,491.125,0,25
124,-29.6512,32.1106,4.8378,126.583,0,25
124,-29.7105,32.0557,187.342,1984.09,0,25
124,-30.4598,31.3447,101.223,98.6625,0,25
124,-32.2478,29.5019,-68.4969,390.671,0,25
124,-32.581,29.1335,173.031,978.362,0,25
124,-33.0835,28.5616,126.428,80.4788,0,25
124,-34.755,26.5023,29.2525,2927.09,0,25
124,-35.5167,25.4725,47.1518,994.839,0,25
124,-37.2568,22.852,-94.7074,100.919,0,25
124,-37.8351,21.8812,50.7708,674.199,0,25
124,-38.1765,21.28,-78.5229,426.37,0,25
124,-38.9798,19.7702,279.142,560.496,0,25
124,-39.6455,18.3988,-31.8039,1088.22,0,25
124,-40.0468,17.5082,-64.0716,570.295,0,25
124,-40.1027,17.3799,-10.7618,162.727,0,25
124,-40.2764,16.9733,-11.2319,68.8989,0,25
124,-40.6151,16.146,18.4614,59.6053,0,25
124,-40.9369,15.312,-54.8306,161.419,0,25
124,-40.9369,15.312,-18.7059,306.818,0,25
124,-41.3164,14.2562,-96.8895,573.867,0,25
124,-41.3003,14.3028,227.782,122.695,0,25
124,-41.9389,12.3049,25.4458,444.189,0,25
124,-42.7028,9.31436,-77.781,85.2568,0,25
124,-42.7028,9.31437,-71.156,29.6819,0,25
124,-43.0785,7.38409,128.718,53.5482,0,25
124,-43.1519,6.94222,128.59,410.509,0,25
124,-43.1879,6.71505,-84.3259,431.293,0,25
124,-43.2429,6.35105,174.972,457.783,0,25
124,-43.3778,5.35283,21.8623,505.373,0,25
124,-43.3932,5.22591,-54.8016,305.895,0,25
124,-43.6552,2.12378,-53.5973,1182.09,0,25
124,-43.7026,0.605826,75.3758,493.121,0,25
124,-43.505,-4.19506,11.9476,140.617,1,25
124,-43.505,-4.19506,-24.0218,72.5532,1,25
124,-42.7028,-9.31438,87.0897,66.0675,1,25
124,-41.907,-12.4134,10.5708,512.312,1,25
124,-41.1315,-14.7812,-240.404,935.465,1,25
124,-41.0731,-14.9426,-33.9684,148.861,1,25
124,-40.4991,-16.435,49.8306,401.77,1,25
124,-40.1944,-17.1667,-65.709,731.414,1,25
124,-39.4895,-18.7314,96.3163,479.252,1,25
124,-39.2079,-19.3139,87.2913,215.073,1,25
124,-38.9796,-19.7705,-12.6123,643.592,1,25
124,-38.979,-19.7717,-226.077,1043.85,1,25
124,-37.4155,-22.5913,46.9433,248.838,1,25
124,-35.1845,-25.9294,89.8924,1451.3,1,25
124,-34.6289,-26.6669,-182.51,364.726,1,25
124,-34.3159,-27.0685,-93.3402,441.199,1,25
124,-34.3046,-27.0828,26.2953,340.642,1,25
124,-33.5717,-27.9862,-37.4348,1086.6,1,25
124,-33.0312,-28.6221,101.169,427.163,1,25
124,-32.3048,-29.4394,37.6838,320.212,1,25
124,-31.4299,-30.3718,-144.66,133.458,1,25
124,-31.3447,-30.4598,81.9107,90.4869,1,25
124,-31.0944,-30.7152,81.7336,377.011,1,25
124,-31.0944,-30.7152,-144.498,130.694,1,25
124,-29.7455,-32.0232,-39.3886,733.815,1,25
124,-29.7141,-32.0524,-67.916,84.3337,1,25
124,-28.6879,-32.9741,-50.1909,952.072,1,25
124,-28.7506,-32.9194,12.4755,182.734,1,25
124,-25.1522,-35.7443,-250.456,377.081,1,25
124,-23.9983,-36.529,15.974,664.395,1,25
124,-22.852,-37.2568,-47.988,50.0971,1,25
124,-20.8394,-38.4188,-64.0654,186.08,1,25
124,-20.5243,-38.588,75.4453,102.563,1,25
124,-19.7309,-38.9997,-303.964,170.196,1,25
124,-18.5876,-39.5574,102.779,786.281,1,25
124,-17.6844,-39.9693,-132.435,715.546,1,25
124,-17.4824,-40.0581,-175.791,3246.49,1,25
124,-16.9733,-40.2764,22.82,22.2791,1,25
124,-16.6432,-40.4139,-20.367,283.522,1,25
124,-15.312,-40.9369,1.83055,56.4405,1,25
124,-12.5273,-41.873,-174.167,11457.7,1,25
124,-12.9438,-41.7462,-183.904,1815,1,25
124,-12.6018,-41.8507,-183.594,1434,1,25
124,-12.0406,-42.0156,39.8868,817.28,1,25
124,-11.9154,-42.0513,-205.453,302.896,1,25
124,-11.571,-42.1473,-205.292,22.0416,1,25
124,-9.2362,-42.7197,-42.706,152.997,1,25
124,-4.596,-43.4645,58.3394,111.687,1,25
124,-3.61831,-43.5568,-275.164,906.59,1,25
124,-3.4167,-43.573,99.9278,1030.62,1,25
124,-1.87722,-43.6665,35.1103,713.907,1,25
124,-1.84364,-43.6679,-13.5839,462.478,1,25
124,-0.502194,-43.7039,26.0215,192.575,1,25
124,-0.393101,-43.705,-101.412,70.4977,1,25
124,0.215302,-43.7063,-73.9314,286.359,1,25
124,0.593175,-43.7028,-109.699,201.921,1,25
124,3.7937,-43.5418,-144.792,134.167,1,25
124,4.12614,-43.5116,-8.35776,205.384,1,25
124,4.50819,-43.4737,100.854,176.154,1,25
124,4.71139,-43.4521,62.33,1105.61,1,25
124,4.61606,-43.4624,-118.42,1091.06,1,25
124,8.86465,-42.7984,-9.70644,2570.94,1,25
124,9.03907,-42.7619,-273.503,1219.93,1,25
124,10.7066,-42.3751,-233.566,457.374,1,25
124,11.0529,-42.2861,36.812,40.1631,1,25
124,11.7376,-42.1012,-232.479,1168.2,1,25
124,11.7433,-42.0996,-31.876,27,1,25
124,12.1926,-41.9717,33.6363,182.573,1,25
124,12.5558,-41.8645,-43.327,961.569,1,25
124,14.7842,-41.1304,22.2115,465.611,1,25
124,15.1445,-40.9991,21.548,25.2869,1,25
124,16.727,-40.3794,37.2267,2279.37,1,25
124,16.7753,-40.3593,-280.579,536.773,1,25
124,19.8903,-38.9187,-109.054,295.951,1,25
124,20.3315,-38.69,21.9915,500.084,1,25
124,20.9928,-38.3352,88.0841,429.076,1,25
124,21.2833,-38.1747,-92.9967,737.769,1,25
124,21.7052,-37.9364,-127.031,439.229,1,25
124,22.5661,-37.4307,-304.968,441.549,1,25
124,22.7094,-37.3439,-27.775,715.48,1,25
124,24.108,-36.4567,-26.7429,571.892,1,25
124,25.0948,-35.7846,-3.0578,172.914,1,25
124,25.6758,-35.37,-33.1257,158.275,1,25
124,26.6101,-34.6726,71.0061,145.901,1,25
124,27.2311,-34.187,-165.321,323.103,1,25
124,27.6907,-33.8159,28.5235,1388.83,1,25
124,28.1887,-33.4019,-163.743,807.365,1,25
124,29.0568,-32.6495,26.1644,149.578,1,25
124,30.0345,-31.7523,-197.261,455.894,1,25
124,30.0368,-31.7502,-215.281,1190.14,1,25
124,34.6408,-26.6514,-55.9451,755.545,1,25
124,35.5379,-25.4429,12.4306,153.263,1,25
124,36.1555,-24.5574,-267.673,294.099,1,25
124,36.348,-24.2715,-33.7843,188.33,1,25
124,36.5184,-24.0144,76.6865,282.234,1,25
124,36.8011,-23.5789,99.4247,221.225,1,25
124,37.1533,-23.0199,100.294,1255.89,1,25
124,37.4739,-22.4942,-214.964,247.728,1,25
124,37.697,-22.1184,47.5499,107.742,1,25
124,38.8221,-20.0781,-141.775,425.726,1,25
124,39.2248,-19.2796,-31.948,924.497,1,25
124,40.2764,-16.9733,16.2855,124.345,1,25
124,40.6746,-15.9956,72.3145,816.402,1,25
124,41.0864,-14.9062,17.3264,992.371,1,25
124,41.3306,-14.215,52.1423,1086.06,1,25
124,41.5288,-13.6251,-239.776,565.434,1,25
124,41.6589,-13.222,-57.5966,312.039,1,25
124,42.4254,-10.5056,7.53929,525.47,1,25
124,42.7775,-8.96469,32.1226,518,1,25
124,43.1145,-7.17087,-61.8596,2124.65,1,25
124,43.6573,-2.07859,-249.367,328.297,1,25
124,43.6767,-1.62121,-35.8482,195.146,1,25
124,43.6987,0.842295,15.1024,370.599,1,25
124,43.5398,3.81685,-94.7528,930.973,1,25
124,43.4635,4.60555,6.60249,135.571,1,25
124,43.3671,5.4389,-180.483,62.5221,1,25
124,43.1908,6.696,-255.991,364.256,1,25
124,42.8701,8.5111,-12.6969,312.78,1,25
124,41.7497,12.9325,-244.071,332.453,1,25
124,38.3554,20.9559,7.58641,241.738,1,25
124,38.0272,21.5456,4.38734,148.25,1,25
124,36.9444,23.3537,43.0845,2080.96,1,25
124,36.8844,23.4484,-162.785,879.089,1,25
124,36.7666,23.6326,-265.528,1034.98,1,25
124,35.5789,25.3855,82.3563,110.716,1,25
124,35.4002,25.6342,-246.073,158.619,1,25
124,35.0117,26.1623,86.3821,699.795,1,25
124,34.155,27.2713,92.4043,526.469,1,25
124,34.1758,27.2452,-17.9959,818.141,1,25
124,34.1174,27.3182,88.1648,494.525,1,25
124,33.8182,27.6878,-81.8775,671.409,1,25
124,32.9339,28.734,39.2024,454.247,1,25
124,30.5047,31.3009,-297.006,786.915,1,25
124,28.0922,33.483,-165.834,2761.13,1,25
124,27.6543,33.8456,-66.1005,2347.67,1,25
124,26.9409,34.4162,-31.3793,386.057,1,25
124,26.6986,34.6045,-278.909,353.698,1,25
124,25.9075,35.2006,-10.5676,263.249,1,25
124,25.4893,35.5046,43.5066,792.337,1,25
124,25.5038,35.4942,22.2991,150.969,1,25
124,23.0033,37.1636,-186.735,425.821,1,25
124,19.3586,39.1858,-186.951,436.994,1,25
124,17.9482,39.8516,-43.1633,1101.86,1,25
124,16.9765,40.2751,-43.3883,468.459,1,25
124,14.8556,41.1047,65.5098,360.682,1,25
124,14.1441,41.3549,64.9375,377.041,1,25
124,13.4551,41.5842,64.5346,70.3484,1,25
124,8.84766,42.8019,91.2804,923.011,1,25
124,9.22048,42.7231,70.9425,108.756,1,25
124,8.23247,42.9245,-274.94,287.238,1,25
124,7.599,43.0411,-238.006,590.55,1,25
124,7.62951,43.0357,-294.123,415.608,1,25
124,6.18785,43.2666,72.6364,1512.74,1,25
124,5.46575,43.3637,74.1105,372.13,1,25
124,4.2599,43.4987,48.951,387.11,1,25
124,4.11353,43.5128,-36.7782,118.904,1,25
124,2.76992,43.6189,25.9768,309.94,1,25
124,2.25258,43.6487,-11.8051,401.813,1,25
124,-1.83613,43.6682,-188.876,2402.81,1,25
124,-1.87671,43.6665,-191.3,11.1068,1,25
124,-7.59349,43.0421,-300.457,773.197,1,25
124,-8.61444,42.8495,-80.212,24.1526,1,25
124,-14.301,41.3009,-71.7966,1061.55,1,25
124,-15.5083,40.8629,-198.521,779.297,1,25
124,-16.0696,40.6455,96.1238,403.96,1,25
124,-16.5366,40.4577,20.8555,582.131,1,25
124,-18.1125,39.7772,-23.0076,708.274,1,25
124,-19.0902,39.3173,37.0567,55.496,1,25
124,-21.2472,38.1948,40.3982,141.98,1,25
124,-21.7587,37.9057,-23.6936,425.044,1,25
124,-21.9171,37.8144,-81.0726,355.095,1,25
124,-22.0519,37.7359,79.6882,378.069,1,25
124,-23.2202,37.0285,55.892,66.3913,1,25
124,-24.0026,36.5262,56.4759,1055.84,1,25
124,-23.858,36.6207,-125.842,223.257,1,25
124,-24.219,36.383,-96.972,340.089,1,25
124,-26.4486,34.7959,104.562,287.524,1,25
124,-26.7988,34.527,-223.994,709.368,1,25
124,-28.9713,32.7254,30.7507,509.634,1,25
124,-31.469,30.3313,-31.028,30.2064,1,25
124,-31.861,29.9193,97.0893,5660.56,1,25
124,-33.2864,28.3249,-165.929,10259.5,1,25
124,-34.0119,27.4495,48.7384,2723.02,1,25
124,-34.4347,26.9172,16.036,108.25,1,25
124,-35.3953,25.6409,81.1415,10201.3,1,25
124,-35.3955,25.6406,46.628,519.572,1,25
124,-35.6479,25.2886,-83.9535,1137.94,1,25
124,-35.9338,24.8806,-35.3929,233.086,1,25
124,-36.1157,24.6158,100.23,274.476,1,25
124,-37.9109,21.7497,34.0727,2047.82,1,25
124,-37.9403,21.6983,40.4351,143.349,1,25
124,-38.4571,20.7687,-214.387,47.547,1,25
124,-38.8161,20.0896,-261.41,496.605,1,25
124,-39.4536,18.8069,-103.807,481.503,1,25
124,-40.9604,15.249,-279.04,1113.33,1,25
124,-42.3709,10.7233,51.3452,1102.05,1,25
124,-42.7647,9.02599,47.4321,9350.59,1,25
124,-42.8494,8.61454,27.0664,259.073,1,25
124,-43.4329,4.88555,-200.094,741.677,1,25
124,-43.5142,4.09864,-33.5685,553.537,1,25
124,-43.609,2.9219,105.281,424.507,1,25
124,-43.6595,2.03254,59.6397,221.354,1,25
124,-43.6886,1.26226,-3.33168,431.048,1,25
124,-43.6994,0.804482,63.7559,49.4267,1,25
124,-43.7049,0.403574,1.87818,423.098,1,25
124,-44.6196,-3.09434,34.6524,144.084,0,26
124,-44.5048,-4.45094,222.32,341.467,0,26
124,-44.4971,-4.52673,41.5742,297.383,0,26
124,-44.3946,-5.44095,-44.9956,987.772,0,26
124,-44.0381,-7.81881,-79.3726,1290.06,0,26
124,-43.6888,-9.57986,85.0921,338.457,0,26
124,-43.5576,-10.1597,269.86,1248.19,0,26
124,-43.0277,-12.2108,-28.5292,154.926,0,26
124,-42.2203,-14.7626,198.591,105.394,0,26
124,-41.7891,-15.9423,236.472,389.912,0,26
124,-41.5633,-16.5221,-58.8379,247.443,0,26
124,-41.1464,-17.5345,205.62,627.509,0,26
124,-41.0763,-17.6982,126.258,388.379,0,26
124,-40.9663,-17.9513,-95.1228,120.216,0,26
124,-38.47,-22.8154,-59.4214,791.107,0,26
124,-38.3586,-23.0022,-6.57135,626.075,0,26
124,-37.653,-24.1399,-14.3644,252.282,0,26
124,-36.5724,-25.7478,-5.92579,996.548,0,26
124,-35.3626,-27.3856,5.23953,308.711,0,26
124,-35.0907,-27.7332,5.73725,82.045,0,26
124,-34.8626,-28.0193,62.828,24.106,0,26
124,-34.6346,-28.3008,-14.7224,235.989,0,26
124,-33.2002,-29.9705,-23.3646,1323.11,0,26
124,-33.1563,-30.0191,248.791,274.658,0,26
124,-29.7855,-33.3663,-63.0628,409.751,0,26
124,-28.7069,-34.2987,-16.4508,453.112,0,26
124,-27.7332,-35.0907,188.814,251.814,0,26
124,-26.3258,-36.1585,186.938,12092.3,0,26
124,-25.9779,-36.4092,195.714,985,0,26
124,-25.4723,-36.7648,-83.4778,977.824,0,26
124,-23.4839,-38.0656,187.701,119.683,0,26
124,-22.8933,-38.4237,80.792,865.507,0,26
124,-22.0537,-38.9117,-68.3322,708.587,0,26
124,-21.5986,-39.1662,281.997,649.04,0,26
124,-21.0033,-39.4886,282.036,23.0139,0,26
124,-14.2402,-42.3993,275.504,1215,0,26
124,-12.9304,-42.8169,12.2458,127.706,0,26
124,-12.2325,-43.0215,98.9599,144.748,0,26
124,-12.1935,-43.0326,-67.9609,262.692,0,26
124,-11.8366,-43.1321,-67.862,1290.07,0,26
124,-10.9472,-43.3664,-61.752,1097.68,0,26
124,-11.1667,-43.3104,142.533,189.373,0,26
124,-10.7983,-43.4037,164.436,1309.2,0,26
124,-10.3745,-43.507,-47.7005,76.7711,0,26
124,-9.71596,-43.6588,10.2995,546.607,0,26
124,-8.40295,-43.9304,-32.7191,286.453,0,26
124,-4.8044,-44.468,-70.9964,110.939,0,26
124,-4.47501,-44.5024,-7.98,45.1126,0,26
124,-2.59664,-44.6514,77.0752,500.595,0,26
124,-1.72997,-44.6933,11.2918,1822.26,0,26
124,-1.74055,-44.6929,4.12307,191.233,0,26
124,-1.07962,-44.7138,-105.236,324.243,0,26
124,-0.344706,-44.7255,200.576,341.924,0,26
124,0.0914923,-44.7267,-43.452,81.8794,0,26
124,3.34402,-44.6016,125.257,757.597,0,26
124,3.32555,-44.603,192.369,140.743,0,26
124,3.47612,-44.5915,203.393,182.782,0,26
124,6.3699,-44.2709,55.7622,630.939,0,26
124,6.83264,-44.2018,254.351,245.13,0,26
124,7.93281,-44.0177,216.901,933.933,0,26
124,8.35237,-43.94,123.309,157.855,0,26
124,8.93611,-43.825,59.1238,1336.81,0,26
124,11.2293,-43.2942,-83.452,63.3035,0,26
124,12.0706,-43.0672,149.413,182.946,0,26
124,12.7141,-42.8817,37.3306,579.001,0,26
124,13.3785,-42.6791,301.814,358.007,0,26
124,13.7933,-42.5468,-28.6055,158.329,0,26
124,14.8459,-42.1911,149.888,327.761,0,26
124,16.1049,-41.7267,157.173,508.597,0,26
124,16.7343,-41.4783,125.706,155.322,0,26
124,18.0415,-40.9267,-68.612,41.2186,0,26
124,20.4383,-39.7839,49.6088,610.616,0,26
124,20.311,-39.8491,242.885,109.853,0,26
124,24.8255,-37.2046,-41.5563,951.58,0,26
124,25.9894,-36.4011,144.264,457.528,0,26
124,27.2275,-35.4845,-66.8485,1736.92,0,26
124,28.653,-34.3437,-68.9753,311.728,0,26
124,29.2836,-33.8077,209.956,24.0555,0,26
124,30.4812,-32.732,208.372,231.456,0,26
124,30.6294,-32.5934,274.108,355.977,0,26
124,32.9555,-30.2395,-99.3156,365.855,0,26
124,32.9555,-30.2395,-93.0142,81.2614,0,26
124,36.5152,-25.8288,-19.8197,498.249,0,26
124,36.7253,-25.5292,-19.1977,566.814,0,26
124,36.7253,-25.5292,137.925,131.643,0,26
124,39.4886,-21.0033,37.812,23.2031,0,26
124,41.6302,-16.3527,-50.5866,53.465,0,26
124,41.6302,-16.3527,-38.2212,80.372,0,26
124,41.6302,-16.3527,59.2415,170.238,0,26
124,43.5994,-9.97883,-76.2074,483.224,0,26
124,43.7944,-9.08504,28.6487,250.383,0,26
124,44.3081,-6.10553,-91.2674,620.438,0,26
124,44.3639,-5.6863,-34.6413,412.353,0,26
124,44.4316,-5.13068,-48.8444,406.644,0,26
124,44.7245,0.457407,-44.02,21.137,0,26
124,44.6069,3.27231,195.353,4918.76,0,26
124,44.444,5.02181,-17.2058,335.382,0,26
124,44.3791,5.56583,-52.924,33.2896,0,26
124,44.3348,5.90902,-45.7656,557.448,0,26
124,44.1798,6.97372,-4.44852,8633.21,0,26
124,44.1442,7.19553,0.0533867,75,0,26
124,43.9543,8.27672,-80.8842,148.113,0,26
124,43.655,9.73284,17.2584,265.421,0,26
124,43.5262,10.2933,-34.1805,830.743,0,26
124,43.1174,11.8903,-45.404,79.5082,0,26
124,42.8959,12.6661,242.301,5740.29,0,26
124,42.8768,12.7306,264.502,594.925,0,26
124,42.8264,12.8992,-20.7,103.421,0,26
124,42.5441,13.8016,275.282,7937.54,0,26
124,42.6243,13.5519,303.866,219.939,0,26
124,42.6106,13.595,280.298,120,0,26
124,42.498,13.9431,215.042,259.544,0,26
124,42.1411,14.9873,118.528,261.836,0,26
124,41.4746,16.7435,136.668,406.246,0,26
124,41.2259,17.3469,55.3427,506.249,0,26
124,39.0082,21.8825,246.609,146.228,0,26
124,38.8926,22.0874,-50.7314,284.44,0,26
124,38.8562,22.1513,140.269,313.464,0,26
124,38.871,22.1253,154.836,25.2656,0,26
124,38.7555,22.327,156.066,94.2589,0,26
124,38.5518,22.677,79.9241,1394.6,0,26
124,38.0303,23.5411,295.667,170.802,0,26
124,35.0982,27.7237,-53.2682,716.351,0,26
124,33.794,29.2994,-67.2317,379.841,0,26
124,33.2598,29.9044,-46.0862,626.592,0,26
124,32.6035,30.6186,-33.7874,722.398,0,26
124,32.1462,31.0983,13.8847,138.913,0,26
124,30.8253,32.4082,46.1022,131.818,0,26
124,30.5641,32.6546,286.415,369.353,0,26
124,29.8888,33.2739,82.4782,590.1,0,26
124,29.8622,33.2976,17.5356,2181.63,0,26
124,28.0122,34.8684,-104.78,243.672,0,26
124,25.2832,36.8951,-92.9925,826.277,0,26
124,25.2837,36.8947,98.1246,202.07,0,26
124,24.0464,37.7128,149.862,91.7792,0,26
124,23.9276,37.7883,22.6279,396.328,0,26
124,23.2195,38.2275,-104.581,395.015,0,26
124,20.9688,39.5069,67.8351,1147.74,0,26
124,19.8173,40.0969,-42.8606,413.742,0,26
124,18.1647,40.8721,135.901,261.615,0,26
124,17.3752,41.214,123.432,880.76,0,26
124,16.8281,41.4403,-35.8473,432.63,0,26
124,14.1826,42.4186,-37.4394,146.409,0,26
124,13.984,42.4845,-59.2205,325.64,0,26
124,13.9882,42.4831,299.857,289.096,0,26
124,10.6077,43.4507,-99.5711,2111.49,0,26
124,9.79838,43.6403,-25.2324,271.887,0,26
124,9.7288,43.6559,29.0589,350.602,0,26
124,9.88892,43.6199,122.872,168.127,0,26
124,9.17887,43.7748,-44.295,462.989,0,26
124,8.08514,43.99,-93.34,391.531,0,26
124,7.18409,44.1461,-3.42396,658.732,0,26
124,6.4212,44.2635,96.102,258.521,0,26
124,5.60389,44.3744,-37.7954,216.065,0,26
124,4.81696,44.4667,-37.9747,611.863,0,26
124,4.61457,44.4881,16.74,112.199,0,26
124,3.67883,44.5752,-23.4259,1324.61,0,26
124,0.319959,44.7257,-43.9999,1388.72,0,26
124,-1.57314,44.6991,-30.0999,254.223,0,26
124,-1.62317,44.6973,38.7324,158.247,0,26
124,-1.77346,44.6916,-15.2741,1242.84,0,26
124,-2.65138,44.6481,224.561,430.81,0,26
124,-6.99184,44.1769,262.979,1585.83,0,26
124,-8.0985,43.9875,-9.05452,329.806,0,26
124,-8.64635,43.8831,213.002,157.006,0,26
124,-9.53176,43.6993,-25.788,38.2509,0,26
124,-10.6655,43.4365,131.846,875.079,0,26
124,-12.6005,42.9152,-11.755,400.876,0,26
124,-13.3877,42.6762,24.7622,122.561,0,26
124,-13.4442,42.6584,219.26,536.191,0,26
124,-13.8024,42.5439,-5.89835,462.647,0,26
124,-14.0345,42.4679,168.668,549.814,0,26
124,-15.3333,42.0164,21.5904,532.977,0,26
124,-15.6015,41.9175,-79.5374,1587.95,0,26
124,-15.6215,41.9101,170.801,3076.85,0,26
124,-18.5823,40.684,-69.1548,353.174,0,26
124,-19.1621,40.4141,168.623,235.659,0,26
124,-19.574,40.2162,127.995,825.197,0,26
124,-23.1159,38.2902,-44.2491,599.58,0,26
124,-25.5292,36.7253,-32.304,155.923,0,26
124,-25.8829,36.4769,-27.262,222.602,0,26
124,-26.1956,36.253,36.116,84.1803,0,26
124,-26.9964,35.6606,166.956,363.082,0,26
124,-27.1488,35.5448,-65.447,319.936,0,26
124,-27.993,34.8838,56.2817,766.197,0,26
124,-29.8364,33.3208,127.242,633.218,0,26
124,-30.1398,33.0466,185.956,776.641,0,26
124,-31.127,32.1185,100.308,139.664,0,26
124,-32.8805,30.3209,172.359,235.896,0,26
124,-33.2017,29.9688,-69.46,21.1126,0,26
124,-33.8874,29.1913,126.004,69.3973,0,26
124,-35.8232,26.7803,29.0868,438.158,0,26
124,-35.8981,26.6798,44.517,1047.17,0,26
124,-38.696,22.43,50.2016,1168.21,0,26
124,-38.9994,21.8982,-80.1443,248.876,0,26
124,-40.0296,19.9528,277.774,141.413,0,26
124,-40.4923,18.9964,-31.6983,1040.02,0,26
124,-40.7458,18.4463,121.764,52.1648,0,26
124,-40.9709,17.9408,-13.0249,203.421,0,26
124,-41.0387,17.7852,-64.5456,136.803,0,26
124,-41.8278,15.8406,-55.1815,86.4688,0,26
124,-41.8278,15.8406,-20.2036,122.93,0,26
124,-42.2039,14.8093,226.687,152.635,0,26
124,-42.3515,14.3818,-97.6428,267.334,0,26
124,-42.384,14.2858,-52.076,79.1787,0,26
124,-42.9745,12.3968,25.2449,560.346,0,26
124,-43.66,9.71041,-78.9392,416.932,0,26
124,-44.1496,7.16222,-86.3432,793.638,0,26
124,-44.2456,6.54323,127.606,192.334,0,26
124,-44.2897,6.23796,21.4509,211.736,0,26
124,-44.2954,6.19709,173.318,784.222,0,26
124,-44.5751,3.68093,160.323,815.58,0,26
124,-44.6567,2.5024,-54.0264,436.895,0,26
124,-44.7164,0.96238,74.6023,524.278,0,26
124,-44.5375,-4.11082,13.4698,535.275,1,26
124,-44.4232,-5.20257,-23.9506,134.71,1,26
124,-44.3075,-6.11002,-66.644,33.9861,1,26
124,-44.3075,-6.11002,-290.94,33.3492,1,26
124,-42.7553,-13.1327,10.9093,342.564,1,26
124,-42.6106,-13.595,11.372,26.0261,1,26
124,-42.0203,-15.3226,-33.7438,578.654,1,26
124,-42.0084,-15.355,-238.696,863.615,1,26
124,-41.6176,-16.3849,51.1707,631.712,1,26
124,-41.0445,-17.7718,-63.2168,830.965,1,26
124,-40.6067,-18.7506,104.89,604.559,1,26
124,-40.3844,-19.2246,97.1394,408.248,1,26
124,-40.1524,-19.7047,103.211,284.726,1,26
124,-40.1718,-19.6651,88.4967,663.822,1,26
124,-40.1433,-19.7232,-11.8392,1036.29,1,26
124,-39.9694,-20.0732,-224.66,349.007,1,26
124,-39.4338,-21.106,100.754,1319.1,1,26
124,-39.9098,-20.1914,-11.948,24.1664,1,26
124,-39.583,-20.8249,-135.676,303.706,1,26
124,-38.575,-22.6375,97.9572,693.84,1,26
124,-38.1224,-23.3917,96.587,211.633,1,26
124,-37.8329,-23.857,-34.5642,279.866,1,26
124,-37.1772,-24.8665,93.812,2052.89,1,26
124,-36.3027,-26.1267,87.5207,99,1,26
124,-35.3632,-27.3849,-92.5324,386.173,1,26
124,-35.0088,-27.8365,-182.272,339.107,1,26
124,-32.8401,-30.3647,38.033,273.509,1,26
124,-31.1153,-32.1298,-50.3652,193.309,1,26
124,-31.0772,-32.1666,-144.313,204.544,1,26
124,-30.7155,-32.5122,-39.2417,569.093,1,26
124,-30.3844,-32.8219,-50.302,313.462,1,26
124,-30.1705,-33.0186,-68.1015,128.186,1,26
124,-29.3853,-33.7193,12.7441,118.609,1,26
124,-27.333,-35.4033,-208.793,304.778,1,26
124,-25.4576,-36.775,-88.0479,834.734,1,26
124,-25.4455,-36.7833,-249.162,1016.38,1,26
124,-24.7161,-37.2773,16.3828,764.598,1,26
124,-23.6924,-37.9362,-47.7254,471.813,1,26
124,-22.8211,-38.4666,-227.771,892.752,1,26
124,-21.3257,-39.3154,-63.2172,120.684,1,26
124,-21.0033,-39.4886,74.972,27.9861,1,26
124,-21.0033,-39.4886,19.4617,944.714,1,26
124,-21.0033,-39.4886,-62.5717,163.354,1,26
124,-19.8641,-40.0737,-302.839,112.487,1,26
124,-19.0585,-40.4631,102.969,486.203,1,26
124,-18.3427,-40.7925,-131.497,462.936,1,26
124,-17.888,-40.994,-174.498,4096.68,1,26
124,-17.8739,-41.0001,-181.995,677,1,26
124,-17.4061,-41.2009,23.0073,357.178,1,26
124,-16.3527,-41.6302,3.07369,58.3728,1,26
124,-15.8406,-41.8278,2.468,55.1851,1,26
124,-15.3261,-42.019,68.0868,301.451,1,26
124,-14.8093,-42.2039,10.4705,222.626,1,26
124,-14.8093,-42.2039,-173.97,947.831,1,26
124,-13.9895,-42.4827,-174.056,9091.24,1,26
124,-12.1935,-43.0326,40.9056,62.8817,1,26
124,-10.9323,-43.3702,6.53089,524.585,1,26
124,-9.02836,-43.8061,-42.7325,182.478,1,26
124,-5.02002,-44.4442,58.7865,1240.62,1,26
124,-4.06144,-44.542,-272.827,1054.76,1,26
124,-2.30147,-44.6675,36.7521,312.114,1,26
124,-2.05437,-44.6796,-13.0542,279.007,1,26
124,-0.82313,-44.7192,-100.362,406.978,1,26
124,-0.929763,-44.7171,25.788,67.2219,1,26
124,-0.0859483,-44.7267,-72.8308,324.464,1,26
124,0.420707,-44.7248,-108.066,508.302,1,26
124,1.92796,-44.6852,-299.997,264.892,1,26
124,3.71279,-44.5724,-8.60906,185.86,1,26
124,4.01673,-44.5461,-144.236,64.3223,1,26
124,4.72508,-44.4765,101.258,1001.87,1,26
124,4.87655,-44.4602,-117.415,651.609,1,26
124,4.9831,-44.4483,63.8413,520.778,1,26
124,9.35417,-43.7377,-9.00604,5775.8,1,26
124,9.35292,-43.738,-16.899,857,1,26
124,9.45208,-43.7166,-271.797,622.724,1,26
124,11.1337,-43.3189,-32.3,38.2236,1,26
124,12.0965,-43.06,34.9694,6510.69,1,26
124,12.2603,-43.0136,47.1654,145.898,1,26
124,12.6998,-42.8859,-42.9264,1132.21,1,26
124,13.5647,-42.6203,-4.40168,620.49,1,26
124,14.4636,-42.3237,24.94,23.0954,1,26
124,14.5674,-42.288,23.7873,89.272,1,26
124,14.6808,-42.2488,-180.272,633.377,1,26
124,14.9411,-42.1574,23.0259,107.696,1,26
124,16.8554,-41.4293,36.9552,1596.33,1,26
124,17.1274,-41.3175,-279.842,361.196,1,26
124,20.4102,-39.7984,-108.498,76.4716,1,26
124,21.2135,-39.3761,-127.412,1220.7,1,26
124,21.3195,-39.3187,89.115,265.853,1,26
124,21.2894,-39.3351,23.7839,108.587,1,26
124,21.8426,-39.0306,-91.2585,363.793,1,26
124,23.1911,-38.2447,-145.851,784.539,1,26
124,23.2378,-38.2164,-303.371,898.263,1,26
124,23.3827,-38.1279,-27.4312,437.277,1,26
124,24.3775,-37.4997,-146.928,623.273,1,26
124,24.8126,-37.2132,-24.967,726.347,1,26
124,25.6292,-36.6556,77.2784,148.058,1,26
124,26.1352,-36.2965,-31.9202,350.083,1,26
124,26.4062,-36.0999,-2.01196,617.577,1,26
124,26.7323,-35.8591,85.7386,374.254,1,26
124,26.9197,-35.7185,71.7002,516.329,1,26
124,28.0959,-34.8009,-163.713,1140.98,1,26
124,28.5826,-34.4024,29.3515,862.611,1,26
124,29.4251,-33.6846,28.8166,606.911,1,26
124,30.2444,-32.9509,-286.526,1621.16,1,26
124,30.3385,-32.8643,-197.357,257.929,1,26
124,30.6573,-32.5671,-214.915,1124.78,1,26
124,35.112,-27.7062,-54.0189,432.136,1,26
124,35.9598,-26.5965,-131.45,192.275,1,26
124,36.2743,-26.166,12.763,117.718,1,26
124,37.0667,-25.0309,-226.591,352.963,1,26
124,37.2371,-24.7767,-33.5642,193.154,1,26
124,37.2395,-24.773,-267.135,486.234,1,26
124,37.3005,-24.6811,77.2504,334.084,1,26
124,37.4575,-24.4422,101.1,138.029,1,26
124,38.0923,-23.4406,102.042,1950.54,1,26
124,38.4869,-22.787,48.2317,786.328,1,26
124,39.2781,-21.3944,-4.75098,322.013,1,26
124,39.7725,-20.4605,-141.573,92.6519,1,26
124,40.2078,-19.5913,-29.8154,761.878,1,26
124,41.0676,-17.7184,17.8882,575.059,1,26
124,41.6558,-16.2873,73.6957,775.429,1,26
124,41.8793,-15.7038,18.6697,303.277,1,26
124,42.1237,-15.0359,53.348,70.4095,1,26
124,42.5004,-13.9356,-238.195,1643.26,1,26
124,43.4538,-10.5949,8.82503,1099.11,1,26
124,43.7183,-9.44418,41.7723,1972.79,1,26
124,44.0301,-7.86391,-62.1509,2196.33,1,26
124,44.6848,-1.93679,-247.568,572.443,1,26
124,44.6882,-1.85867,-35.7665,511.671,1,26
124,44.7246,0.448336,15.5702,759.799,1,26
124,44.55,3.97347,-93.2289,126.735,1,26
124,44.3769,5.5838,-180.024,549.813,1,26
124,43.7807,9.15085,-11.891,180.837,1,26
124,43.5791,10.0673,-243.179,104.164,1,26
124,43.4523,10.6013,-37.628,481.113,1,26
124,42.8891,12.6892,-242.773,930.395,1,26
124,39.2113,21.5166,8.11079,305.573,1,26
124,38.8036,22.2434,4.49387,140.404,1,26
124,37.827,23.8663,-160.735,2065.19,1,26
124,37.7386,24.006,37.1122,733,1,26
124,37.4269,24.489,-263.531,185.156,1,26
124,36.6187,25.6818,82.7459,1588.7,1,26
124,36.356,26.0524,-245.148,54.1648,1,26
124,35.8688,26.7192,-12.6707,438.298,1,26
124,35.7089,26.9326,88.2859,212.219,1,26
124,35.1823,27.6169,93.2667,690.162,1,26
124,35.2178,27.5716,-16.4415,187.301,1,26
124,34.9683,27.8873,90.1825,764.468,1,26
124,34.7224,28.193,-80.0895,417.47,1,26
124,33.0459,30.1406,-40.5757,1456.76,1,26
124,29.5591,33.567,17.9667,96.0711,1,26
124,29.252,33.835,17.3927,221.081,1,26
124,28.6791,34.3219,-64.4715,777.753,1,26
124,27.7332,35.0907,-30.44,108.635,1,26
124,27.2475,35.4691,-277.08,694.025,1,26
124,26.4816,36.0446,44.7303,88.4305,1,26
124,26.0189,36.38,22.5305,315.015,1,26
124,24.4865,37.4285,-33.7625,505.691,1,26
124,23.465,38.0773,-185.08,310.368,1,26
124,16.6195,41.5244,-43.5114,621.854,1,26
124,15.795,41.845,-43.6529,509.032,1,26
124,15.1586,42.0797,-305.4,785.866,1,26
124,13.098,42.766,63.8927,678.08,1,26
124,12.2797,43.0081,63.374,212.555,1,26
124,9.19967,43.7705,71.4083,153.063,1,26
124,8.81247,43.8501,-273.06,669.722,1,26
124,8.56843,43.8984,93.3774,509.626,1,26
124,4.7031,44.4788,22.9207,89.2937,1,26
124,4.18991,44.5301,51.1577,531.43,1,26
124,3.79648,44.5654,-36.6754,130.923,1,26
124,-2.04229,44.6801,-188.358,5454.67,1,26
124,-4.07047,44.5412,97.2019,458.971,1,26
124,-4.18538,44.5305,29.2319,230.945,1,26
124,-7.97061,44.0109,-299.086,773.769,1,26
124,-8.4922,43.9132,-80.5813,267.589,1,26
124,-15.7143,41.8754,-197.336,92.3293,1,26
124,-16.6448,41.5143,21.0285,124.19,1,26
124,-18.7644,40.6003,16.892,734.277,1,26
124,-18.7068,40.6269,-22.4004,857.452,1,26
124,-22.0583,38.9091,41.5335,533.763,1,26
124,-22.1672,38.8472,-23.2323,716.073,1,26
124,-22.3415,38.7472,81.2083,993.644,1,26
124,-23.2314,38.2203,55.3852,458.532,1,26
124,-22.994,38.3635,-82.013,564.966,1,26
124,-24.3844,37.4952,-125.803,392.737,1,26
124,-24.6319,37.333,-95.6243,1561.52,1,26
124,-26.6787,35.8989,-32.9068,281.741,1,26
124,-27.1353,35.555,105.337,225.498,1,26
124,-27.7902,35.0456,-222.134,439.97,1,26
124,-29.411,33.6968,32.4207,336.659,1,26
124,-29.4216,33.6876,36.1685,68.6695,1,26
124,-29.6514,33.4855,34.5563,200.343,1,26
124,-32.424,30.8086,96.2987,4440.14,1,26
124,-32.3035,30.9349,-29.5801,473.547,1,26
124,-32.5445,30.6813,87.5268,1008.25,1,26
124,-34.5187,28.4419,51.0635,988.568,1,26
124,-34.5462,28.4085,15.9642,747.591,1,26
124,-34.5798,28.3677,-166.039,9689.42,1,26
124,-35.0253,27.8158,85.2157,10519.6,1,26
124,-36.4144,25.9707,47.2402,409.176,1,26
124,-36.583,25.7327,-82.9085,481.26,1,26
124,-36.8741,25.3137,-35.0591,125.964,1,26
124,-37.1006,24.9806,102.364,197.1,1,26
124,-38.5791,22.6305,41.6088,433.007,1,26
124,-38.9435,21.9976,33.9617,2189.57,1,26
124,-39.3154,21.3257,32.572,38.0832,1,26
124,-39.5466,20.8939,-260.172,280.958,1,26
124,-39.8833,20.2437,99.7828,486.902,1,26
124,-40.6621,18.63,-103.253,854.96,1,26
124,-41.8383,15.8127,-277.214,305.122,1,26
124,-43.38,10.8931,53.1573,1354.16,1,26
124,-44.1401,7.2206,43.0889,8186.07,1,26
124,-44.2533,6.49084,-233.22,174.773,1,26
124,-44.42,5.22941,-199.835,237.434,1,26
124,-44.5314,4.17653,-113.913,334.827,1,26
124,-44.5398,4.0857,-31.3648,1932.21,1,26
124,-44.671,2.23308,60.711,306.725,1,26
124,-44.7255,0.337529,64.0012,204.178,1,26
124,-45.7268,-1.36127,-34.9675,309.884,0,27
124,-45.6999,-2.07702,40.4191,169.72,0,27
124,-45.6046,-3.60736,34.5486,182.672,0,27
124,-45.5196,-4.55707,41.0108,197.771,0,27
124,-45.5127,-4.62546,221.764,320.989,0,27
124,-45.282,-6.50668,-45.1377,386.854,0,27
124,-45.0677,-7.85474,-79.0936,571.068,0,27
124,-44.7639,-9.43353,83.1171,924.528,0,27
124,-44.5659,-10.3283,269.56,743.604,0,27
124,-43.892,-12.8953,-29.0121,280.259,0,27
124,-43.2283,-14.9705,197.236,26.0859,0,27
124,-42.8867,-15.9227,236.107,615.889,0,27
124,-41.9387,-18.2742,125.927,535.842,0,27
124,-41.8294,-18.5229,-96.1063,279.764,0,27
124,-41.5853,-19.0645,205.955,274.867,0,27
124,-39.316,-23.389,-7.51666,477.854,0,27
124,-39.2112,-23.5644,-60.8031,506.163,0,27
124,-38.998,-23.9156,-72.059,1460.83,0,27
124,-38.9345,-24.0189,-47.583,296.021,0,27
124,-38.3951,-24.8719,160.247,806.583,0,27
124,-37.4451,-26.2805,263.119,681.19,0,27
124,-37.3802,-26.3727,-7.16691,561.41,0,27
124,-36.4351,-27.6637,4.68515,218.771,0,27
124,-35.8912,-28.3658,62.404,29.0277,0,27
124,-35.2019,-29.2168,-16.3018,142.519,0,27
124,-34.9812,-29.4808,-17.015,71.2741,0,27
124,-33.9591,-30.6525,-24.6812,142.427,0,27
124,-33.6667,-30.9734,248.791,191.539,0,27
124,-30.5873,-34.0179,-63.429,308.728,0,27
124,-29.7796,-34.7271,-18.3764,1826.33,0,27
124,-28.5674,-35.7309,187.048,266.904,0,27
124,-25.9836,-37.6517,186.599,8082.12,0,27
124,-25.9021,-37.7078,-85.7465,857.106,0,27
124,-23.73,-39.1112,185.798,289.93,0,27
124,-23.2775,-39.3822,79.1739,51.3712,0,27
124,-22.4798,-39.8429,-68.9278,575.275,0,27
124,-22.505,-39.8287,281.756,215.089,0,27
124,-14.6915,-43.3239,273.705,571.252,0,27
124,-13.548,-43.6949,-60.3246,70.5221,0,27
124,-13.4044,-43.7392,11.4343,235.049,0,27
124,-12.9489,-43.8762,98.2956,237.222,0,27
124,-12.8522,-43.9046,-60.6771,233.414,0,27
124,-12.5391,-43.9951,-68.153,4888.77,0,27
124,-12.1111,-44.1148,-68.0412,148.554,0,27
124,-11.2152,-44.3511,141.223,848.508,0,27
124,-10.8925,-44.4314,161.857,925.843,0,27
124,-9.55354,-44.7384,9.72284,637.795,0,27
124,-8.16151,-45.0132,-33.7685,245.245,0,27
124,-6.91114,-45.222,-89.8938,423.457,0,27
124,-4.94933,-45.4786,-71.411,90.062,0,27
124,-4.39757,-45.5352,-8.17445,170.108,0,27
124,-2.52501,-45.6774,75.8487,172.422,0,27
124,-2.04778,-45.7012,4.13959,141.871,0,27
124,-1.52571,-45.7216,10.6099,600.075,0,27
124,-0.280685,-45.7462,199.789,163.141,0,27
124,3.246,-45.6318,126.807,1754.94,0,27
124,3.73263,-45.5946,202.236,473.586,0,27
124,6.91009,-45.2222,54.7521,650.049,0,27
124,8.42264,-44.9651,215.916,343.53,0,27
124,9.25943,-44.8002,58.8747,511.567,0,27
124,13.1434,-43.8184,37.091,122.977,0,27
124,14.0832,-43.5254,-28.9771,140.143,0,27
124,14.4464,-43.4062,300.87,1052.67,0,27
124,16.1111,-42.8162,154.328,799.231,0,27
124,17.1688,-42.4032,125.728,236.006,0,27
124,18.6241,-41.7844,-69.2584,53.8163,0,27
124,20.3832,-40.9551,242.732,608.546,0,27
124,21.3528,-40.4581,47.5473,760.791,0,27
124,24.8686,-38.3973,-42.748,26.071,0,27
124,26.5706,-37.2398,143.936,85.2496,0,27
124,27.0514,-36.892,117.1,117.404,0,27
124,29.1524,-35.2553,-69.8367,267.525,0,27
124,29.8544,-34.6628,209.42,525.473,0,27
124,31.0265,-33.6178,207.284,492.543,0,27
124,31.4522,-33.2198,272.511,626.658,0,27
124,33.4531,-31.204,-94.052,29.0321,0,27
124,34.0842,-30.5133,-47.7463,217.404,0,27
124,36.1221,-28.0712,-43.0171,64.731,0,27
124,36.1221,-28.0712,-22.7225,1974,0,27
124,42.5799,-16.7257,-51.1011,73.02,0,27
124,42.5799,-16.7257,-38.904,143.895,0,27
124,44.6925,-9.76622,-77.0618,225.684,0,27
124,44.8325,-9.10177,28.6623,269.561,0,27
124,44.922,-8.64933,28.484,25.0172,0,27
124,45.4637,-5.08396,-49.6521,430.127,0,27
124,45.4485,-5.2185,-34.1019,267.223,0,27
124,45.5208,-4.54456,-33.5865,173.491,0,27
124,45.5552,-4.18624,214.529,393.705,0,27
124,45.745,0.436059,-44.0897,355.065,0,27
124,45.6419,3.10108,194.005,9212.22,0,27
124,45.4977,4.77042,-18.826,653.264,0,27
124,45.4018,5.61022,-47.2645,8698.04,0,27
124,45.4674,5.051,-26.5082,491.741,0,27
124,45.3378,6.10614,-2.46209,10681.5,0,27
124,45.0213,8.11675,-81.55,491.564,0,27
124,44.8539,8.99596,20.6237,1525.39,0,27
124,44.6128,10.1238,16.8041,556.749,0,27
124,44.0898,12.2019,-45.3332,451.626,0,27
124,43.9851,12.5741,241.672,5050.71,0,27
124,43.9864,12.5694,-21.215,281.99,0,27
124,43.8059,13.1848,272.694,4324.59,0,27
124,43.7893,13.24,262.817,337.345,0,27
124,43.6186,13.7918,303.217,250.354,0,27
124,43.4548,14.2996,214.321,433.658,0,27
124,43.1884,15.085,118.16,930.226,0,27
124,42.3891,17.2034,136.046,506.349,0,27
124,42.2964,17.4303,52.7019,607.859,0,27
124,39.9648,22.2623,246.52,145.555,0,27
124,39.8563,22.4561,-51.7616,825.516,0,27
124,39.835,22.4938,152.854,2047.56,0,27
124,39.5221,23.0391,78.6529,1322.8,0,27
124,39.6217,22.8674,139.768,50.437,0,27
124,38.7195,24.3638,294.209,299.093,0,27
124,37.032,26.8594,17.2361,2982.86,0,27
124,35.981,28.2518,-55.4877,574.677,0,27
124,34.3965,30.1608,-68.9155,255.057,0,27
124,34.1125,30.4818,-47.1509,93.8809,0,27
124,33.3601,31.3034,-17.5255,759.306,0,27
124,33.1993,31.4738,12.8944,379.834,0,27
124,33.1326,31.5441,-35.287,578.523,0,27
124,31.356,33.3107,45.9632,169.141,0,27
124,31.1153,33.5356,286.269,628.278,0,27
124,30.0855,34.4624,81.7656,940.012,0,27
124,28.939,35.4306,-105.414,184.276,0,27
124,26.159,37.53,97.0335,260.587,0,27
124,25.5334,37.9584,-95.2397,1709.33,0,27
124,24.3812,38.7086,22.2745,239.465,0,27
124,24.4086,38.6913,149.58,461.653,0,27
124,24.2317,38.8023,11.1977,307.742,0,27
124,23.8245,39.0537,-105.322,240.942,0,27
124,21.7297,40.2569,66.785,796.319,0,27
124,20.3093,40.9918,13.0275,490.507,0,27
124,18.3357,41.9118,135.614,428.139,0,27
124,17.8674,42.1136,121.649,659.446,0,27
124,16.5735,42.6394,-35.6287,981.107,0,27
124,14.4489,43.4054,-38.3063,509.049,0,27
124,14.136,43.5083,298.96,3320.53,0,27
124,13.9631,43.5641,-60.1413,250.424,0,27
124,10.9261,44.4232,-26.4885,630.269,0,27
124,11.0061,44.4034,-101.887,244.6,0,27
124,10.6042,44.5011,121.465,220.327,0,27
124,9.4482,44.7608,-43.5656,908.659,0,27
124,9.5666,44.7356,28.0919,2457.54,0,27
124,8.78316,44.896,-96.0387,663.473,0,27
124,7.59628,45.112,-4.47166,817.372,0,27
124,6.94521,45.2168,95.1554,287.825,0,27
124,5.19272,45.4514,15.9187,343.43,0,27
124,3.56662,45.6079,-24.1172,286.102,0,27
124,0.766511,45.7407,-44.1942,214.247,0,27
124,-1.40329,45.7256,38.66,58.314,0,27
124,-1.74202,45.7139,-16.8996,132.764,0,27
124,-1.77734,45.7126,-32.0654,644.334,0,27
124,-3.02602,45.6469,223.813,348.419,0,27
124,-7.4407,45.1379,261.041,630.29,0,27
124,-8.37411,44.9741,-9.20088,316.976,0,27
124,-8.45779,44.9585,211.033,218.345,0,27
124,-10.3651,44.5574,131.383,416.137,0,27
124,-12.9449,43.8774,-12.7588,1379.01,0,27
124,-13.6828,43.6529,24.7645,399.487,0,27
124,-13.9626,43.5643,218.631,479.645,0,27
124,-14.3492,43.4384,-5.96586,605.757,0,27
124,-14.497,43.3893,166.834,1114.93,0,27
124,-15.3928,43.0797,20.8929,253.271,0,27
124,-15.4964,43.0425,169.01,344.27,0,27
124,-16.5126,42.663,-80.1483,321.295,0,27
124,-18.9763,41.6257,-69.5496,561.623,0,27
124,-19.4748,41.3948,168.522,183.394,0,27
124,-19.661,41.3067,125.781,1814.2,0,27
124,-22.8155,39.6516,-0.593195,214.545,0,27
124,-23.277,39.3825,-43.1795,1727.03,0,27
124,-25.8797,37.7232,-34.2119,379.185,0,27
124,-26.3948,37.3646,-27.8277,186.095,0,27
124,-26.6345,37.1941,36.1306,482.898,0,27
124,-26.8743,37.0212,305.78,188.25,0,27
124,-27.4578,36.5905,-65.7539,216.16,0,27
124,-27.8536,36.2901,165.653,449.571,0,27
124,-29.2243,35.1957,55.2041,879.425,0,27
124,-30.4401,34.1496,183.995,530.586,0,27
124,-30.6906,33.9247,2.7485,87.8403,0,27
124,-30.9058,33.7287,125.449,554.57,0,27
124,-33.3284,31.3371,171.864,601.072,0,27
124,-34.2597,30.3161,-70.316,524.791,0,27
124,-36.3885,27.725,42.5601,887.745,0,27
124,-36.9361,26.9911,28.9694,1233.9,0,27
124,-38.8177,24.2071,-94.9696,1022.66,0,27
124,-39.5456,22.9988,49.7857,776.17,0,27
124,-39.8325,22.4982,-82.2933,321.843,0,27
124,-41.0754,20.1398,276.299,444.507,0,27
124,-41.3852,19.4951,121.234,575.081,0,27
124,-42.5799,16.7257,-13.2813,75.645,0,27
124,-42.8479,16.0268,-55.3829,365.987,0,27
124,-43.2528,14.8995,225.201,715.278,0,27
124,-43.3726,14.5471,-98.2121,433.488,0,27
124,-44.0649,12.2915,25.092,31.2374,0,27
124,-44.615,10.1145,-80.2111,422.435,0,27
124,-44.8125,9.19994,-74.3451,390.845,0,27
124,-45.1109,7.60315,-88.4968,676.621,0,27
124,-45.1512,7.35965,20.852,21.2602,0,27
124,-45.2291,6.86508,21.0788,123.241,0,27
124,-45.2796,6.52353,127.102,1233.72,0,27
124,-45.3528,5.99303,171.766,816.633,0,27
124,-45.5556,4.18103,158.087,1045.78,0,27
124,-45.7271,1.35085,73.3579,503.466,0,27
124,-45.747,-0.0935742,64.8015,132.946,1,27
124,-45.5535,-4.20459,-49.3872,136.158,1,27
124,-44.3988,-11.0249,89.812,21.0557,1,27
124,-43.5099,-14.131,11.6117,187.705,1,27
124,-42.9628,-15.7161,-33.5231,371.405,1,27
124,-42.5931,-16.6922,51.2208,781.874,1,27
124,-41.9359,-18.2806,-61.5046,501.945,1,27
124,-41.2346,-19.8117,97.8035,335.051,1,27
124,-41.2365,-19.8078,89.5248,71.8663,1,27
124,-41.3148,-19.644,-11.069,226.336,1,27
124,-41.095,-20.0997,-11.4266,535.272,1,27
124,-40.9991,-20.2946,-222.116,953.339,1,27
124,-40.3833,-21.4939,-134.758,312.932,1,27
124,-38.7162,-24.3691,45.5989,1271.9,1,27
124,-38.5995,-24.5536,-34.0912,190.001,1,27
124,-35.3342,-29.0567,-36.7766,3194.9,1,27
124,-35.0812,-29.3617,-182.075,957.062,1,27
124,-33.431,-31.2277,38.4556,323.026,1,27
124,-33.0676,-31.6122,-50.532,32.0971,1,27
124,-31.7025,-32.981,-39.1329,1226.85,1,27
124,-30.9711,-33.6688,-144.018,865.004,1,27
124,-29.9722,-34.5611,13.068,124.532,1,27
124,-28.1541,-36.0575,-207.836,48.3745,1,27
124,-25.6536,-37.8773,16.6845,391.367,1,27
124,-25.5639,-37.9379,-247.343,402.625,1,27
124,-24.1728,-38.839,-224.409,122.242,1,27
124,-23.9187,-38.996,-225.22,26.2279,1,27
124,-23.6212,-39.177,-226.025,591.299,1,27
124,-21.6475,-40.3012,20.1086,581.163,1,27
124,-21.6475,-40.3012,-61.2245,431.77,1,27
124,-20.3173,-40.9879,-301.564,231.642,1,27
124,-19.5479,-41.3603,103.159,388.684,1,27
124,-19.2565,-41.4968,-130.38,104.812,1,27
124,-18.3012,-41.9269,-173.097,3886.68,1,27
124,-18.2816,-41.9354,-177.477,98,1,27
124,-17.8541,-42.1192,23.0641,421.371,1,27
124,-16.0268,-42.8479,-173.878,816.051,1,27
124,-15.3236,-43.1043,-173.924,690.201,1,27
124,-10.6277,-44.4955,6.71941,507.098,1,27
124,-10.6424,-44.492,-305.527,202.517,1,27
124,-10.1145,-44.615,-305.78,24.0416,1,27
124,-8.55763,-44.9396,-42.622,836.559,1,27
124,-5.99013,-45.3532,59.319,565.785,1,27
124,-4.56101,-45.5192,-270.418,292.914,1,27
124,-4.10674,-45.5624,98.9781,2628.81,1,27
124,-2.73518,-45.6653,38.3218,766.919,1,27
124,-2.43791,-45.6821,-12.2909,781.516,1,27
124,-1.71419,-45.715,-98.5289,497.035,1,27
124,-1.5747,-45.72,25.5784,435.104,1,27
124,-0.567547,-45.7436,-71.393,246.66,1,27
124,0.372468,-45.7456,-107.148,199.901,1,27
124,1.57101,-45.7201,67.9282,571.958,1,27
124,2.45013,-45.6814,-299.31,443.202,1,27
124,4.39301,-45.5357,-143.844,176.768,1,27
124,5.03057,-45.4697,101.764,126.57,1,27
124,5.09061,-45.463,-116.834,116.907,1,27
124,5.45517,-45.4207,65.8127,878.458,1,27
124,10.0063,-44.6393,-8.15413,3719.97,1,27
124,10.0219,-44.6359,-269.694,272.754,1,27
124,10.782,-44.4584,-32.3728,122.376,1,27
124,12.4091,-44.0319,47.2138,165.643,1,27
124,12.6986,-43.9493,33.9313,10609,1,27
124,12.8088,-43.9173,-42.5226,682.434,1,27
124,13.4925,-43.7121,35.6187,225.378,1,27
124,14.155,-43.5021,26.4953,94.7314,1,27
124,14.3675,-43.4324,25.4996,131.929,1,27
124,15.5694,-43.0162,-178.011,731.411,1,27
124,17.3287,-42.3381,-279.118,345.517,1,27
124,20.6808,-40.8057,-127.791,1185.09,1,27
124,21.1431,-40.5681,-107.462,287.117,1,27
124,21.3168,-40.4771,41.6739,443.228,1,27
124,21.6387,-40.3059,90.3664,150.22,1,27
124,21.9368,-40.1444,24.8171,124.9,1,27
124,22.228,-39.9839,25.5612,45.3353,1,27
124,22.4111,-39.8816,-89.8144,2716.97,1,27
124,22.6496,-39.7466,-145.144,624.722,1,27
124,24.0442,-38.9188,-301.904,1234.55,1,27
124,24.0781,-38.8979,-27.212,21.0712,1,27
124,25.4444,-38.0181,-23.5431,475.099,1,27
124,26.2,-37.5014,77.8354,252.924,1,27
124,26.461,-37.3177,-30.7696,85.6606,1,27
124,27.3666,-36.6588,72.3279,828.795,1,27
124,27.6619,-36.4365,-0.790905,256.495,1,27
124,27.5548,-36.5175,86.5997,122.739,1,27
124,27.9169,-36.2414,-164.303,316.407,1,27
124,27.9934,-36.1824,87.0649,142.258,1,27
124,28.7981,-35.5453,-160.73,539.453,1,27
124,29.9516,-34.5789,-197.66,21.1534,1,27
124,30.5092,-34.0879,-197.556,240.45,1,27
124,30.4617,-34.1304,-286.12,1841.18,1,27
124,31.3036,-33.3599,-214.548,1268.59,1,27
124,36.6035,-27.4405,-130.85,383.018,1,27
124,36.981,-26.9296,13.0951,545.825,1,27
124,37.7,-25.9134,-225.804,409.852,1,27
124,38.0766,-25.3568,77.7942,214.771,1,27
124,38.1222,-25.2882,-33.3545,452.505,1,27
124,38.1821,-25.1976,102.601,387.057,1,27
124,38.5811,-24.5824,-266.524,158.96,1,27
124,39.0714,-23.7954,103.551,616.359,1,27
124,39.2415,-23.5139,49.108,51.1698,1,27
124,39.2474,-23.5041,-213.766,690.915,1,27
124,40.1194,-21.9825,-3.44689,880.748,1,27
124,41.1668,-19.9522,-27.2244,352.57,1,27
124,41.8478,-18.4813,19.7754,316.051,1,27
124,42.6268,-16.6058,20.3892,1115.91,1,27
124,42.6708,-16.4924,75.209,822.762,1,27
124,42.9068,-15.8683,54.1922,546.827,1,27
124,43.5165,-14.1108,-236.181,562.196,1,27
124,43.7576,-13.3441,-53.1528,813.902,1,27
124,44.5012,-10.6038,10.0793,548.393,1,27
124,44.9374,-8.5692,-62.396,3972.59,1,27
124,45.7031,-2.00603,-35.6557,180.354,1,27
124,45.7085,-1.8798,-246.189,764.644,1,27
124,45.7457,-0.356529,16.381,426.457,1,27
124,45.5593,4.14053,-92.4043,408.597,1,27
124,45.3809,5.7765,-179.208,1964.99,1,27
124,44.7461,9.51746,-11.0617,457.891,1,27
124,44.5326,10.4712,-242.835,252.882,1,27
124,44.4225,10.9287,-35.9162,533.516,1,27
124,44.0491,12.3482,-240.527,218.003,1,27
124,39.9664,22.2596,9.52904,204.335,1,27
124,39.6648,22.7925,4.588,42.1664,1,27
124,38.7477,24.3189,-158.401,1038.96,1,27
124,38.5261,24.6686,45.8683,1674.63,1,27
124,38.0725,25.363,-261.235,1213.1,1,27
124,37.5737,26.0962,83.3167,193.057,1,27
124,37.2398,26.5706,-244.3,29.111,1,27
124,36.724,27.2791,-12.1251,311.658,1,27
124,36.4954,27.5841,89.0313,908.14,1,27
124,36.2578,27.8957,-14.5227,532.104,1,27
124,35.8359,28.4356,92.4599,363.96,1,27
124,35.6112,28.7166,-78.5993,165.944,1,27
124,34.8271,29.6626,40.9357,286.146,1,27
124,34.3414,30.2236,-21.5371,378.851,1,27
124,34.1376,30.4536,-39.2436,1098.15,1,27
124,32.6294,32.0643,-170.846,425.768,1,27
124,30.7911,33.8335,8.3055,1399,1,27
124,29.9718,34.5614,-161.783,685.079,1,27
124,29.5557,34.9179,-63.1047,210.311,1,27
124,28.4575,35.8185,-29.9731,231.802,1,27
124,27.8175,36.3178,-275.555,946.262,1,27
124,27.523,36.5415,-9.12013,178.094,1,27
124,27.1763,36.8001,46.1393,247.345,1,27
124,26.4806,37.3038,22.744,478.358,1,27
124,25.252,38.1462,-33.4246,230.11,1,27
124,23.9644,38.968,-184.007,284.82,1,27
124,20.401,40.9463,-184.279,581.716,1,27
124,15.4376,43.0636,-43.8096,617.418,1,27
124,14.8358,43.2747,-43.8803,503.06,1,27
124,11.2211,44.3496,62.2739,308.106,1,27
124,10.4116,44.5466,61.9027,181.876,1,27
124,9.43707,44.7631,-271.352,247.165,1,27
124,9.23351,44.8056,72.0722,663.463,1,27
124,8.75385,44.9017,-290.398,910.406,1,27
124,8.49305,44.9518,-237.195,324.8,1,27
124,8.13246,45.0184,95.8618,697.536,1,27
124,5.062,45.4662,24.6403,758.273,1,27
124,3.98135,45.5735,77.7028,1221.74,1,27
124,3.76761,45.5917,-36.453,131.678,1,27
124,2.52968,45.6771,25.892,321.165,1,27
124,1.77103,45.7128,-9.81699,348.374,1,27
124,-2.06493,45.7005,-187.868,5229.46,1,27
124,-1.96431,45.7049,-192.474,186,1,27
124,-3.68637,45.5983,100.119,479.159,1,27
124,-4.00168,45.5717,30.6368,301.05,1,27
124,-8.27212,44.993,-298.02,610.201,1,27
124,-8.31455,44.9852,-80.8303,308.342,1,27
124,-14.7313,43.3103,-69.1953,602.961,1,27
124,-15.83,42.921,-196.238,1712.22,1,27
124,-16.6831,42.5966,21.126,159.834,1,27
124,-17.5931,42.2289,97.8798,159.277,1,27
124,-18.9405,41.642,18.5333,748.928,1,27
124,-19.3227,41.466,-21.7171,325.66,1,27
124,-19.5682,41.3507,38.2294,4026.92,1,27
124,-19.644,41.3148,29.4658,1138,1,27
124,-22.8053,39.6575,54.5417,1521.84,1,27
124,-22.5784,39.7871,-22.7506,193.479,1,27
124,-22.6849,39.7265,83.0086,917.83,1,27
124,-22.6872,39.7252,42.4074,543.572,1,27
124,-23.8993,39.008,-82.649,332.018,1,27
124,-24.7588,38.4681,-125.761,364.369,1,27
124,-24.9722,38.3299,-93.6099,878.055,1,27
124,-28.6803,35.6404,-220.771,194.477,1,27
124,-29.9861,34.5489,37.0735,356.46,1,27
124,-29.9516,34.5789,33.6219,329.463,1,27
124,-32.7737,31.9168,94.8633,6579.18,1,27
124,-33.1395,31.5368,-27.1628,492.737,1,27
124,-34.8503,29.6353,88.5679,7664.66,1,27
124,-34.5789,29.9515,82.2262,551,1,27
124,-34.6545,29.864,15.9406,361.503,1,27
124,-35.0432,29.4069,52.8786,1943.34,1,27
124,-35.9177,28.3323,-166.171,11541.5,1,27
124,-36.077,28.1291,-171.798,699,1,27
124,-37.3739,26.3816,47.6895,382.802,1,27
124,-37.533,26.1547,-81.8256,1238.12,1,27
124,-37.891,25.6334,-34.8033,279.556,1,27
124,-38.0138,25.4509,104.492,2949.56,1,27
124,-39.0105,23.8951,43.0671,511.426,1,27
124,-39.9971,22.2042,33.8074,2252.26,1,27
124,-40.1952,21.8437,-212.799,401.387,1,27
124,-40.19,21.8532,-258.971,92.8821,1,27
124,-40.8447,20.6036,100.119,602.993,1,27
124,-41.7952,18.6,-102.763,697.028,1,27
124,-43.5856,13.8956,-50.5812,439.138,1,27
124,-43.6875,13.572,-216.918,4393.46,1,27
124,-43.6949,13.548,-225.668,882,1,27
124,-44.4422,10.8486,55.5852,750.913,1,27
124,-44.9731,8.37963,28.1612,173.056,1,27
124,-45.3749,5.8237,-199.414,724.146,1,27
124,-45.5269,4.48279,-113.462,179.735,1,27
124,-45.5741,3.97492,-29.3893,575.184,1,27
124,-45.6792,2.49106,62.2464,379.583,1,27
124,-45.7127,1.7744,-1.51246,395.3,1,27
124,-45.7313,1.20171,4.33108,320.627,1,27
124,-45.7462,0.280682,64.6191,80.655,1,27
124,-46.7483,-1.33873,-35.747,901.639,0,28
124,-46.6962,-2.58135,40.356,46.2064,0,28
124,-46.6735,-2.9633,40.356,48.2097,0,28
124,-46.6147,-3.77703,34.3265,349.691,0,28
124,-46.5572,-4.43051,40.3794,395.551,0,28
124,-46.5133,-4.86953,221.236,83.6341,0,28
124,-46.2148,-7.16847,-45.292,117.472,0,28
124,-45.7832,-9.54449,81.4471,1752.06,0,28
124,-45.5696,-10.517,269.233,583.094,0,28
124,-44.7408,-13.6183,-29.5233,381.117,0,28
124,-44.3053,-14.9747,196.277,1444.67,0,28
124,-43.3165,-17.6317,-59.562,71.8836,0,28
124,-42.794,-18.8647,125.58,22.0954,0,28
124,-42.0869,-20.3933,206.261,1155.84,0,28
124,-40.2451,-23.823,-8.62039,2005,0,28
124,-40.0659,-24.123,-48.4288,307.302,0,28
124,-39.9944,-24.2414,-61.9087,120.854,0,28
124,-39.8965,-24.4023,-74.2089,548.885,0,28
124,-39.4005,-25.1953,-13.975,359.581,0,28
124,-38.3522,-26.764,31.774,488.001,0,28
124,-38.1704,-27.0226,-8.16493,840.307,0,28
124,-38.1382,-27.068,261.131,444.274,0,28
124,-37.4227,-28.0489,4.06982,402.063,0,28
124,-36.8111,-28.8469,62.5691,300.399,0,28
124,-35.4581,-30.4946,-18.376,725.074,0,28
124,-34.6223,-31.4403,-26.2753,223.731,0,28
124,-34.3294,-31.7599,248.727,87.7057,0,28
124,-31.3916,-34.6665,-63.8477,370.187,0,28
124,-30.6669,-35.3092,-19.3535,814.667,0,28
124,-29.3308,-36.4267,185.549,860.571,0,28
124,-26.3561,-38.6336,-87.2209,940.974,0,28
124,-26.0272,-38.856,186.457,12359.5,0,28
124,-25.903,-38.9388,190.743,214,0,28
124,-24.1215,-40.0668,184.338,440.346,0,28
124,-23.3558,-40.5179,78.3006,817.521,0,28
124,-22.7747,-40.8474,-69.6601,280.607,0,28
124,-15.3044,-44.1925,-59.2756,107.422,0,28
124,-15.1926,-44.231,272.5,351.471,0,28
124,-14.6022,-44.4295,-59.7991,685.197,0,28
124,-14.0624,-44.6032,97.5457,360.135,0,28
124,-13.8149,-44.6805,10.7296,244.422,0,28
124,-13.0549,-44.9084,-68.5228,6456.9,0,28
124,-11.154,-45.4179,139.951,391.204,0,28
124,-11.0384,-45.4461,-49.8144,376.193,0,28
124,-11.0544,-45.4423,160.404,413.589,0,28
124,-9.32232,-45.829,9.19578,271.042,0,28
124,-8.74432,-45.9427,8.77517,109.999,0,28
124,-7.89363,-46.0965,-34.8116,585.864,0,28
124,-6.95681,-46.2472,-90.8317,59.5416,0,28
124,-5.38778,-46.4561,-71.9117,124.579,0,28
124,-4.29834,-46.5696,-8.26524,132.524,0,28
124,-2.48395,-46.7015,3.892,49.1248,0,28
124,-2.51925,-46.6996,74.9245,588.803,0,28
124,-1.25226,-46.7507,10.1173,549.963,0,28
124,-0.286945,-46.7666,198.737,365.234,0,28
124,3.09807,-46.6648,189.99,383.02,0,28
124,4.10794,-46.5867,201.176,207.086,0,28
124,8.55444,-45.9785,123.198,196.096,0,28
124,8.88965,-45.9148,215.417,395.371,0,28
124,9.73322,-45.7435,58.6676,145.793,0,28
124,13.4533,-44.7907,36.7928,725.165,0,28
124,14.3179,-44.5219,-29.18,87.4006,0,28
124,15.2963,-44.1953,300.044,176.166,0,28
124,16.0254,-43.9362,151.868,23.1787,0,28
124,16.2841,-43.8409,152.913,119.539,0,28
124,17.5858,-43.3352,125.507,313.901,0,28
124,22.176,-41.1755,46.1294,447.539,0,28
124,24.8641,-39.6103,-43.616,1407.59,0,28
124,27.4255,-37.8819,143.014,645.783,0,28
124,28.0427,-37.4273,117.003,144.974,0,28
124,29.4903,-36.2977,-70.3479,1511.71,0,28
124,30.3269,-35.6017,208.159,344.093,0,28
124,31.562,-34.5114,206.306,475.301,0,28
124,32.1984,-33.9184,270.57,457.75,0,28
124,34.1375,-31.9661,-94.5258,519.301,0,28
124,34.5915,-31.4742,-98.9989,485.807,0,28
124,34.9385,-31.0886,110.514,878.518,0,28
124,35.0149,-31.0025,-48.9695,224.266,0,28
124,35.9609,-29.9,267.201,1427.48,0,28
124,36.5228,-29.2111,-34.0157,8168.06,0,28
124,36.46,-29.2893,17.4268,518.542,0,28
124,37.2217,-28.3151,-22.2062,5293.61,0,28
124,37.8729,-27.438,-41.0953,417.44,0,28
124,37.846,-27.475,126.351,408.912,0,28
124,39.1953,-25.5132,-76.1181,268.822,0,28
124,39.3393,-25.2906,-61.7012,1142.16,0,28
124,39.9139,-24.3738,69.3276,456.412,0,28
124,40.6025,-23.2086,135.104,748.154,0,28
124,41.2473,-22.0423,255.622,1434.94,0,28
124,41.2539,-22.0298,84.9685,738.767,0,28
124,41.7462,-21.0821,-32.8837,1807.01,0,28
124,41.7308,-21.1126,37.6907,101.402,0,28
124,41.7442,-21.0861,62.0675,366.309,0,28
124,41.7925,-20.9901,96.901,81.5238,0,28
124,43.2486,-17.7976,-51.9877,222.994,0,28
124,43.215,-17.8791,57.1632,430.675,0,28
124,43.3144,-17.637,5.7558,272.38,0,28
124,43.6198,-16.8674,-39.9465,779.206,0,28
124,45.8073,-9.42819,-78.088,481.223,0,28
124,45.923,-8.84741,28.7005,589.683,0,28
124,46.2395,-7.00783,-94.9189,709.79,0,28
124,46.493,-5.05972,-50.6162,115.25,0,28
124,46.5855,-4.12192,213.432,339.03,0,28
124,46.5939,-4.02586,-33.1926,166.277,0,28
124,46.6477,-3.34501,-32.5589,197.59,0,28
124,46.7663,0.336487,-44.0506,186.386,0,28
124,46.5313,4.69389,-19.7539,780.881,0,28
124,46.4495,5.44443,-1.04583,11834.3,0,28
124,46.4279,5.62549,-27.6003,1195.64,0,28
124,46.3985,5.86367,-50.4459,404.935,0,28
124,46.0625,8.0897,-82.3499,72.4805,0,28
124,45.9291,8.81586,20.5211,934.497,0,28
124,45.525,10.7084,16.331,1393.55,0,28
124,45.5255,10.7066,-36.6482,776.776,0,28
124,45.0648,12.5047,-45.39,242.976,0,28
124,44.9719,12.8345,270.969,3368.35,0,28
124,45.0478,12.5657,-21.548,24.0149,0,28
124,44.7258,13.6674,261.26,34.2155,0,28
124,44.6671,13.8583,302.423,210.304,0,28
124,44.3403,14.8706,213.143,206.622,0,28
124,44.2193,15.2268,117.915,254.853,0,28
124,43.3102,17.6473,50.9483,630.101,0,28
124,43.2919,17.6922,135.21,1178.58,0,28
124,40.8285,22.8087,151.214,742.294,0,28
124,40.8162,22.8307,-52.9875,265.674,0,28
124,40.5734,23.2593,77.1273,2005.46,0,28
124,40.3172,23.7007,139.139,257.139,0,28
124,39.5022,25.0355,292.904,1243.17,0,28
124,37.8599,27.4559,17.2055,2492.41,0,28
124,37.8469,27.4738,25.6694,998,0,28
124,37.468,27.9884,-58.9278,474.817,0,28
124,35.1021,30.9037,-48.2164,483.814,0,28
124,35.0859,30.9222,-70.507,210.969,0,28
124,34.4591,31.6192,-18.156,22.0277,0,28
124,33.5815,32.5497,-37.2232,278.598,0,28
124,31.7598,34.3294,16.3977,1162.93,0,28
124,31.7598,34.3294,45.8469,165.447,0,28
124,31.7598,34.3294,286.276,23.1942,0,28
124,22.6343,40.9254,65.372,33.2987,0,28
124,16.9206,43.5992,-35.0602,822.759,0,28
124,11.1272,45.4245,120.504,435.972,0,28
124,9.56595,45.7787,-42.9493,242.281,0,28
124,9.31461,45.8305,27.0153,259.076,0,28
124,7.88533,46.0979,-5.07086,455.077,0,28
124,7.35844,46.185,94.7075,497.442,0,28
124,5.89463,46.3945,15.0895,237.356,0,28
124,5.23147,46.474,-41.2762,567.721,0,28
124,4.36324,46.5635,-38.8609,700.703,0,28
124,3.50513,46.636,-24.6514,137.789,0,28
124,1.42176,46.7459,-44.4016,1903.56,0,28
124,-1.30959,46.7492,38.5012,200.287,0,28
124,-1.88029,46.7297,-33.2814,991.811,0,28
124,-7.88832,46.0974,259.086,654.366,0,28
124,-8.19537,46.0438,209.561,348.936,0,28
124,-8.60437,45.9692,-9.41701,306.797,0,28
124,-13.301,44.8362,-14.0889,100.621,0,28
124,-14.0329,44.6125,24.8004,96.1763,0,28
124,-14.4165,44.49,217.881,879.401,0,28
124,-14.8344,44.3524,-6.1308,304.082,0,28
124,-14.9418,44.3164,165.285,1101.34,0,28
124,-15.5136,44.1194,20.5862,278.411,0,28
124,-17.3854,43.416,-80.6148,1675.79,0,28
124,-19.3232,42.5889,-70.1431,221.238,0,28
124,-19.9056,42.3198,124.438,857.795,0,28
124,-19.777,42.3801,168.53,152.129,0,28
124,-26.3789,38.618,-36.2043,63.6558,0,28
124,-26.3789,38.618,-35.116,21.0514,0,28
124,-26.7415,38.3678,-28.6524,93.0996,0,28
124,-27.09,38.1225,35.9534,167.018,0,28
124,-27.4012,37.8995,-66.1706,373.534,0,28
124,-27.7418,37.6509,305.035,280.02,0,28
124,-27.7825,37.6209,-65.9357,83.1036,0,28
124,-28.9274,36.7479,162.877,1343.25,0,28
124,-30.3925,35.5457,54.0591,658.736,0,28
124,-30.7708,35.2187,182.221,479.866,0,28
124,-31.2107,34.8294,2.24016,197.475,0,28
124,-31.4779,34.5881,97.596,42.1542,0,28
124,-31.7942,34.2976,98.3389,359.511,0,28
124,-31.8635,34.2332,123.844,854.064,0,28
124,-33.7936,32.3294,171.424,422.552,0,28
124,-35.4298,30.5275,-71.4402,107.679,0,28
124,-35.579,30.3535,124.895,218.047,0,28
124,-36.8646,28.7784,40.4889,1411.03,0,28
124,-38.0596,27.1785,28.7814,1614.15,0,28
124,-39.5883,24.8992,-95.2165,191.88,0,28
124,-40.2376,23.8356,49.0129,945.609,0,28
124,-40.6644,23.0999,-84.3222,1144.69,0,28
124,-42.1128,20.3399,-31.3237,3252.6,0,28
124,-42.0909,20.3853,274.912,784.422,0,28
124,-42.0706,20.427,-24.5375,592,0,28
124,-42.1036,20.3589,120.528,231.082,0,28
124,-42.9469,18.5139,17.036,24.9983,0,28
124,-43.0969,18.1619,17.036,39.2341,0,28
124,-43.3165,17.6317,-65.5886,314.68,0,28
124,-43.3165,17.6317,-13.6762,311.556,0,28
124,-44.3051,14.9752,223.918,680.403,0,28
124,-44.3915,14.7171,-99.2031,360.064,0,28
124,-44.377,14.7609,-52.3011,86.7883,0,28
124,-45.0838,12.436,24.5376,71.5548,0,28
124,-45.524,10.7129,-81.6252,255.701,0,28
124,-45.812,9.40515,-75.1948,154.459,0,28
124,-46.0905,7.92897,-90.5315,487.41,0,28
124,-46.3724,6.06659,126.151,562.921,0,28
124,-46.4339,5.57586,169.225,808.98,0,28
124,-46.4939,5.05129,-55.468,112.61,0,28
124,-46.5394,4.61334,156.21,677.48,0,28
124,-46.6704,3.01144,-54.4505,417.015,0,28
124,-46.718,2.15211,71.6491,1219.32,0,28
124,-46.5867,-4.10783,17.0988,49.3989,1,28
124,-46.5867,-4.10783,-64.6065,358.199,1,28
124,-45.2831,-11.6894,91.3243,219.274,1,28
124,-44.3613,-14.8078,11.9426,303.707,1,28
124,-43.9075,-16.1037,-33.4371,369.56,1,28
124,-43.7128,-16.6249,52.3781,81.5898,1,28
124,-43.6913,-16.6813,-235.193,334.724,1,28
124,-43.4987,-17.1773,51.1824,255.113,1,28
124,-42.8258,-18.7923,-59.6593,1115.64,1,28
124,-42.375,-19.7878,-10.5329,680.47,1,28
124,-42.2408,-20.0727,90.1682,414.36,1,28
124,-42.0229,-20.525,98.7657,406.295,1,28
124,-41.1718,-22.1829,-133.812,265.33,1,28
124,-39.4295,-25.1499,44.8513,281.824,1,28
124,-39.4491,-25.1191,-33.7627,758.453,1,28
124,-37.9073,-27.3904,-89.283,317.541,1,28
124,-36.2336,-29.569,-36.3634,1183.17,1,28
124,-35.9998,-29.8532,27.3952,106.442,1,28
124,-34.9057,-31.1255,-50.6437,1011.18,1,28
124,-34.2451,-31.8507,-50.532,88.1803,1,28
124,-34.0684,-32.0397,38.7388,93.8379,1,28
124,-33.7528,-32.372,83.6844,347.528,1,28
124,-32.5758,-33.5561,-39.003,1368.34,1,28
124,-31.0511,-34.9718,-143.601,44.3051,1,28
124,-30.7719,-35.2178,-68.7695,384.999,1,28
124,-30.5258,-35.4313,13.2516,612.472,1,28
124,-30.4093,-35.5313,-143.556,620.878,1,28
124,-28.8482,-36.8101,-207.171,61.7693,1,28
124,-27.1107,-38.1079,-85.9408,1934.65,1,28
124,-26.6294,-38.4458,17.1298,831.696,1,28
124,-25.742,-39.0455,-245.759,751.54,1,28
124,-25.5721,-39.157,-46.8635,225.642,1,28
124,-25.04,-39.4993,-223.029,1065.32,1,28
124,-22.1303,-41.2001,73.7,36.113,1,28
124,-22.1304,-41.2001,20.7321,277.039,1,28
124,-20.6585,-41.9574,-299.943,348.062,1,28
124,-20.0718,-42.2412,103.308,185.74,1,28
124,-20.0274,-42.2623,-129.17,498.711,1,28
124,-18.7322,-42.8521,-171.944,1160.09,1,28
124,-18.3161,-43.0316,23.1013,390.996,1,28
124,-18.2191,-43.0728,3.74353,406.008,1,28
124,-18.1619,-43.0969,-173.734,700.919,1,28
124,-17.6317,-43.3165,-17.6992,48.7317,1,28
124,-17.6317,-43.3165,-173.774,765.885,1,28
124,-16.9206,-43.5992,-173.806,1231.89,1,28
124,-16.0254,-43.9362,70.5361,203.077,1,28
124,-16.0254,-43.9362,12.4261,207.96,1,28
124,-11.558,-45.3168,43.3073,374.618,1,28
124,-10.899,-45.4798,-304.932,22.0155,1,28
124,-10.2787,-45.624,6.86347,1188.28,1,28
124,-8.20396,-46.0423,-42.5832,864.696,1,28
124,-7.096,-46.226,-294.41,276.361,1,28
124,-6.66473,-46.2902,59.8182,235.178,1,28
124,-6.0969,-46.3684,-294.128,343.315,1,28
124,-5.03462,-46.4957,-268.305,2544.12,1,28
124,-5.07588,-46.4912,-293.943,460.339,1,28
124,-4.53228,-46.5474,98.4728,627.738,1,28
124,-3.03236,-46.6691,39.8268,1637.09,1,28
124,-2.86645,-46.6796,-11.4961,1159.75,1,28
124,-2.69119,-46.69,25.1581,140.031,1,28
124,-2.33965,-46.7089,-97.323,296.803,1,28
124,-2.08635,-46.7209,25.3398,475.089,1,28
124,-0.860818,-46.7596,-70.0302,293.5,1,28
124,0.300709,-46.7665,-105.807,311.094,1,28
124,2.1839,-46.7165,68.3898,853.11,1,28
124,3.02351,-46.6697,-298.724,205.637,1,28
124,4.83266,-46.5171,-143.505,428.512,1,28
124,5.27991,-46.4685,102.054,183.845,1,28
124,5.24989,-46.4719,-116.452,64.5011,1,28
124,5.70226,-46.4186,67.3821,995.925,1,28
124,10.5387,-45.5646,-7.57989,2911.53,1,28
124,10.5617,-45.5593,-267.747,2725.4,1,28
124,10.5995,-45.5505,-32.4815,250.368,1,28
124,12.5657,-45.0478,47.2392,77.8008,1,28
124,12.7524,-44.9953,-41.9444,2611.61,1,28
124,13.5299,-44.7676,32.582,8465.99,1,28
124,13.8503,-44.6696,36.388,49.213,1,28
124,13.9634,-44.6343,28.004,566.496,1,28
124,14.2152,-44.5548,36.812,21.2464,1,28
124,16.3367,-43.8214,-176.128,389.184,1,28
124,17.0595,-43.5451,36.3524,836.086,1,28
124,21.594,-41.4837,42.9061,128.947,1,28
124,21.6231,-41.4685,-143.988,56.7186,1,28
124,21.8759,-41.3357,91.3087,119.158,1,28
124,21.7926,-41.3797,-106.659,76.8223,1,28
124,22.2648,-41.1276,-144.442,499.838,1,28
124,22.9617,-40.7426,-87.9832,1346.47,1,28
124,24.8779,-39.6017,-26.6871,168.16,1,28
124,24.8133,-39.6421,-300.102,361.124,1,28
124,26.116,-38.7963,-22.4107,1284.77,1,28
124,26.7448,-38.3656,78.6491,187.366,1,28
124,26.8919,-38.2626,-29.5866,279.944,1,28
124,28.0004,-37.459,-164.5,572.835,1,28
124,28.7962,-36.8507,0.133789,275.144,1,28
124,28.8777,-36.7869,87.8755,117.897,1,28
124,29.4916,-36.2966,-159.171,614.471,1,28
124,30.2537,-35.6639,-197.863,289.407,1,28
124,30.4375,-35.5072,31.2535,1862.61,1,28
124,30.5385,-35.4203,-285.584,1232.01,1,28
124,36.2028,-29.6067,-50.4369,544.066,1,28
124,37.1186,-28.4502,-129.894,488.045,1,28
124,37.7239,-27.6425,13.5391,305.34,1,28
124,38.4176,-26.67,-225.218,145.96,1,28
124,38.844,-26.045,78.8348,1240.46,1,28
124,38.8911,-25.9746,104.072,603.34,1,28
124,39.0387,-25.7523,-32.982,476.277,1,28
124,39.7857,-24.5825,-265.868,1435.7,1,28
124,40.0378,-24.1697,104.436,351.625,1,28
124,39.9962,-24.2385,49.4312,117.072,1,28
124,40.9901,-22.517,-2.75663,684.528,1,28
124,42.1277,-20.3091,-26.053,127.135,1,28
124,42.6917,-19.0949,21.242,753.26,1,28
124,43.4194,-17.3769,21.4967,439.358,1,28
124,43.674,-16.7266,55.0951,351.482,1,28
124,43.6804,-16.71,77.3037,813.318,1,28
124,44.5548,-14.2152,-234.268,502.851,1,28
124,44.7896,-13.4569,-50.7256,222.387,1,28
124,45.5456,-10.6206,11.1647,412.083,1,28
124,45.6083,-10.3478,45.5341,1109.48,1,28
124,45.8086,-9.42206,-62.7456,1476.1,1,28
124,46.6962,-2.58133,-35.5207,64.3867,1,28
124,46.7347,-1.75077,-244.639,386.582,1,28
124,46.7596,-0.857395,16.8499,314.932,1,28
124,46.5695,4.29837,-90.812,23.1232,1,28
124,46.3704,6.08182,-178.58,55.3434,1,28
124,45.4567,10.9951,-242.74,213.507,1,28
124,45.3891,11.2708,-32.9279,44.4724,1,28
124,45.2866,11.6758,-238.248,328.964,1,28
124,40.8095,22.8425,10.6396,274.107,1,28
124,40.3576,23.6318,4.79114,142.021,1,28
124,39.6873,24.741,-156.907,1222.38,1,28
124,38.856,26.0271,-260.195,311.378,1,28
124,38.5982,26.4079,83.6334,363.644,1,28
124,38.2875,26.8565,-243.225,659.705,1,28
124,37.4321,28.0364,95.6048,403.751,1,28
124,37.4283,28.0415,-12.2026,1179.93,1,28
124,37.2159,28.3227,91.2335,1028.78,1,28
124,36.7481,28.9271,94.0043,425.929,1,28
124,36.4816,29.2625,-76.5972,627.871,1,28
124,35.2631,30.7199,-37.8841,2575.94,1,28
124,33.6771,32.4508,-169.876,287.809,1,28
124,33.573,32.5584,-294.348,1774.68,1,28
124,33.2719,32.8661,-294.597,349.104,1,28
124,31.8805,34.2174,21.0103,759.827,1,28
124,30.8933,35.1113,-160.352,1143.62,1,28
124,30.5598,35.402,-62.2724,146.482,1,28
124,30.0371,35.8465,-69.5913,656,1,28
124,29.1863,36.5425,-29.4259,122.523,1,28
124,28.3504,37.1948,-8.07519,266.473,1,28
124,28.3672,37.182,-273.782,1644.2,1,28
124,27.9482,37.498,46.8931,232.622,1,28
124,25.9736,38.8918,-33.3113,188.971,1,28
124,24.4173,39.8873,-182.678,698.414,1,28
124,21.0294,41.7728,-182.412,1280.27,1,28
124,15.6087,44.0859,-302.146,6600.85,1,28
124,14.3973,44.4962,-43.982,102.638,1,28
124,13.6245,44.7389,-44.0972,175.638,1,28
124,9.96662,45.6932,-270.234,160.846,1,28
124,9.17347,45.859,72.7453,123.188,1,28
124,9.10331,45.873,-289.459,134.202,1,28
124,8.94674,45.9038,-236.827,205.225,1,28
124,8.08967,46.0625,97.1481,188.545,1,28
124,7.59279,46.147,98.7114,1130.96,1,28
124,5.27573,46.469,26.3297,1167.32,1,28
124,3.64339,46.6254,-36.3236,143.332,1,28
124,2.74693,46.6868,80.4825,1237.16,1,28
124,2.44996,46.7033,25.9083,77.5148,1,28
124,1.6396,46.7388,-8.95808,476.249,1,28
124,-2.18296,46.7165,-187.309,861.479,1,28
124,-3.44716,46.6403,101.918,134.47,1,28
124,-3.47448,46.6383,32.8035,537.436,1,28
124,-8.11991,46.0572,-81.1389,516.885,1,28
124,-8.61308,45.9675,-296.39,1027.14,1,28
124,-14.7062,44.3951,-67.261,999.505,1,28
124,-16.8422,43.6296,21.3248,323.2,1,28
124,-18.7823,42.8302,100.306,723.772,1,28
124,-19.6112,42.457,39.4223,232.312,1,28
124,-19.9185,42.3137,-21.2854,940.482,1,28
124,-22.8356,40.8134,-22.2878,163.676,1,28
124,-23.0112,40.7147,84.9603,539.659,1,28
124,-23.333,40.5311,43.2464,1580.17,1,28
124,-24.691,39.7184,-83.2225,262.262,1,28
124,-25.1013,39.4604,-125.58,50.1631,1,28
124,-27.8232,37.5908,-32.2981,422.396,1,28
124,-29.6302,36.1836,-219.066,1893.64,1,28
124,-30.4398,35.5052,39.2955,326.654,1,28
124,-30.555,35.4061,34.4966,276.487,1,28
124,-33.4397,32.6954,93.8863,3557.44,1,28
124,-34.8258,31.2148,91.3584,7635.33,1,28
124,-35.0532,30.9592,15.9148,299.795,1,28
124,-35.6385,30.2836,54.2026,1053.36,1,28
124,-37.2981,28.2144,-166.271,11295.2,1,28
124,-38.35,26.7671,48.3343,666.63,1,28
124,-38.4506,26.6224,-80.8476,755.947,1,28
124,-38.8893,25.9774,-34.5313,765.698,1,28
124,-39.6393,24.8178,43.8975,88.673,1,28
124,-40.9021,22.6764,-258.075,367.772,1,28
124,-41.0963,22.3226,33.6474,2586.38,1,28
124,-41.0177,22.4667,-211.652,41.1404,1,28
124,-41.553,21.4603,34.3142,275.252,1,28
124,-41.8176,20.9402,100.529,553.308,1,28
124,-42.917,18.5831,-102.43,479.607,1,28
124,-44.5203,14.3229,-4.97231,133.492,1,28
124,-44.5425,14.2535,-49.8856,342.444,1,28
124,-44.5741,14.1543,-218.125,2510.32,1,28
124,-45.4798,10.899,57.4142,666.111,1,28
124,-46.0428,8.20095,28.8672,502.43,1,28
124,-46.2306,7.0663,-232.402,358.234,1,28
124,-46.3269,6.40426,-198.937,384.99,1,28
124,-46.5213,4.79257,36.6045,10048.6,1,28
124,-46.5256,4.75102,-112.664,167.47,1,28
124,-46.6106,3.82769,-27.0385,1137.8,1,28
124,-46.6897,2.69615,63.7061,431.969,1,28
124,-46.7224,2.05418,-0.388388,87.4092,1,28
124,-46.7411,1.5727,5.50893,463.259,1,28
124,-47.7712,-1.26319,-36.8199,372.674,0,29
124,-47.6855,-3.12704,40.356,67.2047,0,29
124,-47.5873,-4.37392,39.7559,594.284,0,29
124,-47.5717,-4.54029,33.996,92.3434,0,29
124,-47.5198,-5.05459,220.649,299.604,0,29
124,-47.1459,-7.80692,-78.4194,1170.77,0,29
124,-47.0527,-8.35033,-45.4738,995.638,0,29
124,-46.8664,-9.33918,79.4093,447.326,0,29
124,-46.576,-10.6937,268.913,349.01,0,29
124,-45.4774,-14.6795,-30.3642,946.215,0,29
124,-45.289,-15.2508,195.112,233.096,0,29
124,-44.9927,-16.1041,235.32,133.504,0,29
124,-44.1657,-18.2504,-59.8362,92.7113,0,29
124,-43.6485,-19.455,125.295,75.9161,0,29
124,-43.5022,-19.7799,-98.9314,250.819,0,29
124,-42.6043,-21.6461,206.495,735.363,0,29
124,-41.1612,-24.2784,-9.89556,393.932,0,29
124,-41.1058,-24.372,-49.1452,223.311,0,29
124,-40.7295,-24.9957,-62.946,468.577,0,29
124,-40.2334,-25.7868,-13.6693,523.856,0,29
124,-40.3443,-25.6128,160.058,300.782,0,29
124,-39.0143,-27.5965,30.7661,86.257,0,29
124,-38.8129,-27.8791,29.9665,93.4224,0,29
124,-38.8368,-27.8458,259.588,1780.08,0,29
124,-38.4417,-28.3887,3.2724,56.3606,0,29
124,-37.9146,-29.0889,62.3448,1000.43,0,29
124,-35.2761,-32.2379,-27.4803,193.054,0,29
124,-34.8741,-32.6723,248.722,149.339,0,29
124,-32.2881,-35.2302,-64.4129,349.289,0,29
124,-32.0199,-35.4741,-21.3346,52.4619,0,29
124,-31.7286,-35.7348,-21.0866,461.102,0,29
124,-30.0507,-37.1569,184.517,219.35,0,29
124,-26.7505,-39.5992,-89.535,2344.33,0,29
124,-25.7358,-40.266,186.123,8109.96,0,29
124,-25.4838,-40.426,191.786,696,0,29
124,-24.3384,-41.1257,182.696,206.025,0,29
124,-24.3159,-41.139,281.336,76.85,0,29
124,-23.6357,-41.5336,77.3369,847.689,0,29
124,-23.1479,-41.8074,-70.1075,636.953,0,29
124,-17.75,-44.3691,-57.9417,377.304,0,29
124,-17.1279,-44.613,-58.3841,363.571,0,29
124,-16.388,-44.8901,-58.8609,718.737,0,29
124,-15.7151,-45.13,270.558,333.382,0,29
124,-14.9756,-45.3808,96.6467,381.942,0,29
124,-14.1965,-45.6305,10.2589,626.229,0,29
124,-13.6246,-45.8045,-68.9396,6627.78,0,29
124,-11.3702,-46.4155,-51.057,481.821,0,29
124,-11.1646,-46.4654,138.967,315.171,0,29
124,-11.1367,-46.4721,158.198,439.806,0,29
124,-8.24509,-47.0712,8.44206,308.036,0,29
124,-7.80829,-47.1457,-35.6599,622.298,0,29
124,-6.89419,-47.288,-91.7916,451.084,0,29
124,-5.64471,-47.4534,-72.8608,364.534,0,29
124,-4.03965,-47.6169,-8.44166,164.014,0,29
124,-2.67477,-47.713,4.13086,477.411,0,29
124,-2.3017,-47.7324,73.2556,898.373,0,29
124,-0.974872,-47.778,9.44382,1474.89,0,29
124,-0.293207,-47.787,197.441,52.4528,0,29
124,0.0977557,-47.7878,197.527,70.4095,0,29
124,3.11084,-47.6865,129.533,793.782,0,29
124,3.02796,-47.6919,188.756,34.4548,0,29
124,4.46199,-47.5791,200.111,1113.88,0,29
124,7.688,-47.1654,53.5,54.208,0,29
124,8.64627,-46.9992,123.036,248.475,0,29
124,9.35341,-46.8636,214.521,1453.01,0,29
124,10.0961,-46.7092,58.3454,295.788,0,29
124,11.7559,-46.3194,148.41,388.3,0,29
124,13.7844,-45.7567,36.5967,1401.02,0,29
124,14.492,-45.5375,-29.4539,372.111,0,29
124,16.139,-44.9802,299.549,823.237,0,29
124,16.2417,-44.9432,150.122,1643.87,0,29
124,18.0164,-44.2616,125.41,129.747,0,29
124,23.2051,-41.7757,43.82,799.469,0,29
124,24.4086,-41.0841,-45.292,60.2114,0,29
124,24.8189,-40.8375,-44.6152,133.804,0,29
124,28.0985,-38.6543,142.316,505.218,0,29
124,28.9147,-38.0477,116.704,764.199,0,29
124,30.3916,-36.8786,-71.3461,1139.13,0,29
124,32.1301,-35.3742,205.571,142.937,0,29
124,33.0596,-34.5072,268.805,114.829,0,29
124,35.4741,-32.0199,-98.6754,1404.35,0,29
124,35.4741,-32.0199,109.415,332.493,0,29
124,42.099,-22.6132,83.7462,624.34,0,29
124,42.099,-22.6132,133.937,676.239,0,29
124,42.099,-22.6132,215.892,27.04,0,29
124,42.099,-22.6132,254.546,374.248,0,29
124,44.335,-17.8352,4.906,102.121,0,29
124,44.6905,-16.9247,-41.0803,567.831,0,29
124,46.9036,-9.15051,-78.9847,151.431,0,29
124,46.9459,-8.93118,28.6687,110.016,0,29
124,47.1392,-7.84697,-97.7416,129.393,0,29
124,47.5173,-5.07876,-51.228,83.5238,0,29
124,47.6216,-3.98347,212.922,237.992,0,29
124,47.7105,-2.71907,-32.0781,334.757,0,29
124,47.7412,-2.11229,-31.4733,463.524,0,29
124,47.787,0.293236,-44.1792,98.5132,0,29
124,47.7149,2.64086,190.01,9392.31,0,29
124,47.715,2.63768,197.405,533,0,29
124,47.5566,4.69624,0.410266,7664.87,0,29
124,47.5741,4.51563,-21.2513,100.125,0,29
124,47.5481,4.78131,2.62,21.4267,0,29
124,47.5481,4.78131,6.62938,353,0,29
124,47.3737,6.27789,-28.5242,204.82,0,29
124,47.1224,7.94767,-83.1795,630.545,0,29
124,46.9653,8.82862,20.4855,1032.25,0,29
124,46.5434,10.8348,-38.8074,416.045,0,29
124,46.4263,11.326,15.3721,266.896,0,29
124,46.3371,11.6859,267.203,5415,0,29
124,46.3028,11.821,-22.0729,142.829,0,29
124,46.2429,12.053,240.088,1288.37,0,29
124,46.0189,12.8818,-45.4281,99.7179,0,29
124,45.7017,13.9656,301.54,26.0832,0,29
124,45.5414,14.4798,259.08,680,0,29
124,45.2831,15.2683,117.684,94.9717,0,29
124,45.2831,15.2683,212.507,159.215,0,29
124,44.3142,17.8867,49.0149,371.668,0,29
124,44.1571,18.2712,134.075,726.344,0,29
124,42.0936,22.6233,246.196,1234.02,0,29
124,41.8133,23.1372,-54.1459,301.782,0,29
124,41.8486,23.0733,149.784,146.366,0,29
124,41.5567,23.595,75.9107,846.541,0,29
124,40.9387,24.6517,138.383,208.24,0,29
124,40.1371,25.9363,291.229,741.494,0,29
124,38.7028,28.0317,17.213,3157.28,0,29
124,38.4433,28.3865,-59.2685,718.083,0,29
124,35.9405,31.4955,-49.3518,170.986,0,29
124,35.6211,31.8563,-72.3333,234.202,0,29
124,35.5851,31.8965,-18.3694,346.123,0,29
124,35.0998,32.4298,11.7945,163.057,0,29
124,33.5175,34.0626,-92.7079,300.248,0,29
124,32.7264,34.8234,15.8603,2128.15,0,29
124,32.1902,35.3196,45.9333,380.316,0,29
124,30.5016,36.7877,80.7695,320.541,0,29
124,27.7322,38.9179,94.8865,798.022,0,29
124,26.0462,40.0659,-99.2706,713.254,0,29
124,25.2729,40.5581,21.493,332.284,0,29
124,25.0854,40.6744,148.738,220.217,0,29
124,24.418,41.0785,9.47721,190.428,0,29
124,23.2085,41.7738,63.6251,470.079,0,29
124,21.761,42.5458,11.6211,326.316,0,29
124,20.1233,43.3444,-46.2528,131.596,0,29
124,18.9773,43.8582,117.755,640.988,0,29
124,18.8055,43.9322,135.017,844.12,0,29
124,16.3457,44.9055,-34.5147,645.091,0,29
124,14.9968,45.3738,-40.081,475.597,0,29
124,14.4475,45.5516,297.06,476.301,0,29
124,13.9656,45.7017,-62.252,26.0416,0,29
124,12.6514,46.0828,-28.332,38.2619,0,29
124,11.6083,46.3566,119.849,56.3467,0,29
124,9.72122,46.7887,-42.4469,786.996,0,29
124,8.97247,46.938,25.8835,430.615,0,29
124,8.1862,47.0815,-5.64212,393.094,0,29
124,7.79212,47.1483,94.0338,412.695,0,29
124,6.45686,47.3497,14.6736,178.832,0,29
124,5.49883,47.4705,-43.3702,1089.23,0,29
124,3.28705,47.6747,-25.2035,85.5893,0,29
124,1.96004,47.7477,-44.6002,1335.11,0,29
124,-1.13518,47.7744,38.4219,183.533,0,29
124,-2.18098,47.7381,-35.0357,1461.77,0,29
124,-3.44447,47.6636,222.845,186.564,0,29
124,-8.00746,47.1122,208.18,658.304,0,29
124,-8.4247,47.0394,256.6,1152.29,0,29
124,-8.84167,46.9628,-9.62495,249.486,0,29
124,-9.81901,46.7683,130.626,338.946,0,29
124,-13.829,45.7432,-15.212,489.782,0,29
124,-14.4181,45.561,24.8137,355.886,0,29
124,-14.7366,45.4589,164.132,2817.11,0,29
124,-14.9933,45.3749,217.429,295.745,0,29
124,-15.2683,45.2831,-6.17031,101.343,0,29
124,-15.6815,45.1417,20.0639,411.485,0,29
124,-15.6482,45.1533,162.48,433.324,0,29
124,-18.427,44.0923,-81.281,263.192,0,29
124,-19.5298,43.615,-71.1421,303.982,0,29
124,-19.972,43.4143,122.618,631.837,0,29
124,-19.892,43.451,168.404,64.1021,0,29
124,-23.5895,41.5598,-0.512391,348.581,0,29
124,-23.8273,41.4239,-41.276,508.002,0,29
124,-26.6667,39.6557,-37.5727,465.378,0,29
124,-27.2764,39.2388,-29.3752,136.978,0,29
124,-27.5965,39.0143,35.8756,56.5482,0,29
124,-28.4033,38.4309,303.984,281.118,0,29
124,-29.8682,37.3038,161.191,452.013,0,29
124,-31.0111,36.3592,180.29,1500.96,0,29
124,-31.8124,35.6603,52.7075,1105.9,0,29
124,-31.7782,35.6907,1.36045,870.709,0,29
124,-31.8797,35.6001,96.8055,381.171,0,29
124,-32.9015,34.658,121.998,1097.62,0,29
124,-34.2132,33.3637,171.027,277.474,0,29
124,-36.4541,30.8995,-72.402,240.995,0,29
124,-36.4154,30.9452,124.501,192.776,0,29
124,-37.1637,30.0423,38.0124,210.995,0,29
124,-38.0518,28.9093,305.78,177.083,0,29
124,-39.1705,27.3744,28.6615,631.948,0,29
124,-40.3362,25.6257,-95.3303,164.077,0,29
124,-41.0008,24.5482,48.412,60.2497,0,29
124,-41.5035,23.6885,-86.5995,1358.64,0,29
124,-42.9166,21.0202,-31.1189,1044.96,0,29
124,-42.9281,20.9967,119.945,319.611,0,29
124,-43.1086,20.6236,273.817,306.974,0,29
124,-43.8012,19.1085,16.7398,360.049,0,29
124,-44.335,17.8352,-65.9239,109.439,0,29
124,-44.6905,16.9247,-55.892,25.0987,0,29
124,-45.4128,14.8782,-100.025,584.646,0,29
124,-45.365,15.0233,-52.5485,246.653,0,29
124,-45.3452,15.083,222.291,306.439,0,29
124,-46.8116,9.61035,-76.0286,102.212,0,29
124,-47.0333,8.45865,-92.521,587.156,0,29
124,-47.4806,5.41052,124.934,823.34,0,29
124,-47.4889,5.33736,167.262,396.349,0,29
124,-47.5037,5.2037,153.769,301.967,0,29
124,-47.5282,4.97574,-49.3529,471,0,29
124,-47.5282,4.97574,-44.6656,44,0,29
124,-47.6696,3.36011,-54.8087,648.12,0,29
124,-47.7257,2.43661,70.2594,99.6157,0,29
124,-46.2346,-12.085,92.0975,639.67,1,29
124,-45.2159,-15.4663,12.3162,127.853,1,29
124,-44.8602,-16.4696,53.1483,227.61,1,29
124,-44.8073,-16.613,-33.1915,502.657,1,29
124,-44.535,-17.3295,-232.956,1020.59,1,29
124,-44.5087,-17.3971,51.8595,135.274,1,29
124,-43.7028,-19.3327,-57.7842,259.483,1,29
124,-43.4465,-19.9019,-9.93644,525.156,1,29
124,-43.33,-20.1543,91.5398,416.595,1,29
124,-43.0621,-20.7206,-220.219,579.136,1,29
124,-42.91,-21.0337,99.3897,396.437,1,29
124,-41.9447,-22.8981,-133.191,234.293,1,29
124,-40.2895,-25.699,-33.4842,549.007,1,29
124,-38.9017,-27.755,-88.4652,664.403,1,29
124,-37.2159,-29.9776,-36.0102,1191.06,1,29
124,-36.4706,-30.8801,-50.6745,691.445,1,29
124,-36.5039,-30.8407,27.5403,321.634,1,29
124,-35.2175,-32.3019,-181.567,1452.36,1,29
124,-34.621,-32.9404,84.5383,2050.85,1,29
124,-34.5507,-33.0141,39.0835,379.505,1,29
124,-33.5171,-34.063,-38.8627,274.453,1,29
124,-31.1216,-36.2647,-69.0143,1384.9,1,29
124,-30.4959,-36.7924,-143.252,68.4838,1,29
124,-29.7109,-37.4292,-143.097,892.17,1,29
124,-29.4858,-37.6068,-206.07,396.925,1,29
124,-27.931,-38.7755,-84.1964,537.781,1,29
124,-26.3363,-39.8758,-220.149,704.121,1,29
124,-25.7627,-40.2488,-243.831,1032.85,1,29
124,-25.8792,-40.174,-221.747,234.946,1,29
124,-22.6132,-42.099,73.276,40.0693,1,29
124,-22.6132,-42.099,21.3757,506.473,1,29
124,-20.9892,-42.9318,-298.9,92.4683,1,29
124,-20.6055,-43.1173,103.54,412.164,1,29
124,-18.9675,-43.8625,-173.716,7908.38,1,29
124,-19.0699,-43.8181,4.69374,521.612,1,29
124,-19.1634,-43.7772,-170.801,2991.41,1,29
124,-19.0972,-43.8062,-181.12,709,1,29
124,-18.7382,-43.9609,23.0928,77.8239,1,29
124,-13.028,-45.9778,-295.454,79.4144,1,29
124,-11.9927,-46.2586,-295.338,276.016,1,29
124,-11.2596,-46.4425,44.2714,167.907,1,29
124,-11.1071,-46.4792,-295.148,520.461,1,29
124,-10.0977,-46.7089,6.97563,136.532,1,29
124,-10.1087,-46.7065,-294.955,224.827,1,29
124,-9.3161,-46.871,-294.8,520.594,1,29
124,-8.22457,-47.0748,-294.592,382.166,1,29
124,-7.44218,-47.2048,60.0366,349.245,1,29
124,-5.46946,-47.4739,-266.489,647.759,1,29
124,-4.9575,-47.5301,98.1241,585.731,1,29
124,-4.61702,-47.5643,-293.908,135.645,1,29
124,-3.15806,-47.6834,-293.582,626.057,1,29
124,-3.47874,-47.6611,41.6245,338.283,1,29
124,-3.12901,-47.6854,-95.8607,688.529,1,29
124,-3.07816,-47.6887,-10.8597,505.004,1,29
124,-2.11165,-47.7412,-293.39,374.709,1,29
124,-1.16306,-47.7737,-68.8848,480.611,1,29
124,-1.19894,-47.7729,-293.223,154.628,1,29
124,0.20291,-47.7875,-104.674,320.705,1,29
124,3.0339,-47.6915,69.2428,283.175,1,29
124,3.4793,-47.6611,-298.263,832.227,1,29
124,5.04723,-47.5206,-143.051,593.433,1,29
124,5.70992,-47.4455,-115.389,395.877,1,29
124,5.75275,-47.4404,102.253,64.3051,1,29
124,6.00692,-47.4089,68.9738,1118.58,1,29
124,10.375,-46.6481,-32.4921,49.4005,1,29
124,11.0989,-46.4812,-265.695,1563.31,1,29
124,14.4359,-45.5553,30.9276,11359.9,1,29
124,15.298,-45.2731,-4.32214,953.438,1,29
124,17.1237,-44.6146,36.0427,1796.86,1,29
124,17.0448,-44.6448,-174.575,554.161,1,29
124,17.8843,-44.3152,-277.396,714.71,1,29
124,18.9179,-43.8839,-128.821,126.65,1,29
124,21.4318,-42.7126,-143.398,3076.6,1,29
124,21.9438,-42.4518,43.6817,663.422,1,29
124,22.1224,-42.359,92.5951,175.349,1,29
124,23.8862,-41.39,28.72,398.472,1,29
124,23.5126,-41.6034,-85.9576,216.861,1,29
124,25.6755,-40.3045,-298.101,168.509,1,29
124,26.774,-39.5833,-20.7926,386.255,1,29
124,27.258,-39.2516,79.4982,965.555,1,29
124,27.3177,-39.21,-28.1525,384.562,1,29
124,27.8275,-38.8499,-164.756,916.329,1,29
124,28.0307,-38.7035,73.7996,305.653,1,29
124,30.0704,-37.141,88.5746,1242.51,1,29
124,29.7844,-37.3708,0.772,54.182,1,29
124,30.2565,-36.9895,-198.014,449.58,1,29
124,30.2274,-37.0133,1.23912,228.946,1,29
124,30.0891,-37.1259,0.348,24.4392,1,29
124,30.3359,-36.9245,-156.891,539.48,1,29
124,30.4678,-36.8157,-284.922,2124.33,1,29
124,30.7513,-36.5793,34.2438,420.604,1,29
124,31.4171,-36.009,31.4014,1335.91,1,29
124,32.5103,-35.0252,-213.399,501.151,1,29
124,36.7131,-30.5914,-48.7663,684.639,1,29
124,37.7107,-29.3527,-128.977,327.021,1,29
124,38.4662,-28.3555,13.8235,337.24,1,29
124,39.1205,-27.4458,-224.766,192.636,1,29
124,39.6619,-26.6575,105.028,315.611,1,29
124,39.9207,-26.2683,-32.7048,204.389,1,29
124,40.7772,-24.918,49.9954,242.381,1,29
124,41.0399,-24.4829,-212.162,304.558,1,29
124,41.0392,-24.484,105.5,47,1,29
124,41.8203,-23.1246,-1.40463,1587.28,1,29
124,42.8116,-21.2331,-141.13,593.956,1,29
124,43.4355,-19.9258,23.0076,446.64,1,29
124,44.2207,-18.1166,22.547,1333.99,1,29
124,44.5365,-17.3258,55.8384,726.657,1,29
124,45.5269,-14.5254,-232.637,934.073,1,29
124,45.8461,-13.484,-48.7448,432.945,1,29
124,46.588,-10.6414,12.4277,503.865,1,29
124,46.6989,-10.144,-63.0063,3191.74,1,29
124,47.7633,-1.53411,-242.993,237.811,1,29
124,47.7654,-1.46587,17.308,25.0139,1,29
124,47.5719,4.53813,-89.9846,478.884,1,29
124,47.3763,6.2589,-177.992,219.205,1,29
124,46.528,10.9009,-9.00137,697.634,1,29
124,46.4261,11.3269,-236.535,76.3068,1,29
124,46.3387,11.6792,-31.9817,539.042,1,29
124,46.3319,11.7063,-237.318,85.7662,1,29
124,41.6204,23.4824,12.0131,400.684,1,29
124,41.1998,24.2128,4.81312,130.156,1,29
124,40.6455,25.1321,-154.459,366.999,1,29
124,40.2174,25.8117,47.8318,2701.81,1,29
124,39.4812,26.9243,84.0376,312.322,1,29
124,39.4855,26.918,-258.301,412.267,1,29
124,39.1618,27.3868,-242.32,242.312,1,29
124,38.5877,28.1899,96.9831,412.899,1,29
124,38.3749,28.4789,-10.957,2020.88,1,29
124,37.9318,29.0665,92.7787,399.724,1,29
124,37.6132,29.4776,96.1807,386.656,1,29
124,36.3567,31.014,-36.5988,3651.19,1,29
124,35.3115,32.1991,-20.7154,105.673,1,29
124,34.6617,32.8975,-293.103,2512.93,1,29
124,34.5817,32.9816,-169.332,223.613,1,29
124,33.0602,34.5066,22.75,874.341,1,29
124,32.0199,35.4741,-67.9284,511,1,29
124,32.0199,35.4741,-73.2064,44,1,29
124,31.8748,35.6045,-158.293,1088.48,1,29
124,31.5695,35.8755,-74.4284,3280,1,29
124,30.0605,37.1491,-28.5437,563.205,1,29
124,28.9081,38.0527,-271.932,590.094,1,29
124,27.2764,39.2388,23.0625,85.8296,1,29
124,26.7894,39.5729,-33.0579,760.33,1,29
124,24.8652,40.8094,-181.091,503.027,1,29
124,21.5699,42.6429,-180.82,1015.9,1,29
124,15.9405,45.0509,-301.308,523.312,1,29
124,13.0426,45.9736,-44.2565,747.483,1,29
124,10.5299,46.6133,-268.844,483.73,1,29
124,9.68511,46.7962,-287.764,591.378,1,29
124,9.29562,46.8751,-236.619,903.301,1,29
124,8.65097,46.9983,60.3047,61.2946,1,29
124,7.49497,47.1965,100.079,182.407,1,29
124,7.1086,47.2562,100.696,103.476,1,29
124,5.56028,47.4633,27.4084,544.337,1,29
124,3.61295,47.6511,-36.116,37.1093,1,29
124,2.05192,47.7438,81.595,92.5286,1,29
124,1.51968,47.7637,82.9231,744.972,1,29
124,1.33,47.7694,-7.87968,72.4006,1,29
124,-3.02795,47.6919,34.5026,52.6861,1,29
124,-3.41803,47.6655,33.8981,137.133,1,29
124,-7.52433,47.1918,-81.7577,186.329,1,29
124,-8.26621,47.0675,-81.484,46.0971,1,29
124,-9.02216,46.9285,-294.935,1827.74,1,29
124,-14.826,45.4299,-65.7278,399.417,1,29
124,-16.1554,44.9743,-193.721,1272.98,1,29
124,-16.9247,44.6904,21.3897,68.7008,1,29
124,-19.35,43.6951,21.2686,1755.53,1,29
124,-19.4519,43.6498,41.1091,592.466,1,29
124,-19.6631,43.5551,101.458,783.523,1,29
124,-20.4896,43.1725,-20.8247,330.066,1,29
124,-21.4607,42.698,52.51,652.719,1,29
124,-23.0674,41.8519,87.5629,136.852,1,29
124,-22.9569,41.9126,-21.7,37.2741,1,29
124,-24.1175,41.2557,44.378,643.223,1,29
124,-25.569,40.3721,-83.8918,318.765,1,29
124,-25.6623,40.3129,-89.9911,409.327,1,29
124,-25.606,40.3487,-125.589,227.475,1,29
124,-28.3477,38.472,-31.8764,146.733,1,29
124,-30.5423,36.7539,-217.334,715.346,1,29
124,-30.9533,36.4085,40.8369,270.769,1,29
124,-30.9753,36.3897,36.2366,260.53,1,29
124,-34.2715,33.3039,93.394,102.612,1,29
124,-35.0009,32.5365,15.8802,605.575,1,29
124,-35.0965,32.4333,93.1115,1671.82,1,29
124,-36.1063,31.3053,56.3863,2198.23,1,29
124,-38.7435,27.9755,-166.466,12694.4,1,29
124,-38.6727,28.0732,-173.868,949,1,29
124,-39.2661,27.2371,48.7668,514.696,1,29
124,-39.4155,27.0204,-79.7751,352.79,1,29
124,-39.7884,26.4682,-34.4025,152.177,1,29
124,-40.2173,25.8119,44.785,878.794,1,29
124,-41.4343,23.8092,-255.816,146.708,1,29
124,-41.8562,23.0596,-211.027,196.733,1,29
124,-42.1286,22.5581,33.5364,1772.27,1,29
124,-42.5527,21.7475,35.116,23.3544,1,29
124,-42.766,21.3249,100.784,477.68,1,29
124,-42.7541,21.3487,35.5825,503.652,1,29
124,-44.0099,18.6228,-102.054,263.801,1,29
124,-45.2869,15.257,-3.77176,563.764,1,29
124,-45.4428,14.7865,-48.5931,260.637,1,29
124,-45.4948,14.6254,-219.132,2332.42,1,29
124,-46.5587,10.7688,60.2521,3223.05,1,29
124,-46.5616,10.7563,53.5153,299,1,29
124,-47.0834,8.17527,29.399,149.315,1,29
124,-47.218,7.35829,-231.881,89.6331,1,29
124,-47.27,7.01669,-198.461,521.027,1,29
124,-47.6043,4.18496,34.8337,11742.4,1,29
124,-47.6345,3.82601,-25.8774,335,1,29
124,-47.6968,2.94965,64.8601,427.814,1,29
124,-47.7462,1.99502,6.52496,79.5238,1,29
124,-48.7929,-1.21518,-37.4356,134.056,0,30
124,-48.6306,-4.15814,40.3154,506.44,0,30
124,-48.6194,-4.28706,39.084,32.1526,0,30
124,-48.5551,-4.96222,33.7122,221.392,0,30
124,-48.5172,-5.31982,219.788,486.232,0,30
124,-48.2047,-7.65017,-77.9736,1241.19,0,30
124,-47.9086,-9.32692,-45.6191,1562.2,0,30
124,-47.8962,-9.38991,78.1327,1278.58,0,30
124,-47.624,-10.6851,268.468,66.0555,0,30
124,-46.3675,-15.2405,194.046,480.192,0,30
124,-46.2317,-15.6476,-31.2085,457.345,0,30
124,-46.0022,-16.3102,235.08,102.199,0,30
124,-45.0611,-18.7541,-60.2096,220.644,0,30
124,-44.4985,-20.0524,124.732,26.0555,0,30
124,-42.1858,-24.5475,-50.0258,374.385,0,30
124,-42.1442,-24.6189,-10.9279,369.626,0,30
124,-41.5145,-25.6665,-64.0933,213.33,0,30
124,-41.3486,-25.9328,159.924,80.4438,0,30
124,-41.0746,-26.3647,-13.5106,145.045,0,30
124,-39.7662,-28.2997,-10.6484,266.39,0,30
124,-39.5201,-28.6423,257.484,485.535,0,30
124,-38.9208,-29.4516,62.0037,147.665,0,30
124,-36.4568,-32.4518,-21.012,400.305,0,30
124,-35.5153,-33.4796,248.6,561.299,0,30
124,-33.2089,-35.7686,-65.0669,233.693,0,30
124,-32.7651,-36.1755,-22.6836,738.866,0,30
124,-30.7314,-37.9184,183.477,695.597,0,30
124,-27.2503,-40.4925,-90.4356,452.336,0,30
124,-27.0332,-40.6378,-92.1151,53.5538,0,30
124,-25.4802,-41.6291,185.836,6430.75,0,30
124,-25.3293,-41.7211,281.188,97.5393,0,30
124,-24.8151,-42.0289,181.443,493.181,0,30
124,-23.9707,-42.5162,76.3718,1619.89,0,30
124,-23.5837,-42.7321,-70.6648,418.119,0,30
124,-19.2332,-44.8587,-57.2405,1473.36,0,30
124,-16.4807,-45.9414,95.7137,435.44,0,30
124,-16.369,-45.9813,268.24,357.128,0,30
124,-15.5942,-46.2498,95.9,32.9739,0,30
124,-14.2779,-46.6729,-69.3697,6514.35,0,30
124,-14.565,-46.5841,9.74566,462.37,0,30
124,-11.6812,-47.3896,-52.2997,354.071,0,30
124,-10.6621,-47.6292,137.174,663.897,0,30
124,-8.0137,-48.1456,7.88312,283.552,0,30
124,-7.79733,-48.1811,-36.2676,93.7008,0,30
124,-7.35493,-48.2507,7.492,115.897,0,30
124,-6.7447,-48.3397,-92.8608,309.477,0,30
124,-5.96667,-48.4419,-73.6003,266.211,0,30
124,-4.07814,-48.6373,-8.64882,1048.27,0,30
124,-2.8546,-48.7244,4.03419,134.176,0,30
124,-2.09572,-48.763,71.5192,95.8223,0,30
124,-0.769063,-48.8019,8.84576,849.637,0,30
124,0.0998397,-48.8079,196.31,246.56,0,30
124,3.09259,-48.7099,130.974,279.844,0,30
124,4.84063,-48.5674,199.047,985.369,0,30
124,8.68954,-48.0283,122.844,251.633,0,30
124,9.86053,-47.8016,213.429,307.657,0,30
124,10.5964,-47.6439,58.1122,249.461,0,30
124,11.5047,-47.4327,147.915,571.263,0,30
124,14.6918,-46.5443,-29.7211,90.5341,0,30
124,17.4455,-45.5837,298.104,618.831,0,30
124,18.401,-45.2065,125.387,83.5531,0,30
124,24.1904,-42.3916,41.6992,565.04,0,30
124,28.7394,-39.4496,141.723,593.52,0,30
124,29.7998,-38.6548,116.49,244.771,0,30
124,30.9258,-37.76,-71.83,740.156,0,30
124,31.3336,-37.4223,206.492,611.841,0,30
124,31.5895,-37.2066,-73.436,924.738,0,30
124,32.7004,-36.234,204.69,497.116,0,30
124,33.9514,-35.0646,266.534,943.544,0,30
124,35.3762,-33.6266,-95.7486,1027.22,0,30
124,35.5144,-33.4806,107.016,316.321,0,30
124,35.8273,-33.1456,107.713,126.073,0,30
124,36.2664,-32.6645,-98.4883,2890.64,0,30
124,36.922,-31.9216,-37.8183,5683.51,0,30
124,36.7616,-32.1062,-51.2981,124.975,0,30
124,37.6212,-31.0944,-25.1206,2030.05,0,30
124,37.9184,-30.7314,15.764,28.0555,0,30
124,38.0093,-30.6189,262.964,927.529,0,30
124,40.5593,-27.1507,-80.0942,798.725,0,30
124,40.668,-26.9877,-39.0336,290.859,0,30
124,41.9147,-25.0075,-41.6289,436.381,0,30
124,41.8992,-25.0336,65.8284,482.039,0,30
124,42.8857,-23.3033,82.7571,1048.95,0,30
124,42.9351,-23.2121,215.162,279.783,0,30
124,42.882,-23.31,253.929,507.08,0,30
124,43.3127,-22.4995,-37.1014,455.793,0,30
124,43.3698,-22.3893,133.636,27.156,0,30
124,43.5665,-22.0041,132.935,278.492,0,30
124,45.3439,-18.0597,4.07945,165.126,0,30
124,45.7148,-17.0991,-42.324,22.1493,0,30
124,46.7223,-14.1156,101.009,447.816,0,30
124,46.817,-13.7983,226.016,317.449,0,30
124,47.2764,-12.131,43.4815,1314.02,0,30
124,47.9456,-9.13433,-79.6647,254.68,0,30
124,48.0947,-8.31392,-99.7188,594.451,0,30
124,48.0373,-8.63921,28.7068,67.496,0,30
124,48.5574,-4.93984,-51.9927,245.17,0,30
124,48.6538,-3.8763,212.209,526.501,0,30
124,48.7865,-1.44879,-30.9991,344.597,0,30
124,48.8015,-0.796673,-30.4261,274.485,0,30
124,48.8075,0.228553,-44.1381,107.718,0,30
124,48.7542,2.29143,187.893,4074.88,0,30
124,48.6691,3.67994,2.42597,12462,0,30
124,48.6528,3.88916,7.76857,252,0,30
124,48.6365,4.08814,-23.668,25.2447,0,30
124,48.6318,4.14299,-22.6953,120.304,0,30
124,48.3773,6.4697,-29.571,222.752,0,30
124,48.3177,6.90086,-29.9861,719.23,0,30
124,48.1669,7.88505,-84.3908,143.721,0,30
124,47.5103,11.1802,265.288,6172.44,0,30
124,47.3151,11.9793,239.648,5290.86,0,30
124,47.3694,11.7625,14.916,28.1509,0,30
124,47.3209,11.9562,249.208,1150,0,30
124,46.9647,13.2867,-45.4579,268.535,0,30
124,46.7352,14.0727,301.116,36.1387,0,30
124,46.4742,14.9122,257.839,865.247,0,30
124,46.287,15.4833,117.371,279.732,0,30
124,46.2498,15.5943,211.854,310.72,0,30
124,45.4184,17.8714,46.4719,615.932,0,30
124,45.0331,18.8213,133.451,700.665,0,30
124,43.0626,22.9746,246.067,638.885,0,30
124,42.8621,23.3466,-55.5458,671.314,0,30
124,42.561,23.891,74.4075,2923.38,0,30
124,41.7513,25.2794,137.695,128.789,0,30
124,40.8472,26.7156,289.21,747.569,0,30
124,39.5596,28.5877,17.0759,4193.59,0,30
124,39.466,28.7168,-59.5809,493.893,0,30
124,36.2536,32.6787,-74.1827,673.65,0,30
124,36.2043,32.7333,11.0227,167.218,0,30
124,34.3,34.7236,-41.4092,249.89,0,30
124,33.8713,35.1419,15.0175,327.497,0,30
124,33.4376,35.5549,15.34,32.1387,0,30
124,28.3484,39.7315,93.8081,106.371,0,30
124,12.1496,47.2716,119.047,83.5818,0,30
124,9.74276,47.8257,-42.0697,262.319,0,30
124,8.75375,48.0166,-6.54799,736.356,0,30
124,8.72217,48.0223,24.8475,668.026,0,30
124,8.21137,48.1123,93.2924,1211.4,0,30
124,7.30949,48.2576,13.8412,347.143,0,30
124,5.67081,48.4774,-45.0833,1627.9,0,30
124,3.188,48.7038,-39.9103,188.821,0,30
124,3.26366,48.6988,-25.7866,178.274,0,30
124,-1.07186,48.7962,38.295,229.376,0,30
124,-3.71258,48.6666,222.027,405.834,0,30
124,-8.96238,47.9781,254.712,258.559,0,30
124,-9.23117,47.9271,-28.6364,134.149,0,30
124,-9.07955,47.9561,-9.782,228.195,0,30
124,-9.40392,47.8935,130.154,323.228,0,30
124,-14.2637,46.6773,-16.3825,230.159,0,30
124,-14.2637,46.6773,161.49,68.3174,0,30
124,-14.763,46.5218,163.132,1722.59,0,30
124,-14.8076,46.5076,24.782,400.146,0,30
124,-15.5505,46.2645,216.19,755.145,0,30
124,-15.5943,46.2498,19.41,134.88,0,30
124,-15.9721,46.1206,-6.47553,110.72,0,30
124,-16.0804,46.083,161.052,351.376,0,30
124,-19.2452,44.8536,-81.7194,223.777,0,30
124,-19.7888,44.6164,-71.785,227.707,0,30
124,-20.208,44.4281,121.419,498.216,0,30
124,-20.2343,44.4161,168.387,176.437,0,30
124,-23.9685,42.5174,-0.560882,271.121,0,30
124,-27.1076,40.5882,-39.2416,1433.75,0,30
124,-27.8587,40.0764,-29.604,23.1803,0,30
124,-27.8587,40.0764,35.692,39.1126,0,30
124,-29.1397,39.1548,302.654,414.225,0,30
124,-30.8273,37.8404,159.275,961.62,0,30
124,-31.4745,37.3039,179.238,783.197,0,30
124,-32.0598,36.802,95.3999,187.866,0,30
124,-32.3435,36.5529,0.216145,172.482,0,30
124,-33.1248,35.8465,51.5599,247.908,0,30
124,-34.0148,35.003,120.077,372.585,0,30
124,-37.2247,31.5681,124.061,232.342,0,30
124,-37.6718,31.0331,36.3279,1751.36,0,30
124,-37.5892,31.1331,-73.4289,136.215,0,30
124,-38.7823,29.6336,305.585,832.521,0,30
124,-40.3279,27.4933,28.4984,1175.81,0,30
124,-41.0688,26.3738,-95.5506,524.336,0,30
124,-41.7977,25.2026,48.103,152.73,0,30
124,-42.288,24.3711,-88.6826,623.836,0,30
124,-43.5621,22.0128,119.353,373.988,0,30
124,-44.1142,20.8844,272.749,769.844,0,30
124,-45.2814,18.2159,-26.6954,112.938,0,30
124,-46.131,15.942,-17.1597,802.176,0,30
124,-46.369,15.236,-52.7517,342.899,0,30
124,-46.3743,15.2199,220.692,625.778,0,30
124,-46.4229,15.071,-100.575,1204.08,0,30
124,-47.8108,9.8155,19.363,164.322,0,30
124,-48.0007,8.8407,-94.4017,1114.15,0,30
124,-47.965,9.03192,19.58,34.0987,0,30
124,-48.4747,5.69457,151.852,1084.01,0,30
124,-48.5403,5.10498,165.874,444.789,0,30
124,-48.5604,4.90981,-56.0422,341.73,0,30
124,-48.5656,4.85838,123.931,475.421,0,30
124,-48.7099,3.09256,68.9248,68.0721,0,30
124,-48.7336,2.69396,69.3494,72.862,0,30
124,-45.7156,-17.0969,-32.9506,320.197,1,30
124,-45.3883,-17.9479,-231.467,374.395,1,30
124,-44.6993,-19.6009,-8.99598,400.231,1,30
124,-44.532,-19.978,-55.9214,360.626,1,30
124,-44.3232,-20.437,92.4026,659.64,1,30
124,-44.4985,-20.0525,-9.26326,81.4267,1,30
124,-44.0863,-20.9432,-218.607,759.398,1,30
124,-43.7942,-21.5474,99.9617,615.911,1,30
124,-42.7796,-23.4974,-132.2,2289.09,1,30
124,-41.099,-26.3266,-33.1529,592.625,1,30
124,-40.5805,-27.119,43.1228,306.711,1,30
124,-40.0902,-27.8388,-87.1702,173.464,1,30
124,-38.4328,-30.0855,-50.768,561.46,1,30
124,-38.1744,-30.4127,-35.544,1159.24,1,30
124,-37.7343,-30.9571,-50.7113,211.465,1,30
124,-37.1557,-31.6492,27.7201,732.374,1,30
124,-35.5382,-33.4553,85.2944,489.548,1,30
124,-35.2438,-33.7653,-181.289,272.044,1,30
124,-35.1419,-33.8714,39.5666,88.7177,1,30
124,-34.7236,-34.3001,-38.6817,122.499,1,30
124,-31.7871,-37.0379,13.8317,288.753,1,30
124,-31.4904,-37.2904,-69.195,395.528,1,30
124,-29.3691,-38.983,-142.802,590.105,1,30
124,-28.9286,-39.311,-82.592,554.595,1,30
124,-28.5875,-39.5598,17.9758,708.199,1,30
124,-27.3252,-40.442,-218.462,532.855,1,30
124,-27.3013,-40.4581,-46.1182,212.181,1,30
124,-25.9473,-41.3395,-242.357,1121.9,1,30
124,-22.9198,-43.0918,72.6386,96.7962,1,30
124,-20.7296,-44.1871,-173.597,11462.8,1,30
124,-21.1882,-43.9691,-297.481,299.887,1,30
124,-21.095,-44.0139,103.656,351.489,1,30
124,-20.1027,-44.4759,5.52238,478.818,1,30
124,-19.6379,-44.683,-169.569,3384.15,1,30
124,-19.2724,-44.8419,23.1058,425.294,1,30
124,-18.9543,-44.9773,-15.5802,78.6051,1,30
124,-14.5219,-46.5976,-295.833,2045,1,30
124,-12.3429,-47.2215,-205.044,61.5515,1,30
124,-11.2452,-47.4949,45.3681,1717.52,1,30
124,-9.7341,-47.8275,7.19589,218.917,1,30
124,-7.92652,-48.1601,60.4023,232.522,1,30
124,-7.60921,-48.2112,-42.4302,272.45,1,30
124,-5.85955,-48.455,-264.854,560.01,1,30
124,-5.26297,-48.5234,97.6941,2545.94,1,30
124,-3.88913,-48.6528,24.7533,78.646,1,30
124,-3.41007,-48.6887,-10.2933,625.563,1,30
124,-1.63213,-48.7807,-67.3038,187.693,1,30
124,0.0498085,-48.808,-103.422,84.5813,1,30
124,0.681318,-48.8032,-292.81,221.038,1,30
124,1.05757,-48.7965,-9.32331,445.896,1,30
124,1.60202,-48.7817,-9.23225,661.933,1,30
124,1.58583,-48.7822,-292.627,467.403,1,30
124,2.48256,-48.7448,-292.392,402.361,1,30
124,3.65002,-48.6713,69.764,598.405,1,30
124,4.07383,-48.6377,-297.551,249.493,1,30
124,5.37246,-48.5114,-142.54,69.3002,1,30
124,5.93287,-48.4461,102.476,304.888,1,30
124,5.89407,-48.4508,-114.627,300.049,1,30
124,6.35636,-48.3923,70.5861,468.98,1,30
124,10.1458,-47.7418,-32.5691,448.087,1,30
124,11.6142,-47.406,-6.16677,1018.42,1,30
124,11.6838,-47.3889,-263.329,173.183,1,30
124,12.235,-47.2496,-230.052,180.877,1,30
124,13.3736,-46.94,31.5612,1114.12,1,30
124,13.1139,-47.0133,-40.9543,64.5271,1,30
124,15.3825,-46.3206,29.6694,8546.56,1,30
124,15.2564,-46.3623,38.434,370.421,1,30
124,15.8457,-46.1642,-4.2973,472.759,1,30
124,17.356,-45.6179,-129.277,373.597,1,30
124,17.7702,-45.4581,-172.983,474.691,1,30
124,18.2189,-45.2802,-129.116,579.938,1,30
124,18.2159,-45.2814,-276.754,63.4836,1,30
124,22.3325,-43.3991,93.4275,163.744,1,30
124,22.2582,-43.4372,44.7538,675.278,1,30
124,23.1339,-42.9773,-105.152,267.632,1,30
124,24.179,-42.3981,-84.1355,150.99,1,30
124,24.6605,-42.1198,30.2233,435.658,1,30
124,26.4512,-41.019,-25.7963,230.082,1,30
124,26.5123,-40.9795,-296.443,821.959,1,30
124,27.0721,-40.6119,-165.137,840.744,1,30
124,27.4303,-40.3708,-19.58,68.3973,1,30
124,27.7856,-40.127,80.2158,979.923,1,30
124,27.6945,-40.19,-26.788,46.139,1,30
124,30.2589,-38.2965,-198.203,293.607,1,30
124,30.5292,-38.0813,-284.399,1875.11,1,30
124,31.1639,-37.5637,36.399,1453.01,1,30
124,31.39,-37.375,2.12144,525.315,1,30
124,31.086,-37.6282,-154.849,1591.93,1,30
124,32.3808,-36.5199,32.1795,323.989,1,30
124,37.2367,-31.5539,-46.9204,945.467,1,30
124,39.1644,-29.1269,14.1806,165.317,1,30
124,39.8471,-28.1856,-224.152,69.6037,1,30
124,40.4009,-27.3859,80.1395,314.388,1,30
124,41.5651,-25.5845,50.4814,582.135,1,30
124,41.9405,-24.9642,-211.068,113.826,1,30
124,42.1536,-24.6028,-264.652,86.2652,1,30
124,43.8139,-21.5073,-141.026,507.779,1,30
124,44.262,-20.5693,24.5942,774.15,1,30
124,44.9385,-19.0462,24.2195,751.95,1,30
124,45.3158,-18.1302,56.761,543.741,1,30
124,45.7438,-17.0214,81.0204,141.405,1,30
124,46.5097,-14.801,-230.774,937.718,1,30
124,46.8598,-13.652,-47.0274,1097.98,1,30
124,47.4536,-11.4183,49.7338,929.988,1,30
124,47.5878,-10.8454,-63.2686,1388.98,1,30
124,47.636,-10.6318,13.6389,809.057,1,30
124,48.7688,-1.95514,17.5773,201.923,1,30
124,48.5759,4.75379,-88.5066,710.377,1,30
124,48.3773,6.4697,-177.569,96.5393,1,30
124,48.1934,7.72135,13.0023,212.604,1,30
124,47.503,11.2109,-235.182,799.919,1,30
124,47.4172,11.5687,-7.83798,78.2738,1,30
124,47.2716,12.1497,-29.5347,701.695,1,30
124,47.2716,12.1497,-242.31,464.24,1,30
124,42.4369,24.1108,13.0733,522.457,1,30
124,41.9152,25.0067,5.012,30.0416,1,30
124,41.5932,25.5387,-152.418,548.355,1,30
124,41.0604,26.3868,48.963,731.797,1,30
124,40.4733,27.2787,84.4681,148.818,1,30
124,40.2337,27.6309,-241.085,888.405,1,30
124,40.2568,27.5973,-256.867,354.375,1,30
124,39.8118,28.2354,98.5067,715.261,1,30
124,39.2819,28.9681,-9.88987,1395.43,1,30
124,38.6611,29.7916,93.8494,108.702,1,30
124,38.4803,30.0248,98.1055,729.534,1,30
124,38.1805,30.4051,-74.0171,448.719,1,30
124,37.8603,30.8029,43.596,50.3697,1,30
124,37.5156,31.2218,-35.1755,1629,1,30
124,35.6135,33.3752,-292.379,1764.14,1,30
124,35.5362,33.4575,-168.198,1019.76,1,30
124,34.0392,34.9793,23.8439,171.337,1,30
124,32.7383,36.1998,-58.8665,305.226,1,30
124,32.7817,36.1605,-156.714,1081.17,1,30
124,30.7955,37.8664,-27.736,344.925,1,30
124,29.9829,38.5129,-6.67534,156.391,1,30
124,29.6849,38.7431,49.4158,777.612,1,30
124,29.4581,38.9158,-269.877,849.223,1,30
124,27.7588,40.1456,23.2033,277.238,1,30
124,27.5182,40.3109,-32.8359,1948.26,1,30
124,27.5299,40.303,-40.2915,802,1,30
124,25.2945,41.7422,-179.339,587.354,1,30
124,22.1036,43.5161,-179.282,963.659,1,30
124,16.1118,46.072,-299.702,102.605,1,30
124,11.6265,47.403,-44.5071,302.718,1,30
124,11.0576,47.5389,-267.535,405.138,1,30
124,10.9358,47.5671,-44.6564,479.988,1,30
124,10.1167,47.748,-286.611,605.468,1,30
124,9.32777,47.9084,73.5479,175.023,1,30
124,6.86523,48.3228,58.725,91.3525,1,30
124,6.16827,48.4167,58.2384,259.377,1,30
124,5.87293,48.4534,29.0874,1235.08,1,30
124,5.47891,48.4995,57.6184,157.375,1,30
124,3.22356,48.7014,-36.0292,287.296,1,30
124,2.09572,48.763,25.9245,102.379,1,30
124,1.11682,48.7952,-6.89318,610.516,1,30
124,0.908523,48.7995,84.4321,269.057,1,30
124,0.198143,48.8076,85.6106,669.823,1,30
124,-2.7182,48.7323,35.7396,339.904,1,30
124,-7.30195,48.2587,-82.0463,471.049,1,30
124,-9.27803,47.918,-293.699,749.142,1,30
124,-14.7617,46.5222,-63.6699,521.168,1,30
124,-16.2455,46.025,-192.294,240.511,1,30
124,-16.9986,45.7523,21.548,78.4405,1,30
124,-19.3989,44.7873,42.4435,756.027,1,30
124,-20.6345,44.2316,102.771,1272.81,1,30
124,-20.8629,44.1244,51.5843,1277.44,1,30
124,-20.9594,44.0786,-20.4544,1288.14,1,30
124,-21.7596,43.6891,51.9665,170.186,1,30
124,-23.423,42.8204,89.456,611.788,1,30
124,-23.4249,42.8193,-21.2239,263.671,1,30
124,-25.0067,41.9152,45.292,33.1248,1,30
124,-25.9877,41.3142,-88.1964,425.827,1,30
124,-26.0634,41.2664,-125.572,190.196,1,30
124,-26.5728,40.9403,-84.5414,236.753,1,30
124,-31.3624,37.3982,42.6085,274.664,1,30
124,-31.462,37.3144,37.5336,107.832,1,30
124,-31.4234,37.3469,-216.081,324.646,1,30
124,-33.8714,35.1419,91.6746,157.958,1,30
124,-34.1813,34.8405,91.9639,2372.54,1,30
124,-35.1941,33.8171,15.8488,320.457,1,30
124,-36.5884,32.3034,58.3099,2445.33,1,30
124,-40.066,27.8736,-166.555,11337.3,1,30
124,-39.8471,28.1856,-177.948,1790,1,30
124,-40.0764,27.8587,-175.333,1003,1,30
124,-40.2373,27.6258,49.29,205.893,1,30
124,-40.5268,27.1992,49.532,34.253,1,30
124,-40.6601,26.9995,45.8866,525.616,1,30
124,-41.9445,24.9575,-255.097,757.88,1,30
124,-42.668,23.6993,-209.97,356.184,1,30
124,-43.2276,22.6626,33.3614,2814.62,1,30
124,-43.7131,21.7114,101.024,874.682,1,30
124,-43.7533,21.6303,36.3418,747.776,1,30
124,-45.2389,18.3212,-101.528,938.414,1,30
124,-46.3482,15.2992,-220.302,1978.54,1,30
124,-46.3758,15.2153,-48.1915,63.6925,1,30
124,-48.1519,7.97589,29.9886,262.529,1,30
124,-48.1865,7.76396,-231.58,56.4162,1,30
124,-48.5097,5.38813,-111.68,98.8084,1,30
124,-48.702,3.21564,31.8946,6646.55,1,30
124,-48.6984,3.26969,66.6343,807.495,1,30
124,-48.7364,2.6423,1.31788,207.533,1,30
124,-48.7536,2.30323,7.65661,124.435,1,30
124,-49.8172,-1.01464,-38.2725,526.846,0,31
124,-49.6631,-4.04478,38.2266,353.384,0,31
124,-49.5554,-5.20015,40.179,476.549,0,31
124,-49.5421,-5.32527,33.5281,379.009,0,31
124,-49.4982,-5.71897,219.072,146.169,0,31
124,-49.2534,-7.542,-77.5068,828.334,0,31
124,-48.9668,-9.22152,75.7824,506.103,0,31
124,-48.7149,-10.4708,-45.8656,408.25,0,31
124,-48.639,-10.8178,268.253,137.997,0,31
124,-47.3997,-15.3639,192.695,715.002,0,31
124,-45.9209,-19.3405,-60.5577,250.878,0,31
124,-45.2885,-20.7783,124.552,490.471,0,31
124,-45.2539,-20.8535,-100.948,785.738,0,31
124,-43.3336,-24.5964,-50.7436,535.625,0,31
124,-43.0934,-25.0147,-12.1249,360.614,0,31
124,-42.686,-25.7038,-79.6003,435.86,0,31
124,-42.2435,-26.4247,-65.268,723.374,0,31
124,-42.2937,-26.3443,159.813,296.943,0,31
124,-41.9576,-26.8763,-13.0265,793.608,0,31
124,-41.0295,-28.273,1.348,22.2774,0,31
124,-40.529,-28.9859,-11.8574,1397.4,0,31
124,-40.0762,-29.6087,255.013,395.479,0,31
124,-39.9305,-29.805,27.8027,459.758,0,31
124,-39.9697,-29.7524,61.8691,453.043,0,31
124,-36.8615,-33.5263,-22.8233,467.534,0,31
124,-36.5954,-33.8165,-30.3549,197.956,0,31
124,-33.9872,-36.4369,-65.4476,136.352,0,31
124,-33.8892,-36.5281,-24.4153,778.365,0,31
124,-31.6085,-38.5186,181.248,184.25,0,31
124,-26.6397,-42.1083,280.754,840.785,0,31
124,-25.1089,-43.0386,185.586,6356.91,0,31
124,-24.1416,-43.5886,75.0777,662.082,0,31
124,-23.9954,-43.6692,-71.2082,253.765,0,31
124,-21.58,-44.912,-55.9194,131.966,0,31
124,-17.3814,-46.6976,94.906,949.534,0,31
124,-16.887,-46.8787,266.486,1121.49,0,31
124,-14.9335,-47.537,-69.7836,7226.29,0,31
124,-14.9831,-47.5214,9.30067,377.513,0,31
124,-12.0523,-48.3479,-53.2525,593.912,0,31
124,-10.618,-48.683,135.874,641.704,0,31
124,-7.41532,-49.2726,-37.2595,305.24,0,31
124,-6.94653,-49.3409,7.07591,202.247,0,31
124,-6.17927,-49.4429,-74.2512,200.289,0,31
124,-3.925,-49.6727,-8.84819,320.748,0,31
124,-3.39321,-49.7118,4.03985,814.176,0,31
124,-1.90224,-49.7912,70.2347,435.974,0,31
124,-0.400142,-49.8259,7.95694,1290.01,0,31
124,5.06851,-49.569,197.973,2151.41,0,31
124,8.74862,-49.0535,122.81,364.03,0,31
124,11.1006,-48.5753,57.9349,181.473,0,31
124,11.2778,-48.5344,147.356,76.3867,0,31
124,13.3878,-47.9953,-87.8587,81.5743,0,31
124,14.4543,-47.6849,36.1487,907.145,0,31
124,14.9316,-47.5376,-29.9246,386.759,0,31
124,18.8437,-46.1269,125.362,290.38,0,31
124,19.9123,-45.6758,241.756,40.1509,0,31
124,22.1878,-44.6148,-75.079,463.595,0,31
124,24.3653,-43.4639,-47.1966,217.901,0,31
124,25.0512,-43.0723,39.949,481.621,0,31
124,29.4361,-40.2032,141.265,112.556,0,31
124,31.4529,-38.6457,-72.7096,904.71,0,31
124,31.9057,-38.2728,205.764,306.039,0,31
124,32.9438,-37.3829,-75.7424,300.918,0,31
124,33.1285,-37.2194,203.616,410.475,0,31
124,43.7014,-23.9367,81.245,89.0926,0,31
124,44.0872,-23.2184,-38.4597,378.63,0,31
124,46.3778,-18.2176,2.96726,354.721,0,31
124,48.3073,-12.214,41.4143,858.579,0,31
124,49.0318,-8.86927,-101.972,134.384,0,31
124,49.0764,-8.61875,-81.0407,70.3473,0,31
124,49.0773,-8.61376,28.6975,193.384,0,31
124,49.5775,-4.98534,-52.7971,298.814,0,31
124,49.6889,-3.71437,211.121,1189.73,0,31
124,49.8265,-0.30932,-30.156,179.026,0,31
124,49.8274,0.101928,-44.02,21.2308,0,31
124,49.8256,0.433226,-29.4967,386.433,0,31
124,49.7806,2.16127,188.357,13519.3,0,31
124,49.7469,2.83328,3.92024,11313.8,0,31
124,49.6878,3.72872,-24.8935,372.694,0,31
124,49.502,5.6861,-56.1165,529.007,0,31
124,49.2852,7.33162,-31.0474,123.659,0,31
124,49.2259,7.71969,-85.2336,243.617,0,31
124,49.2022,7.86937,-31.4624,144.129,0,31
124,48.7603,10.2573,262.337,12498.5,0,31
124,48.8095,10.0206,269.413,614,0,31
124,48.5985,10.9982,-42.2271,668.807,0,31
124,48.5862,11.0528,-22.831,654.004,0,31
124,48.4203,11.7584,239.062,8616.65,0,31
124,47.9049,13.7078,-45.368,188.129,0,31
124,47.7224,14.3301,300.636,199.035,0,31
124,47.3488,15.5201,256.102,1148.18,0,31
124,47.1464,16.1243,210.577,381.247,0,31
124,46.4376,18.0645,44.7278,1235.24,0,31
124,43.8147,23.7286,-56.6669,404.747,0,31
124,43.5706,24.1739,73.1157,1545.18,0,31
124,42.4073,26.1611,137.386,197.147,0,31
124,40.5647,28.9358,-59.9088,279.219,0,31
124,40.4044,29.1592,17.0936,1885.34,0,31
124,37.8639,32.3899,-19.0932,462.587,0,31
124,37.2153,33.1331,10.2595,551.456,0,31
124,36.9029,33.4807,-75.5759,470.223,0,31
124,34.8173,35.6446,14.4797,1362.57,0,31
124,34.716,35.7432,-42.5972,679.397,0,31
124,34.6512,35.8061,-95.4843,574.224,0,31
124,32.7364,37.5647,285.881,420.928,0,31
124,30.8706,39.1125,79.1562,298.227,0,31
124,29.4511,40.1922,92.2432,674.571,0,31
124,26.2211,42.3702,20.8761,266.871,0,31
124,25.7321,42.6689,148.052,99.1387,0,31
124,24.5698,43.3486,7.97912,617.098,0,31
124,24.6046,43.3289,61.1428,334.16,0,31
124,23.1853,44.1047,10.5475,406.278,0,31
124,20.1049,45.5914,-48.1773,433.859,0,31
124,19.9242,45.6706,114.681,1659.81,0,31
124,19.1623,45.9955,134.521,178.194,0,31
124,16.3952,47.0529,-33.67,218.92,0,31
124,15.4951,47.357,-42.0082,117.543,0,31
124,15.0636,47.496,-30.5443,628.703,0,31
124,14.7564,47.5923,295.461,68.3973,0,31
124,13.8745,47.8568,-63.6177,3831.5,0,31
124,9.84687,48.8448,-41.5791,214.051,0,31
124,9.02019,49.0042,-7.29589,489.538,0,31
124,8.87551,49.0307,92.2253,303.662,0,31
124,8.37525,49.1186,23.755,458.139,0,31
124,7.99142,49.1825,13.1167,575.056,0,31
124,3.09225,49.7315,-45.0007,1575.6,0,31
124,3.12478,49.7294,-26.5317,436.721,0,31
124,2.6114,49.759,-40.4023,421.472,0,31
124,-0.851638,49.8202,38.1193,200.035,0,31
124,-2.54671,49.7624,-38.3112,51.026,0,31
124,-4.13084,49.656,221.274,379.318,0,31
124,-7.77628,49.217,205.848,679.184,0,31
124,-9.24301,48.9627,-29.1355,207.513,0,31
124,-9.27371,48.9569,-10.0021,193.032,0,31
124,-9.25059,48.9613,129.831,175.082,0,31
124,-14.1033,47.7899,160.24,681.526,0,31
124,-15.2121,47.4486,24.7575,438.308,0,31
124,-15.7828,47.2619,18.9731,1577.66,0,31
124,-15.92,47.2158,215.468,43.1526,0,31
124,-16.3909,47.0544,-6.50589,130.103,0,31
124,-16.3057,47.084,215.727,97.6053,0,31
124,-16.6324,46.9696,159.287,563.511,0,31
124,-19.9808,45.6459,-82.2202,212.597,0,31
124,-20.0153,45.6308,-72.1562,343.735,0,31
124,-20.3044,45.5029,119.487,307.072,0,31
124,-20.5509,45.3921,-82.5583,278.555,0,31
124,-20.5589,45.3885,168.22,140.872,0,31
124,-24.1878,43.5629,-39.0436,269.253,0,31
124,-24.2906,43.5057,-0.587828,445.913,0,31
124,-27.5414,41.5241,-40.4908,647.559,0,31
124,-27.7022,41.417,84.4384,636.778,0,31
124,-28.3032,41.0086,-66.916,89.1126,0,31
124,-28.1794,41.0938,-30.4792,190.014,0,31
124,-28.273,41.0295,35.692,22.0694,0,31
124,-29.9416,39.8281,301.652,241.206,0,31
124,-31.6566,38.4791,177.272,506.073,0,31
124,-32.3689,37.8818,94.6533,438.715,0,31
124,-32.8288,37.484,-0.535785,322.689,0,31
124,-34.3277,36.1164,50.5305,415.653,0,31
124,-34.9585,35.5061,169.884,186.318,0,31
124,-37.8549,32.4004,33.3504,814.86,0,31
124,-38.0607,32.1584,123.641,57.536,0,31
124,-38.7446,31.331,-74.7702,424.13,0,31
124,-39.4964,30.3779,305.021,1183.71,0,31
124,-41.3517,27.7995,28.3219,295.593,0,31
124,-42.5351,25.9528,47.7445,322.792,0,31
124,-43.12,24.9689,-90.546,3988.89,0,31
124,-44.1999,23.0032,118.58,334.189,0,31
124,-45.2386,20.8866,270.965,106.124,0,31
124,-45.4057,20.5209,15.7099,280.808,0,31
124,-46.3778,18.2176,-66.916,27.1232,0,31
124,-46.5253,17.8375,-56.316,28.2718,0,31
124,-47.3573,15.4939,-18.9557,920.317,0,31
124,-47.3693,15.4573,-53.0339,92.6225,0,31
124,-47.4,15.363,219.396,667.766,0,31
124,-47.429,15.2731,-101.383,82.6469,0,31
124,-48.2079,12.6007,23.82,34.2219,0,31
124,-48.5944,11.0167,19.156,28.0571,0,31
124,-48.7259,10.4195,18.9207,59.5099,0,31
124,-48.9358,9.38416,-96.7149,339.842,0,31
124,-48.9322,9.40327,-78.6789,240.264,0,31
124,-49.423,6.33598,149.516,499.1,0,31
124,-49.5993,4.7637,163.933,2588.86,0,31
124,-49.6319,4.41102,-55.9641,1718.08,0,31
124,-49.6248,4.48942,123.214,698.694,0,31
124,-49.714,3.36055,67.916,31.3199,0,31
124,-48.5026,-11.4139,6.708,21.0832,1,31
124,-48.4076,-11.8103,6.708,21.0832,1,31
124,-47.9747,-13.4613,94.119,355.114,1,31
124,-46.949,-16.6904,54.2465,138.073,1,31
124,-46.804,-17.0928,13.0352,414.226,1,31
124,-46.2052,-18.651,-229.69,320.863,1,31
124,-45.7579,-19.7229,-8.41613,212.287,1,31
124,-45.428,-20.4713,-54.0019,753.964,1,31
124,-45.1646,-21.046,-216.694,762.885,1,31
124,-44.6438,-22.1295,100.591,92.903,1,31
124,-43.5546,-24.2028,-131.346,182.094,1,31
124,-42.8982,-25.3481,-305.188,421.647,1,31
124,-41.3369,-27.8215,42.5219,175.898,1,31
124,-41.2296,-27.9803,-86.058,599.451,1,31
124,-40.3384,-29.2505,-50.8308,254.04,1,31
124,-39.6893,-30.1254,-50.8781,119.765,1,31
124,-39.0901,-30.8989,-35.2523,2066.89,1,31
124,-37.598,-32.6982,28.093,123.723,1,31
124,-36.3896,-34.0378,86.0623,1595.36,1,31
124,-35.7342,-34.7253,40.0137,63.5898,1,31
124,-35.7342,-34.7253,-181.124,25.1387,1,31
124,-35.4489,-35.0165,39.9495,102.647,1,31
124,-35.4489,-35.0165,-38.5933,183.849,1,31
124,-35.4489,-35.0165,-181.124,28.1664,1,31
124,-34.8712,-35.5918,-181.124,29.1681,1,31
124,-34.5788,-35.8759,-181.124,43.2358,1,31
124,-32.4067,-37.8495,14.1485,480.17,1,31
124,-31.846,-38.3225,-69.4324,115.728,1,31
124,-30.8154,-39.156,-204.152,343.642,1,31
124,-29.9118,-39.8505,-81.0517,397.511,1,31
124,-29.7079,-40.0027,18.4341,288.588,1,31
124,-28.657,-40.7622,-142.394,1530.52,1,31
124,-28.4155,-40.9309,-216.506,1139.44,1,31
124,-28.2851,-41.0211,-45.6787,1186.99,1,31
124,-26.1878,-42.3908,-241.225,167.536,1,31
124,-26.0522,-42.4743,-240.06,21.0277,1,31
124,-23.9367,-43.7014,22.8738,999.668,1,31
124,-23.2184,-44.0872,71.8877,125.703,1,31
124,-23.2184,-44.0872,-55.3981,579.501,1,31
124,-23.2184,-44.0872,-173.405,1846.03,1,31
124,-22.1295,-44.6438,-126.788,148.415,1,31
124,-22.0977,-44.6595,-173.5,1940.59,1,31
124,-21.574,-44.9148,103.863,1154.05,1,31
124,-21.58,-44.912,-296.631,169.803,1,31
124,-20.1704,-45.5624,-168.099,2756.12,1,31
124,-19.7997,-45.7247,23.1351,331.784,1,31
124,-17.8375,-46.5253,-296.574,108.433,1,31
124,-13.584,-47.9401,-303.051,116.786,1,31
124,-12.6007,-48.2079,-205.025,77.7318,1,31
124,-11.0167,-48.5944,46.5833,250.582,1,31
124,-10.4195,-48.7259,46.988,48.2635,1,31
124,-9.4208,-48.9288,7.33113,55.3606,1,31
124,12.6008,-48.2079,-5.4758,195.617,1,31
124,16.5035,-47.015,28.0429,10376.7,1,31
124,16.113,-47.1503,39.5467,180.446,1,31
124,16.8648,-46.8866,-129.64,825.504,1,31
124,16.627,-46.9715,-4.32207,253.416,1,31
124,17.3307,-46.7164,35.4978,2661.85,1,31
124,18.5673,-46.2389,-171.205,787.325,1,31
124,19.9123,-45.6758,-141.443,295.158,1,31
124,22.6786,-44.3673,94.6024,315.65,1,31
124,22.6757,-44.3688,45.7565,187.725,1,31
124,23.8565,-43.7452,105.5,58,1,31
124,23.7914,-43.7807,-104.227,166.284,1,31
124,25.7828,-42.6383,32.0152,185.335,1,31
124,26.9224,-41.9281,-165.409,800.229,1,31
124,27.0867,-41.8221,-25.516,25.1387,1,31
124,27.3183,-41.6712,-294.535,556.879,1,31
124,27.9806,-41.2294,-25.8038,227.358,1,31
124,28.1683,-41.1014,-18.4101,257.817,1,31
124,28.6799,-40.7461,74.9842,139.722,1,31
124,29.7746,-39.9532,-198.44,879.03,1,31
124,30.4619,-39.4316,-283.772,948.971,1,31
124,31.6907,-38.451,37.6333,1140.76,1,31
124,31.8639,-38.3076,-152.845,1124.96,1,31
124,32.4687,-37.7963,91.084,22.1925,1,31
124,32.7101,-37.5876,3.07746,151.02,1,31
124,32.8916,-37.4289,91.7113,263.354,1,31
124,37.7307,-32.545,-45.1104,612.726,1,31
124,39.9135,-29.8277,14.4066,760.001,1,31
124,40.5614,-28.9405,-223.948,26.288,1,31
124,41.0849,-28.1925,80.992,354.572,1,31
124,41.6798,-27.3053,-32.3987,111.001,1,31
124,42.389,-26.1907,51.0977,1379.61,1,31
124,42.8271,-25.4681,-210.501,223.285,1,31
124,43.5525,-24.2065,-264.112,793.803,1,31
124,43.4627,-24.3675,0.533726,478.727,1,31
124,44.8233,-21.7635,-140.844,48.2358,1,31
124,45.0478,-21.295,25.9949,370.063,1,31
124,45.6089,-20.0651,25.8637,602.536,1,31
124,46.0272,-19.0859,57.8496,849.616,1,31
124,46.7598,-17.2134,82.7475,439.911,1,31
124,48.4075,-11.8109,-63.6605,4460.77,1,31
124,48.3757,-11.9403,51.8571,1198.38,1,31
124,48.3589,-12.0082,-69.5386,410,1,31
124,48.6699,-10.678,14.8245,884.944,1,31
124,49.7022,-3.53212,-35.4051,427.803,1,31
124,49.7515,-2.75023,18.4358,85.2692,1,31
124,49.7802,-2.17036,18.2065,224.989,1,31
124,49.8149,-1.12093,-240.06,32.314,1,31
124,49.5848,4.91177,-87.3439,330.626,1,31
124,49.3833,6.63831,-177.143,134.034,1,31
124,49.1208,8.36195,13.8061,1096.55,1,31
124,48.5679,11.133,-234.161,279.685,1,31
124,48.3094,12.2059,-7.284,23.2294,1,31
124,48.2079,12.6008,-6.63598,62.4838,1,31
124,48.2079,12.6008,-26.6406,63.3864,1,31
124,42.7371,25.6188,5.14293,187.778,1,31
124,42.5571,25.9166,-149.737,1347.72,1,31
124,41.8916,26.9792,50.1281,455.783,1,31
124,41.4156,27.7043,84.7945,484.557,1,31
124,41.1618,28.08,-240.036,361.905,1,31
124,40.8303,28.5598,-254.782,1756.29,1,31
124,40.8478,28.5349,99.7489,272.66,1,31
124,40.2594,29.3592,-8.64119,936.103,1,31
124,39.3573,30.5578,100.166,439.011,1,31
124,39.3723,30.5385,95.4944,317.949,1,31
124,39.024,30.9824,-72.776,390.745,1,31
124,38.8402,31.2124,44.5513,797.265,1,31
124,38.5477,31.5729,-34.1013,1680.49,1,31
124,36.4505,33.9726,-19.8777,440.813,1,31
124,36.5074,33.9115,-167.442,241.778,1,31
124,33.6456,36.7526,-57.7532,306.602,1,31
124,33.6155,36.7802,-155.637,407.509,1,31
124,31.6081,38.5189,-27.1357,350.822,1,31
124,30.8547,39.125,-6.02943,681.452,1,31
124,30.5284,39.3801,50.6089,241.299,1,31
124,29.9995,39.7846,-268.008,501.11,1,31
124,28.1385,41.1218,23.3509,549.5,1,31
124,28.1113,41.1404,-32.5998,815.178,1,31
124,25.7557,42.6547,-177.609,1153.51,1,31
124,22.6757,44.3688,-177.801,135.665,1,31
124,16.1702,47.1307,-297.672,687.382,1,31
124,11.7433,48.4239,-265.725,859.812,1,31
124,10.7037,48.6643,-284.796,1053.49,1,31
124,10.1149,48.79,-44.7834,315.467,1,31
124,10.1711,48.7784,-235.934,195.865,1,31
124,9.39495,48.9338,74.1172,295.554,1,31
124,9.30816,48.9504,-44.8712,296.469,1,31
124,6.08933,49.454,30.464,391.494,1,31
124,2.98481,49.738,-35.8739,540.269,1,31
124,2.01269,49.7868,25.788,61.496,1,31
124,-0.622034,49.8236,87.1565,512.728,1,31
124,-1.31034,49.8103,88.5229,815.681,1,31
124,-2.2852,49.7751,37.4206,258.743,1,31
124,-7.18257,49.3071,-82.4097,175.517,1,31
124,-9.60037,48.8939,-292.518,908.441,1,31
124,-14.9278,47.5388,-62.4373,431.695,1,31
124,-16.2886,47.0899,-191.075,846.535,1,31
124,-17.0775,46.8096,21.6474,266.268,1,31
124,-19.4362,45.8804,43.3014,445.268,1,31
124,-19.7744,45.7357,23.9539,528.877,1,31
124,-20.332,45.4905,50.8867,935.829,1,31
124,-21.4988,44.9509,104.27,793.315,1,31
124,-21.4359,44.9809,-19.9051,111.459,1,31
124,-23.6525,43.8559,91.1585,389.893,1,31
124,-23.7577,43.799,-20.852,38.2341,1,31
124,-25.529,42.7908,46.2747,69.3834,1,31
124,-26.3438,42.294,-86.53,963.353,1,31
124,-26.5035,42.1942,-125.494,132.626,1,31
124,-31.8051,38.3564,44.2751,349.232,1,31
124,-32.0217,38.1758,38.5389,461.258,1,31
124,-34.4758,35.975,90.7255,8232.03,1,31
124,-34.4318,36.0171,85.8764,156,1,31
124,-35.5918,34.8712,15.8113,168.07,1,31
124,-37.0982,33.2641,60.207,1330.32,1,31
124,-41.5498,27.5026,-166.695,11683,1,31
124,-41.3902,27.7422,46.686,292.925,1,31
124,-41.4165,27.7029,-77.6274,2340.49,1,31
124,-41.4158,27.704,50.2152,435.731,1,31
124,-41.6716,27.3178,-34.0431,413.701,1,31
124,-42.5788,25.881,-253.118,148.605,1,31
124,-43.5185,24.2677,-209.094,369.539,1,31
124,-44.2852,22.8387,33.2164,3545.16,1,31
124,-44.647,22.1229,101.332,581.013,1,31
124,-44.7957,21.8202,37.3508,525.619,1,31
124,-46.3919,18.1817,-101.085,254.449,1,31
124,-47.0365,16.4422,-1.72232,273.083,1,31
124,-47.2155,15.9211,-221.479,5289.52,1,31
124,-47.2384,15.8528,-47.1002,260.083,1,31
124,-49.1556,8.15512,-197.685,331.562,1,31
124,-49.1626,8.1126,-231.156,52.3574,1,31
124,-49.2534,7.54232,30.8057,294.643,1,31
124,-49.4961,5.73695,-110.711,536.228,1,31
124,-49.701,3.54803,68.3174,1052.61,1,31
124,-49.7624,2.54556,29.7872,5621.7,1,31
124,-49.7455,2.85671,2.01911,263.336,1,31
124,-49.7515,2.75022,8.61263,107.996,1,31
124,-50.839,-0.93596,-39.1043,258.425,0,32
124,-50.6873,-4.03445,37.3845,398.252,0,32
124,-50.4899,-6.02063,40.1671,184.331,0,32
124,-50.5024,-5.91454,218.632,48.5432,0,32
124,-50.0185,-9.14465,74.1435,521.845,0,32
124,-49.6597,-10.9265,267.836,752.35,0,32
124,-49.429,-11.9271,-46.0516,1302.23,0,32
124,-48.4811,-15.3316,191.22,240.593,0,32
124,-48.158,-16.3182,234.311,1537.22,0,32
124,-47.7334,-17.5215,-32.5815,558.224,0,32
124,-46.7797,-19.9282,-60.8758,196.786,0,32
124,-46.0842,-21.4877,-102.203,923.398,0,32
124,-46.1392,-21.3694,124.06,1246.06,0,32
124,-45.4964,-22.7058,305.591,245.843,0,32
124,-44.3319,-24.9031,-51.3318,825.725,0,32
124,-44.0192,-25.4517,-13.1481,729.842,0,32
124,-43.773,-25.8728,207.24,54.2791,0,32
124,-43.6098,-26.1469,-82.143,992.206,0,32
124,-43.0335,-27.085,-66.2133,456.236,0,32
124,-42.9125,-27.2763,-12.6802,310.641,0,32
124,-42.2064,-28.3566,0.513008,476.48,0,32
124,-41.5122,-29.3634,-5.51208,797,0,32
124,-41.0533,-30.0018,61.7064,178.326,0,32
124,-40.4626,-30.7938,26.5566,1037.22,0,32
124,-37.3074,-34.5491,-31.6495,503.999,0,32
124,-37.0249,-34.8516,-25.4286,482.81,0,32
124,-36.6911,-35.2029,248.54,84.4039,0,32
124,-34.8148,-37.0595,-25.5098,667.738,0,32
124,-34.7951,-37.078,-65.9294,134.021,0,32
124,-32.366,-39.2163,179.878,149.139,0,32
124,-27.9607,-42.4697,-94.9664,862.645,0,32
124,-25.4149,-44.0405,178.871,235.186,0,32
124,-24.6759,-44.4587,185.264,9624.06,0,32
124,-24.9721,-44.293,195.883,1139,0,32
124,-24.4873,-44.5629,74.2062,1313.93,0,32
124,-24.6089,-44.4958,195.881,1483,0,32
124,-24.3311,-44.6483,-71.631,305.076,0,32
124,-23.4135,-45.1363,-55.0332,799.589,0,32
124,-22.7203,-45.4892,-55.5611,127.595,0,32
124,-18.8088,-47.241,93.6867,665.46,0,32
124,-17.3884,-47.782,264.83,254.192,0,32
124,-15.5763,-48.4031,-70.17,7706,0,32
124,-15.414,-48.455,8.61178,601.616,0,32
124,-12.3833,-49.3167,-54.294,803.056,0,32
124,-11.3155,-49.5726,151.665,276.066,0,32
124,-10.3136,-49.7906,134.767,327.536,0,32
124,-7.21538,-50.3331,-38.1196,176.883,0,32
124,-6.47678,-50.4334,6.40693,661.798,0,32
124,-6.5338,-50.4261,-94.903,171.432,0,32
124,-3.74324,-50.7096,-9.03586,314.24,0,32
124,-3.57978,-50.7214,3.9629,145.72,0,32
124,-0.31198,-50.8466,7.07507,129.966,0,32
124,3.3313,-50.7384,126.428,53.5393,0,32
124,5.48654,-50.5507,196.827,896.351,0,32
124,8.86653,-50.0686,122.767,323.623,0,32
124,9.0696,-50.0322,51.5151,458.418,0,32
124,11.0335,-49.6361,147.043,269.467,0,32
124,10.9458,-49.6555,211.959,482.021,0,32
124,11.5698,-49.5138,57.6506,280.3,0,32
124,13.6967,-48.9681,-89.0223,285.833,0,32
124,14.8625,-48.627,35.7513,1698.03,0,32
124,15.1648,-48.5336,-30.2337,348.657,0,32
124,19.1178,-47.1168,296.748,420.657,0,32
124,19.2724,-47.0537,125.351,174.382,0,32
124,23.103,-45.296,-76.523,338.645,0,32
124,25.9535,-43.7252,38.2462,490.224,0,32
124,30.1312,-40.9584,140.686,334.573,0,32
124,31.7559,-39.712,115.869,648.669,0,32
124,32.0415,-39.4819,-73.5385,640.473,0,32
124,32.2881,-39.2805,204.325,2677.6,0,32
124,33.6709,-38.1019,202.531,428.556,0,32
124,35.4883,-36.4151,262.486,470.882,0,32
124,36.3211,-35.5845,104.6,227.592,0,32
124,36.5493,-35.35,-96.8557,145.681,0,32
124,37.2763,-34.5826,-41.327,5994.06,0,32
124,37.8735,-33.9275,-98.0433,2665.99,0,32
124,37.9987,-33.7872,-27.7901,4373.27,0,32
124,37.8844,-33.9153,-90.0965,824,0,32
124,38.4337,-33.2916,-53.5412,500.104,0,32
124,39.4618,-32.0663,15.0178,99.1853,0,32
124,39.9424,-31.4656,259.171,608.713,0,32
124,41.2972,-29.6651,124.639,669.192,0,32
124,41.8486,-28.882,-84.247,284.94,0,32
124,43.7023,-25.9921,-42.0569,1502.67,0,32
124,43.857,-25.7302,63.0675,683.859,0,32
124,43.8785,-25.6935,213.493,131.594,0,32
124,44.0872,-25.3337,213.159,47.8864,0,32
124,44.3359,-24.896,79.3885,370.383,0,32
124,44.9802,-23.712,-39.6129,472.542,0,32
124,47.2894,-18.6867,2.30038,713.194,0,32
124,47.787,-17.3748,-43.6595,1105.1,0,32
124,48.4482,-15.4355,99.9405,210.451,0,32
124,48.5625,-15.0719,224.703,460.157,0,32
124,50.1549,-8.36443,-81.8735,327.53,0,32
124,50.1235,-8.55079,28.7382,119.98,0,32
124,50.5964,-5.04836,-53.4905,133.884,0,32
124,50.7194,-3.60803,210.139,216.608,0,32
124,50.8476,0.0433477,-44.1662,72.5271,0,32
124,50.821,1.64296,-28.6852,1003.12,0,32
124,50.8178,1.74056,5.82383,9005.71,0,32
124,50.817,1.76282,184.755,4795.15,0,32
124,50.7318,3.42938,-25.788,25.171,0,32
124,50.5329,5.64833,-57.8762,1066.57,0,32
124,50.2912,7.50166,-86.1284,86.5238,0,32
124,49.9628,9.44467,259.733,4491.57,0,32
124,49.7234,10.6329,-17.5384,357,0,32
124,49.6204,11.1037,-43.9622,915.72,0,32
124,49.5154,11.5632,238.412,5194.18,0,32
124,49.4956,11.6476,246.017,694,0,32
124,48.8644,14.0622,-45.4876,112.904,0,32
124,48.7654,14.402,299.715,341.436,0,32
124,48.36,15.7095,117.057,711.874,0,32
124,48.2257,16.1171,254.479,475.671,0,32
124,48.0556,16.6173,209.888,538.403,0,32
124,47.4505,18.2738,42.8436,600.925,0,32
124,46.2038,21.2295,95.2428,2394.81,0,32
124,46.7622,19.9693,131.606,235.317,0,32
124,43.5537,26.2404,95.1133,5461.81,0,32
124,45.0863,23.5096,245.996,22.1664,0,32
124,44.7897,24.0699,-57.8085,562.507,0,32
124,44.6008,24.4182,71.9946,1078.35,0,32
124,43.1233,26.9417,136.917,330.35,0,32
124,42.2976,28.2205,287.175,594.002,0,32
124,41.2762,29.6943,17.0662,1791.25,0,32
124,38.742,32.9323,-52.6295,1250.66,0,32
124,38.2342,33.5205,9.41521,192.829,0,32
124,37.3864,34.4635,-77.94,57.3362,0,32
124,35.7334,36.1746,13.9043,67.4128,0,32
124,35.1111,36.779,-96.8958,236.314,0,32
124,35.0123,36.873,-44.4135,1141.04,0,32
124,33.3082,38.4193,45.6903,615.592,0,32
124,33.2288,38.488,285.776,343.07,0,32
124,31.069,40.2517,78.7253,535.81,0,32
124,30.3265,40.814,91.1097,321.262,0,32
124,26.5995,43.3353,20.2712,344.1,0,32
124,25.4668,44.0105,59.7165,728.017,0,32
124,24.6855,44.4534,7.10377,131.907,0,32
124,24.2441,44.6957,9.828,21.3944,0,32
124,23.7952,44.9362,9.84878,521.795,0,32
124,20.4159,46.569,112.658,983.624,0,32
124,20.142,46.6881,-49.4375,616.85,0,32
124,19.2659,47.0564,134.226,601.391,0,32
124,16.6395,48.0479,-33.42,22,0,32
124,15.8973,48.2986,-33.1602,560.878,0,32
124,15.9332,48.2868,-31.2667,445.238,0,32
124,14.9472,48.601,294.752,412.775,0,32
124,13.6707,48.9754,116.434,938.748,0,32
124,13.6619,48.9779,-64.796,197.619,0,32
124,9.92603,49.8694,-41.0396,549.637,0,32
124,9.37706,49.9755,-7.91558,421.118,0,32
124,8.55431,50.1229,12.6337,704.809,0,32
124,8.10094,50.1981,22.7515,890.331,0,32
124,6.08519,50.4822,-49.0291,508.973,0,32
124,3.6458,50.7167,-45.1735,554.421,0,32
124,2.91635,50.7639,-27.343,180.309,0,32
124,1.77092,50.8168,-40.9307,1141.33,0,32
124,-0.520002,50.8449,38.0028,92.7825,0,32
124,-2.94492,50.7622,-40.0095,233.263,0,32
124,-4.41605,50.6555,220.804,730.675,0,32
124,-7.48731,50.2933,204.556,440.553,0,32
124,-8.69116,50.0993,129.386,868.065,0,32
124,-9.49354,49.9535,-10.2329,216.898,0,32
124,-13.8886,48.9141,158.58,426.816,0,32
124,-15.1786,48.5293,-18.8841,2973.32,0,32
124,-15.543,48.4138,24.7483,406.602,0,32
124,-15.8726,48.3067,18.513,275.387,0,32
124,-16.6773,48.0348,214.997,167.248,0,32
124,-16.9875,47.926,-6.59094,145.243,0,32
124,-17.1255,47.8769,157.451,443.845,0,32
124,-20.3422,46.6012,117.725,1514.41,0,32
124,-20.353,46.5965,-72.6913,940.28,0,32
124,-21.3756,46.1363,-83.0204,168.534,0,32
124,-24.4615,44.5771,-38.0514,350.11,0,32
124,-24.5756,44.5142,-0.50477,138.048,0,32
124,-27.9724,42.462,-42.3133,896.516,0,32
124,-28.2933,42.2489,-67.1113,867.007,0,32
124,-28.6803,41.9871,-31.3029,114.519,0,32
124,-28.6803,41.9871,35.5152,124.721,0,32
124,-28.6803,41.9871,83.604,34.0832,0,32
124,-30.6793,40.5495,300.575,836.11,0,32
124,-31.9759,39.535,175.972,916.804,0,32
124,-32.4145,39.1763,93.0676,734.812,0,32
124,-32.8312,38.8277,155.645,290.841,0,32
124,-33.0453,38.6457,153.776,166.36,0,32
124,-33.2701,38.4523,-1.68578,212.112,0,32
124,-35.3792,36.5211,169.591,206.895,0,32
124,-36.3032,35.6028,115.98,228.317,0,32
124,-38.2338,33.521,31.2547,286.022,0,32
124,-40.0312,31.3525,303.953,345.143,0,32
124,-42.4546,27.9837,28.2968,1758.25,0,32
124,-42.5562,27.829,-95.9598,168.217,0,32
124,-43.3438,26.5855,47.3695,91.713,0,32
124,-43.9866,25.508,-92.081,3053.14,0,32
124,-44.9385,23.791,118.127,186.837,0,32
124,-45.3204,23.0552,-30.7585,1924.51,0,32
124,-45.9635,21.7448,15.1799,158.78,0,32
124,-46.1856,21.2689,269.74,29.0693,0,32
124,-48.4662,15.3787,-101.899,386.651,0,32
124,-48.3782,15.6534,-53.1506,91.7057,0,32
124,-48.4304,15.491,218.183,895.342,0,32
124,-48.5739,15.0352,-20.2907,588.668,0,32
124,-49.1948,12.8587,-86.42,45.3139,0,32
124,-49.9305,9.61367,-98.1974,385.408,0,32
124,-49.9772,9.36815,-79.8948,660.25,0,32
124,-50.6591,4.3745,-55.9209,2416.74,0,32
124,-50.671,4.2346,65.8409,717.442,0,32
124,-50.713,3.69769,122.037,92.6258,0,32
124,-49.2236,-12.7482,6.99293,283.131,1,32
124,-48.889,-13.9766,47.3705,725.682,1,32
124,-48.8952,-13.9548,95.1607,465.887,1,32
124,-48.0205,-16.7185,54.7967,167.971,1,32
124,-47.502,-18.1393,13.5987,505.737,1,32
124,-47.5763,-17.9436,53.8596,135.63,1,32
124,-47.5181,-18.0971,-32.5539,114.664,1,32
124,-46.8229,-19.8267,-7.89166,176.889,1,32
124,-46.5274,-20.5104,95.324,22,1,32
124,-46.3857,-20.8289,94.4369,184.896,1,32
124,-46.162,-21.3201,-215.106,627.988,1,32
124,-45.3698,-22.9577,101.539,649.785,1,32
124,-44.3272,-24.9115,-130.783,102.027,1,32
124,-43.679,-26.0312,-303.533,254.372,1,32
124,-42.6783,-27.6412,-32.5306,61.4405,1,32
124,-42.5649,-27.8156,-84.2919,58.4095,1,32
124,-42.3359,-28.1629,-85.0804,69.6259,1,32
124,-41.8458,-28.8862,-50.978,449.376,1,32
124,-41.987,-28.6805,41.838,264.185,1,32
124,-41.3918,-29.533,-50.956,29.1542,1,32
124,-40.0421,-31.3386,-34.8382,976.394,1,32
124,-38.1898,-33.571,28.2511,277.445,1,32
124,-37.2436,-34.6178,86.5986,629.063,1,32
124,-36.5305,-35.3695,-38.524,1552.83,1,32
124,-35.2868,-36.6104,-180.7,32.0555,1,32
124,-34.6383,-37.2246,-180.82,385.83,1,32
124,-32.9766,-38.7043,14.4452,878.549,1,32
124,-31.8783,-39.6138,-69.9331,677.15,1,32
124,-30.6533,-40.5691,18.8327,784.357,1,32
124,-30.7738,-40.4778,-79.7369,245.122,1,32
124,-29.6487,-41.309,-213.948,2192.28,1,32
124,-27.7787,-42.589,-142.012,803.727,1,32
124,-25.8728,-43.773,-238.364,25.1387,1,32
124,-24.4267,-44.5961,23.4692,115.214,1,32
124,-24.4267,-44.5961,-173.375,1484.05,1,32
124,-23.3249,-45.1822,71.7268,69.359,1,32
124,-23.3249,-45.1822,-53.5337,777.833,1,32
124,-23.3249,-45.1822,-125.381,164.198,1,32
124,-22.4335,-45.6313,7.16444,482.974,1,32
124,-22.0218,-45.8314,97.9473,444,1,32
124,-21.9392,-45.871,-295.638,871.117,1,32
124,-20.6912,-46.4473,-166.742,2964.15,1,32
124,-19.7464,-46.8568,-13.7388,652.698,1,32
124,-17.2279,-47.8401,77.3084,73.3102,1,32
124,-14.3696,-48.7749,-302.024,806.626,1,32
124,-12.7155,-49.232,-204.975,602.991,1,32
124,-10.5324,-49.7448,47.8665,472,1,32
124,-9.91269,-49.872,61.4371,381.533,1,32
124,-8.75782,-50.0877,7.54257,174.987,1,32
124,-6.9171,-50.3749,-260.726,1761.92,1,32
124,-5.96181,-50.4969,96.9465,769.943,1,32
124,-5.91451,-50.5024,24.0448,248.007,1,32
124,-5.34855,-50.5655,48.15,304.719,1,32
124,-5.4173,-50.5582,-91.787,397.872,1,32
124,-4.94952,-50.6061,46.7202,92.5586,1,32
124,-4.12173,-50.6803,-8.95074,203.351,1,32
124,-2.43346,-50.7893,-64.7787,529.18,1,32
124,-0.0509434,-50.8476,-9.61386,293.157,1,32
124,-0.177308,-50.8473,-100.702,257.187,1,32
124,5.2505,-50.5758,71.0965,1226.84,1,32
124,5.07851,-50.5934,-296.776,1088.24,1,32
124,6.28635,-50.4575,-113.579,348.423,1,32
124,6.23038,-50.4645,-291.609,544.309,1,32
124,6.43002,-50.4394,103.124,303.69,1,32
124,6.4154,-50.4413,-141.449,59.4655,1,32
124,7.135,-50.3445,74.2284,1173.92,1,32
124,9.39926,-49.9713,-32.7123,385.774,1,32
124,12.4558,-49.2984,47.6784,124.34,1,32
124,12.5365,-49.2779,35.5884,584.275,1,32
124,12.7445,-49.2245,-260.227,158.088,1,32
124,12.8587,-49.1948,34.268,21.7647,1,32
124,12.8587,-49.1948,-4.95345,82.6302,1,32
124,15.5306,-48.4178,-130.137,764.969,1,32
124,16.7609,-48.0057,40.4529,1083.1,1,32
124,17.2265,-47.8406,35.0373,2206.63,1,32
124,17.474,-47.7508,26.7131,12329,1,32
124,17.1894,-47.854,-4.27357,1682.73,1,32
124,17.2279,-47.8401,19.264,778,1,32
124,18.7617,-47.2597,-274.861,295.335,1,32
124,19.2964,-47.0439,-169.59,369.153,1,32
124,22.9247,-45.3865,46.2816,329.012,1,32
124,23.4032,-45.1416,105.418,627.812,1,32
124,24.3878,-44.6174,-103.653,108.428,1,32
124,25.4623,-44.0131,-81.0834,521.787,1,32
124,26.3174,-43.5071,-165.704,1809.66,1,32
124,26.3837,-43.467,33.0331,706.232,1,32
124,28.0393,-42.4179,-24.9171,1529.28,1,32
124,28.168,-42.3325,-292.842,1039.51,1,32
124,28.863,-41.8618,81.7679,327.075,1,32
124,29.0176,-41.7547,75.8137,239.618,1,32
124,28.8518,-41.8695,-17.1213,182.048,1,32
124,30.5297,-40.6622,-283.296,2070.58,1,32
124,32.049,-39.4758,39.6425,463.885,1,32
124,32.6167,-39.008,-150.937,304.473,1,32
124,34.0413,-37.7713,4.09087,499.144,1,32
124,34.0723,-37.7433,92.3646,401.728,1,32
124,34.3282,-37.5107,33.4725,1564.52,1,32
124,34.3315,-37.5077,-212.348,838.309,1,32
124,38.1889,-33.5721,-43.3565,627.954,1,32
124,39.4082,-32.1321,-126.522,532.281,1,32
124,40.6946,-30.4865,14.5949,223.198,1,32
124,41.1415,-29.8806,-223.091,281.527,1,32
124,41.7511,-29.0228,81.756,40.2741,1,32
124,42.5667,-27.8128,-32.1582,188.41,1,32
124,43.1566,-26.8884,51.7092,883.188,1,32
124,43.7297,-25.946,-209.745,776.719,1,32
124,44.277,-25.0006,1.77822,533.084,1,32
124,44.8248,-24.0046,-263.653,78.7546,1,32
124,45.7771,-22.1346,27.9287,1155.03,1,32
124,45.7895,-22.1089,-140.844,56.3623,1,32
124,46.3479,-20.9129,27.1966,1879.3,1,32
124,46.8581,-19.7434,58.4957,755.827,1,32
124,47.758,-17.4542,84.1102,603.045,1,32
124,48.5666,-15.0585,-226.683,47.514,1,32
124,48.9339,-13.8184,-42.9961,987.881,1,32
124,49.267,-12.5795,-63.9049,1699.46,1,32
124,49.7069,-10.7099,15.8625,837.292,1,32
124,50.7065,-3.78547,-35.3548,127.312,1,32
124,50.8377,-1.00335,-238.495,402.223,1,32
124,50.5925,5.08744,-85.96,74.6142,1,32
124,50.3827,6.85993,-176.571,81.4821,1,32
124,49.9836,9.33384,15.7964,424.12,1,32
124,49.6744,10.8595,-232.78,235.301,1,32
124,49.2374,12.6949,-25.9486,166.833,1,32
124,43.5171,26.3009,5.16633,217.226,1,32
124,42.6483,27.6875,51.122,87.0848,1,32
124,42.3686,28.1138,85.1056,304.154,1,32
124,42.2204,28.3358,100.986,79.3685,1,32
124,41.9871,28.6803,100.246,102.583,1,32
124,41.6082,29.2274,-253.306,542.299,1,32
124,41.4051,29.5144,-6.40439,256.361,1,32
124,40.9506,30.1417,-8.89623,556.202,1,32
124,40.2261,31.102,101.798,291.005,1,32
124,40.1023,31.2615,97.1018,645.014,1,32
124,39.8857,31.5374,45.7074,271.566,1,32
124,39.7753,31.6765,-32.4003,2208.6,1,32
124,39.9727,31.4271,-71.1012,469.395,1,32
124,37.7794,34.0323,-290.375,1098.27,1,32
124,37.3855,34.4645,-166.746,296.67,1,32
124,36.7727,35.1176,27.1548,712.565,1,32
124,36.9817,34.8974,-19.3792,257.927,1,32
124,36.4657,35.4363,105.5,51,1,32
124,34.7472,37.1229,-56.6112,445.009,1,32
124,34.5484,37.308,-153.984,1063.78,1,32
124,32.3377,39.2397,-26.6288,263.417,1,32
124,31.7432,39.7221,-5.24106,249.872,1,32
124,31.3786,40.0108,51.5949,270.465,1,32
124,30.5399,40.6546,-265.818,456.488,1,32
124,28.894,41.8403,-32.3654,215.837,1,32
124,28.6763,41.9898,23.4656,1940.74,1,32
124,28.6803,41.9871,18.5512,280,1,32
124,26.2444,43.5512,-176.191,2321.41,1,32
124,23.2752,45.2078,-176.591,857.156,1,32
124,16.4009,48.1299,-295.942,1843.96,1,32
124,12.4558,49.2984,-264.439,73.5914,1,32
124,11.2354,49.5908,-283.558,347.804,1,32
124,10.6927,49.7106,-235.608,143.773,1,32
124,9.40935,49.9694,74.6826,69.3051,1,32
124,8.6137,50.1127,-45.0687,185.697,1,32
124,6.44768,50.4371,31.6096,579.631,1,32
124,2.67499,50.7772,-35.692,60.4178,1,32
124,1.80151,50.8157,25.9131,172.902,1,32
124,0.839191,50.8407,-5.02258,301.434,1,32
124,-1.86196,50.8135,39.2199,1782.39,1,32
124,-2.32839,50.7943,90.5024,1337.04,1,32
124,-6.87653,50.3805,-82.6531,86.6053,1,32
124,-10.0153,49.8515,-291.075,342.711,1,32
124,-14.9966,48.5858,-60.3549,362.352,1,32
124,-16.4879,48.1002,-189.685,889.502,1,32
124,-17.2049,47.8484,21.8095,318.237,1,32
124,-19.0455,47.146,49.7395,204.514,1,32
124,-19.8906,46.7958,49.9798,402.331,1,32
124,-19.9086,46.7881,25.3023,270.147,1,32
124,-22.2091,45.741,-19.58,41.1648,1,32
124,-22.7057,45.4965,105.359,97.4438,1,32
124,-23.8436,44.9106,93.6598,935.37,1,32
124,-24.0611,44.7945,-20.428,28.2635,1,32
124,-26.262,43.5406,47.1018,577.301,1,32
124,-26.6241,43.3201,-84.6465,565.395,1,32
124,-26.9393,43.1249,-125.435,67.2929,1,32
124,-29.9859,41.0649,-31.3675,140.69,1,32
124,-32.2607,39.303,46.0374,1442.88,1,32
124,-32.4031,39.1857,40.4636,755.564,1,32
124,-33.3322,38.3985,-213.254,1504.4,1,32
124,-34.7293,37.1397,89.5125,7394.99,1,32
124,-34.8349,37.0407,83.9202,345,1,32
124,-35.1853,36.7079,15.78,242.279,1,32
124,-37.4875,34.3535,62.4685,1431.21,1,32
124,-41.5513,29.3082,48.3523,2214.75,1,32
124,-42.3477,28.1452,-76.625,976.031,1,32
124,-42.3563,28.1323,50.7245,360.093,1,32
124,-43.0331,27.0856,-166.817,11287.6,1,32
124,-42.6783,27.6412,-33.7945,46.3312,1,32
124,-43.1728,26.8624,-252.147,174.584,1,32
124,-44.3948,24.7907,-208.404,70.0293,1,32
124,-45.3325,23.0313,33.1171,3324.55,1,32
124,-45.588,22.5214,101.392,848.143,1,32
124,-45.9702,21.7307,38.4698,385.628,1,32
124,-47.5145,18.1066,-100.666,767.617,1,32
124,-47.8109,17.3088,-0.669183,286.899,1,32
124,-48.1156,16.4429,-227.444,213,1,32
124,-48.1856,16.2365,-46.2552,487.09,1,32
124,-50.1514,8.38542,-230.732,21.137,1,32
124,-50.2982,7.4546,31.482,303.21,1,32
124,-50.7021,3.84428,69.5715,219.143,1,32
124,-50.7448,3.23187,9.91381,398.736,1,32
124,-50.8142,1.8427,27.5285,3827.05,1,32
124,-51.7106,-4.04019,36.7846,148.848,0,33
124,-51.4961,-6.20191,33.1692,216.418,0,33
124,-51.5027,-6.14655,218.012,65.165,0,33
124,-51.4476,-6.59217,40.1649,400.193,0,33
124,-51.3202,-7.51997,-76.9248,3019.55,0,33
124,-51.3223,-7.50571,-74.124,16.3596,0,33
124,-51.3223,-7.5057,-71.7162,246,0,33
124,-51.079,-9.01363,72.2791,560.208,0,33
124,-50.6922,-10.9822,267.356,289.653,0,33
124,-50.2355,-12.9114,-46.14,24.2203,0,33
124,-49.5385,-15.3702,190.026,238.699,0,33
124,-49.2348,-16.317,233.831,204.94,0,33
124,-48.422,-18.591,-33.2836,786.891,0,33
124,-46.9106,-22.1294,-103.504,367.455,0,33
124,-46.8901,-22.1727,123.479,637.339,0,33
124,-46.6881,-22.595,304.34,427.95,0,33
124,-45.3904,-25.1002,-52.0528,648.222,0,33
124,-45.0448,-25.7153,-14.5869,1119.85,0,33
124,-44.5252,-26.6049,-83.4121,372.023,0,33
124,-44.4342,-26.7565,159.5,26.0555,0,33
124,-44.4342,-26.7565,207.412,33.066,0,33
124,-44.2138,-27.1192,159.547,147.779,0,33
124,-44.019,-27.4343,207.608,1553.74,0,33
124,-43.768,-27.8329,-12.3393,669.474,0,33
124,-43.7319,-27.8896,-67.2766,1404.01,0,33
124,-42.1616,-30.2111,-14.586,2709.66,0,33
124,-40.9607,-31.8203,25.2313,578.819,0,33
124,-37.5,-35.8338,-26.6982,513.601,0,33
124,-36.9849,-36.3652,-57.2714,338.087,0,33
124,-35.9678,-37.3715,-27.239,397.239,0,33
124,-35.6883,-37.6385,-66.492,25.0292,0,33
124,-33.208,-39.844,178.361,465.182,0,33
124,-28.7913,-43.1436,280.288,289.958,0,33
124,-28.3344,-43.4451,-96.8572,417.836,0,33
124,-25.6505,-45.0817,177.073,575.616,0,33
124,-25.1729,-45.3502,-54.0751,1185.06,0,33
124,-24.4757,-45.7302,72.3921,654.844,0,33
124,-24.0734,-45.9432,184.959,8825.99,0,33
124,-24.544,-45.6936,-72.428,22.1093,0,33
124,-24.544,-45.6936,-54.62,51.2639,0,33
124,-24.3569,-45.7936,188.923,104,0,33
124,-18.0033,-48.6435,263.009,1968.71,0,33
124,-16.1754,-49.2815,-70.382,7998.72,0,33
124,-15.8451,-49.3887,7.89193,228.438,0,33
124,-12.7768,-50.2699,-55.492,358.216,0,33
124,-11.3287,-50.6159,149.833,924.345,0,33
124,-10.3843,-50.8181,133.877,118.817,0,33
124,-10.223,-50.8508,132.788,23.0693,0,33
124,-7.10111,-51.3798,-38.7407,352.609,0,33
124,-6.49197,-51.4603,-96.2095,977.629,0,33
124,-6.66495,-51.4382,-75.1997,61.6491,0,33
124,-4.23134,-51.6953,3.91544,439.723,0,33
124,-3.63346,-51.7408,-9.13918,537.823,0,33
124,-1.57478,-51.8443,67.4348,551.224,0,33
124,-0.318242,-51.8672,211.008,319.327,0,33
124,3.65916,-51.739,125.9,109.65,0,33
124,5.92966,-51.5281,195.639,222.647,0,33
124,9.62723,-50.9669,50.6989,615.435,0,33
124,10.8488,-50.7209,146.771,178.12,0,33
124,11.5518,-50.5655,211.141,453.897,0,33
124,12.012,-50.4581,57.414,141.972,0,33
124,14.1234,-49.9083,-89.9382,353.472,0,33
124,15.3854,-49.5338,-30.6604,746.757,0,33
124,15.3085,-49.5576,35.3929,132.004,0,33
124,19.6109,-48.0179,241.141,197.287,0,33
124,19.7511,-47.9605,125.156,36.0555,0,33
124,23.5837,-46.1965,-50.0371,238.605,0,33
124,24.0643,-45.948,-77.5434,285.589,0,33
124,24.0982,-45.9302,-49.4394,282.198,0,33
124,26.8996,-44.3477,36.4875,694.013,0,33
124,30.8876,-41.6685,139.777,471.134,0,33
124,32.66,-40.2943,115.716,640.268,0,33
124,32.6675,-40.2882,-74.1444,426.849,0,33
124,32.7958,-40.1839,203.744,592.7,0,33
124,34.1978,-38.9977,201.484,153.556,0,33
124,35.0677,-38.2173,-78.9112,79.2313,0,33
124,35.3792,-37.9292,-79.4184,99.3196,0,33
124,35.6883,-37.6385,-80.2172,110.594,0,33
124,36.1511,-37.1942,101.934,1031.29,0,33
124,36.3795,-36.9708,261.18,197.435,0,33
124,37.1431,-36.2036,-97.4307,204.313,0,33
124,37.4677,-35.8676,-42.9527,6480.43,0,33
124,38.1376,-35.1544,-29.2353,2032.85,0,33
124,38.6559,-34.5836,-97.8798,2139.8,0,33
124,39.2792,-33.8741,-54.7759,515.165,0,33
124,40.1698,-32.813,14.4745,186.416,0,33
124,42.56,-29.6472,-85.5785,453.095,0,33
124,44.4385,-26.7494,212.689,752.254,0,33
124,44.5861,-26.5027,-42.3936,505.152,0,33
124,44.8056,-26.1299,61.3581,523.825,0,33
124,45.0933,-25.6301,78.1157,167.053,0,33
124,45.2859,-25.2883,251.743,96.6747,0,33
124,45.6923,-24.5463,-41.4867,2614.7,0,33
124,48.2721,-18.9766,1.65778,403.249,0,33
124,48.8819,-17.3457,-45.0851,150.813,0,33
124,49.2709,-16.2076,99.5247,84.8355,0,33
124,49.4782,-15.5633,224.165,106.878,0,33
124,50.3968,-12.2667,37.7161,482.056,0,33
124,51.2591,-7.9253,-82.8626,78.9558,0,33
124,51.6434,-4.82412,-54.3474,434.124,0,33
124,51.7586,-3.37045,209.185,180.451,0,33
124,51.8678,-0.208424,-44.1964,141.792,0,33
124,51.8648,0.596711,7.73443,7439.05,0,33
124,51.8492,1.40268,182.752,3685.9,0,33
124,51.7748,3.11187,-27.3881,2063.32,0,33
124,51.3422,7.36788,-86.6758,209.318,0,33
124,51.1621,8.52941,256.96,6404.21,0,33
124,51.2075,8.25235,20.2592,1124,0,33
124,51.158,8.55376,259.564,21.339,0,33
124,51.158,8.55376,264.689,536,0,33
124,51.0602,9.11944,-33.9599,438.952,0,33
124,50.8234,10.3582,-23.668,100.302,0,33
124,50.621,11.3058,237.734,6488.38,0,33
124,50.6259,11.2838,-45.0848,676.139,0,33
124,50.5846,11.4679,242.693,205,0,33
124,50.0175,13.7317,13.22,31.111,0,33
124,49.8421,14.3555,-45.4707,538.896,0,33
124,49.7942,14.5207,298.866,425.8,0,33
124,48.9865,17.0479,208.963,935.665,0,33
124,48.5004,18.3853,40.9576,973.913,0,33
124,48.2335,19.0746,95.3675,2381.87,0,33
124,47.6299,20.5354,130.797,509.884,0,33
124,46.1415,23.6911,245.751,123.011,0,33
124,45.7732,24.3952,-59.0597,736.24,0,33
124,45.6257,24.6699,70.4678,2845.42,0,33
124,43.8331,27.7304,136.24,575.429,0,33
124,42.9196,29.1242,285.452,1776.36,0,33
124,42.6719,29.4859,-60.5798,439.157,0,33
124,42.0261,30.3993,94.9772,1849.64,0,33
124,42.1655,30.2057,17.0153,2103.03,0,33
124,40.2499,32.7147,-19.9258,591.476,0,33
124,39.6812,33.4023,-53.973,198.486,0,33
124,39.2523,33.9053,8.95204,598.613,0,33
124,38.0485,35.2508,-79.0202,911.499,0,33
124,35.6529,37.672,-98.4742,977.472,0,33
124,35.3953,37.9141,-46.2832,2323.96,0,33
124,33.3727,39.7061,45.4983,478.256,0,33
124,33.6545,39.4675,285.699,488.972,0,33
124,31.0769,41.5276,77.9209,1000.32,0,33
124,31.0829,41.5231,90.2418,1648.03,0,33
124,26.3108,44.6996,147.453,377.662,0,33
124,26.2075,44.7602,58.1269,919.239,0,33
124,24.6993,45.6098,7.00621,2845.4,0,33
124,20.9505,47.4488,111.028,635.17,0,33
124,20.1252,47.8047,-50.2738,398.937,0,33
124,16.9735,49.0123,-32.1883,131.903,0,33
124,16.0335,49.3279,-43.3103,472.604,0,33
124,15.6793,49.4416,-32.5861,327.228,0,33
124,14.2467,49.8733,115.762,400.032,0,33
124,10.0278,50.8896,-40.628,158.47,0,33
124,9.93456,50.9079,90.7467,228.903,0,33
124,9.90233,50.9142,-8.67496,336.155,0,33
124,7.58563,51.3105,21.3736,501.294,0,33
124,6.34821,51.4783,-50.3469,560.897,0,33
124,4.33678,51.6866,-45.4338,2237.74,0,33
124,2.78693,51.7933,-27.8197,186.173,0,33
124,0.742567,51.8629,-41.476,32.0139,0,33
124,-0.437664,51.8664,37.9561,291.393,0,33
124,-3.07472,51.777,-41.4063,853.557,0,33
124,-4.56478,51.6669,220.266,955.622,0,33
124,-7.29556,51.3526,203.364,175.764,0,33
124,-8.52106,51.1635,129.123,206.785,0,33
124,-9.08116,51.067,-30.5655,169.144,0,33
124,-9.73229,50.947,-10.3441,378.944,0,33
124,-15.5832,49.4719,-19.8592,1201.96,0,33
124,-15.9456,49.3563,18.068,800.786,0,33
124,-16.06,49.3192,24.7233,668.337,0,33
124,-17.3518,48.8797,214.044,569.617,0,33
124,-17.485,48.8322,-6.78115,620.687,0,33
124,-17.7241,48.7459,155.43,693.216,0,33
124,-20.6049,47.5999,116.526,613.994,0,33
124,-20.7278,47.5465,-73.2435,330.042,0,33
124,-20.8592,47.489,168.113,262.652,0,33
124,-24.4916,45.7217,-37.0552,955.863,0,33
124,-24.9935,45.4493,-0.570837,119.978,0,33
124,-28.1961,43.535,-67.34,22.1404,0,33
124,-28.1961,43.535,-44.2266,51.8044,0,33
124,-28.5513,43.3028,-67.5422,75.4732,0,33
124,-28.8738,43.0884,35.4378,429.312,0,33
124,-29.1051,42.9325,-31.7726,208.825,0,33
124,-29.6054,42.5891,83.18,29.111,0,33
124,-31.391,41.2906,299.433,323.168,0,33
124,-32.1519,40.7009,173.984,1074.42,0,33
124,-32.5239,40.4043,91.7933,464.396,0,33
124,-33.8606,39.2908,-2.42423,286.528,0,33
124,-33.9932,39.1762,152.944,200.583,0,33
124,-37.2866,36.0558,47.9359,357.004,0,33
124,-37.2439,36.0999,114.561,934.817,0,33
124,-38.5244,34.7301,29.0577,1262.99,0,33
124,-40.8127,32.0099,303.587,284.482,0,33
124,-41.0482,31.7073,-76.6774,1467.1,0,33
124,-43.2663,28.6066,-96.0934,291.392,0,33
124,-43.6767,27.976,28.0749,852.199,0,33
124,-44.2138,27.1191,46.8601,72.9036,0,33
124,-44.8631,26.0309,-93.7459,2863.9,0,33
124,-45.6686,24.5904,117.587,602.58,0,33
124,-46.112,23.7485,-30.5709,2588.36,0,33
124,-47.2861,21.3152,268.659,768.53,0,33
124,-49.0123,16.9735,-15.188,25.2791,0,33
124,-49.3611,15.9308,-53.3654,259.209,0,33
124,-49.501,15.4908,-102.79,1154.63,0,33
124,-49.4844,15.5437,216.546,936.134,0,33
124,-49.8004,14.4995,-21.9729,1379.28,0,33
124,-51.6553,4.69501,-56.153,3106.76,0,33
124,-51.6487,4.76714,-47.7746,1043,0,33
124,-51.7076,4.07808,159.827,404.743,0,33
124,-51.7836,2.96159,120.86,576.545,0,33
124,-44.4342,-26.7565,-301.416,530.882,1,33
124,-40.9553,-31.8273,-34.5064,2244.97,1,33
124,-40.9553,-31.8273,-41.473,517,1,33
124,-37.4922,-35.842,-38.3965,1043.08,1,33
124,-34.5651,-38.6725,-180.485,587.343,1,33
124,-33.5614,-39.5467,14.764,81.4749,1,33
124,-32.146,-40.7056,-70.1979,462.963,1,33
124,-32.2481,-40.6247,-202.021,607.905,1,33
124,-31.7645,-41.004,19.3327,113.662,1,33
124,-30.073,-42.2602,-44.9278,714.653,1,33
124,-26.7831,-44.4182,-141.529,798,1,33
124,-26.5139,-44.5794,-173.223,7520.29,1,33
124,-26.2092,-44.7592,-237.516,28.1819,1,33
124,-22.547,-46.7113,104.228,140.388,1,33
124,-22.1331,-46.9088,-293.821,451.203,1,33
124,-21.2766,-47.3034,-297.208,553.993,1,33
124,-21.1667,-47.3527,-165.606,3782.94,1,33
124,-20.7278,-47.5465,23.2238,188.465,1,33
124,-20.6129,-47.5964,-297.048,578.476,1,33
124,-20.172,-47.7849,-12.9987,316.803,1,33
124,-15.1356,-49.6107,-301.4,505.063,1,33
124,-12.8879,-50.2415,-204.97,340.66,1,33
124,-10.6095,-50.7715,61.7502,157.054,1,33
124,-10.2179,-50.8518,48.9613,775.807,1,33
124,-8.2668,-51.2052,7.62019,424.51,1,33
124,-7.39804,-51.3379,-258.798,637.368,1,33
124,-6.95194,-51.4002,23.7571,744.827,1,33
124,-6.79092,-51.4217,-42.3664,678.081,1,33
124,-6.36274,-51.4765,96.5874,997.219,1,33
124,-6.32981,-51.4805,-90.5018,582.421,1,33
124,-5.60096,-51.5649,49.0223,998.809,1,33
124,-4.5317,-51.6699,-8.12901,563.992,1,33
124,-3.00746,-51.7809,-63.0918,401.708,1,33
124,-0.954703,-51.8594,-9.81102,393.582,1,33
124,5.52876,-51.5727,-296.324,733.704,1,33
124,6.00215,-51.5197,71.6941,212.188,1,33
124,6.54553,-51.4535,-112.865,287.813,1,33
124,6.66498,-51.4382,103.38,32.1493,1,33
124,6.77632,-51.4236,-140.844,68.2327,1,33
124,7.42192,-51.3344,75.7333,822.342,1,33
124,7.35744,-51.3437,-291.252,205,1,33
124,8.74383,-51.1259,-32.8967,537.167,1,33
124,11.889,-50.4873,38.0789,404.036,1,33
124,12.294,-50.3902,47.836,35.0694,1,33
124,12.294,-50.3902,37.236,27.3262,1,33
124,12.294,-50.3902,36.1797,44.5057,1,33
124,12.5947,-50.3158,-228.858,484.325,1,33
124,12.7058,-50.2879,36.6658,65.77,1,33
124,12.9398,-50.2282,-39.9093,499.098,1,33
124,12.8835,-50.2427,-131.073,447.85,1,33
124,14.2106,-49.8836,-130.662,716.737,1,33
124,17.5056,-48.8248,41.4459,455.952,1,33
124,17.7616,-48.7323,-4.21484,370.245,1,33
124,18.6421,-48.4023,25.0863,12016.6,1,33
124,18.5681,-48.4307,17.9502,517,1,33
124,19.063,-48.2381,-274.425,439.972,1,33
124,19.3599,-48.1197,-140.072,337.852,1,33
124,20.5331,-47.6309,-167.415,72.3851,1,33
124,23.1905,-46.3952,105.207,699.544,1,33
124,23.159,-46.4109,96.587,643.573,1,33
124,23.2261,-46.3774,47.2974,777.346,1,33
124,25.1506,-45.3625,-102.674,280.433,1,33
124,25.3961,-45.2255,-166.037,330.912,1,33
124,26.0311,-44.8631,-79.2419,791.623,1,33
124,26.9381,-44.3244,34.077,65.5745,1,33
124,27.2998,-44.1025,34.5416,90.2678,1,33
124,28.6359,-43.2469,-22.8417,903.767,1,33
124,28.6379,-43.2456,-24.8127,202.407,1,33
124,29.0294,-42.9838,-290.824,253.118,1,33
124,29.4309,-42.7098,76.244,21.5371,1,33
124,29.5251,-42.6448,-15.4554,660.214,1,33
124,29.7025,-42.5214,-198.775,173.044,1,33
124,30.544,-41.921,-282.795,3216.33,1,33
124,32.3828,-40.5174,41.929,652.083,1,33
124,33.3857,-39.6952,-149.644,85.7463,1,33
124,35.0219,-38.2593,4.88566,120.109,1,33
124,34.9603,-38.3156,-211.936,658.579,1,33
124,35.4006,-37.9092,34.2222,396.94,1,33
124,35.486,-37.8293,5.38691,632.691,1,33
124,38.7601,-34.4669,-42.0615,235.089,1,33
124,39.9562,-33.0728,-125.782,149.317,1,33
124,41.3764,-31.2779,14.9586,423.004,1,33
124,41.8497,-30.6416,-222.268,109.567,1,33
124,42.5428,-29.6719,82.4839,317.419,1,33
124,43.4554,-28.3185,-31.9673,106.128,1,33
124,44.6269,-26.434,-208.656,429.918,1,33
124,45.0775,-25.658,2.72923,131.938,1,33
124,46.0208,-23.9248,-262.865,752.548,1,33
124,46.5954,-22.7856,29.1005,1150.93,1,33
124,46.8049,-22.352,-140.607,238.363,1,33
124,46.9693,-22.0045,29.0104,1031.79,1,33
124,47.5129,-20.8048,59.7033,520.112,1,33
124,49.588,-15.2099,-225.184,88.2628,1,33
124,50.7692,-10.6207,17.0294,708.458,1,33
124,51.7062,-4.09583,19.4773,731.66,1,33
124,51.8613,-0.844076,-237.018,778.913,1,33
124,51.5958,5.30878,-84.8907,230.621,1,33
124,51.383,7.07769,-176.007,215.88,1,33
124,50.8977,9.98663,16.73,626.34,1,33
124,49.9609,13.9361,-4.92025,88.7856,1,33
124,49.9609,13.9361,-241.655,88.3174,1,33
124,44.7592,26.2092,16.302,60.886,1,33
124,44.2915,26.9921,5.14285,74.6192,1,33
124,43.4564,28.3169,52.3218,234.069,1,33
124,43.3445,28.488,85.572,81.2769,1,33
124,43.1857,28.7282,94.2839,629,1,33
124,43.1857,28.7282,88.54,21,1,33
124,43.1321,28.8086,-238.028,293.194,1,33
124,42.488,29.7503,-4.43921,1217.02,1,33
124,42.2084,30.1456,-251.761,705.246,1,33
124,41.8065,30.7007,-8.39759,461.71,1,33
124,40.9599,31.8214,46.9308,188.797,1,33
124,40.9131,31.8815,-31.056,1675.31,1,33
124,40.8247,31.9945,98.3507,221.84,1,33
124,38.8083,34.4126,-289.394,519.968,1,33
124,38.0218,35.2797,28.8145,518.241,1,33
124,37.5477,35.7839,-18.9846,215.233,1,33
124,36.966,36.3844,105.396,212.219,1,33
124,35.7408,37.5886,-55.2746,1174.87,1,33
124,35.5427,37.776,-152.237,1617.94,1,33
124,33.1628,39.8816,-25.6594,1066.15,1,33
124,32.6712,40.2853,-4.24496,1290.49,1,33
124,32.2873,40.5936,52.8239,522.895,1,33
124,26.7565,44.4342,-174.797,843.263,1,33
124,23.9159,46.0254,-174.763,839.76,1,33
124,16.62,49.1334,-294.13,2296.38,1,33
124,12.8325,50.2557,-263.426,347.729,1,33
124,11.7314,50.5241,-282.161,596.471,1,33
124,11.082,50.6705,-235.332,256.92,1,33
124,9.42238,51.0052,74.9909,243.585,1,33
124,1.74101,51.839,25.8581,254.019,1,33
124,1.31535,51.8515,54.8158,260.066,1,33
124,1.37894,51.8499,53.772,2.54037,1,33
124,0.63823,51.8643,54.196,53.3695,1,33
124,0.468285,51.8661,-3.99009,288.596,1,33
124,0.106068,51.8681,53.8777,88.3343,1,33
124,-1.29015,51.8522,41.0396,576.712,1,33
124,-3.57289,51.745,92.6927,928.703,1,33
124,-4.34446,51.6859,93.204,21.0679,1,33
124,-6.4942,51.46,-82.9635,389.917,1,33
124,-10.3742,50.8201,-289.991,284.398,1,33
124,-15.0309,49.6425,-59.0895,481.398,1,33
124,-17.132,48.9572,21.8888,141.056,1,33
124,-18.6638,48.394,48.9066,917.15,1,33
124,-19.4398,48.0875,45.5422,522.675,1,33
124,-20.0831,47.8224,26.5812,518.292,1,33
124,-22.8454,46.5661,-18.9208,207.869,1,33
124,-24.1083,45.925,95.4283,847.117,1,33
124,-24.3634,45.7901,-19.9947,293.677,1,33
124,-27,44.2867,-83.0856,205.63,1,33
124,-27.1192,44.2138,48.26,27.0816,1,33
124,-27.3942,44.0439,-125.417,234.222,1,33
124,-30.5353,41.9274,-31.1674,176.332,1,33
124,-32.8009,40.1797,47.3718,2112.66,1,33
124,-32.9738,40.0379,41.4432,855.57,1,33
124,-34.4731,38.7546,-211.063,676.837,1,33
124,-35.0756,38.2101,88.2302,10379.4,1,33
124,-35.1734,38.1201,15.7287,586.502,1,33
124,-38.1269,35.166,63.524,92.4977,1,33
124,-41.9854,30.4555,49.357,339.569,1,33
124,-43.3846,28.4268,51.0837,77.6527,1,33
124,-43.5913,28.1088,-33.572,49.1631,1,33
124,-43.7963,27.7884,-250.836,725.099,1,33
124,-44.4086,26.799,-166.934,10974.9,1,33
124,-44.4175,26.7842,-173.044,637,1,33
124,-44.8661,26.0259,-166.928,68.4577,1,33
124,-45.1608,25.5111,-207.612,299.539,1,33
124,-46.4534,23.0737,32.9634,2760.06,1,33
124,-46.546,22.8863,101.795,1515.78,1,33
124,-46.566,22.8455,99.14,7.14013,1,33
124,-47.1056,21.711,39.6446,724.306,1,33
124,-48.655,17.9724,0.674761,749.083,1,33
124,-48.9897,17.0387,-223.308,2435.45,1,33
124,-49.1261,16.6414,-45.6686,244.778,1,33
124,-51.0116,9.38773,-196.637,311.92,1,33
124,-51.3876,7.04412,32.2771,218.38,1,33
124,-51.4843,6.29935,-109.544,536.321,1,33
124,-51.7086,4.06543,70.7761,1303.63,1,33
124,-51.7523,3.46481,10.5352,852.583,1,33
124,-51.7528,3.45848,3.51029,598.254,1,33
124,-51.8561,1.12075,24.9766,5997.47,1,33
124,-52.8805,-0.914616,-40.4285,181.775,0,34
124,-52.7422,-3.92962,36.3817,69.6625,0,34
124,-52.4986,-6.40894,217.194,649.844,0,34
124,-52.4799,-6.56069,32.9913,208.29,0,34
124,-52.371,-7.38001,-76.5629,382.199,0,34
124,-52.3926,-7.22495,40.1721,55.2835,0,34
124,-52.3072,-7.81896,40.1923,793.853,0,34
124,-52.1451,-8.83586,70.1994,1341.6,0,34
124,-51.7219,-11.0466,267.024,325.831,0,34
124,-36.9675,-37.8231,-28.6634,789.406,0,34
124,-36.5192,-38.2561,-66.6526,324.722,0,34
124,-33.9684,-40.538,177.095,157.409,0,34
124,-29.8117,-43.6857,280.064,382.842,0,34
124,-28.696,-44.4266,-99.0166,669.744,0,34
124,-27.7208,-45.0415,-52.7869,78.5035,0,34
124,-26.9989,-45.478,-53.1842,169.71,0,34
124,-26.3505,-45.8567,-53.5974,59.6389,0,34
124,-25.9976,-46.0577,175.609,1369.68,0,34
124,-24.8915,-46.6647,-72.9021,207.441,0,34
124,-24.7597,-46.7348,71.4076,266.154,0,34
124,-23.3941,-47.4331,184.662,9301.24,0,34
124,-21.0633,-48.5131,92.1551,344.248,0,34
124,-18.5518,-49.5279,260.923,671.926,0,34
124,-16.8594,-50.1293,-70.9653,7262.6,0,34
124,-16.6928,-50.185,-61.8113,963,0,34
124,-16.2825,-50.3196,7.27531,210.475,0,34
124,-13.1295,-51.2328,-56.7272,1680.93,0,34
124,-9.85198,-51.9627,131.895,571.423,0,34
124,-7.09377,-52.4105,-75.8732,204.308,0,34
124,-6.70708,-52.4614,-39.8799,507.548,0,34
124,-6.48376,-52.4895,-97.2198,389.103,0,34
124,-4.60425,-52.6876,4.5247,1268.79,0,34
124,-3.56698,-52.768,-9.44289,171.303,0,34
124,-1.33301,-52.8716,65.9676,156.385,0,34
124,-0.365961,-52.8871,210.362,555.011,0,34
124,4.15688,-52.7248,125.663,139.555,0,34
124,8.8472,-52.1432,122.397,133.917,0,34
124,10.2382,-51.888,49.9291,390.345,0,34
124,10.6174,-51.8117,146.487,915.966,0,34
124,12.4099,-51.4118,57.1261,163.065,0,34
124,14.5761,-50.8401,-90.9832,296.793,0,34
124,15.5636,-50.5466,-31.121,128.209,0,34
124,15.6045,-50.534,35.1002,192.211,0,34
124,20.1396,-48.9038,125.156,51.1664,0,34
124,21.7289,-48.2187,294.756,52.2219,0,34
124,23.6203,-47.3209,-50.7023,294.052,0,34
124,24.6983,-46.7673,-78.5595,1913.93,0,34
124,28.079,-44.8191,33.7951,1851.97,0,34
124,31.5665,-42.4351,139.095,155.244,0,34
124,33.2906,-41.0964,202.679,705.708,0,34
124,33.3006,-41.0884,-74.6323,166.808,0,34
124,33.6356,-40.8146,115.53,98.2179,0,34
124,34.6612,-39.9473,200.568,932.868,0,34
124,36.7978,-37.9883,-81.7968,813.066,0,34
124,37.7594,-37.0325,-44.3594,1546.88,0,34
124,37.7782,-37.0133,-98.0592,64.9314,0,34
124,38.2618,-36.5133,-30.597,3152.84,0,34
124,39.4358,-35.2421,-97.6953,740.693,0,34
124,40.1181,-34.4633,-56.316,22.0816,0,34
124,40.8532,-33.5887,13.7656,85.7513,0,34
124,41.9613,-32.1937,255.637,360.492,0,34
124,43.0009,-30.7914,123.747,233.123,0,34
124,43.166,-30.5595,-87.621,416.287,0,34
124,44.7773,-28.1456,211.559,415.401,0,34
124,45.4676,-27.0163,-42.5462,715.595,0,34
124,45.8525,-26.3577,60.5346,5515.9,0,34
124,45.8587,-26.347,76.8338,882.044,0,34
124,45.964,-26.1628,250.66,449.399,0,34
124,46.4813,-25.2323,-43.4108,534.689,0,34
124,49.273,-19.2185,0.831301,449.788,0,34
124,50.0678,-17.041,98.722,774.192,0,34
124,50.405,-16.0161,223.671,93.6991,0,34
124,51.4179,-12.3846,36.403,725.013,0,34
124,52.2443,-8.22872,28.7812,113.803,0,34
124,52.3321,-7.65057,-83.9101,665.221,0,34
124,52.6669,-4.83521,-55.0792,227.251,0,34
124,52.7982,-3.08676,208.157,271.39,0,34
124,52.885,-0.598165,9.55253,7297.02,0,34
124,52.8876,-0.290791,-44.177,162.15,0,34
124,52.8781,1.04263,180.879,2897.27,0,34
124,52.7883,3.2522,-28.0401,1547.96,0,34
124,52.3769,7.33792,-87.6195,1255.48,0,34
124,52.2829,7.97992,20.1424,999.029,0,34
124,52.2687,8.07232,255.307,406.998,0,34
124,52.0533,9.36149,-24.516,32.055,0,34
124,51.9217,10.0657,-35.4719,210.593,0,34
124,51.975,9.78703,-34.692,22.8322,0,34
124,51.975,9.78703,-24.2252,73.4495,0,34
124,51.746,10.9331,237.038,5946.4,0,34
124,51.6269,11.4824,-46.7419,1097,0,34
124,51.6269,11.4824,237.312,566.731,0,34
124,50.9579,14.1591,12.4794,106.038,0,34
124,50.8062,14.694,-45.446,369.231,0,34
124,50.8171,14.6562,298.092,163.485,0,34
124,50.419,15.9721,116.494,202.311,0,34
124,49.8393,17.6981,95.448,1120.32,0,34
124,49.9685,17.33,251.145,1043.01,0,34
124,49.9171,17.4777,208.059,733.506,0,34
124,48.5224,21.042,130.085,1624.33,0,34
124,47.1517,23.9562,245.718,169.748,0,34
124,46.7467,24.7372,-59.9201,142.35,0,34
124,46.6156,24.9833,69.3389,2086.04,0,34
124,44.3848,28.7607,135.476,293.112,0,34
124,43.6121,29.9193,284.312,679.669,0,34
124,41.3005,33.0371,-20.2604,774.52,0,34
124,40.6,33.8942,-54.6883,549.378,0,34
124,40.3385,34.2051,8.09715,946.729,0,34
124,38.6095,36.1454,-80.7236,215.385,0,34
124,37.8098,36.9811,12.8357,2349.36,0,34
124,36.1254,38.6282,-100.381,2653.7,0,34
124,35.7927,38.9367,-47.7799,1238.38,0,34
124,34.0366,40.4808,285.643,107.761,0,34
124,33.648,40.8044,45.5494,212.553,0,34
124,32.0371,42.081,88.6898,1667.53,0,34
124,31.4186,42.5447,77.244,24.1387,0,34
124,31.0248,42.8327,77.2253,1185.26,0,34
124,27.0217,45.4644,56.6121,412.726,0,34
124,26.6504,45.683,147.279,386.77,0,34
124,25.5663,46.2985,8.31879,607.939,0,34
124,24.6766,46.7787,5.64399,921.755,0,34
124,20.3128,48.8321,-51.0032,2674.8,0,34
124,18.0036,49.7298,-33.0809,992.506,0,34
124,16.2468,50.3312,-44.4571,201.609,0,34
124,15.2491,50.6423,293.06,29.1803,0,34
124,14.7941,50.7771,114.987,358.32,0,34
124,10.508,51.834,90.0116,235.342,0,34
124,10.3627,51.8633,-9.56464,93.9376,0,34
124,10.2824,51.8792,11.1,63.2291,0,34
124,9.66152,51.9984,-40.0453,436.775,0,34
124,7.13159,52.4054,20.0658,146.061,0,34
124,6.57358,52.4783,-52.4814,726.089,0,34
124,5.06015,52.6458,-45.7074,641.482,0,34
124,2.62302,52.8233,-28.4121,116.541,0,34
124,0.64308,52.8845,-41.9,91.4577,0,34
124,-0.243403,52.8878,37.9513,170.387,0,34
124,-3.19778,52.7916,-42.8976,415.885,0,34
124,-4.75865,52.6739,219.721,516.144,0,34
124,-7.0175,52.4208,201.923,811.791,0,34
124,-8.14452,52.2575,128.75,1554.64,0,34
124,-9.97797,51.9386,-10.6623,375.629,0,34
124,-16.0491,50.3945,-21.227,1028.59,0,34
124,-15.9509,50.4257,17.4843,671.18,0,34
124,-16.5311,50.2385,24.668,117.473,0,34
124,-17.9122,49.7628,213.271,232.872,0,34
124,-18.0053,49.7292,-6.9406,162.365,0,34
124,-18.4102,49.5807,153.045,684.877,0,34
124,-20.4965,48.7553,114.411,1260.05,0,34
124,-21.0604,48.5143,-73.9636,280.729,0,34
124,-21.1429,48.4784,168.033,805.666,0,34
124,-23.5427,47.3595,-84.163,222.035,0,34
124,-24.836,46.6943,-35.964,28.1803,0,34
124,-28.5605,44.5138,-67.7134,349.381,0,34
124,-28.6289,44.4699,-45.485,1002.39,0,34
124,-29.4731,43.9149,-32.3121,90.5898,0,34
124,-30.6188,43.1239,82.5941,212.254,0,34
124,-32.3645,41.8297,172.295,1696.45,0,34
124,-32.2447,41.9221,298.2,1140.83,0,34
124,-32.6747,41.5879,90.6294,241.865,0,34
124,-34.3697,40.1983,-3.10163,1463.15,0,34
124,-35.0737,39.5856,150.517,891.742,0,34
124,-36.1403,38.6143,168.654,655.157,0,34
124,-38.3724,36.397,46.9753,569.671,0,34
124,-38.8031,35.9375,26.873,857.709,0,34
124,-40.6667,33.8143,122.083,308.293,0,34
124,-41.4537,32.8447,302.97,73.4496,0,34
124,-42.0506,32.077,-77.6472,164.844,0,34
124,-44.8557,28.0204,46.4581,57.8464,0,34
124,-45.6776,26.6598,-96.1952,369.763,0,34
124,-46.2817,25.5966,116.676,43.1664,0,34
124,-47.5332,23.19,14.3867,498.548,0,34
124,-48.351,21.4328,267.098,742.887,0,34
124,-48.7374,20.5389,-32.4016,58.8674,0,34
124,-50.1137,16.9056,-15.827,811.356,0,34
124,-50.3861,16.0756,-53.6548,598.273,0,34
124,-50.5178,15.6567,-103.666,739.453,0,34
124,-50.5159,15.6629,221.255,443,0,34
124,-50.9588,14.1559,-23.0665,289.595,0,34
124,-52.0522,9.36771,-81.9922,894.535,0,34
124,-52.6433,5.08583,63.7356,1154.54,0,34
124,-52.6466,5.05191,-56.3933,1368.09,0,34
124,-52.7608,3.67218,158.038,133.579,0,34
124,-52.8279,2.52974,120.26,117.553,0,34
124,-52.5038,-6.36675,-37.5707,61.6159,1,34
124,-50.8012,-14.7113,7.46923,704.563,1,34
124,-50.5886,-15.4266,96.9782,176.621,1,34
124,-50.3199,-16.2817,48.26,22.007,1,34
124,-50.1774,-16.7157,55.9263,1020.06,1,34
124,-49.6785,-18.1448,55.3012,240.996,1,34
124,-49.3982,-18.8946,-32.4145,214.254,1,34
124,-49.1775,-19.4616,-6.31861,79.5123,1,34
124,-49.0098,-19.8801,14.4943,153.872,1,34
124,-48.631,-20.7897,-224.014,783.987,1,34
124,-48.5804,-20.9077,96.823,723.163,1,34
124,-48.236,-21.6903,-212.028,698.665,1,34
124,-47.99,-22.2293,-48.2617,2399.41,1,34
124,-47.0909,-24.0756,103.062,562.71,1,34
124,-45.5212,-26.9259,-51.0928,696.89,1,34
124,-45.1845,-27.4872,-299.921,1485.01,1,34
124,-44.9099,-27.9335,-82.1502,116.905,1,34
124,-44.2251,-29.0056,-32.0471,124.333,1,34
124,-43.4293,-30.1841,40.4314,595.411,1,34
124,-41.9311,-32.233,-33.9872,2487.87,1,34
124,-39.0971,-35.6174,88.2069,1063.65,1,34
124,-39.1104,-35.6028,28.9943,507.69,1,34
124,-36.9644,-37.8261,41.3071,264.782,1,34
124,-33.4683,-40.9518,-180.276,31.2747,1,34
124,-32.9566,-41.3648,-201.107,825.876,1,34
124,-32.6871,-41.5781,19.4931,496.718,1,34
124,-32.7022,-41.5662,-76.9083,851.296,1,34
124,-32.5343,-41.6978,-70.46,99.3606,1,34
124,-28.5075,-44.5478,-173.078,12823.3,1,34
124,-25.0268,-46.5923,8.81968,447.901,1,34
124,-25.0268,-46.5923,-123.225,140.996,1,34
124,-25.0268,-46.5923,-140.852,131.776,1,34
124,-23.4889,-47.3862,-140.844,23.1387,1,34
124,-22.8533,-47.696,-297.485,539.16,1,34
124,-23.1004,-47.5768,104.228,26.2635,1,34
124,-22.4876,-47.8695,-292.716,326.766,1,34
124,-21.6463,-48.2558,-164.691,1243.35,1,34
124,-21.1742,-48.4648,23.2258,231.644,1,34
124,-15.7025,-50.5036,-300.756,348.16,1,34
124,-13.1087,-51.2381,-204.964,260.388,1,34
124,-11.6853,-51.5814,62.2879,575.091,1,34
124,-11.6934,-51.5795,60.556,1.52672,1,34
124,-9.85831,-51.9615,50.2105,1007.12,1,34
124,-8.2449,-52.2418,23.3661,1170.28,1,34
124,-8.00066,-52.2798,-256.725,1767.11,1,34
124,-8.00645,-52.2789,7.82173,167.984,1,34
124,-7.07913,-52.4125,-89.3523,514.11,1,34
124,-6.78168,-52.4518,96.1128,1651.92,1,34
124,-6.58143,-52.4773,-42.476,24.2652,1,34
124,-6.17681,-52.5265,51.0862,287.139,1,34
124,-5.81259,-52.568,-42.2739,691.181,1,34
124,-4.8609,-52.6645,-7.708,21.2602,1,34
124,-3.35277,-52.782,-61.8341,937.221,1,34
124,-2.22123,-52.8417,-10.0351,363.815,1,34
124,-1.58819,-52.8645,-9.95563,133.366,1,34
124,-0.540838,-52.8856,-98.3371,132.299,1,34
124,5.83635,-52.5654,-305.78,141.077,1,34
124,6.99586,-52.4237,72.3204,871.949,1,34
124,6.473,-52.4908,-295.415,237.783,1,34
124,6.86052,-52.4416,-111.877,100.867,1,34
124,7.12986,-52.4056,103.583,204.49,1,34
124,7.31573,-52.38,-140.625,180.704,1,34
124,7.86706,-52.3,77.3087,631.343,1,34
124,8.15408,-52.256,-33.0585,581.152,1,34
124,8.23883,-52.2427,-291.07,106.718,1,34
124,8.95782,-52.1243,-290.915,895.278,1,34
124,11.6865,-51.5811,-131.489,2716.8,1,34
124,11.7201,-51.5735,39.3256,391.275,1,34
124,12.2711,-51.4451,47.9453,85.4161,1,34
124,12.9767,-51.2717,-39.436,1666.87,1,34
124,14.3027,-50.9177,-3.33179,3313.2,1,34
124,14.1913,-50.9489,-255.059,432.329,1,34
124,17.5074,-49.9066,34.6487,1095.67,1,34
124,18.6654,-49.4852,-4.21205,1543.87,1,34
124,18.9486,-49.3775,-139.254,562.48,1,34
124,19.7905,-49.0461,23.6157,9185.52,1,34
124,23.4889,-47.3862,97.7049,67.0161,1,34
124,23.5916,-47.3352,48.3415,408.001,1,34
124,24.3464,-46.9514,-166.494,317.291,1,34
124,25.221,-46.4875,-166.284,93.6502,1,34
124,25.87,-46.1294,-101.796,313.72,1,34
124,26.5928,-45.7166,-77.7698,1189.6,1,34
124,28.1608,-44.7677,35.6426,268.634,1,34
124,29.0091,-44.2228,-21.7408,450.491,1,34
124,29.4281,-43.9451,-24.4924,181.317,1,34
124,30.0098,-43.5499,-288.616,60.5527,1,34
124,30.2182,-43.4056,-14.0194,146.102,1,34
124,30.3496,-43.3138,-282.098,863.531,1,34
124,32.9396,-41.3783,43.0274,230.285,1,34
124,35.5483,-39.16,-211.363,615.16,1,34
124,36.5432,-38.2332,94.4616,1642.03,1,34
124,36.2929,-38.4709,34.8562,1692.86,1,34
124,36.6685,-38.1131,6.11288,1374.44,1,34
124,39.0713,-35.6457,-39.6197,513.189,1,34
124,40.538,-33.9684,-125.338,114.215,1,34
124,42.052,-32.0751,15.1556,234.52,1,34
124,42.4447,-31.5536,-221.953,189.043,1,34
124,43.2458,-30.4464,83.413,432.101,1,34
124,44.3913,-28.7506,-31.876,25.2602,1,34
124,44.6478,-28.3506,53.0125,671.833,1,34
124,45.5299,-26.9112,-208.115,67.3451,1,34
124,45.9193,-26.2412,3.93726,221.689,1,34
124,47.3807,-23.5001,-262.343,504.915,1,34
124,48.2564,-21.6448,60.7079,992.547,1,34
124,49.8331,-17.7157,87.9714,669.052,1,34
124,50.9253,-14.2758,-64.504,3269.49,1,34
124,50.8454,14.5579,-3.81285,270.905,1,34
124,50.8287,14.6159,-241.426,840.596,1,34
124,45.6396,26.7248,17.2854,389.097,1,34
124,45.0457,27.714,5.25998,196.957,1,34
124,44.4949,28.5899,103.457,732.671,1,34
124,44.3272,28.8493,85.8199,174.724,1,34
124,44.2733,28.932,53.5401,79.6497,1,34
124,44.1546,29.1129,-237.092,24.1909,1,34
124,43.5678,29.9838,-2.70504,549.49,1,34
124,42.9391,30.8774,-250.246,308.396,1,34
124,42.6567,31.2664,-7.66192,900.108,1,34
124,42.0979,32.0149,-29.5412,2608.49,1,34
124,41.6898,32.5444,-68.3925,509.743,1,34
124,41.5968,32.6632,99.5442,523.957,1,34
124,39.8102,34.8185,-288.796,600.641,1,34
124,39.45,35.2261,-164.875,260.668,1,34
124,39.4049,35.2766,30.6317,115.81,1,34
124,39.115,35.5978,29.862,57.7401,1,34
124,38.0846,36.698,-18.5987,194.079,1,34
124,36.8518,37.9358,-53.795,964.894,1,34
124,36.5049,38.2697,-150.379,2950.14,1,34
124,34.0021,40.5097,-24.788,441.362,1,34
124,33.55,40.885,-3.40976,453.308,1,34
124,33.2496,41.1296,54.2523,910.361,1,34
124,27.2519,45.3268,-173.137,3410.13,1,34
124,24.4473,46.8989,-173.373,968.398,1,34
124,16.8427,50.1349,-292.657,1452.2,1,34
124,12.3891,51.4169,-280.369,1396.96,1,34
124,11.4823,51.6269,-234.972,22.111,1,34
124,9.3544,52.0546,75.7523,335.188,1,34
124,5.24787,52.6274,-45.548,261.117,1,34
124,4.31116,52.7124,-45.6816,863.202,1,34
124,2.36935,52.8353,-35.4044,562.54,1,34
124,1.51031,52.8668,25.8174,309.426,1,34
124,0.200983,52.888,-3.07176,168.59,1,34
124,-0.453916,52.8865,53.348,72.3207,1,34
124,-0.87619,52.8811,42.5208,256.702,1,34
124,-1.5057,52.867,52.762,2661.81,1,34
124,-4.93391,52.6578,94.9558,703.901,1,34
124,-5.93898,52.5539,96.7966,201.48,1,34
124,-6.21461,52.522,-83.2365,1093.51,1,34
124,-15.1736,50.665,-57.8252,470.151,1,34
124,-16.6238,50.2079,-187.229,917.736,1,34
124,-17.7385,49.825,47.8363,2431.77,1,34
124,-17.2411,49.9993,22.0835,538.827,1,34
124,-19.4201,49.1939,46.7633,270.344,1,34
124,-20.2938,48.84,28.009,444.396,1,34
124,-23.4585,47.4013,-18.4825,308.489,1,34
124,-24.7092,46.7615,-19.4957,310.764,1,34
124,-27.1999,45.358,-80.9311,341.095,1,34
124,-27.8638,44.9532,49.2997,970.64,1,34
124,-31.0695,42.8003,-30.8753,105.553,1,34
124,-33.0576,41.2841,50.242,1215.99,1,34
124,-33.5122,40.916,42.6791,1563.81,1,34
124,-35.3825,39.3098,87.356,7127.18,1,34
124,-35.3909,39.3022,-209.661,1668.14,1,34
124,-42.4289,31.5748,50.3983,442.026,1,34
124,-44.1638,29.0988,-249.1,853.252,1,34
124,-44.5595,28.4891,52.076,48.1787,1,34
124,-44.5974,28.4298,-33.4895,339.403,1,34
124,-45.9291,26.224,-167.017,10627.1,1,34
124,-45.9641,26.1626,-206.366,100.678,1,34
124,-47.494,23.2702,102.052,599.178,1,34
124,-49.4288,18.8144,1.51559,834.106,1,34
124,-49.8405,17.6948,-99.8493,362.405,1,34
124,-49.7885,17.8407,-224.538,1570.42,1,34
124,-50.0177,17.1875,-44.7594,281.505,1,34
124,-51.9207,10.071,-196.218,376.295,1,34
124,-52.1115,9.03188,-229.884,53.2497,1,34
124,-52.4667,6.66554,-108.883,817.499,1,34
124,-52.7158,4.2696,72.1247,823.51,1,34
124,-52.7417,3.93594,11.6938,744.253,1,34
124,-52.7538,3.77053,4.5639,301.224,1,34
124,-52.8858,0.52479,22.753,6926.79,1,34
124,-53.9027,-0.798042,-41.3705,315.61,0,35
124,-53.7815,-3.69989,35.5964,548.394,0,35
124,-53.4939,-6.67397,216.306,185.396,0,35
124,-53.4372,-7.11329,32.8589,148.533,0,35
124,-53.4176,-7.25955,-76.1758,933.623,0,35
124,-53.2414,-8.45496,40.112,50.4283,0,35
124,-53.1935,-8.7513,68.2163,909.742,0,35
124,-53.1705,-8.89026,40.143,171.245,0,35
124,-52.7525,-11.1044,266.762,435.669,0,35
124,-51.6264,-15.5194,187.515,670.797,0,35
124,-51.3188,-16.5081,233.109,226.287,0,35
124,-49.3216,-21.7603,-61.9978,503.299,0,35
124,-48.966,-22.5493,301.939,184.66,0,35
124,-48.5686,-23.393,-105.5,166,0,35
124,-47.6589,-25.1945,-53.5832,247.503,0,35
124,-46.9287,-26.5299,-16.7395,1023.42,0,35
124,-46.3537,-27.5221,159.326,153.926,0,35
124,-45.7604,-28.4977,-1.94338,602.63,0,35
124,-45.661,-28.6568,-11.7986,158.578,0,35
124,-45.3081,-29.2115,-69.1477,1707.55,0,35
124,-44.6607,-30.1921,208.051,414.832,0,35
124,-44.2841,-30.7418,61.1893,183.52,0,35
124,-43.69,-31.5804,-16.1733,885.573,0,35
124,-41.8325,-34.0027,22.6137,451.723,0,35
124,-39.2949,-36.9059,-36.1328,1203.87,0,35
124,-38.5929,-37.6394,-59.167,141.999,0,35
124,-37.4225,-38.8033,-67.2487,494.673,0,35
124,-29.5588,-45.0823,-51.8513,149.154,0,35
124,-29.0851,-45.3894,-100.736,673.098,0,35
124,-28.8661,-45.529,-52.2679,349.791,0,35
124,-26.159,-47.1364,173.801,463.902,0,35
124,-25.2641,-47.6221,-73.4802,321.667,0,35
124,-24.8969,-47.8151,70.4378,2310.5,0,35
124,-22.9756,-48.7674,184.422,9195.4,0,35
124,-22.6375,-48.9252,91.1031,797.016,0,35
124,-22.7494,-48.8733,191.901,765,0,35
124,-19.0781,-50.4199,259.407,392.906,0,35
124,-17.4569,-51.0038,-71.2805,6251.88,0,35
124,-17.2239,-51.083,-62.6327,988,0,35
124,-17.2239,-51.083,-54.62,21,0,35
124,-16.7241,-51.2488,6.74755,378.599,0,35
124,-13.4581,-52.2017,-57.7121,454.139,0,35
124,-9.74051,-53.0213,130.9,282.61,0,35
124,-7.36428,-53.4032,-76.4884,531.735,0,35
124,-6.60485,-53.5025,-40.62,359.84,0,35
124,-6.41789,-53.5252,-97.8071,306.091,0,35
124,-3.9264,-53.7654,4.31351,628.248,0,35
124,-3.63579,-53.7859,-9.676,39.0832,0,35
124,-3.19564,-53.8138,-9.47029,54.4405,0,35
124,-1.116,-53.897,64.6158,198.503,0,35
124,-0.551268,-53.9058,209.762,89.5687,0,35
124,0.920247,-53.9007,5.42474,687.185,0,35
124,0.77181,-53.9031,190.807,203.825,0,35
124,2.53506,-53.849,-43.5563,432.356,0,35
124,4.73507,-53.7002,125.156,23.0416,0,35
124,6.81347,-53.4763,193.398,799.119,0,35
124,8.88417,-53.1715,122.379,251.247,0,35
124,10.454,-52.8853,146.17,874.859,0,35
124,10.6816,-52.8398,49.3853,416.881,0,35
124,12.3487,-52.4752,209.674,80.1494,0,35
124,12.8011,-52.3667,209.462,421.907,0,35
124,12.9918,-52.3197,56.892,32.0832,0,35
124,15.0134,-51.7758,-92.0998,177.101,0,35
124,15.7355,-51.561,-31.3775,680.635,0,35
124,16.0533,-51.4629,34.9861,212.732,0,35
124,19.3134,-50.3302,240.677,196.693,0,35
124,20.7318,-49.7627,125.132,179.664,0,35
124,23.3475,-48.5904,-52.2361,269.659,0,35
124,25.8557,-47.3035,-80.6787,497.273,0,35
124,29.0271,-45.4265,32.0418,845.073,0,35
124,32.2929,-43.166,138.569,128.782,0,35
124,33.6417,-42.1233,201.687,101.414,0,35
124,33.9247,-41.8957,-75.3575,532.322,0,35
124,34.6999,-41.2559,115.091,596.289,0,35
124,35.1898,-40.8389,199.76,1081.56,0,35
124,36.491,-39.6805,98.6272,100.485,0,35
124,36.8766,-39.3224,99.8234,939.816,0,35
124,37.602,-38.6293,-83.1238,141.489,0,35
124,37.5695,-38.661,-37.9227,807,0,35
124,38.5273,-37.7065,-31.5752,1187.79,0,35
124,40.2107,-35.906,-97.5789,1892.26,0,35
124,41.0892,-34.8972,-57.2666,484.696,0,35
124,41.6235,-34.2582,13.3457,149.779,0,35
124,43.8284,-31.388,-89.1303,378.856,0,35
124,43.8881,-31.3044,123.339,1103.65,0,35
124,45.1945,-29.387,210.708,737.243,0,35
124,46.3367,-27.5507,-42.7814,2057.92,0,35
124,46.6611,-26.9978,75.6685,519.204,0,35
124,46.8259,-26.7109,57.4952,496.676,0,35
124,46.7761,-26.7981,250.144,527.179,0,35
124,47.263,-25.9297,-44.9519,437.896,0,35
124,48.2656,-24.0118,-77.8926,218.225,0,35
124,48.3003,-23.942,49.684,41.2097,0,35
124,48.7658,-22.9791,58.332,187.578,0,35
124,48.7798,-22.9492,90.812,31.2464,0,35
124,49.8471,-20.528,129.82,30.0571,0,35
124,50.3049,-19.3793,-0.245181,110.011,0,35
124,50.9404,-17.6412,-47.015,121.879,0,35
124,50.9404,-17.6412,98.2221,55.5035,0,35
124,51.2524,-16.7131,223.21,236.965,0,35
124,53.3023,-8.06255,28.7724,146.954,0,35
124,53.6877,-4.87562,-55.8391,228.094,0,35
124,53.8323,-2.86727,207.186,150.713,0,35
124,53.8731,-1.95639,11.6788,11747.2,0,35
124,53.9076,-0.33076,-44.2524,135.131,0,35
124,53.9054,0.585226,179.03,3863.94,0,35
124,53.8475,2.56494,-30.3766,600.017,0,35
124,53.6304,5.46965,-25.9415,1417.41,0,35
124,53.439,7.09984,-88.4209,920.81,0,35
124,53.3612,7.66319,20.0836,1249.6,0,35
124,53.1705,8.89025,-24.94,50.111,0,35
124,52.8133,10.8115,-36.512,469.719,0,35
124,52.8231,10.7638,236.408,6115.82,0,35
124,52.6309,11.6673,-48.4021,601.919,0,35
124,51.8188,14.8644,12.1231,100.633,0,35
124,51.8061,14.9087,297.509,86.6885,0,35
124,51.4581,16.0685,116.252,53.0725,0,35
124,51.2009,16.8703,95.5641,529.848,0,35
124,50.8644,17.8591,249.789,1204.31,0,35
124,50.844,17.9171,207.508,248.782,0,35
124,49.3768,21.635,129.276,499.175,0,35
124,48.3067,23.9291,245.465,539.263,0,35
124,47.7652,24.9925,-60.8783,172.879,0,35
124,47.6693,25.1749,67.764,354.756,0,35
124,45.1273,29.4901,134.952,399.765,0,35
124,44.7933,29.995,-61.1633,445.783,0,35
124,44.2622,30.7733,282.744,662.565,0,35
124,43.935,31.2386,16.9626,1682.25,0,35
124,41.5448,34.3535,-56.054,138.709,0,35
124,41.4605,34.4552,7.33696,493.741,0,35
124,39.2021,37.0045,-82.4182,667.375,0,35
124,38.7968,37.4292,12.3303,1045.62,0,35
124,36.6493,39.5343,-101.913,1573.92,0,35
124,36.0367,40.0936,-49.8074,1121.53,0,35
124,33.9608,41.8665,45.3848,171.738,0,35
124,31.2266,43.9435,76.6996,630.706,0,35
124,27.9664,46.0871,18.8862,633.728,0,35
124,27.8643,46.1489,55.2282,281.177,0,35
124,26.9807,46.671,146.86,212.589,0,35
124,24.5288,48.0049,4.70329,368.731,0,35
124,20.1128,50.0161,-52.4588,609.399,0,35
124,19.5245,50.2487,133.408,1264.07,0,35
124,19.4241,50.2876,-34.3642,1931.92,0,35
124,16.5244,51.3136,-45.1904,321.592,0,35
124,15.9184,51.5048,113.042,108.867,0,35
124,15.5433,51.6192,113.708,24.2803,0,35
124,15.1941,51.7231,292.59,329.732,0,35
124,15.0087,51.7772,-31.6133,688.336,0,35
124,13.2346,52.2588,-67.5155,416.376,0,35
124,11.1817,52.7362,10.321,1231.17,0,35
124,10.9606,52.7826,89.358,139.989,0,35
124,10.6989,52.8363,-10.0754,255.715,0,35
124,9.69782,53.0291,-39.5491,325.105,0,35
124,6.74977,53.4844,-54.3862,1858,0,35
124,6.74942,53.4844,19.1972,863.196,0,35
124,5.63926,53.6128,-45.8728,867.512,0,35
124,2.40788,53.8548,-29.285,551.627,0,35
124,-0.410416,53.907,-42.4104,544.386,0,35
124,-0.110275,53.9085,37.6853,70.341,0,35
124,-3.63583,53.7859,-44.8045,369.243,0,35
124,-5.25514,53.6518,218.771,265.364,0,35
124,-6.69164,53.4917,200.494,613.219,0,35
124,-7.25787,53.4178,128.151,301.693,0,35
124,-8.92066,53.1654,-31.7517,187.552,0,35
124,-10.2583,52.9236,-11.0391,102.498,0,35
124,-12.7776,52.3724,151.868,25.1387,0,35
124,-16.0784,51.4551,17.0034,504.98,0,35
124,-16.5394,51.3087,-22.4007,983.213,0,35
124,-17.0234,51.1502,24.6967,575.216,0,35
124,-18.5022,50.634,212.767,807.636,0,35
124,-18.8645,50.5002,151.763,4835.55,0,35
124,-20.6305,49.8048,112.905,1037.01,0,35
124,-21.2078,49.5617,-74.63,108.593,0,35
124,-21.4633,49.4516,167.827,183.046,0,35
124,-24.3586,48.0915,-84.7209,192.956,0,35
124,-24.8024,47.8642,-34.9018,334.695,0,35
124,-28.6756,45.6492,-67.8789,88.6242,0,35
124,-29.0781,45.3939,-47.1705,509.197,0,35
124,-29.7176,44.9778,35.1231,313.729,0,35
124,-30.0081,44.7845,-32.8069,285.661,0,35
124,-32.5561,42.9679,170.645,915.695,0,35
124,-32.8533,42.7411,89.5384,636.748,0,35
124,-32.9551,42.6626,297.171,665.569,0,35
124,-34.8604,41.1205,-4.41623,323.504,0,35
124,-36.5356,39.6394,168.171,479.195,0,35
124,-39.4127,36.7801,111.245,1812.14,0,35
124,-39.7415,36.4245,45.8696,824.26,0,35
124,-41.4966,34.4117,121.552,216.681,0,35
124,-42.0052,33.7891,302.103,603.732,0,35
124,-43.1197,32.3547,-78.124,249.335,0,35
124,-43.4274,31.9406,-78.7571,129.724,0,35
124,-44.8331,29.9354,-96.3726,126.91,0,35
124,-45.6167,28.7272,45.8702,151.609,0,35
124,-45.823,28.3969,27.8648,1187.24,0,35
124,-46.9052,26.5714,116.261,182.517,0,35
124,-47.6369,25.2362,-30.2215,3913.83,0,35
124,-47.595,25.315,-24.4657,489,0,35
124,-47.595,25.315,-20.276,21,0,35
124,-47.9329,24.6693,13.8831,149.056,0,35
124,-49.3284,21.7451,265.897,248.155,0,35
124,-49.6775,20.9351,-34.079,208.107,0,35
124,-50.1317,19.823,-57.7618,200.268,0,35
124,-50.7944,18.0574,-68.859,242.399,0,35
124,-51.4099,16.2221,-54.0001,323.909,0,35
124,-51.5207,15.8669,-104.248,488.732,0,35
124,-51.5514,15.7666,213.699,277.153,0,35
124,-51.8055,14.9107,17.0015,1146.84,0,35
124,-51.9539,14.385,-91.0687,131.234,0,35
124,-52.1563,13.6328,-24.516,24.0797,0,35
124,-53.5679,6.05147,61.98,22.0954,0,35
124,-53.6282,5.49081,-56.7411,794.95,0,35
124,-53.6156,5.61303,62.609,149.49,0,35
124,-53.7625,3.96664,-57.3761,140.101,0,35
124,-53.8027,3.37775,156.247,356.22,0,35
124,-53.8696,2.04959,119.46,732.562,0,35
124,-52.186,-13.5188,-22.548,86.2635,1,35
124,-51.4528,-16.0857,7.79406,591.679,1,35
124,-51.3204,-16.5032,98.9587,311.56,1,35
124,-51.2524,-16.713,56.43,558.016,1,35
124,-50.7502,-18.1811,48.781,864.177,1,35
124,-50.2917,-19.4135,-5.88304,248.706,1,35
124,-50.3359,-19.2985,-32.2674,216.131,1,35
124,-49.4075,-21.5646,-222.027,1169.06,1,35
124,-48.8492,-22.8012,-46.0286,1049.7,1,35
124,-47.8248,-24.8782,103.893,118.659,1,35
124,-46.631,-27.0497,-127.7,22.0416,1,35
124,-45.9384,-28.21,-81.2359,233.189,1,35
124,-45.8618,-28.3342,-297.515,645.379,1,35
124,-44.9007,-29.834,-31.4616,408.743,1,35
124,-44.2111,-30.8467,39.8067,251.133,1,35
124,-43.8836,-31.3109,39.356,26.1664,1,35
124,-42.8854,-32.6647,-33.6576,1438.51,1,35
124,-39.6537,-36.5202,-38.0447,1311.47,1,35
124,-37.411,-38.8143,41.6889,181.367,1,35
124,-34.722,-41.2374,15.4093,391.423,1,35
124,-33.4874,-42.2461,-179.87,435.16,1,35
124,-33.5755,-42.1761,-75.7234,3016.94,1,35
124,-33.6582,-42.1102,-199.917,350.522,1,35
124,-32.8176,-42.7685,-179.852,48.2447,1,35
124,-32.7299,-42.8356,-70.6917,149.969,1,35
124,-30.2706,-44.6075,-172.96,17348.1,1,35
124,-30.5886,-44.39,-181.471,835,1,35
124,-26.0904,-47.1745,9.42523,56.3966,1,35
124,-26.0904,-47.1745,-233.7,32.0832,1,35
124,-24.9248,-47.8005,69.5605,352.738,1,35
124,-24.4976,-48.0209,69.8238,270.284,1,35
124,-24.5014,-48.0189,-48.7418,802.234,1,35
124,-24.4335,-48.0535,-297.908,295.76,1,35
124,-23.7082,-48.4155,104.529,236.932,1,35
124,-23.4483,-48.5419,-140.452,187.75,1,35
124,-22.2675,-49.0948,-140.131,534.578,1,35
124,-22.7494,-48.8733,-291.569,208.488,1,35
124,-22.1477,-49.1489,-163.473,2325.54,1,35
124,-21.8504,-49.2818,23.244,80.8804,1,35
124,-16.3858,-51.358,-300.126,83.3654,1,35
124,-13.2551,-52.2536,-204.827,734.953,1,35
124,-12.5871,-52.4185,62.7169,720.217,1,35
124,-9.43668,-53.0762,51.4545,1704.87,1,35
124,-9.39609,-53.0834,23.0668,1272.74,1,35
124,-8.51996,-53.2311,-254.684,1346.3,1,35
124,-7.93831,-53.3209,-88.2376,1826.18,1,35
124,-7.5303,-53.3801,7.93071,271.317,1,35
124,-6.797,-53.4784,52.9864,1159.07,1,35
124,-5.64366,-53.6124,-42.2614,359.759,1,35
124,-5.24347,-53.653,-7.07748,312.5,1,35
124,-3.74274,-53.7785,-60.7601,855.76,1,35
124,-2.9344,-53.8287,-10.2157,301.188,1,35
124,-0.655206,-53.9046,-96.9022,185.356,1,35
124,6.18715,-53.5524,-305.593,159.553,1,35
124,6.89346,-53.466,-295.022,190.122,1,35
124,7.21855,-53.4231,-111.464,99.7635,1,35
124,7.60722,-53.3692,-140.181,1262.35,1,35
124,7.58271,-53.3727,104.029,86.6641,1,35
124,7.74556,-53.3493,73.0009,581.595,1,35
124,8.26182,-53.2718,79.1753,719.03,1,35
124,8.73276,-53.1966,-132.355,1012.4,1,35
124,9.87455,-52.9965,-132.044,249.241,1,35
124,9.91461,-52.989,-290.709,356.795,1,35
124,11.1524,-52.7424,41.5012,1326.68,1,35
124,12.2139,-52.5067,47.9692,401.465,1,35
124,12.599,-52.4157,-227.672,573.346,1,35
124,12.873,-52.349,-38.882,461.006,1,35
124,14.6131,-51.8902,-254.203,570.424,1,35
124,14.8351,-51.8272,-2.65672,1840.13,1,35
124,17.45,-51.0062,34.2168,1196.38,1,35
124,19.3691,-50.3088,-4.18539,653.658,1,35
124,19.4683,-50.2705,-272.802,341.771,1,35
124,20.8486,-49.7139,22.3793,5048.7,1,35
124,20.7318,-49.7627,14.6457,638,1,35
124,23.3475,-48.5905,99.0668,207.633,1,35
124,27.2087,-46.5384,-75.9723,502.372,1,35
124,28.6128,-45.6885,-199.23,275.504,1,35
124,29.1905,-45.3216,37.6364,999.691,1,35
124,29.3183,-45.2391,-20.4032,1825.78,1,35
124,30.0014,-44.789,-281.316,814.81,1,35
124,30.1582,-44.6836,-24.091,171.912,1,35
124,30.5198,-44.4373,-281.77,403.057,1,35
124,30.7933,-44.2483,-287.195,463.095,1,35
124,30.8783,-44.189,-13.1339,562.905,1,35
124,36.0382,-40.0922,-210.718,260.56,1,35
124,37.2321,-38.986,35.5038,953.029,1,35
124,37.7933,-38.4423,95.748,74.177,1,35
124,38.5494,-37.684,7.5502,167.737,1,35
124,39.3775,-36.8178,-37.2809,1439.74,1,35
124,41.0168,-34.9823,-124.223,418.514,1,35
124,42.789,-32.7908,15.593,580.418,1,35
124,43.1498,-32.3146,-221.265,247.884,1,35
124,43.9852,-31.1679,84.2903,337.899,1,35
124,45.3256,-29.1844,-31.3991,303.781,1,35
124,45.3671,-29.1199,53.9198,60.3434,1,35
124,46.4332,-27.3878,-207.615,653.401,1,35
124,46.7231,-26.8902,4.84055,366.409,1,35
124,48.2487,-24.0457,32.1051,1246.18,1,35
124,48.9239,-22.6405,61.6205,730.149,1,35
124,48.7798,-22.9492,-266.981,272,1,35
124,50.8267,-17.9662,89.1933,580.495,1,35
124,51.5576,-15.7465,-222.285,600.761,1,35
124,51.7634,-15.0561,-64.7762,1530.02,1,35
124,52.8693,-10.5346,19.764,171.171,1,35
124,53.6148,-5.62059,20.5526,3383.54,1,35
124,53.9075,-0.345832,-233.528,427.441,1,35
124,53.5969,5.78883,-82.648,504.181,1,35
124,52.6463,11.5976,19.4612,268.213,1,35
124,51.6831,15.3296,-2.84749,722.98,1,35
124,46.4518,27.3563,18.5302,176.99,1,35
124,45.656,28.6647,104.674,529.389,1,35
124,45.8144,28.4109,5.43505,151.728,1,35
124,45.3712,29.1134,86.4371,1691.48,1,35
124,44.6374,30.2264,-0.713532,239.844,1,35
124,43.5191,31.8155,-6.7775,368.125,1,35
124,43.493,31.8512,-248.288,1482.65,1,35
124,43.234,32.2018,-36.5779,739,1,35
124,43.0345,32.4679,48.8215,367.551,1,35
124,42.5639,33.0825,-66.9665,542.494,1,35
124,42.2259,33.5128,101.411,186.037,1,35
124,40.9074,35.1102,-287.879,2412.72,1,35
124,40.4924,35.588,31.661,978.307,1,35
124,40.4061,35.6859,-164.316,243.447,1,35
124,38.5223,37.7116,-18.3946,182.949,1,35
124,37.5695,38.661,104.529,111.565,1,35
124,37.2519,38.967,-149.319,131.835,1,35
124,34.7408,41.2215,-24.1835,286.293,1,35
124,34.3281,41.5658,-2.75163,321.099,1,35
124,34.0749,41.7737,55.4219,445.45,1,35
124,32.061,43.3385,-260.837,288.135,1,35
124,31.2108,43.9548,-31.7066,622.403,1,35
124,29.9153,44.8465,23.9959,132.338,1,35
124,27.7069,46.2435,-171.978,493.633,1,35
124,24.9592,47.7826,-171.471,868.609,1,35
124,17.0452,51.1429,-291.091,696.682,1,35
124,14.4843,51.9263,-259.988,34.3002,1,35
124,12.9336,52.3341,-278.83,431.052,1,35
124,12.0723,52.5395,-234.746,391.328,1,35
124,9.34673,53.0921,76.243,270.519,1,35
124,7.3947,53.399,36.0932,351.365,1,35
124,2.96373,53.8271,-45.8733,772.342,1,35
124,2.00007,53.8715,-35.1235,354.982,1,35
124,1.21391,53.8949,25.79,378.276,1,35
124,0.110245,53.9085,-2.38223,185.703,1,35
124,-0.523257,53.9061,43.9274,330.096,1,35
124,-5.90891,53.5838,-83.6778,148.21,1,35
124,-6.78376,53.4801,98.2205,1148.9,1,35
124,-7.73436,53.3509,99.8643,573.054,1,35
124,-15.1158,51.746,-55.9212,407.512,1,35
124,-16.1878,51.4207,46.618,480.591,1,35
124,-16.7559,51.2384,-186.189,807.016,1,35
124,-17.0148,51.153,46.988,31.182,1,35
124,-17.3647,51.0353,22.2393,189.14,1,35
124,-19.3105,50.3313,48.0822,605.979,1,35
124,-20.244,49.9631,29.8951,476.394,1,35
124,-24.1225,48.2104,-17.9621,352.616,1,35
124,-24.9399,47.7927,-18.9139,811.057,1,35
124,-27.5767,46.3213,-79.3822,717.399,1,35
124,-28.2482,45.9149,-125.269,84.6974,1,35
124,-28.5849,45.706,50.093,693.613,1,35
124,-31.6432,43.6445,-30.5891,203.777,1,35
124,-34.8834,41.1009,15.612,85.4161,1,35
124,-35.6786,40.4125,86.3332,4670.26,1,35
124,-35.392,40.6638,15.7281,252.096,1,35
124,-36.5306,39.6441,-207.507,2839.9,1,35
124,-42.6586,32.9603,51.8444,970.937,1,35
124,-44.5148,30.4068,-247.431,80.1691,1,35
124,-44.7989,29.9867,-247.955,468.767,1,35
124,-45.305,29.2164,-73.3001,154.532,1,35
124,-45.5342,28.8578,-33.3,229.726,1,35
124,-46.7948,26.7653,-205.873,156.08,1,35
124,-47.5372,25.4234,-167.196,12111.3,1,35
124,-47.3863,25.7036,-179.405,1783,1,35
124,-47.3863,25.7036,-192.365,43,1,35
124,-48.4534,23.6306,102.315,344.947,1,35
124,-48.6235,23.2786,32.6885,2291.87,1,35
124,-49.2854,21.8422,41.3039,615.831,1,35
124,-50.1688,19.729,2.86208,689.604,1,35
124,-50.6633,18.4219,-225.475,1993.58,1,35
124,-50.933,17.6625,-43.9588,336.523,1,35
124,-51.0045,17.4551,-99.3289,637.238,1,35
124,-52.8246,10.7565,-195.579,286.918,1,35
124,-53.0792,9.41984,-229.607,187.145,1,35
124,-53.4572,6.96146,-108.165,313.538,1,35
124,-53.5102,6.54167,33.4969,348.363,1,35
124,-53.6916,4.83213,74.3726,116.433,1,35
124,-53.7246,4.45049,13.1763,179.412,1,35
124,-53.7542,4.07756,5.16259,274.58,1,35
124,-53.9058,0.551269,21.7586,108.853,1,35
124,-54.9241,-0.712873,-42.4133,104.512,0,36
124,-54.8154,-3.52555,34.7465,360.237,0,36
124,-54.4855,-6.96329,215.704,203.379,0,36
124,-54.4466,-7.26148,-75.8912,412.57,0,36
124,-54.4084,-7.54269,32.6295,372.926,0,36
124,-54.2538,-8.58406,66.482,916.746,0,36
124,-54.0955,-9.53119,40.1374,645.936,0,36
124,-52.6716,-15.5841,186.366,228.239,0,36
124,-52.385,-16.5218,232.952,123.634,0,36
124,-52.0571,-17.5277,-46.945,1025.09,0,36
124,-50.4271,-21.7776,-35.7111,212.162,0,36
124,-50.1707,-22.362,-62.4215,107.622,0,36
124,-50.0744,-22.5769,301.168,555.451,0,36
124,-49.3627,-24.0933,122.517,971.915,0,36
124,-48.6801,-25.4443,-54.3126,414.811,0,36
124,-47.8742,-26.93,-17.6571,2786.18,0,36
124,-47.2859,-27.95,159.315,661.438,0,36
124,-47.2863,-27.9494,-88.5182,628.628,0,36
124,-47.2473,-28.0152,-3.37356,423.521,0,36
124,-46.6018,-29.0763,-11.5087,424.6,0,36
124,-45.9668,-30.0702,-70.3738,273.378,0,36
124,-45.609,-30.6101,60.9338,153.999,0,36
124,-44.7039,-31.9174,208.424,1220.43,0,36
124,-44.4841,-32.2231,-17.2476,900.452,0,36
124,-42.3244,-35.0115,21.4543,585.81,0,36
124,-39.9849,-37.6612,-37.3249,545.297,0,36
124,-39.3925,-38.2804,-60.556,23.0849,0,36
124,-39.1351,-38.5436,-31.4269,83.5964,0,36
124,-38.3374,-39.3371,-67.764,82.2757,0,36
124,-38.3504,-39.3244,-31.7672,606.545,0,36
124,-35.5653,-41.8602,174.118,386.735,0,36
124,-31.9843,-44.6561,279.55,565.423,0,36
124,-31.3522,-45.1021,-50.9336,75.4463,0,36
124,-30.7776,-45.4961,-51.3207,646.437,0,36
124,-29.5545,-46.3,-101.552,599.644,0,36
124,-26.5208,-48.1021,172.237,1079.87,0,36
124,-25.4368,-48.684,-74.0931,262.923,0,36
124,-25.1512,-48.8322,69.2982,874.945,0,36
124,-22.3828,-50.1615,184.137,7792.06,0,36
124,-19.782,-51.2429,257.121,384.583,0,36
124,-18.1961,-51.8272,-71.7376,6052.04,0,36
124,-18.1872,-51.8304,-63.144,945,0,36
124,-17.0922,-52.2017,6.26152,332.299,0,36
124,-13.7531,-53.1791,-58.6485,227.064,0,36
124,-9.4185,-54.1152,129.563,529.003,0,36
124,-7.68011,-54.3891,-77.5717,311.385,0,36
124,-6.38284,-54.5566,-98.5378,475.175,0,36
124,-6.45019,-54.5487,-41.2776,195.853,0,36
124,-5.94267,-54.6063,-41.9,21.0555,0,36
124,-5.49573,-54.6531,3.71879,186.106,0,36
124,-3.77406,-54.7989,3.58349,139.059,0,36
124,-3.08031,-54.8423,-9.63573,218.201,0,36
124,-0.951846,-54.9205,63.2126,502.204,0,36
124,-0.856609,-54.922,208.828,414.225,0,36
124,0.99981,-54.9196,4.998,983.647,0,36
124,2.79944,-54.8573,-43.5804,438.114,0,36
124,4.96316,-54.704,124.905,220.116,0,36
124,7.18897,-54.4562,192.294,1460.64,0,36
124,9.86883,-54.0349,145.595,331.64,0,36
124,11.1761,-53.7797,48.7063,907.403,0,36
124,13.4647,-53.2528,56.6421,391.08,0,36
124,15.3843,-52.7303,-92.5972,271.942,0,36
124,15.9452,-52.5634,-31.7346,641.941,0,36
124,16.4817,-52.3977,34.6439,80.5531,0,36
124,19.2435,-51.4476,240.484,27.1265,0,36
124,21.1241,-50.7044,124.997,77.4283,0,36
124,23.7893,-49.5099,293.078,330.67,0,36
124,26.8224,-47.9345,-81.7958,154.452,0,36
124,30.1922,-45.8868,29.7917,794.041,0,36
124,34.1923,-42.9889,200.793,432.969,0,36
124,34.527,-42.7206,-76.3591,443.936,0,36
124,35.6856,-41.7576,198.725,631.538,0,36
124,36.7741,-40.8023,97.6182,861.277,0,36
124,37.37,-40.2572,-48.9632,2843.95,0,36
124,37.9569,-39.7044,-47.8415,166.246,0,36
124,38.3351,-39.3393,-33.3366,1748.03,0,36
124,39.2793,-38.3966,-85.6083,1071.01,0,36
124,40.9886,-36.5663,-97.3238,2702.82,0,36
124,41.9357,-35.4762,-58.3345,982.608,0,36
124,42.3706,-34.9555,12.7777,171.264,0,36
124,44.5165,-32.1783,-90.9003,562.913,0,36
124,44.7933,-31.7919,122.557,189.973,0,36
124,45.5894,-30.6393,209.767,1099.79,0,36
124,47.2053,-28.0859,-42.9839,1219.83,0,36
124,47.2939,-27.9365,73.7242,574.254,0,36
124,47.6257,-27.367,249.366,224.135,0,36
124,47.8682,-26.9407,55.8397,474.772,0,36
124,48.0354,-26.6414,-46.3056,89.879,0,36
124,49.1457,-24.5329,-78.5854,525.769,0,36
124,49.2143,-24.395,-57.447,90.151,0,36
124,49.7029,-23.3834,90.1254,89.05,0,36
124,50.4583,-21.7054,37.5104,121.032,0,36
124,50.8462,-20.7804,129.21,459.012,0,36
124,51.0432,-20.2916,128.967,176.404,0,36
124,51.3295,-19.5563,-0.782807,158.701,0,36
124,51.6033,-18.8219,97.3171,129.443,0,36
124,51.8304,-18.1872,97.747,141.624,0,36
124,54.3447,-7.98863,28.8404,732.274,0,36
124,54.4953,-6.88616,-85.9261,621.083,0,36
124,54.7164,-4.82464,-56.315,135.887,0,36
124,54.8359,-3.19166,13.4142,9287.27,0,36
124,54.8569,-2.80741,22.0157,865,0,36
124,54.8611,-2.72377,206.468,270.29,0,36
124,54.9277,0.332725,177.738,4189.03,0,36
124,54.8811,2.28534,-31.8653,511.72,0,36
124,54.5066,6.79624,-25.1068,155.275,0,36
124,54.4821,6.9903,-89.4866,332.668,0,36
124,54.4215,7.44742,-24.5929,412.215,0,36
124,54.3977,7.61923,19.9919,992.987,0,36
124,54.2309,8.72762,-25.1008,454.67,0,36
124,53.9321,10.416,235.686,5139.58,0,36
124,53.98,10.1646,246.226,1871,0,36
124,53.8951,10.6059,250.925,3442,0,36
124,53.6774,11.6575,-50.4893,442.67,0,36
124,53.7143,11.4863,-37.66,52.3397,0,36
124,52.8547,14.9513,297.019,215.401,0,36
124,52.7425,15.3426,11.7162,238.084,0,36
124,52.7238,15.4066,-45.4976,84.6469,0,36
124,52.4301,16.3782,95.59,1027.23,0,36
124,52.5473,15.9982,116.132,119.714,0,36
124,51.7775,18.3373,206.723,886.289,0,36
124,51.6949,18.5687,247.676,1925.61,0,36
124,50.2708,22.1362,128.596,284.207,0,36
124,49.3008,24.2197,245.259,169.835,0,36
124,48.7395,25.3302,66.4499,1173.12,0,36
124,45.8333,30.2733,-61.4483,700.453,0,36
124,45.7905,30.3379,134.522,227.265,0,36
124,44.92,31.6126,281.402,175.759,0,36
124,42.4893,34.8113,-56.8323,1601.27,0,36
124,39.8879,37.764,11.6452,1444.48,0,36
124,39.8329,37.822,-84.1687,387.732,0,36
124,37.1799,40.4329,-103.325,924.941,0,36
124,36.2425,41.2752,-51.8166,2416.85,0,36
124,34.9035,42.4135,285.492,187.839,0,36
124,34.2637,42.932,45.2235,338.572,0,36
124,33.7088,43.3691,86.5342,1050.4,0,36
124,31.0612,45.303,76.0436,403.035,0,36
124,28.5848,46.9049,53.7664,493.78,0,36
124,28.3005,47.077,18.4345,169.392,0,36
124,26.9764,47.848,6.86,37.1942,0,36
124,24.4023,49.2107,3.95062,551.262,0,36
124,20.6704,50.891,-35.5009,456.201,0,36
124,19.9097,51.1934,-53.9342,3711.11,0,36
124,19.8605,51.2125,133.065,1604.55,0,36
124,16.7778,52.3036,-46.0039,952.056,0,36
124,16.4816,52.3977,112.436,26.248,0,36
124,15.4059,52.724,291.722,990.91,0,36
124,14.7584,52.9089,-31.1325,178.654,0,36
124,11.9824,53.6058,9.52832,158.777,0,36
124,11.6155,53.6865,88.3784,843.759,0,36
124,11.0917,53.7972,-10.644,102.657,0,36
124,9.71196,54.0633,-39.0389,576.332,0,36
124,7.01028,54.4795,-56.8511,613.836,0,36
124,6.38147,54.5568,18.1836,721.75,0,36
124,6.20096,54.5776,-46.0627,748.128,0,36
124,2.10069,54.8885,-30.0041,189.102,0,36
124,0.0691012,54.9287,37.6437,120.997,0,36
124,-1.25354,54.9144,-42.9646,370.25,0,36
124,-3.77104,54.7991,-46.1406,909.199,0,36
124,-5.63041,54.6394,218.207,190.784,0,36
124,-6.61236,54.5292,199.141,146.261,0,36
124,-6.83537,54.5017,128.124,24.2495,0,36
124,-7.28102,54.444,127.837,118.628,0,36
124,-8.70749,54.2341,-32.278,156.744,0,36
124,-10.4714,53.9213,-11.1217,183.092,0,36
124,-11.9503,53.613,149.79,709.287,0,36
124,-15.9112,52.5737,16.4606,338.363,0,36
124,-19.2008,51.4635,211.815,1180.17,0,36
124,-19.2534,51.4438,-7.21143,595.336,0,36
124,-19.3579,51.4046,149.626,340.87,0,36
124,-20.5602,50.9356,110.967,2017.49,0,36
124,-21.3883,50.5935,-75.0681,413.589,0,36
124,-21.5382,50.5299,167.98,22.1803,0,36
124,-24.9612,48.9295,-33.7573,495.541,0,36
124,-25.6978,48.5467,-85.4891,597.004,0,36
124,-25.844,48.4691,-0.659652,155.433,0,36
124,-28.7336,46.8139,-68.0554,454.794,0,36
124,-29.3268,46.4446,-49.2814,2564.86,0,36
124,-30.0428,45.9847,34.844,72.1681,0,36
124,-30.4439,45.7202,-33.7068,1940.12,0,36
124,-32.7684,44.0839,81.3226,533.133,0,36
124,-32.8672,44.0103,88.1381,374.93,0,36
124,-32.6825,44.1477,168.865,871.939,0,36
124,-33.6755,43.3949,296.137,398.402,0,36
124,-35.3467,42.0449,-5.30023,596.293,0,36
124,-40.6922,36.8959,108.79,1659.18,0,36
124,-41.1332,36.4036,44.6317,495.41,0,36
124,-42.321,35.0157,121.113,269.415,0,36
124,-42.5827,34.6969,301.32,137.246,0,36
124,-44.3658,32.3857,-79.5631,282.195,0,36
124,-45.5066,30.7622,-96.4708,163.462,0,36
124,-46.9595,28.495,27.685,559.693,0,36
124,-47.5272,27.5378,115.631,1305.27,0,36
124,-48.426,25.9246,-30.0838,1362.56,0,36
124,-48.7011,25.404,13.4139,204.722,0,36
124,-51.0432,20.2916,-57.8841,120.71,0,36
124,-52.4203,16.4096,-54.1097,274.211,0,36
124,-52.6388,15.6946,16.5811,348.232,0,36
124,-52.6111,15.7872,212.187,2817.03,0,36
124,-52.8355,15.0192,-92.3302,407.231,0,36
124,-53.7143,11.4862,22.124,22.0433,0,36
124,-54.5466,6.46767,60.6402,812.375,0,36
124,-54.7906,3.89312,-57.6409,171.425,0,36
124,-54.8496,2.94706,154.504,218.665,0,36
124,-54.9148,1.23569,124.078,360,0,36
124,-54.9148,1.23569,127.7,21,0,36
124,-54.9226,-0.818452,17.8786,309.489,1,36
124,-54.9194,-1.01108,-68.9952,59.3484,1,36
124,-54.6063,-5.94271,-233.951,342.865,1,36
124,-54.444,-7.28103,-34.2433,251.809,1,36
124,-53.1679,-13.7963,-22.5409,541.474,1,36
124,-35.3052,-42.0798,15.6549,396.642,1,36
124,-34.918,-42.4016,20.5113,351.9,1,36
124,-34.3592,-42.8557,-199.259,96.536,1,36
124,-32.9012,-43.9849,-179.544,931.302,1,36
124,-33.007,-43.9056,-71.0398,795.685,1,36
124,-32.2178,-44.4879,-172.852,13945.8,1,36
124,-31.7202,-44.8441,-177.947,300,1,36
124,-26.5841,-48.0671,-121.619,121.121,1,36
124,-25.0732,-48.8722,69.036,84.1909,1,36
124,-24.855,-48.9836,-47.0346,1114.16,1,36
124,-24.1935,-49.3136,104.724,204.207,1,36
124,-23.0568,-49.8552,-290.361,303.697,1,36
124,-22.7227,-50.0084,-161.84,2066.01,1,36
124,-22.362,-50.1707,23.2491,130.788,1,36
124,-21.3313,-50.6176,-9.828,30.2261,1,36
124,-21.2772,-50.6403,-139.827,235.434,1,36
124,-20.2668,-51.0531,-139.572,179.572,1,36
124,-18.5449,-51.7035,-139.29,184.836,1,36
124,-13.6378,-53.2088,63.1725,422.565,1,36
124,-13.4185,-53.2645,-204.721,307.772,1,36
124,-10.7139,-53.8737,22.713,800.941,1,36
124,-9.04347,-54.1791,52.622,223.591,1,36
124,-8.79085,-54.2207,-86.8741,1152.98,1,36
124,-7.6437,-54.3943,95.176,1339.27,1,36
124,-7.34756,-54.4351,54.6203,851.542,1,36
124,-6.89709,-54.494,8.17029,428.8,1,36
124,-5.69862,-54.6323,-6.40144,484.87,1,36
124,-5.27212,-54.6751,-42.2212,66.7113,1,36
124,-4.82464,-54.7164,-42.052,36.0277,1,36
124,-4.34847,-54.7563,-59.29,315.823,1,36
124,-3.61025,-54.8099,-10.4158,127.317,1,36
124,-0.921972,-54.921,-95.5814,98.8622,1,36
124,6.72902,-54.515,-132.888,2018.05,1,36
124,6.61236,-54.5292,-305.125,62.8045,1,36
124,6.89447,-54.4943,-33.2846,301.429,1,36
124,7.431,-54.4237,-110.777,310.855,1,36
124,7.60086,-54.4003,-294.628,255.12,1,36
124,7.76741,-54.3767,104.276,493.196,1,36
124,7.94858,-54.3505,-139.572,21.1648,1,36
124,8.65759,-54.2421,80.8111,927.245,1,36
124,8.49227,-54.2683,73.4411,226.363,1,36
124,8.39297,-54.2837,-139.372,124.946,1,36
124,10.5485,-53.9063,43.6831,372.811,1,36
124,10.7995,-53.8566,-290.525,174.15,1,36
124,11.4753,-53.7167,-290.359,546.928,1,36
124,12.2325,-53.5493,48.0481,138.408,1,36
124,12.8899,-53.3949,-38.5055,1080.05,1,36
124,12.6718,-53.447,-227.227,239.097,1,36
124,15.6008,-52.6667,-1.8994,1376.27,1,36
124,18.5558,-51.6996,-137.838,665.622,1,36
124,19.698,-51.2752,44.6618,136.339,1,36
124,19.7221,-51.266,-271.914,668.56,1,36
124,23.7893,-49.5099,99.8939,220.359,1,36
124,23.7893,-49.5099,-166.916,147.119,1,36
124,28.1436,-47.171,-199.522,1304.14,1,36
124,27.8345,-47.354,-74.2892,746.957,1,36
124,29.6518,-46.2378,-19.1005,453.235,1,36
124,30.1626,-45.9062,39.4587,1311.82,1,36
124,30.1254,-45.9307,-280.959,1333.39,1,36
124,30.9822,-45.3571,-23.82,25.1664,1,36
124,31.555,-44.9605,-11.2778,239.765,1,36
124,31.6069,-44.924,-285.808,290.598,1,36
124,33.6652,-43.403,46.6383,639.518,1,36
124,36.6546,-40.9097,-210.363,461.167,1,36
124,38.3242,-39.3499,36.2083,1220.66,1,36
124,39.4546,-38.2164,97.2358,200.816,1,36
124,39.4845,-38.1855,8.39094,163.65,1,36
124,39.9053,-37.7456,-35.7377,427.521,1,36
124,41.6372,-35.826,-123.301,138.87,1,36
124,43.5427,-33.4842,15.8585,411.659,1,36
124,44.7427,-31.8631,84.9916,104.693,1,36
124,46.2255,-29.6709,-31.028,21.0693,1,36
124,47.3483,-27.8442,-206.712,334.365,1,36
124,47.5134,-27.5616,6.09626,73.8003,1,36
124,48.7602,-25.2904,34.3298,1750.42,1,36
124,49.6107,-23.5783,62.6935,365.198,1,36
124,49.832,-23.1071,-140.293,500.91,1,36
124,50.0201,-22.6971,-260.933,963.977,1,36
124,51.8743,-18.0615,90.8607,388.198,1,36
124,52.5847,-15.8749,-65.0534,806.696,1,36
124,52.5706,-15.9215,-220.271,1137.15,1,36
124,53.919,-10.4834,20.7869,258.172,1,36
124,54.6356,-5.66703,-35.0185,651.779,1,36
124,54.9285,-0.149323,-232.078,226.231,1,36
124,54.6021,5.98074,-80.9254,129.387,1,36
124,54.3596,7.88615,-174.19,380.872,1,36
124,53.5148,12.3825,20.5782,388.129,1,36
124,52.6603,15.6222,-240.908,27.0971,1,36
124,47.2222,28.0575,19.6269,125.949,1,36
124,46.552,29.1559,5.50753,559.241,1,36
124,46.3514,29.4739,86.8773,949.972,1,36
124,46.1844,29.7349,-235.021,569.951,1,36
124,45.8507,30.2469,55.7091,364.534,1,36
124,45.76,30.384,1.0864,723.275,1,36
124,44.2821,32.5001,-27.2179,2235.07,1,36
124,44.3681,32.3826,-6.21495,221.135,1,36
124,44.1228,32.716,-246.321,1195.84,1,36
124,44.0307,32.84,49.4957,195.181,1,36
124,43.4586,33.5934,-65.3374,334.866,1,36
124,42.955,34.235,102.744,244.268,1,36
124,41.9801,35.4236,-286.887,666.783,1,36
124,41.7158,35.7345,33.0602,1053.72,1,36
124,41.3716,36.1325,-163.769,154.036,1,36
124,39.1358,38.5428,-17.884,71.4111,1,36
124,38.0839,39.5826,104.165,400.167,1,36
124,35.5432,41.8789,-23.4233,618.776,1,36
124,35.2891,42.0932,-2.03874,1100.87,1,36
124,34.9749,42.3547,56.4678,1314.6,1,36
124,32.6307,44.186,-258.646,938.908,1,36
124,31.9483,44.6819,-31.4981,495.131,1,36
124,30.2359,45.8579,24.092,22.1526,1,36
124,28.0416,47.2317,-170.326,246.27,1,36
124,25.5174,48.6418,-170.307,131.222,1,36
124,17.0828,52.2048,-289.06,142.697,1,36
124,15.0475,52.8274,-258.481,1290.4,1,36
124,13.5464,53.2321,-277.252,947.095,1,36
124,12.6946,53.4416,-234.181,296.292,1,36
124,9.50137,54.1007,76.668,29.248,1,36
124,2.10798,54.8882,-45.9851,344.174,1,36
124,1.69809,54.9024,-34.9942,293.195,1,36
124,1.25062,54.9145,-46.0983,365.628,1,36
124,1.05275,54.9186,25.8039,1122.42,1,36
124,0.212657,54.9283,46.1554,1085.36,1,36
124,0.399392,54.9272,-46.1911,209.946,1,36
124,-0.337054,54.9277,-1.14653,69.536,1,36
124,-4.15286,54.7715,50.804,37.1248,1,36
124,-5.11454,54.6901,-84.1816,267.297,1,36
124,-5.04846,54.6962,50.3648,116.617,1,36
124,-5.92443,54.6083,49.817,197.092,1,36
124,-8.66553,54.2409,101.344,537.718,1,36
124,-11.4663,53.7186,-285.919,629.877,1,36
124,-11.4863,53.7143,-290.657,150,1,36
124,-15.7488,52.6226,45.8694,681.751,1,36
124,-15.0931,52.8144,-54.0087,253.531,1,36
124,-16.6333,52.3497,-184.448,513.941,1,36
124,-17.2651,52.1448,22.3263,292.754,1,36
124,-19.292,51.4294,49.1936,314.18,1,36
124,-20.5003,50.9598,30.9112,268.992,1,36
124,-24.6336,49.0953,-17.4833,494.758,1,36
124,-25.197,48.8085,-18.1692,76.3238,1,36
124,-27.7557,47.4002,-77.177,263.109,1,36
124,-28.7193,46.8227,-125.305,134.494,1,36
124,-29.2918,46.4667,50.9826,78.9261,1,36
124,-33.9616,43.1714,53.3091,398.544,1,36
124,-34.6009,42.6607,44.6397,692.247,1,36
124,-34.9079,42.4099,15.6234,686.45,1,36
124,-35.835,41.6295,85.0554,5947.72,1,36
124,-35.9629,41.519,80.3436,154,1,36
124,-37.4162,40.2143,-206.09,1210.5,1,36
124,-42.924,34.2737,52.9579,181.111,1,36
124,-43.2983,33.7997,52.4165,273.294,1,36
124,-45.1467,31.288,-246.595,434.569,1,36
124,-46.3465,29.4816,-72.3953,89.6484,1,36
124,-46.566,29.1336,53.1884,717.354,1,36
124,-46.5328,29.1867,-33.0869,752.637,1,36
124,-47.6247,27.3688,-204.668,831.566,1,36
124,-49.0572,24.7093,-167.357,14459.9,1,36
124,-48.8502,25.1161,-173.189,842,1,36
124,-49.2048,24.4142,-179.631,3431,1,36
124,-49.4631,23.8866,102.783,805.347,1,36
124,-50.4701,21.6779,42.6326,1772.03,1,36
124,-51.0231,20.3423,3.73061,349.973,1,36
124,-51.5102,19.0752,-226.56,3378.72,1,36
124,-51.8689,18.0771,-43.2735,331.358,1,36
124,-52.2452,16.959,-98.7443,109.761,1,36
124,-53.7292,11.4163,-195.198,372.4,1,36
124,-54.061,9.72496,-229.242,200.901,1,36
124,-54.4434,7.28575,-107.556,590.183,1,36
124,-54.5558,6.38922,34.4532,66.4854,1,36
124,-54.6984,5.02476,75.3258,228.404,1,36
124,-54.7531,4.38868,6.0478,744.427,1,36
124,-55.9454,-0.630496,-42.8478,110.565,0,37
124,-55.8366,-3.54507,34.1856,70.8248,0,37
124,-55.4945,-7.1168,-75.5296,556.335,0,37
124,-55.4677,-7.32327,215.269,194.497,0,37
124,-55.3601,-8.09622,32.4924,220.056,0,37
124,-55.3236,-8.34236,64.3572,1211.91,0,37
124,-54.9483,-10.5347,40.1035,368.31,0,37
124,-54.766,-11.4446,266.204,2454.78,0,37
124,-54.7595,-11.4757,271.061,262,0,37
124,-53.7251,-15.6175,185.252,543.456,0,37
124,-53.4515,-16.5297,232.641,1036.08,0,37
124,-52.5957,-19.0782,-47.2003,591.21,0,37
124,-51.0282,-22.9438,-36.337,355.467,0,37
124,-51.0462,-22.9037,-62.676,53.1958,0,37
124,-50.1507,-24.8031,122.165,416.632,0,37
124,-49.9503,-25.2043,-55.3005,208.934,0,37
124,-48.8367,-27.2996,-18.8921,1027.81,0,37
124,-48.2809,-28.2709,159.212,311.947,0,37
124,-48.2059,-28.3986,-90.254,783.187,0,37
124,-47.572,-29.4481,-11.2762,395.118,0,37
124,-46.7414,-30.7495,-71.2059,1286.38,0,37
124,-46.7097,-30.7976,60.708,33.0416,0,37
124,-45.2768,-32.868,-18.3285,1407.56,0,37
124,-44.6189,-33.7557,208.727,1512.45,0,37
124,-42.7527,-36.0901,20.228,402.375,0,37
124,-40.681,-38.4102,-38.4308,1027.7,0,37
124,-40.1839,-38.93,-32.938,112.983,0,37
124,-39.1177,-40.0012,-68.0843,488.408,0,37
124,-38.6466,-40.4565,-33.7198,507.939,0,37
124,-36.3926,-42.4955,172.789,1879.88,0,37
124,-33.7866,-44.5955,-49.3734,57.6589,0,37
124,-33.1271,-45.0875,-49.956,57.2987,0,37
124,-32.5909,-45.4766,-50.4049,404.858,0,37
124,-26.809,-49.1077,170.988,249.405,0,37
124,-25.8325,-49.6284,-74.5743,753.761,0,37
124,-25.2002,-49.9524,68.0579,549.848,0,37
124,-21.4738,-51.664,183.837,10373.3,0,37
124,-21.7275,-51.5578,193.937,1343,0,37
124,-20.3298,-52.1248,255.547,869.984,0,37
124,-18.9482,-52.6427,-72.1142,6956.75,0,37
124,-18.7408,-52.7169,-61.0631,1296,0,37
124,-17.5111,-53.1381,5.66407,1562.34,0,37
124,-9.09361,-55.205,127.789,335.516,0,37
124,-7.98691,-55.376,-78.1251,256.632,0,37
124,-6.07512,-55.6182,-99.8818,218.084,0,37
124,-5.94776,-55.632,-42.4091,458.73,0,37
124,-5.70711,-55.6572,3.69896,228.497,0,37
124,-3.0371,-55.8665,-9.86664,510.114,0,37
124,-2.16428,-55.9071,2.84981,124.852,0,37
124,-1.06214,-55.9389,207.866,277.095,0,37
124,-0.724295,-55.9443,61.8338,732.709,0,37
124,3.54506,-55.8366,-43.596,49.0987,0,37
124,5.59104,-55.6689,124.148,1820.93,0,37
124,9.00093,-55.2202,122.188,50.1942,0,37
124,9.67789,-55.1056,145.268,49.4895,0,37
124,13.8423,-54.2096,207.915,444.003,0,37
124,15.9343,-53.632,-93.7773,498.929,0,37
124,16.1711,-53.561,-31.8729,335.474,0,37
124,16.7878,-53.371,34.3662,180.808,0,37
124,19.0122,-52.6196,240.283,252.873,0,37
124,21.5165,-51.6462,124.996,58.3834,0,37
124,25.1988,-49.9531,291.844,643.321,0,37
124,27.6835,-48.6201,-82.918,489.201,0,37
124,31.1058,-46.505,28.0288,1975.27,0,37
124,33.7652,-44.6117,137.544,325.073,0,37
124,34.5787,-43.9842,199.733,573.722,0,37
124,35.1458,-43.5323,-76.7606,702.815,0,37
124,36.069,-42.7705,197.469,456.956,0,37
124,37.4834,-41.5365,-50.5213,4878.52,0,37
124,38.5536,-40.5451,-34.5187,3401.18,0,37
124,41.7674,-37.226,-97.1066,2134.03,0,37
124,42.7702,-36.0694,-59.4684,747.633,0,37
124,43.1276,-35.6412,12.239,343.306,0,37
124,45.0924,-33.1205,-92.9512,559.289,0,37
124,45.5222,-32.5273,208.374,263.311,0,37
124,45.662,-32.3306,122.198,265.337,0,37
124,45.9726,-31.8874,208.859,257.784,0,37
124,48.0744,-28.6207,-43.2331,696.25,0,37
124,48.4153,-28.0401,248.635,687.837,0,37
124,48.81,-27.3472,-47.5429,121.915,0,37
124,48.8612,-27.2557,54.2301,198.9,0,37
124,49.7152,-25.665,-58.436,27.0694,0,37
124,49.8306,-25.4402,47.8356,331.096,0,37
124,49.9286,-25.2474,-80.1606,948.03,0,37
124,49.9299,-25.2448,-58.143,520.468,0,37
124,51.6462,-21.5164,37.582,86.7041,0,37
124,52.0933,-20.4102,128.132,347.763,0,37
124,52.3226,-19.8151,-1.88132,386.188,0,37
124,52.5362,-19.2416,96.6941,520.6,0,37
124,53.1446,-17.4911,-49.2265,326.421,0,37
124,55.3983,-7.8306,28.7936,192.898,0,37
124,55.5692,-6.50789,-86.8933,172.585,0,37
124,55.7489,-4.72783,15.591,13106.6,0,37
124,55.738,-4.85407,-56.9688,389.709,0,37
124,55.8941,-2.47688,205.492,625.841,0,37
124,55.9441,-0.740628,-44.2628,241.358,0,37
124,55.9484,-0.251552,175.475,2183.2,0,37
124,55.921,1.77061,-33.7408,629.239,0,37
124,55.5468,6.69646,-90.4484,439.956,0,37
124,55.4634,7.35549,19.9606,2156.98,0,37
124,55.2091,9.0691,-23.552,469.849,0,37
124,55.0121,10.1962,235.09,3975.44,0,37
124,54.9827,10.3534,240.081,277,0,37
124,54.7035,11.7395,-51.9139,532.555,0,37
124,54.5896,12.2585,-38.7395,531.326,0,37
124,53.9146,14.95,295.89,279.889,0,37
124,53.7709,15.4589,95.6479,326.346,0,37
124,53.7099,15.6695,-45.5426,296.724,0,37
124,53.603,16.0315,10.8274,160.778,0,37
124,53.5853,16.0906,115.959,139.141,0,37
124,52.6753,18.8574,205.509,123.171,0,37
124,52.5546,19.1913,245.83,892.537,0,37
124,51.1068,22.768,127.712,389.113,0,37
124,50.3845,24.3247,245.262,358.021,0,37
124,49.8063,25.4876,64.8659,1423.8,0,37
124,49.786,25.5273,-63.3684,269.327,0,37
124,46.9139,30.4856,-61.9336,481.043,0,37
124,45.7185,32.2508,16.93,2589.8,0,37
124,45.5281,32.519,279.594,375.708,0,37
124,44.8852,33.4007,-21.3347,512.425,0,37
124,43.5854,35.08,6.05984,289.862,0,37
124,43.439,35.2611,-57.8239,127.889,0,37
124,40.9178,38.1579,11.0285,2305.22,0,37
124,40.3019,38.8078,-85.9813,493.919,0,37
124,36.5917,42.3242,-53.4669,898.92,0,37
124,35.3412,43.3739,285.348,122.485,0,37
124,34.5569,44.0013,85.4601,419.951,0,37
124,34.4494,44.0855,45.3038,84.6136,0,37
124,31.3899,46.3137,75.3937,151.139,0,37
124,30.6062,46.8353,75.2867,74.7194,0,37
124,29.4514,47.57,52.1805,697.947,0,37
124,28.6992,48.0275,18.0127,162.758,0,37
124,27.9956,48.4411,6.10595,395.906,0,37
124,27.4224,48.7678,146.196,87.7457,0,37
124,24.5729,50.2639,3.18133,342.154,0,37
124,21.6518,51.5896,-36.2107,227.33,0,37
124,19.9263,52.2803,-54.77,197.344,0,37
124,19.9716,52.2631,132.823,371.778,0,37
124,17.2124,53.2355,111.327,567.729,0,37
124,17.0453,53.2893,-47.0381,528.827,0,37
124,15.5904,53.7329,290.691,175.794,0,37
124,13.1479,54.3822,-68.9154,518.846,0,37
124,11.5598,54.7418,-11.6928,535.231,0,37
124,9.34449,55.1631,-38.2058,1068.38,0,37
124,7.24257,55.4782,-58.4251,319.218,0,37
124,5.87632,55.6395,17.0009,232.294,0,37
124,2.04508,55.9116,-30.645,239.851,0,37
124,0.238058,55.9485,37.5767,212.904,0,37
124,-2.33091,55.9004,-43.5715,1241.99,0,37
124,-4.06751,55.8009,-47.7161,1294.58,0,37
124,-6.10028,55.6154,197.923,691.034,0,37
124,-5.9112,55.6359,217.626,226.184,0,37
124,-6.76098,55.539,127.537,481.14,0,37
124,-8.74737,55.261,-32.6823,255.296,0,37
124,-10.6533,54.9254,-11.3976,237.315,0,37
124,-15.8412,53.6596,15.7486,1111.55,0,37
124,-17.3742,53.183,-24.5982,306.283,0,37
124,-19.7608,52.3431,-7.35823,510.216,0,37
124,-19.7198,52.3586,210.896,690.916,0,37
124,-20.5045,52.0563,108.927,696.709,0,37
124,-21.6652,51.584,-75.7581,466.545,0,37
124,-21.7718,51.5391,167.769,201.648,0,37
124,-25.053,50.0263,-32.756,55.4372,0,37
124,-26.2465,49.4106,-0.66477,505.303,0,37
124,-26.8005,49.1123,-85.996,76.2701,0,37
124,-28.7819,47.9781,-68.4645,1041.5,0,37
124,-29.736,47.3926,-50.3006,487.041,0,37
124,-30.2915,47.0395,34.844,61.2219,0,37
124,-32.5588,45.4996,86.2927,130.786,0,37
124,-32.7978,45.3277,167.207,1573.66,0,37
124,-32.8675,45.2771,87.1542,80.0867,0,37
124,-33.2368,45.0067,86.572,1.01525,0,37
124,-33.9019,44.5079,80.4441,395.952,0,37
124,-34.5606,43.9984,294.681,285.806,0,37
124,-35.7584,43.0306,-6.32366,153.357,0,37
124,-36.2566,42.6116,305.72,347.804,0,37
124,-37.1067,41.8735,167.005,170.008,0,37
124,-41.7131,37.2869,107.336,1344.05,0,37
124,-42.5705,36.3049,43.231,435.685,0,37
124,-43.2078,35.5441,120.566,1778.17,0,37
124,-43.2686,35.4699,300.847,411.796,0,37
124,-45.4769,32.5905,-80.3864,540.059,0,37
124,-46.1742,31.5948,-96.7528,498.908,0,37
124,-47.0842,30.222,45.02,24.2619,0,37
124,-48.1356,28.5177,27.5586,1345.36,0,37
124,-48.1091,28.5623,114.829,378.218,0,37
124,-49.1473,26.7363,-29.923,2220.61,0,37
124,-49.3663,26.3298,13.0279,212.035,0,37
124,-51.361,22.1887,-36.6228,542.821,0,37
124,-51.5333,21.7855,263.154,240.804,0,37
124,-52.9639,18.0309,-69.7012,206.275,0,37
124,-53.3427,16.8774,16.166,637.175,0,37
124,-53.4186,16.6357,-54.3423,368.422,0,37
124,-53.4819,16.4309,-16.7277,358.37,0,37
124,-53.6126,15.9993,-105.399,673.115,0,37
124,-53.6607,15.8371,210.441,2354.22,0,37
124,-53.752,15.5246,-93.6435,1074.06,0,37
124,-54.5133,12.5932,-27.7236,72.5718,0,37
124,-55.2066,9.0839,-85.572,60.5376,0,37
124,-55.4953,7.11057,59.7754,189.443,0,37
124,-55.5937,6.29507,-57.3571,803.001,0,37
124,-55.8302,3.64348,-57.8513,159.918,0,37
124,-55.8899,2.57127,152.569,906.115,0,37
124,-55.9461,0.572165,117.451,489.509,0,37
124,-55.6206,-6.05309,-274.404,30.2741,1,37
124,-53.7466,-15.5434,-22.2537,435.948,1,37
124,-53.454,-16.5215,57.7533,307.225,1,37
124,-53.091,-17.6533,100.497,225.321,1,37
124,-53.0165,-17.8758,7.98,32.2619,1,37
124,-52.7169,-18.7409,56.9737,127.255,1,37
124,-52.6349,-18.9698,8.34822,197.415,1,37
124,-52.6844,-18.8319,-4.3218,147.662,1,37
124,-52.116,-20.3523,-31.876,66.5271,1,37
124,-51.772,-21.2121,49.7252,551.045,1,37
124,-51.8073,-21.1257,100.174,247.519,1,37
124,-51.4389,-22.0075,-207.318,306.967,1,37
124,-51.111,-22.7587,15.7339,861.805,1,37
124,-50.9895,-23.0295,-218.394,940.283,1,37
124,-50.6671,-23.7306,-51.3153,666.108,1,37
124,-49.5035,-26.0709,105.076,41.1942,1,37
124,-48.55,-27.8063,-78.2666,652.069,1,37
124,-48.1594,-28.4774,-126.407,180.691,1,37
124,-46.4548,-31.1808,-30.696,271.377,1,37
124,-45.4817,-32.5838,38.508,55.0832,1,37
124,-41.8189,-37.1682,90.4854,1180.16,1,37
124,-41.6719,-37.3329,-37.7614,1227.4,1,37
124,-40.6657,-38.4264,29.7533,340.909,1,37
124,-38.427,-40.6652,42.5664,145.392,1,37
124,-35.8565,-42.9489,15.8982,242.809,1,37
124,-34.6055,-43.963,-172.664,16883.3,1,37
124,-35.1275,-43.5471,-198.298,500.424,1,37
124,-34.5117,-44.0367,-180.784,846,1,37
124,-33.3336,-44.9351,-71.308,57.2929,1,37
124,-32.0283,-45.8746,-179.209,941.805,1,37
124,-28.3585,-48.2295,11.1704,213.789,1,37
124,-24.7777,-50.1633,104.879,308.367,1,37
124,-23.3201,-50.8573,-160.634,1640.26,1,37
124,-23.2712,-50.8797,-288.999,159.67,1,37
124,-22.8217,-51.0829,23.3763,137.737,1,37
124,-22.0556,-51.4183,-8.84232,251.408,1,37
124,-18.525,-52.7931,-138.984,77.4422,1,37
124,-18.5251,-52.7931,-298.814,74.519,1,37
124,-18.0925,-52.9429,86.2967,137.336,1,37
124,-17.9972,-52.9754,-138.874,252.47,1,37
124,-16.3438,-53.5086,-138.509,2381.95,1,37
124,-13.973,-54.1761,-137.961,341.968,1,37
124,-13.6133,-54.2676,-204.685,713.016,1,37
124,-11.9852,-54.6502,22.3932,673.098,1,37
124,-11.3581,-54.784,22.6096,408.883,1,37
124,-9.87928,-55.0699,-85.3364,424.462,1,37
124,-8.69815,-55.2687,53.6143,1201.3,1,37
124,-8.13278,-55.3548,94.7009,929.811,1,37
124,-6.08171,-55.6175,-5.67551,2629.01,1,37
124,-6.02806,-55.6233,8.37438,693.034,1,37
124,-5.03522,-55.722,-10.676,66.1697,1,37
124,-4.89486,-55.7345,-57.5724,322.427,1,37
124,-4.7145,-55.75,-42.052,97.2326,1,37
124,-4.45814,-55.7711,-10.4987,126.761,1,37
124,-1.03489,-55.9394,-93.7215,1499.78,1,37
124,1.73385,-55.9221,-134.185,2704.78,1,37
124,6.37749,-55.5843,-33.317,123.131,1,37
124,6.82756,-55.5308,-304.541,805.365,1,37
124,7.76448,-55.4076,-110.074,794.37,1,37
124,8.09619,-55.3601,104.554,184.808,1,37
124,7.98208,-55.3767,-294.172,153.857,1,37
124,8.70483,-55.2677,-139.014,373.578,1,37
124,9.11573,-55.2014,82.7126,1481.42,1,37
124,9.38797,-55.1557,73.8043,866.033,1,37
124,10.2662,-54.999,44.9461,239.793,1,37
124,12.0744,-54.6306,48.26,74.319,1,37
124,12.8872,-54.4446,-38.1084,651.042,1,37
124,12.7441,-54.4782,-226.884,1337.45,1,37
124,16.3183,-53.5164,-1.19709,1757.09,1,37
124,17.3517,-53.1903,33.6139,2257.8,1,37
124,18.2777,-52.8793,-137.111,207.935,1,37
124,19.9968,-52.2534,-270.984,279.926,1,37
124,20.6898,-51.9829,45.8571,332.323,1,37
124,21.3274,-51.7246,-167.578,417.819,1,37
124,24.8482,-50.1284,17.1754,525.535,1,37
124,26.8774,-49.0703,-199.78,41.2896,1,37
124,28.005,-48.4356,-99.6184,537.716,1,37
124,28.4686,-48.1646,-72.375,297.889,1,37
124,29.934,-47.2678,-17.8784,109.122,1,37
124,30.2196,-47.0857,-280.561,900.814,1,37
124,30.4426,-46.9419,79.0477,165.876,1,37
124,31.7829,-46.0449,-23.4912,139.598,1,37
124,32.2489,-45.7198,-10.0249,190.913,1,37
124,32.5809,-45.4838,-283.888,190.816,1,37
124,33.994,-44.4375,48.6191,816.724,1,37
124,37.2535,-41.7429,-209.994,316.369,1,37
124,40.2741,-38.8367,-34.2465,709.093,1,37
124,41.0169,-38.0514,9.55512,613.528,1,37
124,42.0908,-36.8599,-122.887,110.786,1,37
124,44.2047,-34.2963,16.2475,459.881,1,37
124,44.4182,-34.0194,-220.175,362.575,1,37
124,46.8084,-30.6474,54.7668,159.248,1,37
124,47.2074,-30.0292,-30.8578,109.666,1,37
124,48.3068,-28.2267,7.15778,428.004,1,37
124,49.4839,-26.1081,35.7703,1537.27,1,37
124,50.3376,-24.4217,63.3575,505.586,1,37
124,50.8153,-23.4116,-140.12,309.615,1,37
124,51.2471,-22.4504,-260.24,241.311,1,37
124,52.9102,-18.1879,92.5972,2157.19,1,37
124,53.4194,-16.6332,-65.2983,837.371,1,37
124,53.5809,-16.1053,-218.344,392.25,1,37
124,54.986,-10.3356,22.5567,307.411,1,37
124,55.6078,-6.16973,-34.9355,215.849,1,37
124,55.6075,6.17235,-79.852,289.357,1,37
124,55.3611,8.08917,-173.675,689.58,1,37
124,54.3879,13.1242,21.9188,396.151,1,37
124,53.4865,16.416,-240.826,154.65,1,37
124,53.3328,16.9085,-0.926825,421.59,1,37
124,48.0232,28.7065,20.4182,1044.77,1,37
124,47.3371,29.8243,87.2813,1340.04,1,37
124,47.3048,29.8755,5.55524,492.957,1,37
124,47.1281,30.1535,-233.778,908.125,1,37
124,46.7916,30.673,2.04698,93.4315,1,37
124,46.6067,30.9532,56.9566,138.229,1,37
124,45.4778,32.5893,-25.7838,3724.61,1,37
124,45.2659,32.883,-5.75742,210.638,1,37
124,45.0373,33.1954,50.33,1010.65,1,37
124,44.7719,33.5525,-244.683,702.748,1,37
124,44.3909,34.0549,-63.5372,602.407,1,37
124,43.6616,34.9851,104.483,622.755,1,37
124,43.1026,35.6715,34.7304,600.893,1,37
124,42.3842,36.5222,-162.689,622.837,1,37
124,40.2834,38.827,-60.1392,1426,1,37
124,38.3297,40.7569,103.707,97.5589,1,37
124,33.0524,45.1423,-256.182,231.527,1,37
124,13.9272,54.1878,-275.676,23.1631,1,37
124,13.2101,54.3671,-233.916,475.888,1,37
124,1.33145,55.9332,-34.8115,309.195,1,37
124,1.00709,55.9399,48.3271,1767.99,1,37
124,0.955873,55.9408,25.7876,158.634,1,37
124,-0.50616,55.9467,-0.436885,153.868,1,37
124,-0.520866,55.9466,-46.3164,285.899,1,37
124,-1.48747,55.9292,-46.292,41.0277,1,37
124,-4.77171,55.7451,-84.452,88.1942,1,37
124,-7.17845,55.4866,48.9299,1051.23,1,37
124,-12.0097,54.6448,-284.215,125.874,1,37
124,-13.665,54.2546,44.2854,523.466,1,37
124,-14.9899,53.9036,44.9994,109.695,1,37
124,-15.1321,53.8638,-52.6481,297.466,1,37
124,-17.0841,53.2769,22.5931,312.367,1,37
124,-16.7878,53.371,-183.553,170.494,1,37
124,-19.1981,52.5521,50.2415,920.687,1,37
124,-20.5785,52.0271,32.3201,376.658,1,37
124,-25.3789,49.8618,-17.6847,488.785,1,37
124,-28.0684,48.3989,-75.6716,2045.6,1,37
124,-30.2282,47.0802,52.2757,270.159,1,37
124,-32.6873,45.4074,-30.18,139.609,1,37
124,-34.9873,43.6598,15.6345,388.322,1,37
124,-35.9589,42.8632,83.843,4444.55,1,37
124,-38.6065,40.4948,-204.195,973.175,1,37
124,-43.3342,35.3898,53.9467,361.822,1,37
124,-45.7389,32.2217,-245.304,1427.09,1,37
124,-47.2976,29.8869,-71.291,1003.24,1,37
124,-47.4969,29.5692,-32.9097,379.267,1,37
124,-48.5104,27.8753,-204.181,75.9879,1,37
124,-50.6089,23.8544,-167.482,17553.8,1,37
124,-50.4318,24.2265,103.097,523.91,1,37
124,-50.7914,23.4632,32.4079,2480.86,1,37
124,-50.7231,23.6105,-175.621,722,1,37
124,-51.7956,21.1544,4.72151,806.897,1,37
124,-52.3363,19.7788,-227.499,2125.6,1,37
124,-52.7931,18.525,-42.6444,74.7807,1,37
124,-53.33,16.9177,-98.4321,1923.6,1,37
124,-54.6841,11.8298,-194.873,366.356,1,37
124,-55.0448,10.018,-228.795,158.535,1,37
124,-55.6769,5.51129,15.4113,165.761,1,37
124,-55.7059,5.2097,76.3764,503.188,1,37
124,-55.7455,4.76745,6.95441,158.6,1,37
124,-56.9698,-0.242808,116.374,714.419,0,38
124,-56.8835,-3.14451,33.7521,50.4836,0,38
124,-56.5451,-6.94729,-75.127,1080.04,0,38
124,-56.4596,-7.61128,214.506,922.352,0,38
124,-56.2948,-8.74673,32.1099,455.429,0,38
124,-56.3707,-8.24402,62.63,1035.8,0,38
124,-55.7406,-11.7727,40.1186,1215.12,0,38
124,-55.7906,-11.5336,265.795,812.24,0,38
124,-54.8095,-15.5413,183.686,451.09,0,38
124,-54.5006,-16.5921,232.189,1634.91,0,38
124,-53.1415,-20.5327,-47.4096,1074.58,0,38
124,-52.3732,-22.4202,299.068,388.162,0,38
124,-51.7756,-23.7677,-63.1164,594.599,0,38
124,-51.0374,-25.3141,-56.0671,662.633,0,38
124,-50.9579,-25.4738,121.64,1111.94,0,38
124,-49.784,-27.6978,-19.9481,714.309,0,38
124,-49.5901,-28.0434,-4.80206,2592.23,0,38
124,-49.4624,-28.268,159.029,1229.33,0,38
124,-49.1613,-28.7885,-92.2364,790.811,0,38
124,-48.4848,-29.9138,-10.8768,458.298,0,38
124,-47.7601,-31.0578,60.5474,508.108,0,38
124,-47.3738,-31.6439,-72.7052,775.069,0,38
124,-44.9839,-34.958,209.108,39.1664,0,38
124,-44.6964,-35.3249,208.981,73.3312,0,38
124,-44.4059,-35.6893,209.108,36.2203,0,38
124,-44.1125,-36.0514,209.108,22.0139,0,38
124,-43.0022,-37.3688,18.5246,960.465,0,38
124,-41.4629,-39.0698,-34.9294,1318.49,0,38
124,-41.3292,-39.2112,-40.1105,915.005,0,38
124,-41.1013,-39.45,-62.6185,340.913,0,38
124,-39.87,-40.694,-68.612,23.111,0,38
124,-39.802,-40.7604,248.191,701.867,0,38
124,-37.1596,-43.1831,171.022,1461.65,0,38
124,-35.8622,-44.2665,-48.45,1775.71,0,38
124,-35.1417,-44.8406,-48.9732,75.0496,0,38
124,-34.244,-45.5298,279.077,266.574,0,38
124,-26.9696,-50.1822,169.129,350.46,0,38
124,-26.2237,-50.576,-75.1166,1240.99,0,38
124,-20.5053,-53.1521,183.5,12029.5,0,38
124,-20.8838,-53.0046,254.275,367.002,0,38
124,-20.612,-53.1108,187.437,125,0,38
124,-19.6405,-53.4777,-72.5097,10355.5,0,38
124,-18.1016,-54.018,4.74,77.5254,0,38
124,-8.72277,-56.2986,126.904,127.567,0,38
124,-8.34075,-56.3564,-78.6103,170.614,0,38
124,-5.95989,-56.6577,-101.104,248.392,0,38
124,-6.16355,-56.6359,3.71021,117.001,0,38
124,-5.76315,-56.678,-43.1196,456.169,0,38
124,-2.67233,-56.9076,-10.1714,930.717,0,38
124,-1.23722,-56.9569,1.89435,619.203,0,38
124,-1.2762,-56.956,207.387,460.127,0,38
124,-0.406884,-56.9688,59.9247,353.196,0,38
124,6.12655,-56.6399,123.692,234.856,0,38
124,8.1012,-56.3914,189.816,1134.11,0,38
124,9.30559,-56.2052,144.942,472.805,0,38
124,12.5446,-55.572,46.8867,115.824,0,38
124,16.4261,-54.5509,-32.3703,196.455,0,38
124,17.1735,-54.3202,34.1252,187.504,0,38
124,18.7994,-53.7792,240.127,165.424,0,38
124,21.9092,-52.589,124.941,154.212,0,38
124,26.5152,-50.4238,290.907,504.477,0,38
124,27.0209,-50.1546,290.379,141.888,0,38
124,28.6417,-49.247,-84.1412,728.963,0,38
124,34.4502,-45.374,136.73,931.624,0,38
124,35.0673,-44.8988,198.923,1194.67,0,38
124,35.7412,-44.3642,-77.5722,630.367,0,38
124,36.5503,-43.7,196.383,331.784,0,38
124,36.8326,-43.4623,94.1268,1054.11,0,38
124,37.3015,-43.0605,-52.6767,8812.71,0,38
124,37.729,-42.6866,114.328,193.677,0,38
124,38.5113,-41.982,-36.0371,3366.39,0,38
124,39.7352,-40.8256,-100.926,886.642,0,38
124,41.8447,-38.6605,-89.2376,167.606,0,38
124,42.2904,-38.1725,-90.236,21.2337,0,38
124,42.5328,-37.9022,-96.9092,1955.5,0,38
124,43.6554,-36.6036,-60.7789,1002.84,0,38
124,43.8662,-36.3507,11.7048,297.121,0,38
124,45.6608,-34.0692,-95.7832,1697.43,0,38
124,46.5109,-32.8991,121.892,79.0498,0,38
124,48.9091,-29.215,-43.5142,2896.8,0,38
124,49.1395,-28.8258,247.659,677.081,0,38
124,49.4446,-28.2993,-50.1225,1225.27,0,38
124,49.9376,-27.4199,52.1382,884.654,0,38
124,50.5396,-26.2937,-59.008,368.418,0,38
124,50.8242,-25.7395,-81.427,1005.63,0,38
124,52.656,-21.7477,37.5473,502.023,0,38
124,53.2904,-20.1431,96.2246,442.596,0,38
124,53.9183,-18.3965,221.591,1173.07,0,38
124,56.4851,-7.41975,28.8726,854.01,0,38
124,56.6,-6.4849,17.9362,12879.2,0,38
124,56.65,-6.0322,-87.9162,104.629,0,38
124,56.7838,-4.60615,-58.0702,513.562,0,38
124,56.9282,-2.19089,204.503,144.866,0,38
124,56.9636,-0.870591,-44.2715,864.776,0,38
124,56.9639,-0.853766,173.347,7355.58,0,38
124,56.951,1.48097,-35.1853,755.682,0,38
124,56.6027,6.4617,-91.3559,104.718,0,38
124,56.4997,7.30758,19.9258,2291.72,0,38
124,56.4854,7.41714,-26.1962,300.256,0,38
124,56.4039,8.01336,-25.788,42.2358,0,38
124,56.1323,9.73548,234.306,5865.44,0,38
124,56.093,9.95927,-23.244,57.071,0,38
124,55.9143,10.9181,-22.3063,806.493,0,38
124,55.7163,11.8874,-53.8711,931.619,0,38
124,55.3823,13.3572,-40.5284,729.338,0,38
124,55.1287,14.3679,95.7461,157.056,0,38
124,54.8754,15.307,95.7168,69.39,0,38
124,54.6439,16.114,-45.5567,460.38,0,38
124,54.6209,16.1916,115.729,158.98,0,38
124,54.4545,16.7427,10.252,76.3296,0,38
124,53.5798,19.3602,204.952,322.834,0,38
124,53.3786,19.9082,244.063,361.671,0,38
124,51.9144,23.4629,126.566,967.95,0,38
124,51.3809,24.6093,244.99,207.042,0,38
124,50.8194,25.7489,-65.1077,256.043,0,38
124,48.1745,30.4111,-62.3442,427.106,0,38
124,47.0442,32.1319,133.245,337.903,0,38
124,46.6707,32.6721,16.8884,2535.72,0,38
124,46.2215,33.3045,-21.8773,717.492,0,38
124,46.1213,33.4431,278.039,425.577,0,38
124,44.5832,35.4677,5.32885,955.375,0,38
124,44.428,35.6619,-59.1017,808.975,0,38
124,42.0129,38.4777,10.3224,2592.81,0,38
124,40.7451,39.8177,-88.6106,821.756,0,38
124,38.1725,42.2904,-105.5,31,0,38
124,36.7729,43.5129,-55.5337,1930.75,0,38
124,35.6033,44.475,285.318,965.274,0,38
124,35.5207,44.541,84.1821,1502.1,0,38
124,34.6695,45.2067,45.1323,697.91,0,38
124,31.049,47.7659,74.4999,286.076,0,38
124,30.2813,48.2561,50.8437,380.632,0,38
124,29.156,48.9443,17.601,178.781,0,38
124,28.7874,49.162,5.36736,321.635,0,38
124,27.7683,49.7447,145.874,267.808,0,38
124,23.984,51.6757,1.97024,490.211,0,38
124,22.9795,52.1302,-37.3578,619.734,0,38
124,20.0723,53.3172,132.571,222.842,0,38
124,19.5551,53.509,-56.0142,222.211,0,38
124,18.0152,54.0469,110.305,169.075,0,38
124,17.3219,54.2731,-47.6978,784.431,0,38
124,15.4826,54.8261,289.541,263.083,0,38
124,13.5778,55.3286,8.34008,455.062,0,38
124,12.7806,55.5182,-70.1565,314.224,0,38
124,12.6881,55.5394,86.9777,940.987,0,38
124,12.0267,55.6864,-12.3566,461.934,0,38
124,9.2392,56.2161,-37.573,1602.36,0,38
124,7.45979,56.4798,-46.4743,1415.69,0,38
124,5.23606,56.7292,15.6977,179.913,0,38
124,1.81536,56.9414,-31.2676,1588.93,0,38
124,-3.59267,56.8569,-44.3217,1610.08,0,38
124,-4.35016,56.804,-49.6685,516.47,0,38
124,-6.08561,56.6443,127.095,299.854,0,38
124,-5.93763,56.66,196.558,196.814,0,38
124,-6.1501,56.6374,217.096,463.189,0,38
124,-8.56766,56.3224,-33.5315,811.098,0,38
124,-10.8701,55.9237,-11.5143,461.726,0,38
124,-15.9464,54.693,15.2879,614.219,0,38
124,-17.9312,54.0748,-25.619,2271.08,0,38
124,-18.2021,53.9842,24.668,29.1265,0,38
124,-18.6432,53.8335,24.668,56.2203,0,38
124,-20.406,53.1903,210.437,442.034,0,38
124,-20.5545,53.1331,-7.57146,699.619,0,38
124,-20.5531,53.1336,107.333,1311.37,0,38
124,-21.9605,52.5676,167.636,957.944,0,38
124,-21.9767,52.5608,-76.3243,499.64,0,38
124,-25.3976,50.9959,-31.6828,152.212,0,38
124,-26.6298,50.3634,-0.772,77.1387,0,38
124,-27.971,49.631,-86.6457,993.743,0,38
124,-28.682,49.2236,-68.8757,623.088,0,38
124,-30.7489,47.9596,34.7928,198.856,0,38
124,-31.394,47.5398,-34.89,256.333,0,38
124,-32.7158,46.64,85.3988,465.592,0,38
124,-32.9789,46.4543,165.65,870.642,0,38
124,-35.045,44.9162,79.5979,1070.49,0,38
124,-35.342,44.6828,293.487,682.256,0,38
124,-36.2691,43.9337,-7.27465,438.006,0,38
124,-37.2432,43.111,166.456,517.131,0,38
124,-42.8844,37.5039,105.339,734.761,0,38
124,-43.8558,36.3632,300.111,929.227,0,38
124,-43.9977,36.1914,42.0859,528.094,0,38
124,-44.08,36.0912,119.887,375.885,0,38
124,-46.7785,32.5175,-81.332,24.3443,0,38
124,-46.9111,32.3259,-97.02,23.111,0,38
124,-46.9996,32.1971,-82.0338,70.5859,0,38
124,-47.7817,31.0246,44.2431,613.707,0,38
124,-48.8051,29.3884,114.132,30.0832,0,38
124,-49.8211,27.6311,12.4166,185.977,0,38
124,-49.8574,27.5655,-29.7287,2578.9,0,38
124,-50.1883,26.9583,12.5486,51.4944,0,38
124,-52.2291,22.7539,-37.8918,904.466,0,38
124,-52.4989,22.1241,261.684,23.1033,0,38
124,-54.1256,17.7774,-70.3587,260.259,0,38
124,-54.4147,16.8718,-54.5876,211.571,0,38
124,-54.6346,16.1454,-95.0404,1022.33,0,38
124,-55.8064,11.457,-29.0968,337.22,0,38
124,-55.8064,11.457,21.4654,510.364,0,38
124,-55.9586,10.6886,-30.3948,270.384,0,38
124,-56.2282,9.1652,-77.5404,1010,0,38
124,-56.4335,7.80198,57.962,954.96,0,38
124,-56.5832,6.63005,-57.6941,1850.12,0,38
124,-56.8701,3.37792,-58.3302,386.135,0,38
124,-56.9342,2.02669,150.254,524.417,0,38
124,-56.9702,0.116506,116.735,262.165,0,38
124,-56.9673,-0.582623,69.036,29.0816,1,38
124,-56.9673,-0.582628,68.188,22.6533,1,38
124,-56.9673,-0.582609,-69.612,23.2203,1,38
124,-54.4743,-16.6782,-22.1314,1481.81,1,38
124,-54.4976,-16.602,58.3487,137.701,1,38
124,-53.941,-18.3297,-3.26739,169.289,1,38
124,-53.8223,-18.6756,102.06,412.05,1,38
124,-53.8199,-18.6824,57.905,232.419,1,38
124,-53.2419,-20.2709,8.61672,614.299,1,38
124,-53.0304,-20.8181,-31.6348,440.224,1,38
124,-52.4838,-22.1599,-51.3997,1013.97,1,38
124,-51.9683,-23.3433,50.3663,1094.61,1,38
124,-51.9402,-23.4059,-51.38,24.1248,1,38
124,-51.7283,-23.8704,16.2774,200.608,1,38
124,-51.7301,-23.8666,-216.392,1020.52,1,38
124,-50.3258,-26.7008,105.441,154.304,1,38
124,-49.9063,-27.4768,-76.5008,1158.17,1,38
124,-48.8729,-29.2755,-125.454,976.537,1,38
124,-47.224,-31.867,-30.3314,1252.15,1,38
124,-46.2718,-33.2345,37.5435,594.291,1,38
124,-45.8851,-33.7664,-32.3674,1661.69,1,38
124,-42.7124,-37.6997,91.2593,880.998,1,38
124,-42.7224,-37.6883,-37.6063,1713.01,1,38
124,-41.0529,-39.5003,30.0366,646.13,1,38
124,-38.7737,-41.7398,42.9638,200.519,1,38
124,-36.9718,-43.344,-172.53,20031.8,1,38
124,-37.0776,-43.2536,21.3623,569.664,1,38
124,-36.5964,-43.6614,-71.2257,385.553,1,38
124,-35.8248,-44.2967,-197.143,254.398,1,38
124,-33.3398,-46.196,-71.6943,899.297,1,38
124,-31.181,-47.6798,-178.89,1503.42,1,38
124,-30.0062,-48.4277,12.0786,198.616,1,38
124,-29.3885,-48.8051,11.6493,208.388,1,38
124,-28.602,-49.2701,27.4994,292.709,1,38
124,-25.3017,-51.0435,105.176,407.733,1,38
124,-25.3018,-51.0435,67.7934,149.399,1,38
124,-23.9676,-51.6833,-159.221,1431.53,1,38
124,-23.3657,-51.9582,23.3348,853.222,1,38
124,-23.5244,-51.8866,-287.98,686.575,1,38
124,-22.6307,-52.2826,-7.83217,1094.8,1,38
124,-15.6861,-54.7683,63.9077,275.035,1,38
124,-13.7296,-55.2912,21.972,41.0971,1,38
124,-9.27186,-56.2107,-136.795,6670.93,1,38
124,-11.3862,-55.8209,-83.1638,467.549,1,38
124,-10.5867,-55.978,-84.3724,356.281,1,38
124,-8.6703,-56.3067,94.1752,3203.25,1,38
124,-8.0061,-56.4049,55.2454,762.81,1,38
124,-6.57959,-56.5891,-4.79187,672.46,1,38
124,-6.72336,-56.5722,-10.9311,241.802,1,38
124,-5.82897,-56.6713,8.55114,458.284,1,38
124,-5.84612,-56.6696,-10.795,643.777,1,38
124,-5.53245,-56.701,-55.9709,232.918,1,38
124,-3.65055,-56.8532,-135.511,2802.63,1,38
124,-1.51459,-56.9502,-134.908,23.111,1,38
124,-1.07445,-56.9602,-92.8789,503.771,1,38
124,-1.04862,-56.9606,-134.908,53.111,1,38
124,5.33367,-56.7201,-33.3921,158.008,1,38
124,5.9542,-56.6583,-33.4414,699.606,1,38
124,7.18377,-56.5156,-303.848,133.333,1,38
124,8.02787,-56.4018,-109.104,414.618,1,38
124,8.64456,-56.3106,104.914,580.545,1,38
124,9.2908,-56.2076,47.7772,3730.21,1,38
124,8.87388,-56.2749,-293.525,183.373,1,38
124,9.58393,-56.1584,84.2654,2125.38,1,38
124,10.5149,-55.9915,74.7197,799.311,1,38
124,11.2286,-55.8528,75.1096,327.047,1,38
124,11.8491,-55.7245,48.2785,557.497,1,38
124,12.8362,-55.5054,-37.6098,1860.25,1,38
124,12.8467,-55.503,-226.464,330.538,1,38
124,13.779,-55.2789,-289.802,263.77,1,38
124,16.9792,-54.3813,-0.367452,1089.31,1,38
124,17.4614,-54.2284,33.3914,528.66,1,38
124,18.338,-53.9382,-136.7,748.911,1,38
124,20.5578,-53.1318,-167.85,1458.5,1,38
124,20.1881,-53.2734,-270.076,749.659,1,38
124,21.5256,-52.7472,103.743,679.233,1,38
124,21.4097,-52.7943,-4.07471,536.515,1,38
124,21.3209,-52.8302,46.6706,103.468,1,38
124,25.8606,-50.7626,15.7734,15618.7,1,38
124,25.3018,-51.0435,4.88665,1353,1,38
124,25.9263,-50.7291,10.3008,264,1,38
124,28.6486,-49.243,-98.7022,842.021,1,38
124,29.0553,-49.0041,-71.1792,1167.03,1,38
124,29.8111,-48.5481,-279.798,3341.32,1,38
124,30.2319,-48.2871,-16.7615,697.763,1,38
124,30.5442,-48.0902,79.9366,188.421,1,38
124,31.9,-47.2017,86.2394,315.047,1,38
124,32.6028,-46.7191,-22.9971,303.097,1,38
124,32.8992,-46.5108,-9.17029,100.281,1,38
124,33.472,-46.1003,-282.103,1525.8,1,38
124,34.2802,-45.5025,50.9552,492.632,1,38
124,37.8144,-42.6108,-209.595,968.072,1,38
124,40.7568,-39.8057,-32.4783,363.376,1,38
124,42.2743,-38.1903,99.5383,327.846,1,38
124,42.3716,-38.0823,10.4543,1454.22,1,38
124,42.7228,-37.6879,-122.182,1747.7,1,38
124,44.8549,-35.1234,16.5151,242.582,1,38
124,45.0491,-34.8739,-219.385,664.466,1,38
124,46.0818,-33.4975,86.4411,283.485,1,38
124,47.538,-31.3967,55.5058,398.475,1,38
124,48.0549,-30.5996,-30.6492,327.6,1,38
124,49.1121,-28.8724,8.17538,152.388,1,38
124,49.2122,-28.7014,-204.974,251.671,1,38
124,49.9951,-27.3149,37.4251,1411.56,1,38
124,50.9942,-25.4009,64.6848,256.681,1,38
124,51.8329,-23.6424,-140.078,166.639,1,38
124,52.5339,-22.041,-259.789,1141.25,1,38
124,53.9216,-18.387,94.5393,2238.6,1,38
124,54.1893,-17.5822,-65.6534,3380.4,1,38
124,56.0455,-10.2235,23.9255,388.349,1,38
124,56.3423,-8.43588,22.5021,514.877,1,38
124,56.5921,-6.55366,-34.8602,530.679,1,38
124,56.9688,0.417611,-228.394,1096.45,1,38
124,56.6001,6.48408,-78.3572,273.54,1,38
124,56.3572,8.33552,-172.9,838.469,1,38
124,55.1758,14.1862,23.6251,433.966,1,38
124,54.3448,17.0956,-240.612,261.348,1,38
124,54.1016,17.8502,0.100433,239.479,1,38
124,48.7629,29.4583,22.2942,1495.37,1,38
124,47.9777,30.7206,5.25861,2232.95,1,38
124,48.1533,30.4446,-232.879,658.437,1,38
124,47.4203,31.5742,58.479,509.424,1,38
124,46.6739,32.6674,-25.2795,7468.23,1,38
124,46.2984,33.1975,51.9616,558.209,1,38
124,46.1637,33.3845,-5.03478,624.777,1,38
124,45.3909,34.428,-243.091,549.384,1,38
124,45.3129,34.5305,-61.8355,628.91,1,38
124,44.3836,35.7171,105.436,163.581,1,38
124,44.1721,35.9784,-285.018,778.062,1,38
124,43.4235,36.8784,-161.953,367.459,1,38
124,41.2949,39.2472,-48.0463,1551.3,1,38
124,39.7032,40.8567,-17.036,41.2464,1,38
124,38.9021,41.6202,103.38,115.618,1,38
124,37.2491,43.1059,-21.8735,337.505,1,38
124,36.7062,43.5691,58.6112,777.945,1,38
124,33.7263,45.9146,-255.324,64.4178,1,38
124,33.3836,46.1644,-30.9543,126.565,1,38
124,26.8603,50.2408,-167.318,551.987,1,38
124,17.4695,54.2258,-285.97,348.837,1,38
124,16.6565,54.481,-255.05,589.061,1,38
124,13.6601,55.3084,-233.583,177.219,1,38
124,9.33443,56.2004,77.6809,354.611,1,38
124,8.44521,56.3409,40.3478,1143.43,1,38
124,1.36077,56.954,49.7387,620.298,1,38
124,1.1465,56.9588,-34.6832,1794.31,1,38
124,0.608269,56.9671,25.7536,640.472,1,38
124,-0.784818,56.9649,0.52194,936.58,1,38
124,-2.30611,56.9236,-46.5428,479.942,1,38
124,-3.08268,56.8868,-46.6688,313.07,1,38
124,-4.23185,56.8129,-84.7369,176.804,1,38
124,-8.66803,56.307,47.9549,1230.75,1,38
124,-9.85455,56.1115,47.218,302.588,1,38
124,-10.6211,55.9715,46.7549,530.637,1,38
124,-12.6493,55.5483,43.3073,909.339,1,38
124,-12.3686,55.6115,-282.55,251.573,1,38
124,-15.1805,54.9105,-51.1479,175.784,1,38
124,-16.8716,54.4148,-182.079,688.487,1,38
124,-17.0747,54.3514,22.6829,657.994,1,38
124,-19.0765,53.6815,51.4594,247.662,1,38
124,-20.7354,53.0628,33.549,786.071,1,38
124,-25.8185,50.784,-16.9428,616.734,1,38
124,-28.3631,49.408,-74.2185,513.479,1,38
124,-29.424,48.7836,-125.168,293.166,1,38
124,-31.0654,47.7552,53.4343,955.772,1,38
124,-33.1376,46.3413,-29.8555,332.668,1,38
124,-34.6427,45.2272,15.5658,261.939,1,38
124,-34.6155,45.248,57.4405,447.895,1,38
124,-35.4769,44.5758,47.8834,557.917,1,38
124,-36.0816,44.0878,82.3222,10624.5,1,38
124,-39.6703,40.8887,-202.363,1874.72,1,38
124,-43.4312,36.8693,55.6514,60.1787,1,38
124,-43.7448,36.4967,54.8079,289.985,1,38
124,-45.9996,33.6102,-243.291,917.228,1,38
124,-48.3365,30.1529,-69.8865,587.24,1,38
124,-48.4853,29.913,-32.6641,567.528,1,38
124,-48.563,29.7867,54.196,30.2741,1,38
124,-51.3898,24.5907,103.334,464.654,1,38
124,-51.9528,23.3778,32.2346,5130.3,1,38
124,-52.1716,22.8853,-167.589,19611.1,1,38
124,-52.5864,21.9154,5.80345,214.221,1,38
124,-52.7444,21.5324,44.6039,492.265,1,38
124,-53.1422,20.531,-228.727,3553.67,1,38
124,-53.6007,19.3024,-41.628,31.3018,1,38
124,-54.5509,16.4261,-97.8778,95.4699,1,38
124,-55.6115,12.3685,-194.515,62.3867,1,38
124,-55.9927,10.5088,-228.237,310.86,1,38
124,-56.3974,8.05922,-106.071,361.947,1,38
124,-56.674,5.80261,16.2724,48.5403,1,38
124,-56.6964,5.57987,78.053,635.865,1,38
124,-56.7212,5.32144,35.783,181.847,1,38
124,-56.7292,5.23607,8.04839,204.912,1,38
124,-58.9183,-0.0803456,-45.3418,110.002,0,39
124,-58.917,-0.401682,-45.1061,84.3777,0,39
124,-58.9061,-1.20498,114.98,61.208,0,39
124,-58.8842,-2.00805,114.12,102.489,0,39
124,-58.8384,-3.06852,32.3827,592.82,0,39
124,-58.5198,-6.84175,-74.7118,521.506,0,39
124,-58.3614,-8.08228,213.517,650.448,0,39
124,-58.0999,-9.78669,31.7849,1259.37,0,39
124,-57.7664,-11.5941,265.26,3371.11,0,39
124,-56.8055,-15.6369,181.548,26.0416,0,39
124,-56.5049,-16.6906,231.537,235.132,0,39
124,-54.6189,-22.0942,296.753,1170,0,39
124,-54.4027,-22.6213,-47.836,66.2358,0,39
124,-53.2959,-25.1182,-63.948,40.137,0,39
124,-53.2959,-25.1182,-57.4356,134.698,0,39
124,-53.1581,-25.4085,-57.8069,75.6918,0,39
124,-53.0187,-25.6981,-38.508,30.0279,0,39
124,-52.8778,-25.9869,-38.2385,71.3898,0,39
124,-52.6505,-26.4444,-38.7452,162.861,0,39
124,-51.9992,-27.7031,-7.132,24.0139,0,39
124,-51.8593,-27.9642,-6.24191,338.301,0,39
124,-51.6844,-28.286,-22.2871,1103.02,0,39
124,-51.3381,-28.9098,158.835,287.525,0,39
124,-49.9313,-31.2769,60.1849,1472.87,0,39
124,-49.6481,-31.7246,60.1666,90.3989,0,39
124,-48.8315,-32.9676,-74.1456,1063.79,0,39
124,-47.4887,-34.8741,-21.6393,1427.44,0,39
124,-44.7434,-38.3328,209.554,1299.42,0,39
124,-43.5951,-39.6339,-37.7097,1200.93,0,39
124,-42.6427,-40.6569,-64.6824,481.143,0,39
124,-40.7758,-42.5289,248.121,307.578,0,39
124,-39.7502,-43.4891,-46.3099,721.018,0,39
124,-39.2508,-43.9403,-38.6859,431.764,0,39
124,-38.8308,-44.312,-47.1694,1548.81,0,39
124,-38.7102,-44.4173,168.474,348.183,0,39
124,-26.8042,-52.4682,-76.0407,487.382,0,39
124,-25.7208,-53.0077,65.1302,718.754,0,39
124,-20.9554,-55.0658,-73.2248,10478.4,0,39
124,-20.9794,-55.0567,-65.3625,833,0,39
124,-18.9736,-55.7798,183.028,15905.7,0,39
124,-18.9094,-55.8015,3.74206,724.213,0,39
124,-8.92136,-58.2391,-79.7738,1286.81,0,39
124,-8.00258,-58.3724,123.908,290.448,0,39
124,-8.24758,-58.3383,124.732,30.5607,0,39
124,-6.98332,-58.5031,3.726,450.704,0,39
124,-5.68544,-58.6434,-103.006,369.217,0,39
124,-5.17869,-58.6904,-44.7192,1592.96,0,39
124,-2.3473,-58.8716,-10.4666,380.535,0,39
124,-1.84117,-58.8896,205.825,1068.3,0,39
124,0.080722,-58.9183,1.13957,89.777,0,39
124,0.0161605,-58.9184,57.4321,247.891,0,39
124,0.578974,-58.9156,146.684,4226.2,0,39
124,0.742317,-58.9137,0.653832,341.792,0,39
124,0.490344,-58.9164,173.297,416.908,0,39
124,1.40043,-58.9018,0.157787,116.729,0,39
124,7.04964,-58.4951,122.94,500.38,0,39
124,8.60605,-58.2865,144.063,297.882,0,39
124,13.3592,-57.3839,45.8975,454.561,0,39
124,15.8234,-56.7538,205.475,1802.28,0,39
124,15.7917,-56.7627,55.7325,106.447,0,39
124,16.8313,-56.4631,-32.8355,322.217,0,39
124,17.18,-56.358,-96.3407,85.5759,0,39
124,17.9912,-56.1043,33.5609,385.119,0,39
124,21.1044,-55.0089,-58.3777,440.54,0,39
124,21.5787,-54.8246,-57.7722,103.699,0,39
124,23.0086,-54.24,124.883,218.004,0,39
124,30.7388,-50.2643,-87.2589,1939.38,0,39
124,35.8859,-46.7288,135.452,429.799,0,39
124,36.9244,-45.9126,-56.5303,12151.8,0,39
124,36.9009,-45.9315,90.9564,1014.46,0,39
124,36.9203,-45.9159,-78.8183,547.667,0,39
124,37.3161,-45.5948,194.201,514.649,0,39
124,38.5662,-44.5424,-38.4966,3384.79,0,39
124,39.5781,-43.6457,113.789,250.521,0,39
124,40.8349,-42.4722,-102.053,1858.99,0,39
124,44.0054,-39.1778,-96.5404,957.884,0,39
124,44.1349,-39.0319,-92.0858,77.3412,0,39
124,44.513,-38.6001,-93.5319,1500.24,0,39
124,45.2887,-37.6871,-62.6678,209.139,0,39
124,46.1999,-36.5643,205.302,136.973,0,39
124,46.6942,-35.9309,205.56,84.4561,0,39
124,48.2317,-33.839,120.956,220.352,0,39
124,50.1352,-30.949,68.4732,451.621,0,39
124,50.5168,-30.3221,-43.9809,1713.5,0,39
124,50.6415,-30.1135,246.404,132.575,0,39
124,50.9376,-29.6097,-52.7094,519.392,0,39
124,51.7699,-28.1293,-60.6331,2368.63,0,39
124,51.7908,-28.0908,49.8518,2216.67,0,39
124,51.8196,-28.0375,44.9293,135.513,0,39
124,52.3736,-26.9886,-83.8485,705.628,0,39
124,53.6334,-24.3892,86.9661,122.771,0,39
124,54.8227,-21.5836,95.1738,476.118,0,39
124,55.2434,-20.4829,-3.93007,263.542,0,39
124,55.3167,-20.2839,126.363,842.296,0,39
124,56.2578,-17.5055,-52.2558,261.224,0,39
124,58.1625,-9.40766,21.6782,18555.5,0,39
124,58.3156,-8.40664,24.6271,83,0,39
124,58.48,-7.17382,28.8335,291.287,0,39
124,58.6782,-5.31425,-89.689,782.038,0,39
124,58.7396,-4.58677,-59.3505,833.943,0,39
124,58.8929,-1.7336,169.922,5561.5,0,39
124,58.8941,-1.69155,202.922,366.696,0,39
124,58.9082,-1.09524,-44.3016,331.782,0,39
124,58.9126,0.830071,-37.498,943.117,0,39
124,58.5998,6.11861,-92.8744,1438.37,0,39
124,58.5396,6.66991,-26.8629,523.904,0,39
124,58.1994,9.17672,233.127,5641.61,0,39
124,57.6557,12.1325,-56.8958,1193.6,0,39
124,57.254,13.9054,95.8643,930.525,0,39
124,57.0936,14.5497,-19.852,38.1679,0,39
124,57.0134,14.8609,-20.0207,110.614,0,39
124,56.6429,16.216,115.283,195.983,0,39
124,56.4509,16.8723,-45.5527,79.8101,0,39
124,56.1028,17.9959,9.36273,1593.07,0,39
124,55.3289,20.2506,203.397,684.739,0,39
124,55.0104,21.1006,240.956,1821.08,0,39
124,52.8778,25.9869,69.3829,633,0,39
124,52.7773,26.1904,-67.2108,238.03,0,39
124,50.2,30.8438,-63.1,49.0277,0,39
124,48.3993,33.5989,-22.4664,1452.49,0,39
124,48.4145,33.577,16.8099,2170.99,0,39
124,48.2452,33.8198,131.997,210.092,0,39
124,46.9125,35.6455,3.64569,208.818,0,39
124,46.6446,35.9953,4.10181,53.4519,0,39
124,46.2496,36.5014,-61.1242,156.92,0,39
124,44.0313,39.1487,16.5935,734,0,39
124,37.2735,45.6296,-58.7943,4239.11,0,39
124,37.2875,45.6182,81.8522,1138.89,0,39
124,36.306,46.4031,285.098,110.633,0,39
124,34.9996,47.3963,44.9984,812.875,0,39
124,31.8675,49.5564,48.1013,549.227,0,39
124,31.3173,49.9059,73.428,29.0971,0,39
124,30.7057,50.2845,73.4014,463.555,0,39
124,30.3704,50.4878,4.16144,134.645,0,39
124,29.8915,50.7728,16.8353,321.289,0,39
124,28.2511,51.7035,145.196,168.857,0,39
124,25.4368,53.1446,-39.2567,664.624,0,39
124,24.9969,53.3529,-38.747,151.255,0,39
124,23.9566,53.8281,0.930542,440.557,0,39
124,20.2099,55.3438,132.071,200.129,0,39
124,19.742,55.5124,-57.5084,776.171,0,39
124,19.3486,55.6508,108.358,319.699,0,39
124,16.0109,56.7012,288.47,531.081,0,39
124,15.6368,56.8055,288.396,25.1404,0,39
124,13.9018,57.2549,85.4801,309.873,0,39
124,12.7668,57.5186,-29.1919,1060.68,0,39
124,12.7783,57.516,-13.5675,633.248,0,39
124,12.4002,57.5987,-71.891,657.251,0,39
124,12.2419,57.6326,-29.0796,578.692,0,39
124,8.96783,58.2319,-36.666,975.091,0,39
124,8.88345,58.2448,-34.268,4.08348,0,39
124,8.24758,58.3383,-36.388,25.4909,0,39
124,4.04535,58.7794,13.1202,1045.41,0,39
124,1.39721,58.9018,-32.4728,378.956,0,39
124,0.865907,58.912,37.2168,272.656,0,39
124,-4.79775,58.7227,-45.0611,406.586,0,39
124,-4.87444,58.7164,-52.437,1158.63,0,39
124,-5.38479,58.6718,126.371,214.947,0,39
124,-5.10303,58.697,193.595,100.607,0,39
124,-5.38907,58.6714,194.427,165.448,0,39
124,-6.94812,58.5073,215.662,134.813,0,39
124,-8.31179,58.3292,-34.6119,392.524,0,39
124,-11.1002,57.8633,-11.796,27.0555,0,39
124,-15.934,56.7229,14.3028,336.081,0,39
124,-18.8018,55.8379,-28.0028,1105.06,0,39
124,-19.3186,55.6612,24.668,37.111,0,39
124,-19.6219,55.555,24.668,47.1664,0,39
124,-20.5717,55.2103,104.383,787.189,0,39
124,-21.6521,54.7956,-7.82714,552.748,0,39
124,-21.6236,54.8069,209.058,268.074,0,39
124,-22.4529,54.4724,-77.4533,302.501,0,39
124,-22.4397,54.4779,167.423,233.351,0,39
124,-25.3544,53.184,-29.5216,440.28,0,39
124,-27.2103,52.2587,-0.681628,296.848,0,39
124,-28.6867,51.4631,-69.2414,113.768,0,39
124,-29.9449,50.7413,-87.692,24.1681,0,39
124,-30.538,50.3866,-88.1462,422.289,0,39
124,-30.6423,50.3232,-55.6453,961.874,0,39
124,-32.1343,49.3838,-35.8145,362.165,0,39
124,-32.382,49.2218,82.8143,555.834,0,39
124,-32.834,48.9214,83.4069,238.949,0,39
124,-33.0548,48.7725,162.249,1076.6,0,39
124,-33.4754,48.4848,163.392,557.009,0,39
124,-37.1387,45.7394,78.4056,626.301,0,39
124,-37.25,45.6488,-8.73757,698.567,0,39
124,-37.7126,45.2674,165.493,276.715,0,39
124,-37.868,45.1375,301.589,373.609,0,39
124,-38.0827,44.9565,165.781,112.445,0,39
124,-41.075,42.2401,305.732,409.985,0,39
124,-44.9442,38.0973,298.836,553.628,0,39
124,-45.0703,37.948,102.163,1746.56,0,39
124,-45.7577,37.1162,119.206,664.27,0,39
124,-46.596,36.0581,39.508,27.0433,0,39
124,-46.8151,35.7732,39.9079,199.709,0,39
124,-47.0833,35.4195,39.084,31.0727,0,39
124,-48.217,33.8601,-97.2851,485.269,0,39
124,-49.065,32.6191,-83.6984,1028.51,0,39
124,-49.2256,32.3762,43.4913,1327.03,0,39
124,-49.862,31.3873,113.196,644.439,0,39
124,-50.9362,29.6121,11.5547,272.301,0,39
124,-51.2341,29.0938,-29.4322,3323.05,0,39
124,-51.4437,28.7214,27.1646,1379.48,0,39
124,-53.8591,23.8867,-40.7394,507.31,0,39
124,-54.5989,22.1436,259.296,313.204,0,39
124,-55.1674,20.6865,14.6542,263.03,0,39
124,-55.3948,20.0698,14.6881,182.487,0,39
124,-56.194,17.709,-71.2402,632.714,0,39
124,-56.3265,17.2829,-97.3377,444.163,0,39
124,-56.3427,17.2301,-54.9359,111.569,0,39
124,-56.6818,16.0794,206.771,2594.96,0,39
124,-56.8055,15.6368,-17.732,22.2219,0,39
124,-57.8328,11.2579,20.852,27.0832,0,39
124,-58.0212,10.243,-32.0651,319.007,0,39
124,-58.2329,8.96158,-89.3667,1152.05,0,39
124,-58.257,8.80314,56.2331,1048.01,0,39
124,-58.454,7.38322,-58.2791,420.858,0,39
124,-58.8462,2.91655,-58.8511,1586.93,0,39
124,-58.9183,-0.0803429,70.7989,256.807,1,39
124,-56.5792,-16.4368,59.2329,231.488,1,39
124,-56.0571,-18.1379,-2.30903,173.686,1,39
124,-55.8959,-18.6287,-2.62,69.2772,1,39
124,-55.6536,-19.3405,-51.5139,733.761,1,39
124,-55.77,-19.0023,58.9378,459.187,1,39
124,-55.4895,-19.8065,-21.7028,571.749,1,39
124,-55.5013,-19.7734,103.804,22.0971,1,39
124,-55.3149,-20.2888,104.351,338.515,1,39
124,-55.2845,-20.3715,-51.4246,223.704,1,39
124,-54.8733,-21.4546,102.947,300.499,1,39
124,-54.7684,-21.7209,-31.3801,1051.35,1,39
124,-54.5137,-22.3525,-202.598,290.217,1,39
124,-53.236,-25.2449,-213.282,980.837,1,39
124,-53.137,-25.4527,17.0349,92.7856,1,39
124,-52.0047,-27.6928,51.743,1312.38,1,39
124,-52.0518,-27.6042,-74.7005,657.07,1,39
124,-50.3063,-30.67,-124.102,141.796,1,39
124,-48.7381,-33.1055,-29.9316,411.995,1,39
124,-48.0316,-34.1225,37.236,22.0416,1,39
124,-47.7539,-34.51,-31.5986,955.112,1,39
124,-47.7508,-34.5143,36.5677,61.4681,1,39
124,-44.6162,-38.4808,-37.3919,860.375,1,39
124,-44.4503,-38.6723,92.408,1075.86,1,39
124,-42.1697,-41.1472,30.452,25.182,1,39
124,-42.1697,-41.1472,-172.152,348.533,1,39
124,-41.9447,-41.3766,30.5714,92.3867,1,39
124,-41.9376,-41.3837,-172.141,1017.48,1,39
124,-40.7755,-42.5292,-172.285,13381.5,1,39
124,-39.0219,-44.1437,21.9719,738.417,1,39
124,-37.5962,-45.3642,16.6589,700.083,1,39
124,-37.1525,-45.7282,-195.651,370.221,1,39
124,-33.5965,-48.401,-72.2715,88.1485,1,39
124,-32.6665,-49.0335,13.492,22.1664,1,39
124,-31.9477,-49.5048,13.3106,1220.81,1,39
124,-30.359,-50.4947,-298.996,21.0139,1,39
124,-30.0831,-50.6595,-117.36,59.3451,1,39
124,-30.0831,-50.6595,-178.4,89.5271,1,39
124,-29.9324,-50.7487,-298.941,191.789,1,39
124,-29.7615,-50.8491,28.575,729.046,1,39
124,-29.0362,-51.2668,-178.136,1311.53,1,39
124,-27.8448,-51.9235,-177.912,50.4283,1,39
124,-26.4371,-52.6541,105.404,609.714,1,39
124,-26.2041,-52.7705,66.75,300.05,1,39
124,-26.1815,-52.7817,-41.4363,731.686,1,39
124,-25.0858,-53.3111,-157.132,3204.59,1,39
124,-24.4817,-53.5913,23.3827,690.617,1,39
124,-24.0844,-53.771,-285.386,284.705,1,39
124,-21.5994,-54.8164,22.3179,550.089,1,39
124,-21.244,-54.9552,-296.416,577.304,1,39
124,-19.0054,-55.7689,90.62,793.892,1,39
124,-17.6243,-56.2207,64.8386,440.327,1,39
124,-16.8163,-56.4676,21.2062,118.586,1,39
124,-16.1904,-56.6502,21.4086,335.642,1,39
124,-15.6368,-56.8055,21.4527,94.5342,1,39
124,-13.926,-57.249,-80.4023,72.7082,1,39
124,-12.5169,-57.5735,-81.6181,127.445,1,39
124,-7.92927,-58.3824,-11.1571,433.051,1,39
124,-7.61073,-58.4248,-3.67016,74.6192,1,39
124,-7.29196,-58.4654,56.74,28.1894,1,39
124,-6.81341,-58.5231,57.4201,129.389,1,39
124,4.44897,-58.7502,-33.6449,877.868,1,39
124,7.8238,-58.3966,-302.805,294.811,1,39
124,8.00878,-58.3715,51.661,346.831,1,39
124,8.52177,-58.2989,50.5855,95.3158,1,39
124,8.59604,-58.288,-108.094,352.183,1,39
124,10.0913,-58.0478,-292.585,862.036,1,39
124,10.029,-58.0586,-137.682,225.259,1,39
124,10.2004,-58.0287,86.6819,1270.57,1,39
124,11.6169,-57.7618,48.4251,1012.78,1,39
124,12.0017,-57.6831,75.6452,554.72,1,39
124,12.6706,-57.5398,75.998,772.099,1,39
124,12.726,-57.5276,-36.781,2166.22,1,39
124,12.9446,-57.4788,-225.671,259.555,1,39
124,16.1482,-56.6623,-168.828,151.583,1,39
124,17.8686,-56.1435,-168.562,1465.44,1,39
124,17.4249,-56.2828,32.8236,2020.5,1,39
124,18.2393,-56.0241,0.739869,3754.75,1,39
124,18.0998,-56.0694,-135.487,275.84,1,39
124,18.9166,-55.7991,-168.357,285.877,1,39
124,20.6927,-55.1651,-268.809,400.771,1,39
124,20.9319,-55.0748,103.245,295.057,1,39
124,22.7255,-54.3593,48.0234,508.625,1,39
124,23.025,-54.2331,-4.07638,1735.61,1,39
124,23.7183,-53.9335,-302.445,1422.32,1,39
124,24.3189,-53.6654,104.373,360.824,1,39
124,25.2059,-53.2545,53.654,372.166,1,39
124,25.1182,-53.2959,-200.628,22.1281,1,39
124,25.9355,-52.903,-200.361,562.105,1,39
124,26.1849,-52.78,-156.026,419.08,1,39
124,26.6167,-52.5636,-154.285,139.844,1,39
124,29.1647,-51.1937,11.748,18205.7,1,39
124,29.8146,-50.818,-278.898,6064.63,1,39
124,29.8064,-50.8228,5.26926,356,1,39
124,30.0161,-50.6992,-97.0839,335.292,1,39
124,30.2212,-50.5772,-68.396,408.908,1,39
124,30.6938,-50.2919,-13.9207,533.39,1,39
124,30.8395,-50.2026,81.4605,985.481,1,39
124,32.9187,-48.8645,87.5646,472.885,1,39
124,33.7894,-48.2665,45.1957,696.511,1,39
124,34.1795,-47.991,-22.2766,876.1,1,39
124,34.3098,-47.898,-6.44826,699.123,1,39
124,35.1141,-47.3115,52.8815,247.451,1,39
124,35.366,-47.1235,-277.193,113.614,1,39
124,35.2909,-47.1797,-278.372,65.0317,1,39
124,41.1472,-42.1697,-28.908,30.0325,1,39
124,41.3766,-41.9447,-28.6336,75.8883,1,39
124,42.5823,-40.7201,39.3195,1638.74,1,39
124,43.4799,-39.7602,-120.508,177.113,1,39
124,44.5542,-38.5526,101.141,635.893,1,39
124,45.0167,-38.0115,101.984,148.851,1,39
124,45.0363,-37.9883,12.4089,47.3531,1,39
124,46.2906,-36.4494,-218.576,1334.15,1,39
124,47.4892,-34.8734,87.7921,249.55,1,39
124,48.9537,-32.7858,56.74,104.675,1,39
124,49.7246,-31.6044,-30.244,622.164,1,39
124,50.6472,-30.1038,10.0872,275.836,1,39
124,50.9386,-29.6081,-203.806,493.807,1,39
124,51.4374,-28.7328,41.4618,1887.7,1,39
124,52.3199,-27.0926,65.9927,493.372,1,39
124,53.739,-24.1557,-139.732,149.733,1,39
124,55.6646,-19.3088,-66.2019,4082.05,1,39
124,55.9177,-18.5631,97.9001,1110.55,1,39
124,56.4967,-16.7183,-213.973,49.7174,1,39
124,56.587,-16.4099,-212.5,29.1631,1,39
124,58.0372,-10.1519,25.47,328.083,1,39
124,58.068,-9.97418,23.3035,362.446,1,39
124,58.4353,-7.52967,-34.6559,225.491,1,39
124,58.9124,0.839123,-225.829,467.208,1,39
124,58.5216,6.82649,-76.5405,1704.98,1,39
124,58.2438,8.89058,-171.901,932.141,1,39
124,56.7173,15.9538,25.7743,199.298,1,39
124,55.8965,18.6269,-240.189,256.952,1,39
124,55.6558,19.3342,1.8069,206.584,1,39
124,50.2993,30.6816,23.8443,591.667,1,39
124,50.2055,30.8349,88.232,1056.51,1,39
124,49.8933,31.3374,6.94777,419.012,1,39
124,49.5266,31.9138,5.86,85.4006,1,39
124,48.9055,32.8577,-21.5705,5005.2,1,39
124,48.9541,32.7852,60.0936,712.066,1,39
124,48.0316,34.1225,52.924,29.1296,1,39
124,47.7936,34.4551,-3.86651,572.993,1,39
124,47.127,35.3613,39.4394,365.372,1,39
124,46.9634,35.5783,-59.9354,301.861,1,39
124,46.7293,35.8852,39.0505,89.5079,1,39
124,46.5797,36.0793,-239.941,738.006,1,39
124,46.4128,36.2936,-282.965,910.002,1,39
124,45.3506,37.6125,-160.385,319.753,1,39
124,43.5235,39.7125,-44.933,1137.45,1,39
124,41.0897,42.2257,-16.612,56.4438,1,39
124,40.8008,42.5049,-16.1848,111.512,1,39
124,39.706,43.5294,102.745,173.389,1,39
124,38.7729,44.3626,-20.3986,452.375,1,39
124,38.5054,44.595,60.8355,834.045,1,39
124,34.9699,47.4182,-30.6557,286.629,1,39
124,27.8448,51.9235,-164.753,407.53,1,39
124,17.832,56.1551,-252.89,382.466,1,39
124,17.7315,56.1869,-282.709,299.843,1,39
124,16.1218,56.6698,-271.059,413.181,1,39
124,15.6368,56.8055,-272.113,96.6133,1,39
124,14.5497,57.0937,-232.852,50.248,1,39
124,9.20099,58.1955,78.554,51.3451,1,39
124,9.0279,58.2226,42.946,1094.36,1,39
124,2.71028,58.856,53.4011,1138.77,1,39
124,2.19102,58.8776,51.746,467.817,1,39
124,0.735825,58.9138,-34.4407,516.444,1,39
124,0.240996,58.9179,25.6773,104.538,1,39
124,-1.20499,58.9061,2.27613,58.6724,1,39
124,-3.55665,58.811,-85.4467,427.02,1,39
124,-6.03304,58.6087,-46.9785,283.498,1,39
124,-6.90456,58.5124,-47.1237,662.028,1,39
124,-8.92745,58.2381,40.6866,367.491,1,39
124,-9.58642,58.1333,40.9822,454.538,1,39
124,-9.99365,58.0647,40.9037,67.8653,1,39
124,-10.7844,57.923,41.476,24.1404,1,39
124,-12.395,57.5998,45.5693,188.563,1,39
124,-13.6347,57.3191,44.7941,908.483,1,39
124,-13.0751,57.4493,-280.673,630.46,1,39
124,-20.7495,55.1438,36.781,649.914,1,39
124,-26.2611,52.7421,-16.6493,369.673,1,39
124,-27.1639,52.2829,-15.4909,230.393,1,39
124,-28.8327,51.3814,-70.5347,498.293,1,39
124,-30.2757,50.5446,-125.041,297.5,1,39
124,-32.5407,49.117,54.9235,335.979,1,39
124,-34.3913,47.8395,15.5272,1283.91,1,39
124,-34.1868,47.9859,-29.363,661.052,1,39
124,-35.4682,47.0466,59.8243,641.568,1,39
124,-36.3024,46.406,80.5339,7785.83,1,39
124,-36.4317,46.3045,50.1292,374.163,1,39
124,-41.3766,41.9447,-200.204,44.1248,1,39
124,-43.9393,39.2519,57.6897,527.383,1,39
124,-44.1379,39.0285,56.74,24.5441,1,39
124,-46.6968,35.9275,-240.29,187.838,1,39
124,-46.8918,35.6727,-241.138,223.697,1,39
124,-50.1714,30.8903,-68.3569,476.77,1,39
124,-50.6163,30.1557,55.1442,101.624,1,39
124,-50.7533,29.9246,-201.627,213.037,1,39
124,-54.091,23.3569,31.9541,3343.54,1,39
124,-53.961,23.6556,7.556,22.1428,1,39
124,-54.1297,23.267,7.132,61.4919,1,39
124,-54.6903,21.917,-230.711,5860.67,1,39
124,-54.9608,21.2294,-167.755,9494,1,39
124,-54.7656,21.7281,46.3632,66.5119,1,39
124,-54.7656,21.7281,-173.428,385,1,39
124,-54.9663,21.2151,46.7912,250.831,1,39
124,-55.3673,20.1454,-167.796,6368.36,1,39
124,-55.3926,20.0758,-40.1701,68.4422,1,39
124,-56.8055,15.6368,-96.9689,112.827,1,39
124,-57.2882,13.7637,-193.496,550.138,1,39
124,-57.8316,11.2643,-227.38,515.388,1,39
124,-58.2627,8.76565,-104.989,560.938,1,39
124,-58.5028,6.98592,18.6849,879.965,1,39
124,-58.5897,6.21466,80.633,954.289,1,39
124,-58.6433,5.68647,9.07442,1000.22,1,39
124,-58.7186,4.84785,36.8483,458.277,1,39
124,-58.917,0.401673,-69.8287,65.4178,1,39
124,-60.0151,-0.0818442,-46.1943,237.839,0,40
124,-59.9745,-2.209,113.917,51.3898,0,40
124,-59.9457,-2.88687,113.094,401.704,0,40
124,-59.9504,-2.78801,31.452,50.2824,0,40
124,-59.6464,-6.64303,-74.149,3765.19,0,40
124,-59.4101,-8.50049,212.513,476.127,0,40
124,-59.0879,-10.5093,31.5883,985.766,0,40
124,-58.8628,-11.7047,264.798,1434.13,0,40
124,-57.6735,-16.601,231.268,147.313,0,40
124,-55.8959,-21.8511,295.252,750.356,0,40
124,-54.2828,-25.5969,-64.2516,373.308,0,40
124,-54.288,-25.5858,-58.436,30.0049,0,40
124,-54.1646,-25.8461,-48.2728,569.541,0,40
124,-53.8373,-26.5211,-48.4378,231.371,0,40
124,-53.5702,-27.0566,-7.98,27.0694,0,40
124,-53.1947,-27.7875,-39.6958,1328.73,0,40
124,-53.3245,-27.5376,-7.56634,509.879,0,40
124,-53.2815,-27.6207,120.553,547.392,0,40
124,-52.7547,-28.6141,-23.8942,1043.11,0,40
124,-52.5001,-29.0786,158.735,189.702,0,40
124,-51.4911,-30.8301,-10.03,385.906,0,40
124,-51.111,-31.4562,60.0062,408.233,0,40
124,-49.6131,-33.7693,-75.3605,592.196,0,40
124,-48.34,-35.5678,-22.8251,2615.23,0,40
124,-44.7403,-40.0017,-39.0065,1442.48,0,40
124,-43.9841,-40.8317,210.071,1642.98,0,40
124,-44.2279,-40.5674,14.8635,887.861,0,40
124,-43.2719,-41.5857,-44.3243,423.867,0,40
124,-42.1468,-42.7255,-45.0569,58.4128,0,40
124,-41.1914,-43.6474,-45.8814,423.995,0,40
124,-39.6414,-45.0598,166.892,308.851,0,40
124,-39.3581,-45.3075,-40.6402,143.602,0,40
124,-39.2622,-45.3906,-41.9,21.0277,0,40
124,-38.047,-46.4139,278.22,137.695,0,40
124,-27.657,-53.2627,164.655,271.966,0,40
124,-27.1455,-53.5252,-76.7938,87.7529,0,40
124,-25.7437,-54.2133,63.6525,1441.88,0,40
124,-21.7577,-55.9324,-73.695,9292.4,0,40
124,-21.7395,-55.9394,-61.9197,5054,0,40
124,-21.9804,-55.8452,-48.9009,43,0,40
124,-19.3591,-56.8071,2.98669,705.185,0,40
124,-17.7259,-57.3378,182.594,13001.4,0,40
124,-9.47522,-59.2625,-80.6151,337.495,0,40
124,-7.8431,-59.5005,122.982,931.67,0,40
124,-7.59142,-59.5331,3.65115,486.549,0,40
124,-5.47518,-59.7649,-104.032,156.452,0,40
124,-4.75889,-59.8262,-45.8123,693.229,0,40
124,-2.2496,-59.973,204.682,241.835,0,40
124,-2.04542,-59.9803,-10.524,45.2635,0,40
124,0.276711,-60.0146,148.26,2052.04,0,40
124,0.160807,-60.015,171.388,194.112,0,40
124,0.342651,-60.0142,55.8665,435.277,0,40
124,1.49424,-59.9966,183.608,168.823,0,40
124,2.11747,-59.9778,-0.203897,229.201,0,40
124,3.22556,-59.9285,1.44729,2341.84,0,40
124,4.71423,-59.8298,-43.596,78.4683,0,40
124,7.66472,-59.5237,122.612,50.3035,0,40
124,7.96658,-59.4841,143.693,503.663,0,40
124,9.08612,-59.3234,121.64,192.02,0,40
124,9.5004,-59.2585,186.414,1100.29,0,40
124,13.9186,-58.3789,45.0963,317.783,0,40
124,16.2021,-57.7868,55.2551,769.804,0,40
124,16.6837,-57.6496,204.176,962.935,0,40
124,17.0505,-57.5422,-33.2035,274.093,0,40
124,17.8122,-57.311,239.386,1201.36,0,40
124,17.6683,-57.3555,-97.3666,169.599,0,40
124,20.511,-56.4014,-59.5779,105.661,0,40
124,20.9856,-56.2266,-58.9751,310.588,0,40
124,23.5216,-55.2138,124.797,170.544,0,40
124,30.2396,-51.84,288.086,204.46,0,40
124,30.7838,-51.5188,287.548,22.111,0,40
124,31.7571,-50.9246,-88.3712,841.906,0,40
124,36.7066,-47.4811,-58.5692,7343.8,0,40
124,36.3214,-47.7764,196.079,756.058,0,40
124,36.904,-47.3278,89.3805,1391.47,0,40
124,36.6889,-47.4947,134.935,496.305,0,40
124,37.6039,-46.7736,-79.7059,400.151,0,40
124,37.8599,-46.5666,193.419,376.603,0,40
124,38.4864,-46.0502,-39.9799,4067.55,0,40
124,40.4853,-44.3031,113.708,34.1898,0,40
124,40.8996,-43.9209,113.453,685.658,0,40
124,40.8464,-43.9704,115.828,3.0744,0,40
124,41.2048,-43.6347,-103.119,80.4821,0,40
124,41.4971,-43.3569,-102.721,238.868,0,40
124,44.8054,-39.9287,-96.2797,691.699,0,40
124,45.7663,-38.8236,-95.0997,59.0994,0,40
124,46.0136,-38.5301,-95.972,135.865,0,40
124,46.0834,-38.4467,9.9891,173.052,0,40
124,46.1317,-38.3886,204.02,24.182,0,40
124,49.1594,-34.4265,120.511,259.373,0,40
124,50.8782,-31.8313,66.9285,282.054,0,40
124,50.835,-31.9003,68.764,1.60673,0,40
124,51.4112,-30.9631,245.769,349.973,0,40
124,51.76,-30.3764,-54.2927,653.376,0,40
124,52.5338,-29.0176,-61.2996,497.387,0,40
124,52.9518,-28.2476,47.657,618.499,0,40
124,53.2881,-27.6081,-84.9645,145.183,0,40
124,54.6862,-24.7234,85.9977,259.643,0,40
124,54.7802,-24.5144,55.196,93.2464,0,40
124,55.5904,-22.6171,94.4299,1448.47,0,40
124,55.9642,-21.6755,37.388,29.0277,0,40
124,56.3276,-20.713,-4.8301,876.383,0,40
124,56.5691,-20.0439,125.596,624.582,0,40
124,56.5506,-20.096,220.139,406.97,0,40
124,57.4161,-17.4703,-53.3419,482.255,0,40
124,58.8571,-11.7332,24.598,15158,0,40
124,58.7476,-12.2697,33.6948,846,0,40
124,59.6363,-6.73346,28.906,1721.75,0,40
124,59.8455,-4.51035,-60.19,270.652,0,40
124,59.968,-2.38012,167.914,6083.65,0,40
124,60.0021,-1.25568,-44.3177,1354.42,0,40
124,60.0009,-1.31168,201.76,1392.48,0,40
124,60.0143,0.335572,-39.2737,433.497,0,40
124,59.7352,5.79047,-93.8461,509.911,0,40
124,59.6908,6.23202,-27.2055,705.067,0,40
124,59.6537,6.57739,19.7341,3023.48,0,40
124,59.3682,8.78888,232.453,5831.49,0,40
124,58.7692,12.1658,-58.601,972.383,0,40
124,58.4204,13.7434,95.9246,1127.45,0,40
124,57.8396,16.0126,-19.428,69.3377,0,40
124,57.7752,16.2433,-37.6266,699,0,40
124,57.7561,16.3113,115.132,177.92,0,40
124,57.6408,16.714,-18.9239,114.898,0,40
124,56.986,18.8261,8.61321,335.558,0,40
124,56.3108,20.7586,202.365,502.206,0,40
124,55.9034,21.832,239.105,552.757,0,40
124,53.8431,26.5094,-68.3708,327.747,0,40
124,51.4128,30.9604,-63.187,136.795,0,40
124,49.9236,33.3085,-23.0495,325.661,0,40
124,49.3951,34.0873,23.2359,625,0,40
124,48.9395,34.7383,131.504,319.143,0,40
124,47.9347,36.1121,2.93209,185.815,0,40
124,48.0108,36.0109,274.097,177.542,0,40
124,37.4393,46.9055,-60.8885,901.688,0,40
124,36.5823,47.5768,285.073,650.862,0,40
124,35.0362,48.7267,44.8046,175.339,0,40
124,32.8428,50.2312,46.3935,745.632,0,40
124,31.0643,51.3501,3.468,26.0588,0,40
124,30.8272,51.4928,72.58,68.319,0,40
124,30.3818,51.7568,16.5192,330.437,0,40
124,30.0977,51.9226,72.3366,538.133,0,40
124,28.3457,52.8994,144.753,526.051,0,40
124,27.0246,53.5863,-40.5712,176.328,0,40
124,26.4502,53.8722,-40.0083,182.18,0,40
124,23.3498,55.2866,-0.446619,886.339,0,40
124,20.3288,56.4674,107.122,546.239,0,40
124,20.2273,56.5038,131.652,783.366,0,40
124,19.4223,56.7855,-59.0185,949.289,0,40
124,18.0417,57.2392,-50.2909,204.602,0,40
124,16.5105,57.6994,6.26064,209.193,0,40
124,14.6329,58.204,84.6434,1529.31,0,40
124,11.9507,58.8133,-28.6804,372.148,0,40
124,12.0329,58.7965,-72.852,46.2031,0,40
124,9.37918,59.2778,-47.0996,1010.03,0,40
124,8.72509,59.3776,-35.964,33.0555,0,40
124,8.36335,59.4296,-36.0556,129.61,0,40
124,3.60166,59.907,12.1824,388.984,0,40
124,1.1415,60.0043,-33.2575,373.43,0,40
124,1.05986,60.0058,37.1178,342.467,0,40
124,-6.61502,59.6495,-45.8886,71.9469,0,40
124,-7.1028,59.5934,-46.1106,256.206,0,40
124,-7.1028,59.5934,215.048,127.701,0,40
124,-16.0081,57.8409,13.9035,118.742,0,40
124,-19.3129,56.8229,-29.0996,274.12,0,40
124,-19.6783,56.6974,24.668,22.0538,0,40
124,-20.1035,56.548,24.7524,228.149,0,40
124,-22.288,55.7232,208.351,343.497,0,40
124,-22.6327,55.5841,-78.1526,158.578,0,40
124,-22.4809,55.6456,167.352,220.575,0,40
124,-25.2893,54.4268,-28.332,33.2757,0,40
124,-27.5321,53.3274,-0.731569,822.127,0,40
124,-28.6108,52.7565,-69.5887,535.333,0,40
124,-30.9395,51.4254,-57.8472,1027.63,0,40
124,-31.4834,51.0942,-88.727,197.181,0,40
124,-31.5828,51.0328,34.4902,378.392,0,40
124,-31.7616,50.9218,-88.4089,86.8875,0,40
124,-32.4337,50.4963,81.7082,1377.64,0,40
124,-32.5956,50.392,-36.8643,1905.69,0,40
124,-33.24,49.9693,160.78,1419.99,0,40
124,-37.6493,46.7371,-9.91712,305.197,0,40
124,-37.7039,46.693,290.256,403.309,0,40
124,-38.1144,46.3586,165.049,719.964,0,40
124,-38.2013,46.287,77.5293,263.8,0,40
124,-38.459,46.0731,299.432,396.152,0,40
124,-41.9132,42.9547,305.548,225.077,0,40
124,-46.2984,38.1875,100.191,563.864,0,40
124,-48.44,35.4315,38.0892,612.968,0,40
124,-48.9805,34.6804,-97.3924,669.742,0,40
124,-49.9636,33.2484,42.7888,292.966,0,40
124,-50.3429,32.6714,-85.0628,1680.31,0,40
124,-50.3443,32.6691,112.474,557.116,0,40
124,-51.2652,31.2042,10.9216,52.3312,0,40
124,-51.5976,30.6515,11.2658,467.399,0,40
124,-52.0006,29.9627,-29.2267,2262.39,0,40
124,-52.7726,28.581,26.9888,2096.8,0,40
124,-54.7536,24.5737,-42.4614,1521.12,0,40
124,-55.5682,22.6715,-59.237,307.674,0,40
124,-55.9637,21.677,14.1947,909.299,0,40
124,-55.7687,22.1738,257.791,613.522,0,40
124,-57.263,17.9658,-99.1561,672.71,0,40
124,-57.3767,17.5993,-71.7992,366.144,0,40
124,-57.7753,16.2433,205.037,108.359,0,40
124,-57.863,15.9279,204.478,201.035,0,40
124,-59.3776,8.72509,-34.9001,85.6608,0,40
124,-59.491,7.91468,-58.6628,659.257,0,40
124,-59.9745,-2.20899,9.12151,1043.15,1,40
124,-59.6495,-6.61502,71.7682,112.772,1,40
124,-59.5934,-7.10279,72.196,90.6469,1,40
124,-56.2546,-20.9104,105.076,30.1942,1,40
124,-56.1397,-21.2169,104.529,72.5905,1,40
124,-56.0232,-21.5228,104.228,27.3554,1,40
124,-55.785,-22.1326,-31.1612,1490.71,1,40
124,-55.785,-22.1326,-200.628,21.0571,1,40
124,-55.6635,-22.4366,-200.754,154.558,1,40
124,-54.0769,-26.0291,9.676,67.242,1,40
124,-53.9341,-26.3236,9.676,30.2552,1,40
124,-53.7897,-26.6174,17.4343,309.25,1,40
124,-53.4218,-27.3484,-73.4736,223.478,1,40
124,-51.0082,-31.6226,-123.036,24.04,1,40
124,-43.9704,-40.8464,-178.993,542,1,40
124,-42.0855,-42.7859,30.876,57.2252,1,40
124,-40.4853,-44.3031,22.396,38.2204,1,40
124,-40.1722,-44.5872,22.6225,224.851,1,40
124,-40.1215,-44.6328,44.1502,120.513,1,40
124,-39.7116,-44.9979,-66.4616,1573.54,1,40
124,-38.0373,-46.4219,-194.354,526.047,1,40
124,-34.0501,-49.4208,14.8414,142.578,1,40
124,-34.0111,-49.4477,-72.4191,305.609,1,40
124,-33.6671,-49.6825,14.4153,217.087,1,40
124,-31.3684,-51.1649,-299.382,1374.11,1,40
124,-31.3147,-51.1978,-116.276,322.083,1,40
124,-30.9241,-51.4346,-116.831,64.7684,1,40
124,-27.0747,-53.5611,-177.627,1200.42,1,40
124,-27.159,-53.5183,105.5,144,1,40
124,-26.3187,-53.9365,66.0214,359.98,1,40
124,-26.5361,-53.8299,-40.1285,582.93,1,40
124,-25.7167,-54.2262,-155.656,2624.17,1,40
124,-25.6784,-54.2443,-223.893,543.21,1,40
124,-25.0113,-54.5551,23.4166,755.556,1,40
124,-24.3584,-54.8497,-284.146,393.713,1,40
124,-24.014,-55.0014,-5.29915,1141.84,1,40
124,-22.1992,-55.7586,23.298,1075.58,1,40
124,-19.149,-56.8783,93.1237,282.574,1,40
124,-18.6302,-57.0503,20.8023,347.646,1,40
124,-17.906,-57.2817,20.9976,232.507,1,40
124,-14.8602,-58.1464,-78.6946,454.958,1,40
124,-14.3402,-58.2768,-79.368,447.521,1,40
124,-14.3602,-58.2719,-204.469,646.257,1,40
124,-10.334,-59.1188,63.2235,301.832,1,40
124,-10.3409,-59.1176,-11.5258,145.968,1,40
124,-9.89293,-59.1942,93.135,554.765,1,40
124,-9.57607,-59.2463,-11.4495,672.857,1,40
124,-7.0948,-59.5944,-52.092,347.41,1,40
124,-6.77765,-59.6313,58.436,44.2095,1,40
124,-6.29265,-59.6844,58.9479,717.016,1,40
124,-3.59403,-59.9075,9.10972,453.615,1,40
124,-2.25615,-59.9728,-41.9541,268.498,1,40
124,-1.72264,-59.9905,-88.8861,656,1,40
124,12.9098,-58.6103,-36.3977,89.4683,1,40
124,12.9098,-58.6103,-225.218,395.014,1,40
124,14.0262,-58.3531,76.983,674.165,1,40
124,14.0262,-58.3531,-169.447,135.091,1,40
124,16.1523,-57.8007,-169.163,146.994,1,40
124,16.0552,-57.8278,-289.31,350.811,1,40
124,17.3806,-57.4433,32.5554,731.495,1,40
124,20.2592,-56.4924,102.892,902.633,1,40
124,20.9104,-56.2546,-267.886,120.624,1,40
124,23.7462,-55.1175,49.3927,1488.16,1,40
124,23.7549,-55.1138,-4.07259,920.189,1,40
124,24.1656,-54.935,-200.833,260.107,1,40
124,24.6478,-54.7203,105.15,254.01,1,40
124,24.4452,-54.8111,-300.175,133.173,1,40
124,24.6941,-54.6994,-200.628,27.0416,1,40
124,25.4758,-54.3397,55.0586,339.073,1,40
124,27.5025,-53.3426,-153.107,808.622,1,40
124,29.4862,-52.2723,-278.183,1157.83,1,40
124,31.1504,-51.2979,9.30811,22753.2,1,40
124,30.7838,-51.5188,-0.709066,1156,1,40
124,30.9777,-51.4024,-66.355,359.165,1,40
124,30.8423,-51.4837,-96.1146,231.707,1,40
124,31.1177,-51.3178,82.0436,340.081,1,40
124,31.0643,-51.3501,-12.796,27.1284,1,40
124,34.917,-48.8122,47.006,552.198,1,40
124,35.0762,-48.6979,-21.7931,654.349,1,40
124,35.0899,-48.688,-5.06278,543.643,1,40
124,39.4149,-45.258,-208.273,682.786,1,40
124,41.6047,-43.2536,-26.452,1179.47,1,40
124,43.6135,-41.2273,40.4848,1255.65,1,40
124,44.0235,-40.7891,-119.671,390.308,1,40
124,46.2151,-38.2883,102.658,114.968,1,40
124,46.5701,-37.8557,103.308,125.803,1,40
124,46.9118,-37.4314,-217.83,679.818,1,40
124,46.9582,-37.3731,8.68494,246,1,40
124,47.5634,-36.5998,14.764,25.0416,1,40
124,48.1918,-35.7684,88.6815,1287.77,1,40
124,49.7083,-33.629,57.2402,241.734,1,40
124,50.7263,-32.0728,-29.9862,254.007,1,40
124,51.5097,-30.7989,41.6226,436.086,1,40
124,51.7667,-30.365,41.0547,354.457,1,40
124,51.9586,-30.0354,-202.906,206.243,1,40
124,52.0395,-29.8951,43.9561,400.376,1,40
124,52.8536,-28.4311,67.4653,341.913,1,40
124,54.9125,-24.2166,-139.665,133.668,1,40
124,56.5695,-20.0428,-257.598,915.934,1,40
124,56.5507,-20.0957,-66.429,2066.66,1,40
124,57.0042,-18.7709,99.8181,473.17,1,40
124,58.9644,-11.1816,24.1767,2055.42,1,40
124,59.1661,-10.0595,26.9291,369.027,1,40
124,59.4755,-8.03028,-34.5888,294.38,1,40
124,60.005,1.10599,-224.152,593.083,1,40
124,59.5952,7.08761,-74.9329,872.131,1,40
124,59.3121,9.15956,-171.114,929.492,1,40
124,57.5966,16.8657,27.5894,675.332,1,40
124,56.8201,19.3209,-239.908,153.023,1,40
124,56.4402,20.4042,3.12379,820.991,1,40
124,51.3287,31.0997,88.7432,561.056,1,40
124,51.2973,31.1514,10.068,69.5944,1,40
124,51.1117,31.4551,24.9569,336.892,1,40
124,51.1191,31.443,8.81644,239.693,1,40
124,51.1349,31.4172,-229.863,164.636,1,40
124,50.1715,32.9339,6.10176,384.69,1,40
124,50.1635,32.9461,-20.0946,2578.43,1,40
124,49.8406,33.4326,61.6381,855.607,1,40
124,49.5803,33.8174,54.62,28.1101,1,40
124,49.3284,34.1838,54.2755,522.429,1,40
124,48.699,35.0746,41.8962,269.523,1,40
124,48.7252,35.0383,-2.97214,638.638,1,40
124,48.2584,35.6785,40.7002,692.938,1,40
124,47.9633,36.0742,-57.8975,1117.38,1,40
124,47.6035,36.5476,-282.006,1266.26,1,40
124,47.2281,37.0314,-238.197,84.221,1,40
124,47.0599,37.245,-237.352,95.5654,1,40
124,44.7178,40.0268,-43.6132,385.954,1,40
124,41.2994,43.5452,-15.8991,515.888,1,40
124,39.9158,44.8168,102.306,777.529,1,40
124,39.9197,44.8134,1.97736,302.077,1,40
124,39.755,44.9596,62.676,44.2741,1,40
124,39.6615,45.0421,-19.8397,214.154,1,40
124,39.5092,45.1757,62.0567,93.2024,1,40
124,35.8206,48.1529,-30.3991,300.063,1,40
124,32.2039,50.6432,25.0808,471.904,1,40
124,30.2387,51.8406,-162.728,1064.64,1,40
124,27.9605,53.104,-200.085,2049.37,1,40
124,18.7952,56.9962,-251.043,658.285,1,40
124,17.8772,57.2907,-280.856,405.507,1,40
124,16.7213,57.6387,-269.542,351.775,1,40
124,9.2578,59.2969,79.2221,638.906,1,40
124,3.40368,59.9186,55.1985,368.544,1,40
124,0.245482,60.0147,-34.1837,73.6761,1,40
124,-0.0818359,60.0151,25.788,41.0449,1,40
124,-1.39104,59.9991,3.07071,92.59,1,40
124,-1.71827,59.9906,3.16838,197.393,1,40
124,-2.84976,59.9475,-85.9595,743.633,1,40
124,-3.35342,59.9214,-85.724,24.0555,1,40
124,-7.74689,59.5131,39.6263,780.95,1,40
124,-7.92712,59.4894,-47.2192,183.38,1,40
124,-8.70079,59.3811,40.0637,193.031,1,40
124,-8.8731,59.3556,-47.3136,316.62,1,40
124,-9.81355,59.2074,-47.4619,948.034,1,40
124,-13.5931,58.4556,-279.126,303.067,1,40
124,-15.1375,58.0748,43.7567,84.4699,1,40
124,-15.1375,58.0748,-46.0819,671.439,1,40
124,-26.4891,53.8531,-16.1546,403.687,1,40
124,-30.6517,51.5975,-124.988,732.006,1,40
124,-33.4038,49.8599,55.8952,576.337,1,40
124,-33.6571,49.6892,15.5201,871.609,1,40
124,-34.7577,48.9257,-29.0366,240.136,1,40
124,-36.3461,47.7576,79.2777,5870.38,1,40
124,-36.9075,47.325,51.704,430.454,1,40
124,-42.8842,41.9853,-197.388,956.551,1,40
124,-44.1864,40.6127,58.7779,240.031,1,40
124,-44.4977,40.2713,58.1608,165.364,1,40
124,-44.7421,39.9996,58.3117,92.1102,1,40
124,-51.2447,31.2379,-67.3771,106.219,1,40
124,-51.5457,30.7386,-32.0228,278.887,1,40
124,-51.7805,30.3414,56.0802,951,1,40
124,-54.8015,24.4667,8.71945,973.034,1,40
124,-55.2432,23.4523,31.8354,2346.73,1,40
124,-55.5035,22.8294,-232.093,5597.91,1,40
124,-56.1329,21.235,47.7223,407.198,1,40
124,-56.3468,20.6605,-39.5653,236.812,1,40
124,-56.9559,18.9169,-167.903,19882.2,1,40
124,-57.0627,18.5924,-176.955,904,1,40
124,-58.2734,14.3541,-193.114,553.897,1,40
124,-58.8684,11.6764,-226.93,280.094,1,40
124,-59.2958,9.26441,-104.071,292.129,1,40
124,-59.543,7.51376,19.8314,162.369,1,40
124,-59.6474,6.63386,82.6892,1010.73,1,40
124,-59.6888,6.25044,10.0939,154.903,1,40
124,-59.8369,4.62295,37.444,112.316,1,40
124,-59.8698,4.17542,37.9099,118.966,1,40
124,-59.9745,2.20899,-70.036,26.0693,1,40
124,-60.0138,0.409151,72.4759,289.727,1,40
124,-61.1114,-0.0833403,-46.8737,264.564,0,41
124,-61.0496,-2.74891,30.8387,118.761,0,41
124,-60.9996,-3.69669,112.198,171.645,0,41
124,-60.7761,-6.39411,-73.7445,562.939,0,41
124,-60.0622,-11.2759,31.2414,100.772,0,41
124,-59.9768,-11.7216,264.402,1470.06,0,41
124,-59.1356,-15.414,179.004,27.0555,0,41
124,-58.8083,-16.6194,39.9011,567.585,0,41
124,-58.8483,-16.4771,230.769,436.993,0,41
124,-58.5996,-17.3406,39.932,26.1387,0,41
124,-57.1829,-21.5576,293.957,191.324,0,41
124,-57.0342,-21.9481,294.55,111.975,0,41
124,-55.1368,-26.3543,-64.5943,143.073,0,41
124,-54.6982,-27.2529,-48.4819,240.8,0,41
124,-54.6982,-27.2529,-8.828,26.0277,0,41
124,-54.3575,-27.9263,-48.5744,448.257,0,41
124,-54.168,-28.292,-48.7724,110.319,0,41
124,-54.1135,-28.3963,120.113,835.955,0,41
124,-53.9744,-28.6598,-48.684,83.111,0,41
124,-53.8428,-28.9062,-40.3439,203.403,0,41
124,-53.8136,-28.9606,-24.9389,279.889,0,41
124,-53.5452,-29.4537,158.651,287.056,0,41
124,-52.6301,-31.0595,-9.676,24.208,0,41
124,-52.4599,-31.3461,-9.676,21.0693,0,41
124,-50.3542,-34.6276,-76.5341,269.69,0,41
124,-49.1821,-36.2731,-24.0948,1511.02,0,41
124,-46.0083,-40.2226,-40.8048,523.813,0,41
124,-44.4426,-41.9461,-67.4094,1517.65,0,41
124,-44.4619,-41.9256,13.4928,592.887,0,41
124,-43.9187,-42.4943,-46.1172,514.842,0,41
124,-43.9667,-42.4447,-44.357,124.251,0,41
124,-43.7346,-42.6837,210.38,96.4211,0,41
124,-43.6919,-42.7274,-70.732,81.2619,0,41
124,-42.8242,-43.5971,210.488,109.081,0,41
124,-41.8361,-44.5461,247.948,177.023,0,41
124,-40.5248,-45.7423,165.085,558.921,0,41
124,-39.3732,-46.7372,277.905,709.218,0,41
124,-39.5137,-46.6185,-42.7629,502.808,0,41
124,-39.1479,-46.9261,-44.0196,246.213,0,41
124,-27.9375,-54.3517,163.193,375.625,0,41
124,-27.4314,-54.6089,-77.2128,388.026,0,41
124,-25.7784,-55.4084,62.198,2999.04,0,41
124,-22.61,-56.775,-74.161,8330.87,0,41
124,-22.8464,-56.6803,-65.8306,943,0,41
124,-19.9055,-57.7788,2.04604,212.014,0,41
124,-16.8695,-58.737,182.307,3029.01,0,41
124,-16.2189,-58.92,-65.6236,260.439,0,41
124,-16.2059,-58.9235,182.231,559.831,0,41
124,-9.73456,-60.3312,-81.2307,469.993,0,41
124,-8.1037,-60.5718,3.57742,638.804,0,41
124,-7.26342,-60.6783,121.128,690.271,0,41
124,-5.27783,-60.8832,-105.063,620.785,0,41
124,-4.29384,-60.9605,-46.9388,1300.71,0,41
124,-2.47723,-61.0613,204.077,408.777,0,41
124,-1.92132,-61.0813,-10.8514,131.176,0,41
124,-0.128346,-61.1114,150.012,1776.67,0,41
124,-0.158901,-61.1113,170.071,1023.76,0,41
124,0.581589,-61.1087,54.4909,780.043,0,41
124,1.61299,-61.0902,182.398,386.909,0,41
124,2.59745,-61.0563,-0.870416,155.216,0,41
124,3.49455,-61.0115,-1.28047,281.07,0,41
124,3.5725,-61.007,0.924871,2146.45,0,41
124,5.1529,-60.8939,-43.6066,369.895,0,41
124,7.84385,-60.606,143.312,151.127,0,41
124,8.2033,-60.5584,122.079,2471.36,0,41
124,10.0092,-60.2862,185.308,710.692,0,41
124,14.6628,-59.3264,44.4459,369.481,0,41
124,17.1612,-58.6524,-33.42,106.401,0,41
124,17.0208,-58.6933,54.9266,93.1575,0,41
124,17.0208,-58.6933,239.212,28.2219,0,41
124,17.4882,-58.5558,203.484,555.057,0,41
124,17.5004,-58.5521,238.952,84.8518,0,41
124,18.2492,-58.3231,-98.2032,768.076,0,41
124,18.8252,-58.1397,33.048,135.786,0,41
124,20.1902,-57.6799,-60.9176,974.461,0,41
124,24.0164,-56.1946,124.728,794.623,0,41
124,31.6841,-52.2564,286.7,68.1925,0,41
124,32.3002,-51.8779,286.276,126.342,0,41
124,32.9168,-51.4888,-90.195,743.798,0,41
124,36.154,-49.2697,86.2536,304.147,0,41
124,36.6329,-48.9147,-60.2976,3314.14,0,41
124,36.5529,-48.9745,86.9153,159.561,0,41
124,36.6046,-48.9359,194.467,58.5405,0,41
124,36.8835,-48.726,87.7466,308.539,0,41
124,36.8709,-48.7355,194.915,150.286,0,41
124,37.4273,-48.3096,134.083,926.965,0,41
124,38.3371,-47.5908,-41.6124,2698.92,0,41
124,38.3783,-47.5576,192.222,705.018,0,41
124,41.8827,-44.5023,-103.576,181.528,0,41
124,42.0039,-44.3879,113.137,207.37,0,41
124,45.6031,-40.6814,-96.0835,685.824,0,41
124,46.0011,-40.2308,202.741,441.272,0,41
124,46.5538,-39.5899,203.435,218.395,0,41
124,46.806,-39.2914,9.16215,114.655,0,41
124,47.816,-38.0558,-99.3506,119.027,0,41
124,50.0821,-35.02,120.168,136.415,0,41
124,51.6058,-32.7332,65.7037,133.563,0,41
124,52.1635,-31.8369,244.724,68.3467,0,41
124,52.3149,-31.5874,-44.4804,840.9,0,41
124,52.5536,-31.1887,-55.932,459.438,0,41
124,53.1504,-30.1605,-62.1799,560.794,0,41
124,54.0446,-28.5271,45.5287,947.057,0,41
124,54.1961,-28.2383,-86.0985,485.971,0,41
124,55.8273,-24.8582,85.0673,222.769,0,41
124,55.8598,-24.7851,54.9307,173.003,0,41
124,56.348,-23.654,93.6912,218.013,0,41
124,57.1772,-21.5727,37.4744,501.007,0,41
124,57.4057,-20.9572,-5.77958,331.58,0,41
124,57.4125,-20.9386,219.421,111.033,0,41
124,57.6386,-20.3077,124.979,95.9701,0,41
124,58.534,-17.5608,-54.2647,172.768,0,41
124,58.6467,-17.1807,-54.7587,67.3573,0,41
124,59.473,-14.0562,27.5324,29257.1,0,41
124,59.2598,-14.9297,35.1604,406,0,41
124,59.3403,-14.6063,40.9005,1855,0,41
124,59.3403,-14.6063,53.5,22,0,41
124,59.5178,-13.8655,32.946,550,0,41
124,59.6809,-13.1456,38.6463,1483,0,41
124,59.6809,-13.1456,50.108,21,0,41
124,59.6809,-13.1456,50.956,22,0,41
124,60.7608,-6.53777,28.9751,164.636,0,41
124,60.9665,-4.20721,-92.0671,546.93,0,41
124,60.9532,-4.39565,-61.0057,690.984,0,41
124,61.0321,-3.11451,165.471,5633.53,0,41
124,61.0941,-1.45677,-44.3636,410.689,0,41
124,61.1028,-1.03331,200.739,114.367,0,41
124,61.1114,-0.113734,-40.9117,188.134,0,41
124,60.8637,5.49741,-27.8095,721.185,0,41
124,60.7922,6.23871,-94.476,1.01387,0,41
124,60.5493,8.27059,231.621,5659.11,0,41
124,59.8533,12.3368,-60.0668,1102.97,0,41
124,59.62,13.4189,96.0315,1201.14,0,41
124,59.1356,15.414,292.636,38.0277,0,41
124,58.8548,16.4539,114.859,411.245,0,41
124,58.6467,17.1808,-45.9803,62.7002,0,41
124,58.4917,17.7014,-46.089,1286.86,0,41
124,58.4983,17.6795,-18.2428,299.721,0,41
124,58.1067,18.927,-17.3789,1224.51,0,41
124,57.893,19.5708,7.90829,210.588,0,41
124,57.2925,21.2645,201.57,662.425,0,41
124,56.7763,22.6069,237.081,2265.84,0,41
124,55.2797,26.0532,123.248,132.121,0,41
124,54.9197,26.8038,-69.521,1339.64,0,41
124,52.6404,31.042,-63.7991,575.723,0,41
124,50.3472,34.6377,16.7957,1920.88,0,41
124,49.4273,35.9382,130.691,485.984,0,41
124,49.2177,36.2248,2.40671,438.383,0,41
124,48.6975,36.9212,272.669,306.85,0,41
124,48.3604,37.3616,-63.3835,296.185,0,41
124,46.2617,39.9308,8.00712,2666.07,0,41
124,42.8983,43.5241,-95.2169,135.24,0,41
124,39.3322,46.7717,79.1603,1549.65,0,41
124,37.8315,47.9937,-62.4116,300.599,0,41
124,35.3629,49.8405,44.7464,114.667,0,41
124,33.7571,50.9418,44.9317,707.473,0,41
124,32.0978,52.0033,2.78212,393.419,0,41
124,30.7925,52.7867,16.0143,486.432,0,41
124,30.3634,53.0347,71.5783,137.943,0,41
124,29.8544,53.3229,71.6852,262.644,0,41
124,28.5306,54.0428,144.305,225.028,0,41
124,28.013,54.3129,-41.1506,283.746,0,41
124,23.1831,56.5434,-1.35288,1401.89,0,41
124,21.2724,57.2896,105.849,372.372,0,41
124,20.1706,57.6868,131.257,254.007,0,41
124,18.985,58.0877,-60.4811,961.11,0,41
124,18.2971,58.3081,-51.4233,82.6053,0,41
124,17.6878,58.4958,5.23206,222.537,0,41
124,13.7942,59.5343,-15.3556,1118.68,0,41
124,11.8659,59.9484,-73.8911,598.349,0,41
124,11.3558,60.0472,-28.0462,1232.92,0,41
124,10.0594,60.2779,-47.2813,1545.06,0,41
124,8.15437,60.565,-35.3754,718.579,0,41
124,1.25266,61.0987,37.0862,456.352,0,41
124,0.871895,61.1053,-34.177,380.072,0,41
124,-3.56399,61.0075,125.365,1104.03,0,41
124,-4.42338,60.9512,191.073,753.386,0,41
124,-5.57522,60.8567,-56.0694,63.1491,0,41
124,-7.74116,60.6192,-46.5743,315.71,0,41
124,-7.91133,60.5972,-35.9612,318.519,0,41
124,-7.56341,60.6417,214.62,36.248,0,41
124,-7.89404,60.5995,214.196,44.1248,0,41
124,-8.5546,60.5098,-46.8641,103.479,0,41
124,-19.9167,57.7749,-30.6931,476.489,0,41
124,-20.4468,57.5894,100.529,998.536,0,41
124,-20.6593,57.5136,24.6897,224.163,0,41
124,-22.8464,56.6803,-78.9936,169.242,0,41
124,-22.8853,56.6646,-8.0809,159.799,0,41
124,-23.1824,56.5437,207.278,142.59,0,41
124,-25.6713,55.4581,-27.7067,139.198,0,41
124,-28.2538,54.188,-69.9193,297.477,0,41
124,-31.3453,52.4603,-59.1781,450.604,0,41
124,-32.0247,52.0484,34.3555,574.95,0,41
124,-32.0344,52.0424,80.0321,456.141,0,41
124,-33.1015,51.3703,-89.4173,744.437,0,41
124,-32.6241,51.6748,80.212,29.0553,0,41
124,-33.1225,51.3567,-37.6008,201.855,0,41
124,-38.0989,47.7817,-10.9973,170.805,0,41
124,-38.3263,47.5995,164.456,262.514,0,41
124,-38.6218,47.36,288.932,632.485,0,41
124,-39.7262,46.4375,76.6402,520.91,0,41
124,-42.7685,43.6517,304.934,393.547,0,41
124,-46.0794,40.141,297.214,1105.79,0,41
124,-47.5563,38.3799,98.5294,3617.04,0,41
124,-47.5342,38.4072,118.122,1299.14,0,41
124,-49.7388,35.5059,-97.5909,719.357,0,41
124,-49.8354,35.3701,37.0006,1496.44,0,41
124,-50.1074,34.9838,36.964,31.3786,0,41
124,-50.6731,34.1593,42.476,37.1696,0,41
124,-50.6731,34.1593,111.588,28.0538,0,41
124,-51.0769,33.5524,111.762,308.936,0,41
124,-51.7179,32.5557,-86.1842,511.367,0,41
124,-51.9756,32.1428,10.5083,281.047,0,41
124,-52.7824,30.8,-29.0942,728.203,0,41
124,-54.0294,28.5559,26.8084,946.633,0,41
124,-55.6131,25.3336,-44.5583,137.643,0,41
124,-56.2491,23.8883,13.3237,420.827,0,41
124,-56.5547,23.1557,-59.521,325.916,0,41
124,-56.5655,23.1292,13.4993,137.718,0,41
124,-56.9647,22.1277,255.979,385.738,0,41
124,-58.1921,18.6627,-100.432,659.028,0,41
124,-58.5129,17.6311,-55.3509,149.495,0,41
124,-59.3686,14.4909,-18.6125,201.205,0,41
124,-60.1505,10.795,20.1708,465.631,0,41
124,-60.1736,10.6657,52.6208,316.982,0,41
124,-60.226,10.3656,53.5,28.2268,0,41
124,-60.4778,8.77772,-91.6451,1650.49,0,41
124,-60.6264,7.6846,-36.4626,1498.2,0,41
124,-60.5363,8.36482,-59.0572,316.091,0,41
124,-61.0659,2.36114,-59.4881,349.128,0,41
124,-61.0815,-1.91623,8.404,32.0694,1,41
124,-61.0637,-2.41589,7.16527,4844.59,1,41
124,-58.8801,-16.3631,60.5844,382.801,1,41
124,-58.5671,-17.4501,-0.722065,258.611,1,41
124,-58.0009,-19.2487,60.3426,96.744,1,41
124,-57.2426,-21.3985,105.5,106,1,41
124,-56.9865,-22.0715,-21.276,40.0971,1,41
124,-56.7983,-22.5514,-199.236,1133.09,1,41
124,-56.7838,-22.5878,-21.4676,279.383,1,41
124,-56.7585,-22.6514,-30.9257,363.796,1,41
124,-54.8965,-26.8513,-71.3258,358.001,1,41
124,-54.4488,-27.7479,9.98158,1334.06,1,41
124,-54.4493,-27.7469,18.156,100.335,1,41
124,-52.3382,-31.5488,52.924,55.1942,1,41
124,-51.2739,-33.2507,53.5416,2198.38,1,41
124,-51.8543,-32.338,-122.082,324.355,1,41
124,-50.486,-34.4352,54.0202,61.4732,1,41
124,-50.3258,-34.6689,-28.9163,646.543,1,41
124,-49.8572,-35.3394,-30.9246,1643.04,1,41
124,-49.369,-36.0183,34.7856,557.654,1,41
124,-46.4467,-39.7155,-171.909,23162.8,1,41
124,-46.9738,-39.0907,-37.0599,537.475,1,41
124,-46.653,-39.4729,-182.857,2064,1,41
124,-46.4134,-39.7544,93.7793,977.449,1,41
124,-46.105,-40.1116,-178.195,1347,1,41
124,-42.6604,-43.7573,31.1981,749.439,1,41
124,-41.659,-44.7118,23.0128,291.223,1,41
124,-40.8254,-45.4742,-64.857,903.142,1,41
124,-40.5551,-45.7155,44.4848,1667.71,1,41
124,-38.7939,-47.2191,-193.524,253.24,1,41
124,-34.847,-50.2026,15.612,27.0832,1,41
124,-34.2974,-50.5797,-72.7759,485.557,1,41
124,-32.3687,-51.8351,-115.082,549.056,1,41
124,-32.3376,-51.8545,-299.527,171.346,1,41
124,-31.2986,-52.4882,30.1513,968.222,1,41
124,-27.6995,-54.4734,105.5,52,1,41
124,-26.7226,-54.9592,65.2912,397.713,1,41
124,-26.8344,-54.9048,-38.3223,1405.02,1,41
124,-26.47,-55.0813,-154.164,1992.65,1,41
124,-25.7456,-55.4236,-177.243,514.877,1,41
124,-25.5378,-55.5197,23.4251,1072.36,1,41
124,-25.3748,-55.5944,-221.864,886.515,1,41
124,-24.9932,-55.767,-177.074,61.5759,1,41
124,-24.6876,-55.903,-4.02382,582.159,1,41
124,-24.5207,-55.9763,-282.57,1418.03,1,41
124,-24.3834,-56.0363,-176.759,71.2913,1,41
124,-23.7615,-56.3028,-176.927,217.947,1,41
124,-23.0855,-56.5834,-295.051,451.909,1,41
124,-22.8006,-56.6988,24.1896,424.475,1,41
124,-20.6894,-57.5027,20.3525,419.838,1,41
124,-20.3864,-57.6108,65.9549,638.528,1,41
124,-19.7927,-57.8175,20.5633,304.562,1,41
124,-19.4322,-57.9397,94.332,1057.24,1,41
124,-8.71955,-60.4862,-1.95214,170.77,1,41
124,-2.41588,-61.0637,9.252,23.0973,1,41
124,-1.91622,-61.0815,-41.8139,53.4683,1,41
124,-1.91622,-61.0815,-87.6027,130.398,1,41
124,-1.41644,-61.0951,-41.8521,118.803,1,41
124,2.0828,-61.076,-33.996,29.2219,1,41
124,2.80406,-61.0471,-33.8129,145.926,1,41
124,8.8066,-60.4736,-301.619,240.494,1,41
124,9.29,-60.4013,-106.376,188.229,1,41
124,11.5985,-60.0007,-170.015,1390.92,1,41
124,11.2521,-60.0667,90.6359,633.729,1,41
124,11.3509,-60.0481,48.7774,122.72,1,41
124,11.286,-60.0603,-136.787,211.062,1,41
124,11.5099,-60.0178,-291.449,618.99,1,41
124,12.5239,-59.8144,-35.9026,1226.64,1,41
124,12.9924,-59.7144,-224.392,222.31,1,41
124,13.0937,-59.6923,-169.598,141.579,1,41
124,13.4709,-59.6083,-169.676,25.1232,1,41
124,14.8863,-59.2707,77.4822,636.145,1,41
124,16.7927,-58.759,-288.987,571.427,1,41
124,17.3643,-58.5926,32.2567,929.324,1,41
124,18.2234,-58.3311,-134.428,1138.65,1,41
124,19.4883,-57.9208,102.475,643.904,1,41
124,19.8538,-57.7965,2.32877,2762.31,1,41
124,21.1163,-57.3473,-267.004,286.659,1,41
124,24.5524,-55.9625,-4.03891,1157.05,1,41
124,24.5631,-55.9577,50.2882,1118.09,1,41
124,25.1358,-55.7028,-298.383,495.465,1,41
124,25.7041,-55.4429,56.2015,552.438,1,41
124,28.292,-54.168,-152.088,60.463,1,41
124,28.694,-53.9562,-150.923,103.692,1,41
124,29.2166,-53.675,-277.569,2632.04,1,41
124,31.6317,-52.2881,-11.948,35.1509,1,41
124,31.6318,-52.2881,-64.7777,1202.67,1,41
124,33.4652,-51.1341,6.49559,1817.72,1,41
124,44.3172,-42.0785,-118.796,22.0172,1,41
124,44.892,-41.4647,40.8722,1350.42,1,41
124,47.5187,-38.4265,-216.984,184.386,1,41
124,48.113,-37.6796,104.547,1832.14,1,41
124,47.7225,-38.173,17.5388,281.464,1,41
124,48.681,-36.9429,15.479,164.995,1,41
124,48.9966,-36.5233,89.7563,248.369,1,41
124,49.0542,-36.4459,16.0872,477.435,1,41
124,50.4946,-34.4225,57.9148,297.535,1,41
124,51.7018,-32.5812,-29.7558,388.011,1,41
124,52.1489,-31.8608,43.1012,2342.43,1,41
124,52.3704,-31.4953,12.0192,641.3,1,41
124,52.7572,-30.8431,45.5183,1351.68,1,41
124,53.0065,-30.4125,-201.817,300.443,1,41
124,53.4986,-29.5384,68.3996,273.228,1,41
124,55.9823,-24.507,-139.465,627.601,1,41
124,57.3514,-21.1052,-66.733,1884.67,1,41
124,57.8191,-19.788,-257.112,108.847,1,41
124,58.0462,-19.1116,-256.677,545.472,1,41
124,58.1486,-18.7976,101.854,1598.39,1,41
124,59.888,-12.1673,24.7834,66.6608,1,41
124,60.3077,-9.8791,28.491,1341.32,1,41
124,61.0951,1.41646,-222.2,1093.01,1,41
124,60.6621,7.398,-73.718,475.224,1,41
124,58.4737,17.7606,28.4806,1426.05,1,41
124,57.7154,20.0885,-239.799,162.602,1,41
124,57.2729,21.3174,4.12171,490.33,1,41
124,52.4538,31.3562,89.388,100.368,1,41
124,52.4599,31.3461,11.796,27.1248,1,41
124,52.3148,31.5876,10.9494,419.81,1,41
124,52.2748,31.6538,-228.68,531.825,1,41
124,52.0276,32.0585,25.788,23.4435,1,41
124,51.8968,32.2697,26.4278,43.4093,1,41
124,51.3688,33.1038,-19.0763,2023.42,1,41
124,50.963,33.7252,6.12917,208.451,1,41
124,50.646,34.1994,55.7602,548.923,1,41
124,50.5797,34.2974,51.8781,45,1,41
124,50.1289,34.9529,43.4132,155.257,1,41
124,49.8216,35.3896,42.7298,268.518,1,41
124,49.6453,35.6364,-2.40444,534.431,1,41
124,49.3846,35.9969,-305.78,45.071,1,41
124,48.8717,36.6903,-280.988,1472.06,1,41
124,48.9189,36.6273,-56.6181,559.744,1,41
124,47.8285,38.0402,-236.26,857.733,1,41
124,47.6626,38.2478,-158.366,482.8,1,41
124,46.1234,40.0905,-41.6273,186.252,1,41
124,45.7808,40.4812,-42.052,27.0987,1,41
124,41.8361,44.5461,-15.5268,94.9177,1,41
124,40.8816,45.4236,3.05627,100.772,1,41
124,40.6826,45.602,63.9694,928.289,1,41
124,40.5959,45.6792,-19.0354,628.22,1,41
124,40.1622,46.061,101.776,388.323,1,41
124,36.6767,48.8818,-30.1888,1287.1,1,41
124,29.729,53.3929,-200.925,276.769,1,41
124,29.3323,53.6119,-160.996,543.987,1,41
124,28.9134,53.8389,-200.722,224.213,1,41
124,19.5767,57.891,-249.64,1303.72,1,41
124,17.988,58.4042,-279.199,192.292,1,41
124,17.5643,58.533,-267.689,371.668,1,41
124,9.92008,60.301,46.3576,228.097,1,41
124,9.19646,60.4156,79.9765,261.378,1,41
124,4.02639,60.9787,57.0897,215.377,1,41
124,3.81395,60.9924,56.1463,58.5641,1,41
124,-1.91624,61.0814,4.38339,71.6666,1,41
124,-2.41589,61.0637,-86.1387,310.259,1,41
124,-2.84636,61.0452,-86.148,82.1404,1,41
124,-5.50834,60.8627,37.9208,549.297,1,41
124,-6.24749,60.7913,38.508,114.729,1,41
124,-6.91764,60.7187,39.1034,403.624,1,41
124,-11.677,59.9855,-47.564,34,1,41
124,-12.004,59.9209,-47.564,34.0555,1,41
124,-12.7717,59.762,-47.6897,169.11,1,41
124,-14.0309,59.479,-277.76,1870.54,1,41
124,-15.0547,59.2281,-44.7626,279.704,1,41
124,-18.7735,58.1564,41.9,22.182,1,41
124,-19.2581,57.9978,41.263,457.056,1,41
124,-21.1231,57.3448,39.1295,1241.47,1,41
124,-26.5993,55.019,-15.4788,247.279,1,41
124,-28.5176,54.0496,-14.4622,233.596,1,41
124,-31.0178,52.6546,-124.915,267.294,1,41
124,-34.2432,50.6164,57.0221,340.568,1,41
124,-35.3163,49.8736,-28.8157,701.062,1,41
124,-36.2825,49.1751,77.8851,7321.32,1,41
124,-37.4269,48.3098,53.1116,140.306,1,41
124,-43.8882,42.5257,-196.201,751.57,1,41
124,-44.2391,42.1606,59.999,103.586,1,41
124,-44.7057,41.6655,59.4895,637.2,1,41
124,-47.3449,38.6403,-237.092,753.219,1,41
124,-47.6849,38.22,-237.735,93.0095,1,41
124,-52.5392,31.213,-199.722,887.258,1,41
124,-52.6076,31.0976,-31.8004,450.648,1,41
124,-52.92,30.5628,56.6807,293.897,1,41
124,-55.3392,25.9266,104.414,885.188,1,41
124,-55.5098,25.5593,10.34,376.994,1,41
124,-55.6986,25.1452,10.1,25.994,1,41
124,-56.3481,23.6539,-233.226,2810.23,1,41
124,-56.4761,23.3466,31.6531,4768.53,1,41
124,-57.4173,20.9253,49.0826,507.11,1,41
124,-57.2957,21.2561,-38.5213,91.7179,1,41
124,-58.5272,17.5835,-168.016,18094.7,1,41
124,-58.4191,17.9396,-176.336,1352,1,41
124,-58.7853,16.7004,-182.915,2268,1,41
124,-58.925,16.2006,-168.093,765.409,1,41
124,-59.921,12.004,-226.35,98.4838,1,41
124,-60.7206,6.90143,83.8818,171.755,1,41
124,-60.775,6.40446,10.8783,335.196,1,41
124,-62.2086,-0.0848324,-47.5833,426.294,0,42
124,-62.1531,-2.62877,30.3674,161.902,0,42
124,-62.0616,-4.27572,111.5,236.223,0,42
124,-62.0209,-4.8301,110.889,94.133,0,42
124,-61.8874,-6.31423,-73.4445,538.014,0,42
124,-61.5207,-9.22628,211.195,312.632,0,42
124,-61.0628,-11.8852,31.0514,353.319,0,42
124,-61.0832,-11.7796,263.958,240.331,0,42
124,-59.6517,-17.652,39.8211,80.3174,0,42
124,-59.5299,-18.0584,39.8819,332.058,0,42
124,-58.554,-21.0084,292.461,536.865,0,42
124,-56.1267,-26.8275,-9.92037,74.7508,0,42
124,-55.9796,-27.1332,-64.9227,110.484,0,42
124,-55.9796,-27.1332,-9.06225,88.9483,0,42
124,-55.8307,-27.4381,-9.44229,62.3884,0,42
124,-54.6029,-29.8068,-48.8817,1625.18,0,42
124,-54.8841,-29.2857,-26.1156,677.277,0,42
124,-54.8925,-29.27,119.586,333.752,0,42
124,-54.6472,-29.7254,158.529,271.759,0,42
124,-54.5159,-29.9656,-40.8024,290.421,0,42
124,-54.3348,-30.2928,-41.476,22.1063,0,42
124,-54.0439,-30.8088,-49.108,55.0139,0,42
124,-53.5966,-31.5805,-9.48538,258.387,0,42
124,-53.5402,-31.6761,59.6183,182.651,0,42
124,-51.0987,-35.4803,-77.4362,304.293,0,42
124,-49.9873,-37.0296,-25.4715,427.367,0,42
124,-47.203,-40.5191,-42.3476,1585.6,0,42
124,-46.4109,-41.424,-42.9207,399.978,0,42
124,-45.7877,-42.1119,-43.3369,130.368,0,42
124,-45.2956,-42.6407,-68.4302,1478.75,0,42
124,-44.9147,-43.0417,12.3419,206.413,0,42
124,-44.6147,-43.3526,11.7465,96.9595,0,42
124,-43.5663,-44.406,210.804,39.2203,0,42
124,-42.9568,-44.9959,210.722,199.221,0,42
124,-42.3393,-45.5775,248.116,25.2791,0,42
124,-28.1856,-55.4571,161.799,834.576,0,42
124,-27.6455,-55.7283,-78.0209,678.872,0,42
124,-25.8245,-56.5952,60.8903,803.814,0,42
124,-23.4271,-57.6289,-74.5544,8720.8,0,42
124,-23.5709,-57.5702,-67.4583,613,0,42
124,-20.3975,-58.7696,1.60066,96.6453,0,42
124,-16.5101,-59.9778,-66.5786,153.748,0,42
124,-14.9373,-60.3887,181.855,12735.6,0,42
124,-14.2087,-60.5643,188.002,462,0,42
124,-10.047,-61.392,-82.0123,359.504,0,42
124,-8.48371,-61.6275,3.58512,191.091,0,42
124,-6.90436,-61.8244,120.098,413.665,0,42
124,-6.51945,-61.8661,119.644,55.2635,0,42
124,-3.97435,-62.0816,-47.7001,622.911,0,42
124,-2.9,-62.1411,202.915,2009.99,0,42
124,-1.70427,-62.1854,-11.1041,181.903,0,42
124,-0.587483,-62.2059,151.896,4149.14,0,42
124,-0.484212,-62.2068,168.847,281.337,0,42
124,1.10266,-62.1989,52.652,24.1354,0,42
124,1.61148,-62.1878,181.276,117.457,0,42
124,7.6992,-61.7304,142.964,24.1803,0,42
124,16.9715,-59.8489,238.827,572.128,0,42
124,17.3434,-59.7422,-33.8042,354.023,0,42
124,18.1873,-59.4907,202.575,669.214,0,42
124,18.654,-59.346,-99.1804,1329.16,0,42
124,19.2155,-59.1666,32.724,60.137,0,42
124,24.4958,-57.1829,124.706,292.267,0,42
124,33.4969,-52.4202,285.784,217.417,0,42
124,33.8519,-52.1917,-91.4139,243.231,0,42
124,36.1174,-50.6503,84.5612,619.313,0,42
124,38.1605,-49.1294,-43.242,4648.81,0,42
124,38.2371,-49.0698,133.242,538.722,0,42
124,38.9653,-48.4936,-81.1114,206.582,0,42
124,42.3948,-45.5258,-104.083,296.962,0,42
124,43.149,-44.8117,112.868,610.43,0,42
124,45.7352,-42.1689,201.204,660.262,0,42
124,46.2,-41.6591,201.476,92.3025,0,42
124,46.3845,-41.4536,-95.8898,807.352,0,42
124,46.5288,-41.2915,202.146,201.945,0,42
124,47.5577,-40.1022,8.556,98.4161,0,42
124,48.9898,-38.3396,-99.8454,83.3544,0,42
124,49.3018,-37.9375,-102.038,245.799,0,42
124,49.3018,-37.9375,-100.836,32.7716,0,42
124,49.508,-37.668,-101.684,33.0433,0,42
124,51.065,-35.5287,119.58,448.325,0,42
124,52.4343,-33.4749,64.4574,701.69,0,42
124,53.0152,-32.547,243.963,504.913,0,42
124,53.1867,-32.2661,-44.7479,1021.6,0,42
124,53.3225,-32.0411,-57.1849,287.904,0,42
124,53.9047,-31.0517,-62.968,171.78,0,42
124,55.0426,-28.9868,-87.472,678.315,0,42
124,56.9583,-25.0136,54.1104,485.246,0,42
124,56.8833,-25.1836,84.0206,468.757,0,42
124,57.16,-24.5491,93.1685,83.9344,0,42
124,58.3616,-21.537,37.4608,288.202,0,42
124,58.3791,-21.4896,218.776,371.505,0,42
124,58.5122,-21.1244,-6.82271,160.303,0,42
124,58.7138,-20.5577,124.308,45.1975,0,42
124,58.825,-20.2371,124.591,78.3408,0,42
124,59.7815,-17.2075,31.2562,9659.4,0,42
124,59.7184,-17.4251,-55.6885,148.355,0,42
124,59.9778,-16.5101,30.473,305.976,0,42
124,61.876,-6.42551,28.908,88.2896,0,42
124,62.056,-4.35596,-61.9727,239.886,0,42
124,62.0961,-3.74143,163.565,4041.12,0,42
124,62.0996,-3.68305,-93.2865,308.508,0,42
124,62.1889,-1.56767,-44.3569,341.711,0,42
124,62.2062,-0.561647,-42.3365,369.27,0,42
124,62.2071,-0.446831,199.403,588.985,0,42
124,62.0075,4.99923,-28.1808,77.7488,0,42
124,61.9715,5.42744,-95.5108,407.717,0,42
124,61.9246,5.93866,19.5545,696.657,0,42
124,61.7178,7.79942,230.916,6661.52,0,42
124,61.7304,7.6992,236.277,266,0,42
124,60.9441,12.4794,-61.9178,470.031,0,42
124,60.7974,13.1755,96.1292,2796.14,0,42
124,60.282,15.3622,292.212,30.265,0,42
124,60.1974,15.6908,291.88,230.417,0,42
124,60.1543,15.8549,294.332,1.07426,0,42
124,59.5092,18.1267,-45.7102,325.228,0,42
124,59.4314,18.3801,-47.3955,116.893,0,42
124,59.2525,18.9491,-47.9809,99.3964,0,42
124,58.8594,20.137,-16.7397,1567.06,0,42
124,58.759,20.4279,7.26879,472.067,0,42
124,58.5242,21.0911,-16.0779,596.562,0,42
124,58.2517,21.8325,200.504,621.812,0,42
124,57.6796,23.302,235.092,430.078,0,42
124,56.416,26.2136,56.6849,61.4161,0,42
124,56.2498,26.5683,56.9809,2950.23,0,42
124,56.2722,26.521,67.2933,1037,0,42
124,56.2722,26.521,75.972,24,0,42
124,56.2722,26.521,122.649,260.219,0,42
124,56.0453,26.9972,-71.0199,619.935,0,42
124,53.893,31.072,-64.1549,242,0,42
124,52.8024,32.8911,-24.0613,914.818,0,42
124,51.4372,34.9876,16.7641,2241.22,0,42
124,50.419,36.4396,1.39505,424.337,0,42
124,50.1168,36.8541,130.125,479.493,0,42
124,49.4527,37.7405,-64.83,462.382,0,42
124,47.4554,40.2232,7.39831,1753.19,0,42
124,43.5939,44.379,-96.4091,114.781,0,42
124,40.2485,47.434,78.0839,277.702,0,42
124,37.2858,49.7965,284.869,119.629,0,42
124,35.559,51.0439,44.7074,278.499,0,42
124,34.6364,51.6744,43.3787,520.381,0,42
124,33.0662,52.693,1.95469,61.6879,0,42
124,31.1416,53.8528,15.3364,424.554,0,42
124,29.1251,54.9696,70.5419,170.011,0,42
124,28.7622,55.1603,143.997,252.802,0,42
124,23.1392,57.7451,-2.02337,268.659,0,42
124,22.9415,57.8239,-2.892,30.0139,0,42
124,20.2578,58.8179,131.04,869.623,0,42
124,19.0625,59.2161,-61.4279,251.778,0,42
124,18.5471,59.3795,-52.4326,259.187,0,42
124,14.1644,60.5747,-15.8766,621.309,0,42
124,11.5568,61.1258,-74.7813,94.7103,0,42
124,10.8062,61.2629,-27.484,44.1481,0,42
124,9.86318,61.4218,-27.1738,1903.35,0,42
124,7.60867,61.7416,-34.7764,291.293,0,42
124,2.62875,62.1531,10.4156,93.0343,0,42
124,2.22576,62.1689,9.571,263.112,0,42
124,1.47601,62.1912,36.9428,480.569,0,42
124,0.573636,62.2061,-34.9486,281.481,0,42
124,-3.93822,62.0839,189.43,583.316,0,42
124,-5.85265,61.9328,-57.9212,616.771,0,42
124,-7.62462,61.7397,-36.8592,401.261,0,42
124,-8.09263,61.6801,213.633,312.314,0,42
124,-9.04401,61.5478,-47.412,25.071,0,42
124,-9.48443,61.4814,-47.3007,85.5654,0,42
124,-15.6908,60.1974,12.796,49.2791,0,42
124,-20.275,58.8119,98.4267,613.06,0,42
124,-20.3975,58.7696,-31.6144,93.3222,0,42
124,-21.2565,58.4644,24.7136,767.042,0,42
124,-22.7048,57.9173,167.132,84.2635,0,42
124,-23.0797,57.7689,-79.5438,605.965,0,42
124,-23.7138,57.5116,-8.20436,794.544,0,42
124,-23.8358,57.4611,206.588,1321.77,0,42
124,-28.0846,55.5084,-0.783008,174.947,0,42
124,-28.5317,55.2799,-70.2155,124.527,0,42
124,-31.6455,53.5582,78.2379,571.506,0,42
124,-31.6395,53.5618,-60.7258,1177.34,0,42
124,-32.1975,53.2282,79.2993,350.869,0,42
124,-32.3447,53.1389,33.996,23.0555,0,42
124,-32.9735,52.751,156.139,781.964,0,42
124,-33.3122,52.5378,157.637,89.401,0,42
124,-33.5544,52.3834,-38.2385,172.822,0,42
124,-34.2695,51.9184,-89.9801,214.496,0,42
124,-34.8451,51.5339,-90.3932,153.843,0,42
124,-38.62,48.769,-11.7833,2642.21,0,42
124,-38.4731,48.885,163.863,100.272,0,42
124,-38.6062,48.7799,-4.95779,524,0,42
124,-38.6062,48.7799,0.076,21,0,42
124,-39.4935,48.0644,287.699,1285,0,42
124,-39.6982,47.8955,296.717,403.319,0,42
124,-40.9898,46.7948,75.7859,862.895,0,42
124,-46.6456,41.1596,296.39,386.238,0,42
124,-48.4645,39.0015,117.557,1987.84,0,42
124,-49.0038,38.3216,95.7135,956.085,0,42
124,-51.5188,34.8673,41.9501,351.143,0,42
124,-51.5409,34.8348,111.04,412.96,0,42
124,-51.554,34.8153,35.3959,122.024,0,42
124,-51.88,34.3277,34.7562,598.986,0,42
124,-52.2456,33.7686,9.94168,1888.49,0,42
124,-52.7829,32.9224,10.0317,86.7024,0,42
124,-52.935,32.6774,-87.3149,237.639,0,42
124,-53.2174,32.2154,-87.8518,352.977,0,42
124,-53.525,31.7016,-28.899,2433.39,0,42
124,-55.2322,28.6238,26.7016,1167.04,0,42
124,-56.5089,26.0129,-45.9281,449.223,0,42
124,-56.8936,25.1604,12.7859,537.453,0,42
124,-57.5218,23.6889,-59.9045,343.701,0,42
124,-58.1068,22.2153,254.593,415.461,0,42
124,-59.1355,19.3109,-101.709,699.748,0,42
124,-59.6116,17.7869,-55.468,129.768,0,42
124,-59.7514,17.3116,-72.7938,596.577,0,42
124,-60.6156,13.9884,-19.0083,603.232,0,42
124,-61.1409,11.4764,51.1162,605.835,0,42
124,-61.2366,10.9547,51.5624,149.11,0,42
124,-61.3275,10.4337,19.7212,88.6175,0,42
124,-61.6067,8.63314,-93.3836,400.121,0,42
124,-61.5945,8.72001,-59.2922,1054.55,0,42
124,-61.8504,6.66741,-38.0363,3152.36,0,42
124,-62.1678,2.25542,-59.6657,582.337,0,42
124,-61.6654,-8.20395,73.0219,72.4283,1,42
124,-60.7887,-13.2159,-51.804,24.1803,1,42
124,-59.8417,-16.9968,0.221218,512.11,1,42
124,-59.1716,-19.2001,61.0782,651.678,1,42
124,-57.9802,-22.5437,-197.428,1175.55,1,42
124,-57.7325,-23.1707,-30.7566,211.143,1,42
124,-57.2974,-24.2267,-21.146,531.85,1,42
124,-56.879,-25.1932,-21.0734,289.308,1,42
124,-56.2381,-26.5932,-69.9257,833.071,1,42
124,-54.988,-29.0903,18.5535,747.303,1,42
124,-54.5067,-29.9824,10.3906,1239.38,1,42
124,-52.632,-33.1631,-121.073,95.5654,1,42
124,-50.9805,-35.6499,-30.3642,1157.78,1,42
124,-49.5437,-37.6211,55.18,7219.24,1,42
124,-50.2488,-36.674,34.2788,526.313,1,42
124,-49.4997,-37.6789,-171.679,30007.8,1,42
124,-50.0929,-36.8867,-177.26,612,1,42
124,-50.1177,-36.853,-181.972,22,1,42
124,-48.1117,-39.4359,-36.9382,2720.33,1,42
124,-47.4459,-40.2345,94.7305,1980.48,1,42
124,-43.1529,-44.8079,31.529,187,1,42
124,-42.7715,-45.1721,23.3476,494.122,1,42
124,-41.9099,-45.9726,-63.1755,314.68,1,42
124,-40.9514,-46.8285,45.0139,355.718,1,42
124,-39.605,-47.9726,-192.194,209.606,1,42
124,-39.3923,-48.1474,17.6522,171.703,1,42
124,-37.1258,-49.9159,16.5891,121.539,1,42
124,-34.5836,-51.7097,-73.004,82.4144,1,42
124,-34.2078,-51.9591,-73.2284,212.387,1,42
124,-33.421,-52.4687,-299.821,1470.13,1,42
124,-32.1145,-53.2784,30.8507,884.091,1,42
124,-28.2681,-55.4151,105.5,53,1,42
124,-27.2556,-55.9201,-36.851,1948.96,1,42
124,-27.1797,-55.957,-152.966,2803.32,1,42
124,-27.0577,-56.0161,64.796,79.2219,1,42
124,-26.6269,-56.2221,65.0581,87.4805,1,42
124,-26.0597,-56.4873,23.4633,96.7718,1,42
124,-25.2335,-56.8612,-3.13165,719.783,1,42
124,-24.8573,-57.0266,-219.428,540.542,1,42
124,-24.8331,-57.0372,-281.577,867.415,1,42
124,-24.7859,-57.0577,-293.761,700.447,1,42
124,-24.233,-57.2947,-294.163,125.143,1,42
124,-22.959,-57.817,-176.596,911.068,1,42
124,-23.3353,-57.6661,25.1256,3442.13,1,42
124,-23.1456,-57.7426,19.8204,453.036,1,42
124,-22.6258,-57.9482,19.852,27.3018,1,42
124,-22.2086,-58.1094,20.0683,254.829,1,42
124,-21.8336,-58.2513,-176.31,59.2913,1,42
124,-21.3401,-58.4339,66.2838,361.867,1,42
124,-21.5156,-58.3695,20.276,34.0694,1,42
124,-20.6282,-58.689,-176.166,615.326,1,42
124,-19.7552,-58.9886,96.3942,208.062,1,42
124,-19.5609,-59.0533,-176.036,135.432,1,42
124,-17.5811,-59.6727,-75.3395,546.241,1,42
124,-16.9546,-59.8537,-76.5523,82.5932,1,42
124,-14.8778,-60.4034,-204.304,1562.07,1,42
124,-13.3268,-60.7644,-11.9438,203.518,1,42
124,-12.6063,-60.918,-11.8415,95.5548,1,42
124,-11.1883,-61.1943,91.9177,2160.95,1,42
124,-9.06088,-61.5453,-1.32347,679.279,1,42
124,-8.27406,-61.656,-49.3833,752.947,1,42
124,-5.20372,-61.9907,61.4056,912.857,1,42
124,-2.11656,-62.1727,9.42719,220.34,1,42
124,-2.01336,-62.1761,-86.5846,833.831,1,42
124,0.705246,-62.2047,-34.1638,212.01,1,42
124,1.4213,-62.1925,-34.0529,509.268,1,42
124,7.43551,-61.7627,-170.724,146.12,1,42
124,7.96989,-61.6961,-170.809,194.832,1,42
124,9.50538,-61.4782,-170.447,845.048,1,42
124,9.1235,-61.536,-300.915,462.302,1,42
124,9.56358,-61.4692,-105.881,950.82,1,42
124,10.5234,-61.3122,-170.251,193.065,1,42
124,11.1714,-61.1974,48.781,100.485,1,42
124,11.6477,-61.1085,92.011,1535.91,1,42
124,11.8182,-61.0758,-136.177,792.567,1,42
124,12.4509,-60.95,-35.3483,3067.74,1,42
124,12.1632,-61.008,-291.042,97.6794,1,42
124,12.9653,-60.8426,-223.948,45.1615,1,42
124,16.5101,-59.9778,78.364,23.0215,1,42
124,17.026,-59.8334,78.7725,449.842,1,42
124,17.1123,-59.8088,31.8732,2398.09,1,42
124,18.6899,-59.3347,102.086,639.493,1,42
124,19.4332,-59.0955,102.245,114.513,1,42
124,20.7143,-58.6587,3.23138,4863.56,1,42
124,21.0373,-58.5436,-201.476,43.2097,1,42
124,22.1355,-58.1373,-201.38,1481.22,1,42
124,21.3563,-58.428,-266.096,163.858,1,42
124,25.4291,-56.774,-4.01481,768.677,1,42
124,25.6469,-56.6759,51.8631,471.186,1,42
124,25.7084,-56.648,-297.028,86.9764,1,42
124,25.7512,-56.6286,-296.028,36.1248,1,42
124,25.9714,-56.5279,57.164,54.4405,1,42
124,29.2332,-54.9121,-277.111,1441.59,1,42
124,29.5868,-54.7224,-149.908,730.48,1,42
124,31.511,-53.6375,83.4586,487.396,1,42
124,31.6125,-53.5777,-10.3914,1375.74,1,42
124,32.5226,-53.0302,-94.4663,716.365,1,42
124,34.5076,-51.7605,90.2359,532.375,1,42
124,36.175,-50.6092,2.86872,30549.4,1,42
124,36.5791,-50.3179,-6.4004,131,1,42
124,37.0102,-50.0017,49.837,610.041,1,42
124,36.9435,-50.051,-20.9412,112.852,1,42
124,36.9895,-50.017,-5.8,44,1,42
124,40.6604,-47.0813,-207.403,410.84,1,42
124,44.8604,-43.0983,-117.346,162.329,1,42
124,45.1129,-42.8339,-117.948,27.1108,1,42
124,48.1882,-39.3423,-216.549,230.651,1,42
124,48.3939,-39.0891,18.0239,412.015,1,42
124,49.6105,-37.5329,90.0732,74.9039,1,42
124,50.5911,-36.2003,17.035,1277.94,1,42
124,51.2005,-35.3332,58.86,38.031,1,42
124,52.4959,-33.3781,45.4446,927.732,1,42
124,53.3039,-32.072,48.0709,1250.61,1,42
124,53.2272,-32.1992,13.1532,951.409,1,42
124,54.0019,-30.8823,-201.068,300.493,1,42
124,54.2969,-30.3607,69.2747,1091.05,1,42
124,59.3158,-18.7499,-256.111,535.753,1,42
124,60.7646,-13.3263,25.452,850.448,1,42
124,61.5108,-9.2922,-34.497,171.457,1,42
124,62.185,1.71529,-220.82,1363.11,1,42
124,61.7484,7.55332,-72.6611,847.599,1,42
124,61.4464,9.7086,-170.17,417.005,1,42
124,59.2598,18.9262,30.3911,228.01,1,42
124,58.5572,20.9993,-239.493,892.249,1,42
124,53.6178,31.5444,13.1759,712.02,1,42
124,53.5781,31.6119,89.6669,656.217,1,42
124,53.3478,31.999,-227.655,495.959,1,42
124,52.7481,32.9782,27.4827,306.607,1,42
124,51.7787,34.4802,56.8092,352.222,1,42
124,51.6787,34.63,45.4122,474.272,1,42
124,51.6912,34.6113,6.2487,378.103,1,42
124,51.4797,34.9251,64.0158,259.25,1,42
124,51.3272,35.1489,44.4514,436.954,1,42
124,50.586,36.2075,-1.68012,124.662,1,42
124,50.3742,36.5016,-305.28,343.735,1,42
124,50.0708,36.9167,-279.908,2334.06,1,42
124,49.8543,37.2085,-55.3884,2275.16,1,42
124,48.7354,38.6624,-157.678,241.043,1,42
124,47.324,40.3777,-40.0142,110.824,1,42
124,47.1133,40.6234,-40.78,59.4715,1,42
124,42.1384,45.7633,-14.9897,960.886,1,42
124,42.0109,45.8804,3.79461,464.449,1,42
124,41.6488,46.2093,65.107,545.356,1,42
124,41.4759,46.3646,-18.1945,248.338,1,42
124,40.5541,47.173,101.428,648.192,1,42
124,37.6647,49.5105,-29.756,84.2741,1,42
124,33.0253,52.7186,25.3993,197.378,1,42
124,31.1786,53.8314,-159.478,1567.7,1,42
124,31.022,53.9218,-201.649,361.858,1,42
124,30.5276,54.2032,-201.476,58.0832,1,42
124,29.9886,54.5033,-159.54,405.923,1,42
124,20.7019,58.6631,-246.905,405.177,1,42
124,20.3975,58.7696,-248.358,57.9038,1,42
124,18.1427,59.5043,-266.445,607.253,1,42
124,18.1379,59.5058,-277.55,633.02,1,42
124,16.5101,59.9778,-232.004,32.0294,1,42
124,10.3123,61.348,47.8921,879.877,1,42
124,9.04398,61.5478,80.649,92.5515,1,42
124,4.5917,62.039,58.2519,590.539,1,42
124,-0.593777,62.2059,25.71,281.09,1,42
124,-0.593771,62.2059,-33.7803,204.495,1,42
124,-4.26946,62.062,37.179,1225.69,1,42
124,-13.8389,60.6499,-47.8434,173.12,1,42
124,-14.4213,60.514,-276.605,1412.18,1,42
124,-14.7295,60.4398,-47.9814,273.587,1,42
124,-15.0704,60.3557,-43.5012,1249.77,1,42
124,-16.5101,59.9778,23.4426,70.536,1,42
124,-20.3413,58.7891,40.7486,319.369,1,42
124,-21.1416,58.506,40.6687,244.342,1,42
124,-21.7181,58.2945,39.6217,135.745,1,42
124,-24.9767,56.9744,28.756,21.0139,1,42
124,-25.5037,56.7405,27.8998,1030.8,1,42
124,-29.2502,54.9031,-14.0839,146.908,1,42
124,-31.4356,53.6817,-124.885,365.266,1,42
124,-33.445,52.4534,15.4959,603.417,1,42
124,-35.2194,51.2788,58.3373,256.486,1,42
124,-36.2571,50.5504,76.5749,8000.3,1,42
124,-35.8398,50.8471,-28.593,198.618,1,42
124,-37.9687,49.2778,54.1468,597.81,1,42
124,-45.0772,42.8715,-194.44,612.825,1,42
124,-47.6611,39.9792,-235.672,111.943,1,42
124,-48.0398,39.5234,-236.101,74.3477,1,42
124,-53.3382,32.0151,-198.341,81.903,1,42
124,-53.5026,31.7395,-65.0752,483.119,1,42
124,-53.5967,31.5803,-31.5343,277.238,1,42
124,-54.0078,30.8721,57.1515,157.27,1,42
124,-56.3712,26.31,104.864,1029.77,1,42
124,-56.4095,26.2277,10.7443,324.087,1,42
124,-57.198,24.4604,-234.211,3718.29,1,42
124,-58.2237,21.9072,-37.4178,182.642,1,42
124,-60.4413,14.7231,-168.245,21527.8,1,42
124,-60.2074,15.6521,-192.332,295.769,1,42
124,-60.2821,15.3622,-175.758,965,1,42
124,-60.3649,15.0332,-95.476,23.9861,1,42
124,-60.6409,13.8782,-177.091,930,1,42
124,-60.9377,12.5106,-226.193,383.135,1,42
124,-61.4109,9.93114,-102.91,1359.16,1,42
124,-61.5229,9.2118,22.396,22.1925,1,42
124,-61.6118,8.5967,22.0606,349.75,1,42
124,-61.7694,7.38002,85.7329,908.091,1,42
124,-61.7913,7.1939,11.796,44.137,1,42
124,-61.8297,6.85676,12.0472,82.8362,1,42
124,-62.0804,3.99323,-70.5981,262.559,1,42
124,-62.1151,3.41102,39.1595,566.464,1,42
124,-62.1143,3.42663,-70.6918,183.177,1,42
124,-62.1989,1.10265,74.7036,191.172,1,42
124,-63.0396,-5.79757,109.822,1841.87,0,43
124,-63.0068,-6.14313,-73.1154,1263.63,0,43
124,-62.5742,-9.59496,210.224,339.055,0,43
124,-62.1899,-11.833,263.584,265.992,0,43
124,-62.0672,-12.4603,30.8214,375.643,0,43
124,-60.3552,-19.1011,39.8303,1076.49,0,43
124,-59.6788,-21.1196,291.372,2052.4,0,43
124,-56.8524,-27.8461,-65.4022,452.047,0,43
124,-55.9147,-29.6841,-27.371,703.318,0,43
124,-55.7238,-30.0409,119.255,628.608,0,43
124,-55.7885,-29.9206,158.422,177.537,0,43
124,-54.3753,-32.418,-49.3209,2410.28,0,43
124,-54.8457,-31.6156,-41.779,122.024,0,43
124,-54.9533,-31.4283,59.436,25.2757,0,43
124,-54.781,-31.7275,-9.252,39.0988,0,43
124,-54.6628,-31.9308,59.4326,203.029,0,43
124,-54.5607,-32.1049,-42.2424,458.684,0,43
124,-54.6072,-32.0258,-9.08416,64.6454,0,43
124,-51.7676,-36.4379,-79.076,567.408,0,43
124,-50.7785,-37.804,-26.6727,390.111,0,43
124,-49.4767,-39.4924,-40.9854,387.599,0,43
124,-48.7808,-40.3489,-45.1925,288.155,0,43
124,-48.7712,-40.3605,-41.5267,133.386,0,43
124,-48.5503,-40.6259,-44.444,38.2358,0,43
124,-48.3405,-40.8754,-43.6063,530.596,0,43
124,-48.2442,-40.989,-41.9085,328.391,0,43
124,-46.1898,-43.2909,-69.7462,299.98,0,43
124,-45.7538,-43.7515,-71.6145,633.973,0,43
124,-45.3098,-44.2111,-48.8318,237.657,0,43
124,-42.7702,-46.6724,211.129,166.992,0,43
124,-42.6264,-46.8038,247.837,621.098,0,43
124,-42.3373,-47.0654,162.122,1105.66,0,43
124,-42.1767,-47.2093,211.224,282.634,0,43
124,-42.0957,-47.2816,277.365,316.178,0,43
124,-39.479,-49.4875,-47.3485,1981.88,0,43
124,-28.3921,-56.5817,160.053,627.123,0,43
124,-27.9303,-56.8111,-78.6039,1019.35,0,43
124,-25.9751,-57.7312,59.86,56.4234,0,43
124,-24.2338,-58.4835,-74.9716,10739.1,0,43
124,-23.9865,-58.5854,-69.4949,340,0,43
124,-20.851,-59.7732,1.09972,212.157,0,43
124,-13.6364,-61.8195,181.476,8648.57,0,43
124,-13.6175,-61.8236,185.093,108,0,43
124,-12.6413,-62.0306,181.334,1818.29,0,43
124,-6.42643,-62.9786,118.266,573.834,0,43
124,-3.6059,-63.2028,-48.5847,518.857,0,43
124,-3.24274,-63.2225,202.087,1046.74,0,43
124,-1.25957,-63.2931,-11.301,309.322,0,43
124,-0.968916,-63.2982,153.561,2200.94,0,43
124,1.20981,-63.294,51.2248,618.479,0,43
124,1.98503,-63.2745,179.852,38.2358,0,43
124,4.6861,-63.1319,-0.678798,4468.02,0,43
124,6.80608,-62.9387,142.515,116.868,0,43
124,9.07723,-62.6514,121.263,115.416,0,43
124,11.106,-62.3238,182.667,1019.16,0,43
124,15.9674,-61.2588,42.9,47.1559,0,43
124,16.9676,-60.9893,238.56,314.474,0,43
124,17.6054,-60.8083,-34.0321,484.934,0,43
124,18.1287,-60.6543,54.3394,159.157,0,43
124,18.9916,-60.3897,201.465,874.204,0,43
124,19.2346,-60.3127,-100.256,71.625,0,43
124,19.7946,-60.1313,32.4806,314.479,0,43
124,24.9419,-58.1851,124.572,95.5254,0,43
124,35.1357,-52.6601,284.483,1188.02,0,43
124,35.2074,-52.6121,-92.9615,767.162,0,43
124,35.6873,-52.2878,82.1921,661.721,0,43
124,36.3528,-51.8273,83.4236,1164.51,0,43
124,37.5536,-50.9639,192.944,250.699,0,43
124,37.8485,-50.7454,-45.0539,747.752,0,43
124,38.2107,-50.4732,-44.3078,1403.63,0,43
124,39.0156,-49.8536,132.737,174.84,0,43
124,39.2782,-49.6469,189.9,933.729,0,43
124,39.6626,-49.3404,-81.9509,500.32,0,43
124,42.9663,-46.4919,-104.771,661.996,0,43
124,44.2111,-45.3098,112.578,64.8834,0,43
124,45.7623,-43.7426,200.188,458.626,0,43
124,47.1682,-42.2227,-95.6452,1442.29,0,43
124,48.3656,-40.8457,7.99215,347.077,0,43
124,49.0998,-39.9601,-68.2776,151.605,0,43
124,52.0487,-36.0351,118.796,54.1631,0,43
124,53.7585,-33.4308,242.841,233.533,0,43
124,54.0521,-32.954,-44.9942,598.362,0,43
124,54.0679,-32.9282,-59.5791,553.432,0,43
124,54.4645,-32.2678,-63.6243,357.042,0,43
124,55.945,-29.6269,-88.6922,320.604,0,43
124,57.9791,-25.4171,83.18,37.2064,0,43
124,58.0266,-25.3083,92.3937,96.4713,0,43
124,58.071,-25.2064,53.487,260.347,0,43
124,59.2492,-22.2963,218.101,373.267,0,43
124,59.5993,-21.3431,-7.37998,219.708,0,43
124,59.69,-21.0881,37.4746,130.331,0,43
124,60.1752,-19.6607,34.0717,21729.1,0,43
124,59.8893,-20.515,123.883,1537.51,0,43
124,60.9085,-17.2555,-56.8448,2245.57,0,43
124,63.1502,-4.43259,161.621,4202.63,0,43
124,63.1571,-4.33344,-62.5804,264.085,0,43
124,63.2231,-3.23167,-94.0252,516.13,0,43
124,63.2861,-1.57302,-44.3895,965.439,0,43
124,63.3056,-0.076485,198.465,497.497,0,43
124,63.1956,3.73054,-29.1181,247.502,0,43
124,63.1503,4.43108,-28.6057,204.722,0,43
124,63.102,5.07355,-96.3903,844.55,0,43
124,63.0551,5.62597,19.5319,1757.35,0,43
124,62.8846,7.28853,230.147,8215.64,0,43
124,62.0538,12.5268,-63.4679,259.128,0,43
124,61.9375,13.09,96.2048,1827.36,0,43
124,61.3652,15.5534,290.9,632.674,0,43
124,60.1977,19.5917,-48.9732,1483.6,0,43
124,59.6327,21.2495,6.49487,287.727,0,43
124,59.2846,22.2021,-15.5956,510.203,0,43
124,59.2135,22.391,199.442,488.236,0,43
124,59.0222,22.8906,-15.0635,872.869,0,43
124,58.7533,23.5722,-14.5439,752.534,0,43
124,58.5341,24.1114,233.402,1377.94,0,43
124,57.1843,27.158,121.795,1648.33,0,43
124,57.127,27.2783,-72.2081,997.915,0,43
124,55.0891,31.1895,-64.3689,384.246,0,43
124,54.1699,32.7601,-24.525,416.52,0,43
124,52.4787,35.406,16.7528,2534.4,0,43
124,51.6387,36.6202,0.783517,111.798,0,43
124,50.4747,38.2087,-65.866,521.295,0,43
124,50.525,38.1422,129.322,237.624,0,43
124,48.5917,40.5764,6.80308,4498.03,0,43
124,41.3647,47.9225,76.476,1472.09,0,43
124,37.6417,50.8989,284.804,195.406,0,43
124,37.3636,51.1035,284.766,139.369,0,43
124,35.732,52.2573,41.3961,777.486,0,43
124,35.7209,52.2649,44.6456,459.611,0,43
124,35.0989,52.6846,44.596,26.1093,0,43
124,34.1114,53.3293,1.10935,519.266,0,43
124,31.6823,54.8072,-44.2379,229.95,0,43
124,31.5824,54.8649,14.9695,601.798,0,43
124,31.1611,55.1052,-43.6595,247.231,0,43
124,29.0895,56.2264,69.8664,325.466,0,43
124,29.0873,56.2274,143.729,899.805,0,43
124,23.0208,58.9715,103.9,457.255,0,43
124,19.7886,60.1333,3.69411,965.962,0,43
124,20.39,59.932,130.779,133.008,0,43
124,18.7892,60.453,-53.348,35.1644,0,43
124,18.5881,60.5151,-62.6821,132.46,0,43
124,16.9945,60.9819,81.7688,291.472,0,43
124,14.8409,61.5414,-16.9266,502.925,0,43
124,11.5062,62.2512,-47.7495,2057.8,0,43
124,11.38,62.2743,-75.6298,1027.56,0,43
124,8.86171,62.6823,-26.8661,64.5115,0,43
124,7.21259,62.8934,-34.1664,507.808,0,43
124,1.88909,63.2774,8.98,54.3251,0,43
124,1.62549,63.2847,36.7936,508.949,0,43
124,1.42912,63.2895,8.02897,473.84,0,43
124,0.319127,63.3048,-35.4406,100.879,0,43
124,-2.27622,63.2647,124.518,1483.86,0,43
124,-3.47581,63.2101,188.027,965.949,0,43
124,-6.1863,63.0026,-59.5426,770.841,0,43
124,-7.5669,62.8517,-37.3172,641.449,0,43
124,-10.2514,62.4701,-47.7885,799.208,0,43
124,-15.7149,61.3241,12.1175,324.265,0,43
124,-20.1112,60.0262,96.3453,1026.55,0,43
124,-20.9289,59.7459,-32.7687,299.461,0,43
124,-21.8176,59.4272,24.6873,314.056,0,43
124,-22.9402,59.0029,167.007,192.817,0,43
124,-23.3461,58.8435,-80.0215,185.24,0,43
124,-24.4102,58.4101,-8.49127,174.844,0,43
124,-28.1863,56.6845,-70.4557,914.102,0,43
124,-28.4823,56.5363,-0.772195,241.641,0,43
124,-31.3364,55.0057,76.663,443.623,0,43
124,-32.6533,54.2343,34.0829,610.095,0,43
124,-33.0994,53.9632,154.885,1882.03,0,43
124,-33.8926,53.4686,-38.9299,443.49,0,43
124,-38.8873,49.9538,163.392,340.276,0,43
124,-39.1321,49.7622,-12.8749,283.212,0,43
124,-40.2709,48.8452,286.684,670.245,0,43
124,-40.297,48.8237,295.668,216.201,0,43
124,-42.2505,47.1434,74.9806,910.034,0,43
124,-49.4251,39.5571,116.865,77.7008,0,43
124,-53.8956,33.2095,32.9548,48.4064,0,43
124,-56.4762,28.6014,26.5793,2571.9,0,43
124,-57.4436,26.6052,-47.2197,812.637,0,43
124,-57.5125,26.4557,12.2139,330.043,0,43
124,-58.4383,24.3426,-60.2651,95.6208,0,43
124,-59.2812,22.2113,253.112,545.98,0,43
124,-59.9956,20.2022,-103.826,974.335,0,43
124,-60.7196,17.9088,-55.7501,256.14,0,43
124,-60.9186,17.2198,-73.4796,333.581,0,43
124,-61.2588,15.9674,199.705,211.448,0,43
124,-61.8817,13.351,-19.428,50.0971,0,43
124,-62.1343,12.1211,49.9434,358.215,0,43
124,-62.6357,9.18505,-59.6431,205.917,0,43
124,-62.7062,8.69074,-88.8433,376,0,43
124,-63.0199,6.00728,-39.238,80.6804,0,43
124,-63.0638,5.52801,-40.0939,336.835,0,43
124,-63.116,4.89575,-40.665,463.684,0,43
124,-63.2792,1.82648,-59.8314,298.165,0,43
124,-63.3051,0.258952,-48.8391,98.6329,0,43
124,-61.2588,-15.9674,61.828,40.2774,1,43
124,-60.2763,-19.3486,61.9643,258.446,1,43
124,-59.1083,-22.6673,-195.838,624.29,1,43
124,-58.7094,-23.6814,-30.5393,163.683,1,43
124,-57.407,-26.6839,-20.8689,1957.48,1,43
124,-57.6405,-26.1759,-68.5474,129.656,1,43
124,-57.4358,-26.6219,-69.0717,87.5568,1,43
124,-55.5513,-30.3588,19.1183,215.119,1,43
124,-54.6293,-31.988,10.8236,90.5687,1,43
124,-54.4317,-32.3232,10.7807,114.061,1,43
124,-53.9734,-33.0828,10.9934,792.101,1,43
124,-53.6221,-33.6493,11.1642,74.5271,1,43
124,-53.3419,-34.0916,-120.099,509.918,1,43
124,-52.4132,-35.5028,-171.477,26814.3,1,43
124,-52.5376,-35.3185,-176.046,392,1,43
124,-51.9064,-36.2399,-28.484,28.2791,1,43
124,-51.1213,-37.3392,33.4817,1350.62,1,43
124,-48.9629,-40.1277,55.9247,361.466,1,43
124,-48.3996,-40.8054,95.6803,666.658,1,43
124,-47.4278,-41.9309,56.74,172.276,1,43
124,-46.8338,-42.5934,57.0595,902.393,1,43
124,-45.9457,-43.5499,57.5069,624.154,1,43
124,-45.3098,-44.2111,57.8141,121.928,1,43
124,-45.068,-44.4576,57.8536,145.288,1,43
124,-44.3345,-45.189,24.092,25.1681,1,43
124,-43.9719,-45.542,58.5535,418.706,1,43
124,-43.9586,-45.5548,23.8538,237.963,1,43
124,-42.5916,-46.8354,59.1863,2265.04,1,43
124,-43.4951,-45.9976,31.6906,240.828,1,43
124,-43.0566,-46.4083,-61.7125,411.253,1,43
124,-41.7449,-47.5916,59.5949,1015.55,1,43
124,-41.4906,-47.8135,45.4643,187.303,1,43
124,-41.0979,-48.1515,59.9428,139.094,1,43
124,-39.6576,-49.3445,60.6253,1854.43,1,43
124,-40.4234,-48.719,-191.225,390.439,1,43
124,-39.8897,-49.157,17.9796,303.515,1,43
124,-38.6593,-50.1304,17.7586,285.249,1,43
124,-37.9188,-50.6929,17.308,34.1803,1,43
124,-34.473,-53.0962,-300.068,396.698,1,43
124,-34.5221,-53.0643,-73.5244,102.539,1,43
124,-34.4265,-53.1264,-112.957,152.052,1,43
124,-27.7955,-56.8772,-151.748,4315.01,1,43
124,-27.5869,-56.9786,-35.1019,1400.35,1,43
124,-27.4562,-57.0417,64.1861,53.4683,1,43
124,-26.9925,-57.2626,64.1876,681.234,1,43
124,-26.8323,-57.3378,23.668,25.0277,1,43
124,-25.8453,-57.7894,-1.94309,685.793,1,43
124,-25.2706,-58.0431,-305.179,1175.43,1,43
124,-25.2475,-58.0531,-218.46,351.386,1,43
124,-25.2427,-58.0552,-280.588,1494.2,1,43
124,-24.6567,-58.3065,-217.185,825.478,1,43
124,-23.8833,-58.6275,26.146,525.023,1,43
124,-22.2186,-59.2784,66.6516,74.3362,1,43
124,-19.492,-60.2301,-175.787,313.787,1,43
124,-19.3403,-60.279,-73.2428,187.94,1,43
124,-18.841,-60.4369,-74.0404,324.54,1,43
124,-18.954,-60.4015,-175.852,110.718,1,43
124,-18.294,-60.6047,-74.5761,75.3281,1,43
124,-16.8012,-61.0354,-175.393,48.3467,1,43
124,-15.071,-61.4855,-175.118,977.394,1,43
124,-15.2236,-61.4479,-12.2451,173.773,1,43
124,-15.127,-61.4717,-204.233,924.577,1,43
124,-14.4227,-61.6408,-12.0824,96.744,1,43
124,-11.6272,-62.2287,91.397,457.938,1,43
124,-9.53987,-62.5827,-0.780771,68.3329,1,43
124,-8.91941,-62.6741,-47.8207,588.136,1,43
124,-4.37704,-63.1541,62.7477,1278.55,1,43
124,-2.31411,-63.2633,-84.7813,684.807,1,43
124,-1.12232,-63.2957,9.61641,2370.92,1,43
124,0.0131983,-63.3056,-34.1671,332.329,1,43
124,-0.258952,-63.3051,-41.7895,81.1191,1,43
124,0.0863294,-63.3055,-41.8076,87.4492,1,43
124,1.34009,-63.2914,-172.039,1167.78,1,43
124,2.68487,-63.2486,-171.77,215.503,1,43
124,3.26751,-63.2212,-171.796,131.402,1,43
124,3.78744,-63.1922,-171.535,125.225,1,43
124,4.22652,-63.1644,-171.796,23.2389,1,43
124,4.74314,-63.1277,-171.251,87.3989,1,43
124,5.08737,-63.1009,-171.372,24.0416,1,43
124,5.52485,-63.0641,-171.165,200.333,1,43
124,6.59014,-62.9616,-171.098,527.461,1,43
124,9.55563,-62.5803,-300.544,488.252,1,43
124,9.85857,-62.5333,-104.872,1452.9,1,43
124,10.9196,-62.3567,48.8847,105.744,1,43
124,12.2499,-62.1091,94.2069,264.777,1,43
124,12.9247,-61.9722,-223.677,252.425,1,43
124,18.0597,-60.6749,79.212,60.2336,1,43
124,18.1287,-60.6543,101.868,71.43,1,43
124,18.4592,-60.5546,101.684,28.0849,1,43
124,18.8622,-60.4303,-288.391,1176.94,1,43
124,19.7758,-60.1375,-201.747,66.359,1,43
124,20.2672,-59.9737,-201.701,53.3467,1,43
124,21.0402,-59.7069,-201.689,426.388,1,43
124,21.5121,-59.5385,3.98529,841.083,1,43
124,21.633,-59.4946,-265.554,341.626,1,43
124,26.162,-57.6468,58.2741,369.512,1,43
124,26.3347,-57.5681,-3.99824,754.498,1,43
124,31.7737,-54.7543,-8.49329,884.161,1,43
124,33.3061,-53.8359,-93.4969,361.527,1,43
124,35.0499,-52.7172,90.9793,282.264,1,43
124,38.9038,-49.9409,-0.453995,29506.8,1,43
124,37.6837,-50.8679,-20.5898,220.283,1,43
124,37.9188,-50.6928,-5.61693,513,1,43
124,38.399,-50.3301,52.4232,163.851,1,43
124,38.4695,-50.2762,-8.65061,726,1,43
124,38.8795,-49.9598,-9.94118,1034,1,43
124,39.4957,-49.4742,-7.14849,485,1,43
124,41.2103,-48.0552,-206.957,777.047,1,43
124,45.3683,-44.1511,-116.894,45.2757,1,43
124,47.3065,-42.0677,42.5509,1071.97,1,43
124,48.8006,-40.325,-215.996,197.05,1,43
124,49.0998,-39.9601,18.404,118.035,1,43
124,50.4221,-38.2781,91.161,541.105,1,43
124,51.734,-36.4855,18.0467,91.7562,1,43
124,51.9662,-36.154,59.2261,182.431,1,43
124,52.005,-36.0982,17.5461,53.6089,1,43
124,52.3178,-35.6434,18.3253,470.898,1,43
124,52.6692,-35.122,18.8744,174.771,1,43
124,53.0261,-34.5808,46.819,852.353,1,43
124,53.6323,-33.6329,-29.2964,224.119,1,43
124,53.9936,-33.0499,49.6487,444.951,1,43
124,54.0455,-32.9648,14.6264,353.676,1,43
124,58.97,-23.0248,-67.4178,563.037,1,43
124,60.8006,-17.6318,-255.082,101.932,1,43
124,61.6526,-14.3723,26.0726,182.083,1,43
124,62.5587,-9.69565,-34.3636,224.051,1,43
124,62.5754,-9.58717,30.9475,187.508,1,43
124,63.2753,1.95732,-219.342,428.718,1,43
124,62.8148,7.86767,-71.2912,627.441,1,43
124,62.5067,10.0253,-169.436,698.039,1,43
124,60.0287,20.1035,32.0424,769.914,1,43
124,59.4261,21.8206,-239.299,223.24,1,43
124,58.7762,23.5151,6.4802,114.746,1,43
124,54.5982,32.0412,90.0835,977.14,1,43
124,54.5494,32.1241,-226.151,584.422,1,43
124,53.565,33.7401,28.4658,487.715,1,43
124,52.9503,34.6968,57.7327,644.622,1,43
124,52.5426,35.3111,6.45525,220.491,1,43
124,52.3448,35.6037,65.3242,1174.01,1,43
124,51.5546,36.7386,-0.923782,393.56,1,43
124,51.424,36.9212,-278.531,1103,1,43
124,51.3866,36.9732,-304.177,856.101,1,43
124,50.8359,37.7267,-53.6308,1231.47,1,43
124,49.999,38.8291,-156.415,97.536,1,43
124,49.0659,40.0017,-232.759,379.039,1,43
124,48.673,40.4788,-38.5181,155.499,1,43
124,48.4214,40.7795,-39.3628,488.02,1,43
124,42.9932,46.467,4.74375,119.818,1,43
124,42.8295,46.618,66.8346,1099.49,1,43
124,42.3085,47.0913,-17.4017,455.63,1,43
124,40.7565,48.4408,100.897,411.955,1,43
124,33.2534,53.8684,25.6408,230.177,1,43
124,32.4877,54.3337,-202.489,387.52,1,43
124,31.8417,54.7147,-202.087,162.971,1,43
124,31.6062,54.8511,-157.365,813.518,1,43
124,30.6687,55.3808,-157.806,849.242,1,43
124,21.6821,59.4768,-245.476,514.455,1,43
124,18.9932,60.3892,-264.48,319.752,1,43
124,10.7131,62.3925,49.702,1165.78,1,43
124,9.09952,62.6482,81.1064,139.006,1,43
124,5.60191,63.0573,60.8156,292.247,1,43
124,5.08869,63.1007,59.4989,158.474,1,43
124,-0.604246,63.3027,25.6564,123.596,1,43
124,-0.604245,63.3027,-33.558,136.868,1,43
124,-1.29471,63.2924,35.54,23.1509,1,43
124,-1.29472,63.2924,-86.7579,53.4422,1,43
124,-1.81247,63.2796,35.4098,101.254,1,43
124,-3.06611,63.2313,36.3431,673.588,1,43
124,-2.761,63.2454,6.29532,293.773,1,43
124,-14.9273,61.5205,-41.2387,655.553,1,43
124,-14.9202,61.5222,-275.007,498.634,1,43
124,-15.9674,61.2588,-47.988,23.0693,1,43
124,-16.8012,61.0354,-47.988,51.0694,1,43
124,-16.8012,61.0354,-174.055,76.0956,1,43
124,-20.9777,59.7288,43.1104,478.137,1,43
124,-22.9487,58.9996,39.2149,1119.67,1,43
124,-23.6441,58.7244,38.7279,212.556,1,43
124,-24.4206,58.4058,38.1738,405.163,1,43
124,-25.4794,57.9517,29.5397,483.776,1,43
124,-27.226,57.1519,-14.7076,195.618,1,43
124,-29.9264,55.7854,-13.5999,523.966,1,43
124,-31.8257,54.7241,-124.748,355.444,1,43
124,-32.1746,54.5196,15.612,35.0139,1,43
124,-35.6402,52.3199,74.5484,688.512,1,43
124,-36.2168,51.9225,75.274,10835.5,1,43
124,-36.0454,52.0416,58.9199,337.639,1,43
124,-36.0982,52.005,70.1765,158,1,43
124,-38.4856,50.2638,55.5188,665.494,1,43
124,-44.4576,45.068,62.676,25.2602,1,43
124,-46.4036,43.0617,-192.038,1093.88,1,43
124,-48.0102,41.2628,-234.044,371.607,1,43
124,-48.2164,41.0217,-234.972,31.3768,1,43
124,-48.4394,40.7581,-234.548,25.1942,1,43
124,-54.5391,32.1417,-63.7959,477.649,1,43
124,-54.7358,31.8055,-31.3827,134.57,1,43
124,-55.2559,30.893,57.9736,1864.16,1,43
124,-57.229,27.0637,11.838,656.213,1,43
124,-57.4087,26.6802,105.036,1534.57,1,43
124,-57.9955,25.3796,-235.517,2134.46,1,43
124,-59.199,22.4294,-36.6523,500.308,1,43
124,-59.8393,20.6605,50.9435,634.93,1,43
124,-61.6707,14.2942,-95.2363,267.381,1,43
124,-62.127,12.1586,-168.428,24227.1,1,43
124,-61.9653,12.9576,-225.641,492.548,1,43
124,-61.9685,12.9424,-174.425,446,1,43
124,-62.4081,10.622,-101.888,696.505,1,43
124,-62.3883,10.7378,-173.866,358,1,43
124,-62.59,9.49195,23.6166,557.252,1,43
124,-62.8267,7.77178,87.1059,384.299,1,43
124,-62.8656,7.45126,12.9438,927.052,1,43
124,-63.1644,4.22651,-70.884,25.111,1,43
124,-63.2924,1.2947,76.244,21.1093,1,43
124,-64.1187,-6.03346,-72.6684,1690.92,0,44
124,-64.0558,-6.66791,108.922,350.677,0,44
124,-64.0031,-7.15598,108.362,666.337,0,44
124,-63.6228,-9.98699,209.572,495.285,0,44
124,-63.2903,-11.9141,263.284,163.697,0,44
124,-62.5771,-15.2221,174.402,158.858,0,44
124,-60.8879,-20.9826,39.7877,993.376,0,44
124,-59.481,-24.6903,-62.1796,328.791,0,44
124,-57.6906,-28.6252,-65.8936,326.546,0,44
124,-57.0353,-29.9095,-28.5832,225.327,0,44
124,-56.8387,-30.2814,158.371,110.352,0,44
124,-56.0785,-31.6672,59.012,22.0832,0,44
124,-55.7297,-32.277,-8.828,22.1404,0,44
124,-55.1801,-33.2078,-43.0131,220.996,0,44
124,-54.6762,-34.0311,-49.5612,814.488,0,44
124,-54.0396,-35.0332,-49.832,488.268,0,44
124,-51.802,-38.2643,-39.6408,323.822,0,44
124,-51.5797,-38.5634,-27.9039,1040.83,0,44
124,-51.3213,-38.9066,-40.0525,369.539,0,44
124,-50.7805,-39.6099,-40.5207,156.835,0,44
124,-47.1734,-43.8437,-70.9643,573.227,0,44
124,-46.75,-44.2949,-72.0838,127.525,0,44
124,-45.2275,-45.8484,8.56067,127.711,0,44
124,-44.9768,-46.0944,8.98,31.248,0,44
124,-43.4877,-47.5019,277.049,342.561,0,44
124,-43.0695,-47.8813,247.807,503.867,0,44
124,-41.7024,-49.0766,211.517,314.161,0,44
124,-40.8784,-49.765,211.815,364.764,0,44
124,-28.5109,-57.7471,158.207,1220.07,0,44
124,-28.3703,-57.8164,-79.0837,661.095,0,44
124,-26.0422,-58.9017,58.8427,648.228,0,44
124,-25.1624,-59.2829,-75.4757,8871.31,0,44
124,-25.3738,-59.1927,-66.5366,969,0,44
124,-21.4236,-60.7341,0.299868,456.801,0,44
124,-17.5275,-61.9709,-68.7788,129.812,0,44
124,-11.7487,-63.3212,181.041,13096.4,0,44
124,-10.9488,-63.4644,-83.0835,975.079,0,44
124,-11.0968,-63.4387,189.179,1358,0,44
124,-5.8162,-64.1387,116.629,696.98,0,44
124,-3.67291,-64.2971,201.1,4107.12,0,44
124,-3.18855,-64.3229,-49.5175,300.47,0,44
124,-1.45071,-64.3856,155.346,1812.58,0,44
124,-1.12053,-64.3922,165.827,397.657,0,44
124,-0.915077,-64.3954,-11.4683,96.9016,0,44
124,1.49272,-64.3846,50.0401,339.963,0,44
124,2.19494,-64.3645,178.8,328.789,0,44
124,6.39988,-64.0831,-43.6201,176.515,0,44
124,7.09853,-64.0095,-3.96602,54.4283,0,44
124,7.79633,-63.9283,-4.35845,52.3329,0,44
124,35.3445,-53.8365,79.9885,70.3573,0,44
124,35.9262,-53.4501,81.0651,608.628,0,44
124,36.2857,-53.2067,-94.2937,311.596,0,44
124,36.4342,-53.1051,-95.324,28.0693,0,44
124,36.8873,-52.7914,283.193,509.141,0,44
124,37.8999,-52.0692,-46.1123,2734.18,0,44
124,38.0381,-51.9684,192.015,923.498,0,44
124,39.6814,-50.7247,189.011,605.906,0,44
124,39.9205,-50.5367,131.925,1832.77,0,44
124,40.3791,-50.171,-82.772,108.727,0,44
124,43.4445,-47.5413,-105.5,35,0,44
124,44.8802,-46.1884,198.252,94.501,0,44
124,45.2275,-45.8484,198.932,21.1471,0,44
124,45.9716,-45.1023,199.356,26.2741,0,44
124,47.9379,-43.0065,-95.41,937.855,0,44
124,49.1663,-41.5966,7.55626,513.031,0,44
124,52.9728,-36.6264,118.585,141.101,0,44
124,53.8656,-35.3002,61.2577,851.192,0,44
124,54.5933,-34.164,242.35,217.742,0,44
124,54.8993,-33.67,-45.2642,1113.2,0,44
124,54.9044,-33.6617,-60.8643,1213.94,0,44
124,55.1112,-33.3221,-64.5427,238.787,0,44
124,56.8547,-30.2513,-89.8637,774.982,0,44
124,58.643,-26.6197,91.7318,318.669,0,44
124,58.8412,-26.1786,92.205,84.321,0,44
124,59.0747,-25.6473,82.0733,452.006,0,44
124,59.1512,-25.4703,52.9629,82.551,0,44
124,60.0886,-23.1724,38.3398,30067.4,0,44
124,60.1661,-22.9706,217.583,811.785,0,44
124,60.6959,-21.5317,-8.38695,988.663,0,44
124,60.8989,-20.9506,37.388,50.1906,0,44
124,60.8989,-20.9506,122.713,88.2945,0,44
124,61.0487,-20.5101,123.065,692.473,0,44
124,62.0089,-17.3925,-57.8157,332.47,0,44
124,64.1342,-5.86559,28.9911,382.833,0,44
124,64.1968,-5.13627,160.23,11309.5,0,44
124,64.272,-4.08826,-63.5289,161.139,0,44
124,64.3457,-2.68903,-95.2288,518.361,0,44
124,64.401,0.347666,197.48,332.744,0,44
124,64.3102,3.43562,-29.3079,350.269,0,44
124,64.2345,4.63982,-97.5477,393.718,0,44
124,64.0372,6.84383,229.47,8866.54,0,44
124,64.0526,6.69813,237.166,1331,0,44
124,63.0551,13.102,96.2512,3142.8,0,44
124,62.4754,15.634,290.289,291.578,0,44
124,62.4073,15.9038,113.953,155.968,0,44
124,62.3196,16.244,114.035,337.786,0,44
124,60.9942,20.6716,-50.3531,381.128,0,44
124,60.8171,21.1869,-51.0169,275.273,0,44
124,60.491,22.1009,5.89757,684.751,0,44
124,59.4836,24.6842,-13.9307,348.671,0,44
124,59.4926,24.6625,232.428,76.5132,0,44
124,58.2431,27.4835,-73.4749,333.857,0,44
124,58.0668,27.8541,120.685,1197.42,0,44
124,56.1586,31.5248,-64.796,72.2757,0,44
124,55.3757,32.8806,-24.8084,442.037,0,44
124,53.4951,35.8591,16.7699,3147.4,0,44
124,53.0056,36.5789,-0.211066,260.405,0,44
124,52.7724,36.9144,0.240306,885.045,0,44
124,51.5271,38.6338,-66.7787,84.8091,0,44
124,51.2671,38.978,128.722,170.291,0,44
124,50.484,39.9871,267.324,210.384,0,44
124,49.687,40.9733,6.21746,2030.36,0,44
124,31.9651,55.9092,14.5052,471.988,0,44
124,29.2864,57.3578,143.36,441.148,0,44
124,28.7953,57.6059,69.198,789.768,0,44
124,23.9687,59.7755,102.602,410.9,0,44
124,22.1822,60.4612,-3.98549,823.21,0,44
124,21.0122,60.8777,2.82871,238.654,0,44
124,20.4137,61.081,130.518,101.75,0,44
124,19.0247,61.5278,-53.9608,125.906,0,44
124,18.4662,61.6977,-63.6931,471.737,0,44
124,17.6463,61.9372,81.1791,440.499,0,44
124,16.1943,62.3326,284.04,127.801,0,44
124,15.4012,62.5332,-17.6598,491.721,0,44
124,12.4674,63.1836,-48.0345,2078.36,0,44
124,10.839,63.4832,-76.8884,580.903,0,44
124,8.96721,63.7746,-26.1268,145.744,0,44
124,8.13311,63.8863,-26.0359,643.432,0,44
124,7.09851,64.0095,-33.42,35.2374,0,44
124,6.495,64.0735,-33.381,1137.97,0,44
124,2.13722,64.3664,36.6452,222.714,0,44
124,0.969293,64.3946,7.38366,590.947,0,44
124,-0.125029,64.4018,-36.4281,213.857,0,44
124,-1.43956,64.3858,123.875,221.047,0,44
124,-3.08758,64.3278,186.755,1501.32,0,44
124,-6.51936,64.0711,-61.2994,623.913,0,44
124,-7.26693,63.9906,-38.1635,806.413,0,44
124,-8.98952,63.7714,212.377,898.277,0,44
124,-20.21,61.1487,95.373,449.657,0,44
124,-22.2646,60.4309,24.6551,411.843,0,44
124,-23.5601,59.9377,-80.7092,770.564,0,44
124,-25.1788,59.2759,-8.5512,446.116,0,44
124,-25.2951,59.2264,205.04,799.987,0,44
124,-27.7302,58.1261,-70.8461,349.65,0,44
124,-28.7126,57.6471,-0.775614,471.343,0,44
124,-31.3612,56.2502,75.7995,540.841,0,44
124,-33.3349,55.1034,153.272,70.008,0,44
124,-39.5528,50.825,-13.8744,236.477,0,44
124,-47.6954,43.2754,294.78,877.112,0,44
124,-50.3905,40.1049,116.676,34.2774,0,44
124,-51.9048,38.1248,-98.142,124.081,0,44
124,-52.5177,37.2759,109.576,1504.4,0,44
124,-52.9545,36.6527,40.78,88.3745,0,44
124,-54.8289,33.7846,31.876,27.0832,0,44
124,-55.0155,33.4798,-28.5836,1303.52,0,44
124,-55.1942,33.1845,31.2196,67.5393,0,44
124,-55.4638,32.7318,-89.2471,84.2167,0,44
124,-55.7297,32.277,-90.0153,58.3623,0,44
124,-57.6433,28.7203,26.4972,141.767,0,44
124,-57.7991,28.4054,11.6443,76.8442,0,44
124,-57.7991,28.4054,26.3686,452.04,0,44
124,-62.3755,16.0283,198.091,557.984,0,44
124,-63.0672,13.0437,48.2247,595.489,0,44
124,-63.6315,9.93168,18.9932,593.624,0,44
124,-63.6731,9.66143,-59.9196,394.837,0,44
124,-63.8489,8.42189,-95.5047,542.492,0,44
124,-64.262,4.24282,-41.9425,866.776,0,44
124,-64.3772,1.78439,-60.1699,815.058,0,44
124,-64.4012,0.303965,-49.6664,91.5914,0,44
124,-64.0095,-7.09854,-51.804,56.0694,1,44
124,-63.8623,-8.31908,-51.804,26.0555,1,44
124,-61.4307,-19.3357,62.3442,284.648,1,44
124,-60.2464,-22.759,-194.356,369.225,1,44
124,-59.6411,-24.3011,-30.3736,138.092,1,44
124,-58.9831,-25.8573,-66.8435,75.6591,1,44
124,-58.8241,-26.217,-67.7022,228.574,1,44
124,-58.0295,-27.9316,-20.6605,66.4422,1,44
124,-57.5983,-28.8104,-20.5658,338.208,1,44
124,-56.2282,-31.4005,19.408,442.719,1,44
124,-55.1835,-33.2021,-171.347,23328.9,1,44
124,-55.9049,-31.9725,19.6607,133.111,1,44
124,-53.6529,-35.6227,11.483,1734.41,1,44
124,-53.147,-36.373,-29.5513,2582.11,1,44
124,-52.6998,-37.0181,-28.06,105.411,1,44
124,-52.0053,-37.9876,32.59,946.976,1,44
124,-44.2263,-46.815,-60.0516,660.229,1,44
124,-43.7489,-47.2613,32.2349,210.061,1,44
124,-41.8156,-48.9802,45.8097,1634.82,1,44
124,-40.4932,-50.079,18.4653,804.876,1,44
124,-39.896,-50.556,18.2359,416.206,1,44
124,-35.3446,-53.8365,-112.317,313.171,1,44
124,-35.3842,-53.8105,-300.378,104.152,1,44
124,-34.8321,-54.1695,-73.6773,867.522,1,44
124,-33.6781,-54.8944,32.2344,1321.76,1,44
124,-28.6031,-57.7015,-150.081,2203.25,1,44
124,-28.3177,-57.8421,18.7135,464.285,1,44
124,-27.9602,-58.0158,-33.8712,529.133,1,44
124,-27.1538,-58.3975,63.5098,862.159,1,44
124,-27.4214,-58.2724,23.5794,801.656,1,44
124,-27.5316,-58.2204,18.9059,356.152,1,44
124,-26.7302,-58.5927,-292.205,523.259,1,44
124,-26.7905,-58.5651,19.1237,141.817,1,44
124,-26.3836,-58.7495,-0.766324,1032.56,1,44
124,-24.4993,-59.56,-215.804,1008.68,1,44
124,-24.5444,-59.5414,27.1433,1421.97,1,44
124,-24.162,-59.6976,67.2043,219.504,1,44
124,-20.5903,-61.0217,-71.7771,415.366,1,44
124,-20.0021,-61.217,-72.4355,102.691,1,44
124,-17.9774,-61.8419,-12.6987,627.913,1,44
124,-17.0922,-62.0924,-12.5855,144.999,1,44
124,-15.4002,-62.5335,-204.163,965.141,1,44
124,-13.9792,-62.8664,-174.86,587.014,1,44
124,-12.6928,-63.1387,-174.578,566.388,1,44
124,-12.2625,-63.2237,91.0545,1224.25,1,44
124,-10.8548,-63.4805,-174.254,1419.01,1,44
124,-10.1098,-63.6034,-0.0251729,1271.86,1,44
124,-9.70449,-63.6665,-46.1121,419.307,1,44
124,-9.88381,-63.6389,-174.148,66.3702,1,44
124,-8.37488,-63.855,-173.794,818.92,1,44
124,-6.30929,-64.0921,-173.473,1061.52,1,44
124,-3.08562,-64.3279,-172.877,4767.72,1,44
124,-3.79574,-64.2899,64.1145,244.851,1,44
124,-3.32791,-64.3159,64.7957,184.964,1,44
124,-1.51683,-64.384,-34.4257,233.845,1,44
124,-0.811179,-64.3968,-34.3466,728.897,1,44
124,-0.263435,-64.4014,9.90497,68.6175,1,44
124,0.087825,-64.4018,9.676,24.1664,1,44
124,0.647381,-64.3986,-41.7535,219.071,1,44
124,0.439077,-64.4004,-172.22,24,1,44
124,1.31713,-64.3884,-41.7907,112.166,1,44
124,9.90728,-63.6353,-299.979,2246.35,1,44
124,10.1971,-63.5895,-104.056,517.482,1,44
124,10.8184,-63.4867,48.9493,180.962,1,44
124,12.0974,-63.2555,-34.3731,2753.72,1,44
124,12.1333,-63.2486,-40.3186,374,1,44
124,12.6672,-63.1439,95.7691,1063.67,1,44
124,12.975,-63.0813,-223.002,828.446,1,44
124,13.0807,-63.0595,-135.063,308.279,1,44
124,14.0901,-62.8417,-289.717,305.085,1,44
124,17.4253,-61.9997,101.421,376.067,1,44
124,19.1602,-61.4857,-202.072,1293.99,1,44
124,19.3731,-61.4189,79.908,643.653,1,44
124,19.3411,-61.429,-288.229,777.673,1,44
124,21.7938,-60.6023,-264.48,592.662,1,44
124,22.4246,-60.3717,4.8747,2462.29,1,44
124,27.4059,-58.2797,-3.947,737.948,1,44
124,27.4101,-58.2777,53.5052,231.696,1,44
124,31.918,-55.9361,84.7911,353.064,1,44
124,32.0256,-55.8746,-7.36285,210.774,1,44
124,34.1952,-54.5737,-92.6339,792.894,1,44
124,35.6205,-53.6543,91.508,83.5254,1,44
124,38.2749,-51.7942,1.48594,1379.2,1,44
124,38.68,-51.4924,-20.3075,126.909,1,44
124,39.4842,-50.8783,54.1325,1801.74,1,44
124,41.968,-48.8497,-4.49498,32065.4,1,44
124,41.0594,-49.6158,-13.8833,1182,1,44
124,41.999,-48.823,-10.6734,487,1,44
124,42.2647,-48.5932,-19.7375,2872,1,44
124,45.9716,-45.1023,-116.141,95.3207,1,44
124,48.5554,-42.3081,43.4099,1293.96,1,44
124,49.2782,-41.464,-215.044,25.0294,1,44
124,51.1167,-39.175,92.0413,85.4838,1,44
124,52.6286,-37.1193,60.1159,310.81,1,44
124,53.3523,-36.0713,48.9759,1432.25,1,44
124,54.2271,-34.7423,20.1717,1757.83,1,44
124,54.5937,-34.1634,51.6395,395.838,1,44
124,54.5863,-34.1751,-29.0891,279.715,1,44
124,54.886,-33.6917,15.8486,194.147,1,44
124,55.2084,-33.1607,71.966,1080.92,1,44
124,56.0581,-31.7033,-199.663,937.252,1,44
124,59.3262,-25.0601,-139.093,1340.64,1,44
124,59.637,-24.3111,-67.7893,992.444,1,44
124,61.9982,-17.4306,-254.476,37.0971,1,44
124,62.0924,-17.0921,-254.665,61.4977,1,44
124,62.3197,-16.2439,-254.476,33.0971,1,44
124,62.5771,-15.2221,26.636,46.0865,1,44
124,64.3609,2.29634,-217.698,1037.32,1,44
124,63.8823,8.16469,-69.4901,864.995,1,44
124,63.5743,10.2916,-168.782,280.591,1,44
124,60.8566,21.0733,33.2301,447.992,1,44
124,60.6145,21.7598,34.304,313.605,1,44
124,60.285,22.6566,-238.984,171.511,1,44
124,59.5507,24.5218,7.45011,786.376,1,44
124,56.0153,31.7788,16.7811,800.068,1,44
124,55.6907,32.3443,90.4366,211.517,1,44
124,55.6023,32.496,-225.118,538.142,1,44
124,54.4045,34.4638,29.5692,539.797,1,44
124,54.1608,34.8455,58.714,217.039,1,44
124,53.2311,36.2498,6.54709,77.4022,1,44
124,53.2043,36.2893,66.6633,96.6453,1,44
124,52.6962,37.0231,-277.597,457.044,1,44
124,52.477,37.3332,-0.166803,303.701,1,44
124,52.4041,37.4355,-303.19,471.752,1,44
124,51.0635,39.2443,-155.976,531.034,1,44
124,49.7953,40.8416,-37.1999,582.91,1,44
124,44.0206,47.0084,5.29815,153.072,1,44
124,43.7651,47.2464,67.9944,138.223,1,44
124,43.3949,47.5866,-16.4334,144.867,1,44
124,42.9605,47.9792,-14.2324,365.11,1,44
124,40.9004,49.747,100.482,399.487,1,44
124,39.3412,50.9889,-29.332,84.4178,1,44
124,33.5092,54.9976,25.8321,150.126,1,44
124,33.485,55.0123,-202.983,58.3867,1,44
124,32.059,55.8554,-155.995,721.164,1,44
124,22.5244,60.3345,-243.855,1575.68,1,44
124,19.9514,61.2335,-262.956,23.1925,1,44
124,17.7729,61.901,-231.16,501.719,1,44
124,11.1463,63.43,51.308,1181.43,1,44
124,8.90209,63.7837,81.6593,351.989,1,44
124,6.18082,64.1046,62.2568,1089.89,1,44
124,0.871839,64.396,33.8944,1403.96,1,44
124,-0.0878245,64.4018,34.5104,59.5269,1,44
124,-0.790321,64.397,35.116,40.1509,1,44
124,-0.790327,64.397,25.788,24.103,1,44
124,-0.790323,64.397,-87.42,29.3569,1,44
124,-3.16721,64.324,7.57235,468.34,1,44
124,-14.8626,62.6634,-39.5194,1079.13,1,44
124,-15.4192,62.5288,-273.577,644.296,1,44
124,-16.244,62.3196,23.865,62.4022,1,44
124,-21.0975,60.8482,44.0539,283.613,1,44
124,-21.2251,60.8038,-48.5627,600.472,1,44
124,-25.4203,59.1727,30.9178,246.556,1,44
124,-27.297,58.3308,36.812,22.0261,1,44
124,-27.4223,58.2719,-13.9852,299.482,1,44
124,-30.7222,56.6017,-12.7267,134.744,1,44
124,-32.0666,55.851,15.4768,919.224,1,44
124,-32.2341,55.7545,-124.742,565.119,1,44
124,-35.2671,53.8873,73.1028,57.6308,1,44
124,-35.6311,53.6473,73.4336,2259.19,1,44
124,-36.1786,53.2796,74.1592,1805.35,1,44
124,-36.9254,52.7647,59.8359,868.93,1,44
124,-36.9579,52.742,-28.0221,488.178,1,44
124,-38.9443,51.2927,57.249,509.394,1,44
124,-44.4011,46.6492,64.0876,199.278,1,44
124,-44.8349,46.2324,63.5134,193.491,1,44
124,-47.6829,43.2891,-189.878,432.707,1,44
124,-48.2686,42.6351,-232.606,251.704,1,44
124,-48.597,42.2603,-233.236,290.115,1,44
124,-55.0562,33.4129,-196.812,50.253,1,44
124,-55.6937,32.339,-62.6804,936.666,1,44
124,-55.7703,32.2068,-31.2115,358.294,1,44
124,-56.3537,31.1748,58.7485,463.368,1,44
124,-57.9076,28.1836,13.2832,552.363,1,44
124,-58.4617,27.0154,105.399,107.791,1,44
124,-58.7789,26.3182,-236.784,5386.76,1,44
124,-60.152,23.0074,31.1879,1683.38,1,44
124,-60.1695,22.9617,-35.9014,227.526,1,44
124,-60.1808,22.9319,28.756,5.45083,1,44
124,-61.1315,20.262,52.453,448.367,1,44
124,-62.0924,17.0921,-191.113,97.6225,1,44
124,-62.8636,13.9921,-94.7957,195.428,1,44
124,-62.9689,13.5102,-225.047,396.518,1,44
124,-62.9731,13.4904,-94.4531,456.165,1,44
124,-63.4709,10.911,-101.3,414.889,1,44
124,-63.8188,8.64658,-168.737,37856,1,44
124,-63.5843,10.2292,24.762,1252.98,1,44
124,-63.6919,9.53657,-176.491,705,1,44
124,-63.8821,8.16628,88.9194,371.966,1,44
124,-63.9173,7.88561,13.8281,500.893,1,44
124,-63.9068,7.97061,-173.571,210,1,44
124,-63.9698,7.44752,-172.998,128,1,44
124,-64.1684,5.47932,-71.0509,702.897,1,44
124,-65.2399,-5.82494,-72.2919,817.219,0,45
124,-64.9973,-8.09493,107.359,603.247,0,45
124,-64.685,-10.297,209.022,614.074,0,45
124,-64.4028,-11.9351,263.018,333.075,0,45
124,-64.0043,-13.915,30.3834,188.542,0,45
124,-63.727,-15.1342,173.491,169.246,0,45
124,-62.1548,-20.6629,289.236,630.176,0,45
124,-61.6326,-22.172,39.804,865.476,0,45
124,-60.6349,-24.7707,-62.8078,406.314,0,45
124,-60.4793,-25.148,-13.158,326.278,0,45
124,-58.568,-29.3252,-66.2611,182.473,0,45
124,-58.0768,-30.2862,158.157,691.206,0,45
124,-58.0747,-30.2902,-29.8521,1420.93,0,45
124,-57.4111,-31.53,58.8493,3749.23,0,45
124,-57.3565,-31.6291,118.457,676.586,0,45
124,-56.8767,-32.484,-8.3698,135.495,0,45
124,-55.4715,-34.8293,-43.9732,761.617,0,45
124,-55.1936,-35.2681,-44.02,35.1199,0,45
124,-54.2325,-36.7289,-50.0402,933.548,0,45
124,-54.2114,-36.76,-38.508,28.2583,0,45
124,-53.7051,-37.4957,-50.1543,51.3851,0,45
124,-53.625,-37.6103,-38.7367,267.43,0,45
124,-53.2998,-38.0697,-50.2947,436.182,0,45
124,-53.3242,-38.0356,-80.9735,204.511,0,45
124,-53.1014,-38.346,-39.0692,511.989,0,45
124,-52.3972,-39.3027,-29.2342,1340.82,0,45
124,-51.2904,-40.7365,-48.3363,2317.58,0,45
124,-48.0523,-44.5101,-72.3639,739.152,0,45
124,-47.6677,-44.9217,-72.5081,632.484,0,45
124,-46.6297,-45.9982,-51.4221,88.5566,0,45
124,-45.3582,-47.2526,7.12828,84.4821,0,45
124,-43.9205,-48.5918,159.5,35.2327,0,45
124,-40.7883,-51.2492,211.875,44.3174,0,45
124,-28.548,-58.9507,-79.8273,913.036,0,45
124,-28.8394,-58.8087,156.835,1336.9,0,45
124,-26.009,-60.1141,-75.9189,8313.31,0,45
124,-25.9842,-60.1248,57.258,815.625,0,45
124,-25.9703,-60.1308,-67.1645,940,0,45
124,-21.9243,-61.7211,-0.523274,179.079,0,45
124,-17.9298,-62.9976,-69.9799,601.285,0,45
124,-11.3552,-64.5076,-84.067,344.359,0,45
124,-9.86504,-64.7522,180.59,13427.4,0,45
124,-10.4051,-64.6676,3.33807,104.47,0,45
124,-10.4051,-64.6676,185.276,193,0,45
124,-4.05095,-65.374,200.124,1563.95,0,45
124,-2.79316,-65.4398,-50.4153,408.185,0,45
124,-1.98524,-65.4693,157.284,3669.46,0,45
124,-1.48372,-65.4826,164.081,319.711,0,45
124,-0.63957,-65.4963,-11.7196,1060.13,0,45
124,1.95781,-65.4701,47.8574,535.54,0,45
124,2.35721,-65.457,177.477,3510.69,0,45
124,5.65475,-65.2548,-2.02359,1680.6,0,45
124,5.67125,-65.2534,141.765,152.781,0,45
124,8.69711,-64.9194,-4.82075,189.857,0,45
124,9.45049,-64.814,-5.26989,528.676,0,45
124,10.6691,-64.6246,120.199,294.902,0,45
124,11.1099,-64.5503,119.891,148.86,0,45
124,12.2648,-64.3409,180.221,544.702,0,45
124,15.1295,-63.7281,237.94,108.626,0,45
124,17.5556,-63.1029,41.445,183.2,0,45
124,17.8241,-63.0275,-34.888,233.954,0,45
124,19.5518,-62.5132,53.721,624.938,0,45
124,20.2914,-62.2771,-102.3,66.4944,0,45
124,20.7025,-62.1416,31.7249,230.163,0,45
124,20.7271,-62.1334,199.704,226.383,0,45
124,26.1342,-60.0598,124.478,191.882,0,45
124,35.2412,-55.2108,78.3264,439.986,0,45
124,35.5542,-55.0097,79.2589,323.286,0,45
124,37.667,-53.5851,-47.6508,5631.52,0,45
124,37.5587,-53.6611,-96.3052,294.243,0,45
124,37.9338,-53.3966,-96.4029,82.5782,0,45
124,38.514,-52.9796,190.858,93.3392,0,45
124,38.7387,-52.8156,281.847,715.294,0,45
124,40.1661,-51.7384,188.163,1001.37,0,45
124,40.6677,-51.345,131.156,470.661,0,45
124,41.0374,-51.05,-83.4236,369.639,0,45
124,48.6979,-43.8028,-95.1396,812.883,0,45
124,49.9406,-42.3805,6.75629,720.334,0,45
124,51.026,-41.0672,-70.5005,212.685,0,45
124,51.2492,-40.7883,-71.0611,157.763,0,45
124,53.9459,-37.1486,118.124,251.43,0,45
124,54.5722,-36.2222,59.6396,749.267,0,45
124,55.3727,-34.9862,241.447,254.919,0,45
124,55.6904,-34.4782,-65.2714,349.272,0,45
124,55.6071,-34.6124,-62.9109,542.634,0,45
124,55.6795,-34.4958,-45.652,558.511,0,45
124,59.4502,-27.4925,90.8923,400.045,0,45
124,60.1686,-25.8826,81.2401,298.732,0,45
124,60.298,-25.5798,40.8679,3795.23,0,45
124,60.2315,-25.7359,52.4593,140.408,0,45
124,61.7811,-21.7548,-9.32002,739.406,0,45
124,61.9367,-21.3076,37.388,34.111,0,45
124,62.0819,-20.8809,37.4325,324.926,0,45
124,62.0987,-20.8308,122.467,832.192,0,45
124,65.2281,-5.95533,157.267,5599.34,0,45
124,65.2773,-5.38983,29.0291,465.646,0,45
124,65.3761,-4.01646,-64.3877,125.79,0,45
124,65.4632,-2.17743,-96.1984,595.968,0,45
124,65.4612,-2.23589,-47.6408,347.627,0,45
124,65.4654,-2.10943,-44.5299,167.119,0,45
124,65.4326,2.95652,-29.6413,680.644,0,45
124,65.2906,5.22621,19.355,364.146,0,45
124,65.193,6.32807,228.736,5777.81,0,45
124,64.1464,13.2442,96.3492,1492.64,0,45
124,63.6037,15.6441,289.54,682.88,0,45
124,63.4864,16.1135,113.759,240.201,0,45
124,62.5739,19.3566,-45.8611,225.068,0,45
124,61.6901,22.0115,-51.7604,106.016,0,45
124,61.5974,22.2696,-52.7419,117.532,0,45
124,61.4053,22.7939,-53.3322,258.311,0,45
124,61.393,22.827,5.49375,483.079,0,45
124,61.1551,23.457,197.726,1063.5,0,45
124,59.4003,27.6003,-74.8314,115.036,0,45
124,59.4003,27.6003,-12.4733,73.9432,0,45
124,59.1665,28.0979,-12.0464,237.837,0,45
124,58.9408,28.5684,119.859,1009.37,0,45
124,58.8525,28.7498,-11.5295,225.687,0,45
124,58.4432,29.573,-11.0827,685.035,0,45
124,57.5675,31.2436,-65.3991,135.062,0,45
124,57.3821,31.5828,-65.22,23.0571,0,45
124,56.7891,32.6369,-25.3184,275.34,0,45
124,54.5289,36.2874,16.687,2821.65,0,45
124,54.1091,36.9104,-0.972404,99.4977,0,45
124,52.717,38.8727,-68.0336,164.15,0,45
124,51.861,40.0076,128.316,146.338,0,45
124,50.911,41.2098,5.57162,1474.93,0,45
124,51.08,41,265.737,153.766,0,45
124,43.4085,49.0497,74.213,246.672,0,45
124,38.0445,53.3178,284.551,935.888,0,45
124,37.6361,53.6068,38.2198,539.824,0,45
124,36.1323,54.6317,-0.554348,1230.71,0,45
124,35.7184,54.9032,44.3889,61.4944,0,45
124,35.4185,55.0972,-47.412,36.111,0,45
124,35.4185,55.0972,44.3715,60.496,0,45
124,35.1174,55.2896,-46.7986,114.138,0,45
124,34.5551,55.6427,-46.2376,327.437,0,45
124,32.4353,56.9045,14.0482,302.07,0,45
124,29.6446,58.4069,143.058,182.926,0,45
124,22.486,61.5187,1.94869,51.6088,0,45
124,21.6907,61.8036,-5.24492,564.922,0,45
124,22.0054,61.6922,2.39597,369.327,0,45
124,20.4297,62.2318,130.244,113.541,0,45
124,19.2865,62.5955,-54.9005,327.946,0,45
124,18.5417,62.8202,80.0982,636.779,0,45
124,18.0814,62.9542,-65.0506,278.5,0,45
124,16.2204,63.4592,283.042,2027.71,0,45
124,15.775,63.5714,-18.1155,1120.35,0,45
124,13.0335,64.1896,-48.2256,979.108,0,45
124,10.325,64.6805,-77.851,324.711,0,45
124,7,65.1243,-25.3739,1064.06,0,45
124,6.23006,65.2024,-32.9684,481.685,0,45
124,2.41661,65.4548,36.516,214.653,0,45
124,0.348071,65.4985,6.24359,139.12,0,45
124,-0.10778,65.4993,5.58649,244.3,0,45
124,-0.553573,65.4971,123.491,835.264,0,45
124,-0.362205,65.4984,-37.0585,246.401,0,45
124,-2.46907,65.4528,184.807,669.184,0,45
124,-6.86263,65.1389,-62.8674,1182.92,0,45
124,-6.98281,65.1261,-38.9142,258.796,0,45
124,-9.52242,64.8035,211.652,52.2064,0,45
124,-14.2202,63.9371,-49.6545,616.138,0,45
124,-15.5029,63.6383,11.1,91.4178,0,45
124,-22.0501,61.6763,-35.4515,412.355,0,45
124,-23.0806,61.2981,24.6924,650.228,0,45
124,-23.2195,61.2456,166.88,161.592,0,45
124,-23.7602,61.0379,-81.5504,134.14,0,45
124,-25.825,60.1934,-8.70168,416.762,0,45
124,-26.1321,60.0607,204.158,684.55,0,45
124,-27.1134,59.6241,-71.3765,126.942,0,45
124,-27.7058,59.3512,-71.1044,283.432,0,45
124,-29.0781,58.691,-0.815247,294.048,0,45
124,-30.4997,57.965,73.4919,344.761,0,45
124,-31.3659,57.5009,74.7707,415.295,0,45
124,-32.5517,56.838,150.078,1791.36,0,45
124,-33.1786,56.4743,33.6927,107.826,0,45
124,-34.7733,55.5067,-40.1846,407.957,0,45
124,-38.5608,52.9456,-92.0608,108.555,0,45
124,-39.0611,52.5776,-92.5274,351.285,0,45
124,-39.0897,52.5563,162.044,25.0139,0,45
124,-39.9443,51.9097,-14.764,30.0832,0,45
124,-42.0338,50.2328,283.732,25.0555,0,45
124,-44.5585,48.0074,73.428,32.0816,0,45
124,-48.2868,44.2556,294.332,82.3468,0,45
124,-51.3218,40.697,116.033,279.206,0,45
124,-52.5836,39.053,-98.3872,102.487,0,45
124,-52.9898,38.5001,108.93,547.043,0,45
124,-53.7495,37.4321,40.4455,259.326,0,45
124,-55.5236,34.7462,-96.6406,275.832,0,45
124,-55.7299,34.4144,-28.4125,3475.98,0,45
124,-56.409,33.2896,30.4074,45.2913,0,45
124,-56.8895,32.4617,30.0372,753.388,0,45
124,-57.0675,32.1477,-91.0417,982.26,0,45
124,-58.3946,29.6689,11.1034,1443.23,0,45
124,-59.1983,28.0309,-50.3102,722.649,0,45
124,-60.3747,25.3981,-60.8173,194.951,0,45
124,-61.6297,22.1801,250.03,411.827,0,45
124,-62.8878,18.3113,-56.2657,724.167,0,45
124,-63.3817,16.5207,-74.548,25.0555,0,45
124,-63.4913,16.0944,196.911,1220.96,0,45
124,-63.9661,14.0894,46.292,26.0538,0,45
124,-64.0331,13.7814,47.2405,241.966,0,45
124,-64.2435,12.7647,-20.0626,310.602,0,45
124,-64.3764,12.0768,-20.276,86.3851,0,45
124,-64.7018,10.1906,-60.3661,1896.72,0,45
124,-64.792,9.60045,18.5561,467.795,0,45
124,-64.9854,8.18962,-97.3698,419.759,0,45
124,-65.4166,3.29255,-43.4301,1380,0,45
124,-65.4563,2.37641,-44.6553,1131.13,0,45
124,-65.4875,1.24762,-60.6005,1081.78,0,45
124,-65.4979,0.446544,-50.1897,54.5156,0,45
124,-62.5248,-19.5147,63.1494,452.433,1,45
124,-61.4108,-22.779,-192.506,509.295,1,45
124,-60.5728,-24.9221,-30.18,57.2341,1,45
124,-60.2939,-25.5894,-65.7219,864.307,1,45
124,-58.3775,-29.7026,-171.171,44152.6,1,45
124,-59.3248,-27.7622,-175.128,120,1,45
124,-59.0957,-28.2466,-175.724,215,1,45
124,-57.9994,-30.4342,-20.4091,558.858,1,45
124,-57.9137,-30.597,-181.152,2705,1,45
124,-57.3993,-31.5514,-20.264,985.898,1,45
124,-56.6436,-32.8888,20.0865,405.697,1,45
124,-54.8652,-35.7768,-118.429,202.694,1,45
124,-54.2019,-36.774,-29.2074,1275.12,1,45
124,-52.7385,-38.8435,12.1125,1853.47,1,45
124,-53.5061,-37.7792,-27.7254,216.023,1,45
124,-52.9007,-38.6224,32.1092,422.547,1,45
124,-51.7933,-40.0953,12.4828,742.635,1,45
124,-51.4628,-40.5186,-36.4797,911.101,1,45
124,-50.4458,-41.7779,97.0021,568.179,1,45
124,-47.0013,-45.6185,25.0326,295.355,1,45
124,-46.6297,-45.9982,24.7973,107.226,1,45
124,-45.426,-47.1874,-58.5007,595.141,1,45
124,-44.1849,-48.3515,32.572,21.0416,1,45
124,-41.9394,-50.3116,19.6896,570.883,1,45
124,-42.0274,-50.2381,-188.789,1796.05,1,45
124,-41.1807,-50.9345,18.7232,430.888,1,45
124,-36.7453,-54.2213,-110.522,861.769,1,45
124,-36.3469,-54.4892,-300.536,127.942,1,45
124,-35.0668,-55.3217,-73.9903,322.375,1,45
124,-34.431,-55.7196,32.8939,2195.61,1,45
124,-32.1923,-57.0423,17.9009,479.427,1,45
124,-29.6811,-58.3884,18.4921,310.838,1,45
124,-28.1732,-59.1307,-31.7656,459.089,1,45
124,-28.0122,-59.2072,23.579,593.39,1,45
124,-27.9546,-59.2344,-291.526,238.043,1,45
124,-27.241,-59.5659,62.836,225.433,1,45
124,-27.0321,-59.661,0.204805,737.224,1,45
124,-26.6313,-59.841,-302.692,686.957,1,45
124,-25.4557,-60.3505,67.8513,637.256,1,45
124,-25.5121,-60.3266,-282.438,333,1,45
124,-25.0832,-60.5062,28.1567,259.708,1,45
124,-24.2836,-60.8316,-213.88,1052.56,1,45
124,-22.2604,-61.6007,-69.821,1352.35,1,45
124,-21.4332,-61.8934,-71.0487,262.391,1,45
124,-15.6597,-63.5999,-204.11,523.374,1,45
124,-12.755,-64.2455,90.6584,911.479,1,45
124,-10.7021,-64.6192,0.849585,396.987,1,45
124,-2.68704,-65.4443,65.8516,961.939,1,45
124,-2.86312,-65.4368,-34.5803,206.059,1,45
124,-2.75556,-65.4414,-82.0902,320.922,1,45
124,0.671945,-65.496,9.98857,263.67,1,45
124,10.3266,-64.6802,49.1446,381.299,1,45
124,10.2908,-64.6859,-299.345,314.046,1,45
124,10.5191,-64.6492,-103.625,136.508,1,45
124,12.9218,-64.2121,-222.44,259.232,1,45
124,13.1001,-64.176,96.596,65.2685,1,45
124,15.1267,-63.7287,-289.054,312.942,1,45
124,16.5208,-63.3817,101.26,32.1232,1,45
124,17.8825,-63.011,-202.326,863.551,1,45
124,18.488,-62.836,-131.722,208.878,1,45
124,20.0898,-62.3424,-288.055,134.627,1,45
124,21.4427,-61.8901,81.0305,428.534,1,45
124,22.0459,-61.6778,-263.622,154.098,1,45
124,23.271,-61.2261,5.62137,6178.67,1,45
124,23.1776,-61.2615,-4.75938,1575,1,45
124,26.7372,-59.7937,60.1607,239.761,1,45
124,28.2695,-59.0847,-3.94455,1270.15,1,45
124,28.3521,-59.0452,54.4931,267.767,1,45
124,28.4076,-59.0185,-5.588,2.92086,1,45
124,28.7291,-58.8626,55.0729,189.916,1,45
124,32.0773,-57.1071,85.451,606.895,1,45
124,32.327,-56.9661,-6.20344,370.831,1,45
124,35.0209,-55.3507,-91.6927,390.149,1,45
124,36.1002,-54.653,92.6071,295.709,1,45
124,39.0136,-52.6129,2.98625,365.706,1,45
124,39.6618,-52.1259,-19.7927,985.883,1,45
124,40.367,-51.5817,55.2844,500.541,1,45
124,42.4416,-49.8887,-206.134,546.059,1,45
124,44.9801,-47.6127,-8.38861,18965.2,1,45
124,44.9701,-47.6221,-15.5839,518,1,45
124,46.0203,-46.608,-10.0592,463.996,1,45
124,47.112,-45.5042,-12.1152,13413.4,1,45
124,49.8098,-42.5342,44.1838,639.881,1,45
124,49.9924,-42.3194,-214.713,248.352,1,45
124,50.5464,-41.6561,19.1284,139.786,1,45
124,51.8452,-40.028,92.7853,253.124,1,45
124,53.3848,-37.9504,60.8085,178.284,1,45
124,53.4106,-37.9141,51.7407,687.946,1,45
124,53.8629,-37.2687,50.2579,318.255,1,45
124,55.4803,-34.8154,21.3222,119.777,1,45
124,55.4803,-34.8154,-28.908,23.1787,1,45
124,57.0487,-32.181,-198.666,364.18,1,45
124,58.7051,-29.0497,-37.6493,2764.47,1,45
124,58.8626,-28.7291,-52.2305,1699,1,45
124,58.8626,-28.7291,-66.22,22,1,45
124,59.5974,-27.1721,-40.0315,15906.1,1,45
124,60.394,-25.3522,-68.1745,5000.23,1,45
124,60.3651,-25.4211,-138.901,968.762,1,45
124,63.4071,-16.4228,-253.628,90.2619,1,45
124,64.5241,-11.2613,-34.1949,346.996,1,45
124,64.827,-9.36137,33.7101,237.846,1,45
124,65.4482,2.58935,-215.893,259.129,1,45
124,64.9619,8.37417,-68.3075,760.193,1,45
124,61.5694,22.3468,35.2849,183.251,1,45
124,61.4028,22.8006,35.9632,294.661,1,45
124,61.127,23.53,-238.673,140.69,1,45
124,60.2431,25.7088,8.74517,441.634,1,45
124,56.8478,32.5345,90.9952,744.718,1,45
124,56.6935,32.8027,-224.19,410.107,1,45
124,56.3955,33.3124,51.4617,223.481,1,45
124,56.0194,33.9411,50.5048,752.288,1,45
124,55.3356,35.0448,59.9018,305.958,1,45
124,55.1603,35.3201,31.0808,976.577,1,45
124,53.9193,37.1871,-276.615,1123.67,1,45
124,54.0953,36.9306,67.3423,150.636,1,45
124,54.0221,37.0376,6.57331,145.357,1,45
124,53.395,37.936,0.394647,672.113,1,45
124,53.3695,37.9719,-302.467,525.912,1,45
124,52.8237,38.7276,-50.0913,801.413,1,45
124,52.0613,39.7466,-155.313,272.97,1,45
124,51.1172,40.9537,-35.6015,630.113,1,45
124,51.1748,40.8816,-305.78,428.028,1,45
124,44.84,47.7446,69.46,33.3018,1,45
124,44.84,47.7446,68.4596,93.4082,1,45
124,44.84,47.7446,6.284,21.96,1,45
124,44.2121,48.3266,-15.8745,405.184,1,45
124,43.6548,48.8306,-13.644,21.0832,1,45
124,43.3878,49.068,-13.8393,46.4219,1,45
124,41.2856,50.8495,100.093,192.983,1,45
124,40.3392,51.6035,-29.2176,129.813,1,45
124,35.6534,54.9455,-204.08,674.997,1,45
124,34.9665,55.3851,-203.813,53.3867,1,45
124,33.9825,55.9943,26.0279,122.14,1,45
124,31.9793,57.162,-154.976,1349.02,1,45
124,23.3422,61.199,-242.335,433.024,1,45
124,20.5337,62.1976,-261.158,1222.1,1,45
124,18.5134,62.8285,-230.753,326.35,1,45
124,8.98205,64.8806,82.1003,738.358,1,45
124,6.8643,65.1387,63.524,25.2097,1,45
124,-1.69673,65.4774,25.6294,115.181,1,45
124,-1.69673,65.4774,-33.4662,207.58,1,45
124,-3.57148,65.402,8.43596,185.104,1,45
124,-14.8428,63.7955,-37.8906,789.93,1,45
124,-15.8721,63.5472,-272.197,672.858,1,45
124,-21.2686,61.9501,45.2175,567.659,1,45
124,-22.4744,61.5229,-48.6305,332.233,1,45
124,-23.7244,61.0518,-48.7635,609.949,1,45
124,-25.3825,60.3813,32.0278,816.846,1,45
124,-27.4829,59.4547,-13.5041,317.438,1,45
124,-28.153,59.1403,35.8865,136.133,1,45
124,-29.9152,58.2688,35.116,61.1248,1,45
124,-31.543,57.4039,15.4634,873.086,1,45
124,-31.4753,57.4411,-12.3871,242.481,1,45
124,-32.7029,56.7511,-124.609,259.875,1,45
124,-35.5615,55.005,72.1894,4812.79,1,45
124,-37.5404,53.6739,-27.7311,348.809,1,45
124,-37.9573,53.3799,61.2306,193.609,1,45
124,-39.5043,52.2454,58.4352,275.493,1,45
124,-44.4627,48.0961,65.6343,294.603,1,45
124,-44.8632,47.7228,64.9023,451.428,1,45
124,-48.2884,44.2539,-230.176,281.686,1,45
124,-48.5615,43.9539,-230.98,156.673,1,45
124,-48.8572,43.625,-188.157,1323.66,1,45
124,-48.8657,43.6156,-231.821,325.039,1,45
124,-55.8417,34.2327,-195.688,149.788,1,45
124,-56.8062,32.6072,-31.0239,418.17,1,45
124,-56.7698,32.6705,-61.4112,262.531,1,45
124,-57.5535,31.2693,59.0803,128.958,1,45
124,-58.6021,29.2569,14.5293,491.62,1,45
124,-59.5264,27.3272,-238.142,5254.93,1,45
124,-59.5129,27.3565,105.5,163,1,45
124,-61.0759,23.6624,-305.78,85.6331,1,45
124,-61.1371,23.5036,-35.2672,375.068,1,45
124,-62.2771,20.2914,53.772,22.0832,1,45
124,-62.4468,19.7629,53.9602,351.108,1,45
124,-63.0445,17.7641,-190.788,553.388,1,45
124,-64.0231,13.8282,-224.579,162.308,1,45
124,-64.1593,13.1814,-94.0679,1437.92,1,45
124,-64.5132,11.3235,-100.707,266.455,1,45
124,-64.5643,11.0285,26.1815,178.415,1,45
124,-64.6462,10.5378,25.6686,458.814,1,45
124,-64.9318,8.60393,90.0494,948.886,1,45
124,-64.9698,8.31203,14.7169,387.87,1,45
124,-65.1822,6.43823,-71.3401,513.895,1,45
124,-65.3182,4.86871,-169.055,37289.2,1,45
124,-65.1752,6.50892,-176.527,691,1,45
124,-65.455,2.41083,-169.22,1124.78,1,45
124,-65.4774,1.6967,41.3318,66.9494,1,45
124,-65.4774,1.6967,-169.267,815.666,1,45
124,-66.5692,-1.90669,27.4195,70.4993,0,46
124,-66.3603,-5.60448,-71.9315,286.629,0,46
124,-65.9615,-9.17486,106.313,1245.56,0,46
124,-65.7429,-10.6284,208.388,1666.57,0,46
124,-65.515,-11.9532,262.714,251.27,0,46
124,-64.9982,-14.5028,30.18,25.2341,0,46
124,-64.8361,-15.2109,172.644,33.5665,0,46
124,-63.467,-20.175,287.613,531.634,0,46
124,-61.8777,-24.622,-63.586,1955.01,0,46
124,-61.7585,-24.9195,-13.9552,728.821,0,46
124,-59.3871,-30.1375,-66.488,206.48,0,46
124,-59.2098,-30.4843,158.017,335.577,0,46
124,-59.1256,-30.6472,-30.7426,2528.47,0,46
124,-58.704,-31.4474,58.646,429.522,0,46
124,-58.1908,-32.3872,118.117,376.891,0,46
124,-56.3384,-35.5117,-36.7328,129.713,0,46
124,-55.9118,-36.1796,-44.7013,386.113,0,46
124,-55.9185,-36.1692,-37.3213,468.99,0,46
124,-55.6239,-36.6207,-45.292,42.208,0,46
124,-54.0036,-38.9705,-81.9191,633.979,0,46
124,-53.469,-39.7008,-50.5896,1131.6,0,46
124,-53.2364,-40.0122,-30.3317,600.578,0,46
124,-52.4804,-40.9988,-49.542,554.533,0,46
124,-48.875,-45.2364,-73.2692,656.393,0,46
124,-46.2487,-47.9181,276.524,28.2757,0,46
124,-45.8552,-48.2949,6.40297,326.765,0,46
124,-11.7309,-65.5552,-84.5686,210.523,0,46
124,-10.6867,-65.7335,3.28052,255.619,0,46
124,-8.14717,-66.0963,180.229,18505,0,46
124,-7.88167,-66.1285,186.614,590,0,46
124,-7.88168,-66.1285,191.724,21,0,46
124,-6.97928,-66.2298,186.283,481,0,46
124,-4.98969,-66.4093,113.708,27.2778,0,46
124,-4.51967,-66.443,113.005,202.942,0,46
124,-4.62741,-66.4355,114.132,32.3611,0,46
124,-4.39168,-66.4515,199.354,497.039,0,46
124,-2.5725,-66.5468,159.162,1508.5,0,46
124,-2.08821,-66.5638,158.48,164.024,0,46
124,-1.83992,-66.5711,162.894,106.771,0,46
124,-0.449404,-66.595,-12.0119,196.491,0,46
124,2.34561,-66.5552,46.2307,741.647,0,46
124,2.51261,-66.5491,175.997,684.615,0,46
124,4.9632,-66.4113,141.137,418.707,0,46
124,6.28556,-66.2992,-2.85844,3951.23,0,46
124,7.4198,-66.1819,-43.6621,209.996,0,46
124,9.00062,-65.9855,121.055,128.109,0,46
124,11.6364,-65.572,119.491,471.129,0,46
124,12.8214,-65.3506,178.989,988.696,0,46
124,14.7905,-64.9333,237.672,353.634,0,46
124,18.0073,-64.1158,-35.1053,509.516,0,46
124,17.9356,-64.1358,40.7032,455.957,0,46
124,20.2856,-63.4318,53.2547,60.5376,0,46
124,20.9163,-63.2266,-103.32,347.277,0,46
124,21.1318,-63.1549,31.5112,429.902,0,46
124,21.6953,-62.9636,198.686,1440.16,0,46
124,26.6098,-61.0493,124.424,132.1,0,46
124,34.7005,-56.8416,75.8953,270.275,0,46
124,35.0645,-56.6178,76.7012,182.352,0,46
124,35.4761,-56.3608,77.5247,577.283,0,46
124,37.2682,-55.1921,-49.4421,3547.52,0,46
124,38.6275,-54.2495,-97.4601,145.995,0,46
124,38.7877,-54.1351,189.92,507.865,0,46
124,39.096,-53.9129,-97.868,56.4111,0,46
124,39.89,-53.3281,281.168,153.135,0,46
124,40.4151,-52.9312,280.588,663.667,0,46
124,41.4105,-52.1562,130.586,570.08,0,46
124,41.7306,-51.9004,-84.36,774.821,0,46
124,44.4363,-49.6035,195.707,285.599,0,46
124,47.7889,-46.3823,111.768,479.695,0,46
124,49.4712,-44.5835,-94.9968,811.377,0,46
124,50.6884,-43.1947,6.1,140.405,0,46
124,54.9175,-37.6717,117.403,662.256,0,46
124,55.2776,-37.1414,58.3136,1193.18,0,46
124,56.2482,-35.6544,-66.0983,397.047,0,46
124,56.5192,-35.2232,-45.8616,1135.12,0,46
124,58.5721,-31.6923,-92.6017,613.476,0,46
124,60.113,-28.6622,90.203,220.165,0,46
124,61.3165,-25.988,80.212,42.2744,0,46
124,61.3879,-25.819,51.6675,426.011,0,46
124,62.8703,-21.9642,-10.2201,130.692,0,46
124,63.1486,-21.1505,121.59,2025.43,0,46
124,66.2337,-6.94214,154.997,16062.9,0,46
124,66.406,-5.03329,29.0617,317.382,0,46
124,66.5416,-2.70318,-48.8445,812.835,0,46
124,66.5862,1.17157,195.567,362.831,0,46
124,66.5458,2.59731,-29.9931,216.395,0,46
124,66.4798,3.94079,-99.3901,1213.83,0,46
124,66.4226,4.8094,19.3081,2226.96,0,46
124,66.3479,5.74839,227.996,7847.64,0,46
124,66.3351,5.89473,233.262,293,0,46
124,65.2704,13.2238,96.4574,1080.91,0,46
124,64.707,15.751,288.908,1650.6,0,46
124,64.6172,16.1156,113.541,322.155,0,46
124,63.594,19.7711,-45.7483,236.939,0,46
124,62.2288,23.7207,-54.1879,1715.44,0,46
124,62.2259,23.7282,4.73271,821.694,0,46
124,62.1222,23.9984,196.9,233.092,0,46
124,61.4923,25.5693,243.876,33.0555,0,46
124,59.8284,29.2516,119.006,1593.32,0,46
124,59.2182,30.4681,-10.7171,171.58,0,46
124,58.8393,31.1935,-65.5097,487.094,0,46
124,58.8379,31.196,-9.99596,101.372,0,46
124,58.3497,32.0999,-25.8822,431.181,0,46
124,58.4288,31.9557,-9.6079,563.782,0,46
124,58.0023,32.7234,-9.18433,392.555,0,46
124,55.4003,36.958,-1.74751,384.409,0,46
124,53.699,39.3893,-69.1937,518.799,0,46
124,52.4027,41.0981,127.548,512.751,0,46
124,52.1341,41.4382,4.78267,2106.12,0,46
124,51.6957,41.9839,264.317,447.713,0,46
124,44.3412,49.6886,73.0357,645.484,0,46
124,38.6127,54.2601,36.6651,1328.98,0,46
124,38.4208,54.3961,284.58,84.3345,0,46
124,37.2585,55.1987,-48.629,245.441,0,46
124,37.1787,55.2525,-1.07149,100.855,0,46
124,36.7722,55.5239,-48.0224,506.65,0,46
124,29.7147,59.5997,142.599,958.483,0,46
124,27.2438,60.769,67.2403,406.949,0,46
124,26.3449,61.164,99.799,111.064,0,46
124,25.7966,61.3973,100.249,294.15,0,46
124,23.6645,62.2502,1.08419,308.309,0,46
124,21.3748,63.0731,-5.90783,1822.28,0,46
124,20.5239,63.3551,130.042,913.873,0,46
124,19.5454,63.6637,-56.0307,85.5825,0,46
124,19.3285,63.7299,79.2864,441.086,0,46
124,17.8496,64.1598,-66.2854,154.303,0,46
124,16.4457,64.534,-19.3381,416.559,0,46
124,16.0935,64.6227,-18.8253,133.45,0,46
124,13.9157,65.1264,-48.4937,2142.13,0,46
124,10.2554,65.8021,-78.6988,1041.81,0,46
124,6.55356,66.2733,-24.94,73.1228,0,46
124,5.34523,66.3816,-32.1878,1221.32,0,46
124,5.80939,66.3426,-24.7048,173.786,0,46
124,2.66614,66.5431,36.3401,218.507,0,46
124,0.500055,66.5946,123.039,182.14,0,46
124,-0.544039,66.5943,-37.7333,355.001,0,46
124,-0.454043,66.595,4.94116,85.7604,0,46
124,-0.960606,66.5896,4.16105,229.936,0,46
124,-2.13801,66.5622,183.773,87.9635,0,46
124,-9.80958,65.8701,211.116,139.954,0,46
124,-15.2109,64.8361,-49.956,25.1803,0,46
124,-15.2109,64.8361,19.4554,919,0,46
124,-16.2654,64.5797,-50.5049,353,0,46
124,-23.4344,62.3372,166.848,237.727,0,46
124,-23.8116,62.1941,24.668,159.645,0,46
124,-24.0158,62.1155,-81.9253,97.8916,0,46
124,-26.5777,61.0632,-8.80366,405.147,0,46
124,-26.9659,60.8928,203.101,259.284,0,46
124,-27.0783,60.8429,-71.58,90.3778,0,46
124,-29.3038,59.8029,-0.774636,432.561,0,46
124,-33.4169,57.6056,33.706,126.016,0,46
124,-35.277,56.4856,-40.7457,334.922,0,46
124,-39.4697,53.6399,161.751,304.066,0,46
124,-40.2013,53.0938,-93.0151,250.824,0,46
124,-40.4391,52.9129,-15.7621,492.16,0,46
124,-42.9799,50.8707,283.062,96.9733,0,46
124,-46.0423,48.1165,72.7305,836.237,0,46
124,-47.4702,46.7084,301.964,88.3329,0,46
124,-48.7729,45.3464,293.414,687.633,0,46
124,-52.2206,41.3292,115.589,168.448,0,46
124,-53.435,39.7466,108.069,245.213,0,46
124,-53.4046,39.7875,7.56458,88.6902,0,46
124,-53.7195,39.3613,7.59443,168.228,0,46
124,-54.1418,38.7784,7.6844,652.123,0,46
124,-54.4235,38.382,39.9022,1566.43,0,46
124,-56.1174,35.8598,-95.1777,705.055,0,46
124,-56.3128,35.5522,-96.172,28,0,46
124,-56.3791,35.4471,-28.2066,1752.19,0,46
124,-64.4433,16.7975,-74.972,27.1387,0,46
124,-64.534,16.4457,-74.8237,67.9202,0,46
124,-64.6663,15.9172,203.092,622,0,46
124,-64.8586,15.1146,45.02,46.2341,0,46
124,-64.9584,14.6799,45.6574,46.4144,0,46
124,-65.55,11.7595,-20.5863,290.132,0,46
124,-65.7232,10.7496,-60.806,693.96,0,46
124,-65.927,9.41952,18.1478,188.037,0,46
124,-66.1054,8.07256,-98.484,514.466,0,46
124,-66.5785,1.54698,-45.6638,1509.38,0,46
124,-66.5902,0.916992,-60.9694,992.309,0,46
124,-66.5943,0.536715,-50.831,244.499,0,46
124,-66.5964,-0.0908184,-169.423,1061.14,1,46
124,-66.589,-0.998854,-51.984,50.4022,1,46
124,-66.589,-0.998845,-169.541,2240.02,1,46
124,-66.589,-0.998849,-175.54,391,1,46
124,-66.5692,-1.9067,-51.804,40,1,46
124,-66.5692,-1.9067,-169.569,1151.5,1,46
124,-66.2486,-6.79866,-169.905,1781.45,1,46
124,-64.8361,-15.2109,64.194,53.5343,1,46
124,-62.3335,-23.4443,-170.797,67287.6,1,46
124,-63.7025,-19.4188,64.0111,256.937,1,46
124,-63.5858,-19.7973,-178.036,1128.11,1,46
124,-62.597,-22.7312,-190.554,258.122,1,46
124,-62.2316,-23.7134,-176.087,258,1,46
124,-61.8869,-24.5988,-63.2271,880.223,1,46
124,-61.5709,-25.3795,-64.3738,160.869,1,46
124,-61.5618,-25.4015,-29.972,83.5948,1,46
124,-61.4923,-25.5693,-178.904,684,1,46
124,-61.2098,-26.2385,-176.024,284,1,46
124,-57.9894,-32.7463,-20.004,23.0122,1,46
124,-57.4696,-33.6503,-20.0188,478.29,1,46
124,-57.2613,-34.0035,20.4432,58.3451,1,46
124,-55.6233,-36.6216,-117.471,689.908,1,46
124,-55.3615,-37.0161,-28.7588,2168.73,1,46
124,-54.2968,-38.561,-27.3899,484.417,1,46
124,-53.7776,-39.2818,31.1191,575.654,1,46
124,-52.6993,-40.7171,-36.3205,2206.61,1,46
124,-52.1355,-41.4365,12.5781,282.795,1,46
124,-51.4847,-42.2424,12.8226,1083.22,1,46
124,-51.5028,-42.2203,97.651,737.608,1,46
124,-50.8244,-43.0346,13.034,361.649,1,46
124,-49.7141,-44.3125,13.3701,1161.22,1,46
124,-48.1583,-45.9986,25.534,214.682,1,46
124,-46.6392,-47.5382,-56.468,39.1248,1,46
124,-46.4213,-47.751,-57.2203,239.488,1,46
124,-44.5475,-49.5037,32.7028,424.544,1,46
124,-43.6791,-50.2715,20.7887,1341.66,1,46
124,-42.8069,-51.0163,-188.002,492.072,1,46
124,-41.7789,-51.8615,18.8655,272.503,1,46
124,-37.7774,-54.8449,-109.684,193.866,1,46
124,-37.8412,-54.8009,-211.652,86.2203,1,46
124,-37.3317,-55.1492,16.7701,1199.76,1,46
124,-36.1262,-55.9463,17.0637,856.044,1,46
124,-35.3252,-56.4555,33.8066,2598.71,1,46
124,-35.1193,-56.5838,-74.3182,636.789,1,46
124,-33.3769,-57.6288,17.732,37.0971,1,46
124,-29.172,-59.8672,-290.629,1244.25,1,46
124,-28.5557,-60.1636,23.5497,86.3556,1,46
124,-28.5145,-60.1832,-30.0234,1269.17,1,46
124,-27.6734,-60.5746,62.1209,111.76,1,46
124,-27.6679,-60.5771,1.23078,517.617,1,46
124,-27.5675,-60.6228,68.612,22.0277,1,46
124,-27.3593,-60.7171,-300.917,1016.59,1,46
124,-26.8088,-60.9621,68.2911,705.138,1,46
124,-27.1723,-60.801,61.9129,237.986,1,46
124,-25.8755,-61.3641,-276.101,175.078,1,46
124,-25.6672,-61.4515,28.7757,317.487,1,46
124,-24.0366,-62.1074,-212.301,664.732,1,46
124,-23.3466,-62.3701,-68.878,157.565,1,46
124,-22.4147,-62.7111,-13.3433,954.354,1,46
124,-21.55,-63.0134,-13.22,81.4194,1,46
124,-20.777,-63.2725,-13.0997,765.115,1,46
124,-15.9643,-64.6547,-204.025,396.84,1,46
124,-13.3641,-65.2418,90.1461,912.312,1,46
124,-11.3637,-65.6198,1.62271,1042.6,1,46
124,-11.1316,-65.6596,-43.2598,672.692,1,46
124,-3.87564,-66.4836,-34.6508,594.941,1,46
124,-2.96357,-66.5305,-80.7819,320.163,1,46
124,-1.84891,-66.5708,67.1896,1712.15,1,46
124,2.18432,-66.5607,-41.628,85.3434,1,46
124,2.81432,-66.537,-41.534,139.954,1,46
124,3.35844,-66.5118,-41.5095,82.319,1,46
124,10.195,-65.8115,49.2394,753.936,1,46
124,11.8347,-65.5365,-33.3736,1294.71,1,46
124,12.9669,-65.3219,-222.083,721.991,1,46
124,14.3641,-65.029,-134.093,414.049,1,46
124,14.3255,-65.0375,-202.957,51.4911,1,46
124,15.4557,-64.7782,100.67,1218.1,1,46
124,15.49,-64.77,-202.776,1034.97,1,46
124,15.879,-64.6757,-288.59,307.04,1,46
124,18.5416,-63.9633,-130.967,387.837,1,46
124,22.2035,-62.7861,-262.569,1341.76,1,46
124,22.3843,-62.7219,81.4955,778.156,1,46
124,23.0817,-62.4686,81.9923,226.287,1,46
124,24.1088,-62.0795,6.39391,1805.89,1,46
124,29.3073,-59.8011,-3.94277,1555.62,1,46
124,29.5476,-59.6827,56.125,505.676,1,46
124,32.0008,-58.4041,86.5071,126.581,1,46
124,32.569,-58.0892,-4.9203,821.867,1,46
124,35.7788,-56.1691,-91.0049,225.81,1,46
124,36.6397,-55.6114,93.4318,175.347,1,46
124,39.8637,-53.3477,4.39904,150.055,1,46
124,40.6134,-52.7792,-19.156,23.0155,1,46
124,41.4715,-52.1077,56.316,34.2296,1,46
124,41.7203,-51.9087,57.5112,444.479,1,46
124,46.4795,-47.6943,-114.161,96.1266,1,46
124,46.7687,-47.4108,-114.556,22.1248,1,46
124,52.292,-41.2388,-20.3625,109467,1,46
124,48.6684,-45.4585,-18.8275,213,1,46
124,49.4057,-44.6561,-23.3084,1017,1,46
124,50.4619,-43.4591,-213.774,200.077,1,46
124,50.968,-42.8644,44.9196,1079.77,1,46
124,51.2178,-42.5656,19.3138,106.962,1,46
124,52.4727,-41.0087,93.7219,300.226,1,46
124,53.4367,-39.7444,-28.7667,234,1,46
124,54.0542,-38.9003,52.6318,518.852,1,46
124,54.1508,-38.7657,61.3217,884.156,1,46
124,54.0798,-38.8647,-32.6773,808,1,46
124,56.3128,-35.5522,73.9012,67.6233,1,46
124,56.3128,-35.5522,-28.9077,1413.93,1,46
124,56.5059,-35.2445,18.3468,53.3851,1,46
124,56.6973,-34.9358,-29.7843,863.132,1,46
124,56.887,-34.6261,-30.2646,2023.29,1,46
124,56.887,-34.6261,-38.6156,821,1,46
124,64.1109,-18.0245,28.1304,53.3853,1,46
124,64.7232,-15.6846,-253.37,221.924,1,46
124,64.9141,-14.8748,-253.034,830.776,1,46
124,65.5603,-11.7021,-34.0784,131.798,1,46
124,65.9773,-9.05996,35.2995,496.758,1,46
124,66.0304,8.66468,-67.0854,655.634,1,46
124,65.6921,10.9379,-167.747,176.58,1,46
124,62.2953,23.5456,36.6731,95.6472,1,46
124,62.124,23.9937,37.384,132.043,1,46
124,61.9694,24.3903,-238.567,375.142,1,46
124,60.8977,26.9549,10.0825,548.732,1,46
124,60.062,28.7688,-305.78,90.1697,1,46
124,58.0067,32.7157,91.586,1300.53,1,46
124,57.7899,33.0971,53.0714,135.373,1,46
124,57.8354,33.0177,-222.954,110.732,1,46
124,57.5424,33.5256,52.2784,193.383,1,46
124,56.6054,35.0845,61.0455,780.231,1,46
124,56.0044,36.0361,32.1591,653.635,1,46
124,55.2603,37.167,-275.231,1152.42,1,46
124,54.8252,37.806,69.168,415.841,1,46
124,54.7684,37.8882,6.58091,180.524,1,46
124,54.347,38.4902,1.28455,627.85,1,46
124,54.3774,38.4472,-301.574,279.961,1,46
124,53.819,39.2251,-48.6951,381.018,1,46
124,53.3074,39.9177,-154.374,1553.69,1,46
124,52.5188,40.9496,-33.6532,245.327,1,46
124,52.2121,41.34,-34.4557,277.25,1,46
124,52.0809,41.5051,-305.488,3309.38,1,46
124,46.0685,48.0915,7.04984,447.978,1,46
124,45.9415,48.2128,70.3785,876.729,1,46
124,45.148,48.9566,-14.9378,494.424,1,46
124,43.7622,50.1992,-13.2408,656.706,1,46
124,41.3269,52.2224,99.6172,607.011,1,46
124,41.1206,52.385,-28.8887,536.22,1,46
124,36.8956,55.4419,-204.547,104.444,1,46
124,34.2344,57.1235,26.1008,179.202,1,46
124,32.828,57.9432,-153.194,1735.73,1,46
124,24.3489,61.9857,-240.663,267.627,1,46
124,21.1606,63.1453,-260.156,1339.49,1,46
124,19.1035,63.7977,-230.434,245.605,1,46
124,8.78259,66.0148,82.4825,80.2341,1,46
124,6.37359,66.2908,30.5872,1289.42,1,46
124,4.66045,66.4332,31.6279,504.123,1,46
124,0.949979,66.5897,-88.2985,386.954,1,46
124,-1.90669,66.5692,25.611,237.175,1,46
124,-1.9067,66.5692,-33.1851,182.189,1,46
124,-3.95544,66.4789,9.54204,652.936,1,46
124,-14.7396,64.9449,-36.2924,558.473,1,46
124,-16.0935,64.6227,24.092,59.2497,1,46
124,-16.3775,64.5513,-270.797,486.96,1,46
124,-16.7975,64.4433,-169.72,377.559,1,46
124,-21.1268,63.1566,47.2772,882.894,1,46
124,-25.3766,61.5721,33.2581,332.72,1,46
124,-25.2914,61.6071,-48.9012,467.612,1,46
124,-26.5111,61.0922,-49.0081,1346.08,1,46
124,-27.3293,60.7306,-49.0839,317.883,1,46
124,-27.7902,60.5211,-13.0156,307.209,1,46
124,-30.7571,59.0685,15.4459,297.579,1,46
124,-30.9157,58.9857,34.4132,181.12,1,46
124,-32.2229,58.2819,-11.843,477.739,1,46
124,-35.2364,56.5109,70.6895,11375.3,1,46
124,-38.0728,54.6402,-27.5136,388.15,1,46
124,-38.9567,54.0136,62.4312,201.44,1,46
124,-39.983,53.2584,59.8277,826.989,1,46
124,-44.3394,49.6902,66.8324,421.856,1,46
124,-44.7467,49.3237,66.1862,107.788,1,46
124,-48.884,45.2267,-229.304,97.6471,1,46
124,-56.7264,34.8886,-194.926,165.241,1,46
124,-57.9024,32.8999,-60.3769,225.667,1,46
124,-58.0326,32.6697,-30.7708,437.823,1,46
124,-58.7238,31.4104,59.771,338.681,1,46
124,-59.1971,30.5089,15.612,21.1973,1,46
124,-59.4528,30.0075,15.2808,247.619,1,46
124,-60.3416,28.1778,-239.107,4649.51,1,46
124,-62.0355,24.2217,-34.192,96.9038,1,46
124,-62.0355,24.2217,-305.075,131.673,1,46
124,-62.6063,22.7057,30.8766,2280.98,1,46
124,-63.6419,19.6165,54.8769,418.774,1,46
124,-64.0171,18.355,-190.414,539.449,1,46
124,-65.0383,14.3218,-224.279,252.347,1,46
124,-65.3439,12.8555,-93.767,424.389,1,46
124,-65.4379,12.3683,-93.356,24.1387,1,46
124,-65.5711,11.6415,27.4423,393.303,1,46
124,-65.5205,11.9229,-99.6818,392.825,1,46
124,-65.9818,9.02738,91.6765,1541.79,1,46
124,-65.9931,8.94444,15.7817,930.727,1,46
124,-66.097,8.14121,-71.5696,148.817,1,46
124,-66.1894,7.35216,-71.5639,1010.83,1,46
124,-66.537,2.81415,80.6189,230.755,1,46
124,-66.589,0.99883,-169.347,1692.75,1,46
124,-67.7,-0.0923232,-48.3311,412.556,0,47
124,-67.6895,-1.2,26.5201,69.8159,0,47
124,-67.4797,-5.45866,-71.6308,508.84,0,47
124,-66.9298,-10.1837,105.364,1689.57,0,47
124,-66.7833,-11.1038,207.353,287.485,0,47
124,-66.6315,-11.9809,262.214,815.341,0,47
124,-65.8252,-15.8222,228.57,182.77,0,47
124,-63.3283,-23.9337,-15.188,47.0832,0,47
124,-63.1304,-24.451,-14.34,26.553,0,47
124,-60.008,-31.3423,58.4228,120.704,0,47
124,-58.5838,-33.93,-35.54,35.1526,0,47
124,-58.1388,-34.6869,-35.8675,168.964,0,47
124,-57.7546,-35.323,-36.5185,165.853,0,47
124,-56.1077,-37.8844,-45.6956,1035.69,0,47
124,-55.7628,-38.3903,-46.2542,133.709,0,47
124,-54.6718,-39.9286,-83.5772,666.154,0,47
124,-54.0606,-40.7523,-31.4948,1915.11,0,47
124,-53.0801,-42.0215,-51.1459,3913.64,0,47
124,-52.1568,-43.1622,-51.228,55.1248,0,47
124,-51.553,-43.8815,-51.3998,360.329,0,47
124,-49.8251,-45.8341,-74.2911,1068.45,0,47
124,-47.5437,-48.1965,276.1,24.0277,0,47
124,-45.533,-50.1004,4.316,23,0,47
124,-12.215,-66.589,-85.3266,194.933,0,47
124,-5.73184,-67.457,179.658,20605.4,0,47
124,-5.44051,-67.4811,186.891,687,0,47
124,-4.70409,-67.5365,186.038,496,0,47
124,-4.70409,-67.5365,198.7,166.491,0,47
124,-4.00221,-67.5817,111.675,487.358,0,47
124,-1.89043,-67.6737,-52.2513,261.3,0,47
124,-0.0228013,-67.7001,-12.22,77.243,0,47
124,2.62487,-67.6492,44.7149,944.634,0,47
124,2.73795,-67.6447,174.68,384.721,0,47
124,4.3508,-67.5602,140.727,718.044,0,47
124,6.8005,-67.3577,-3.5828,978.19,0,47
124,7.93782,-67.2331,-43.596,64.3312,0,47
124,11.8719,-66.651,-6.42932,387.334,0,47
124,12.0836,-66.613,119.097,96.6225,0,47
124,12.834,-66.4725,-7.06259,1121.07,0,47
124,13.4084,-66.359,177.792,888.579,0,47
124,13.8408,-66.2702,237.516,23.2741,0,47
124,18.3232,-65.1733,-35.5007,255.183,0,47
124,34.0909,-58.4903,73.5959,131.251,0,47
124,34.5478,-58.2216,74.1538,210.27,0,47
124,34.8847,-58.0203,75.1256,740.005,0,47
124,36.7238,-56.8741,-51.4189,4074.81,0,47
124,38.9068,-55.4037,188.332,21.1248,0,47
124,39.2156,-55.1855,188.832,735.616,0,47
124,40.0186,-54.606,-99.1463,337.473,0,47
124,40.9457,-53.9143,185.907,115.652,0,47
124,42.8601,-52.4053,277.752,17535.6,0,47
124,42.0324,-53.0715,279.467,194.29,0,47
124,42.3417,-52.8251,129.884,507.485,0,47
124,42.447,-52.7404,-85.1357,159.194,0,47
124,42.447,-52.7404,285.051,306,0,47
124,42.8398,-52.4219,285.526,751,0,47
124,43.5162,-51.8618,194.015,353.309,0,47
124,43.3973,-51.9613,285.116,1361,0,47
124,44.3484,-51.1519,194.784,286.332,0,47
124,49.0458,-46.667,111.455,911.419,0,47
124,51.5101,-43.9319,5.5187,128.567,0,47
124,55.9374,-38.1354,56.4168,720.435,0,47
124,55.8828,-38.2154,116.882,231.885,0,47
124,56.8095,-36.8238,-66.9329,557.399,0,47
124,56.8837,-36.7089,239.741,736.22,0,47
124,57.4111,-35.8786,-46.1021,782.304,0,47
124,60.941,-29.4872,89.6954,466.988,0,47
124,62.3905,-26.2818,79.552,165.586,0,47
124,62.4705,-26.091,51.1635,248.918,0,47
124,62.9017,-25.0335,215.766,77.5687,0,47
124,64.0078,-22.0524,-10.9718,503.674,0,47
124,64.2217,-21.4214,120.758,626.639,0,47
124,64.5386,-20.447,37.4622,184.874,0,47
124,65.604,-16.7158,-61.5797,524.449,0,47
124,66.2825,-13.7818,-62.676,101.237,0,47
124,66.4649,-12.8732,-63.1055,443.532,0,47
124,67.2706,-7.61418,153.031,12452,0,47
124,67.5398,-4.65585,29.0468,710.405,0,47
124,67.5889,-3.87835,-65.815,736.188,0,47
124,67.6251,-3.18607,-50.3566,499.339,0,47
124,67.6516,-2.56337,-44.5949,165.815,0,47
124,67.6895,-1.19998,-98.4346,71.3099,0,47
124,67.697,-0.646161,-98.7631,123.013,0,47
124,67.6859,1.38459,-30.6699,85.6885,0,47
124,67.6774,1.75374,-30.533,172.826,0,47
124,67.6763,1.79615,194.381,935.763,0,47
124,67.5615,4.33039,19.2323,1540.56,0,47
124,67.493,5.29162,227.258,8505.46,0,47
124,67.5234,4.88827,232.122,204,0,47
124,66.3581,13.4129,96.4931,840.317,0,47
124,65.8252,15.8222,113.284,29.0416,0,47
124,65.8252,15.8222,288.146,262.45,0,47
124,64.6179,20.1948,-45.9016,134.871,0,47
124,63.0849,24.5682,4.01754,106.783,0,47
124,63.106,24.5141,196.098,422.348,0,47
124,63.0635,24.6231,-55.892,30.0139,0,47
124,62.8672,25.1201,-55.8716,717.037,0,47
124,62.5661,25.8609,243.852,636.668,0,47
124,60.7001,29.9799,117.992,681.34,0,47
124,58.5872,33.9241,-8.59991,138.925,0,47
124,58.1507,34.667,-8.11038,482.841,0,47
124,57.8297,35.1999,-7.556,29.106,0,47
124,57.3302,36.0076,-7.04372,587.866,0,47
124,56.7096,36.9774,-2.35296,97.7008,0,47
124,56.6486,37.0707,16.6101,811.573,0,47
124,54.8857,39.6342,-70.8823,475.632,0,47
124,53.3613,41.6639,4.03006,848.382,0,47
124,52.856,42.3031,126.996,82.0558,0,47
124,52.3914,42.8771,262.956,23.2557,0,47
124,52.1766,43.1383,262.228,448.273,0,47
124,39.2257,55.1783,-50.1763,934.545,0,47
124,38.7555,55.5096,-49.6043,203.295,0,47
124,38.7555,55.5096,284.349,136.157,0,47
124,38.3352,55.8007,284.373,415.768,0,47
124,38.3001,55.8248,-49.0636,368.459,0,47
124,37.9028,56.0953,-1.84216,217.894,0,47
124,35.6037,57.582,44.27,675.383,0,47
124,33.1923,59.0049,13.1443,292.243,0,47
124,29.9403,60.7197,142.269,131.322,0,47
124,26.6127,62.25,66.29,912.383,0,47
124,26.9968,62.0844,99.0433,241.005,0,47
124,25.3944,62.7569,-0.182266,181.021,0,47
124,24.9667,62.9283,0.361002,79.4416,0,47
124,20.9079,64.3907,-6.78938,1007.38,0,47
124,19.7742,64.7478,-56.7953,272.481,0,47
124,16.8254,65.576,-19.9904,331.816,0,47
124,16.3756,65.6898,281.53,882.136,0,47
124,14.6959,66.0858,-48.7112,1945.09,0,47
124,9.84233,66.9808,-80.06,40.1664,0,47
124,4.93108,67.5203,-24.1871,1157.92,0,47
124,4.659,67.5396,-31.4308,288.496,0,47
124,2.93893,67.6363,36.3259,237.769,0,47
124,1.4715,67.6841,122.492,704.817,0,47
124,-0.899573,67.6941,-38.2648,270.208,0,47
124,-1.53085,67.6828,182.216,479.222,0,47
124,-1.56883,67.6819,3.27873,626.612,0,47
124,-6.50735,67.3866,-40.1486,423.651,0,47
124,-10.3334,66.9068,210.205,1156.74,0,47
124,-15.0946,65.9959,9.85178,366.057,0,47
124,-18.2154,65.2036,-51.228,89.4055,0,47
124,-23.2301,63.5898,-38.0024,325.267,0,47
124,-23.5053,63.4886,166.781,157.632,0,47
124,-24.1329,63.2527,-82.7367,409.799,0,47
124,-24.4643,63.1253,24.668,79.3834,0,47
124,-27.0189,62.0748,-71.8058,289.475,0,47
124,-27.139,62.0224,-9.12262,103.68,0,47
124,-27.7555,61.749,202.415,238.745,0,47
124,-29.4271,60.9701,70.2298,249.101,0,47
124,-29.6163,60.8784,-0.787758,245.794,0,47
124,-29.9105,60.7344,70.8897,298.747,0,47
124,-30.4198,60.4809,71.5447,197.456,0,47
124,-33.7236,58.7028,33.572,148.572,0,47
124,-35.5602,57.6088,-41.4278,604.311,0,47
124,-39.5841,54.9218,161.192,193.724,0,47
124,-43.9968,51.4547,281.287,391.294,0,47
124,-48.3482,47.3894,301.582,1147.16,0,47
124,-49.332,46.3644,292.797,1539.4,0,47
124,-53.2287,41.8331,114.882,339.884,0,47
124,-53.9116,40.9493,-98.8707,279.753,0,47
124,-53.8869,40.9818,107.511,245.825,0,47
124,-53.8782,40.9931,7.284,24.2757,0,47
124,-54.1418,40.6445,6.98761,84.4805,0,47
124,-55.2003,39.1948,39.2728,870.216,0,47
124,-56.6857,37.014,-93.7079,3358.76,0,47
124,-56.9484,36.6085,-94.4103,115.331,0,47
124,-57.1753,36.2531,-28.0641,1424.94,0,47
124,-58.7066,33.7171,9.52733,441.989,0,47
124,-59.13,32.9688,9.96116,273.609,0,47
124,-59.7381,31.8538,-93.3065,732.41,0,47
124,-60.2143,30.9442,26.9247,2082.39,0,47
124,-60.9016,29.5685,-53.9623,1002.97,0,47
124,-61.6271,28.0251,25.8835,1438.16,0,47
124,-62.318,26.4531,-61.3098,1557.28,0,47
124,-63.9587,22.1942,247.559,679.585,0,47
124,-65.1115,18.5416,-56.6667,332.128,0,47
124,-65.8066,15.8997,43.256,161.012,0,47
124,-65.881,15.5883,44.1048,253.62,0,47
124,-66.764,11.2191,-20.7,49.6296,0,47
124,-66.8522,10.6814,-21.124,77.2219,0,47
124,-67.0781,9.15625,18.0585,275.69,0,47
124,-67.696,0.743282,-51.9272,150.047,0,47
124,-67.6978,0.555804,-61.2076,98.9208,0,47
124,-67.6986,0.445282,-47.5995,121.123,0,47
124,-67.7,-0.0923241,-51.9407,76.7734,1,47
124,-67.2243,-8.0123,-169.973,1594.55,1,47
124,-67.0842,-9.11114,-170.021,1979.17,1,47
124,-66.2322,-14.0215,-170.316,1914.23,1,47
124,-66.2322,-14.0215,-229.335,91.3484,1,47
124,-66.0348,-14.9232,4.164,27.1942,1,47
124,-66.0348,-14.9232,-170.365,619.635,1,47
124,-65.8252,-15.8222,-170.384,765.908,1,47
124,-65.5094,-17.0827,-170.454,626.702,1,47
124,-64.9993,-18.9315,-170.575,14995.1,1,47
124,-64.8843,-19.3217,-178.838,1515,1,47
124,-64.8119,-19.5633,64.5559,221.436,1,47
124,-63.2834,-24.0523,-61.5533,346.258,1,47
124,-63.1304,-24.451,-62.3882,125.75,1,47
124,-62.5114,-25.993,-30.18,21.248,1,47
124,-57.6628,-35.4726,21.1317,153.753,1,47
124,-57.7335,-35.3575,-20.004,24.2203,1,47
124,-57.0329,-36.4768,-19.7081,547.163,1,47
124,-56.5027,-37.2927,-28.3026,940.18,1,47
124,-56.3278,-37.5564,-116.423,378.745,1,47
124,-54.7089,-39.8778,30.4463,922.748,1,47
124,-53.9472,-40.9024,-36.1243,1898.34,1,47
124,-52.4507,-42.8045,98.4383,1540.04,1,47
124,-49.8338,-45.8246,13.6282,287.154,1,47
124,-49.5337,-46.1489,25.9815,1498,1,47
124,-49.3078,-46.3902,13.7899,92.7129,1,47
124,-48.8959,-46.8241,13.916,94.2247,1,47
124,-48.455,-47.2802,14.0536,92.4161,1,47
124,-48.1965,-47.5437,13.916,21.208,1,47
124,-46.2118,-49.4749,14.6271,198.073,1,47
124,-42.303,-52.856,19.2145,96.7023,1,47
124,-42.303,-52.856,15.612,46.8141,1,47
124,-40.8461,-53.9898,16.0487,242.419,1,47
124,-37.0732,-56.647,-211.652,21.2757,1,47
124,-36.7637,-56.8484,-211.228,23.0139,1,47
124,-36.453,-57.048,-211.455,47.3312,1,47
124,-30.5211,-60.4298,-289.668,35.1664,1,47
124,-24.451,-63.1304,-13.584,163.502,1,47
124,-23.4148,-63.522,-13.4474,60.4144,1,47
124,-16.2413,-65.7231,-203.911,265.247,1,47
124,-13.9943,-66.2379,89.648,1072.56,1,47
124,-12.0739,-66.6147,2.33351,174.877,1,47
124,-11.6917,-66.6829,-42.2054,1115.24,1,47
124,-5.92993,-67.4399,-34.866,421.922,1,47
124,-3.22526,-67.6232,-79.0668,458.692,1,47
124,-1.0388,-67.6921,68.5827,1672.4,1,47
124,2.82217,-67.6413,10.5366,182.196,1,47
124,3.78047,-67.5945,-41.5039,317.732,1,47
124,9.92259,-66.969,49.2921,440.454,1,47
124,11.2672,-66.7559,-102.137,307.869,1,47
124,11.5607,-66.7057,-32.8441,1239.48,1,47
124,11.3575,-66.7406,-297.908,159.587,1,47
124,12.8967,-66.4603,-203.248,854.085,1,47
124,12.7946,-66.4801,-221.546,182.578,1,47
124,13.6334,-66.3132,100.08,602.789,1,47
124,14.6548,-66.0949,100.308,689.71,1,47
124,15.1583,-65.9813,-133.409,167.954,1,47
124,16.509,-65.6563,30.2524,2250.57,1,47
124,16.5902,-65.6359,-287.96,362.607,1,47
124,18.6784,-65.0724,-130.029,102.799,1,47
124,21.334,-64.2508,-287.571,289.174,1,47
124,22.4744,-63.8608,-261.726,218.094,1,47
124,24.451,-63.1304,80.908,5.30486,1,47
124,24.9977,-62.916,7.16617,3577.02,1,47
124,27.2031,-61.9943,61.8573,950.468,1,47
124,30.0659,-60.6576,-3.90424,1346.42,1,47
124,30.5189,-60.4309,57.2631,369.143,1,47
124,32.1393,-59.585,87.2262,776.378,1,47
124,32.5392,-59.3675,-2.76129,131.043,1,47
124,36.6066,-56.9496,-90.1822,705.064,1,47
124,37.1865,-56.5727,94.0163,244.421,1,47
124,40.658,-54.1316,5.9073,374.11,1,47
124,43.0198,-52.2743,59.284,22.2064,1,47
124,43.5157,-51.8622,-205.258,1121.48,1,47
124,46.8334,-48.887,-113.143,245.419,1,47
124,53.9898,-40.8461,55.5697,222.94,1,47
124,56.647,-37.0732,74.972,21.2358,1,47
124,56.8484,-36.7637,75.344,213.511,1,47
124,57.048,-36.453,74.6478,372.535,1,47
124,59.2116,-32.822,24.1828,709.508,1,47
124,59.1417,-32.9478,-196.779,221.064,1,47
124,59.8072,-31.7238,25.1188,937.085,1,47
124,61.8432,-27.545,-68.8131,1784.3,1,47
124,62.7195,-25.4867,-138.533,318.14,1,47
124,64.6495,-20.0935,29.3158,143.69,1,47
124,66.2851,-13.7692,-252.083,1462.05,1,47
124,66.5561,-12.3933,-34.0498,371.712,1,47
124,67.1205,-8.83989,36.6924,701.654,1,47
124,67.1088,8.92816,-65.895,106.161,1,47
124,66.7533,11.2826,-167.052,1089.93,1,47
124,62.9961,24.795,38.084,29.2294,1,47
124,62.8487,25.1663,-238.346,739.967,1,47
124,62.7921,25.3073,38.6944,161.877,1,47
124,61.6087,28.0655,11.0382,651.352,1,47
124,61.0267,29.3094,-305.221,175.542,1,47
124,59.0647,33.0857,91.8203,815.779,1,47
124,58.9887,33.2211,-221.862,799.512,1,47
124,57.807,35.2371,62.0887,1056.05,1,47
124,56.7999,36.8385,33.0672,245.497,1,47
124,55.6907,38.4948,70.2664,238.279,1,47
124,55.5274,38.73,6.89665,249.827,1,47
124,55.4542,38.8348,-300.457,110.081,1,47
124,55.3461,38.9887,1.62,57.7142,1,47
124,54.8201,39.7249,-47.0809,1433.45,1,47
124,54.4965,40.1676,-153.316,946.01,1,47
124,53.9898,40.8461,-31.876,29.1787,1,47
124,53.6851,41.2458,-32.3943,437.438,1,47
124,53.0021,42.1198,-304.853,2602.3,1,47
124,47.2794,48.4557,7.76697,185.557,1,47
124,47.0325,48.6954,71.7091,274.145,1,47
124,44.1499,51.3234,-14.068,10.0416,1,47
124,42.1728,52.96,-28.5347,381.429,1,47
124,39.1741,55.2149,-205.989,106.926,1,47
124,38.692,55.5539,-205.466,360.776,1,47
124,34.6335,58.1707,26.4112,204.384,1,47
124,33.3271,58.9288,-151.641,1325.28,1,47
124,25.362,62.77,-238.793,273.642,1,47
124,22.1077,63.9887,-257.912,533.555,1,47
124,19.6984,64.7709,-230.173,493.84,1,47
124,12.3919,66.5563,55.5539,459.348,1,47
124,10.4085,66.8952,28.0749,203.617,1,47
124,9.29403,67.0591,29.18,21.1909,1,47
124,9.29403,67.0591,28.332,40.6543,1,47
124,8.78326,67.1279,83.0666,550.135,1,47
124,8.15219,67.2075,29.4468,839.741,1,47
124,-2.30736,67.6608,25.788,24.04,1,47
124,-2.30736,67.6608,-33.0384,185.182,1,47
124,-2.86083,67.6396,-32.9465,69.4838,1,47
124,-15.6858,65.8579,24.2581,746.723,1,47
124,-16.6712,65.6154,-168.323,378.816,1,47
124,-17.0759,65.5112,-168.642,59.4124,1,47
124,-17.0759,65.5112,-268.36,86.253,1,47
124,-17.0759,65.5112,-269.543,73.8072,1,47
124,-21.1811,64.3014,48.4613,893.802,1,47
124,-25.5295,62.7021,33.9871,467.385,1,47
124,-28.8857,61.2284,-49.1871,162.915,1,47
124,-29.6994,60.8379,-49.2597,323.663,1,47
124,-29.9741,60.703,15.4569,962.118,1,47
124,-30.3415,60.5202,-49.366,256.195,1,47
124,-31.3633,59.997,-49.4034,252.395,1,47
124,-32.9855,59.1207,-11.2496,202.892,1,47
124,-33.3193,58.9333,-124.577,117.937,1,47
124,-34.0609,58.5077,32.3851,303.036,1,47
124,-34.7967,58.0732,31.9189,134.887,1,47
124,-38.6292,55.5975,-27.2835,270.065,1,47
124,-39.758,54.796,63.235,754.162,1,47
124,-40.4855,54.2607,60.7739,144.809,1,47
124,-43.7764,51.6423,68.7693,552.513,1,47
124,-44.4332,51.0783,67.8624,860.472,1,47
124,-48.5838,47.1478,-227.34,40.0743,1,47
124,-49.0062,46.7086,-227.937,97.0227,1,47
124,-57.5701,35.6229,-193.899,1613.86,1,47
124,-59.0353,33.1381,-59.3654,312.009,1,47
124,-59.1326,32.9642,-30.4613,939.468,1,47
124,-59.6626,31.995,14.34,1.96844,1,47
124,-60.0842,31.1961,16.7933,901.966,1,47
124,-61.046,29.2692,-240.567,5802.49,1,47
124,-62.9572,24.8936,-33.1057,836.753,1,47
124,-63.7314,22.8387,30.7755,1372.51,1,47
124,-64.8117,19.5639,55.468,23.186,1,47
124,-64.8648,19.3871,-189.61,224.996,1,47
124,-64.9696,19.033,-190.028,35.2097,1,47
124,-66.0571,14.8245,-223.948,73.3745,1,47
124,-66.5312,12.5261,-99.0581,131.647,1,47
124,-66.5954,12.1801,28.5064,211.695,1,47
124,-67.0539,9.33176,92.8123,1929.43,1,47
124,-67.0705,9.21117,-71.732,75.0277,1,47
124,-67.1672,8.47774,-71.8717,622.358,1,47
124,-67.6241,3.2077,81.9601,426.478,1,47
124,-67.6608,2.30733,-51.9909,55.43,1,47
124,-67.6895,1.19997,42.748,23.1248,1,47
124,-67.6895,1.19998,-51.9798,61.4472,1,47
124,-68.7907,-0.0938089,-61.553,68.3851,0,48
124,-68.7764,-1.40688,-49.5867,185.035,0,48
124,-68.7764,-1.40689,25.94,24.208,0,48
124,-68.5923,-5.22226,-71.1711,908.736,0,48
124,-67.833,-11.4395,104.098,1167,0,48
124,-67.734,-12.0116,261.749,851.101,0,48
124,-67.015,-15.5294,227.871,299.082,0,48
124,-66.0183,-19.3329,285.067,294.819,0,48
124,-64.7068,-23.3497,-16.3869,585.157,0,48
124,-64.4285,-24.107,-65.4257,518.931,0,48
124,-64.4785,-23.9728,-15.8288,137.2,0,48
124,-61.4264,-30.9673,157.898,136.313,0,48
124,-61.2638,-31.2877,-33.7605,592.42,0,48
124,-61.1671,-31.4763,-67.2501,1194.84,0,48
124,-61.1869,-31.4377,58.2331,829.465,0,48
124,-60.9748,-31.8472,-67.4433,509.952,0,48
124,-60.9748,-31.8472,-33.42,30.2496,0,48
124,-60.7137,-32.3423,-34.0328,459.399,0,48
124,-60.3433,-33.0283,-7.48419,881.195,0,48
124,-60.2927,-33.1205,-34.5569,146.969,0,48
124,-59.62,-34.3166,116.982,193.999,0,48
124,-56.4039,-39.3799,-46.8215,112.126,0,48
124,-55.9702,-39.9939,-46.9932,920.482,0,48
124,-55.4217,-40.7505,-84.5124,511.162,0,48
124,-55.0079,-41.3075,-52.7793,1571.35,0,48
124,-54.8711,-41.489,-32.5947,876.694,0,48
124,-50.9303,-46.2415,-51.863,1169.71,0,48
124,-50.7676,-46.4201,-74.0168,191.704,0,48
124,-49.9849,-47.2619,-52.1804,748.32,0,48
124,-49.6458,-47.6179,275.676,231.049,0,48
124,-46.9258,-50.3005,154.222,408.019,0,48
124,-46.0624,-51.0924,3.22998,561.874,0,48
124,-44.8826,-52.1318,247.498,247.619,0,48
124,-29.2023,-62.2848,-81.7952,269.013,0,48
124,-29.1495,-62.3096,151.394,433.533,0,48
124,-28.6953,-62.52,-77.2495,7811.18,0,48
124,-28.6066,-62.5607,-72.0742,568,0,48
124,-23.5848,-64.6214,-2.44032,244.952,0,48
124,-19.3116,-66.0245,-73.4869,257.58,0,48
124,-18.5553,-66.241,-61.0318,261.929,0,48
124,-12.6565,-67.6165,-86.1821,531.235,0,48
124,-11.8352,-67.765,3.25906,525.801,0,48
124,-5.15742,-68.5972,197.912,1552.96,0,48
124,-3.45954,-68.7038,179.148,17343.2,0,48
124,-3.51649,-68.7009,162.514,2648.5,0,48
124,-3.49214,-68.7021,110.301,608.742,0,48
124,-2.58296,-68.7423,159.736,497.638,0,48
124,-1.40359,-68.7765,-53.2919,399.041,0,48
124,0.274606,-68.7903,-12.3446,503.781,0,48
124,2.88944,-68.7301,43.6428,332.188,0,48
124,2.90691,-68.7294,173.492,27.1387,0,48
124,7.28787,-68.4037,-4.13475,2036.24,0,48
124,8.38044,-68.2784,-43.7192,106.76,0,48
124,13.122,-67.5277,118.477,615.663,0,48
124,13.3359,-67.4858,237.108,983.276,0,48
124,13.8203,-67.3882,-7.70858,327.952,0,48
124,14.0623,-67.3381,176.224,491.508,0,48
124,14.531,-67.2386,-8.10772,617.189,0,48
124,18.4591,-66.2679,-35.744,794.425,0,48
124,19.7147,-65.9053,38.8173,685.376,0,48
124,21.6784,-65.2857,52.9054,503.117,0,48
124,21.9558,-65.1929,-105.194,388.705,0,48
124,22.0458,-65.1625,30.9832,599.846,0,48
124,23.3996,-64.6887,196.845,1288.42,0,48
124,27.6194,-63.0027,124.308,22.1942,0,48
124,33.4172,-60.1287,71.1519,397.517,0,48
124,33.7625,-59.9355,72.039,386.801,0,48
124,34.1973,-59.6885,72.7557,178.002,0,48
124,36.2465,-58.4668,-52.692,90.5979,0,48
124,39.5142,-56.3099,187.7,589.714,0,48
124,41.1496,-55.126,-100.377,185.13,0,48
124,41.5041,-54.8596,-101.052,184.614,0,48
124,41.5041,-54.8596,185.123,462.79,0,48
124,42.7116,-53.9249,192.284,214.863,0,48
124,43.1309,-53.5901,128.972,49.2203,0,48
124,43.5497,-53.2503,193.181,1629.34,0,48
124,44.8976,-52.1189,279.099,20411.2,0,48
124,50.2782,-46.9497,111.138,718.23,0,48
124,50.9313,-46.2405,-94.5607,1337.43,0,48
124,52.3017,-44.6846,4.95136,201.505,0,48
124,54.0574,-42.5437,-74.6154,406.021,0,48
124,56.5591,-39.1566,54.3583,215.553,0,48
124,56.8213,-38.7751,116.528,426.323,0,48
124,57.3411,-38.0023,-67.6099,204.891,0,48
124,57.6471,-37.5364,238.845,820.638,0,48
124,58.2009,-36.672,-46.3684,815.611,0,48
124,60.3109,-33.0874,-95.4619,1399.21,0,48
124,61.5986,-30.6233,88.938,181.132,0,48
124,63.4516,-26.572,78.6583,325.101,0,48
124,63.562,-26.3069,50.7839,147.858,0,48
124,63.7045,-25.9598,215.03,432.937,0,48
124,65.0491,-22.3783,-12.0224,133.144,0,48
124,65.285,-21.6803,120.305,233.762,0,48
124,65.6351,-20.5963,37.388,26.1803,0,48
124,65.7465,-20.238,37.388,33.2513,0,48
124,66.7039,-16.8157,-62.2947,1807.9,0,48
124,68.2646,-8.49243,150.728,3371.77,0,48
124,68.6743,-4.00211,-52.6349,850.001,0,48
124,68.6557,-4.30924,29.0779,178.771,0,48
124,68.6902,-3.71862,-66.5873,164.078,0,48
124,68.7376,-2.70537,-44.4666,213.605,0,48
124,68.7908,-0.0704692,-99.9683,557.334,0,48
124,68.7889,0.509811,-31.2942,189.102,0,48
124,68.7828,1.04944,-30.9132,255.531,0,48
124,68.7548,2.22527,193.224,188.441,0,48
124,68.7143,3.24287,-101.309,952.604,0,48
124,68.6726,4.03105,28.1385,1620,0,48
124,68.6361,4.61149,226.451,6811.51,0,48
124,67.4462,13.5348,96.5358,769.418,0,48
124,67.3759,13.8801,98.444,3.98446,0,48
124,65.6351,20.5963,-45.8755,82.4561,0,48
124,64.0516,25.0911,195.355,374.97,0,48
124,63.9183,25.4287,3.63748,640.709,0,48
124,63.5852,26.2506,-57.3243,883.892,0,48
124,63.6616,26.0649,243.876,27.2358,0,48
124,61.609,30.6023,117.296,336.174,0,48
124,61.1428,31.5235,-26.8494,386.225,0,48
124,61.2277,31.3583,-66.2482,249.575,0,48
124,58.0679,36.8821,-3.51783,48.3353,0,48
124,57.7864,37.3217,-6.63382,269.931,0,48
124,57.8005,37.2998,-2.96202,231.519,0,48
124,57.7426,37.3894,16.5899,2602.96,0,48
124,56.4138,39.3657,-5.20151,844.196,0,48
124,55.8847,40.1133,-71.8757,349.293,0,48
124,54.4923,41.9853,3.55868,1385.71,0,48
124,53.5025,43.2395,126.528,114.303,0,48
124,52.7684,44.1324,260.746,1297.49,0,48
124,30.1323,61.8403,141.914,272.986,0,48
124,27.9134,62.873,98.0176,668.916,0,48
124,26.5848,63.4462,-0.530748,174.171,0,48
124,26.2384,63.5903,-0.641733,141.8,0,48
124,25.7081,63.8065,65.224,982.706,0,48
124,21.0979,65.4756,77.5347,468.549,0,48
124,20.6708,65.6117,-7.7326,55.2865,0,48
124,20.1121,65.7851,-8.2522,107.609,0,48
124,20.0586,65.8014,-57.7904,77.6175,0,48
124,17.3067,66.5782,-20.6054,107.202,0,48
124,17.1693,66.6137,-68.8226,46.3973,0,48
124,3.84374,68.6833,-30.876,29.2652,0,48
124,2.90689,68.7294,121.833,248.88,0,48
124,-0.995166,68.7836,180.582,369.44,0,48
124,-1.23514,68.7797,-39.0974,930.89,0,48
124,-2.68744,68.7383,1.5683,1009.86,0,48
124,-6.23666,68.5075,-40.9033,347.271,0,48
124,-10.8475,67.9302,209.559,380.855,0,48
124,-15.0865,67.1161,9.35343,168.735,0,48
124,-23.6584,64.5945,166.649,523.831,0,48
124,-23.7292,64.5686,-39.2622,656.411,0,48
124,-24.2977,64.3568,-83.389,501.82,0,48
124,-25.0957,64.0498,24.6319,307.966,0,48
124,-26.6003,63.4397,-72.1235,729.061,0,48
124,-28.2062,62.7422,-9.15566,420.332,0,48
124,-28.5203,62.6001,201.606,603.147,0,48
124,-29.2149,62.2789,69.0229,586.763,0,48
124,-29.7773,62.012,-0.855008,117.553,0,48
124,-34.0025,59.7997,33.4531,373.428,0,48
124,-49.2192,48.0587,301.126,192.324,0,48
124,-49.7568,47.5019,291.963,81.7701,0,48
124,-54.1501,42.4257,6.38095,249.021,0,48
124,-54.2916,42.2444,106.79,355.085,0,48
124,-54.1723,42.3974,114.197,239.928,0,48
124,-54.6519,41.7774,-99.0046,141.432,0,48
124,-54.7463,41.6536,6.436,30.0832,0,48
124,-55.9808,39.9791,38.7927,245.087,0,48
124,-57.047,38.4424,-92.0429,691.337,0,48
124,-57.3533,37.9838,-92.356,22.1648,0,48
124,-58.5654,36.0869,8.556,28.0416,0,48
124,-58.7614,35.767,8.556,29.0277,0,48
124,-61.1879,31.4359,-94.7552,1229.06,0,48
124,-62.0011,29.8,24.8343,1735.1,0,48
124,-61.7744,30.2672,-55.6682,792.072,0,48
124,-63.0092,27.6046,25.6772,1041.35,0,48
124,-63.2957,26.9411,-61.5944,1223.36,0,48
124,-65.0713,22.3137,246.219,1820.84,0,48
124,-66.1795,18.7737,-56.9242,366.506,0,48
124,-66.6969,16.8431,41.9381,1148.2,0,48
124,-66.8857,16.0771,-76.1368,83.2742,0,48
124,-66.9329,15.8797,191.651,610.261,0,48
124,-66.9724,15.7121,-76.0204,82.5931,0,48
124,-68.0061,10.3605,-21.4092,247.397,0,48
124,-68.2329,8.74314,17.6543,438.897,0,48
124,-68.3507,7.76869,-100.836,27.182,0,48
124,-68.7844,0.939263,-52.9131,656.909,0,48
124,-68.7899,0.344041,-61.4222,391.6,0,48
124,-68.7907,-0.0938008,43.845,76.7869,1,48
124,-67.2205,-14.6142,65.4635,57.4316,1,48
124,-67.2205,-14.6142,4.74622,96.5546,1,48
124,-67.2205,-14.6142,-229.177,93.1208,1,48
124,-65.9541,-19.5506,65.3522,630.138,1,48
124,-64.6003,-23.6428,-60.4098,652.85,1,48
124,-63.5012,-26.4533,-29.7435,238.842,1,48
124,-57.9902,-37.0041,21.7247,211.403,1,48
124,-57.6506,-37.5311,-27.8048,2589.58,1,48
124,-56.9098,-38.6451,-19.3922,1197.17,1,48
124,-55.596,-40.5125,29.6763,432.283,1,48
124,-55.1269,-41.1485,-35.98,3263.69,1,48
124,-53.4983,-43.2447,99.2606,154.76,1,48
124,-50.933,-46.2386,26.4491,384.841,1,48
124,-49.0067,-48.2755,-53.3315,383.938,1,48
124,-47.3293,-49.9211,22.943,1200.99,1,48
124,-44.4379,-52.5114,-185.802,210.444,1,48
124,-43.2769,-53.4723,47.5363,265.716,1,48
124,-42.8616,-53.8057,19.634,581.469,1,48
124,-36.9175,-58.0454,35.143,2711.48,1,48
124,-35.6341,-58.8421,-211.089,146.972,1,48
124,-35.4459,-58.9556,-74.9274,75.4855,1,48
124,-34.07,-59.7613,-210.804,58.3051,1,48
124,-32.0134,-60.8877,-288.587,47.3637,1,48
124,-31.4901,-61.16,-289.114,415.975,1,48
124,-30.1824,-61.8158,69.5056,522.193,1,48
124,-29.8462,-61.9788,23.6291,213.055,1,48
124,-29.4966,-62.146,69.3052,104.046,1,48
124,-29.1889,-62.2911,-26.8381,537.45,1,48
124,-28.792,-62.4756,3.2588,540.429,1,48
124,-28.2565,-62.7196,-14.1823,207.071,1,48
124,-27.7577,-62.9419,-63.611,877.164,1,48
124,-27.3624,-63.1148,60.6977,1329.65,1,48
124,-27.438,-63.0819,-13.9952,460.076,1,48
124,-26.8778,-63.3227,30.589,1202.36,1,48
124,-26.8048,-63.3536,-64.857,306.622,1,48
124,-26.6075,-63.4367,-13.8253,255.208,1,48
124,-26.2625,-63.5803,-273.472,813.849,1,48
124,-16.5413,-66.7724,-203.832,331.091,1,48
124,-12.5084,-67.644,-40.3427,674.089,1,48
124,-12.495,-67.6465,2.92147,509.437,1,48
124,-7.50672,-68.38,-35.0281,122.035,1,48
124,-6.68307,-68.4654,-34.9647,466.77,1,48
124,-3.43633,-68.7049,-77.8736,475.671,1,48
124,-0.248396,-68.7904,69.7365,212.218,1,48
124,0.173425,-68.7906,70.6024,265.631,1,48
124,3.69848,-68.6913,10.524,148.992,1,48
124,4.87753,-68.6177,-41.4801,395.912,1,48
124,4.40553,-68.6496,9.252,1.25987,1,48
124,8.89593,-68.2132,-203.882,580.93,1,48
124,9.72646,-68.0997,49.532,46.0555,1,48
124,10.5355,-67.9792,-203.642,1622.28,1,48
124,11.4123,-67.8376,-32.3435,2047.16,1,48
124,11.6718,-67.7934,-101.263,592.417,1,48
124,11.4833,-67.8256,-203.596,22.1958,1,48
124,11.7414,-67.7814,-297.473,162.772,1,48
124,12.8981,-67.5708,-221.114,658.403,1,48
124,16.3682,-66.8151,29.8916,3613.06,1,48
124,22.102,-65.1435,-287.205,680.224,1,48
124,22.6387,-64.9589,-261.065,1153.62,1,48
124,25.3991,-63.9301,82.9919,493.223,1,48
124,26.571,-63.452,83.853,2680.49,1,48
124,27.323,-63.1318,63.3859,1036.52,1,48
124,31.1251,-61.3466,-3.86471,999.394,1,48
124,31.4595,-61.1758,58.101,231.117,1,48
124,32.7384,-60.501,-1.38597,836.464,1,48
124,42.5438,-54.0574,-18.4885,95.8933,1,48
124,51.7295,-45.3457,-212.712,172.349,1,48
124,52.6365,-44.2897,19.8757,179.55,1,48
124,53.4644,-43.2867,46.5109,2269.37,1,48
124,53.9703,-42.6542,95.2036,788.751,1,48
124,54.4878,-41.9911,56.7203,869.977,1,48
124,55.5054,-40.6365,62.8819,571.575,1,48
124,57.3458,-37.9951,76.3403,561.647,1,48
124,58.2059,-36.664,20.1557,597.664,1,48
124,58.5633,-36.0904,-28.1267,798.13,1,48
124,60.141,-33.3951,-196.231,859.961,1,48
124,61.5251,-30.7707,26.5879,736.555,1,48
124,62.0982,-29.5971,27.6933,217.028,1,48
124,62.6045,-28.5106,-69.0261,818.398,1,48
124,63.8077,-25.705,-138.366,534.976,1,48
124,65.4853,-21.0678,29.6104,331.233,1,48
124,67.5482,-13.0158,-34.0387,327.823,1,48
124,68.2326,-8.74583,37.9274,529.33,1,48
124,68.17,9.22101,-64.5622,254.725,1,48
124,67.7871,11.7083,-166.259,627.923,1,48
124,63.6661,26.0538,39.7556,741.01,1,48
124,63.6649,26.0567,-238.121,344.045,1,48
124,62.3436,29.0766,12.0698,328.891,1,48
124,61.9379,29.931,-304.138,592.303,1,48
124,61.0953,31.6154,57.5509,329.482,1,48
124,60.8287,32.1254,56.8925,80.5825,1,48
124,60.5517,32.6446,56.2164,696.615,1,48
124,60.135,33.406,92.146,299.612,1,48
124,60.089,33.4885,-220.906,749.152,1,48
124,58.9187,35.5072,63.0364,420.295,1,48
124,57.8599,37.2075,-273.089,2465.52,1,48
124,57.5226,37.7269,34.7502,769.913,1,48
124,56.5444,39.1778,71.2279,1728.12,1,48
124,56.2715,39.5688,2.40979,235.882,1,48
124,56.0798,39.84,7.132,25.0555,1,48
124,55.785,40.2517,-45.5414,697.306,1,48
124,55.6466,40.443,-152.51,266.207,1,48
124,55.1324,41.1411,-30.6025,1449.21,1,48
124,53.8917,42.7535,-304.192,3019.58,1,48
124,48.1469,49.133,73.1783,1283.31,1,48
124,48.2003,49.0806,8.54147,139.292,1,48
124,47.0933,50.1438,-13.644,22.1215,1,48
124,44.5823,52.3888,-12.3421,280.189,1,48
124,43.1031,53.6124,-28.3091,143.106,1,48
124,41.8836,54.5705,98.716,57.4732,1,48
124,41.1376,55.135,-206.751,136.132,1,48
124,40.6485,55.4966,-206.222,118.004,1,48
124,40.2975,55.752,-206.564,34.1975,1,48
124,34.9972,59.2231,26.4762,231.623,1,48
124,33.9121,59.851,-150.118,1004.21,1,48
124,26.2036,63.6046,-237.637,414.119,1,48
124,23.0866,64.8011,-255.977,67.5343,1,48
124,20.3385,65.7154,-229.884,73.3573,1,48
124,13.8696,67.3781,26.059,438.632,1,48
124,12.3841,67.6669,26.9794,1263.27,1,48
124,12.8316,67.5835,57.0912,392.902,1,48
124,8.57865,68.2538,83.9801,257.161,1,48
124,2.3214,68.7516,-89.2057,241.53,1,48
124,-3.107,68.7206,-32.7727,384.021,1,48
124,-4.79361,68.6236,11.3774,722.351,1,48
124,-15.3466,67.0571,24.516,21.0693,1,48
124,-16.6218,66.7524,-167.038,488.712,1,48
124,-21.2632,65.4221,49.9056,918.887,1,48
124,-25.3954,63.9316,35.3391,310.281,1,48
124,-28.1512,62.7669,-12.0387,664.068,1,48
124,-28.7137,62.5116,15.463,166.524,1,48
124,-29.1572,62.3059,15.4507,72.6502,1,48
124,-29.6592,62.0686,15.4595,327.939,1,48
124,-32.4779,60.6413,-49.4814,265.788,1,48
124,-33.0053,60.3558,-49.4487,59.4055,1,48
124,-33.6649,59.9904,-49.5434,367.859,1,48
124,-33.7195,59.9597,-10.6892,449.557,1,48
124,-34.4508,59.5426,67.7644,10543.8,1,48
124,-33.769,59.9318,-124.507,442.625,1,48
124,-34.3884,59.5786,-49.6525,373.357,1,48
124,-34.4766,59.5276,62.3621,235,1,48
124,-34.9625,59.2436,-49.684,23,1,48
124,-35.446,58.9556,-49.684,28.0693,1,48
124,-36.9483,58.0259,30.6117,138.39,1,48
124,-37.9838,57.3533,30.028,27.2741,1,48
124,-38.7309,56.8515,29.2753,600.938,1,48
124,-39.1512,56.5629,-27.0048,1054.04,1,48
124,-39.4949,56.3234,29.0892,107.17,1,48
124,-40.7523,55.4204,64.5331,55.3695,1,48
124,-43.6709,53.151,70.1623,187.839,1,48
124,-44.2254,52.6905,69.677,275.779,1,48
124,-49.1492,48.1304,-225.822,359.236,1,48
124,-58.4178,36.3254,-192.945,540.98,1,48
124,-60.1177,33.4371,-58.1492,1307.47,1,48
124,-60.1711,33.3409,-30.3257,419.855,1,48
124,-60.6741,32.4165,18.219,348.051,1,48
124,-61.1476,31.5142,61.1888,121.963,1,48
124,-61.7672,30.2819,-241.796,2068.52,1,48
124,-63.9304,25.3983,-303.446,323.394,1,48
124,-65.0279,22.4398,30.5807,2750.03,1,48
124,-65.8215,19.9927,-189.301,517.47,1,48
124,-66.1511,18.8735,57.2295,189.459,1,48
124,-67.0591,15.3377,-223.312,379.878,1,48
124,-67.5366,13.0762,29.8158,156.375,1,48
124,-67.8035,11.6132,-92.6545,1050.83,1,48
124,-67.9105,10.9698,-92.3347,1040.81,1,48
124,-68.067,9.95268,94.9605,347.291,1,48
124,-68.0852,9.82754,17.5883,315.648,1,48
124,-68.0324,10.1865,-71.9832,206.165,1,48
124,-68.1302,9.51035,-72.1587,280.691,1,48
124,-68.5243,6.04891,-51.9942,489.823,1,48
124,-68.6759,3.97339,-51.9738,1084.41,1,48
124,-68.6984,3.56495,83.2729,1767.73,1,48
124,-69.8866,-0.0952988,-61.8733,490.262,0,49
124,-69.8203,-3.04562,-51.9022,297.209,0,49
124,-69.7919,-3.63879,-52.6257,346.527,0,49
124,-69.7824,-3.81609,-53.772,45.1526,0,49
124,-69.7552,-4.28551,-53.348,40.0792,0,49
124,-69.7105,-4.9591,-70.8059,867.443,0,49
124,-68.84,-12.0503,205.846,330.58,0,49
124,-68.7923,-12.3194,103.311,335.996,0,49
124,-68.6709,-12.9794,102.51,51.2913,0,49
124,-68.3376,-14.6329,167.885,262.512,0,49
124,-67.3479,-18.6656,283.308,89.3345,0,49
124,-67.2226,-19.1122,283.94,129.774,0,49
124,-65.9876,-23.017,-17.3776,2178.53,0,49
124,-63.2175,-29.7943,-32.3547,166.228,0,49
124,-62.8246,-30.6141,-32.6919,123.872,0,49
124,-62.5887,-31.0935,157.804,141.598,0,49
124,-62.4606,-31.35,-33.0846,211.467,0,49
124,-62.3567,-31.5563,58.1028,207.848,0,49
124,-61.9462,-32.3546,-67.9593,110.707,0,49
124,-61.6794,-32.8603,-7.132,46.1387,0,49
124,-61.4085,-33.3638,-7.132,21.0277,0,49
124,-60.398,-35.1601,116.707,477.387,0,49
124,-56.3559,-41.3299,-54.4371,951.549,0,49
124,-56.3143,-41.3866,-47.8445,483.813,0,49
124,-56.2024,-41.5384,-85.3447,346.268,0,49
124,-55.8485,-42.013,-48.1867,132.298,0,49
124,-55.6781,-42.2386,-33.6345,1343.18,0,49
124,-51.8365,-46.8736,-74.7027,284.435,0,49
124,-51.6889,-47.0362,-76.9043,677.361,0,49
124,-51.2028,-47.565,275.42,106.201,0,49
124,-49.8868,-48.9434,-52.3283,55.4577,0,49
124,-49.0793,-49.7531,-52.6956,56.3345,0,49
124,-48.6706,-50.153,-52.7228,102.775,0,49
124,-48.2587,-50.5495,-52.924,55.2358,0,49
124,-29.604,-63.3068,-77.6311,8110.45,0,49
124,-29.5367,-63.3383,-82.1743,365.913,0,49
124,-29.4657,-63.3713,150.212,616.443,0,49
124,-26.0459,-64.8518,52.4514,799.999,0,49
124,-24.0665,-65.6122,-2.96871,640.503,0,49
124,-21.2878,-66.5656,-60.336,64.4561,0,49
124,-20.1538,-66.9177,-60.556,100.352,0,49
124,-19.735,-67.0424,-74.7867,112.19,0,49
124,-19.2876,-67.1724,-60.8668,293.402,0,49
124,-13.1377,-68.6407,-86.687,143.326,0,49
124,-12.5111,-68.7577,3.2474,148.132,0,49
124,-5.62525,-69.6599,196.935,704.562,0,49
124,-4.12629,-69.7648,164.404,2656.18,0,49
124,-3.08603,-69.8185,109.218,749.451,0,49
124,-2.91555,-69.8259,158.272,440.78,0,49
124,-0.396529,-69.8856,178.525,18482.8,0,49
124,-0.735897,-69.8828,-54.2738,1735.42,0,49
124,0.554404,-69.8845,-12.497,145.96,0,49
124,2.85623,-69.8283,139.755,746.693,0,49
124,3.19112,-69.8138,172.38,476.032,0,49
124,3.33452,-69.8071,42.0505,418.528,0,49
124,7.94551,-69.4336,-4.95694,1727.3,0,49
124,9.11967,-69.2891,-43.7272,290.819,0,49
124,8.95872,-69.3101,120.675,882.331,0,49
124,12.3753,-68.7823,236.842,525.683,0,49
124,13.8614,-68.4983,118.03,187.751,0,49
124,14.6607,-68.3316,175.206,222.949,0,49
124,15.4639,-68.1544,-8.64501,341.785,0,49
124,16.1479,-67.9956,-9.09067,56.5639,0,49
124,16.8716,-67.8196,-9.66421,203.09,0,49
124,18.7315,-67.3297,-36.1645,146.009,0,49
124,36.2554,-59.7469,-54.1494,4024.46,0,49
124,39.9478,-57.3439,186.53,1055.66,0,49
124,41.6158,-56.1451,190.503,220.472,0,49
124,41.6244,-56.1387,183.052,55.2203,0,49
124,41.8607,-55.9627,183.668,31.2,0,49
124,42.2725,-55.6523,191.032,191.779,0,49
124,42.4571,-55.5116,-101.886,195.147,0,49
124,42.8172,-55.2344,191.698,704.511,0,49
124,42.7708,-55.2703,-102.638,96.359,0,49
124,43.8326,-54.4321,-86.6852,367.934,0,49
124,45.6026,-52.958,277.01,901.755,0,49
124,47.4142,-51.3424,281.009,23153.5,0,49
124,46.6046,-52.0784,276.194,127.3,0,49
124,46.5789,-52.1014,284.978,293,0,49
124,51.6262,-47.1051,-94.3481,339.574,0,49
124,53.0546,-45.4902,4.50124,157.177,0,49
124,57.2562,-40.0734,53.0964,355.279,0,49
124,57.81,-39.2703,-68.6566,602.91,0,49
124,57.7594,-39.3446,116.112,459.444,0,49
124,58.4002,-38.3871,237.962,474.393,0,49
124,58.9685,-37.5082,-46.6069,636.639,0,49
124,61.1898,-33.7632,-96.5675,638.126,0,49
124,62.2301,-31.8051,88.2439,429.013,0,49
124,64.5699,-26.7373,77.7118,233.86,0,49
124,64.5739,-26.7275,214.509,99.567,0,49
124,64.7263,-26.3563,50.072,411.459,0,49
124,66.227,-22.319,-13.0483,1079.53,0,49
124,66.333,-22.0018,119.838,551.363,0,49
124,66.9598,-20.0133,37.1956,46.3174,0,49
124,67.068,-19.6478,37.2514,68.3312,0,49
124,67.8399,-16.7897,-60.2657,1798.02,0,49
124,67.8407,-16.7866,-63.3988,342.327,0,49
124,69.2811,-9.18058,149.187,423.43,0,49
124,69.7202,-4.82196,-54.8125,134.733,0,49
124,69.7434,-4.47287,-54.0408,169.488,0,49
124,69.7634,-4.14954,29.0316,101.729,0,49
124,69.7928,-3.6211,-67.575,603.45,0,49
124,69.8269,-2.89141,-44.5268,683.911,0,49
124,69.833,2.73886,192.497,215.822,0,49
124,69.8252,2.931,-102.092,807.962,0,49
124,69.816,3.14363,191.724,24.1232,0,49
124,69.7892,3.69057,19.1015,2207.65,0,49
124,69.7699,4.03917,225.786,7430.81,0,49
124,68.5128,13.7893,96.6585,1304.16,0,49
124,68.0707,15.8281,286.537,868.251,0,49
124,68.0185,16.0508,112.863,366.5,0,49
124,66.6313,21.0812,-45.8642,145.917,0,49
124,65.0039,25.664,194.313,590.432,0,49
124,64.8793,25.9775,243.607,523.658,0,49
124,64.8673,26.0073,2.95634,130.593,0,49
124,64.6486,26.5464,2.6127,468.45,0,49
124,64.5381,26.814,46.1264,1020.89,0,49
124,62.7687,30.7286,-27.515,681.975,0,49
124,62.5401,31.1911,-66.7458,849.342,0,49
124,58.8202,37.7403,16.5696,2564.18,0,49
124,56.9966,40.4418,-72.8625,545.499,0,49
124,56.1196,41.6503,-3.81045,126.553,0,49
124,55.7103,42.1962,2.92182,2607.23,0,49
124,55.6184,42.3172,-3.316,42.1801,0,49
124,55.0207,43.0915,-2.82612,190.065,0,49
124,54.4627,43.7945,-2.41867,348.311,0,49
124,54.047,44.3066,125.727,860.794,0,49
124,53.3555,45.1369,259.256,1242.31,0,49
124,47.6673,51.1075,68.9357,753.13,0,49
124,42.7388,55.295,-52.7149,243.413,0,49
124,42.199,55.7081,-52.2223,95.7825,0,49
124,41.5549,56.1902,39.6756,792,0,49
124,40.0788,57.2524,-3.35453,373.575,0,49
124,38.9537,58.0238,284.202,576.578,0,49
124,35.4879,60.2059,44.0383,526.744,0,49
124,33.9803,61.0695,12.3377,321.674,0,49
124,30.3474,62.9538,141.635,441.492,0,49
124,29.276,63.4592,96.324,24.1648,0,49
124,28.7559,63.6965,96.748,29.1925,0,49
124,27.4993,64.2491,-1.45581,351.455,0,49
124,25.2244,65.1758,64.6856,160.638,0,49
124,24.4436,65.4726,64.3074,103.735,0,49
124,21.7851,66.4045,76.6428,400.087,0,49
124,20.2845,66.8782,128.925,519.532,0,49
124,20.2919,66.8759,-58.6477,538.155,0,49
124,16.8347,67.8288,-69.6309,1569.54,0,49
124,16.2383,67.974,-49.1512,1532.82,0,49
124,16.4012,67.9349,279.675,210.352,0,49
124,8.79649,69.3309,-82.0149,460.114,0,49
124,3.45002,69.8015,36.1067,494.59,0,49
124,3.42815,69.8026,121.444,583.132,0,49
124,3.19717,69.8135,-30.1423,742.999,0,49
124,2.9532,69.8243,-22.82,35.3682,0,49
124,2.57232,69.8393,-30.1703,86.4022,0,49
124,2.18025,69.8527,-22.914,337.464,0,49
124,-0.0953019,69.8866,179.004,38.2526,0,49
124,-21.4885,66.5011,-52.8319,1665.06,0,49
124,-23.6183,65.7748,166.552,652.282,0,49
124,-24.2506,65.5443,-40.4524,111.365,0,49
124,-24.5765,65.4228,-84.0089,332.846,0,49
124,-25.7731,64.9607,-72.428,21.1681,0,49
124,-25.7731,64.9607,24.668,32.0987,0,49
124,-28.9228,63.6209,67.8798,481.835,0,49
124,-28.9295,63.6179,-9.41998,118.704,0,49
124,-29.3722,63.4147,200.714,271.424,0,49
124,-30.0317,63.105,-0.823922,531.071,0,49
124,-34.2708,60.907,33.3416,138.269,0,49
124,-36.3911,59.6644,-42.9583,796.823,0,49
124,-45.8091,52.7795,278.638,209.796,0,49
124,-50.0115,48.816,70.3704,244.828,0,49
124,-50.1451,48.6788,291.062,321.255,0,49
124,-50.0948,48.7305,300.623,260.021,0,49
124,-50.457,48.3554,69.8216,162.216,0,49
124,-54.3865,43.8892,5.82167,1106.77,0,49
124,-55.0979,42.9927,113.798,508.508,0,49
124,-55.3178,42.7094,-99.14,59.2946,0,49
124,-56.5748,41.0298,38.327,806.821,0,49
124,-57.4173,39.8423,-90.4967,1279.28,0,49
124,-58.5455,38.1651,-27.6802,3222.99,0,49
124,-58.9291,37.5701,8.08657,360.832,0,49
124,-62.4403,31.3904,-95.6594,124.413,0,49
124,-62.7044,30.8595,-96.2262,703.385,0,49
124,-62.6448,30.9803,-57.1662,431.723,0,49
124,-63.6532,28.8518,23.3344,662.501,0,49
124,-64.2382,27.5246,-61.9517,1286.31,0,49
124,-64.0827,27.8847,22.3854,70.3484,0,49
124,-64.2487,27.5002,25.5266,1280.64,0,49
124,-66.247,22.2596,244.495,351.418,0,49
124,-67.2626,18.9707,-57.1011,543.676,0,49
124,-68.0872,15.7573,-76.5216,165.141,0,49
124,-68.0671,15.8436,190.089,860.317,0,49
124,-69.1871,9.86363,-21.7957,482.3,0,49
124,-69.2834,9.16317,-22.0655,131.527,0,49
124,-69.3727,8.46028,17.147,84.2804,0,49
124,-69.4178,8.08179,17.2494,46.4202,0,49
124,-69.4713,7.60837,-102.044,847.722,0,49
124,-69.8779,1.10728,-53.7482,245.713,0,49
124,-68.2094,-15.2193,-228.775,101.077,1,49
124,-67.1213,-19.4648,66.0739,202.807,1,49
124,-66.0231,-22.915,-58.7999,136.308,1,49
124,-65.8457,-23.42,-59.4015,348.366,1,49
124,-64.4539,-27.0157,-29.4584,495.318,1,49
124,-58.694,-37.9363,-27.5023,1046.01,1,49
124,-57.7871,-39.3039,-114.826,507.402,1,49
124,-55.5827,-42.364,-18.932,3061.84,1,49
124,-56.6105,-40.9805,-26.1614,262.406,1,49
124,-56.3606,-41.3235,-35.8127,4256.27,1,49
124,-56.416,-41.2478,29.0045,66.5148,1,49
124,-54.5574,-43.6765,100.088,998.086,1,49
124,-50.139,-48.685,-52.073,494.427,1,49
124,-48.7312,-50.0941,23.8326,198.792,1,49
124,-45.3826,-53.1467,33.777,216.594,1,49
124,-45.3109,-53.2078,-184.827,366.819,1,49
124,-43.5932,-54.6241,48.1134,350.741,1,49
124,-43.4459,-54.7413,20.0589,470.018,1,49
124,-39.8223,-57.4311,-301.461,435.88,1,49
124,-37.7963,-58.7843,35.9888,1971.95,1,49
124,-35.617,-60.1297,-75.2653,207.129,1,49
124,-34.0317,-61.0409,-210.804,26.2341,1,49
124,-33.6468,-61.2539,-210.691,104.622,1,49
124,-32.8616,-61.6788,-288.113,405.645,1,49
124,-32.0343,-62.1124,-210.429,322.088,1,49
124,-32.0688,-62.0946,-14.685,402.351,1,49
124,-31.2438,-62.5138,-14.5569,219.171,1,49
124,-31.0389,-62.6158,-210.319,223.153,1,49
124,-30.4325,-62.9128,23.5986,252.962,1,49
124,-30.4735,-62.8929,-14.3406,263.408,1,49
124,-29.7415,-63.2424,-14.252,364.299,1,49
124,-29.8506,-63.1909,-61.2372,354.429,1,49
124,-29.3997,-63.402,-297.321,187.897,1,49
124,-29.1381,-63.5226,-61.7785,168.45,1,49
124,-28.9295,-63.6179,-62.828,21.1063,1,49
124,-28.5821,-63.7747,-62.404,26.0555,1,49
124,-27.4863,-64.2546,31.6277,141.667,1,49
124,-27.2246,-64.3659,59.9604,218.55,1,49
124,-26.4228,-64.6992,-271.926,2116.38,1,49
124,-16.8552,-67.8237,-203.822,754.2,1,49
124,-15.0468,-68.2477,88.8354,1906.11,1,49
124,-13.2685,-68.6156,3.79649,529.48,1,49
124,-13.2836,-68.6127,-38.9251,72.3606,1,49
124,-9.32134,-69.2623,-35.1119,201.026,1,49
124,-8.46028,-69.3727,-35.0812,88.5931,1,49
124,-3.6375,-69.792,-76.7499,312.814,1,49
124,1.2273,-69.8759,71.977,1007.18,1,49
124,5.2646,-69.6881,10.8794,425.638,1,49
124,5.23622,-69.6903,-204.317,73.3312,1,49
124,5.94209,-69.6336,-204.51,207.904,1,49
124,6.14362,-69.6161,-41.5173,99.5687,1,49
124,6.63923,-69.5706,-204.178,132.334,1,49
124,7.73215,-69.4576,-204.109,424.534,1,49
124,9.28943,-69.2666,49.6003,399.162,1,49
124,11.1982,-68.9837,-31.8949,956.081,1,49
124,11.8045,-68.8825,99.3748,152.183,1,49
124,12.0907,-68.8329,-100.444,127.721,1,49
124,12.2703,-68.8011,-296.801,231.432,1,49
124,12.5867,-68.7439,99.4589,61.3621,1,49
124,13.0011,-68.6667,-220.725,289.685,1,49
124,16.1043,-68.0059,29.4969,1401.53,1,49
124,16.4098,-67.9328,-132.443,657.285,1,49
124,18.9284,-67.2746,-286.515,836.613,1,49
124,22.8375,-66.05,-287.005,374.671,1,49
124,22.8945,-66.0302,-260.352,406.154,1,49
124,26.9125,-64.497,8.88788,3356.58,1,49
124,27.5891,-64.2105,84.1079,1766.73,1,49
124,31.9674,-62.1469,-3.86438,422.794,1,49
124,32.2431,-62.0043,88.7004,303.77,1,49
124,32.6446,-61.7939,59.3577,286.576,1,49
124,33.1232,-61.5387,-0.373527,110.772,1,49
124,38.2487,-58.4909,95.7655,337.442,1,49
124,38.3909,-58.3977,-88.4494,644.177,1,49
124,43.4984,-54.6995,-18.1588,165.103,1,49
124,44.5707,-53.8294,-204.281,2747.54,1,49
124,44.9794,-53.4884,61.9298,220.085,1,49
124,45.2863,-53.2288,62.49,206.977,1,49
124,47.285,-51.4614,-111.164,28.2741,1,49
124,47.6702,-51.1048,-111.448,114.678,1,49
124,52.299,-46.3569,-212.103,340.524,1,49
124,53.2961,-45.207,20.2809,705.237,1,49
124,54.7125,-43.4821,58.7364,2161.02,1,49
124,54.8093,-43.36,47.4813,1559.62,1,49
124,56.3034,-41.4015,63.6607,71.2929,1,49
124,57.6216,-39.5462,77.9199,157.959,1,49
124,57.8332,-39.2361,77.1037,168.688,1,49
124,58.9698,-37.5062,21.5051,673.748,1,49
124,59.5668,-36.5505,-27.8654,211.45,1,49
124,61.1821,-33.7773,-195.419,372.153,1,49
124,63.2728,-29.6767,-69.4251,1944.24,1,49
124,63.9853,-28.1075,29.5801,758.288,1,49
124,64.9301,-25.8502,-138.249,308.852,1,49
124,66.1246,-22.6205,30.452,60.2424,1,49
124,66.3404,-21.9797,30.0188,154.916,1,49
124,68.5423,-13.6419,-33.8483,753.742,1,49
124,68.9251,-11.5535,-250.476,135.848,1,49
124,69.0409,-10.8397,-250.185,710.559,1,49
124,69.3663,-8.51263,39.0704,442.229,1,49
124,69.2277,9.57502,-62.8524,531.626,1,49
124,68.8447,12.0235,-165.746,679.052,1,49
124,64.4191,27.0985,40.8806,212.62,1,49
124,64.2437,27.5117,41.5502,228.216,1,49
124,64.068,27.9185,42.2313,119.292,1,49
124,62.8354,30.5919,13.5675,1441.36,1,49
124,62.8887,30.4821,-302.845,118.437,1,49
124,62.6869,30.895,59.8599,1951.37,1,49
124,62.2954,31.677,58.436,30.0816,1,49
124,61.3162,33.5332,-219.601,519.964,1,49
124,60.2239,35.4576,64.0677,1110.55,1,49
124,59.14,37.2372,-272.007,1356.47,1,49
124,58.3623,38.4446,35.7867,1366.8,1,49
124,57.4983,39.7252,-298.493,566.944,1,49
124,57.3654,39.9169,72.7543,807.978,1,49
124,57.2248,40.1182,3.25923,308.078,1,49
124,56.8651,40.6265,7.06284,134.305,1,49
124,56.7832,40.7409,-151.642,473.098,1,49
124,54.7701,43.4095,-303.501,3957.96,1,49
124,47.9568,50.836,-12.5445,317.796,1,49
124,43.9663,54.3242,-28.06,51.1942,1,49
124,43.0716,55.0363,-207.549,85.8566,1,49
124,42.4687,55.5028,-206.988,22.0277,1,49
124,41.8873,55.9429,98.4202,168.813,1,49
124,42.0979,55.7845,-207.412,97.4716,1,49
124,35.2662,60.3361,26.6641,375.313,1,49
124,27.6186,64.1979,-234.722,204.186,1,49
124,27.0645,64.4334,-236.106,119.858,1,49
124,23.7258,65.7361,-254.661,217.115,1,49
124,21.1513,66.6091,-229.355,405.632,1,49
124,18.6523,67.3516,23.668,58.0954,1,49
124,16.6918,67.8641,24.4578,1115.58,1,49
124,15.2439,68.2039,25.3721,388.247,1,49
124,13.3344,68.6028,58.9234,470.56,1,49
124,8.57489,69.3587,84.3499,380.779,1,49
124,3.1208,69.817,-89.407,674.321,1,49
124,-3.37545,69.8051,-32.5843,702.914,1,49
124,-5.09159,69.701,12.3259,359.328,1,49
124,-16.5404,67.9011,-165.91,221.529,1,49
124,-25.2943,65.1487,36.656,665.096,1,49
124,-28.122,63.9789,15.4653,660.512,1,49
124,-33.8822,61.124,66.1494,10895.3,1,49
124,-34.198,60.9479,-124.419,627.003,1,49
124,-34.4005,60.8339,-10.2487,471.968,1,49
124,-36.4995,59.5982,-49.8168,174.847,1,49
124,-37.4679,58.9942,-49.8577,418.452,1,49
124,-38.1327,58.5666,-49.9396,171.233,1,49
124,-38.589,58.267,-49.8938,57.4283,1,49
124,-39.0093,57.9865,-50.0095,451.882,1,49
124,-39.628,57.5654,-26.6367,159.843,1,49
124,-39.9464,57.3449,-50.108,138.708,1,49
124,-40.5073,56.9501,28.2144,115.477,1,49
124,-41.1439,56.4919,27.8202,442.103,1,49
124,-41.7494,56.0459,65.7476,393.409,1,49
124,-41.8556,55.9666,27.387,409.67,1,49
124,-43.5592,54.6511,71.6785,120.604,1,49
124,-43.9655,54.3248,70.9269,198.183,1,49
124,-48.7619,50.0643,-223.349,108.952,1,49
124,-49.0793,49.7531,-224.372,23.2149,1,49
124,-59.2051,37.1337,-191.894,402.692,1,49
124,-61.2505,33.6531,-56.8561,702.998,1,49
124,-61.3116,33.5415,19.4188,428.233,1,49
124,-61.2257,33.6982,-30.18,27.2497,1,49
124,-62.2059,31.8525,61.851,222.939,1,49
124,-62.5386,31.1941,-242.858,4083.87,1,49
124,-62.4673,31.3367,62.0586,73.7604,1,49
124,-64.8409,26.0731,-302.396,880.945,1,49
124,-64.8788,25.9787,-31.7729,353.288,1,49
124,-66.2248,22.3255,30.4284,2571.92,1,49
124,-67.338,18.7016,58.1049,786.859,1,49
124,-68.0586,15.88,-222.795,178.662,1,49
124,-68.522,13.7434,30.9184,870.906,1,49
124,-68.5636,13.5344,-97.49,721.932,1,49
124,-68.8976,11.7163,-72.2796,108.704,1,49
124,-69.0436,10.8227,-52.0247,1176.27,1,49
124,-69.0331,10.8897,-72.3886,1289.24,1,49
124,-69.0705,10.6499,-92.0123,1483.65,1,49
124,-69.113,10.3701,96.4441,1587.08,1,49
124,-69.1142,10.3626,18.7065,356.14,1,49
124,-69.3126,8.9398,-52.0097,1115.24,1,49
124,-69.4178,8.0818,-51.9918,271.12,1,49
124,-69.4609,7.70305,-51.9716,82.6935,1,49
124,-69.5019,7.3241,-52.0065,57.4161,1,49
124,-69.5595,6.75524,-51.9966,60.4316,1,49
124,-69.7721,4.00116,84.5744,591.597,1,49
124,-70.9106,-3.22366,7.97652,4534.88,0,50
124,-70.8271,-4.71395,-54.2717,567.721,0,50
124,-70.8013,-5.08685,-55.2851,105.543,0,50
124,-70.741,-5.86568,-55.7463,381.477,0,50
124,-69.9779,-11.9079,260.997,480.707,0,50
124,-69.8949,-12.3858,205.2,327.598,0,50
124,-69.5623,-14.1344,101.527,1033.13,0,50
124,-67.5902,-21.6856,-18.8103,227.177,0,50
124,-67.3447,-22.4362,-18.3875,291.704,0,50
124,-66.9175,-23.6802,-67.2303,1270.66,0,50
124,-65.8006,-26.6267,-30.0033,1213.47,0,50
124,-64.2099,-30.262,39.508,31.1526,0,50
124,-64.0439,-30.6117,39.508,24.0954,0,50
124,-63.876,-30.9606,39.508,43.111,0,50
124,-63.7387,-31.2423,57.8571,321.253,0,50
124,-63.7062,-31.3085,39.65,64.9063,0,50
124,-63.6797,-31.3623,157.646,454.653,0,50
124,-63.4786,-31.7675,-36.1583,597.299,0,50
124,-62.9187,-32.8625,-6.708,22.1387,0,50
124,-62.6685,-33.3371,-68.0838,100.987,0,50
124,-62.6477,-33.3761,-6.708,40.1803,0,50
124,-61.1875,-35.9831,116.377,565.842,0,50
124,-57.6689,-41.3884,-56.3091,1512.3,0,50
124,-56.7781,-42.6022,-86.8492,1172.66,0,50
124,-56.445,-43.0426,-48.933,230.258,0,50
124,-56.4812,-42.995,-35.1409,1142.38,0,50
124,-55.9002,-43.7477,-49.108,27.2513,0,50
124,-52.3232,-47.9686,275.132,618.974,0,50
124,-48.8729,-51.4795,150.573,619.876,0,50
124,-46.3978,-53.7209,0.496712,314.822,0,50
124,-45.1939,-54.7377,-53.8904,2165.9,0,50
124,-46.0255,-54.0403,-0.211269,204.177,0,50
124,-45.6494,-54.3584,247.454,231.986,0,50
124,-43.973,-55.7232,-54.323,432.455,0,50
124,-43.4422,-56.138,-54.3534,67.3728,0,50
124,-42.1994,-57.0781,-54.685,775.079,0,50
124,-35.5757,-61.4253,-82.1141,714,0,50
124,-33.0339,-62.8288,-89.0069,257.888,0,50
124,-32.5188,-63.097,-88.7975,242.277,0,50
124,-25.8174,-66.1223,-59.0705,46.3451,0,50
124,-25.8174,-66.1223,50.6367,146.288,0,50
124,-24.7321,-66.5359,-59.708,33.0139,0,50
124,-20.3275,-68.011,-75.7865,98.417,0,50
124,-13.5382,-69.6808,-87.4034,1093.98,0,50
124,-13.3733,-69.7127,3.22989,53.5204,0,50
124,-6.031,-70.7271,196.005,1578.65,0,50
124,-4.59201,-70.8351,165.815,4046.86,0,50
124,-3.34976,-70.9047,156.842,536.32,0,50
124,-2.2594,-70.9478,107.393,568.527,0,50
124,-0.330305,-70.983,-55.4544,400.882,0,50
124,2.3081,-70.9463,177.935,19043,0,50
124,2.30079,-70.9465,139.349,650.183,0,50
124,2.61273,-70.9357,183.27,308,0,50
124,3.38725,-70.9029,170.983,671.379,0,50
124,3.84235,-70.8797,40.0969,635.123,0,50
124,8.60273,-70.4606,-5.72862,1380.75,0,50
124,8.79885,-70.4364,120.501,297.192,0,50
124,9.5929,-70.3326,-43.7473,551.681,0,50
124,11.6932,-70.0141,236.551,579.159,0,50
124,12.4215,-69.8885,236.51,88.4055,0,50
124,14.3226,-69.5238,117.524,30.1387,0,50
124,15.1961,-69.3382,174.041,342.692,0,50
124,17.7167,-68.7373,-10.1,33.2619,0,50
124,35.8102,-61.2889,-55.9165,1472.48,0,50
124,39.9097,-58.7019,188.142,49.3693,0,50
124,40.2373,-58.4779,185.547,172.751,0,50
124,40.6761,-58.1735,188.753,614.483,0,50
124,41.1511,-57.8384,189.357,354.162,0,50
124,41.8314,-57.3483,189.81,210.916,0,50
124,42.0514,-57.1872,182.585,186.016,0,50
124,43.6247,-55.9963,-103.502,250.383,0,50
124,44.052,-55.6608,-104.048,215.902,0,50
124,44.5465,-55.2658,-87.5269,318.239,0,50
124,44.7882,-55.0701,127.79,306.927,0,50
124,47.6521,-52.6116,275.318,505.26,0,50
124,48.2544,-52.0597,274.848,191.74,0,50
124,49.4106,-50.9637,282.326,12718.5,0,50
124,49.4015,-50.9725,288.488,1332.19,0,50
124,50.7107,-49.6702,283.674,3895.71,0,50
124,52.3761,-47.9108,-94.1469,3264.09,0,50
124,52.7224,-47.5294,110.525,183.42,0,50
124,53.742,-46.3735,3.63975,151.538,0,50
124,55.9002,-43.7477,-77.1225,133.022,0,50
124,57.9244,-41.03,51.6061,468.306,0,50
124,58.714,-39.892,115.667,492.968,0,50
124,59.1199,-39.2879,237.101,147.604,0,50
124,59.8245,-38.2064,-46.8172,944.787,0,50
124,62.0735,-34.4322,-97.5989,873.625,0,50
124,62.913,-32.8734,87.5445,195.58,0,50
124,65.4853,-27.393,213.946,113.729,0,50
124,65.7377,-26.7816,76.4791,502.456,0,50
124,65.794,-26.6431,49.4382,196.999,0,50
124,67.396,-22.2817,119.051,583.036,0,50
124,68.3512,-19.1522,-59.164,198.335,0,50
124,69.0836,-16.3145,-65.095,610.346,0,50
124,70.8888,-3.67076,29.1121,316.523,0,50
124,70.8974,-3.50046,-68.425,231.467,0,50
124,70.9156,-3.10989,-44.5306,682.04,0,50
124,70.9726,-1.25818,-32.3479,59.4405,0,50
124,70.9815,-0.571692,-31.9234,244.804,0,50
124,70.9761,1.04413,-101.838,283.841,0,50
124,70.9351,2.62969,-103.01,1716.17,0,50
124,70.9035,3.37621,225.006,8681.87,0,50
124,70.9116,3.20127,19.0093,1246.89,0,50
124,70.9085,3.26772,191.317,587.755,0,50
124,69.5719,14.0872,96.7307,440.466,0,50
124,69.1967,15.8278,112.517,627.209,0,50
124,69.2025,15.8023,285.618,221.691,0,50
124,67.6341,21.5481,-45.7997,993.001,0,50
124,65.9266,26.3133,193.348,429.452,0,50
124,65.6206,27.0672,45.3002,2134.27,0,50
124,65.5771,27.1724,2.01398,221.396,0,50
124,64.2099,30.262,-61.828,49.031,0,50
124,64.1224,30.4469,-27.908,107.581,0,50
124,63.8024,31.1119,-67.1143,192.521,0,50
124,63.3306,32.0615,115.684,1183.98,0,50
124,60.4703,37.1758,-4.85237,659.008,0,50
124,59.9455,38.0163,16.512,1351.72,0,50
124,58.1286,40.7402,-74.1755,1734.24,0,50
124,56.9626,42.3553,2.17456,370.63,0,50
124,54.8092,45.1071,-1.83833,379.122,0,50
124,54.4624,45.5252,125.061,817.85,0,50
124,54.368,45.638,-1.21448,1740.19,0,50
124,53.871,46.2236,257.598,214.034,0,50
124,53.2591,46.9272,-0.343853,3133.52,0,50
124,48.718,51.6261,67.8212,533.94,0,50
124,44.4466,55.3462,-53.977,226.001,0,50
124,43.9488,55.7423,-53.3683,162.814,0,50
124,42.5557,56.8129,30.7213,831.758,0,50
124,41.1187,57.8615,-4.30633,924.227,0,50
124,39.1498,59.2114,284.026,241.238,0,50
124,35.2575,61.6085,43.9295,472.892,0,50
124,34.3255,62.1326,11.7213,247.066,0,50
124,30.5999,64.0496,141.377,384.598,0,50
124,28.9011,64.8338,-2.23284,759.131,0,50
124,23.7065,66.9081,63.3261,453.005,0,50
124,22.5718,67.2994,76.0085,466.85,0,50
124,20.2625,68.0304,128.457,120.621,0,50
124,19.4667,68.2623,-9.676,60.3095,0,50
124,19.0255,68.3866,-10.3474,68.6591,0,50
124,17.0733,68.8999,-49.3515,1404.37,0,50
124,16.5889,69.0182,-70.9162,349.042,0,50
124,16.5476,69.0281,278.851,618.948,0,50
124,16.048,69.1459,-71.424,322.034,0,50
124,8.4009,70.4849,-83.1992,101.621,0,50
124,4.83229,70.8191,120.793,316.419,0,50
124,4.25146,70.8564,121.15,374.614,0,50
124,3.71348,70.8866,35.9618,376.599,0,50
124,3.77299,70.8835,120.916,24.0277,0,50
124,1.91846,70.9579,-29.2364,1952.55,0,50
124,1.19529,70.9737,-22.2769,496.597,0,50
124,0.35296,70.9829,177.167,111.65,0,50
124,-0.0968044,70.9837,-21.548,45.1232,0,50
124,-0.0967997,70.9837,177.732,23.1325,0,50
124,-23.1676,67.0967,-53.5713,165.239,0,50
124,-23.7268,66.901,166.426,138.586,0,50
124,-24.4929,66.6243,-54.1618,1045.07,0,50
124,-24.7491,66.5296,-84.5002,284.181,0,50
124,-24.8889,66.4774,-41.5458,593.038,0,50
124,-25.4527,66.2635,-72.8856,278.357,0,50
124,-26.1777,65.9805,24.668,25.1143,0,50
124,-26.5674,65.8246,24.645,173.197,0,50
124,-28.4351,65.0396,66.4018,222.943,0,50
124,-29.7356,64.4553,-9.48275,62.6281,0,50
124,-29.9716,64.346,200.06,70.6606,0,50
124,-30.3975,64.1459,-0.857711,133.496,0,50
124,-30.437,64.1271,199.56,86.7807,0,50
124,-34.3645,62.111,33.1848,351.571,0,50
124,-36.7677,60.7193,-43.8185,166.084,0,50
124,-39.9174,58.6967,159.516,210.542,0,50
124,-46.7217,53.4395,277.638,590.222,0,50
124,-50.6247,49.7578,290.363,377.649,0,50
124,-51.1178,49.251,300.072,351.994,0,50
124,-51.6211,48.7233,69.2193,286.822,0,50
124,-54.5988,45.3616,5.24571,135.471,0,50
124,-55.0685,44.7902,105.137,764.363,0,50
124,-55.9824,43.6425,-99.2993,74.6362,0,50
124,-56.069,43.5312,113.125,197.079,0,50
124,-57.8907,41.0776,-89.2369,1726.34,0,50
124,-59.1858,39.1885,-27.5683,2751.98,0,50
124,-58.8591,39.6776,7.43654,65.6869,0,50
124,-59.3825,38.8899,7.62381,1137.02,0,50
124,-63.9815,30.742,-97.3693,1450.39,0,50
124,-65.1328,28.2208,-62.3408,1220.54,0,50
124,-65.3559,27.7004,21.4912,886.863,0,50
124,-65.4225,27.5426,25.3905,642.662,0,50
124,-65.7909,26.6506,20.3505,248.986,0,50
124,-67.4614,22.0831,242.889,452.068,0,50
124,-68.3732,19.0738,-57.2967,295.229,0,50
124,-68.3696,19.0867,38.4541,315.513,0,50
124,-68.415,18.9234,39.508,48.1495,0,50
124,-69.3221,15.2692,-77.2602,604.652,0,50
124,-70.4618,8.59309,-22.396,23.9878,0,50
124,-70.5513,7.82406,16.8153,1138.73,0,50
124,-70.591,7.45706,-103.377,603.628,0,50
124,-70.9738,1.19171,-54.3621,493.784,0,50
124,-69.1074,-16.213,-227.993,136.9,1,50
124,-68.2248,-19.5977,66.835,659.228,1,50
124,-67.4321,-22.1724,-57.1722,3091.31,1,50
124,-65.36,-27.6906,-29.1361,114.787,1,50
124,-59.8512,-38.1646,-27.0261,1976.68,1,50
124,-59.2995,-39.0163,22.5519,174.125,1,50
124,-58.8465,-39.6962,22.7104,183.88,1,50
124,-58.4794,-40.2351,-113.681,895.184,1,50
124,-57.4107,-41.7458,28.4469,475.922,1,50
124,-57.5131,-41.6046,-35.6428,1188,1,50
124,-57.3203,-41.8698,-25.773,1174.73,1,50
124,-55.6352,-44.0843,100.888,774.717,1,50
124,-54.2169,-45.8173,-18.4291,114.95,1,50
124,-53.7599,-46.3527,27.5063,1047.88,1,50
124,-53.9388,-46.1444,-18.308,26.0416,1,50
124,-53.0147,-47.2031,-18.199,1094.16,1,50
124,-51.0664,-49.3044,25.3449,1650,1,50
124,-51.255,-49.1082,-50.6203,1400.92,1,50
124,-46.1039,-53.9735,-183.734,696.6,1,50
124,-45.6764,-54.3356,34.0401,349.497,1,50
124,-40.4764,-58.3126,-301.724,49.4144,1,50
124,-38.4875,-59.644,36.431,2333.68,1,50
124,-36.8286,-60.6824,-15.34,131.565,1,50
124,-35.743,-61.3281,-75.548,22.2374,1,50
124,-35.408,-61.5221,-75.7512,61.4209,1,50
124,-35.1627,-61.6627,-15.0925,142.386,1,50
124,-34.5659,-61.9992,-287.124,60.2652,1,50
124,-34.1839,-62.2106,-14.9171,176.933,1,50
124,-34.2272,-62.1868,-286.7,36.0277,1,50
124,-33.9676,-62.329,70.732,104.402,1,50
124,-33.9364,-62.346,-287.439,108.566,1,50
124,-33.3884,-62.6412,70.6456,269.83,1,50
124,-33.4762,-62.5943,-14.7535,245.382,1,50
124,-31.8318,-63.4463,-59.0342,226.556,1,50
124,-31.0711,-63.8223,23.7131,433.481,1,50
124,-31.1346,-63.7913,-59.6168,64.5132,1,50
124,-31.0305,-63.8421,-210.112,166.282,1,50
124,-30.8358,-63.9363,-60.5309,95.9179,1,50
124,-30.3315,-64.1771,-210.071,157.952,1,50
124,-30.2367,-64.2218,-295.749,760.686,1,50
124,-28.3154,-65.0918,89.1732,9646.8,1,50
124,-30.1541,-64.2607,5.47393,644.073,1,50
124,-29.5281,-64.5507,-209.966,168.794,1,50
124,-28.9851,-64.7963,-210.077,101.053,1,50
124,-27.8328,-65.2996,-209.637,1210.47,1,50
124,-28.2913,-65.1022,32.7985,2492.17,1,50
124,-27.2115,-65.5609,59.2033,608.161,1,50
124,-26.6658,-65.7848,-270.707,710.355,1,50
124,-17.1625,-68.8778,-203.779,851.313,1,50
124,-13.9494,-69.5997,-37.6285,319.048,1,50
124,-13.8269,-69.6241,4.5393,230.166,1,50
124,-10.1941,-70.248,-35.2956,542.819,1,50
124,-3.94089,-70.8743,-75.0984,394.452,1,50
124,0.273518,-70.9833,-205.228,595.297,1,50
124,2.63955,-70.9347,-204.953,1414.61,1,50
124,2.29814,-70.9466,73.4863,994.24,1,50
124,4.73915,-70.8254,-204.444,28.0555,1,50
124,5.31842,-70.7843,-204.691,62.3606,1,50
124,6.28307,-70.7052,-41.393,77.6455,1,50
124,6.7575,-70.6614,-41.3795,155.347,1,50
124,9.06868,-70.4021,49.7109,272.647,1,50
124,9.58268,-70.334,98.716,128.609,1,50
124,10.9911,-70.1277,-31.5056,5181.85,1,50
124,10.894,-70.1429,-43.5495,1636,1,50
124,12.4215,-69.8885,-99.9703,82.5099,1,50
124,12.8896,-69.8037,-220.208,1054.51,1,50
124,17.1587,-68.8787,-131.984,601.13,1,50
124,19.5262,-68.2454,-128.513,1387.66,1,50
124,19.6411,-68.2124,-286.061,258,1,50
124,23.0997,-67.1201,-259.467,219.735,1,50
124,23.3012,-67.0504,-286.827,981.024,1,50
124,27.7968,-65.3149,65.2063,646.195,1,50
124,27.9396,-65.254,9.70986,2466.92,1,50
124,29.2342,-64.6843,84.9805,245.164,1,50
124,30.359,-64.1641,85.6108,796.784,1,50
124,32.3747,-63.171,89.3549,381.313,1,50
124,33.1853,-62.749,-3.7845,499.561,1,50
124,33.2735,-62.7023,0.482798,176.54,1,50
124,33.699,-62.4746,60.4425,556.88,1,50
124,38.7968,-59.4433,96.3752,229.793,1,50
124,39.3089,-59.106,-87.3881,206.148,1,50
124,43.0923,-56.407,9.9449,445.027,1,50
124,44.4928,-55.3091,-17.7558,770.477,1,50
124,45.1976,-54.7346,-203.816,1215.59,1,50
124,46.0868,-53.988,63.524,64.4716,1,50
124,47.8362,-52.4443,-110.377,214.627,1,50
124,55.4197,-44.3549,96.81,123.066,1,50
124,55.9002,-43.7477,48.0516,252.114,1,50
124,59.9191,-38.0579,22.2249,119.269,1,50
124,60.4324,-37.2374,-27.636,37.2219,1,50
124,62.211,-34.1831,-194.454,1107.89,1,50
124,63.8918,-30.9278,-69.7872,1371.77,1,50
124,65.3448,-27.7264,30.3991,3902.14,1,50
124,65.8212,-26.5758,31.4329,274.997,1,50
124,66.0266,-26.0611,-138.094,208.583,1,50
124,66.8225,-23.947,31.1259,821.765,1,50
124,70.3266,-9.63705,-249.396,1347.03,1,50
124,70.2942,9.8703,-61.4693,1189.29,1,50
124,69.9221,12.2309,-165.23,297.476,1,50
124,65.1539,28.1722,-237.499,716.635,1,50
124,64.9255,28.6947,43.1588,184.697,1,50
124,64.7001,29.1992,43.8056,111.617,1,50
124,64.2271,30.2254,61.8036,425.215,1,50
124,63.9184,30.873,60.5308,167.563,1,50
124,63.7762,31.1655,-301.842,794.845,1,50
124,63.3076,32.1068,15.0608,74.479,1,50
124,62.4281,33.785,93.0973,2631.53,1,50
124,62.3928,33.8501,-218.51,1525.82,1,50
124,61.4053,35.6103,65.1383,775.015,1,50
124,60.4988,37.1294,-270.902,1068.67,1,50
124,59.1817,39.1947,37.0186,53.4128,1,50
124,58.5346,40.1547,-297.651,144.763,1,50
124,58.3126,40.4765,63.6679,2054,1,50
124,58.1574,40.6992,3.83309,212.503,1,50
124,58.0612,40.8362,-150.742,97.7732,1,50
124,57.853,41.1306,-26.9742,262.624,1,50
124,57.7722,41.2441,-42.5641,913.824,1,50
124,57.6721,41.3839,-27.9536,212.857,1,50
124,55.6418,44.076,-302.692,2474.97,1,50
124,51.8868,48.4403,0.149439,523.534,1,50
124,50.6603,49.7215,11.0089,743.251,1,50
124,48.8819,51.471,-11.7619,507.445,1,50
124,45.0537,54.8531,-11.3541,1108.66,1,50
124,44.9384,54.9476,-27.8933,499.788,1,50
124,44.9568,54.9326,-208.406,65.6747,1,50
124,44.5669,55.2493,-208.596,182.448,1,50
124,44.2889,55.4724,-207.836,55,1,50
124,41.9499,57.2617,97.9734,100.461,1,50
124,28.3081,65.0949,-233.943,504.972,1,50
124,24.5423,66.6061,20.0451,544.969,1,50
124,23.6722,66.9203,20.5668,222.202,1,50
124,23.2747,67.0596,20.151,109.627,1,50
124,22.6532,67.2721,20.9389,271.766,1,50
124,22.0938,67.4579,21.548,98.2987,1,50
124,21.9314,67.5108,-228.912,503.414,1,50
124,20.7397,67.8864,22.2613,609.115,1,50
124,19.5528,68.2377,22.9568,384.444,1,50
124,13.8579,69.6179,60.5378,605.135,1,50
124,8.4677,70.4769,84.8904,191.014,1,50
124,3.89313,70.877,-89.8786,386.636,1,50
124,-2.99958,70.9204,25.6125,110.98,1,50
124,-3.91438,70.8758,-32.4343,936.705,1,50
124,-14.9787,69.3854,24.6989,136.897,1,50
124,-16.569,69.023,-164.792,835.998,1,50
124,-24.8944,66.4753,38.5303,200.463,1,50
124,-24.9747,66.4452,37.236,32.1132,1,50
124,-27.31,65.5199,15.4814,679.146,1,50
124,-28.4812,65.0194,-11.0778,831.732,1,50
124,-33.16,62.7624,64.4246,12854.8,1,50
124,-34.5906,61.9854,-124.426,244.642,1,50
124,-35.2298,61.6243,-9.89994,195.726,1,50
124,-40.2041,58.5007,-26.4297,444.685,1,50
124,-41.1787,57.8188,-50.108,294.791,1,50
124,-42.176,57.0954,-50.1755,168.981,1,50
124,-43.0746,56.4206,73.1983,1423.46,1,50
124,-42.7399,56.6745,66.6775,329.973,1,50
124,-43.6233,55.9974,-50.3165,1218.43,1,50
124,-43.5393,56.0627,26.5232,961.57,1,50
124,-44.5535,55.2601,25.8563,130.391,1,50
124,-45.0906,54.8228,25.1992,344.402,1,50
124,-48.8554,51.4961,-221.838,568.643,1,50
124,-49.1561,51.2092,-222.676,36.2867,1,50
124,-62.037,34.4979,20.2414,838.071,1,50
124,-62.3725,33.8875,-29.9477,126.114,1,50
124,-62.3725,33.8875,-55.6832,265.056,1,50
124,-63.141,32.4332,-244.433,4038.79,1,50
124,-63.097,32.5188,-248.717,96,1,50
124,-65.7937,26.6438,-30.9359,504.752,1,50
124,-65.797,26.6357,-301.559,344.397,1,50
124,-67.4398,22.149,30.3001,1760.18,1,50
124,-67.7598,21.1498,-188.577,467.368,1,50
124,-68.6964,17.8749,60.2867,219.274,1,50
124,-68.9816,16.7404,-51.9605,115.667,1,50
124,-69.0911,16.2826,-222.379,153.136,1,50
124,-69.4043,14.8909,32.572,47.248,1,50
124,-69.5043,14.4172,32.0239,345.792,1,50
124,-69.5818,14.0383,-96.6562,771.407,1,50
124,-69.7127,13.3733,-52.0035,45.3329,1,50
124,-69.9248,12.2158,-51.9851,797.827,1,50
124,-69.9424,12.1147,-72.6434,330.28,1,50
124,-70.1258,11.0034,19.559,458.047,1,50
124,-70.1623,10.7682,97.9639,424.493,1,50
124,-70.2849,9.93651,-91.66,33.2757,1,50
124,-70.8341,4.60829,86.3316,367.34,1,50
124,-72.0801,-0.0982953,23.4874,182.887,0,51
124,-72.0748,-0.884553,-62.3333,275.464,0,51
124,-72.0055,-3.28077,6.0532,1969.36,0,51
124,-71.7446,-6.94755,-57.1767,1509.21,0,51
124,-71.6319,-8.02686,-58.5328,1089.7,0,51
124,-71.0804,-11.9636,260.597,306.531,0,51
124,-70.9555,-12.6834,204.582,440.275,0,51
124,-70.6637,-14.2198,164.98,498.759,0,51
124,-70.443,-15.2753,100.44,122.61,0,51
124,-70.4621,-15.1869,226.958,425.221,0,51
124,-70.2636,-16.0804,99.716,34.1265,0,51
124,-69.7497,-18.1806,281.188,28.137,0,51
124,-68.9681,-20.9513,-20.0873,344.502,0,51
124,-68.7645,-21.6101,-19.5246,353.527,0,51
124,-68.252,-23.1781,-68.3704,141.898,0,51
124,-67.9443,-24.0651,-28.343,360.824,0,51
124,-67.6493,-24.8821,-28.7218,338.017,0,51
124,-67.4256,-25.4822,-29.3766,45.3174,0,51
124,-67.2856,-25.8496,-29.18,23.0538,0,51
124,-64.8494,-31.4661,157.523,136.083,0,51
124,-64.5533,-32.0691,-37.3513,229.124,0,51
124,-63.7075,-33.7181,-6.284,23.1265,0,51
124,-63.6333,-33.8579,39.6253,107.969,0,51
124,-61.9446,-36.8567,115.854,1307.42,0,51
124,-59.1659,-41.1698,-58.5795,907.166,0,51
124,-57.4693,-43.5067,-88.061,317.154,0,51
124,-57.2896,-43.7431,-36.4367,222.082,0,51
124,-54.5552,-47.1092,274.542,87.5254,0,51
124,-53.9637,-47.7857,274.838,404.71,0,51
124,-53.8675,-47.8941,-72.004,23,0,51
124,-53.577,-48.2188,-79.6431,740.93,0,51
124,-50.6197,-51.3147,-61.1983,54.4144,0,51
124,-49.7345,-52.1731,149.528,807.213,0,51
124,-46.1069,-55.405,-1.60489,1127.01,0,51
124,-45.7986,-55.66,247.377,781.515,0,51
124,-41.9379,-58.6239,-54.9814,514.824,0,51
124,-39.3637,-60.3825,-91.136,12056.9,0,51
124,-40.6576,-59.519,-55.2967,565.671,0,51
124,-39.8001,-60.0958,-55.468,32.0694,0,51
124,-39.4717,-60.312,-89.388,8.78279,0,51
124,-39.4717,-60.312,-55.6943,226.652,0,51
124,-38.9545,-60.6474,-55.7557,392.696,0,51
124,-36.7276,-62.0213,-56.3353,1896.85,0,51
124,-34.1887,-63.4562,-57.0218,219.73,0,51
124,-32.1568,-64.5097,-57.5652,1486.84,0,51
124,-31.5588,-64.8043,-78.604,10444.6,0,51
124,-31.475,-64.8451,-69.293,1798,0,51
124,-30.025,-65.5291,-83.3814,760.616,0,51
124,-25.8724,-67.2769,49.8145,1013.41,0,51
124,-25.2149,-67.526,-4.37302,274.159,0,51
124,-20.7939,-69.0157,-77.2597,1207.31,0,51
124,-16.4445,-70.1793,-88.8539,2975.62,0,51
124,-13.9538,-70.7167,3.21063,427.323,0,51
124,-6.51349,-71.7853,195.088,938.614,0,51
124,-5.48613,-71.8711,174.828,994,0,51
124,-5.00844,-71.906,174.105,345,0,51
124,-3.66297,-71.9871,155.737,959.168,0,51
124,-1.86718,-72.056,106.076,27.1526,0,51
124,-1.27762,-72.0689,105.652,43.2619,0,51
124,1.2688,-72.069,-12.8758,366.224,0,51
124,1.42243,-72.0662,138.838,118.015,0,51
124,3.55477,-71.9925,169.738,157.333,0,51
124,5.8346,-71.8437,177.231,24592.8,0,51
124,4.08434,-71.9644,38.977,610.914,0,51
124,6.1843,-71.8144,183.491,500,0,51
124,6.77162,-71.7614,180.276,22,0,51
124,8.78014,-71.5434,120.39,418.901,0,51
124,9.18629,-71.4924,-6.4267,3175.96,0,51
124,10.2106,-71.3533,-43.761,277.602,0,51
124,10.3041,-71.3399,236.162,291.745,0,51
124,11.2959,-71.1896,236.338,231.055,0,51
124,15.1999,-70.4593,117.159,691.812,0,51
124,19.6875,-69.3394,-11.0208,488.452,0,51
124,20.6415,-69.0615,-11.2002,141.461,0,51
124,21.321,-68.8547,-11.8132,251.114,0,51
124,22.0632,-68.6205,36.242,112.565,0,51
124,23.5761,-68.1155,29.9982,263.646,0,51
124,23.7114,-68.0685,52.1103,1254.13,0,51
124,26.3865,-67.0769,193.641,384.816,0,51
124,29.3071,-65.8532,124.12,685.187,0,51
124,35.2931,-62.8486,-57.5785,3096.75,0,51
124,38.4735,-60.9537,186.243,1230.03,0,51
124,40.0421,-59.9348,187.484,67.3045,0,51
124,40.6097,-59.5517,184.373,180.797,0,51
124,42.5152,-58.2067,181.377,1133.15,0,51
124,44.7972,-56.4691,-105.187,95.5687,0,51
124,45.2617,-56.0975,-105.5,123,0,51
124,45.2405,-56.1146,-88.1506,1050.44,0,51
124,45.5624,-55.8536,127.234,320.793,0,51
124,49.4883,-52.4067,274.261,71.4341,0,51
124,50.2641,-51.6631,273.06,561.991,0,51
124,52.6498,-49.2296,284.982,24233.3,0,51
124,52.0001,-49.9153,291.786,738,0,51
124,52.2716,-49.631,293.426,1016,0,51
124,53.1316,-48.7092,-93.9062,2929.36,0,51
124,54.5148,-47.1561,3.03494,172.069,0,51
124,56.9359,-44.2024,-78.5949,165.822,0,51
124,58.633,-41.9252,50.3875,1279.26,0,51
124,58.9476,-41.4817,-69.9211,678.002,0,51
124,59.7231,-40.3573,114.973,535.573,0,51
124,60.5946,-39.0365,-47.093,1393.66,0,51
124,63.6518,-33.8231,87.0834,448.56,0,51
124,66.4038,-28.0373,213.511,58.7341,0,51
124,66.7983,-27.084,75.766,539.598,0,51
124,66.8963,-26.8411,48.9343,114.875,0,51
124,68.3665,-22.8381,-14.6882,960.451,0,51
124,68.4299,-22.6475,118.271,250.106,0,51
124,68.8435,-21.3571,-57.4341,397.766,0,51
124,69.0286,-20.7509,-58.0928,136.472,0,51
124,69.3008,-19.823,-58.4341,294.22,0,51
124,69.173,-20.2645,-57.588,31.6586,0,51
124,69.4189,-19.4055,37.2335,363.819,0,51
124,70.1962,-16.3722,-65.9079,243.394,0,51
124,71.8462,-5.80381,-57.5948,548.464,0,51
124,72.0029,-3.33677,-68.8542,193.285,0,51
124,72.0026,-3.3436,-44.6346,126.819,0,51
124,72.0153,-3.05736,29.1462,606.955,0,51
124,72.0624,-1.60222,-32.6531,548.011,0,51
124,72.0231,2.86805,18.9939,1992.95,0,51
124,71.9672,4.03519,190.036,563.856,0,51
124,70.6074,14.4965,96.8346,1225.63,0,51
124,70.3928,15.5051,112.281,57.3174,0,51
124,70.3072,15.8888,112.238,83.5409,0,51
124,70.3033,15.9062,285.029,277.425,0,51
124,68.6428,21.9936,-45.8779,1414.62,0,51
124,67.2192,26.0217,243.376,582.35,0,51
124,66.9269,26.7646,192.448,2324.27,0,51
124,66.9269,26.7646,204.95,2543,0,51
124,66.2677,28.3576,1.2665,102.025,0,51
124,65.5629,29.9509,-28.3409,76.6999,0,51
124,65.2852,30.5515,-67.5782,114.122,0,51
124,65.2852,30.5515,-28.2214,100.388,0,51
124,64.9481,31.2618,-67.4952,87.4438,0,51
124,64.9187,31.3228,-63.524,75.8878,0,51
124,64.2019,32.7669,114.563,362.877,0,51
124,61.7133,37.2428,-5.67407,791.648,0,51
124,60.9807,38.4306,16.5048,2778.36,0,51
124,58.2137,42.5055,1.49898,3895.1,0,51
124,55.1581,46.4019,124.332,372.835,0,51
124,54.5018,47.1711,256.355,364.388,0,51
124,49.7241,52.183,66.6328,1080.17,0,51
124,46.5024,55.0735,-55.5201,559.604,0,51
124,45.9369,55.546,-54.9416,290.665,0,51
124,43.5078,57.4685,29.3211,372.127,0,51
124,42.1332,58.4837,-5.13788,77.5621,0,51
124,39.4022,60.3574,283.966,183.19,0,51
124,34.9633,63.0327,43.8732,325.769,0,51
124,34.6259,63.2187,11.256,85.7097,0,51
124,31.1361,65.0085,94.0298,1060.3,0,51
124,30.7152,65.2084,141.008,515.833,0,51
124,30.6443,65.2417,-3.46432,234.573,0,51
124,30.1126,65.4888,-2.892,50.254,0,51
124,23.8198,68.0307,74.7,32.146,0,51
124,22.8347,68.3676,62.3867,725.038,0,51
124,23.3949,68.1779,75.2035,349.687,0,51
124,20.6937,69.0458,-60.6714,579.041,0,51
124,20.1646,69.2022,128.304,203.884,0,51
124,19.2711,69.4563,-23.3349,197.653,0,51
124,17.8508,69.8348,-11.2291,123.8,0,51
124,17.7999,69.8478,-43.5605,478,0,51
124,16.3412,70.2034,277.888,100.191,0,51
124,7.72224,71.6654,-84.1202,779.856,0,51
124,5.39295,71.8782,120.425,158.627,0,51
124,4.07612,71.9649,35.871,219.849,0,51
124,1.26297,72.0691,-28.6334,483.108,0,51
124,0.85788,72.0751,175.897,931.722,0,51
124,0.294832,72.0796,-28.332,21.0693,0,51
124,-1.62884,72.0618,-20.9813,1469.94,0,51
124,-2.45124,72.0385,-41.4612,646.089,0,51
124,-5.27931,71.8866,-42.9031,394.5,0,51
124,-5.32873,71.883,-2.2692,431.592,0,51
124,-14.5438,70.5977,7.54483,106.647,0,51
124,-24.9386,67.6285,-73.192,1033.49,0,51
124,-24.8279,67.6693,-85.3554,855.59,0,51
124,-25.5014,67.4183,-43.2199,385.959,0,51
124,-26.5234,67.0229,-55.018,1035.18,0,51
124,-27.1578,66.7683,24.6348,420.426,0,51
124,-27.5864,66.5924,64.6285,738.905,0,51
124,-30.4084,65.352,-9.56279,112.152,0,51
124,-31.0851,65.0328,198.92,396.499,0,51
124,-34.5836,63.2418,32.9374,110.867,0,51
124,-37.2053,61.7359,-44.204,449.072,0,51
124,-39.9385,60.0039,158.741,1866.55,0,51
124,-42.4237,58.2734,-20.9077,96.5281,0,51
124,-47.7362,54.0075,275.995,1359.2,0,51
124,-52.9127,48.947,68.6038,947.146,0,51
124,-53.679,48.1053,4.16737,159.829,0,51
124,-54.5059,47.1663,4.55797,1237.49,0,51
124,-55.1155,46.4526,104.266,100.621,0,51
124,-55.4666,46.0328,104.769,452.963,0,51
124,-56.7028,44.5011,-99.4704,374.192,0,51
124,-58.0099,42.7833,-87.1375,1228.16,0,51
124,-58.0376,42.7457,37.2098,92.8134,0,51
124,-58.6184,41.9457,6.43718,1325.94,0,51
124,-59.101,41.2629,6.436,24,0,51
124,-59.7584,40.3049,-27.307,775.955,0,51
124,-65.2743,30.5748,-98.3279,160.347,0,51
124,-65.4936,30.1023,-98.9201,56.3623,0,51
124,-66.1052,28.7343,-62.62,1576.11,0,51
124,-66.7992,27.0819,25.2375,1563.49,0,51
124,-67.0299,26.5055,19.58,62.2511,0,51
124,-67.3734,25.6199,18.877,908.074,0,51
124,-68.6412,21.9986,241.292,261.084,0,51
124,-69.225,20.0862,36.7949,125.51,0,51
124,-69.3313,19.7163,37.706,613.129,0,51
124,-69.4536,19.2808,-57.5491,483.378,0,51
124,-70.3149,15.8545,187.679,462.291,0,51
124,-71.6057,8.25672,-22.6572,921.565,0,51
124,-71.6699,7.68034,16.5457,1193.49,0,51
124,-72.0673,1.36418,-55.3693,1325.44,0,51
124,-69.3819,-19.5374,67.5726,1185.77,1,51
124,-68.7825,-21.5526,-55.3494,1904.21,1,51
124,-66.3419,-28.1835,-29.0366,172.82,1,51
124,-61.0371,-38.3409,-26.4851,1230.98,1,51
124,-59.4284,-40.79,23.1075,677.879,1,51
124,-59.2183,-41.0944,-112.918,161.113,1,51
124,-58.6186,-41.9453,-35.578,2121.03,1,51
124,-58.4727,-42.1485,27.4574,190.593,1,51
124,-58.1387,-42.6081,-25.374,530.884,1,51
124,-56.5814,-44.6554,101.564,676.495,1,51
124,-55.0347,-46.5482,28.0293,429.307,1,51
124,-53.7362,-48.0414,27.4002,233.516,1,51
124,-53.3396,-48.4813,26.752,373.295,1,51
124,-52.7019,-49.1738,26.369,580.176,1,51
124,-52.6749,-49.2028,-18.0255,272.081,1,51
124,-52.5993,-49.2835,-48.5779,992.146,1,51
124,-51.9782,-49.9382,-17.8533,548.209,1,51
124,-51.4989,-50.4324,-17.6939,256.778,1,51
124,-50.1872,-51.7378,-17.5287,282.194,1,51
124,-49.631,-52.2716,-17.46,27.1648,1,51
124,-48.876,-52.9783,-17.2717,135.131,1,51
124,-48.1314,-53.6556,-17.1264,482.453,1,51
124,-47.4105,-54.2936,-17.1112,136.676,1,51
124,-46.7795,-54.8383,-16.8403,127.818,1,51
124,-46.4075,-55.1534,-16.8343,71.4977,1,51
124,-46.0961,-55.4139,34.3374,152.9,1,51
124,-45.9025,-55.5745,-16.752,279.609,1,51
124,-45.0894,-56.2361,-16.5662,358.515,1,51
124,-44.6167,-56.6119,20.4982,181.5,1,51
124,-44.4607,-56.7345,-16.4944,104.61,1,51
124,-43.9576,-57.1252,-103.532,27.0383,1,51
124,-43.8016,-57.2449,-16.3673,55.4699,1,51
124,-43.3318,-57.6013,-16.188,30.0416,1,51
124,-43.3318,-57.6013,-103.956,31.0911,1,51
124,-41.9052,-58.6474,-16.188,21.0987,1,51
124,-41.2629,-59.101,-15.956,157.271,1,51
124,-41.2629,-59.101,-301.808,108.581,1,51
124,-40.4126,-59.6856,-15.7786,350.034,1,51
124,-39.5088,-60.2877,37.2861,1622.76,1,51
124,-39.5334,-60.2716,-15.6305,219.221,1,51
124,-35.515,-62.7235,-286.224,226.503,1,51
124,-35.1994,-62.9012,71.2068,942.246,1,51
124,-35.6137,-62.6675,-75.9705,137.873,1,51
124,-33.9692,-63.574,-56.8586,341.095,1,51
124,-33.1957,-63.9812,-57.316,46.111,1,51
124,-32.8058,-64.1821,-58.1899,263.905,1,51
124,-31.5982,-64.7851,23.6844,368.857,1,51
124,-30.7664,-65.1842,6.60395,822.081,1,51
124,-30.8564,-65.1417,-294.379,357.287,1,51
124,-28.7844,-66.0834,33.7811,433.165,1,51
124,-25.0648,-67.5819,90.3398,7392.1,1,51
124,-26.871,-66.8843,-269.088,840.803,1,51
124,-26.062,-67.2036,-209.296,187.069,1,51
124,-24.093,-67.9344,-209.007,1169.83,1,51
124,-22.89,-68.3491,-208.684,22.0433,1,51
124,-22.1725,-68.5853,-208.625,274.561,1,51
124,-20.6878,-69.0476,-208.515,1445.2,1,51
124,-17.4867,-69.9269,-203.673,381.852,1,51
124,-14.6552,-70.5747,5.33224,763.675,1,51
124,-14.7557,-70.5537,-36.0875,424.108,1,51
124,-13.1197,-70.8761,-35.5479,492.662,1,51
124,-12.3454,-71.0151,-35.4858,780.223,1,51
124,-11.469,-71.1619,-35.3232,453.891,1,51
124,-8.35933,-71.5938,-206.569,298.337,1,51
124,-6.86063,-71.753,-206.361,881.301,1,51
124,-4.25391,-71.9546,-73.5623,311.312,1,51
124,-3.35082,-72.0023,-205.813,404.499,1,51
124,-1.27098,-72.069,-205.581,1200.04,1,51
124,3.31648,-72.0039,74.8913,1639.18,1,51
124,6.96729,-71.7427,11.372,28.0282,1,51
124,7.45404,-71.6937,-41.204,45.0433,1,51
124,8.981,-71.5185,98.4259,702.366,1,51
124,8.10859,-71.6227,-41.3363,263.705,1,51
124,8.72584,-71.5501,49.532,24.2635,1,51
124,10.7219,-71.2783,-30.7093,5320.6,1,51
124,12.7134,-70.9502,-219.468,183.599,1,51
124,19.8318,-69.2983,-128.019,653.155,1,51
124,20.7462,-69.0301,-285.398,276.936,1,51
124,23.8235,-68.0294,-286.617,772.555,1,51
124,27.906,-66.4591,66.4449,236.935,1,51
124,28.7425,-66.1016,10.3588,5604.32,1,51
124,28.5796,-66.1722,4.10126,446,1,51
124,32.0935,-64.5412,86.489,924.188,1,51
124,32.2379,-64.4691,90.3133,336.255,1,51
124,33.3433,-63.9044,2.26801,412.156,1,51
124,34.5913,-63.2376,61.4777,203.608,1,51
124,39.257,-60.452,97.3569,183.523,1,51
124,40.0855,-59.9058,-86.6542,183.424,1,51
124,43.8981,-57.1709,11.7446,739.747,1,51
124,45.4989,-55.9053,-17.036,49.137,1,51
124,45.5929,-55.8287,-203.284,404.706,1,51
124,53.4739,-48.3332,-210.6,62.4683,1,51
124,55.9889,-45.396,97.7282,1152.2,1,51
124,57.3068,-43.7205,49.0787,635.716,1,51
124,58.5684,-42.0155,79.8088,1401.84,1,51
124,60.5956,-39.0349,23.8624,547.148,1,51
124,61.5414,-37.5261,-27.3783,1332.26,1,51
124,63.3021,-34.4733,-193.535,542.748,1,51
124,64.637,-31.9001,-70.0653,3168.45,1,51
124,67.1217,-26.2722,-137.992,420.778,1,51
124,69.4375,-19.339,-305.78,87,1,51
124,70.4108,-15.4234,-33.7309,536.377,1,51
124,71.57,-8.56059,-248.682,233.517,1,51
124,71.6425,-7.93166,42.0186,431.661,1,51
124,71.641,-7.94483,-248.116,26.0816,1,51
124,71.7182,-7.21446,-247.735,258.693,1,51
124,71.7614,-6.77159,-247.966,87.4331,1,51
124,65.9534,29.0809,-237.298,239.306,1,51
124,65.6631,29.7307,63.524,77.4194,1,51
124,65.5046,30.0784,62.883,152.229,1,51
124,65.5372,30.0073,44.6113,134.79,1,51
124,65.3523,30.4078,45.4306,134.721,1,51
124,63.966,33.225,16.1163,362.089,1,51
124,63.6262,33.8713,93.6544,187.299,1,51
124,63.4851,34.1349,-217.514,635.281,1,51
124,61.8031,37.0935,-269.765,2085.25,1,51
124,59.9035,40.0891,38.036,933.297,1,51
124,59.5775,40.5719,-296.811,434.932,1,51
124,59.2639,41.0285,-25.7079,62.3516,1,51
124,59.216,41.0977,-149.909,379.811,1,51
124,59.0909,41.2774,4.53449,332.301,1,51
124,59.0186,41.3806,-26.3666,671.052,1,51
124,58.3737,42.2855,7.27612,348.61,1,51
124,56.4995,44.7589,-302.082,2445.99,1,51
124,51.9125,50.0064,0.777168,1178.63,1,51
124,51.8638,50.057,11.5546,60.3606,1,51
124,51.5164,50.4145,77.2352,1009.28,1,51
124,51.59,50.3391,11.796,30.1664,1,51
124,50.3875,51.5427,2.03621,354.338,1,51
124,49.7605,52.1483,2.50073,253.715,1,51
124,49.8647,52.0487,-10.8274,503.179,1,51
124,49.3451,52.5415,3.17016,84.1448,1,51
124,48.9934,52.8697,2.96231,132.683,1,51
124,48.6399,53.195,3.70342,369.679,1,51
124,47.9133,53.8505,4.11449,269.029,1,51
124,46.7986,54.822,4.99887,1569.5,1,51
124,45.985,55.5062,-209.141,773.024,1,51
124,45.7907,55.6666,5.47868,342.823,1,51
124,45.7689,55.6845,-27.6617,678.807,1,51
124,45.4435,55.9504,-10.9895,430.06,1,51
124,42.0095,58.5726,97.482,945.025,1,51
124,32.6712,64.2507,14.9773,75.6026,1,51
124,31.8498,64.6618,15.4713,73.5327,1,51
124,30.4564,65.3297,16.3073,845.986,1,51
124,29.6,65.7221,17.0218,104.607,1,51
124,29.2325,65.8864,-232.531,96.7691,1,51
124,29.12,65.9362,16.884,30.3586,1,51
124,28.8158,66.0697,17.5707,90.4134,1,51
124,27.7028,66.5441,18.0513,1035.39,1,51
124,26.2926,67.1137,18.8745,170.601,1,51
124,25.5076,67.416,19.4221,211.761,1,51
124,25.1141,67.5636,19.2329,57.4821,1,51
124,22.5919,68.4483,-228.612,92.319,1,51
124,-3.40558,71.9997,25.5469,430.461,1,51
124,-4.42951,71.944,-32.1362,310.769,1,51
124,-16.416,70.186,-162.914,1261.56,1,51
124,-21.2058,68.8903,54.6905,141.165,1,51
124,-26.3095,67.1071,15.5091,462.13,1,51
124,-28.6057,66.1609,-10.4598,286.922,1,51
124,-32.2334,64.4714,62.4845,9685.13,1,51
124,-34.9388,63.0463,-124.307,225.37,1,51
124,-35.9278,62.488,-9.37635,555.53,1,51
124,-42.4255,58.272,74.7523,328.024,1,51
124,-43.039,57.8204,74.3317,193.996,1,51
124,-45.9008,55.5759,-50.4157,185.834,1,51
124,-46.4982,55.077,24.7211,443.048,1,51
124,-46.9014,54.734,-50.5455,856.344,1,51
124,-47.9717,53.7985,-50.6031,223.708,1,51
124,-48.4363,53.3806,22.9382,75.5177,1,51
124,-48.4789,53.3418,-50.532,27.0139,1,51
124,-48.6976,53.1423,-219.708,87.2896,1,51
124,-48.9137,52.9434,-50.6547,85.8722,1,51
124,-49.0579,52.8099,-220.132,25.2389,1,51
124,-49.6179,52.2841,-50.7563,1713.85,1,51
124,-49.3205,52.5647,-220.904,213.356,1,51
124,-60.7794,38.7482,-189.762,518.034,1,51
124,-62.5827,35.7626,21.7581,374.295,1,51
124,-63.509,34.0906,-54.7248,428.577,1,51
124,-63.4768,34.1505,-29.756,71.319,1,51
124,-63.9651,33.2268,-245.207,3925.08,1,51
124,-64.7413,31.6879,63.273,474.557,1,51
124,-68.3494,22.8893,-51.8899,321.166,1,51
124,-68.6944,21.8319,30.1145,6010.7,1,51
124,-68.6274,22.0415,-187.931,577.015,1,51
124,-68.8141,21.4516,-51.9397,417.737,1,51
124,-69.8657,17.7297,-51.9915,1448.91,1,51
124,-69.9263,17.4891,61.1632,596.172,1,51
124,-70.0981,16.7872,-221.955,81.5898,1,51
124,-70.5986,14.5396,-96.0484,547.977,1,51
124,-70.7427,13.8213,-72.8498,404.344,1,51
124,-70.925,12.8527,-72.7255,109.678,1,51
124,-71.1627,11.4644,20.4246,954.365,1,51
124,-71.1895,11.2963,99.2753,716.571,1,51
124,-71.8929,5.19318,87.9411,508.647,1,51
124,-71.197,-16.9082,99.0386,73.7575,0,52
124,-70.5219,-19.5336,28.7153,189.219,0,52
124,-70.4998,-19.6135,-25.364,27.1787,0,52
124,-70.1191,-20.9334,-26.3946,562.635,0,52
124,-70.3509,-20.1408,-21.2713,107.485,0,52
124,-70.1694,-20.7643,-20.6691,175.303,0,52
124,-69.7912,-22.0022,-26.855,453.837,0,52
124,-69.4311,-23.1134,-68.8601,241.481,0,52
124,-69.3893,-23.2384,-16.4417,1643,0,52
124,-66.2788,-31.0164,57.4668,124.449,0,52
124,-65.9227,-31.7664,157.483,137.756,0,52
124,-65.6601,-32.3057,-38.8301,899.614,0,52
124,-64.2998,-34.9347,-63.0033,443,0,52
124,-64.1529,-35.2039,39.6548,516.452,0,52
124,-62.6531,-37.8087,115.414,406.843,0,52
124,-58.1938,-44.3664,-88.9945,252.485,0,52
124,-58.0515,-44.5525,-37.548,866.348,0,52
124,-56.63,-46.346,-50.804,27.2774,0,52
124,-56.3764,-46.6541,-50.673,74.1263,0,52
124,-55.9118,-47.2099,-51.1941,283.457,0,52
124,-55.591,-47.5872,274.427,445.578,0,52
124,-54.5079,-48.8241,-80.7909,677.086,0,52
124,-51.2884,-52.1958,-62.7455,1028.63,0,52
124,-46.2632,-56.6976,-2.96549,268.898,0,52
124,-46.136,-56.8012,247.303,873.969,0,52
124,-45.7985,-57.0736,-3.51483,49.1435,0,52
124,-43.533,-58.8199,-92.5575,7118.37,0,52
124,-32.484,-65.5721,-78.9858,10292.4,0,52
124,-32.6336,-65.4977,-74.6453,196,0,52
124,-30.2409,-66.6363,-84.1882,709.193,0,52
124,-25.9136,-68.4353,48.8761,793.02,0,52
124,-21.1764,-70.0462,-78.3943,365.69,0,52
124,-17.182,-71.1314,-89.4602,1653.87,0,52
124,-14.5498,-71.7161,-88.6754,227.591,0,52
124,-14.5297,-71.7202,3.1538,791.236,0,52
124,-7.00268,-72.8414,194.068,554.069,0,52
124,-5.92321,-72.9371,169.763,9017.17,0,52
124,-6.07955,-72.9242,173.068,21.0811,0,52
124,-4.24845,-73.0538,153.506,3304.01,0,52
124,-0.809971,-73.1727,104.026,1360.95,0,52
124,0.80272,-73.1728,138.464,1135.54,0,52
124,0.72996,-73.1736,-57.2507,210.187,0,52
124,1.69929,-73.1575,-13.2289,200.299,0,52
124,3.7636,-73.0804,168.898,409.714,0,52
124,4.57012,-73.0344,36.9875,497.12,0,52
124,8.26778,-72.7086,176.7,7029.89,0,52
124,8.71063,-72.6569,120.284,2209.18,0,52
124,10.3502,-72.4415,176.281,16104.8,0,52
124,9.79077,-72.5193,-7.34867,2080.05,0,52
124,9.97156,-72.4946,235.952,415.725,0,52
124,10.5917,-72.4066,-43.7202,731.837,0,52
124,16.1811,-71.3658,116.435,277.635,0,52
124,16.5319,-71.2853,171.597,229.86,0,52
124,22.1771,-69.7358,-12.4579,196.351,0,52
124,23.048,-69.4528,35.4733,440.255,0,52
124,23.1661,-69.4135,-12.7495,176.954,0,52
124,24.0223,-69.1219,29.7348,353.391,0,52
124,29.9278,-66.7774,123.884,23.0277,0,52
124,34.6298,-64.4645,-59.532,3002.78,0,52
124,35.8823,-63.7759,183.46,371.856,0,52
124,37.4486,-62.869,184.516,101.376,0,52
124,37.9459,-62.5701,185.141,391.668,0,52
124,40.9993,-60.6132,183.429,337.105,0,52
124,42.8521,-59.3178,180.184,150.116,0,52
124,45.98,-56.9275,-88.8778,477.57,0,52
124,46.501,-56.5027,126.437,163.353,0,52
124,52.2356,-51.2479,272.284,37.4454,0,52
124,52.4601,-51.018,271.436,67.3606,0,52
124,53.8678,-49.5294,-93.726,1980.91,0,52
124,55.1608,-48.0853,286.887,11200.8,0,52
124,55.118,-48.1343,110.068,183.454,0,52
124,55.2695,-47.9603,2.60778,330.645,0,52
124,55.6055,-47.5703,109.892,21.1526,0,52
124,56.1922,-46.8757,288.102,3146.51,0,52
124,56.8658,-46.0563,288.833,3755.99,0,52
124,57.2567,-45.5695,289.358,2791.65,0,52
124,57.2567,-45.5695,294.696,351,0,52
124,57.9879,-44.6353,-79.7686,900.393,0,52
124,59.1899,-43.0286,-71.1952,116.74,0,52
124,59.2591,-42.9332,48.7424,822.287,0,52
124,59.519,-42.5722,-70.8414,166.792,0,52
124,60.593,-41.0291,235.722,515.029,0,52
124,60.6778,-40.9036,114.386,134.879,0,52
124,61.3323,-39.9155,-47.3936,3513.01,0,52
124,61.3389,-39.9053,-38.932,944,0,52
124,63.7383,-35.9491,-100.523,728.487,0,52
124,64.1484,-35.2119,86.1685,555.784,0,52
124,67.1485,-29.0857,212.714,210.181,0,52
124,67.9235,-27.2268,74.8294,301.831,0,52
124,68.0014,-27.0317,48.5358,94.9747,0,52
124,69.1875,-23.8326,-55.7854,152.622,0,52
124,69.3787,-23.2703,-56.2183,339.518,0,52
124,69.4152,-23.161,117.682,207.116,0,52
124,69.5151,-22.8596,-15.612,24.1681,0,52
124,69.7275,-22.2032,-56.7343,272.643,0,52
124,71.3531,-16.2367,-66.7176,643.232,0,52
124,72.8989,-6.37637,-58.8428,517.349,0,52
124,73.0841,-3.69028,-44.6473,58.4406,0,52
124,73.1077,-3.18926,-69.8605,1105.02,0,52
124,73.1261,-2.73556,29.1067,429.501,0,52
124,73.1437,-2.21408,-32.9921,393.857,0,52
124,73.1635,1.41596,-105.37,222.136,0,52
124,73.1484,2.05211,223.467,8621.68,0,52
124,73.1407,2.31228,-104.079,1148.8,0,52
124,73.1447,2.1799,233.583,3183,0,52
124,73.1292,2.64999,18.9097,747.776,0,52
124,71.6468,14.8873,96.9254,1656.96,0,52
124,71.4797,15.6704,112.132,434.525,0,52
124,71.4559,15.7781,284.2,488.794,0,52
124,69.6647,22.3995,-45.9351,220.659,0,52
124,68.3896,26.034,243.211,586.747,0,52
124,67.2084,28.947,-83.6869,155.718,0,52
124,67.2202,28.9196,-29.18,54.1664,0,52
124,65.038,33.5404,113.706,785.143,0,52
124,63.04,37.16,-6.60665,734.364,0,52
124,62.0739,38.7521,16.4881,4767.23,0,52
124,62.0895,38.7272,24.2107,941,0,52
124,60.2326,41.5564,-76.0395,555.702,0,52
124,59.4984,42.601,0.739179,2072.56,0,52
124,54.9658,48.308,254.645,916.13,0,52
124,50.9173,52.5579,65.0848,450.005,0,52
124,48.4737,54.8197,-57.164,27.0555,0,52
124,44.666,57.9642,27.3431,813.856,0,52
124,43.3104,58.984,-5.83104,637.857,0,52
124,39.4019,61.6635,283.915,207.845,0,52
124,35.1049,64.2071,43.7457,395.438,0,52
124,35.1099,64.2044,10.971,291.23,0,52
124,32.4617,65.5831,92.7583,185.702,0,52
124,31.8761,65.8697,-4.08861,802.491,0,52
124,32.0357,65.7922,93.4377,203.898,0,52
124,24.5341,68.9419,74.114,544.408,0,52
124,22.3121,69.6927,61.7719,3822.99,0,52
124,20.9581,70.1118,-61.6015,545.094,0,52
124,20.116,70.358,128.021,94.5426,0,52
124,19.6134,70.4998,-24.066,116.435,0,52
124,18.3876,70.8294,-49.7505,343.455,0,52
124,18.0708,70.9108,-12.099,109.395,0,52
124,17.4813,71.0585,-12.1713,720.622,0,52
124,16.4848,71.2962,276.923,1089.97,0,52
124,15.2296,71.5749,-73.8863,237.896,0,52
124,7.22244,72.8199,-85.2066,244.873,0,52
124,6.87465,72.8536,119.644,34.0832,0,52
124,6.32118,72.9037,120.213,146.268,0,52
124,4.43535,73.0427,35.6977,747.011,0,52
124,1.46686,73.1625,174.401,946.997,0,52
124,-0.294495,73.1766,-27.862,327.054,0,52
124,-2.73504,73.1261,-42.0843,1096.53,0,52
124,-3.34581,73.1007,-20.2512,1399.46,0,52
124,-4.83612,73.0172,-43.8718,389.776,0,52
124,-6.27842,72.9074,-3.473,86.4929,0,52
124,-6.98602,72.843,-4.55053,417.767,0,52
124,-13.3944,71.9409,-14.5431,56.4496,0,52
124,-24.3307,69.0139,-73.5486,1078.53,0,52
124,-23.8871,69.1687,166.184,269.04,0,52
124,-25.0793,68.7454,-85.9781,1501.79,0,52
124,-26.0625,68.3787,-44.3888,317.393,0,52
124,-25.87,68.4518,61.98,23.0416,0,52
124,-26.6295,68.1599,62.5069,308.477,0,52
124,-26.9866,68.0193,63.4075,98.1604,0,52
124,-27.3572,67.8711,62.828,26.0139,0,52
124,-27.9855,67.6145,24.5583,305.313,0,52
124,-28.0357,67.5937,-55.7092,371.109,0,52
124,-28.5622,67.3729,-55.7169,228.696,0,52
124,-29.5922,66.9268,-56.3297,211.092,0,52
124,-30.771,66.3931,-0.911288,375.01,0,52
124,-31.7795,65.9164,198.354,107.77,0,52
124,-34.721,64.4155,32.8512,105.786,0,52
124,-37.6036,62.7764,-45.0708,163.291,0,52
124,-40.885,60.6903,161.535,447.191,0,52
124,-42.1312,59.832,161.449,547.817,0,52
124,-42.8888,59.2912,-21.9758,193.189,0,52
124,-48.6085,54.7002,275.012,1132.76,0,52
124,-53.0189,50.4371,298.915,226.726,0,52
124,-54.2763,49.0815,3.79159,1949.91,0,52
124,-54.4525,48.8859,67.5965,921.426,0,52
124,-55.2571,47.9745,103.318,218.241,0,52
124,-55.6685,47.4966,103.745,415.63,0,52
124,-57.3553,45.4453,-99.7073,678.797,0,52
124,-57.6722,45.0425,-84.8025,113.486,0,52
124,-58.3441,44.1686,5.66526,465.911,0,52
124,-58.676,43.7268,36.7501,190.436,0,52
124,-58.9543,43.3508,6.012,31.208,0,52
124,-60.5123,41.1481,-27.2293,1471.94,0,52
124,-66.7344,30.0237,-99.8819,447.373,0,52
124,-68.1726,26.5971,24.9933,1009.69,0,52
124,-68.8406,24.8168,17.8152,513.582,0,52
124,-69.841,21.8435,239.725,957.424,0,52
124,-70.0551,21.1467,35.4529,147.334,0,52
124,-70.195,20.6776,36.0099,371.539,0,52
124,-70.5323,19.496,-57.8817,69.3573,0,52
124,-71.7081,14.5896,-78.3794,740.819,0,52
124,-72.7671,7.73675,-23.159,155.484,0,52
124,-72.8134,7.28742,16.3118,277.31,0,52
124,-72.8239,7.18248,-105.345,277.441,0,52
124,-72.8494,6.91863,-23.2941,177.798,0,52
124,-73.1621,1.4848,-56.3671,596.868,0,52
124,-70.5312,-19.5,68.412,172.393,1,52
124,-70.2902,-20.3518,-52.9662,286.663,1,52
124,-70.0784,-21.0695,-54.0577,626.903,1,52
124,-67.2807,-28.7787,-28.9036,164.845,1,52
124,-59.8099,-42.1625,23.6976,627.374,1,52
124,-59.818,-42.151,-35.3776,1370.52,1,52
124,-59.4374,-42.6861,26.8408,459.399,1,52
124,-58.8902,-43.4379,-25.0652,323.702,1,52
124,-57.7352,-44.9616,102.599,271.011,1,52
124,-56.7317,-46.2214,28.7187,981.523,1,52
124,-55.8148,-47.3246,28.7637,653.189,1,52
124,-55.0176,-48.249,27.9813,1192.22,1,52
124,-53.8844,-49.5113,-47.14,26.0294,1,52
124,-53.6136,-49.8045,-47.946,145.932,1,52
124,-47.7243,-55.4734,-181.629,558.856,1,52
124,-45.2565,-57.5043,20.9022,100.819,1,52
124,-44.5214,-58.0753,49.3909,258.662,1,52
124,-44.6266,-57.9946,-102.684,36.1526,1,52
124,-42.3804,-59.6557,-302.158,88.7471,1,52
124,-41.8909,-60.0004,-301.964,33.0433,1,52
124,-40.4232,-60.9989,38.1721,675.233,1,52
124,-36.976,-63.1481,71.7511,358.013,1,52
124,-36.886,-63.2007,-285.351,142.871,1,52
124,-36.675,-63.3234,-53.7948,85.3867,1,52
124,-19.6134,-70.4998,92.0975,574.305,1,52
124,-19.6134,-70.4998,-208.26,34.1232,1,52
124,-16.6476,-71.2584,-207.836,1994.15,1,52
124,-17.8192,-70.9745,-203.656,414.534,1,52
124,-15.4979,-71.5173,-34.7914,3327.7,1,52
124,-15.2288,-71.5751,6.24979,526.921,1,52
124,-14.9164,-71.6408,-207.586,398.184,1,52
124,-14.1671,-71.7927,-35.6228,281.314,1,52
124,-13.912,-71.8426,-207.45,390.403,1,52
124,-13.2866,-71.9609,-207.252,153.804,1,52
124,-11.934,-72.1975,-207.085,663.924,1,52
124,-10.323,-72.4454,-206.87,894.74,1,52
124,-4.50324,-73.0385,-72.1424,788.926,1,52
124,4.21955,-73.0554,76.2474,665.987,1,52
124,5.08213,-73.0005,77.5282,385.309,1,52
124,6.54124,-72.8843,97.9304,313.167,1,52
124,7.54508,-72.7872,98.0807,195.49,1,52
124,8.43807,-72.6891,49.8351,227.002,1,52
124,8.26408,-72.7091,11.796,23.0012,1,52
124,8.77169,-72.6496,-41.204,66.2652,1,52
124,8.85864,-72.639,11.372,22.1008,1,52
124,9.42372,-72.5679,11.5884,325.691,1,52
124,10.7023,-72.3904,-30.5445,3330.6,1,52
124,10.6386,-72.3997,-38.8607,843,1,52
124,10.6386,-72.3997,-45.868,22,1,52
124,12.6946,-72.0677,-219.084,125.001,1,52
124,13.1607,-71.984,-98.5483,674.341,1,52
124,13.7404,-71.8756,-295.05,1334.25,1,52
124,20.1679,-70.3432,-127.381,186.711,1,52
124,21.7897,-69.8578,-284.918,143.595,1,52
124,23.4157,-69.3297,-257.61,913.802,1,52
124,24.2868,-69.0294,-286.42,346.13,1,52
124,28.1503,-67.546,67.1404,768.093,1,52
124,29.8153,-66.8278,11.2978,2326.19,1,52
124,32.2002,-65.7119,91.2261,488.196,1,52
124,33.4514,-65.0839,3.77106,1153.41,1,52
124,33.533,-65.0418,87.2672,431.088,1,52
124,34.5504,-64.5072,87.7461,877.724,1,52
124,34.9649,-64.2834,-3.78215,726.412,1,52
124,35.634,-63.915,61.828,49.3033,1,52
124,39.7379,-61.4475,98.292,30.0571,1,52
124,41.1359,-60.5206,-85.4777,129.643,1,52
124,44.6794,-57.9539,13.0067,1442.51,1,52
124,46.1556,-56.7853,-203.075,4841.01,1,52
124,46.6249,-56.4006,-16.8012,115.556,1,52
124,48.3968,-54.8876,-108.434,164.051,1,52
124,53.9213,-49.4712,-210.122,424.327,1,52
124,58.3515,-44.1588,65.3247,477.229,1,52
124,58.6039,-43.8233,49.9222,1440.83,1,52
124,59.1255,-43.117,80.693,584.906,1,52
124,61.405,-39.8036,24.9889,682.437,1,52
124,62.5605,-37.9616,-26.9547,598.817,1,52
124,65.2952,-33.0369,-70.4015,2980.54,1,52
124,67.9875,-27.0665,32.572,122.553,1,52
124,68.3366,-26.1726,-137.786,1007.67,1,52
124,69.1411,-23.9668,34.6575,1040.45,1,52
124,69.5846,-22.6471,35.6165,1177.03,1,52
124,69.8798,-21.7191,36.9527,63.3174,1,52
124,71.4061,-16.0024,-33.5985,989.102,1,52
124,72.7683,-7.72504,43.4212,2624.65,1,52
124,72.944,-5.83687,-247.131,1058.24,1,52
124,72.434,10.4029,-59.1777,391.033,1,52
124,72.0154,12.988,-164.111,374.712,1,52
124,66.7357,30.0208,-237.092,47.2635,1,52
124,66.1922,31.201,46.2345,243.961,1,52
124,65.9429,31.7243,46.8176,149.299,1,52
124,65.6245,32.3779,-299.237,1209.16,1,52
124,64.7133,34.1626,94.0781,383.459,1,52
124,64.6866,34.2132,-216.219,375.338,1,52
124,64.3936,34.7616,17.7101,467.144,1,52
124,63.9637,35.5465,67.7797,236.919,1,52
124,63.1142,37.0338,-268.707,2409.02,1,52
124,60.718,40.844,39.2623,103.308,1,52
124,60.7891,40.738,-23.1935,104.746,1,52
124,60.4916,41.1785,-24.0298,1193.58,1,52
124,60.5966,41.0238,-295.782,192.006,1,52
124,60.566,41.069,-153.101,120,1,52
124,60.074,41.7854,5.44569,359.95,1,52
124,59.8558,42.0973,76.5275,172.998,1,52
124,59.0449,43.2274,7.35823,510.193,1,52
124,57.3567,45.4436,-301.612,1260.93,1,52
124,52.6765,50.7946,78.578,429.982,1,52
124,52.6927,50.7777,12.3005,417.964,1,52
124,50.7935,52.6775,-10.051,353.05,1,52
124,48.5009,54.7957,-210.142,115.662,1,52
124,48.174,55.0833,-210.38,36.195,1,52
124,47.7663,55.4372,-209.956,92.4055,1,52
124,46.7595,56.289,-27.4045,291.574,1,52
124,45.8615,57.023,-10.5812,360.133,1,52
124,45.1215,57.6104,6.89005,281.905,1,52
124,42.0205,59.9098,97.0191,1127.01,1,52
124,40.5365,60.9236,9.90666,303.793,1,52
124,39.8528,61.3731,10.4324,151.071,1,52
124,38.5339,62.2097,11.4324,1502.23,1,52
124,35.9062,63.7625,13.1422,1504.63,1,52
124,35.9851,63.7179,27.3826,225.268,1,52
124,34.6352,64.4616,13.9284,576.128,1,52
124,33.9662,64.8167,14.4794,612.059,1,52
124,23.2693,69.379,-228.352,358.839,1,52
124,14.7203,71.6813,63.2936,300.027,1,52
124,5.33693,72.9823,-90.6276,177.146,1,52
124,-3.60099,73.0885,25.5287,866.313,1,52
124,-4.96912,73.0083,-32.0721,199.328,1,52
124,-6.56766,72.8819,15.3799,592.288,1,52
124,-14.374,71.7516,25.1938,53.5221,1,52
124,-16.2688,71.3458,-161.746,580.18,1,52
124,-19.6135,70.4998,-261.991,519.94,1,52
124,-24.3706,68.9998,15.612,31.0278,1,52
124,-25.0355,68.7614,40.0083,495.895,1,52
124,-25.4816,68.5973,15.482,429.969,1,52
124,-28.8312,67.2582,-10.0116,56.4699,1,52
124,-31.6282,65.9891,61.0194,11390.2,1,52
124,-31.5576,66.0229,51.1361,1264,1,52
124,-35.2783,64.1119,-124.375,133.498,1,52
124,-36.7856,63.2592,-8.57157,383.972,1,52
124,-41.308,60.4032,-25.9767,626.891,1,52
124,-41.8262,60.0456,76.6754,653.966,1,52
124,-42.742,59.3972,75.6053,206.845,1,52
124,-44.5995,58.0154,68.4895,480.172,1,52
124,-48.7715,54.5549,-218.43,243.777,1,52
124,-49.2553,54.1185,-219.108,103.888,1,52
124,-50.5832,52.8796,21.7656,930.114,1,52
124,-52.2356,51.2479,-50.956,32.2896,1,52
124,-52.7456,50.7228,-50.8919,304.165,1,52
124,-53.3412,50.0961,-50.956,28.0555,1,52
124,-54.8942,48.3893,-51.0427,2758.24,1,52
124,-56.7171,46.2393,-51.1879,728.069,1,52
124,-57.1984,45.6425,-51.1615,236.692,1,52
124,-59.6037,42.4535,-51.39,323.33,1,52
124,-61.2486,40.0439,-51.4699,1965.69,1,52
124,-61.6488,39.4249,-188.965,550.955,1,52
124,-62.9855,37.2522,-51.562,261.067,1,52
124,-63.3211,36.6788,22.8428,413.227,1,52
124,-63.3344,36.6559,-51.5994,319.136,1,52
124,-63.9211,35.623,-51.6661,747.626,1,52
124,-65.0011,33.6118,-51.6779,1596.86,1,52
124,-64.6379,34.3051,-246.47,3244.81,1,52
124,-64.5757,34.4221,-29.5356,343.01,1,52
124,-64.6662,34.2518,-53.2994,379.424,1,52
124,-65.9288,31.7536,64.0607,441.985,1,52
124,-66.2268,31.1274,-51.7646,333.415,1,52
124,-66.7882,29.9038,-51.804,151.416,1,52
124,-67.465,28.3438,-51.8167,778.132,1,52
124,-67.6398,27.9241,-29.1353,604.86,1,52
124,-67.6452,27.9111,-299.896,809.574,1,52
124,-68.0193,26.9865,-51.804,48.1387,1,52
124,-68.5356,25.6472,-51.8567,737.492,1,52
124,-69.1093,24.0585,-51.804,73.0555,1,52
124,-69.5398,22.7843,-187.457,413.865,1,52
124,-69.9377,21.5318,29.9751,3792.66,1,52
124,-71.1353,17.1659,62.297,196.955,1,52
124,-71.1037,17.2962,-221.615,151.367,1,52
124,-71.3403,16.2932,34.953,588.131,1,52
124,-71.6052,15.0864,-73.2032,1173.84,1,52
124,-72.2399,11.6744,100.767,1871.94,1,52
124,-72.6762,8.5479,-90.5196,483.775,1,52
124,-72.7388,7.99826,-90.1333,453.164,1,52
124,-72.9559,5.6871,89.3399,997.342,1,52
124,-74.2063,-3.1515,2.27759,2620.74,0,53
124,-74.166,-3.98861,-69.3673,616.84,0,53
124,-73.3793,-11.4887,-62.688,2102.82,0,53
124,-73.2971,-12.002,259.975,671.308,0,53
124,-73.0083,-13.6491,203.037,81.4594,0,53
124,-72.9385,-14.0172,162.405,1045.71,0,53
124,-72.6352,-15.5125,-23.244,61.4577,0,53
124,-71.5556,-19.9072,-21.972,23.0971,0,53
124,-71.4504,-20.2819,28.5585,141.012,0,53
124,-70.7801,-22.5098,-69.9444,1207.47,0,53
124,-67.1854,-31.6643,157.293,239.974,0,53
124,-66.7482,-32.5758,-39.903,254.833,0,53
124,-66.1875,-33.7006,-5.74299,213.498,0,53
124,-65.0878,-35.7782,-69.4341,204.818,0,53
124,-64.0819,-37.5503,39.895,774.485,0,53
124,-63.3954,-38.6979,115.017,441.028,0,53
124,-58.8619,-45.2966,-90.2115,508.984,0,53
124,-58.8596,-45.2996,-38.9437,1507.3,0,53
124,-57.6414,-46.8399,273.882,216.12,0,53
124,-57.2207,-47.3529,273.98,28.0693,0,53
124,-56.1741,-48.5899,-45.4518,459,0,53
124,-55.8734,-48.9354,-76.5756,119.303,0,53
124,-55.4225,-49.4455,-81.9011,838.348,0,53
124,-52.0154,-53.018,-63.6867,184.959,0,53
124,-46.499,-57.9168,-93.5707,5584.83,0,53
124,-46.4085,-57.9893,247.268,85.4128,0,53
124,-46.062,-58.2649,-4.71514,964.099,0,53
124,-33.5067,-66.2858,-79.5071,8932.35,0,53
124,-33.4845,-66.297,-74.3551,310,0,53
124,-30.4448,-67.7467,-84.724,78.4389,0,53
124,-26.1747,-69.5082,-5.48761,188.781,0,53
124,-25.7164,-69.6791,47.2948,520.609,0,53
124,-21.6147,-71.0585,-79.3561,571.717,0,53
124,-17.8164,-72.1047,-89.9272,1055.48,0,53
124,-15.3642,-72.6667,3.03559,543.934,0,53
124,-14.8659,-72.7703,-89.3006,430.756,0,53
124,-7.48598,-73.895,193.251,225.327,0,53
124,-6.66203,-73.9738,171.845,2607.16,0,53
124,-4.60823,-74.1301,152.279,457.213,0,53
124,-0.708898,-74.2698,137.794,244.907,0,53
124,-0.0345546,-74.2732,102.351,290.126,0,53
124,0.0643574,-74.2732,138.019,145.108,0,53
124,1.24701,-74.2627,-58.0516,529.685,0,53
124,2.03605,-74.2453,-13.492,56.2203,0,53
124,4.11713,-74.159,167.238,591.09,0,53
124,4.75664,-74.1207,35.9893,70.2913,0,53
124,8.58903,-73.7749,120.229,213.555,0,53
124,9.08472,-73.7155,235.545,660.284,0,53
124,10.5834,-73.5153,-8.03284,1893.78,0,53
124,11.1911,-73.4252,-43.7771,271.609,0,53
124,13.974,-72.9468,175.503,29357.2,0,53
124,12.9971,-73.1272,181.843,452,0,53
124,14.1919,-72.9047,183.903,924,0,53
124,14.7879,-72.7862,182.719,822,0,53
124,17.0809,-72.2824,115.911,147.216,0,53
124,17.2399,-72.2447,170.029,859.733,0,53
124,24.4513,-70.133,-13.3895,820.054,0,53
124,23.8487,-70.3402,34.7318,79.4005,0,53
124,24.4439,-70.1356,29.596,624.379,0,53
124,25.6924,-69.6879,-14.2399,261.544,0,53
124,25.3368,-69.818,51.3885,178.14,0,53
124,28.3364,-68.6553,191.948,756.101,0,53
124,30.4368,-67.7503,123.921,496.849,0,53
124,33.6424,-66.2171,180.872,596.754,0,53
124,34.0691,-65.9985,-61.1817,3396.13,0,53
124,35.0541,-65.4807,182.065,391.894,0,53
124,35.8133,-65.0685,182.82,22.088,0,53
124,41.2411,-61.7712,182.195,2287.34,0,53
124,43.0914,-60.4949,178.809,637.483,0,53
124,46.7555,-57.7099,-89.8773,442.621,0,53
124,47.435,-57.1527,125.807,151.127,0,53
124,53.7095,-51.3011,270.983,300.762,0,53
124,54.6624,-50.2845,269.865,1242.06,0,53
124,54.508,-50.4518,-93.4584,3058.59,0,53
124,56.0515,-48.7312,1.98385,516.939,0,53
124,56.626,-48.0625,109.621,313.244,0,53
124,57.0914,-47.5087,112.436,1.97497,0,53
124,58.1142,-46.252,289.461,215.482,0,53
124,58.9865,-45.1343,-81.083,245.72,0,53
124,58.9865,-45.1343,290.267,951.765,0,53
124,60.5122,-43.0672,292.167,39113,0,53
124,59.3538,-44.6502,297.846,623,0,53
124,59.7999,-44.0509,-71.7439,77.6747,0,53
124,59.7523,-44.1154,299.1,2063,0,53
124,59.9496,-43.8469,47.2463,452.836,0,53
124,60.0949,-43.6476,299.208,985,0,53
124,61.3487,-41.867,234.731,338.848,0,53
124,61.6247,-41.4597,114.01,104.706,0,53
124,62.1451,-40.6755,-47.6439,1230.97,0,53
124,64.6311,-36.5968,85.1882,201.079,0,53
124,64.6376,-36.5853,-101.631,199.677,0,53
124,64.932,-36.0604,85.5282,214.559,0,53
124,68.0604,-29.7369,212.076,60.2635,0,53
124,69.0609,-27.3331,73.852,75.3333,0,53
124,69.1528,-27.0997,47.9336,165.223,0,53
124,69.7688,-25.472,305.534,10220.5,0,53
124,69.6992,-25.662,-54.5942,359.679,0,53
124,70.0162,-24.7838,-55.1544,571.567,0,53
124,70.4448,-23.5381,117.166,328.916,0,53
124,70.6383,-22.9509,-16.9273,337.226,0,53
124,72.5768,-15.7833,-68.4899,344.428,0,53
124,74.1723,-3.87001,-44.6488,256.824,0,53
124,74.2093,-3.08006,-33.5638,383.513,0,53
124,74.2096,-3.07375,-70.8252,506.452,0,53
124,74.2424,-2.13911,29.1385,210.462,0,53
124,74.2592,1.44051,222.741,10728.2,0,53
124,74.2648,1.11399,-105.5,21,0,53
124,74.2594,1.43315,230.687,1547,0,53
124,74.243,2.11656,18.8585,3307.27,0,53
124,74.2113,3.03071,-105.294,305.247,0,53
124,74.0938,5.1594,188.096,225.743,0,53
124,72.6841,15.2819,96.9808,1240.29,0,53
124,72.6073,15.6423,111.865,625.302,0,53
124,72.5752,15.7907,283.325,524.942,0,53
124,70.6566,22.8944,-45.9283,237.709,0,53
124,69.6128,25.8953,242.994,693.289,0,53
124,68.7665,28.0656,190.688,180.315,0,53
124,68.6569,28.3327,-29.6769,301.311,0,53
124,65.8327,34.3884,112.602,807.613,0,53
124,64.674,36.521,-7.80338,85.7426,0,53
124,64.3634,37.0656,-7.39067,338.621,0,53
124,63.2302,38.9673,16.4331,2813.93,0,53
124,61.4466,41.7231,-77.6364,634.915,0,53
124,55.8008,49.0182,122.682,598.398,0,53
124,52.1598,52.8759,62.828,26.0416,0,53
124,51.9709,53.0616,64.0334,503.452,0,53
124,50.9769,54.0173,-59.2183,627.844,0,53
124,45.5471,58.6683,26.1132,230.62,0,53
124,44.363,59.5687,-6.65562,528.701,0,53
124,39.2977,63.0254,283.797,161.286,0,53
124,35.5578,65.2085,10.4965,156.02,0,53
124,34.8514,65.5888,43.6597,809.23,0,53
124,33.3566,66.3615,-5.16572,251.269,0,53
124,30.99,67.4991,140.42,76.359,0,53
124,25.2761,69.84,73.3398,756.799,0,53
124,21.2096,71.1805,-62.617,256.454,0,53
124,20.8632,71.2828,60.4071,364.816,0,53
124,20.3233,71.4386,-24.6957,457.896,0,53
124,20.2972,71.446,127.7,28.137,0,53
124,19.9072,71.5557,127.871,50.4832,0,53
124,16.7509,72.3596,-13.2213,791.2,0,53
124,16.4803,72.4217,276.229,317.2,0,53
124,14.8663,72.7702,-74.7156,65.9339,0,53
124,14.4768,72.8487,-75.4573,470.687,0,53
124,7.89276,73.8526,119.394,717.7,0,53
124,6.5742,73.9817,-85.996,25.2186,0,53
124,5.40797,74.0761,305.78,170.153,0,53
124,4.94193,74.1086,35.5873,832.66,0,53
124,2.13566,74.2425,172.802,384.234,0,53
124,-4.47056,74.1385,-44.4435,1050.64,0,53
124,-4.62472,74.1291,-19.6728,315.489,0,53
124,-5.85739,74.0419,-19.1684,386.083,0,53
124,-7.98659,73.8426,-5.89831,696.323,0,53
124,-23.6023,70.4233,-73.9005,919.507,0,53
124,-23.7784,70.364,166.284,31.2219,0,53
124,-24.1619,70.2333,166.078,45.2791,0,53
124,-25.0197,69.9323,59.6529,51.3712,0,53
124,-25.1989,69.8679,-86.6003,188.24,0,53
124,-25.802,69.6474,60.7302,684.934,0,53
124,-26.7489,69.2893,-45.6784,169.665,0,53
124,-28.5167,68.5807,24.668,45.1648,0,53
124,-31.1735,67.4146,-56.8963,842.352,0,53
124,-31.0459,67.4734,-0.945396,828.266,0,53
124,-31.9249,67.062,-9.92158,264.539,0,53
124,-32.5775,66.7474,-57.588,23.0277,0,53
124,-32.7316,66.672,197.559,504.308,0,53
124,-35.007,65.5058,32.8508,209.056,0,53
124,-35.6358,65.1659,162.126,172.887,0,53
124,-36.5622,64.6507,162.044,85.5858,0,53
124,-37.4145,64.1612,161.92,177.203,0,53
124,-37.9952,63.819,-45.4478,269.946,0,53
124,-38.2851,63.6456,161.84,369.599,0,53
124,-38.9448,63.244,161.881,211.514,0,53
124,-40.3581,62.3517,161.716,1023.54,0,53
124,-40.2716,62.4076,157.85,1521.25,0,53
124,-43.1955,60.4207,-22.9485,242.987,0,53
124,-44.7202,59.301,161.349,3941.13,0,53
124,-46.0475,58.2764,161.191,339.139,0,53
124,-47.2132,57.336,161.134,979.813,0,53
124,-48.2828,56.4383,160.978,89.6641,0,53
124,-48.5899,56.1741,161.011,66.4283,0,53
124,-49.5693,55.3118,273.681,475.801,0,53
124,-51.7891,53.239,287.912,863.053,0,53
124,-53.9256,51.0739,2.83486,499.293,0,53
124,-53.9287,51.0706,298.363,168.203,0,53
124,-55.7651,49.0588,102.769,141.66,0,53
124,-56.1731,48.5911,66.37,597.712,0,53
124,-57.9478,46.4603,-83.0456,1839.97,0,53
124,-57.7789,46.6702,4.54404,201.34,0,53
124,-58.6381,45.586,5.23024,613.493,0,53
124,-58.9865,45.1343,111.814,130.924,0,53
124,-59.3536,44.6504,36.0758,359.432,0,53
124,-61.0512,42.2996,-27.0111,1592.21,0,53
124,-68.0462,29.7694,-63.0638,1151.38,0,53
124,-68.2726,29.2464,-101.554,879.126,0,53
124,-69.466,26.2864,24.8537,1556.16,0,53
124,-70.6261,22.9884,15.2969,595.548,0,53
124,-70.9183,22.0705,14.3016,799.327,0,53
124,-70.8847,22.178,33.6826,877.516,0,53
124,-71.0117,21.7682,238.154,379.161,0,53
124,-71.4883,-20.1479,-52.2009,361.027,1,53
124,-63.3021,-38.8504,-25.6662,1618.01,1,53
124,-61.1473,-42.1606,-35.177,1281.84,1,53
124,-60.52,-43.0562,-110.819,472.388,1,53
124,-59.9796,-43.8058,24.295,933.749,1,53
124,-59.6704,-44.2262,-24.7427,409.954,1,53
124,-58.7573,-45.4323,103.434,2497.18,1,53
124,-58.0576,-46.3231,29.8928,1697.14,1,53
124,-57.3965,-47.1396,29.5183,295.271,1,53
124,-54.9721,-49.9457,-45.6515,1224.09,1,53
124,-48.5899,-56.1741,-180.691,126.845,1,53
124,-46.1581,-58.1888,35.159,462.021,1,53
124,-46.2175,-58.1416,-101.558,166.335,1,53
124,-45.797,-58.4734,-102.061,126.367,1,53
124,-45.6845,-58.5614,21.3281,293.256,1,53
124,-44.3258,-59.5964,49.956,28.0555,1,53
124,-41.2665,-61.7542,38.7154,664.205,1,53
124,-38.8633,-63.2942,72.5019,313.181,1,53
124,-39.0977,-63.1496,-50.6862,155.82,1,53
124,-38.4983,-63.5168,-284.367,518.728,1,53
124,-37.9231,-63.8619,-51.9998,83.6242,1,53
124,-37.9231,-63.8619,-284.778,69.6436,1,53
124,-37.7488,-63.9651,-53.076,22.1984,1,53
124,-33.1224,-66.4787,23.8307,70.4006,1,53
124,-32.0303,-67.0117,8.73556,157.633,1,53
124,-27.0138,-69.1864,57.3554,357.77,1,53
124,-19.712,-71.6097,92.1843,116.087,1,53
124,-17.9036,-72.0831,92.8033,4877.31,1,53
124,-18.1806,-72.0137,-203.576,606.648,1,53
124,-17.0684,-72.2854,-35.8551,222.156,1,53
124,-16.2018,-72.4845,-35.7852,403.67,1,53
124,-15.8324,-72.5661,6.65326,613.64,1,53
124,5.62325,-74.06,97.5558,841.672,1,53
124,5.62854,-74.0596,78.2874,659.354,1,53
124,6.24238,-74.0104,78.8554,274.655,1,53
124,8.18656,-73.8206,49.956,22.0416,1,53
124,9.92837,-73.6066,-41.1582,566.831,1,53
124,10.0043,-73.5963,11.796,93.3451,1,53
124,10.1963,-73.57,-29.9001,1269.96,1,53
124,12.6348,-73.1906,-218.728,307.629,1,53
124,13.6673,-73.0049,-97.6537,222.924,1,53
124,14.386,-72.8667,-294.263,134.567,1,53
124,15.2611,-72.6884,28.2163,1936.69,1,53
124,20.5219,-71.3818,-126.828,776.589,1,53
124,22.2897,-70.8497,-284.436,108.755,1,53
124,22.8168,-70.6817,-283.968,146.954,1,53
124,23.202,-70.5562,-284.156,33.1803,1,53
124,23.5004,-70.4574,-256.596,49.2619,1,53
124,24.7538,-70.0268,-286.214,1409.56,1,53
124,30.7159,-67.6243,11.9678,2526.34,1,53
124,32.1548,-66.952,91.8891,254.223,1,53
124,33.5312,-66.2735,5.29083,175.547,1,53
124,36.2528,-64.8247,-3.76481,832.247,1,53
124,36.8702,-64.4755,63.822,239.993,1,53
124,37.0511,-64.3718,89.0159,427.293,1,53
124,40.2169,-62.4428,99.0069,633.189,1,53
124,42.0022,-61.2562,-84.7998,222.042,1,53
124,45.6026,-58.6252,14.9686,729.346,1,53
124,46.5956,-57.8391,-202.24,390.534,1,53
124,47.4119,-57.1718,-16.4813,737.985,1,53
124,48.6212,-56.147,-107.71,684.286,1,53
124,54.3349,-50.6382,-209.362,405.741,1,53
124,55.9864,-48.806,21.6305,133.652,1,53
124,57.3618,-47.1819,99.3586,484.188,1,53
124,58.9575,-45.1721,66.1875,106.605,1,53
124,59.2318,-44.8119,82.3322,97.4855,1,53
124,59.5789,-44.3493,81.7165,448.935,1,53
124,59.9992,-43.7791,50.8961,695.99,1,53
124,62.2018,-40.5887,26.2235,1139.52,1,53
124,63.5424,-38.456,-26.7614,594.664,1,53
124,65.3594,-35.2798,-196.331,119,1,53
124,65.8469,-34.3612,-70.8251,1492.1,1,53
124,68.4308,-28.8744,33.4399,331.435,1,53
124,68.8338,-27.9001,33.0877,124.668,1,53
124,69.4659,-26.2869,-137.703,812.063,1,53
124,71.1603,-21.2773,37.4986,190.642,1,53
124,71.4121,-20.4163,37.9973,915.734,1,53
124,71.9226,-18.5377,39.78,47.1542,1,53
124,72.1013,-17.8302,40.1341,361.585,1,53
124,72.3456,-16.8114,-33.5912,641.798,1,53
124,73.8801,-7.63123,44.0862,420.373,1,53
124,74.1113,-4.90176,-246.58,186.701,1,53
124,74.1944,-3.42148,-245.855,991.115,1,53
124,73.4841,10.798,-57.52,570.417,1,53
124,73.0672,13.3301,-163.396,910.156,1,53
124,70.5562,23.202,-305.78,21.0139,1,53
124,67.629,30.7054,-236.808,148.129,1,53
124,66.6113,32.855,48.0859,1368.57,1,53
124,66.5527,32.9735,-297.792,798.375,1,53
124,65.829,34.3955,94.4016,416.798,1,53
124,65.8373,34.3796,-215.158,211.708,1,53
124,65.2463,35.4884,68.6017,1465.14,1,53
124,65.2469,35.4874,18.4335,133.032,1,53
124,64.4081,36.988,-267.667,1505.67,1,53
124,62.0267,40.8558,-21.8044,383.815,1,53
124,61.7237,41.3122,-147.627,321.524,1,53
124,61.6802,41.3771,-295.184,157.904,1,53
124,61.0186,42.3467,5.96375,485.681,1,53
124,59.6618,44.2377,7.52008,950.615,1,53
124,58.1871,46.1602,-300.88,4975.54,1,53
124,58.1838,46.1644,-305.118,362,1,53
124,53.7648,51.2431,79.9522,2247.95,1,53
124,53.7859,51.2209,13.201,652.282,1,53
124,51.7922,53.2361,-9.32369,408.709,1,53
124,50.9022,54.0877,-211.478,172.885,1,53
124,50.2362,54.7068,-211.162,510.229,1,53
124,49.5025,55.3716,-210.924,92.0459,1,53
124,47.7348,56.9025,-27.1065,1051.97,1,53
124,46.0083,58.3073,-10.0875,247.877,1,53
124,42.0186,61.2449,96.6146,303.866,1,53
124,36.3321,64.7803,27.4898,549.059,1,53
124,24.1064,70.2523,-227.906,895.813,1,53
124,8.13666,73.8262,86.5396,271.802,1,53
124,6.97761,73.9447,-91.0565,54.319,1,53
124,6.1373,74.0192,-91.0364,308.334,1,53
124,-4.1501,74.1572,25.5699,45.2791,1,53
124,-5.31708,74.0826,-31.9027,431.134,1,53
124,-7.05879,73.937,16.46,62.2236,1,53
124,-16.0857,72.5104,-160.042,444.851,1,53
124,-23.3852,70.4957,15.4935,654.133,1,53
124,-24.1618,70.2333,15.612,40.0278,1,53
124,-24.5415,70.1015,41.5862,271.663,1,53
124,-25.1172,69.8973,41.2672,45.4837,1,53
124,-28.8089,68.4584,-9.39913,1075.06,1,53
124,-30.5162,67.7146,59.0178,15563.4,1,53
124,-29.8206,68.0238,50.4024,929,1,53
124,-35.6626,65.1513,-124.148,227.335,1,53
124,-37.5018,64.1102,-8.132,75.4977,1,53
124,-41.3283,61.7129,78.2113,306.999,1,53
124,-41.8805,61.3395,77.5974,224.451,1,53
124,-41.7468,61.4306,-25.6567,289.463,1,53
124,-45.5307,58.6811,69.6845,45.3751,1,53
124,-48.5917,56.1725,-215.895,171.153,1,53
124,-48.8955,55.9083,-216.74,26.2155,1,53
124,-49.2564,55.5906,-217.455,143.071,1,53
124,-53.018,52.0154,104.923,83.0481,1,53
124,-54.8316,50.1,18.7287,696.201,1,53
124,-55.3716,49.5025,18.5142,185.154,1,53
124,-55.7608,49.0636,17.7345,179.801,1,53
124,-62.5278,40.0847,-188.294,376.695,1,53
124,-63.9452,37.7825,23.9616,265.618,1,53
124,-65.2061,35.5623,-247.91,4863.79,1,53
124,-65.681,34.6774,-29.2418,596.183,1,53
124,-65.7868,34.4761,-52.2331,137.154,1,53
124,-68.57,28.5423,-28.1419,455.147,1,53
124,-68.5601,28.566,-299.032,230.039,1,53
124,-70.4733,23.4527,-187.055,589.213,1,53
124,-71.1244,21.3969,29.8598,2176.03,1,53
124,-75.3018,-3.19028,0.47318,803.68,0,54
124,-75.2729,-3.81189,-68.8448,1540.2,0,54
124,-74.7379,-9.73579,-19.852,25.2064,0,54
124,-74.6268,-10.5541,-20.4657,223.734,0,54
124,-74.431,-11.8564,-21.0816,1391.55,0,54
124,-74.4174,-11.9417,259.562,3106.2,0,54
124,-74.4123,-11.9731,263.753,124,0,54
124,-74.1927,-13.266,-21.7915,450.15,0,54
124,-74.094,-13.8068,161.005,402.933,0,54
124,-73.9197,-14.7113,-22.7321,1252.85,0,54
124,-74.0258,-14.1677,202.091,586.747,0,54
124,-73.9435,-14.5912,225.663,917.931,0,54
124,-73.7,-15.7751,276.59,491.855,0,54
124,-73.605,-16.2126,276.722,249.972,0,54
124,-73.605,-16.2126,277.796,37.1179,0,54
124,-73.5155,-16.6138,277.372,31.148,0,54
124,-72.9325,-19.0103,-23.0471,63.5238,0,54
124,-72.648,-20.0703,96.2224,230.849,0,54
124,-72.475,-20.6863,95.5946,236.843,0,54
124,-72.2879,-21.331,28.2006,383.81,0,54
124,-72.1259,-21.8723,-71.347,810.761,0,54
124,-72.1538,-21.7802,28.06,22,0,54
124,-67.8277,-32.8627,-41.0825,1246.94,0,54
124,-67.66,-33.2064,-5.34657,353.566,0,54
124,-65.9612,-36.4646,-69.6982,329.812,0,54
124,-64.3246,-39.2797,39.932,59.0971,0,54
124,-64.1311,-39.5948,114.612,1328.92,0,54
124,-63.8722,-40.011,40.1379,278.444,0,54
124,-62.9066,-41.5127,40.3525,786.186,0,54
124,-59.5214,-46.2358,-91.2802,264.652,0,54
124,-59.6781,-46.0334,-40.2758,720.28,0,54
124,-59.1645,-46.6916,273.61,705.814,0,54
124,-57.1091,-49.1843,-77.3243,879.764,0,54
124,-56.3292,-50.0757,-83.1725,1720.1,0,54
124,-55.3997,-51.1021,-53.6257,76.4422,0,54
124,-48.7714,-57.4621,-94.305,4904.09,0,54
124,-46.7266,-59.1369,247.192,1238.24,0,54
124,-46.1977,-59.551,-5.82965,246.309,0,54
124,-34.5594,-66.9791,-80.0298,8588.57,0,54
124,-30.6926,-68.8369,-85.2731,216.981,0,54
124,-26.8705,-70.4168,-6.25717,627.971,0,54
124,-25.4519,-70.9419,45.6669,491.136,0,54
124,-22.2734,-72.0031,-81.104,493.953,0,54
124,-18.5183,-73.059,-90.379,1417.54,0,54
124,-16.0899,-73.6319,3.01226,621.673,0,54
124,-15.5431,-73.7493,-90.2676,209.166,0,54
124,-7.9529,-74.9486,192.445,1661.69,0,54
124,-7.30095,-75.0149,173.424,1942.84,0,54
124,-1.07224,-75.3618,137.334,448.862,0,54
124,0.402781,-75.3683,101.72,99.1071,0,54
124,0.61248,-75.3669,100.767,46.3296,0,54
124,1.93449,-75.3446,-59.122,223.401,0,54
124,4.29456,-75.2469,165.792,440.771,0,54
124,8.12056,-74.9307,235.273,651.774,0,54
124,8.51165,-74.8872,119.904,85.4577,0,54
124,11.1078,-74.5464,-8.66613,1549.36,0,54
124,11.8585,-74.4307,-43.7762,277.767,0,54
124,17.6602,-73.2712,174.729,10539.3,0,54
124,18.042,-73.1781,168.466,663.06,0,54
124,21.3026,-72.2962,173.878,15770.9,0,54
124,24.7414,-71.1927,33.7649,1253.51,0,54
124,24.9472,-71.1209,29.1575,382.65,0,54
124,26.1663,-70.6815,51.0329,868.649,0,54
124,26.7328,-70.4692,-14.7731,247.455,0,54
124,27.5777,-70.1428,175.393,327.44,0,54
124,28.3625,-69.8292,175.873,239.631,0,54
124,29.1215,-69.5161,-16.2472,98.3761,0,54
124,29.1272,-69.5137,176.46,22.0606,0,54
124,29.1846,-69.4896,191.052,440.447,0,54
124,29.6463,-69.2939,177.174,121.406,0,54
124,29.695,-69.2731,190.623,63.8392,0,54
124,30.0894,-69.1026,177.442,279.652,0,54
124,30.8366,-68.7724,177.732,132.067,0,54
124,30.9809,-68.7076,123.888,170.065,0,54
124,31.0835,-68.6612,178.674,147.336,0,54
124,31.5728,-68.4376,178.156,21.0614,0,54
124,32.3319,-68.0823,179.33,665.619,0,54
124,32.8734,-67.8225,180.276,27.217,0,54
124,33.6838,-67.4236,-62.6174,4066.85,0,54
124,33.3054,-67.6114,179.852,65.2236,0,54
124,41.6692,-62.8031,181.568,407.553,0,54
124,43.5775,-61.4943,177.834,284.269,0,54
124,47.5113,-58.5083,-90.5664,931.959,0,54
124,48.2204,-57.9253,125.05,1176.75,0,54
124,56.5378,-49.8399,268.597,1248.19,0,54
124,60.1144,-45.4621,-72.7688,642.113,0,54
124,60.5471,-44.8843,45.5829,756.494,0,54
124,62.0487,-42.7843,233.871,505.665,0,54
124,62.6102,-41.9584,113.569,73.3068,0,54
124,62.8602,-41.5829,-47.9334,1408.27,0,54
124,66.9693,-34.5783,299.368,128834,0,54
124,63.2883,-40.9284,301.422,534,0,54
124,63.6211,-40.4092,301.547,847,0,54
124,65.0134,-38.1288,84.296,73.3546,0,54
124,65.0134,-38.1288,302.762,613,0,54
124,65.3691,-37.5157,84.6485,317.435,0,54
124,65.3231,-37.5957,303.054,483,0,54
124,65.4721,-37.3357,-102.639,719.15,0,54
124,65.9295,-36.5218,303.467,332,0,54
124,66.1277,-36.1617,303.52,428,0,54
124,66.5681,-35.3444,303.829,774,0,54
124,67.9119,-32.6883,305.097,103,0,54
124,68.4345,-31.5794,305.427,366,0,54
124,68.6936,-31.0118,305.559,71,0,54
124,68.8865,-30.581,211.636,301.578,0,54
124,68.8617,-30.6367,305.78,55,0,54
124,69.5821,-28.9633,-52.44,263.762,0,54
124,70.0235,-27.8792,-53.2297,711.709,0,54
124,70.2051,-27.4189,72.795,495.027,0,54
124,70.2892,-27.2025,47.2198,423.503,0,54
124,70.4112,-26.885,-54.0834,92.8672,0,54
124,70.5748,-26.4527,-53.772,33.177,0,54
124,71.4675,-23.9363,116.451,3032.33,0,54
124,71.7453,-23.0904,-17.5088,171.541,0,54
124,73.0841,-18.419,37.1984,1209.27,0,54
124,73.7463,-15.5572,-69.6901,388.628,0,54
124,75.2596,-4.06769,-44.7083,285.935,0,54
124,75.2629,-4.00609,-34.1435,113.667,0,54
124,75.3114,-2.95698,-71.545,1536.37,0,54
124,75.3446,-1.93495,29.2195,1027.86,0,54
124,75.3663,0.678061,221.933,8092.9,0,54
124,75.3676,0.513854,233.346,1417,0,54
124,75.3492,1.74395,18.7629,1067.03,0,54
124,75.2836,3.59452,-105.5,197,0,54
124,75.1668,5.52216,187.35,402.35,0,54
124,75.124,6.07705,186.273,295.212,0,54
124,73.786,15.368,111.541,1126.44,0,54
124,73.6915,15.815,97.088,2726.94,0,54
124,71.6581,23.3596,-45.9589,1234.71,0,54
124,70.7659,25.9371,242.798,168.009,0,54
124,70.2628,27.2705,-30.2459,970.782,0,54
124,69.7177,28.6354,189.756,1014.21,0,54
124,66.6995,35.0959,111.73,924.905,0,54
124,65.7512,36.8419,-8.46656,295.775,0,54
124,64.4874,39.0117,16.3981,251.788,0,54
124,64.2564,39.3911,16.4154,1229.49,0,54
124,62.5668,42.0231,-78.8493,674.844,0,54
124,56.3081,50.0994,122.089,162.954,0,54
124,45.39,60.1688,-7.31302,156.909,0,54
124,35.768,66.3415,9.97105,560.895,0,54
124,35.4323,66.5214,-6.35028,511.781,0,54
124,34.6357,66.9396,90.3142,581.567,0,54
124,34.8362,66.8355,-5.68844,77.4879,0,54
124,34.3357,67.094,43.4953,584.557,0,54
124,30.8616,68.7613,139.932,187.617,0,54
124,26.357,70.6106,72.2725,1149.16,0,54
124,21.4678,72.2474,-63.3935,433.271,0,54
124,20.8956,72.4149,-25.588,388.99,0,54
124,20.3702,72.5645,-50.2982,1258.23,0,54
124,20.201,72.6117,127.497,79.5531,0,54
124,18.5715,73.0455,58.823,404.155,0,54
124,16.3766,73.5687,-13.9293,500.161,0,54
124,16.4503,73.5522,275.238,1674.88,0,54
124,15.6085,73.7355,-14.5219,415.855,0,54
124,14.5432,73.953,-76.1581,108.231,0,54
124,13.8546,74.0851,-76.5426,89.8397,0,54
124,6.60956,75.079,305.121,847.08,0,54
124,6.36872,75.0998,-86.7502,265.597,0,54
124,5.85194,75.1419,-87.268,26.1172,0,54
124,5.14095,75.1939,35.4132,532.973,0,54
124,2.85392,75.3153,171.165,576.676,0,54
124,-2.49417,75.3281,-26.292,1083.05,0,54
124,-4.00397,75.263,-44.5928,2289.8,0,54
124,-8.2201,74.9198,-18.2191,1246.56,0,54
124,-8.87604,74.8449,-7.01871,839.068,0,54
124,-22.762,71.8501,-74.2714,63.3312,0,54
124,-24.392,71.3132,58.5148,694.878,0,54
124,-23.9409,71.4659,166.051,444.219,0,54
124,-27.3335,70.2384,-46.9182,698,0,54
124,-29.5006,69.3561,24.5913,457.095,0,54
124,-31.1338,68.6384,-0.931208,609.408,0,54
124,-32.8917,67.8136,-10.1146,486.911,0,54
124,-33.6162,67.4574,-57.9378,971.448,0,54
124,-33.6875,67.4218,162.243,398.132,0,54
124,-34.88,66.8127,-58.4896,707.903,0,54
124,-34.5538,66.9819,162.173,662.492,0,54
124,-35.0799,66.7079,32.6601,362.074,0,54
124,-35.2907,66.5966,162.117,425.772,0,54
124,-36.1617,66.1277,-58.86,27.0277,0,54
124,-38.3145,64.9041,-46.2812,1194.23,0,54
124,-40.122,63.8026,157.053,112.883,0,54
124,-43.5737,61.497,-24.1122,1130.7,0,54
124,-50.2167,56.2035,160.935,1260.76,0,54
124,-50.5194,55.9315,272.549,568.759,0,54
124,-51.2965,55.2197,160.772,21.1248,0,54
124,-51.5969,54.9391,160.772,39.1248,0,54
124,-52.1006,54.4617,287.011,666.309,0,54
124,-53.9135,52.6676,2.36125,264.186,0,54
124,-54.9456,51.59,297.705,382.785,0,54
124,-55.9012,50.5529,101.997,1127.87,0,54
124,-57.4224,48.8182,-80.2846,2785.45,0,54
124,-56.8293,49.5073,3.33423,326.548,0,54
124,-57.0032,49.307,-77.94,2.57333,0,54
124,-57.7666,48.4103,4.06731,843.617,0,54
124,-57.7629,48.4149,65.2903,512.816,0,54
124,-58.5841,47.4178,-100.133,567.794,0,54
124,-59.9467,45.683,35.5273,475.749,0,54
124,-59.9177,45.7211,111.162,567.107,0,54
124,-68.9151,30.5164,-63.6269,378.135,0,54
124,-69.4771,29.2145,-102.51,128.903,0,54
124,-69.7356,28.5919,-102.976,257.58,0,54
124,-70.6935,26.1337,24.6849,1290.54,0,54
124,-72.1904,21.6586,236.924,260.913,0,54
124,-72.2951,21.3063,12.6916,101.621,0,54
124,-72.4782,20.6752,13.22,53.8677,0,54
124,-72.5638,20.3727,12.1954,433.935,0,54
124,-72.9326,19.0102,11.2501,69.8361,0,54
124,-73.0708,18.4716,10.4632,165.571,0,54
124,-73.9639,14.4873,305.78,75.071,0,54
124,-74.1149,13.6943,-79.5557,321.119,0,54
124,-74.0582,13.9976,305.78,21.0155,0,54
124,-75.1138,6.2023,15.445,94.496,0,54
124,-75.1697,5.48341,-24.0414,762.973,0,54
124,-75.3435,1.9774,-58.143,661.269,0,54
124,-75.367,0.601305,21.2839,240.21,0,54
124,-73.185,-18.0141,80.484,24.111,1,54
124,-72.5856,-20.2949,-226.305,229.122,1,54
124,-69.2049,-29.8534,-28.3873,131.525,1,54
124,-64.5474,-38.9125,-25.1687,532.486,1,54
124,-62.2765,-42.4522,-35.0155,3265.92,1,54
124,-61.4586,-43.6278,25.2583,483.533,1,54
124,-61.1373,-44.0769,-109.776,275.115,1,54
124,-60.3212,-45.1874,31.9564,727.082,1,54
124,-60.3168,-45.1933,24.8082,1417.71,1,54
124,-60.3639,-45.1303,-24.2948,688.304,1,54
124,-59.8059,-45.8672,104.243,590.227,1,54
124,-59.649,-46.071,29.7316,381.376,1,54
124,-59.6221,-46.1059,31.0662,243.034,1,54
124,-59.1523,-46.7071,29.457,237.802,1,54
124,-49.4255,-56.9005,-179.61,842.708,1,54
124,-47.4304,-58.5739,-100.107,561.559,1,54
124,-46.2712,-59.4939,35.4681,247.586,1,54
124,-46.2405,-59.5178,21.6306,179.825,1,54
124,-42.2324,-62.4257,39.4924,2520.64,1,54
124,-41.5975,-62.8506,-47.5722,181.934,1,54
124,-41.4448,-62.9514,73.276,21.2586,1,54
124,-41.2985,-63.0474,-48.4939,136.912,1,54
124,-40.5519,-63.5302,-49.3302,662.916,1,54
124,-40.4092,-63.6211,68.6591,126,1,54
124,-40.0616,-63.8405,73.0019,76.4006,1,54
124,-39.9995,-63.8795,-49.7695,117.977,1,54
124,-35.7954,-66.3268,-76.8335,515.829,1,54
124,-33.6496,-67.4407,23.846,343.18,1,54
124,-33.0588,-67.7323,-290.53,660.017,1,54
124,-32.7396,-67.8871,9.79439,942.675,1,54
124,-30.7582,-68.8075,36.2808,2358.69,1,54
124,-27.3824,-70.2193,-265.133,1398.42,1,54
124,-26.6271,-70.5092,56.3434,1136.08,1,54
124,-20.8479,-72.4286,-36.2336,399.291,1,54
124,-20.0029,-72.6666,-36.116,23.0277,1,54
124,-18.5574,-73.0491,-203.504,1754.87,1,54
124,-18.1544,-73.1503,-35.9868,319.616,1,54
124,-17.4444,-73.3228,-31.0447,1821.89,1,54
124,-16.1528,-73.6182,93.4531,6713.4,1,54
124,-16.5682,-73.5258,7.5331,493.439,1,54
124,-4.99515,-75.2037,-69.3711,615.861,1,54
124,2.44582,-75.3297,96.8214,128.051,1,54
124,3.31317,-75.2965,96.981,234.314,1,54
124,4.50608,-75.2346,97.02,48.4144,1,54
124,6.74138,-75.0673,79.7356,210.73,1,54
124,7.31481,-75.0136,80.3061,146.873,1,54
124,7.5227,-74.993,50.0437,566.543,1,54
124,7.80771,-74.9639,81.1035,195.587,1,54
124,11.4402,-74.4961,11.9207,1060.14,1,54
124,11.5349,-74.4815,-41.0801,1309.33,1,54
124,12.5102,-74.3239,-217.997,607.835,1,54
124,14.0392,-74.0503,-97.0373,474.256,1,54
124,14.7928,-73.9034,-293.802,312.407,1,54
124,15.04,-73.8535,27.8982,1345.82,1,54
124,23.585,-71.5842,-255.624,605.595,1,54
124,25.2319,-71.0204,-285.91,1104.34,1,54
124,28.4717,-69.7847,69.3484,1163.15,1,54
124,31.8897,-68.2905,12.9254,1918.62,1,54
124,32.2719,-68.1107,92.6061,388.218,1,54
124,33.7481,-67.3915,6.4654,247.69,1,54
124,37.3572,-65.4598,-3.73956,522.225,1,54
124,38.1346,-65.01,65.1769,643.184,1,54
124,38.2279,-64.9551,89.5252,1082.23,1,54
124,39.0117,-64.4874,89.9754,80.407,1,54
124,39.6945,-64.0694,90.3637,413.604,1,54
124,40.7404,-63.4095,99.8694,688.966,1,54
124,42.9169,-61.9571,-83.9072,652.258,1,54
124,47.1531,-58.7974,-201.81,1010.71,1,54
124,48.4551,-57.7291,-16.0657,336.028,1,54
124,48.5252,-57.6702,-106.268,107.854,1,54
124,48.839,-57.4047,-15.898,98.0597,1,54
124,48.8658,-57.3819,-106.744,123.128,1,54
124,54.7982,-51.7465,-208.507,165.011,1,54
124,55.0796,-51.4469,-208.666,133.948,1,54
124,59.3539,-46.4506,83.452,45.2619,1,54
124,66.5123,-35.4494,-71.0836,3140.31,1,54
124,66.4345,-35.595,-191.158,400.097,1,54
124,68.8877,-30.5782,34.3091,2493.9,1,54
124,70.5562,-26.5022,-137.452,105.411,1,54
124,73.2685,-17.6714,-33.4053,447.78,1,54
124,73.5363,-16.5216,41.4869,1308.92,1,54
124,73.7775,-15.4087,42.748,22.1387,1,54
124,73.9287,-14.6662,42.9551,366.866,1,54
124,74.1198,-13.6675,44.0427,631.714,1,54
124,74.2421,-12.9865,44.7365,156.707,1,54
124,74.3353,-12.442,44.348,112.464,1,54
124,74.4088,-11.9946,45.1751,434.267,1,54
124,75.0135,-7.31532,45.8349,615.201,1,54
124,75.3228,-2.65135,-245.244,162.212,1,54
124,75.3385,-2.15784,-245.572,21.4677,1,54
124,75.3505,-1.68871,-244.866,392.571,1,54
124,75.3648,-0.829531,-244.44,194.273,1,54
124,74.5623,11.0003,-56.5205,436.887,1,54
124,74.1035,13.7557,-162.641,357.673,1,54
124,71.6992,23.2329,-305.169,543.766,1,54
124,68.317,31.8329,-236.625,446.16,1,54
124,67.426,33.679,-296.633,131.333,1,54
124,67.0116,34.4963,94.9368,759.599,1,54
124,67.1826,34.1621,49.707,53.2876,1,54
124,67.0053,34.5085,-213.811,1145.86,1,54
124,66.9571,34.602,50.38,74.3361,1,54
124,66.6839,35.1255,50.9431,97.5986,1,54
124,66.3972,35.6644,69.6564,802.551,1,54
124,65.754,36.8369,-266.534,2029.28,1,54
124,65.5433,37.2106,19.8826,963.912,1,54
124,63.4746,40.6389,-19.9787,827.822,1,54
124,62.9773,41.4053,-146.811,231.342,1,54
124,62.6208,41.9425,-294.3,282.602,1,54
124,62.1584,42.6249,41.9075,258.481,1,54
124,61.9667,42.9031,6.83998,643.846,1,54
124,61.4479,43.6428,78.8039,544.858,1,54
124,59.0166,46.8784,-299.921,2850.79,1,54
124,54.9898,51.5428,81.4728,755.909,1,54
124,55.0346,51.495,14.289,1236.12,1,54
124,52.7025,53.8795,-8.6112,522.17,1,54
124,52.6755,53.9058,-212.355,531.795,1,54
124,48.7155,57.5095,-26.8201,322.381,1,54
124,46.2822,59.4854,-9.48827,132.621,1,54
124,42.2993,62.3804,96.172,33.1559,1,54
124,41.7226,62.7676,95.9876,333.303,1,54
124,36.7068,65.8267,27.7044,277.415,1,54
124,24.9392,71.1237,-227.48,192.608,1,54
124,7.9308,74.951,87.2846,536.15,1,54
124,7.26915,75.018,-91.5111,477.982,1,54
124,-4.45371,75.2377,25.5018,494.374,1,54
124,-6.03759,75.1272,-31.6444,471.112,1,54
124,-7.54749,74.9905,17.4386,506.021,1,54
124,-15.9166,73.6696,-158.734,465.667,1,54
124,-23.2947,71.6792,15.5032,170.944,1,54
124,-24.5578,71.2563,42.7219,431.909,1,54
124,-29.3767,69.4086,57.0003,20131.1,1,54
124,-28.7477,69.6715,45.3428,1294,1,54
124,-35.6195,66.4214,-124.308,23.2219,1,54
124,-35.9812,66.2261,-124.074,54.4683,1,54
124,-38.3195,64.9012,-7.66268,305.368,1,54
124,-40.2701,63.7092,80.4221,813.615,1,54
124,-41.0443,63.2132,79.7686,140.838,1,54
124,-41.4605,62.9411,78.9915,248.33,1,54
124,-42.2993,62.3804,-25.3345,144.938,1,54
124,-46.8061,59.074,71.2745,437.984,1,54
124,-48.1081,58.0186,-213.772,65.3035,1,54
124,-48.687,57.5337,-214.923,589.399,1,54
124,-54.2305,52.3412,104.652,35.0139,1,54
124,-54.6034,51.9521,103.985,220.512,1,54
124,-57.202,49.0762,17.308,52.3312,1,54
124,-58.3969,47.6482,10.5122,645,1,54
124,-58.9719,46.9346,15.188,38.3597,1,54
124,-59.7134,45.9875,14.9057,236.699,1,54
124,-63.2825,40.9375,-187.223,3714.47,1,54
124,-65.8755,36.6192,-249.196,8028.85,1,54
124,-65.9295,36.5218,-254.007,132,1,54
124,-66.92,34.6736,-29.0486,195.145,1,54
124,-66.9271,34.6598,-51.3431,1001.99,1,54
124,-68.2295,32.02,64.9256,284.845,1,54
124,-68.4376,31.5728,65.22,22.2219,1,54
124,-69.4506,29.2774,-27.3551,145.352,1,54
124,-69.4689,29.2338,-297.912,422.545,1,54
124,-71.377,24.2048,-186.577,892.642,1,54
124,-72.4227,20.8685,29.6631,1964.28,1,54
124,-73.0821,18.4271,-220.506,1165.72,1,54
124,-73.1431,18.1833,37.8036,771.093,1,54
124,-73.2242,17.8541,-73.6464,792.222,1,54
124,-73.6171,16.1577,64.3926,1116.29,1,54
124,-73.6158,16.1637,-93.705,210.71,1,54
124,-74.2323,13.0424,23.215,691.044,1,54
124,-75.0443,6.99296,-89.3594,161.957,1,54
124,-75.073,6.67742,91.8529,791.536,1,54
124,-75.0975,6.39629,-89.0186,169.693,1,54
