0 1 4849
0 2 17724
0 3 4178
0 4 2374
0 5 7691
0 6 11399
0 10 1388
0 11 3018
0 12 35957
0 13 4525
0 14 668
0 15 8161
0 16 6599
0 20 6064
0 21 843
0 22 5081
0 23 8484
0 24 4799
0 25 18477
0 26 3640
0 27 3528
0 28 2909
0 29 166
0 31 264
0 32 2652
0 33 21249
0 34 5156
0 35 12484
0 36 4674
0 37 24617
0 38 6239
0 39 742
0 40 2049
0 41 284
0 42 4935
0 43 8537
0 44 822
0 45 15969
0 46 17604
0 47 9400
0 48 1395
0 49 3998
0 50 5917
0 51 6146
0 52 68
0 53 9277
0 55 10189
0 56 6977
0 57 4195
0 60 397
0 61 9669
0 62 3490
0 63 6090
0 64 10971
0 65 7122
0 66 6632
0 67 5938
0 68 3687
0 69 2513
0 70 7862
0 71 6981
0 72 1717
0 73 14314
0 74 9112
0 75 9598
0 76 12263
0 77 7072
0 78 10993
0 79 20182
0 80 7407
0 81 13075
0 82 2810
0 83 5186
0 84 13579
0 85 7208
0 86 5532
0 87 11948
0 88 9394
0 89 2318
0 90 7742
0 91 13066
0 92 4671
0 93 5310
0 94 8943
0 95 9185
0 96 6982
0 97 5589
0 98 6931
0 99 21645
0 100 10303
0 101 5830
0 103 8385
0 104 4072
0 105 9900
0 106 7932
0 107 2247
0 108 4036
0 109 2774
0 110 7592
0 111 7268
0 112 3399
0 113 6639
0 114 2573
0 115 5823
0 116 171
0 117 417
0 118 8990
0 119 13824
0 121 3390
0 122 14189
0 123 1886
0 124 5834
0 125 7247
0 126 2676
0 129 11266
0 130 12288
0 131 11570
0 132 11095
0 133 7114
0 135 2854
0 136 5817
0 137 6389
0 138 6583
0 139 3859
0 140 1330
0 141 9
0 142 5550
0 143 5149
0 145 10585
0 146 11545
0 147 12672
0 148 1911
0 149 1848
0 150 1930
0 151 3784
0 152 13361
0 153 10586
0 154 2508
0 155 15608
0 156 7425
0 157 7415
0 158 244
0 159 1499
0 160 8093
0 161 9174
0 162 4458
0 163 10670
0 164 18928
0 165 1372
0 166 10512
0 168 10134
0 169 3828
0 170 627
0 174 8479
0 175 1142
0 176 17800
0 177 18542
0 178 3389
0 180 3197
0 181 6906
0 183 529
0 184 17
0 186 14793
0 187 12514
0 188 9965
0 189 5524
0 190 2187
0 191 11694
0 192 11206
0 193 4712
0 194 4063
0 195 1976
0 196 3065
0 197 5261
0 198 5
0 199 7074
0 201 1627
0 202 3150
0 203 3785
0 204 9549
0 205 1578
0 206 2841
0 207 9305
0 208 2247
0 209 2550
0 210 779
0 211 2378
0 212 8359
0 213 3796
0 214 12158
0 215 156
0 216 6183
0 217 3020
0 218 13853
0 219 10246
0 220 796
0 221 9263
0 222 25587
0 223 6018
0 224 3074
0 225 2560
0 226 1040
0 227 6172
0 228 28496
0 232 2356
0 233 16792
0 234 10652
0 235 8903
0 236 7003
0 237 609
0 238 1556
0 239 5168
0 240 13353
0 241 5018
0 242 9309
0 243 5981
0 244 7209
0 245 677
0 246 6926
0 248 790
0 249 3343
0 250 19299
0 251 1153
0 252 9736
0 253 1003
0 254 10098
0 255 1642
0 256 3415
0 258 1899
0 259 4814
0 260 3647
0 261 14383
0 262 2232
0 263 14363
0 264 9091
0 265 708
0 267 6140
0 268 5571
0 269 8120
0 271 9031
0 272 5886
0 273 1709
0 275 15188
0 276 62
0 277 5819
0 278 3203
0 279 1381
0 280 15916
0 281 15782
0 282 3993
0 283 23676
0 285 5380
0 286 10403
0 287 5688
0 288 6183
0 289 6462
0 290 10836
0 291 4414
0 292 2250
0 294 3155
0 295 6354
0 296 11996
0 297 797
0 298 1976
0 299 17248
0 300 14836
0 301 7600
0 303 13368
0 304 6878
0 305 1016
0 306 20606
0 308 2381
0 309 1405
0 310 11932
0 311 4750
0 312 6341
0 313 2842
0 315 5250
0 317 7
0 318 2225
0 319 2718
0 320 1326
0 321 5165
0 322 5065
0 323 5519
0 324 2867
0 325 23663
0 326 4843
0 327 2665
0 328 5091
0 329 3472
0 330 21673
0 332 545
0 333 7883
0 334 7508
0 335 5123
0 336 4828
0 339 6244
0 340 2886
0 341 6363
0 342 18334
0 343 4879
0 344 16347
0 345 1706
0 346 3115
0 347 17022
0 348 5305
0 349 20457
0 350 9556
0 351 4792
0 352 3775
0 353 1560
0 354 16453
0 355 3687
0 356 2469
0 357 15244
0 358 945
0 359 5594
0 360 4441
0 361 403
0 362 5377
0 363 7660
0 365 17947
0 366 3869
0 367 18163
0 368 533
0 369 15080
0 370 5596
0 372 618
0 373 6164
0 374 2095
0 375 309
0 376 6149
0 377 9098
0 378 11365
0 379 889
0 380 9530
0 381 8291
0 382 4361
0 383 75
0 384 12594
0 385 11875
0 386 3296
0 387 9587
0 388 13635
0 389 1356
0 390 5491
0 391 6555
0 392 16229
0 394 15470
0 395 8004
0 396 5160
0 397 3670
0 398 4043
0 399 4380
0 400 2177
0 401 13063
0 402 6592
0 403 11512
0 404 4645
0 405 2535
0 406 9801
0 407 11388
0 408 3963
0 409 3825
0 410 19835
0 411 9594
0 412 5017
0 414 11
0 415 756
0 416 7825
0 417 19270
0 418 9667
0 419 6614
0 420 12638
0 421 1286
0 422 10693
0 423 5115
0 424 1608
0 425 6109
0 426 7791
0 427 7647
0 428 7104
0 429 14090
0 430 2123
0 431 10996
0 432 16103
0 433 3367
0 434 4656
0 436 4463
0 438 7392
0 439 9810
0 440 6959
0 441 10431
0 442 1501
0 443 3208
0 444 3394
0 445 17565
0 446 9453
0 447 7133
0 448 12400
0 449 56
0 450 4860
0 451 15479
0 452 15319
0 453 2296
0 454 2956
0 455 4643
0 456 201
0 457 2598
0 458 2738
0 459 5767
0 460 13117
0 462 10864
0 463 4227
0 464 6154
0 465 5641
0 466 3030
0 467 8544
0 469 7760
0 470 14306
0 471 5296
0 472 9710
0 473 15213
0 474 9992
0 476 8795
0 477 9418
0 478 8863
0 479 5282
0 480 4352
0 481 1426
0 482 273
0 483 4182
0 484 5042
0 485 6498
0 486 4144
0 487 1003
0 488 11005
0 489 2996
0 490 5014
0 491 2177
0 492 2741
0 493 4808
0 494 5763
0 495 18572
0 496 6385
0 497 10017
0 498 1337
0 499 3316
0 500 8151
0 501 2583
0 502 493
0 503 10312
0 504 8335
0 505 1680
0 507 148
0 508 478
0 509 1144
0 510 6960
0 511 3658
0 512 18663
0 513 2202
0 515 3840
0 516 6557
0 517 1704
0 518 4755
0 519 4411
0 520 13576
0 521 6141
0 522 6574
0 523 860
0 524 6679
0 525 9318
0 526 2915
0 528 1736
0 529 11042
0 530 3998
0 531 7481
0 532 5529
0 533 5906
0 534 2164
0 535 4244
0 537 7536
0 539 2488
0 540 12284
0 541 15826
0 542 252
0 544 4479
0 545 8448
0 546 17849
0 548 4428
0 549 2220
0 552 22
0 553 12406
0 554 1262
0 555 13581
0 556 2307
0 558 2050
0 559 15826
0 560 4499
0 561 2683
0 562 11945
0 563 3848
0 564 8616
0 565 4883
0 566 564
0 567 4557
0 568 5528
0 569 3014
0 570 2877
0 571 1007
0 572 6306
0 573 15377
0 574 10520
0 575 17055
0 576 7099
0 577 1670
0 578 9725
0 579 1739
0 580 5129
0 581 3620
0 582 3656
0 583 5519
0 584 4305
0 585 2535
0 587 15188
0 588 1454
0 589 13640
0 590 7470
0 591 4895
0 592 9976
0 593 9321
0 594 3729
0 595 2283
0 596 6671
0 597 4825
0 598 5984
0 599 5897
0 600 9209
0 601 10929
0 602 2305
0 603 104
0 604 14601
0 605 4597
0 606 10892
0 607 4048
0 608 6767
0 609 1794
0 610 2893
0 611 99
0 612 12795
0 613 11891
0 614 7776
0 615 5675
0 616 3035
0 617 6383
0 618 4490
0 620 1029
0 621 1658
0 622 9998
0 623 2211
0 624 9680
0 625 8516
0 626 1746
0 627 1255
0 628 1592
0 629 12352
0 630 6413
0 631 2576
0 632 9078
0 633 1651
0 634 10109
0 635 528
0 636 3142
0 637 3562
0 638 10389
0 639 7725
0 640 16866
0 641 9492
0 642 4571
0 643 3519
0 644 10459
0 645 1082
0 646 203
0 647 3049
0 648 3782
0 649 5058
0 650 5779
0 651 7516
0 652 9445
0 653 11519
0 656 1724
0 657 2506
0 658 9952
0 659 1124
0 660 6314
0 661 14230
0 662 3089
0 663 12720
0 664 96
0 665 7464
0 666 3976
0 668 2453
0 669 8795
0 670 9179
0 671 5237
0 672 4151
0 673 3028
0 674 6961
0 676 8992
0 677 2632
0 678 3662
0 679 6201
0 681 10383
0 682 6620
0 683 10223
0 684 6129
0 686 26652
0 687 7235
0 688 5463
0 689 14525
0 690 3231
0 691 8755
0 692 476
0 693 3364
0 694 3415
0 695 3727
0 696 3905
0 697 9244
0 698 8241
0 699 729
0 700 4213
0 701 3317
0 702 2660
0 703 2786
0 704 8992
0 705 13681
0 706 1743
0 707 9479
0 708 7241
0 709 3537
0 710 12271
0 711 7481
0 712 7849
0 715 10152
0 716 700
0 717 12677
0 718 12781
0 719 6055
0 720 7063
0 721 7168
0 722 1346
0 723 3777
0 724 6386
0 726 18215
0 727 1156
0 728 10871
0 729 7770
0 730 6586
0 731 66
0 732 4247
0 733 22316
0 734 4866
0 735 3034
0 736 4928
0 737 2122
0 738 12029
0 740 9586
0 741 1713
0 742 4909
0 744 12102
0 745 5213
0 746 2169
0 747 6586
0 748 3512
0 749 15101
0 750 5181
0 751 4404
0 752 15027
0 753 1546
0 754 4814
0 755 7551
0 756 7108
0 757 7738
0 758 3150
0 759 5386
0 760 1258
0 761 6206
0 762 6075
0 763 1287
0 764 4784
0 765 739
0 766 3435
0 767 3689
0 768 7551
0 770 5511
0 771 7100
0 772 5337
0 773 7870
0 774 5809
0 775 7432
0 776 6456
0 777 5338
0 778 6525
0 779 2856
0 780 10474
0 781 3436
0 782 11388
0 783 4255
0 784 13588
0 785 4776
0 786 863
0 789 5444
0 790 9548
0 791 3673
0 792 1383
0 793 9521
0 794 5737
0 795 6521
0 796 2791
0 797 8317
0 798 5516
0 799 6097
0 800 2130
0 801 243
0 802 7334
0 803 2871
0 804 11476
0 805 1324
0 807 2557
0 808 14556
0 809 1598
0 810 6563
0 811 4869
0 812 287
0 813 4926
0 814 8396
0 815 8086
0 816 13418
0 817 4952
0 819 13822
0 821 5657
0 822 38745
0 823 11277
0 824 1571
0 825 4723
0 827 18421
0 829 4032
0 830 3000
0 831 10406
0 832 699
0 833 10686
0 834 9253
0 835 511
0 836 27665
0 837 6479
0 840 1310
0 841 4732
0 842 5382
0 843 6695
0 844 5419
0 845 5693
0 847 3899
0 848 16927
0 849 7124
0 850 9627
0 851 11299
0 853 2407
0 854 3712
0 855 3648
0 856 6354
0 857 11179
0 858 13460
0 859 703
0 860 7249
0 861 7901
0 863 70
0 865 4241
0 867 7473
0 868 11210
0 870 3254
0 871 5154
0 872 1119
0 873 2353
0 874 5449
0 876 1855
0 877 7909
0 878 5235
0 879 17516
0 880 31670
0 881 7697
0 882 9048
0 883 12989
0 884 4181
0 885 5895
0 887 9551
0 888 17496
0 889 4856
0 890 5861
0 891 7659
0 892 5530
0 893 344
0 894 3639
0 895 7023
0 896 6476
0 897 8321
0 899 2646
0 900 17718
0 901 3674
0 902 8849
0 903 6114
0 904 4139
0 905 4379
0 906 6366
0 907 10514
0 908 4388
0 909 9885
0 911 9472
0 912 15297
0 913 11296
0 914 35146
0 915 6818
0 916 13954
0 917 4840
0 918 15112
0 919 8235
0 920 12383
0 921 3291
0 923 4346
0 924 10407
0 925 7592
0 926 1600
0 927 1908
0 928 5700
0 929 6717
0 930 9957
0 931 1548
0 932 2678
0 934 5044
0 935 42
0 936 447
0 937 488
0 938 6174
0 939 9593
0 940 2763
0 941 3470
0 942 6302
0 944 14648
0 945 10147
0 946 6162
0 947 1640
0 949 5136
0 950 7663
0 951 10273
0 953 12731
0 954 16680
0 955 17734
0 956 709
0 957 1456
0 958 16337
0 959 1640
0 960 6551
0 961 2615
0 962 5148
0 963 17704
0 964 1023
0 965 1501
0 966 3293
0 967 9923
0 968 13268
0 969 4008
0 970 19189
0 971 10278
0 972 846
0 973 4140
0 974 10
0 975 13350
0 976 12334
0 977 1478
0 978 5762
0 979 3266
0 980 10368
0 981 5941
0 983 3777
0 984 2830
0 985 2598
0 986 6197
0 987 6478
0 988 11286
0 989 19407
0 990 3710
0 992 104
0 993 4071
0 994 6196
0 996 555
0 998 3329
0 999 41
0 1000 4177
0 1001 11989
0 1002 146
0 1003 1942
0 1004 6506
0 1007 9796
0 1008 1689
0 1009 10062
0 1010 9488
0 1011 5670
0 1012 3607
0 1013 12072
0 1014 8932
0 1015 37813
0 1016 924
0 1017 13760
0 1018 1616
0 1019 5084
0 1020 7576
0 1021 906
0 1022 8655
0 1023 14127
0 1024 6317
0 1025 4844
0 1026 24170
0 1027 7330
0 1028 1997
0 1029 1844
0 1030 6801
0 1031 5330
0 1032 13982
0 1033 3033
0 1034 2615
0 1035 8754
0 1036 18889
0 1037 5239
0 1038 7348
0 1039 6823
0 1040 2769
0 1041 12319
0 1042 6401
0 1044 11117
0 1045 294
0 1046 5415
0 1047 2393
0 1049 7636
0 1050 2281
0 1051 6765
0 1054 455
0 1055 8
0 1056 5449
0 1057 4737
0 1058 4436
0 1059 7
0 1060 8504
0 1061 7362
0 1062 6758
0 1063 11363
0 1064 5408
0 1065 1549
0 1066 3128
0 1067 4882
0 1068 540
0 1069 7323
0 1070 5264
0 1071 2898
0 1072 8537
0 1073 121
0 1074 6375
0 1076 7685
0 1077 3633
0 1078 5957
0 1079 6021
0 1080 1076
0 1081 8998
0 1083 3451
0 1084 4107
0 1085 2701
0 1086 17232
0 1087 22514
0 1088 18916
0 1090 4431
0 1091 10537
0 1092 5240
0 1093 6
0 1094 11167
0 1095 7680
0 1096 3980
0 1097 3133
0 1099 5936
0 1100 3698
0 1101 5887
0 1102 1433
0 1103 5344
0 1104 5638
0 1105 4339
0 1106 5404
0 1108 5084
0 1110 9488
0 1111 8915
0 1112 1080
0 1113 6139
0 1114 6619
0 1115 3164
0 1116 3377
0 1117 7544
0 1118 5844
0 1119 4267
0 1120 9388
0 1121 15314
0 1122 3167
0 1123 8062
0 1124 3404
0 1125 2618
0 1126 9497
0 1127 12636
0 1128 8990
0 1129 6836
0 1130 21404
0 1131 6384
0 1132 6615
0 1133 3178
0 1134 709
0 1135 8066
0 1136 2249
0 1137 13197
0 1139 5056
0 1140 3961
0 1141 6776
0 1142 5926
0 1143 4725
0 1144 5858
0 1145 3322
0 1146 1636
0 1147 1486
0 1148 9052
0 1149 7653
0 1150 10276
0 1151 8189
0 1152 4236
0 1154 6456
0 1156 11628
0 1157 10732
0 1158 7392
0 1159 1505
0 1160 1505
0 1161 5902
0 1162 1808
0 1163 13277
0 1164 4441
0 1165 8565
0 1166 8605
0 1167 862
0 1168 5475
0 1169 4211
0 1170 5102
0 1173 2466
0 1174 3178
0 1175 7283
0 1176 7377
0 1177 862
0 1179 3410
0 1180 5789
0 1181 4609
0 1182 2519
0 1183 1983
0 1184 21240
0 1185 10341
0 1186 19999
0 1187 12813
0 1188 2235
0 1189 6114
0 1190 13488
0 1191 4194
0 1192 5481
0 1193 6269
0 1194 268
0 1195 6251
0 1196 26003
0 1197 17878
0 1198 9609
0 1199 19716
0 1200 7182
0 1201 3092
0 1203 12068
0 1205 10684
0 1206 8798
0 1207 13824
0 1208 1824
0 1210 6165
0 1211 8786
0 1212 5988
0 1213 7558
0 1214 11570
0 1215 5279
0 1216 5464
0 1217 13132
0 1219 8487
0 1220 2593
0 1221 5998
0 1222 9192
0 1224 3284
0 1226 5797
0 1227 5481
0 1228 381
0 1229 11423
0 1230 10932
0 1231 10279
0 1233 4821
0 1234 14209
0 1235 6876
0 1236 12313
0 1237 12663
0 1238 4669
0 1239 1483
0 1240 2103
0 1241 6951
0 1242 27004
0 1243 5481
0 1245 24514
0 1246 4321
0 1247 4034
0 1248 6348
0 1249 218
0 1250 14906
0 1251 1271
0 1252 3729
0 1253 10985
0 1254 7443
0 1255 1229
0 1256 5330
0 1257 3362
0 1258 1619
0 1259 4882
0 1260 2761
0 1261 870
0 1262 13882
0 1263 3099
0 1264 5635
0 1265 895
0 1267 662
0 1268 4056
0 1271 6174
0 1272 7884
0 1273 5901
0 1274 911
0 1275 2735
0 1276 9417
0 1277 21259
0 1278 6909
0 1279 3641
0 1280 3849
0 1281 41314
0 1282 9774
0 1283 1306
0 1284 17398
0 1285 2287
0 1286 7312
0 1287 1807
0 1288 5868
0 1289 4018
0 1290 2098
0 1291 12159
0 1293 10179
0 1294 4767
0 1295 1721
0 1296 3173
0 1297 5620
0 1299 6212
0 1300 5110
0 1301 912
0 1302 2271
0 1303 2219
0 1305 3018
0 1306 5149
0 1307 8277
0 1308 4813
0 1311 4805
0 1312 15069
0 1314 4574
0 1315 1365
0 1316 8155
0 1317 12439
0 1319 12044
0 1321 1708
0 1323 750
0 1324 5111
0 1325 11259
0 1326 3766
0 1327 5512
0 1328 2176
0 1329 8103
0 1331 509
0 1332 11576
0 1333 3995
0 1334 11363
0 1335 7485
0 1336 10898
0 1337 6018
0 1338 6801
0 1339 5025
0 1340 18979
0 1341 12820
0 1343 5655
0 1344 22
0 1345 153
0 1346 6522
0 1348 3215
0 1350 6029
0 1351 7296
0 1352 1405
0 1354 3144
0 1356 3579
0 1357 5275
0 1358 2318
0 1359 4633
0 1360 2817
0 1361 4135
0 1362 12855
0 1363 2520
0 1364 16810
0 1365 1962
0 1366 4811
0 1367 13600
0 1368 12850
0 1369 5116
0 1370 5632
0 1371 3625
0 1372 20322
0 1373 86
0 1374 4130
0 1375 7571
0 1376 14436
0 1377 4320
0 1378 1687
0 1379 5204
0 1380 10229
0 1382 7235
0 1383 949
0 1384 1015
0 1385 4443
0 1387 7675
0 1389 1151
0 1390 11481
0 1391 2234
0 1392 7321
0 1393 5118
0 1394 3273
0 1395 1002
0 1396 14317
0 1397 9095
0 1398 855
0 1399 9472
0 1400 3190
0 1401 9136
0 1402 13210
0 1403 2993
0 1404 3939
0 1405 11124
0 1406 377
0 1407 7928
0 1408 4138
0 1409 16565
0 1410 6089
0 1411 3391
0 1412 8178
0 1413 19491
0 1414 7891
0 1415 5706
0 1416 9395
0 1417 2422
0 1418 5837
0 1419 8288
0 1420 15311
0 1421 16953
0 1422 8471
0 1423 3193
0 1424 4847
0 1425 9082
0 1426 1051
0 1427 111
0 1428 1414
0 1429 10261
0 1430 2186
0 1431 4279
0 1432 542
0 1433 14460
0 1434 5238
0 1435 768
0 1436 12596
0 1437 10163
0 1438 6996
0 1439 6262
0 1440 6932
0 1441 13171
0 1442 7022
0 1443 4138
0 1444 3930
0 1445 9692
0 1446 7804
0 1447 1214
0 1448 4059
0 1449 11609
0 1450 5882
0 1451 7553
0 1452 1530
0 1453 74
0 1454 5031
0 1455 8121
0 1456 2517
0 1457 14706
0 1458 3325
0 1459 9436
0 1460 3370
0 1462 8892
0 1463 2427
0 1464 1436
0 1465 1912
0 1466 11477
0 1467 16589
0 1468 4392
0 1469 9535
0 1470 5751
0 1471 1576
0 1472 6312
0 1473 10350
0 1474 833
0 1475 1219
0 1476 2683
0 1477 5891
0 1478 4030
0 1479 3184
0 1480 3938
0 1481 410
0 1482 4902
0 1483 2070
0 1484 4490
0 1485 4943
0 1486 3741
0 1487 9943
0 1488 9050
0 1490 344
0 1491 14162
0 1492 290
0 1493 3064
0 1494 24047
0 1495 18020
0 1496 2815
0 1497 4693
0 1498 3060
0 1499 6859
0 1500 5027
0 1501 6306
0 1502 9419
0 1503 15089
0 1504 4636
0 1506 2563
0 1507 2023
0 1509 9179
0 1510 13958
0 1514 7372
0 1515 9706
0 1516 8501
0 1517 6802
0 1518 15062
0 1519 521
0 1520 17114
0 1521 2437
0 1522 2966
0 1523 7413
0 1524 3762
0 1525 10020
0 1526 12096
0 1527 25744
0 1528 8969
0 1529 4717
0 1530 63
0 1532 3099
0 1533 4728
0 1534 8002
0 1535 8319
0 1536 7397
0 1537 16554
0 1538 8180
0 1539 6921
0 1540 6827
0 1541 4169
0 1542 5415
0 1543 142
0 1544 6718
0 1545 15896
0 1546 16344
0 1547 2925
0 1549 1671
0 1550 3670
0 1551 1796
0 1553 1344
0 1555 2563
0 1556 4096
0 1557 7042
0 1558 9169
0 1559 8583
0 1560 7928
0 1561 1505
0 1562 2880
0 1563 964
0 1564 107
0 1565 11050
0 1566 6026
0 1567 8969
0 1568 3553
0 1569 20158
0 1570 4489
0 1571 3314
0 1572 1808
0 1574 831
0 1575 25098
0 1576 5222
0 1577 4480
0 1578 5345
0 1579 27053
0 1580 2093
0 1581 1151
0 1583 4930
0 1584 3331
0 1586 452
0 1587 3223
0 1588 4390
0 1589 7927
0 1590 3750
0 1591 17845
0 1592 10939
0 1593 7177
0 1594 1918
0 1595 5272
0 1596 5710
0 1597 14171
0 1598 18378
0 1599 6735
0 1600 4299
0 1602 13115
0 1603 15576
0 1605 15167
0 1606 33
0 1607 5041
0 1608 2770
0 1609 6231
0 1610 11712
0 1611 6044
0 1612 2559
0 1613 2928
0 1614 4733
0 1615 14141
0 1616 19404
0 1617 6379
0 1618 7187
0 1619 775
0 1620 5933
0 1622 327
0 1625 6507
0 1626 2688
0 1627 8872
0 1628 9032
0 1629 1047
0 1630 4761
0 1631 673
0 1632 3343
0 1633 5468
0 1634 22039
0 1635 1710
0 1637 4108
0 1638 9225
0 1639 12835
0 1640 8393
0 1641 3157
0 1643 7600
0 1644 4007
0 1645 10710
0 1646 2797
0 1647 2162
0 1648 11539
0 1649 13675
0 1650 10642
0 1651 8891
0 1652 8213
0 1653 4448
0 1654 3467
0 1656 5427
0 1658 7803
0 1659 8915
0 1660 4273
0 1661 6777
0 1662 4585
0 1663 8173
0 1664 8466
0 1665 12969
0 1666 1814
0 1667 6605
0 1669 6048
0 1670 13156
0 1671 6143
0 1672 8292
0 1673 6806
0 1674 17043
0 1675 2745
0 1676 2902
0 1677 2749
0 1678 9004
0 1679 6962
0 1680 8979
0 1681 11591
0 1682 5943
0 1683 4208
0 1684 3572
0 1685 161
0 1686 5016
0 1687 1888
0 1688 3646
0 1689 16911
0 1690 12379
0 1691 6957
0 1692 5812
0 1693 22446
0 1695 8407
0 1696 8500
0 1697 11767
0 1698 7442
0 1699 30850
0 1701 1215
0 1702 1793
0 1703 10128
0 1704 846
0 1705 1856
0 1706 7159
0 1707 226
0 1708 22314
0 1709 1722
0 1710 6034
0 1711 6283
0 1712 5702
0 1714 611
0 1715 4623
0 1716 3047
0 1717 12079
0 1718 1219
0 1719 5815
0 1721 6513
0 1722 14135
0 1723 1603
0 1724 10108
0 1725 460
0 1726 400
0 1727 6753
0 1728 341
0 1729 5347
0 1730 5401
0 1731 8560
0 1732 19560
0 1733 2739
0 1734 8591
0 1735 32916
0 1736 8517
0 1737 7201
0 1738 19504
0 1739 12079
0 1740 2667
0 1741 4519
0 1742 7652
0 1743 7185
0 1744 9002
0 1745 7164
0 1746 3981
0 1747 3417
0 1748 18260
0 1749 1417
0 1750 11111
0 1752 2452
0 1753 21311
0 1754 498
0 1755 5903
0 1756 1609
0 1757 7996
0 1758 5504
0 1759 5663
0 1760 2538
0 1761 6305
0 1762 5104
0 1763 9185
0 1764 2346
0 1765 14
0 1766 174
0 1767 4206
0 1768 7628
0 1769 15056
0 1770 9338
0 1771 9623
0 1772 1004
0 1773 1966
0 1775 6548
0 1776 3093
0 1777 211
0 1778 9503
0 1779 5929
0 1780 9691
0 1781 19107
0 1782 3517
0 1783 259
0 1784 8096
0 1785 4288
0 1786 8206
0 1787 3992
0 1788 1864
0 1789 1268
0 1790 14385
0 1791 18295
0 1792 766
0 1793 4121
0 1794 8151
0 1795 1198
0 1796 12515
0 1797 5939
0 1798 11489
0 1799 7344
0 1800 3432
0 1801 16562
0 1803 5182
0 1804 143
0 1805 17654
0 1807 3608
0 1808 6276
0 1809 6619
0 1810 10612
0 1811 8370
0 1812 4757
0 1815 10367
0 1816 2164
0 1817 2871
0 1818 5929
0 1819 4462
0 1820 4672
0 1821 12555
0 1822 5685
0 1823 15389
0 1824 3799
0 1825 7414
0 1826 6816
0 1827 13546
0 1828 667
0 1829 555
0 1830 14964
0 1831 6501
0 1832 642
0 1833 3571
0 1834 7160
0 1835 5461
0 1836 3064
0 1837 4096
0 1838 565
0 1839 1331
0 1840 12
0 1841 9699
0 1842 5548
0 1843 11705
0 1844 8681
0 1845 3286
0 1848 6419
0 1849 12667
0 1850 4446
0 1851 70
0 1853 10263
0 1854 2109
0 1855 13286
0 1856 3721
0 1857 8825
0 1858 6051
0 1859 1859
0 1860 3330
0 1861 4782
0 1863 3977
0 1865 5237
0 1867 10830
0 1868 2090
0 1870 694
0 1873 19163
0 1874 8656
0 1875 3433
0 1876 3542
0 1877 7131
0 1879 4307
0 1880 15944
0 1881 4470
0 1882 7629
0 1883 1925
0 1884 2508
0 1885 5316
0 1886 20043
0 1887 4065
0 1888 777
0 1889 5311
0 1890 7042
0 1891 897
0 1892 18599
0 1893 8644
0 1894 272
0 1895 5077
0 1896 9454
0 1897 7423
0 1898 169
0 1901 4142
0 1902 3415
0 1903 18064
0 1904 1046
0 1905 11211
0 1906 2872
0 1907 3678
0 1908 15927
0 1909 4410
0 1910 2252
0 1911 4883
0 1912 5160
0 1913 29610
0 1914 10301
0 1915 2524
0 1916 318
0 1917 2316
0 1918 2301
0 1919 2537
0 1920 681
0 1921 7824
0 1922 2613
0 1923 10647
0 1925 3997
0 1927 3309
0 1928 1373
0 1929 5341
0 1930 4104
0 1931 8003
0 1932 4457
0 1933 2528
0 1934 5359
0 1935 9511
0 1936 7608
0 1937 2647
0 1938 601
0 1939 2580
0 1940 349
0 1941 2950
0 1942 6988
0 1944 6714
0 1945 7172
0 1946 17280
0 1948 5433
0 1949 9559
0 1950 7146
0 1952 1832
0 1953 5725
0 1954 6298
0 1956 7595
0 1957 6853
0 1958 8101
0 1960 9121
0 1962 10603
0 1963 16569
0 1964 8040
0 1965 6215
0 1967 4430
0 1968 3748
0 1969 1533
0 1970 9980
0 1971 8443
0 1972 1419
0 1973 3700
0 1974 3897
0 1975 18826
0 1976 737
0 1977 2352
0 1978 12071
0 1979 6681
0 1980 8474
0 1982 3640
0 1983 4673
0 1984 3944
0 1985 2578
0 1986 4600
0 1987 9455
0 1988 13244
0 1989 889
0 1990 9796
0 1991 188
0 1992 1987
0 1994 1403
0 1995 2001
0 1996 6367
0 1997 1286
0 1998 2262
0 1999 2826
1 0 7758
1 1 3169
1 3 416
1 4 4620
1 5 8450
1 6 14516
1 7 596
1 8 7146
1 9 2205
1 10 2975
1 11 2359
1 12 12762
1 13 21720
1 14 3484
1 15 10745
1 16 4133
1 17 2209
1 18 988
1 19 5289
1 20 604
1 21 11775
1 23 1587
1 24 2223
1 25 976
1 26 5879
1 27 7017
1 28 8587
1 29 2934
1 30 5983
1 31 1085
1 32 10601
1 33 2594
1 34 7968
1 35 18323
1 36 11862
1 37 4369
1 38 10515
1 39 9122
1 40 6695
1 41 2866
1 42 9460
1 43 3701
1 44 9791
1 45 17913
1 46 9720
1 47 14281
1 49 10734
1 50 4
1 51 1694
1 52 16196
1 53 14018
1 54 6432
1 55 147
1 56 2396
1 57 4799
1 59 5141
1 60 10763
1 61 5053
1 62 5820
1 64 8514
1 65 962
1 66 5404
1 68 1303
1 70 5970
1 71 7226
1 72 5926
1 73 4065
1 74 7069
1 78 12274
1 80 2056
1 82 1577
1 83 2131
1 85 15274
1 86 691
1 87 2238
1 88 4145
1 89 3174
1 90 5595
1 91 17909
1 93 4186
1 94 1595
1 95 4596
1 96 5066
1 97 5924
1 98 9139
1 99 6262
1 100 9746
1 101 11483
1 102 4226
1 104 4039
1 105 8222
1 107 2784
1 108 3674
1 109 3352
1 110 1678
1 111 8746
1 112 3084
1 113 1767
1 114 456
1 115 7101
1 116 18578
1 117 2677
1 118 3340
1 119 10790
1 120 1885
1 121 2881
1 122 3929
1 123 6393
1 124 18789
1 125 20465
1 127 1932
1 128 2154
1 129 7149
1 130 7944
1 131 412
1 132 8366
1 133 438
1 134 1878
1 135 23257
1 136 6522
1 137 2681
1 138 4424
1 139 120
1 140 9140
1 141 21640
1 142 4351
1 143 4505
1 144 7521
1 145 7486
1 146 12047
1 148 4897
1 149 13560
1 150 6208
1 152 16910
1 153 3425
1 155 10519
1 157 917
1 158 10618
1 159 67
1 160 1206
1 161 9187
1 162 2392
1 164 7499
1 166 6450
1 167 3026
1 169 12823
1 170 6354
1 171 3076
1 172 4046
1 173 2467
1 174 5931
1 175 17097
1 176 40
1 177 6518
1 178 4273
1 179 5896
1 181 1447
1 182 3731
1 183 3301
1 184 2837
1 185 5067
1 186 1895
1 187 5607
1 189 4481
1 190 7079
1 191 1880
1 192 7820
1 193 8552
1 194 8084
1 196 1519
1 197 4908
1 198 4841
1 199 7733
1 200 3400
1 201 4774
1 202 2789
1 203 11884
1 204 947
1 205 314
1 206 3723
1 207 1643
1 208 6440
1 209 8890
1 210 8609
1 211 2768
1 212 2674
1 213 6869
1 214 10410
1 215 6634
1 216 2607
1 217 3923
1 218 429
1 219 4209
1 220 10660
1 221 4467
1 223 13268
1 224 11724
1 225 886
1 226 1160
1 227 4079
1 228 11952
1 229 7322
1 230 6259
1 231 5181
1 233 8486
1 234 9009
1 235 837
1 236 1028
1 237 10889
1 238 545
1 239 9045
1 240 8877
1 241 1289
1 242 2470
1 243 7613
1 244 7517
1 245 17815
1 246 7252
1 248 5190
1 249 15023
1 250 35
1 251 9189
1 252 9668
1 253 16003
1 254 455
1 255 3922
1 256 6253
1 257 5346
1 258 2393
1 259 9424
1 260 6055
1 261 590
1 262 11034
1 263 3257
1 264 6931
1 266 12981
1 267 849
1 268 4959
1 269 5556
1 270 20990
1 271 10409
1 272 8041
1 273 5740
1 275 6866
1 276 9912
1 277 1273
1 278 7084
1 280 5512
1 281 7413
1 282 30886
1 283 2976
1 284 409
1 285 3504
1 286 12380
1 288 12329
1 289 11834
1 290 847
1 291 8162
1 292 3664
1 293 9158
1 294 369
1 295 4635
1 296 6881
1 297 22014
1 298 4801
1 299 10495
1 300 12989
1 302 495
1 303 7187
1 304 9761
1 305 5242
1 306 8366
1 307 7618
1 308 10379
1 309 11164
1 310 12493
1 311 3921
1 312 7646
1 313 21348
1 314 7351
1 315 7848
1 316 307
1 317 6772
1 318 5470
1 319 22225
1 320 11001
1 321 5943
1 322 3760
1 323 3425
1 324 6159
1 325 3505
1 328 3545
1 329 7108
1 331 1450
1 332 12829
1 333 10309
1 334 4831
1 335 646
1 336 3823
1 338 19719
1 339 210
1 340 2365
1 341 265
1 342 7595
1 343 6892
1 344 21032
1 345 13149
1 346 12625
1 347 14267
1 348 9811
1 349 4783
1 351 4398
1 352 3541
1 354 7329
1 355 7552
1 358 8192
1 359 4210
1 361 1367
1 362 4786
1 363 6037
1 364 8034
1 365 2310
1 366 8096
1 368 10184
1 369 12931
1 370 14530
1 371 3918
1 372 21679
1 373 11526
1 374 7719
1 375 1724
1 376 4331
1 377 3750
1 378 8000
1 380 6579
1 381 7402
1 382 2094
1 383 7605
1 384 3319
1 385 6404
1 386 3450
1 387 1974
1 388 5392
1 389 2564
1 390 3084
1 391 24041
1 392 2463
1 394 17182
1 395 3962
1 397 8093
1 398 8371
1 399 1296
1 400 2421
1 402 2358
1 403 5385
1 405 5203
1 406 9834
1 407 2364
1 408 6009
1 409 998
1 410 751
1 411 3845
1 412 12126
1 413 5428
1 414 125
1 415 3496
1 416 3258
1 417 7585
1 419 5525
1 420 11155
1 422 6487
1 423 10941
1 424 269
1 425 2578
1 426 9495
1 427 1395
1 428 3382
1 429 3800
1 430 6412
1 431 8596
1 432 4753
1 433 12042
1 434 2813
1 435 6997
1 436 11275
1 438 5008
1 439 10074
1 440 2694
1 441 6169
1 442 6791
1 443 7677
1 444 1331
1 446 4370
1 447 4916
1 448 11522
1 449 4510
1 451 2319
1 452 309
1 453 13473
1 454 10997
1 456 2269
1 457 7248
1 458 23493
1 460 7916
1 461 8375
1 462 8540
1 463 3871
1 464 1813
1 466 5964
1 468 4639
1 469 3502
1 470 8558
1 471 5810
1 472 10761
1 473 6631
1 474 9006
1 475 18264
1 477 2725
1 478 3205
1 479 23
1 480 6228
1 481 25862
1 482 7231
1 483 1239
1 485 4121
1 486 6674
1 487 4879
1 488 3106
1 489 2455
1 490 4994
1 491 5832
1 492 1975
1 493 3131
1 494 16451
1 495 14451
1 496 1847
1 497 7078
1 498 17612
1 499 11388
1 500 2152
1 501 2806
1 502 8463
1 503 1180
1 504 8633
1 505 8266
1 506 5919
1 508 5236
1 509 4458
1 510 4068
1 511 727
1 512 27407
1 513 13504
1 514 5593
1 515 1459
1 516 5427
1 517 16149
1 518 3892
1 519 6794
1 520 4573
1 521 10109
1 522 3381
1 524 19187
1 525 7660
1 526 7571
1 527 15294
1 528 692
1 529 5959
1 531 7
1 532 5312
1 533 10672
1 534 4066
1 535 5789
1 536 2325
1 539 1184
1 540 5255
1 541 1547
1 542 1391
1 543 8709
1 544 9738
1 545 9400
1 546 64
1 547 7203
1 548 7623
1 549 1010
1 550 13833
1 551 2636
1 553 3047
1 554 7980
1 556 22081
1 557 2667
1 558 2763
1 559 10861
1 560 3134
1 561 5193
1 562 2630
1 563 4705
1 564 2661
1 565 31610
1 566 7449
1 567 2523
1 568 10317
1 569 4420
1 570 4325
1 571 2535
1 572 927
1 573 16257
1 574 3184
1 575 2671
1 576 3274
1 577 11500
1 578 2098
1 579 11704
1 580 3129
1 582 4800
1 583 3103
1 584 12467
1 585 7258
1 586 618
1 587 9108
1 588 4245
1 589 6535
1 590 7597
1 591 11111
1 592 5980
1 594 5383
1 596 7220
1 597 4248
1 598 3211
1 599 5524
1 601 17207
1 602 10522
1 603 8810
1 604 3592
1 605 11629
1 606 3749
1 607 4499
1 608 414
1 609 9431
1 610 2554
1 611 8869
1 612 9302
1 613 3355
1 614 1091
1 615 8250
1 616 7321
1 617 4218
1 618 13697
1 619 5953
1 620 565
1 621 14391
1 622 2449
1 623 5263
1 624 3860
1 625 701
1 626 3662
1 627 14055
1 628 6807
1 629 13950
1 630 13780
1 631 6606
1 632 6847
1 634 1287
1 635 7931
1 636 5743
1 637 1726
1 638 5066
1 639 222
1 640 6375
1 641 3695
1 642 5461
1 643 4302
1 647 5259
1 648 4622
1 649 2403
1 651 3030
1 652 22748
1 653 36285
1 655 2367
1 656 2635
1 657 2672
1 658 5959
1 659 3838
1 660 964
1 661 3903
1 662 499
1 663 4798
1 664 622
1 665 21144
1 666 5955
1 667 2584
1 668 3632
1 669 10283
1 671 6883
1 672 4927
1 673 4644
1 674 5185
1 676 21237
1 678 4540
1 681 5133
1 682 5028
1 683 1883
1 685 9355
1 686 7538
1 687 3489
1 688 12012
1 689 10753
1 691 7675
1 692 7981
1 693 11722
1 694 3115
1 695 1362
1 696 8320
1 697 6744
1 698 12752
1 699 19089
1 700 6323
1 701 13550
1 703 1661
1 704 2709
1 705 1908
1 706 1188
1 707 8294
1 708 4572
1 709 7269
1 710 8146
1 711 2059
1 712 7
1 713 3385
1 715 8400
1 716 13910
1 718 10186
1 719 4700
1 721 2601
1 722 658
1 723 1608
1 724 323
1 725 10970
1 726 6377
1 727 5946
1 728 4920
1 729 2493
1 730 7970
1 731 4130
1 732 10746
1 733 5165
1 734 3952
1 735 6235
1 737 5981
1 738 13351
1 739 3309
1 740 3883
1 741 10542
1 742 87
1 744 19497
1 745 7414
1 747 7373
1 748 6056
1 750 5858
1 751 3307
1 752 5473
1 753 9381
1 754 17429
1 755 19094
1 756 9243
1 757 6312
1 758 1738
1 759 18269
1 760 8416
1 761 4620
1 762 12135
1 763 19245
1 764 9272
1 765 4178
1 766 29
1 767 6538
1 768 10999
1 769 6145
1 770 2922
1 771 8308
1 772 12811
1 774 847
1 775 2201
1 776 8330
1 777 2550
1 778 10341
1 779 19397
1 780 1879
1 781 7004
1 782 4402
1 783 172
1 784 4373
1 785 1314
1 786 13350
1 787 1360
1 788 8214
1 789 7931
1 790 3818
1 791 14736
1 792 214
1 793 5670
1 795 5137
1 796 19766
1 797 4219
1 798 1983
1 799 9206
1 800 5691
1 801 2041
1 802 20390
1 803 5303
1 804 11660
1 805 2025
1 806 10376
1 807 6327
1 808 2927
1 809 643
1 810 3207
1 811 2246
1 812 916
1 813 6804
1 814 18869
1 815 21560
1 816 5667
1 819 2030
1 820 7109
1 821 3742
1 822 9720
1 823 5851
1 824 94
1 825 5278
1 826 8063
1 827 5545
1 829 9486
1 830 11997
1 832 5757
1 833 26848
1 837 6838
1 838 6030
1 839 1280
1 840 1498
1 841 12600
1 842 9649
1 843 2487
1 844 1928
1 845 350
1 846 4026
1 847 2625
1 848 3064
1 849 23846
1 850 6116
1 852 10092
1 853 3042
1 854 3173
1 855 2906
1 856 17799
1 857 2772
1 859 7044
1 860 341
1 861 1107
1 862 5436
1 864 9119
1 865 6232
1 866 3906
1 867 9534
1 868 5558
1 870 1000
1 871 5703
1 872 9929
1 873 8275
1 874 290
1 876 7240
1 877 3605
1 878 8402
1 879 4151
1 880 2954
1 881 5047
1 882 2498
1 883 20163
1 884 7426
1 885 5487
1 886 7285
1 888 28
1 889 12975
1 890 5003
1 891 21899
1 892 3832
1 893 2303
1 894 2005
1 895 9961
1 896 9536
1 897 27
1 898 22892
1 899 8140
1 900 3412
1 901 2016
1 902 4922
1 904 2426
1 905 4614
1 907 12843
1 908 61
1 909 750
1 911 6893
1 912 1772
1 913 6725
1 914 7640
1 915 13684
1 917 314
1 918 8710
1 919 9553
1 920 5387
1 921 1879
1 922 7450
1 924 8912
1 925 3397
1 926 15329
1 928 4626
1 929 2328
1 930 10859
1 932 1265
1 933 3641
1 934 3462
1 935 943
1 936 7836
1 938 5899
1 940 2496
1 941 3818
1 942 5998
1 943 5080
1 945 2492
1 946 1708
1 947 2809
1 948 6765
1 949 13337
1 950 490
1 951 7747
1 952 4755
1 953 12529
1 954 845
1 955 5310
1 956 4095
1 957 15984
1 958 5303
1 959 23503
1 960 2765
1 962 4873
1 963 5363
1 965 6987
1 966 9211
1 967 14064
1 969 1472
1 970 12470
1 971 2725
1 973 3992
1 974 1761
1 975 19603
1 976 4769
1 977 10840
1 978 5991
1 980 10090
1 981 9423
1 982 2474
1 983 7354
1 984 4593
1 985 1999
1 986 3532
1 987 573
1 988 7521
1 989 10906
1 990 4521
1 991 12065
1 992 2138
1 993 19202
1 994 7978
1 995 10126
1 996 8899
1 997 2674
1 998 7383
1 999 6966
1 1000 10689
1 1001 7971
1 1002 4881
1 1003 12335
1 1004 1996
1 1005 2528
1 1006 20293
1 1007 9431
1 1008 713
1 1009 4016
1 1010 14568
1 1012 8539
1 1014 7589
1 1015 7100
1 1016 11083
1 1017 6694
1 1018 3491
1 1019 483
1 1020 338
1 1021 2970
1 1022 13902
1 1023 13916
1 1024 10875
1 1025 8687
1 1026 1261
1 1027 14218
1 1028 786
1 1029 923
1 1031 319
1 1032 3064
1 1033 5903
1 1034 4513
1 1035 2572
1 1036 5682
1 1037 3344
1 1039 1844
1 1040 13766
1 1041 7572
1 1042 6010
1 1043 12538
1 1044 3749
1 1045 1044
1 1046 20859
1 1047 9934
1 1048 2796
1 1050 11672
1 1051 128
1 1052 3550
1 1053 8503
1 1054 470
1 1055 2702
1 1056 33881
1 1057 317
1 1058 273
1 1059 9587
1 1060 8320
1 1061 4249
1 1062 13620
1 1063 5457
1 1065 10822
1 1066 4510
1 1067 2346
1 1068 15993
1 1069 6035
1 1070 6611
1 1071 214
1 1072 15502
1 1073 5945
1 1074 4032
1 1075 6868
1 1077 10861
1 1078 21815
1 1079 4532
1 1080 10825
1 1081 3815
1 1082 296
1 1083 23740
1 1084 9300
1 1085 12987
1 1086 15827
1 1087 2220
1 1089 15939
1 1090 8015
1 1091 7600
1 1092 5117
1 1093 5835
1 1094 6754
1 1095 4007
1 1097 2563
1 1098 2602
1 1099 7845
1 1100 4253
1 1101 1730
1 1102 990
1 1103 19318
1 1104 17700
1 1105 5661
1 1106 6226
1 1107 19566
1 1108 13158
1 1109 445
1 1110 4940
1 1112 5890
1 1114 11742
1 1115 6531
1 1116 5949
1 1117 2957
1 1118 2150
1 1119 1196
1 1120 6609
1 1121 5258
1 1122 4151
1 1123 13216
1 1124 2002
1 1125 9573
1 1126 4934
1 1127 8968
1 1128 478
1 1129 3733
1 1130 5130
1 1131 13142
1 1132 10359
1 1133 3579
1 1134 9823
1 1135 3482
1 1136 2912
1 1137 4846
1 1138 875
1 1139 5459
1 1140 5729
1 1141 11073
1 1142 7874
1 1143 2477
1 1144 2284
1 1145 5379
1 1146 2760
1 1147 3291
1 1148 8370
1 1149 10413
1 1150 5179
1 1151 2230
1 1152 2698
1 1153 1639
1 1154 18028
1 1155 2667
1 1156 4777
1 1157 13114
1 1159 3655
1 1160 10256
1 1162 8240
1 1164 12252
1 1165 18
1 1166 6512
1 1167 1539
1 1168 877
1 1169 862
1 1170 3839
1 1171 400
1 1172 4304
1 1173 1106
1 1175 3298
1 1176 4912
1 1178 7699
1 1179 7758
1 1180 4111
1 1181 13681
1 1182 14889
1 1183 5211
1 1184 1776
1 1185 7300
1 1186 6281
1 1187 4459
1 1188 1306
1 1189 7615
1 1190 4016
1 1191 4384
1 1192 5206
1 1193 3085
1 1194 2579
1 1195 4167
1 1196 6806
1 1197 463
1 1198 8523
1 1199 2993
1 1200 7206
1 1201 680
1 1203 4809
1 1204 2280
1 1205 2740
1 1207 1544
1 1208 6050
1 1209 9177
1 1210 2421
1 1211 1967
1 1212 6081
1 1213 6169
1 1214 1066
1 1215 2302
1 1216 6986
1 1217 6701
1 1218 5871
1 1219 641
1 1221 12722
1 1222 11041
1 1223 14680
1 1224 10356
1 1225 413
1 1226 4781
1 1228 3880
1 1229 4648
1 1230 1941
1 1231 3661
1 1232 3180
1 1233 7327
1 1234 5034
1 1235 4215
1 1236 3487
1 1237 10655
1 1238 4826
1 1239 514
1 1240 4671
1 1241 3875
1 1242 15249
1 1243 2062
1 1244 4631
1 1245 17110
1 1246 5736
1 1247 5016
1 1248 8696
1 1249 2336
1 1250 6729
1 1251 6623
1 1252 14530
1 1253 11571
1 1254 19238
1 1255 4537
1 1256 11389
1 1257 5406
1 1258 4953
1 1260 9017
1 1261 3341
1 1262 2411
1 1263 8544
1 1264 1586
1 1265 770
1 1266 3448
1 1267 5978
1 1268 10103
1 1269 6794
1 1270 3651
1 1271 10287
1 1272 3037
1 1273 1672
1 1274 5198
1 1275 3650
1 1276 4630
1 1277 8164
1 1278 4128
1 1279 4600
1 1280 7424
1 1281 9177
1 1282 7299
1 1283 9785
1 1284 11306
1 1285 10609
1 1287 4066
1 1288 10506
1 1289 13716
1 1290 3883
1 1293 591
1 1294 16503
1 1295 5185
1 1296 4903
1 1297 8288
1 1298 1739
1 1299 5179
1 1300 13675
1 1301 4547
1 1302 12377
1 1303 427
1 1304 8004
1 1305 9707
1 1306 2243
1 1308 6861
1 1309 5505
1 1310 717
1 1311 4958
1 1312 7582
1 1313 6375
1 1314 1292
1 1315 6123
1 1316 3733
1 1317 11671
1 1318 20302
1 1319 18502
1 1320 15921
1 1321 3863
1 1322 2458
1 1324 7397
1 1325 5748
1 1326 22898
1 1327 10644
1 1328 1918
1 1330 1561
1 1331 13758
1 1332 6190
1 1333 5
1 1334 942
1 1335 20169
1 1336 8634
1 1337 14996
1 1338 3372
1 1339 4464
1 1340 9660
1 1342 1277
1 1343 19886
1 1344 13907
1 1345 11880
1 1346 6726
1 1347 7651
1 1349 6426
1 1350 2643
1 1351 4093
1 1352 5922
1 1353 3927
1 1354 11472
1 1355 11065
1 1356 7407
1 1357 1899
1 1358 1513
1 1359 3508
1 1360 12754
1 1361 11087
1 1362 5024
1 1364 6524
1 1365 1496
1 1366 5401
1 1367 3425
1 1368 3429
1 1370 10711
1 1371 1317
1 1372 4414
1 1373 6283
1 1374 4113
1 1375 8397
1 1376 3212
1 1377 5889
1 1378 2346
1 1379 2735
1 1380 2534
1 1381 29634
1 1382 6067
1 1383 1219
1 1384 484
1 1385 2514
1 1388 1399
1 1389 3487
1 1392 5124
1 1393 14378
1 1394 10522
1 1395 3128
1 1397 2626
1 1398 3903
1 1399 2425
1 1401 2097
1 1402 1137
1 1403 13735
1 1405 12518
1 1406 6270
1 1407 4383
1 1408 11139
1 1409 3105
1 1410 1568
1 1411 13970
1 1412 12011
1 1413 2191
1 1414 10771
1 1415 2323
1 1416 12301
1 1417 1503
1 1418 5111
1 1419 4531
1 1420 13482
1 1421 2320
1 1422 1307
1 1423 2099
1 1424 2944
1 1425 6788
1 1427 7538
1 1428 10446
1 1429 5835
1 1430 1487
1 1431 8019
1 1432 1523
1 1433 3350
1 1435 4812
1 1437 8008
1 1438 9954
1 1441 663
1 1442 15950
1 1444 3812
1 1446 13363
1 1447 13477
1 1448 10493
1 1449 9268
1 1450 4928
1 1452 2810
1 1453 1345
1 1454 2805
1 1455 20221
1 1457 2385
1 1458 8269
1 1459 3602
1 1462 4714
1 1463 1661
1 1464 1026
1 1465 421
1 1466 4246
1 1467 9576
1 1468 5925
1 1469 19754
1 1470 18093
1 1471 3713
1 1472 5665
1 1474 6613
1 1475 15371
1 1477 5379
1 1479 23893
1 1480 1527
1 1481 2929
1 1482 2847
1 1483 156
1 1485 4042
1 1486 7424
1 1487 6743
1 1488 9087
1 1489 452
1 1490 7309
1 1491 1842
1 1492 10651
1 1493 65
1 1494 371
1 1495 5492
1 1496 9983
1 1497 9178
1 1498 2467
1 1499 7632
1 1500 3070
1 1501 1128
1 1502 2003
1 1503 3519
1 1504 1001
1 1505 2848
1 1506 4341
1 1507 645
1 1508 1051
1 1510 5163
1 1511 275
1 1512 2071
1 1513 1982
1 1514 3253
1 1515 14368
1 1516 12391
1 1517 3505
1 1519 2537
1 1520 237
1 1521 6729
1 1522 9344
1 1523 8830
1 1524 7629
1 1525 12762
1 1527 21446
1 1528 6550
1 1529 15531
1 1531 1395
1 1532 7074
1 1533 2043
1 1534 3159
1 1536 6207
1 1537 7971
1 1538 8280
1 1540 5007
1 1541 1826
1 1542 11379
1 1543 14912
1 1544 7542
1 1545 292
1 1546 12216
1 1548 2694
1 1549 10321
1 1550 10413
1 1551 13530
1 1552 4396
1 1553 2453
1 1555 8835
1 1556 13313
1 1557 6039
1 1558 7425
1 1559 51
1 1560 2645
1 1561 2895
1 1562 2573
1 1563 4920
1 1564 4715
1 1565 14722
1 1566 1330
1 1567 4689
1 1568 2526
1 1570 4473
1 1571 2931
1 1573 387
1 1574 13248
1 1576 7293
1 1577 932
1 1578 28702
1 1579 100
1 1580 5229
1 1581 5009
1 1582 16195
1 1583 4305
1 1584 9123
1 1585 9721
1 1586 2746
1 1587 6385
1 1588 7468
1 1589 7028
1 1590 4883
1 1591 3387
1 1592 4189
1 1593 4723
1 1594 6584
1 1595 5801
1 1596 4364
1 1597 6365
1 1598 423
1 1599 6408
1 1600 7932
1 1601 7669
1 1602 4646
1 1603 5503
1 1604 4174
1 1605 4824
1 1606 847
1 1607 1474
1 1608 3900
1 1609 4855
1 1610 9034
1 1611 7431
1 1612 3615
1 1613 6428
1 1614 9180
1 1616 173
1 1617 7944
1 1618 11532
1 1619 16684
1 1620 2804
1 1621 3132
1 1622 954
1 1623 1290
1 1624 2566
1 1625 808
1 1626 13646
1 1627 9680
1 1628 11134
1 1629 1118
1 1630 4648
1 1632 14821
1 1633 9000
1 1634 5092
1 1635 18907
1 1636 3220
1 1637 2342
1 1638 56
1 1639 9658
1 1640 3131
1 1642 2820
1 1643 10361
1 1644 18446
1 1645 3867
1 1646 6894
1 1647 10952
1 1648 13586
1 1649 6661
1 1650 14677
1 1651 10885
1 1652 2828
1 1653 3965
1 1654 2958
1 1655 4773
1 1656 9386
1 1657 2007
1 1658 7946
1 1659 15070
1 1660 2723
1 1661 2271
1 1662 8512
1 1663 9331
1 1664 4729
1 1665 5625
1 1666 17873
1 1668 6130
1 1669 4291
1 1670 24864
1 1671 1018
1 1672 4924
1 1673 2711
1 1674 3067
1 1676 3512
1 1677 5536
1 1678 7203
1 1679 11191
1 1680 23613
1 1681 5291
1 1682 9689
1 1683 3894
1 1684 2167
1 1685 5692
1 1687 4409
1 1688 8934
1 1689 4594
1 1690 30240
1 1691 6249
1 1692 3367
1 1694 12009
1 1695 1648
1 1696 10593
1 1697 8511
1 1698 6825
1 1700 4460
1 1703 3203
1 1704 7
1 1705 49
1 1706 14
1 1707 1348
1 1708 9985
1 1709 7090
1 1710 6924
1 1711 4383
1 1712 3554
1 1713 23
1 1714 13286
1 1715 6224
1 1716 4533
1 1717 4485
1 1718 1114
1 1719 6556
1 1720 7212
1 1721 675
1 1722 6009
1 1723 5657
1 1725 7232
1 1726 14410
1 1727 3855
1 1728 3210
1 1730 42
1 1731 7025
1 1732 4349
1 1734 2520
1 1735 1275
1 1736 9138
1 1737 4722
1 1738 5432
1 1739 7849
1 1740 16936
1 1742 3276
1 1743 248
1 1744 292
1 1747 4539
1 1748 16
1 1749 3533
1 1750 4882
1 1751 7579
1 1752 882
1 1754 1575
1 1755 3190
1 1757 10402
1 1758 7195
1 1759 235
1 1760 2554
1 1761 4429
1 1762 1052
1 1763 7640
1 1764 5758
1 1765 16717
1 1767 7873
1 1769 2275
1 1770 5006
1 1771 15526
1 1774 21
1 1775 8425
1 1776 1743
1 1777 4320
1 1778 3162
1 1779 6494
1 1780 6687
1 1781 9058
1 1782 7917
1 1783 2561
1 1784 9137
1 1785 15832
1 1786 2069
1 1787 2814
1 1788 2162
1 1789 631
1 1790 334
1 1791 3561
1 1792 5939
1 1796 3743
1 1797 6011
1 1798 7917
1 1799 1194
1 1801 1614
1 1802 10599
1 1803 26980
1 1804 8583
1 1805 3683
1 1806 6264
1 1807 749
1 1808 3613
1 1809 13448
1 1810 11322
1 1811 473
1 1812 6866
1 1813 6258
1 1814 12040
1 1815 5092
1 1816 3558
1 1817 3898
1 1818 2428
1 1819 10780
1 1820 334
1 1821 4909
1 1822 4898
1 1824 5800
1 1825 11282
1 1826 12970
1 1827 240
1 1828 3335
1 1830 629
1 1832 4130
1 1833 6716
1 1834 14909
1 1835 3201
1 1836 1613
1 1837 2474
1 1839 14925
1 1840 4430
1 1841 16733
1 1842 7427
1 1843 453
1 1844 3307
1 1845 12936
1 1846 4104
1 1847 254
1 1848 638
1 1849 2538
1 1850 4024
1 1851 11738
1 1853 4857
1 1854 6909
1 1855 4573
1 1856 7400
1 1857 523
1 1859 3011
1 1860 4052
1 1861 937
1 1862 3513
1 1863 3396
1 1864 1416
1 1865 3025
1 1866 6167
1 1867 1954
1 1868 2766
1 1869 3469
1 1870 3952
1 1871 10567
1 1872 6683
1 1873 7416
1 1876 5377
1 1877 9092
1 1878 8619
1 1879 9153
1 1880 3188
1 1882 1037
1 1883 6038
1 1884 3069
1 1885 5186
1 1886 18790
1 1887 3595
1 1888 3409
1 1889 3986
1 1890 10381
1 1891 2403
1 1892 2101
1 1893 7627
1 1894 3532
1 1895 12081
1 1897 1434
1 1899 13180
1 1900 7556
1 1901 3534
1 1902 5473
1 1903 3336
1 1904 9792
1 1905 6658
1 1906 510
1 1907 11549
1 1908 11817
1 1909 5244
1 1910 2482
1 1911 1584
1 1912 2493
1 1913 2327
1 1914 3576
1 1915 10063
1 1916 5900
1 1918 8446
1 1920 6860
1 1921 4376
1 1922 4024
1 1923 5396
1 1924 8318
1 1925 9551
1 1926 978
1 1927 527
1 1928 575
1 1929 3706
1 1930 15016
1 1931 3139
1 1932 4269
1 1933 16307
1 1934 5129
1 1935 2388
1 1936 2786
1 1937 271
1 1939 9381
1 1940 4046
1 1941 527
1 1942 4816
1 1943 1096
1 1944 5869
1 1945 2506
1 1946 4089
1 1947 7088
1 1948 1101
1 1949 274
1 1950 8978
1 1951 9922
1 1952 10372
1 1953 2481
1 1954 8260
1 1955 7537
1 1956 3605
1 1957 7346
1 1958 936
1 1960 3906
1 1962 2685
1 1963 5349
1 1964 12477
1 1965 3453
1 1966 3796
1 1967 16203
1 1968 4465
1 1969 342
1 1970 3616
1 1971 1593
1 1972 11952
1 1973 3138
1 1975 6075
1 1976 15942
1 1977 10262
1 1978 9066
1 1979 8082
1 1980 19528
1 1981 2939
1 1982 24901
1 1983 1199
1 1984 10494
1 1985 21685
1 1986 668
1 1987 5242
1 1989 2616
1 1993 7728
1 1994 2488
1 1996 108
1 1997 3408
1 1998 507
1 1999 5275
2 0 9346
2 1 17640
2 2 12389
2 3 5276
2 4 6212
2 5 15140
2 6 8676
2 7 10458
2 8 9681
2 9 1284
2 10 8526
2 11 1117
2 12 11128
2 13 7305
2 14 4727
2 15 1316
2 16 8848
2 18 3926
2 19 3929
2 20 10723
2 21 7662
2 22 4810
2 23 7741
2 24 6704
2 25 6025
2 26 2391
2 27 6632
2 29 7208
2 30 2361
2 31 15142
2 33 5191
2 34 700
2 35 1245
2 36 8448
2 37 2683
2 38 11895
2 39 9139
2 40 11949
2 41 2422
2 42 26147
2 43 1768
2 44 4780
2 45 7324
2 46 3802
2 47 4217
2 48 5541
2 49 3106
2 50 4227
2 51 13205
2 52 5077
2 55 372
2 56 19196
2 58 6911
2 59 7355
2 60 10034
2 62 3796
2 63 6554
2 64 1819
2 65 5534
2 66 1215
2 67 4000
2 68 5704
2 69 20349
2 70 1321
2 71 89
2 72 281
2 73 7457
2 74 11538
2 75 3099
2 76 3969
2 78 11410
2 79 10667
2 80 5025
2 81 3113
2 82 764
2 84 5746
2 85 7221
2 86 5522
2 88 10753
2 89 838
2 90 482
2 91 3562
2 92 4950
2 93 5591
2 94 6903
2 97 293
2 99 7233
2 100 3977
2 101 7771
2 102 16614
2 103 5546
2 104 4305
2 105 6592
2 106 15327
2 107 7797
2 108 6325
2 109 4326
2 110 5869
2 111 7321
2 112 1985
2 113 5947
2 114 7299
2 115 7648
2 116 6154
2 117 12738
2 118 1157
2 119 3091
2 120 13881
2 122 8037
2 123 9054
2 124 7985
2 125 4667
2 126 9068
2 127 8399
2 128 9050
2 129 5026
2 131 4971
2 132 428
2 134 5737
2 135 12742
2 136 4802
2 137 7415
2 138 11151
2 139 8147
2 140 17592
2 141 8509
2 142 1265
2 143 5332
2 145 3276
2 146 23363
2 149 4302
2 150 5605
2 152 1459
2 153 2957
2 154 2331
2 155 5612
2 156 3544
2 158 15556
2 159 1424
2 160 7091
2 161 4767
2 162 2846
2 164 26682
2 165 9990
2 166 5577
2 167 6477
2 168 4113
2 169 7523
2 171 4815
2 172 11476
2 173 4264
2 174 3660
2 175 1937
2 176 4287
2 177 2165
2 178 3107
2 179 1612
2 180 10607
2 181 1451
2 182 8200
2 183 3742
2 184 34449
2 185 10565
2 186 10548
2 187 8434
2 188 6258
2 189 1550
2 190 47
2 191 12998
2 192 4232
2 193 3637
2 194 5276
2 195 553
2 196 3414
2 197 2537
2 199 5943
2 200 7775
2 201 2581
2 202 4883
2 204 7187
2 205 4875
2 206 25260
2 207 2356
2 208 9726
2 210 1880
2 211 7837
2 212 6849
2 213 8410
2 214 3940
2 215 3840
2 216 5710
2 218 8195
2 220 8659
2 221 29
2 223 8419
2 224 6973
2 225 27168
2 226 36589
2 227 6809
2 228 3434
2 229 3064
2 230 15606
2 231 8848
2 232 15097
2 233 14938
2 234 8633
2 235 14337
2 237 2904
2 238 5942
2 239 4084
2 241 8344
2 242 16540
2 243 7044
2 244 828
2 245 342
2 246 1585
2 247 13697
2 249 7351
2 250 10916
2 251 10153
2 252 4156
2 254 86
2 255 5012
2 256 5385
2 257 3466
2 258 67
2 259 11836
2 260 7450
2 261 6372
2 262 740
2 263 4151
2 264 11255
2 265 7525
2 266 9355
2 268 2316
2 269 5013
2 270 1974
2 271 4208
2 272 2851
2 273 16208
2 274 11177
2 276 3695
2 277 3226
2 278 9498
2 279 7506
2 280 58
2 282 4968
2 283 8047
2 284 7315
2 285 10158
2 286 3412
2 287 3806
2 288 2798
2 289 3802
2 291 5332
2 292 3393
2 293 2493
2 295 9415
2 297 8
2 298 4716
2 299 295
2 300 4699
2 301 5985
2 302 9430
2 303 15764
2 304 9096
2 305 4129
2 306 4028
2 307 13905
2 308 3321
2 309 8190
2 310 2637
2 311 3158
2 312 4002
2 313 10130
2 314 3790
2 315 4155
2 316 4325
2 317 7285
2 318 6678
2 319 10318
2 320 9009
2 321 7970
2 322 5115
2 323 10747
2 324 3316
2 325 3913
2 326 10732
2 327 577
2 328 3126
2 329 13096
2 330 5586
2 331 1406
2 332 9110
2 333 2011
2 334 516
2 335 3960
2 336 11636
2 337 5176
2 338 3878
2 339 1124
2 341 10219
2 343 660
2 344 12173
2 345 1661
2 346 5521
2 347 1649
2 348 11340
2 349 3740
2 350 5738
2 351 4450
2 352 6363
2 354 4074
2 355 14589
2 356 3491
2 358 2623
2 359 2553
2 360 656
2 361 2044
2 362 7309
2 363 9553
2 364 2568
2 365 3245
2 366 3560
2 367 322
2 368 6226
2 370 3645
2 371 4526
2 372 6380
2 373 5195
2 374 3317
2 375 15261
2 376 3921
2 377 500
2 378 19655
2 379 1362
2 380 6583
2 381 3461
2 383 2047
2 384 1333
2 385 4332
2 387 906
2 388 1081
2 389 1986
2 391 21
2 392 3757
2 393 4764
2 394 5424
2 395 1247
2 396 11334
2 397 5376
2 398 2861
2 399 4237
2 400 10006
2 401 9460
2 403 4710
2 404 3870
2 405 3008
2 406 356
2 407 3069
2 409 6124
2 410 5807
2 411 18356
2 412 1683
2 413 7841
2 414 6306
2 415 3303
2 416 10205
2 417 2389
2 418 11835
2 419 742
2 420 2410
2 421 15539
2 422 573
2 423 1933
2 424 17223
2 425 4516
2 426 3001
2 427 4387
2 428 5455
2 429 7295
2 430 4696
2 431 4569
2 432 9300
2 433 8568
2 434 11142
2 435 15819
2 436 18165
2 437 6
2 438 6056
2 439 3135
2 440 13561
2 441 333
2 442 13398
2 443 13244
2 444 2897
2 445 7846
2 446 8109
2 447 6222
2 448 8012
2 449 8519
2 450 1204
2 451 12284
2 452 5234
2 453 20477
2 454 9574
2 455 1314
2 456 24513
2 457 5911
2 458 3640
2 459 3592
2 460 6749
2 461 6499
2 462 5079
2 463 2632
2 464 3268
2 465 117
2 466 8816
2 468 6735
2 469 13498
2 470 8881
2 471 3165
2 472 14207
2 473 1247
2 474 3340
2 475 5797
2 476 3048
2 478 8977
2 479 3912
2 480 2437
2 481 9770
2 482 11623
2 483 444
2 484 2320
2 485 7740
2 486 5305
2 487 1247
2 488 2990
2 489 6251
2 490 3901
2 491 2
2 492 8116
2 493 4990
2 494 1397
2 495 17638
2 497 8705
2 499 2769
2 500 4213
2 501 3117
2 502 3764
2 503 5381
2 504 4870
2 505 2630
2 506 6879
2 507 5135
2 508 91
2 509 11955
2 510 4580
2 511 265
2 512 6557
2 513 13752
2 515 10947
2 516 5565
2 517 2579
2 518 554
2 519 1346
2 520 12359
2 521 2349
2 523 26163
2 524 6329
2 525 16083
2 527 7164
2 528 2079
2 530 8965
2 532 7442
2 533 3787
2 534 3857
2 535 1944
2 536 7939
2 537 2647
2 538 3626
2 539 3285
2 540 8817
2 541 10686
2 542 17231
2 543 4801
2 544 8582
2 545 1692
2 546 7592
2 547 15662
2 548 3134
2 549 37502
2 551 3120
2 552 3040
2 553 9826
2 555 2855
2 556 3745
2 557 5725
2 558 11118
2 559 6861
2 560 20163
2 561 4184
2 562 5739
2 563 173
2 564 3228
2 565 9425
2 566 5250
2 567 6700
2 568 9007
2 569 11454
2 570 5692
2 571 5473
2 572 5190
2 573 386
2 574 10383
2 575 7307
2 576 5153
2 578 11523
2 579 9775
2 580 11503
2 581 5845
2 582 18348
2 584 6126
2 585 5061
2 586 8640
2 587 11505
2 588 12867
2 589 2892
2 590 88
2 591 838
2 592 4795
2 593 3096
2 594 10520
2 595 4696
2 596 4086
2 597 11337
2 598 1958
2 599 4160
2 600 10875
2 601 6688
2 602 2869
2 603 10857
2 604 12942
2 605 3036
2 606 5202
2 607 6922
2 608 3227
2 610 1836
2 611 2172
2 612 5179
2 613 341
2 614 9467
2 615 4810
2 617 5510
2 618 10380
2 619 13661
2 620 1192
2 622 4773
2 623 4005
2 624 3731
2 625 8626
2 626 3944
2 627 7143
2 628 4217
2 629 5982
2 630 10169
2 631 15996
2 633 4796
2 634 4417
2 635 11505
2 637 5776
2 638 12296
2 639 10857
2 640 1126
2 641 3917
2 643 92
2 644 10155
2 647 349
2 648 3196
2 649 8011
2 650 14790
2 651 59
2 652 2435
2 653 6990
2 654 4875
2 655 3251
2 656 14573
2 659 416
2 660 32
2 661 8190
2 662 1641
2 663 1519
2 664 4145
2 665 198
2 666 4792
2 667 4865
2 668 14037
2 669 9147
2 670 3367
2 671 11253
2 673 4292
2 674 20992
2 675 5401
2 676 12897
2 677 2759
2 678 6750
2 679 7869
2 680 16174
2 681 2642
2 682 17604
2 683 5415
2 684 4753
2 685 7937
2 686 1590
2 687 4417
2 688 5888
2 689 8286
2 690 23594
2 691 16056
2 692 4951
2 693 5191
2 694 3766
2 695 14923
2 696 8657
2 697 2277
2 698 8417
2 699 1597
2 700 19951
2 701 10787
2 702 4497
2 703 5055
2 704 5547
2 705 5765
2 706 4456
2 707 11584
2 708 17367
2 709 1364
2 712 9889
2 713 6021
2 714 2953
2 715 2904
2 716 19125
2 717 7183
2 718 16270
2 720 9969
2 721 9968
2 722 15139
2 723 6164
2 724 12101
2 725 15706
2 726 12240
2 727 4710
2 728 4620
2 729 1497
2 730 11065
2 731 3298
2 732 5803
2 733 7011
2 734 2912
2 735 1085
2 736 6966
2 737 1529
2 740 2258
2 741 223
2 742 3527
2 744 1597
2 745 4164
2 746 18018
2 747 6673
2 748 8528
2 749 2343
2 750 3676
2 752 5025
2 754 6365
2 755 5089
2 756 2700
2 757 3645
2 758 1252
2 759 8917
2 760 13744
2 761 1432
2 762 5420
2 764 7121
2 767 3781
2 768 5698
2 769 2061
2 770 842
2 771 8534
2 773 4348
2 774 2911
2 775 4212
2 776 1612
2 777 3869
2 778 8867
2 780 2505
2 781 19146
2 782 18596
2 783 2809
2 784 2905
2 785 7128
2 787 11847
2 788 5022
2 789 3356
2 790 6733
2 791 12265
2 793 5244
2 794 2004
2 795 13046
2 796 7147
2 797 12167
2 798 16182
2 799 3403
2 800 9071
2 801 9466
2 802 11564
2 803 3823
2 804 3964
2 805 12781
2 806 7328
2 807 13909
2 808 8938
2 809 3641
2 810 6741
2 811 11889
2 812 6180
2 813 5546
2 814 19137
2 815 6848
2 816 865
2 817 5520
2 818 8919
2 819 2650
2 820 5511
2 822 23933
2 823 2465
2 824 13813
2 825 2933
2 826 2844
2 827 475
2 828 973
2 829 3674
2 830 5099
2 831 4861
2 832 3865
2 833 5720
2 834 22985
2 836 2454
2 837 52
2 838 11303
2 839 4590
2 840 3388
2 841 13345
2 842 6215
2 843 4673
2 844 7174
2 845 6135
2 846 2008
2 847 8027
2 848 10770
2 851 5335
2 852 12807
2 853 9819
2 854 4159
2 855 7855
2 857 12279
2 858 7282
2 859 8176
2 860 7359
2 861 274
2 862 243
2 863 7558
2 864 9667
2 865 8341
2 866 4615
2 867 4335
2 868 6862
2 869 7722
2 870 15334
2 871 10445
2 872 7001
2 873 6742
2 874 8973
2 875 13350
2 876 11257
2 877 4778
2 878 4332
2 879 6670
2 880 9344
2 881 10015
2 882 1444
2 883 1021
2 886 6308
2 888 16702
2 889 4871
2 890 10126
2 891 2345
2 892 3754
2 894 13454
2 895 24474
2 896 3109
2 897 4407
2 898 2185
2 899 2108
2 900 14578
2 901 4732
2 902 4808
2 903 11325
2 904 6376
2 905 1572
2 906 4434
2 907 4573
2 908 16607
2 910 2939
2 911 6898
2 912 5004
2 913 3444
2 914 13162
2 915 4628
2 916 1158
2 917 11360
2 918 3898
2 919 6110
2 920 1320
2 921 377
2 922 3608
2 923 8732
2 924 14519
2 925 7392
2 927 2159
2 928 11255
2 930 5391
2 931 741
2 932 8911
2 933 1967
2 934 16599
2 935 10946
2 936 6435
2 937 2647
2 938 892
2 939 8146
2 940 5645
2 941 1974
2 942 6414
2 943 5344
2 945 2662
2 946 6741
2 947 3968
2 948 3503
2 949 3539
2 950 1700
2 952 520
2 953 7840
2 954 3683
2 955 14609
2 956 3720
2 958 15338
2 959 11352
2 960 2590
2 961 2926
2 962 19844
2 963 1217
2 965 6108
2 966 7667
2 967 2480
2 968 5287
2 969 2986
2 970 4570
2 971 19658
2 973 1500
2 974 6585
2 975 297
2 976 2415
2 977 5752
2 979 15903
2 980 4289
2 981 8861
2 982 2681
2 983 895
2 984 6173
2 985 5631
2 986 14544
2 987 9175
2 988 4324
2 989 14673
2 990 4280
2 991 8249
2 992 4543
2 993 11279
2 994 1199
2 995 4227
2 996 11884
2 997 975
2 998 4853
2 999 13013
2 1001 9521
2 1002 7817
2 1003 6121
2 1004 192
2 1005 3750
2 1006 7949
2 1007 1541
2 1008 3236
2 1009 4916
2 1010 2629
2 1011 10121
2 1012 13871
2 1013 13508
2 1015 6912
2 1016 1695
2 1017 14796
2 1018 5724
2 1019 30683
2 1020 5659
2 1021 199
2 1022 9092
2 1024 5383
2 1025 12158
2 1026 7762
2 1027 3307
2 1028 11224
2 1029 4533
2 1030 4402
2 1032 5640
2 1033 5378
2 1034 18733
2 1035 4462
2 1036 8348
2 1037 15492
2 1038 3975
2 1039 6063
2 1040 20792
2 1041 4937
2 1042 2955
2 1043 9452
2 1044 3513
2 1045 8692
2 1046 7747
2 1047 12312
2 1048 7612
2 1049 5610
2 1050 1906
2 1051 3494
2 1052 6311
2 1053 5948
2 1054 12787
2 1055 2173
2 1056 5972
2 1057 2503
2 1058 12243
2 1059 5666
2 1060 4164
2 1061 3567
2 1063 10448
2 1064 274
2 1065 3718
2 1066 5
2 1067 13681
2 1069 14235
2 1070 7764
2 1071 2579
2 1072 6521
2 1073 6111
2 1074 1943
2 1075 792
2 1076 1550
2 1077 23
2 1078 1820
2 1079 347
2 1080 1014
2 1082 8572
2 1083 8238
2 1084 293
2 1085 2720
2 1086 3315
2 1087 1888
2 1088 3630
2 1089 7586
2 1090 5289
2 1091 6596
2 1092 6308
2 1093 781
2 1094 4540
2 1095 10772
2 1096 984
2 1097 6474
2 1098 1267
2 1099 13912
2 1100 6842
2 1101 2178
2 1102 5296
2 1103 4548
2 1104 3627
2 1105 544
2 1106 5835
2 1107 722
2 1108 7515
2 1109 8326
2 1110 1574
2 1111 1091
2 1112 7218
2 1113 7062
2 1114 7539
2 1115 1260
2 1116 5983
2 1118 4925
2 1119 2434
2 1120 19242
2 1121 5161
2 1122 4286
2 1123 487
2 1124 13662
2 1125 7134
2 1126 8549
2 1127 8790
2 1128 1706
2 1129 449
2 1130 11650
2 1131 5679
2 1132 2865
2 1133 8393
2 1135 9668
2 1136 73
2 1137 216
2 1138 6444
2 1139 21438
2 1140 6694
2 1141 16144
2 1142 2215
2 1143 1479
2 1146 1446
2 1147 9579
2 1148 11750
2 1149 14719
2 1150 2086
2 1151 6333
2 1152 3530
2 1153 4181
2 1154 3163
2 1155 4616
2 1156 2951
2 1157 23
2 1158 25106
2 1159 28715
2 1160 4887
2 1161 8215
2 1162 3785
2 1163 10084
2 1164 11374
2 1165 4263
2 1166 13482
2 1167 6308
2 1168 4362
2 1169 6098
2 1170 5488
2 1171 4422
2 1172 6299
2 1173 9085
2 1174 7787
2 1175 4119
2 1176 5136
2 1177 2889
2 1178 1975
2 1181 4993
2 1182 3768
2 1183 4184
2 1184 1149
2 1185 4463
2 1186 2890
2 1188 3523
2 1189 7999
2 1190 3442
2 1191 1401
2 1192 7960
2 1193 6291
2 1194 6135
2 1195 1441
2 1196 11943
2 1197 9080
2 1199 4169
2 1200 14322
2 1201 2255
2 1202 4762
2 1203 1637
2 1204 9471
2 1205 5050
2 1207 18928
2 1209 3
2 1210 19
2 1211 10086
2 1212 1318
2 1213 11196
2 1214 9000
2 1215 1276
2 1216 4605
2 1218 16421
2 1219 651
2 1220 18105
2 1221 5891
2 1224 9889
2 1225 2680
2 1226 7427
2 1227 14198
2 1228 8396
2 1229 144
2 1230 632
2 1231 4357
2 1232 4899
2 1233 5304
2 1234 10338
2 1235 8232
2 1236 16517
2 1237 4171
2 1238 7430
2 1239 10270
2 1240 2897
2 1242 1009
2 1243 10427
2 1245 15753
2 1246 3838
2 1247 5736
2 1248 6173
2 1249 10702
2 1250 3572
2 1251 9778
2 1252 2389
2 1253 11329
2 1254 4885
2 1255 5921
2 1256 1557
2 1257 1218
2 1258 19070
2 1260 4563
2 1261 1621
2 1262 4364
2 1263 20899
2 1264 7685
2 1265 12198
2 1266 4753
2 1267 3810
2 1268 262
2 1269 9914
2 1270 4292
2 1271 7370
2 1272 21086
2 1273 229
2 1274 3772
2 1275 5665
2 1276 686
2 1277 17249
2 1279 4735
2 1280 1971
2 1281 16248
2 1282 7668
2 1283 15090
2 1284 4072
2 1285 5466
2 1286 8066
2 1287 5455
2 1288 2564
2 1289 11419
2 1291 94
2 1292 2100
2 1294 1577
2 1295 5942
2 1296 2663
2 1297 12010
2 1298 1445
2 1299 7337
2 1300 19394
2 1301 6738
2 1302 7728
2 1303 2200
2 1304 3910
2 1306 3342
2 1307 730
2 1308 9355
2 1309 5136
2 1310 5035
2 1311 10204
2 1312 2335
2 1313 8676
2 1315 5037
2 1316 11823
2 1317 13333
2 1318 13805
2 1320 6001
2 1321 7196
2 1322 6210
2 1323 3918
2 1324 3939
2 1326 10666
2 1327 13010
2 1328 14803
2 1329 811
2 1330 7833
2 1331 1866
2 1332 2795
2 1333 9875
2 1334 6986
2 1335 4096
2 1336 3266
2 1337 9032
2 1338 14739
2 1339 2263
2 1341 814
2 1342 5009
2 1343 2749
2 1344 5064
2 1345 4692
2 1346 11193
2 1347 16052
2 1349 1829
2 1350 582
2 1351 2777
2 1352 5226
2 1353 5539
2 1354 7098
2 1355 15974
2 1356 3503
2 1357 7146
2 1358 10676
2 1359 9426
2 1360 3051
2 1361 1719
2 1362 5434
2 1363 6180
2 1365 6870
2 1366 4640
2 1367 2807
2 1368 2029
2 1369 9203
2 1370 18557
2 1372 13569
2 1373 7308
2 1375 13889
2 1376 11250
2 1377 2364
2 1378 14902
2 1379 4734
2 1380 228
2 1381 4479
2 1382 15031
2 1383 8415
2 1384 8976
2 1385 1805
2 1386 7079
2 1387 10299
2 1388 2323
2 1389 6453
2 1391 8299
2 1392 4453
2 1393 7385
2 1394 4555
2 1395 7469
2 1396 7246
2 1398 2406
2 1399 2795
2 1400 2430
2 1401 2290
2 1402 1720
2 1403 4038
2 1404 35
2 1405 3526
2 1406 1215
2 1407 6366
2 1408 14192
2 1409 2557
2 1410 3877
2 1411 1523
2 1412 1609
2 1413 17387
2 1414 2125
2 1415 9302
2 1416 12264
2 1417 7173
2 1419 8936
2 1421 14862
2 1422 6885
2 1423 12384
2 1424 4066
2 1425 25534
2 1427 640
2 1428 2371
2 1429 6357
2 1431 8259
2 1432 13013
2 1433 10856
2 1434 3945
2 1435 11169
2 1436 9283
2 1438 9481
2 1439 6272
2 1440 1507
2 1441 2776
2 1442 10861
2 1443 278
2 1444 1943
2 1445 12710
2 1446 3827
2 1447 321
2 1448 31698
2 1449 7903
2 1450 3506
2 1452 6258
2 1453 412
2 1454 5443
2 1455 8977
2 1456 23188
2 1457 9351
2 1458 2145
2 1459 3022
2 1460 9608
2 1461 10593
2 1462 7507
2 1463 2326
2 1464 6545
2 1466 4906
2 1467 16580
2 1468 3722
2 1470 1386
2 1471 13691
2 1472 15403
2 1473 112
2 1474 22831
2 1476 10020
2 1477 5074
2 1478 3604
2 1479 9585
2 1480 5019
2 1481 14668
2 1482 11829
2 1483 10252
2 1484 2468
2 1485 4226
2 1486 6093
2 1488 2680
2 1489 4332
2 1490 8891
2 1491 7764
2 1493 240
2 1494 280
2 1495 12830
2 1496 4599
2 1497 2988
2 1498 247
2 1499 13555
2 1500 894
2 1501 137
2 1502 12815
2 1503 1095
2 1504 15102
2 1506 4102
2 1507 1858
2 1508 4041
2 1509 4688
2 1510 9229
2 1511 3487
2 1512 9431
2 1513 3410
2 1514 926
2 1515 1677
2 1516 3360
2 1517 656
2 1518 7510
2 1519 6629
2 1520 2448
2 1521 1078
2 1522 4416
2 1523 7074
2 1524 179
2 1525 17
2 1526 4191
2 1527 16688
2 1528 7773
2 1529 5024
2 1530 7923
2 1531 9696
2 1533 9310
2 1534 11273
2 1535 2175
2 1536 6981
2 1537 10170
2 1539 2408
2 1540 1466
2 1541 4580
2 1542 8850
2 1543 1150
2 1544 5388
2 1545 5477
2 1546 13386
2 1547 13992
2 1548 2386
2 1550 1205
2 1552 1107
2 1553 5693
2 1554 651
2 1555 9782
2 1556 4002
2 1557 7791
2 1558 18334
2 1559 13
2 1560 12905
2 1561 3166
2 1562 15214
2 1563 7814
2 1564 9
2 1565 12839
2 1566 10646
2 1567 952
2 1568 9798
2 1569 5140
2 1570 3822
2 1571 144
2 1572 10239
2 1573 14362
2 1574 23363
2 1575 4832
2 1576 1967
2 1577 4725
2 1579 6524
2 1580 10138
2 1581 2691
2 1582 1811
2 1583 299
2 1584 9023
2 1585 1943
2 1586 12645
2 1588 185
2 1589 313
2 1590 3331
2 1591 1877
2 1592 9756
2 1594 7154
2 1595 3215
2 1596 610
2 1597 475
2 1598 9
2 1599 28321
2 1601 5
2 1602 1593
2 1603 2804
2 1604 4059
2 1605 4171
2 1606 6113
2 1607 7450
2 1608 28278
2 1609 3635
2 1611 10913
2 1612 11153
2 1614 9723
2 1615 7733
2 1616 6052
2 1617 295
2 1618 3245
2 1619 7891
2 1621 1875
2 1622 10091
2 1623 3804
2 1624 2428
2 1625 2370
2 1626 4292
2 1627 2080
2 1628 14387
2 1629 2929
2 1631 6266
2 1633 4720
2 1634 17358
2 1635 6743
2 1636 2942
2 1637 6546
2 1638 3129
2 1639 5307
2 1641 7560
2 1642 1868
2 1643 7601
2 1644 4110
2 1646 1206
2 1647 2146
2 1648 4692
2 1649 2661
2 1650 13616
2 1651 2270
2 1652 9465
2 1653 9088
2 1654 16660
2 1656 5851
2 1657 1826
2 1658 2861
2 1659 2125
2 1661 9132
2 1662 413
2 1663 6348
2 1665 3406
2 1666 8677
2 1667 218
2 1668 2266
2 1669 9935
2 1670 5595
2 1671 8077
2 1672 4324
2 1673 8621
2 1674 618
2 1675 5277
2 1676 6117
2 1677 5336
2 1678 7025
2 1679 1098
2 1680 4433
2 1681 1680
2 1682 210
2 1683 3570
2 1684 10143
2 1685 8758
2 1687 9375
2 1689 5163
2 1690 1352
2 1692 6979
2 1693 16023
2 1694 7973
2 1695 2477
2 1697 42033
2 1698 2715
2 1699 7586
2 1700 3804
2 1702 3878
2 1703 9416
2 1704 8893
2 1705 809
2 1706 30482
2 1707 8056
2 1708 22096
2 1709 5674
2 1710 1629
2 1711 13
2 1712 3811
2 1713 2267
2 1715 4748
2 1716 8688
2 1717 15503
2 1718 7105
2 1719 4926
2 1721 501
2 1722 10798
2 1723 2535
2 1724 13448
2 1725 10004
2 1726 7816
2 1728 3096
2 1729 910
2 1730 7064
2 1731 4880
2 1732 4282
2 1733 17993
2 1734 6202
2 1735 7907
2 1736 4270
2 1737 4950
2 1738 4995
2 1740 5039
2 1741 230
2 1742 4992
2 1744 538
2 1745 11102
2 1746 3770
2 1747 14612
2 1748 7441
2 1749 7545
2 1750 4129
2 1751 8
2 1752 7912
2 1754 4394
2 1755 6485
2 1756 5204
2 1757 7949
2 1759 4732
2 1760 2371
2 1761 63
2 1762 13298
2 1763 6799
2 1765 7824
2 1766 8441
2 1768 6651
2 1769 7922
2 1770 10930
2 1772 1408
2 1774 8162
2 1775 13476
2 1776 2336
2 1777 7514
2 1778 8269
2 1779 537
2 1780 12480
2 1781 1735
2 1782 3938
2 1784 14332
2 1785 1857
2 1787 4542
2 1789 7307
2 1790 15677
2 1792 12787
2 1794 8668
2 1795 12592
2 1796 297
2 1797 4057
2 1798 1403
2 1799 5502
2 1800 4943
2 1801 162
2 1802 2736
2 1803 11778
2 1804 4939
2 1805 6129
2 1806 10227
2 1807 10244
2 1808 7617
2 1809 6749
2 1811 15654
2 1812 6481
2 1813 569
2 1816 12328
2 1817 8401
2 1818 3622
2 1819 15994
2 1821 4544
2 1822 3255
2 1823 8298
2 1824 943
2 1825 4438
2 1826 5782
2 1827 6414
2 1828 277
2 1829 9303
2 1831 8230
2 1832 8756
2 1833 5193
2 1834 1734
2 1835 12645
2 1837 10023
2 1838 4029
2 1839 2056
2 1840 7658
2 1841 7409
2 1842 8033
2 1843 5222
2 1844 9083
2 1845 10837
2 1846 14331
2 1847 6021
2 1848 5914
2 1849 2449
2 1850 1708
2 1851 1429
2 1852 2056
2 1853 7923
2 1854 3679
2 1855 16537
2 1856 4357
2 1857 9242
2 1858 2509
2 1859 7132
2 1860 10677
2 1861 5399
2 1862 6389
2 1863 15033
2 1864 6493
2 1865 6035
2 1866 6882
2 1867 1368
2 1868 3653
2 1870 11369
2 1871 4776
2 1872 11167
2 1873 3528
2 1874 4898
2 1875 10881
2 1877 18600
2 1878 5481
2 1879 4209
2 1880 15170
2 1881 5016
2 1882 10305
2 1883 239
2 1884 9062
2 1885 3834
2 1886 9272
2 1888 855
2 1889 5023
2 1890 2635
2 1891 12693
2 1892 8075
2 1893 4098
2 1894 16817
2 1895 4246
2 1896 5847
2 1897 8789
2 1900 3814
2 1901 6156
2 1902 1040
2 1903 11229
2 1904 5181
2 1905 7983
2 1906 15170
2 1907 15417
2 1908 10644
2 1909 6992
2 1910 2643
2 1911 7271
2 1912 7041
2 1913 7121
2 1914 1549
2 1915 3141
2 1917 5115
2 1918 9835
2 1920 2806
2 1921 17408
2 1923 9250
2 1924 2534
2 1925 16091
2 1926 5563
2 1927 1711
2 1928 734
2 1929 7448
2 1930 2180
2 1931 7332
2 1932 7964
2 1934 4404
2 1935 3267
2 1936 448
2 1937 13677
2 1938 1824
2 1939 9057
2 1940 1966
2 1941 7243
2 1942 8500
2 1943 11472
2 1944 5045
2 1945 6421
2 1946 13003
2 1947 5829
2 1948 3460
2 1950 259
2 1951 383
2 1952 6228
2 1953 10831
2 1954 7855
2 1955 31142
2 1956 4223
2 1957 8359
2 1958 6061
2 1959 8033
2 1961 1883
2 1962 6527
2 1963 2407
2 1965 2324
2 1966 2786
2 1967 1288
2 1968 1386
2 1969 97
2 1970 15
2 1971 20067
2 1972 3995
2 1973 4555
2 1974 5709
2 1975 3486
2 1976 1257
2 1977 4482
2 1978 112
2 1979 16036
2 1980 7626
2 1982 2512
2 1983 8537
2 1984 2229
2 1985 9371
2 1986 4299
2 1987 7819
2 1988 13203
2 1989 14203
2 1990 18004
2 1991 1256
2 1992 5310
2 1993 3888
2 1994 22450
2 1995 4030
2 1996 8082
2 1997 15691
2 1998 15153
2 1999 7235
3 0 8680
3 1 3270
3 2 537
3 3 4308
3 4 8835
3 5 8804
3 6 5830
3 7 1283
3 8 9633
3 10 11064
3 11 4132
3 12 15564
3 13 3786
3 14 6005
3 16 7575
3 17 26072
3 18 15506
3 19 2453
3 20 4035
3 21 1348
3 22 4067
3 23 12140
3 25 30307
3 26 23777
3 27 2464
3 28 8718
3 29 6873
3 30 3411
3 31 25125
3 32 944
3 33 3144
3 34 4709
3 35 8635
3 36 8186
3 38 2506
3 39 6844
3 40 6840
3 41 3098
3 43 20674
3 44 2761
3 45 9678
3 46 10614
3 47 8035
3 48 8516
3 49 5537
3 50 17883
3 51 21021
3 52 4769
3 54 1323
3 55 3912
3 56 5223
3 57 1272
3 58 12
3 59 11859
3 61 5214
3 62 3615
3 63 1818
3 64 1661
3 65 3621
3 66 2004
3 67 10708
3 68 3018
3 69 1685
3 70 6588
3 71 5495
3 72 11995
3 73 283
3 74 8103
3 75 189
3 76 312
3 77 5791
3 78 1371
3 79 5604
3 80 1865
3 81 6047
3 82 3695
3 83 10790
3 84 4891
3 85 5648
3 86 2129
3 87 25293
3 88 12047
3 89 974
3 90 6141
3 91 4656
3 92 7203
3 93 3745
3 94 9931
3 95 4782
3 97 11807
3 98 2856
3 99 8788
3 100 1601
3 101 9549
3 102 530
3 103 6170
3 104 3904
3 105 20960
3 106 942
3 107 9694
3 108 9374
3 109 12809
3 110 8906
3 111 6265
3 112 519
3 113 8034
3 114 6812
3 115 5861
3 117 13835
3 119 2923
3 120 1340
3 122 5028
3 124 2906
3 126 4408
3 127 8546
3 129 1368
3 130 7008
3 131 1043
3 132 4191
3 133 11530
3 134 2996
3 135 25356
3 136 5763
3 137 2822
3 138 1324
3 139 3121
3 140 10501
3 141 3117
3 142 1316
3 144 4782
3 146 2733
3 147 6883
3 148 5296
3 149 13546
3 151 17007
3 152 4288
3 154 26299
3 155 284
3 156 6826
3 157 17941
3 158 9020
3 159 19611
3 160 1321
3 161 5910
3 162 7826
3 163 3140
3 164 2949
3 165 4051
3 166 6467
3 167 19450
3 168 14626
3 169 5849
3 170 26420
3 171 15877
3 172 3512
3 173 7220
3 174 24532
3 175 3470
3 177 4253
3 178 9458
3 179 12754
3 180 6059
3 181 5423
3 182 4853
3 183 2414
3 184 2697
3 186 25442
3 191 3831
3 192 10130
3 193 4119
3 194 8278
3 195 9726
3 196 8339
3 197 13110
3 198 2009
3 199 5499
3 200 10049
3 201 8687
3 202 1289
3 203 12581
3 205 3237
3 206 5656
3 207 1030
3 208 2712
3 209 9525
3 210 2209
3 212 11182
3 213 1752
3 214 5043
3 216 7577
3 217 2239
3 218 4136
3 219 1861
3 221 7912
3 223 1653
3 225 3975
3 226 2620
3 227 13351
3 228 14203
3 229 7179
3 230 12583
3 231 1873
3 232 7345
3 233 5562
3 234 6076
3 235 8182
3 236 857
3 237 2655
3 238 2775
3 239 8519
3 240 8084
3 242 1850
3 243 1332
3 244 6771
3 245 2390
3 246 202
3 248 12862
3 249 14771
3 250 5581
3 251 3109
3 252 6681
3 253 3227
3 254 6339
3 255 5975
3 256 5457
3 258 19640
3 259 6563
3 260 2143
3 261 13766
3 262 9115
3 263 5962
3 264 1728
3 265 7182
3 267 6641
3 269 10138
3 270 5429
3 271 6132
3 273 13217
3 274 15530
3 275 7482
3 276 14249
3 277 1583
3 278 8248
3 279 4779
3 280 11451
3 281 3222
3 282 1692
3 283 2958
3 284 13956
3 285 1552
3 286 3233
3 287 5235
3 288 3694
3 289 3948
3 290 17094
3 291 7626
3 292 7993
3 293 1611
3 294 213
3 295 10652
3 296 6266
3 297 5618
3 298 6911
3 299 4844
3 300 5397
3 301 8416
3 302 6225
3 303 1251
3 304 19431
3 305 6564
3 306 8060
3 307 2932
3 308 1366
3 309 6452
3 310 6883
3 311 435
3 312 7990
3 313 14725
3 314 4661
3 315 15650
3 316 11592
3 317 33833
3 318 4049
3 319 5698
3 320 1486
3 321 14012
3 322 6370
3 323 4103
3 324 6345
3 325 989
3 326 4987
3 327 6687
3 328 6167
3 329 13330
3 330 5246
3 331 4868
3 332 4456
3 333 299
3 334 933
3 335 8026
3 336 2990
3 337 11742
3 338 6566
3 340 1759
3 341 6939
3 342 21
3 343 14192
3 344 20192
3 345 9386
3 346 2939
3 347 4253
3 348 7455
3 349 7339
3 350 4367
3 351 886
3 352 1231
3 353 1280
3 354 2704
3 355 9315
3 356 1276
3 357 9582
3 358 3190
3 359 10143
3 360 18257
3 361 4440
3 362 2388
3 363 5805
3 364 6095
3 365 549
3 366 2842
3 369 5737
3 370 6543
3 371 3955
3 372 5498
3 373 16882
3 374 10852
3 376 9381
3 377 2719
3 378 1519
3 380 4677
3 381 4236
3 382 6406
3 383 6859
3 384 7218
3 385 9906
3 387 3562
3 388 11542
3 389 5763
3 391 5137
3 392 311
3 393 5663
3 394 24453
3 396 1147
3 397 2360
3 398 6780
3 399 10145
3 400 12979
3 401 6762
3 403 7391
3 404 10342
3 405 1696
3 406 11616
3 407 5187
3 408 15248
3 409 4364
3 410 1197
3 411 4747
3 412 4281
3 413 22693
3 414 30570
3 415 4008
3 416 1425
3 417 1521
3 418 9578
3 419 12910
3 421 20769
3 422 5569
3 423 2505
3 424 1706
3 425 5523
3 426 4064
3 427 2770
3 428 10816
3 429 10299
3 430 5589
3 431 1053
3 432 148
3 433 8666
3 434 6534
3 435 4944
3 436 5447
3 437 3490
3 438 4160
3 439 4163
3 440 11096
3 441 4039
3 442 2044
3 443 14521
3 444 8227
3 445 1059
3 447 5265
3 449 11
3 451 15744
3 452 2785
3 453 7403
3 454 4752
3 455 21097
3 456 7088
3 458 7127
3 459 4169
3 460 1646
3 461 7476
3 462 6401
3 463 2777
3 464 15083
3 465 8286
3 466 12080
3 467 10820
3 468 4187
3 470 878
3 471 9544
3 472 1069
3 473 5093
3 474 7962
3 476 3615
3 477 3860
3 478 53
3 480 1681
3 482 6125
3 483 8758
3 484 9984
3 485 13980
3 486 8092
3 488 5148
3 489 10227
3 490 4850
3 491 281
3 492 14985
3 493 3281
3 494 315
3 495 7870
3 496 9423
3 497 8260
3 498 1408
3 499 7262
3 501 5344
3 502 3191
3 503 19599
3 504 3726
3 505 21820
3 506 1302
3 507 11223
3 509 2618
3 511 6142
3 512 5295
3 513 12581
3 516 1481
3 517 5447
3 518 6364
3 520 4346
3 521 1613
3 522 2466
3 523 3915
3 524 11888
3 525 5263
3 526 6883
3 527 309
3 528 1532
3 529 1626
3 530 6089
3 531 11969
3 533 16
3 534 13010
3 535 535
3 536 5865
3 537 7113
3 538 6539
3 539 9141
3 540 6075
3 541 22218
3 542 5909
3 544 4392
3 545 5310
3 546 1099
3 547 1333
3 548 396
3 550 6480
3 551 10443
3 552 11551
3 553 8461
3 554 923
3 555 920
3 556 3664
3 557 374
3 558 13540
3 560 15505
3 561 3487
3 562 6075
3 563 8058
3 564 1876
3 565 5731
3 566 4618
3 567 8826
3 568 10538
3 569 3793
3 570 5402
3 571 10385
3 572 13158
3 573 15978
3 574 3051
3 575 5113
3 576 15841
3 577 5530
3 578 2718
3 579 1667
3 580 609
3 581 7496
3 582 2767
3 585 3644
3 586 3514
3 587 113
3 588 2852
3 589 8830
3 590 9318
3 591 1644
3 592 3280
3 593 2110
3 594 9364
3 595 1590
3 596 1573
3 598 3562
3 599 1219
3 600 2417
3 601 5620
3 602 1090
3 603 5859
3 604 1951
3 605 5431
3 606 5139
3 607 7872
3 608 7393
3 609 2238
3 610 624
3 611 135
3 612 5306
3 613 4655
3 614 12930
3 616 2214
3 618 18725
3 619 6982
3 620 16319
3 621 9225
3 622 254
3 623 2775
3 624 6488
3 626 2365
3 627 3253
3 628 6638
3 629 8490
3 631 7776
3 633 1779
3 634 4473
3 635 9570
3 636 158
3 637 3061
3 638 387
3 639 5251
3 640 5445
3 641 9121
3 642 1929
3 643 15709
3 644 11829
3 645 13406
3 646 7874
3 647 8271
3 648 6032
3 649 3234
3 650 3471
3 651 20948
3 652 3947
3 653 6426
3 654 2850
3 656 1107
3 657 3355
3 658 10559
3 660 18125
3 661 1687
3 663 6891
3 664 11176
3 665 7894
3 666 3761
3 667 6979
3 669 6347
3 670 4215
3 671 1500
3 672 2770
3 673 9477
3 674 4245
3 675 12921
3 676 3103
3 677 1923
3 678 2925
3 679 3682
3 680 1120
3 681 5276
3 682 7089
3 683 7049
3 684 3738
3 685 111
3 686 13846
3 687 1519
3 688 2414
3 689 4096
3 690 1985
3 691 9780
3 693 3217
3 694 4166
3 695 1398
3 696 22700
3 697 1433
3 698 8064
3 700 4572
3 701 4
3 702 13886
3 704 3740
3 705 2627
3 706 9358
3 707 14
3 710 4875
3 711 6701
3 712 7394
3 713 14979
3 714 23780
3 715 1208
3 716 3380
3 717 7705
3 718 7559
3 719 4412
3 720 293
3 721 7289
3 722 1820
3 723 2815
3 724 452
3 725 26282
3 726 5114
3 727 2404
3 728 5538
3 729 8574
3 730 11815
3 731 8302
3 732 9305
3 733 2913
3 734 3227
3 735 2406
3 736 11112
3 738 3730
3 739 2415
3 740 1942
3 741 6216
3 742 2510
3 743 2974
3 744 2319
3 745 6260
3 746 4063
3 747 2486
3 748 4275
3 749 10154
3 751 2652
3 752 2696
3 753 4844
3 754 3697
3 755 2800
3 758 11203
3 759 6068
3 760 934
3 761 5460
3 762 2139
3 763 5759
3 764 5054
3 766 6353
3 767 4181
3 768 978
3 769 5725
3 770 2930
3 771 7176
3 772 7678
3 773 5129
3 774 11460
3 775 8560
3 776 6814
3 777 3779
3 778 27975
3 779 6585
3 780 924
3 781 8442
3 782 4877
3 783 10727
3 785 145
3 786 5505
3 787 604
3 788 20893
3 789 10468
3 790 11605
3 793 1595
3 794 3541
3 795 17317
3 796 1212
3 797 7933
3 798 5984
3 800 12253
3 802 5857
3 803 8558
3 804 5338
3 805 9
3 806 852
3 807 7763
3 808 5450
3 809 7907
3 810 4628
3 811 755
3 812 379
3 813 8345
3 815 1868
3 816 5182
3 817 13131
3 818 8816
3 819 17981
3 820 7601
3 821 3975
3 822 13932
3 823 13545
3 824 2885
3 825 10360
3 826 9004
3 827 8726
3 828 18693
3 829 426
3 830 4525
3 831 2274
3 832 2951
3 833 15025
3 834 10744
3 835 23714
3 836 65
3 837 4184
3 838 3726
3 839 9614
3 840 964
3 841 6181
3 842 5701
3 843 10347
3 844 3824
3 845 6645
3 846 10105
3 847 2773
3 848 3633
3 849 1379
3 850 1048
3 851 12422
3 853 4017
3 854 4014
3 855 12363
3 857 988
3 858 2822
3 859 418
3 860 3665
3 862 11567
3 863 2376
3 864 6644
3 865 1088
3 866 26544
3 867 3079
3 868 15852
3 870 6024
3 871 15728
3 872 12414
3 873 24591
3 874 9623
3 875 9535
3 877 1411
3 879 5227
3 880 5752
3 881 12082
3 882 37
3 883 3446
3 884 4049
3 885 14409
3 886 6933
3 887 11451
3 888 3833
3 889 15141
3 890 12617
3 891 4549
3 892 9924
3 893 9231
3 894 3435
3 895 20033
3 896 2194
3 898 6286
3 899 1813
3 900 2059
3 901 5911
3 903 8044
3 905 4561
3 906 1525
3 907 6689
3 909 3685
3 910 6487
3 911 985
3 912 3544
3 913 7455
3 914 23704
3 915 13516
3 917 2573
3 918 4533
3 920 10638
3 921 12835
3 922 12198
3 923 6468
3 924 2748
3 925 18631
3 926 6553
3 927 13041
3 928 4296
3 929 16939
3 930 3886
3 931 2641
3 932 2802
3 934 10624
3 935 3215
3 936 5453
3 937 11093
3 939 16063
3 940 9320
3 941 1788
3 942 7942
3 943 228
3 944 15413
3 945 293
3 947 4324
3 948 9462
3 949 6467
3 950 2747
3 953 3693
3 954 15986
3 958 5067
3 959 4590
3 960 11091
3 961 3739
3 962 11750
3 963 2546
3 964 2842
3 965 3356
3 966 8453
3 967 7529
3 968 7404
3 969 6752
3 970 2019
3 971 320
3 972 1193
3 973 7355
3 974 244
3 975 12181
3 976 3795
3 977 4814
3 978 20
3 979 5956
3 980 1791
3 981 3325
3 982 4451
3 983 4840
3 984 16052
3 985 8076
3 986 7066
3 987 6112
3 988 3504
3 989 8307
3 990 2064
3 993 6125
3 994 10314
3 995 347
3 996 2130
3 998 20179
3 999 5356
3 1000 37588
3 1001 6462
3 1002 4376
3 1003 5605
3 1004 3401
3 1005 16657
3 1006 788
3 1007 6222
3 1008 325
3 1009 10347
3 1010 1327
3 1011 2367
3 1012 9823
3 1013 3765
3 1014 3877
3 1015 22274
3 1016 16970
3 1017 6319
3 1018 4196
3 1019 1342
3 1020 890
3 1021 2779
3 1022 6284
3 1023 4425
3 1024 3093
3 1025 3851
3 1026 20579
3 1027 3207
3 1030 4274
3 1031 7054
3 1032 195
3 1033 1114
3 1034 8732
3 1035 4510
3 1036 2290
3 1037 962
3 1038 20
3 1039 4634
3 1040 8366
3 1043 10720
3 1044 6732
3 1045 4188
3 1047 7580
3 1048 15326
3 1049 924
3 1050 6554
3 1051 6039
3 1052 1722
3 1053 3071
3 1054 2946
3 1055 6583
3 1056 8789
3 1057 3677
3 1058 6974
3 1059 5279
3 1060 785
3 1061 15714
3 1062 2308
3 1063 194
3 1064 4833
3 1065 14852
3 1067 27804
3 1069 17417
3 1070 6164
3 1071 4132
3 1072 5781
3 1073 6577
3 1074 6818
3 1075 3266
3 1076 1869
3 1077 15992
3 1078 3085
3 1079 6306
3 1081 10987
3 1082 267
3 1083 15665
3 1084 4256
3 1085 15016
3 1087 6583
3 1088 7005
3 1089 23863
3 1090 5877
3 1091 8997
3 1093 3459
3 1094 9
3 1095 15244
3 1096 166
3 1097 2488
3 1098 1408
3 1099 11900
3 1100 12182
3 1102 2768
3 1103 7461
3 1106 9932
3 1107 8978
3 1108 2877
3 1110 10846
3 1111 4519
3 1112 7427
3 1113 1377
3 1114 1421
3 1115 2645
3 1116 24175
3 1117 11839
3 1118 14568
3 1119 10716
3 1120 601
3 1121 1829
3 1122 935
3 1123 5141
3 1124 3767
3 1125 1556
3 1126 586
3 1127 5229
3 1128 1658
3 1129 1795
3 1130 4373
3 1131 18097
3 1132 3342
3 1133 6078
3 1134 2936
3 1135 8169
3 1137 3422
3 1138 6851
3 1139 1394
3 1140 959
3 1141 8419
3 1142 10138
3 1143 2696
3 1145 14290
3 1146 41
3 1147 7864
3 1148 6575
3 1149 4350
3 1151 12085
3 1152 934
3 1153 16126
3 1154 6930
3 1156 5286
3 1157 8319
3 1158 4774
3 1159 6009
3 1160 3499
3 1161 859
3 1162 6824
3 1163 7415
3 1164 23783
3 1165 1528
3 1166 49
3 1168 2525
3 1169 3681
3 1170 13492
3 1171 5604
3 1172 10863
3 1173 12168
3 1174 3437
3 1175 2471
3 1176 7071
3 1177 2196
3 1178 1352
3 1179 11127
3 1181 5977
3 1182 8802
3 1183 8935
3 1185 3411
3 1186 6355
3 1187 3695
3 1189 3090
3 1190 20299
3 1191 3531
3 1192 2459
3 1193 22765
3 1194 4537
3 1195 2178
3 1197 10033
3 1198 9546
3 1199 48
3 1200 3531
3 1201 247
3 1202 1857
3 1203 6898
3 1204 738
3 1206 3044
3 1207 11329
3 1208 4687
3 1209 12809
3 1210 3133
3 1211 1431
3 1212 20722
3 1213 4721
3 1214 3936
3 1215 8
3 1216 9949
3 1217 8275
3 1218 3939
3 1219 5629
3 1220 6598
3 1221 4319
3 1222 18156
3 1223 2687
3 1224 5703
3 1225 30683
3 1226 2997
3 1227 7592
3 1228 5906
3 1229 2432
3 1230 3636
3 1231 4290
3 1232 11231
3 1233 4435
3 1234 2154
3 1235 3760
3 1236 13311
3 1237 4403
3 1238 1732
3 1239 9037
3 1240 15360
3 1242 1969
3 1243 9056
3 1244 2490
3 1245 3868
3 1246 4117
3 1247 9029
3 1248 7817
3 1249 6102
3 1250 9745
3 1251 2109
3 1252 28
3 1253 7253
3 1254 6849
3 1255 1509
3 1256 528
3 1257 2451
3 1258 2453
3 1259 9641
3 1260 4710
3 1261 4830
3 1262 1424
3 1264 18670
3 1265 6317
3 1266 7695
3 1267 228
3 1268 2733
3 1269 3540
3 1271 4367
3 1272 4896
3 1273 4505
3 1274 15612
3 1275 13516
3 1277 5639
3 1278 14473
3 1279 6928
3 1280 890
3 1281 1485
3 1282 17355
3 1283 8427
3 1284 7418
3 1287 3340
3 1288 3747
3 1289 59
3 1290 7159
3 1291 12111
3 1292 9483
3 1293 4832
3 1294 1845
3 1296 6916
3 1297 4078
3 1298 3957
3 1299 1662
3 1300 2864
3 1301 3766
3 1302 9189
3 1303 34238
3 1304 6573
3 1305 4527
3 1306 15213
3 1307 7707
3 1308 7085
3 1309 14159
3 1310 12101
3 1311 808
3 1312 10868
3 1313 6987
3 1314 3745
3 1315 3929
3 1316 3698
3 1317 4305
3 1319 3182
3 1320 1653
3 1321 12341
3 1322 2375
3 1323 9770
3 1324 186
3 1325 8940
3 1326 1714
3 1327 9729
3 1328 11348
3 1329 3632
3 1331 1266
3 1332 1787
3 1333 4013
3 1334 13456
3 1335 12068
3 1338 708
3 1339 5386
3 1340 10500
3 1341 19745
3 1342 6804
3 1343 15374
3 1344 9271
3 1345 2280
3 1346 3018
3 1348 10383
3 1349 3981
3 1350 4100
3 1351 17070
3 1352 7652
3 1353 4186
3 1354 4695
3 1355 4207
3 1356 1929
3 1357 253
3 1358 7113
3 1359 391
3 1360 6616
3 1361 13823
3 1362 6344
3 1364 1088
3 1365 2521
3 1366 942
3 1367 7573
3 1368 2840
3 1369 4532
3 1370 11512
3 1371 174
3 1372 2499
3 1373 9907
3 1374 1866
3 1375 7510
3 1376 4015
3 1378 4211
3 1379 1201
3 1380 3980
3 1381 6622
3 1382 3623
3 1383 11255
3 1384 9067
3 1385 13208
3 1386 18608
3 1387 6235
3 1388 5216
3 1390 9680
3 1391 1927
3 1392 12128
3 1393 14094
3 1394 4840
3 1395 12875
3 1397 11306
3 1398 1669
3 1399 2552
3 1400 6199
3 1402 1081
3 1403 3609
3 1405 155
3 1406 3806
3 1407 3432
3 1408 4158
3 1409 6080
3 1410 12219
3 1411 12196
3 1412 3632
3 1413 20557
3 1414 2349
3 1415 3723
3 1416 1560
3 1418 18053
3 1419 2704
3 1420 1358
3 1422 4386
3 1423 11951
3 1424 2770
3 1425 249
3 1426 7483
3 1427 8062
3 1429 2335
3 1430 7983
3 1431 8
3 1432 10507
3 1433 16714
3 1434 22205
3 1435 13987
3 1436 2386
3 1437 1270
3 1438 7493
3 1440 7556
3 1441 15397
3 1442 8671
3 1443 9623
3 1444 5298
3 1445 1133
3 1446 3131
3 1447 3713
3 1448 5807
3 1449 8307
3 1450 7317
3 1451 6095
3 1452 3203
3 1455 4161
3 1456 9382
3 1457 16646
3 1459 582
3 1460 5382
3 1461 3881
3 1462 19070
3 1464 8734
3 1465 3712
3 1466 6773
3 1467 11021
3 1468 8207
3 1469 3438
3 1470 6422
3 1471 3691
3 1472 16123
3 1473 344
3 1474 4960
3 1475 10961
3 1477 5765
3 1478 7919
3 1479 1015
3 1480 5853
3 1481 3891
3 1482 6798
3 1483 1136
3 1485 9325
3 1486 1778
3 1487 9762
3 1488 59
3 1489 3420
3 1490 7182
3 1491 1911
3 1492 4272
3 1493 9472
3 1494 2958
3 1495 4814
3 1496 13733
3 1497 7121
3 1498 1132
3 1500 4482
3 1501 9619
3 1502 10384
3 1503 19472
3 1504 8822
3 1505 4320
3 1507 6543
3 1508 5608
3 1509 7412
3 1511 7073
3 1512 12205
3 1513 7799
3 1514 4203
3 1515 5800
3 1516 5863
3 1518 6550
3 1519 6527
3 1520 20744
3 1521 14248
3 1522 7980
3 1523 4697
3 1524 9346
3 1525 3643
3 1526 377
3 1527 9093
3 1528 3592
3 1529 2967
3 1530 6807
3 1532 1511
3 1533 6164
3 1535 950
3 1536 1141
3 1537 8118
3 1538 6341
3 1539 7990
3 1540 3004
3 1541 3309
3 1542 6599
3 1543 4185
3 1544 2669
3 1545 2679
3 1546 5373
3 1547 7126
3 1548 7253
3 1549 4622
3 1550 328
3 1552 6805
3 1553 8623
3 1554 1047
3 1555 3604
3 1556 610
3 1557 2084
3 1558 5158
3 1559 24016
3 1560 4154
3 1561 8077
3 1562 3471
3 1563 5098
3 1564 341
3 1566 2295
3 1567 2353
3 1568 237
3 1569 3138
3 1570 5114
3 1571 7118
3 1572 7660
3 1573 11141
3 1574 10555
3 1575 2722
3 1577 11955
3 1578 9057
3 1579 6256
3 1581 6953
3 1582 11556
3 1583 423
3 1584 14698
3 1585 13010
3 1586 29266
3 1587 27005
3 1588 8543
3 1591 8159
3 1592 2512
3 1593 9850
3 1594 4934
3 1595 15029
3 1596 10981
3 1597 6048
3 1598 4946
3 1599 13137
3 1600 7090
3 1601 7298
3 1602 6120
3 1604 6105
3 1605 3315
3 1606 2662
3 1607 4984
3 1609 4978
3 1610 3055
3 1611 4640
3 1612 6700
3 1613 1454
3 1614 2728
3 1615 3243
3 1616 3205
3 1617 4248
3 1618 8239
3 1619 570
3 1620 3532
3 1621 3405
3 1622 2358
3 1623 4398
3 1624 10554
3 1625 15177
3 1626 717
3 1627 9982
3 1628 439
3 1630 1536
3 1632 5080
3 1633 7532
3 1634 4277
3 1636 22142
3 1637 18975
3 1638 4155
3 1639 14105
3 1640 11874
3 1641 4145
3 1642 3927
3 1643 1597
3 1645 10986
3 1647 3490
3 1648 9012
3 1649 9682
3 1650 9125
3 1651 13153
3 1652 4804
3 1653 2425
3 1654 12921
3 1655 2381
3 1656 5532
3 1657 122
3 1659 2857
3 1660 518
3 1661 5345
3 1662 8221
3 1663 3008
3 1664 31157
3 1665 3522
3 1666 3998
3 1667 1872
3 1668 5065
3 1669 3311
3 1670 14009
3 1671 4091
3 1672 22975
3 1673 4974
3 1674 1459
3 1675 3496
3 1676 2794
3 1677 6846
3 1678 17620
3 1679 1817
3 1680 15238
3 1681 4290
3 1682 11187
3 1683 7378
3 1684 4500
3 1685 4716
3 1686 1942
3 1688 11968
3 1689 7648
3 1690 5373
3 1693 19376
3 1694 5888
3 1695 16748
3 1696 304
3 1697 4607
3 1698 3706
3 1699 706
3 1700 5982
3 1701 5931
3 1702 664
3 1703 9750
3 1705 1535
3 1706 4879
3 1707 4553
3 1708 29565
3 1709 8122
3 1710 4152
3 1711 379
3 1712 6448
3 1713 16255
3 1715 1090
3 1716 4974
3 1717 11803
3 1718 7868
3 1719 8455
3 1720 5097
3 1721 1134
3 1722 8926
3 1723 5228
3 1724 8160
3 1725 2913
3 1726 7047
3 1727 10513
3 1728 5329
3 1729 11652
3 1730 5026
3 1731 3264
3 1732 4789
3 1733 6584
3 1734 4495
3 1735 4773
3 1736 4568
3 1737 708
3 1738 11839
3 1739 10687
3 1741 9470
3 1742 2491
3 1743 1065
3 1744 3052
3 1745 32659
3 1746 2116
3 1747 13102
3 1748 1273
3 1749 1738
3 1751 2784
3 1752 4130
3 1753 2662
3 1756 13887
3 1757 10515
3 1758 10742
3 1759 17616
3 1760 11444
3 1761 8675
3 1763 3042
3 1764 7898
3 1765 179
3 1766 14496
3 1768 14205
3 1769 2076
3 1770 2939
3 1771 3574
3 1773 11360
3 1775 8755
3 1776 13291
3 1778 3923
3 1779 1340
3 1780 15985
3 1781 13800
3 1782 7328
3 1783 15932
3 1784 1586
3 1785 11081
3 1786 2670
3 1787 6055
3 1788 1104
3 1789 4248
3 1790 18629
3 1791 10336
3 1792 5484
3 1793 3210
3 1794 2164
3 1795 6963
3 1796 692
3 1798 16552
3 1801 12001
3 1802 12312
3 1803 44
3 1804 6014
3 1805 10865
3 1806 6804
3 1807 4794
3 1808 2030
3 1809 6432
3 1810 385
3 1811 6496
3 1812 13756
3 1813 1395
3 1814 4717
3 1815 1807
3 1816 3325
3 1818 844
3 1819 4078
3 1820 2847
3 1821 3862
3 1822 719
3 1823 9524
3 1824 4179
3 1825 3353
3 1826 4834
3 1827 2685
3 1828 1264
3 1829 3899
3 1830 3207
3 1831 9132
3 1832 3861
3 1833 895
3 1834 6822
3 1835 3000
3 1836 9492
3 1837 14443
3 1838 1438
3 1839 33562
3 1840 1440
3 1841 7216
3 1842 5077
3 1843 13919
3 1844 7469
3 1845 1107
3 1846 28027
3 1848 1321
3 1849 12874
3 1850 3224
3 1851 4199
3 1852 4208
3 1853 5930
3 1854 1917
3 1856 8611
3 1858 4554
3 1859 2951
3 1860 6612
3 1861 2417
3 1862 3152
3 1863 9059
3 1864 2967
3 1865 3490
3 1866 1245
3 1867 4231
3 1868 11958
3 1869 4594
3 1870 4418
3 1871 3833
3 1872 5603
3 1873 11980
3 1874 7855
3 1875 3461
3 1876 5611
3 1877 6393
3 1878 5684
3 1879 14642
3 1880 7023
3 1881 19022
3 1882 5157
3 1883 19158
3 1884 3855
3 1885 8780
3 1886 6565
3 1887 64
3 1889 17461
3 1890 3222
3 1891 10611
3 1892 11582
3 1893 1068
3 1894 20537
3 1895 4429
3 1896 1144
3 1897 9768
3 1899 9013
3 1901 4827
3 1903 12386
3 1905 5399
3 1906 9229
3 1907 1582
3 1908 9190
3 1910 3684
3 1911 5285
3 1912 5735
3 1913 597
3 1914 6602
3 1915 5811
3 1916 1823
3 1917 7461
3 1918 3130
3 1919 4334
3 1920 7083
3 1921 2807
3 1922 6847
3 1924 2570
3 1925 21
3 1926 5964
3 1927 5131
3 1928 5882
3 1929 3808
3 1930 7817
3 1931 17173
3 1932 5660
3 1933 3881
3 1934 816
3 1935 12853
3 1936 4000
3 1939 6011
3 1940 6889
3 1941 3795
3 1942 5214
3 1943 4686
3 1944 15172
3 1945 14883
3 1946 1232
3 1947 17648
3 1948 1222
3 1949 5514
3 1950 1924
3 1951 8346
3 1953 517
3 1954 2709
3 1956 21643
3 1957 1744
3 1958 2774
3 1961 7987
3 1962 6060
3 1963 5925
3 1964 17850
3 1965 9154
3 1966 11678
3 1967 718
3 1968 6247
3 1969 37
3 1970 7044
3 1971 5603
3 1972 12554
3 1973 4470
3 1974 4210
3 1975 13359
3 1976 3154
3 1977 6729
3 1978 5840
3 1979 2418
3 1980 1287
3 1981 90
3 1983 6690
3 1984 5855
3 1985 6694
3 1986 105
3 1987 500
3 1988 5369
3 1989 3232
3 1990 4391
3 1991 9427
3 1993 6601
3 1994 5074
3 1995 5093
3 1996 7178
3 1997 14163
3 1998 9509
3 1999 3778
4 1 1989
4 2 2662
4 3 3659
4 4 4029
4 5 4394
4 6 3815
4 7 28267
4 8 780
4 9 9620
4 10 11840
4 11 9029
4 12 4242
4 14 12891
4 16 26896
4 17 9539
4 19 4100
4 20 7636
4 21 10068
4 22 13795
4 23 6579
4 24 2167
4 25 5171
4 26 229
4 27 1666
4 28 9020
4 29 1148
4 30 12595
4 31 2184
4 32 4329
4 33 4135
4 34 3775
4 35 6174
4 36 480
4 37 6919
4 38 11397
4 39 6360
4 40 3659
4 41 9399
4 42 314
4 43 899
4 44 4645
4 45 4444
4 46 2320
4 47 6759
4 48 953
4 49 1971
4 50 6812
4 51 2795
4 53 6329
4 54 13400
4 55 1555
4 56 216
4 57 2051
4 58 9037
4 59 2767
4 61 1712
4 62 8335
4 63 10106
4 65 9415
4 67 18069
4 70 7998
4 71 2337
4 72 6858
4 73 8691
4 74 14590
4 75 10191
4 76 4469
4 77 7949
4 78 46
4 79 3169
4 80 2616
4 81 3669
4 82 7643
4 83 5271
4 84 11518
4 85 2144
4 86 756
4 87 6588
4 88 67
4 89 11675
4 90 7379
4 92 3446
4 93 3204
4 94 5101
4 95 932
4 96 413
4 97 14256
4 98 15219
4 100 6202
4 102 5917
4 103 12561
4 104 2458
4 105 10821
4 106 2938
4 108 5334
4 109 4184
4 110 6157
4 111 4785
4 112 2990
4 113 2834
4 114 13101
4 115 3083
4 116 24176
4 117 7271
4 118 5891
4 119 6507
4 120 8259
4 122 14935
4 123 12039
4 124 4257
4 125 2609
4 126 3
4 127 2185
4 128 3187
4 129 8139
4 130 7847
4 131 7281
4 132 22745
4 135 3333
4 136 5092
4 137 7612
4 139 6563
4 141 11409
4 143 10185
4 144 4272
4 145 9383
4 146 750
4 147 11975
4 148 16504
4 149 2040
4 150 8692
4 151 7632
4 152 4726
4 153 2953
4 154 7092
4 155 6295
4 156 1402
4 157 4897
4 158 13038
4 160 3101
4 161 8123
4 162 2703
4 163 5131
4 164 14882
4 165 2137
4 166 6454
4 167 2566
4 169 3489
4 170 5044
4 171 3236
4 172 2846
4 173 7821
4 175 7533
4 176 10189
4 177 4766
4 178 18931
4 179 4007
4 180 2510
4 181 50
4 182 3543
4 183 1743
4 184 7833
4 188 6536
4 190 1400
4 192 5992
4 193 6561
4 194 66
4 195 7228
4 196 3170
4 197 908
4 198 2773
4 200 28646
4 202 15077
4 203 8360
4 204 5398
4 205 3816
4 206 13356
4 207 4008
4 209 2461
4 210 8411
4 213 3355
4 215 4225
4 216 5208
4 217 4054
4 218 4367
4 219 7303
4 220 6093
4 222 1363
4 224 1631
4 225 219
4 226 24236
4 227 3797
4 228 37
4 229 2674
4 230 2132
4 231 14493
4 234 2415
4 236 5087
4 237 4994
4 238 9387
4 239 4349
4 240 988
4 242 15497
4 243 4897
4 244 7077
4 245 3651
4 246 5360
4 247 1967
4 248 7787
4 249 1157
4 250 3016
4 251 8329
4 252 10045
4 253 3467
4 254 5699
4 255 15040
4 256 1924
4 257 13957
4 258 3009
4 259 8775
4 260 1086
4 261 5491
4 262 8517
4 264 7090
4 265 13607
4 266 31222
4 267 8914
4 268 4500
4 269 293
4 270 8728
4 271 569
4 272 8831
4 273 40175
4 274 3824
4 275 8182
4 276 13556
4 277 7333
4 278 8726
4 279 8996
4 280 2312
4 281 2966
4 283 1581
4 284 1426
4 286 1003
4 287 5621
4 288 1272
4 289 3113
4 290 1811
4 291 10770
4 292 14507
4 293 3931
4 294 13212
4 295 3399
4 296 17165
4 298 3697
4 299 3136
4 300 4874
4 301 2202
4 302 4947
4 303 4457
4 304 6493
4 306 6818
4 307 17824
4 309 4392
4 310 1327
4 311 839
4 312 4320
4 313 3735
4 314 3823
4 315 6480
4 316 6311
4 317 5887
4 318 9979
4 319 13405
4 320 12034
4 321 8148
4 323 12762
4 324 2766
4 325 14968
4 326 2956
4 327 7625
4 328 4462
4 329 11723
4 330 16047
4 331 6575
4 332 4129
4 333 10691
4 336 3448
4 337 9501
4 338 5387
4 339 4729
4 340 12677
4 341 4448
4 342 630
4 344 13289
4 345 5397
4 346 3544
4 348 2999
4 349 382
4 350 6738
4 351 2617
4 352 3090
4 353 8024
4 354 5833
4 355 749
4 356 2515
4 357 20614
4 358 6531
4 359 6028
4 360 27847
4 362 61
4 363 2006
4 364 6981
4 365 16389
4 366 4891
4 367 24780
4 368 1898
4 369 3170
4 370 173
4 371 13812
4 372 11318
4 373 7255
4 375 5284
4 376 10145
4 377 4427
4 379 9376
4 380 15746
4 381 7728
4 383 12112
4 384 3557
4 385 7584
4 386 2889
4 387 10450
4 388 1183
4 389 2783
4 390 9956
4 391 7405
4 393 8582
4 394 7040
4 395 5561
4 396 4101
4 397 1453
4 398 6427
4 399 4960
4 400 2706
4 402 5688
4 403 6924
4 404 6056
4 405 279
4 406 3646
4 407 11064
4 408 2567
4 409 543
4 410 10424
4 412 3092
4 414 6271
4 415 3788
4 416 6377
4 417 4060
4 418 14024
4 419 2542
4 420 9442
4 421 6431
4 423 5741
4 424 1760
4 425 207
4 426 28
4 427 5581
4 429 3952
4 430 6829
4 431 6791
4 434 18547
4 435 1129
4 436 338
4 437 10692
4 438 1554
4 439 9559
4 440 7479
4 441 3651
4 442 827
4 444 6600
4 445 11711
4 447 16882
4 448 17072
4 449 13419
4 450 1863
4 451 1355
4 452 3319
4 453 1318
4 454 7528
4 455 7433
4 456 2200
4 457 5208
4 459 10291
4 460 5154
4 461 4098
4 462 10066
4 463 9049
4 464 10043
4 465 6766
4 466 3385
4 467 10124
4 468 7775
4 469 5443
4 470 6752
4 471 280
4 472 9894
4 473 4417
4 474 6132
4 475 14735
4 476 4760
4 477 9286
4 478 4355
4 479 12858
4 481 4964
4 483 5277
4 484 672
4 485 4213
4 486 9937
4 487 6621
4 488 1506
4 489 2657
4 490 11333
4 491 1636
4 492 3327
4 493 4201
4 494 2505
4 496 3175
4 497 9140
4 498 11246
4 499 11236
4 500 17094
4 501 3408
4 502 19561
4 503 4020
4 504 4658
4 505 419
4 506 3608
4 507 9840
4 509 8985
4 510 6964
4 511 1550
4 513 8755
4 514 10787
4 515 2012
4 517 8764
4 518 9841
4 519 718
4 520 5584
4 522 2953
4 523 8126
4 524 4169
4 525 3007
4 526 3837
4 528 4462
4 529 12192
4 530 1148
4 531 13889
4 532 13491
4 533 3865
4 534 6337
4 535 16990
4 536 219
4 537 6894
4 538 10004
4 540 4580
4 541 2027
4 542 4310
4 543 1561
4 544 4143
4 545 1619
4 546 4048
4 547 9613
4 548 12010
4 550 602
4 552 2440
4 553 5943
4 554 9443
4 555 93
4 556 9758
4 557 5555
4 558 11132
4 559 11583
4 560 4148
4 561 20449
4 562 18178
4 563 13408
4 564 1274
4 565 5402
4 567 3366
4 568 6267
4 569 8489
4 570 3394
4 571 2296
4 572 3516
4 573 5465
4 575 1778
4 576 5942
4 577 8423
4 578 13716
4 579 189
4 580 14024
4 581 5173
4 582 6709
4 583 7177
4 584 8875
4 585 23445
4 586 10456
4 587 1167
4 588 6065
4 589 1462
4 590 17253
4 591 4932
4 592 5617
4 593 3441
4 595 5054
4 597 5716
4 598 6675
4 599 3948
4 600 1027
4 602 19653
4 603 2692
4 604 5465
4 605 6678
4 606 4300
4 607 2957
4 608 577
4 609 291
4 610 2041
4 611 11515
4 612 14032
4 613 14778
4 614 8009
4 615 4824
4 616 4844
4 617 1664
4 618 6111
4 620 8425
4 621 8749
4 622 3196
4 623 3067
4 625 4944
4 626 7772
4 627 11043
4 628 16992
4 629 6467
4 630 10063
4 631 1673
4 632 6834
4 633 16488
4 634 4603
4 635 11560
4 636 10656
4 637 3519
4 638 12258
4 639 12214
4 641 10939
4 643 15105
4 644 1862
4 645 2624
4 646 4614
4 647 5636
4 648 5516
4 650 5381
4 651 2944
4 652 5683
4 653 9254
4 654 3759
4 655 4448
4 656 9929
4 657 2821
4 658 7133
4 659 3266
4 660 2030
4 661 8056
4 662 8585
4 663 4915
4 664 1005
4 665 5196
4 667 9191
4 668 16254
4 669 11672
4 671 4892
4 673 10098
4 674 12517
4 675 10229
4 676 5759
4 677 4093
4 678 10891
4 679 61
4 681 1085
4 683 2724
4 684 16471
4 685 3716
4 688 1164
4 689 14631
4 690 5743
4 691 246
4 692 14219
4 693 966
4 694 6019
4 695 8529
4 696 9014
4 697 10511
4 698 2953
4 699 6409
4 700 8389
4 701 1603
4 702 7436
4 704 7935
4 706 9109
4 707 6610
4 708 6010
4 709 7614
4 710 5284
4 711 1246
4 712 6567
4 713 5814
4 714 3622
4 717 5511
4 718 10826
4 719 16505
4 720 12562
4 722 3540
4 723 5958
4 725 7433
4 726 5249
4 727 3422
4 728 2946
4 729 8517
4 730 3315
4 731 8500
4 732 13101
4 733 6263
4 734 8570
4 735 1150
4 737 178
4 738 12978
4 739 1234
4 740 12021
4 741 1480
4 742 5036
4 743 2359
4 744 5292
4 745 6178
4 746 2795
4 747 983
4 748 3781
4 749 4506
4 750 1626
4 751 4249
4 752 25819
4 753 5802
4 754 4540
4 756 3834
4 757 3649
4 758 3177
4 759 4823
4 760 3947
4 761 1289
4 762 21455
4 763 21185
4 764 2227
4 765 797
4 766 3588
4 767 10638
4 768 9757
4 769 5067
4 770 5816
4 772 11534
4 773 8519
4 774 115
4 775 8057
4 776 2022
4 777 12741
4 778 7159
4 779 7035
4 780 10488
4 781 7293
4 784 4138
4 785 4202
4 786 8358
4 787 11693
4 788 7856
4 789 2553
4 790 15441
4 791 25284
4 792 7868
4 793 4288
4 795 838
4 796 5252
4 797 4148
4 798 3441
4 799 893
4 800 13429
4 801 13277
4 802 3245
4 803 4367
4 804 2757
4 805 20723
4 806 4145
4 807 2948
4 809 2925
4 810 3623
4 811 3563
4 812 8506
4 813 3311
4 814 9619
4 816 165
4 818 18279
4 820 1237
4 821 7378
4 823 6934
4 824 1080
4 827 4641
4 828 1746
4 829 285
4 830 2171
4 831 15325
4 832 6442
4 833 10969
4 834 12085
4 835 5268
4 836 2910
4 837 3735
4 838 18
4 839 8950
4 840 413
4 841 5133
4 843 3937
4 844 14373
4 845 175
4 846 3868
4 847 3968
4 848 8867
4 849 5300
4 850 3153
4 851 3051
4 852 9398
4 853 800
4 854 8086
4 855 3230
4 856 3962
4 857 320
4 859 10291
4 860 9415
4 861 5739
4 862 3419
4 863 17207
4 864 8206
4 865 1594
4 866 9159
4 867 3072
4 868 2757
4 870 12114
4 871 6596
4 872 12066
4 873 2201
4 874 14040
4 875 2713
4 877 9438
4 878 1996
4 879 6613
4 880 16402
4 881 886
4 882 4328
4 883 128
4 884 19949
4 885 3335
4 886 4074
4 887 1169
4 888 4897
4 889 1326
4 890 7544
4 891 268
4 892 347
4 893 11148
4 894 3728
4 895 13431
4 896 4869
4 897 5781
4 898 7340
4 899 6654
4 900 5364
4 901 7863
4 902 2600
4 903 103
4 904 2369
4 905 6379
4 906 2631
4 907 401
4 908 6594
4 909 11517
4 910 10984
4 911 12121
4 912 10598
4 913 2519
4 914 6781
4 915 20663
4 916 340
4 917 4282
4 920 973
4 921 1776
4 922 872
4 923 23431
4 924 6672
4 925 241
4 926 13628
4 927 942
4 928 4650
4 929 3706
4 930 2722
4 931 3619
4 932 10025
4 933 3185
4 934 13929
4 935 4079
4 936 22
4 937 1252
4 938 7463
4 939 4993
4 940 23500
4 941 12323
4 942 5819
4 943 6404
4 944 390
4 945 9335
4 946 9928
4 947 4635
4 948 1058
4 949 7779
4 950 6286
4 951 228
4 952 5957
4 953 7232
4 954 4965
4 955 4560
4 956 1479
4 957 11562
4 959 35
4 960 5871
4 961 505
4 963 879
4 964 4352
4 965 2627
4 966 2930
4 967 4789
4 968 12767
4 969 6972
4 973 13041
4 974 438
4 975 666
4 977 2380
4 979 2334
4 980 8192
4 981 1037
4 982 16993
4 983 877
4 984 2753
4 985 6068
4 987 3210
4 988 9906
4 989 8273
4 990 32824
4 991 13081
4 992 3212
4 993 2471
4 994 671
4 995 4921
4 996 56
4 997 1204
4 998 2674
4 999 5415
4 1000 12129
4 1001 1756
4 1002 5117
4 1003 1331
4 1004 9346
4 1005 8101
4 1006 21893
4 1007 5811
4 1008 6642
4 1009 410
4 1010 3016
4 1011 5419
4 1013 6595
4 1014 11794
4 1015 3031
4 1016 57
4 1017 5627
4 1018 16203
4 1019 10163
4 1020 2893
4 1021 3049
4 1022 2009
4 1023 3598
4 1024 31131
4 1025 13667
4 1026 3002
4 1027 5850
4 1029 3618
4 1030 8791
4 1032 1660
4 1033 7059
4 1034 12924
4 1035 279
4 1036 892
4 1037 6194
4 1038 4001
4 1039 959
4 1041 13499
4 1042 3733
4 1044 14247
4 1045 5412
4 1046 6607
4 1048 9991
4 1051 5206
4 1052 10286
4 1053 891
4 1054 7832
4 1055 15771
4 1056 15251
4 1057 2616
4 1058 19479
4 1059 5144
4 1061 2090
4 1062 4540
4 1063 5074
4 1064 2365
4 1065 10
4 1068 20914
4 1069 3256
4 1070 5188
4 1071 2458
4 1072 3586
4 1073 1088
4 1074 10762
4 1075 8727
4 1076 7
4 1077 2834
4 1079 2992
4 1080 266
4 1081 2519
4 1082 1113
4 1083 13437
4 1084 2205
4 1085 4034
4 1086 4867
4 1087 4087
4 1088 7212
4 1089 1196
4 1090 18627
4 1091 12997
4 1092 3453
4 1094 10638
4 1095 760
4 1096 11656
4 1097 7657
4 1098 2957
4 1099 6446
4 1100 24594
4 1101 7710
4 1102 9120
4 1103 16933
4 1104 664
4 1105 820
4 1106 2585
4 1107 718
4 1108 8125
4 1109 11452
4 1110 583
4 1111 2448
4 1112 3096
4 1113 6171
4 1114 6893
4 1115 9038
4 1117 11487
4 1118 4169
4 1119 245
4 1120 589
4 1121 1461
4 1122 11505
4 1123 2359
4 1124 1645
4 1125 2752
4 1126 5353
4 1127 11517
4 1128 170
4 1129 13219
4 1130 7749
4 1131 12498
4 1132 3356
4 1133 2926
4 1134 3262
4 1135 8892
4 1136 1115
4 1137 23829
4 1138 233
4 1139 4277
4 1140 5211
4 1141 4369
4 1142 3474
4 1143 11875
4 1144 11553
4 1145 3839
4 1146 5744
4 1147 3817
4 1148 186
4 1149 33142
4 1150 5207
4 1151 6294
4 1152 8394
4 1153 4962
4 1154 1342
4 1155 10472
4 1156 23927
4 1157 12590
4 1158 10062
4 1159 4197
4 1160 11473
4 1161 3420
4 1163 8023
4 1164 8235
4 1165 14171
4 1166 9128
4 1168 10087
4 1169 4016
4 1170 3167
4 1171 2854
4 1172 6802
4 1173 676
4 1174 7410
4 1175 18348
4 1176 4843
4 1177 1440
4 1178 766
4 1179 1729
4 1180 5122
4 1181 11268
4 1182 769
4 1183 337
4 1185 7176
4 1186 2579
4 1187 971
4 1188 10197
4 1189 8247
4 1190 8188
4 1191 6802
4 1192 223
4 1193 20624
4 1194 3168
4 1195 5103
4 1196 333
4 1197 8064
4 1198 2652
4 1199 5065
4 1200 3089
4 1201 8973
4 1202 4570
4 1203 9130
4 1204 5106
4 1205 14906
4 1207 8065
4 1208 1592
4 1209 4583
4 1210 6086
4 1211 4870
4 1212 9795
4 1213 6694
4 1214 6998
4 1215 2677
4 1216 3584
4 1217 8380
4 1218 6457
4 1219 7966
4 1220 7987
4 1221 5123
4 1222 6633
4 1223 11068
4 1224 1369
4 1225 7737
4 1226 19882
4 1227 9359
4 1228 8557
4 1229 5845
4 1230 39350
4 1231 427
4 1232 143
4 1233 16389
4 1234 6925
4 1235 6850
4 1236 3904
4 1237 6790
4 1238 4812
4 1239 387
4 1241 16135
4 1242 5011
4 1243 10419
4 1244 9050
4 1245 262
4 1246 12883
4 1247 11837
4 1248 12775
4 1250 3462
4 1251 6078
4 1253 437
4 1254 3230
4 1255 11529
4 1256 1776
4 1257 192
4 1258 1679
4 1259 5020
4 1260 23082
4 1261 12099
4 1262 20755
4 1263 11709
4 1264 7595
4 1265 6857
4 1266 3780
4 1267 379
4 1268 18750
4 1269 5062
4 1270 27769
4 1271 5304
4 1272 3867
4 1273 1179
4 1274 1327
4 1275 6546
4 1276 1913
4 1277 6576
4 1278 17534
4 1279 3190
4 1281 15912
4 1282 4775
4 1283 1377
4 1284 10181
4 1285 3597
4 1287 6665
4 1288 121
4 1289 3442
4 1290 3363
4 1292 8485
4 1293 7140
4 1294 1303
4 1295 13811
4 1296 5211
4 1297 200
4 1299 13658
4 1301 4162
4 1302 3826
4 1303 5235
4 1304 5354
4 1305 2808
4 1306 6349
4 1307 12610
4 1308 7052
4 1310 460
4 1311 3848
4 1312 11061
4 1313 166
4 1314 4135
4 1315 15882
4 1316 6514
4 1317 2880
4 1318 8717
4 1319 7634
4 1320 14164
4 1321 8867
4 1322 5017
4 1324 9112
4 1325 3507
4 1326 15717
4 1327 1584
4 1328 13324
4 1330 12383
4 1331 5218
4 1332 6332
4 1333 16210
4 1334 15291
4 1335 6580
4 1336 1606
4 1337 6683
4 1338 12996
4 1339 102
4 1340 913
4 1341 7184
4 1342 4528
4 1343 11381
4 1344 3077
4 1345 12777
4 1346 7712
4 1349 22220
4 1350 5177
4 1351 1721
4 1352 9171
4 1353 732
4 1354 5759
4 1355 15362
4 1356 944
4 1357 2540
4 1358 3252
4 1359 12013
4 1360 8778
4 1361 627
4 1362 5690
4 1363 2669
4 1364 6877
4 1365 4176
4 1366 6349
4 1367 7639
4 1369 901
4 1371 12822
4 1372 1912
4 1373 8854
4 1374 6801
4 1375 5236
4 1377 5211
4 1378 5230
4 1379 8027
4 1380 8549
4 1381 7230
4 1382 6275
4 1383 6705
4 1384 618
4 1385 19955
4 1386 3105
4 1387 10747
4 1388 8762
4 1389 6395
4 1390 8508
4 1391 5306
4 1392 2400
4 1394 11662
4 1395 10553
4 1396 2287
4 1397 10
4 1398 7298
4 1399 16013
4 1401 579
4 1402 6050
4 1403 2089
4 1404 4000
4 1405 2974
4 1406 7540
4 1407 3549
4 1408 24056
4 1409 10302
4 1411 5473
4 1412 11708
4 1414 1996
4 1415 11447
4 1416 3346
4 1417 16279
4 1418 10655
4 1420 6127
4 1421 7412
4 1422 4059
4 1424 23428
4 1425 1615
4 1426 1240
4 1427 16563
4 1428 8346
4 1430 5004
4 1431 3817
4 1432 5752
4 1433 11039
4 1434 200
4 1436 4065
4 1437 8067
4 1438 1959
4 1439 7737
4 1440 3992
4 1441 630
4 1442 9225
4 1443 13847
4 1444 16335
4 1445 7076
4 1446 1730
4 1447 4955
4 1449 6361
4 1450 21750
4 1451 3598
4 1452 9641
4 1453 5624
4 1454 5758
4 1456 7168
4 1457 2710
4 1458 5244
4 1460 5963
4 1461 7854
4 1462 5120
4 1463 3130
4 1464 7184
4 1465 128
4 1466 13412
4 1467 629
4 1468 4168
4 1469 5941
4 1471 5795
4 1472 4961
4 1473 4728
4 1474 11248
4 1475 5521
4 1476 3633
4 1477 10130
4 1478 5637
4 1479 1649
4 1480 6858
4 1481 14531
4 1482 13723
4 1483 4365
4 1484 8617
4 1486 2610
4 1487 719
4 1489 6179
4 1490 4847
4 1491 16586
4 1492 14028
4 1493 4338
4 1494 3046
4 1495 4526
4 1496 9327
4 1497 1952
4 1498 3967
4 1499 8320
4 1500 1332
4 1501 596
4 1502 60
4 1503 7089
4 1504 9237
4 1505 1907
4 1506 8557
4 1507 2752
4 1508 14003
4 1509 2184
4 1510 95
4 1511 10576
4 1512 1133
4 1513 4795
4 1514 1869
4 1515 4092
4 1516 279
4 1517 9889
4 1518 10754
4 1519 9
4 1520 11103
4 1521 4563
4 1522 2983
4 1523 433
4 1524 6210
4 1526 6845
4 1527 6314
4 1528 2355
4 1529 10830
4 1530 2703
4 1531 29309
4 1533 2869
4 1534 4976
4 1535 4484
4 1536 10525
4 1537 3491
4 1539 3181
4 1540 5906
4 1542 26186
4 1543 7399
4 1544 9111
4 1545 5134
4 1546 8156
4 1547 11338
4 1548 5078
4 1549 10146
4 1550 30853
4 1551 5608
4 1552 19522
4 1554 3494
4 1555 2512
4 1556 4661
4 1557 2144
4 1558 4336
4 1559 5252
4 1560 3012
4 1561 9315
4 1562 5228
4 1563 9631
4 1565 4736
4 1566 2891
4 1567 2891
4 1568 7669
4 1569 2617
4 1570 2488
4 1572 1623
4 1573 12522
4 1574 486
4 1575 3035
4 1576 11590
4 1577 6768
4 1578 2290
4 1579 3533
4 1580 13025
4 1581 1562
4 1582 2124
4 1583 1969
4 1584 1618
4 1585 13932
4 1589 3999
4 1590 10505
4 1591 3884
4 1592 6188
4 1594 2263
4 1595 2037
4 1596 219
4 1597 2132
4 1598 6393
4 1599 4204
4 1600 5194
4 1601 4997
4 1602 4155
4 1603 5743
4 1604 3089
4 1606 4590
4 1607 2305
4 1608 5177
4 1609 6419
4 1610 2887
4 1611 4835
4 1612 7663
4 1613 10618
4 1614 16440
4 1615 958
4 1616 14521
4 1617 6025
4 1618 4893
4 1619 9807
4 1620 6442
4 1621 2090
4 1622 308
4 1623 6099
4 1624 9142
4 1625 1565
4 1626 3394
4 1627 12533
4 1628 8
4 1629 4671
4 1630 12821
4 1631 12463
4 1632 14971
4 1633 2895
4 1635 4017
4 1636 15500
4 1637 5619
4 1638 9485
4 1640 13195
4 1641 1515
4 1642 7477
4 1643 17304
4 1644 6576
4 1645 10773
4 1646 733
4 1647 5868
4 1648 2292
4 1649 10771
4 1651 2702
4 1652 2280
4 1653 11238
4 1654 1062
4 1655 8576
4 1656 8327
4 1657 21499
4 1658 2014
4 1659 2174
4 1660 10288
4 1661 12265
4 1662 16341
4 1663 10190
4 1664 3255
4 1665 3206
4 1666 1456
4 1669 7252
4 1670 3300
4 1672 12449
4 1673 14559
4 1674 2094
4 1675 5865
4 1676 83
4 1677 2554
4 1678 8536
4 1679 5862
4 1680 2424
4 1681 7285
4 1682 9304
4 1683 3789
4 1684 8222
4 1685 19552
4 1686 239
4 1687 4249
4 1688 2449
4 1689 8709
4 1690 7234
4 1691 2887
4 1692 2953
4 1694 9013
4 1695 4385
4 1696 3790
4 1697 5174
4 1698 2895
4 1699 8023
4 1700 1510
4 1701 6139
4 1702 4615
4 1703 14909
4 1704 14941
4 1705 4643
4 1706 50
4 1707 10748
4 1708 22406
4 1709 11635
4 1711 12968
4 1712 529
4 1713 21511
4 1714 694
4 1715 10130
4 1716 4091
4 1717 926
4 1718 4240
4 1719 12804
4 1720 7471
4 1721 7774
4 1722 14089
4 1723 10909
4 1724 4232
4 1725 7217
4 1726 4658
4 1727 3512
4 1728 2509
4 1729 4155
4 1730 7099
4 1731 10895
4 1733 4772
4 1736 2263
4 1737 10028
4 1738 10554
4 1739 9199
4 1740 5863
4 1741 10897
4 1742 5585
4 1743 10707
4 1744 799
4 1745 5446
4 1746 1021
4 1747 8912
4 1748 8664
4 1749 8467
4 1750 15535
4 1751 13759
4 1752 12568
4 1753 7307
4 1754 7119
4 1755 19010
4 1756 7920
4 1757 28649
4 1759 8970
4 1760 12343
4 1761 32
4 1762 3314
4 1763 2191
4 1764 654
4 1765 7441
4 1766 9970
4 1767 11940
4 1768 2107
4 1769 7760
4 1770 12409
4 1771 19
4 1772 2474
4 1773 7951
4 1774 2895
4 1775 17626
4 1776 2887
4 1777 6293
4 1778 7506
4 1779 2677
4 1780 13492
4 1782 6889
4 1783 2049
4 1784 4970
4 1785 6679
4 1786 7511
4 1788 252
4 1789 7039
4 1790 15510
4 1791 1509
4 1792 1909
4 1793 3215
4 1794 2990
4 1795 873
4 1796 4086
4 1797 474
4 1798 9300
4 1799 6250
4 1800 8569
4 1801 1897
4 1802 4223
4 1805 5755
4 1806 1836
4 1807 4953
4 1808 4449
4 1809 6919
4 1810 2286
4 1811 7169
4 1813 9546
4 1814 800
4 1815 5038
4 1816 17042
4 1817 249
4 1818 7026
4 1819 5510
4 1820 5133
4 1821 2188
4 1822 4906
4 1823 3780
4 1825 10611
4 1826 7695
4 1827 15458
4 1828 1821
4 1829 3672
4 1830 4834
4 1831 5776
4 1832 4492
4 1833 11242
4 1834 4629
4 1835 3695
4 1836 5400
4 1837 3471
4 1838 1272
4 1839 5449
4 1840 7548
4 1841 8388
4 1843 10136
4 1844 2839
4 1845 6397
4 1846 26332
4 1847 5167
4 1848 10433
4 1849 8500
4 1850 5470
4 1851 2271
4 1852 3984
4 1853 6039
4 1854 2658
4 1855 5291
4 1857 3444
4 1858 1054
4 1859 5368
4 1860 27054
4 1861 5617
4 1862 15096
4 1863 9508
4 1864 17102
4 1865 5266
4 1866 3619
4 1867 3713
4 1868 8329
4 1869 2782
4 1870 2155
4 1872 5796
4 1873 4684
4 1874 11730
4 1875 11970
4 1877 1191
4 1878 4007
4 1879 8491
4 1880 11854
4 1883 5970
4 1884 3780
4 1885 9328
4 1886 11762
4 1887 4872
4 1888 6953
4 1889 704
4 1890 2523
4 1891 7940
4 1892 6089
4 1893 2996
4 1894 3670
4 1895 11935
4 1896 5880
4 1897 16333
4 1898 13007
4 1900 316
4 1901 3279
4 1902 7584
4 1903 16595
4 1904 27354
4 1905 13468
4 1906 12850
4 1907 8635
4 1908 4233
4 1909 8018
4 1910 1332
4 1911 7952
4 1912 4331
4 1913 1192
4 1914 1277
4 1915 7619
4 1916 5936
4 1917 2384
4 1919 1240
4 1920 10
4 1921 1228
4 1922 9583
4 1923 10535
4 1924 5656
4 1925 3890
4 1926 2364
4 1927 2567
4 1928 5428
4 1931 4775
4 1932 7220
4 1934 4931
4 1935 547
4 1937 15606
4 1938 14032
4 1939 7326
4 1940 1611
4 1941 12530
4 1942 24022
4 1943 13927
4 1944 998
4 1945 1042
4 1946 11548
4 1947 28248
4 1949 1589
4 1951 4523
4 1952 9647
4 1954 284
4 1955 1880
4 1956 8367
4 1958 3987
4 1959 7770
4 1960 1174
4 1961 7399
4 1964 20719
4 1965 617
4 1966 825
4 1967 7116
4 1968 12467
4 1969 6673
4 1970 17678
4 1971 3943
4 1972 5045
4 1973 12043
4 1974 23284
4 1975 6038
4 1976 2473
4 1977 5736
4 1978 5174
4 1979 6674
4 1980 10398
4 1981 4623
4 1983 11403
4 1985 3361
4 1986 3462
4 1987 3569
4 1988 4226
4 1989 15338
4 1990 7710
4 1991 4241
4 1992 16234
4 1993 4324
4 1994 5793
4 1995 1578
4 1997 9941
4 1998 6721
4 1999 4769
5 0 11381
5 1 2046
5 2 1320
5 3 17746
5 4 12313
5 6 3560
5 7 3478
5 8 2411
5 10 1308
5 11 8670
5 12 6339
5 14 6422
5 15 8727
5 16 12863
5 17 18115
5 18 9848
5 20 1592
5 21 560
5 22 10967
5 23 3033
5 24 3851
5 25 10815
5 26 6953
5 27 3362
5 28 6333
5 29 1323
5 30 16
5 31 431
5 32 5648
5 33 11834
5 34 6869
5 35 7383
5 36 482
5 37 11101
5 38 1516
5 39 6565
5 40 4620
5 42 4857
5 43 28956
5 44 5465
5 45 4516
5 46 10055
5 47 10511
5 48 4016
5 49 13613
5 50 1826
5 51 1166
5 52 18456
5 55 7699
5 56 12138
5 57 166
5 58 33174
5 60 8077
5 61 7685
5 62 3080
5 63 6031
5 64 3674
5 65 3560
5 66 2228
5 67 4
5 68 7727
5 69 7069
5 70 5618
5 71 3277
5 72 2873
5 73 13642
5 74 740
5 75 4274
5 76 6907
5 77 18112
5 78 5067
5 79 4245
5 80 358
5 81 3237
5 82 2471
5 83 1036
5 84 6428
5 86 13678
5 87 2691
5 88 9659
5 89 7315
5 90 8655
5 91 8083
5 94 3359
5 95 15477
5 96 6009
5 97 3248
5 98 1452
5 99 7964
5 100 2722
5 101 1780
5 102 4705
5 103 4872
5 104 9153
5 105 8468
5 106 9745
5 107 3002
5 108 4376
5 109 371
5 110 6541
5 111 4215
5 112 3585
5 113 5285
5 114 18859
5 115 2917
5 116 22759
5 117 9777
5 118 2471
5 119 4431
5 121 21436
5 122 45
5 123 9479
5 124 16437
5 125 5389
5 126 904
5 127 7481
5 128 613
5 129 196
5 130 8473
5 131 13358
5 132 5346
5 133 18817
5 134 11282
5 135 3783
5 136 1
5 137 15162
5 138 5965
5 139 6316
5 140 2811
5 141 12800
5 142 9155
5 143 6135
5 144 5489
5 145 9338
5 146 3170
5 148 20893
5 149 11
5 150 5723
5 151 378
5 152 2535
5 153 9303
5 154 10998
5 155 2449
5 156 5559
5 157 559
5 158 4145
5 159 21806
5 160 1844
5 161 4153
5 162 6008
5 163 1720
5 164 9552
5 166 1066
5 167 1623
5 168 3430
5 169 3830
5 170 7922
5 171 10239
5 172 8036
5 173 14343
5 174 1773
5 175 17541
5 176 7775
5 179 14067
5 181 375
5 182 3467
5 183 4609
5 184 10309
5 185 2233
5 186 7381
5 187 2966
5 188 7044
5 189 11757
5 190 7312
5 191 242
5 192 4589
5 193 11072
5 194 11422
5 195 1593
5 196 4346
5 197 15263
5 198 6210
5 199 4223
5 200 899
5 201 1667
5 202 10191
5 203 3077
5 205 5049
5 207 7208
5 208 13492
5 209 11645
5 210 2510
5 211 37904
5 212 2267
5 213 7879
5 214 4613
5 215 2604
5 217 5421
5 218 5288
5 219 2156
5 220 6832
5 221 6129
5 222 564
5 223 1124
5 224 3647
5 225 3049
5 227 5076
5 228 11359
5 229 7489
5 230 4233
5 231 999
5 232 21378
5 233 7984
5 234 5114
5 235 8030
5 236 7035
5 237 3555
5 238 6061
5 239 2636
5 240 7128
5 241 2987
5 242 353
5 243 12887
5 244 8760
5 245 3359
5 247 12534
5 248 7451
5 249 9803
5 250 2967
5 251 7498
5 252 2730
5 253 12136
5 254 10813
5 255 4492
5 256 16040
5 257 7388
5 258 6292
5 259 9944
5 260 522
5 261 9456
5 262 3462
5 263 9131
5 264 5372
5 265 10711
5 266 8691
5 268 3377
5 269 1640
5 270 8054
5 271 5316
5 272 471
5 273 6060
5 274 7408
5 275 3989
5 276 9860
5 277 3427
5 278 10533
5 279 13577
5 280 1890
5 281 4201
5 282 13
5 283 609
5 284 8204
5 285 3740
5 286 5882
5 287 9426
5 289 910
5 290 4163
5 291 6604
5 292 7016
5 293 11632
5 294 7947
5 296 2796
5 297 5392
5 298 7823
5 299 7907
5 300 2755
5 301 4873
5 302 4725
5 303 6567
5 304 3536
5 305 2077
5 306 5742
5 308 11298
5 309 5077
5 311 7049
5 312 7539
5 313 3185
5 315 1699
5 317 1647
5 318 13061
5 319 6914
5 320 28256
5 321 8289
5 322 20057
5 323 241
5 324 508
5 325 3445
5 326 12846
5 327 4148
5 328 5896
5 329 8194
5 330 3005
5 331 2098
5 332 1940
5 333 2816
5 334 406
5 335 3554
5 336 5098
5 337 4248
5 338 3220
5 339 11325
5 340 4339
5 341 5418
5 342 3555
5 343 23350
5 344 16493
5 345 13313
5 346 6558
5 347 11428
5 348 13507
5 349 3541
5 350 1752
5 351 4603
5 352 17187
5 353 3139
5 354 1359
5 355 13839
5 356 2128
5 357 7168
5 358 12732
5 359 8979
5 360 16314
5 361 5903
5 362 2011
5 363 2227
5 364 10643
5 365 11849
5 366 1780
5 367 10485
5 368 4110
5 369 626
5 371 1740
5 372 874
5 373 4312
5 374 2400
5 375 4071
5 376 6167
5 377 3632
5 378 2892
5 379 3083
5 380 473
5 381 3253
5 382 3498
5 383 10480
5 384 10675
5 385 910
5 386 17572
5 387 2096
5 388 1395
5 389 3592
5 390 2918
5 392 4010
5 393 4038
5 394 4395
5 395 12959
5 396 6412
5 397 16440
5 398 8518
5 399 1863
5 400 373
5 401 8043
5 402 221
5 403 6019
5 404 7197
5 405 13820
5 406 3091
5 407 375
5 408 22732
5 409 12949
5 410 1676
5 411 1024
5 412 3840
5 413 3239
5 414 12652
5 415 14917
5 416 261
5 417 7495
5 418 14539
5 419 6975
5 420 13676
5 421 629
5 422 119
5 423 8703
5 424 222
5 425 9593
5 426 8394
5 429 5921
5 430 16117
5 431 10055
5 432 11161
5 433 6234
5 434 29184
5 436 9192
5 437 2309
5 439 6185
5 441 8925
5 442 4625
5 443 3944
5 444 3414
5 445 4129
5 446 1861
5 447 21528
5 448 1775
5 449 701
5 453 17144
5 454 14225
5 455 1080
5 456 15896
5 457 2572
5 458 2454
5 459 7279
5 461 13037
5 462 29122
5 463 2723
5 464 9639
5 465 548
5 466 2640
5 467 3364
5 468 2660
5 469 236
5 470 7190
5 471 53
5 472 4938
5 473 24190
5 474 798
5 475 8523
5 476 6471
5 477 2557
5 478 675
5 479 5682
5 480 5093
5 481 1288
5 482 2483
5 483 11021
5 484 305
5 485 325
5 487 13351
5 488 9134
5 489 16998
5 490 4167
5 491 1458
5 492 2854
5 493 12887
5 494 5624
5 496 2192
5 497 16369
5 498 7659
5 499 7710
5 500 6713
5 501 9495
5 502 12427
5 503 7731
5 504 5112
5 505 7167
5 506 11060
5 507 3632
5 509 8837
5 510 27021
5 511 12447
5 512 2966
5 513 6103
5 514 3414
5 515 8472
5 516 4355
5 517 2117
5 519 12756
5 520 4755
5 522 4663
5 523 5879
5 524 6459
5 525 74
5 526 10382
5 527 12513
5 528 265
5 529 4120
5 530 2722
5 531 3806
5 534 7847
5 536 3602
5 537 799
5 538 676
5 539 8267
5 540 18618
5 541 3467
5 542 7852
5 543 3348
5 544 9325
5 545 5224
5 547 10500
5 548 6313
5 549 9876
5 550 9427
5 551 2256
5 552 18618
5 553 4229
5 554 13150
5 555 5015
5 556 9348
5 557 494
5 558 12881
5 559 11624
5 560 16528
5 561 2389
5 562 8610
5 563 9442
5 564 18252
5 565 11506
5 566 7261
5 567 10410
5 568 4449
5 569 2085
5 570 292
5 571 5255
5 572 657
5 573 4897
5 574 297
5 575 15356
5 576 8124
5 577 2779
5 578 2815
5 579 341
5 581 12714
5 582 5563
5 583 2063
5 584 11156
5 585 2467
5 586 119
5 587 288
5 589 4594
5 590 6612
5 592 6541
5 593 7043
5 595 111
5 596 4960
5 597 23719
5 598 6592
5 599 1169
5 600 755
5 601 3080
5 602 12284
5 603 8608
5 604 2567
5 605 6418
5 606 5747
5 607 12019
5 608 4617
5 609 2884
5 610 6427
5 611 817
5 613 4551
5 614 7626
5 615 12018
5 616 933
5 617 3669
5 618 8282
5 619 5465
5 621 7802
5 622 9340
5 623 2561
5 624 7988
5 625 4668
5 626 4037
5 627 1925
5 628 1862
5 629 1351
5 630 5355
5 631 4401
5 632 10772
5 633 4815
5 634 9233
5 635 4471
5 636 8206
5 637 2562
5 638 3094
5 639 13542
5 640 4401
5 641 7556
5 642 9715
5 643 4681
5 644 2546
5 645 3377
5 646 1027
5 647 3248
5 648 2886
5 649 2732
5 650 16780
5 651 8820
5 652 16230
5 653 7293
5 654 14151
5 655 4512
5 656 191
5 657 7335
5 658 17727
5 659 4078
5 660 3662
5 661 8310
5 662 11206
5 663 4372
5 664 9362
5 665 4298
5 666 5622
5 667 742
5 668 3850
5 670 5460
5 671 7286
5 672 1789
5 673 492
5 676 7147
5 677 2331
5 680 2569
5 681 4059
5 682 274
5 683 9106
5 684 4238
5 685 16996
5 686 15122
5 691 8849
5 693 4140
5 694 3341
5 695 3699
5 697 1784
5 698 2776
5 699 4684
5 700 10140
5 701 4534
5 702 4593
5 704 4090
5 705 1741
5 706 4649
5 707 2581
5 709 1146
5 710 18363
5 711 13326
5 712 9286
5 713 17494
5 714 7517
5 715 7503
5 716 1705
5 717 9323
5 718 2984
5 719 2763
5 722 3061
5 723 4764
5 724 3520
5 727 3182
5 728 2245
5 729 9267
5 730 890
5 731 647
5 732 3
5 733 7778
5 734 4972
5 736 3129
5 737 3666
5 738 2040
5 739 594
5 740 18599
5 741 871
5 742 19714
5 743 12177
5 744 3710
5 745 888
5 746 20823
5 747 9406
5 748 5763
5 749 7508
5 750 2285
5 752 14867
5 753 28745
5 754 1747
5 755 5755
5 756 10869
5 757 7762
5 758 7209
5 759 16905
5 760 10765
5 761 560
5 762 5553
5 763 16350
5 764 3143
5 765 11630
5 767 5387
5 768 1018
5 770 5194
5 772 2171
5 773 2393
5 774 7849
5 775 10390
5 776 1256
5 777 634
5 778 8652
5 780 976
5 782 12917
5 783 7077
5 784 3641
5 785 4673
5 787 5458
5 788 5788
5 789 8090
5 790 334
5 791 1848
5 792 1989
5 793 738
5 794 836
5 795 11239
5 797 14586
5 799 10992
5 800 13832
5 801 6963
5 802 9263
5 803 264
5 804 9769
5 805 6102
5 806 14722
5 807 2239
5 808 3837
5 810 21079
5 811 6356
5 812 2968
5 813 1513
5 814 7148
5 816 9782
5 818 4796
5 819 11627
5 820 3121
5 822 5192
5 823 3408
5 825 3817
5 827 5865
5 828 3064
5 829 16870
5 830 1706
5 831 5829
5 832 2047
5 833 6561
5 834 8501
5 835 5558
5 836 4425
5 837 1079
5 838 5480
5 839 5831
5 840 473
5 841 763
5 842 8761
5 843 8473
5 844 21428
5 845 8626
5 846 5827
5 848 10551
5 850 3778
5 851 744
5 852 3952
5 853 14876
5 854 7409
5 855 3111
5 856 2696
5 857 9896
5 858 6666
5 860 5881
5 861 5260
5 862 2983
5 863 10273
5 864 16239
5 865 1618
5 866 6673
5 867 5141
5 868 8315
5 869 20077
5 870 3197
5 871 9659
5 872 5505
5 873 4529
5 874 36623
5 875 4899
5 876 7540
5 877 3777
5 878 8048
5 879 22154
5 880 4655
5 882 4915
5 883 8698
5 884 4176
5 886 1675
5 887 11895
5 888 7154
5 889 6521
5 890 6418
5 891 94
5 892 5400
5 893 5975
5 894 6263
5 895 1537
5 896 6542
5 897 18220
5 898 931
5 900 4768
5 902 3274
5 903 3852
5 904 4858
5 905 1321
5 906 2809
5 908 14683
5 910 5802
5 911 6958
5 913 12419
5 914 3658
5 915 10361
5 917 7330
5 918 16433
5 919 4795
5 921 4783
5 922 5286
5 923 14037
5 924 4163
5 925 3155
5 926 11268
5 927 8606
5 928 10909
5 929 10346
5 930 6469
5 931 3610
5 933 4460
5 934 841
5 935 7109
5 936 7835
5 937 7293
5 938 1247
5 939 455
5 940 15241
5 941 21822
5 943 9968
5 945 2203
5 946 7494
5 947 8195
5 948 18155
5 949 2387
5 951 8405
5 952 109
5 953 10971
5 954 1907
5 955 8016
5 957 6126
5 958 1992
5 959 4763
5 960 3167
5 961 3975
5 963 14875
5 964 9696
5 965 11420
5 966 5499
5 967 17921
5 968 7112
5 969 9572
5 970 5071
5 971 3149
5 972 956
5 973 11038
5 974 13726
5 975 1177
5 976 4455
5 977 6180
5 978 8254
5 979 11424
5 980 3653
5 982 1091
5 983 6393
5 986 4464
5 987 3155
5 988 3701
5 989 33941
5 991 3086
5 992 4141
5 993 2762
5 995 5764
5 997 3729
5 998 5212
5 999 7703
5 1000 5648
5 1001 15948
5 1002 2452
5 1003 3863
5 1004 6004
5 1005 5118
5 1006 1022
5 1007 1386
5 1008 12365
5 1009 2307
5 1010 2059
5 1011 534
5 1013 6571
5 1014 4127
5 1015 8663
5 1017 5110
5 1018 4104
5 1019 695
5 1020 9212
5 1021 360
5 1022 2824
5 1023 2832
5 1024 5686
5 1025 1072
5 1027 13602
5 1028 4512
5 1029 13726
5 1030 3917
5 1031 1988
5 1032 5387
5 1034 4524
5 1035 6035
5 1036 1943
5 1037 11852
5 1038 4134
5 1039 6646
5 1040 2089
5 1041 12656
5 1042 1532
5 1043 4599
5 1044 9304
5 1045 8232
5 1046 2058
5 1047 6183
5 1048 2712
5 1050 12977
5 1051 8157
5 1052 9215
5 1053 4143
5 1054 9259
5 1055 5030
5 1056 12708
5 1058 4476
5 1059 11385
5 1060 4917
5 1061 1995
5 1062 6339
5 1063 11444
5 1064 191
5 1066 11315
5 1067 8185
5 1068 253
5 1069 2600
5 1071 8185
5 1072 8218
5 1073 5164
5 1074 10646
5 1076 9287
5 1077 11346
5 1079 4412
5 1080 2592
5 1081 10444
5 1082 2650
5 1083 4255
5 1084 6400
5 1085 2732
5 1086 5563
5 1087 1996
5 1088 15138
5 1090 1768
5 1091 2629
5 1092 7633
5 1093 263
5 1095 60
5 1096 3387
5 1097 18493
5 1098 11429
5 1099 2316
5 1100 902
5 1101 8444
5 1102 7146
5 1103 11657
5 1104 2087
5 1105 3690
5 1106 5109
5 1107 8558
5 1108 2466
5 1110 1439
5 1111 8465
5 1112 2206
5 1113 19
5 1114 2705
5 1115 2758
5 1116 4927
5 1117 14493
5 1118 16027
5 1119 4592
5 1120 3444
5 1121 6588
5 1122 4194
5 1123 4473
5 1124 129
5 1126 1900
5 1127 11042
5 1128 7029
5 1129 3533
5 1130 5738
5 1131 2826
5 1132 9018
5 1133 12480
5 1134 10409
5 1135 27206
5 1136 2412
5 1138 7191
5 1139 4414
5 1140 5980
5 1142 9356
5 1143 847
5 1144 12771
5 1145 852
5 1146 2014
5 1147 5269
5 1148 14842
5 1150 2940
5 1151 14573
5 1152 7533
5 1153 5649
5 1154 650
5 1157 6801
5 1158 3031
5 1159 1790
5 1160 5126
5 1161 11578
5 1162 3289
5 1163 4807
5 1164 4528
5 1165 167
5 1166 2925
5 1167 273
5 1168 6042
5 1171 11851
5 1172 7755
5 1173 6710
5 1174 6099
5 1175 2458
5 1177 2639
5 1178 5274
5 1179 11231
5 1180 9685
5 1181 4191
5 1182 14075
5 1183 2058
5 1184 491
5 1185 2968
5 1186 4630
5 1187 3632
5 1188 6008
5 1189 9789
5 1190 1182
5 1192 14328
5 1193 17244
5 1194 8893
5 1197 1568
5 1198 4712
5 1199 9111
5 1200 3126
5 1201 16842
5 1202 1377
5 1203 7222
5 1204 6398
5 1205 305
5 1206 10628
5 1207 12583
5 1208 12277
5 1209 4832
5 1210 1043
5 1211 2230
5 1212 222
5 1213 5367
5 1216 266
5 1217 6128
5 1218 1261
5 1219 4083
5 1220 5105
5 1221 4842
5 1222 2060
5 1223 1408
5 1224 8485
5 1225 7277
5 1226 11032
5 1227 3211
5 1228 4267
5 1229 2914
5 1230 3274
5 1231 17943
5 1232 2237
5 1233 5659
5 1234 4172
5 1235 2501
5 1236 10580
5 1237 3811
5 1238 1403
5 1243 644
5 1244 3812
5 1245 6685
5 1247 4545
5 1248 6321
5 1249 966
5 1250 1989
5 1251 254
5 1252 1882
5 1253 2037
5 1254 513
5 1255 7842
5 1256 4190
5 1259 3229
5 1260 9746
5 1262 8611
5 1264 4331
5 1265 6800
5 1266 1397
5 1267 14087
5 1268 2083
5 1269 1731
5 1270 34
5 1271 4632
5 1272 2779
5 1273 10880
5 1274 5761
5 1275 2240
5 1276 7735
5 1277 3602
5 1280 13618
5 1281 12608
5 1282 2535
5 1283 4979
5 1284 5732
5 1285 1752
5 1286 12181
5 1287 2877
5 1288 915
5 1289 1846
5 1291 2202
5 1292 5564
5 1293 4123
5 1294 11458
5 1295 11303
5 1296 10611
5 1297 6177
5 1298 8892
5 1299 4557
5 1300 4318
5 1301 4828
5 1302 4132
5 1304 1769
5 1305 6329
5 1306 6028
5 1307 7834
5 1308 1317
5 1310 596
5 1311 1488
5 1312 4117
5 1313 3272
5 1314 11281
5 1315 7669
5 1316 2443
5 1317 3059
5 1318 924
5 1319 7707
5 1320 2398
5 1321 7124
5 1322 23859
5 1323 14515
5 1324 813
5 1325 735
5 1326 2378
5 1327 314
5 1328 1044
5 1329 1395
5 1330 4530
5 1331 7625
5 1332 6236
5 1333 21544
5 1334 6234
5 1335 4131
5 1336 446
5 1337 12583
5 1339 3077
5 1340 6569
5 1341 6717
5 1343 4517
5 1344 2679
5 1345 6640
5 1346 1012
5 1347 3976
5 1348 23072
5 1349 13945
5 1350 10968
5 1351 12980
5 1352 13042
5 1353 1057
5 1354 1986
5 1355 19
5 1356 6795
5 1358 5760
5 1359 4377
5 1360 5662
5 1361 449
5 1362 4868
5 1363 10915
5 1365 7331
5 1367 8335
5 1368 28793
5 1369 4742
5 1370 7234
5 1371 4806
5 1372 4037
5 1373 3018
5 1374 20151
5 1375 7901
5 1378 9708
5 1379 4635
5 1380 3994
5 1381 2980
5 1382 4220
5 1383 8465
5 1384 5338
5 1385 3796
5 1386 2971
5 1387 3999
5 1388 6443
5 1389 1653
5 1390 4984
5 1391 7346
5 1392 1579
5 1393 14500
5 1395 3199
5 1396 1758
5 1397 9117
5 1398 4172
5 1399 6719
5 1400 4506
5 1402 3781
5 1403 5003
5 1404 3280
5 1405 4656
5 1406 4075
5 1407 609
5 1408 1057
5 1409 7533
5 1410 10875
5 1411 9668
5 1412 3212
5 1413 3883
5 1415 11734
5 1416 2053
5 1417 1997
5 1419 2782
5 1420 6468
5 1421 3192
5 1423 5647
5 1424 18011
5 1425 22865
5 1426 5784
5 1427 3204
5 1428 3270
5 1429 3066
5 1430 5484
5 1431 2399
5 1432 4236
5 1433 2392
5 1434 7244
5 1435 21852
5 1436 2393
5 1438 12965
5 1439 729
5 1440 11955
5 1441 6488
5 1442 10982
5 1443 3760
5 1445 2975
5 1446 9585
5 1447 7832
5 1448 2535
5 1450 5567
5 1451 10616
5 1452 4622
5 1453 27404
5 1454 12159
5 1455 301
5 1456 3542
5 1457 1484
5 1458 4567
5 1460 10242
5 1461 336
5 1462 5962
5 1463 2616
5 1464 4974
5 1465 1044
5 1466 2159
5 1467 2848
5 1468 2172
5 1469 766
5 1470 13753
5 1471 8277
5 1472 9800
5 1473 13412
5 1474 5900
5 1475 7293
5 1476 9682
5 1477 3674
5 1478 5825
5 1479 5716
5 1480 13134
5 1481 7565
5 1482 9675
5 1484 2720
5 1485 15708
5 1486 8102
5 1487 7245
5 1488 7923
5 1489 9706
5 1490 14889
5 1491 2181
5 1492 7598
5 1493 10728
5 1494 8234
5 1496 3354
5 1497 10809
5 1498 8382
5 1499 5912
5 1501 282
5 1503 6151
5 1504 18268
5 1505 4723
5 1506 5027
5 1507 8349
5 1508 4206
5 1509 2019
5 1510 257
5 1511 497
5 1513 6708
5 1515 11680
5 1516 681
5 1517 3106
5 1518 2093
5 1520 5417
5 1521 14218
5 1523 9451
5 1525 3415
5 1526 11468
5 1527 15940
5 1528 1981
5 1529 4772
5 1530 15172
5 1531 5582
5 1533 7775
5 1534 2671
5 1536 7501
5 1537 9337
5 1538 1475
5 1539 2692
5 1540 7475
5 1541 14220
5 1542 11602
5 1543 10398
5 1545 12333
5 1546 3772
5 1547 9712
5 1548 6041
5 1549 6477
5 1551 1268
5 1552 10896
5 1553 14584
5 1554 1823
5 1555 6834
5 1556 9490
5 1558 1571
5 1559 5856
5 1560 2603
5 1562 4881
5 1563 10771
5 1564 19880
5 1565 4668
5 1566 5608
5 1567 17991
5 1568 5082
5 1569 7371
5 1570 1921
5 1571 7112
5 1572 18175
5 1573 6027
5 1574 4644
5 1575 1824
5 1576 11417
5 1577 7004
5 1578 6637
5 1579 1550
5 1580 793
5 1581 5138
5 1582 18874
5 1583 5505
5 1584 7374
5 1585 1076
5 1586 5355
5 1587 5189
5 1588 11651
5 1589 10771
5 1590 10540
5 1591 6963
5 1592 10175
5 1593 5858
5 1594 8485
5 1595 3121
5 1596 6861
5 1597 3051
5 1598 5865
5 1599 4783
5 1600 4738
5 1601 8235
5 1602 3406
5 1603 983
5 1604 667
5 1605 7038
5 1606 14543
5 1607 6534
5 1608 11645
5 1609 6550
5 1610 607
5 1611 25365
5 1612 11218
5 1613 2971
5 1614 7980
5 1615 2528
5 1616 12901
5 1617 5117
5 1618 18
5 1619 2913
5 1620 6741
5 1621 6596
5 1622 3296
5 1623 6566
5 1624 4627
5 1625 3527
5 1626 7174
5 1627 13216
5 1628 3585
5 1629 12339
5 1630 6724
5 1631 3825
5 1632 4682
5 1633 10267
5 1634 2627
5 1635 6238
5 1636 4091
5 1637 4604
5 1638 7042
5 1639 4546
5 1640 1135
5 1641 3960
5 1642 4284
5 1645 1124
5 1646 3087
5 1647 3412
5 1648 6671
5 1649 3477
5 1650 12378
5 1651 10211
5 1652 6040
5 1653 3974
5 1655 8223
5 1656 5350
5 1657 4187
5 1658 9172
5 1659 9010
5 1660 9639
5 1661 4424
5 1662 3531
5 1663 1068
5 1664 9501
5 1665 872
5 1666 15886
5 1668 8723
5 1669 12070
5 1670 13110
5 1671 4399
5 1672 6163
5 1674 71
5 1675 5612
5 1676 9300
5 1677 8035
5 1678 5377
5 1679 6689
5 1681 8753
5 1682 2682
5 1683 6598
5 1684 14
5 1685 10459
5 1686 3004
5 1687 1026
5 1688 11577
5 1689 4578
5 1690 6643
5 1692 2175
5 1693 3253
5 1694 1326
5 1695 1395
5 1696 819
5 1697 8767
5 1698 10137
5 1699 1883
5 1700 10235
5 1701 3597
5 1702 3893
5 1703 11795
5 1704 9422
5 1706 1278
5 1707 2945
5 1708 3415
5 1709 6719
5 1710 5271
5 1711 3772
5 1712 5478
5 1713 16861
5 1714 2584
5 1716 2596
5 1717 15247
5 1718 2102
5 1719 2476
5 1720 20983
5 1722 2350
5 1723 4492
5 1724 4925
5 1725 2195
5 1726 9301
5 1727 17573
5 1728 8419
5 1729 5207
5 1730 17916
5 1731 9382
5 1732 8476
5 1733 3557
5 1734 1123
5 1735 10178
5 1736 4839
5 1738 4219
5 1739 5725
5 1740 4996
5 1742 7214
5 1743 12113
5 1744 4739
5 1745 2117
5 1746 3972
5 1747 10581
5 1748 2184
5 1749 25682
5 1750 9291
5 1751 11125
5 1752 2489
5 1753 1143
5 1754 8008
5 1755 7427
5 1756 1302
5 1757 11600
5 1758 6511
5 1759 791
5 1760 5356
5 1761 5383
5 1762 1430
5 1763 3075
5 1765 6078
5 1766 6865
5 1767 1061
5 1768 4116
5 1770 8947
5 1771 6630
5 1772 12837
5 1773 21351
5 1776 3106
5 1777 741
5 1778 11192
5 1779 1898
5 1780 4273
5 1781 2200
5 1782 11250
5 1783 9255
5 1784 17139
5 1785 23658
5 1786 1876
5 1787 8310
5 1788 11897
5 1789 12958
5 1790 6654
5 1791 6714
5 1792 4196
5 1793 4338
5 1794 4532
5 1795 2932
5 1796 8257
5 1797 138
5 1799 3125
5 1800 3547
5 1801 3965
5 1802 21348
5 1803 17841
5 1804 6978
5 1805 23024
5 1806 4443
5 1807 4879
5 1809 3235
5 1810 4145
5 1811 6077
5 1812 1817
5 1813 2515
5 1814 14827
5 1815 11456
5 1816 11358
5 1817 9182
5 1818 1810
5 1819 9989
5 1820 4920
5 1823 8981
5 1824 5175
5 1825 1273
5 1826 4198
5 1827 4390
5 1828 4341
5 1829 528
5 1830 15063
5 1831 11241
5 1832 705
5 1833 14004
5 1834 4073
5 1835 2838
5 1836 7484
5 1837 7
5 1838 322
5 1839 15981
5 1840 16050
5 1841 5547
5 1842 11370
5 1843 13670
5 1844 9686
5 1846 5674
5 1847 4734
5 1848 4567
5 1849 12620
5 1850 9729
5 1851 8721
5 1852 14654
5 1853 15319
5 1854 18042
5 1855 4519
5 1856 5331
5 1857 130
5 1858 4658
5 1859 1959
5 1860 2556
5 1861 1592
5 1862 1629
5 1863 4177
5 1864 3378
5 1866 4241
5 1867 8270
5 1869 17805
5 1870 4537
5 1872 7506
5 1874 4212
5 1875 1433
5 1876 3125
5 1877 5422
5 1878 2766
5 1879 2991
5 1880 3286
5 1881 3521
5 1882 3080
5 1883 6
5 1884 12076
5 1885 5909
5 1886 623
5 1887 8513
5 1888 2624
5 1889 13717
5 1890 13643
5 1891 4315
5 1892 7168
5 1893 3167
5 1894 2386
5 1895 1419
5 1896 5050
5 1897 1461
5 1898 3901
5 1899 8061
5 1900 8064
5 1901 945
5 1902 6067
5 1903 2350
5 1904 3929
5 1906 1905
5 1907 10406
5 1908 8212
5 1909 12506
5 1910 12106
5 1911 4394
5 1912 67
5 1913 3350
5 1914 263
5 1915 1190
5 1916 2631
5 1917 4935
5 1918 4331
5 1919 754
5 1920 6322
5 1922 6671
5 1923 1795
5 1924 7459
5 1925 14
5 1926 12994
5 1927 1662
5 1928 4668
5 1929 2959
5 1930 5025
5 1931 34383
5 1932 6664
5 1933 17068
5 1934 4697
5 1936 4768
5 1937 5347
5 1938 3340
5 1939 2627
5 1940 18356
5 1941 8877
5 1942 6481
5 1943 9131
5 1944 2377
5 1945 5423
5 1946 328
5 1947 14534
5 1948 9767
5 1949 7921
5 1950 203
5 1953 9140
5 1954 9172
5 1955 2192
5 1956 7647
5 1957 8057
5 1958 5570
5 1959 2817
5 1960 2677
5 1961 1382
5 1962 2059
5 1963 10443
5 1964 2251
5 1965 9188
5 1966 6264
5 1967 8292
5 1968 4721
5 1969 14889
5 1970 5487
5 1971 8622
5 1972 1481
5 1973 6075
5 1974 6345
5 1975 23953
5 1976 3627
5 1977 11811
5 1978 1519
5 1979 6237
5 1981 6829
5 1982 10287
5 1983 505
5 1984 20280
5 1985 9814
5 1986 8717
5 1987 4210
5 1988 6822
5 1989 1172
5 1990 14433
5 1991 10056
5 1992 5896
5 1993 3370
5 1994 4061
5 1995 4750
5 1996 5571
5 1998 1878
5 1999 5477
6 0 84
6 1 8199
6 2 730
6 4 15619
6 5 10772
6 6 5472
6 7 4358
6 8 2451
6 9 4516
6 10 11850
6 11 6594
6 12 5073
6 13 20485
6 14 9846
6 15 4898
6 16 7360
6 17 2792
6 18 6101
6 19 6237
6 20 8621
6 21 1703
6 22 8720
6 23 1366
6 25 3545
6 26 2590
6 27 372
6 28 8570
6 29 25
6 30 9120
6 31 4550
6 33 3468
6 34 12904
6 36 6096
6 37 6866
6 38 11502
6 39 5554
6 40 7414
6 41 15827
6 42 8220
6 43 10770
6 44 6110
6 45 5015
6 46 4521
6 47 3082
6 48 4555
6 49 13990
6 50 4620
6 51 11888
6 52 9671
6 53 10574
6 54 12717
6 55 7878
6 56 11614
6 57 6693
6 58 9076
6 59 1487
6 60 9465
6 62 457
6 63 10804
6 64 3700
6 65 1183
6 66 9059
6 67 4931
6 68 2521
6 69 5597
6 70 8652
6 71 1378
6 72 208
6 73 20161
6 74 4610
6 75 601
6 77 1549
6 78 7409
6 79 8262
6 80 1205
6 81 424
6 82 8408
6 83 6018
6 84 5449
6 85 4786
6 86 1216
6 87 191
6 88 7007
6 89 16453
6 90 2420
6 91 7997
6 92 5305
6 93 2530
6 94 4826
6 95 5860
6 96 5764
6 97 2314
6 98 7497
6 99 2464
6 100 173
6 101 16265
6 102 95
6 103 9655
6 105 3073
6 106 5767
6 108 18482
6 109 6751
6 111 10747
6 112 5425
6 113 35860
6 114 2014
6 115 8413
6 116 4880
6 117 7021
6 118 2114
6 120 7978
6 121 10675
6 122 12732
6 123 3997
6 125 3333
6 126 2787
6 127 3598
6 128 1609
6 129 13973
6 130 8524
6 131 4848
6 132 8492
6 133 4095
6 134 3186
6 135 6913
6 136 32166
6 137 4502
6 138 3355
6 139 3796
6 140 2629
6 141 5350
6 142 9477
6 143 15735
6 144 7421
6 145 3117
6 146 1010
6 147 4101
6 148 20781
6 150 4755
6 151 3025
6 152 3247
6 153 3471
6 154 4932
6 155 8423
6 156 8209
6 157 202
6 158 1404
6 159 2918
6 160 8101
6 161 6778
6 162 3292
6 164 4633
6 165 14089
6 166 3439
6 168 536
6 169 8892
6 170 7862
6 171 4133
6 172 5543
6 173 1249
6 175 1937
6 176 4424
6 178 6126
6 179 7173
6 180 12211
6 181 3411
6 182 3334
6 184 6783
6 185 966
6 187 10542
6 188 1837
6 189 4992
6 190 4112
6 191 3627
6 192 4259
6 193 3964
6 194 2056
6 195 8633
6 196 3732
6 197 11081
6 198 3914
6 199 7182
6 200 9925
6 201 3284
6 202 9419
6 203 6592
6 204 2386
6 205 3577
6 206 15140
6 207 8048
6 209 13823
6 210 8717
6 211 10429
6 212 1681
6 213 21291
6 214 4263
6 215 1325
6 216 5457
6 217 4738
6 218 5365
6 219 5070
6 220 6446
6 221 1913
6 222 4138
6 223 6337
6 224 3004
6 225 12752
6 226 4533
6 227 1423
6 228 7268
6 229 3565
6 230 11905
6 231 8147
6 232 11261
6 233 3715
6 234 7767
6 235 18297
6 236 2854
6 237 14539
6 238 3157
6 239 5144
6 241 6251
6 242 32484
6 243 5956
6 245 2994
6 246 11090
6 247 257
6 248 6600
6 249 1248
6 250 2363
6 251 305
6 252 2603
6 253 7890
6 254 7642
6 255 15930
6 258 11088
6 259 5892
6 260 381
6 261 3734
6 262 23
6 263 4600
6 264 7223
6 265 3447
6 266 2834
6 267 11302
6 268 3322
6 269 980
6 270 5766
6 271 1647
6 272 6643
6 273 7472
6 274 8017
6 275 6631
6 276 5459
6 277 2600
6 279 4866
6 280 1671
6 281 10980
6 282 1368
6 283 3327
6 284 4707
6 285 3850
6 286 2098
6 287 6449
6 288 6800
6 289 1930
6 290 2121
6 291 7505
6 292 3220
6 294 1864
6 295 7093
6 296 4904
6 297 2491
6 299 22702
6 300 585
6 301 9724
6 302 14104
6 303 13649
6 304 12669
6 305 3387
6 306 2767
6 307 6740
6 308 4743
6 310 5459
6 311 1469
6 312 5652
6 313 112
6 314 8812
6 315 3769
6 316 5871
6 317 3897
6 318 9516
6 319 13479
6 320 3024
6 321 2378
6 323 1905
6 324 4138
6 325 1267
6 326 12438
6 327 16742
6 328 652
6 329 5744
6 330 13447
6 331 3290
6 332 15339
6 333 10052
6 334 11
6 335 7434
6 336 8256
6 337 15207
6 338 1284
6 339 16123
6 340 959
6 341 10421
6 342 7579
6 343 14437
6 344 2075
6 346 7508
6 347 2365
6 348 7011
6 349 1745
6 351 1301
6 352 6230
6 353 6417
6 354 5562
6 355 10299
6 356 3246
6 357 16153
6 358 2840
6 360 691
6 361 2395
6 362 5095
6 363 1493
6 364 16037
6 365 3134
6 367 2278
6 368 9678
6 369 3493
6 370 2687
6 371 241
6 372 4382
6 373 8318
6 374 7312
6 375 6070
6 376 10314
6 377 4326
6 378 10809
6 379 5424
6 380 1118
6 381 12947
6 382 9978
6 383 3470
6 384 5070
6 385 6038
6 386 1451
6 387 10046
6 388 12765
6 389 9632
6 390 15241
6 391 2654
6 392 23692
6 393 12768
6 394 2780
6 395 10087
6 396 1207
6 397 2106
6 398 2294
6 399 11367
6 400 3214
6 401 11566
6 402 6162
6 403 2301
6 404 3852
6 405 11473
6 406 5454
6 408 28
6 409 3369
6 410 5259
6 411 4433
6 412 6628
6 413 751
6 414 3096
6 415 6370
6 416 6332
6 417 3703
6 418 5148
6 421 7778
6 423 14538
6 425 6244
6 426 1548
6 427 2844
6 428 8857
6 429 2523
6 431 2593
6 432 99
6 433 5088
6 434 26624
6 435 8069
6 436 9096
6 437 573
6 438 537
6 439 24168
6 440 30768
6 441 981
6 442 2
6 443 913
6 444 11465
6 445 13436
6 446 9656
6 447 4364
6 448 22053
6 450 3975
6 451 4813
6 452 2864
6 453 6303
6 454 3098
6 456 5650
6 457 4217
6 458 2358
6 459 5504
6 460 5357
6 461 3929
6 462 9457
6 463 45
6 464 10150
6 465 8532
6 466 1511
6 467 11221
6 468 11394
6 469 9876
6 470 4630
6 472 15780
6 473 6324
6 474 3158
6 475 6538
6 476 1433
6 477 3755
6 478 6492
6 479 7175
6 480 271
6 481 6763
6 484 7896
6 485 2559
6 488 6810
6 489 4362
6 491 7026
6 492 26946
6 494 3587
6 495 2795
6 496 8311
6 497 2520
6 498 2573
6 499 22988
6 500 7015
6 501 4492
6 502 12081
6 503 867
6 504 1880
6 505 12265
6 506 14418
6 509 6878
6 510 7757
6 511 3701
6 512 1123
6 513 6820
6 514 2240
6 515 3286
6 516 7221
6 517 6463
6 518 2821
6 519 11631
6 520 4249
6 521 5776
6 524 502
6 525 9448
6 526 4702
6 527 7931
6 528 12899
6 529 5023
6 530 7189
6 532 10856
6 533 4247
6 534 4377
6 536 9909
6 537 3578
6 538 9082
6 539 1419
6 540 25700
6 541 385
6 542 4708
6 543 5902
6 544 13614
6 545 7181
6 546 1885
6 547 9500
6 548 191
6 549 1350
6 550 8460
6 551 1963
6 552 11187
6 553 8357
6 554 6864
6 555 9236
6 556 4172
6 559 5941
6 561 11753
6 562 6311
6 563 3166
6 564 3256
6 565 6044
6 566 1083
6 567 854
6 568 10485
6 569 11203
6 570 2386
6 571 685
6 572 21475
6 573 8286
6 575 12067
6 576 5344
6 577 4667
6 578 13765
6 579 11482
6 580 1103
6 581 8844
6 582 3017
6 584 6745
6 585 3066
6 586 3365
6 587 7908
6 588 5637
6 591 5067
6 592 6563
6 593 4108
6 594 744
6 595 2481
6 596 9032
6 597 3013
6 598 409
6 599 1034
6 600 4072
6 601 5335
6 602 13347
6 604 1672
6 605 5935
6 606 2572
6 607 5404
6 608 5657
6 609 9493
6 610 5886
6 611 5346
6 612 4444
6 613 1147
6 615 2552
6 616 1739
6 617 6276
6 618 1320
6 619 7888
6 620 12269
6 621 3505
6 622 6817
6 623 10955
6 624 15035
6 627 5294
6 628 1495
6 629 8337
6 630 2940
6 633 4556
6 634 1584
6 635 776
6 636 8437
6 637 1027
6 638 4740
6 639 5022
6 640 5397
6 641 7831
6 643 5072
6 644 3437
6 645 6541
6 646 5181
6 647 3386
6 648 8080
6 649 7350
6 650 7089
6 651 53
6 652 3351
6 654 176
6 655 3223
6 656 10984
6 657 5952
6 658 5140
6 659 2336
6 660 20311
6 661 18105
6 662 7995
6 663 24074
6 664 8759
6 665 4576
6 666 5429
6 667 19862
6 668 26
6 669 12803
6 670 18416
6 671 3736
6 672 6812
6 673 2550
6 674 8553
6 675 3119
6 676 2096
6 677 6531
6 678 210
6 679 4161
6 680 8533
6 681 11355
6 682 3636
6 683 8356
6 684 14199
6 685 1055
6 686 1660
6 687 9439
6 690 16948
6 691 18327
6 692 10915
6 693 1419
6 694 3548
6 695 17391
6 696 5292
6 697 6792
6 698 4973
6 699 26165
6 700 9119
6 701 2084
6 702 6856
6 703 761
6 704 586
6 705 3385
6 706 5306
6 707 7479
6 708 477
6 709 5650
6 710 10380
6 711 2150
6 712 10638
6 713 10129
6 714 6368
6 715 2364
6 716 10103
6 717 7167
6 718 4961
6 719 4610
6 720 1303
6 721 2328
6 723 13575
6 724 1858
6 725 3407
6 726 7667
6 727 2149
6 728 2896
6 729 2008
6 730 6795
6 731 15268
6 732 3665
6 733 3685
6 735 4541
6 736 5952
6 737 9764
6 738 10248
6 739 16163
6 740 3854
6 743 2659
6 744 20326
6 745 3625
6 746 3390
6 747 1933
6 750 3794
6 751 5090
6 752 376
6 753 2832
6 754 7126
6 755 1177
6 756 5258
6 757 8090
6 758 6225
6 760 3466
6 761 7663
6 762 11841
6 763 809
6 764 22
6 765 6959
6 766 3453
6 767 9310
6 768 2658
6 769 3347
6 770 16144
6 771 507
6 772 6996
6 774 13334
6 775 2053
6 776 5987
6 777 4539
6 778 7423
6 779 24
6 780 21385
6 781 3996
6 783 3880
6 785 5774
6 786 8455
6 787 7737
6 788 6059
6 789 6529
6 790 9297
6 791 11499
6 792 261
6 793 15352
6 794 4233
6 795 881
6 796 6548
6 797 5898
6 798 15707
6 800 3810
6 801 8470
6 802 262
6 803 7704
6 804 10988
6 805 5441
6 806 4248
6 807 18079
6 808 2881
6 809 792
6 810 3877
6 811 1923
6 812 16899
6 813 9092
6 814 2587
6 815 18847
6 816 17505
6 817 7639
6 818 24634
6 819 2270
6 820 10163
6 821 3048
6 822 12264
6 823 2643
6 824 9113
6 825 7033
6 826 18940
6 827 2944
6 828 132
6 829 4508
6 830 13200
6 831 8971
6 833 7578
6 834 2753
6 835 3712
6 836 1237
6 838 5205
6 839 5020
6 840 45
6 841 10616
6 842 14899
6 843 15085
6 844 9188
6 845 5341
6 846 4118
6 847 4386
6 848 3035
6 849 3247
6 851 9932
6 852 7435
6 853 2673
6 854 1675
6 855 7404
6 856 14980
6 857 4478
6 858 1773
6 859 4419
6 860 4502
6 861 3524
6 862 18269
6 865 261
6 866 11808
6 867 10184
6 869 2156
6 870 10980
6 871 5623
6 872 7086
6 873 11519
6 874 18531
6 875 2879
6 876 7876
6 877 7966
6 878 28492
6 879 3482
6 880 6736
6 881 2373
6 882 734
6 883 6295
6 884 2135
6 885 13099
6 886 5587
6 887 836
6 888 4355
6 889 1033
6 890 4874
6 891 2367
6 892 4110
6 893 8438
6 894 4882
6 895 9732
6 896 13730
6 897 7191
6 898 3013
6 899 15271
6 901 565
6 902 20749
6 903 24200
6 904 2530
6 905 7654
6 906 11085
6 909 6967
6 910 9481
6 911 8326
6 912 6693
6 913 25611
6 914 11436
6 915 3474
6 916 246
6 917 10694
6 918 11568
6 919 22012
6 921 1981
6 922 3478
6 923 3486
6 924 324
6 925 5305
6 926 4373
6 927 7410
6 928 3179
6 930 6396
6 931 3431
6 932 5978
6 933 4192
6 934 945
6 935 11709
6 938 9613
6 939 5287
6 940 2280
6 941 3229
6 942 4582
6 943 4748
6 944 8306
6 945 280
6 946 12223
6 947 1815
6 948 10165
6 949 13453
6 951 8044
6 952 3862
6 953 15280
6 954 6667
6 955 4475
6 956 284
6 957 2636
6 958 4019
6 959 3628
6 960 1879
6 961 13991
6 962 3029
6 963 5076
6 964 569
6 966 6090
6 967 9867
6 968 2998
6 969 7989
6 970 140
6 971 405
6 972 2069
6 973 10438
6 974 10534
6 975 8886
6 976 6882
6 977 8691
6 978 55
6 979 8771
6 980 2176
6 981 2620
6 982 18944
6 983 9057
6 984 2369
6 985 1805
6 986 3845
6 987 26975
6 988 7150
6 989 7032
6 990 3643
6 991 12108
6 992 1981
6 993 10247
6 994 1649
6 996 15492
6 997 2971
6 998 16000
6 999 10686
6 1000 2384
6 1001 15032
6 1002 2417
6 1003 635
6 1004 2443
6 1005 8
6 1006 353
6 1007 16515
6 1008 7122
6 1009 4198
6 1010 2250
6 1011 3024
6 1012 1932
6 1013 2124
6 1014 1014
6 1015 2440
6 1016 1822
6 1017 2535
6 1018 6992
6 1019 9159
6 1020 8467
6 1021 1360
6 1022 17660
6 1023 6759
6 1025 5180
6 1026 2555
6 1027 5619
6 1028 6322
6 1029 11135
6 1030 3497
6 1032 14372
6 1034 7820
6 1035 5199
6 1036 3179
6 1037 4499
6 1038 1300
6 1039 185
6 1040 10069
6 1041 3889
6 1042 935
6 1043 8938
6 1044 1084
6 1045 5465
6 1046 9704
6 1047 9053
6 1048 4388
6 1049 1864
6 1050 7860
6 1051 1949
6 1053 2813
6 1054 3731
6 1055 15963
6 1056 4095
6 1057 7176
6 1058 4498
6 1059 4184
6 1060 6824
6 1061 7304
6 1062 3134
6 1064 343
6 1065 3535
6 1066 3441
6 1067 8511
6 1068 12457
6 1069 9088
6 1071 5214
6 1072 1394
6 1073 1793
6 1074 4644
6 1075 5465
6 1076 105
6 1077 9620
6 1078 1059
6 1079 10109
6 1080 3301
6 1081 113
6 1082 527
6 1083 6989
6 1084 1159
6 1086 2132
6 1087 3832
6 1088 3093
6 1089 14215
6 1092 8692
6 1093 6674
6 1094 2108
6 1095 7871
6 1096 7685
6 1097 10143
6 1098 12313
6 1099 9094
6 1100 4965
6 1101 4387
6 1103 843
6 1104 10422
6 1106 7391
6 1107 2338
6 1109 3567
6 1110 282
6 1111 475
6 1112 7208
6 1113 3074
6 1115 30631
6 1116 28235
6 1118 1727
6 1119 6544
6 1120 7241
6 1121 3366
6 1122 13317
6 1123 22653
6 1125 5336
6 1126 17862
6 1127 5697
6 1128 5110
6 1129 4837
6 1130 6354
6 1132 3065
6 1133 5159
6 1134 642
6 1135 3158
6 1136 1026
6 1137 7395
6 1139 2233
6 1141 1941
6 1142 12100
6 1144 12170
6 1145 20820
6 1148 6336
6 1149 3613
6 1150 10265
6 1151 2049
6 1152 12806
6 1155 4910
6 1156 6275
6 1157 7697
6 1158 15953
6 1159 7549
6 1160 1138
6 1161 6412
6 1162 13022
6 1163 3119
6 1164 390
6 1166 1495
6 1168 1936
6 1169 2264
6 1170 2001
6 1171 826
6 1172 2977
6 1173 4226
6 1174 7965
6 1176 9962
6 1177 2286
6 1178 8827
6 1179 461
6 1180 2246
6 1181 4308
6 1182 8606
6 1183 6641
6 1184 4648
6 1185 6137
6 1186 77
6 1187 2022
6 1188 8540
6 1189 3701
6 1191 5329
6 1192 35471
6 1193 8543
6 1194 5064
6 1195 1352
6 1198 2803
6 1199 6158
6 1200 5953
6 1201 2200
6 1202 4618
6 1203 5389
6 1204 5330
6 1205 9768
6 1206 9763
6 1207 15098
6 1208 906
6 1209 5726
6 1210 3129
6 1211 11996
6 1212 12929
6 1215 16084
6 1216 4263
6 1218 4784
6 1219 2570
6 1220 2181
6 1221 12490
6 1222 2113
6 1223 7377
6 1224 12550
6 1225 961
6 1227 5097
6 1228 5652
6 1229 6432
6 1230 4265
6 1231 2394
6 1232 14236
6 1233 5798
6 1234 3341
6 1235 3929
6 1236 4793
6 1237 7547
6 1238 10849
6 1239 6599
6 1240 18993
6 1241 5497
6 1242 96
6 1243 878
6 1244 14532
6 1245 71848
6 1246 13306
6 1248 3665
6 1249 14240
6 1250 5314
6 1251 5131
6 1252 8228
6 1254 4725
6 1255 8532
6 1256 12201
6 1257 626
6 1258 8257
6 1259 9602
6 1260 14188
6 1261 9303
6 1262 12955
6 1263 2776
6 1264 5261
6 1265 7872
6 1266 8374
6 1267 9144
6 1268 5477
6 1269 5423
6 1270 7778
6 1271 17187
6 1273 3122
6 1275 10093
6 1276 8674
6 1277 5960
6 1278 1022
6 1279 7626
6 1280 11815
6 1281 3643
6 1282 4929
6 1283 7832
6 1284 3162
6 1285 7507
6 1286 23486
6 1287 5725
6 1288 6730
6 1289 1913
6 1290 8616
6 1292 5377
6 1293 2333
6 1295 2081
6 1296 17773
6 1297 2806
6 1298 5849
6 1299 12956
6 1300 2194
6 1301 5961
6 1302 7369
6 1303 1231
6 1304 38205
6 1308 1723
6 1309 1329
6 1310 7238
6 1311 8226
6 1312 26248
6 1314 6214
6 1315 8476
6 1316 2062
6 1318 9613
6 1319 9109
6 1320 1797
6 1321 9070
6 1322 7587
6 1323 5420
6 1324 11684
6 1325 5465
6 1326 1926
6 1327 7153
6 1328 3195
6 1330 463
6 1331 2794
6 1332 320
6 1333 8286
6 1334 1876
6 1335 6763
6 1336 5249
6 1337 1610
6 1338 13592
6 1339 3749
6 1340 22435
6 1341 1623
6 1342 8014
6 1343 12938
6 1344 7857
6 1345 1442
6 1346 5986
6 1347 267
6 1348 3332
6 1349 6785
6 1350 6962
6 1352 5387
6 1353 9422
6 1354 19976
6 1355 8181
6 1356 7645
6 1357 5381
6 1358 4012
6 1359 16630
6 1360 5309
6 1361 9
6 1362 6507
6 1363 13228
6 1364 8843
6 1366 3971
6 1367 4917
6 1368 7292
6 1369 22764
6 1370 7208
6 1371 2635
6 1373 4366
6 1375 2928
6 1376 7297
6 1377 6259
6 1378 5151
6 1380 3506
6 1381 19243
6 1382 2896
6 1383 3638
6 1384 11354
6 1385 9030
6 1387 1308
6 1388 3393
6 1389 4683
6 1390 4378
6 1391 2939
6 1394 16761
6 1395 11875
6 1396 9954
6 1397 2704
6 1398 1969
6 1399 16523
6 1400 809
6 1401 29099
6 1402 4058
6 1403 3245
6 1404 3489
6 1405 6507
6 1406 7454
6 1407 9385
6 1408 182
6 1409 4422
6 1410 12159
6 1411 6208
6 1412 7650
6 1413 17336
6 1414 11103
6 1415 2821
6 1416 11757
6 1417 10347
6 1418 5747
6 1419 11479
6 1420 7034
6 1421 1313
6 1422 4990
6 1423 6772
6 1424 4088
6 1425 7364
6 1426 3313
6 1427 1774
6 1428 6809
6 1429 1107
6 1430 2660
6 1431 1047
6 1432 15277
6 1434 25385
6 1435 7137
6 1436 5909
6 1437 6156
6 1438 6355
6 1439 4914
6 1440 13780
6 1442 4993
6 1444 5338
6 1445 12589
6 1446 8962
6 1447 4650
6 1450 2439
6 1451 576
6 1452 20544
6 1453 12852
6 1455 3598
6 1456 492
6 1457 9412
6 1458 2835
6 1459 3991
6 1461 11723
6 1462 3264
6 1463 14713
6 1464 239
6 1465 9489
6 1466 6445
6 1467 4373
6 1468 4104
6 1470 11250
6 1471 1486
6 1472 1489
6 1473 5592
6 1474 9398
6 1475 9183
6 1476 2885
6 1477 14240
6 1478 1655
6 1479 4004
6 1480 3386
6 1481 4914
6 1482 10711
6 1483 22467
6 1484 12149
6 1485 12390
6 1486 16288
6 1487 8215
6 1488 4519
6 1490 6446
6 1491 5297
6 1492 644
6 1493 7502
6 1494 5093
6 1496 3372
6 1498 236
6 1499 4161
6 1500 3372
6 1501 12294
6 1502 2181
6 1503 3299
6 1505 20904
6 1506 12764
6 1507 9965
6 1509 7167
6 1510 12056
6 1511 8426
6 1512 5106
6 1513 5680
6 1514 3074
6 1515 1101
6 1517 14820
6 1518 3176
6 1519 4922
6 1520 7245
6 1521 7554
6 1523 1397
6 1524 5072
6 1525 12917
6 1526 3482
6 1527 7029
6 1528 2557
6 1530 4039
6 1531 1806
6 1532 3979
6 1533 1209
6 1537 2171
6 1539 9820
6 1540 1597
6 1541 9580
6 1542 2348
6 1544 1104
6 1545 2845
6 1546 2910
6 1547 6111
6 1548 2541
6 1549 10200
6 1550 11315
6 1551 2085
6 1552 4624
6 1553 16845
6 1554 6219
6 1556 10134
6 1557 4399
6 1558 11800
6 1559 7208
6 1560 5284
6 1561 2460
6 1564 5676
6 1565 5023
6 1567 7572
6 1568 7453
6 1569 12753
6 1570 4111
6 1571 3328
6 1573 6374
6 1574 11364
6 1575 6671
6 1576 2221
6 1577 2549
6 1578 7150
6 1579 1866
6 1580 420
6 1581 1070
6 1582 7985
6 1583 817
6 1584 1992
6 1585 23
6 1586 6579
6 1587 3699
6 1588 2826
6 1589 4876
6 1591 1832
6 1592 26659
6 1593 2602
6 1594 5268
6 1595 5237
6 1596 6151
6 1597 10529
6 1598 7338
6 1599 2131
6 1600 5588
6 1601 6044
6 1602 3180
6 1604 4781
6 1605 1638
6 1606 720
6 1609 15721
6 1610 6867
6 1611 2843
6 1613 5456
6 1614 9009
6 1615 4816
6 1616 10784
6 1617 4417
6 1618 9457
6 1619 12780
6 1620 12119
6 1621 8699
6 1622 5178
6 1623 12653
6 1624 8555
6 1625 13593
6 1626 11491
6 1627 5302
6 1628 13943
6 1629 285
6 1630 8693
6 1631 5588
6 1632 5551
6 1633 736
6 1634 4417
6 1635 2050
6 1636 11399
6 1637 18719
6 1638 11865
6 1639 5279
6 1640 2065
6 1641 4373
6 1642 15488
6 1643 2461
6 1644 18385
6 1645 7362
6 1646 1642
6 1648 327
6 1649 15722
6 1650 19413
6 1652 692
6 1653 2260
6 1654 1661
6 1656 881
6 1657 6168
6 1658 21157
6 1659 2908
6 1661 641
6 1662 641
6 1663 7835
6 1664 30
6 1665 2133
6 1667 8437
6 1668 6234
6 1669 5902
6 1671 1241
6 1673 735
6 1674 12518
6 1675 1498
6 1676 2356
6 1680 2750
6 1681 1481
6 1682 13819
6 1683 13619
6 1684 4138
6 1685 6086
6 1686 4330
6 1687 7795
6 1688 9945
6 1689 5796
6 1690 11548
6 1691 7734
6 1692 6087
6 1693 4600
6 1694 13420
6 1695 4235
6 1696 3903
6 1697 4677
6 1698 204
6 1699 14305
6 1700 6131
6 1702 10831
6 1703 18480
6 1704 4805
6 1706 6972
6 1707 3412
6 1708 80
6 1709 6477
6 1710 480
6 1711 2089
6 1712 7243
6 1713 14269
6 1714 7435
6 1716 3342
6 1717 570
6 1718 4092
6 1719 10147
6 1720 13353
6 1721 8538
6 1722 811
6 1724 7248
6 1725 4028
6 1726 6697
6 1727 1904
6 1728 1333
6 1729 17247
6 1730 1190
6 1731 1258
6 1732 12049
6 1733 26112
6 1734 6836
6 1735 1953
6 1736 863
6 1739 4373
6 1740 8463
6 1741 9999
6 1742 4399
6 1743 13538
6 1744 800
6 1745 10916
6 1746 11539
6 1747 4032
6 1748 3488
6 1749 11220
6 1750 8251
6 1751 11769
6 1752 5153
6 1753 4385
6 1754 2951
6 1755 6967
6 1756 2298
6 1757 3152
6 1758 298
6 1759 8417
6 1761 2601
6 1762 3362
6 1763 8264
6 1764 2279
6 1765 6733
6 1766 19102
6 1767 23756
6 1768 1470
6 1769 824
6 1770 13071
6 1771 8933
6 1772 604
6 1774 1345
6 1776 2841
6 1777 8079
6 1778 13066
6 1779 18185
6 1780 14931
6 1781 8451
6 1782 27106
6 1783 1714
6 1785 8408
6 1786 9562
6 1787 465
6 1788 5478
6 1790 5285
6 1791 29881
6 1792 7627
6 1793 2933
6 1794 3531
6 1795 2617
6 1796 4853
6 1797 24740
6 1798 1812
6 1799 2758
6 1800 6432
6 1801 9698
6 1802 778
6 1804 4191
6 1805 3836
6 1806 10039
6 1808 14454
6 1809 10248
6 1811 16124
6 1812 12258
6 1813 2072
6 1814 4346
6 1815 5729
6 1816 7774
6 1817 3830
6 1818 7541
6 1819 4147
6 1820 11411
6 1822 17823
6 1823 2621
6 1824 9265
6 1826 5605
6 1827 7100
6 1828 3057
6 1829 5866
6 1830 7143
6 1832 13992
6 1833 8519
6 1834 9101
6 1835 6720
6 1836 465
6 1837 5873
6 1838 6467
6 1839 5227
6 1840 11111
6 1841 6838
6 1844 11851
6 1845 53
6 1846 9190
6 1847 6728
6 1848 5199
6 1850 7874
6 1852 1915
6 1853 4207
6 1854 2471
6 1855 1393
6 1856 7929
6 1857 12556
6 1859 14829
6 1860 2631
6 1862 2271
6 1864 1186
6 1865 9012
6 1867 8381
6 1868 509
6 1869 5149
6 1870 3464
6 1871 6157
6 1872 4588
6 1873 1728
6 1874 1026
6 1875 6481
6 1876 824
6 1877 6297
6 1878 4664
6 1879 1465
6 1880 4086
6 1881 3366
6 1883 9162
6 1884 5820
6 1885 3114
6 1886 840
6 1888 2660
6 1889 11102
6 1890 11824
6 1891 4754
6 1892 4366
6 1894 2297
6 1895 162
6 1896 124
6 1897 4088
6 1898 3498
6 1899 8935
6 1900 855
6 1901 11595
6 1902 10798
6 1903 3817
6 1904 1619
6 1905 8
6 1906 4342
6 1907 5842
6 1908 11448
6 1909 22822
6 1910 5849
6 1911 7936
6 1912 2412
6 1913 8154
6 1914 5932
6 1915 8981
6 1917 7471
6 1918 3569
6 1919 10083
6 1921 1746
6 1922 14994
6 1923 3091
6 1924 9661
6 1925 15819
6 1926 5574
6 1927 5652
6 1928 2326
6 1929 14525
6 1930 4330
6 1931 20245
6 1932 4811
6 1933 8457
6 1934 1707
6 1935 5883
6 1936 2568
6 1937 4546
6 1939 5898
6 1940 17204
6 1941 5953
6 1942 4639
6 1943 15214
6 1944 3989
6 1945 16066
6 1948 8045
6 1949 6808
6 1950 10469
6 1951 15461
6 1952 13761
6 1953 2099
6 1954 2355
6 1955 10036
6 1956 1243
6 1957 2795
6 1958 4450
6 1959 3282
6 1960 8718
6 1961 7272
6 1962 2593
6 1963 105
6 1964 10604
6 1965 13183
6 1967 2851
6 1968 3243
6 1969 5347
6 1970 280
6 1971 16360
6 1972 216
6 1973 1561
6 1974 12849
6 1975 7878
6 1976 10586
6 1977 7974
6 1978 3131
6 1979 6594
6 1980 9932
6 1981 3725
6 1982 4811
6 1983 4036
6 1984 6584
6 1985 2159
6 1986 13293
6 1987 489
6 1988 19297
6 1989 489
6 1990 4714
6 1991 6741
6 1992 7394
6 1993 1677
6 1994 15392
6 1995 3680
6 1996 2392
6 1997 5318
6 1998 1640
6 1999 10279
7 0 1029
7 1 5882
7 2 4953
7 3 5160
7 4 7377
7 5 6753
7 6 5271
7 7 19619
7 8 2054
7 11 18500
7 13 12041
7 14 1971
7 16 3595
7 17 3398
7 18 544
7 19 358
7 20 5672
7 21 239
7 22 807
7 24 8159
7 25 8196
7 26 2032
7 27 2858
7 28 7253
7 29 11267
7 30 4742
7 31 6849
7 32 13984
7 33 2505
7 34 6039
7 35 2112
7 36 2593
7 37 6499
7 38 4196
7 39 17536
7 40 605
7 41 12792
7 42 17923
7 43 27391
7 45 1499
7 47 8922
7 48 9964
7 49 105
7 50 14856
7 51 6156
7 52 2558
7 53 176
7 54 4699
7 55 58
7 56 2176
7 57 9704
7 58 10314
7 59 5795
7 60 5286
7 61 3790
7 62 1526
7 64 17339
7 65 3246
7 66 6372
7 68 7527
7 69 49
7 70 770
7 71 539
7 72 6828
7 73 9133
7 74 2034
7 75 2346
7 76 3091
7 77 5672
7 78 4055
7 79 3312
7 80 11433
7 81 1909
7 82 10588
7 83 8
7 84 5974
7 85 2134
7 87 94
7 88 10753
7 89 2360
7 90 2231
7 91 7085
7 92 1194
7 93 4231
7 94 2956
7 95 13559
7 96 7940
7 97 1095
7 98 3534
7 99 5823
7 100 17340
7 101 2085
7 102 3719
7 104 9199
7 105 4781
7 106 5468
7 107 5767
7 108 2432
7 109 6471
7 111 2959
7 112 19532
7 114 8172
7 115 10079
7 116 10527
7 118 5273
7 119 11499
7 120 4127
7 121 2762
7 122 8312
7 123 2279
7 124 6104
7 126 9988
7 127 5886
7 128 8598
7 129 2814
7 130 3097
7 131 2584
7 132 18587
7 133 545
7 135 3569
7 136 4128
7 137 4260
7 138 5212
7 139 317
7 140 3772
7 141 9533
7 142 6530
7 143 1819
7 144 7509
7 145 1046
7 146 1566
7 147 2069
7 149 552
7 150 7003
7 152 1662
7 153 8629
7 154 642
7 155 12189
7 156 6548
7 157 5687
7 158 1488
7 159 700
7 160 10411
7 161 8223
7 162 3910
7 164 9177
7 165 7477
7 167 12001
7 169 22788
7 170 2705
7 171 12386
7 172 9673
7 173 3261
7 174 4857
7 176 1232
7 177 8372
7 179 1703
7 180 3887
7 181 2401
7 182 3402
7 183 16003
7 186 5811
7 187 2069
7 188 4160
7 189 5970
7 190 5284
7 191 11043
7 192 2231
7 193 2756
7 194 293
7 196 4255
7 197 15102
7 198 729
7 200 9
7 201 2053
7 202 867
7 203 3486
7 204 4535
7 205 2737
7 206 808
7 207 11479
7 208 13256
7 209 18396
7 210 6103
7 211 7306
7 212 18972
7 213 3684
7 214 5451
7 216 319
7 217 2787
7 218 6279
7 219 13684
7 220 7136
7 221 5734
7 222 8926
7 223 9027
7 224 3279
7 225 9813
7 226 9401
7 227 6403
7 228 9871
7 229 4937
7 230 10158
7 231 963
7 232 4344
7 233 5558
7 234 6558
7 235 9120
7 236 14601
7 237 7712
7 238 3271
7 239 4700
7 240 4508
7 241 1806
7 242 3760
7 243 7649
7 244 2647
7 245 6839
7 246 8033
7 248 3964
7 249 12762
7 251 938
7 252 25000
7 253 8966
7 254 9267
7 255 7017
7 256 2231
7 257 6600
7 258 2928
7 259 17082
7 260 1715
7 261 3489
7 262 9204
7 263 5211
7 264 2393
7 266 6962
7 267 6185
7 268 13427
7 269 2839
7 270 8602
7 271 589
7 272 4055
7 273 10644
7 274 7354
7 275 7629
7 276 10323
7 277 14972
7 278 15579
7 279 2106
7 280 22
7 281 7560
7 282 12285
7 283 4128
7 284 12276
7 286 5284
7 287 6068
7 289 15478
7 290 6699
7 292 3886
7 294 15488
7 295 14290
7 296 5669
7 297 16491
7 298 4768
7 299 11359
7 300 21107
7 303 5851
7 304 1297
7 305 12464
7 306 7264
7 307 8347
7 308 972
7 309 10212
7 310 1024
7 311 27431
7 312 10486
7 313 211
7 314 3375
7 315 10989
7 316 4382
7 317 17793
7 318 7222
7 319 3574
7 320 5249
7 321 2261
7 322 12928
7 323 13729
7 324 9308
7 325 29
7 326 7044
7 327 21288
7 328 6835
7 330 14343
7 331 3160
7 332 7539
7 333 2144
7 334 3588
7 335 18814
7 336 402
7 337 7000
7 338 4784
7 339 7592
7 340 8091
7 341 6620
7 342 6779
7 343 4795
7 344 10842
7 345 657
7 346 5451
7 347 3246
7 348 5298
7 350 17523
7 351 3126
7 353 5212
7 354 14302
7 355 5426
7 357 12358
7 358 6735
7 359 28306
7 360 16001
7 362 17130
7 364 5764
7 365 10968
7 366 10628
7 368 574
7 369 5227
7 370 2964
7 371 11961
7 372 20210
7 373 3050
7 374 5783
7 375 3053
7 376 5344
7 378 7702
7 379 6886
7 380 4560
7 381 357
7 382 3513
7 383 9505
7 384 2983
7 385 1335
7 386 5390
7 387 7287
7 388 10095
7 389 12869
7 390 22156
7 391 1841
7 392 7900
7 393 2956
7 394 2654
7 395 6826
7 396 5138
7 397 5286
7 398 4677
7 399 9987
7 400 5501
7 401 17538
7 402 16866
7 404 3857
7 405 8829
7 406 7634
7 407 1586
7 408 4720
7 409 12903
7 410 7737
7 411 4499
7 413 13169
7 414 3921
7 415 2893
7 416 1202
7 417 6995
7 418 9268
7 419 10763
7 420 7024
7 421 586
7 422 2208
7 424 4801
7 425 8502
7 427 7884
7 428 3805
7 429 15880
7 430 5228
7 431 21077
7 432 428
7 435 1013
7 436 1478
7 437 5173
7 438 5368
7 439 3888
7 440 463
7 441 8361
7 442 14747
7 443 4866
7 444 651
7 445 13168
7 446 4309
7 447 5078
7 448 2979
7 449 1613
7 450 3146
7 451 6079
7 452 5871
7 453 6753
7 454 979
7 455 5883
7 456 5299
7 457 4035
7 458 7328
7 459 4959
7 460 3955
7 461 8620
7 462 250
7 463 11095
7 464 8482
7 465 10927
7 466 27697
7 467 6908
7 468 2623
7 469 1179
7 470 14786
7 471 5899
7 472 3112
7 473 1607
7 474 2691
7 475 7994
7 476 2987
7 477 5748
7 478 1296
7 479 4189
7 480 2729
7 481 20811
7 482 18503
7 483 7364
7 484 3958
7 485 6668
7 487 7054
7 488 4517
7 490 12324
7 491 8505
7 492 9867
7 494 3439
7 495 9495
7 496 1050
7 498 127
7 499 739
7 500 27471
7 501 3510
7 502 10877
7 503 14887
7 504 1289
7 505 2114
7 506 5346
7 509 4557
7 511 11567
7 512 8144
7 513 14733
7 514 4386
7 515 1839
7 516 2013
7 517 5956
7 518 3706
7 519 3076
7 520 823
7 521 7736
7 522 3718
7 523 5601
7 524 8414
7 525 1237
7 526 7162
7 529 8056
7 530 6528
7 531 1003
7 532 6220
7 534 431
7 536 2745
7 537 6107
7 538 4352
7 539 2515
7 540 12973
7 541 2645
7 542 3839
7 543 1040
7 544 10584
7 545 9288
7 546 3660
7 547 116
7 548 5318
7 549 15075
7 550 2335
7 552 5511
7 553 13853
7 554 813
7 555 3285
7 556 13963
7 559 6808
7 560 8767
7 561 12031
7 562 20587
7 563 837
7 564 4568
7 565 8091
7 566 12394
7 567 3451
7 568 13570
7 570 11042
7 571 4025
7 572 2196
7 573 7
7 574 3656
7 575 2570
7 576 3040
7 577 4663
7 578 2543
7 580 1688
7 581 5526
7 582 8325
7 586 3617
7 587 9022
7 588 3285
7 589 1715
7 590 8384
7 591 14455
7 592 5934
7 593 12885
7 595 3204
7 596 3292
7 597 2757
7 598 2071
7 599 5307
7 601 12872
7 602 13074
7 603 980
7 604 18804
7 605 4886
7 606 11173
7 607 2317
7 608 7719
7 610 15333
7 611 2209
7 612 4110
7 614 7684
7 616 11
7 617 638
7 618 9034
7 620 5505
7 621 9548
7 622 348
7 623 9988
7 624 8585
7 626 15055
7 627 3773
7 628 6362
7 629 2940
7 631 1032
7 632 6898
7 634 4969
7 635 8541
7 636 8241
7 637 15328
7 639 6557
7 640 93
7 641 2528
7 642 2698
7 643 5717
7 644 300
7 645 5646
7 647 2535
7 648 4265
7 649 5248
7 650 7108
7 651 5157
7 652 10944
7 653 1755
7 654 8320
7 655 7711
7 656 6759
7 657 6106
7 658 13250
7 659 3392
7 660 26
7 661 9198
7 662 17397
7 663 14342
7 664 6140
7 665 1380
7 666 5162
7 667 10791
7 668 12930
7 669 4983
7 670 2279
7 671 4247
7 673 8126
7 675 6806
7 676 5368
7 677 3040
7 678 423
7 679 7578
7 680 14166
7 681 50
7 682 18028
7 683 1192
7 684 12241
7 685 3864
7 686 722
7 687 19111
7 688 4890
7 689 5998
7 690 2913
7 691 7023
7 692 3628
7 693 6265
7 694 3616
7 695 1997
7 696 4792
7 697 5302
7 698 6298
7 699 1556
7 700 4390
7 701 7881
7 702 24379
7 703 3573
7 704 7592
7 705 3266
7 706 5165
7 707 8479
7 708 13353
7 709 4114
7 710 2420
7 711 11712
7 712 13085
7 713 24237
7 714 6995
7 715 679
7 716 10883
7 717 9287
7 718 188
7 719 10486
7 721 5162
7 722 8100
7 723 3460
7 724 7072
7 725 1868
7 726 8658
7 727 1945
7 729 7188
7 730 9839
7 731 5827
7 732 5385
7 733 2443
7 734 7843
7 735 4634
7 736 10061
7 737 2638
7 738 5135
7 739 5815
7 740 9656
7 741 3817
7 742 4482
7 743 8654
7 744 685
7 745 4774
7 746 658
7 747 2405
7 748 4206
7 749 7836
7 750 30
7 751 9102
7 752 15552
7 753 4435
7 754 571
7 755 16007
7 756 6786
7 757 3327
7 758 7634
7 759 7774
7 760 21063
7 761 8120
7 762 7111
7 763 8478
7 764 2179
7 765 4336
7 766 2366
7 767 11856
7 768 6107
7 769 2770
7 770 4381
7 771 14
7 772 361
7 774 5391
7 775 4846
7 776 8115
7 777 4324
7 778 1684
7 779 4440
7 781 8433
7 782 1598
7 783 6663
7 784 4479
7 785 6199
7 786 2764
7 787 607
7 788 5575
7 790 5204
7 791 4642
7 792 23730
7 793 8181
7 794 10944
7 795 3148
7 796 10552
7 797 3060
7 798 2429
7 799 3023
7 801 4800
7 802 6042
7 803 9919
7 804 7134
7 805 16637
7 806 4917
7 807 4725
7 808 5621
7 809 1738
7 810 12933
7 811 13535
7 813 12688
7 814 3418
7 815 11720
7 817 2212
7 818 8097
7 819 2047
7 820 12547
7 821 7594
7 822 149
7 823 13809
7 824 8651
7 825 5059
7 826 20363
7 827 8551
7 829 2834
7 830 191
7 831 2544
7 832 5574
7 833 4191
7 834 8950
7 835 4916
7 836 459
7 838 3949
7 839 320
7 840 7472
7 841 3248
7 842 12855
7 843 10404
7 844 1387
7 845 11003
7 847 4185
7 849 5096
7 850 2811
7 851 3019
7 852 2159
7 853 6576
7 854 1385
7 855 6453
7 856 8747
7 857 7673
7 858 1592
7 860 3310
7 861 9123
7 863 13698
7 865 1234
7 866 7266
7 867 12532
7 868 6756
7 869 15214
7 870 6204
7 871 3700
7 872 6608
7 873 21954
7 874 5046
7 875 182
7 876 14149
7 877 13389
7 878 2219
7 879 3660
7 880 869
7 881 5958
7 882 2852
7 883 6416
7 884 5
7 885 6912
7 887 20985
7 888 1688
7 889 2
7 890 5058
7 891 1884
7 893 1420
7 894 3975
7 895 3550
7 896 2659
7 898 3716
7 901 10
7 902 25452
7 903 20710
7 905 5776
7 906 4568
7 907 15649
7 908 2291
7 909 257
7 912 6160
7 913 9802
7 914 13581
7 915 8914
7 916 12711
7 917 5451
7 918 632
7 920 1237
7 921 16388
7 922 6929
7 923 631
7 924 8441
7 925 6617
7 926 2983
7 927 5525
7 928 2979
7 929 10422
7 930 731
7 931 2328
7 932 473
7 933 3412
7 934 6383
7 935 2899
7 936 5810
7 937 5225
7 938 1375
7 939 9092
7 940 5638
7 941 5735
7 942 5692
7 943 6425
7 944 1977
7 946 10178
7 947 12547
7 948 5172
7 949 1329
7 950 12099
7 951 12395
7 952 5525
7 953 25473
7 954 7049
7 955 556
7 956 10479
7 957 7910
7 958 5597
7 959 1900
7 960 5245
7 961 7200
7 962 2310
7 963 788
7 966 12268
7 967 2338
7 968 9047
7 969 4787
7 970 4956
7 971 16716
7 972 12833
7 974 2171
7 975 16638
7 976 2203
7 977 11471
7 978 5064
7 979 1413
7 980 13543
7 981 2748
7 982 5524
7 983 5692
7 984 6620
7 985 8810
7 986 8674
7 987 3335
7 988 14537
7 990 11816
7 991 3533
7 992 11731
7 993 17573
7 994 9579
7 995 3730
7 996 3851
7 999 11514
7 1000 1805
7 1001 3686
7 1003 9565
7 1004 7730
7 1005 122
7 1007 5066
7 1009 436
7 1010 10275
7 1011 8339
7 1012 2968
7 1013 3415
7 1014 623
7 1015 7424
7 1016 9235
7 1017 5187
7 1019 7846
7 1020 1963
7 1021 4273
7 1022 2393
7 1023 23259
7 1024 3844
7 1026 8401
7 1027 12546
7 1028 20347
7 1031 14793
7 1033 13481
7 1034 173
7 1036 701
7 1037 6840
7 1038 78
7 1040 10850
7 1041 6046
7 1042 12171
7 1043 9
7 1044 10476
7 1045 3379
7 1046 21204
7 1047 1465
7 1048 2017
7 1049 18365
7 1050 2822
7 1051 1239
7 1052 22104
7 1053 9837
7 1055 298
7 1056 7263
7 1057 7244
7 1058 11563
7 1059 6229
7 1060 16501
7 1061 9844
7 1062 5155
7 1063 1883
7 1064 6194
7 1065 2286
7 1066 8620
7 1067 10470
7 1068 8221
7 1070 1808
7 1071 6168
7 1072 5636
7 1073 7605
7 1075 4241
7 1077 7884
7 1078 8743
7 1079 11251
7 1080 6646
7 1081 8032
7 1082 202
7 1083 7036
7 1084 5685
7 1085 1029
7 1086 3575
7 1087 1066
7 1088 8454
7 1089 9968
7 1090 19762
7 1091 2581
7 1092 11630
7 1093 3232
7 1094 987
7 1095 9683
7 1096 4957
7 1097 9174
7 1099 3458
7 1100 10114
7 1101 13639
7 1102 4924
7 1103 4738
7 1104 7403
7 1105 10711
7 1106 14209
7 1107 6204
7 1108 10170
7 1109 2148
7 1110 601
7 1111 6562
7 1112 4134
7 1113 4824
7 1114 13426
7 1115 7993
7 1116 12372
7 1117 11628
7 1118 4309
7 1119 13027
7 1121 4396
7 1122 3108
7 1123 4956
7 1124 4559
7 1125 3143
7 1126 154
7 1127 2525
7 1128 12929
7 1129 1905
7 1132 3126
7 1133 23415
7 1134 7480
7 1135 7100
7 1136 5391
7 1137 11065
7 1138 10119
7 1140 4097
7 1142 151
7 1143 1352
7 1144 5677
7 1145 9024
7 1146 5394
7 1147 7622
7 1148 3940
7 1149 3828
7 1150 9070
7 1151 3761
7 1152 2550
7 1153 6946
7 1154 300
7 1155 10378
7 1156 13091
7 1157 9047
7 1158 5539
7 1159 8575
7 1160 9376
7 1161 2540
7 1163 3495
7 1164 7064
7 1165 3344
7 1166 22664
7 1168 4648
7 1169 3344
7 1170 4556
7 1171 6190
7 1172 4020
7 1173 2026
7 1174 4627
7 1175 10671
7 1176 11502
7 1177 3778
7 1178 1845
7 1180 6553
7 1181 3814
7 1182 592
7 1183 2707
7 1184 7891
7 1185 3930
7 1187 20539
7 1188 356
7 1190 1680
7 1192 18334
7 1193 6299
7 1195 5672
7 1196 6495
7 1197 1214
7 1198 27300
7 1199 11317
7 1200 11156
7 1201 2972
7 1202 14539
7 1203 138
7 1204 15537
7 1205 3337
7 1207 22118
7 1209 2986
7 1210 4279
7 1211 14399
7 1212 5589
7 1213 1194
7 1214 5863
7 1215 10618
7 1217 6985
7 1218 24950
7 1219 7062
7 1220 4055
7 1221 3740
7 1222 4997
7 1223 1201
7 1225 1680
7 1226 19256
7 1227 7068
7 1229 5040
7 1230 6248
7 1231 9668
7 1232 10274
7 1233 153
7 1234 11231
7 1235 6763
7 1236 281
7 1237 6197
7 1238 6483
7 1240 2304
7 1241 2808
7 1242 14837
7 1243 1177
7 1244 9201
7 1245 12223
7 1246 2831
7 1247 3295
7 1248 1137
7 1249 4442
7 1250 7308
7 1251 2397
7 1252 2405
7 1253 2935
7 1254 5207
7 1255 22605
7 1256 4062
7 1257 9425
7 1258 10270
7 1259 3770
7 1260 5320
7 1261 1647
7 1262 18459
7 1263 4951
7 1264 11831
7 1265 14606
7 1267 2849
7 1268 442
7 1269 6092
7 1270 22405
7 1271 3410
7 1272 3674
7 1273 11889
7 1275 4656
7 1276 7645
7 1277 4089
7 1278 3663
7 1279 1615
7 1280 1839
7 1281 2180
7 1282 2482
7 1283 11835
7 1284 7747
7 1285 7098
7 1286 10242
7 1287 1213
7 1288 2496
7 1289 7418
7 1290 12507
7 1291 7006
7 1292 4090
7 1293 12013
7 1294 3521
7 1296 15896
7 1297 9022
7 1298 10402
7 1299 20891
7 1301 4972
7 1302 6698
7 1303 7372
7 1304 2572
7 1305 35
7 1306 6440
7 1307 4878
7 1308 2795
7 1309 15089
7 1310 11591
7 1311 20239
7 1312 14142
7 1313 7534
7 1314 1968
7 1315 4706
7 1316 9894
7 1317 5420
7 1318 8632
7 1319 3853
7 1320 5357
7 1321 12679
7 1323 841
7 1325 10165
7 1326 7680
7 1327 5080
7 1328 1962
7 1329 378
7 1330 10053
7 1331 2674
7 1332 7375
7 1333 5065
7 1334 2077
7 1335 3344
7 1336 155
7 1337 834
7 1338 15317
7 1339 4444
7 1340 6240
7 1341 2493
7 1342 2167
7 1343 10329
7 1344 13817
7 1345 19117
7 1346 3091
7 1347 1629
7 1348 9302
7 1349 8095
7 1350 2532
7 1351 2740
7 1352 2827
7 1353 1945
7 1354 7330
7 1355 15770
7 1356 4852
7 1357 1685
7 1358 986
7 1359 6582
7 1361 8943
7 1363 990
7 1364 1695
7 1365 2135
7 1366 6374
7 1367 801
7 1368 4349
7 1369 11145
7 1370 4945
7 1371 16622
7 1373 3883
7 1374 1162
7 1375 1391
7 1376 6339
7 1377 4591
7 1378 8159
7 1379 5302
7 1380 8474
7 1381 4627
7 1382 5634
7 1383 2339
7 1384 581
7 1385 11819
7 1386 2684
7 1388 15093
7 1389 1417
7 1390 9606
7 1391 2149
7 1392 4282
7 1393 2426
7 1394 6395
7 1395 5510
7 1396 304
7 1397 10549
7 1398 7091
7 1400 212
7 1401 2916
7 1402 19293
7 1403 751
7 1404 7862
7 1405 6334
7 1407 8602
7 1408 5874
7 1409 1088
7 1410 1471
7 1411 2040
7 1412 5079
7 1413 3381
7 1414 3068
7 1415 234
7 1416 6841
7 1417 6323
7 1418 13212
7 1419 5526
7 1420 13343
7 1421 15198
7 1422 5222
7 1424 6856
7 1425 4962
7 1427 311
7 1428 900
7 1430 2803
7 1431 6912
7 1432 10131
7 1433 4240
7 1434 134
7 1435 6926
7 1436 12055
7 1437 7186
7 1439 272
7 1440 28679
7 1441 23765
7 1442 366
7 1443 3692
7 1444 6422
7 1447 7386
7 1448 10339
7 1449 1598
7 1450 5438
7 1451 1794
7 1452 9024
7 1453 1481
7 1454 24353
7 1455 5544
7 1456 3557
7 1457 4178
7 1458 11749
7 1459 11318
7 1461 5077
7 1462 8613
7 1463 5511
7 1465 15144
7 1466 11209
7 1467 3060
7 1468 3257
7 1469 8927
7 1470 8731
7 1471 3431
7 1472 7379
7 1473 2131
7 1474 9809
7 1475 30410
7 1477 1566
7 1478 22101
7 1479 327
7 1480 15621
7 1481 5148
7 1482 2437
7 1483 4804
7 1485 14197
7 1486 7913
7 1487 3144
7 1488 946
7 1489 4811
7 1490 5337
7 1491 10467
7 1492 21739
7 1493 4568
7 1494 3033
7 1495 3207
7 1496 1832
7 1497 2056
7 1499 1673
7 1500 5761
7 1501 1905
7 1502 7619
7 1503 4203
7 1504 24541
7 1505 7171
7 1506 3497
7 1507 5719
7 1509 5033
7 1510 3086
7 1511 10099
7 1513 3395
7 1514 4238
7 1515 10579
7 1516 6311
7 1517 7518
7 1518 3105
7 1519 12
7 1520 10266
7 1521 7109
7 1522 5128
7 1523 4988
7 1524 2252
7 1525 8754
7 1526 7104
7 1527 11141
7 1528 1672
7 1529 22956
7 1530 5016
7 1532 6791
7 1533 313
7 1535 58
7 1536 1409
7 1537 4564
7 1539 6343
7 1541 20576
7 1542 10507
7 1544 3707
7 1545 6945
7 1546 1750
7 1547 15281
7 1548 3700
7 1549 8492
7 1550 1748
7 1551 949
7 1552 2621
7 1553 5532
7 1554 4846
7 1555 4127
7 1556 5584
7 1557 5829
7 1558 23448
7 1559 8689
7 1560 1396
7 1561 2370
7 1562 2256
7 1564 4681
7 1566 684
7 1567 2196
7 1568 292
7 1569 4372
7 1570 15937
7 1571 6594
7 1572 11642
7 1573 6399
7 1574 4536
7 1575 10098
7 1576 25731
7 1577 13390
7 1578 7148
7 1579 4365
7 1580 5598
7 1581 1841
7 1582 3928
7 1583 3463
7 1584 5417
7 1585 2199
7 1586 7347
7 1587 9036
7 1589 6844
7 1590 2439
7 1591 10874
7 1593 4854
7 1594 10007
7 1595 3266
7 1596 18989
7 1597 5036
7 1598 6513
7 1599 1074
7 1600 11136
7 1601 5427
7 1602 12036
7 1603 11306
7 1604 545
7 1605 1755
7 1606 8015
7 1607 5136
7 1608 3866
7 1609 4964
7 1610 6680
7 1611 2434
7 1612 11299
7 1613 2849
7 1614 12644
7 1615 9763
7 1616 1458
7 1617 7733
7 1618 399
7 1619 347
7 1620 416
7 1621 301
7 1623 1353
7 1624 8973
7 1625 10784
7 1626 8874
7 1627 9800
7 1628 4369
7 1630 12463
7 1631 4081
7 1632 4092
7 1633 2115
7 1634 2571
7 1637 6511
7 1638 3080
7 1639 26815
7 1640 9557
7 1641 5208
7 1643 4184
7 1644 6978
7 1646 8270
7 1647 2916
7 1648 5336
7 1649 3166
7 1650 5477
7 1651 3974
7 1652 15546
7 1653 1481
7 1654 5316
7 1655 15392
7 1657 11179
7 1659 11625
7 1660 12896
7 1661 2337
7 1662 6909
7 1663 5209
7 1664 12307
7 1665 6724
7 1667 7813
7 1668 12446
7 1669 6320
7 1670 3719
7 1671 11695
7 1672 9345
7 1673 1996
7 1674 14736
7 1676 14609
7 1677 4277
7 1679 1688
7 1680 5167
7 1681 6629
7 1682 14104
7 1683 3371
7 1684 1015
7 1685 7968
7 1688 12978
7 1689 6015
7 1690 6198
7 1691 8115
7 1692 10888
7 1693 1147
7 1694 1828
7 1695 1686
7 1696 13869
7 1697 11799
7 1698 7395
7 1699 610
7 1700 13629
7 1701 1267
7 1702 3423
7 1703 2
7 1704 1132
7 1705 1142
7 1707 12471
7 1709 7397
7 1710 13577
7 1711 5726
7 1712 1014
7 1713 2097
7 1714 3916
7 1715 18457
7 1716 9646
7 1719 3656
7 1720 1841
7 1721 9394
7 1722 6021
7 1723 9414
7 1724 3595
7 1725 5883
7 1726 8304
7 1728 13236
7 1729 3439
7 1730 9165
7 1731 6750
7 1732 3803
7 1733 1875
7 1734 4769
7 1736 5713
7 1737 13237
7 1738 4176
7 1739 3399
7 1740 8810
7 1741 7907
7 1742 13623
7 1743 9706
7 1744 17495
7 1745 1431
7 1747 3209
7 1748 4944
7 1749 6133
7 1750 14737
7 1751 6619
7 1752 6476
7 1753 7203
7 1755 3658
7 1757 19975
7 1759 9801
7 1760 1468
7 1761 203
7 1762 9109
7 1763 4514
7 1764 9704
7 1765 20783
7 1766 2493
7 1767 1038
7 1768 3058
7 1769 7314
7 1770 914
7 1771 883
7 1772 6619
7 1774 4469
7 1775 5366
7 1778 4701
7 1779 1463
7 1780 1365
7 1781 17
7 1783 6753
7 1784 8998
7 1785 5520
7 1786 1441
7 1787 19031
7 1789 84
7 1791 2913
7 1792 2927
7 1793 6631
7 1794 13417
7 1795 23326
7 1796 5659
7 1797 17874
7 1798 3587
7 1799 31942
7 1800 16905
7 1801 8297
7 1802 4308
7 1805 2186
7 1806 3507
7 1807 9657
7 1808 6180
7 1809 12181
7 1810 22680
7 1811 3696
7 1812 7980
7 1813 8720
7 1814 1118
7 1815 10306
7 1817 3006
7 1818 10661
7 1819 4197
7 1820 2288
7 1821 3717
7 1822 4970
7 1823 7181
7 1824 7499
7 1825 5016
7 1826 10091
7 1827 2151
7 1829 6284
7 1830 2269
7 1831 9599
7 1832 575
7 1834 1809
7 1835 4888
7 1836 2091
7 1837 3797
7 1839 6196
7 1840 2578
7 1841 1159
7 1842 311
7 1843 10360
7 1844 6964
7 1845 2146
7 1846 3448
7 1847 5244
7 1848 3650
7 1849 13948
7 1850 328
7 1851 2104
7 1852 2801
7 1853 13297
7 1855 7984
7 1856 1919
7 1857 3428
7 1858 3858
7 1859 6242
7 1860 4649
7 1861 2790
7 1862 3533
7 1863 2246
7 1864 9741
7 1865 4206
7 1867 12589
7 1869 16280
7 1870 18718
7 1871 6130
7 1872 5060
7 1873 5786
7 1874 8790
7 1875 10536
7 1876 1746
7 1877 8123
7 1878 2701
7 1879 9606
7 1880 13736
7 1881 2156
7 1882 14958
7 1883 8802
7 1884 14104
7 1885 1033
7 1886 2290
7 1887 16677
7 1888 4104
7 1889 8116
7 1890 31325
7 1891 9823
7 1892 8214
7 1893 6253
7 1894 30197
7 1895 21512
7 1896 5763
7 1898 6159
7 1899 9061
7 1900 5238
7 1901 4170
7 1902 14263
7 1903 6457
7 1904 1866
7 1905 4786
7 1907 9795
7 1908 8725
7 1909 3834
7 1910 2632
7 1911 23989
7 1912 7106
7 1913 3872
7 1914 2429
7 1915 4105
7 1917 4649
7 1918 9968
7 1919 2783
7 1920 14958
7 1921 4682
7 1922 5655
7 1923 1079
7 1924 2820
7 1925 3956
7 1926 10267
7 1927 3950
7 1928 8318
7 1929 9486
7 1930 4623
7 1931 4396
7 1933 4373
7 1934 2360
7 1935 2452
7 1936 8873
7 1937 3461
7 1938 2866
7 1939 17916
7 1941 3385
7 1942 5362
7 1943 2526
7 1944 4425
7 1945 5103
7 1946 2191
7 1948 10510
7 1949 5259
7 1951 4839
7 1952 611
7 1953 3707
7 1954 6731
7 1956 4287
7 1957 5339
7 1959 4793
7 1960 10693
7 1961 3788
7 1962 11044
7 1963 5986
7 1964 3024
7 1965 411
7 1966 9418
7 1967 1535
7 1968 6609
7 1969 99
7 1970 4040
7 1971 1202
7 1972 4316
7 1974 18354
7 1975 1572
7 1976 14377
7 1977 4263
7 1978 2901
7 1979 5757
7 1980 7037
7 1981 6460
7 1982 5
7 1983 2630
7 1984 2669
7 1985 2193
7 1986 5994
7 1987 607
7 1988 4474
7 1990 8706
7 1991 270
7 1993 2680
7 1994 7024
7 1995 2509
7 1996 13348
7 1998 5893
7 1999 7047
8 0 1385
8 1 4794
8 2 3000
8 3 199
8 4 6224
8 5 9487
8 6 1598
8 7 6823
8 8 10473
8 9 4789
8 10 10164
8 11 2971
8 12 1458
8 13 5760
8 14 5337
8 15 11
8 16 2912
8 17 3605
8 19 8135
8 20 1739
8 21 1489
8 22 4623
8 23 1942
8 24 6138
8 25 5283
8 26 15368
8 27 5908
8 28 8066
8 30 2188
8 32 3459
8 33 6644
8 34 3670
8 35 688
8 37 2441
8 38 18
8 39 3448
8 40 8520
8 41 16142
8 42 14244
8 43 38164
8 44 7594
8 45 274
8 46 395
8 48 15254
8 49 445
8 50 1703
8 51 9510
8 52 239
8 53 26772
8 54 3485
8 56 3326
8 57 3497
8 58 5389
8 60 3163
8 61 11903
8 62 4890
8 63 8310
8 64 7204
8 65 4593
8 66 3268
8 69 2578
8 71 9441
8 72 7743
8 73 7576
8 74 1140
8 75 5076
8 76 12117
8 77 3305
8 78 4643
8 79 2526
8 80 6821
8 81 12082
8 82 7858
8 83 9911
8 84 524
8 86 6198
8 87 800
8 88 6294
8 89 5394
8 90 5124
8 91 1737
8 92 3242
8 93 7704
8 94 5812
8 95 4730
8 96 2714
8 97 89
8 98 1857
8 99 7591
8 100 18263
8 101 7416
8 102 10617
8 103 8900
8 105 12931
8 106 3806
8 107 1545
8 108 3445
8 109 927
8 110 4517
8 111 11655
8 112 4364
8 114 4340
8 115 3927
8 116 6430
8 118 4251
8 119 1703
8 120 13066
8 121 1487
8 122 16759
8 123 6675
8 124 5077
8 125 2304
8 126 10581
8 127 3458
8 128 10728
8 129 4862
8 130 10497
8 131 5103
8 133 6405
8 135 5587
8 136 10613
8 137 2566
8 138 72
8 139 1152
8 140 3331
8 143 7037
8 144 5311
8 145 12341
8 146 8109
8 147 5203
8 148 5149
8 150 4991
8 151 5784
8 152 5289
8 153 15159
8 154 18910
8 155 6570
8 156 9217
8 157 4485
8 158 252
8 159 4207
8 160 6988
8 161 10337
8 163 6891
8 164 6494
8 166 2603
8 167 6243
8 168 12786
8 169 602
8 170 17334
8 172 2793
8 173 14871
8 174 5085
8 176 13072
8 177 13988
8 178 13847
8 179 11711
8 180 13695
8 181 6247
8 182 7652
8 183 5269
8 184 10602
8 185 10373
8 186 37711
8 187 3595
8 188 2198
8 189 1346
8 190 3985
8 191 6613
8 192 1792
8 193 5107
8 195 15794
8 196 11852
8 197 8545
8 198 9083
8 199 1271
8 200 7790
8 201 25
8 202 14372
8 203 13639
8 204 4212
8 205 2060
8 206 15323
8 207 9727
8 208 5510
8 209 1538
8 210 14316
8 212 1185
8 213 4009
8 215 501
8 216 1901
8 217 7006
8 218 16
8 219 9652
8 220 3706
8 221 9449
8 222 5631
8 223 1536
8 224 3895
8 225 11404
8 227 18910
8 228 1169
8 229 4954
8 230 5335
8 231 2321
8 232 13216
8 233 1412
8 235 1521
8 237 9842
8 238 11674
8 239 3372
8 241 2624
8 242 288
8 243 3584
8 245 3374
8 246 608
8 247 5975
8 248 5861
8 249 11327
8 250 3677
8 251 2047
8 252 7540
8 253 5154
8 255 4076
8 256 846
8 257 14551
8 258 9539
8 259 2598
8 260 2465
8 261 11072
8 262 13846
8 263 1380
8 264 1672
8 265 19645
8 267 2654
8 268 11922
8 269 9
8 270 9833
8 271 19735
8 272 12156
8 273 5580
8 274 1626
8 275 11848
8 276 7520
8 277 9793
8 278 18584
8 279 15032
8 281 5505
8 282 10218
8 283 5713
8 285 1981
8 286 13084
8 287 3946
8 288 2053
8 289 8799
8 290 14006
8 292 9078
8 293 6911
8 294 5633
8 295 11835
8 296 1134
8 298 5053
8 299 11099
8 300 436
8 301 15744
8 302 4111
8 303 6485
8 304 6928
8 305 5413
8 306 6952
8 308 5160
8 309 7905
8 310 6760
8 311 3774
8 313 10090
8 315 10783
8 316 7755
8 317 11070
8 318 7983
8 319 5912
8 320 1889
8 321 4112
8 322 1059
8 323 3658
8 324 11709
8 325 1536
8 326 6945
8 327 10800
8 328 15855
8 329 10620
8 330 5205
8 332 18708
8 333 4386
8 334 19757
8 335 6040
8 336 6950
8 337 3542
8 338 2825
8 339 1188
8 340 3519
8 341 1931
8 342 4412
8 343 3004
8 344 776
8 345 3603
8 346 2392
8 347 8860
8 348 5171
8 349 1707
8 350 7852
8 351 2732
8 352 7028
8 354 11653
8 355 1157
8 356 5458
8 357 1588
8 358 4171
8 359 5259
8 360 6538
8 361 5861
8 364 2306
8 365 12246
8 366 6523
8 367 12087
8 368 4630
8 369 8377
8 370 3399
8 371 4501
8 373 8826
8 374 2427
8 375 7184
8 376 9497
8 377 9247
8 378 3076
8 379 4066
8 380 36
8 381 5749
8 382 13740
8 383 22813
8 385 6430
8 386 1205
8 387 3691
8 388 4465
8 389 2419
8 390 7733
8 391 653
8 392 7190
8 393 7556
8 394 11361
8 395 4909
8 396 5235
8 397 21072
8 398 3200
8 399 25940
8 400 18904
8 401 11116
8 402 8361
8 403 6848
8 404 3201
8 405 2292
8 406 12413
8 408 17274
8 409 6041
8 410 16156
8 411 5486
8 412 2955
8 413 6158
8 414 13113
8 415 5580
8 416 3775
8 417 3078
8 420 1498
8 421 4645
8 422 29459
8 423 2213
8 424 3252
8 425 1803
8 426 3217
8 427 9180
8 428 10230
8 430 5596
8 431 144
8 432 3451
8 433 8762
8 434 4125
8 435 791
8 437 8220
8 439 3113
8 440 8024
8 441 4610
8 442 65
8 443 3487
8 444 18047
8 446 329
8 447 15692
8 448 7620
8 449 3799
8 450 5197
8 451 8322
8 452 8954
8 453 3736
8 454 2846
8 456 4730
8 457 462
8 458 6234
8 459 3212
8 460 1115
8 461 5771
8 462 11288
8 463 4140
8 464 5906
8 466 6193
8 467 13
8 468 5918
8 469 3821
8 470 5013
8 471 4008
8 472 5442
8 473 7455
8 475 4229
8 476 18600
8 477 3864
8 478 15187
8 479 2316
8 480 2370
8 482 32716
8 483 3617
8 485 637
8 486 17185
8 487 1473
8 488 2614
8 489 7496
8 490 194
8 491 2797
8 492 14162
8 493 1074
8 494 4678
8 496 18132
8 497 1435
8 498 830
8 499 5924
8 500 3754
8 501 12793
8 502 4560
8 503 5
8 504 7950
8 505 8410
8 507 6612
8 508 2076
8 510 20578
8 511 7104
8 512 5753
8 513 3402
8 514 8732
8 515 3169
8 516 1582
8 517 8059
8 518 20503
8 519 9723
8 520 5594
8 521 304
8 522 11116
8 523 4783
8 524 4499
8 525 4381
8 526 2761
8 527 8257
8 528 10543
8 529 6592
8 530 8740
8 531 6961
8 532 7431
8 533 3071
8 534 15654
8 535 11167
8 536 8425
8 537 10364
8 538 3055
8 539 5323
8 540 5808
8 541 5370
8 542 5516
8 543 10439
8 544 18472
8 545 669
8 546 5979
8 547 14696
8 549 26504
8 550 11824
8 551 2401
8 552 1560
8 553 13055
8 554 13671
8 555 4360
8 556 8952
8 557 11552
8 558 2005
8 559 1273
8 560 8924
8 561 15014
8 562 14342
8 563 4720
8 564 1732
8 565 14942
8 566 4461
8 567 3952
8 568 11294
8 569 6391
8 570 939
8 571 6641
8 572 9956
8 573 24687
8 574 4333
8 575 16985
8 576 10320
8 577 13559
8 578 12075
8 579 7838
8 580 8205
8 581 8008
8 583 5405
8 584 7385
8 589 4250
8 590 12336
8 591 5625
8 592 1100
8 593 843
8 595 6268
8 596 3373
8 597 3628
8 598 6066
8 599 22623
8 600 5374
8 601 9250
8 602 1087
8 603 13558
8 604 10050
8 605 4552
8 606 11400
8 607 4382
8 608 5937
8 609 16631
8 610 4711
8 611 3869
8 612 7495
8 613 375
8 614 18415
8 615 16632
8 617 3382
8 618 14395
8 619 366
8 620 23899
8 621 596
8 622 5739
8 623 10845
8 625 742
8 626 7389
8 627 17
8 629 8073
8 630 5781
8 631 3535
8 632 4403
8 633 4571
8 634 753
8 635 7046
8 636 4152
8 637 15764
8 638 7060
8 639 7835
8 640 7704
8 641 17559
8 642 5570
8 643 8042
8 644 4373
8 645 4887
8 646 1884
8 648 4664
8 649 415
8 650 6572
8 651 19242
8 652 9859
8 653 2580
8 655 3221
8 656 4047
8 657 7518
8 658 21517
8 659 8508
8 660 3741
8 661 2041
8 662 3323
8 663 1720
8 664 2689
8 665 5948
8 667 10381
8 668 6845
8 669 1859
8 670 5089
8 671 5312
8 672 6384
8 674 4739
8 675 10215
8 676 24
8 677 10711
8 678 3707
8 679 318
8 680 6125
8 681 6711
8 682 9961
8 683 15059
8 684 6108
8 685 4069
8 686 6500
8 687 1647
8 688 9808
8 689 6627
8 691 1962
8 692 4995
8 693 2053
8 694 4058
8 695 8283
8 697 1240
8 698 5683
8 699 6024
8 700 19829
8 701 1534
8 702 11922
8 703 5456
8 705 12059
8 706 10779
8 707 3491
8 708 9603
8 709 4487
8 710 2280
8 711 3305
8 712 5538
8 713 5365
8 714 10507
8 715 6869
8 716 8060
8 717 9388
8 718 4219
8 719 13776
8 721 5276
8 722 6955
8 723 3018
8 724 5717
8 725 5206
8 726 1130
8 727 375
8 728 3495
8 729 1727
8 730 6938
8 731 1367
8 732 12943
8 733 6794
8 734 4450
8 736 5272
8 738 1789
8 739 3017
8 740 11889
8 741 13014
8 742 10774
8 743 2183
8 744 6554
8 745 912
8 746 3017
8 747 1388
8 748 3024
8 749 3248
8 750 2175
8 752 10102
8 753 8721
8 754 4850
8 755 284
8 756 3992
8 757 10738
8 758 2434
8 759 3759
8 760 7270
8 761 13127
8 762 2420
8 763 3596
8 764 4239
8 765 13056
8 767 3277
8 768 2153
8 770 5108
8 771 110
8 772 18396
8 773 12766
8 774 12361
8 775 5299
8 776 4354
8 777 3514
8 778 4212
8 779 3519
8 780 6245
8 781 15029
8 782 10292
8 783 4143
8 784 20856
8 785 9915
8 786 20297
8 787 7551
8 788 4595
8 790 6570
8 791 14498
8 792 2544
8 793 11047
8 794 12391
8 795 6800
8 796 10720
8 797 3099
8 798 10275
8 799 6619
8 801 11289
8 802 13389
8 803 4324
8 804 7999
8 805 6594
8 806 6057
8 808 1676
8 809 886
8 810 7952
8 811 3705
8 813 18411
8 814 1955
8 815 9826
8 818 3401
8 819 565
8 820 11185
8 823 6613
8 824 14741
8 825 3836
8 826 3281
8 827 2060
8 828 5568
8 829 4029
8 830 3760
8 831 6177
8 832 9057
8 833 4191
8 835 761
8 836 3643
8 837 11079
8 838 2556
8 839 6220
8 840 1751
8 841 4112
8 842 7434
8 843 2364
8 844 13351
8 845 15930
8 846 1601
8 847 7245
8 848 339
8 849 11921
8 850 9800
8 851 7601
8 853 8255
8 854 2300
8 855 410
8 857 5085
8 858 8560
8 859 6128
8 860 7084
8 861 4334
8 862 3265
8 864 2404
8 865 5053
8 866 6141
8 867 5580
8 868 3460
8 869 7570
8 870 3688
8 871 45
8 874 12277
8 875 4948
8 876 3089
8 877 6737
8 878 3146
8 880 8
8 881 8460
8 882 2693
8 883 19786
8 884 1605
8 885 9608
8 886 3150
8 887 31
8 888 2477
8 890 2418
8 891 7042
8 893 2514
8 894 11308
8 895 4168
8 897 8448
8 898 8913
8 899 3511
8 900 8
8 901 5926
8 902 5502
8 903 8385
8 904 12907
8 905 5791
8 906 10078
8 907 11223
8 908 353
8 909 11211
8 911 4975
8 912 4795
8 913 12057
8 914 45
8 915 7203
8 916 2176
8 918 5743
8 919 8726
8 920 3312
8 921 7722
8 922 8551
8 923 10340
8 924 4650
8 925 2225
8 926 2742
8 927 4770
8 928 9085
8 929 6938
8 930 11453
8 931 4807
8 932 3138
8 933 8324
8 935 27115
8 936 4175
8 937 12503
8 938 11027
8 939 2784
8 940 5224
8 941 10326
8 942 12176
8 943 12364
8 944 7212
8 945 3968
8 946 280
8 947 11814
8 948 3749
8 949 5300
8 950 3020
8 951 1464
8 952 10915
8 953 15908
8 954 5294
8 955 5847
8 956 4492
8 957 4014
8 958 2101
8 959 2392
8 960 6177
8 961 9883
8 962 6074
8 963 6416
8 964 1591
8 965 4781
8 966 15999
8 967 1772
8 970 7990
8 971 13733
8 972 2838
8 975 3844
8 976 7134
8 977 1780
8 979 5208
8 980 10983
8 981 2608
8 982 2652
8 983 2097
8 984 180
8 985 16717
8 988 8995
8 989 8291
8 990 8270
8 993 303
8 994 10138
8 995 12635
8 996 6601
8 997 4296
8 998 493
8 999 522
8 1000 4840
8 1002 2357
8 1003 9709
8 1004 3832
8 1005 4629
8 1006 4075
8 1007 3490
8 1009 206
8 1011 12179
8 1012 12717
8 1013 8585
8 1014 12294
8 1015 832
8 1017 4259
8 1018 17489
8 1019 6981
8 1020 4145
8 1021 8468
8 1022 3222
8 1023 2326
8 1024 5834
8 1025 10857
8 1026 10684
8 1027 9139
8 1028 4736
8 1029 6936
8 1030 17022
8 1031 5238
8 1032 12095
8 1033 3288
8 1034 5737
8 1035 5738
8 1036 14936
8 1037 7545
8 1038 5107
8 1039 10113
8 1040 1366
8 1041 303
8 1042 8777
8 1043 2344
8 1044 2449
8 1045 7570
8 1046 1661
8 1047 15854
8 1048 4560
8 1051 10852
8 1052 6270
8 1053 8362
8 1054 11482
8 1055 4504
8 1056 303
8 1057 1107
8 1059 11334
8 1060 5064
8 1061 29029
8 1062 9660
8 1063 1171
8 1064 4787
8 1065 5156
8 1066 20838
8 1067 2975
8 1068 7553
8 1069 6358
8 1070 6167
8 1071 528
8 1073 365
8 1074 6216
8 1075 1834
8 1077 2754
8 1078 3974
8 1079 16526
8 1081 17004
8 1082 5826
8 1083 5677
8 1084 2660
8 1085 6683
8 1086 1116
8 1087 12273
8 1088 2346
8 1089 10117
8 1090 2907
8 1091 14830
8 1092 3206
8 1093 7101
8 1094 4181
8 1095 564
8 1096 4620
8 1098 8661
8 1099 5864
8 1100 5456
8 1101 12834
8 1102 5560
8 1103 663
8 1104 369
8 1105 4553
8 1106 6126
8 1107 5667
8 1108 605
8 1109 10003
8 1110 6722
8 1111 3646
8 1112 1766
8 1113 7169
8 1114 13199
8 1115 12068
8 1116 16592
8 1117 4033
8 1118 10052
8 1119 3633
8 1120 3676
8 1123 17445
8 1124 6617
8 1125 4369
8 1126 3108
8 1127 4397
8 1129 3098
8 1130 756
8 1131 9427
8 1133 4325
8 1134 25051
8 1135 5408
8 1136 173
8 1137 13143
8 1138 11326
8 1139 6635
8 1140 2982
8 1141 6472
8 1142 8857
8 1143 1679
8 1144 2996
8 1145 3473
8 1146 2400
8 1147 5068
8 1148 1349
8 1149 2939
8 1150 5424
8 1151 3771
8 1152 1457
8 1155 12132
8 1156 721
8 1158 6443
8 1159 658
8 1161 7947
8 1162 8817
8 1163 8063
8 1164 8213
8 1165 3425
8 1167 9590
8 1168 7081
8 1169 5612
8 1171 4013
8 1173 4400
8 1174 13320
8 1175 6126
8 1176 8334
8 1177 9296
8 1178 2832
8 1179 6903
8 1180 1773
8 1181 1538
8 1182 6865
8 1183 8002
8 1184 9876
8 1185 2524
8 1186 1770
8 1187 3182
8 1188 10371
8 1189 2526
8 1190 2619
8 1192 7187
8 1193 9443
8 1194 4822
8 1195 17831
8 1196 3488
8 1197 12659
8 1198 16239
8 1200 23194
8 1201 2021
8 1202 14350
8 1203 14418
8 1204 10099
8 1205 1319
8 1206 7080
8 1208 3230
8 1209 11183
8 1211 1221
8 1212 11652
8 1213 11109
8 1214 14221
8 1215 1568
8 1216 2820
8 1217 4348
8 1218 6705
8 1219 3856
8 1220 11570
8 1221 4412
8 1222 3556
8 1223 7381
8 1225 10291
8 1226 10006
8 1227 7464
8 1228 25058
8 1229 3366
8 1230 11005
8 1231 7368
8 1232 7322
8 1233 9416
8 1234 1383
8 1236 979
8 1237 13680
8 1238 5139
8 1239 8559
8 1240 3270
8 1242 1697
8 1243 5636
8 1244 2731
8 1245 432
8 1246 8214
8 1248 12813
8 1249 9297
8 1250 13253
8 1251 4707
8 1252 7231
8 1253 3344
8 1254 11438
8 1255 3492
8 1256 9464
8 1257 6361
8 1258 7385
8 1259 2116
8 1260 1366
8 1261 11722
8 1262 14519
8 1264 3795
8 1265 1692
8 1266 11670
8 1267 3458
8 1268 6578
8 1269 3345
8 1271 12367
8 1273 1930
8 1274 5734
8 1275 20937
8 1276 701
8 1277 1492
8 1278 9528
8 1279 32892
8 1280 1268
8 1281 3975
8 1282 3149
8 1283 17033
8 1284 12842
8 1285 4046
8 1286 6137
8 1287 2267
8 1288 5548
8 1289 27044
8 1290 3617
8 1291 3979
8 1292 18207
8 1293 10805
8 1294 12335
8 1295 575
8 1297 5409
8 1298 6109
8 1299 4332
8 1301 24297
8 1302 1332
8 1303 5385
8 1304 7438
8 1305 6505
8 1306 15236
8 1307 13550
8 1308 6312
8 1309 4277
8 1310 4407
8 1312 2827
8 1313 4462
8 1314 5157
8 1315 7137
8 1316 3523
8 1317 5207
8 1318 9939
8 1319 2889
8 1320 1437
8 1321 2808
8 1322 7791
8 1323 12021
8 1324 2718
8 1325 14929
8 1326 6998
8 1327 3684
8 1328 5437
8 1329 5780
8 1330 3834
8 1331 6556
8 1332 4280
8 1333 9843
8 1334 7732
8 1335 34773
8 1336 10858
8 1338 289
8 1339 7386
8 1340 2
8 1341 3169
8 1342 2717
8 1343 2125
8 1345 19646
8 1346 4439
8 1347 14663
8 1348 3871
8 1349 5741
8 1350 3235
8 1351 7180
8 1352 6387
8 1353 6277
8 1354 64
8 1355 10188
8 1356 2021
8 1357 45
8 1358 18722
8 1359 19561
8 1360 2172
8 1361 922
8 1363 2169
8 1364 16302
8 1366 4977
8 1367 7462
8 1368 6977
8 1369 5379
8 1370 8474
8 1371 12417
8 1372 6873
8 1373 4676
8 1374 4941
8 1375 6232
8 1376 1743
8 1377 3553
8 1378 1713
8 1379 13206
8 1380 12677
8 1381 2890
8 1382 3823
8 1383 7480
8 1384 11300
8 1385 3563
8 1386 1236
8 1387 5779
8 1388 93
8 1389 7787
8 1390 3389
8 1391 440
8 1392 1287
8 1393 3353
8 1394 4726
8 1395 13840
8 1396 5709
8 1398 11400
8 1400 459
8 1401 6730
8 1402 164
8 1403 17930
8 1404 1674
8 1405 457
8 1406 7216
8 1407 1735
8 1408 16323
8 1409 3
8 1411 6414
8 1412 2001
8 1414 1674
8 1415 5986
8 1417 182
8 1418 8383
8 1419 3301
8 1421 1422
8 1422 514
8 1423 547
8 1424 3533
8 1425 5532
8 1426 3797
8 1427 533
8 1428 17856
8 1429 1747
8 1430 8601
8 1431 3160
8 1432 1493
8 1433 3691
8 1434 4262
8 1435 3212
8 1436 8682
8 1437 4858
8 1438 10923
8 1439 909
8 1440 1003
8 1442 8907
8 1443 6408
8 1444 11384
8 1445 14354
8 1446 17681
8 1447 1576
8 1448 7729
8 1449 10488
8 1451 215
8 1452 9513
8 1454 19511
8 1455 659
8 1456 1475
8 1458 3127
8 1459 18067
8 1462 12
8 1463 1810
8 1464 19762
8 1465 6158
8 1467 2531
8 1468 25
8 1469 7207
8 1470 6159
8 1471 4302
8 1472 3300
8 1473 1773
8 1474 6345
8 1475 4895
8 1476 2891
8 1478 6907
8 1479 5806
8 1480 12021
8 1481 11853
8 1482 21760
8 1483 5978
8 1484 5380
8 1485 7186
8 1486 17403
8 1487 1099
8 1488 7751
8 1490 2094
8 1492 4339
8 1493 6441
8 1494 328
8 1495 602
8 1496 4827
8 1497 1863
8 1498 14728
8 1499 3747
8 1500 11792
8 1501 397
8 1502 12450
8 1503 8304
8 1504 8201
8 1505 1301
8 1506 14260
8 1507 6150
8 1508 13302
8 1509 4778
8 1510 18331
8 1511 7127
8 1512 9885
8 1513 645
8 1514 2114
8 1515 6414
8 1516 7810
8 1517 3819
8 1518 3777
8 1519 7985
8 1520 2470
8 1521 3643
8 1522 6124
8 1523 3314
8 1524 6592
8 1525 2228
8 1526 14125
8 1527 1465
8 1528 5676
8 1529 7406
8 1530 7394
8 1531 3394
8 1532 2243
8 1533 10593
8 1534 3050
8 1535 5516
8 1536 2458
8 1537 13654
8 1538 7712
8 1539 5859
8 1540 10589
8 1541 5648
8 1544 2161
8 1546 636
8 1547 5561
8 1548 2548
8 1549 4235
8 1551 8993
8 1552 13276
8 1553 9876
8 1554 10325
8 1555 4449
8 1556 696
8 1557 13476
8 1559 15803
8 1560 3534
8 1561 3596
8 1562 1819
8 1563 2268
8 1564 4714
8 1565 7046
8 1566 4600
8 1567 7484
8 1568 4556
8 1569 12737
8 1570 8834
8 1571 23054
8 1572 16865
8 1574 7213
8 1575 7154
8 1576 8436
8 1577 2347
8 1578 1347
8 1579 7697
8 1580 12185
8 1581 15150
8 1582 6008
8 1583 8420
8 1584 5082
8 1585 12090
8 1586 5329
8 1587 3380
8 1588 14817
8 1589 2627
8 1590 5201
8 1591 2685
8 1592 5671
8 1593 23227
8 1594 6743
8 1595 11091
8 1596 6662
8 1597 7584
8 1598 9545
8 1599 5960
8 1600 2519
8 1601 8184
8 1602 4926
8 1603 8672
8 1604 4198
8 1606 4222
8 1609 4229
8 1610 5321
8 1611 4320
8 1612 2130
8 1613 4582
8 1614 1027
8 1615 2422
8 1616 30
8 1617 2796
8 1618 4268
8 1619 3063
8 1620 11658
8 1621 2802
8 1622 10625
8 1623 16824
8 1624 5073
8 1626 6342
8 1627 3687
8 1628 7662
8 1629 3852
8 1630 1872
8 1631 5919
8 1632 7778
8 1633 5696
8 1634 18747
8 1635 1471
8 1636 5910
8 1637 2080
8 1638 10701
8 1639 11973
8 1640 17714
8 1641 2524
8 1642 7874
8 1643 7165
8 1644 4291
8 1645 1731
8 1646 6186
8 1647 20578
8 1649 2423
8 1650 4783
8 1651 3587
8 1652 13711
8 1653 2479
8 1654 11792
8 1655 9232
8 1657 2155
8 1658 14782
8 1659 175
8 1660 5234
8 1661 1943
8 1662 6491
8 1663 911
8 1664 12379
8 1665 3354
8 1666 6028
8 1667 7592
8 1668 6832
8 1669 17461
8 1670 1384
8 1671 2149
8 1672 2250
8 1673 2525
8 1675 6963
8 1676 2343
8 1677 3065
8 1678 2749
8 1679 372
8 1680 2429
8 1681 18008
8 1683 1673
8 1684 7368
8 1686 11780
8 1687 5136
8 1688 7103
8 1690 16199
8 1691 22542
8 1692 7019
8 1693 59
8 1694 10880
8 1695 934
8 1697 797
8 1698 4004
8 1699 5658
8 1700 1722
8 1701 10352
8 1702 6444
8 1703 6529
8 1704 900
8 1705 177
8 1707 4897
8 1708 8276
8 1709 8732
8 1710 278
8 1711 4857
8 1712 13672
8 1713 2551
8 1714 11717
8 1715 8499
8 1716 3667
8 1717 1944
8 1718 4944
8 1719 2792
8 1720 28849
8 1721 23976
8 1722 610
8 1723 928
8 1725 4893
8 1726 3614
8 1727 9909
8 1728 8794
8 1729 1488
8 1730 1117
8 1731 19062
8 1733 2296
8 1734 18728
8 1735 3141
8 1736 2561
8 1737 4699
8 1738 774
8 1739 417
8 1741 734
8 1744 6119
8 1745 10655
8 1747 5316
8 1749 573
8 1750 3620
8 1751 8481
8 1752 9624
8 1753 3751
8 1755 5408
8 1756 7048
8 1757 2970
8 1758 6665
8 1759 6149
8 1760 7172
8 1761 7887
8 1762 7311
8 1763 17964
8 1764 20719
8 1765 15563
8 1766 7274
8 1767 13157
8 1768 10577
8 1769 7683
8 1770 7162
8 1771 9720
8 1772 2879
8 1773 15720
8 1774 1594
8 1776 6102
8 1777 11768
8 1778 5859
8 1779 8368
8 1780 1151
8 1782 13048
8 1783 9128
8 1784 11079
8 1787 256
8 1788 5637
8 1789 6217
8 1790 2829
8 1791 1322
8 1792 5014
8 1793 12349
8 1794 5630
8 1795 2770
8 1796 4623
8 1797 3857
8 1798 4133
8 1799 3434
8 1800 3559
8 1801 1470
8 1802 3807
8 1803 13214
8 1804 2843
8 1805 7976
8 1806 823
8 1807 5713
8 1808 2874
8 1809 3151
8 1810 5451
8 1811 8739
8 1812 8250
8 1813 5645
8 1814 3535
8 1815 13844
8 1816 7003
8 1817 8568
8 1818 4792
8 1819 4682
8 1820 2088
8 1821 14434
8 1822 6975
8 1824 2883
8 1825 11545
8 1826 2834
8 1827 13630
8 1828 12881
8 1829 12797
8 1830 5802
8 1831 8281
8 1832 4504
8 1833 5952
8 1834 12846
8 1835 4576
8 1836 15301
8 1837 15761
8 1838 2171
8 1839 4884
8 1840 5592
8 1842 6643
8 1843 8161
8 1844 4
8 1845 844
8 1846 4901
8 1847 2340
8 1848 337
8 1849 10592
8 1850 4683
8 1851 1837
8 1852 1365
8 1853 1099
8 1855 16159
8 1856 6349
8 1857 2517
8 1858 4047
8 1859 4100
8 1862 1959
8 1863 2580
8 1864 7655
8 1865 4244
8 1866 5165
8 1867 3215
8 1868 4328
8 1870 8332
8 1871 14611
8 1872 5637
8 1874 9551
8 1875 823
8 1876 4576
8 1877 17218
8 1878 1008
8 1879 2754
8 1880 10951
8 1881 12757
8 1882 2723
8 1883 4359
8 1884 7865
8 1885 7526
8 1886 10190
8 1888 8836
8 1889 1874
8 1890 6368
8 1891 15894
8 1892 3122
8 1893 14820
8 1895 15036
8 1896 11704
8 1897 5638
8 1898 4016
8 1899 3848
8 1902 15640
8 1903 4054
8 1904 9051
8 1905 4901
8 1906 5785
8 1907 12259
8 1908 2228
8 1909 10189
8 1910 9820
8 1911 4979
8 1912 14759
8 1913 3068
8 1914 4955
8 1915 6193
8 1917 704
8 1918 8609
8 1919 6277
8 1921 3408
8 1922 7135
8 1923 16815
8 1925 1382
8 1926 13982
8 1927 9419
8 1928 38335
8 1929 3096
8 1930 6112
8 1931 3604
8 1932 4105
8 1933 7961
8 1934 6030
8 1935 3496
8 1936 1413
8 1937 13698
8 1938 5668
8 1939 11427
8 1940 16911
8 1941 3824
8 1942 5935
8 1943 10798
8 1944 3453
8 1946 6888
8 1947 10318
8 1948 5591
8 1949 20508
8 1950 6272
8 1951 1921
8 1952 1032
8 1953 11387
8 1954 2439
8 1955 5468
8 1956 14129
8 1957 9416
8 1958 2678
8 1959 23146
8 1961 15217
8 1962 20442
8 1963 5865
8 1964 6055
8 1965 9116
8 1966 8586
8 1967 2377
8 1968 8726
8 1969 11265
8 1970 7683
8 1971 1170
8 1972 5300
8 1973 2938
8 1976 3902
8 1977 6553
8 1978 3138
8 1979 8845
8 1980 5484
8 1981 30777
8 1982 23343
8 1983 17684
8 1984 19610
8 1985 14333
8 1986 2827
8 1987 2056
8 1989 1052
8 1990 5814
8 1991 7420
8 1992 1484
8 1993 3190
8 1994 3698
8 1995 570
8 1996 14766
8 1997 13937
8 1998 6354
8 1999 5868
9 0 4559
9 1 4258
9 2 11631
9 3 10787
9 4 3621
9 5 4867
9 6 15018
9 7 6972
9 9 19660
9 10 27859
9 12 4650
9 13 4469
9 14 2909
9 15 7865
9 16 6060
9 17 358
9 18 4269
9 20 5465
9 21 12007
9 22 5767
9 23 8298
9 24 4711
9 25 7345
9 26 2333
9 27 573
9 29 4066
9 30 6790
9 32 2243
9 33 882
9 34 9723
9 35 2997
9 36 12215
9 37 10801
9 38 5130
9 39 5182
9 41 347
9 42 11669
9 43 2952
9 44 4310
9 45 15473
9 46 91
9 47 72
9 48 6372
9 49 15
9 50 536
9 51 974
9 53 8259
9 54 1404
9 55 4031
9 56 5263
9 57 3919
9 58 11869
9 60 6551
9 61 7576
9 62 10164
9 63 1825
9 64 2492
9 65 2751
9 66 3893
9 68 2933
9 69 10326
9 70 1797
9 71 17279
9 72 4955
9 74 2964
9 76 8632
9 77 639
9 78 1359
9 79 8632
9 80 4664
9 81 2431
9 82 3498
9 83 8571
9 84 4405
9 85 3576
9 86 3706
9 88 7472
9 89 10768
9 90 11234
9 91 5888
9 92 5991
9 93 5679
9 94 14114
9 95 4463
9 96 499
9 97 3523
9 99 5522
9 100 8354
9 101 4178
9 103 243
9 105 4364
9 106 4287
9 107 24615
9 108 4372
9 110 8740
9 111 7580
9 112 21983
9 113 5520
9 114 3441
9 115 1826
9 116 3597
9 117 10960
9 118 5661
9 119 6710
9 120 7613
9 121 2352
9 122 7593
9 123 7035
9 125 9875
9 126 4600
9 127 18278
9 128 17378
9 129 10901
9 131 2586
9 132 2171
9 133 4465
9 134 10079
9 135 580
9 136 7443
9 137 7500
9 138 894
9 139 318
9 140 10140
9 141 2662
9 142 454
9 143 18219
9 144 2702
9 145 1090
9 146 8975
9 147 12883
9 150 8352
9 151 3339
9 152 8511
9 153 6444
9 154 7477
9 155 9434
9 156 2168
9 157 5693
9 158 10508
9 159 6454
9 160 1825
9 161 4252
9 162 16517
9 163 626
9 164 19230
9 165 9840
9 166 15245
9 167 13859
9 168 3013
9 169 12445
9 170 2947
9 172 5174
9 173 21391
9 174 5223
9 175 6931
9 176 5608
9 177 794
9 178 10933
9 179 6652
9 180 12774
9 181 2941
9 182 8840
9 183 9237
9 184 11671
9 185 5249
9 187 5663
9 188 25
9 189 18356
9 190 11612
9 191 6937
9 192 4122
9 193 7075
9 194 5577
9 195 9664
9 196 10694
9 197 1048
9 198 5025
9 200 20914
9 201 1615
9 203 2718
9 204 6137
9 205 6795
9 206 40651
9 207 1679
9 208 156
9 209 1777
9 210 5120
9 211 3767
9 212 4028
9 213 7841
9 214 5364
9 215 20974
9 217 7465
9 218 2297
9 219 1866
9 220 4531
9 221 2818
9 222 2637
9 223 6325
9 224 6728
9 225 7377
9 226 3697
9 227 1386
9 228 1725
9 229 6260
9 230 2260
9 231 3040
9 232 1608
9 233 6060
9 234 6226
9 235 5966
9 236 6933
9 237 1764
9 238 4886
9 239 31886
9 240 13640
9 241 3043
9 242 363
9 243 13157
9 244 5360
9 245 3099
9 246 6877
9 247 9178
9 249 5497
9 252 10321
9 253 6468
9 254 9422
9 255 11237
9 256 5941
9 257 11896
9 258 2287
9 259 8598
9 260 7138
9 261 1795
9 263 12200
9 264 3231
9 265 10696
9 266 6434
9 267 1207
9 268 2009
9 269 24043
9 270 11320
9 271 7685
9 272 8565
9 273 2617
9 274 8927
9 275 14957
9 276 4694
9 277 8328
9 279 5265
9 280 18654
9 281 51
9 282 8226
9 283 8435
9 284 750
9 285 9133
9 287 17277
9 288 12069
9 289 14832
9 291 10060
9 292 7128
9 293 4711
9 294 7593
9 295 3323
9 296 2324
9 297 11239
9 298 17819
9 299 4241
9 300 4683
9 301 8753
9 302 9911
9 303 6868
9 304 3058
9 305 2415
9 306 45
9 307 3636
9 308 9166
9 309 7388
9 310 5495
9 311 10447
9 312 3765
9 313 1198
9 314 22040
9 315 6455
9 316 8837
9 317 4106
9 318 9944
9 319 5105
9 320 2930
9 321 5054
9 322 8083
9 323 221
9 324 2791
9 325 4059
9 326 13650
9 327 4721
9 329 278
9 330 4192
9 331 7329
9 332 3488
9 333 7185
9 334 5133
9 335 15875
9 336 5455
9 338 5994
9 339 11841
9 340 1152
9 341 7124
9 342 3705
9 343 4088
9 345 5176
9 347 1075
9 348 2292
9 349 2787
9 351 6529
9 352 10540
9 353 1869
9 354 1474
9 355 7069
9 356 164
9 357 9852
9 358 6626
9 359 28390
9 360 7942
9 361 2893
9 362 9513
9 363 4487
9 365 4777
9 366 9977
9 367 4974
9 368 4423
9 370 2175
9 371 11235
9 372 7507
9 373 9968
9 374 3436
9 377 2477
9 378 4311
9 379 8107
9 380 237
9 381 10627
9 382 419
9 384 6735
9 385 6607
9 386 8586
9 387 5589
9 388 20034
9 389 10555
9 390 7745
9 391 9606
9 392 38
9 393 929
9 394 236
9 395 3834
9 396 433
9 397 1370
9 398 5846
9 399 5933
9 400 20462
9 401 2204
9 402 5272
9 403 5325
9 404 3690
9 406 1727
9 407 7749
9 409 14600
9 410 4524
9 411 13037
9 412 1519
9 413 6524
9 414 5025
9 415 14824
9 416 10628
9 417 7725
9 419 7867
9 420 1186
9 421 2995
9 423 5373
9 425 7404
9 426 6925
9 427 2057
9 428 2559
9 429 14348
9 431 1563
9 432 6748
9 433 8564
9 434 9806
9 435 2420
9 439 1113
9 440 582
9 441 3735
9 442 684
9 443 5590
9 445 7119
9 446 6935
9 447 14745
9 448 8631
9 449 1194
9 450 65
9 452 5438
9 453 8187
9 454 3958
9 455 1312
9 456 1967
9 457 5107
9 458 3798
9 459 12574
9 460 1520
9 461 5086
9 462 10554
9 463 4583
9 464 11995
9 465 41
9 466 12805
9 467 770
9 468 6718
9 469 6704
9 470 496
9 471 4302
9 472 6239
9 473 4811
9 474 7808
9 476 11626
9 477 7420
9 478 2402
9 479 10666
9 480 5
9 482 5959
9 483 3555
9 484 4749
9 485 2380
9 486 9363
9 488 7162
9 490 6718
9 491 6147
9 492 7718
9 493 8993
9 494 4199
9 495 4263
9 496 479
9 497 3575
9 499 37
9 502 5972
9 503 6062
9 504 8576
9 506 10881
9 507 2846
9 508 8649
9 509 19247
9 510 26785
9 511 30458
9 512 3991
9 513 8028
9 514 3334
9 515 8694
9 516 3632
9 517 5793
9 518 8505
9 519 4955
9 520 15776
9 521 11213
9 522 4094
9 523 6647
9 525 7187
9 526 2008
9 527 7362
9 528 10806
9 529 11385
9 530 6923
9 531 10543
9 532 2416
9 533 2371
9 535 6044
9 536 1318
9 538 3165
9 539 5524
9 540 4691
9 541 3493
9 542 1004
9 543 11115
9 546 3481
9 547 3709
9 548 2737
9 549 8785
9 550 5019
9 551 3374
9 552 5591
9 553 1973
9 554 3177
9 555 6288
9 556 1918
9 557 2495
9 558 3639
9 559 13375
9 560 14301
9 561 20102
9 562 3769
9 563 2725
9 564 2035
9 565 5660
9 566 10528
9 567 6691
9 568 11117
9 569 7437
9 570 10304
9 571 2332
9 572 221
9 573 2821
9 574 7224
9 575 2023
9 576 5511
9 577 3977
9 578 4632
9 579 5285
9 580 7421
9 582 13021
9 583 747
9 584 4941
9 586 4793
9 587 6
9 588 16362
9 589 5861
9 590 4566
9 591 4921
9 592 3836
9 595 3025
9 596 14
9 597 9983
9 598 4809
9 599 3061
9 600 8186
9 601 5459
9 602 24898
9 603 1522
9 604 11269
9 605 7323
9 606 11722
9 607 19663
9 609 19097
9 610 9465
9 611 4018
9 612 1812
9 613 2234
9 614 14591
9 615 15141
9 616 2868
9 617 4618
9 618 3465
9 619 1022
9 620 12082
9 621 4009
9 622 4685
9 623 6033
9 624 4319
9 625 2505
9 626 10402
9 627 2424
9 628 3718
9 629 10368
9 631 4
9 632 5904
9 633 18770
9 634 16
9 635 9596
9 636 3216
9 637 3610
9 638 16000
9 639 12655
9 640 3422
9 641 788
9 642 37515
9 643 1878
9 644 3362
9 645 2684
9 646 3143
9 647 4841
9 648 4190
9 652 1374
9 653 13749
9 654 2360
9 655 5381
9 656 13722
9 657 6430
9 658 6069
9 659 8579
9 660 14278
9 661 1437
9 662 4824
9 663 3590
9 664 4178
9 665 2526
9 666 22128
9 667 3894
9 668 10963
9 670 9460
9 671 6621
9 673 10339
9 674 3302
9 675 7232
9 676 7503
9 677 8501
9 678 4076
9 679 6123
9 680 4105
9 681 22
9 682 4879
9 683 2425
9 684 11305
9 685 199
9 686 8341
9 687 3721
9 688 6338
9 689 4729
9 690 13160
9 691 8600
9 692 9928
9 693 1730
9 694 7816
9 696 5062
9 697 41
9 698 5543
9 699 4092
9 700 3261
9 702 4395
9 703 6703
9 704 9336
9 705 2699
9 706 2794
9 707 586
9 708 17120
9 709 13030
9 710 5817
9 711 6843
9 712 15393
9 713 12266
9 714 8778
9 715 5622
9 717 8405
9 718 138
9 719 5674
9 720 8524
9 721 2713
9 722 698
9 723 1587
9 724 4266
9 725 9196
9 726 11883
9 727 26906
9 728 4751
9 729 2736
9 730 12982
9 731 930
9 732 11298
9 733 709
9 734 11449
9 735 95
9 736 9421
9 737 1635
9 738 2914
9 740 9971
9 741 451
9 742 2798
9 743 11600
9 744 370
9 745 19718
9 746 3844
9 747 5485
9 748 13332
9 749 6138
9 750 5794
9 751 13042
9 752 5626
9 754 2529
9 755 5588
9 756 7666
9 758 3815
9 760 6507
9 761 5059
9 762 1404
9 763 2475
9 764 6452
9 765 5710
9 766 3106
9 768 7037
9 769 3166
9 770 12807
9 771 9064
9 772 1724
9 773 3633
9 774 1545
9 775 3822
9 776 11791
9 777 8634
9 778 3357
9 779 6975
9 780 3186
9 781 3341
9 782 4917
9 783 4664
9 784 6543
9 785 1219
9 786 8339
9 787 4028
9 788 2812
9 789 1002
9 790 8578
9 791 854
9 792 19431
9 793 22139
9 794 9793
9 795 1439
9 796 3366
9 797 2717
9 798 3264
9 800 10932
9 801 12756
9 802 2285
9 805 6808
9 807 7831
9 808 5660
9 809 572
9 810 8668
9 811 5777
9 812 3717
9 813 12344
9 814 3932
9 815 13710
9 816 4086
9 817 10759
9 819 3630
9 820 11975
9 821 14939
9 822 9442
9 823 13723
9 824 827
9 825 6812
9 827 7771
9 828 13383
9 829 3847
9 830 8536
9 831 2914
9 832 7916
9 833 10233
9 834 15619
9 835 2361
9 836 4355
9 837 5591
9 838 11796
9 839 1353
9 840 2404
9 841 3484
9 842 6106
9 843 2438
9 844 8609
9 845 2829
9 846 931
9 847 3748
9 848 264
9 849 5749
9 850 6817
9 851 1292
9 852 9810
9 853 3007
9 854 20490
9 855 4669
9 856 7070
9 857 7092
9 858 21397
9 859 120
9 860 147
9 861 2698
9 862 3170
9 863 11243
9 865 5207
9 866 10726
9 868 4016
9 869 6311
9 870 8606
9 871 13550
9 872 10541
9 873 2909
9 874 7430
9 875 1797
9 876 1876
9 877 3110
9 878 9211
9 879 6924
9 881 8156
9 882 1524
9 883 10958
9 884 4941
9 885 7791
9 886 3110
9 887 7880
9 888 18163
9 889 12148
9 890 3508
9 891 2995
9 892 9342
9 893 4326
9 894 7721
9 895 9480
9 896 1541
9 897 5760
9 898 4672
9 899 6331
9 900 5862
9 901 9606
9 902 8895
9 903 7142
9 904 4113
9 905 2023
9 906 5708
9 907 12404
9 908 1605
9 909 474
9 910 11527
9 911 15009
9 912 1112
9 913 178
9 914 4800
9 915 4334
9 916 9518
9 917 18460
9 918 7409
9 919 3474
9 920 7636
9 921 5091
9 922 5839
9 923 23658
9 924 13823
9 925 4622
9 926 786
9 927 8128
9 929 224
9 930 15374
9 931 1128
9 932 3877
9 933 4358
9 934 2155
9 935 5193
9 936 1487
9 937 4917
9 938 3912
9 939 11770
9 940 18771
9 941 1808
9 942 12660
9 943 3718
9 944 2377
9 946 1386
9 947 3902
9 948 12960
9 949 16521
9 950 640
9 951 21468
9 952 317
9 953 3136
9 954 4144
9 955 2122
9 956 1645
9 957 1089
9 958 1075
9 959 8175
9 961 3288
9 962 1265
9 963 3562
9 964 1173
9 965 15653
9 966 10310
9 967 3702
9 968 8560
9 969 6118
9 970 2249
9 971 19801
9 972 19145
9 973 33384
9 974 2538
9 975 1091
9 977 8736
9 978 2074
9 979 10422
9 980 16349
9 981 6077
9 982 10365
9 983 3023
9 984 7461
9 985 5813
9 986 15725
9 987 27
9 988 437
9 989 4808
9 990 14460
9 991 12168
9 992 9458
9 993 4211
9 994 4758
9 995 3648
9 996 1392
9 997 5535
9 998 930
9 999 1563
9 1000 2470
9 1001 3999
9 1003 1826
9 1004 2821
9 1005 8515
9 1006 15167
9 1007 7099
9 1008 383
9 1009 3256
9 1010 14716
9 1011 3163
9 1012 4955
9 1013 4451
9 1014 2483
9 1015 12521
9 1016 1622
9 1018 5275
9 1021 8
9 1022 5288
9 1023 4896
9 1024 1343
9 1025 5591
9 1026 3829
9 1027 258
9 1028 21056
9 1029 2006
9 1030 5258
9 1031 7998
9 1032 7897
9 1033 5377
9 1034 7313
9 1035 1821
9 1036 7514
9 1037 9413
9 1038 3507
9 1040 1235
9 1041 2864
9 1043 4948
9 1044 11058
9 1045 6159
9 1046 1776
9 1047 5914
9 1048 1089
9 1049 2099
9 1050 8989
9 1051 5822
9 1052 11205
9 1054 12095
9 1055 3133
9 1057 2478
9 1058 7455
9 1059 12791
9 1060 4216
9 1061 4733
9 1062 12716
9 1063 6875
9 1064 1705
9 1065 1396
9 1066 7979
9 1067 3476
9 1068 3345
9 1069 2362
9 1070 11522
9 1071 11578
9 1072 15451
9 1073 4225
9 1075 1923
9 1076 3440
9 1077 2180
9 1078 7
9 1079 19710
9 1080 3585
9 1081 2204
9 1082 5923
9 1083 3486
9 1085 5722
9 1086 8204
9 1087 9416
9 1089 6236
9 1090 10602
9 1091 4020
9 1092 15558
9 1093 5169
9 1095 3221
9 1096 27297
9 1097 2871
9 1098 4390
9 1099 2361
9 1100 10347
9 1101 9028
9 1102 13080
9 1103 1652
9 1104 3381
9 1105 1082
9 1106 4295
9 1107 5310
9 1108 3116
9 1109 14417
9 1111 5925
9 1112 3509
9 1113 15535
9 1114 7981
9 1115 1019
9 1116 337
9 1117 19103
9 1118 5166
9 1119 1992
9 1120 6733
9 1121 4829
9 1122 21403
9 1123 5999
9 1124 1155
9 1125 5974
9 1126 4674
9 1128 3376
9 1129 3225
9 1130 4859
9 1131 9404
9 1132 7239
9 1133 7358
9 1135 10491
9 1136 1274
9 1137 5263
9 1139 8277
9 1140 7065
9 1141 3575
9 1142 2121
9 1143 8060
9 1144 9955
9 1145 7154
9 1146 6568
9 1147 4046
9 1148 288
9 1149 4308
9 1150 2627
9 1151 15722
9 1152 5767
9 1153 13116
9 1154 4752
9 1155 10822
9 1156 5991
9 1157 8248
9 1158 9174
9 1159 4740
9 1160 2838
9 1161 2656
9 1162 5400
9 1163 9878
9 1164 2310
9 1165 5624
9 1166 5293
9 1167 2625
9 1168 12306
9 1169 76
9 1170 559
9 1171 9270
9 1172 3907
9 1173 6459
9 1174 452
9 1175 5621
9 1176 3508
9 1177 1982
9 1178 374
9 1179 4048
9 1180 8368
9 1181 17658
9 1182 6489
9 1183 4174
9 1184 6604
9 1185 7806
9 1186 4577
9 1187 7871
9 1188 1229
9 1189 11234
9 1190 10220
9 1191 4350
9 1192 9904
9 1193 9099
9 1194 4073
9 1195 5819
9 1196 2386
9 1197 781
9 1198 19672
9 1199 4211
9 1200 5967
9 1201 155
9 1202 11262
9 1203 1792
9 1204 2655
9 1205 9254
9 1206 11886
9 1207 10628
9 1208 14744
9 1209 6003
9 1210 3322
9 1211 1657
9 1212 10846
9 1213 39606
9 1214 16624
9 1215 10750
9 1216 4969
9 1217 3674
9 1219 4134
9 1220 566
9 1223 3355
9 1224 4683
9 1225 2635
9 1227 2678
9 1228 5855
9 1229 8155
9 1230 14910
9 1231 17791
9 1232 8178
9 1233 13276
9 1234 3849
9 1235 3660
9 1236 5594
9 1237 5137
9 1238 14090
9 1239 3515
9 1240 2274
9 1241 5276
9 1242 10387
9 1243 6097
9 1244 1755
9 1245 4030
9 1246 5778
9 1247 1394
9 1249 18010
9 1250 819
9 1252 6518
9 1253 5475
9 1254 7769
9 1255 16113
9 1256 8479
9 1258 8972
9 1259 786
9 1260 14704
9 1261 11242
9 1262 948
9 1263 11538
9 1265 20752
9 1266 4536
9 1267 16949
9 1269 2612
9 1270 7043
9 1271 6273
9 1272 10473
9 1273 9861
9 1274 11123
9 1276 8998
9 1279 1951
9 1280 25548
9 1281 8770
9 1282 8484
9 1283 8018
9 1284 8087
9 1285 6083
9 1286 3610
9 1287 15475
9 1288 10307
9 1289 8901
9 1290 8631
9 1291 10395
9 1292 2745
9 1293 13410
9 1296 11150
9 1297 3146
9 1298 7977
9 1299 10957
9 1301 7126
9 1302 9115
9 1303 1554
9 1304 9781
9 1305 3470
9 1306 3795
9 1307 4409
9 1308 8308
9 1310 2334
9 1311 2
9 1312 2913
9 1313 5437
9 1314 28546
9 1315 14308
9 1316 7305
9 1317 3659
9 1318 11038
9 1321 4618
9 1322 2398
9 1323 5015
9 1326 4009
9 1327 12908
9 1328 3865
9 1329 2343
9 1330 3063
9 1331 71
9 1332 6299
9 1333 1068
9 1334 8225
9 1335 7801
9 1336 920
9 1338 9727
9 1339 4310
9 1340 13124
9 1341 2445
9 1342 1211
9 1343 17176
9 1344 538
9 1345 14137
9 1346 13906
9 1347 15419
9 1348 12425
9 1350 6167
9 1351 14342
9 1352 16586
9 1353 7731
9 1356 2687
9 1357 4182
9 1359 1867
9 1360 660
9 1361 3170
9 1362 7157
9 1363 5344
9 1364 10154
9 1365 6442
9 1366 4724
9 1367 4294
9 1368 13541
9 1370 24897
9 1371 4155
9 1374 5205
9 1375 1087
9 1376 16113
9 1377 4872
9 1378 39136
9 1379 16153
9 1380 5060
9 1381 9934
9 1382 11755
9 1383 27
9 1384 9165
9 1387 8195
9 1388 4378
9 1389 6130
9 1390 4142
9 1391 4749
9 1392 11478
9 1393 28171
9 1394 23007
9 1396 14147
9 1397 13814
9 1398 9698
9 1399 146
9 1400 3938
9 1402 2534
9 1403 1357
9 1404 42
9 1405 14350
9 1406 2400
9 1407 8191
9 1408 10979
9 1410 17041
9 1411 4367
9 1412 1588
9 1413 4611
9 1414 5464
9 1416 6232
9 1417 3428
9 1418 822
9 1419 16968
9 1420 15367
9 1421 1204
9 1422 373
9 1423 9515
9 1425 2540
9 1426 4228
9 1427 5931
9 1428 6414
9 1429 3649
9 1430 19713
9 1431 24021
9 1433 2880
9 1434 10765
9 1435 5872
9 1436 1054
9 1437 9394
9 1438 4155
9 1440 9275
9 1441 1961
9 1442 4230
9 1443 2197
9 1444 545
9 1445 4980
9 1446 1831
9 1448 7060
9 1449 4177
9 1450 846
9 1451 5734
9 1452 11888
9 1453 418
9 1454 12177
9 1455 18193
9 1456 10457
9 1457 3287
9 1458 6115
9 1459 8183
9 1460 3080
9 1461 6317
9 1462 1008
9 1463 3249
9 1464 19213
9 1465 7216
9 1466 20303
9 1467 17848
9 1469 14956
9 1470 5140
9 1472 1068
9 1473 14575
9 1475 3845
9 1476 488
9 1477 9859
9 1478 2240
9 1479 4031
9 1480 7507
9 1482 8468
9 1483 4642
9 1485 3587
9 1486 7362
9 1488 3239
9 1489 900
9 1490 2661
9 1491 15610
9 1492 8697
9 1493 11670
9 1494 2692
9 1495 4396
9 1498 7805
9 1500 2354
9 1501 11042
9 1502 3319
9 1503 4461
9 1504 13857
9 1505 5426
9 1506 660
9 1507 88
9 1508 1438
9 1509 8
9 1510 6120
9 1511 2100
9 1512 8873
9 1513 1062
9 1514 12776
9 1515 3782
9 1516 3107
9 1517 11331
9 1518 9509
9 1519 292
9 1520 4587
9 1522 4100
9 1523 7852
9 1524 4365
9 1525 2063
9 1526 13832
9 1527 224
9 1528 17298
9 1529 237
9 1530 5534
9 1531 7768
9 1532 568
9 1533 4483
9 1534 3396
9 1535 12697
9 1536 1144
9 1537 5373
9 1538 4414
9 1539 6006
9 1540 12250
9 1541 2581
9 1542 10
9 1543 3698
9 1544 4658
9 1545 2292
9 1546 12491
9 1547 8064
9 1548 5532
9 1549 4485
9 1550 6891
9 1551 5240
9 1552 5074
9 1553 3665
9 1554 2999
9 1555 1474
9 1557 11741
9 1558 4175
9 1559 16040
9 1560 6065
9 1561 85
9 1562 618
9 1563 3948
9 1564 2627
9 1565 1601
9 1567 848
9 1568 4346
9 1569 7077
9 1570 5225
9 1571 5684
9 1572 2171
9 1573 4041
9 1574 6451
9 1575 2876
9 1576 9995
9 1577 238
9 1578 11083
9 1579 4750
9 1580 14935
9 1581 3517
9 1582 1913
9 1583 1031
9 1584 5048
9 1585 1420
9 1587 8865
9 1588 1981
9 1589 21603
9 1590 1420
9 1591 3089
9 1592 5772
9 1593 9685
9 1594 6937
9 1595 980
9 1596 2647
9 1597 5411
9 1598 5348
9 1599 5817
9 1601 2848
9 1602 11058
9 1603 14088
9 1604 11529
9 1605 21089
9 1606 9828
9 1608 13712
9 1609 15
9 1611 13438
9 1612 26659
9 1613 3639
9 1614 6111
9 1615 5235
9 1616 9154
9 1617 4071
9 1618 1823
9 1619 9601
9 1620 2735
9 1621 2444
9 1622 7551
9 1623 5440
9 1624 4648
9 1625 8811
9 1626 3659
9 1627 2191
9 1628 6381
9 1629 15779
9 1630 1145
9 1632 4639
9 1633 4404
9 1634 7770
9 1636 15755
9 1637 4854
9 1638 9653
9 1639 4536
9 1640 5870
9 1641 4075
9 1642 4588
9 1643 10976
9 1644 1679
9 1645 1318
9 1646 4473
9 1647 10375
9 1648 7876
9 1649 2880
9 1650 226
9 1651 8218
9 1652 1247
9 1653 1676
9 1654 52
9 1655 4711
9 1656 6739
9 1657 3444
9 1658 651
9 1659 7339
9 1660 7660
9 1661 3477
9 1662 1274
9 1663 1280
9 1664 7338
9 1665 6281
9 1666 6544
9 1667 3626
9 1668 673
9 1669 1316
9 1671 2192
9 1672 5854
9 1673 16357
9 1674 1117
9 1676 4860
9 1677 4617
9 1678 6273
9 1679 8758
9 1680 10271
9 1681 7366
9 1682 7287
9 1683 8402
9 1684 14307
9 1685 4183
9 1686 1091
9 1687 2444
9 1688 10761
9 1689 11078
9 1690 2393
9 1691 3689
9 1692 8206
9 1694 3832
9 1695 20514
9 1696 3259
9 1698 1718
9 1699 3814
9 1700 3660
9 1701 13623
9 1702 12621
9 1704 19101
9 1705 1687
9 1706 8114
9 1707 3696
9 1708 1842
9 1709 1609
9 1710 2369
9 1711 2942
9 1712 1027
9 1713 21689
9 1714 6952
9 1715 11507
9 1716 371
9 1717 933
9 1718 4341
9 1719 12153
9 1720 4850
9 1721 18122
9 1722 11107
9 1725 8708
9 1726 707
9 1727 2870
9 1729 10994
9 1731 6306
9 1732 4241
9 1734 6515
9 1735 4545
9 1736 13853
9 1737 2627
9 1739 1854
9 1740 770
9 1742 1563
9 1743 19395
9 1744 3129
9 1745 3418
9 1746 11631
9 1747 3757
9 1748 6807
9 1749 8701
9 1750 11902
9 1751 8250
9 1752 5766
9 1753 3633
9 1754 6666
9 1755 8028
9 1756 9791
9 1758 8515
9 1759 6843
9 1760 2617
9 1761 1797
9 1762 11599
9 1763 7565
9 1764 5443
9 1765 3150
9 1766 4139
9 1767 8285
9 1769 5104
9 1771 6
9 1772 13499
9 1773 2616
9 1775 10478
9 1776 17029
9 1777 5567
9 1778 16451
9 1779 3454
9 1780 8907
9 1781 13719
9 1782 15369
9 1783 519
9 1784 16793
9 1785 6206
9 1786 4706
9 1787 23978
9 1789 2880
9 1790 4764
9 1791 2896
9 1792 10596
9 1793 14552
9 1794 10184
9 1795 6711
9 1796 6691
9 1797 2919
9 1798 7068
9 1799 2388
9 1800 2930
9 1801 2092
9 1802 14466
9 1803 4731
9 1804 3445
9 1805 4563
9 1806 13083
9 1807 1190
9 1808 7650
9 1809 10055
9 1811 15311
9 1812 972
9 1813 7940
9 1814 887
9 1815 3661
9 1816 2562
9 1817 725
9 1818 2593
9 1819 6914
9 1820 6250
9 1821 589
9 1822 10355
9 1823 442
9 1824 1808
9 1825 2620
9 1826 1900
9 1827 6467
9 1828 8155
9 1832 8968
9 1833 4517
9 1834 4237
9 1835 8084
9 1836 2316
9 1837 3757
9 1838 3185
9 1839 7185
9 1840 2368
9 1841 9121
9 1842 3670
9 1843 5882
9 1845 1328
9 1846 32
9 1847 4677
9 1848 4008
9 1849 10334
9 1850 4405
9 1851 4399
9 1852 6756
9 1853 1528
9 1854 1980
9 1855 16045
9 1856 2478
9 1857 6984
9 1859 8787
9 1860 62
9 1861 8517
9 1862 9893
9 1863 3012
9 1864 8596
9 1865 4628
9 1866 7593
9 1867 7985
9 1868 16412
9 1869 2603
9 1870 8602
9 1871 353
9 1873 3677
9 1874 807
9 1875 5859
9 1877 14453
9 1878 2906
9 1880 5496
9 1881 1765
9 1882 9810
9 1883 4453
9 1884 1770
9 1885 2311
9 1886 5593
9 1887 6707
9 1888 554
9 1889 8187
9 1890 11048
9 1891 5785
9 1892 23590
9 1893 6889
9 1894 9895
9 1895 8527
9 1896 12471
9 1898 12175
9 1899 12411
9 1900 9562
9 1902 3253
9 1903 5158
9 1904 4355
9 1905 2980
9 1906 15613
9 1907 6946
9 1908 1625
9 1909 4917
9 1910 8564
9 1912 4436
9 1914 2965
9 1915 6616
9 1916 1039
9 1917 8450
9 1918 6754
9 1919 197
9 1920 5571
9 1921 3642
9 1923 12552
9 1924 9804
9 1925 3698
9 1927 19384
9 1929 13
9 1931 4243
9 1932 5357
9 1933 7687
9 1935 6113
9 1936 5622
9 1937 19103
9 1939 2053
9 1941 8251
9 1942 94
9 1943 6918
9 1944 1901
9 1945 1806
9 1946 5708
9 1947 7934
9 1948 13142
9 1949 4981
9 1950 2695
9 1951 118
9 1952 9691
9 1953 9701
9 1954 2081
9 1955 13225
9 1956 5114
9 1957 5622
9 1958 7682
9 1959 3147
9 1960 2692
9 1961 14027
9 1962 3692
9 1964 17230
9 1965 12924
9 1966 4
9 1967 5972
9 1968 8697
9 1969 5675
9 1970 4730
9 1971 22375
9 1972 7883
9 1973 17469
9 1975 58
9 1976 11907
9 1978 2831
9 1979 309
9 1980 2708
9 1981 4
9 1982 4851
9 1983 3690
9 1985 3758
9 1986 911
9 1987 6179
9 1988 6350
9 1990 14642
9 1991 7360
9 1992 3291
9 1993 12883
9 1994 9789
9 1995 4093
9 1996 4342
9 1997 2445
9 1998 4887
9 1999 8764
