0 0 7598
0 2 6494
0 3 23139
0 4 3000
0 5 10272
0 6 27292
0 7 26480
0 8 11930
0 9 5203
0 10 14612
0 11 33893
0 12 8496
0 13 2302
0 15 27593
0 16 6953
0 17 2068
0 18 3345
0 20 6464
0 22 4950
0 23 3178
0 24 9185
0 25 6461
0 26 12194
0 27 670
0 28 1440
0 29 5682
0 30 23701
0 31 3688
0 32 8923
0 33 7394
0 34 361
0 35 17585
0 36 5964
0 37 12499
0 38 13774
0 39 442
0 40 1124
0 41 10870
0 42 41877
0 43 20399
0 45 10732
0 46 6521
0 47 6458
0 48 4408
0 49 22177
0 51 14395
0 52 7717
0 53 18281
0 54 11078
0 55 5487
0 56 9269
0 57 16421
0 58 324
0 59 8772
0 60 13210
0 61 3267
0 62 212
0 63 6805
0 64 19944
0 65 3456
0 66 15325
0 67 8366
0 68 2983
0 70 26562
0 71 1412
0 72 7671
0 73 12043
0 76 18633
0 77 25948
0 78 6691
0 79 14923
0 80 11791
0 81 15405
0 82 30253
0 83 2271
0 84 25527
0 85 1789
0 86 10395
0 87 7631
0 88 25853
0 89 2566
0 90 7315
0 91 26089
0 92 6093
0 93 9501
0 94 17745
0 95 4824
0 96 5514
0 97 275
0 98 4126
0 99 17395
0 100 27549
0 101 1106
0 102 20216
0 103 10111
0 104 9689
0 105 2424
0 106 13495
0 107 2979
0 108 15724
0 109 6781
0 110 17707
0 111 32895
0 113 953
0 114 16094
0 115 7600
0 117 363
0 118 6567
0 119 18313
0 120 8852
0 121 266
0 122 21458
0 123 27262
0 125 4172
0 126 4600
0 127 6496
0 128 13906
0 129 24497
0 130 9041
0 131 4530
0 132 15911
0 133 7306
0 134 3266
0 135 27189
0 136 1741
0 137 12982
0 138 6105
0 139 4739
0 140 16306
0 141 4459
0 142 16219
0 143 36300
0 144 1584
0 145 6488
0 146 15297
0 147 10766
0 148 4551
0 151 24794
0 152 1319
0 153 5868
0 154 2395
0 156 8483
0 157 2748
0 158 2452
0 159 3471
0 160 13443
0 162 2217
0 164 9735
0 166 11133
0 167 14898
0 168 8365
0 169 2246
0 170 21904
0 172 15802
0 173 4684
0 174 15000
0 175 11353
0 176 25376
0 177 2349
0 178 12385
0 179 10139
0 180 3047
0 181 3476
0 182 3845
0 183 15391
0 184 3027
0 185 16409
0 186 4772
0 187 3728
0 188 5495
0 189 17375
0 191 24478
0 192 7630
0 193 7793
0 194 212
0 195 3580
0 196 2229
0 197 21007
0 198 4060
0 199 284
0 201 1000
0 202 3925
0 203 8347
0 204 1576
0 205 7962
0 206 8000
0 207 4976
0 208 1439
0 209 2464
0 210 1713
0 211 12331
0 212 8241
0 213 15926
0 214 3408
0 216 7567
0 218 14863
0 219 19926
0 220 656
0 221 15815
0 222 9466
0 223 20881
0 224 7169
0 225 888
0 226 29541
0 227 17850
0 228 2659
0 229 414
0 230 8338
0 231 13651
0 232 5925
0 233 14181
0 234 16657
0 235 8981
0 236 1801
0 237 14138
0 238 21607
0 239 33925
0 240 12201
0 241 25626
0 242 962
0 243 16177
0 244 25120
0 245 5938
0 247 1447
0 248 3603
0 249 10865
0 250 1553
0 251 8249
0 252 14119
0 253 10464
0 254 6561
0 255 6742
0 257 10488
0 259 16904
0 260 9534
0 261 3578
0 262 7069
0 263 8901
0 264 23032
0 265 17966
0 266 9883
0 267 2780
0 268 1763
0 269 7001
0 271 3802
0 272 20769
0 273 21167
0 274 2721
0 275 6701
0 276 6831
0 277 28244
0 278 760
0 279 4897
0 280 5208
0 282 3130
0 283 24486
0 284 10516
0 285 8193
0 286 1299
0 287 16038
0 288 10253
0 289 6105
0 290 23142
0 291 635
0 292 6623
0 293 9772
0 295 18213
0 296 11817
0 298 42612
0 299 3132
0 300 9354
0 301 1005
0 302 24148
0 303 6433
0 304 14167
0 305 15169
0 306 10671
0 307 4783
0 308 33692
0 309 13395
0 310 2347
0 311 26382
0 312 1155
0 313 24793
0 314 13002
0 315 7539
0 316 1973
0 317 16735
0 318 15504
0 319 739
0 320 3587
0 321 37241
0 322 10681
0 323 168
0 324 20927
0 325 8169
0 326 4950
0 327 8591
0 328 7101
0 329 7297
0 330 5952
0 331 7087
0 332 5150
0 333 4007
0 334 10565
0 335 1308
0 336 2818
0 337 2458
0 338 5064
0 339 9941
0 341 2336
0 342 13833
0 343 4077
0 345 7541
0 346 3401
0 347 4696
0 348 3416
0 349 20797
0 350 17274
0 351 606
0 352 1683
0 353 7932
0 354 2435
0 355 1533
0 356 3303
0 357 3645
0 359 794
0 361 10846
0 362 15024
0 363 2361
0 364 6448
0 365 5234
0 366 2387
0 367 32079
0 368 14116
0 369 757
0 370 8819
0 371 26556
0 372 5184
0 373 20187
0 375 17730
0 376 919
0 377 20361
0 378 6691
0 380 8858
0 381 9470
0 382 2631
0 383 14280
0 384 5883
0 386 8818
0 387 6964
0 388 25810
0 389 13441
0 390 1236
0 391 5903
0 392 13821
0 393 2475
0 394 26682
0 395 2904
0 396 3627
0 397 5362
0 398 10530
0 399 11298
0 400 3411
0 402 40667
0 403 7667
0 404 5996
0 405 758
0 406 5780
0 407 12596
0 408 7409
0 409 13958
0 410 24193
0 411 11278
0 413 2533
0 414 7198
0 415 1667
0 417 5669
0 419 13139
0 420 19552
0 421 9043
0 422 3550
0 423 19942
0 424 1376
0 425 2957
0 426 1288
0 427 5002
0 428 4142
0 429 4130
0 431 25
0 432 8733
0 433 8738
0 434 4537
0 435 1207
0 436 270
0 437 6235
0 438 3626
0 439 292
0 440 923
0 441 3716
0 442 33763
0 445 19656
0 447 2363
0 448 21282
0 449 959
0 450 7374
0 451 11818
0 452 15102
0 453 15615
0 454 5688
0 455 4022
0 457 15116
0 458 2419
0 459 4722
0 460 7195
0 461 1682
0 462 32047
0 463 10632
0 464 9694
0 465 17882
0 466 27309
0 467 20262
0 468 4822
0 470 5283
0 471 16869
0 472 28729
0 473 16272
0 474 6132
0 475 459
0 477 3012
0 478 16443
0 479 6633
0 480 11562
0 481 19616
0 482 8048
0 483 948
0 484 2479
0 485 22843
0 486 7490
0 487 22816
0 488 239
0 489 12244
0 490 6317
0 491 4109
0 492 1188
0 493 4099
0 494 12428
0 495 21333
0 497 3168
0 498 2179
0 500 14530
0 501 9360
0 502 9755
0 503 24171
0 504 5214
0 505 25258
0 506 3780
0 507 83
0 508 2119
0 509 5529
0 510 15686
0 511 4885
0 512 20957
0 513 245
0 515 19302
0 516 1927
0 517 10198
0 519 8715
0 520 1437
0 521 6005
0 522 1548
0 523 8375
0 525 9143
0 526 7288
0 527 8576
0 528 38468
0 529 5748
0 530 16284
0 533 4676
0 534 8625
0 536 14352
0 537 8286
0 539 34128
0 540 8978
0 541 4676
0 542 18637
0 543 12306
0 544 27766
0 545 12992
0 546 19489
0 547 5631
0 548 9329
0 550 7122
0 551 9518
0 552 1184
0 554 32540
0 555 11924
0 557 972
0 558 9434
0 559 328
0 560 8297
0 561 8454
0 562 4044
0 563 23053
0 564 14190
0 565 14339
0 566 741
0 567 7261
0 568 3725
0 569 2688
0 570 27323
0 571 27658
0 572 4450
0 573 5520
0 574 3224
0 575 12302
0 576 9609
0 577 8037
0 579 14274
0 580 6309
0 581 16804
0 582 17540
0 583 14193
0 584 24
0 585 21486
0 586 5362
0 587 1103
0 588 1597
0 589 77
0 590 748
0 591 5311
0 592 12229
0 593 677
0 594 9132
0 595 10190
0 596 361
0 597 16427
0 598 1236
0 599 9363
0 600 1488
0 601 2831
0 602 4996
0 604 4400
0 605 281
0 606 25502
0 607 457
0 608 2908
0 609 3322
0 610 6150
0 612 2296
0 615 10594
0 616 16259
0 617 20834
0 618 1726
0 619 5439
0 620 22273
0 621 12041
0 622 6910
0 623 2107
0 624 4720
0 625 16687
0 626 13638
0 627 10015
0 628 8689
0 629 25754
0 632 2436
0 633 1800
0 634 27595
0 635 9325
0 636 13128
0 637 494
0 638 859
0 640 6542
0 641 4421
0 642 16210
0 643 320
0 644 6925
0 645 1060
0 646 22863
0 647 7588
0 648 5102
0 649 10071
0 650 1397
0 651 6362
0 652 7516
0 653 3450
0 654 15618
0 655 37
0 656 16130
0 657 3702
0 658 1187
0 659 20670
0 660 25
0 661 975
0 662 14590
0 663 7812
0 664 8538
0 665 718
0 666 5862
0 667 7152
0 669 6740
0 671 21713
0 672 14101
0 674 32272
0 676 833
0 677 10894
0 678 2888
0 679 1024
0 681 12102
0 682 4736
0 683 8932
0 684 23748
0 685 25309
0 686 614
0 688 29366
0 689 5840
0 691 23784
0 693 4639
0 694 6772
0 695 13666
0 696 12746
0 697 4387
0 698 10019
0 699 1135
0 700 2405
0 701 9839
0 703 4706
0 704 10648
0 706 3263
0 707 1771
0 708 19862
0 709 10765
0 710 9151
0 711 3258
0 714 15792
0 715 5276
0 716 7153
0 717 15077
0 718 4219
0 719 6552
0 720 4286
0 722 1795
0 723 3206
0 724 1344
0 726 9057
0 727 9382
0 728 14973
0 729 11718
0 730 4180
0 732 3549
0 733 10679
0 734 14541
0 735 79
0 736 965
0 737 11261
0 738 2589
0 739 7513
0 740 3672
0 741 15155
0 742 11564
0 743 12221
0 744 15859
0 745 92
0 746 8317
0 747 4732
0 748 36
0 749 9543
0 750 2950
0 751 17993
0 752 3113
0 753 16562
0 754 4024
0 755 4602
0 756 1103
0 757 4126
0 759 10766
0 760 221
0 761 7492
0 762 7666
0 763 1416
0 764 4799
0 765 14851
0 766 15324
0 767 8591
0 770 21826
0 771 6184
0 772 26770
0 773 541
0 774 13730
0 775 18455
0 777 9689
0 778 3137
0 779 17245
0 780 6478
0 781 17531
0 782 12984
0 784 13839
0 785 3250
0 786 4345
0 789 4029
0 790 20808
0 791 3311
0 792 16984
0 793 7414
0 794 4579
0 795 5027
0 796 9202
0 797 14356
0 800 3906
0 802 2226
0 803 20739
0 804 9240
0 805 11138
0 806 16550
0 807 930
0 808 3214
0 809 5746
0 810 3367
0 811 2200
0 812 9406
0 814 15267
0 815 5921
0 816 1485
0 817 417
0 818 18175
0 820 14678
0 821 7599
0 822 1854
0 823 2417
0 824 27923
0 825 18207
0 826 18727
0 827 29704
0 828 5509
0 829 9022
0 830 384
0 831 19614
0 832 18119
0 833 6720
0 834 284
0 835 12649
0 836 1983
0 837 27363
0 838 9524
0 839 11750
0 840 12787
0 843 18867
0 844 18967
0 845 11052
0 846 4560
0 847 25153
0 848 34886
0 849 19626
0 850 4647
0 851 6631
0 852 17093
0 854 3851
0 857 1573
0 858 5977
0 859 1699
0 860 602
0 861 24542
0 862 7708
0 863 334
0 864 31633
0 865 4258
0 866 12414
0 867 2021
0 868 13542
0 870 3670
0 871 1499
0 872 23949
0 873 4746
0 874 3769
0 875 6425
0 876 24301
0 877 13941
0 878 374
0 879 119
0 881 30792
0 882 1551
0 883 7872
0 884 38
0 885 8305
0 886 3815
0 887 2400
0 890 15399
0 891 13049
0 892 7489
0 893 5320
0 894 19081
0 895 3130
0 896 7020
0 897 3327
0 898 1177
0 900 9394
0 901 6750
0 902 3375
0 903 18494
0 904 1847
0 905 10445
0 906 14998
0 907 6516
0 908 3797
0 909 14254
0 910 6706
0 911 269
0 912 11850
0 914 24848
0 915 3432
0 916 10135
0 917 9759
0 918 628
0 919 2314
0 920 3574
0 921 33032
0 922 6078
0 923 14704
0 924 4386
0 925 24783
0 926 4978
0 928 9223
0 929 17415
0 930 6610
0 931 29029
0 932 15929
0 933 15507
0 935 7982
0 936 15150
0 937 27042
0 938 3156
0 939 15298
0 940 2627
0 941 16244
0 942 2827
0 943 2860
0 944 29554
0 945 6939
0 946 20057
0 947 210
0 948 733
0 949 16328
0 950 16339
0 951 3847
0 952 1474
0 953 5205
0 955 26669
0 956 31774
0 957 3563
0 958 13114
0 959 14725
0 960 34324
0 961 4707
0 962 2955
0 963 19416
0 965 947
0 966 26961
0 967 2906
0 968 1693
0 969 15977
0 970 20000
0 971 12917
0 972 4094
0 973 3562
0 974 6361
0 975 12631
0 976 5584
0 977 9204
0 978 7328
0 979 16486
0 980 5179
0 981 461
0 982 3110
0 983 254
0 986 1636
0 987 3817
0 988 11615
0 989 6195
0 991 1777
0 992 8723
0 993 7923
0 994 386
0 995 3934
0 996 3499
0 997 13413
0 998 22017
0 999 12804
0 1000 5047
0 1001 11130
0 1002 20321
0 1003 7813
0 1004 11144
0 1005 1377
0 1006 7421
0 1007 3325
0 1009 13508
0 1010 14037
0 1011 5498
0 1012 8876
0 1013 2991
0 1014 7239
0 1015 11396
0 1016 19562
0 1017 4493
0 1018 5848
0 1019 7483
0 1020 17763
0 1021 21963
0 1022 5048
0 1023 7370
0 1024 1637
0 1027 6778
0 1028 7227
0 1029 6486
0 1030 3796
0 1031 17107
0 1033 30986
0 1034 26976
0 1035 4268
0 1037 397
0 1038 11210
0 1039 2685
0 1040 6764
0 1041 4000
0 1042 8897
0 1043 25223
0 1044 14454
0 1045 8229
0 1046 6534
0 1047 31707
0 1048 12529
0 1049 2
0 1050 315
0 1051 95
0 1054 4327
0 1056 1695
0 1057 6405
0 1059 2294
0 1062 12692
0 1063 10721
0 1064 5841
0 1065 1587
0 1066 2176
0 1067 28568
0 1070 9432
0 1072 14024
0 1073 6174
0 1074 3092
0 1075 7068
0 1076 657
0 1077 4979
0 1078 7571
0 1079 12414
0 1080 7996
0 1081 5070
0 1082 5181
0 1083 38904
0 1086 19871
0 1087 861
0 1088 5947
0 1089 9088
0 1090 4594
0 1091 10937
0 1092 105
0 1093 3576
0 1094 17916
0 1095 3672
0 1096 1578
0 1097 4518
0 1098 20710
0 1099 20302
0 1100 5792
0 1101 14124
0 1102 337
0 1103 19735
0 1104 5041
0 1105 23258
0 1107 9735
0 1108 8295
0 1109 977
0 1110 468
0 1111 2592
0 1112 3260
0 1114 12978
0 1115 5059
0 1116 1134
0 1117 7454
0 1118 6514
0 1119 3273
0 1120 9939
0 1121 6451
0 1122 2411
0 1123 7832
0 1124 9
0 1126 12395
0 1127 14699
0 1128 2805
0 1129 7718
0 1130 2681
0 1131 19081
0 1132 6790
0 1133 16731
0 1134 8890
0 1135 8267
0 1137 2852
0 1138 8433
0 1139 7058
0 1140 51944
0 1141 8925
0 1142 2527
0 1144 2254
0 1145 3371
0 1146 1441
0 1147 286
0 1148 12123
0 1150 7336
0 1151 5852
0 1152 8905
0 1153 7612
0 1154 3018
0 1155 39298
0 1156 1039
0 1157 39536
0 1158 4570
0 1159 1864
0 1160 15734
0 1161 23333
0 1162 4449
0 1163 26049
0 1164 9829
0 1167 8291
0 1168 8538
0 1169 7087
0 1170 1049
0 1171 5325
0 1172 1833
0 1173 5649
0 1174 2262
0 1176 18438
0 1177 6867
0 1178 24815
0 1179 6655
0 1180 4689
0 1181 5
0 1182 22854
0 1184 2033
0 1185 962
0 1186 12157
0 1187 9058
0 1189 18939
0 1190 2286
0 1191 17755
0 1192 17541
0 1193 9703
0 1194 7189
0 1195 925
0 1196 22900
0 1197 6488
0 1198 575
0 1199 9568
0 1200 30051
0 1201 2947
0 1202 4650
0 1203 1250
0 1204 20269
0 1205 6895
0 1207 4358
0 1208 5739
0 1209 21691
0 1210 34139
0 1212 13219
0 1213 7679
0 1214 17726
0 1215 317
0 1216 14067
0 1217 157
0 1218 20270
0 1219 930
0 1220 4870
0 1221 6716
0 1222 9180
0 1224 1103
0 1225 21837
0 1226 11169
0 1227 17713
0 1228 10286
0 1229 3515
0 1230 21552
0 1231 15752
0 1232 20215
0 1233 25795
0 1234 2928
0 1235 16678
0 1236 2213
0 1237 6634
0 1238 2855
0 1239 6306
0 1240 6715
0 1241 9513
0 1243 4128
0 1244 25580
0 1245 19440
0 1246 5562
0 1247 7834
0 1248 4830
0 1249 10202
0 1250 4693
0 1251 20012
0 1252 16539
0 1253 898
0 1254 18265
0 1255 2639
0 1256 4110
0 1257 4406
0 1258 3006
0 1259 3143
0 1260 1395
0 1261 4358
0 1262 11765
0 1263 3555
0 1264 2934
0 1265 16302
0 1267 19121
0 1268 1545
0 1269 41587
0 1270 16805
0 1271 2926
0 1272 9781
0 1273 196
0 1275 18353
0 1277 966
0 1278 7484
0 1279 23042
0 1280 6370
0 1281 11225
0 1282 19923
0 1283 16852
0 1284 9229
0 1285 6012
0 1286 10599
0 1287 1144
0 1288 2079
0 1289 27705
0 1290 1694
0 1291 10989
0 1292 279
0 1294 4128
0 1295 11067
0 1296 19201
0 1297 17188
0 1299 9719
0 1301 3045
0 1302 242
0 1303 3884
0 1304 19368
0 1305 14277
0 1306 9098
0 1307 1271
0 1308 8020
0 1310 7439
0 1311 5324
0 1313 3444
0 1314 7923
0 1315 32569
0 1316 12706
0 1317 9107
0 1318 10890
0 1319 4290
0 1320 14181
0 1321 57057
0 1322 3135
0 1323 5935
0 1324 3131
0 1325 11570
0 1326 5336
0 1327 2708
0 1328 13267
0 1329 1201
0 1330 8923
0 1331 8829
0 1332 12626
0 1333 20860
0 1334 13381
0 1335 4553
0 1336 13733
0 1337 8370
0 1338 1028
0 1339 11169
0 1340 3285
0 1341 4625
0 1342 17551
0 1343 1362
0 1344 5897
0 1345 14768
0 1346 4901
0 1347 11025
0 1348 15350
0 1349 28523
0 1350 15388
0 1351 21055
0 1352 33944
0 1353 10818
0 1354 122
0 1355 27443
0 1356 5054
0 1357 13064
0 1358 2290
0 1359 28358
0 1360 24138
0 1362 18494
0 1363 19349
0 1364 16404
0 1365 9952
0 1366 4561
0 1367 4110
0 1369 12065
0 1370 9619
0 1371 32706
0 1372 11731
0 1373 4052
0 1374 979
0 1375 20988
0 1376 11879
0 1377 16871
0 1378 15325
0 1379 35616
0 1380 6649
0 1381 8155
0 1382 5301
0 1383 6927
0 1384 4133
0 1385 15312
0 1387 10674
0 1388 5428
0 1390 22578
0 1391 118
0 1392 4496
0 1393 8775
0 1394 5255
0 1395 104
0 1397 6012
0 1398 1471
0 1399 4552
0 1400 3820
0 1401 10788
0 1402 11081
0 1403 4100
0 1404 10001
0 1405 3819
0 1406 5651
0 1407 5544
0 1408 21340
0 1409 28203
0 1410 3958
0 1412 1873
0 1413 19447
0 1414 29633
0 1415 8299
0 1416 17012
0 1417 5134
0 1419 4806
0 1420 2210
0 1421 159
0 1422 5396
0 1423 5435
0 1424 773
0 1425 8972
0 1426 2100
0 1427 3487
0 1428 7983
0 1429 289
0 1430 28309
0 1431 1657
0 1432 27683
0 1433 14334
0 1434 24350
0 1435 28550
0 1436 5792
0 1437 4979
0 1438 10137
0 1439 472
0 1440 2372
0 1441 30901
0 1442 10325
0 1443 10797
0 1444 4478
0 1445 8366
0 1446 4742
0 1447 57
0 1448 7444
0 1449 24178
0 1450 5573
0 1451 17876
0 1452 19634
0 1453 22347
0 1454 2090
0 1455 3584
0 1456 12634
0 1457 2652
0 1458 4648
0 1459 4506
0 1460 8898
0 1461 20257
0 1462 8229
0 1463 6057
0 1464 2396
0 1465 13615
0 1466 36030
0 1468 14368
0 1469 16928
0 1470 8773
0 1471 3043
0 1472 5955
0 1473 6930
0 1474 12949
0 1475 7054
0 1477 10269
0 1478 17106
0 1479 1641
0 1480 4215
0 1481 19269
0 1482 12554
0 1483 2205
0 1484 22878
0 1485 34457
0 1486 47
0 1487 1605
0 1488 1982
0 1489 3273
0 1490 16026
0 1491 6744
0 1493 12650
0 1494 49502
0 1495 4428
0 1496 2235
0 1497 7642
0 1499 3004
0 1500 12920
0 1501 4690
0 1502 3813
0 1503 15962
0 1504 1872
0 1505 10165
0 1507 11162
0 1509 4789
0 1510 39554
0 1511 4336
0 1512 1946
0 1513 1657
0 1515 11249
0 1516 11983
0 1517 3960
0 1518 2400
0 1519 27478
0 1520 4359
0 1521 3770
0 1522 11743
0 1523 7444
0 1524 15319
0 1525 3086
0 1527 11515
0 1529 5802
0 1530 5686
0 1531 1896
0 1532 18288
0 1533 349
0 1534 17782
0 1535 1517
0 1536 4335
0 1537 1901
0 1538 1546
0 1539 18655
0 1540 2366
0 1541 17847
0 1542 3089
0 1543 11110
0 1545 668
0 1546 12656
0 1547 6217
0 1548 11981
0 1549 17968
0 1550 18776
0 1551 9817
0 1553 6984
0 1554 5161
0 1555 25565
0 1556 14407
0 1557 5438
0 1558 24183
0 1560 2514
0 1561 11550
0 1562 3896
0 1563 12002
0 1564 5250
0 1565 1259
0 1566 1233
0 1567 1372
0 1568 17813
0 1569 12914
0 1570 10537
0 1571 20913
0 1572 3648
0 1573 9793
0 1574 27844
0 1577 2442
0 1578 6798
0 1579 37417
0 1580 25215
0 1581 6235
0 1583 3895
0 1584 2660
0 1585 4384
0 1587 38581
0 1588 4649
0 1589 3394
0 1590 27252
0 1591 5502
0 1592 12363
0 1593 10357
0 1594 9219
0 1595 3393
0 1596 10210
0 1597 123
0 1598 5830
0 1599 18821
0 1600 2976
0 1601 6190
0 1602 14066
0 1603 5258
0 1604 15507
0 1605 294
0 1606 9871
0 1608 9768
0 1609 4678
0 1612 8942
0 1613 7590
0 1614 2632
0 1615 13973
0 1616 15631
0 1617 9968
0 1619 21
0 1621 24483
0 1622 16522
0 1623 13390
0 1624 21113
0 1625 9765
0 1626 35600
0 1627 23685
0 1628 11006
0 1629 6047
0 1630 3018
0 1631 3981
0 1633 7309
0 1634 24141
0 1635 760
0 1637 13927
0 1638 163
0 1639 6235
0 1640 5479
0 1641 11391
0 1642 8398
0 1644 7458
0 1645 3286
0 1647 19066
0 1648 14237
0 1649 7313
0 1650 24115
0 1651 4745
0 1653 3517
0 1654 24221
0 1655 5638
0 1656 6975
0 1657 15421
0 1658 25369
0 1659 1202
0 1660 1382
0 1661 6082
0 1662 16327
0 1663 15256
0 1664 5980
0 1665 2122
0 1666 1000
0 1667 152
0 1668 11349
0 1669 12272
0 1670 1849
0 1671 7157
0 1672 1837
0 1674 19504
0 1675 6639
0 1676 842
0 1677 14665
0 1678 13091
0 1679 16557
0 1680 18531
0 1681 17531
0 1682 1562
0 1683 3988
0 1684 3888
0 1685 2754
0 1687 12589
0 1688 3462
0 1689 7294
0 1691 8132
0 1692 1921
0 1693 42530
0 1694 4393
0 1697 19724
0 1698 2627
0 1699 15859
0 1700 10591
0 1701 13612
0 1702 13446
0 1703 1342
0 1704 210
0 1705 2903
0 1706 5174
0 1708 37841
0 1709 11108
0 1710 10116
0 1711 12546
0 1712 6793
0 1713 20018
0 1714 10642
0 1715 36943
0 1716 34281
0 1717 14062
0 1718 6989
0 1719 13361
0 1721 6087
0 1722 1525
0 1724 30742
0 1725 3711
0 1726 21788
0 1727 8869
0 1729 6902
0 1730 55344
0 1731 10451
0 1732 11222
0 1733 4865
0 1734 5476
0 1735 6742
0 1736 11744
0 1737 8899
0 1738 7016
0 1739 12405
0 1740 12901
0 1741 12429
0 1742 14446
0 1743 6863
0 1744 2722
0 1745 16623
0 1746 19079
0 1747 6302
0 1748 26629
0 1749 1523
0 1750 5830
0 1751 13729
0 1753 5408
0 1754 15
0 1755 7945
0 1756 3240
0 1757 4444
0 1758 28286
0 1759 5414
0 1760 17876
0 1761 16922
0 1763 9481
0 1764 15385
0 1765 20794
0 1766 9309
0 1768 7838
0 1770 31369
0 1771 4730
0 1773 2232
0 1774 13786
0 1775 16305
0 1776 27128
0 1777 2690
0 1778 2318
0 1779 148
0 1780 9591
0 1782 11777
0 1783 6296
0 1784 19552
0 1786 5368
0 1787 3638
0 1788 9484
0 1789 3589
0 1790 4231
0 1791 17051
0 1792 33316
0 1793 12249
0 1794 16229
0 1795 5686
0 1796 5792
0 1797 12330
0 1798 857
0 1799 31864
0 1800 16553
0 1801 862
0 1803 3385
0 1804 2302
0 1805 34532
0 1806 11947
0 1807 17151
0 1808 10407
0 1809 7171
0 1810 5025
0 1811 7160
0 1812 8179
0 1813 1258
0 1814 2382
0 1815 10374
0 1817 20660
0 1818 25490
0 1819 8661
0 1820 13055
0 1821 1936
0 1822 22287
0 1824 3073
0 1825 6510
0 1826 14460
0 1827 3793
0 1828 23430
0 1829 283
0 1830 13047
0 1831 9244
0 1832 16632
0 1833 15557
0 1834 12177
0 1835 4596
0 1836 2954
0 1838 22688
0 1839 12244
0 1841 27628
0 1842 2196
0 1843 6045
0 1844 3851
0 1845 14163
0 1846 245
0 1847 9967
0 1848 7917
0 1849 3
0 1850 1657
0 1851 1304
0 1852 5379
0 1853 1779
0 1854 15581
0 1855 1145
0 1856 1545
0 1857 8859
0 1858 6412
0 1859 2006
0 1860 16077
0 1861 4786
0 1862 571
0 1863 21885
0 1864 1686
0 1865 3794
0 1866 2857
0 1867 7090
0 1868 25869
0 1869 21492
0 1870 21191
0 1871 60
0 1872 8643
0 1873 2279
0 1874 2161
0 1875 24779
0 1877 3162
0 1878 13441
0 1879 20109
0 1880 2362
0 1881 5175
0 1882 5821
0 1883 35826
0 1884 16968
0 1886 13832
0 1887 17823
0 1888 2936
0 1889 27376
0 1890 10735
0 1891 2161
0 1892 32081
0 1893 14680
0 1894 17932
0 1895 12676
0 1896 29209
0 1897 4422
0 1898 9219
0 1899 4933
0 1900 7343
0 1902 2717
0 1904 1204
0 1905 2058
0 1906 12373
0 1908 18948
0 1909 22438
0 1910 2460
0 1911 765
0 1912 4251
0 1913 6561
0 1914 1201
0 1915 12209
0 1916 5544
0 1917 35118
0 1918 3759
0 1919 4248
0 1920 31213
0 1921 7379
0 1922 4887
0 1923 16379
0 1924 9866
0 1925 233
0 1926 5974
0 1927 7280
0 1928 2356
0 1929 3912
0 1930 3266
0 1931 8546
0 1932 1467
0 1933 26910
0 1934 593
0 1935 27900
0 1936 7665
0 1937 446
0 1939 23308
0 1940 10218
0 1941 3350
0 1942 7464
0 1943 42631
0 1944 2950
0 1945 7760
0 1947 9000
0 1948 4996
0 1949 3778
0 1950 5762
0 1951 3666
0 1952 7905
0 1953 1414
0 1954 3912
0 1955 5586
0 1956 18788
0 1957 11761
0 1958 4952
0 1959 5966
0 1960 9302
0 1961 3605
0 1962 35193
0 1963 5100
0 1964 5657
0 1965 352
0 1966 20613
0 1967 5144
0 1968 2969
0 1969 5550
0 1970 594
0 1971 13328
0 1973 581
0 1974 6786
0 1975 766
0 1976 15889
0 1977 5929
0 1978 33503
0 1979 9049
0 1980 32197
0 1982 6985
0 1983 28059
0 1985 12232
0 1986 5939
0 1987 3393
0 1988 9736
0 1989 8371
0 1990 12625
0 1991 8794
0 1992 2202
0 1993 1709
0 1994 3580
0 1995 233
0 1996 122
0 1998 16031
0 1999 3779
1 0 1013
1 1 2910
1 2 30384
1 3 4279
1 4 24092
1 5 200
1 6 12541
1 7 1825
1 8 5794
1 9 3137
1 10 5602
1 11 31354
1 12 6330
1 13 1042
1 14 2534
1 15 16595
1 16 10404
1 17 3328
1 18 3754
1 19 21603
1 20 8973
1 21 10330
1 22 17559
1 23 8569
1 24 3085
1 25 9267
1 26 4809
1 27 7271
1 28 3635
1 30 9632
1 31 14964
1 32 20828
1 33 8203
1 34 13399
1 36 6423
1 38 1885
1 39 5404
1 40 17163
1 41 4599
1 42 3216
1 43 650
1 45 19263
1 47 51
1 48 4051
1 49 2956
1 51 19339
1 52 5102
1 53 24976
1 54 1073
1 55 8752
1 56 5258
1 57 16499
1 59 9209
1 60 5984
1 61 4790
1 62 6678
1 63 6360
1 64 3983
1 66 20848
1 67 1427
1 69 2171
1 72 8869
1 73 18741
1 74 646
1 75 8570
1 76 6053
1 77 4292
1 78 1035
1 79 20412
1 80 12029
1 81 3407
1 82 3092
1 83 16174
1 85 29950
1 86 21890
1 88 16646
1 90 14126
1 91 5441
1 92 5453
1 93 4998
1 94 14
1 95 6828
1 96 36975
1 97 1650
1 98 28672
1 99 9117
1 101 19493
1 102 26788
1 103 11153
1 105 3729
1 106 18106
1 107 754
1 108 6470
1 110 22395
1 111 7049
1 112 6905
1 113 7855
1 114 26547
1 115 16546
1 116 24218
1 117 1601
1 118 1788
1 120 2188
1 122 164
1 123 8829
1 124 16460
1 125 1839
1 126 9016
1 127 37186
1 130 8830
1 131 2207
1 132 2113
1 133 28653
1 134 8027
1 136 10222
1 137 946
1 138 18161
1 139 4084
1 140 288
1 141 3120
1 142 15594
1 143 24933
1 144 27121
1 145 1840
1 146 8735
1 147 19153
1 149 87
1 150 11634
1 151 5438
1 152 14704
1 153 9057
1 154 7546
1 155 19205
1 156 14175
1 157 6284
1 158 3235
1 159 164
1 160 5602
1 163 6809
1 164 20276
1 165 10848
1 166 18742
1 167 860
1 168 6969
1 169 32571
1 170 10930
1 171 8616
1 173 786
1 175 8160
1 176 13604
1 177 4365
1 178 4649
1 179 6612
1 180 12481
1 181 29796
1 182 25077
1 183 2168
1 184 239
1 186 8778
1 187 36366
1 188 982
1 189 28503
1 190 11095
1 191 2778
1 192 8
1 193 4188
1 194 174
1 195 10929
1 196 12899
1 197 3994
1 198 33407
1 200 3953
1 201 6556
1 203 4715
1 204 17076
1 205 10273
1 206 4531
1 207 2585
1 208 9571
1 210 2121
1 211 20082
1 212 18098
1 213 8272
1 214 6489
1 215 12898
1 216 4823
1 217 9600
1 218 22131
1 221 5356
1 222 14930
1 223 20533
1 225 15916
1 227 28482
1 228 4335
1 229 10069
1 230 23071
1 231 7739
1 232 13955
1 234 12143
1 236 22911
1 237 16192
1 238 35941
1 239 18762
1 241 15974
1 242 28878
1 243 26415
1 244 8478
1 245 7645
1 246 12268
1 247 3044
1 248 836
1 250 4915
1 251 3877
1 252 15214
1 254 587
1 255 22970
1 256 9439
1 257 17723
1 258 5117
1 259 17660
1 260 4840
1 261 2588
1 262 1782
1 263 7007
1 264 491
1 265 1947
1 266 3224
1 267 7006
1 269 16474
1 270 10688
1 271 22523
1 272 7592
1 273 10774
1 274 17726
1 275 3276
1 276 4022
1 277 6627
1 278 13909
1 279 12554
1 281 4025
1 282 6126
1 283 13209
1 284 34534
1 285 3103
1 286 8013
1 287 2776
1 288 8639
1 289 45330
1 290 23623
1 291 1340
1 292 3829
1 293 7395
1 294 2810
1 296 21884
1 297 27830
1 298 1716
1 299 8905
1 300 1093
1 301 630
1 302 3744
1 303 4093
1 304 14290
1 305 6353
1 306 3460
1 307 4874
1 308 8477
1 309 35390
1 310 6113
1 311 23504
1 312 3032
1 313 6294
1 314 5442
1 315 9224
1 316 757
1 317 177
1 318 4096
1 319 1317
1 320 33190
1 322 26027
1 323 4757
1 324 1512
1 326 1829
1 327 2513
1 328 10347
1 329 1902
1 330 7352
1 331 14424
1 332 15357
1 333 7012
1 334 14061
1 335 4414
1 336 37
1 337 7228
1 339 7785
1 340 5412
1 341 4187
1 342 5794
1 343 41003
1 344 4123
1 345 3010
1 346 18648
1 347 5624
1 348 14541
1 349 10104
1 350 2962
1 351 2443
1 352 3279
1 353 5509
1 354 6259
1 355 13616
1 356 8142
1 357 20729
1 358 6268
1 359 6769
1 360 12013
1 361 8608
1 362 16487
1 363 370
1 364 2855
1 365 13684
1 366 1124
1 367 11084
1 368 6975
1 369 12968
1 370 3692
1 371 7564
1 372 3976
1 373 20778
1 374 23971
1 375 3815
1 376 1331
1 377 11886
1 378 39703
1 379 2808
1 380 4756
1 382 12239
1 383 13344
1 384 15723
1 385 4828
1 386 13614
1 387 5220
1 388 4329
1 389 23560
1 390 6597
1 391 840
1 392 16598
1 393 24357
1 394 4729
1 395 498
1 397 32516
1 398 2882
1 399 9723
1 400 13728
1 401 1268
1 402 10559
1 403 3851
1 404 14389
1 405 5484
1 406 10048
1 407 3982
1 408 7346
1 409 18787
1 410 3308
1 411 16363
1 412 8153
1 413 2594
1 414 16563
1 415 4437
1 416 7732
1 417 20064
1 418 2588
1 419 2813
1 420 3906
1 421 9239
1 422 6270
1 423 20558
1 424 13556
1 425 3102
1 428 2638
1 429 12
1 430 2537
1 431 29875
1 432 12913
1 433 3186
1 434 17953
1 435 17793
1 436 10137
1 437 2792
1 438 16249
1 439 4732
1 440 9170
1 442 6066
1 445 4624
1 446 11062
1 447 10298
1 448 18836
1 449 1907
1 450 5020
1 451 17064
1 453 7744
1 454 29514
1 455 18681
1 456 5262
1 457 3353
1 458 3693
1 459 8609
1 460 9974
1 461 6591
1 462 22352
1 463 2642
1 464 6436
1 465 32359
1 466 1200
1 467 481
1 468 4886
1 469 16698
1 471 32035
1 473 16463
1 474 8365
1 475 4811
1 476 22403
1 477 2144
1 478 11279
1 479 25933
1 480 1495
1 481 19213
1 482 11359
1 483 6923
1 484 16538
1 485 11644
1 486 17169
1 488 7832
1 489 14309
1 491 4082
1 492 20866
1 494 10301
1 495 27152
1 497 18702
1 498 1856
1 499 5109
1 500 3101
1 501 6906
1 502 18702
1 503 1635
1 504 27
1 506 18351
1 507 36551
1 508 1738
1 509 2929
1 510 7742
1 511 1931
1 512 2830
1 513 2893
1 514 8730
1 515 3724
1 517 3160
1 518 5173
1 519 810
1 520 24
1 521 2742
1 522 3938
1 523 20814
1 524 2549
1 525 9154
1 526 32886
1 527 12274
1 528 12718
1 529 401
1 530 8190
1 531 1927
1 532 30467
1 533 17670
1 534 10291
1 535 5919
1 536 5968
1 537 16857
1 539 29028
1 540 6484
1 541 6959
1 542 14636
1 543 13606
1 545 9053
1 546 6761
1 547 7281
1 548 6897
1 549 19379
1 550 255
1 551 28960
1 552 3626
1 553 1974
1 554 3075
1 555 5075
1 556 5893
1 557 7994
1 558 15613
1 560 9450
1 561 3875
1 562 10755
1 563 48090
1 564 2115
1 565 6842
1 566 21287
1 567 1529
1 568 12217
1 569 4513
1 570 1901
1 571 2847
1 572 1159
1 573 6957
1 574 10835
1 575 2911
1 576 1010
1 577 15697
1 578 33383
1 579 8882
1 580 488
1 581 10104
1 583 19631
1 584 5673
1 585 23821
1 586 2132
1 587 418
1 589 11123
1 590 1197
1 591 5517
1 592 6265
1 593 12392
1 594 3258
1 595 26938
1 596 28300
1 597 25241
1 598 20617
1 599 4373
1 600 2949
1 601 5271
1 602 18189
1 603 20952
1 604 7525
1 605 10433
1 606 11021
1 607 8626
1 608 9530
1 609 7909
1 610 3774
1 611 1312
1 612 6108
1 613 6914
1 614 17971
1 615 4250
1 616 3004
1 619 25
1 620 19370
1 621 10892
1 622 24612
1 623 26375
1 624 6001
1 625 7602
1 626 17610
1 627 4157
1 628 6588
1 629 6752
1 630 21744
1 631 3517
1 632 331
1 633 205
1 634 14557
1 636 8690
1 637 25218
1 638 2359
1 639 11822
1 640 1805
1 642 10241
1 644 12354
1 646 6925
1 647 20908
1 648 6328
1 649 25344
1 650 4151
1 651 4866
1 652 3143
1 653 6418
1 654 5063
1 655 11679
1 656 5064
1 657 14535
1 658 13414
1 659 8830
1 660 2146
1 662 1408
1 663 32074
1 664 22953
1 665 4463
1 666 1612
1 667 10900
1 668 7361
1 669 4713
1 670 7613
1 671 4681
1 672 3913
1 674 1447
1 675 3
1 677 30706
1 678 161
1 679 16764
1 680 9657
1 681 2106
1 682 2235
1 683 11722
1 684 3367
1 685 2717
1 686 3306
1 687 11253
1 688 2032
1 689 3084
1 690 2826
1 691 3966
1 692 10322
1 693 6428
1 695 7861
1 696 5120
1 697 19161
1 698 9315
1 699 237
1 700 19758
1 701 4938
1 703 12633
1 704 6345
1 705 2646
1 706 8674
1 707 6294
1 708 37497
1 709 15307
1 710 2781
1 711 3606
1 712 8511
1 713 2198
1 714 679
1 715 10775
1 717 19221
1 719 36783
1 720 6671
1 722 3273
1 723 3665
1 724 8191
1 725 9930
1 726 9139
1 727 3969
1 728 1609
1 729 9707
1 730 424
1 731 80
1 732 17102
1 733 16615
1 734 2551
1 735 835
1 737 6210
1 738 13087
1 739 2397
1 740 10558
1 741 2148
1 742 4201
1 743 5298
1 744 14628
1 745 6565
1 746 3063
1 747 877
1 748 4315
1 749 6476
1 750 3261
1 751 3588
1 752 8272
1 753 10069
1 754 16051
1 756 16354
1 757 6264
1 758 5148
1 759 2173
1 760 300
1 762 1704
1 763 29525
1 764 3566
1 765 4158
1 766 9108
1 768 6904
1 769 10253
1 770 1552
1 772 4660
1 773 10448
1 774 1294
1 775 9967
1 776 799
1 778 2063
1 780 5124
1 781 11166
1 782 11772
1 783 11334
1 784 1166
1 785 28010
1 786 8848
1 787 9393
1 788 986
1 789 17220
1 790 4544
1 792 4541
1 793 7203
1 794 10762
1 795 6739
1 796 13082
1 797 11842
1 798 5622
1 799 12670
1 800 5538
1 801 3483
1 802 11902
1 803 6322
1 804 2567
1 806 9857
1 807 74
1 808 5140
1 809 4152
1 810 20231
1 811 203
1 812 5610
1 813 17488
1 814 6947
1 815 3883
1 816 13141
1 817 37851
1 818 3323
1 819 3932
1 820 16860
1 822 15772
1 823 5001
1 824 17720
1 825 16043
1 827 1529
1 828 7804
1 829 1976
1 831 16954
1 832 12092
1 833 4941
1 834 4947
1 835 16445
1 838 19987
1 839 16506
1 840 7503
1 841 3032
1 842 10832
1 843 257
1 844 150
1 845 2333
1 846 614
1 847 11040
1 848 3206
1 849 525
1 850 16737
1 852 5434
1 853 10021
1 854 2686
1 855 3011
1 856 6818
1 857 135
1 859 6773
1 860 6328
1 861 753
1 862 5639
1 863 97
1 864 3283
1 865 16397
1 866 21230
1 867 6592
1 868 20107
1 869 1643
1 870 19004
1 871 3697
1 872 8334
1 873 9540
1 874 22914
1 875 3296
1 876 18214
1 877 20966
1 878 1003
1 879 14922
1 880 32016
1 881 326
1 882 3998
1 883 20220
1 884 5883
1 885 12885
1 886 8717
1 887 2838
1 888 6235
1 889 902
1 891 16153
1 892 6292
1 893 7618
1 894 8381
1 895 9300
1 897 5787
1 898 27886
1 899 8850
1 901 10392
1 902 22786
1 903 2061
1 904 366
1 905 2567
1 907 10166
1 908 1359
1 909 8916
1 910 196
1 911 24504
1 912 14055
1 913 10643
1 915 13074
1 916 5277
1 917 4950
1 918 1033
1 919 16829
1 920 7049
1 921 7400
1 923 2748
1 924 548
1 925 5555
1 926 22640
1 927 5809
1 928 9505
1 929 4591
1 930 30566
1 931 13754
1 932 5489
1 933 5665
1 934 5751
1 935 6766
1 936 2191
1 938 3130
1 939 6651
1 940 18295
1 941 113
1 942 4088
1 943 2951
1 944 4579
1 946 13368
1 947 9752
1 948 27252
1 950 2339
1 951 162
1 952 2029
1 953 24863
1 954 4075
1 955 232
1 956 14899
1 957 3649
1 958 6626
1 960 26023
1 961 1899
1 962 10698
1 963 11554
1 964 906
1 965 4187
1 966 16838
1 967 31867
1 968 3378
1 969 3211
1 970 8170
1 972 17267
1 973 993
1 974 2333
1 975 5396
1 976 1111
1 977 2516
1 978 20313
1 979 7636
1 980 13668
1 981 2006
1 982 4683
1 984 12906
1 985 2232
1 986 6511
1 988 11991
1 989 10247
1 990 18487
1 991 442
1 992 13474
1 993 20145
1 994 9255
1 995 5115
1 996 12547
1 997 4198
1 998 6251
1 1000 3618
1 1001 180
1 1002 11374
1 1003 4180
1 1004 20220
1 1005 1727
1 1006 2979
1 1008 18692
1 1009 5531
1 1010 8479
1 1012 2189
1 1013 10499
1 1014 5215
1 1015 33318
1 1016 13207
1 1017 9451
1 1019 6821
1 1020 2
1 1021 13911
1 1022 14
1 1023 12298
1 1025 29114
1 1027 23504
1 1028 12788
1 1029 15538
1 1030 9535
1 1031 14874
1 1032 7635
1 1034 1476
1 1035 15772
1 1036 872
1 1037 10154
1 1038 656
1 1039 1268
1 1040 1149
1 1041 4531
1 1042 6276
1 1043 8244
1 1044 4494
1 1046 5869
1 1048 3539
1 1049 21232
1 1051 6814
1 1052 4232
1 1053 17036
1 1054 305
1 1056 580
1 1057 10992
1 1058 4485
1 1059 6516
1 1060 483
1 1061 2876
1 1062 5051
1 1063 15796
1 1064 20552
1 1065 14787
1 1066 8834
1 1068 5211
1 1069 20006
1 1070 17220
1 1071 12852
1 1072 75
1 1073 25462
1 1074 4058
1 1075 12604
1 1076 3738
1 1077 15443
1 1079 2898
1 1080 3442
1 1081 6090
1 1082 1024
1 1083 13097
1 1084 8163
1 1085 23501
1 1086 12997
1 1087 13367
1 1088 6473
1 1089 22070
1 1090 20196
1 1091 22561
1 1092 26142
1 1093 6965
1 1094 3262
1 1095 16619
1 1096 15668
1 1098 768
1 1099 3008
1 1100 1469
1 1101 2017
1 1102 3433
1 1103 4031
1 1104 21762
1 1105 4754
1 1106 3943
1 1107 16745
1 1108 2750
1 1109 10614
1 1110 23993
1 1111 13930
1 1112 48
1 1113 10774
1 1114 536
1 1115 4279
1 1116 27449
1 1117 8659
1 1118 13908
1 1119 17018
1 1120 20
1 1121 7148
1 1122 14020
1 1123 953
1 1124 3774
1 1125 16675
1 1126 20341
1 1127 5192
1 1128 2863
1 1129 3504
1 1130 8440
1 1131 1095
1 1132 17055
1 1133 8604
1 1135 4454
1 1138 534
1 1139 19366
1 1140 2718
1 1141 17117
1 1143 582
1 1144 2096
1 1145 13532
1 1146 7170
1 1147 8056
1 1148 45749
1 1149 6834
1 1150 23156
1 1151 10768
1 1152 11697
1 1153 10892
1 1154 5524
1 1155 16510
1 1156 17011
1 1158 6672
1 1159 4048
1 1160 7396
1 1161 4180
1 1162 12872
1 1163 1964
1 1164 10797
1 1165 23968
1 1169 9025
1 1170 233
1 1171 13842
1 1172 2185
1 1173 5266
1 1174 9719
1 1175 7942
1 1176 4157
1 1177 12123
1 1178 55
1 1179 10401
1 1180 12490
1 1181 11287
1 1182 960
1 1184 5042
1 1185 23867
1 1186 795
1 1187 7272
1 1188 10932
1 1189 22136
1 1190 6979
1 1191 4560
1 1192 3457
1 1193 7629
1 1194 21008
1 1196 7407
1 1198 14068
1 1199 574
1 1200 23887
1 1201 7216
1 1202 12399
1 1203 1478
1 1204 16239
1 1205 3154
1 1207 158
1 1208 1860
1 1209 3712
1 1210 17030
1 1211 324
1 1212 14452
1 1214 1930
1 1215 6101
1 1216 6511
1 1217 25434
1 1219 15653
1 1220 17037
1 1221 11750
1 1222 18816
1 1223 9496
1 1224 1604
1 1225 2977
1 1226 9
1 1227 3746
1 1228 14785
1 1229 11469
1 1230 9307
1 1231 2496
1 1232 16736
1 1233 6465
1 1234 4213
1 1237 1785
1 1238 18831
1 1239 5469
1 1240 5377
1 1243 5664
1 1244 22114
1 1246 4634
1 1247 6246
1 1248 19633
1 1249 15735
1 1250 769
1 1251 1907
1 1252 7034
1 1253 5756
1 1255 10283
1 1257 2145
1 1258 11881
1 1259 15251
1 1260 13254
1 1261 2775
1 1262 7031
1 1263 13776
1 1264 2601
1 1265 5139
1 1267 8776
1 1268 6213
1 1269 4554
1 1270 5384
1 1271 15038
1 1274 4339
1 1276 12928
1 1277 5786
1 1278 2574
1 1279 15241
1 1280 4777
1 1281 19337
1 1282 4095
1 1284 30421
1 1286 3595
1 1287 330
1 1289 11610
1 1291 1292
1 1292 2830
1 1293 1418
1 1294 1114
1 1295 11723
1 1296 15179
1 1297 12594
1 1299 13069
1 1300 480
1 1301 6610
1 1302 9520
1 1303 11214
1 1304 7262
1 1305 6345
1 1306 27142
1 1307 5379
1 1308 18639
1 1309 8764
1 1310 25358
1 1311 24873
1 1312 6476
1 1314 8523
1 1315 319
1 1316 15471
1 1317 6891
1 1318 32378
1 1319 3560
1 1320 4684
1 1321 3181
1 1322 5985
1 1323 5440
1 1325 12416
1 1326 19925
1 1327 16427
1 1328 17881
1 1329 10190
1 1330 10978
1 1331 18898
1 1332 9583
1 1333 7991
1 1334 436
1 1335 4829
1 1336 8459
1 1337 7647
1 1338 4683
1 1339 23134
1 1340 1897
1 1341 31084
1 1342 15533
1 1343 14556
1 1344 7601
1 1345 2161
1 1346 39184
1 1349 15875
1 1350 19131
1 1351 9213
1 1352 26353
1 1353 2831
1 1354 7161
1 1355 8558
1 1356 15254
1 1357 4017
1 1358 5561
1 1359 3836
1 1360 10290
1 1361 5364
1 1362 4162
1 1363 7235
1 1364 4350
1 1365 106
1 1366 11164
1 1367 15264
1 1368 11650
1 1369 2868
1 1371 10068
1 1372 21606
1 1373 22388
1 1374 2726
1 1375 9590
1 1376 18732
1 1377 22207
1 1378 25315
1 1379 525
1 1380 4298
1 1381 12217
1 1382 3590
1 1383 10792
1 1384 2751
1 1385 13853
1 1386 2305
1 1387 9354
1 1388 23699
1 1389 301
1 1390 10232
1 1391 10094
1 1392 2832
1 1393 5616
1 1395 4279
1 1397 13161
1 1398 15837
1 1399 11157
1 1400 18476
1 1402 23378
1 1403 16225
1 1404 2447
1 1405 3919
1 1406 2726
1 1407 29417
1 1408 1413
1 1409 22734
1 1410 9921
1 1411 9927
1 1412 22867
1 1413 5914
1 1414 5195
1 1415 18885
1 1416 13570
1 1417 10300
1 1418 30275
1 1419 33185
1 1420 9435
1 1421 3886
1 1422 2984
1 1423 10454
1 1424 5738
1 1425 30018
1 1426 8791
1 1427 14977
1 1428 20478
1 1429 10190
1 1430 7659
1 1431 15877
1 1432 9560
1 1433 7888
1 1434 18888
1 1435 22377
1 1436 10207
1 1437 1313
1 1438 2541
1 1439 15594
1 1441 7149
1 1443 29305
1 1444 15252
1 1446 4378
1 1447 6171
1 1448 2570
1 1449 8468
1 1450 6840
1 1451 34141
1 1453 15051
1 1454 5617
1 1455 12041
1 1456 717
1 1457 25150
1 1458 10825
1 1459 5564
1 1460 8380
1 1461 1371
1 1462 10738
1 1463 4357
1 1464 3668
1 1465 260
1 1466 7072
1 1467 35840
1 1468 1027
1 1469 4903
1 1470 15754
1 1471 19749
1 1472 8966
1 1473 18414
1 1474 12830
1 1475 4098
1 1476 1555
1 1477 18094
1 1478 9128
1 1479 13096
1 1481 12655
1 1482 1013
1 1483 32475
1 1485 13783
1 1486 6938
1 1487 11506
1 1489 9090
1 1490 1359
1 1492 4858
1 1493 3462
1 1494 1610
1 1495 440
1 1496 40
1 1497 15716
1 1499 4843
1 1500 8426
1 1501 27075
1 1502 37338
1 1503 14131
1 1504 2690
1 1505 1403
1 1506 19046
1 1507 430
1 1509 5130
1 1510 19095
1 1511 18400
1 1512 16707
1 1513 1589
1 1514 8645
1 1515 3236
1 1516 14489
1 1517 24531
1 1518 41
1 1519 2651
1 1520 8421
1 1521 15982
1 1522 15519
1 1523 21335
1 1524 3859
1 1525 3503
1 1526 5137
1 1527 32270
1 1528 2695
1 1529 2439
1 1530 14484
1 1531 2546
1 1532 3463
1 1533 5520
1 1534 9684
1 1535 7805
1 1536 2575
1 1537 2455
1 1538 6176
1 1539 644
1 1540 12392
1 1541 10495
1 1542 9995
1 1544 3266
1 1545 5622
1 1546 11494
1 1547 8915
1 1548 5263
1 1549 5055
1 1550 4562
1 1551 26186
1 1552 34568
1 1553 16796
1 1554 5505
1 1555 21725
1 1556 994
1 1557 14775
1 1558 3202
1 1559 12842
1 1560 321
1 1561 10310
1 1562 8854
1 1564 3263
1 1565 246
1 1566 6161
1 1567 3139
1 1568 29582
1 1569 16421
1 1570 657
1 1571 1396
1 1572 10270
1 1573 5268
1 1574 1180
1 1575 18723
1 1576 29
1 1577 14767
1 1578 302
1 1579 4731
1 1581 10257
1 1582 1680
1 1583 1500
1 1584 22766
1 1585 29718
1 1586 16191
1 1587 22791
1 1588 14594
1 1589 9448
1 1590 1929
1 1592 3352
1 1594 17750
1 1595 2999
1 1596 7371
1 1597 11748
1 1598 4699
1 1599 13827
1 1600 9731
1 1601 5865
1 1602 14095
1 1603 9987
1 1604 3107
1 1605 15949
1 1606 4193
1 1607 14247
1 1608 5856
1 1610 6661
1 1611 4591
1 1613 14965
1 1614 10232
1 1615 10349
1 1616 12101
1 1617 185
1 1618 12805
1 1619 170
1 1622 4141
1 1624 13778
1 1625 7436
1 1626 22801
1 1627 22039
1 1628 5937
1 1629 1491
1 1630 4527
1 1631 14513
1 1632 3905
1 1633 2687
1 1634 3248
1 1635 4282
1 1636 433
1 1637 2632
1 1638 5614
1 1639 11892
1 1640 1775
1 1641 4668
1 1642 26397
1 1643 22656
1 1644 7687
1 1645 2237
1 1646 1321
1 1647 6163
1 1648 5241
1 1649 7200
1 1650 450
1 1651 17180
1 1652 996
1 1653 6470
1 1656 9347
1 1657 10536
1 1658 36582
1 1659 25636
1 1660 1250
1 1661 25500
1 1663 4931
1 1664 21044
1 1665 17704
1 1666 10162
1 1668 5207
1 1669 4708
1 1670 1980
1 1671 4644
1 1672 3404
1 1673 5413
1 1674 4509
1 1675 3249
1 1676 4010
1 1677 25297
1 1678 4575
1 1679 42276
1 1681 28583
1 1682 46015
1 1683 5365
1 1684 4250
1 1685 619
1 1686 1699
1 1687 12052
1 1689 2544
1 1690 33066
1 1691 231
1 1693 17007
1 1694 5986
1 1695 10870
1 1696 17918
1 1697 7267
1 1699 718
1 1700 7645
1 1701 407
1 1702 14358
1 1703 7181
1 1704 6592
1 1705 1227
1 1707 24157
1 1710 19733
1 1711 9026
1 1712 27338
1 1713 17538
1 1714 1422
1 1715 17946
1 1716 5522
1 1717 6389
1 1718 9553
1 1719 20745
1 1721 370
1 1722 8872
1 1723 9805
1 1724 4318
1 1725 6420
1 1726 782
1 1727 12818
1 1728 27105
1 1729 2113
1 1730 24803
1 1731 18005
1 1732 1201
1 1733 18499
1 1735 6567
1 1736 13025
1 1737 2147
1 1739 6196
1 1740 2683
1 1741 18884
1 1742 7544
1 1743 12998
1 1745 2378
1 1746 13160
1 1747 7882
1 1748 9373
1 1749 2381
1 1750 19884
1 1751 17839
1 1752 18097
1 1753 1576
1 1754 4794
1 1755 2722
1 1756 15074
1 1757 48002
1 1759 5930
1 1760 34102
1 1761 2337
1 1762 8930
1 1764 285
1 1765 39592
1 1766 3498
1 1767 4018
1 1768 53598
1 1769 6678
1 1770 11496
1 1771 20595
1 1772 3096
1 1774 2174
1 1775 208
1 1776 17913
1 1777 28790
1 1778 28250
1 1779 649
1 1780 11948
1 1781 4026
1 1782 7378
1 1783 9983
1 1784 6453
1 1785 7978
1 1786 22341
1 1787 3996
1 1788 16882
1 1789 20621
1 1790 26938
1 1791 1463
1 1792 14652
1 1793 39
1 1794 1196
1 1795 2055
1 1796 1106
1 1797 8584
1 1798 22217
1 1799 2475
1 1800 154
1 1801 13207
1 1802 2
1 1803 157
1 1804 18681
1 1805 15520
1 1806 16460
1 1808 5483
1 1809 6373
1 1810 28696
1 1811 27639
1 1812 20937
1 1813 7441
1 1814 9364
1 1816 7156
1 1817 24415
1 1818 2892
1 1819 26575
1 1820 7773
1 1821 13535
1 1822 287
1 1823 18660
1 1824 7637
1 1825 35549
1 1826 11237
1 1827 8256
1 1829 1345
1 1830 7328
1 1831 10326
1 1832 5120
1 1833 10677
1 1835 4932
1 1836 3238
1 1837 22052
1 1838 220
1 1839 39081
1 1840 17184
1 1841 32231
1 1842 32908
1 1843 9128
1 1846 3636
1 1848 2992
1 1849 266
1 1850 7407
1 1851 3668
1 1852 41280
1 1853 14231
1 1854 44904
1 1855 15202
1 1856 19583
1 1857 10880
1 1859 12910
1 1860 7097
1 1861 586
1 1862 12037
1 1863 3067
1 1864 2738
1 1865 7633
1 1866 3229
1 1868 22901
1 1869 15604
1 1870 704
1 1871 9886
1 1872 2378
1 1873 11688
1 1874 30484
1 1875 18536
1 1876 10489
1 1877 4345
1 1878 30359
1 1879 3226
1 1880 23682
1 1881 7301
1 1882 15125
1 1884 19957
1 1885 19960
1 1886 15421
1 1887 15041
1 1888 1240
1 1889 6999
1 1890 121
1 1891 10626
1 1892 1156
1 1893 19647
1 1894 8612
1 1895 5159
1 1896 19921
1 1897 7391
1 1899 12500
1 1900 18146
1 1901 19857
1 1903 20664
1 1904 13183
1 1905 6193
1 1906 24639
1 1907 18494
1 1908 10175
1 1909 1726
1 1910 6857
1 1911 8837
1 1912 143
1 1913 28488
1 1914 12881
1 1915 836
1 1916 4661
1 1917 30779
1 1918 10787
1 1919 448
1 1920 5782
1 1921 9576
1 1922 6774
1 1923 7152
1 1924 12937
1 1925 1095
1 1926 2814
1 1927 15797
1 1928 1379
1 1929 8203
1 1930 4383
1 1931 4047
1 1932 20239
1 1933 9119
1 1935 5296
1 1936 1945
1 1937 1894
1 1938 12450
1 1939 22947
1 1940 8709
1 1942 398
1 1943 4153
1 1944 11198
1 1945 9600
1 1946 6486
1 1947 8357
1 1948 3661
1 1949 14644
1 1950 2388
1 1951 1237
1 1953 39889
1 1954 7040
1 1955 14461
1 1956 14665
1 1958 788
1 1959 34888
1 1960 1721
1 1961 33899
1 1962 9590
1 1963 3715
1 1964 4948
1 1965 4831
1 1966 14372
1 1967 894
1 1968 1643
1 1969 2230
1 1971 671
1 1972 6832
1 1973 3179
1 1974 17903
1 1975 89
1 1976 3836
1 1977 8874
1 1979 14993
1 1980 11640
1 1981 8020
1 1982 5251
1 1983 29918
1 1984 3237
1 1985 4584
1 1987 16435
1 1989 8241
1 1990 2185
1 1991 23561
1 1992 4444
1 1993 9582
1 1994 7069
1 1995 20369
1 1996 9173
1 1997 12430
1 1998 8644
1 1999 5191
2 0 2618
2 1 307
2 2 1239
2 3 4074
2 4 11120
2 5 5805
2 6 12969
2 8 25374
2 9 2514
2 10 367
2 11 6150
2 12 10605
2 13 42049
2 14 5890
2 15 25025
2 16 13308
2 17 5597
2 18 26016
2 19 1450
2 20 15842
2 21 2251
2 22 3255
2 25 1761
2 27 3661
2 28 6143
2 30 672
2 31 6535
2 32 14946
2 33 9239
2 34 7482
2 35 216
2 36 4501
2 37 2117
2 38 4536
2 39 14880
2 40 2195
2 41 5241
2 42 1576
2 43 12230
2 44 8681
2 45 43786
2 46 10941
2 47 16876
2 48 12280
2 49 9542
2 50 947
2 51 9173
2 52 6975
2 53 8183
2 54 2313
2 55 8487
2 56 12149
2 57 18523
2 58 457
2 59 11484
2 60 3904
2 61 8607
2 62 8653
2 63 6816
2 64 13002
2 65 4116
2 66 14398
2 67 6177
2 68 8380
2 69 2750
2 70 10698
2 71 18178
2 72 17135
2 73 3442
2 74 19089
2 75 10058
2 76 4614
2 78 7551
2 79 11057
2 80 77
2 81 6999
2 83 4899
2 84 15585
2 85 17627
2 86 13316
2 87 13270
2 88 8417
2 89 27006
2 90 9540
2 91 5117
2 92 2778
2 93 10248
2 94 1186
2 95 2432
2 96 534
2 97 6811
2 98 8327
2 99 5184
2 100 563
2 101 17858
2 103 9488
2 104 5601
2 105 4209
2 107 6081
2 108 33063
2 110 3434
2 111 1073
2 112 13439
2 113 13940
2 114 11260
2 115 8904
2 116 2389
2 117 5366
2 118 14165
2 119 3389
2 120 21048
2 121 5120
2 122 22
2 123 8596
2 124 5149
2 125 22141
2 127 7049
2 128 7025
2 129 7607
2 130 18523
2 131 13629
2 132 15165
2 133 1972
2 134 2107
2 135 8572
2 136 17323
2 137 1482
2 138 3505
2 139 3881
2 140 8562
2 141 4171
2 142 8398
2 143 3893
2 144 8507
2 145 7180
2 146 2253
2 147 20361
2 148 32456
2 149 462
2 150 8253
2 151 33773
2 153 28859
2 154 19412
2 155 1999
2 156 12163
2 157 221
2 158 12867
2 159 15377
2 160 7583
2 161 1363
2 162 1967
2 163 13394
2 164 8789
2 165 17770
2 168 5236
2 169 2818
2 170 5484
2 171 17019
2 172 1740
2 173 3722
2 174 1928
2 176 6525
2 177 13425
2 178 4757
2 180 6535
2 181 5505
2 182 17638
2 183 3007
2 184 3233
2 185 25473
2 186 6202
2 187 12713
2 189 7888
2 190 8521
2 191 8911
2 192 28646
2 193 4821
2 194 1532
2 195 9312
2 196 3777
2 198 4503
2 199 5646
2 200 29287
2 201 20687
2 202 1911
2 203 23073
2 204 50969
2 205 9556
2 206 4081
2 207 16624
2 208 2077
2 209 6794
2 210 39266
2 212 3400
2 213 9320
2 214 3055
2 215 710
2 216 4019
2 217 1581
2 218 2979
2 219 23439
2 220 7076
2 221 22657
2 222 9804
2 223 24846
2 224 2641
2 225 5751
2 226 9698
2 228 1532
2 229 19508
2 230 4771
2 231 2490
2 232 4936
2 233 13980
2 234 13384
2 235 12328
2 236 4325
2 237 9887
2 238 3776
2 239 6916
2 240 3065
2 241 28386
2 242 10243
2 243 10995
2 244 7192
2 245 2662
2 246 1091
2 248 1652
2 249 3746
2 250 7415
2 251 7341
2 252 3451
2 253 739
2 255 2013
2 256 4177
2 257 335
2 259 579
2 260 6081
2 263 5443
2 264 6096
2 265 4993
2 267 8268
2 268 20188
2 269 5328
2 270 13285
2 271 12796
2 272 5952
2 273 2194
2 274 13336
2 275 18048
2 276 2335
2 277 760
2 278 26914
2 279 2379
2 280 19499
2 281 2512
2 282 21333
2 283 24278
2 284 3397
2 285 731
2 286 3559
2 287 39951
2 288 5910
2 289 19294
2 290 18531
2 291 4368
2 292 4550
2 293 3802
2 294 1822
2 295 8077
2 296 9433
2 297 4185
2 298 11274
2 299 9361
2 300 9220
2 302 9128
2 303 10086
2 304 15021
2 305 7606
2 306 12384
2 307 9833
2 309 4158
2 310 2446
2 311 9803
2 312 662
2 313 44117
2 314 8624
2 315 4149
2 316 10281
2 318 348
2 319 23115
2 320 3915
2 321 41896
2 322 7779
2 323 4640
2 324 30
2 325 3529
2 326 5430
2 327 30153
2 328 2183
2 330 23409
2 331 4559
2 332 19036
2 333 7077
2 336 4284
2 337 15338
2 338 25513
2 339 6156
2 340 27729
2 341 9751
2 342 29302
2 343 11178
2 344 10334
2 345 6009
2 346 25121
2 347 23056
2 349 13542
2 350 12748
2 351 763
2 353 8422
2 354 4259
2 355 18700
2 357 20357
2 358 8981
2 359 7866
2 360 13566
2 361 3818
2 362 455
2 363 2940
2 364 15247
2 365 23436
2 366 11222
2 367 8577
2 368 14641
2 369 3913
2 370 17153
2 371 11133
2 372 1067
2 373 9414
2 374 18414
2 375 968
2 376 9627
2 379 3036
2 381 2779
2 382 17018
2 383 587
2 384 5633
2 385 3387
2 387 8166
2 388 13531
2 389 11932
2 391 25024
2 392 24009
2 394 794
2 395 23200
2 396 7311
2 397 6491
2 398 14099
2 399 20811
2 400 7616
2 401 23299
2 402 4178
2 403 2482
2 404 4949
2 405 83
2 407 14242
2 409 9876
2 410 2949
2 411 3647
2 412 13651
2 413 16146
2 414 9484
2 415 4257
2 416 4719
2 417 27396
2 418 9738
2 419 8475
2 420 2329
2 421 3491
2 422 16696
2 423 35743
2 426 5165
2 427 7088
2 428 9477
2 429 920
2 430 11537
2 431 6827
2 432 6680
2 433 1639
2 434 10671
2 435 4983
2 436 8501
2 437 6605
2 438 21575
2 439 1892
2 441 23684
2 442 8774
2 443 15409
2 444 11175
2 445 9945
2 446 9278
2 447 2008
2 448 17148
2 449 16489
2 450 23546
2 451 11129
2 452 48458
2 453 13684
2 454 1076
2 455 29565
2 456 9282
2 457 26748
2 458 18668
2 459 1819
2 460 5548
2 462 6236
2 463 11742
2 464 16384
2 465 334
2 466 9934
2 467 4135
2 468 4995
2 469 33663
2 470 11952
2 471 7837
2 472 5593
2 473 5180
2 474 2295
2 475 26266
2 476 16624
2 477 15818
2 478 5450
2 479 1715
2 480 16902
2 481 1786
2 482 8507
2 483 2699
2 484 16305
2 485 3987
2 486 4316
2 487 1815
2 488 1667
2 489 11416
2 490 3603
2 491 4276
2 492 1839
2 493 18875
2 494 30788
2 495 16992
2 496 8270
2 497 17820
2 498 5195
2 499 4505
2 500 5424
2 501 18646
2 502 2797
2 503 7379
2 505 2615
2 506 6790
2 507 42194
2 508 390
2 509 3170
2 510 6189
2 512 6555
2 513 5273
2 514 12601
2 515 12471
2 516 5135
2 517 1289
2 518 2935
2 519 8541
2 520 2086
2 521 1387
2 522 8278
2 523 8
2 525 5396
2 526 958
2 527 256
2 528 3912
2 529 25462
2 530 519
2 531 3393
2 533 2337
2 534 34162
2 535 17953
2 536 29194
2 537 8269
2 538 717
2 539 4151
2 540 2361
2 542 14919
2 543 8699
2 544 6389
2 545 944
2 548 25512
2 549 608
2 550 7068
2 551 12270
2 552 26188
2 553 5729
2 554 244
2 555 12333
2 556 12381
2 557 27434
2 558 3193
2 560 9776
2 561 3230
2 562 15727
2 563 21463
2 564 3058
2 565 7968
2 566 36998
2 567 16715
2 568 6779
2 569 1861
2 570 13563
2 571 3411
2 572 2138
2 573 12486
2 574 956
2 575 5857
2 576 6803
2 577 13274
2 578 5929
2 579 859
2 580 2440
2 581 4686
2 582 4053
2 583 981
2 584 4639
2 587 13220
2 588 2921
2 589 12659
2 590 166
2 591 6929
2 592 3508
2 593 1010
2 594 15302
2 595 2563
2 596 5679
2 597 2896
2 598 19679
2 599 21917
2 601 4417
2 602 21274
2 603 3637
2 604 2701
2 606 3601
2 607 7923
2 608 1792
2 609 24170
2 610 5746
2 611 11908
2 613 14935
2 614 5718
2 615 5223
2 617 3319
2 618 5253
2 619 8598
2 620 15754
2 621 3416
2 622 24391
2 624 14891
2 625 3736
2 626 5399
2 627 10865
2 628 37676
2 629 5799
2 630 155
2 631 9978
2 632 27
2 633 12978
2 634 1729
2 635 1508
2 636 36613
2 637 28797
2 638 4656
2 639 7918
2 640 30831
2 641 1553
2 642 21556
2 643 9409
2 644 7015
2 645 766
2 646 29841
2 647 5941
2 648 18437
2 649 1554
2 650 518
2 651 14799
2 652 17175
2 653 8792
2 654 17615
2 655 8367
2 656 9112
2 657 13925
2 658 9122
2 661 1469
2 662 9946
2 663 3103
2 664 17
2 665 24125
2 666 1060
2 667 6579
2 669 5190
2 671 19189
2 672 7707
2 674 2167
2 675 12971
2 676 18726
2 677 18061
2 678 19
2 679 966
2 680 212
2 682 2287
2 683 20278
2 684 8169
2 687 12051
2 688 4960
2 689 9403
2 690 257
2 691 2210
2 692 3360
2 693 2844
2 694 5442
2 695 4611
2 696 2277
2 697 11401
2 698 9278
2 699 14248
2 701 6080
2 702 194
2 704 5611
2 705 10733
2 706 12946
2 708 1420
2 709 2762
2 710 7973
2 712 3988
2 713 10702
2 714 8322
2 715 1752
2 716 9681
2 717 10906
2 718 137
2 719 8482
2 720 4708
2 721 36488
2 722 22786
2 723 8931
2 724 18496
2 725 7461
2 726 5269
2 727 67
2 728 10750
2 729 18621
2 730 13131
2 731 16133
2 732 30336
2 733 15770
2 734 4495
2 735 4227
2 736 7386
2 737 10543
2 738 1209
2 739 5803
2 740 15831
2 741 4954
2 742 10579
2 743 151
2 744 4619
2 745 6643
2 746 8300
2 747 2121
2 748 14281
2 749 4521
2 750 772
2 751 6919
2 752 6735
2 753 13670
2 754 5192
2 755 34
2 756 778
2 757 15167
2 759 7773
2 760 5390
2 761 6362
2 762 722
2 763 25461
2 764 13239
2 765 6781
2 766 14791
2 767 23045
2 768 1335
2 769 22741
2 770 4006
2 772 20805
2 773 13011
2 774 9880
2 775 20298
2 776 1777
2 777 2025
2 778 6637
2 779 5147
2 780 1438
2 781 5670
2 782 15751
2 783 23167
2 784 18682
2 785 23011
2 786 2049
2 787 19126
2 788 5761
2 789 895
2 790 5585
2 791 3859
2 792 3116
2 793 3998
2 794 2826
2 795 33202
2 796 235
2 797 3912
2 798 9636
2 799 8530
2 800 4670
2 801 10028
2 802 14392
2 803 6539
2 804 9029
2 805 8754
2 806 7301
2 808 4843
2 809 18726
2 810 35786
2 811 15593
2 812 1471
2 813 10353
2 814 22316
2 815 1793
2 816 27268
2 817 33136
2 818 30014
2 819 956
2 820 5069
2 822 11924
2 823 3882
2 824 2621
2 825 2628
2 826 11067
2 827 8022
2 828 432
2 829 2246
2 830 7419
2 831 7290
2 832 18689
2 833 12782
2 834 10939
2 836 3892
2 837 11454
2 838 4411
2 839 2963
2 840 19253
2 842 5798
2 843 17070
2 844 31412
2 845 29881
2 846 11659
2 848 19712
2 849 27575
2 851 16690
2 852 19908
2 853 256
2 854 26447
2 856 3638
2 857 13995
2 858 30358
2 859 2063
2 860 1392
2 861 10496
2 862 1329
2 863 35946
2 864 3321
2 866 30110
2 867 751
2 868 54015
2 869 4837
2 870 2550
2 871 18331
2 872 8771
2 873 12053
2 874 3817
2 875 1776
2 876 23361
2 877 3437
2 878 15220
2 879 1373
2 880 15784
2 881 7502
2 882 9846
2 883 9096
2 886 4578
2 887 3356
2 888 760
2 889 31134
2 890 10833
2 891 6922
2 892 3996
2 893 4366
2 894 26378
2 895 12608
2 897 11381
2 898 25328
2 899 970
2 900 17117
2 901 12381
2 902 22130
2 903 4145
2 904 2587
2 906 2739
2 907 18511
2 908 17378
2 909 4348
2 910 1804
2 911 857
2 912 16955
2 913 1564
2 915 4159
2 916 9251
2 917 6166
2 918 21847
2 919 6246
2 920 27850
2 921 1465
2 922 9551
2 923 1815
2 925 19035
2 926 12193
2 927 5572
2 928 1441
2 929 28070
2 930 5827
2 931 5282
2 932 5850
2 933 2759
2 934 3420
2 935 9759
2 936 5124
2 937 16332
2 938 1500
2 939 20195
2 940 1848
2 941 3512
2 942 541
2 943 229
2 944 2944
2 946 2294
2 947 20677
2 948 656
2 949 8213
2 950 33
2 951 2007
2 952 11010
2 953 4911
2 954 5306
2 955 2596
2 956 22165
2 957 3658
2 958 3732
2 959 5242
2 960 10641
2 961 7630
2 962 1165
2 963 2482
2 964 3337
2 965 8743
2 966 5351
2 967 13926
2 968 6399
2 969 13250
2 971 2930
2 972 8237
2 973 16422
2 974 6656
2 975 20361
2 976 2872
2 977 11300
2 978 65
2 979 10087
2 980 4338
2 981 2591
2 983 3274
2 984 13295
2 985 29704
2 986 2937
2 987 13079
2 988 3418
2 989 620
2 990 8968
2 991 10532
2 993 10024
2 994 1998
2 995 4584
2 996 11032
2 997 694
2 998 2208
2 999 29727
2 1000 5080
2 1001 23823
2 1003 224
2 1004 4036
2 1006 21
2 1007 22686
2 1008 34896
2 1009 4372
2 1010 6628
2 1011 1699
2 1013 6690
2 1014 2511
2 1015 9787
2 1016 7
2 1018 4756
2 1019 13620
2 1020 7582
2 1021 1352
2 1022 21701
2 1023 12044
2 1024 24546
2 1025 13582
2 1026 23592
2 1027 9757
2 1028 13326
2 1029 26105
2 1031 18480
2 1032 4439
2 1033 9086
2 1035 13328
2 1036 15602
2 1037 2306
2 1038 17446
2 1040 32
2 1041 13416
2 1042 7037
2 1043 4251
2 1044 31592
2 1045 14861
2 1047 7623
2 1048 2383
2 1049 25933
2 1050 3160
2 1051 2453
2 1053 5060
2 1055 23825
2 1056 3627
2 1058 15169
2 1059 5642
2 1060 3379
2 1061 4295
2 1062 4850
2 1063 1012
2 1065 18848
2 1066 19090
2 1067 14439
2 1068 11788
2 1070 2778
2 1071 2339
2 1072 4038
2 1073 11892
2 1074 15637
2 1075 19065
2 1077 3380
2 1078 3182
2 1080 10211
2 1081 41
2 1082 14611
2 1083 19024
2 1084 2210
2 1085 2288
2 1086 7519
2 1087 4016
2 1089 9402
2 1090 38325
2 1091 17153
2 1092 1798
2 1093 6639
2 1094 1152
2 1095 17417
2 1096 11249
2 1097 11219
2 1098 5315
2 1099 26451
2 1100 6152
2 1101 6975
2 1102 12189
2 1103 16572
2 1104 6238
2 1105 5407
2 1106 13529
2 1107 3297
2 1108 1633
2 1109 13447
2 1111 9228
2 1112 15288
2 1113 2281
2 1114 7440
2 1116 7588
2 1117 1642
2 1120 24410
2 1121 1511
2 1122 2004
2 1124 5156
2 1125 6074
2 1126 5403
2 1127 1054
2 1128 9928
2 1129 2048
2 1130 15970
2 1131 27803
2 1132 1908
2 1133 10533
2 1134 5044
2 1136 7091
2 1137 6170
2 1138 14511
2 1139 8776
2 1140 28874
2 1141 9471
2 1142 4399
2 1143 2558
2 1144 10034
2 1145 5755
2 1146 12065
2 1147 30235
2 1148 23819
2 1150 2373
2 1152 9017
2 1153 9828
2 1154 1262
2 1155 3333
2 1157 17285
2 1158 20979
2 1160 3691
2 1161 44862
2 1162 3273
2 1163 21753
2 1165 1697
2 1166 8532
2 1167 2660
2 1168 4494
2 1169 21585
2 1170 20035
2 1171 4681
2 1172 9144
2 1173 22552
2 1174 307
2 1175 650
2 1176 682
2 1177 4692
2 1178 6122
2 1179 1387
2 1180 16534
2 1181 5266
2 1182 1402
2 1184 13828
2 1185 796
2 1186 4167
2 1187 11161
2 1188 416
2 1189 7258
2 1190 10405
2 1191 16382
2 1192 18441
2 1194 7423
2 1197 4378
2 1198 6738
2 1199 14385
2 1200 3410
2 1201 572
2 1202 6465
2 1203 23247
2 1204 4898
2 1205 19755
2 1206 4333
2 1207 2880
2 1208 13723
2 1209 25774
2 1210 8474
2 1211 3864
2 1212 4181
2 1213 3163
2 1214 10153
2 1215 1896
2 1217 1675
2 1218 30973
2 1219 14135
2 1220 20728
2 1221 665
2 1222 33069
2 1223 4283
2 1224 6061
2 1226 13254
2 1227 2203
2 1228 21294
2 1229 22448
2 1232 28075
2 1233 1394
2 1234 9305
2 1235 5457
2 1236 6980
2 1237 137
2 1238 31635
2 1239 929
2 1240 2817
2 1241 1674
2 1242 9161
2 1243 102
2 1244 6812
2 1245 4138
2 1246 3118
2 1248 36
2 1249 8639
2 1250 911
2 1251 4869
2 1252 21389
2 1253 3157
2 1254 8151
2 1255 18700
2 1257 4603
2 1258 2531
2 1260 9621
2 1261 5615
2 1262 1223
2 1263 11173
2 1264 8804
2 1266 9751
2 1267 4278
2 1268 6857
2 1269 9615
2 1270 8936
2 1271 18688
2 1272 5821
2 1273 1069
2 1274 7088
2 1275 6885
2 1276 5854
2 1277 10221
2 1278 1035
2 1279 3833
2 1280 38421
2 1281 13439
2 1282 42843
2 1283 16320
2 1284 4285
2 1285 4316
2 1286 12331
2 1287 4979
2 1288 9013
2 1289 3274
2 1290 5457
2 1291 14080
2 1292 2246
2 1293 6154
2 1294 294
2 1295 10948
2 1296 9415
2 1298 12591
2 1301 25735
2 1303 4526
2 1304 414
2 1305 4304
2 1307 8620
2 1309 19734
2 1311 19454
2 1312 4671
2 1313 30670
2 1314 6186
2 1316 224
2 1318 20200
2 1319 14804
2 1320 5728
2 1321 13639
2 1322 5254
2 1324 7577
2 1325 9869
2 1326 4915
2 1327 6267
2 1328 7660
2 1330 1202
2 1331 7882
2 1333 18059
2 1334 7010
2 1335 3277
2 1336 10598
2 1337 1711
2 1338 13918
2 1339 27881
2 1340 1958
2 1341 3948
2 1342 9903
2 1343 9646
2 1344 24904
2 1345 31649
2 1346 14522
2 1347 10286
2 1348 1273
2 1349 2151
2 1350 25712
2 1351 12537
2 1352 27540
2 1354 3264
2 1355 4460
2 1357 3665
2 1358 2923
2 1359 50668
2 1360 35111
2 1361 1577
2 1362 13926
2 1363 105
2 1364 13439
2 1365 759
2 1366 7883
2 1367 5392
2 1368 7670
2 1369 4252
2 1370 2243
2 1371 4695
2 1372 1650
2 1373 12913
2 1375 10347
2 1376 8260
2 1377 4016
2 1378 7372
2 1379 1319
2 1380 6087
2 1381 6333
2 1382 7943
2 1383 3730
2 1384 7877
2 1385 5957
2 1386 3003
2 1387 2829
2 1388 10821
2 1390 5731
2 1392 6996
2 1393 28521
2 1394 4638
2 1395 2706
2 1397 13198
2 1400 10088
2 1402 28007
2 1403 4573
2 1404 9423
2 1405 3769
2 1406 4918
2 1407 132
2 1408 10516
2 1409 1269
2 1410 150
2 1411 3789
2 1412 11860
2 1413 7229
2 1415 8208
2 1416 9367
2 1417 25580
2 1418 2038
2 1419 921
2 1420 12471
2 1421 28304
2 1422 17654
2 1423 18409
2 1424 9346
2 1425 3593
2 1426 2367
2 1427 19092
2 1428 27334
2 1429 9758
2 1430 5483
2 1431 18111
2 1432 6431
2 1433 3067
2 1434 4716
2 1436 20567
2 1437 18404
2 1438 13581
2 1439 16157
2 1440 2221
2 1443 709
2 1444 26254
2 1445 6169
2 1446 8767
2 1447 15823
2 1448 11310
2 1449 8076
2 1450 1772
2 1451 8049
2 1453 5996
2 1454 15245
2 1455 6244
2 1456 4057
2 1457 287
2 1458 1985
2 1459 8382
2 1460 3972
2 1461 14745
2 1462 13737
2 1463 6256
2 1464 28462
2 1465 2399
2 1466 12786
2 1467 1774
2 1468 20604
2 1469 17577
2 1470 8507
2 1472 11340
2 1473 14958
2 1474 3888
2 1476 5181
2 1477 2239
2 1479 26123
2 1480 679
2 1481 1337
2 1482 13712
2 1483 10621
2 1484 2201
2 1485 5276
2 1486 7439
2 1487 3718
2 1489 4977
2 1490 12756
2 1491 1902
2 1492 1838
2 1493 21625
2 1494 14191
2 1496 1453
2 1497 11348
2 1498 4070
2 1499 9985
2 1500 10666
2 1501 3795
2 1502 6837
2 1504 8625
2 1505 4592
2 1506 7473
2 1507 1273
2 1509 6968
2 1510 1148
2 1511 4993
2 1512 4445
2 1513 13187
2 1514 2385
2 1515 9405
2 1516 17324
2 1517 2040
2 1518 28069
2 1519 7832
2 1520 3799
2 1521 17908
2 1522 2264
2 1523 6793
2 1525 3683
2 1526 12650
2 1527 4672
2 1528 4080
2 1530 15045
2 1531 13436
2 1532 11404
2 1533 16499
2 1534 1383
2 1535 1135
2 1536 16826
2 1537 2119
2 1538 13699
2 1539 2091
2 1540 4567
2 1541 2811
2 1542 17798
2 1543 4783
2 1544 5320
2 1545 10533
2 1546 30853
2 1547 2198
2 1548 15384
2 1549 1192
2 1550 24337
2 1551 10329
2 1552 4827
2 1553 2062
2 1554 7700
2 1555 331
2 1556 5333
2 1558 12261
2 1560 7214
2 1561 8366
2 1562 23504
2 1563 3508
2 1564 2162
2 1565 24841
2 1566 4023
2 1567 17885
2 1568 10077
2 1569 17989
2 1570 6161
2 1571 12452
2 1572 16676
2 1573 1518
2 1574 15029
2 1575 21749
2 1576 9672
2 1577 856
2 1578 23635
2 1579 35355
2 1580 4522
2 1581 22054
2 1582 34240
2 1583 282
2 1584 214
2 1585 6722
2 1587 6073
2 1589 10592
2 1590 6610
2 1591 303
2 1592 2616
2 1594 1248
2 1595 2867
2 1596 725
2 1597 7947
2 1598 6073
2 1599 29835
2 1600 6175
2 1601 1913
2 1602 448
2 1603 3225
2 1604 911
2 1605 369
2 1606 3623
2 1607 26098
2 1608 425
2 1609 4490
2 1610 4818
2 1611 3926
2 1612 15827
2 1613 6577
2 1614 850
2 1615 8894
2 1616 8552
2 1617 7964
2 1619 8807
2 1620 25101
2 1621 3821
2 1622 4634
2 1624 8300
2 1626 3593
2 1627 32377
2 1629 20901
2 1630 8921
2 1631 35629
2 1632 9862
2 1633 18606
2 1634 6420
2 1635 5271
2 1638 21881
2 1640 3832
2 1641 9038
2 1642 7859
2 1643 4342
2 1644 7066
2 1645 15141
2 1646 8184
2 1647 19603
2 1648 4114
2 1649 9366
2 1651 9886
2 1652 3347
2 1653 4455
2 1654 8099
2 1655 6535
2 1656 12340
2 1657 1101
2 1658 1722
2 1659 5070
2 1660 2419
2 1662 7449
2 1663 43398
2 1664 21160
2 1665 3287
2 1666 6542
2 1668 1973
2 1669 27257
2 1671 1544
2 1672 3541
2 1673 8031
2 1674 18338
2 1675 624
2 1677 17505
2 1678 31
2 1679 5976
2 1680 7601
2 1681 15899
2 1682 6152
2 1683 421
2 1684 5081
2 1687 8057
2 1689 16376
2 1690 4260
2 1692 3827
2 1693 6882
2 1694 344
2 1695 13758
2 1696 15325
2 1697 18750
2 1698 16816
2 1699 10359
2 1700 35118
2 1701 3584
2 1703 13364
2 1704 5391
2 1705 23295
2 1706 14752
2 1707 13804
2 1708 4431
2 1709 7856
2 1711 18048
2 1713 4484
2 1714 6002
2 1715 2202
2 1716 16289
2 1717 14581
2 1718 3231
2 1719 8544
2 1720 5137
2 1721 3850
2 1722 7857
2 1723 1988
2 1724 6973
2 1725 13789
2 1726 3504
2 1727 8678
2 1728 8051
2 1729 16614
2 1730 14006
2 1731 7574
2 1732 10984
2 1733 9230
2 1734 9322
2 1735 14655
2 1736 6051
2 1737 2877
2 1738 747
2 1739 4122
2 1740 11589
2 1741 4992
2 1742 9997
2 1744 6413
2 1745 312
2 1746 4196
2 1747 17276
2 1748 2198
2 1749 1081
2 1750 3615
2 1751 27788
2 1752 28418
2 1753 600
2 1755 1979
2 1756 7258
2 1757 3643
2 1758 6893
2 1759 3872
2 1760 13904
2 1761 4047
2 1762 2733
2 1763 12419
2 1764 7568
2 1765 6988
2 1766 17527
2 1767 1983
2 1768 3362
2 1769 10350
2 1771 457
2 1772 7506
2 1773 16256
2 1775 12165
2 1776 15459
2 1777 1837
2 1778 22369
2 1779 15564
2 1780 8447
2 1781 9583
2 1782 29965
2 1783 11404
2 1784 2686
2 1785 21284
2 1786 18847
2 1787 4426
2 1788 3300
2 1789 6488
2 1790 3690
2 1791 7145
2 1792 4978
2 1794 4599
2 1796 13421
2 1797 1993
2 1798 12266
2 1799 258
2 1800 33048
2 1801 4
2 1802 3694
2 1803 28440
2 1804 2352
2 1806 999
2 1807 1335
2 1808 25598
2 1809 7184
2 1810 6398
2 1811 45302
2 1812 6721
2 1813 4089
2 1814 12876
2 1815 5644
2 1816 17330
2 1817 2190
2 1818 10845
2 1819 3548
2 1820 18935
2 1821 12702
2 1822 10044
2 1823 8344
2 1825 17583
2 1826 31321
2 1827 5595
2 1828 84
2 1829 14069
2 1830 10891
2 1831 14881
2 1832 4600
2 1833 9112
2 1835 973
2 1836 5018
2 1838 12624
2 1839 584
2 1840 30922
2 1841 1013
2 1842 19438
2 1843 14745
2 1844 4247
2 1845 7789
2 1847 2829
2 1848 12581
2 1849 3766
2 1850 3916
2 1851 2908
2 1852 7215
2 1853 12752
2 1854 13024
2 1856 6664
2 1857 3954
2 1859 26914
2 1860 15959
2 1861 10622
2 1863 5608
2 1864 16420
2 1866 7153
2 1867 15968
2 1868 1993
2 1869 12393
2 1870 3314
2 1871 7541
2 1872 13043
2 1873 7195
2 1874 5642
2 1875 807
2 1877 8142
2 1878 12535
2 1879 2800
2 1880 4
2 1881 7101
2 1882 20214
2 1883 23242
2 1885 21829
2 1886 6773
2 1887 16456
2 1888 25554
2 1889 30938
2 1890 4137
2 1892 22242
2 1893 3796
2 1894 3854
2 1895 3710
2 1896 3225
2 1897 4598
2 1898 8815
2 1899 17712
2 1901 13203
2 1902 3892
2 1903 28742
2 1904 6612
2 1905 8221
2 1906 5096
2 1907 25258
2 1908 25640
2 1909 694
2 1910 6840
2 1911 11383
2 1912 5427
2 1913 25414
2 1914 853
2 1915 7981
2 1916 1522
2 1917 4201
2 1918 1086
2 1919 537
2 1921 11333
2 1922 3366
2 1924 2588
2 1925 28851
2 1928 31943
2 1929 19735
2 1930 6588
2 1931 13346
2 1932 2787
2 1933 16663
2 1934 12822
2 1935 11899
2 1936 436
2 1937 17934
2 1939 7473
2 1940 767
2 1941 659
2 1942 12272
2 1943 13385
2 1944 4371
2 1945 19245
2 1947 1740
2 1948 461
2 1949 4646
2 1950 972
2 1951 2624
2 1952 6299
2 1953 8167
2 1954 6782
2 1955 1941
2 1956 2879
2 1957 6344
2 1960 52122
2 1961 11341
2 1962 3430
2 1963 37369
2 1964 7476
2 1965 4262
2 1966 20525
2 1967 20546
2 1968 4247
2 1969 1509
2 1970 12322
2 1971 18823
2 1972 10658
2 1973 5301
2 1974 8883
2 1975 5837
2 1976 1800
2 1977 323
2 1978 2916
2 1979 18609
2 1980 10700
2 1981 2306
2 1982 6340
2 1983 13320
2 1984 2147
2 1985 332
2 1987 2179
2 1988 12844
2 1989 21400
2 1990 4850
2 1991 5543
2 1992 13422
2 1993 4990
2 1994 1293
2 1995 3700
2 1996 15910
2 1997 3297
2 1998 13186
2 1999 4726
3 0 8389
3 1 2354
3 2 11045
3 3 12026
3 4 3973
3 5 176
3 6 21834
3 7 14820
3 8 2752
3 9 10897
3 10 12151
3 11 18735
3 12 24812
3 13 4091
3 14 554
3 15 1995
3 16 1218
3 17 636
3 18 17279
3 19 20314
3 20 38380
3 21 13502
3 23 2528
3 24 6929
3 26 4311
3 27 3927
3 28 18044
3 30 5403
3 31 12270
3 32 8652
3 33 499
3 34 1916
3 35 903
3 36 4180
3 37 10368
3 38 14439
3 39 19664
3 40 5116
3 41 12904
3 42 29675
3 43 11994
3 44 10778
3 45 1017
3 46 46375
3 47 7170
3 48 7335
3 49 4866
3 50 6262
3 51 19387
3 52 14189
3 53 4782
3 54 4537
3 55 343
3 57 32746
3 59 10786
3 60 12212
3 61 24199
3 62 26097
3 63 8651
3 64 12267
3 65 2790
3 66 7091
3 67 12410
3 68 8074
3 69 8161
3 70 19381
3 71 26201
3 72 3066
3 73 21521
3 74 4220
3 75 5484
3 76 761
3 77 10974
3 78 15487
3 79 851
3 80 14684
3 81 6809
3 83 11522
3 84 10107
3 85 26119
3 86 4872
3 87 8184
3 89 2885
3 90 5916
3 91 26383
3 92 7639
3 93 17562
3 94 8364
3 95 5070
3 96 11226
3 97 11489
3 98 36832
3 99 8728
3 100 6684
3 101 4138
3 102 6061
3 104 4604
3 105 13322
3 106 3955
3 107 8
3 108 28406
3 110 442
3 111 14841
3 112 11081
3 113 14098
3 114 316
3 115 34963
3 116 9512
3 117 18015
3 118 11839
3 119 13667
3 121 12135
3 122 1894
3 123 12691
3 124 24763
3 125 12396
3 126 15590
3 127 4377
3 128 5933
3 129 2074
3 130 1600
3 131 11426
3 132 1681
3 133 12753
3 134 6134
3 135 52092
3 136 2446
3 137 8399
3 138 14139
3 139 893
3 140 3325
3 141 2051
3 142 9414
3 143 5548
3 144 14729
3 145 20686
3 146 14074
3 147 3635
3 148 3248
3 149 35996
3 150 6666
3 151 8901
3 152 8898
3 153 5184
3 156 7430
3 157 1091
3 158 42527
3 159 7459
3 160 27065
3 161 9457
3 162 12124
3 163 25549
3 164 3716
3 165 2769
3 166 2099
3 167 15925
3 168 17936
3 170 4650
3 171 5457
3 172 14680
3 173 4014
3 174 14841
3 175 6336
3 176 32071
3 177 16056
3 178 3955
3 179 2013
3 180 5617
3 181 3474
3 182 14332
3 183 24088
3 184 10091
3 185 5283
3 186 26544
3 187 4227
3 188 17917
3 189 8012
3 190 1114
3 191 6501
3 192 20236
3 193 3005
3 194 7823
3 195 8039
3 196 2962
3 197 1737
3 198 15986
3 199 11660
3 200 14672
3 203 22219
3 204 16571
3 205 24966
3 207 2931
3 208 1457
3 209 27821
3 210 16017
3 211 16714
3 212 20694
3 213 16435
3 214 3184
3 215 1984
3 216 247
3 217 383
3 218 10202
3 219 7783
3 220 2428
3 221 3936
3 222 3146
3 223 25898
3 224 14544
3 226 4784
3 227 5911
3 228 28378
3 229 13135
3 231 4678
3 232 13695
3 233 262
3 234 3328
3 235 13065
3 236 9863
3 237 4275
3 238 61427
3 239 4478
3 240 16828
3 241 24914
3 243 3987
3 244 865
3 245 5495
3 246 20384
3 247 26697
3 248 12439
3 249 1573
3 250 7253
3 251 7114
3 252 6511
3 253 26977
3 254 3736
3 255 2543
3 256 21343
3 257 15855
3 258 7750
3 259 3487
3 260 18036
3 261 4757
3 262 18119
3 263 9028
3 265 8041
3 266 4645
3 267 4323
3 269 6660
3 270 1350
3 271 3089
3 272 8452
3 273 810
3 274 2934
3 275 754
3 276 6760
3 277 6166
3 278 14203
3 279 611
3 280 8710
3 281 21069
3 282 5629
3 283 10345
3 284 17335
3 285 3348
3 287 30379
3 288 9519
3 289 3440
3 290 2762
3 291 9042
3 292 3800
3 293 8591
3 295 18745
3 296 6319
3 299 4404
3 300 604
3 301 26088
3 302 7482
3 303 246
3 304 7723
3 305 5577
3 307 12703
3 308 23931
3 309 19966
3 310 140
3 311 747
3 312 6186
3 313 8244
3 314 15494
3 315 6054
3 316 15752
3 317 20056
3 318 12865
3 319 20122
3 320 11691
3 321 2969
3 322 3169
3 323 3692
3 324 12208
3 325 126
3 326 23557
3 327 1998
3 328 9024
3 329 7363
3 330 21587
3 332 10526
3 333 3775
3 334 9455
3 335 8104
3 336 33006
3 337 14401
3 338 5473
3 339 11969
3 340 12245
3 341 13308
3 342 3863
3 343 3082
3 344 11097
3 345 7043
3 346 7674
3 348 3235
3 349 15798
3 351 6512
3 352 7254
3 353 15167
3 354 3641
3 355 2738
3 356 10827
3 357 10521
3 358 19158
3 359 22311
3 360 13114
3 361 33255
3 362 4175
3 363 12169
3 364 9221
3 365 23350
3 366 22
3 367 24331
3 368 3221
3 369 20360
3 370 1079
3 372 11985
3 373 3201
3 374 8063
3 375 8220
3 376 4064
3 377 2833
3 379 11108
3 380 30313
3 381 4627
3 383 10407
3 384 9001
3 385 3068
3 386 180
3 387 3382
3 388 8039
3 389 25918
3 390 6937
3 391 36387
3 392 10031
3 393 13147
3 394 3386
3 396 13371
3 397 9875
3 398 2389
3 399 16868
3 400 22806
3 401 20092
3 402 19249
3 403 17875
3 404 22979
3 405 20899
3 406 17946
3 407 5070
3 408 30373
3 409 20837
3 410 2646
3 411 4324
3 412 12972
3 413 22
3 414 13
3 415 5252
3 416 2275
3 417 21798
3 419 309
3 420 5068
3 421 23415
3 422 7954
3 423 7579
3 424 5275
3 426 13821
3 427 1675
3 428 5912
3 429 2507
3 430 12679
3 431 4195
3 432 27518
3 434 12871
3 435 3677
3 436 9317
3 437 18
3 438 17006
3 439 3718
3 440 201
3 441 7691
3 442 26249
3 443 10
3 445 20977
3 446 3631
3 447 9059
3 448 19817
3 449 1249
3 450 14604
3 451 20629
3 452 5167
3 453 3013
3 454 15743
3 455 5179
3 456 15951
3 457 18387
3 458 6747
3 459 9746
3 460 1078
3 461 15532
3 462 20254
3 463 2063
3 464 31989
3 465 1068
3 466 5311
3 467 610
3 468 11193
3 469 12659
3 470 506
3 471 3733
3 472 4660
3 475 13783
3 476 29678
3 477 2218
3 478 11
3 479 1979
3 480 17864
3 481 3138
3 482 508
3 483 14566
3 484 15832
3 485 3474
3 486 4775
3 487 6078
3 489 1103
3 490 5800
3 491 1409
3 492 8396
3 493 3358
3 494 2116
3 495 5287
3 496 7529
3 497 15963
3 498 1893
3 499 29563
3 500 4827
3 501 10169
3 502 16566
3 503 11151
3 504 40869
3 505 19325
3 506 4175
3 507 13140
3 508 17597
3 509 2808
3 510 5439
3 511 2066
3 512 10848
3 514 11754
3 515 6063
3 516 6836
3 517 6491
3 518 2089
3 519 22952
3 520 10134
3 521 1478
3 522 5714
3 523 1838
3 524 3703
3 525 13315
3 526 8692
3 527 36581
3 528 17757
3 529 19572
3 530 25975
3 531 12076
3 533 5041
3 534 3974
3 535 314
3 536 21350
3 537 12292
3 538 3411
3 539 37771
3 540 8093
3 541 3327
3 542 15376
3 543 41632
3 544 455
3 545 2290
3 547 14727
3 548 14562
3 549 34982
3 550 267
3 551 15269
3 552 13348
3 553 2297
3 554 6218
3 555 11302
3 556 17587
3 557 4772
3 558 19846
3 559 1496
3 560 123
3 561 20592
3 562 24027
3 564 3581
3 565 5935
3 566 13595
3 567 6696
3 568 5749
3 569 3052
3 570 677
3 571 3848
3 572 331
3 573 8514
3 574 7899
3 575 2721
3 576 5389
3 578 8064
3 579 3597
3 580 3570
3 581 5882
3 582 22492
3 583 17815
3 586 11575
3 587 685
3 589 8572
3 590 4915
3 591 4642
3 592 20236
3 593 2891
3 594 8465
3 595 24889
3 596 7529
3 597 14057
3 598 5249
3 599 28512
3 600 1020
3 601 2625
3 602 8780
3 603 6354
3 604 1248
3 605 16725
3 606 4506
3 607 3440
3 608 3879
3 609 4422
3 610 6001
3 611 6429
3 612 3857
3 614 8240
3 615 9828
3 616 10756
3 617 5573
3 618 32319
3 619 9837
3 620 30706
3 621 22
3 622 6334
3 623 4414
3 624 21639
3 625 8220
3 626 3590
3 627 10762
3 628 11929
3 630 1290
3 631 20912
3 632 12593
3 633 128
3 634 18625
3 635 6451
3 636 12976
3 637 8644
3 638 8229
3 639 6033
3 640 6695
3 641 17990
3 642 32
3 643 5849
3 644 8502
3 645 18162
3 646 7163
3 647 16945
3 648 3737
3 649 6770
3 650 25308
3 651 5233
3 652 8524
3 654 72
3 655 4787
3 657 2039
3 658 2531
3 659 3197
3 660 3479
3 661 15772
3 662 7799
3 663 2782
3 665 3734
3 666 10421
3 667 4425
3 668 17416
3 669 11167
3 670 11164
3 671 3997
3 672 12344
3 673 24646
3 674 8392
3 675 4279
3 676 3914
3 677 6329
3 679 436
3 681 15093
3 683 21013
3 684 19075
3 685 1207
3 686 16283
3 687 13142
3 689 18540
3 691 7792
3 692 7514
3 693 10941
3 694 25
3 696 1241
3 698 37499
3 699 411
3 700 13414
3 701 15055
3 702 5992
3 703 9349
3 704 23607
3 705 11550
3 706 1470
3 708 1998
3 709 16173
3 710 21115
3 711 15800
3 712 4143
3 713 2798
3 714 24744
3 715 28
3 716 4975
3 717 3227
3 718 7852
3 720 9379
3 721 5094
3 722 35270
3 723 6349
3 724 1400
3 725 24157
3 726 5514
3 727 5969
3 728 7794
3 729 5460
3 730 14383
3 731 11108
3 732 21374
3 733 1833
3 734 6843
3 735 7126
3 736 6452
3 737 12682
3 738 6319
3 739 6095
3 740 28181
3 741 10877
3 742 6353
3 743 343
3 744 5619
3 745 4695
3 746 4226
3 747 6704
3 749 12285
3 750 12244
3 751 1867
3 752 5768
3 753 15558
3 754 1222
3 755 1474
3 756 2882
3 757 524
3 758 209
3 759 9175
3 760 14218
3 761 6877
3 762 12547
3 763 8389
3 764 33158
3 765 5333
3 766 9901
3 767 1418
3 768 11485
3 769 216
3 770 8753
3 772 4050
3 773 6542
3 774 1281
3 775 18854
3 777 25245
3 778 23152
3 780 12258
3 781 10790
3 782 16472
3 783 24191
3 784 31059
3 785 4673
3 786 23185
3 787 6828
3 788 56
3 789 7951
3 790 21698
3 791 13206
3 792 10155
3 793 11683
3 794 17539
3 795 12155
3 796 4239
3 797 11325
3 798 4673
3 799 701
3 800 17922
3 801 5497
3 802 1977
3 803 30530
3 804 8270
3 805 9771
3 806 8768
3 807 7076
3 808 4363
3 809 6392
3 810 18525
3 812 8554
3 814 3816
3 816 8524
3 817 8291
3 818 7984
3 820 168
3 821 2861
3 822 23791
3 823 7132
3 825 1640
3 826 6373
3 827 1333
3 828 17177
3 829 167
3 830 6097
3 831 3378
3 832 1545
3 833 25919
3 834 30189
3 835 1426
3 836 16678
3 837 7698
3 838 4590
3 839 14040
3 840 9213
3 843 17724
3 844 22417
3 845 18119
3 846 18638
3 847 2784
3 848 2813
3 850 17670
3 851 24607
3 852 5988
3 853 2152
3 854 3127
3 855 29662
3 856 7234
3 857 14660
3 858 1008
3 859 13069
3 860 1404
3 862 6039
3 863 2240
3 864 29440
3 865 29657
3 867 1911
3 868 5335
3 869 13128
3 870 7034
3 871 6672
3 872 18609
3 873 1020
3 874 962
3 875 19427
3 876 8079
3 877 10223
3 878 2393
3 879 7175
3 880 10617
3 881 30591
3 882 14693
3 883 8530
3 884 20652
3 885 3657
3 886 23540
3 887 10501
3 888 4303
3 889 5599
3 890 2726
3 891 136
3 892 5613
3 893 4533
3 894 26303
3 895 5608
3 896 19044
3 897 9178
3 898 1532
3 899 1618
3 900 2403
3 902 12147
3 903 3121
3 904 11756
3 905 3318
3 906 4541
3 907 8033
3 908 6055
3 909 720
3 910 1745
3 911 8834
3 912 19065
3 913 6831
3 914 790
3 916 10756
3 917 16921
3 918 1720
3 919 9726
3 920 17046
3 922 3560
3 923 21244
3 924 15417
3 925 7162
3 926 15794
3 927 10135
3 928 4200
3 929 12922
3 930 16160
3 931 2479
3 932 10285
3 933 19853
3 934 5842
3 935 6974
3 936 6106
3 937 2212
3 938 2277
3 939 8218
3 940 10546
3 941 5864
3 942 8789
3 943 24206
3 944 2718
3 945 26592
3 946 3722
3 947 4231
3 948 11083
3 949 7847
3 950 1294
3 951 3498
3 952 6864
3 953 25777
3 954 8870
3 955 13576
3 956 12496
3 957 9165
3 958 5100
3 959 5930
3 960 1066
3 962 24396
3 963 3191
3 964 8454
3 965 8305
3 966 40264
3 967 10688
3 968 3358
3 969 8184
3 970 150
3 971 2542
3 972 6796
3 973 14129
3 974 7
3 975 4676
3 976 10241
3 977 3611
3 978 40790
3 979 14418
3 980 5328
3 981 34367
3 982 13241
3 983 5658
3 984 1153
3 985 4652
3 986 234
3 989 6806
3 990 14440
3 991 4917
3 992 5001
3 993 13508
3 994 2591
3 995 12092
3 996 6162
3 997 16010
3 999 3733
3 1000 4817
3 1001 18100
3 1002 3582
3 1003 4968
3 1004 12180
3 1005 10242
3 1006 7069
3 1007 3879
3 1009 7414
3 1010 333
3 1012 12116
3 1013 13421
3 1014 5857
3 1016 25714
3 1017 7079
3 1018 19122
3 1019 5532
3 1020 25300
3 1021 19719
3 1023 719
3 1024 18105
3 1025 5987
3 1026 17416
3 1027 10188
3 1028 5329
3 1030 13219
3 1032 16659
3 1033 4363
3 1034 14072
3 1035 7047
3 1036 31429
3 1037 9810
3 1038 35405
3 1039 18906
3 1040 15508
3 1041 7377
3 1042 2809
3 1043 7926
3 1044 2928
3 1045 12817
3 1046 27800
3 1047 3539
3 1048 20120
3 1049 15724
3 1051 7257
3 1052 7063
3 1053 10030
3 1054 7278
3 1055 3467
3 1056 6338
3 1057 2642
3 1058 8152
3 1059 1575
3 1060 7506
3 1061 28495
3 1063 7735
3 1064 3192
3 1065 18612
3 1066 28996
3 1067 11692
3 1068 5516
3 1069 5910
3 1070 2623
3 1072 4233
3 1073 3996
3 1074 23717
3 1075 11759
3 1076 10310
3 1077 5561
3 1078 8435
3 1079 130
3 1080 20706
3 1081 6456
3 1082 48161
3 1083 23258
3 1085 4135
3 1088 412
3 1089 7868
3 1090 13225
3 1091 3139
3 1092 229
3 1093 6987
3 1094 13874
3 1095 1779
3 1096 4144
3 1097 44132
3 1098 321
3 1099 6299
3 1100 3637
3 1101 13533
3 1103 11484
3 1104 12563
3 1105 5157
3 1106 2737
3 1107 5654
3 1108 3509
3 1109 4812
3 1110 21161
3 1111 1144
3 1112 16786
3 1113 2755
3 1114 4386
3 1115 6446
3 1116 38295
3 1117 21649
3 1118 6992
3 1119 1544
3 1120 3076
3 1121 1264
3 1122 5172
3 1123 13620
3 1124 11071
3 1125 6426
3 1126 15579
3 1127 29123
3 1128 3057
3 1129 38285
3 1130 6332
3 1131 23403
3 1132 10620
3 1133 5771
3 1135 18257
3 1136 15495
3 1138 12145
3 1139 9806
3 1140 4264
3 1141 4523
3 1142 11953
3 1143 2408
3 1144 10
3 1145 11388
3 1146 428
3 1147 1556
3 1148 2080
3 1149 10395
3 1150 6886
3 1151 22508
3 1153 2405
3 1154 5987
3 1155 1643
3 1156 25482
3 1157 5547
3 1158 17671
3 1159 10848
3 1160 7852
3 1161 3915
3 1162 14467
3 1163 12946
3 1164 21630
3 1165 42619
3 1166 13755
3 1167 14211
3 1168 2844
3 1169 14152
3 1170 6165
3 1172 7193
3 1173 4480
3 1174 25151
3 1175 21476
3 1176 2147
3 1177 25739
3 1178 5969
3 1180 5387
3 1181 810
3 1183 22586
3 1184 28606
3 1185 11047
3 1186 20018
3 1187 20622
3 1188 165
3 1189 21271
3 1190 25348
3 1191 6346
3 1192 5188
3 1193 4745
3 1194 2795
3 1195 528
3 1196 4840
3 1197 3796
3 1198 5228
3 1200 24384
3 1201 8726
3 1202 7954
3 1203 909
3 1204 1106
3 1205 2812
3 1206 11875
3 1207 27720
3 1208 16668
3 1209 26057
3 1210 929
3 1212 4354
3 1213 18484
3 1214 6685
3 1215 45590
3 1217 514
3 1218 16695
3 1219 9684
3 1220 5298
3 1221 8371
3 1222 2754
3 1223 7093
3 1224 3790
3 1225 5315
3 1226 28765
3 1227 9710
3 1229 19399
3 1230 9600
3 1231 16326
3 1232 11749
3 1233 415
3 1234 9141
3 1235 23
3 1236 10242
3 1237 987
3 1238 38
3 1239 1951
3 1240 557
3 1241 6228
3 1242 12361
3 1243 1134
3 1244 5
3 1245 2433
3 1246 1609
3 1247 13182
3 1248 3539
3 1250 6032
3 1251 7402
3 1252 6748
3 1253 4615
3 1254 18082
3 1256 13162
3 1257 10375
3 1258 15728
3 1259 233
3 1260 10942
3 1261 13636
3 1263 6377
3 1265 21395
3 1267 2012
3 1268 18580
3 1269 7052
3 1270 14124
3 1271 2868
3 1272 7371
3 1273 11498
3 1274 4222
3 1275 4615
3 1276 382
3 1277 19018
3 1278 7192
3 1280 5499
3 1281 7795
3 1282 7326
3 1283 11434
3 1284 23921
3 1285 416
3 1286 8603
3 1287 6821
3 1288 2481
3 1289 6456
3 1290 25829
3 1291 5792
3 1292 5173
3 1293 4763
3 1294 23989
3 1295 7835
3 1296 11393
3 1297 2390
3 1298 13539
3 1299 3034
3 1300 18471
3 1301 1312
3 1302 2471
3 1304 4110
3 1305 6639
3 1306 24897
3 1307 28832
3 1308 1249
3 1309 392
3 1310 5870
3 1311 17587
3 1312 11845
3 1313 2679
3 1314 84
3 1315 2117
3 1316 37439
3 1317 283
3 1318 4633
3 1320 3201
3 1321 5863
3 1322 4029
3 1323 14865
3 1325 1361
3 1326 18542
3 1327 1674
3 1328 2230
3 1329 9974
3 1330 22925
3 1331 11457
3 1332 2642
3 1334 9480
3 1335 4501
3 1336 7
3 1337 22679
3 1338 893
3 1339 3765
3 1340 7043
3 1341 6576
3 1342 3381
3 1343 5368
3 1344 16363
3 1345 4084
3 1346 12868
3 1347 11058
3 1348 4143
3 1349 5551
3 1350 2820
3 1351 4028
3 1352 788
3 1353 8331
3 1354 5555
3 1355 32707
3 1356 13344
3 1357 10311
3 1358 3144
3 1359 8774
3 1360 18747
3 1361 26238
3 1362 8613
3 1364 20275
3 1365 2005
3 1366 9929
3 1367 6989
3 1368 31350
3 1370 6996
3 1371 8013
3 1372 13163
3 1373 2596
3 1374 18113
3 1377 1230
3 1378 9433
3 1379 3887
3 1380 14852
3 1381 173
3 1382 10451
3 1383 20126
3 1384 4338
3 1385 1047
3 1387 38531
3 1388 5356
3 1389 4328
3 1390 291
3 1392 4918
3 1393 6786
3 1394 4252
3 1395 6099
3 1396 5107
3 1397 5310
3 1398 3599
3 1399 14201
3 1400 35839
3 1401 26421
3 1402 7838
3 1403 9002
3 1404 2988
3 1405 10059
3 1407 5432
3 1408 6304
3 1409 6063
3 1410 2152
3 1411 20881
3 1412 24316
3 1413 2567
3 1414 4883
3 1416 9481
3 1417 6944
3 1419 11001
3 1420 12440
3 1421 13258
3 1422 12142
3 1423 1443
3 1424 11746
3 1425 4045
3 1426 17959
3 1428 13962
3 1429 15487
3 1430 2216
3 1431 23147
3 1433 5686
3 1434 1063
3 1435 4440
3 1436 4727
3 1437 12086
3 1438 9207
3 1439 2374
3 1440 47053
3 1441 10175
3 1442 7368
3 1444 117
3 1445 4790
3 1446 26871
3 1447 5078
3 1448 35051
3 1449 14447
3 1450 3771
3 1451 17622
3 1452 223
3 1454 1699
3 1456 10380
3 1457 11614
3 1458 1414
3 1459 4765
3 1460 9536
3 1462 14266
3 1463 2276
3 1464 35629
3 1465 21316
3 1466 14527
3 1467 109
3 1468 4493
3 1469 931
3 1470 21010
3 1471 13357
3 1472 5212
3 1473 9784
3 1474 6213
3 1475 14531
3 1476 1042
3 1478 7616
3 1479 4089
3 1480 31492
3 1481 256
3 1482 536
3 1483 5101
3 1484 16471
3 1485 3817
3 1486 25457
3 1487 7806
3 1488 8701
3 1490 6085
3 1491 13938
3 1492 13697
3 1493 13323
3 1494 2901
3 1495 11256
3 1496 15375
3 1497 24329
3 1498 1958
3 1499 653
3 1500 10295
3 1501 2636
3 1502 18
3 1504 14003
3 1505 1968
3 1507 502
3 1508 13291
3 1509 32965
3 1510 1866
3 1513 3346
3 1514 6562
3 1515 15823
3 1516 4276
3 1517 6071
3 1518 28003
3 1519 12812
3 1520 8257
3 1521 9575
3 1522 22332
3 1523 498
3 1524 664
3 1525 21954
3 1526 5393
3 1527 7738
3 1528 8002
3 1529 19724
3 1530 10460
3 1531 5466
3 1532 853
3 1533 7912
3 1535 1667
3 1536 16730
3 1537 3579
3 1538 5317
3 1539 7023
3 1542 38470
3 1544 4729
3 1545 12111
3 1546 5656
3 1548 2332
3 1549 18955
3 1550 13869
3 1551 11075
3 1552 3951
3 1553 75
3 1554 792
3 1555 4672
3 1556 1012
3 1557 353
3 1558 2556
3 1559 8658
3 1560 3663
3 1561 9838
3 1562 43245
3 1563 8861
3 1564 8929
3 1565 11363
3 1566 5721
3 1567 7872
3 1568 2052
3 1569 8687
3 1570 1212
3 1571 11549
3 1572 1330
3 1573 4709
3 1574 20376
3 1575 19489
3 1576 11311
3 1577 39444
3 1578 17466
3 1579 12842
3 1581 5374
3 1582 14614
3 1583 35366
3 1584 8283
3 1585 346
3 1587 658
3 1588 33135
3 1589 5658
3 1591 17045
3 1592 11073
3 1593 10821
3 1596 4612
3 1598 10565
3 1599 2002
3 1600 4269
3 1602 5642
3 1604 1457
3 1605 3366
3 1606 2685
3 1607 31997
3 1608 20355
3 1609 30854
3 1610 11309
3 1611 7731
3 1612 15207
3 1613 7544
3 1614 3676
3 1615 10316
3 1616 22980
3 1617 7363
3 1618 1108
3 1619 8053
3 1620 3152
3 1621 747
3 1622 4978
3 1623 36468
3 1624 1200
3 1625 32802
3 1626 1446
3 1627 6081
3 1628 47
3 1629 17356
3 1631 611
3 1632 6776
3 1633 9324
3 1634 1203
3 1635 8241
3 1636 8776
3 1637 7344
3 1638 7063
3 1639 33475
3 1640 1148
3 1642 8393
3 1643 17193
3 1644 2566
3 1645 15893
3 1646 25737
3 1647 2697
3 1649 11676
3 1650 9055
3 1651 2760
3 1652 10390
3 1653 17390
3 1654 14881
3 1655 4063
3 1656 30266
3 1657 3311
3 1658 3471
3 1659 24686
3 1660 6154
3 1662 4411
3 1663 436
3 1664 4089
3 1666 109
3 1667 6862
3 1668 5772
3 1669 4297
3 1671 2205
3 1672 17166
3 1674 20587
3 1675 4504
3 1676 13888
3 1677 229
3 1678 371
3 1679 16684
3 1683 30955
3 1686 17062
3 1687 4826
3 1688 11763
3 1689 15426
3 1690 9844
3 1692 5717
3 1693 179
3 1694 5989
3 1695 16651
3 1696 680
3 1697 2431
3 1698 21825
3 1700 8668
3 1701 7293
3 1702 161
3 1703 20046
3 1704 20412
3 1705 8049
3 1706 8888
3 1707 1213
3 1708 9762
3 1709 17413
3 1710 7704
3 1711 1589
3 1712 29604
3 1713 18886
3 1715 15340
3 1716 15108
3 1717 7753
3 1719 28951
3 1721 6421
3 1722 44550
3 1723 1180
3 1724 10032
3 1725 17121
3 1726 5875
3 1727 4628
3 1728 880
3 1730 15475
3 1731 21481
3 1732 8651
3 1733 1634
3 1734 25919
3 1735 8473
3 1736 5688
3 1737 6346
3 1738 5742
3 1739 6931
3 1741 251
3 1742 14432
3 1743 34154
3 1744 7185
3 1745 25109
3 1747 14615
3 1748 3101
3 1749 17822
3 1750 2375
3 1751 3374
3 1752 26783
3 1753 3534
3 1754 387
3 1755 9253
3 1756 4023
3 1757 18090
3 1758 7146
3 1759 20959
3 1760 119
3 1761 8279
3 1762 7119
3 1763 9637
3 1764 6390
3 1765 16249
3 1766 8001
3 1767 69
3 1768 3546
3 1769 26033
3 1771 24471
3 1772 5836
3 1773 16103
3 1774 4679
3 1775 10002
3 1776 10547
3 1777 9427
3 1778 37331
3 1779 11583
3 1781 5951
3 1782 9618
3 1783 6651
3 1785 4126
3 1786 2798
3 1787 19195
3 1788 1535
3 1789 10910
3 1792 15933
3 1793 3905
3 1794 11785
3 1795 149
3 1796 2715
3 1797 13711
3 1799 20777
3 1800 21466
3 1801 6494
3 1802 3398
3 1803 6189
3 1804 7908
3 1805 6363
3 1806 20626
3 1807 1112
3 1808 10508
3 1809 18576
3 1810 2525
3 1811 6441
3 1812 1079
3 1813 23115
3 1814 2699
3 1815 6099
3 1817 2207
3 1818 302
3 1820 5739
3 1821 10800
3 1822 717
3 1823 2333
3 1824 4160
3 1825 4693
3 1826 31032
3 1827 19796
3 1828 8629
3 1829 7039
3 1830 7701
3 1831 7660
3 1832 5893
3 1833 961
3 1834 15957
3 1835 889
3 1837 29303
3 1839 13841
3 1841 4518
3 1842 4342
3 1843 26207
3 1845 10085
3 1846 3976
3 1847 5585
3 1848 4480
3 1849 10149
3 1850 2431
3 1851 227
3 1852 4844
3 1853 27268
3 1854 14565
3 1857 4914
3 1858 10484
3 1859 19825
3 1861 29989
3 1862 26924
3 1863 1702
3 1864 4136
3 1866 15040
3 1867 5049
3 1868 411
3 1870 8955
3 1871 11889
3 1872 10031
3 1873 12869
3 1874 10926
3 1875 25744
3 1876 7141
3 1877 10564
3 1878 11634
3 1879 16774
3 1880 8300
3 1881 11766
3 1882 2986
3 1883 19473
3 1884 18983
3 1885 32081
3 1886 15611
3 1887 5896
3 1888 22894
3 1889 7251
3 1891 6487
3 1892 123
3 1893 8334
3 1896 16084
3 1897 6424
3 1898 3310
3 1899 8245
3 1900 11646
3 1901 20538
3 1902 7031
3 1903 16121
3 1904 4995
3 1905 14017
3 1906 8323
3 1907 2719
3 1908 18168
3 1909 2530
3 1910 1042
3 1911 18269
3 1912 4478
3 1913 19680
3 1915 1012
3 1916 5673
3 1917 10318
3 1918 5885
3 1920 15666
3 1922 157
3 1923 2168
3 1924 30336
3 1925 7125
3 1926 11229
3 1927 8813
3 1928 34336
3 1929 20854
3 1930 30186
3 1931 497
3 1932 13892
3 1933 22599
3 1934 16556
3 1935 415
3 1936 3301
3 1937 11399
3 1938 2245
3 1940 1450
3 1942 15555
3 1943 16185
3 1944 1376
3 1945 614
3 1946 16304
3 1947 21583
3 1948 3088
3 1949 9937
3 1950 48208
3 1951 7130
3 1952 1499
3 1953 1316
3 1954 18342
3 1955 10795
3 1956 6515
3 1957 10703
3 1958 3256
3 1959 27896
3 1960 7119
3 1961 241
3 1962 4676
3 1963 22782
3 1964 5020
3 1965 1999
3 1966 132
3 1967 7426
3 1968 14943
3 1969 25445
3 1970 341
3 1971 350
3 1972 3467
3 1973 25069
3 1974 5337
3 1975 13701
3 1976 9369
3 1977 2512
3 1978 5
3 1979 25544
3 1980 194
3 1981 7119
3 1982 14576
3 1983 16407
3 1984 15684
3 1985 23525
3 1986 4003
3 1987 4339
3 1988 23825
3 1989 15285
3 1991 6276
3 1992 1227
3 1994 101
3 1995 14621
3 1996 14482
3 1997 1884
3 1998 10997
3 1999 259
4 0 1446
4 1 6476
4 2 346
4 3 2319
4 4 20301
4 5 5410
4 6 13087
4 7 6930
4 8 271
4 9 4333
4 10 5694
4 11 9680
4 12 5030
4 13 11124
4 15 5321
4 16 14093
4 17 14494
4 18 7598
4 19 2677
4 20 1397
4 21 21273
4 22 33932
4 23 24698
4 24 1843
4 25 1699
4 26 2306
4 27 5260
4 28 2827
4 30 6705
4 31 12674
4 32 21580
4 33 10480
4 35 5040
4 36 8
4 37 24336
4 38 13237
4 40 15413
4 41 307
4 42 18212
4 45 7349
4 46 3350
4 47 34749
4 48 284
4 49 6142
4 50 1449
4 51 3093
4 53 12214
4 54 10913
4 55 4285
4 56 12837
4 57 9769
4 58 20121
4 60 18005
4 61 14447
4 62 17644
4 64 9250
4 65 7637
4 66 137
4 67 11241
4 68 13460
4 69 5573
4 70 12067
4 71 11483
4 72 2553
4 73 8591
4 74 5188
4 75 5008
4 76 13037
4 77 11517
4 78 550
4 79 205
4 81 3311
4 83 1699
4 84 1938
4 85 2491
4 86 2772
4 88 1584
4 89 3058
4 90 1930
4 91 531
4 93 15064
4 94 11065
4 95 1841
4 96 6104
4 97 26287
4 98 2494
4 99 8243
4 101 4989
4 102 20043
4 103 11007
4 106 25332
4 107 3373
4 108 7984
4 109 1988
4 110 6649
4 111 15995
4 113 2645
4 114 4774
4 115 1544
4 116 9303
4 117 4490
4 118 2437
4 119 12472
4 120 558
4 121 34451
4 123 2640
4 125 12638
4 127 2461
4 128 69
4 129 7571
4 130 2943
4 131 6317
4 132 11615
4 133 26861
4 134 4473
4 135 13576
4 136 2526
4 137 2871
4 138 26141
4 139 8018
4 140 17772
4 141 3186
4 143 4392
4 144 10764
4 146 3317
4 147 6837
4 148 2845
4 149 12969
4 150 26595
4 151 8500
4 152 12851
4 153 15608
4 154 36458
4 155 6786
4 156 22644
4 157 11291
4 158 29021
4 159 339
4 160 8676
4 161 16873
4 162 18368
4 163 4923
4 164 174
4 165 10465
4 166 10130
4 167 7907
4 168 2792
4 169 9708
4 170 12672
4 171 901
4 172 4717
4 173 23097
4 174 4608
4 175 2565
4 176 3587
4 177 6919
4 178 8968
4 179 19283
4 180 3937
4 181 19039
4 183 17792
4 184 8955
4 185 9191
4 186 6716
4 187 21104
4 188 26414
4 189 6268
4 190 2440
4 191 14661
4 192 5918
4 193 24751
4 194 1671
4 195 25252
4 196 3626
4 197 20121
4 198 13880
4 199 6490
4 200 17607
4 201 11232
4 202 20124
4 203 3856
4 204 4484
4 205 1268
4 206 25717
4 208 14662
4 209 2028
4 210 721
4 211 24622
4 212 1820
4 213 5636
4 214 12566
4 215 1554
4 216 18567
4 217 395
4 218 11934
4 219 5464
4 220 18000
4 221 591
4 223 34164
4 224 4493
4 225 10106
4 226 28421
4 227 29879
4 228 6731
4 229 20132
4 231 930
4 232 9850
4 233 1649
4 234 12146
4 235 6610
4 236 200
4 237 14236
4 238 1792
4 239 4982
4 240 609
4 241 6578
4 242 15696
4 243 35197
4 244 4107
4 246 24334
4 247 7504
4 248 12346
4 249 5897
4 250 8707
4 252 7974
4 254 32318
4 255 7316
4 257 1409
4 258 18499
4 259 2787
4 260 26255
4 262 3721
4 264 5992
4 265 236
4 266 226
4 267 5489
4 268 1795
4 269 21990
4 270 37492
4 271 11278
4 272 9702
4 273 3789
4 274 1071
4 275 7093
4 276 10417
4 278 3635
4 279 6356
4 280 16727
4 281 1222
4 283 20035
4 284 1105
4 285 2136
4 287 7920
4 288 27510
4 289 9223
4 290 8086
4 291 32539
4 292 7117
4 293 8875
4 295 11554
4 298 2477
4 299 8029
4 300 2942
4 302 5944
4 303 5845
4 304 5694
4 305 8004
4 306 21046
4 307 2485
4 308 12241
4 309 29431
4 310 4837
4 311 14037
4 312 17843
4 313 33299
4 314 325
4 315 32734
4 316 35429
4 317 6013
4 318 12544
4 319 15218
4 320 22194
4 321 4853
4 322 12626
4 323 1899
4 324 33955
4 325 2011
4 326 407
4 327 1547
4 328 7153
4 329 5713
4 331 29747
4 332 5971
4 334 2246
4 335 20307
4 337 7536
4 338 2292
4 339 3238
4 340 5821
4 341 30189
4 342 6150
4 344 17231
4 345 10690
4 346 7945
4 347 5856
4 348 6849
4 349 3722
4 350 12944
4 351 5127
4 352 18369
4 353 11240
4 354 5226
4 355 7591
4 356 4693
4 357 6749
4 358 30031
4 359 1799
4 360 5552
4 361 1451
4 362 4339
4 364 13826
4 365 17042
4 366 4072
4 367 6544
4 369 3856
4 370 3910
4 371 1841
4 372 2729
4 373 1851
4 374 3845
4 375 19735
4 376 1610
4 378 5204
4 379 5754
4 380 9268
4 381 7515
4 382 14485
4 383 2864
4 384 27635
4 385 22679
4 386 2537
4 387 9053
4 388 4229
4 389 4225
4 390 1116
4 391 2966
4 392 12476
4 394 992
4 395 19759
4 396 158
4 397 8031
4 398 9263
4 399 11031
4 400 17834
4 401 7165
4 402 3041
4 403 5518
4 404 4027
4 405 638
4 406 12896
4 407 5368
4 408 16244
4 409 2645
4 410 1029
4 411 2957
4 412 3747
4 413 4181
4 415 203
4 416 12348
4 417 22806
4 418 5836
4 419 6565
4 420 6474
4 421 386
4 422 10915
4 423 2315
4 424 3163
4 425 4118
4 426 11564
4 427 16397
4 429 1209
4 430 6305
4 431 9488
4 432 1501
4 433 4776
4 434 17886
4 435 13706
4 436 6738
4 437 2672
4 438 15842
4 439 17338
4 440 17222
4 441 5629
4 442 24945
4 443 13216
4 444 11915
4 445 11409
4 446 567
4 447 16069
4 448 1129
4 449 12665
4 452 1150
4 453 5260
4 454 4358
4 455 869
4 456 3836
4 457 1011
4 458 1927
4 459 4497
4 460 27083
4 462 4152
4 463 23545
4 464 4925
4 466 10091
4 468 3051
4 469 36347
4 470 5104
4 471 18469
4 473 9094
4 474 4311
4 475 21913
4 476 20316
4 477 30955
4 478 4991
4 479 17431
4 480 17697
4 481 7569
4 482 6895
4 483 27242
4 484 3918
4 485 5809
4 486 18061
4 487 9865
4 488 665
4 489 5165
4 490 3383
4 491 6052
4 492 13857
4 493 10149
4 494 813
4 495 21199
4 496 1075
4 497 34
4 499 8473
4 500 9027
4 502 7482
4 503 15939
4 504 5259
4 505 5906
4 506 12584
4 507 13410
4 508 5719
4 509 9297
4 510 2407
4 511 2951
4 512 10107
4 513 24421
4 514 24892
4 515 13296
4 516 16999
4 517 3482
4 518 3639
4 519 5700
4 520 19220
4 521 35187
4 523 6317
4 525 2840
4 526 10289
4 527 11413
4 528 371
4 529 7058
4 530 28393
4 531 9954
4 533 5482
4 534 14918
4 535 19812
4 536 2234
4 537 10039
4 538 1724
4 539 4742
4 540 3238
4 541 3337
4 542 3331
4 543 4607
4 544 4322
4 545 7162
4 546 12887
4 547 21271
4 549 1859
4 550 15037
4 551 18145
4 552 7079
4 553 9824
4 554 19098
4 555 9019
4 556 441
4 557 35481
4 558 8448
4 559 474
4 561 7807
4 562 341
4 563 17723
4 564 1767
4 565 8457
4 567 4060
4 568 8155
4 569 6521
4 570 13234
4 571 12413
4 574 9714
4 575 21158
4 576 2802
4 577 299
4 578 23643
4 579 14057
4 580 5337
4 581 15057
4 582 19145
4 583 57470
4 584 4365
4 585 2593
4 586 18738
4 587 6995
4 589 16
4 590 16789
4 591 12805
4 592 10425
4 593 2397
4 594 2892
4 595 10844
4 597 20068
4 598 5546
4 599 1255
4 600 998
4 601 30746
4 602 16182
4 603 12315
4 605 3851
4 606 416
4 607 1719
4 608 4531
4 609 3235
4 610 17487
4 611 4452
4 612 9082
4 613 7590
4 614 9981
4 616 6630
4 617 18643
4 618 4435
4 619 6870
4 620 4169
4 621 21252
4 622 1885
4 624 5056
4 625 3217
4 626 11421
4 627 7047
4 628 8058
4 629 153
4 630 12689
4 631 8027
4 632 5428
4 633 15406
4 634 29118
4 635 8735
4 636 27983
4 637 6554
4 638 8591
4 639 28195
4 640 5570
4 641 4337
4 642 22282
4 643 9021
4 645 20525
4 646 6275
4 647 2681
4 648 17675
4 649 23364
4 650 26809
4 652 1952
4 653 11573
4 654 1412
4 655 7107
4 656 1416
4 657 798
4 658 4359
4 659 8735
4 660 4318
4 661 5308
4 662 34429
4 663 17168
4 665 8360
4 667 7012
4 668 17819
4 669 4397
4 670 1883
4 671 14526
4 672 28186
4 673 3461
4 674 2738
4 675 11
4 676 7713
4 677 5392
4 678 3653
4 679 9401
4 680 4335
4 681 16294
4 682 5413
4 683 10194
4 684 9008
4 687 18382
4 688 22087
4 689 4675
4 692 23205
4 693 9596
4 694 1119
4 695 2117
4 696 8007
4 698 806
4 699 12533
4 700 7660
4 701 17499
4 702 13038
4 703 17
4 704 7701
4 705 1906
4 706 13455
4 707 14342
4 708 5664
4 709 4381
4 710 3502
4 711 10583
4 712 5036
4 713 361
4 714 6841
4 715 33907
4 716 15712
4 717 4541
4 718 12384
4 719 1843
4 720 19151
4 721 19804
4 722 5424
4 723 5025
4 724 933
4 725 22578
4 726 12079
4 727 630
4 729 1685
4 730 13362
4 731 4868
4 732 1294
4 733 3100
4 735 3379
4 736 14351
4 737 15679
4 738 11046
4 739 1512
4 740 28576
4 741 25237
4 742 18779
4 744 438
4 745 6388
4 746 23743
4 747 42
4 748 1892
4 749 1852
4 750 184
4 751 4804
4 752 10530
4 753 24619
4 754 11437
4 755 4790
4 756 5105
4 757 7069
4 758 11794
4 759 947
4 760 12852
4 761 19743
4 762 23798
4 763 11253
4 764 1418
4 765 10013
4 766 10049
4 767 155
4 768 4209
4 769 30219
4 770 20084
4 771 8702
4 772 10395
4 774 9196
4 775 6383
4 777 12476
4 778 1048
4 779 2
4 780 2485
4 781 16322
4 782 1898
4 783 827
4 784 8730
4 785 12986
4 786 3736
4 787 12310
4 788 2296
4 789 14748
4 790 7844
4 791 584
4 793 5595
4 794 3140
4 795 1801
4 796 5381
4 797 20712
4 798 15709
4 799 455
4 800 3776
4 801 4232
4 802 6423
4 803 7014
4 804 11282
4 806 6912
4 807 22770
4 808 4608
4 809 4637
4 810 1546
4 811 4078
4 813 2686
4 814 2966
4 816 4077
4 818 2156
4 819 9112
4 820 5801
4 821 7531
4 822 8376
4 823 4574
4 824 7489
4 825 14567
4 826 3001
4 827 717
4 828 1734
4 829 15046
4 830 7139
4 831 10924
4 832 10240
4 833 2098
4 834 5045
4 835 2748
4 836 10879
4 837 13750
4 838 163
4 839 12857
4 840 17704
4 841 4962
4 842 937
4 843 7268
4 845 6068
4 846 15574
4 847 3579
4 848 29790
4 849 3499
4 850 20485
4 851 3228
4 852 785
4 853 391
4 854 20934
4 855 5480
4 856 20870
4 857 35109
4 858 7223
4 860 4607
4 861 8395
4 862 1028
4 864 25843
4 865 2723
4 866 13871
4 867 2853
4 868 2227
4 869 4428
4 870 5262
4 871 7561
4 872 7135
4 873 5869
4 875 11146
4 876 2279
4 877 7225
4 878 4736
4 879 14129
4 880 5451
4 881 10164
4 882 2228
4 884 11933
4 885 15647
4 887 27657
4 889 3059
4 890 3157
4 892 6413
4 894 14688
4 895 6572
4 896 9868
4 897 13404
4 898 37876
4 900 6001
4 901 6438
4 902 3778
4 903 751
4 904 4295
4 905 5940
4 906 12079
4 907 3918
4 908 2338
4 909 2601
4 910 5305
4 911 3509
4 914 17741
4 915 18424
4 916 10889
4 917 4440
4 918 5693
4 919 4564
4 920 6197
4 921 4123
4 922 7492
4 923 591
4 925 6266
4 927 14907
4 928 7862
4 929 7752
4 930 6462
4 931 2894
4 932 4830
4 934 6475
4 935 28441
4 936 6723
4 937 20866
4 938 17423
4 939 26290
4 940 24741
4 941 18296
4 942 13893
4 943 19003
4 944 5576
4 945 6271
4 946 4201
4 947 357
4 948 13714
4 949 2681
4 950 1591
4 951 25748
4 952 8559
4 953 8215
4 954 20341
4 955 5427
4 956 679
4 958 5753
4 959 14641
4 960 10498
4 961 5450
4 962 33311
4 964 7331
4 965 12153
4 966 12201
4 967 11718
4 968 14904
4 969 18280
4 970 8350
4 972 31840
4 973 3951
4 974 4941
4 975 864
4 976 9576
4 977 2032
4 978 4487
4 979 22041
4 980 18796
4 981 14639
4 982 9593
4 983 1449
4 984 1721
4 985 18978
4 986 17399
4 987 25123
4 988 3874
4 989 1
4 990 6572
4 991 8921
4 992 2109
4 993 10281
4 995 22071
4 996 7446
4 997 14276
4 998 9596
4 999 13430
4 1000 4949
4 1001 17417
4 1002 7368
4 1003 33201
4 1004 5784
4 1006 14799
4 1009 1482
4 1010 6546
4 1011 15672
4 1012 9299
4 1013 3428
4 1015 11904
4 1016 625
4 1017 2459
4 1018 22125
4 1019 5325
4 1020 16791
4 1021 5160
4 1022 1624
4 1023 1928
4 1024 2022
4 1025 15538
4 1026 259
4 1027 1255
4 1028 4355
4 1029 6788
4 1031 17079
4 1033 10114
4 1034 12537
4 1038 71
4 1039 2314
4 1040 33660
4 1041 3540
4 1042 19548
4 1043 5638
4 1044 26126
4 1045 5054
4 1046 9870
4 1047 28742
4 1048 6804
4 1049 16975
4 1052 15838
4 1053 1408
4 1054 10256
4 1055 11074
4 1056 13991
4 1057 3064
4 1058 3777
4 1059 28367
4 1061 7883
4 1062 8329
4 1063 6208
4 1064 13538
4 1065 935
4 1066 11070
4 1067 23640
4 1069 15609
4 1070 2190
4 1072 8
4 1073 1086
4 1074 13273
4 1076 4565
4 1077 4711
4 1078 13123
4 1080 21727
4 1081 5658
4 1082 7476
4 1083 7195
4 1084 4538
4 1085 7161
4 1086 24438
4 1087 14187
4 1088 13023
4 1090 4338
4 1091 1884
4 1092 24310
4 1094 4518
4 1095 17210
4 1096 2058
4 1097 12048
4 1098 4207
4 1099 11562
4 1100 11003
4 1101 22893
4 1102 10887
4 1103 6430
4 1104 3446
4 1105 4442
4 1106 3502
4 1107 1284
4 1108 1031
4 1109 5988
4 1110 5519
4 1111 8029
4 1112 3034
4 1114 4980
4 1115 6632
4 1116 3973
4 1117 3559
4 1118 37045
4 1119 7449
4 1120 5729
4 1121 22890
4 1122 2885
4 1123 5905
4 1124 9487
4 1125 24840
4 1126 7737
4 1127 17838
4 1128 5955
4 1129 2446
4 1130 31362
4 1131 7244
4 1132 1003
4 1133 5867
4 1134 2621
4 1135 7411
4 1136 5123
4 1137 9853
4 1138 19966
4 1139 11157
4 1140 7866
4 1141 369
4 1142 924
4 1143 446
4 1144 7496
4 1145 9026
4 1146 1120
4 1147 7295
4 1149 3543
4 1150 25832
4 1151 10667
4 1152 32815
4 1153 19599
4 1154 11698
4 1155 10407
4 1156 507
4 1157 5569
4 1158 8114
4 1159 21964
4 1160 17872
4 1161 4
4 1162 14110
4 1163 11646
4 1164 14753
4 1165 12088
4 1166 5030
4 1168 5634
4 1169 23520
4 1170 22697
4 1171 15268
4 1172 9756
4 1173 15429
4 1174 26204
4 1175 13441
4 1176 6949
4 1177 37245
4 1178 8138
4 1179 6748
4 1180 8956
4 1181 7505
4 1182 9265
4 1183 26208
4 1184 4529
4 1185 4846
4 1186 6747
4 1187 2670
4 1188 2239
4 1189 8091
4 1191 6147
4 1193 6167
4 1194 3078
4 1195 30895
4 1196 17451
4 1197 11135
4 1198 13306
4 1199 4346
4 1200 31499
4 1202 7
4 1203 4968
4 1204 1179
4 1205 6439
4 1206 3444
4 1207 1043
4 1208 6807
4 1209 5410
4 1210 7013
4 1211 6507
4 1212 19476
4 1213 8577
4 1214 525
4 1216 5268
4 1217 2681
4 1219 9592
4 1220 26990
4 1221 3748
4 1222 25139
4 1223 6792
4 1224 7455
4 1225 6798
4 1226 1255
4 1227 812
4 1228 5065
4 1229 6026
4 1231 13783
4 1234 4457
4 1235 13623
4 1237 5941
4 1238 954
4 1239 2848
4 1241 6733
4 1242 14479
4 1243 277
4 1244 479
4 1245 6235
4 1247 1570
4 1248 16033
4 1249 581
4 1250 13518
4 1252 11306
4 1253 1018
4 1255 13690
4 1257 5127
4 1258 12298
4 1259 22343
4 1260 19799
4 1262 15199
4 1263 2125
4 1264 4700
4 1266 8730
4 1268 35958
4 1269 4899
4 1271 8551
4 1272 8210
4 1273 11174
4 1274 15549
4 1275 18084
4 1276 17946
4 1277 19259
4 1278 2670
4 1279 1233
4 1280 6632
4 1282 7945
4 1283 1460
4 1284 7624
4 1285 2287
4 1286 4465
4 1287 13034
4 1289 10989
4 1290 2992
4 1291 1513
4 1292 25172
4 1294 18035
4 1295 20296
4 1297 5875
4 1298 19374
4 1299 43403
4 1300 12425
4 1301 564
4 1302 12151
4 1304 2510
4 1305 1593
4 1307 10824
4 1308 2410
4 1310 9890
4 1311 10965
4 1312 8397
4 1313 27443
4 1314 2439
4 1315 644
4 1316 15946
4 1317 10223
4 1318 17319
4 1320 62
4 1321 1059
4 1322 7509
4 1323 5888
4 1324 4334
4 1325 15843
4 1326 3916
4 1327 12781
4 1328 2965
4 1329 12156
4 1330 12819
4 1331 431
4 1332 23058
4 1333 9513
4 1334 3921
4 1335 9918
4 1336 14299
4 1338 14064
4 1340 5631
4 1342 5166
4 1343 3597
4 1344 4252
4 1345 2929
4 1346 30711
4 1347 16000
4 1348 480
4 1349 9509
4 1350 56
4 1351 2039
4 1352 13146
4 1354 1218
4 1355 20318
4 1356 4630
4 1357 2709
4 1358 9899
4 1359 20353
4 1360 17850
4 1361 14856
4 1362 7873
4 1363 20526
4 1365 8026
4 1366 5395
4 1367 10085
4 1368 3651
4 1371 5536
4 1372 20347
4 1373 7693
4 1374 11970
4 1376 8636
4 1377 31662
4 1378 15799
4 1379 1305
4 1380 11795
4 1381 4784
4 1382 7939
4 1383 963
4 1384 9183
4 1385 7021
4 1386 27876
4 1387 6668
4 1388 1725
4 1389 2769
4 1390 6865
4 1391 10475
4 1392 10976
4 1393 19537
4 1394 20506
4 1395 2048
4 1398 15294
4 1399 6961
4 1400 3762
4 1401 5189
4 1402 9602
4 1403 12533
4 1404 34851
4 1405 16700
4 1406 1855
4 1407 13409
4 1408 15723
4 1409 28733
4 1410 4285
4 1411 33531
4 1412 200
4 1414 9479
4 1415 27045
4 1416 207
4 1417 10651
4 1418 7502
4 1419 6682
4 1420 4501
4 1422 3763
4 1423 11901
4 1424 2410
4 1425 903
4 1426 26293
4 1427 12135
4 1428 9163
4 1429 278
4 1430 1321
4 1431 3463
4 1433 24947
4 1434 12829
4 1435 19664
4 1436 11208
4 1437 3703
4 1438 16078
4 1439 6580
4 1440 2758
4 1441 5245
4 1442 10478
4 1443 292
4 1444 27050
4 1445 4544
4 1446 2579
4 1447 5560
4 1448 29140
4 1449 1328
4 1450 12984
4 1451 3304
4 1454 31629
4 1455 19014
4 1456 2133
4 1457 4464
4 1458 1050
4 1459 25757
4 1461 2643
4 1462 14525
4 1463 1016
4 1464 20724
4 1465 5752
4 1466 1115
4 1467 8869
4 1468 7101
4 1469 11213
4 1470 8014
4 1471 2532
4 1472 5670
4 1473 24037
4 1474 11936
4 1475 581
4 1476 710
4 1477 10549
4 1478 20727
4 1482 17133
4 1483 27744
4 1484 4156
4 1485 19567
4 1486 18541
4 1487 989
4 1490 3525
4 1491 23308
4 1492 7427
4 1495 10946
4 1497 4737
4 1498 18545
4 1500 4068
4 1501 9167
4 1502 474
4 1504 6297
4 1505 36634
4 1506 2514
4 1507 665
4 1509 2726
4 1511 3840
4 1512 4054
4 1514 17528
4 1515 25262
4 1516 25431
4 1517 12626
4 1518 5955
4 1519 281
4 1520 199
4 1521 7144
4 1522 20306
4 1523 634
4 1524 3827
4 1525 6735
4 1526 5476
4 1527 5247
4 1528 32349
4 1529 21375
4 1530 2197
4 1531 1543
4 1532 11177
4 1533 4224
4 1534 6539
4 1536 13075
4 1537 36226
4 1538 16478
4 1539 2329
4 1540 7378
4 1541 4607
4 1542 12086
4 1543 5332
4 1544 13877
4 1545 1469
4 1546 1782
4 1547 64
4 1548 316
4 1549 1614
4 1550 6989
4 1552 450
4 1553 20816
4 1555 7788
4 1556 1997
4 1557 12095
4 1558 22244
4 1560 5441
4 1561 2
4 1562 32984
4 1563 9393
4 1564 9350
4 1565 5066
4 1566 14663
4 1567 9365
4 1568 8529
4 1570 9829
4 1571 15071
4 1572 6263
4 1573 1009
4 1574 21770
4 1575 14117
4 1576 2474
4 1577 3629
4 1578 6955
4 1579 466
4 1580 3821
4 1581 9573
4 1582 16847
4 1583 39787
4 1584 16856
4 1585 413
4 1588 10095
4 1589 6729
4 1590 17664
4 1591 13819
4 1593 4373
4 1594 3696
4 1595 7315
4 1596 257
4 1597 5586
4 1598 8
4 1599 4980
4 1600 5718
4 1601 294
4 1602 10798
4 1603 6490
4 1604 11631
4 1605 17813
4 1606 13960
4 1607 1382
4 1608 19197
4 1609 1751
4 1610 3331
4 1611 16673
4 1612 14705
4 1614 8548
4 1615 24367
4 1616 7812
4 1619 2150
4 1620 7070
4 1621 14772
4 1622 10672
4 1623 3887
4 1624 7236
4 1625 9535
4 1626 5144
4 1627 7812
4 1628 4145
4 1629 1161
4 1630 2917
4 1632 7026
4 1633 25015
4 1636 2340
4 1637 15421
4 1638 17673
4 1640 9284
4 1641 445
4 1642 20411
4 1644 25329
4 1645 6
4 1647 8502
4 1648 9581
4 1649 9958
4 1650 6125
4 1651 4277
4 1652 4760
4 1653 38
4 1654 5106
4 1655 10879
4 1656 20611
4 1657 14825
4 1658 13572
4 1659 19680
4 1660 1106
4 1661 6023
4 1662 20111
4 1663 3572
4 1664 24401
4 1668 362
4 1669 22519
4 1670 13002
4 1672 5555
4 1674 6349
4 1675 6022
4 1676 4035
4 1677 8473
4 1678 239
4 1679 1876
4 1681 8045
4 1682 24977
4 1683 4011
4 1684 12462
4 1685 7724
4 1686 5381
4 1688 7483
4 1689 29762
4 1690 29224
4 1691 9877
4 1692 1118
4 1693 2722
4 1694 1257
4 1695 9890
4 1696 10367
4 1697 1930
4 1698 8821
4 1699 19740
4 1700 6682
4 1701 4673
4 1702 19319
4 1703 6755
4 1704 8126
4 1705 7106
4 1706 5360
4 1707 9145
4 1708 5973
4 1709 9829
4 1710 26178
4 1711 3593
4 1712 1997
4 1713 4675
4 1714 6322
4 1715 9896
4 1717 1985
4 1718 22453
4 1719 11586
4 1720 19194
4 1721 8569
4 1722 4400
4 1723 23693
4 1724 7142
4 1725 29522
4 1726 2474
4 1727 15983
4 1728 7284
4 1729 908
4 1731 18353
4 1732 10
4 1733 21352
4 1734 20021
4 1735 10428
4 1736 19040
4 1737 23687
4 1738 22713
4 1739 12582
4 1740 6496
4 1741 2071
4 1742 3219
4 1743 3109
4 1744 5138
4 1745 9519
4 1746 1105
4 1747 1549
4 1748 1679
4 1749 19704
4 1751 1782
4 1752 2031
4 1753 12942
4 1754 3416
4 1755 20541
4 1756 6836
4 1758 4656
4 1759 12728
4 1760 41792
4 1761 22385
4 1762 9353
4 1763 160
4 1764 2390
4 1765 11304
4 1766 14045
4 1768 8130
4 1769 1556
4 1771 11840
4 1772 7973
4 1773 638
4 1775 24806
4 1777 13386
4 1778 3425
4 1779 4008
4 1781 28361
4 1782 4033
4 1783 6179
4 1784 5546
4 1785 5557
4 1786 6429
4 1787 2091
4 1788 9769
4 1789 7378
4 1790 2468
4 1791 34675
4 1793 3967
4 1794 6589
4 1795 1370
4 1796 20049
4 1798 13581
4 1799 1690
4 1800 18282
4 1801 14358
4 1802 5459
4 1803 2694
4 1804 6700
4 1805 2559
4 1806 2909
4 1807 6183
4 1808 5002
4 1809 7771
4 1810 3872
4 1811 23950
4 1812 1141
4 1813 9548
4 1814 21887
4 1815 12687
4 1817 23699
4 1818 5026
4 1819 806
4 1821 13270
4 1823 3736
4 1824 8439
4 1825 1418
4 1826 11675
4 1827 24348
4 1828 5819
4 1829 14582
4 1830 23020
4 1831 5572
4 1832 6159
4 1833 6786
4 1835 11971
4 1836 1161
4 1837 17740
4 1838 3622
4 1839 35756
4 1840 5809
4 1841 1536
4 1842 12808
4 1843 5185
4 1845 4178
4 1846 1260
4 1847 43219
4 1848 1459
4 1850 31545
4 1851 6239
4 1852 21760
4 1853 15332
4 1854 19439
4 1855 9940
4 1856 9422
4 1857 11007
4 1859 8912
4 1860 6232
4 1861 14470
4 1862 8657
4 1863 10080
4 1864 19722
4 1865 28797
4 1866 15492
4 1868 9499
4 1869 6541
4 1870 23526
4 1871 3205
4 1872 3012
4 1873 8458
4 1874 15270
4 1875 7592
4 1876 14400
4 1877 8090
4 1878 9283
4 1879 610
4 1880 13522
4 1881 3943
4 1882 19956
4 1883 2424
4 1884 3588
4 1886 4449
4 1887 13754
4 1891 1174
4 1892 2114
4 1893 5206
4 1896 33008
4 1897 514
4 1898 3207
4 1899 13705
4 1901 881
4 1903 4681
4 1904 4329
4 1906 25911
4 1907 11015
4 1908 7836
4 1909 6222
4 1910 2977
4 1911 4876
4 1912 10849
4 1913 18578
4 1914 26643
4 1915 9029
4 1916 6412
4 1917 22108
4 1918 5083
4 1919 5985
4 1920 18384
4 1921 218
4 1922 17004
4 1923 1774
4 1924 3202
4 1926 5844
4 1927 27000
4 1928 16700
4 1929 4011
4 1931 15879
4 1932 2266
4 1933 3525
4 1934 17798
4 1935 9
4 1936 8355
4 1937 1357
4 1938 3341
4 1939 3381
4 1940 12066
4 1941 11821
4 1942 1317
4 1943 22000
4 1944 8428
4 1945 9612
4 1947 895
4 1948 5210
4 1949 4489
4 1950 12860
4 1951 151
4 1952 23364
4 1953 174
4 1954 24790
4 1956 12851
4 1957 10904
4 1958 8740
4 1959 12195
4 1961 18022
4 1962 4324
4 1963 11459
4 1964 8197
4 1965 39054
4 1966 5369
4 1967 1772
4 1968 19013
4 1969 2513
4 1970 8390
4 1972 11862
4 1973 13581
4 1974 7916
4 1975 8916
4 1977 5469
4 1978 12739
4 1979 2586
4 1980 2822
4 1981 1282
4 1982 346
4 1983 20815
4 1984 2632
4 1985 3533
4 1986 4747
4 1987 4163
4 1988 7686
4 1989 2785
4 1990 1092
4 1991 7356
4 1992 14346
4 1994 2022
4 1995 15916
4 1996 16820
4 1997 17909
4 1998 9565
4 1999 5751
5 0 9763
5 2 13567
5 3 2617
5 4 26615
5 5 5610
5 7 4890
5 8 3172
5 9 23966
5 10 16808
5 11 32371
5 12 4866
5 14 11
5 15 12464
5 16 4721
5 18 245
5 19 3298
5 20 23673
5 21 44905
5 22 23456
5 23 3333
5 26 6174
5 27 11517
5 28 5446
5 29 23252
5 30 10749
5 31 928
5 33 13416
5 35 5958
5 36 4549
5 37 28070
5 38 12753
5 39 866
5 40 5001
5 41 317
5 42 9967
5 44 4522
5 46 6894
5 47 9465
5 48 23664
5 49 9526
5 50 8749
5 51 11868
5 52 144
5 53 3934
5 56 4530
5 57 8195
5 58 12000
5 59 14288
5 60 18541
5 61 13978
5 62 4072
5 63 8045
5 64 8836
5 65 12478
5 66 4167
5 67 2953
5 69 7139
5 70 15874
5 71 847
5 72 4979
5 75 6811
5 76 6202
5 77 15484
5 78 3275
5 79 21804
5 80 13496
5 81 15217
5 82 9488
5 83 19604
5 84 3546
5 85 6819
5 86 1962
5 87 18217
5 88 6908
5 89 13630
5 90 8900
5 91 11172
5 92 12333
5 93 8226
5 95 3318
5 96 8689
5 97 19255
5 98 651
5 99 21152
5 100 3783
5 101 2118
5 102 19231
5 104 25401
5 105 2043
5 107 51
5 109 6647
5 110 35164
5 111 755
5 112 23282
5 113 16772
5 114 4567
5 115 788
5 116 13672
5 118 12225
5 119 3525
5 120 5493
5 121 8469
5 122 11298
5 123 4459
5 124 19763
5 125 2425
5 126 15754
5 127 3674
5 128 17244
5 129 12874
5 130 5992
5 131 20852
5 132 838
5 133 18543
5 134 11071
5 135 185
5 136 10865
5 137 9277
5 138 931
5 139 8947
5 140 19897
5 141 3176
5 142 13238
5 143 6
5 144 10775
5 145 19011
5 146 2348
5 147 3328
5 148 4429
5 149 2622
5 150 2517
5 151 2555
5 152 29149
5 153 267
5 154 2271
5 156 8732
5 157 255
5 158 1378
5 159 124
5 160 6884
5 161 10320
5 162 9148
5 163 3028
5 164 9416
5 165 4233
5 166 8095
5 167 5224
5 169 6925
5 170 12436
5 171 2714
5 172 6985
5 173 3277
5 174 6007
5 175 9124
5 176 6519
5 177 49631
5 178 5590
5 179 1586
5 180 7395
5 181 11757
5 183 14001
5 185 14936
5 186 28726
5 187 9706
5 189 11880
5 190 1667
5 191 18040
5 192 31779
5 194 1789
5 195 6391
5 196 8595
5 197 318
5 198 350
5 199 5859
5 200 8451
5 201 22313
5 202 3935
5 203 4045
5 204 22539
5 205 13139
5 206 27516
5 207 15425
5 209 1554
5 210 9070
5 211 8542
5 212 8306
5 213 6958
5 214 7652
5 215 10086
5 217 26587
5 218 9814
5 219 39729
5 220 318
5 221 7938
5 222 2026
5 223 27570
5 224 7713
5 225 4216
5 226 6927
5 227 7094
5 228 7633
5 229 21042
5 230 1376
5 231 19254
5 232 3066
5 233 12922
5 234 12808
5 235 16322
5 236 3929
5 237 3476
5 238 4673
5 239 2231
5 241 148
5 242 12917
5 243 4700
5 244 3496
5 245 3215
5 246 817
5 247 12722
5 248 27750
5 249 14691
5 250 12697
5 251 11383
5 252 20998
5 253 9883
5 254 6144
5 255 22236
5 256 10656
5 257 20443
5 258 8044
5 261 6965
5 262 15242
5 264 15291
5 265 11065
5 266 12274
5 267 16095
5 268 20865
5 269 6197
5 270 2189
5 271 9857
5 272 5153
5 273 18367
5 274 13368
5 275 2136
5 276 4476
5 277 3951
5 278 22704
5 279 9631
5 280 6329
5 282 5783
5 283 20832
5 284 10953
5 285 11444
5 286 10046
5 287 11312
5 288 10320
5 289 25501
5 290 3858
5 291 11358
5 292 2186
5 293 9335
5 294 25885
5 295 26229
5 296 15345
5 297 19892
5 298 2337
5 299 16668
5 300 10746
5 301 24367
5 302 6854
5 303 2510
5 304 19274
5 306 11632
5 307 9824
5 308 773
5 309 584
5 310 20131
5 311 10869
5 312 8826
5 313 5976
5 314 3511
5 315 5973
5 316 4321
5 317 3902
5 318 8229
5 319 12626
5 320 263
5 321 24063
5 322 15813
5 323 23130
5 324 6396
5 325 3550
5 326 6071
5 327 34470
5 328 2975
5 329 8961
5 330 2412
5 331 5872
5 332 1324
5 333 562
5 335 5926
5 336 8413
5 337 5536
5 338 17074
5 339 400
5 340 3949
5 342 13400
5 344 27017
5 345 14230
5 346 4557
5 347 32895
5 348 19266
5 349 5166
5 350 15493
5 351 25044
5 352 6016
5 353 3530
5 354 1636
5 355 17719
5 356 3788
5 357 6646
5 358 287
5 359 27912
5 360 2591
5 362 19177
5 364 3003
5 365 26260
5 366 8022
5 367 4511
5 368 5046
5 369 19236
5 370 12738
5 371 2039
5 372 6154
5 373 2512
5 374 2177
5 375 7792
5 376 2822
5 377 18770
5 378 21069
5 379 216
5 380 7629
5 381 18083
5 382 36717
5 383 4745
5 384 10074
5 385 2543
5 386 6912
5 387 3506
5 388 7
5 389 19149
5 390 971
5 391 18892
5 392 20762
5 393 7002
5 394 5074
5 395 2276
5 396 12677
5 397 2312
5 398 10292
5 399 16284
5 400 15341
5 401 24607
5 402 4592
5 403 4071
5 404 4718
5 405 25733
5 406 2285
5 407 6428
5 408 8701
5 409 3431
5 410 1123
5 412 6500
5 413 7846
5 414 5840
5 415 15906
5 416 4618
5 417 9392
5 418 8297
5 420 10699
5 421 9658
5 422 15099
5 424 255
5 425 9477
5 427 10321
5 429 3547
5 430 21652
5 431 6237
5 432 5788
5 433 3385
5 434 3698
5 435 5653
5 436 4569
5 437 17207
5 438 14812
5 439 8009
5 440 10876
5 441 13008
5 442 4113
5 443 5569
5 444 3549
5 445 12747
5 446 21552
5 447 26192
5 448 20177
5 449 5312
5 450 1834
5 451 1304
5 452 4123
5 453 7761
5 454 20791
5 455 13215
5 456 4561
5 457 6405
5 459 34056
5 460 23398
5 462 18654
5 463 6478
5 464 3958
5 465 268
5 468 5669
5 469 11754
5 471 1422
5 472 31990
5 473 1977
5 475 28643
5 476 4509
5 477 2166
5 478 19110
5 479 1554
5 480 7963
5 482 3932
5 483 8143
5 485 8388
5 486 7806
5 487 15635
5 488 2006
5 489 5657
5 490 5835
5 491 8990
5 492 17122
5 494 8167
5 496 2132
5 497 19818
5 498 3452
5 499 2203
5 500 7996
5 501 5326
5 502 15760
5 504 4341
5 505 8711
5 506 19462
5 507 7899
5 509 3375
5 510 13966
5 512 4639
5 513 10105
5 514 2813
5 515 2273
5 517 2093
5 518 4790
5 519 20036
5 520 25638
5 521 957
5 522 2085
5 523 14504
5 524 51
5 525 10414
5 526 4497
5 527 19016
5 528 15117
5 529 13280
5 530 12641
5 531 9036
5 532 12067
5 533 9753
5 534 8268
5 535 23096
5 536 8882
5 538 5818
5 539 4292
5 540 4403
5 541 9142
5 542 10539
5 543 36477
5 544 15436
5 545 5808
5 547 5508
5 548 488
5 549 24729
5 550 7855
5 551 8689
5 552 1039
5 553 5343
5 554 1976
5 555 15210
5 556 24666
5 557 14082
5 558 2997
5 559 4509
5 560 9094
5 561 3426
5 562 10401
5 563 11436
5 564 14044
5 565 3412
5 567 15124
5 568 22485
5 569 28184
5 570 4252
5 571 6504
5 572 407
5 574 3834
5 576 6968
5 577 12745
5 578 12414
5 579 18837
5 580 7671
5 581 3303
5 582 17434
5 583 2622
5 584 14456
5 585 3321
5 586 19242
5 587 5049
5 588 16689
5 589 16013
5 590 3723
5 591 39251
5 592 32058
5 593 26784
5 594 2679
5 595 5449
5 596 9219
5 597 633
5 598 4760
5 599 10540
5 600 20
5 601 2370
5 603 2817
5 604 22944
5 605 6859
5 606 11755
5 607 1463
5 608 9575
5 609 2285
5 610 3336
5 611 9339
5 612 3023
5 613 10312
5 614 4218
5 615 10450
5 616 3044
5 617 19472
5 618 18693
5 619 4880
5 620 8733
5 621 30203
5 622 4708
5 623 4685
5 624 30174
5 626 18866
5 627 11058
5 628 31364
5 629 38166
5 630 1729
5 631 483
5 632 11965
5 633 7046
5 634 6252
5 635 11840
5 636 15914
5 637 5583
5 638 1882
5 639 2712
5 640 1
5 641 13280
5 642 8029
5 643 3079
5 644 29857
5 646 31792
5 648 1049
5 649 3617
5 650 17902
5 651 7030
5 652 7573
5 653 1634
5 654 19460
5 655 5025
5 656 13678
5 657 1637
5 658 5552
5 659 21349
5 661 8147
5 662 897
5 663 6945
5 665 36465
5 666 2480
5 667 25144
5 668 25983
5 669 9639
5 670 9384
5 671 2191
5 672 29471
5 673 17180
5 674 1772
5 675 5688
5 676 3058
5 677 11124
5 678 25150
5 679 19314
5 680 647
5 681 23970
5 682 5656
5 683 8
5 684 786
5 685 13668
5 687 24305
5 688 479
5 690 13089
5 691 11562
5 692 24312
5 693 8280
5 694 3541
5 695 15067
5 696 81
5 697 23096
5 698 10347
5 699 5619
5 700 6547
5 701 31652
5 702 14306
5 703 1245
5 704 25181
5 705 8539
5 706 25302
5 707 7378
5 708 3646
5 709 911
5 710 833
5 711 31580
5 712 28569
5 713 27599
5 714 29133
5 715 827
5 717 19016
5 718 6463
5 719 10351
5 720 1585
5 721 2674
5 722 238
5 723 8569
5 724 832
5 725 1352
5 728 12225
5 729 41130
5 730 7769
5 731 12948
5 732 5489
5 734 19962
5 735 4665
5 736 16938
5 738 29553
5 739 3948
5 740 1545
5 741 1917
5 742 15378
5 743 806
5 744 42134
5 745 3203
5 746 3121
5 747 6312
5 748 146
5 750 8662
5 751 27032
5 752 11383
5 753 10228
5 754 4200
5 756 2400
5 758 27149
5 759 1770
5 760 4883
5 761 1613
5 763 3841
5 764 29411
5 765 24624
5 766 3539
5 767 644
5 768 25108
5 769 5150
5 770 34883
5 771 15711
5 772 22088
5 773 18210
5 774 4288
5 775 14706
5 776 4607
5 777 2722
5 778 3632
5 779 13595
5 781 9914
5 782 9332
5 783 952
5 784 13143
5 785 27147
5 786 5736
5 787 2004
5 788 27661
5 789 703
5 790 33453
5 791 17992
5 792 3499
5 793 10110
5 794 6995
5 795 12176
5 796 13884
5 797 5681
5 799 4
5 800 4853
5 801 6594
5 803 40751
5 805 96
5 806 5507
5 807 531
5 808 28413
5 809 17877
5 811 20504
5 812 13188
5 813 1820
5 814 4013
5 815 5071
5 816 26293
5 818 1396
5 819 4676
5 820 4473
5 821 8500
5 822 6743
5 823 8369
5 824 9758
5 825 27678
5 827 1098
5 828 6011
5 829 3315
5 830 14944
5 831 9464
5 832 17782
5 833 26
5 834 5373
5 835 2494
5 836 12999
5 838 15089
5 839 9077
5 840 6687
5 841 14353
5 842 77
5 843 1794
5 844 17429
5 845 8048
5 846 9235
5 847 33007
5 848 9814
5 850 66
5 851 10018
5 852 17134
5 853 4242
5 854 9707
5 855 768
5 856 26709
5 857 613
5 858 1474
5 859 18421
5 860 68298
5 861 25479
5 862 15011
5 863 1851
5 864 8155
5 865 24510
5 866 21770
5 867 5114
5 868 8832
5 869 8547
5 870 5298
5 871 3473
5 872 3784
5 873 16025
5 874 4094
5 875 10909
5 876 4559
5 877 35558
5 878 679
5 879 3555
5 880 4452
5 881 4096
5 882 2333
5 883 24417
5 884 1737
5 885 15672
5 886 24615
5 887 19635
5 888 591
5 889 10949
5 890 21196
5 891 13740
5 892 2342
5 893 2363
5 895 3729
5 896 8513
5 897 9252
5 898 15335
5 899 2310
5 900 6026
5 901 15966
5 902 12
5 903 19459
5 904 12486
5 905 13735
5 906 42270
5 907 10288
5 908 23694
5 909 3616
5 910 17074
5 911 5800
5 912 1143
5 913 5268
5 914 69
5 915 27573
5 916 9973
5 917 18532
5 918 9470
5 919 1973
5 920 1419
5 921 4493
5 922 148
5 923 9921
5 924 23526
5 925 17672
5 926 423
5 927 3184
5 928 6494
5 929 2551
5 930 3190
5 931 2722
5 932 744
5 933 1568
5 934 20088
5 935 952
5 936 1160
5 937 21833
5 938 15922
5 939 976
5 940 10174
5 941 9206
5 942 4745
5 943 717
5 945 1972
5 946 7311
5 947 1307
5 948 22771
5 949 2759
5 950 24077
5 951 4093
5 953 2089
5 954 22746
5 955 7643
5 956 3718
5 957 301
5 958 3850
5 961 21629
5 962 2848
5 963 17623
5 964 2588
5 965 9961
5 966 19430
5 967 21555
5 968 8119
5 970 33480
5 971 23518
5 972 19005
5 973 7736
5 974 29784
5 975 7371
5 976 38087
5 977 783
5 978 6603
5 979 16447
5 980 28847
5 981 8750
5 982 4567
5 983 2222
5 984 16676
5 985 1535
5 986 5893
5 987 17673
5 988 923
5 989 12607
5 990 30668
5 991 10991
5 992 6819
5 993 33495
5 994 17971
5 995 7590
5 996 16351
5 997 1382
5 998 5141
5 999 7631
5 1000 8078
5 1001 5743
5 1002 2359
5 1003 7593
5 1004 3555
5 1005 6074
5 1006 22622
5 1007 8768
5 1008 10496
5 1009 7169
5 1010 3688
5 1011 10592
5 1012 15816
5 1013 3211
5 1014 1542
5 1015 1788
5 1016 6606
5 1017 3794
5 1019 17379
5 1020 1277
5 1021 5427
5 1022 24820
5 1023 733
5 1024 13597
5 1025 4031
5 1026 7875
5 1027 2595
5 1028 3824
5 1029 40655
5 1030 23235
5 1032 34517
5 1033 26570
5 1034 15985
5 1036 3358
5 1038 244
5 1039 11192
5 1040 12001
5 1041 1292
5 1042 10978
5 1043 25490
5 1044 4425
5 1045 10469
5 1046 20491
5 1047 10092
5 1048 16130
5 1049 14561
5 1050 27021
5 1053 15367
5 1054 7293
5 1055 4835
5 1056 3764
5 1057 3668
5 1058 773
5 1059 2557
5 1060 20191
5 1061 6392
5 1062 9757
5 1063 28560
5 1064 3637
5 1065 15364
5 1066 2777
5 1067 9341
5 1068 1389
5 1069 589
5 1070 9425
5 1071 17482
5 1072 34481
5 1073 11799
5 1074 3856
5 1075 1002
5 1076 2
5 1077 3261
5 1078 2
5 1079 24210
5 1080 2971
5 1081 5141
5 1082 10963
5 1083 9519
5 1084 6190
5 1085 6781
5 1086 1910
5 1088 29640
5 1089 39
5 1090 5105
5 1091 8124
5 1092 2833
5 1093 6610
5 1094 314
5 1095 19190
5 1097 20906
5 1098 7291
5 1099 22254
5 1100 11432
5 1102 638
5 1103 6154
5 1104 8644
5 1106 3863
5 1107 19662
5 1108 5693
5 1109 14153
5 1110 12988
5 1111 34005
5 1112 5064
5 1113 9811
5 1114 3034
5 1115 6030
5 1116 23059
5 1117 16606
5 1118 17197
5 1119 4844
5 1120 2392
5 1121 13372
5 1122 11380
5 1123 7897
5 1124 13186
5 1125 12721
5 1126 12522
5 1127 39134
5 1128 8624
5 1129 19721
5 1130 20819
5 1131 6690
5 1132 3127
5 1133 2391
5 1134 30190
5 1135 6043
5 1136 18588
5 1137 12004
5 1138 15076
5 1139 13229
5 1140 19136
5 1141 22384
5 1142 4461
5 1143 5893
5 1144 4021
5 1145 114
5 1146 18855
5 1147 11175
5 1148 9493
5 1149 7087
5 1150 4188
5 1151 16127
5 1152 16579
5 1153 1128
5 1154 29420
5 1155 11
5 1156 12325
5 1157 22653
5 1158 2029
5 1159 3481
5 1160 17062
5 1161 4376
5 1162 2874
5 1163 2970
5 1164 11275
5 1165 5899
5 1166 23789
5 1167 23632
5 1168 198
5 1169 7384
5 1170 311
5 1172 17742
5 1173 27957
5 1174 13059
5 1175 4302
5 1177 5537
5 1178 19738
5 1179 12968
5 1180 8925
5 1181 6437
5 1182 1316
5 1183 14094
5 1184 11782
5 1185 9142
5 1186 2036
5 1187 4189
5 1188 33697
5 1189 2305
5 1190 26394
5 1191 20526
5 1192 12594
5 1193 6192
5 1195 16101
5 1196 20782
5 1197 2739
5 1198 11214
5 1200 22574
5 1201 10811
5 1202 4245
5 1203 31537
5 1204 8782
5 1205 16447
5 1206 2023
5 1207 24781
5 1208 7545
5 1209 28132
5 1210 8633
5 1211 8234
5 1212 11151
5 1213 5515
5 1215 3446
5 1217 443
5 1218 2914
5 1219 2099
5 1220 10796
5 1221 2056
5 1222 6708
5 1223 7181
5 1224 17906
5 1225 8788
5 1226 8400
5 1227 2195
5 1229 21223
5 1230 21506
5 1231 2942
5 1233 17734
5 1234 14029
5 1235 7929
5 1236 9793
5 1238 11400
5 1239 4399
5 1240 6980
5 1241 13771
5 1242 5384
5 1243 6787
5 1244 21234
5 1245 5951
5 1246 2280
5 1247 1329
5 1248 24170
5 1249 2088
5 1251 5601
5 1252 6062
5 1253 23940
5 1255 7253
5 1257 5075
5 1258 9666
5 1259 7043
5 1260 6233
5 1261 5796
5 1262 1076
5 1263 4058
5 1264 7842
5 1265 8850
5 1266 4663
5 1267 7463
5 1268 7463
5 1269 14044
5 1270 10183
5 1271 19005
5 1272 8247
5 1273 18676
5 1274 26579
5 1275 4688
5 1276 8320
5 1277 13117
5 1278 4728
5 1280 12704
5 1281 7559
5 1282 1424
5 1283 4074
5 1284 7
5 1285 6418
5 1286 14813
5 1287 7
5 1289 16371
5 1290 8386
5 1291 8785
5 1292 4984
5 1294 16872
5 1295 8842
5 1296 3105
5 1297 2123
5 1298 6787
5 1299 12994
5 1300 2781
5 1301 7693
5 1302 235
5 1303 22334
5 1304 1571
5 1305 8838
5 1306 17487
5 1307 7458
5 1308 34932
5 1309 27390
5 1311 3504
5 1312 1104
5 1313 1895
5 1314 5728
5 1315 14146
5 1316 361
5 1317 12133
5 1318 3152
5 1319 29219
5 1320 352
5 1321 10528
5 1323 32308
5 1324 8905
5 1326 1399
5 1327 12858
5 1328 2661
5 1330 13993
5 1331 3863
5 1333 1076
5 1334 9413
5 1335 2983
5 1336 6067
5 1337 12849
5 1338 19182
5 1339 4164
5 1340 7915
5 1341 6594
5 1342 7709
5 1343 5678
5 1344 663
5 1345 4776
5 1346 5521
5 1347 15382
5 1348 22235
5 1349 17782
5 1350 24001
5 1351 9905
5 1352 15281
5 1353 3982
5 1354 54361
5 1355 8582
5 1356 9001
5 1358 23902
5 1359 14716
5 1360 15675
5 1361 7550
5 1362 15715
5 1363 15944
5 1364 10879
5 1365 27289
5 1366 9886
5 1367 5824
5 1368 2418
5 1369 2748
5 1370 5922
5 1371 1843
5 1372 5102
5 1374 16464
5 1375 11660
5 1376 16149
5 1377 257
5 1378 7196
5 1379 2352
5 1380 1358
5 1381 13316
5 1382 7709
5 1383 3639
5 1384 5549
5 1385 15769
5 1387 134
5 1388 13355
5 1389 8786
5 1390 4859
5 1391 3237
5 1392 4403
5 1393 4653
5 1394 3320
5 1395 17364
5 1396 23693
5 1397 3888
5 1398 2655
5 1399 17359
5 1400 12743
5 1401 26504
5 1402 4045
5 1403 3583
5 1404 5099
5 1405 13911
5 1406 22571
5 1407 2841
5 1408 7712
5 1409 988
5 1410 3718
5 1411 8066
5 1413 25922
5 1414 737
5 1416 5430
5 1417 982
5 1418 9907
5 1419 15399
5 1421 3577
5 1422 16893
5 1423 3563
5 1425 1450
5 1426 12797
5 1427 10457
5 1428 6178
5 1429 3337
5 1432 46662
5 1433 6294
5 1434 2516
5 1435 23397
5 1437 25920
5 1438 32354
5 1439 1103
5 1440 13402
5 1441 2762
5 1442 1782
5 1443 3940
5 1444 14064
5 1445 24778
5 1446 8318
5 1447 1669
5 1448 6239
5 1449 4788
5 1450 5935
5 1451 5370
5 1452 11528
5 1453 15285
5 1454 1655
5 1455 5509
5 1456 12695
5 1457 7491
5 1458 9674
5 1459 3221
5 1460 15534
5 1462 41588
5 1463 9771
5 1464 20626
5 1465 6375
5 1466 21670
5 1467 4282
5 1468 41154
5 1469 9735
5 1470 10631
5 1471 8959
5 1472 8497
5 1473 3389
5 1474 4275
5 1475 6464
5 1476 1361
5 1477 14500
5 1478 34237
5 1479 10547
5 1480 22209
5 1481 23318
5 1482 7535
5 1483 13815
5 1484 8453
5 1485 18328
5 1486 606
5 1488 1703
5 1489 13998
5 1490 11275
5 1491 28400
5 1492 8433
5 1493 232
5 1494 15638
5 1495 2873
5 1496 2175
5 1498 3961
5 1499 265
5 1500 425
5 1501 8899
5 1502 4811
5 1503 1998
5 1504 2338
5 1505 24928
5 1506 16535
5 1507 3055
5 1509 8582
5 1510 144
5 1512 3266
5 1513 2840
5 1514 32556
5 1515 14809
5 1516 5499
5 1517 3534
5 1519 13673
5 1520 10429
5 1521 27455
5 1522 5765
5 1523 7101
5 1524 15036
5 1526 15257
5 1527 798
5 1528 18081
5 1529 800
5 1530 27516
5 1531 9443
5 1532 3960
5 1533 4239
5 1534 23887
5 1535 27097
5 1537 22681
5 1538 2865
5 1540 31639
5 1541 9247
5 1542 4148
5 1543 2590
5 1544 4226
5 1545 14271
5 1548 27931
5 1551 14336
5 1552 10971
5 1553 4065
5 1554 12508
5 1555 4329
5 1556 7539
5 1557 16117
5 1558 2769
5 1559 10720
5 1560 19857
5 1561 7281
5 1562 273
5 1563 7275
5 1564 5897
5 1565 1034
5 1566 22426
5 1568 6085
5 1570 2232
5 1571 15809
5 1573 404
5 1574 6845
5 1575 3276
5 1577 2723
5 1578 5682
5 1579 233
5 1580 27375
5 1581 1506
5 1582 14555
5 1583 2528
5 1584 10842
5 1585 6770
5 1586 5496
5 1587 16925
5 1588 17709
5 1589 2573
5 1590 3627
5 1591 13961
5 1592 8237
5 1593 6208
5 1595 6534
5 1596 12034
5 1597 9784
5 1598 2911
5 1599 6848
5 1600 18894
5 1602 946
5 1603 11823
5 1604 3473
5 1606 16569
5 1607 6647
5 1608 52610
5 1609 274
5 1610 24735
5 1611 5929
5 1612 7041
5 1613 9682
5 1614 5561
5 1615 228
5 1616 19645
5 1618 23219
5 1621 11254
5 1625 9803
5 1626 7320
5 1627 46042
5 1628 5648
5 1629 1829
5 1630 1693
5 1631 284
5 1632 2033
5 1633 10352
5 1634 2075
5 1635 3061
5 1637 6562
5 1638 6802
5 1639 443
5 1640 3461
5 1641 8052
5 1642 7284
5 1643 698
5 1645 1612
5 1646 4421
5 1647 1189
5 1648 3798
5 1649 5740
5 1650 4204
5 1651 3506
5 1652 86
5 1653 9690
5 1655 16264
5 1656 4770
5 1658 5117
5 1659 12817
5 1661 5139
5 1662 1619
5 1663 21459
5 1664 3599
5 1665 7792
5 1666 1397
5 1667 9232
5 1668 27366
5 1669 8258
5 1671 8115
5 1672 2051
5 1673 5336
5 1674 5760
5 1677 5363
5 1678 686
5 1679 5297
5 1681 6153
5 1682 31987
5 1683 6764
5 1684 5036
5 1685 7657
5 1686 15184
5 1687 22638
5 1688 306
5 1689 6812
5 1690 1611
5 1691 25328
5 1692 14736
5 1693 694
5 1694 3083
5 1695 16442
5 1696 28964
5 1698 9417
5 1699 23458
5 1700 2694
5 1701 16192
5 1703 4421
5 1704 4705
5 1705 64
5 1706 1031
5 1707 5458
5 1708 2377
5 1709 4951
5 1710 9305
5 1711 3829
5 1712 3961
5 1713 13490
5 1714 7990
5 1715 5005
5 1716 7585
5 1717 2114
5 1718 24224
5 1719 18452
5 1720 11330
5 1721 3947
5 1724 5959
5 1725 3638
5 1726 6732
5 1727 23329
5 1728 15657
5 1729 23119
5 1730 5559
5 1731 18096
5 1733 22227
5 1734 10689
5 1735 8563
5 1736 3738
5 1737 25663
5 1738 4996
5 1739 6267
5 1741 6354
5 1742 13926
5 1744 8117
5 1746 4390
5 1747 577
5 1748 428
5 1751 2199
5 1752 6178
5 1753 24969
5 1754 10135
5 1756 17
5 1757 6475
5 1758 2031
5 1759 10738
5 1760 1377
5 1762 9316
5 1763 14825
5 1764 11283
5 1765 25360
5 1766 4540
5 1767 3795
5 1768 23611
5 1769 1116
5 1770 14322
5 1771 8974
5 1772 8844
5 1773 8215
5 1774 3552
5 1775 5547
5 1776 1896
5 1777 4131
5 1778 3635
5 1779 2851
5 1780 17548
5 1781 23156
5 1782 24116
5 1783 648
5 1784 3302
5 1785 19885
5 1786 7566
5 1788 4365
5 1789 422
5 1790 7680
5 1791 465
5 1792 2194
5 1793 183
5 1794 754
5 1795 20332
5 1796 22296
5 1797 10544
5 1798 9086
5 1799 9160
5 1800 9929
5 1801 352
5 1802 11206
5 1803 15186
5 1804 26271
5 1805 13048
5 1806 1466
5 1808 6785
5 1809 4914
5 1810 2519
5 1811 4924
5 1812 1693
5 1813 604
5 1814 3861
5 1815 16335
5 1816 9413
5 1817 6974
5 1818 18785
5 1819 1447
5 1820 8008
5 1821 3473
5 1822 12101
5 1823 10180
5 1824 1746
5 1827 6244
5 1828 14074
5 1829 20514
5 1830 4137
5 1831 19354
5 1832 41
5 1833 20223
5 1834 16386
5 1835 11821
5 1836 2393
5 1837 9112
5 1838 728
5 1839 3909
5 1841 3732
5 1842 345
5 1843 15040
5 1844 2392
5 1845 12183
5 1846 25572
5 1847 10674
5 1848 374
5 1850 5942
5 1851 8336
5 1852 5996
5 1854 22820
5 1855 12688
5 1856 2765
5 1857 4765
5 1858 330
5 1859 1180
5 1860 22893
5 1861 4898
5 1862 5854
5 1863 15153
5 1864 91
5 1865 3782
5 1866 23567
5 1867 9215
5 1868 5337
5 1870 9934
5 1871 1442
5 1872 41803
5 1873 12390
5 1874 4252
5 1875 8369
5 1876 7970
5 1877 14207
5 1878 6009
5 1879 11375
5 1880 14900
5 1881 27581
5 1882 910
5 1883 10089
5 1884 2608
5 1885 3277
5 1886 8297
5 1887 6892
5 1888 14127
5 1889 14258
5 1890 14135
5 1891 12090
5 1892 5673
5 1893 12658
5 1894 11033
5 1895 13787
5 1896 5712
5 1897 10959
5 1898 3951
5 1899 601
5 1900 5155
5 1901 6045
5 1902 400
5 1903 10233
5 1904 4731
5 1905 238
5 1906 12309
5 1907 24893
5 1908 12358
5 1909 9535
5 1910 7011
5 1911 8429
5 1913 4037
5 1914 97
5 1915 7673
5 1916 7254
5 1918 3377
5 1919 3635
5 1920 11816
5 1921 340
5 1922 2719
5 1923 30311
5 1924 18633
5 1925 16944
5 1927 27746
5 1929 17525
5 1930 6247
5 1931 986
5 1932 33337
5 1934 2816
5 1935 11475
5 1936 16821
5 1937 11861
5 1938 2054
5 1939 7576
5 1940 19522
5 1941 2393
5 1943 9469
5 1944 445
5 1945 9628
5 1946 4500
5 1947 506
5 1948 7962
5 1949 9846
5 1950 1003
5 1951 333
5 1952 16063
5 1953 3905
5 1954 308
5 1955 24220
5 1956 4193
5 1957 33808
5 1958 15788
5 1959 25733
5 1960 3028
5 1961 27911
5 1962 14180
5 1963 24560
5 1964 4510
5 1965 10783
5 1966 7425
5 1967 2339
5 1968 3473
5 1969 535
5 1970 3959
5 1971 11140
5 1972 17173
5 1973 26922
5 1976 2964
5 1977 7611
5 1978 26809
5 1979 6761
5 1980 2428
5 1981 7398
5 1983 3791
5 1984 6767
5 1985 24668
5 1986 7206
5 1987 8954
5 1988 8382
5 1989 13264
5 1990 20174
5 1991 1530
5 1993 117
5 1994 699
5 1995 3598
5 1996 20352
5 1997 9
5 1998 4173
5 1999 2602
6 0 16236
6 1 7579
6 2 57820
6 3 828
6 4 9940
6 5 1877
6 7 69
6 8 12561
6 9 15249
6 10 2818
6 11 6481
6 12 10363
6 13 6275
6 14 4455
6 15 17535
6 16 24970
6 17 14515
6 19 16931
6 20 358
6 22 10938
6 23 2463
6 24 6478
6 25 18724
6 26 2492
6 27 483
6 30 9212
6 31 173
6 32 27809
6 33 13000
6 35 11172
6 36 12
6 37 768
6 39 2109
6 40 22698
6 41 5844
6 42 6154
6 43 606
6 44 5909
6 45 13859
6 46 3977
6 48 18057
6 49 5985
6 51 9918
6 52 8166
6 53 3557
6 54 179
6 55 4392
6 56 1736
6 57 6813
6 58 817
6 60 3956
6 61 3146
6 62 1286
6 63 10757
6 64 2893
6 65 7342
6 66 5027
6 67 22144
6 68 2307
6 69 1691
6 70 15696
6 71 36226
6 73 6001
6 74 9618
6 75 10171
6 76 157
6 77 4714
6 78 8362
6 79 7863
6 80 18527
6 81 3129
6 82 18874
6 83 849
6 84 17081
6 85 17639
6 86 14179
6 87 16470
6 88 31350
6 90 8817
6 91 3999
6 93 515
6 94 23882
6 95 1564
6 96 19754
6 97 13736
6 99 7722
6 100 41673
6 101 15468
6 103 7682
6 104 24314
6 105 23447
6 106 3329
6 107 3272
6 108 20936
6 111 3815
6 112 468
6 113 7509
6 115 4967
6 116 16531
6 117 3733
6 118 5187
6 119 21
6 120 4552
6 121 1440
6 122 6047
6 123 156
6 124 9654
6 125 9065
6 126 14385
6 128 18248
6 129 10322
6 130 1166
6 131 10216
6 132 19437
6 133 4286
6 134 13028
6 135 2101
6 136 12033
6 137 22974
6 138 6810
6 139 45146
6 140 23628
6 141 4740
6 142 3821
6 143 11864
6 144 9863
6 145 14275
6 146 1686
6 147 13010
6 148 12861
6 149 4927
6 150 8910
6 151 1791
6 152 3842
6 153 9635
6 154 6459
6 155 4785
6 156 6732
6 158 6412
6 159 1961
6 160 21264
6 161 20623
6 162 12891
6 164 9983
6 165 3087
6 166 10404
6 167 4234
6 169 19294
6 170 6233
6 171 2915
6 172 1007
6 173 4950
6 174 33569
6 176 10768
6 177 381
6 178 14793
6 179 9170
6 180 34361
6 181 20394
6 182 2503
6 183 3955
6 184 3819
6 185 32586
6 186 34174
6 187 3938
6 189 8972
6 190 5093
6 191 19659
6 192 854
6 193 25865
6 194 11696
6 197 3806
6 198 15777
6 199 4808
6 200 17604
6 201 136
6 202 11676
6 203 29322
6 204 17072
6 205 1054
6 206 15263
6 207 4618
6 208 601
6 209 8939
6 210 5581
6 211 3881
6 212 6597
6 213 4258
6 214 1927
6 215 37285
6 216 6065
6 218 1120
6 219 1215
6 220 1594
6 221 757
6 222 7917
6 223 5424
6 224 2331
6 226 5446
6 228 12849
6 229 2944
6 230 2311
6 231 5718
6 232 1295
6 233 3800
6 234 5229
6 235 5562
6 236 11058
6 237 7207
6 238 21349
6 240 581
6 241 12316
6 242 4643
6 243 2080
6 244 1934
6 245 15256
6 248 18833
6 250 7147
6 251 8365
6 252 24466
6 253 11571
6 254 39545
6 255 16673
6 256 4805
6 257 2077
6 259 2985
6 260 2373
6 261 5670
6 262 21214
6 263 23159
6 264 3895
6 265 11592
6 266 6431
6 267 24234
6 268 15316
6 269 2984
6 270 7929
6 271 22711
6 272 11425
6 274 5400
6 275 11198
6 277 741
6 278 2709
6 279 3757
6 280 3371
6 282 6295
6 283 32343
6 286 6199
6 287 15841
6 288 30002
6 290 515
6 291 2817
6 292 12122
6 293 4623
6 294 7123
6 295 3312
6 296 11811
6 297 15584
6 298 360
6 299 35059
6 300 5855
6 301 12452
6 302 6089
6 303 11252
6 304 1278
6 305 25223
6 306 3677
6 307 3902
6 308 8667
6 309 4920
6 310 10817
6 311 4277
6 312 19071
6 313 8711
6 314 147
6 315 2698
6 316 39733
6 317 10176
6 318 24709
6 319 6476
6 320 9597
6 321 20608
6 322 3573
6 323 23826
6 324 175
6 325 2973
6 327 1356
6 328 21749
6 329 3107
6 330 599
6 331 4666
6 332 16018
6 333 3986
6 334 12882
6 335 19097
6 336 8464
6 337 30355
6 338 8102
6 339 12201
6 340 3981
6 341 20501
6 342 24391
6 345 5420
6 346 14293
6 347 13594
6 348 1551
6 349 26885
6 350 36468
6 351 11018
6 352 8759
6 353 19032
6 355 23648
6 356 7950
6 357 11282
6 358 17366
6 359 18129
6 360 6052
6 361 8033
6 363 10891
6 364 585
6 365 9159
6 366 4200
6 367 13378
6 368 1014
6 369 4715
6 370 10297
6 372 14352
6 373 235
6 374 7160
6 375 10253
6 376 10515
6 377 536
6 378 18477
6 380 14552
6 381 4213
6 382 39
6 384 17038
6 385 7049
6 386 8084
6 387 8949
6 388 10708
6 389 14520
6 391 3087
6 392 14307
6 395 26979
6 396 7699
6 397 19621
6 398 11895
6 399 8373
6 400 15870
6 401 824
6 402 2172
6 403 6172
6 404 5387
6 405 4545
6 406 7781
6 407 1023
6 409 18793
6 410 6418
6 412 5869
6 413 843
6 414 8771
6 415 9679
6 417 5446
6 418 22183
6 419 1034
6 420 27938
6 421 1365
6 422 3708
6 423 1454
6 424 5126
6 426 1181
6 427 6687
6 428 3234
6 429 661
6 430 19736
6 431 8554
6 432 6728
6 433 58139
6 434 2115
6 435 5968
6 436 23312
6 437 14096
6 438 1582
6 439 6779
6 440 721
6 441 8569
6 442 19601
6 443 2720
6 444 335
6 445 4735
6 446 19859
6 448 5733
6 449 10204
6 450 7231
6 451 12280
6 452 10215
6 453 41980
6 454 28106
6 455 543
6 456 4752
6 457 10986
6 458 4958
6 459 9436
6 462 32307
6 464 970
6 465 6783
6 466 7335
6 467 37881
6 468 10457
6 469 1276
6 470 9303
6 471 7601
6 472 15911
6 473 4787
6 474 3042
6 475 4037
6 476 2866
6 477 312
6 480 7107
6 481 15659
6 482 3674
6 483 35322
6 484 11119
6 485 11950
6 486 11546
6 487 17135
6 488 1857
6 489 8204
6 490 9832
6 491 4343
6 492 3763
6 493 11816
6 494 80
6 495 4499
6 496 10488
6 497 9946
6 498 180
6 499 949
6 500 4690
6 501 3101
6 502 977
6 503 1050
6 504 2597
6 505 22710
6 506 27382
6 508 2235
6 509 21261
6 510 4319
6 511 1320
6 513 16610
6 514 1241
6 515 1472
6 516 45043
6 517 1356
6 518 26134
6 519 11254
6 520 1976
6 521 3137
6 522 15846
6 523 1143
6 524 8928
6 525 657
6 526 21562
6 527 5056
6 528 4236
6 529 1837
6 530 1166
6 531 37898
6 532 5644
6 533 11391
6 534 9234
6 535 28196
6 536 19669
6 537 2228
6 539 8834
6 540 1853
6 541 10402
6 542 412
6 543 11272
6 544 6646
6 545 2106
6 546 5545
6 547 3551
6 548 890
6 549 5776
6 550 23801
6 551 7765
6 552 302
6 553 25741
6 554 4481
6 555 3906
6 556 10075
6 557 1043
6 559 6598
6 560 19228
6 561 745
6 562 3314
6 563 27186
6 564 8519
6 565 17103
6 566 21675
6 567 5546
6 568 17253
6 569 18197
6 571 6627
6 572 10275
6 573 7174
6 574 21150
6 575 14452
6 576 7771
6 577 2642
6 578 30188
6 579 18442
6 580 16490
6 582 5084
6 583 8353
6 584 960
6 585 13506
6 586 6074
6 587 7934
6 588 23146
6 590 18492
6 591 5270
6 592 10578
6 593 17542
6 594 4613
6 595 8242
6 596 9200
6 597 9962
6 598 4951
6 599 36032
6 600 4200
6 601 10241
6 602 2350
6 603 5449
6 604 6030
6 605 4177
6 607 824
6 609 5918
6 610 239
6 611 6533
6 613 10732
6 614 20676
6 616 27016
6 617 6189
6 618 4097
6 619 7733
6 620 7052
6 621 3855
6 622 4272
6 623 10305
6 624 8893
6 625 12559
6 626 16687
6 628 4855
6 629 4699
6 630 1754
6 631 19662
6 633 13241
6 634 6
6 635 35397
6 636 18824
6 637 1016
6 638 28361
6 639 5053
6 640 2854
6 641 5478
6 643 9780
6 644 10374
6 645 1157
6 646 22789
6 647 19620
6 648 18535
6 650 22988
6 651 20069
6 652 17524
6 653 21850
6 654 2692
6 655 9506
6 656 698
6 657 1269
6 658 20741
6 659 14555
6 660 23748
6 661 11283
6 662 1000
6 663 6682
6 664 4975
6 666 29252
6 667 19147
6 669 13595
6 670 24875
6 671 16760
6 672 9460
6 673 4689
6 674 5951
6 675 19313
6 676 12697
6 678 2378
6 679 3862
6 680 5631
6 681 4618
6 682 740
6 683 2374
6 684 16724
6 686 311
6 687 20044
6 688 12424
6 689 14209
6 690 675
6 691 6113
6 692 5403
6 694 329
6 695 4866
6 696 3612
6 697 7143
6 699 8946
6 700 4710
6 701 8611
6 702 1766
6 704 10175
6 706 12439
6 707 33111
6 708 2107
6 709 26588
6 710 5125
6 711 7488
6 712 11250
6 714 31334
6 715 7230
6 717 20465
6 719 5264
6 720 2614
6 721 13660
6 722 1037
6 723 11313
6 724 10932
6 725 11054
6 726 4897
6 727 6996
6 728 1958
6 729 7986
6 730 20321
6 731 11448
6 732 10864
6 733 4964
6 734 4026
6 735 8856
6 736 43303
6 737 16206
6 738 2045
6 739 23696
6 740 2119
6 743 5656
6 744 16051
6 745 7222
6 746 14545
6 747 10980
6 749 12675
6 750 6834
6 751 5487
6 752 5486
6 753 17978
6 754 343
6 755 2473
6 756 9452
6 757 14593
6 758 10991
6 759 17200
6 760 6207
6 761 2378
6 762 5256
6 764 1763
6 765 14242
6 766 2577
6 767 6951
6 768 7653
6 769 3285
6 770 5253
6 771 2472
6 772 3514
6 774 9709
6 775 13737
6 776 3707
6 778 4226
6 779 15314
6 780 7336
6 781 2766
6 782 16253
6 783 26588
6 784 17195
6 786 22432
6 787 16898
6 788 2690
6 789 4797
6 790 4640
6 791 8695
6 792 10085
6 793 2817
6 794 10365
6 795 27013
6 796 12541
6 798 1521
6 799 5857
6 800 10890
6 802 8192
6 803 2582
6 804 3553
6 806 2569
6 807 28581
6 808 29311
6 809 369
6 811 5343
6 812 30224
6 813 25719
6 814 22796
6 815 4954
6 816 8295
6 817 5515
6 818 345
6 820 1614
6 821 32533
6 822 22337
6 823 8800
6 824 21477
6 825 15342
6 826 11961
6 827 18347
6 828 3723
6 829 22663
6 830 24014
6 832 2141
6 833 4215
6 834 35526
6 835 3142
6 837 5419
6 838 15561
6 839 6010
6 840 677
6 842 31531
6 843 28654
6 844 5652
6 845 1920
6 846 15449
6 847 8252
6 848 1781
6 849 2027
6 850 20149
6 851 1087
6 852 1160
6 853 15754
6 854 14187
6 855 6966
6 857 24
6 858 8614
6 859 5245
6 862 346
6 863 5495
6 864 246
6 865 3430
6 866 15025
6 867 1457
6 868 12373
6 869 2482
6 870 17381
6 871 1637
6 873 3978
6 874 8000
6 875 7821
6 876 16015
6 877 4027
6 878 10146
6 879 3
6 880 2178
6 881 34375
6 882 6263
6 884 10416
6 885 13598
6 886 9698
6 887 1002
6 888 14916
6 889 9118
6 890 23024
6 891 14208
6 892 4408
6 893 3031
6 894 23522
6 895 11544
6 896 13449
6 897 17848
6 898 1777
6 899 7467
6 900 6235
6 901 9890
6 903 8514
6 904 348
6 906 5342
6 907 82
6 908 6678
6 909 21750
6 910 2
6 911 3860
6 912 26141
6 913 604
6 914 27858
6 915 5605
6 916 14656
6 917 14046
6 918 26067
6 919 16636
6 920 20725
6 921 10194
6 922 7677
6 923 17623
6 924 3976
6 926 897
6 927 5854
6 928 1161
6 929 661
6 930 12870
6 931 3773
6 932 13363
6 933 17126
6 934 12669
6 936 11761
6 937 18317
6 938 7311
6 939 6440
6 940 16328
6 941 8807
6 942 8058
6 943 15781
6 944 7015
6 945 2098
6 946 21104
6 947 24381
6 948 16019
6 950 17196
6 951 14404
6 952 490
6 953 3874
6 954 9270
6 956 3055
6 957 6939
6 958 7018
6 959 2397
6 960 1937
6 961 12947
6 962 1675
6 963 25046
6 964 16958
6 965 13585
6 966 2831
6 967 20910
6 968 2575
6 969 4053
6 970 15519
6 971 17820
6 972 18383
6 973 7369
6 974 10475
6 975 3559
6 976 5145
6 977 25735
6 978 5755
6 979 10375
6 981 21531
6 982 610
6 983 7621
6 984 1802
6 985 12407
6 986 5375
6 987 2846
6 988 17684
6 989 4895
6 990 11170
6 991 4773
6 992 1887
6 993 3300
6 994 4962
6 996 2872
6 997 9121
6 998 11759
6 999 17948
6 1000 3914
6 1001 23613
6 1002 6056
6 1003 8902
6 1004 2738
6 1005 10500
6 1006 10186
6 1007 24577
6 1008 12333
6 1009 18382
6 1010 6045
6 1011 30868
6 1012 14747
6 1013 2677
6 1014 3004
6 1017 3330
6 1018 3323
6 1019 24850
6 1020 7979
6 1021 1286
6 1022 3754
6 1023 17422
6 1025 24669
6 1026 3565
6 1028 12981
6 1029 22208
6 1030 4414
6 1031 4339
6 1032 20456
6 1033 434
6 1034 9346
6 1035 9540
6 1036 12328
6 1037 6983
6 1038 38329
6 1039 3409
6 1040 11493
6 1041 27072
6 1042 30434
6 1043 2039
6 1044 14205
6 1045 5816
6 1046 13631
6 1047 14580
6 1048 3632
6 1049 6073
6 1051 24814
6 1052 32221
6 1053 3519
6 1054 5559
6 1055 2534
6 1056 4073
6 1057 3179
6 1058 812
6 1059 1900
6 1060 9345
6 1061 8355
6 1062 21476
6 1064 12780
6 1066 1726
6 1067 17510
6 1068 5195
6 1069 16024
6 1070 3920
6 1071 1498
6 1073 4416
6 1074 106
6 1075 6888
6 1076 7682
6 1077 22674
6 1078 1632
6 1079 25616
6 1081 3252
6 1084 24068
6 1085 7589
6 1086 3909
6 1087 6610
6 1088 6904
6 1089 10778
6 1090 7552
6 1091 15437
6 1092 17447
6 1093 17260
6 1094 12069
6 1095 7537
6 1096 24127
6 1097 4361
6 1098 15833
6 1099 20264
6 1100 31891
6 1101 2373
6 1102 38764
6 1103 1824
6 1104 3187
6 1105 597
6 1106 11911
6 1107 9616
6 1108 16924
6 1109 935
6 1110 15616
6 1111 11610
6 1112 14322
6 1113 10739
6 1114 27830
6 1115 1177
6 1116 11062
6 1117 14863
6 1118 8067
6 1119 1327
6 1121 30663
6 1122 442
6 1123 1990
6 1124 6837
6 1125 2568
6 1127 48
6 1128 13859
6 1129 31424
6 1130 7984
6 1131 7580
6 1132 202
6 1133 4695
6 1134 16814
6 1135 8604
6 1137 9938
6 1138 4329
6 1139 17998
6 1140 7243
6 1142 2893
6 1143 2006
6 1144 2627
6 1145 15750
6 1147 16169
6 1148 13628
6 1149 2794
6 1150 21476
6 1151 5653
6 1153 3687
6 1154 8011
6 1155 1941
6 1157 31174
6 1158 8599
6 1159 3397
6 1160 26885
6 1161 573
6 1162 3575
6 1163 8761
6 1164 3016
6 1165 16369
6 1167 4006
6 1168 13284
6 1169 6350
6 1170 4358
6 1172 3573
6 1173 5098
6 1175 8018
6 1176 1844
6 1177 24630
6 1178 8267
6 1179 228
6 1180 12496
6 1181 23490
6 1182 12683
6 1183 8199
6 1184 3404
6 1185 1481
6 1186 12782
6 1187 889
6 1188 24718
6 1189 6943
6 1190 24450
6 1191 4747
6 1192 9808
6 1193 11152
6 1194 196
6 1195 9243
6 1196 6200
6 1197 6561
6 1198 3688
6 1199 4836
6 1200 4573
6 1202 16166
6 1203 23058
6 1204 11838
6 1205 5924
6 1206 6080
6 1208 6391
6 1209 5933
6 1210 2711
6 1211 2524
6 1213 10377
6 1214 5490
6 1215 4915
6 1216 16424
6 1217 4356
6 1218 6017
6 1219 4102
6 1220 24220
6 1221 515
6 1222 1537
6 1223 5798
6 1224 225
6 1226 1850
6 1227 47
6 1228 15127
6 1230 15695
6 1231 1947
6 1232 24776
6 1233 1084
6 1234 4210
6 1235 6711
6 1236 18265
6 1237 4923
6 1238 292
6 1239 8218
6 1240 5629
6 1241 5876
6 1242 12820
6 1243 7957
6 1244 16132
6 1245 9865
6 1246 4354
6 1247 7691
6 1248 6983
6 1249 337
6 1250 8692
6 1251 17470
6 1252 26409
6 1253 10900
6 1254 6099
6 1255 52
6 1256 4176
6 1257 17113
6 1258 356
6 1259 7126
6 1261 14274
6 1262 14949
6 1264 3225
6 1265 18726
6 1266 4864
6 1267 9507
6 1268 4991
6 1269 768
6 1270 26901
6 1271 4860
6 1272 5095
6 1273 4768
6 1274 21392
6 1275 15505
6 1276 12322
6 1278 5234
6 1279 12862
6 1280 1342
6 1281 3905
6 1282 6247
6 1283 16156
6 1284 3186
6 1285 5219
6 1286 32671
6 1287 10731
6 1288 4334
6 1290 27383
6 1291 7075
6 1292 25220
6 1293 1918
6 1294 202
6 1295 26013
6 1296 7289
6 1297 4332
6 1298 7386
6 1299 6232
6 1300 24481
6 1301 2997
6 1302 10829
6 1303 19357
6 1304 16227
6 1305 163
6 1307 2591
6 1308 1898
6 1311 5335
6 1312 2049
6 1313 21536
6 1314 224
6 1315 11669
6 1316 13587
6 1317 5654
6 1318 1675
6 1319 3902
6 1320 12170
6 1321 11285
6 1322 7261
6 1323 13299
6 1324 4604
6 1325 23537
6 1326 1829
6 1328 11858
6 1329 39463
6 1330 19655
6 1331 7368
6 1333 4746
6 1334 8390
6 1335 11324
6 1336 4329
6 1337 14080
6 1338 19459
6 1339 10751
6 1340 10472
6 1341 1261
6 1342 23338
6 1344 22861
6 1345 14937
6 1346 7069
6 1347 7419
6 1348 11552
6 1349 8381
6 1350 5373
6 1351 2496
6 1352 21647
6 1353 5700
6 1354 8655
6 1355 11893
6 1356 15502
6 1357 7815
6 1358 18664
6 1359 3627
6 1360 2612
6 1361 270
6 1363 8869
6 1364 17960
6 1366 1446
6 1367 5554
6 1368 8733
6 1369 7073
6 1370 24223
6 1371 10951
6 1372 5075
6 1373 8922
6 1374 18411
6 1375 42322
6 1376 1735
6 1377 7700
6 1378 3508
6 1379 8462
6 1381 16476
6 1382 8893
6 1383 13866
6 1385 9476
6 1386 11526
6 1387 5078
6 1388 4992
6 1389 18816
6 1390 13466
6 1391 5858
6 1392 11681
6 1393 24
6 1395 11567
6 1396 12067
6 1397 1982
6 1398 7870
6 1399 33551
6 1400 23506
6 1401 11697
6 1402 278
6 1403 4051
6 1404 294
6 1405 9521
6 1406 10859
6 1407 12582
6 1408 9311
6 1409 15669
6 1411 12224
6 1412 2204
6 1413 5952
6 1414 17812
6 1415 1650
6 1416 2549
6 1417 3685
6 1418 39617
6 1419 16822
6 1420 4137
6 1421 2135
6 1422 4526
6 1423 809
6 1424 7930
6 1425 668
6 1426 2232
6 1428 4663
6 1429 17279
6 1430 6449
6 1431 4337
6 1433 9681
6 1434 1200
6 1435 3224
6 1436 14429
6 1437 10990
6 1438 13063
6 1439 3202
6 1441 11705
6 1442 9432
6 1443 34104
6 1444 4198
6 1445 2209
6 1446 123
6 1447 14870
6 1448 1097
6 1449 31765
6 1451 8459
6 1452 10314
6 1453 6229
6 1454 2697
6 1456 3862
6 1457 7219
6 1458 6389
6 1459 16017
6 1460 14682
6 1461 4625
6 1462 15193
6 1463 7589
6 1464 862
6 1465 5571
6 1466 5437
6 1467 19265
6 1468 44073
6 1469 2623
6 1470 1515
6 1471 2413
6 1472 10401
6 1473 263
6 1474 8363
6 1475 2993
6 1476 11536
6 1477 16676
6 1479 36927
6 1480 1265
6 1481 1908
6 1483 5752
6 1484 1783
6 1485 12461
6 1486 9853
6 1487 2900
6 1488 6418
6 1489 2804
6 1490 925
6 1491 12419
6 1492 30782
6 1494 19172
6 1495 28162
6 1496 33745
6 1497 3055
6 1499 7142
6 1501 25269
6 1502 2704
6 1503 13317
6 1504 4830
6 1505 220
6 1506 14076
6 1508 4714
6 1509 2184
6 1511 6103
6 1512 2454
6 1513 2303
6 1514 6121
6 1515 2116
6 1516 23919
6 1517 4931
6 1518 4831
6 1519 7023
6 1520 245
6 1521 19111
6 1522 3555
6 1524 1956
6 1525 5034
6 1526 9263
6 1527 16689
6 1529 2489
6 1530 5033
6 1531 15130
6 1532 5406
6 1533 18513
6 1534 20470
6 1535 9122
6 1536 7621
6 1537 2580
6 1538 8708
6 1539 2261
6 1540 29290
6 1541 19347
6 1542 7967
6 1543 21988
6 1544 9863
6 1545 7441
6 1546 28439
6 1548 17114
6 1549 10373
6 1550 3160
6 1552 7628
6 1553 1849
6 1554 5374
6 1555 3504
6 1556 28059
6 1557 13352
6 1558 309
6 1561 8406
6 1563 19861
6 1564 7896
6 1565 6339
6 1566 1640
6 1567 9407
6 1568 12219
6 1569 5085
6 1570 817
6 1571 7241
6 1572 1831
6 1573 7762
6 1574 2499
6 1575 15714
6 1576 10019
6 1577 596
6 1579 2351
6 1580 7241
6 1581 9745
6 1582 23175
6 1583 1634
6 1585 19683
6 1586 4215
6 1587 421
6 1588 4367
6 1589 1214
6 1590 9411
6 1591 2603
6 1592 25089
6 1593 10010
6 1594 20337
6 1595 8448
6 1596 4298
6 1597 7383
6 1598 7709
6 1599 5028
6 1600 5444
6 1601 857
6 1602 1157
6 1603 18265
6 1604 10754
6 1605 5584
6 1606 2797
6 1607 28128
6 1608 25931
6 1610 19611
6 1611 28746
6 1614 6432
6 1615 6297
6 1616 2468
6 1618 10655
6 1619 78
6 1620 2020
6 1621 4703
6 1623 17716
6 1624 8546
6 1626 7847
6 1627 4493
6 1628 3881
6 1629 9775
6 1630 16041
6 1631 24411
6 1632 1899
6 1633 34259
6 1635 18483
6 1637 13127
6 1638 1556
6 1639 1315
6 1640 9953
6 1641 11872
6 1642 22050
6 1643 1953
6 1644 1368
6 1645 14352
6 1646 20065
6 1647 3262
6 1648 969
6 1650 45223
6 1651 2839
6 1652 1805
6 1653 11439
6 1654 4264
6 1655 3096
6 1656 11966
6 1657 15621
6 1658 12528
6 1659 5431
6 1660 1982
6 1661 6395
6 1662 57
6 1663 7740
6 1664 8988
6 1665 5252
6 1666 10473
6 1667 6388
6 1668 5250
6 1669 2136
6 1671 16680
6 1672 28670
6 1673 5645
6 1674 23689
6 1675 19
6 1676 6725
6 1677 4073
6 1678 16699
6 1679 29753
6 1681 14068
6 1682 6845
6 1683 8628
6 1684 3479
6 1685 2490
6 1686 2565
6 1687 325
6 1688 2198
6 1689 18903
6 1690 1621
6 1691 14014
6 1692 17315
6 1693 30867
6 1695 14342
6 1696 2017
6 1697 3397
6 1698 22326
6 1699 24182
6 1700 15265
6 1701 2239
6 1702 3100
6 1703 5428
6 1704 5670
6 1705 2075
6 1706 32649
6 1707 19114
6 1708 16682
6 1709 494
6 1710 31248
6 1711 8373
6 1712 27294
6 1713 98
6 1714 4063
6 1715 8519
6 1716 6770
6 1717 344
6 1718 5646
6 1719 19600
6 1720 18277
6 1721 18453
6 1722 6380
6 1723 5616
6 1724 9797
6 1725 308
6 1726 8706
6 1727 14019
6 1728 5534
6 1729 8484
6 1730 17884
6 1731 1060
6 1732 13327
6 1733 4663
6 1734 14298
6 1735 369
6 1736 38648
6 1737 36227
6 1738 8598
6 1739 5660
6 1740 12771
6 1741 21802
6 1742 1575
6 1744 6875
6 1745 20534
6 1747 4980
6 1749 1711
6 1750 4159
6 1751 3329
6 1752 36187
6 1754 353
6 1755 28579
6 1756 9319
6 1757 7627
6 1758 18178
6 1759 17878
6 1760 5606
6 1761 263
6 1762 8260
6 1763 20252
6 1764 2597
6 1765 22928
6 1766 22987
6 1767 2563
6 1768 1513
6 1769 1908
6 1770 18134
6 1771 19994
6 1772 8353
6 1773 3097
6 1774 3787
6 1775 32016
6 1776 27870
6 1777 2035
6 1778 5795
6 1779 2472
6 1780 4360
6 1781 1522
6 1782 22568
6 1783 4366
6 1784 15524
6 1785 14994
6 1786 3322
6 1787 15252
6 1788 11787
6 1789 8653
6 1790 1893
6 1791 4534
6 1792 8282
6 1793 23799
6 1794 7998
6 1795 18212
6 1796 14520
6 1797 18137
6 1798 683
6 1799 3009
6 1800 10076
6 1801 1851
6 1802 6435
6 1803 628
6 1804 7331
6 1805 4238
6 1806 11924
6 1807 31777
6 1808 6679
6 1809 2150
6 1810 20126
6 1811 36129
6 1814 6065
6 1815 10263
6 1816 49
6 1817 5685
6 1818 11151
6 1819 5036
6 1820 21517
6 1821 7322
6 1822 8192
6 1823 10911
6 1824 27665
6 1825 27891
6 1826 14913
6 1827 20677
6 1828 4550
6 1829 3813
6 1830 18443
6 1831 4126
6 1832 10637
6 1833 4581
6 1834 8431
6 1835 35616
6 1837 6786
6 1838 9149
6 1839 5098
6 1840 3330
6 1841 21567
6 1842 11872
6 1843 841
6 1844 18430
6 1845 26304
6 1846 1631
6 1847 37408
6 1848 11530
6 1850 8671
6 1851 24694
6 1852 3065
6 1853 10896
6 1854 4398
6 1855 26161
6 1856 20302
6 1857 14470
6 1858 2205
6 1859 1620
6 1860 7317
6 1861 2013
6 1862 7190
6 1863 10766
6 1864 5612
6 1865 13005
6 1866 16560
6 1867 692
6 1868 8862
6 1869 5939
6 1870 6724
6 1871 9458
6 1872 6403
6 1873 2910
6 1874 34282
6 1875 1269
6 1876 19425
6 1877 12611
6 1878 2915
6 1879 5960
6 1881 4705
6 1882 5768
6 1883 2948
6 1885 12
6 1886 6773
6 1887 35874
6 1888 11840
6 1889 6880
6 1890 13787
6 1891 14918
6 1892 3158
6 1893 5138
6 1894 8902
6 1895 42859
6 1896 13528
6 1898 8434
6 1899 4515
6 1900 28070
6 1901 24258
6 1903 2442
6 1904 17667
6 1905 13430
6 1906 6002
6 1907 23637
6 1908 3712
6 1909 11726
6 1910 530
6 1911 1233
6 1912 7654
6 1913 5297
6 1914 1846
6 1915 1552
6 1916 7054
6 1917 14396
6 1918 12495
6 1919 6620
6 1920 4750
6 1922 2707
6 1923 4635
6 1924 3567
6 1925 8987
6 1926 3604
6 1927 3181
6 1928 4682
6 1929 13646
6 1930 4051
6 1931 13598
6 1932 9107
6 1933 11779
6 1934 14190
6 1935 6051
6 1936 3556
6 1937 180
6 1938 7692
6 1939 486
6 1940 4619
6 1941 24800
6 1942 364
6 1943 33419
6 1944 7499
6 1945 3590
6 1946 252
6 1949 9200
6 1950 3158
6 1951 16258
6 1952 23186
6 1954 8908
6 1955 9017
6 1956 12411
6 1957 888
6 1958 13480
6 1959 2239
6 1960 1531
6 1961 25880
6 1963 19953
6 1964 22257
6 1965 2860
6 1966 7420
6 1968 31847
6 1969 2648
6 1970 1540
6 1972 4006
6 1973 15
6 1974 2942
6 1975 1158
6 1976 7142
6 1977 38273
6 1978 22646
6 1979 41
6 1980 1681
6 1981 8861
6 1982 4718
6 1983 17462
6 1985 9473
6 1986 10771
6 1987 2160
6 1988 9431
6 1989 9635
6 1990 868
6 1991 12161
6 1992 11700
6 1995 21709
6 1997 21386
6 1998 19300
6 1999 26196
7 0 2847
7 1 24102
7 2 75
7 3 15031
7 4 6624
7 5 2371
7 6 7653
7 7 3173
7 8 24284
7 9 19797
7 10 7033
7 11 42101
7 12 14195
7 14 19521
7 15 8661
7 16 7009
7 17 2433
7 19 4618
7 20 9849
7 21 365
7 22 2257
7 23 19750
7 24 8700
7 25 14239
7 26 27270
7 27 3152
7 28 7019
7 29 23261
7 30 29848
7 31 11765
7 32 13058
7 33 19894
7 34 21480
7 35 10197
7 36 3612
7 37 8764
7 38 5268
7 39 1197
7 41 569
7 43 37773
7 44 3203
7 45 12010
7 47 15183
7 48 12484
7 49 3979
7 50 8036
7 51 18077
7 52 6289
7 53 18860
7 54 943
7 55 22059
7 56 5610
7 57 9483
7 58 6058
7 59 9094
7 60 30687
7 62 17192
7 63 2302
7 64 3581
7 65 23486
7 66 16349
7 67 59185
7 68 17332
7 69 923
7 70 5201
7 71 2213
7 72 6755
7 73 3318
7 74 3030
7 75 25237
7 76 3768
7 77 3012
7 78 17977
7 79 13863
7 80 34524
7 81 4034
7 82 4529
7 83 19482
7 84 5105
7 85 7046
7 86 30046
7 87 15718
7 88 16989
7 89 967
7 90 17300
7 91 9298
7 92 22746
7 93 7919
7 94 3492
7 95 11049
7 96 1569
7 98 20648
7 99 10731
7 100 252
7 101 13752
7 102 32432
7 103 8411
7 104 4766
7 105 5393
7 106 18309
7 107 7145
7 108 28648
7 109 5640
7 110 9448
7 111 338
7 112 1396
7 113 9065
7 114 23484
7 115 1497
7 116 24151
7 117 1307
7 118 5402
7 119 2671
7 120 4366
7 122 10873
7 123 22450
7 124 1766
7 127 13841
7 128 7998
7 129 924
7 130 2334
7 131 21435
7 132 959
7 133 13145
7 134 37876
7 135 510
7 136 1211
7 137 20350
7 139 23174
7 140 8792
7 141 11689
7 142 8035
7 143 5902
7 144 26481
7 145 8180
7 146 6891
7 147 5299
7 148 36462
7 149 21178
7 151 13655
7 152 28101
7 153 2148
7 156 8260
7 157 4113
7 158 25420
7 159 7703
7 160 4015
7 161 2991
7 162 14675
7 163 4970
7 164 22009
7 165 18748
7 166 22737
7 167 14482
7 168 10868
7 169 11665
7 170 1209
7 171 21643
7 172 18952
7 174 5517
7 175 4536
7 176 3483
7 177 6126
7 178 271
7 179 14150
7 180 5129
7 182 1795
7 184 23579
7 185 13378
7 186 41315
7 189 10276
7 190 7463
7 191 22008
7 192 4802
7 193 14052
7 194 50639
7 195 26354
7 196 929
7 197 5514
7 198 16529
7 199 7428
7 200 23023
7 201 6888
7 202 5120
7 203 7548
7 204 1874
7 205 20299
7 206 23406
7 207 2787
7 208 5317
7 209 123
7 210 3832
7 211 9162
7 212 10836
7 213 18847
7 214 11822
7 215 20654
7 216 17715
7 217 3811
7 218 7020
7 219 3515
7 220 3499
7 221 20523
7 222 13745
7 223 20853
7 224 3287
7 225 10427
7 226 5347
7 227 6993
7 228 29566
7 230 2327
7 231 3941
7 232 18194
7 233 1713
7 235 7445
7 236 7295
7 237 5349
7 238 2469
7 239 23161
7 240 10959
7 241 9454
7 242 6924
7 243 9564
7 244 7203
7 245 13404
7 246 5802
7 247 39712
7 248 8403
7 249 10953
7 250 4446
7 251 11377
7 252 8156
7 253 11221
7 254 6825
7 255 29148
7 256 18038
7 257 185
7 258 12024
7 260 5019
7 262 11044
7 263 4585
7 264 18098
7 265 2510
7 266 20924
7 267 4918
7 268 2953
7 269 3622
7 270 4631
7 271 5649
7 272 4389
7 273 4732
7 274 17865
7 275 1857
7 278 16213
7 279 6479
7 280 6412
7 281 21095
7 282 6889
7 283 733
7 284 18334
7 285 7015
7 286 8862
7 287 960
7 288 8
7 289 962
7 290 6986
7 291 6678
7 292 6862
7 294 20110
7 297 21826
7 298 11715
7 301 34476
7 302 7766
7 304 30678
7 306 900
7 308 3144
7 309 13500
7 310 11523
7 311 11711
7 312 21921
7 313 11138
7 314 94
7 315 1346
7 316 9359
7 317 4712
7 318 2902
7 319 37128
7 320 3121
7 321 20806
7 322 728
7 323 9056
7 324 26814
7 325 28439
7 327 8601
7 328 28332
7 329 2386
7 330 3834
7 331 16588
7 332 9821
7 333 19953
7 335 9648
7 336 5564
7 337 1752
7 338 6096
7 339 28800
7 340 4366
7 341 18
7 342 654
7 344 1302
7 345 2128
7 346 2477
7 347 6091
7 348 2958
7 349 2494
7 350 2764
7 351 3100
7 352 8347
7 353 12
7 354 6683
7 355 23599
7 356 10749
7 357 2389
7 359 1151
7 360 1634
7 361 11218
7 362 27077
7 363 21533
7 364 13255
7 365 2658
7 366 269
7 367 6219
7 369 12394
7 370 4099
7 371 15333
7 372 6430
7 373 4735
7 374 10161
7 375 6672
7 376 3468
7 377 11696
7 378 14567
7 379 2002
7 380 36888
7 381 7705
7 382 11276
7 383 11407
7 384 1162
7 385 9428
7 386 11403
7 387 7276
7 388 15175
7 389 215
7 390 321
7 391 2174
7 394 14991
7 395 5860
7 396 3662
7 397 18280
7 398 4888
7 399 517
7 400 2473
7 401 6630
7 402 5671
7 403 6421
7 404 2045
7 405 7
7 406 12000
7 407 6987
7 408 5018
7 410 18869
7 412 3294
7 413 17091
7 414 3331
7 415 1012
7 416 6021
7 417 12262
7 418 11706
7 419 13928
7 420 3213
7 421 3529
7 422 6221
7 423 817
7 424 3033
7 426 3087
7 427 19242
7 428 6026
7 430 35526
7 431 11986
7 432 270
7 433 6838
7 434 14946
7 435 8388
7 436 7136
7 437 9462
7 439 2169
7 440 39335
7 442 17502
7 444 5625
7 445 2013
7 446 13967
7 447 10998
7 448 31405
7 449 12891
7 450 16597
7 451 18093
7 452 3777
7 453 9317
7 454 23450
7 455 5932
7 456 10433
7 457 11324
7 458 10117
7 459 12323
7 461 10627
7 462 3753
7 463 12059
7 465 13591
7 466 5325
7 467 14365
7 468 9859
7 469 248
7 470 7254
7 471 2837
7 472 23907
7 473 4704
7 474 1958
7 475 23667
7 476 5573
7 477 19838
7 478 6347
7 479 3071
7 480 3862
7 481 212
7 482 1754
7 483 7950
7 484 9208
7 485 11628
7 486 1154
7 487 11613
7 488 17340
7 489 7274
7 490 1549
7 491 1555
7 493 1148
7 494 5920
7 495 26225
7 496 13873
7 497 3440
7 498 12237
7 499 10119
7 500 12338
7 501 5745
7 502 3217
7 503 8521
7 504 9973
7 505 3587
7 507 2142
7 508 4838
7 509 22028
7 510 18637
7 511 17538
7 512 8203
7 513 241
7 514 4204
7 515 24566
7 516 13342
7 517 8241
7 518 6978
7 519 4612
7 520 414
7 521 11030
7 523 5538
7 524 19513
7 525 3120
7 526 3633
7 527 14556
7 528 11929
7 529 41
7 530 8910
7 531 12100
7 532 26234
7 533 7730
7 534 3969
7 535 3790
7 536 8168
7 537 4725
7 538 19945
7 539 709
7 540 31133
7 541 10171
7 542 8569
7 544 2351
7 545 8261
7 546 3953
7 547 1719
7 548 11332
7 549 1249
7 550 19077
7 551 9718
7 552 2534
7 553 20797
7 554 6530
7 555 2237
7 556 10781
7 557 3039
7 558 6608
7 559 11528
7 560 17037
7 561 5991
7 563 8722
7 564 13696
7 565 3690
7 566 9755
7 567 18568
7 568 23283
7 570 8968
7 571 67
7 572 6842
7 573 21744
7 575 7765
7 576 19477
7 577 7221
7 578 10930
7 579 10053
7 580 4618
7 581 18878
7 582 3704
7 583 10864
7 584 3187
7 585 2148
7 586 8095
7 587 845
7 589 23663
7 592 6689
7 593 4357
7 594 8586
7 595 8108
7 596 28
7 597 3872
7 598 13239
7 600 419
7 601 89
7 603 22180
7 604 5488
7 605 22034
7 606 8033
7 607 2193
7 608 23356
7 609 643
7 610 5303
7 612 4100
7 614 12376
7 615 2258
7 616 1059
7 617 2067
7 618 16605
7 619 337
7 620 17429
7 621 13816
7 622 10175
7 623 956
7 624 45178
7 625 14768
7 626 1490
7 627 277
7 629 8129
7 630 11736
7 631 1412
7 633 11557
7 634 12745
7 635 7002
7 636 3204
7 637 4970
7 638 4486
7 639 14124
7 640 10139
7 641 8195
7 642 8633
7 644 951
7 646 4182
7 647 3325
7 648 17550
7 649 13306
7 650 8290
7 651 418
7 652 4326
7 653 859
7 654 318
7 656 749
7 657 9932
7 658 4013
7 659 2749
7 660 23042
7 662 11303
7 663 2817
7 664 5321
7 665 4939
7 666 21170
7 667 7218
7 668 9198
7 669 3551
7 670 9560
7 671 12802
7 672 1240
7 673 5786
7 674 7483
7 675 16236
7 676 6224
7 677 2865
7 679 29390
7 680 2791
7 682 12866
7 683 6937
7 684 7749
7 686 4322
7 687 963
7 688 18143
7 689 14157
7 690 8333
7 691 6715
7 692 2751
7 694 7089
7 695 8764
7 696 9644
7 698 1548
7 699 8122
7 702 13148
7 703 7540
7 704 8766
7 705 7788
7 706 1521
7 707 8765
7 708 12271
7 709 4922
7 710 11296
7 711 8315
7 712 4358
7 714 19201
7 715 3802
7 716 20551
7 717 8121
7 718 30914
7 720 14082
7 721 2282
7 722 1529
7 723 6042
7 724 12137
7 725 3931
7 726 19998
7 727 10995
7 728 8069
7 729 7515
7 731 19909
7 733 20449
7 735 2146
7 736 17932
7 737 10964
7 738 7033
7 739 1515
7 740 8001
7 741 13357
7 743 5683
7 744 16947
7 745 6746
7 746 28085
7 747 12742
7 748 14543
7 749 12088
7 750 6459
7 752 10028
7 753 19565
7 756 12684
7 757 9541
7 758 18807
7 759 27655
7 760 13519
7 761 22528
7 762 14348
7 763 11081
7 764 17080
7 765 9023
7 766 4169
7 767 4619
7 768 3714
7 769 10045
7 770 5715
7 771 32628
7 772 8194
7 773 19573
7 774 7463
7 775 16568
7 776 472
7 779 2340
7 780 2068
7 781 14521
7 782 2471
7 783 1769
7 784 6032
7 785 6663
7 786 74
7 787 1228
7 788 19022
7 789 34503
7 790 6969
7 791 15117
7 792 39071
7 793 25437
7 794 27315
7 796 8307
7 797 9397
7 798 21006
7 799 9448
7 800 11635
7 802 41245
7 803 40459
7 804 10656
7 805 5442
7 806 27063
7 807 348
7 808 3538
7 809 2631
7 810 16473
7 811 13354
7 813 17191
7 814 1337
7 815 2354
7 816 1695
7 817 9528
7 818 5181
7 819 2017
7 820 13455
7 821 3902
7 822 388
7 824 15748
7 825 20397
7 827 4878
7 828 7975
7 829 30534
7 830 612
7 831 4165
7 832 6142
7 833 5937
7 834 7472
7 835 5024
7 837 18383
7 838 9764
7 839 7141
7 840 11062
7 841 31262
7 842 5342
7 843 18195
7 844 29552
7 846 7830
7 848 1597
7 849 2744
7 850 460
7 851 16512
7 852 17050
7 853 6546
7 854 6617
7 855 31145
7 856 18418
7 857 2022
7 858 7503
7 859 8854
7 860 9933
7 861 22078
7 862 7796
7 863 17345
7 864 8386
7 866 1558
7 867 6225
7 868 3761
7 869 17631
7 870 4190
7 871 16
7 872 13353
7 873 1593
7 874 25735
7 877 5315
7 878 1105
7 880 41895
7 881 25958
7 882 21306
7 883 8615
7 885 6849
7 886 26106
7 887 8260
7 889 8052
7 890 1771
7 892 32421
7 893 289
7 894 7618
7 895 1491
7 897 8694
7 898 630
7 899 8248
7 900 15949
7 901 1971
7 902 1021
7 904 37448
7 905 9636
7 907 9122
7 908 946
7 909 20265
7 911 1226
7 912 18326
7 913 6696
7 914 7928
7 915 22432
7 916 33375
7 917 1165
7 918 2941
7 919 44021
7 920 450
7 921 7526
7 922 4753
7 923 9343
7 924 4524
7 925 98
7 926 6602
7 927 15556
7 928 20890
7 929 1107
7 930 4347
7 932 5908
7 933 16368
7 935 9555
7 936 10441
7 937 6983
7 938 5785
7 939 10082
7 940 10993
7 941 1671
7 942 6967
7 943 8450
7 944 15503
7 945 6349
7 946 7436
7 947 1710
7 948 4794
7 949 25297
7 950 14637
7 951 903
7 952 3559
7 953 614
7 954 10806
7 956 8105
7 957 4582
7 958 553
7 959 14459
7 960 480
7 961 13552
7 963 312
7 964 3626
7 965 8982
7 966 15105
7 969 9486
7 970 3241
7 975 5339
7 976 2826
7 977 1624
7 978 4358
7 979 4440
7 980 17586
7 983 915
7 984 9678
7 985 21278
7 986 6329
7 987 3049
7 988 168
7 989 4009
7 990 36807
7 991 2498
7 992 6663
7 993 5824
7 994 8526
7 995 6643
7 996 15229
7 998 7685
7 999 8246
7 1002 20686
7 1003 80
7 1004 3773
7 1005 15225
7 1006 4320
7 1007 4395
7 1008 365
7 1009 13073
7 1010 14661
7 1011 37822
7 1012 7730
7 1013 4681
7 1014 4802
7 1015 5447
7 1016 5681
7 1017 33275
7 1018 11026
7 1019 3028
7 1020 6384
7 1022 6362
7 1023 2939
7 1024 6887
7 1025 5614
7 1026 3860
7 1027 7404
7 1028 7072
7 1029 7488
7 1030 6654
7 1031 3200
7 1032 707
7 1033 11802
7 1034 23360
7 1035 652
7 1036 1569
7 1037 33825
7 1038 5626
7 1039 14729
7 1040 17497
7 1041 9246
7 1042 22035
7 1043 46820
7 1044 4371
7 1045 3305
7 1046 23166
7 1047 327
7 1049 686
7 1050 2418
7 1051 176
7 1052 17482
7 1053 8356
7 1054 7069
7 1055 30051
7 1056 26171
7 1057 1465
7 1058 596
7 1059 26006
7 1061 3539
7 1062 2112
7 1063 16618
7 1064 5173
7 1066 20846
7 1067 18435
7 1068 24644
7 1069 711
7 1070 18972
7 1072 2135
7 1073 2859
7 1074 5
7 1075 5587
7 1076 1485
7 1077 2524
7 1078 21744
7 1079 4185
7 1080 3286
7 1081 730
7 1082 4978
7 1083 7865
7 1084 4073
7 1085 9829
7 1087 7658
7 1088 4983
7 1089 19314
7 1090 2102
7 1091 585
7 1092 16891
7 1093 9743
7 1095 11385
7 1096 1246
7 1097 9658
7 1098 6153
7 1099 12809
7 1100 3253
7 1101 6314
7 1102 453
7 1104 3989
7 1105 3664
7 1106 11774
7 1107 1761
7 1109 7194
7 1110 783
7 1111 14265
7 1112 1552
7 1113 17466
7 1114 25449
7 1115 5256
7 1117 7640
7 1118 11797
7 1119 16459
7 1120 1991
7 1121 7814
7 1122 13538
7 1123 5672
7 1124 11509
7 1125 2106
7 1126 935
7 1127 23339
7 1128 160
7 1129 8654
7 1130 1097
7 1131 11828
7 1132 3854
7 1133 3653
7 1134 20073
7 1137 3301
7 1138 4751
7 1139 250
7 1140 20242
7 1141 406
7 1142 1552
7 1143 12952
7 1144 27434
7 1145 13512
7 1146 7164
7 1147 17378
7 1148 21487
7 1149 18523
7 1150 7977
7 1152 1704
7 1153 10300
7 1154 2877
7 1155 3898
7 1156 24565
7 1157 8530
7 1158 12842
7 1159 19660
7 1160 12093
7 1161 68
7 1162 3418
7 1163 25090
7 1164 26529
7 1165 12210
7 1166 24919
7 1168 7915
7 1169 6097
7 1170 9190
7 1171 9623
7 1172 4630
7 1173 9459
7 1174 10909
7 1176 13392
7 1177 17049
7 1178 6644
7 1179 4389
7 1180 15077
7 1181 5275
7 1182 8591
7 1183 13644
7 1184 540
7 1185 8209
7 1186 4104
7 1187 20912
7 1188 10362
7 1189 5468
7 1190 8564
7 1191 6815
7 1192 3623
7 1193 5635
7 1194 24517
7 1195 8285
7 1196 4420
7 1197 6202
7 1198 3098
7 1199 3626
7 1200 3402
7 1201 36856
7 1202 14008
7 1203 4959
7 1204 240
7 1205 9576
7 1206 15931
7 1208 442
7 1209 18332
7 1210 28500
7 1211 6735
7 1212 6815
7 1213 940
7 1216 105
7 1217 10319
7 1218 2055
7 1219 4781
7 1220 13279
7 1221 20935
7 1222 10265
7 1223 3333
7 1226 3450
7 1227 4214
7 1228 3365
7 1230 4303
7 1231 13631
7 1233 6358
7 1234 11937
7 1236 16955
7 1237 17900
7 1238 25036
7 1239 5234
7 1240 6261
7 1241 4948
7 1242 10998
7 1243 13247
7 1244 1725
7 1245 3696
7 1246 106
7 1247 1777
7 1248 2293
7 1249 7597
7 1250 9764
7 1251 12739
7 1252 317
7 1253 19936
7 1254 11967
7 1255 18917
7 1256 22169
7 1257 4717
7 1258 7525
7 1259 11899
7 1261 26490
7 1262 13043
7 1263 4098
7 1264 4329
7 1265 2899
7 1266 498
7 1267 2567
7 1268 12933
7 1269 4700
7 1270 27238
7 1271 3127
7 1272 1978
7 1273 13633
7 1274 17878
7 1275 106
7 1277 1612
7 1278 3699
7 1279 4101
7 1280 4523
7 1282 1281
7 1283 1134
7 1284 18009
7 1285 26757
7 1287 7985
7 1288 11796
7 1290 82
7 1291 7452
7 1292 8586
7 1293 27200
7 1295 9835
7 1296 1762
7 1297 28788
7 1298 4398
7 1299 8199
7 1300 14104
7 1301 6797
7 1302 15815
7 1303 4305
7 1304 283
7 1306 9284
7 1307 1585
7 1308 13864
7 1309 5029
7 1310 2259
7 1311 34709
7 1312 8630
7 1313 2781
7 1314 4234
7 1315 1706
7 1316 25110
7 1317 15121
7 1318 2133
7 1319 8240
7 1320 5953
7 1321 4311
7 1322 31484
7 1323 10205
7 1324 3109
7 1325 17356
7 1326 5718
7 1327 1703
7 1328 9781
7 1329 17638
7 1330 7343
7 1333 7174
7 1334 24342
7 1335 448
7 1336 7999
7 1337 1898
7 1338 7438
7 1339 14443
7 1340 5980
7 1341 40792
7 1342 20935
7 1345 421
7 1346 23945
7 1347 12952
7 1348 1196
7 1349 15648
7 1350 7600
7 1351 4565
7 1353 6189
7 1354 31895
7 1355 7522
7 1356 3533
7 1357 15159
7 1360 13427
7 1361 771
7 1362 35015
7 1363 11958
7 1364 18387
7 1365 1005
7 1366 8119
7 1367 52855
7 1368 5961
7 1369 3429
7 1370 16145
7 1371 13748
7 1372 1365
7 1373 8294
7 1374 26263
7 1375 22807
7 1377 7388
7 1378 18584
7 1379 20716
7 1380 23455
7 1383 13059
7 1384 29613
7 1385 6628
7 1386 3999
7 1387 10136
7 1388 12352
7 1389 3518
7 1390 8342
7 1391 3119
7 1392 6036
7 1394 2
7 1397 14617
7 1398 318
7 1399 15013
7 1400 6671
7 1401 10308
7 1403 17892
7 1404 4386
7 1405 30952
7 1406 11426
7 1407 165
7 1408 3205
7 1409 14420
7 1410 6997
7 1411 1568
7 1412 5988
7 1413 8795
7 1414 14040
7 1415 24358
7 1417 7053
7 1418 6978
7 1420 15988
7 1421 4518
7 1422 16795
7 1423 4717
7 1424 8204
7 1425 8717
7 1426 936
7 1427 17418
7 1428 4665
7 1429 1709
7 1430 7076
7 1431 988
7 1432 11395
7 1433 13155
7 1434 4640
7 1435 16381
7 1436 23191
7 1437 18448
7 1438 3670
7 1439 292
7 1441 11128
7 1442 172
7 1443 1131
7 1444 19137
7 1445 13535
7 1446 19838
7 1448 13540
7 1449 25491
7 1450 933
7 1451 902
7 1452 14927
7 1453 1720
7 1454 2464
7 1455 22562
7 1456 8506
7 1457 26104
7 1459 1181
7 1460 6240
7 1462 22896
7 1463 313
7 1464 7884
7 1465 13690
7 1466 560
7 1467 21096
7 1468 28903
7 1470 4268
7 1471 26149
7 1472 6293
7 1473 21829
7 1474 5661
7 1476 3555
7 1477 870
7 1478 9040
7 1479 8652
7 1480 5430
7 1481 4789
7 1482 16733
7 1483 14208
7 1484 24661
7 1485 19327
7 1487 282
7 1488 34934
7 1489 3568
7 1490 29768
7 1491 5357
7 1492 3243
7 1493 8015
7 1494 9856
7 1495 5156
7 1496 89
7 1497 15904
7 1498 9389
7 1499 8
7 1500 5401
7 1501 7820
7 1502 11103
7 1503 4438
7 1504 7117
7 1505 428
7 1506 3015
7 1507 12198
7 1508 309
7 1509 4145
7 1510 9307
7 1512 2093
7 1513 35774
7 1514 12441
7 1515 3692
7 1516 4214
7 1517 7698
7 1518 4923
7 1520 3118
7 1522 19324
7 1523 27121
7 1524 14789
7 1526 7
7 1527 6519
7 1528 3227
7 1529 3486
7 1530 20418
7 1531 19596
7 1532 9907
7 1533 4095
7 1534 2709
7 1535 3265
7 1536 17641
7 1537 15264
7 1538 35504
7 1539 18577
7 1541 23248
7 1542 27688
7 1543 10531
7 1544 6974
7 1545 2124
7 1546 9850
7 1547 24169
7 1548 12081
7 1549 33489
7 1550 23970
7 1551 10972
7 1552 2808
7 1553 2216
7 1554 8544
7 1555 5519
7 1556 947
7 1557 5945
7 1558 2610
7 1559 2560
7 1560 9043
7 1561 5612
7 1562 1776
7 1563 6822
7 1564 26078
7 1565 15630
7 1566 6115
7 1567 953
7 1570 6464
7 1571 5766
7 1572 3194
7 1574 2517
7 1575 6294
7 1576 8538
7 1577 1698
7 1578 11361
7 1579 883
7 1581 4482
7 1582 22162
7 1584 19035
7 1585 7155
7 1586 3716
7 1587 2998
7 1588 9428
7 1589 8091
7 1590 284
7 1591 20881
7 1592 4406
7 1593 7563
7 1594 5208
7 1595 5999
7 1598 10676
7 1599 1290
7 1600 2737
7 1601 4742
7 1602 16239
7 1604 712
7 1605 7087
7 1606 16701
7 1608 14951
7 1610 998
7 1611 8482
7 1612 2665
7 1613 3616
7 1614 9319
7 1615 28
7 1616 9023
7 1617 33902
7 1618 16955
7 1619 13570
7 1620 8907
7 1621 3625
7 1622 5280
7 1623 27323
7 1624 5347
7 1625 6253
7 1626 8454
7 1628 3717
7 1629 12306
7 1630 15029
7 1631 7258
7 1632 843
7 1633 9763
7 1634 8773
7 1635 12314
7 1636 18031
7 1637 1816
7 1638 9211
7 1639 7681
7 1640 6586
7 1641 40941
7 1642 4044
7 1643 6194
7 1644 841
7 1645 15688
7 1646 2847
7 1647 9398
7 1648 16415
7 1649 22530
7 1650 36
7 1652 4131
7 1653 1967
7 1654 11657
7 1655 12279
7 1656 5727
7 1658 11989
7 1659 1081
7 1660 20588
7 1661 24158
7 1662 10863
7 1663 32966
7 1664 3873
7 1666 15795
7 1667 9877
7 1669 2959
7 1670 36741
7 1671 12152
7 1672 9256
7 1673 3541
7 1675 8159
7 1676 7669
7 1678 16262
7 1680 14964
7 1681 226
7 1682 3056
7 1683 13827
7 1684 14515
7 1685 13694
7 1686 23543
7 1687 7182
7 1688 4700
7 1689 29194
7 1690 7154
7 1691 6718
7 1692 35969
7 1693 647
7 1694 21065
7 1695 12236
7 1696 11856
7 1697 18026
7 1698 10341
7 1699 5492
7 1701 5
7 1702 5800
7 1703 4093
7 1704 2550
7 1705 39006
7 1706 4463
7 1707 7422
7 1709 16952
7 1710 21541
7 1711 84
7 1712 16170
7 1713 3355
7 1714 1517
7 1715 19659
7 1716 4745
7 1717 9283
7 1719 134
7 1720 16117
7 1721 6757
7 1724 7426
7 1725 672
7 1726 8684
7 1727 1090
7 1728 23721
7 1729 11676
7 1730 5853
7 1732 5370
7 1733 3878
7 1734 12367
7 1735 9405
7 1736 361
7 1737 20343
7 1738 26683
7 1739 566
7 1740 349
7 1741 9371
7 1742 16081
7 1743 9095
7 1744 8050
7 1745 10899
7 1747 6564
7 1748 6836
7 1749 15379
7 1750 32660
7 1751 7273
7 1752 7599
7 1753 1758
7 1754 6090
7 1755 7332
7 1756 21436
7 1758 5850
7 1759 4261
7 1760 18419
7 1761 14607
7 1762 9289
7 1763 30506
7 1764 8809
7 1765 4881
7 1766 2681
7 1767 6539
7 1768 13844
7 1769 3411
7 1770 3742
7 1771 9735
7 1773 11936
7 1775 6199
7 1776 20422
7 1777 3953
7 1778 9595
7 1779 4591
7 1780 2593
7 1781 9524
7 1782 17435
7 1784 4779
7 1785 19616
7 1786 2458
7 1787 13225
7 1789 38924
7 1790 297
7 1791 20661
7 1792 2312
7 1794 22295
7 1795 8391
7 1796 381
7 1797 4339
7 1799 4063
7 1800 12498
7 1801 9889
7 1802 7448
7 1803 13100
7 1804 9243
7 1806 5601
7 1807 4985
7 1809 10466
7 1810 2797
7 1811 1332
7 1812 4805
7 1813 11562
7 1814 2533
7 1815 5283
7 1817 6170
7 1818 18457
7 1819 416
7 1820 8267
7 1821 2077
7 1822 28142
7 1823 18367
7 1824 28407
7 1826 15898
7 1827 13311
7 1828 22252
7 1830 5865
7 1831 34420
7 1832 22113
7 1833 4904
7 1834 2208
7 1835 10609
7 1836 18342
7 1838 10772
7 1840 8549
7 1841 19472
7 1842 12804
7 1844 7694
7 1845 2660
7 1846 2489
7 1847 5681
7 1849 6716
7 1850 918
7 1851 12157
7 1852 11
7 1853 11265
7 1854 6259
7 1855 1683
7 1856 17884
7 1857 5880
7 1858 6105
7 1859 12689
7 1861 2907
7 1862 5459
7 1863 20351
7 1864 26083
7 1865 26347
7 1866 15815
7 1867 11285
7 1868 11237
7 1869 173
7 1871 18145
7 1872 1711
7 1873 19580
7 1874 25119
7 1875 7964
7 1876 11502
7 1877 1938
7 1878 11321
7 1880 2115
7 1882 15609
7 1883 15172
7 1884 1157
7 1885 12407
7 1886 2569
7 1887 10088
7 1889 9346
7 1890 13145
7 1891 10238
7 1892 4441
7 1893 8014
7 1894 5149
7 1895 4015
7 1896 4951
7 1897 24331
7 1898 35035
7 1899 8468
7 1900 7502
7 1901 9403
7 1902 4342
7 1903 9907
7 1904 13114
7 1905 3079
7 1906 28653
7 1907 16570
7 1908 182
7 1909 1717
7 1910 2065
7 1911 18527
7 1913 8855
7 1914 4572
7 1915 7363
7 1916 13
7 1917 8035
7 1918 8251
7 1919 3798
7 1920 2131
7 1921 4331
7 1922 19033
7 1923 26579
7 1924 10228
7 1925 11678
7 1926 2426
7 1927 23408
7 1930 19787
7 1931 20732
7 1932 3000
7 1933 10120
7 1934 4360
7 1935 16110
7 1936 5255
7 1937 14304
7 1938 334
7 1939 3413
7 1940 5957
7 1941 7791
7 1942 4970
7 1943 8655
7 1944 7666
7 1945 675
7 1946 12597
7 1947 5705
7 1948 22170
7 1949 2865
7 1950 7547
7 1951 5056
7 1952 6049
7 1953 11163
7 1954 9403
7 1955 8316
7 1956 2480
7 1957 16350
7 1958 877
7 1959 21811
7 1960 8958
7 1961 3212
7 1962 253
7 1963 12332
7 1964 17053
7 1966 2519
7 1967 22653
7 1968 12426
7 1969 342
7 1970 8084
7 1971 5347
7 1973 2019
7 1974 3342
7 1975 24181
7 1976 40875
7 1977 24660
7 1978 16837
7 1979 34742
7 1980 1312
7 1981 8334
7 1982 14648
7 1984 16062
7 1985 24055
7 1986 11154
7 1987 16275
7 1988 6112
7 1989 8957
7 1990 5265
7 1991 10364
7 1992 19480
7 1993 3297
7 1994 6099
7 1995 15421
7 1996 2864
7 1997 6668
7 1998 10093
7 1999 1929
8 0 30973
8 1 6108
8 2 3919
8 4 4511
8 5 2020
8 6 18519
8 7 28830
8 8 6995
8 9 1279
8 10 668
8 11 9240
8 12 10386
8 13 8939
8 14 24519
8 15 6141
8 16 20733
8 17 14048
8 19 20264
8 20 5326
8 21 4682
8 22 13510
8 23 11123
8 24 17031
8 25 6763
8 27 8215
8 29 8098
8 30 2966
8 31 17262
8 32 6918
8 33 5066
8 34 4409
8 35 3932
8 36 16671
8 37 12266
8 38 2106
8 39 15634
8 40 5730
8 41 3081
8 42 22306
8 43 7448
8 44 16721
8 45 54
8 46 18591
8 48 5816
8 51 3289
8 53 162
8 54 2708
8 55 6174
8 56 11250
8 57 10137
8 59 1807
8 61 5301
8 62 15751
8 63 6006
8 64 3153
8 65 22970
8 66 3232
8 67 26591
8 69 4809
8 70 17393
8 71 10057
8 72 17006
8 73 10188
8 74 10195
8 75 19222
8 76 6986
8 77 10731
8 78 6421
8 79 7297
8 80 16585
8 81 17880
8 82 20770
8 83 15723
8 84 2853
8 85 7031
8 88 1000
8 89 7048
8 90 11109
8 91 5739
8 92 3611
8 93 24699
8 94 4797
8 95 467
8 96 1628
8 98 37534
8 99 7500
8 100 11706
8 101 791
8 102 7356
8 103 3751
8 104 3634
8 105 31761
8 107 8728
8 108 4449
8 109 13588
8 110 6482
8 111 11483
8 112 14474
8 113 2986
8 114 12342
8 115 20960
8 116 683
8 117 20717
8 118 14415
8 120 3236
8 121 4269
8 122 16273
8 124 22968
8 125 12736
8 126 15629
8 127 25529
8 128 7213
8 129 5615
8 130 10162
8 131 4680
8 132 18384
8 133 22146
8 134 22025
8 135 17195
8 136 3854
8 138 20358
8 139 5875
8 140 2738
8 141 7296
8 142 8795
8 143 8094
8 145 10466
8 146 4511
8 147 18683
8 148 2041
8 149 1604
8 150 24322
8 151 1860
8 152 8756
8 153 27397
8 154 10333
8 155 6675
8 156 20753
8 157 29990
8 158 6099
8 159 6112
8 160 13255
8 161 15068
8 162 18749
8 163 36
8 164 17102
8 165 6227
8 166 11144
8 167 16537
8 168 9402
8 169 15282
8 170 23624
8 171 22345
8 172 11520
8 175 5069
8 176 16475
8 177 18512
8 178 8956
8 179 4471
8 180 8755
8 182 14354
8 183 3774
8 185 5413
8 186 11229
8 187 17903
8 188 12758
8 189 5538
8 190 3453
8 191 23367
8 192 1008
8 193 6192
8 194 33727
8 195 4250
8 196 18147
8 198 4879
8 199 6221
8 200 3722
8 201 5437
8 202 1242
8 203 9905
8 204 614
8 205 16623
8 206 17088
8 207 8874
8 208 11143
8 209 6487
8 210 2165
8 211 4657
8 212 6633
8 213 3858
8 214 558
8 215 340
8 216 8110
8 217 4424
8 218 4632
8 219 8422
8 221 24480
8 222 657
8 223 16641
8 224 7644
8 225 8982
8 227 14838
8 228 33544
8 229 2359
8 230 10303
8 232 8160
8 233 9531
8 234 9772
8 235 8321
8 236 7265
8 238 4262
8 239 1924
8 240 10003
8 241 27945
8 242 2146
8 244 13179
8 245 23328
8 247 6607
8 248 7944
8 249 10866
8 250 410
8 251 365
8 254 7134
8 255 20179
8 256 6827
8 257 1092
8 258 12658
8 259 18060
8 260 10177
8 261 7975
8 262 3198
8 263 10486
8 264 4879
8 268 1198
8 269 4756
8 270 2606
8 271 2219
8 272 4908
8 273 7447
8 275 3001
8 276 5615
8 277 12913
8 278 17107
8 279 3098
8 280 1055
8 281 5569
8 282 16925
8 283 14582
8 284 11470
8 285 2821
8 286 23443
8 287 6808
8 288 3565
8 289 7001
8 291 10306
8 292 1375
8 294 5759
8 296 29557
8 298 9250
8 299 3046
8 300 14815
8 302 4012
8 303 13994
8 304 23119
8 305 10151
8 306 6955
8 307 9040
8 308 9793
8 309 6229
8 310 9485
8 311 17271
8 312 12130
8 313 18300
8 314 18238
8 316 1306
8 317 2583
8 318 28071
8 319 1088
8 320 4068
8 322 23711
8 323 1949
8 324 16620
8 327 7166
8 328 21095
8 329 24870
8 330 366
8 331 18538
8 332 8961
8 333 1472
8 334 5676
8 335 14861
8 336 8826
8 337 9220
8 338 7732
8 339 1105
8 340 15237
8 341 23850
8 343 5970
8 345 2030
8 346 31732
8 347 1574
8 349 4153
8 351 21373
8 352 5530
8 353 20416
8 354 7885
8 355 6905
8 356 22885
8 357 7396
8 358 5463
8 359 4612
8 360 10232
8 361 12837
8 362 7369
8 363 12006
8 364 3700
8 365 1152
8 366 15052
8 367 3995
8 368 555
8 369 18301
8 370 287
8 371 4732
8 374 21772
8 375 1999
8 376 25907
8 377 26844
8 378 5003
8 379 15705
8 380 5527
8 381 6252
8 382 4939
8 383 24514
8 384 30941
8 385 3536
8 386 21422
8 387 2773
8 388 240
8 389 8968
8 390 471
8 391 9331
8 392 122
8 394 291
8 395 1981
8 396 24914
8 397 2687
8 398 15718
8 399 34593
8 400 17474
8 401 14169
8 403 28826
8 404 7405
8 405 18236
8 406 10222
8 407 32406
8 408 459
8 409 8256
8 410 2674
8 411 1356
8 412 8287
8 413 1272
8 414 6755
8 416 3673
8 417 17876
8 419 1063
8 420 14298
8 422 8743
8 423 6766
8 424 8911
8 425 4144
8 426 35083
8 427 9711
8 428 7938
8 429 33284
8 430 5792
8 431 17165
8 432 14562
8 433 3795
8 435 21339
8 438 6050
8 439 4786
8 440 15187
8 441 7453
8 442 15067
8 443 20818
8 444 3561
8 445 7542
8 446 10484
8 449 5315
8 450 2984
8 451 16974
8 452 7819
8 453 2695
8 455 6266
8 456 18168
8 457 8967
8 458 7897
8 459 31686
8 461 8225
8 462 25406
8 463 22223
8 464 5129
8 465 18012
8 466 591
8 467 4120
8 468 6133
8 469 1392
8 470 3729
8 471 16631
8 472 30647
8 473 7518
8 474 17878
8 475 162
8 476 9118
8 477 22609
8 478 980
8 480 7165
8 481 7534
8 482 2803
8 483 26071
8 484 12875
8 485 30807
8 486 18808
8 487 32642
8 489 19908
8 490 4073
8 491 17942
8 492 1290
8 493 4204
8 494 13336
8 495 7862
8 496 1006
8 497 10289
8 498 1337
8 499 4461
8 500 3529
8 501 14839
8 502 3980
8 503 21050
8 504 4185
8 505 24921
8 506 4112
8 508 4540
8 509 16997
8 510 28861
8 511 10082
8 512 3454
8 513 2666
8 514 557
8 515 10440
8 516 13663
8 518 9331
8 519 8069
8 520 20151
8 522 5574
8 523 2035
8 524 6294
8 525 4743
8 526 1991
8 527 7380
8 528 23162
8 530 25102
8 531 3302
8 532 4771
8 533 8389
8 534 9898
8 535 12590
8 536 1959
8 537 5195
8 538 10734
8 540 2234
8 541 31638
8 542 15553
8 543 4190
8 544 6800
8 545 9049
8 546 23105
8 547 8332
8 548 3801
8 549 1447
8 550 13065
8 551 18747
8 552 3166
8 553 1899
8 554 3267
8 555 17086
8 556 855
8 557 19092
8 558 24312
8 559 143
8 560 21711
8 561 5256
8 562 9686
8 563 2008
8 564 23704
8 565 8995
8 566 7019
8 567 9415
8 568 18540
8 569 25
8 570 24422
8 571 2225
8 573 7329
8 574 296
8 575 7948
8 576 6826
8 577 35892
8 578 5079
8 579 33778
8 580 13681
8 582 2967
8 583 2234
8 584 19407
8 585 10722
8 586 16184
8 587 18463
8 588 15711
8 589 7515
8 590 2414
8 591 1926
8 592 4007
8 593 16001
8 594 2175
8 595 13802
8 596 10616
8 597 25182
8 598 6960
8 599 5850
8 600 5957
8 602 20649
8 603 14836
8 604 926
8 605 4267
8 606 10684
8 607 6491
8 608 14164
8 609 17785
8 610 5090
8 611 3438
8 612 1350
8 613 21053
8 614 10197
8 615 5808
8 617 2539
8 618 11525
8 619 18406
8 621 22900
8 622 16709
8 623 4433
8 624 1876
8 625 5848
8 626 7569
8 627 3875
8 629 13714
8 630 5
8 631 5012
8 632 3312
8 633 11066
8 634 3950
8 635 3619
8 637 18845
8 638 7892
8 639 16557
8 640 783
8 641 2238
8 642 30173
8 643 3021
8 644 2044
8 645 17471
8 646 20240
8 647 16857
8 648 3478
8 649 14242
8 650 18240
8 651 35
8 652 6498
8 653 7401
8 654 64
8 655 4706
8 656 26871
8 658 86
8 659 22216
8 660 5138
8 661 11136
8 663 9606
8 664 2655
8 665 3325
8 666 2237
8 668 4888
8 670 2765
8 671 1278
8 672 12537
8 673 4277
8 674 9665
8 675 473
8 676 8214
8 677 14223
8 678 20603
8 679 5709
8 680 875
8 681 542
8 682 5469
8 683 21088
8 685 10208
8 686 5658
8 687 3097
8 688 8603
8 689 1553
8 691 7861
8 692 19541
8 693 27621
8 694 12373
8 695 14293
8 697 19919
8 698 5394
8 699 1463
8 700 172
8 701 2107
8 702 12528
8 703 18267
8 705 5460
8 707 16171
8 708 2767
8 709 13630
8 710 34399
8 711 11556
8 712 7723
8 713 5935
8 714 13891
8 715 3085
8 716 14556
8 718 21955
8 719 28827
8 721 3285
8 722 30718
8 723 3386
8 724 8906
8 725 2257
8 726 16447
8 728 32451
8 729 1828
8 730 10334
8 731 13633
8 732 6074
8 733 12874
8 734 8777
8 735 36211
8 736 18339
8 737 4287
8 738 338
8 740 590
8 741 1580
8 742 4321
8 743 17871
8 744 10380
8 745 1974
8 746 4134
8 748 16447
8 749 21045
8 750 29055
8 751 23743
8 752 3556
8 753 7667
8 754 29323
8 755 1632
8 756 15087
8 757 15912
8 758 15176
8 759 14289
8 761 5501
8 762 8879
8 763 3388
8 764 9625
8 765 789
8 766 34637
8 767 7413
8 768 7127
8 769 3185
8 770 3198
8 771 14775
8 772 14930
8 773 5394
8 774 17418
8 775 2133
8 776 4227
8 777 17174
8 779 20580
8 780 10719
8 781 1309
8 782 3074
8 783 7482
8 785 5715
8 786 23936
8 787 7507
8 788 3399
8 789 2802
8 790 2066
8 791 5245
8 792 9107
8 793 21185
8 794 5928
8 796 26646
8 798 8937
8 799 7470
8 800 3360
8 801 12124
8 802 21353
8 804 3080
8 805 1551
8 806 2403
8 807 9835
8 808 12708
8 809 2513
8 811 12815
8 813 7733
8 814 7365
8 815 4323
8 816 1547
8 817 4880
8 818 321
8 819 11531
8 821 310
8 822 7271
8 823 1315
8 825 20094
8 826 2285
8 827 6267
8 829 6161
8 830 6389
8 833 3076
8 834 37712
8 835 13472
8 836 12416
8 837 29161
8 840 8751
8 841 6729
8 842 367
8 843 1927
8 844 890
8 845 9141
8 846 18198
8 847 15185
8 848 10755
8 849 8641
8 850 185
8 851 316
8 852 12076
8 856 11826
8 857 27852
8 858 30799
8 859 4537
8 861 5450
8 863 27536
8 864 20897
8 865 9454
8 866 9096
8 867 5938
8 868 20436
8 869 1295
8 870 4966
8 871 5980
8 872 1506
8 873 5836
8 874 1740
8 875 21103
8 876 1993
8 877 558
8 878 7649
8 879 3671
8 880 4035
8 881 16
8 882 13294
8 883 4590
8 885 4003
8 886 13525
8 887 18168
8 888 7218
8 890 860
8 891 3832
8 892 16087
8 893 18467
8 894 29270
8 895 35
8 896 291
8 897 21472
8 898 8788
8 900 5433
8 901 12182
8 902 1694
8 903 2816
8 905 16545
8 906 4
8 907 6687
8 908 7399
8 909 1410
8 910 25732
8 911 4976
8 912 4320
8 913 7791
8 914 13518
8 915 2479
8 916 7296
8 917 2935
8 918 15814
8 919 2313
8 920 8008
8 921 5005
8 922 2400
8 923 4445
8 924 10353
8 925 7194
8 926 13764
8 927 880
8 928 5484
8 929 11375
8 930 4710
8 931 484
8 932 6113
8 933 4402
8 934 25278
8 935 3538
8 936 2652
8 937 244
8 938 4439
8 939 438
8 940 24072
8 941 8403
8 942 2972
8 943 19138
8 944 2364
8 945 7083
8 946 5815
8 947 16526
8 948 3394
8 949 883
8 951 13434
8 952 13331
8 953 123
8 954 1493
8 955 723
8 956 8992
8 957 17271
8 958 5617
8 960 2309
8 961 5728
8 963 5613
8 964 1223
8 965 9617
8 966 16997
8 968 10153
8 969 3930
8 970 15820
8 971 9810
8 973 8974
8 974 6902
8 975 5628
8 976 2479
8 977 40176
8 978 1389
8 979 22508
8 980 21232
8 981 3654
8 982 1242
8 983 4432
8 984 11939
8 985 12746
8 987 4836
8 988 18051
8 989 1183
8 990 6247
8 991 7356
8 992 12278
8 993 3437
8 994 19894
8 995 28368
8 996 7073
8 997 5204
8 998 8506
8 999 5651
8 1000 2099
8 1001 206
8 1002 18702
8 1003 8156
8 1004 11807
8 1005 3980
8 1006 1459
8 1007 15789
8 1008 2186
8 1009 28072
8 1010 25830
8 1011 9882
8 1012 3777
8 1014 329
8 1015 3143
8 1017 3953
8 1018 9507
8 1020 26321
8 1022 189
8 1023 28814
8 1024 18358
8 1025 29507
8 1026 11970
8 1027 271
8 1028 17074
8 1029 8478
8 1030 2092
8 1031 4107
8 1032 9316
8 1033 21598
8 1034 7319
8 1035 3680
8 1036 7360
8 1037 20461
8 1038 3926
8 1039 7626
8 1040 9075
8 1041 3580
8 1042 1786
8 1043 16804
8 1044 88
8 1046 5642
8 1047 18844
8 1048 20152
8 1049 450
8 1050 12762
8 1051 5155
8 1052 12917
8 1053 51
8 1054 28236
8 1055 468
8 1056 20475
8 1057 1870
8 1058 1572
8 1059 11999
8 1061 20825
8 1062 496
8 1063 115
8 1065 4135
8 1066 7350
8 1067 6090
8 1068 1616
8 1070 4145
8 1072 8091
8 1073 33902
8 1074 11279
8 1075 7882
8 1076 4362
8 1077 3401
8 1078 12843
8 1079 22711
8 1080 2598
8 1081 20192
8 1082 8306
8 1084 5269
8 1085 18541
8 1086 282
8 1087 13800
8 1088 3298
8 1089 8666
8 1090 17289
8 1091 7228
8 1092 24562
8 1093 5725
8 1094 2913
8 1095 9619
8 1096 353
8 1097 2784
8 1099 12011
8 1100 36182
8 1101 14576
8 1103 7820
8 1104 11401
8 1105 17097
8 1106 8917
8 1107 15111
8 1108 4214
8 1110 7895
8 1111 17637
8 1112 24086
8 1113 1723
8 1114 2500
8 1116 8581
8 1117 13639
8 1119 23945
8 1121 1656
8 1122 3460
8 1123 187
8 1124 5989
8 1125 9071
8 1126 333
8 1127 1403
8 1128 2567
8 1129 15657
8 1130 7940
8 1131 8575
8 1132 9670
8 1133 194
8 1134 25220
8 1135 2186
8 1136 17125
8 1138 6055
8 1139 212
8 1141 5923
8 1142 25569
8 1144 5766
8 1145 1523
8 1146 20006
8 1147 5187
8 1148 3149
8 1149 1205
8 1150 15234
8 1151 6685
8 1152 4958
8 1153 2780
8 1154 9170
8 1155 18389
8 1156 17832
8 1157 1846
8 1158 317
8 1159 15744
8 1160 2568
8 1161 9168
8 1162 2881
8 1163 11821
8 1164 25568
8 1165 5744
8 1166 4585
8 1168 9567
8 1169 425
8 1171 3103
8 1172 885
8 1173 10180
8 1174 6645
8 1175 16769
8 1176 8221
8 1177 12708
8 1178 4294
8 1179 11113
8 1180 11985
8 1181 3492
8 1182 19689
8 1183 22450
8 1184 6350
8 1185 7127
8 1186 2876
8 1187 2001
8 1188 351
8 1189 4843
8 1190 5877
8 1192 4205
8 1193 2228
8 1194 2577
8 1195 27976
8 1196 1588
8 1197 22969
8 1198 6835
8 1199 8225
8 1200 5354
8 1201 1923
8 1203 11265
8 1204 38848
8 1205 10965
8 1206 11465
8 1208 3078
8 1209 3837
8 1210 3501
8 1211 9972
8 1213 4838
8 1214 9503
8 1215 24271
8 1216 3668
8 1217 1615
8 1218 1986
8 1219 8269
8 1221 18824
8 1222 23972
8 1223 142
8 1224 12495
8 1225 3733
8 1226 17060
8 1227 7560
8 1228 10927
8 1229 19950
8 1230 4971
8 1231 2153
8 1232 197
8 1233 16600
8 1234 6361
8 1235 21743
8 1236 106
8 1237 57
8 1239 11021
8 1240 3619
8 1241 12303
8 1242 5598
8 1243 101
8 1244 8902
8 1245 9012
8 1247 5686
8 1248 22260
8 1250 863
8 1251 18179
8 1252 3166
8 1253 601
8 1254 15547
8 1255 1434
8 1256 7244
8 1257 7890
8 1258 2388
8 1259 19294
8 1260 3116
8 1261 24067
8 1262 8747
8 1263 12795
8 1264 18946
8 1265 12070
8 1266 19945
8 1267 25
8 1268 20994
8 1270 715
8 1271 3523
8 1272 1105
8 1273 4589
8 1274 8102
8 1275 3068
8 1276 329
8 1277 9643
8 1278 5631
8 1279 3037
8 1280 4518
8 1281 456
8 1282 14331
8 1283 4549
8 1285 4225
8 1286 1542
8 1287 8012
8 1288 13208
8 1290 4006
8 1291 10549
8 1292 1566
8 1293 15922
8 1294 12250
8 1295 17000
8 1296 23788
8 1297 2607
8 1298 6604
8 1299 11167
8 1300 10646
8 1302 17748
8 1303 6451
8 1304 11823
8 1305 5227
8 1306 569
8 1307 25743
8 1308 2409
8 1309 39789
8 1310 143
8 1311 2221
8 1312 17600
8 1313 2824
8 1314 14752
8 1315 12206
8 1316 4567
8 1317 23891
8 1318 5898
8 1319 19184
8 1320 3415
8 1321 12735
8 1322 15141
8 1323 1037
8 1324 21970
8 1325 308
8 1326 6799
8 1328 19255
8 1329 2843
8 1330 2082
8 1331 223
8 1332 3540
8 1333 1774
8 1335 1249
8 1336 13078
8 1337 9154
8 1338 3500
8 1339 22898
8 1340 1551
8 1341 3680
8 1342 33689
8 1343 11876
8 1344 3149
8 1345 16360
8 1346 21064
8 1347 21546
8 1348 33805
8 1349 5415
8 1350 21215
8 1351 2273
8 1353 9095
8 1354 1087
8 1355 18848
8 1356 2644
8 1357 19621
8 1359 26735
8 1360 270
8 1362 7352
8 1363 1446
8 1364 2561
8 1366 16514
8 1367 24
8 1368 4203
8 1369 4341
8 1370 27168
8 1372 11233
8 1373 9153
8 1374 5954
8 1375 2036
8 1376 15277
8 1377 35707
8 1378 14733
8 1379 13780
8 1380 5971
8 1382 12043
8 1383 18824
8 1384 2324
8 1385 1248
8 1386 6785
8 1387 1057
8 1388 7287
8 1389 1392
8 1390 875
8 1391 10841
8 1392 908
8 1393 1971
8 1394 4051
8 1395 10472
8 1396 6279
8 1397 2441
8 1398 7059
8 1399 5087
8 1400 2137
8 1401 9191
8 1402 3194
8 1403 4184
8 1404 9155
8 1405 4506
8 1406 5906
8 1407 3974
8 1408 9674
8 1409 17755
8 1410 227
8 1411 8813
8 1412 31341
8 1413 22948
8 1414 16203
8 1415 383
8 1416 551
8 1417 3958
8 1418 3694
8 1419 3856
8 1420 23217
8 1422 24184
8 1423 230
8 1424 15553
8 1425 6163
8 1427 4942
8 1428 1459
8 1429 22567
8 1430 13463
8 1431 315
8 1432 366
8 1433 2373
8 1434 3353
8 1435 20365
8 1436 19906
8 1437 1749
8 1438 10006
8 1439 48
8 1440 1426
8 1441 6197
8 1442 5285
8 1443 21
8 1445 17249
8 1446 11926
8 1447 18319
8 1448 6427
8 1449 18296
8 1450 87
8 1451 1437
8 1452 2289
8 1453 2489
8 1455 8663
8 1456 32957
8 1457 6447
8 1459 2494
8 1460 14483
8 1461 22246
8 1462 25867
8 1463 6589
8 1464 12731
8 1465 3832
8 1466 8845
8 1467 12958
8 1469 7168
8 1471 3986
8 1472 896
8 1473 5589
8 1474 6011
8 1475 3037
8 1476 29570
8 1477 10721
8 1478 6603
8 1479 4879
8 1481 2221
8 1482 4752
8 1483 6084
8 1484 1334
8 1486 225
8 1487 7157
8 1488 6313
8 1490 14898
8 1491 3068
8 1492 591
8 1493 2585
8 1494 3937
8 1495 27930
8 1496 28186
8 1497 31940
8 1498 6050
8 1499 14887
8 1500 27490
8 1503 8543
8 1504 8569
8 1505 4234
8 1506 7359
8 1507 2645
8 1508 904
8 1509 21383
8 1510 7333
8 1511 21989
8 1512 819
8 1513 200
8 1514 12722
8 1515 21209
8 1516 3694
8 1517 1560
8 1518 33122
8 1519 4393
8 1520 1425
8 1522 5222
8 1524 177
8 1525 2987
8 1527 16229
8 1528 16732
8 1530 4370
8 1531 1788
8 1532 4838
8 1533 2109
8 1534 3331
8 1535 1568
8 1536 17011
8 1537 11616
8 1540 1695
8 1541 14298
8 1542 402
8 1543 6019
8 1544 5053
8 1545 7552
8 1546 3442
8 1547 5350
8 1548 19866
8 1549 1991
8 1550 3644
8 1551 21686
8 1552 4790
8 1553 179
8 1554 10102
8 1556 6981
8 1559 8714
8 1560 11188
8 1561 33764
8 1562 7158
8 1564 11238
8 1565 5812
8 1566 15152
8 1567 5096
8 1568 7045
8 1569 20044
8 1570 10443
8 1571 9506
8 1572 757
8 1573 37986
8 1574 5189
8 1575 7188
8 1576 23259
8 1577 26533
8 1578 2618
8 1579 10819
8 1580 56
8 1581 13903
8 1582 8528
8 1583 25772
8 1584 6384
8 1586 14345
8 1587 29
8 1589 11743
8 1590 21413
8 1591 2628
8 1592 19246
8 1593 3702
8 1594 1693
8 1595 208
8 1596 4754
8 1597 6643
8 1598 13103
8 1599 2670
8 1600 3402
8 1601 4411
8 1602 1915
8 1603 33558
8 1604 8447
8 1605 3731
8 1606 11616
8 1607 17996
8 1608 2494
8 1609 27669
8 1610 1943
8 1611 5138
8 1612 1365
8 1613 4883
8 1614 13931
8 1615 21846
8 1616 642
8 1617 4903
8 1618 8433
8 1619 18744
8 1620 2266
8 1621 24624
8 1622 1985
8 1623 3322
8 1624 13717
8 1625 14189
8 1626 20613
8 1627 9014
8 1628 11302
8 1629 36998
8 1630 8091
8 1631 1943
8 1632 10332
8 1633 2052
8 1634 2620
8 1635 21858
8 1636 8193
8 1637 24913
8 1638 572
8 1640 2917
8 1641 6577
8 1642 2091
8 1644 11729
8 1645 56
8 1646 31
8 1647 3512
8 1648 18921
8 1649 350
8 1650 8906
8 1651 2135
8 1652 2577
8 1653 2312
8 1654 7335
8 1655 9766
8 1656 8277
8 1657 15929
8 1658 25824
8 1659 3918
8 1660 8484
8 1661 17497
8 1662 2773
8 1663 5339
8 1664 9728
8 1665 2791
8 1666 744
8 1667 7680
8 1668 1689
8 1669 1164
8 1670 16104
8 1671 23332
8 1672 2294
8 1673 693
8 1674 1654
8 1675 6257
8 1676 42522
8 1677 9276
8 1678 8766
8 1679 108
8 1680 6468
8 1681 31248
8 1682 15678
8 1683 10031
8 1684 6563
8 1685 7239
8 1686 2977
8 1687 12505
8 1688 921
8 1689 5514
8 1690 25625
8 1691 15644
8 1692 16284
8 1693 993
8 1694 10303
8 1695 275
8 1696 499
8 1697 33119
8 1698 28412
8 1699 1424
8 1700 26643
8 1701 13211
8 1702 1942
8 1703 45
8 1704 11610
8 1705 2825
8 1706 73
8 1707 10277
8 1708 4317
8 1709 11380
8 1710 13553
8 1711 4209
8 1712 7788
8 1713 11302
8 1714 22314
8 1715 3452
8 1717 125
8 1718 11410
8 1719 4910
8 1721 44
8 1722 3466
8 1723 19364
8 1724 13832
8 1725 6639
8 1726 5591
8 1727 8659
8 1728 82
8 1729 10021
8 1730 1761
8 1731 8163
8 1732 13437
8 1733 15318
8 1734 7567
8 1735 2864
8 1736 1281
8 1737 19489
8 1738 13562
8 1739 5173
8 1740 19710
8 1741 16302
8 1742 4143
8 1743 9137
8 1744 7052
8 1745 820
8 1746 1290
8 1748 110
8 1749 4271
8 1750 9918
8 1752 2327
8 1754 1322
8 1755 3285
8 1756 4365
8 1757 25138
8 1758 4160
8 1759 5293
8 1760 2690
8 1761 5937
8 1762 4077
8 1763 315
8 1764 6432
8 1766 1389
8 1767 24577
8 1768 40439
8 1769 24909
8 1770 1304
8 1771 6317
8 1772 2273
8 1773 12847
8 1774 583
8 1775 16570
8 1777 21715
8 1778 6876
8 1779 22042
8 1780 16733
8 1781 18278
8 1782 1304
8 1783 12204
8 1784 28809
8 1785 8555
8 1786 3079
8 1787 18715
8 1788 15026
8 1789 6123
8 1790 6471
8 1791 21061
8 1792 7581
8 1794 20376
8 1795 7983
8 1796 318
8 1797 27376
8 1798 15819
8 1799 2170
8 1801 14766
8 1802 141
8 1803 11742
8 1804 17374
8 1805 2277
8 1806 6459
8 1807 4148
8 1808 584
8 1809 936
8 1810 17639
8 1811 5702
8 1812 1506
8 1813 6603
8 1814 10834
8 1816 7642
8 1817 3591
8 1818 7901
8 1819 495
8 1820 18160
8 1821 2701
8 1822 2208
8 1823 2084
8 1824 2090
8 1825 7452
8 1827 18046
8 1828 21047
8 1829 7879
8 1830 6146
8 1831 7633
8 1832 6013
8 1833 15564
8 1834 3375
8 1835 17299
8 1836 3446
8 1837 12869
8 1838 19223
8 1839 12007
8 1840 20633
8 1843 2456
8 1844 6032
8 1845 4555
8 1846 6329
8 1847 3003
8 1848 21132
8 1851 3052
8 1852 22940
8 1853 17643
8 1854 30085
8 1855 2414
8 1856 9885
8 1857 7478
8 1858 21163
8 1859 28746
8 1860 10341
8 1861 5738
8 1862 12297
8 1863 20198
8 1864 6745
8 1865 45768
8 1866 2472
8 1867 23343
8 1868 2137
8 1869 8498
8 1870 14763
8 1871 8510
8 1872 3743
8 1873 1316
8 1874 7336
8 1875 3200
8 1876 9618
8 1877 324
8 1879 2179
8 1880 11568
8 1881 4875
8 1882 1427
8 1883 20571
8 1884 17384
8 1885 17346
8 1886 745
8 1887 15345
8 1888 5718
8 1890 8396
8 1891 10114
8 1892 15812
8 1893 3012
8 1894 7761
8 1895 12904
8 1896 1526
8 1897 6079
8 1898 24469
8 1899 576
8 1900 18489
8 1901 6174
8 1902 1786
8 1903 4932
8 1905 6468
8 1906 5421
8 1907 12812
8 1908 11248
8 1909 7718
8 1910 23496
8 1911 3787
8 1912 923
8 1913 9390
8 1914 20723
8 1915 2267
8 1916 5850
8 1917 4737
8 1919 11144
8 1920 19969
8 1922 2242
8 1923 5820
8 1924 2628
8 1925 9579
8 1926 4004
8 1927 12654
8 1928 7224
8 1929 3422
8 1930 82
8 1931 10721
8 1932 4253
8 1933 84
8 1934 795
8 1935 22714
8 1936 26
8 1937 7494
8 1938 5481
8 1939 35283
8 1940 1404
8 1941 9127
8 1942 3707
8 1943 4086
8 1944 13229
8 1945 18329
8 1946 2203
8 1947 4283
8 1948 2230
8 1949 16143
8 1950 11348
8 1951 827
8 1953 714
8 1954 29578
8 1955 10554
8 1956 7180
8 1957 22849
8 1958 14814
8 1959 21297
8 1960 6623
8 1961 19601
8 1962 7795
8 1964 23757
8 1965 1550
8 1966 20186
8 1967 11697
8 1968 5009
8 1969 3101
8 1970 16832
8 1972 5449
8 1973 26520
8 1974 15094
8 1975 151
8 1976 24874
8 1977 3351
8 1978 17792
8 1979 32495
8 1980 10928
8 1981 437
8 1982 26799
8 1983 8694
8 1984 3759
8 1986 3463
8 1987 5119
8 1988 5692
8 1990 11698
8 1991 3349
8 1992 9021
8 1993 1677
8 1994 21665
8 1995 5024
8 1997 10834
8 1998 2196
8 1999 17458
9 0 10231
9 1 4307
9 2 23416
9 3 17950
9 5 15492
9 6 16
9 7 17702
9 8 2639
9 9 2995
9 10 34638
9 11 3455
9 12 11595
9 13 20132
9 14 18012
9 15 6324
9 16 4154
9 17 1401
9 18 3402
9 19 21999
9 20 5389
9 21 13
9 22 10584
9 23 2898
9 24 11306
9 25 4966
9 26 2840
9 27 14708
9 28 18654
9 29 8669
9 30 5303
9 31 16561
9 32 10801
9 33 23798
9 34 9473
9 35 5006
9 36 19011
9 37 13501
9 38 19044
9 41 16346
9 42 830
9 43 3440
9 44 2026
9 45 30356
9 46 25299
9 47 26282
9 48 974
9 49 10011
9 50 16564
9 51 12504
9 52 11580
9 53 967
9 54 13187
9 55 1365
9 56 3492
9 58 12240
9 59 3841
9 60 10512
9 61 22863
9 62 18891
9 63 7271
9 64 14230
9 65 2357
9 66 16412
9 67 15632
9 68 15665
9 69 19429
9 70 364
9 71 8460
9 72 2586
9 73 14740
9 74 7195
9 75 2804
9 76 20224
9 77 7744
9 78 8085
9 79 3787
9 80 6138
9 81 9328
9 82 4371
9 83 11077
9 84 904
9 85 2073
9 86 2515
9 87 444
9 88 534
9 89 7006
9 90 21626
9 91 17793
9 92 20545
9 93 10197
9 94 10566
9 96 3087
9 97 4287
9 99 10400
9 100 14744
9 101 7531
9 102 10700
9 103 9038
9 104 23282
9 106 9068
9 107 11424
9 108 3446
9 109 224
9 111 4447
9 114 11161
9 115 5526
9 117 12057
9 118 3533
9 120 10771
9 121 17234
9 122 3474
9 123 7564
9 124 16916
9 125 3488
9 126 6283
9 128 2149
9 129 22870
9 130 3256
9 131 9636
9 132 16735
9 133 13949
9 134 7222
9 135 3326
9 136 4829
9 137 1667
9 138 17373
9 139 13462
9 140 9983
9 141 23496
9 142 5140
9 143 3458
9 144 15358
9 145 5735
9 146 6093
9 148 11209
9 149 1284
9 150 7871
9 152 1018
9 153 2876
9 154 6917
9 155 6656
9 157 44
9 158 10867
9 160 416
9 161 8565
9 162 8136
9 163 2611
9 164 31032
9 166 29431
9 167 6357
9 168 18516
9 169 9260
9 170 2306
9 171 4785
9 172 10180
9 173 23595
9 174 1442
9 175 12480
9 176 24328
9 177 1387
9 178 9136
9 179 9433
9 180 1062
9 182 1698
9 183 10786
9 184 390
9 185 3984
9 186 3072
9 187 7241
9 188 18394
9 189 16941
9 190 1691
9 191 14906
9 192 11826
9 193 12768
9 194 13322
9 195 3981
9 196 5012
9 197 13751
9 198 4977
9 199 3864
9 200 2459
9 201 27230
9 202 2458
9 203 3005
9 204 8926
9 205 6096
9 206 8584
9 207 19024
9 209 8553
9 210 2653
9 211 9981
9 212 4718
9 214 3106
9 215 1573
9 216 19704
9 217 10423
9 218 10292
9 219 6221
9 220 5359
9 221 690
9 222 2529
9 223 2221
9 224 22043
9 225 12880
9 226 23177
9 227 5514
9 228 7831
9 229 6868
9 230 835
9 231 33367
9 232 34717
9 234 28680
9 235 7643
9 236 4336
9 237 5181
9 238 31284
9 239 27120
9 241 4309
9 242 17953
9 243 11963
9 244 22055
9 245 13441
9 246 4908
9 247 7104
9 248 8646
9 249 9811
9 250 266
9 251 1450
9 252 2602
9 255 2141
9 256 11201
9 257 21997
9 258 1112
9 260 14732
9 261 3175
9 262 4367
9 263 9153
9 264 29043
9 265 176
9 266 3450
9 267 18452
9 268 4008
9 269 2095
9 270 15356
9 272 14439
9 273 17432
9 274 11742
9 275 8977
9 276 21305
9 277 346
9 278 12903
9 280 1229
9 281 15688
9 282 1545
9 283 16940
9 284 16624
9 285 3659
9 286 1236
9 287 2611
9 288 4966
9 289 11886
9 290 3093
9 291 5133
9 292 13352
9 293 12121
9 294 14223
9 295 4601
9 296 13573
9 297 4959
9 298 17318
9 299 19
9 300 12480
9 301 841
9 302 3918
9 303 4
9 304 6980
9 305 10327
9 306 3315
9 307 18457
9 308 6548
9 309 8404
9 310 17287
9 311 10922
9 312 15760
9 313 6771
9 314 18122
9 315 11347
9 316 7704
9 317 19334
9 318 8870
9 319 2082
9 320 1047
9 321 4152
9 322 3979
9 324 8431
9 326 4674
9 327 17429
9 329 3894
9 330 4327
9 331 8937
9 332 16881
9 333 27128
9 334 773
9 335 13293
9 336 17461
9 337 6976
9 338 14766
9 339 10867
9 340 9698
9 341 27925
9 342 7557
9 343 13528
9 344 230
9 346 1600
9 348 3685
9 349 3228
9 350 11927
9 352 3610
9 353 8297
9 354 584
9 355 3146
9 356 9613
9 357 1033
9 359 7303
9 360 7006
9 361 9901
9 362 3175
9 363 31525
9 364 4047
9 365 32482
9 366 4069
9 367 3201
9 368 7142
9 369 6962
9 370 6713
9 371 19138
9 372 16292
9 373 16968
9 374 33275
9 375 27452
9 376 39030
9 377 27
9 378 14034
9 379 22345
9 380 11782
9 382 7757
9 383 10137
9 384 7430
9 385 12515
9 386 14307
9 387 2715
9 388 20
9 389 25583
9 390 22427
9 391 1167
9 393 11403
9 394 13487
9 395 15801
9 396 30491
9 397 23731
9 398 24071
9 399 7400
9 400 7705
9 401 1050
9 403 8797
9 404 14860
9 405 9042
9 406 15882
9 407 35517
9 408 16203
9 409 4801
9 410 5531
9 411 5807
9 412 5800
9 413 342
9 414 24159
9 415 8548
9 416 3166
9 417 169
9 418 16873
9 420 16600
9 422 5424
9 423 1276
9 424 38257
9 425 32352
9 426 12969
9 427 7655
9 428 26643
9 429 5619
9 430 19850
9 431 1130
9 432 3332
9 433 839
9 434 10101
9 435 15865
9 436 2576
9 437 2470
9 438 953
9 439 25001
9 441 13388
9 442 8280
9 443 13379
9 445 1962
9 446 5494
9 447 7999
9 448 2039
9 449 17461
9 450 1214
9 451 5705
9 452 18633
9 453 6541
9 454 7201
9 456 29191
9 457 28432
9 458 274
9 459 5249
9 460 14977
9 461 2586
9 462 4176
9 463 19882
9 464 2407
9 465 14713
9 466 300
9 467 8698
9 468 21244
9 469 4671
9 470 1548
9 471 851
9 472 4351
9 474 540
9 475 1886
9 476 4170
9 477 3092
9 478 11319
9 479 18950
9 480 3470
9 481 3068
9 482 7177
9 483 10376
9 484 18506
9 485 5038
9 486 25767
9 489 9080
9 490 5700
9 491 8972
9 493 17260
9 494 12318
9 495 365
9 496 1811
9 497 4672
9 498 6163
9 499 434
9 500 819
9 501 8463
9 502 12846
9 503 156
9 505 13136
9 506 9379
9 508 2445
9 509 4435
9 511 6430
9 512 8733
9 513 10873
9 515 1802
9 516 187
9 517 4342
9 518 8107
9 519 9734
9 521 3289
9 522 18746
9 523 12844
9 524 3317
9 525 8999
9 526 17870
9 527 2948
9 528 10747
9 529 6729
9 530 9814
9 531 2857
9 532 9334
9 533 4112
9 534 23571
9 535 7614
9 536 7837
9 537 288
9 538 4485
9 539 331
9 540 18920
9 542 22646
9 543 769
9 544 5980
9 545 2834
9 546 8877
9 547 7652
9 548 6028
9 550 6098
9 551 4493
9 552 49579
9 553 38978
9 554 191
9 556 12167
9 557 6799
9 558 3994
9 559 17643
9 560 35501
9 561 15998
9 562 3219
9 563 3022
9 564 14658
9 566 4274
9 567 20352
9 568 3544
9 569 919
9 570 461
9 571 10800
9 572 2954
9 573 5047
9 574 19213
9 575 14223
9 576 21233
9 577 15743
9 578 15761
9 579 13175
9 580 8933
9 581 15414
9 583 2219
9 585 2754
9 586 3109
9 587 12775
9 588 1053
9 589 13976
9 590 12855
9 592 7626
9 593 10207
9 594 16874
9 595 378
9 597 3766
9 598 20132
9 599 22389
9 600 17923
9 601 5740
9 602 2046
9 603 10399
9 604 13831
9 605 3055
9 606 11408
9 607 23993
9 608 8588
9 609 6384
9 610 4924
9 611 100
9 612 34387
9 613 14928
9 614 27561
9 617 15973
9 618 21252
9 619 1660
9 620 10865
9 621 3040
9 622 6708
9 623 2719
9 624 19138
9 625 19516
9 627 3192
9 628 1687
9 629 16222
9 630 3503
9 631 1925
9 632 15648
9 633 9655
9 634 1128
9 635 23554
9 637 3378
9 638 15847
9 639 8746
9 641 8398
9 642 15564
9 643 19604
9 645 1052
9 646 1557
9 647 3219
9 648 7046
9 649 5276
9 650 12850
9 651 16854
9 652 15987
9 653 26170
9 654 21773
9 655 165
9 656 16905
9 657 17348
9 658 10141
9 660 6251
9 661 12360
9 662 452
9 663 22899
9 664 578
9 665 24818
9 667 6645
9 668 2088
9 669 7387
9 670 8906
9 671 10088
9 672 8568
9 673 6342
9 674 10884
9 675 5294
9 676 759
9 677 1969
9 678 16103
9 679 3138
9 680 3189
9 681 2765
9 682 880
9 683 204
9 684 1677
9 685 2689
9 686 7141
9 687 4427
9 688 3886
9 689 18096
9 691 4772
9 692 3864
9 693 15766
9 694 14748
9 696 8446
9 697 1116
9 698 1269
9 699 25120
9 700 6098
9 701 19228
9 702 10692
9 703 1220
9 704 2275
9 705 9446
9 706 5853
9 708 3988
9 709 493
9 710 11474
9 711 3622
9 712 28795
9 713 4318
9 714 5728
9 715 12748
9 716 5766
9 718 15396
9 719 16785
9 720 23119
9 721 9033
9 723 13188
9 724 23257
9 725 2708
9 727 2220
9 728 550
9 729 21900
9 730 4739
9 731 1903
9 732 5044
9 733 11166
9 734 4120
9 736 10147
9 738 20895
9 739 9237
9 740 12404
9 741 17098
9 742 32707
9 743 7449
9 745 417
9 746 10509
9 747 3465
9 748 17735
9 749 6770
9 751 6546
9 752 5133
9 753 14046
9 754 8421
9 756 48
9 757 722
9 758 23170
9 759 35956
9 760 10324
9 761 3436
9 763 16061
9 764 1973
9 765 7838
9 766 476
9 769 31038
9 770 8417
9 772 4518
9 774 41
9 775 6922
9 776 18518
9 777 15458
9 778 1509
9 779 3933
9 780 2303
9 781 2617
9 782 3942
9 783 21969
9 784 516
9 785 5246
9 786 20299
9 787 18399
9 788 6245
9 790 19472
9 791 4101
9 792 10149
9 793 3457
9 794 30169
9 795 15445
9 797 13782
9 798 17028
9 799 10734
9 800 3515
9 801 14909
9 802 1948
9 803 64
9 804 12762
9 805 3434
9 806 839
9 807 9448
9 808 11635
9 809 4894
9 810 6316
9 811 9635
9 812 19302
9 813 43549
9 814 10398
9 815 16257
9 816 2403
9 817 10289
9 818 5298
9 819 6201
9 820 1890
9 821 12087
9 823 7194
9 824 4373
9 825 4182
9 826 5700
9 827 11452
9 829 12369
9 830 7967
9 831 22275
9 832 11257
9 834 11263
9 835 11314
9 836 17238
9 837 7117
9 838 1758
9 839 21595
9 840 13538
9 841 5273
9 842 20219
9 843 33073
9 844 22592
9 845 8070
9 846 13003
9 847 13686
9 848 9878
9 849 220
9 850 21039
9 851 5166
9 852 7567
9 853 1476
9 854 24006
9 855 7661
9 857 30980
9 859 6785
9 860 1890
9 861 3811
9 863 8041
9 864 16498
9 865 28210
9 866 17815
9 868 8845
9 869 1872
9 870 915
9 871 967
9 872 6688
9 873 1809
9 874 14505
9 875 8071
9 876 2587
9 877 22602
9 879 5100
9 880 22171
9 881 3522
9 882 10449
9 883 301
9 884 2777
9 885 32
9 886 24571
9 887 12490
9 888 23809
9 889 7715
9 890 1604
9 891 1657
9 892 9540
9 893 13642
9 894 11293
9 895 125
9 896 15319
9 897 9748
9 898 30333
9 899 13976
9 900 4832
9 901 11982
9 902 5091
9 903 6738
9 904 2037
9 905 12174
9 906 2216
9 907 23174
9 908 6597
9 910 6874
9 913 6763
9 914 24344
9 915 7269
9 916 4849
9 917 9529
9 918 2236
9 920 9
9 921 2425
9 922 22012
9 923 4548
9 925 27473
9 926 2909
9 927 11399
9 928 8
9 929 4769
9 930 17527
9 931 1311
9 932 10897
9 933 14816
9 934 2138
9 935 5190
9 936 11301
9 937 4668
9 938 7684
9 939 18143
9 941 2606
9 943 6259
9 945 7274
9 946 14198
9 947 12652
9 948 499
9 950 26346
9 952 7923
9 953 38468
9 954 20828
9 955 21484
9 956 3141
9 958 21
9 959 14079
9 961 11826
9 962 10920
9 963 19331
9 964 7198
9 965 28286
9 966 4500
9 967 19537
9 968 31306
9 969 25661
9 970 15461
9 971 16593
9 972 5919
9 973 7799
9 974 2010
9 975 3696
9 976 5919
9 977 2417
9 978 9754
9 979 7419
9 980 6409
9 981 16172
9 982 11419
9 983 5934
9 984 29438
9 987 11037
9 988 2490
9 989 6427
9 990 4461
9 991 6382
9 993 18354
9 994 2122
9 995 3590
9 996 24045
9 998 9807
9 999 2382
9 1000 15303
9 1001 9528
9 1002 15881
9 1003 11930
9 1004 2696
9 1005 20706
9 1006 5303
9 1007 3112
9 1008 11110
9 1009 27267
9 1010 6241
9 1012 9789
9 1013 12731
9 1014 2666
9 1015 13831
9 1016 18224
9 1017 28460
9 1018 5570
9 1019 14476
9 1020 4418
9 1021 7150
9 1022 7936
9 1023 7105
9 1024 10684
9 1025 15784
9 1026 8349
9 1028 3139
9 1030 21192
9 1031 9014
9 1032 15440
9 1033 4522
9 1034 1809
9 1035 3980
9 1037 8811
9 1038 2241
9 1039 1020
9 1040 2320
9 1042 3154
9 1043 2794
9 1044 24128
9 1045 1758
9 1046 2896
9 1047 28136
9 1048 26649
9 1049 3938
9 1051 873
9 1052 13330
9 1054 10677
9 1055 28388
9 1056 1146
9 1057 457
9 1058 713
9 1059 6257
9 1060 2558
9 1061 6523
9 1062 9708
9 1063 22656
9 1064 11331
9 1065 708
9 1066 4536
9 1068 435
9 1071 642
9 1073 3043
9 1074 14963
9 1075 18229
9 1076 1107
9 1077 24933
9 1078 29478
9 1079 15504
9 1080 15862
9 1081 19766
9 1082 14626
9 1083 32125
9 1084 9966
9 1086 1611
9 1087 19198
9 1088 1886
9 1089 9836
9 1090 2805
9 1091 6365
9 1092 6980
9 1094 3945
9 1095 27644
9 1096 6781
9 1097 7953
9 1098 9267
9 1099 14444
9 1100 50806
9 1101 5388
9 1102 344
9 1103 4871
9 1104 19722
9 1105 3296
9 1106 604
9 1107 32234
9 1108 11886
9 1109 4041
9 1110 7598
9 1111 528
9 1112 6250
9 1113 33349
9 1114 12412
9 1115 7243
9 1116 7563
9 1117 10846
9 1118 8405
9 1119 4173
9 1120 7605
9 1121 11787
9 1122 2852
9 1123 5339
9 1124 6664
9 1125 5396
9 1126 918
9 1127 21963
9 1128 5617
9 1129 5606
9 1130 2753
9 1131 8946
9 1132 26701
9 1133 20310
9 1134 844
9 1135 4981
9 1136 12420
9 1137 11515
9 1138 2732
9 1140 11415
9 1141 824
9 1142 85
9 1143 14982
9 1144 15553
9 1145 1730
9 1146 28682
9 1147 16679
9 1148 14220
9 1150 22050
9 1151 15993
9 1152 6578
9 1153 24722
9 1154 1313
9 1155 4503
9 1156 32609
9 1157 4145
9 1158 12841
9 1159 1280
9 1161 3244
9 1162 8614
9 1163 11976
9 1164 12648
9 1165 2131
9 1166 584
9 1167 2777
9 1168 2529
9 1169 8804
9 1171 10054
9 1172 4106
9 1173 11094
9 1174 42346
9 1175 9177
9 1176 5321
9 1177 27878
9 1178 28195
9 1179 19945
9 1180 7989
9 1181 2317
9 1182 21479
9 1183 23608
9 1184 3357
9 1185 10426
9 1187 6723
9 1188 12636
9 1189 2347
9 1190 4223
9 1191 6638
9 1194 2689
9 1196 3354
9 1197 3444
9 1198 3423
9 1199 3310
9 1200 15213
9 1201 12788
9 1202 20081
9 1203 8806
9 1204 907
9 1205 21359
9 1206 8346
9 1207 1792
9 1209 19232
9 1210 5077
9 1211 17934
9 1212 21846
9 1213 6936
9 1214 7494
9 1215 24724
9 1216 15701
9 1217 26817
9 1218 13922
9 1219 2301
9 1220 3438
9 1221 160
9 1222 13784
9 1223 7056
9 1224 336
9 1225 26892
9 1226 3933
9 1228 905
9 1229 9677
9 1230 11176
9 1231 8554
9 1232 7956
9 1233 2980
9 1234 3490
9 1235 4617
9 1236 1927
9 1237 3062
9 1238 2121
9 1239 130
9 1240 25320
9 1241 14460
9 1242 8492
9 1243 2160
9 1244 6100
9 1245 2847
9 1247 2069
9 1248 8433
9 1249 5963
9 1250 9730
9 1251 2488
9 1252 7091
9 1253 12722
9 1254 1282
9 1255 30515
9 1256 7101
9 1257 1329
9 1258 36456
9 1259 3906
9 1260 2316
9 1261 3223
9 1262 7921
9 1263 4564
9 1264 14233
9 1265 17120
9 1266 5272
9 1267 14923
9 1268 1572
9 1269 3073
9 1270 10361
9 1271 4605
9 1272 2391
9 1273 5287
9 1274 14004
9 1275 2467
9 1276 7641
9 1277 29031
9 1278 8779
9 1279 17634
9 1280 4707
9 1281 4383
9 1282 17535
9 1283 3837
9 1284 11356
9 1285 10570
9 1286 7188
9 1287 31
9 1288 3854
9 1289 2503
9 1290 769
9 1291 89
9 1292 6855
9 1293 11206
9 1294 167
9 1295 10328
9 1296 2533
9 1297 5847
9 1298 14859
9 1299 3281
9 1300 1868
9 1301 624
9 1303 1839
9 1305 5369
9 1306 8313
9 1307 827
9 1308 23271
9 1309 2950
9 1310 6232
9 1311 19673
9 1312 15670
9 1313 1667
9 1314 5280
9 1315 2830
9 1316 12204
9 1317 4999
9 1318 12462
9 1319 8222
9 1321 2405
9 1322 2562
9 1324 12801
9 1325 5083
9 1326 5276
9 1328 45756
9 1329 195
9 1330 5487
9 1331 15108
9 1333 2744
9 1334 11969
9 1335 18744
9 1336 9408
9 1337 13477
9 1338 9484
9 1339 18157
9 1340 33297
9 1342 3559
9 1343 9280
9 1344 3470
9 1345 22128
9 1346 2703
9 1347 50
9 1348 11586
9 1349 10271
9 1350 13328
9 1351 6733
9 1353 8953
9 1354 17437
9 1355 18258
9 1356 4428
9 1357 10349
9 1358 220
9 1359 8364
9 1360 4889
9 1361 4045
9 1363 1338
9 1364 5793
9 1365 3226
9 1366 616
9 1368 10438
9 1369 16549
9 1370 4313
9 1371 1768
9 1372 11249
9 1375 11260
9 1376 3057
9 1377 1965
9 1378 424
9 1379 14383
9 1380 36890
9 1381 8574
9 1382 3819
9 1383 1287
9 1384 22836
9 1386 13938
9 1387 8219
9 1388 11630
9 1389 9
9 1390 14651
9 1391 9786
9 1392 17273
9 1393 3535
9 1395 13975
9 1396 20274
9 1397 14763
9 1399 6210
9 1400 29574
9 1402 16363
9 1404 8173
9 1405 9421
9 1406 18580
9 1407 7409
9 1408 2079
9 1409 7800
9 1410 12747
9 1411 8587
9 1412 1014
9 1413 7099
9 1414 30857
9 1415 4925
9 1416 19779
9 1418 13201
9 1419 2173
9 1420 7109
9 1422 16993
9 1423 4270
9 1424 7407
9 1425 13644
9 1426 10183
9 1427 5904
9 1428 7553
9 1429 4749
9 1430 6848
9 1432 8946
9 1433 5614
9 1435 17705
9 1436 4004
9 1437 1560
9 1438 16141
9 1439 1982
9 1440 1707
9 1441 27986
9 1443 5744
9 1444 5191
9 1445 5870
9 1446 3330
9 1448 1286
9 1449 509
9 1450 13777
9 1451 3643
9 1452 3645
9 1453 6952
9 1454 22952
9 1455 2571
9 1456 18512
9 1457 17667
9 1458 10716
9 1459 2851
9 1460 8033
9 1461 6985
9 1462 5452
9 1463 15624
9 1464 4258
9 1465 21225
9 1466 8299
9 1467 3543
9 1468 29313
9 1471 10330
9 1472 29166
9 1473 1751
9 1475 5718
9 1476 8945
9 1477 271
9 1478 9952
9 1480 3256
9 1481 5201
9 1482 1999
9 1483 327
9 1484 12560
9 1485 2661
9 1486 9013
9 1487 14321
9 1489 27169
9 1490 18787
9 1491 5457
9 1492 16708
9 1493 1557
9 1494 19401
9 1495 3735
9 1496 16430
9 1497 18702
9 1498 2620
9 1499 9795
9 1500 408
9 1502 7608
9 1503 9480
9 1504 26254
9 1505 2736
9 1506 1389
9 1507 5920
9 1508 4817
9 1509 1489
9 1510 23682
9 1511 11730
9 1512 1621
9 1515 7565
9 1516 3449
9 1517 19818
9 1518 6420
9 1519 1089
9 1520 6360
9 1521 21993
9 1522 22218
9 1523 11093
9 1524 10159
9 1525 7342
9 1527 3490
9 1528 864
9 1529 8037
9 1531 23465
9 1532 7363
9 1533 1690
9 1534 26792
9 1535 1867
9 1536 20955
9 1537 19652
9 1538 152
9 1539 20529
9 1540 3663
9 1542 2571
9 1544 29378
9 1545 27224
9 1546 2810
9 1547 23605
9 1548 3491
9 1549 4053
9 1550 5041
9 1551 1990
9 1552 24924
9 1553 6812
9 1554 3798
9 1555 13685
9 1556 4713
9 1557 4027
9 1558 16575
9 1559 2939
9 1560 3884
9 1562 18579
9 1563 6694
9 1564 11583
9 1565 23189
9 1566 19913
9 1567 8060
9 1568 16503
9 1569 1910
9 1570 5079
9 1571 6068
9 1572 7029
9 1573 5968
9 1574 4587
9 1575 16880
9 1576 14141
9 1578 1036
9 1579 27077
9 1580 3297
9 1581 21260
9 1582 4646
9 1583 9917
9 1584 1408
9 1586 1602
9 1587 12347
9 1588 4897
9 1589 3909
9 1590 2910
9 1591 3882
9 1592 6298
9 1593 694
9 1594 12658
9 1595 28182
9 1596 3877
9 1597 5303
9 1598 17942
9 1600 28213
9 1601 1337
9 1603 24386
9 1604 3264
9 1605 3988
9 1606 13418
9 1608 4657
9 1609 5119
9 1611 27954
9 1612 7463
9 1613 13273
9 1614 30523
9 1615 15514
9 1616 14090
9 1618 31311
9 1619 1463
9 1620 18541
9 1621 2676
9 1622 13153
9 1623 6691
9 1624 2743
9 1625 32181
9 1626 2128
9 1627 1207
9 1628 3962
9 1631 10
9 1632 34890
9 1633 2388
9 1634 5488
9 1635 6891
9 1636 12202
9 1637 6910
9 1638 9468
9 1640 15217
9 1642 15637
9 1643 9147
9 1644 6263
9 1646 2226
9 1647 2410
9 1648 2046
9 1649 13738
9 1650 8229
9 1651 17453
9 1652 2918
9 1653 30410
9 1654 14
9 1656 18382
9 1657 17481
9 1659 4593
9 1660 3603
9 1661 2512
9 1662 6003
9 1664 25738
9 1665 11018
9 1666 7372
9 1667 4318
9 1668 25175
9 1669 11627
9 1670 6008
9 1672 5975
9 1675 17882
9 1676 16623
9 1677 22494
9 1678 1823
9 1679 15534
9 1680 16241
9 1681 41630
9 1682 20251
9 1683 3996
9 1684 17169
9 1685 13437
9 1686 7396
9 1687 22120
9 1688 102
9 1689 2674
9 1690 6517
9 1691 15125
9 1692 542
9 1693 4340
9 1694 1925
9 1695 236
9 1696 15975
9 1697 7270
9 1698 5961
9 1700 2557
9 1701 6671
9 1702 17443
9 1703 5650
9 1704 10032
9 1705 3174
9 1706 3283
9 1707 11849
9 1708 4619
9 1709 14317
9 1710 4319
9 1711 12755
9 1713 5652
9 1715 9773
9 1716 650
9 1717 13484
9 1718 9851
9 1719 7536
9 1720 18345
9 1722 6237
9 1723 15335
9 1724 10994
9 1725 15169
9 1726 9020
9 1727 19
9 1728 4743
9 1730 9964
9 1731 23057
9 1732 19528
9 1733 19524
9 1735 41330
9 1736 29113
9 1737 2850
9 1738 3382
9 1739 13960
9 1740 10566
9 1741 2072
9 1742 20742
9 1743 18325
9 1744 5282
9 1745 2931
9 1746 40408
9 1747 7313
9 1748 11066
9 1749 9003
9 1750 19799
9 1751 11410
9 1752 22524
9 1753 13311
9 1754 7259
9 1756 2985
9 1757 20466
9 1758 43929
9 1759 17734
9 1760 41790
9 1761 5927
9 1762 650
9 1764 12
9 1765 21277
9 1766 17947
9 1767 9512
9 1768 2898
9 1769 1476
9 1770 6839
9 1771 11169
9 1772 4680
9 1773 1614
9 1774 24232
9 1775 5421
9 1776 2747
9 1777 1166
9 1778 5213
9 1779 6875
9 1780 14952
9 1782 1329
9 1783 21565
9 1784 14441
9 1785 9244
9 1786 6734
9 1787 8676
9 1788 6083
9 1789 22184
9 1792 6662
9 1793 881
9 1794 7303
9 1795 16213
9 1796 4507
9 1797 14245
9 1798 16412
9 1799 6243
9 1800 4982
9 1801 3040
9 1803 1715
9 1804 34207
9 1805 126
9 1806 1792
9 1807 15840
9 1808 16223
9 1809 1095
9 1810 14611
9 1811 7887
9 1812 4412
9 1814 4328
9 1815 17671
9 1817 898
9 1818 3644
9 1819 19517
9 1820 36571
9 1822 18286
9 1823 3440
9 1824 1263
9 1825 20056
9 1826 8384
9 1827 14817
9 1828 16463
9 1829 8031
9 1830 7091
9 1832 21230
9 1833 18239
9 1834 22505
9 1835 5272
9 1836 10334
9 1837 5360
9 1838 3473
9 1839 4466
9 1840 15091
9 1841 8980
9 1842 25948
9 1843 9099
9 1844 18792
9 1845 51489
9 1846 6199
9 1847 9496
9 1849 4077
9 1850 1895
9 1851 5471
9 1852 14575
9 1853 8800
9 1854 8747
9 1855 2520
9 1856 20928
9 1857 8560
9 1858 8259
9 1859 24731
9 1860 12511
9 1861 4705
9 1862 8716
9 1863 17544
9 1865 8074
9 1866 3666
9 1867 8350
9 1868 2367
9 1869 237
9 1871 7607
9 1872 5271
9 1873 667
9 1874 4733
9 1875 12680
9 1876 6521
9 1877 29505
9 1878 21242
9 1880 24156
9 1881 30618
9 1883 28194
9 1884 22002
9 1885 1312
9 1886 9105
9 1887 11563
9 1888 981
9 1890 11583
9 1891 7703
9 1892 6996
9 1894 25711
9 1895 1815
9 1896 10877
9 1897 6134
9 1898 17604
9 1899 558
9 1900 15293
9 1901 24698
9 1902 23543
9 1903 2794
9 1904 27318
9 1905 6123
9 1906 22797
9 1907 28
9 1908 2621
9 1909 2633
9 1910 1889
9 1911 15696
9 1913 2460
9 1914 5992
9 1916 3105
9 1917 4904
9 1920 8680
9 1922 38699
9 1923 835
9 1924 8985
9 1925 4059
9 1927 4311
9 1928 9360
9 1930 17244
9 1931 2941
9 1932 7421
9 1933 1450
9 1934 4416
9 1935 18501
9 1936 2087
9 1937 21091
9 1938 6081
9 1939 7829
9 1940 9082
9 1941 7315
9 1942 22697
9 1943 3364
9 1944 5922
9 1945 5556
9 1947 1404
9 1948 170
9 1949 2742
9 1950 1286
9 1951 7941
9 1952 8333
9 1953 13539
9 1955 7727
9 1956 17058
9 1957 2382
9 1958 7256
9 1959 24171
9 1960 11407
9 1961 19725
9 1962 727
9 1963 7325
9 1964 7037
9 1965 6065
9 1966 20040
9 1967 8095
9 1969 6843
9 1970 6305
9 1971 5036
9 1972 1392
9 1973 5890
9 1974 439
9 1975 19913
9 1976 29605
9 1977 22231
9 1980 1434
9 1981 10990
9 1982 3370
9 1983 6541
9 1984 15041
9 1985 1237
9 1986 3381
9 1987 542
9 1988 1084
9 1990 16749
9 1991 11523
9 1992 15221
9 1993 7623
9 1994 16958
9 1995 10383
9 1996 5853
9 1997 10031
9 1998 5752
9 1999 34556
