0 0 7267
0 2 7015
0 3 23149
0 4 3215
0 5 10143
0 6 27005
0 7 26111
0 8 12115
0 9 5099
0 10 13880
0 11 34063
0 12 8885
0 13 2513
0 15 26163
0 16 7029
0 17 1939
0 18 3368
0 20 6852
0 22 5019
0 23 3079
0 24 9456
0 25 7101
0 26 12172
0 27 604
0 28 1546
0 29 5398
0 30 24384
0 31 4197
0 32 9073
0 33 7321
0 34 334
0 35 18576
0 36 5772
0 37 12612
0 38 13743
0 39 392
0 40 1099
0 41 11076
0 42 43061
0 43 20905
0 45 10926
0 46 7050
0 47 6625
0 48 4201
0 49 22890
0 51 15600
0 52 8274
0 53 19455
0 54 10838
0 55 5489
0 56 8826
0 57 16943
0 58 419
0 59 9547
0 60 14426
0 61 3239
0 62 198
0 63 6904
0 64 19911
0 65 3340
0 66 14327
0 67 8705
0 68 2949
0 70 27051
0 71 1348
0 72 8003
0 73 11326
0 76 18025
0 77 25530
0 78 6762
0 79 14830
0 80 11707
0 81 15331
0 82 29265
0 83 2698
0 84 25699
0 85 1748
0 86 10377
0 87 7708
0 88 26008
0 89 2498
0 90 8185
0 91 27119
0 92 5521
0 93 10013
0 94 17867
0 95 4704
0 96 5633
0 97 326
0 98 3745
0 99 17603
0 100 28358
0 101 1166
0 102 19874
0 103 10417
0 104 10176
0 105 2209
0 106 14131
0 107 3221
0 108 16070
0 109 7017
0 110 16619
0 111 32021
0 113 1075
0 114 15896
0 115 7940
0 117 409
0 118 6674
0 119 18826
0 120 8894
0 121 220
0 122 21153
0 123 27209
0 125 4387
0 126 4997
0 127 6177
0 128 13957
0 129 24418
0 130 7025
0 131 4915
0 132 16928
0 133 7211
0 134 3328
0 135 27563
0 136 1597
0 137 13884
0 138 6535
0 139 4915
0 140 15346
0 141 4530
0 142 15726
0 143 36136
0 144 1576
0 145 6617
0 146 15365
0 147 10784
0 148 4894
0 151 25132
0 152 1373
0 153 5989
0 154 2272
0 156 8359
0 157 2749
0 158 2609
0 159 3282
0 160 13514
0 162 2091
0 164 10037
0 166 11498
0 167 14773
0 168 9315
0 169 2326
0 170 21558
0 172 15752
0 173 5028
0 174 15004
0 175 11415
0 176 26973
0 177 2206
0 178 11873
0 179 9592
0 180 3299
0 181 3504
0 182 3205
0 183 15807
0 184 3093
0 185 16561
0 186 4834
0 187 3674
0 188 6230
0 189 15969
0 191 24495
0 192 7759
0 193 8159
0 194 224
0 195 3783
0 196 2349
0 197 20221
0 198 3832
0 199 272
0 201 1036
0 202 4089
0 203 8296
0 204 1671
0 205 8732
0 206 7979
0 207 5312
0 208 1410
0 209 2625
0 210 1718
0 211 11705
0 212 7926
0 213 16517
0 214 3648
0 216 7469
0 218 13813
0 219 19351
0 220 573
0 221 16584
0 222 9650
0 223 20800
0 224 7297
0 225 868
0 226 29688
0 227 18724
0 228 2652
0 229 201
0 230 9380
0 231 13696
0 232 6302
0 233 14375
0 234 16853
0 235 9273
0 236 1595
0 237 14724
0 238 21535
0 239 34549
0 240 12286
0 241 25960
0 242 992
0 243 16614
0 244 25330
0 245 5980
0 247 1400
0 248 3348
0 249 10553
0 250 1552
0 251 8529
0 252 15020
0 253 10550
0 254 7129
0 255 6714
0 257 11071
0 259 18908
0 260 9634
0 261 3518
0 262 7307
0 263 8962
0 264 23139
0 265 17420
0 266 9549
0 267 3055
0 268 1779
0 269 6895
0 271 4065
0 272 20698
0 273 21260
0 274 2724
0 275 6659
0 276 6948
0 277 29541
0 278 738
0 279 5184
0 280 4883
0 282 3290
0 283 23873
0 284 10544
0 285 8375
0 286 1273
0 287 16456
0 288 10837
0 289 7099
0 290 24073
0 291 655
0 292 6282
0 293 9779
0 295 18330
0 296 12122
0 298 41739
0 299 2929
0 300 9119
0 301 1051
0 302 25006
0 303 6474
0 304 14256
0 305 16062
0 306 11789
0 307 4822
0 308 33238
0 309 13664
0 310 2509
0 311 26551
0 312 1228
0 313 24438
0 314 13212
0 315 7542
0 316 1608
0 317 16503
0 318 15794
0 319 778
0 320 3728
0 321 37822
0 322 10615
0 323 184
0 324 20301
0 325 8188
0 326 4830
0 327 8746
0 328 6870
0 329 7165
0 330 6076
0 331 7403
0 332 5221
0 333 4928
0 334 10993
0 335 1441
0 336 2817
0 337 2502
0 338 5206
0 339 9799
0 341 2449
0 342 13448
0 343 3920
0 345 7579
0 346 3263
0 347 4710
0 348 4178
0 349 20734
0 350 17110
0 351 548
0 352 1653
0 353 8392
0 354 2705
0 355 1629
0 356 3337
0 357 4009
0 359 902
0 361 10006
0 362 15009
0 363 2447
0 364 6545
0 365 5163
0 366 2526
0 367 30398
0 368 13926
0 369 507
0 370 9171
0 371 27291
0 372 4919
0 373 20064
0 375 16503
0 376 838
0 377 19572
0 378 6555
0 380 9105
0 381 9950
0 382 2752
0 383 14630
0 384 5759
0 386 9136
0 387 5996
0 388 26723
0 389 13029
0 390 1249
0 391 5759
0 392 13008
0 393 2587
0 394 26260
0 395 3364
0 396 4247
0 397 5551
0 398 10678
0 399 11807
0 400 3348
0 402 42257
0 403 7507
0 404 5898
0 405 791
0 406 5877
0 407 12735
0 408 7571
0 409 14343
0 410 22867
0 411 10652
0 413 2345
0 414 7528
0 415 1545
0 417 5762
0 419 12816
0 420 20290
0 421 9121
0 422 3576
0 423 19484
0 424 1404
0 425 3103
0 426 1404
0 427 5066
0 428 4025
0 429 4325
0 431 26
0 432 8227
0 433 8665
0 434 4600
0 435 1135
0 436 267
0 437 6185
0 438 3850
0 439 286
0 440 919
0 441 3804
0 442 32664
0 445 19611
0 447 2264
0 448 21731
0 449 948
0 450 7820
0 451 11945
0 452 14838
0 453 15801
0 454 5775
0 455 4345
0 457 15403
0 458 2220
0 459 4912
0 460 7331
0 461 1681
0 462 32924
0 463 10588
0 464 9965
0 465 18499
0 466 27625
0 467 19366
0 468 4894
0 470 5227
0 471 15816
0 472 29066
0 473 16382
0 474 6719
0 475 557
0 477 3110
0 478 17132
0 479 6754
0 480 11656
0 481 19099
0 482 8094
0 483 1011
0 484 2479
0 485 22552
0 486 7600
0 487 23181
0 488 221
0 489 11945
0 490 6523
0 491 4446
0 492 1299
0 493 4091
0 494 12498
0 495 22230
0 497 3106
0 498 2138
0 500 14649
0 501 9836
0 502 10006
0 503 24962
0 504 4966
0 505 24741
0 506 4267
0 507 83
0 508 2267
0 509 5541
0 510 15395
0 511 4426
0 512 20904
0 513 273
0 515 19634
0 516 2018
0 517 10554
0 519 8855
0 520 1386
0 521 6005
0 522 2325
0 523 8794
0 525 8705
0 526 7266
0 527 8677
0 528 38663
0 529 5434
0 530 16315
0 533 4881
0 534 9063
0 536 14521
0 537 7958
0 539 35340
0 540 9107
0 541 4011
0 542 19235
0 543 12933
0 544 26919
0 545 12797
0 546 19409
0 547 5714
0 548 8883
0 550 7659
0 551 9411
0 552 1193
0 554 33978
0 555 11816
0 557 1162
0 558 10227
0 559 374
0 560 8134
0 561 7849
0 562 3808
0 563 23201
0 564 13947
0 565 13925
0 566 718
0 567 7233
0 568 3893
0 569 2552
0 570 27627
0 571 28615
0 572 4602
0 573 5740
0 574 3337
0 575 11710
0 576 9340
0 577 7713
0 579 14358
0 580 6197
0 581 17107
0 582 17264
0 583 14041
0 584 35
0 585 21155
0 586 5535
0 587 1117
0 588 1492
0 589 56
0 590 757
0 591 5038
0 592 12778
0 593 701
0 594 10146
0 595 9990
0 596 411
0 597 16376
0 598 1285
0 599 9425
0 600 1429
0 601 2893
0 602 4974
0 604 4361
0 605 298
0 606 25670
0 607 445
0 608 2742
0 609 1866
0 610 6172
0 612 2311
0 615 11035
0 616 16940
0 617 21558
0 618 1742
0 619 5488
0 620 22867
0 621 11431
0 622 7156
0 623 2426
0 624 4522
0 625 16791
0 626 12387
0 627 10028
0 628 8596
0 629 25264
0 632 2847
0 633 1853
0 634 26948
0 635 9528
0 636 13401
0 637 455
0 638 846
0 640 5899
0 641 4485
0 642 15996
0 643 300
0 644 6700
0 645 1011
0 646 22843
0 647 8026
0 648 4910
0 649 10407
0 650 1377
0 651 6192
0 652 8312
0 653 3477
0 654 14794
0 655 36
0 656 15905
0 657 3617
0 658 1133
0 659 20408
0 660 23
0 661 948
0 662 15462
0 663 7596
0 664 8440
0 665 794
0 666 5977
0 667 7531
0 669 6762
0 671 23206
0 672 13796
0 674 33043
0 676 844
0 677 11165
0 678 2628
0 679 1000
0 681 12001
0 682 4273
0 683 8864
0 684 24899
0 685 26058
0 686 601
0 688 29404
0 689 5767
0 691 24395
0 693 4838
0 694 6902
0 695 13557
0 696 13338
0 697 4493
0 698 10582
0 699 1050
0 700 2566
0 701 9961
0 703 4488
0 704 11039
0 706 3472
0 707 1626
0 708 21746
0 709 11032
0 710 8841
0 711 3188
0 714 16642
0 715 5250
0 716 7409
0 717 14754
0 718 4051
0 719 7132
0 720 4668
0 722 1759
0 723 3408
0 724 1313
0 726 8630
0 727 9550
0 728 15324
0 729 11442
0 730 4173
0 732 3282
0 733 10118
0 734 14502
0 735 72
0 736 1266
0 737 11501
0 738 2079
0 739 7537
0 740 3613
0 741 15166
0 742 11243
0 743 12839
0 744 14495
0 745 94
0 746 8163
0 747 4458
0 748 32
0 749 9136
0 750 2941
0 751 18778
0 752 2988
0 753 16416
0 754 4076
0 755 4692
0 756 1134
0 757 3985
0 759 10922
0 760 204
0 761 8226
0 762 7433
0 763 2686
0 764 4866
0 765 15463
0 766 15211
0 767 8356
0 770 21585
0 771 6713
0 772 27344
0 773 522
0 774 14140
0 775 20464
0 777 9294
0 778 3352
0 779 18423
0 780 7129
0 781 18123
0 782 12309
0 784 14183
0 785 3753
0 786 4515
0 789 3822
0 790 21350
0 791 3264
0 792 16638
0 793 7695
0 794 4420
0 795 5737
0 796 9436
0 797 14437
0 800 3642
0 802 2276
0 803 21452
0 804 9672
0 805 10755
0 806 16688
0 807 854
0 808 3323
0 809 7584
0 810 3447
0 811 2224
0 812 9483
0 814 14410
0 815 7197
0 816 1632
0 817 420
0 818 19122
0 820 16368
0 821 8240
0 822 1714
0 823 2643
0 824 27309
0 825 18840
0 826 18830
0 827 30154
0 828 5661
0 829 8882
0 830 400
0 831 21427
0 832 17573
0 833 6428
0 834 268
0 835 12895
0 836 2146
0 837 26947
0 838 9058
0 839 12020
0 840 12872
0 843 18845
0 844 18990
0 845 11129
0 846 4955
0 847 25976
0 848 36170
0 849 19891
0 850 4340
0 851 6669
0 852 17296
0 854 3902
0 857 1645
0 858 5934
0 859 1738
0 860 627
0 861 23261
0 862 8052
0 863 311
0 864 33048
0 865 3894
0 866 13029
0 867 1993
0 868 13894
0 870 3636
0 871 1436
0 872 23848
0 873 4506
0 874 3750
0 875 6218
0 876 24478
0 877 14613
0 878 479
0 879 202
0 881 30728
0 882 1636
0 883 8090
0 884 19
0 885 8272
0 886 3845
0 887 2426
0 890 16708
0 891 13036
0 892 7357
0 893 4986
0 894 18220
0 895 3141
0 896 7179
0 897 3388
0 898 1264
0 900 9562
0 901 7203
0 902 3385
0 903 19035
0 904 1732
0 905 10129
0 906 15341
0 907 6567
0 908 4068
0 909 14139
0 910 6673
0 911 241
0 912 12296
0 914 24167
0 915 3693
0 916 10478
0 917 9840
0 918 678
0 919 2308
0 920 3458
0 921 33266
0 922 6862
0 923 14891
0 924 4229
0 925 24223
0 926 4776
0 928 9072
0 929 17050
0 930 6894
0 931 28928
0 932 17377
0 933 14503
0 935 8009
0 936 14669
0 937 27311
0 938 3187
0 939 14865
0 940 2551
0 941 16620
0 942 2772
0 943 2922
0 944 29296
0 945 6786
0 946 19863
0 947 253
0 948 748
0 949 13973
0 950 16474
0 951 3840
0 952 1278
0 953 5499
0 955 26220
0 956 31980
0 957 3714
0 958 13423
0 959 15559
0 960 36181
0 961 4527
0 962 3264
0 963 19468
0 965 1079
0 966 28535
0 967 3032
0 968 1838
0 969 16403
0 970 20668
0 971 12863
0 972 3889
0 973 3563
0 974 6227
0 975 12583
0 976 5509
0 977 9625
0 978 7232
0 979 16761
0 980 5170
0 981 628
0 982 3353
0 983 320
0 986 1575
0 987 3712
0 988 11634
0 989 6279
0 991 1865
0 992 8159
0 993 7651
0 994 331
0 995 3713
0 996 3492
0 997 13296
0 998 22632
0 999 13744
0 1000 5201
0 1001 11437
0 1002 20582
0 1003 8089
0 1004 10640
0 1005 1262
0 1006 8120
0 1007 3256
0 1009 13824
0 1010 14464
0 1011 5906
0 1012 9191
0 1013 2859
0 1014 7457
0 1015 11383
0 1016 20139
0 1017 4437
0 1018 5731
0 1019 7056
0 1020 18287
0 1021 22170
0 1022 4932
0 1023 7853
0 1024 1646
0 1027 6780
0 1028 6793
0 1029 6611
0 1030 3805
0 1031 19199
0 1033 31417
0 1034 25961
0 1035 4443
0 1037 411
0 1038 10966
0 1039 2649
0 1040 6629
0 1041 4024
0 1042 8650
0 1043 25189
0 1044 14327
0 1045 8387
0 1046 6892
0 1047 33082
0 1048 13266
0 1049 5
0 1050 336
0 1051 102
0 1054 4337
0 1056 1745
0 1057 6076
0 1059 2414
0 1062 13221
0 1063 10945
0 1064 5914
0 1065 1840
0 1066 1848
0 1067 28546
0 1070 9549
0 1072 14030
0 1073 6061
0 1074 3218
0 1075 6409
0 1076 732
0 1077 4757
0 1078 7404
0 1079 12421
0 1080 7430
0 1081 5271
0 1082 5366
0 1083 36943
0 1086 20074
0 1087 914
0 1088 5606
0 1089 9314
0 1090 4559
0 1091 12196
0 1092 63
0 1093 3614
0 1094 19313
0 1095 3852
0 1096 1523
0 1097 3638
0 1098 19918
0 1099 20880
0 1100 5210
0 1101 14831
0 1102 324
0 1103 20631
0 1104 5033
0 1105 23432
0 1107 10144
0 1108 8332
0 1109 831
0 1110 451
0 1111 2568
0 1112 3307
0 1114 13499
0 1115 5023
0 1116 1059
0 1117 7672
0 1118 6904
0 1119 3387
0 1120 10767
0 1121 7083
0 1122 2386
0 1123 8338
0 1124 7
0 1126 12070
0 1127 15292
0 1128 2578
0 1129 8000
0 1130 2715
0 1131 18636
0 1132 7153
0 1133 17396
0 1134 9021
0 1135 8137
0 1137 2545
0 1138 8391
0 1139 7262
0 1140 53070
0 1141 9045
0 1142 2530
0 1144 2155
0 1145 3427
0 1146 1687
0 1147 91
0 1148 12353
0 1150 7591
0 1151 5893
0 1152 8822
0 1153 7414
0 1154 2779
0 1155 40563
0 1156 1132
0 1157 39600
0 1158 4803
0 1159 1885
0 1160 14754
0 1161 22384
0 1162 4096
0 1163 24667
0 1164 8808
0 1167 9504
0 1168 8824
0 1169 6810
0 1170 1124
0 1171 5008
0 1172 1994
0 1173 5941
0 1174 2338
0 1176 18909
0 1177 7292
0 1178 23949
0 1179 6644
0 1180 4061
0 1181 7
0 1182 23485
0 1184 1752
0 1185 937
0 1186 12241
0 1187 9415
0 1189 19027
0 1190 2355
0 1191 19568
0 1192 18874
0 1193 10677
0 1194 7047
0 1195 1000
0 1196 23367
0 1197 6476
0 1198 716
0 1199 8883
0 1200 29330
0 1201 2600
0 1202 4843
0 1203 1350
0 1204 20857
0 1205 6740
0 1207 4303
0 1208 5653
0 1209 22388
0 1210 33239
0 1212 13389
0 1213 7886
0 1214 18064
0 1215 328
0 1216 14944
0 1217 124
0 1218 20325
0 1219 935
0 1220 4659
0 1221 7173
0 1222 9112
0 1224 1240
0 1225 22709
0 1226 10802
0 1227 17672
0 1228 10219
0 1229 3428
0 1230 22026
0 1231 16016
0 1232 20798
0 1233 27248
0 1234 3035
0 1235 17100
0 1236 2622
0 1237 6309
0 1238 2833
0 1239 6180
0 1240 6343
0 1241 9624
0 1243 4092
0 1244 26051
0 1245 20089
0 1246 6080
0 1247 7707
0 1248 4754
0 1249 11033
0 1250 4765
0 1251 20302
0 1252 15728
0 1253 913
0 1254 18927
0 1255 2656
0 1256 4213
0 1257 4207
0 1258 2920
0 1259 3029
0 1260 1364
0 1261 4687
0 1262 11608
0 1263 3539
0 1264 3031
0 1265 18125
0 1267 19225
0 1268 1621
0 1269 43336
0 1270 16670
0 1271 3008
0 1272 10252
0 1273 159
0 1275 17712
0 1277 1033
0 1278 7986
0 1279 22734
0 1280 6198
0 1281 11525
0 1282 19730
0 1283 16846
0 1284 9477
0 1285 5878
0 1286 11204
0 1287 1097
0 1288 2043
0 1289 27813
0 1290 1911
0 1291 10566
0 1292 245
0 1294 4220
0 1295 11006
0 1296 19538
0 1297 16424
0 1299 9936
0 1301 3241
0 1302 179
0 1303 4252
0 1304 19694
0 1305 14141
0 1306 8876
0 1307 1527
0 1308 7709
0 1310 7398
0 1311 5180
0 1313 3267
0 1314 7962
0 1315 33279
0 1316 12545
0 1317 9590
0 1318 11195
0 1319 4407
0 1320 13931
0 1321 58421
0 1322 3405
0 1323 6307
0 1324 3006
0 1325 11922
0 1326 5546
0 1327 2802
0 1328 13161
0 1329 1206
0 1330 8802
0 1331 8959
0 1332 12820
0 1333 21848
0 1334 13232
0 1335 4454
0 1336 13667
0 1337 8838
0 1338 784
0 1339 11329
0 1340 3147
0 1341 4397
0 1342 17697
0 1343 1339
0 1344 6142
0 1345 15119
0 1346 5243
0 1347 10687
0 1348 15181
0 1349 28729
0 1350 16176
0 1351 21301
0 1352 32751
0 1353 10917
0 1354 82
0 1355 26494
0 1356 4869
0 1357 13948
0 1358 2382
0 1359 27601
0 1360 24561
0 1362 17060
0 1363 19930
0 1364 17219
0 1365 9388
0 1366 5082
0 1367 4275
0 1369 11800
0 1370 9946
0 1371 31210
0 1372 14067
0 1373 4007
0 1374 1039
0 1375 21088
0 1376 11752
0 1377 17543
0 1378 15796
0 1379 34721
0 1380 6942
0 1381 7766
0 1382 5331
0 1383 7041
0 1384 4295
0 1385 16343
0 1387 10570
0 1388 5850
0 1390 22747
0 1391 117
0 1392 4193
0 1393 9067
0 1394 5152
0 1395 174
0 1397 6440
0 1398 1526
0 1399 4702
0 1400 3857
0 1401 10990
0 1402 11345
0 1403 4180
0 1404 10070
0 1405 3493
0 1406 5938
0 1407 6154
0 1408 22140
0 1409 29088
0 1410 4250
0 1412 1790
0 1413 19100
0 1414 29958
0 1415 8897
0 1416 16935
0 1417 5340
0 1419 4344
0 1420 2271
0 1421 241
0 1422 5227
0 1423 5366
0 1424 898
0 1425 8596
0 1426 2062
0 1427 3268
0 1428 8001
0 1429 281
0 1430 26905
0 1431 1789
0 1432 28145
0 1433 14034
0 1434 25229
0 1435 29245
0 1436 5431
0 1437 5140
0 1438 10266
0 1439 465
0 1440 2564
0 1441 32939
0 1442 11169
0 1443 11109
0 1444 5117
0 1445 8080
0 1446 4795
0 1447 71
0 1448 7248
0 1449 24198
0 1450 5517
0 1451 19394
0 1452 20791
0 1453 22105
0 1454 2175
0 1455 3491
0 1456 13241
0 1457 2602
0 1458 4697
0 1459 4206
0 1460 9218
0 1461 19983
0 1462 9307
0 1463 5892
0 1464 2378
0 1465 12367
0 1466 36379
0 1468 14753
0 1469 17833
0 1470 9763
0 1471 3081
0 1472 5887
0 1473 7283
0 1474 13042
0 1475 7715
0 1477 11037
0 1478 18491
0 1479 1691
0 1480 4054
0 1481 19110
0 1482 12569
0 1483 2214
0 1484 23030
0 1485 34371
0 1486 24
0 1487 1782
0 1488 1920
0 1489 3270
0 1490 16087
0 1491 6739
0 1493 12428
0 1494 51440
0 1495 4567
0 1496 2203
0 1497 7436
0 1499 3306
0 1500 12938
0 1501 4752
0 1502 3688
0 1503 16178
0 1504 3143
0 1505 10380
0 1507 10978
0 1509 4555
0 1510 40034
0 1511 4557
0 1512 2008
0 1513 1659
0 1515 11558
0 1516 11930
0 1517 3837
0 1518 2319
0 1519 26781
0 1520 4268
0 1521 3685
0 1522 11100
0 1523 7525
0 1524 14147
0 1525 3103
0 1527 11922
0 1529 5360
0 1530 5650
0 1531 2070
0 1532 18281
0 1533 380
0 1534 17515
0 1535 1417
0 1536 4852
0 1537 1995
0 1538 1600
0 1539 18304
0 1540 2367
0 1541 18144
0 1542 3275
0 1543 12038
0 1545 508
0 1546 12957
0 1547 6219
0 1548 12522
0 1549 18805
0 1550 18625
0 1551 9559
0 1553 6934
0 1554 4971
0 1555 25685
0 1556 15097
0 1557 5342
0 1558 24746
0 1560 2538
0 1561 12183
0 1562 3350
0 1563 12129
0 1564 4791
0 1565 1286
0 1566 1166
0 1567 1269
0 1568 18220
0 1569 13151
0 1570 11268
0 1571 20722
0 1572 3710
0 1573 9730
0 1574 26856
0 1577 2552
0 1578 7186
0 1579 36510
0 1580 26315
0 1581 6396
0 1583 4008
0 1584 2298
0 1585 3985
0 1587 39454
0 1588 4625
0 1589 3459
0 1590 26881
0 1591 5533
0 1592 12753
0 1593 10568
0 1594 9152
0 1595 3152
0 1596 10277
0 1597 14
0 1598 5278
0 1599 19155
0 1600 2764
0 1601 6203
0 1602 13908
0 1603 6204
0 1604 15049
0 1605 392
0 1606 9580
0 1608 9632
0 1609 4766
0 1612 8718
0 1613 7377
0 1614 2603
0 1615 13574
0 1616 16485
0 1617 10141
0 1619 14
0 1621 24854
0 1622 16951
0 1623 12216
0 1624 21287
0 1625 9375
0 1626 37737
0 1627 23702
0 1628 10758
0 1629 5840
0 1630 2988
0 1631 4061
0 1633 7435
0 1634 24386
0 1635 774
0 1637 14154
0 1638 293
0 1639 5846
0 1640 5803
0 1641 12934
0 1642 8850
0 1644 7498
0 1645 3565
0 1647 19550
0 1648 14367
0 1649 7404
0 1650 23592
0 1651 5151
0 1653 3712
0 1654 24869
0 1655 5773
0 1656 6878
0 1657 16296
0 1658 25469
0 1659 1138
0 1660 1270
0 1661 6213
0 1662 16176
0 1663 14925
0 1664 5993
0 1665 2051
0 1666 1133
0 1667 154
0 1668 11754
0 1669 12209
0 1670 1705
0 1671 7806
0 1672 1982
0 1674 19759
0 1675 6657
0 1676 845
0 1677 14858
0 1678 12888
0 1679 16446
0 1680 18326
0 1681 17726
0 1682 1713
0 1683 4051
0 1684 3809
0 1685 2957
0 1687 12589
0 1688 3361
0 1689 7113
0 1691 8028
0 1692 1960
0 1693 42141
0 1694 4103
0 1697 20531
0 1698 3106
0 1699 16310
0 1700 10708
0 1701 13883
0 1702 13356
0 1703 1173
0 1704 179
0 1705 3306
0 1706 5893
0 1708 37074
0 1709 11234
0 1710 9856
0 1711 11895
0 1712 6832
0 1713 21141
0 1714 11716
0 1715 37149
0 1716 34158
0 1717 13397
0 1718 7045
0 1719 12549
0 1721 5830
0 1722 1538
0 1724 28459
0 1725 3622
0 1726 21423
0 1727 8658
0 1729 7248
0 1730 55556
0 1731 11186
0 1732 11570
0 1733 4915
0 1734 5510
0 1735 7415
0 1736 11847
0 1737 9135
0 1738 7171
0 1739 11851
0 1740 12954
0 1741 11649
0 1742 14732
0 1743 6703
0 1744 2697
0 1745 17010
0 1746 19593
0 1747 6211
0 1748 26824
0 1749 1482
0 1750 6055
0 1751 13847
0 1753 5502
0 1754 45
0 1755 8533
0 1756 3485
0 1757 4563
0 1758 29107
0 1759 5816
0 1760 17677
0 1761 16619
0 1763 9280
0 1764 17005
0 1765 21550
0 1766 8199
0 1768 7948
0 1770 29981
0 1771 4659
0 1773 2294
0 1774 13719
0 1775 17156
0 1776 27475
0 1777 2457
0 1778 2411
0 1779 219
0 1780 9421
0 1782 11971
0 1783 6330
0 1784 19846
0 1786 5419
0 1787 4112
0 1788 9848
0 1789 3687
0 1790 4138
0 1791 17139
0 1792 33457
0 1793 12652
0 1794 16192
0 1795 5748
0 1796 5704
0 1797 12504
0 1798 883
0 1799 32555
0 1800 16423
0 1801 797
0 1803 3209
0 1804 2303
0 1805 32403
0 1806 11564
0 1807 16755
0 1808 11031
0 1809 7102
0 1810 5161
0 1811 6740
0 1812 8034
0 1813 1372
0 1814 2125
0 1815 10304
0 1817 21576
0 1818 26671
0 1819 8834
0 1820 13467
0 1821 1985
0 1822 23225
0 1824 2863
0 1825 6147
0 1826 14445
0 1827 3855
0 1828 23092
0 1829 297
0 1830 12576
0 1831 9335
0 1832 17084
0 1833 15992
0 1834 12491
0 1835 4733
0 1836 2784
0 1838 23423
0 1839 12374
0 1841 28165
0 1842 1805
0 1843 5960
0 1844 3934
0 1845 14622
0 1846 224
0 1847 10032
0 1848 7893
0 1850 1709
0 1851 1408
0 1852 5359
0 1853 1853
0 1854 15419
0 1855 1080
0 1856 1460
0 1857 8807
0 1858 6333
0 1859 2417
0 1860 16119
0 1861 4492
0 1862 572
0 1863 22052
0 1864 1452
0 1865 3902
0 1866 2821
0 1867 7061
0 1868 26894
0 1869 21165
0 1870 20876
0 1871 85
0 1872 8884
0 1873 2464
0 1874 2176
0 1875 24830
0 1877 3486
0 1878 13669
0 1879 20138
0 1880 2631
0 1881 4871
0 1882 5657
0 1883 34695
0 1884 17046
0 1886 13513
0 1887 18759
0 1888 2716
0 1889 27123
0 1890 9989
0 1891 2420
0 1892 32515
0 1893 14211
0 1894 19391
0 1895 12379
0 1896 30065
0 1897 4518
0 1898 9037
0 1899 4340
0 1900 7357
0 1902 2436
0 1904 1270
0 1905 2024
0 1906 13080
0 1908 18990
0 1909 22547
0 1910 2363
0 1911 853
0 1912 4743
0 1913 6490
0 1914 1328
0 1915 12479
0 1916 5682
0 1917 35388
0 1918 3939
0 1919 4113
0 1920 29985
0 1921 7692
0 1922 5106
0 1923 16741
0 1924 9920
0 1925 262
0 1926 5712
0 1927 7550
0 1928 2130
0 1929 4445
0 1930 3104
0 1931 8497
0 1932 1734
0 1933 27503
0 1934 757
0 1935 29927
0 1936 8018
0 1937 568
0 1939 22209
0 1940 10115
0 1941 3321
0 1942 8420
0 1943 40800
0 1944 3172
0 1945 7788
0 1947 9659
0 1948 5178
0 1949 3891
0 1950 6142
0 1951 3833
0 1952 7555
0 1953 1421
0 1954 3710
0 1955 5388
0 1956 18596
0 1957 11820
0 1958 5149
0 1959 6059
0 1960 9175
0 1961 3721
0 1962 35272
0 1963 5175
0 1964 5486
0 1965 614
0 1966 21182
0 1967 5409
0 1968 2974
0 1969 5476
0 1970 528
0 1971 12895
0 1973 544
0 1974 6868
0 1975 634
0 1976 15841
0 1977 5776
0 1978 35118
0 1979 9466
0 1980 33228
0 1982 7173
0 1983 27802
0 1985 10640
0 1986 5969
0 1987 3115
0 1988 9293
0 1989 8697
0 1990 12977
0 1991 9362
0 1992 2084
0 1993 1635
0 1994 3965
0 1995 254
0 1996 77
0 1998 16083
0 1999 3859
1 0 936
1 1 2727
1 2 32285
1 3 4198
1 4 24104
1 5 236
1 6 13056
1 7 1230
1 8 6010
1 9 3103
1 10 5826
1 11 32362
1 12 6644
1 13 1012
1 14 2566
1 15 17340
1 16 10792
1 17 3670
1 18 3688
1 19 21882
1 20 9342
1 21 10186
1 22 18878
1 23 8106
1 24 2986
1 25 9556
1 26 4363
1 27 6852
1 28 3791
1 30 9716
1 31 16011
1 32 21130
1 33 8590
1 34 13830
1 36 6624
1 38 1965
1 39 5233
1 40 16967
1 41 4576
1 42 3433
1 43 579
1 45 19254
1 47 111
1 48 3993
1 49 3113
1 51 19647
1 52 4963
1 53 24777
1 54 1040
1 55 9006
1 56 4976
1 57 16820
1 59 9499
1 60 6132
1 61 4998
1 62 6836
1 63 6488
1 64 3898
1 66 20862
1 67 1465
1 69 2369
1 72 8669
1 73 18781
1 74 645
1 75 8746
1 76 6301
1 77 4385
1 78 990
1 79 21668
1 80 12103
1 81 3584
1 82 3175
1 83 15929
1 85 31256
1 86 22304
1 88 17037
1 90 14164
1 91 5702
1 92 5006
1 93 4237
1 94 16
1 95 7004
1 96 37142
1 97 1776
1 98 29011
1 99 9303
1 101 19813
1 102 26035
1 103 11060
1 105 3743
1 106 17607
1 107 805
1 108 6468
1 110 23066
1 111 6404
1 112 7046
1 113 8350
1 114 26642
1 115 17159
1 116 24356
1 117 1595
1 118 1647
1 120 2231
1 122 132
1 123 9299
1 124 16465
1 125 1686
1 126 9225
1 127 38255
1 130 9458
1 131 1910
1 132 2502
1 133 28482
1 134 8011
1 136 10428
1 137 963
1 138 18783
1 139 4073
1 140 385
1 141 3276
1 142 16182
1 143 24293
1 144 27505
1 145 1799
1 146 8750
1 147 19575
1 149 78
1 150 11572
1 151 5790
1 152 14883
1 153 9286
1 154 7638
1 155 19689
1 156 14814
1 157 6558
1 158 2919
1 159 160
1 160 6208
1 163 6204
1 164 20900
1 165 10349
1 166 18285
1 167 910
1 168 7014
1 169 33083
1 170 9269
1 171 8928
1 173 854
1 175 8139
1 176 13836
1 177 4327
1 178 4342
1 179 6698
1 180 12743
1 181 30890
1 182 23528
1 183 2227
1 184 246
1 186 8690
1 187 36686
1 188 884
1 189 28541
1 190 10669
1 191 2681
1 192 7
1 193 4390
1 194 159
1 195 10997
1 196 12767
1 197 3967
1 198 31327
1 200 3799
1 201 6598
1 203 4696
1 204 18312
1 205 10264
1 206 4536
1 207 2624
1 208 9950
1 210 2182
1 211 19533
1 212 17708
1 213 8008
1 214 6700
1 215 12313
1 216 5433
1 217 10075
1 218 23500
1 221 5765
1 222 14206
1 223 20311
1 225 16322
1 227 28906
1 228 4695
1 229 9445
1 230 23344
1 231 8171
1 232 13165
1 234 12774
1 236 22850
1 237 17332
1 238 35959
1 239 19214
1 241 16493
1 242 28642
1 243 26153
1 244 8393
1 245 7489
1 246 10667
1 247 3133
1 248 870
1 250 5225
1 251 3848
1 252 14972
1 254 541
1 255 22835
1 256 9153
1 257 16975
1 258 4528
1 259 18699
1 260 4836
1 261 2544
1 262 1730
1 263 7623
1 264 607
1 265 1951
1 266 3296
1 267 7133
1 269 16493
1 270 10697
1 271 22507
1 272 7537
1 273 10873
1 274 19369
1 275 3503
1 276 3858
1 277 6443
1 278 14278
1 279 12687
1 281 4199
1 282 5840
1 283 13234
1 284 34686
1 285 2960
1 286 7214
1 287 2924
1 288 8735
1 289 45284
1 290 24014
1 291 1230
1 292 3470
1 293 7178
1 294 3034
1 296 22172
1 297 26834
1 298 1829
1 299 8220
1 300 1121
1 301 614
1 302 3645
1 303 4246
1 304 14606
1 305 6591
1 306 3747
1 307 5033
1 308 8710
1 309 36142
1 310 6205
1 311 23292
1 312 2883
1 313 6361
1 314 5456
1 315 7892
1 316 662
1 317 180
1 318 4618
1 319 1220
1 320 33677
1 322 25414
1 323 4727
1 324 1567
1 326 1912
1 327 2359
1 328 10310
1 329 1830
1 330 7297
1 331 14540
1 332 13875
1 333 6782
1 334 13807
1 335 4439
1 336 51
1 337 7326
1 339 7872
1 340 5484
1 341 4211
1 342 5520
1 343 40860
1 344 4613
1 345 3189
1 346 18790
1 347 5856
1 348 15424
1 349 9878
1 350 3182
1 351 2627
1 352 3235
1 353 5507
1 354 5912
1 355 12333
1 356 8296
1 357 20514
1 358 6330
1 359 7176
1 360 11793
1 361 8238
1 362 18218
1 363 369
1 364 2937
1 365 12688
1 366 1038
1 367 10989
1 368 6997
1 369 13508
1 370 3523
1 371 7519
1 372 4088
1 373 20881
1 374 23836
1 375 3670
1 376 1275
1 377 11314
1 378 38766
1 379 2638
1 380 5269
1 382 12144
1 383 13483
1 384 15687
1 385 4815
1 386 13191
1 387 5381
1 388 3968
1 389 24701
1 390 6428
1 391 853
1 392 16677
1 393 23954
1 394 4813
1 395 480
1 397 33581
1 398 3124
1 399 10314
1 400 14177
1 401 1188
1 402 10646
1 403 3917
1 404 14281
1 405 5832
1 406 10308
1 407 3755
1 408 7293
1 409 18867
1 410 3476
1 411 16486
1 412 8245
1 413 2716
1 414 16342
1 415 4463
1 416 7486
1 417 19219
1 418 3031
1 419 3216
1 420 4065
1 421 9393
1 422 6988
1 423 20707
1 424 13732
1 425 3258
1 428 2628
1 429 12
1 430 2676
1 431 29101
1 432 13715
1 433 3439
1 434 18686
1 435 17688
1 436 10621
1 437 2771
1 438 15950
1 439 4600
1 440 9249
1 442 6946
1 445 4799
1 446 11209
1 447 11201
1 448 19055
1 449 1887
1 450 4992
1 451 16999
1 453 7962
1 454 26332
1 455 18602
1 456 5405
1 457 3440
1 458 3799
1 459 9242
1 460 9869
1 461 6452
1 462 22113
1 463 2615
1 464 6394
1 465 33107
1 466 1199
1 467 408
1 468 4961
1 469 16676
1 471 30750
1 473 16281
1 474 8195
1 475 5057
1 476 23168
1 477 2041
1 478 11181
1 479 24873
1 480 1584
1 481 19444
1 482 11018
1 483 7220
1 484 16913
1 485 11654
1 486 17159
1 488 7751
1 489 13772
1 491 3889
1 492 20738
1 494 10296
1 495 26496
1 497 18994
1 498 1626
1 499 5101
1 500 3006
1 501 6966
1 502 18300
1 503 1897
1 504 66
1 506 19021
1 507 36662
1 508 1605
1 509 3074
1 510 7819
1 511 2016
1 512 2795
1 513 3191
1 514 8603
1 515 3712
1 517 3565
1 518 5439
1 519 846
1 520 51
1 521 2559
1 522 4333
1 523 19429
1 524 2487
1 525 9267
1 526 33310
1 527 12064
1 528 12644
1 529 403
1 530 8619
1 531 2040
1 532 30711
1 533 18064
1 534 9827
1 535 5934
1 536 5712
1 537 16503
1 539 29638
1 540 7023
1 541 6628
1 542 14745
1 543 12607
1 545 9150
1 546 6565
1 547 7488
1 548 7091
1 549 19616
1 550 218
1 551 28780
1 552 3623
1 553 2424
1 554 3283
1 555 5070
1 556 6472
1 557 7776
1 558 16540
1 560 9339
1 561 3732
1 562 10974
1 563 50089
1 564 2366
1 565 7086
1 566 21554
1 567 1834
1 568 12472
1 569 4799
1 570 1928
1 571 2756
1 572 1186
1 573 6832
1 574 10418
1 575 2905
1 576 961
1 577 16055
1 578 34222
1 579 8708
1 580 505
1 581 10112
1 583 19912
1 584 6023
1 585 24179
1 586 2072
1 587 360
1 589 11338
1 590 1064
1 591 5291
1 592 6783
1 593 12983
1 594 3326
1 595 26325
1 596 28315
1 597 24822
1 598 20685
1 599 4775
1 600 3082
1 601 5033
1 602 17852
1 603 20995
1 604 7591
1 605 10008
1 606 10860
1 607 8725
1 608 8941
1 609 7811
1 610 4027
1 611 1159
1 612 6233
1 613 7232
1 614 18679
1 615 4539
1 616 3173
1 619 45
1 620 19614
1 621 11684
1 622 24604
1 623 26121
1 624 6192
1 625 7916
1 626 18747
1 627 4050
1 628 6680
1 629 6702
1 630 22056
1 631 3470
1 632 358
1 633 229
1 634 14509
1 636 9260
1 637 25178
1 638 2423
1 639 11857
1 640 1866
1 642 11048
1 644 12541
1 646 6921
1 647 20504
1 648 6177
1 649 26390
1 650 4209
1 651 5388
1 652 3197
1 653 6431
1 654 4886
1 655 12139
1 656 4788
1 657 14712
1 658 13262
1 659 9642
1 660 2185
1 662 1348
1 663 30919
1 664 23231
1 665 4396
1 666 2699
1 667 10807
1 668 7191
1 669 5098
1 670 8061
1 671 4830
1 672 3943
1 674 1510
1 675 3
1 677 28533
1 678 188
1 679 16363
1 680 9472
1 681 2000
1 682 2319
1 683 12050
1 684 3458
1 685 2613
1 686 3635
1 687 10885
1 688 1975
1 689 2902
1 690 2455
1 691 4148
1 692 9149
1 693 7045
1 695 8013
1 696 4795
1 697 18745
1 698 9374
1 699 290
1 700 19870
1 701 4997
1 703 12129
1 704 6637
1 705 2428
1 706 8737
1 707 6343
1 708 37541
1 709 15049
1 710 2767
1 711 3981
1 712 7653
1 713 2353
1 714 686
1 715 11930
1 717 18728
1 719 36677
1 720 6707
1 722 3816
1 723 3949
1 724 8246
1 725 9834
1 726 9391
1 727 4589
1 728 1609
1 729 9651
1 730 482
1 731 234
1 732 17449
1 733 16357
1 734 2610
1 735 958
1 737 5689
1 738 12432
1 739 2310
1 740 10527
1 741 2191
1 742 4078
1 743 5360
1 744 14176
1 745 6271
1 746 2667
1 747 766
1 748 4796
1 749 6290
1 750 3116
1 751 3625
1 752 7444
1 753 10473
1 754 16342
1 756 16508
1 757 6963
1 758 5144
1 759 2377
1 760 368
1 762 1697
1 763 30300
1 764 3501
1 765 4042
1 766 9148
1 768 6903
1 769 10612
1 770 1516
1 772 4534
1 773 10239
1 774 1274
1 775 9953
1 776 913
1 778 2196
1 780 4883
1 781 11212
1 782 12419
1 783 11593
1 784 1219
1 785 25581
1 786 8943
1 787 9249
1 788 1043
1 789 17341
1 790 4543
1 792 4675
1 793 7625
1 794 10828
1 795 6403
1 796 13008
1 797 12020
1 798 5530
1 799 12413
1 800 4755
1 801 3458
1 802 12122
1 803 6582
1 804 2551
1 806 9965
1 807 60
1 808 5255
1 809 3692
1 810 18975
1 811 270
1 812 5658
1 813 19137
1 814 7404
1 815 3955
1 816 13773
1 817 38239
1 818 2972
1 819 5213
1 820 17140
1 822 15144
1 823 5008
1 824 18447
1 825 16237
1 827 1459
1 828 7957
1 829 1957
1 831 17708
1 832 11091
1 833 5074
1 834 4672
1 835 14862
1 838 20702
1 839 16478
1 840 8144
1 841 3062
1 842 10752
1 843 257
1 844 139
1 845 2467
1 846 587
1 847 11590
1 848 3309
1 849 541
1 850 16803
1 852 5832
1 853 10278
1 854 2821
1 855 2950
1 856 7246
1 857 125
1 859 6961
1 860 6392
1 861 801
1 862 6044
1 863 104
1 864 3917
1 865 17414
1 866 21674
1 867 6981
1 868 19720
1 869 1597
1 870 19372
1 871 4177
1 872 8777
1 873 9769
1 874 23357
1 875 3188
1 876 19706
1 877 21580
1 878 1297
1 879 15115
1 880 32412
1 881 453
1 882 4031
1 883 19930
1 884 5741
1 885 13719
1 886 8873
1 887 2855
1 888 6214
1 889 1045
1 891 17539
1 892 6406
1 893 7840
1 894 7568
1 895 9351
1 897 5642
1 898 28928
1 899 8380
1 901 10652
1 902 22426
1 903 2069
1 904 350
1 905 2692
1 907 10243
1 908 1629
1 909 9218
1 910 175
1 911 24091
1 912 14612
1 913 10785
1 915 13077
1 916 5247
1 917 4897
1 918 994
1 919 16524
1 920 7350
1 921 7377
1 923 2843
1 924 474
1 925 5679
1 926 23590
1 927 5492
1 928 9810
1 929 4612
1 930 32247
1 931 14502
1 932 5655
1 933 5640
1 934 5748
1 935 6802
1 936 2418
1 938 3084
1 939 6671
1 940 17783
1 941 100
1 942 4335
1 943 2795
1 944 4267
1 946 12372
1 947 9652
1 948 28289
1 950 2405
1 951 158
1 952 1923
1 953 26212
1 954 3910
1 955 189
1 956 15099
1 957 4270
1 958 6565
1 960 27516
1 961 1877
1 962 11831
1 963 11908
1 964 992
1 965 4493
1 966 16178
1 967 31951
1 968 3187
1 969 3238
1 970 9116
1 972 17589
1 973 805
1 974 2236
1 975 5443
1 976 1047
1 977 3436
1 978 20507
1 979 7615
1 980 14630
1 981 2001
1 982 4628
1 984 12879
1 985 2079
1 986 6218
1 988 12168
1 989 10207
1 990 18523
1 991 562
1 992 13883
1 993 20204
1 994 9815
1 995 5021
1 996 12507
1 997 4451
1 998 5989
1 1000 3941
1 1001 189
1 1002 11681
1 1003 4492
1 1004 20335
1 1005 1477
1 1006 3098
1 1008 18875
1 1009 5773
1 1010 8590
1 1012 2089
1 1013 10724
1 1014 4472
1 1015 33966
1 1016 13396
1 1017 9952
1 1019 6934
1 1021 13477
1 1022 13
1 1023 12167
1 1025 29084
1 1027 24268
1 1028 12622
1 1029 15910
1 1030 9228
1 1031 14834
1 1032 7798
1 1034 1413
1 1035 15512
1 1036 913
1 1037 10256
1 1038 623
1 1039 1237
1 1040 1132
1 1041 4471
1 1042 5525
1 1043 8665
1 1044 4276
1 1046 5866
1 1048 3568
1 1049 20887
1 1051 6880
1 1052 3962
1 1053 17945
1 1054 259
1 1056 553
1 1057 11142
1 1058 4879
1 1059 6171
1 1060 519
1 1061 2901
1 1062 4756
1 1063 16333
1 1064 21029
1 1065 15076
1 1066 8801
1 1068 5632
1 1069 19817
1 1070 18482
1 1071 11921
1 1072 72
1 1073 26566
1 1074 4356
1 1075 12228
1 1076 3724
1 1077 14773
1 1079 3312
1 1080 3826
1 1081 7074
1 1082 988
1 1083 12873
1 1084 7982
1 1085 23100
1 1086 13505
1 1087 13522
1 1088 6947
1 1089 22813
1 1090 19680
1 1091 22154
1 1092 27437
1 1093 6960
1 1094 3249
1 1095 16989
1 1096 15792
1 1098 760
1 1099 2462
1 1100 1429
1 1101 1930
1 1102 3541
1 1103 3976
1 1104 22685
1 1105 5032
1 1106 3627
1 1107 16365
1 1108 2709
1 1109 10401
1 1110 25121
1 1111 13840
1 1112 73
1 1113 10990
1 1114 657
1 1115 4599
1 1116 27581
1 1117 9757
1 1118 14121
1 1119 16312
1 1120 21
1 1121 6901
1 1122 13997
1 1123 914
1 1124 3857
1 1125 17353
1 1126 20529
1 1127 5079
1 1128 3178
1 1129 3777
1 1130 8568
1 1131 1125
1 1132 17184
1 1133 8430
1 1135 4216
1 1138 552
1 1139 19769
1 1140 2758
1 1141 17091
1 1143 599
1 1144 1992
1 1145 12591
1 1146 7118
1 1147 7972
1 1148 45872
1 1149 7140
1 1150 23683
1 1151 10603
1 1152 10848
1 1153 10766
1 1154 5693
1 1155 16404
1 1156 17395
1 1158 6670
1 1159 4245
1 1160 7709
1 1161 4523
1 1162 13037
1 1163 2003
1 1164 12226
1 1165 24665
1 1169 8282
1 1170 219
1 1171 14037
1 1172 2313
1 1173 5150
1 1174 9700
1 1175 8353
1 1176 3832
1 1177 11668
1 1178 75
1 1179 11161
1 1180 11831
1 1181 10752
1 1182 1043
1 1184 5471
1 1185 23846
1 1186 758
1 1187 7189
1 1188 11762
1 1189 22956
1 1190 6919
1 1191 4433
1 1192 3787
1 1193 7598
1 1194 20988
1 1196 8010
1 1198 13952
1 1199 676
1 1200 23952
1 1201 7263
1 1202 12042
1 1203 1649
1 1204 16261
1 1205 3320
1 1207 320
1 1208 1928
1 1209 3634
1 1210 17648
1 1211 365
1 1212 13578
1 1214 1847
1 1215 5885
1 1216 7175
1 1217 25859
1 1219 16151
1 1220 17149
1 1221 11881
1 1222 19234
1 1223 9830
1 1224 1705
1 1225 3030
1 1226 7
1 1227 3947
1 1228 14328
1 1229 11817
1 1230 9435
1 1231 2644
1 1232 17554
1 1233 6491
1 1234 5112
1 1237 1610
1 1238 19224
1 1239 5494
1 1240 5518
1 1243 5841
1 1244 21262
1 1246 4703
1 1247 7049
1 1248 18330
1 1249 15746
1 1250 885
1 1251 1889
1 1252 7042
1 1253 6114
1 1255 10641
1 1257 2056
1 1258 12116
1 1259 15586
1 1260 13089
1 1261 3326
1 1262 6353
1 1263 13955
1 1264 2548
1 1265 5012
1 1267 9365
1 1268 6155
1 1269 4342
1 1270 5409
1 1271 12816
1 1274 3269
1 1275 14
1 1276 13537
1 1277 5431
1 1278 2984
1 1279 15491
1 1280 4665
1 1281 19711
1 1282 3913
1 1284 31539
1 1286 4496
1 1287 451
1 1289 10902
1 1291 1492
1 1292 2730
1 1293 1668
1 1294 1111
1 1295 11600
1 1296 15403
1 1297 12638
1 1299 12620
1 1300 470
1 1301 7078
1 1302 9917
1 1303 11890
1 1304 7433
1 1305 5627
1 1306 26813
1 1307 6251
1 1308 17908
1 1309 8887
1 1310 24799
1 1311 24226
1 1312 6493
1 1314 8506
1 1315 238
1 1316 15177
1 1317 7078
1 1318 31652
1 1319 3581
1 1320 4440
1 1321 3145
1 1322 6088
1 1323 5151
1 1325 12683
1 1326 20220
1 1327 17204
1 1328 17868
1 1329 10436
1 1330 10858
1 1331 19054
1 1332 9267
1 1333 7806
1 1334 396
1 1335 4866
1 1336 8490
1 1337 8025
1 1338 4396
1 1339 23161
1 1340 1962
1 1341 29822
1 1342 15774
1 1343 14541
1 1344 7404
1 1345 2201
1 1346 39645
1 1349 16179
1 1350 19056
1 1351 9513
1 1352 26603
1 1353 2880
1 1354 7696
1 1355 8689
1 1356 15208
1 1357 4077
1 1358 5660
1 1359 3950
1 1360 10428
1 1361 5450
1 1362 4556
1 1363 7751
1 1364 4266
1 1365 105
1 1366 11548
1 1367 15227
1 1368 11327
1 1369 2908
1 1371 10531
1 1372 21221
1 1373 22189
1 1374 2720
1 1375 9823
1 1376 18893
1 1377 24089
1 1378 26192
1 1379 689
1 1380 4313
1 1381 11521
1 1382 3591
1 1383 10979
1 1384 2841
1 1385 13245
1 1386 2631
1 1387 9049
1 1388 21915
1 1389 265
1 1390 10405
1 1391 9965
1 1392 3234
1 1393 6200
1 1395 4665
1 1397 13070
1 1398 15979
1 1399 11370
1 1400 19124
1 1402 22907
1 1403 16525
1 1404 2236
1 1405 3955
1 1406 2730
1 1407 30712
1 1408 1494
1 1409 22001
1 1410 9883
1 1411 9530
1 1412 22520
1 1413 6274
1 1414 5008
1 1415 18575
1 1416 13491
1 1417 10472
1 1418 30870
1 1419 29782
1 1420 9774
1 1421 4022
1 1422 2964
1 1423 10481
1 1424 5708
1 1425 30420
1 1426 9605
1 1427 16217
1 1428 21192
1 1429 9470
1 1430 8348
1 1431 15961
1 1432 9106
1 1433 7194
1 1434 19451
1 1435 24135
1 1436 10140
1 1437 1467
1 1438 2946
1 1439 15103
1 1441 6819
1 1443 29495
1 1444 14666
1 1446 4017
1 1447 6063
1 1448 2678
1 1449 8790
1 1450 6673
1 1451 35243
1 1453 15663
1 1454 5589
1 1455 11809
1 1456 601
1 1457 25939
1 1458 11283
1 1459 5650
1 1460 8223
1 1461 1277
1 1462 10386
1 1463 4989
1 1464 3871
1 1465 322
1 1466 7378
1 1467 36522
1 1468 1143
1 1469 5152
1 1470 16016
1 1471 19679
1 1472 8849
1 1473 17816
1 1474 12790
1 1475 4133
1 1476 1712
1 1477 17373
1 1478 9276
1 1479 12372
1 1481 12664
1 1482 947
1 1483 34177
1 1485 14609
1 1486 6942
1 1487 10784
1 1489 9226
1 1490 1181
1 1492 4936
1 1493 3379
1 1494 1623
1 1495 521
1 1496 54
1 1497 14548
1 1499 5108
1 1500 8474
1 1501 27772
1 1502 37558
1 1503 13486
1 1504 2831
1 1505 1739
1 1506 19938
1 1507 379
1 1509 5018
1 1510 19034
1 1511 18062
1 1512 16795
1 1513 1533
1 1514 8684
1 1515 3231
1 1516 14112
1 1517 24383
1 1518 35
1 1519 2613
1 1520 8237
1 1521 16775
1 1522 15548
1 1523 21445
1 1524 4109
1 1525 3658
1 1526 5092
1 1527 32219
1 1528 2861
1 1529 2744
1 1530 15361
1 1531 2735
1 1532 3355
1 1533 5039
1 1534 10360
1 1535 8131
1 1536 2509
1 1537 2432
1 1538 6267
1 1539 679
1 1540 12128
1 1541 10715
1 1542 10578
1 1544 3115
1 1545 5454
1 1546 10480
1 1547 9643
1 1548 5636
1 1549 4781
1 1550 4261
1 1551 26407
1 1552 35366
1 1553 16585
1 1554 5327
1 1555 21452
1 1556 1044
1 1557 15075
1 1558 3401
1 1559 12454
1 1560 202
1 1561 9976
1 1562 9170
1 1564 3341
1 1565 250
1 1566 6177
1 1567 3189
1 1568 30007
1 1569 17247
1 1570 800
1 1571 1997
1 1572 10619
1 1573 5494
1 1574 1149
1 1575 19299
1 1576 29
1 1577 14238
1 1578 262
1 1579 4849
1 1581 10204
1 1582 1568
1 1583 1502
1 1584 23359
1 1585 28934
1 1586 16391
1 1587 22123
1 1588 14653
1 1589 9450
1 1590 2027
1 1592 3316
1 1594 18837
1 1595 2946
1 1596 7161
1 1597 11280
1 1598 4643
1 1599 13672
1 1600 9832
1 1601 5676
1 1602 14110
1 1603 9710
1 1604 3151
1 1605 15559
1 1606 4321
1 1607 14593
1 1608 6047
1 1610 6493
1 1611 4556
1 1613 14775
1 1614 10346
1 1615 10121
1 1616 12595
1 1617 153
1 1618 13726
1 1619 172
1 1622 4266
1 1624 14068
1 1625 7413
1 1626 23336
1 1627 22535
1 1628 5804
1 1629 1505
1 1630 4798
1 1631 14400
1 1632 3837
1 1633 2907
1 1634 3399
1 1635 4391
1 1636 476
1 1637 2768
1 1638 5495
1 1639 11278
1 1640 1784
1 1641 4652
1 1642 26655
1 1643 22663
1 1644 7417
1 1645 2241
1 1646 2008
1 1647 6107
1 1648 4633
1 1649 7429
1 1650 551
1 1651 17252
1 1652 1157
1 1653 6445
1 1656 9239
1 1657 10205
1 1658 36940
1 1659 26202
1 1660 1226
1 1661 25758
1 1663 4472
1 1664 21920
1 1665 17627
1 1666 10728
1 1668 5112
1 1669 4740
1 1670 2123
1 1671 4728
1 1672 3268
1 1673 5281
1 1674 4880
1 1675 3530
1 1676 3749
1 1677 24879
1 1678 4636
1 1679 41892
1 1681 27961
1 1682 47113
1 1683 5232
1 1684 4262
1 1685 736
1 1686 1803
1 1687 11190
1 1689 2882
1 1690 32668
1 1691 195
1 1693 16491
1 1694 6008
1 1695 10954
1 1696 17908
1 1697 7762
1 1699 932
1 1700 7804
1 1701 629
1 1702 14526
1 1703 6889
1 1704 6884
1 1705 1134
1 1707 24561
1 1710 20088
1 1711 9400
1 1712 26794
1 1713 17730
1 1714 1343
1 1715 18455
1 1716 6223
1 1717 6429
1 1718 10604
1 1719 21176
1 1721 202
1 1722 8864
1 1723 9814
1 1724 4890
1 1725 6382
1 1726 819
1 1727 13460
1 1728 26878
1 1729 2140
1 1730 25456
1 1731 18796
1 1732 933
1 1733 18276
1 1735 6408
1 1736 13061
1 1737 2003
1 1739 6261
1 1740 2682
1 1741 19033
1 1742 6901
1 1743 12938
1 1745 2118
1 1746 11868
1 1747 8600
1 1748 9459
1 1749 2321
1 1750 19350
1 1751 17364
1 1752 16929
1 1753 1321
1 1754 4887
1 1755 2840
1 1756 15379
1 1757 47688
1 1759 5806
1 1760 35170
1 1761 2453
1 1762 8564
1 1764 370
1 1765 38544
1 1766 3683
1 1767 3962
1 1768 54168
1 1769 6737
1 1770 11320
1 1771 21125
1 1772 2949
1 1774 2269
1 1775 213
1 1776 18286
1 1777 28956
1 1778 27930
1 1779 660
1 1780 12213
1 1781 4213
1 1782 7780
1 1783 9972
1 1784 6627
1 1785 8407
1 1786 23215
1 1787 3934
1 1788 17528
1 1789 20579
1 1790 26346
1 1791 1301
1 1792 15262
1 1793 21
1 1794 1369
1 1795 1993
1 1796 1098
1 1797 8015
1 1798 21347
1 1799 2426
1 1800 140
1 1801 13052
1 1802 10
1 1803 207
1 1804 17958
1 1805 15374
1 1806 16619
1 1808 5598
1 1809 6703
1 1810 29117
1 1811 28576
1 1812 20995
1 1813 7178
1 1814 9363
1 1816 7377
1 1817 24271
1 1818 2894
1 1819 24980
1 1820 8084
1 1821 13968
1 1822 335
1 1823 18820
1 1824 8215
1 1825 34218
1 1826 12859
1 1827 8636
1 1829 1335
1 1830 7644
1 1831 10672
1 1832 4668
1 1833 11783
1 1835 5264
1 1836 2979
1 1837 22849
1 1838 216
1 1839 40747
1 1840 16694
1 1841 32062
1 1842 33647
1 1843 9515
1 1846 3385
1 1848 2865
1 1849 311
1 1850 7793
1 1851 3509
1 1852 42075
1 1853 14479
1 1854 44553
1 1855 15760
1 1856 19505
1 1857 9900
1 1859 12910
1 1860 7533
1 1861 675
1 1862 12463
1 1863 3140
1 1864 2580
1 1865 8043
1 1866 3286
1 1868 22591
1 1869 15592
1 1870 773
1 1871 8714
1 1872 2381
1 1873 11408
1 1874 30703
1 1875 18370
1 1876 10505
1 1877 4319
1 1878 29881
1 1879 3298
1 1880 24980
1 1881 7376
1 1882 14772
1 1884 19948
1 1885 20781
1 1886 16124
1 1887 15357
1 1888 1384
1 1889 7221
1 1890 128
1 1891 10296
1 1892 1240
1 1893 19694
1 1894 9013
1 1895 4744
1 1896 18944
1 1897 7224
1 1899 13201
1 1900 19913
1 1901 20397
1 1903 20696
1 1904 13069
1 1905 6169
1 1906 24519
1 1907 17434
1 1908 10197
1 1909 1999
1 1910 6797
1 1911 9563
1 1912 135
1 1913 27706
1 1914 13670
1 1915 771
1 1916 4656
1 1917 32820
1 1918 10676
1 1919 456
1 1920 5730
1 1921 9794
1 1922 6957
1 1923 7719
1 1924 13617
1 1925 1127
1 1926 2869
1 1927 16559
1 1928 1453
1 1929 8179
1 1930 4026
1 1931 3932
1 1932 21294
1 1933 9425
1 1935 4869
1 1936 1976
1 1937 1986
1 1938 11499
1 1939 22799
1 1940 8541
1 1942 370
1 1943 3377
1 1944 11537
1 1945 9159
1 1946 7088
1 1947 8286
1 1948 3567
1 1949 13877
1 1950 2368
1 1951 1200
1 1953 41180
1 1954 7084
1 1955 14599
1 1956 15267
1 1958 754
1 1959 36352
1 1960 1792
1 1961 34847
1 1962 10144
1 1963 3804
1 1964 5000
1 1965 4182
1 1966 14011
1 1967 890
1 1968 1573
1 1969 2182
1 1971 733
1 1972 6813
1 1973 3050
1 1974 20003
1 1975 15
1 1976 4103
1 1977 9275
1 1979 14433
1 1980 11480
1 1981 8973
1 1982 5443
1 1983 30905
1 1984 3289
1 1985 4709
1 1987 16736
1 1989 7635
1 1990 2246
1 1991 24333
1 1992 4826
1 1993 9101
1 1994 6876
1 1995 21157
1 1996 9216
1 1997 12416
1 1998 9244
1 1999 5145
2 0 2512
2 1 373
2 2 1226
2 3 4040
2 4 11712
2 5 5773
2 6 12887
2 8 26043
2 9 2450
2 10 387
2 11 6042
2 12 10723
2 13 43074
2 14 6016
2 15 25561
2 16 13388
2 17 5594
2 18 25742
2 19 1431
2 20 16318
2 21 2170
2 22 3430
2 25 1624
2 27 3384
2 28 6755
2 30 637
2 31 6502
2 32 15262
2 33 9304
2 34 7563
2 35 250
2 36 4457
2 37 2307
2 38 4327
2 39 15176
2 40 2305
2 41 5159
2 42 1593
2 43 11932
2 44 9882
2 45 42342
2 46 10831
2 47 17313
2 48 11426
2 49 10081
2 50 1059
2 51 8923
2 52 7154
2 53 8495
2 54 2655
2 55 9113
2 56 12011
2 57 18931
2 58 480
2 59 11397
2 60 3990
2 61 8280
2 62 8601
2 63 6586
2 64 13062
2 65 4208
2 66 14586
2 67 6302
2 68 8844
2 69 2953
2 70 10540
2 71 17918
2 72 17154
2 73 3201
2 74 19988
2 75 10399
2 76 4201
2 78 7265
2 79 11214
2 80 38
2 81 6673
2 83 4757
2 84 15275
2 85 18057
2 86 14234
2 87 14044
2 88 8894
2 89 26750
2 90 9985
2 91 5138
2 92 3331
2 93 10243
2 94 1265
2 95 2525
2 96 540
2 97 6980
2 98 8437
2 99 5125
2 100 483
2 101 17999
2 103 9430
2 104 5606
2 105 3999
2 107 5910
2 108 33643
2 110 3480
2 111 1359
2 112 13609
2 113 13813
2 114 11164
2 115 9063
2 116 2674
2 117 5364
2 118 14151
2 119 3177
2 120 21679
2 121 5085
2 122 22
2 123 9012
2 124 4973
2 125 22134
2 127 7394
2 128 6993
2 129 8181
2 130 19504
2 131 13300
2 132 14827
2 133 2066
2 134 2137
2 135 8565
2 136 17778
2 137 1404
2 138 3431
2 139 3976
2 140 8443
2 141 4021
2 142 8418
2 143 4297
2 144 8606
2 145 7595
2 146 2334
2 147 20960
2 148 33386
2 149 484
2 150 8673
2 151 34351
2 152 2
2 153 27451
2 154 20232
2 155 2002
2 156 12765
2 157 164
2 158 12805
2 159 16314
2 160 7336
2 161 1441
2 162 2105
2 163 14621
2 164 8985
2 165 18266
2 168 5537
2 169 3146
2 170 5484
2 171 17236
2 172 1773
2 173 3952
2 174 2049
2 176 6639
2 177 13884
2 178 4408
2 180 6335
2 181 5144
2 182 17052
2 183 3079
2 184 2944
2 185 24472
2 186 5914
2 187 13279
2 189 8423
2 190 7925
2 191 8629
2 192 27708
2 193 5023
2 194 1414
2 195 9708
2 196 3900
2 198 4412
2 199 5994
2 200 30137
2 201 21325
2 202 2283
2 203 23401
2 204 50578
2 205 9665
2 206 4033
2 207 16607
2 208 2100
2 209 7168
2 210 38200
2 212 3632
2 213 9308
2 214 3666
2 215 748
2 216 3900
2 217 1649
2 218 1922
2 219 23703
2 220 7178
2 221 23244
2 222 9975
2 223 24693
2 224 2608
2 225 5534
2 226 9979
2 228 1616
2 229 18604
2 230 4401
2 231 2915
2 232 5222
2 233 14087
2 234 13156
2 235 12362
2 236 4039
2 237 9591
2 238 3896
2 239 6774
2 240 3369
2 241 28571
2 242 9946
2 243 10963
2 244 7345
2 245 2726
2 246 1030
2 248 1720
2 249 3646
2 250 7390
2 251 7151
2 252 3604
2 253 816
2 255 1907
2 256 4684
2 257 396
2 259 493
2 260 5928
2 263 5467
2 264 6280
2 265 4735
2 267 8121
2 268 20937
2 269 5425
2 270 12801
2 271 12828
2 272 6098
2 273 2142
2 274 13552
2 275 17742
2 276 2347
2 277 752
2 278 26709
2 279 2232
2 280 20146
2 281 2225
2 282 21317
2 283 24242
2 284 3383
2 285 733
2 286 3745
2 287 42302
2 288 5953
2 289 18636
2 290 17848
2 291 4354
2 292 4377
2 293 3766
2 294 1746
2 295 7991
2 296 9040
2 297 3740
2 298 11247
2 299 9590
2 300 9224
2 302 8960
2 303 10350
2 304 15372
2 305 8080
2 306 12221
2 307 10615
2 309 4270
2 310 3088
2 311 10029
2 312 668
2 313 46644
2 314 8532
2 315 4267
2 316 10299
2 318 348
2 319 22942
2 320 4041
2 321 42243
2 322 7716
2 323 4843
2 324 160
2 325 2944
2 326 5311
2 327 30797
2 328 2403
2 330 23401
2 331 4483
2 332 19279
2 333 6695
2 336 4119
2 337 15281
2 338 25929
2 339 6143
2 340 28391
2 341 9707
2 342 27906
2 343 11497
2 344 10794
2 345 6139
2 346 25932
2 347 22812
2 349 14151
2 350 12987
2 351 787
2 353 8791
2 354 4112
2 355 18634
2 357 19553
2 358 9154
2 359 7407
2 360 13683
2 361 4019
2 362 463
2 363 3033
2 364 15093
2 365 24054
2 366 11347
2 367 8380
2 368 14700
2 369 3428
2 370 16842
2 371 10887
2 372 1217
2 373 9410
2 374 18486
2 375 916
2 376 10022
2 379 3205
2 381 2732
2 382 17271
2 383 587
2 384 5501
2 385 3436
2 387 8076
2 388 13371
2 389 12016
2 391 26575
2 392 24045
2 394 839
2 395 24070
2 396 7418
2 397 6674
2 398 13972
2 399 20812
2 400 7933
2 401 23044
2 402 4545
2 403 2615
2 404 4960
2 405 80
2 407 14531
2 409 10046
2 410 2948
2 411 3268
2 412 13358
2 413 16389
2 414 9653
2 415 4563
2 416 4639
2 417 26710
2 418 9918
2 419 8441
2 420 1985
2 421 3523
2 422 16356
2 423 36686
2 426 5056
2 427 7734
2 428 9804
2 429 1006
2 430 11339
2 431 6739
2 432 6910
2 433 1775
2 434 10173
2 435 5256
2 436 8954
2 437 6514
2 438 22589
2 439 2159
2 441 23902
2 442 8802
2 443 16183
2 444 11027
2 445 9999
2 446 9135
2 447 2020
2 448 18178
2 449 18484
2 450 25756
2 451 11071
2 452 46203
2 453 13720
2 454 962
2 455 30189
2 456 9025
2 457 27136
2 458 17026
2 459 1969
2 460 5615
2 462 6795
2 463 11441
2 464 16475
2 465 323
2 466 9930
2 467 4138
2 468 4590
2 469 34567
2 470 12311
2 471 7792
2 472 5957
2 473 5449
2 474 2261
2 475 27136
2 476 16315
2 477 15419
2 478 5374
2 479 2021
2 480 17285
2 481 1863
2 482 8575
2 483 2553
2 484 16463
2 485 4023
2 486 4165
2 487 2061
2 488 1458
2 489 11690
2 490 3537
2 491 4284
2 492 1875
2 493 19697
2 494 30739
2 495 16512
2 496 7895
2 497 17786
2 498 5278
2 499 4674
2 500 5249
2 501 18613
2 502 2698
2 503 8007
2 505 2819
2 506 6661
2 507 42301
2 508 405
2 509 3268
2 510 6256
2 512 6249
2 513 5477
2 514 12832
2 515 12393
2 516 5235
2 517 1336
2 518 3047
2 519 8694
2 520 2342
2 521 1387
2 522 8355
2 523 9
2 525 4752
2 526 959
2 527 222
2 528 3740
2 529 26404
2 530 454
2 531 3264
2 533 2206
2 534 32462
2 535 18622
2 536 28980
2 537 8723
2 538 832
2 539 4407
2 540 2716
2 542 14646
2 543 8920
2 544 6327
2 545 955
2 548 25137
2 549 529
2 550 6689
2 551 12566
2 552 26434
2 553 6081
2 554 269
2 555 12535
2 556 12824
2 557 28595
2 558 3211
2 560 9889
2 561 3245
2 562 15806
2 563 21042
2 564 3000
2 565 7365
2 566 38122
2 567 16948
2 568 6935
2 569 2007
2 570 14410
2 571 3320
2 572 2074
2 573 13164
2 574 967
2 575 6099
2 576 6980
2 577 13728
2 578 6099
2 579 938
2 580 2689
2 581 5085
2 582 4141
2 583 1071
2 584 4716
2 587 12792
2 588 3207
2 589 13295
2 590 182
2 591 7243
2 592 3635
2 593 1049
2 594 14841
2 595 2847
2 596 5720
2 597 2971
2 598 20173
2 599 24421
2 601 4490
2 602 21318
2 603 3439
2 604 2997
2 606 4126
2 607 7874
2 608 1808
2 609 24840
2 610 5623
2 611 12257
2 613 15056
2 614 5388
2 615 5353
2 617 3479
2 618 5515
2 619 8403
2 620 15845
2 621 3731
2 622 24613
2 624 15126
2 625 3836
2 626 5845
2 627 10753
2 628 38042
2 629 5965
2 630 347
2 631 9913
2 632 18
2 633 12985
2 634 1694
2 635 1422
2 636 37685
2 637 29458
2 638 5230
2 639 7703
2 640 31319
2 641 1438
2 642 21777
2 643 9307
2 644 7267
2 645 792
2 646 30675
2 647 5821
2 648 18488
2 649 1671
2 650 381
2 651 14102
2 652 17412
2 653 8748
2 654 16732
2 655 8826
2 656 9289
2 657 13336
2 658 9376
2 661 1444
2 662 10194
2 663 3225
2 664 15
2 665 23835
2 666 1097
2 667 6438
2 669 5017
2 671 19556
2 672 7488
2 674 2354
2 675 13537
2 676 18730
2 677 17727
2 678 19
2 679 931
2 680 256
2 682 2045
2 683 20439
2 684 8465
2 687 11728
2 688 4685
2 689 9641
2 690 269
2 691 2149
2 692 3363
2 693 2865
2 694 5296
2 695 4438
2 696 2314
2 697 11967
2 698 9044
2 699 15315
2 701 6037
2 702 170
2 704 5305
2 705 11194
2 706 12852
2 708 1386
2 709 2954
2 710 7933
2 712 4325
2 713 10368
2 714 7860
2 715 2108
2 716 10221
2 717 10371
2 718 117
2 719 8253
2 720 4777
2 721 36065
2 722 22044
2 723 9039
2 724 18703
2 725 7454
2 726 5244
2 727 58
2 728 10910
2 729 18566
2 730 12698
2 731 16657
2 732 29233
2 733 15568
2 734 4046
2 735 4729
2 736 7314
2 737 9862
2 738 1509
2 739 6810
2 740 16072
2 741 5064
2 742 10317
2 743 302
2 744 4559
2 745 6950
2 746 8061
2 747 1934
2 748 13800
2 749 4589
2 750 835
2 751 7249
2 752 6885
2 753 14035
2 754 5119
2 755 14
2 756 926
2 757 15478
2 759 7669
2 760 5604
2 761 6669
2 762 878
2 763 25698
2 764 13573
2 765 7306
2 766 15406
2 767 20359
2 768 1289
2 769 22657
2 770 3970
2 772 20235
2 773 12965
2 774 9759
2 775 20714
2 776 1739
2 777 2182
2 778 6820
2 779 5362
2 780 1411
2 781 5753
2 782 15749
2 783 23750
2 784 18779
2 785 23493
2 786 2000
2 787 20311
2 788 5556
2 789 895
2 790 5466
2 791 3872
2 792 3396
2 793 4138
2 794 2941
2 795 32822
2 796 215
2 797 4375
2 798 9578
2 799 8394
2 800 4735
2 801 10350
2 802 15039
2 803 7019
2 804 9357
2 805 8607
2 806 6949
2 808 4996
2 809 18319
2 810 35692
2 811 15594
2 812 1600
2 813 10331
2 814 23415
2 815 2093
2 816 27754
2 817 33922
2 818 29917
2 819 892
2 820 4725
2 822 11946
2 823 3820
2 824 2648
2 825 2773
2 826 12030
2 827 8086
2 828 429
2 829 2258
2 830 7523
2 831 7233
2 832 18961
2 833 12430
2 834 12373
2 836 3773
2 837 11284
2 838 4084
2 839 2833
2 840 19514
2 842 5782
2 843 16629
2 844 31326
2 845 30801
2 846 11445
2 848 20453
2 849 27195
2 851 17007
2 852 19642
2 853 273
2 854 27832
2 856 4053
2 857 14210
2 858 31864
2 859 1915
2 860 1482
2 861 10806
2 862 1304
2 863 35809
2 864 3449
2 866 29921
2 867 768
2 868 55865
2 869 4718
2 870 2438
2 871 18177
2 872 9733
2 873 12277
2 874 4017
2 875 1888
2 876 23441
2 877 3503
2 878 15117
2 879 1428
2 880 16167
2 881 7818
2 882 9238
2 883 8782
2 886 4653
2 887 3919
2 888 823
2 889 30437
2 890 10954
2 891 6947
2 892 4220
2 893 4656
2 894 27047
2 895 13055
2 897 11237
2 898 27827
2 899 1020
2 900 17140
2 901 12267
2 902 22072
2 903 3988
2 904 2584
2 906 2818
2 907 19980
2 908 17986
2 909 4469
2 910 1828
2 911 765
2 912 16898
2 913 1598
2 915 4330
2 916 9112
2 917 6551
2 918 22757
2 919 6624
2 920 27212
2 921 1333
2 922 9994
2 923 1840
2 925 18569
2 926 12359
2 927 5501
2 928 1418
2 929 28310
2 930 5676
2 931 5555
2 932 5779
2 933 2727
2 934 3603
2 935 10061
2 936 5726
2 937 16871
2 938 1006
2 939 20735
2 940 1788
2 941 3800
2 942 490
2 943 236
2 944 3056
2 946 2418
2 947 17677
2 948 709
2 949 8134
2 950 33
2 951 2163
2 952 11055
2 953 4931
2 954 5528
2 955 2674
2 956 23801
2 957 3372
2 958 3862
2 959 5502
2 960 11268
2 961 7856
2 962 908
2 963 2617
2 964 3227
2 965 8413
2 966 5443
2 967 14356
2 968 6306
2 969 13155
2 971 2801
2 972 7934
2 973 16390
2 974 6743
2 975 20496
2 976 3182
2 977 10777
2 978 30
2 979 10139
2 980 4451
2 981 2621
2 983 2963
2 984 13127
2 985 31006
2 986 3021
2 987 12482
2 988 3418
2 989 658
2 990 8872
2 991 10479
2 993 9885
2 994 2006
2 995 4269
2 996 11163
2 997 793
2 998 1813
2 999 30338
2 1000 5226
2 1001 23836
2 1003 211
2 1004 4254
2 1006 42
2 1007 23110
2 1008 34904
2 1009 4274
2 1010 6794
2 1011 1750
2 1012 3
2 1013 6749
2 1014 2723
2 1015 10088
2 1016 10
2 1018 4851
2 1019 14197
2 1020 7993
2 1021 1405
2 1022 21227
2 1023 12412
2 1024 25108
2 1025 13286
2 1026 23060
2 1027 10305
2 1028 13661
2 1029 25859
2 1031 18100
2 1032 4545
2 1033 8781
2 1035 13775
2 1036 15931
2 1037 2399
2 1038 17746
2 1040 32
2 1041 12556
2 1042 7531
2 1043 4004
2 1044 31355
2 1045 15471
2 1047 7904
2 1048 2267
2 1049 26283
2 1050 3000
2 1051 2298
2 1053 4710
2 1055 23992
2 1056 3912
2 1058 14996
2 1059 6230
2 1060 3556
2 1061 4323
2 1062 4728
2 1063 1010
2 1065 19494
2 1066 19322
2 1067 15183
2 1068 12257
2 1070 2786
2 1071 2244
2 1072 4176
2 1073 13067
2 1074 15808
2 1075 19097
2 1077 3726
2 1078 3310
2 1080 10422
2 1081 38
2 1082 15395
2 1083 19598
2 1084 2037
2 1085 2279
2 1086 7264
2 1087 3900
2 1089 9706
2 1090 38986
2 1091 18096
2 1092 1713
2 1093 6943
2 1094 1239
2 1095 17441
2 1096 10737
2 1097 11138
2 1098 4850
2 1099 28832
2 1100 6267
2 1101 7247
2 1102 12828
2 1103 16919
2 1104 6017
2 1105 5387
2 1106 13812
2 1107 3070
2 1108 1680
2 1109 13327
2 1111 9059
2 1112 15568
2 1113 2245
2 1114 7296
2 1116 8339
2 1117 1720
2 1120 25021
2 1121 1445
2 1122 2251
2 1124 5419
2 1125 7092
2 1126 5376
2 1127 1211
2 1128 9396
2 1129 2159
2 1130 16189
2 1131 28474
2 1132 1967
2 1133 9956
2 1134 4884
2 1136 7238
2 1137 6444
2 1138 14042
2 1139 8934
2 1140 31113
2 1141 9541
2 1142 4332
2 1143 2677
2 1144 10070
2 1145 5844
2 1146 12399
2 1147 31994
2 1148 23235
2 1150 2495
2 1152 8770
2 1153 9625
2 1154 1151
2 1155 3748
2 1157 17577
2 1158 21152
2 1160 3731
2 1161 42753
2 1162 3044
2 1163 21769
2 1165 1631
2 1166 8592
2 1167 2786
2 1168 4607
2 1169 21368
2 1170 20888
2 1171 4461
2 1172 9206
2 1173 22875
2 1174 355
2 1175 637
2 1176 728
2 1177 4704
2 1178 6418
2 1179 1364
2 1180 17214
2 1181 4997
2 1182 1538
2 1184 14292
2 1185 754
2 1186 4324
2 1187 11278
2 1188 399
2 1189 7169
2 1190 10540
2 1191 16810
2 1192 18732
2 1194 7688
2 1197 3962
2 1198 6806
2 1199 14388
2 1200 3700
2 1201 614
2 1202 6942
2 1203 23897
2 1204 4627
2 1205 19881
2 1206 4244
2 1207 2879
2 1208 14399
2 1209 25867
2 1210 8124
2 1211 3952
2 1212 4029
2 1213 2970
2 1214 10124
2 1215 2001
2 1217 1652
2 1218 31614
2 1219 14605
2 1220 21329
2 1221 586
2 1222 33156
2 1223 4690
2 1224 6094
2 1226 12640
2 1227 2259
2 1228 21226
2 1229 21325
2 1232 27311
2 1233 1415
2 1234 9767
2 1235 5359
2 1236 6895
2 1237 256
2 1238 32503
2 1239 883
2 1240 3157
2 1241 1370
2 1242 10067
2 1243 51
2 1244 7365
2 1245 4287
2 1246 3046
2 1248 36
2 1249 8607
2 1250 903
2 1251 4838
2 1252 21844
2 1253 3069
2 1254 8758
2 1255 19021
2 1257 4683
2 1258 2604
2 1260 9480
2 1261 5171
2 1262 1112
2 1263 11299
2 1264 9035
2 1266 9365
2 1267 4769
2 1268 6805
2 1269 9787
2 1270 9483
2 1271 17693
2 1272 5980
2 1273 1435
2 1274 7020
2 1275 7061
2 1276 6486
2 1277 10348
2 1278 1239
2 1279 3746
2 1280 38281
2 1281 13753
2 1282 43934
2 1283 15775
2 1284 4480
2 1285 4679
2 1286 11912
2 1287 4714
2 1288 8841
2 1289 3230
2 1290 4527
2 1291 14162
2 1292 2074
2 1293 6570
2 1294 315
2 1295 10383
2 1296 9172
2 1298 12578
2 1301 26706
2 1303 4992
2 1304 463
2 1305 4276
2 1307 7343
2 1309 19178
2 1311 19362
2 1312 4554
2 1313 31216
2 1314 5965
2 1316 224
2 1318 20234
2 1319 14958
2 1320 5733
2 1321 13972
2 1322 5417
2 1324 7232
2 1325 9728
2 1326 4996
2 1327 6491
2 1328 7638
2 1330 1187
2 1331 7775
2 1333 18595
2 1334 7396
2 1335 3258
2 1336 10608
2 1337 1794
2 1338 13610
2 1339 28242
2 1340 1997
2 1341 4118
2 1342 9893
2 1343 9883
2 1344 24518
2 1345 32132
2 1346 13754
2 1347 10430
2 1348 1444
2 1349 2118
2 1350 26335
2 1351 12466
2 1352 30821
2 1354 3158
2 1355 4949
2 1357 3488
2 1358 2758
2 1359 51031
2 1360 35316
2 1361 1375
2 1362 14324
2 1363 33
2 1364 13501
2 1365 791
2 1366 8790
2 1367 5484
2 1368 7664
2 1369 4410
2 1370 2473
2 1371 4855
2 1372 1422
2 1373 13035
2 1375 11146
2 1376 8277
2 1377 4483
2 1378 7168
2 1379 1360
2 1380 6062
2 1381 6246
2 1382 8156
2 1383 3672
2 1384 8313
2 1385 5921
2 1386 2868
2 1387 3077
2 1388 10520
2 1390 5392
2 1392 7098
2 1393 28836
2 1394 4481
2 1395 2665
2 1397 13069
2 1400 10123
2 1402 28453
2 1403 4376
2 1404 9874
2 1405 4216
2 1406 5259
2 1407 133
2 1408 11225
2 1409 1198
2 1410 148
2 1411 3959
2 1412 11703
2 1413 7173
2 1415 8509
2 1416 9757
2 1417 26202
2 1418 2010
2 1419 992
2 1420 12891
2 1421 28252
2 1422 17297
2 1423 17716
2 1424 9445
2 1425 3694
2 1426 2381
2 1427 18592
2 1428 27946
2 1429 10112
2 1430 5723
2 1431 18887
2 1432 6337
2 1433 3290
2 1434 4868
2 1436 20295
2 1437 18000
2 1438 13671
2 1439 16183
2 1440 2375
2 1443 875
2 1444 26340
2 1445 6169
2 1446 8640
2 1447 16157
2 1448 11906
2 1449 8310
2 1450 1744
2 1451 8335
2 1453 6322
2 1454 15731
2 1455 6216
2 1456 4515
2 1457 251
2 1458 1881
2 1459 8402
2 1460 3928
2 1461 14752
2 1462 13582
2 1463 5773
2 1464 28917
2 1465 2282
2 1466 12589
2 1467 1775
2 1468 21995
2 1469 16997
2 1470 8386
2 1472 10957
2 1473 14802
2 1474 3897
2 1476 5051
2 1477 2007
2 1479 26066
2 1480 730
2 1481 1192
2 1482 13504
2 1483 10438
2 1484 2246
2 1485 5233
2 1486 7452
2 1487 4304
2 1489 5011
2 1490 12566
2 1491 1799
2 1492 1943
2 1493 21692
2 1494 13973
2 1496 1453
2 1497 11033
2 1498 4430
2 1499 10242
2 1500 11029
2 1501 3771
2 1502 6801
2 1504 9150
2 1505 4517
2 1506 7320
2 1507 1281
2 1509 7097
2 1510 1207
2 1511 4898
2 1512 4265
2 1513 13773
2 1514 2328
2 1515 9383
2 1516 17833
2 1517 1966
2 1518 27606
2 1519 7970
2 1520 3790
2 1521 18877
2 1522 2167
2 1523 6913
2 1525 3715
2 1526 13059
2 1527 4670
2 1528 4681
2 1530 15347
2 1531 13161
2 1532 11098
2 1533 16890
2 1534 1304
2 1535 1307
2 1536 19278
2 1537 2252
2 1538 13532
2 1539 1993
2 1540 4753
2 1541 3250
2 1542 18241
2 1543 4979
2 1544 5013
2 1545 11315
2 1546 31029
2 1547 2420
2 1548 15656
2 1549 1219
2 1550 24789
2 1551 10724
2 1552 4556
2 1553 2124
2 1554 7832
2 1555 386
2 1556 5848
2 1558 13226
2 1560 7552
2 1561 7981
2 1562 23561
2 1563 3612
2 1564 2424
2 1565 25110
2 1566 4064
2 1567 18227
2 1568 9761
2 1569 17981
2 1570 6168
2 1571 12410
2 1572 16518
2 1573 1680
2 1574 22204
2 1575 22090
2 1576 9820
2 1577 615
2 1578 23454
2 1579 34514
2 1580 4352
2 1581 22192
2 1582 34907
2 1583 280
2 1584 108
2 1585 6897
2 1587 5863
2 1589 10669
2 1590 6680
2 1591 304
2 1592 2655
2 1594 1366
2 1595 2808
2 1596 713
2 1597 7831
2 1598 6464
2 1599 30500
2 1600 6452
2 1601 1998
2 1602 468
2 1603 3421
2 1604 990
2 1605 396
2 1606 3568
2 1607 26214
2 1608 363
2 1609 3866
2 1610 5019
2 1611 4584
2 1612 15452
2 1613 6825
2 1614 844
2 1615 8101
2 1616 8081
2 1617 8027
2 1619 8484
2 1620 24760
2 1621 3708
2 1622 4753
2 1624 8002
2 1626 3984
2 1627 32142
2 1629 20999
2 1630 9283
2 1631 35912
2 1632 9913
2 1633 17650
2 1634 6146
2 1635 5149
2 1638 22006
2 1640 4132
2 1641 9202
2 1642 7917
2 1643 4268
2 1644 7100
2 1645 15157
2 1646 8425
2 1647 19718
2 1648 3891
2 1649 9141
2 1651 9439
2 1652 3414
2 1653 4492
2 1654 8436
2 1655 6079
2 1656 12430
2 1657 1129
2 1658 1604
2 1659 4930
2 1660 2448
2 1662 7462
2 1663 44206
2 1664 21428
2 1665 3476
2 1666 6525
2 1668 1939
2 1669 28253
2 1671 1555
2 1672 3374
2 1673 7772
2 1674 18401
2 1675 535
2 1677 17966
2 1678 69
2 1679 6056
2 1680 7846
2 1681 15794
2 1682 5641
2 1683 441
2 1684 5251
2 1687 7838
2 1689 16055
2 1690 4550
2 1692 4201
2 1693 6775
2 1694 348
2 1695 13335
2 1696 15507
2 1697 18333
2 1698 16932
2 1699 10586
2 1700 35255
2 1701 3364
2 1703 14058
2 1704 5461
2 1705 24200
2 1706 15009
2 1707 13694
2 1708 4998
2 1709 7556
2 1711 18298
2 1713 4987
2 1714 5807
2 1715 2290
2 1716 16357
2 1717 14573
2 1718 3332
2 1719 8589
2 1720 4875
2 1721 3971
2 1722 7959
2 1723 1869
2 1724 6791
2 1725 13418
2 1726 3495
2 1727 9162
2 1728 7457
2 1729 16558
2 1730 14262
2 1731 8136
2 1732 10244
2 1733 8717
2 1734 9834
2 1735 14637
2 1736 6007
2 1737 3167
2 1738 533
2 1739 4419
2 1740 11183
2 1741 4925
2 1742 10122
2 1744 6644
2 1745 287
2 1746 4397
2 1747 17833
2 1748 1878
2 1749 1010
2 1750 3586
2 1751 27880
2 1752 28822
2 1753 598
2 1755 1990
2 1756 7502
2 1757 3918
2 1758 7031
2 1759 3315
2 1760 14444
2 1761 4023
2 1762 2860
2 1763 12790
2 1764 7549
2 1765 7186
2 1766 16607
2 1767 1887
2 1768 3364
2 1769 10665
2 1771 475
2 1772 8024
2 1773 16221
2 1775 12422
2 1776 15762
2 1777 1607
2 1778 22105
2 1779 16272
2 1780 8364
2 1781 10085
2 1782 30219
2 1783 11679
2 1784 2666
2 1785 21185
2 1786 18682
2 1787 4260
2 1788 3310
2 1789 6514
2 1790 3598
2 1791 7451
2 1792 4842
2 1794 4676
2 1796 13193
2 1797 1862
2 1798 12449
2 1799 245
2 1800 33861
2 1801 6
2 1802 3945
2 1803 28805
2 1804 2560
2 1806 1022
2 1807 1289
2 1808 24992
2 1809 6979
2 1810 6387
2 1811 45229
2 1812 6447
2 1813 3791
2 1814 13276
2 1815 5640
2 1816 17700
2 1817 2267
2 1818 11077
2 1819 3570
2 1820 18532
2 1821 12782
2 1822 9854
2 1823 8371
2 1825 16832
2 1826 30283
2 1827 5646
2 1828 74
2 1829 15014
2 1830 11143
2 1831 15343
2 1832 4742
2 1833 8853
2 1835 887
2 1836 5382
2 1838 12841
2 1839 564
2 1840 32026
2 1841 946
2 1842 19072
2 1843 14899
2 1844 4177
2 1845 7284
2 1847 2564
2 1848 13592
2 1849 3776
2 1850 4384
2 1851 3100
2 1852 7354
2 1853 13096
2 1854 13619
2 1856 7950
2 1857 4212
2 1859 26939
2 1860 16921
2 1861 10606
2 1863 6317
2 1864 15974
2 1866 8147
2 1867 16266
2 1868 2068
2 1869 13112
2 1870 3466
2 1871 6859
2 1872 13809
2 1873 7261
2 1874 5870
2 1875 765
2 1877 8040
2 1878 13497
2 1879 3099
2 1880 2
2 1881 7384
2 1882 20521
2 1883 24056
2 1885 21655
2 1886 7659
2 1887 16991
2 1888 24831
2 1889 31761
2 1890 4340
2 1892 22441
2 1893 3774
2 1894 3932
2 1895 3454
2 1896 3413
2 1897 4742
2 1898 9102
2 1899 17772
2 1901 13238
2 1902 3956
2 1903 29510
2 1904 6183
2 1905 8443
2 1906 5087
2 1907 25177
2 1908 26706
2 1909 694
2 1910 6307
2 1911 11258
2 1912 5426
2 1913 26709
2 1914 923
2 1915 7822
2 1916 1241
2 1917 3885
2 1918 1041
2 1919 522
2 1921 11838
2 1922 3207
2 1924 2346
2 1925 29762
2 1928 31571
2 1929 20876
2 1930 6561
2 1931 13102
2 1932 2950
2 1933 16808
2 1934 12899
2 1935 10340
2 1936 455
2 1937 17783
2 1939 7055
2 1940 680
2 1941 589
2 1942 11697
2 1943 13846
2 1944 4501
2 1945 19264
2 1947 1830
2 1948 468
2 1949 4599
2 1950 914
2 1951 3587
2 1952 6312
2 1953 8116
2 1954 7116
2 1955 2168
2 1956 3002
2 1957 6349
2 1960 51328
2 1961 10220
2 1962 3287
2 1963 37633
2 1964 7318
2 1965 3960
2 1966 20428
2 1967 19525
2 1968 4337
2 1969 1455
2 1970 11474
2 1971 18343
2 1972 10086
2 1973 5213
2 1974 9539
2 1975 5754
2 1976 1657
2 1977 490
2 1978 2837
2 1979 17819
2 1980 10481
2 1981 2159
2 1982 6361
2 1983 13352
2 1984 2178
2 1985 288
2 1987 2119
2 1988 12958
2 1989 21850
2 1990 4913
2 1991 5438
2 1992 13633
2 1993 4801
2 1994 1241
2 1995 3787
2 1996 16083
2 1997 3159
2 1998 13289
2 1999 5680
3 0 9743
3 1 2328
3 2 10878
3 3 12042
3 4 4407
3 5 164
3 6 22062
3 7 14347
3 8 3142
3 9 10747
3 10 12231
3 11 19452
3 12 24647
3 13 3929
3 14 768
3 15 2039
3 16 1232
3 17 649
3 18 18068
3 19 20247
3 20 39320
3 21 14811
3 23 2324
3 24 6746
3 26 4025
3 27 3657
3 28 18394
3 30 5574
3 31 12653
3 32 8776
3 33 521
3 34 1881
3 35 858
3 36 4628
3 37 10534
3 38 14453
3 39 20177
3 40 5730
3 41 12834
3 42 29107
3 43 12102
3 44 10673
3 45 1067
3 46 45703
3 47 7315
3 48 7526
3 49 4866
3 50 6129
3 51 19167
3 52 12787
3 53 5117
3 54 4246
3 55 454
3 57 32588
3 59 11435
3 60 12525
3 61 24489
3 62 27585
3 63 8090
3 64 12962
3 65 3039
3 66 7478
3 67 12031
3 68 7994
3 69 7967
3 70 19287
3 71 26178
3 72 3028
3 73 22265
3 74 4420
3 75 5985
3 76 647
3 77 10988
3 78 15489
3 79 957
3 80 15044
3 81 7478
3 83 11437
3 84 9945
3 85 26226
3 86 4892
3 87 8190
3 89 3201
3 90 5736
3 91 26579
3 92 7618
3 93 17369
3 94 8457
3 95 5012
3 96 11452
3 97 11265
3 98 36461
3 99 8400
3 100 7102
3 101 4113
3 102 5073
3 104 4270
3 105 14119
3 106 4002
3 107 7
3 108 29009
3 110 487
3 111 16025
3 112 10762
3 113 14827
3 114 312
3 115 33035
3 116 9783
3 117 18532
3 118 12800
3 119 14008
3 121 12820
3 122 2028
3 123 12807
3 124 25034
3 125 14313
3 126 14945
3 127 4197
3 128 5971
3 129 2175
3 130 1444
3 131 11284
3 132 1617
3 133 12966
3 134 6339
3 135 51056
3 136 2557
3 137 8341
3 138 14130
3 139 852
3 140 3569
3 141 2127
3 142 9494
3 143 5802
3 144 14510
3 145 21119
3 146 13432
3 147 3733
3 148 3170
3 149 37276
3 150 6921
3 151 8963
3 152 8994
3 153 5595
3 156 8020
3 157 1096
3 158 43346
3 159 7272
3 160 27179
3 161 9747
3 162 11793
3 163 25007
3 164 3474
3 165 3005
3 166 2386
3 167 16555
3 168 18258
3 170 4465
3 171 5591
3 172 15628
3 173 4007
3 174 14937
3 175 5985
3 176 32415
3 177 16575
3 178 3818
3 179 2151
3 180 6085
3 181 3724
3 182 14499
3 183 24054
3 184 10229
3 185 5269
3 186 26878
3 187 4243
3 188 18217
3 189 8530
3 190 1016
3 191 6798
3 192 20133
3 193 3079
3 194 7928
3 195 8728
3 196 2905
3 197 1787
3 198 16340
3 199 12177
3 200 14437
3 203 21801
3 204 16466
3 205 25760
3 207 3045
3 208 1609
3 209 29709
3 210 16120
3 211 17022
3 212 20228
3 213 16889
3 214 3359
3 215 1957
3 216 296
3 217 375
3 218 10362
3 219 7790
3 220 2392
3 221 3852
3 222 3332
3 223 26169
3 224 14496
3 226 4710
3 227 5867
3 228 25916
3 229 13071
3 231 4544
3 232 13462
3 233 268
3 234 3318
3 235 13664
3 236 9775
3 237 4836
3 238 60039
3 239 4486
3 240 16440
3 241 24678
3 243 3985
3 244 813
3 245 5294
3 246 20729
3 247 27153
3 248 12031
3 249 1422
3 250 7259
3 251 6995
3 252 6870
3 253 26458
3 254 3804
3 255 3174
3 256 21988
3 257 16096
3 258 7636
3 259 3605
3 260 17281
3 261 5030
3 262 17909
3 263 11395
3 265 8442
3 266 4782
3 267 4596
3 269 6689
3 270 1404
3 271 2732
3 272 8678
3 273 885
3 274 3063
3 275 741
3 276 6641
3 277 6030
3 278 13776
3 279 530
3 280 7963
3 281 21439
3 282 5665
3 283 11046
3 284 16488
3 285 3355
3 287 31834
3 288 9441
3 289 3629
3 290 2918
3 291 9184
3 292 3785
3 293 9695
3 295 18802
3 296 6681
3 299 4576
3 300 645
3 301 26536
3 302 7602
3 303 257
3 304 7617
3 305 5635
3 307 12925
3 308 24393
3 309 19239
3 310 74
3 311 1117
3 312 6256
3 313 9232
3 314 15513
3 315 6182
3 316 15621
3 317 19923
3 318 13260
3 319 20112
3 320 11476
3 321 3142
3 322 3181
3 323 3562
3 324 12805
3 325 156
3 326 22908
3 327 1917
3 328 8843
3 329 7288
3 330 23538
3 332 10575
3 333 3826
3 334 9832
3 335 8674
3 336 33081
3 337 14749
3 338 5448
3 339 11911
3 340 13059
3 341 13857
3 342 3665
3 343 3164
3 344 11167
3 345 7497
3 346 7580
3 348 3536
3 349 15444
3 351 6856
3 352 7675
3 353 15185
3 354 3675
3 355 3110
3 356 10776
3 357 10465
3 358 19398
3 359 24056
3 360 13383
3 361 33507
3 362 4304
3 363 12582
3 364 9037
3 365 23956
3 366 19
3 367 25722
3 368 3351
3 369 22143
3 370 1328
3 372 11485
3 373 3010
3 374 8696
3 375 7934
3 376 4453
3 377 2767
3 379 11877
3 380 29055
3 381 4591
3 383 10512
3 384 9208
3 385 3146
3 386 170
3 387 3329
3 388 8601
3 389 25433
3 390 6838
3 391 36173
3 392 9652
3 393 12737
3 394 3350
3 396 13703
3 397 10128
3 398 2463
3 399 17576
3 400 22975
3 401 20422
3 402 19214
3 403 18894
3 404 22778
3 405 20889
3 406 17867
3 407 5146
3 408 28319
3 409 21020
3 410 2642
3 411 4376
3 412 12880
3 413 71
3 414 17
3 415 5054
3 416 2274
3 417 21556
3 419 340
3 420 5165
3 421 24504
3 422 8007
3 423 7235
3 424 5427
3 426 13951
3 427 1608
3 428 5918
3 429 2509
3 430 12701
3 431 4135
3 432 27846
3 434 13936
3 435 4132
3 436 9784
3 437 31
3 438 17006
3 439 3492
3 440 170
3 441 7394
3 442 25928
3 443 10
3 445 21665
3 446 3537
3 447 9291
3 448 19467
3 449 1313
3 450 13310
3 451 21135
3 452 5362
3 453 3353
3 454 15438
3 455 5210
3 456 16866
3 457 17901
3 458 7023
3 459 9733
3 460 1100
3 461 15649
3 462 20300
3 463 2042
3 464 34581
3 465 1043
3 466 5171
3 467 596
3 468 10604
3 469 12810
3 470 457
3 471 4117
3 472 4901
3 475 13825
3 476 29328
3 477 2201
3 478 8
3 479 2420
3 480 18125
3 481 3290
3 482 484
3 483 14179
3 484 15399
3 485 3566
3 486 4755
3 487 6366
3 489 1197
3 490 6014
3 491 1278
3 492 8801
3 493 3220
3 494 1977
3 495 4997
3 496 7662
3 497 15822
3 498 1862
3 499 30130
3 500 4923
3 501 9562
3 502 16130
3 503 11372
3 504 40996
3 505 19997
3 506 4126
3 507 14276
3 508 17068
3 509 2872
3 510 5591
3 511 2210
3 512 11179
3 514 12379
3 515 6442
3 516 6993
3 517 5451
3 518 2256
3 519 24243
3 520 10984
3 521 1978
3 522 5801
3 523 1940
3 524 3588
3 525 13252
3 526 8519
3 527 37451
3 528 18039
3 529 19762
3 530 26875
3 531 12144
3 533 5009
3 534 3357
3 535 377
3 536 20986
3 537 13394
3 538 3583
3 539 38175
3 540 8188
3 541 3348
3 542 15467
3 543 41488
3 544 474
3 545 2398
3 547 14802
3 548 14466
3 549 35710
3 550 265
3 551 14674
3 552 13062
3 553 2210
3 554 6168
3 555 10875
3 556 18277
3 557 5445
3 558 24515
3 559 1524
3 560 239
3 561 21136
3 562 24320
3 564 3766
3 565 5670
3 566 13240
3 567 6791
3 568 5380
3 569 3023
3 570 702
3 571 3938
3 572 389
3 573 8426
3 574 7543
3 575 2689
3 576 5728
3 578 8321
3 579 4013
3 580 3466
3 581 5741
3 582 21802
3 583 18260
3 586 11121
3 587 691
3 589 9099
3 590 5127
3 591 4774
3 592 20994
3 593 3018
3 594 8131
3 595 26030
3 596 7983
3 597 13631
3 598 4997
3 599 30105
3 600 938
3 601 2588
3 602 8393
3 603 6205
3 604 1331
3 605 16859
3 606 4549
3 607 3413
3 608 3950
3 609 4074
3 610 6058
3 611 6879
3 612 3631
3 614 8001
3 615 9918
3 616 11141
3 617 5723
3 618 29964
3 619 10125
3 620 30861
3 621 82
3 622 6421
3 623 4959
3 624 22349
3 625 9006
3 626 3439
3 627 11087
3 628 11873
3 630 1172
3 631 22038
3 632 12913
3 633 58
3 634 19508
3 635 6585
3 636 13321
3 637 9341
3 638 8516
3 639 6511
3 640 6597
3 641 18587
3 642 54
3 643 6039
3 644 8791
3 645 18109
3 646 7085
3 647 17552
3 648 3727
3 649 6382
3 650 25103
3 651 5419
3 652 8810
3 654 46
3 655 5132
3 657 2077
3 658 2594
3 659 3450
3 660 3566
3 661 15820
3 662 7629
3 663 2820
3 665 3974
3 666 10478
3 667 3900
3 668 17766
3 669 11093
3 670 11067
3 671 4269
3 672 12819
3 673 24802
3 674 8355
3 675 4561
3 676 3854
3 677 5927
3 679 437
3 681 15290
3 683 20935
3 684 18912
3 685 1380
3 686 16664
3 687 13260
3 689 18439
3 691 8099
3 692 7699
3 693 10883
3 694 54
3 696 1376
3 698 36308
3 699 402
3 700 12705
3 701 15192
3 702 5880
3 703 9284
3 704 23911
3 705 11594
3 706 1650
3 708 1933
3 709 16826
3 710 21558
3 711 15367
3 712 4407
3 713 3021
3 714 25024
3 715 62
3 716 5597
3 717 3312
3 718 8354
3 720 9556
3 721 5839
3 722 35895
3 723 8056
3 724 1438
3 725 24226
3 726 5647
3 727 6186
3 728 8911
3 729 5609
3 730 14730
3 731 11415
3 732 21935
3 733 1964
3 734 7050
3 735 7262
3 736 6337
3 737 12588
3 738 6485
3 739 5971
3 740 28175
3 741 10259
3 742 6936
3 743 733
3 744 5974
3 745 4709
3 746 4003
3 747 7282
3 749 12476
3 750 12116
3 751 1728
3 752 6087
3 753 14889
3 754 1214
3 755 1589
3 756 2998
3 757 505
3 758 219
3 759 8897
3 760 13723
3 761 7058
3 762 12798
3 763 8683
3 764 33749
3 765 4957
3 766 9252
3 767 1380
3 768 11604
3 769 203
3 770 9090
3 772 4084
3 773 6791
3 774 1456
3 775 19727
3 777 26510
3 778 22953
3 780 12206
3 781 11049
3 782 16593
3 783 22378
3 784 31742
3 785 4628
3 786 23544
3 787 6148
3 788 8
3 789 7698
3 790 20658
3 791 13254
3 792 10538
3 793 11586
3 794 17506
3 795 12906
3 796 4052
3 797 11498
3 798 3464
3 799 747
3 800 18971
3 801 6984
3 802 2193
3 803 34480
3 804 8642
3 805 10530
3 806 7896
3 807 7096
3 808 4958
3 809 6691
3 810 18636
3 812 8255
3 814 3864
3 816 8048
3 817 8546
3 818 7972
3 820 177
3 821 3060
3 822 23639
3 823 7630
3 825 1419
3 826 6280
3 827 1535
3 828 17487
3 829 186
3 830 5723
3 831 3235
3 832 1532
3 833 26843
3 834 30194
3 835 1417
3 836 16511
3 837 8338
3 838 4829
3 839 14109
3 840 8621
3 843 18694
3 844 23078
3 845 18427
3 846 18914
3 847 2894
3 848 2894
3 850 18504
3 851 24295
3 852 6067
3 853 2498
3 854 3170
3 855 29367
3 856 7220
3 857 15698
3 858 1008
3 859 12530
3 860 1561
3 862 6037
3 863 2167
3 864 28670
3 865 30383
3 867 1881
3 868 5403
3 869 13489
3 870 6687
3 871 6881
3 872 18742
3 873 1056
3 874 954
3 875 18871
3 876 8033
3 877 9768
3 878 2443
3 879 6798
3 880 11114
3 881 28149
3 882 14187
3 883 8714
3 884 20492
3 885 3771
3 886 24173
3 887 11142
3 888 4348
3 889 5849
3 890 2516
3 891 120
3 892 5781
3 893 5024
3 894 25770
3 895 5754
3 896 18940
3 897 9513
3 898 1485
3 899 1602
3 900 2608
3 902 12666
3 903 2983
3 904 10860
3 905 3417
3 906 4233
3 907 8092
3 908 5716
3 909 790
3 910 1812
3 911 8421
3 912 18942
3 913 6448
3 914 747
3 916 10425
3 917 17142
3 918 1736
3 919 9500
3 920 17278
3 922 4606
3 923 20783
3 924 15291
3 925 7635
3 926 16425
3 927 10302
3 928 3898
3 929 12765
3 930 16137
3 931 3301
3 932 10107
3 933 21765
3 934 5794
3 935 7150
3 936 6567
3 937 2318
3 938 2199
3 939 8086
3 940 10376
3 941 5945
3 942 8573
3 943 24056
3 944 2861
3 945 26001
3 946 4082
3 947 4378
3 948 10938
3 949 7814
3 950 1098
3 951 3472
3 952 6925
3 953 27427
3 954 8964
3 955 13760
3 956 12699
3 957 8337
3 958 5307
3 959 5894
3 960 1132
3 962 25355
3 963 2843
3 964 8849
3 965 8854
3 966 40396
3 967 10718
3 968 3312
3 969 7904
3 970 201
3 971 2605
3 972 6626
3 973 13233
3 974 15
3 975 4854
3 976 10358
3 977 4299
3 978 42750
3 979 14827
3 980 5508
3 981 35357
3 982 12691
3 983 5834
3 984 1163
3 985 4612
3 986 238
3 989 6424
3 990 14334
3 991 4903
3 992 5022
3 993 13796
3 994 2634
3 995 11744
3 996 6705
3 997 15958
3 999 3857
3 1000 4731
3 1001 19446
3 1002 3627
3 1003 5291
3 1004 10700
3 1005 10384
3 1006 7043
3 1007 2976
3 1009 7288
3 1010 378
3 1012 12141
3 1013 13487
3 1014 5798
3 1016 25287
3 1017 7476
3 1018 19986
3 1019 5653
3 1020 26340
3 1021 19787
3 1023 1076
3 1024 17133
3 1025 5810
3 1026 17312
3 1027 10586
3 1028 5473
3 1030 13123
3 1032 16459
3 1033 4476
3 1034 13926
3 1035 7082
3 1036 32675
3 1037 10025
3 1038 35281
3 1039 19106
3 1040 15724
3 1041 7154
3 1042 2335
3 1043 8148
3 1044 2927
3 1045 12650
3 1046 26625
3 1047 3984
3 1048 21504
3 1049 15823
3 1051 7323
3 1052 6868
3 1053 10053
3 1054 7499
3 1055 3574
3 1056 6238
3 1057 2422
3 1058 8438
3 1059 1704
3 1060 7666
3 1061 28910
3 1063 7489
3 1064 3178
3 1065 18039
3 1066 32012
3 1067 11715
3 1068 5875
3 1069 5620
3 1070 2748
3 1072 4582
3 1073 4032
3 1074 24951
3 1075 11682
3 1076 9731
3 1077 6333
3 1078 8623
3 1079 130
3 1080 21252
3 1081 6566
3 1082 47879
3 1083 24633
3 1085 4316
3 1088 395
3 1089 7971
3 1090 12788
3 1091 3179
3 1092 245
3 1093 7015
3 1094 14405
3 1095 1847
3 1096 4257
3 1097 42710
3 1098 292
3 1099 5227
3 1100 3356
3 1101 13071
3 1103 11485
3 1104 13883
3 1105 5706
3 1106 3553
3 1107 5745
3 1108 3344
3 1109 4702
3 1110 21894
3 1111 1143
3 1112 16816
3 1113 2841
3 1114 4536
3 1115 6362
3 1116 38957
3 1117 20713
3 1118 7214
3 1119 1644
3 1120 3215
3 1121 1222
3 1122 5055
3 1123 16519
3 1124 11798
3 1125 6407
3 1126 16147
3 1127 29403
3 1128 3281
3 1129 36865
3 1130 6581
3 1131 24719
3 1132 10582
3 1133 6213
3 1135 18814
3 1136 14723
3 1138 12648
3 1139 9624
3 1140 4109
3 1141 4475
3 1142 12110
3 1143 2749
3 1144 10
3 1145 11289
3 1146 524
3 1147 1490
3 1148 2101
3 1149 10845
3 1150 6750
3 1151 23159
3 1153 2209
3 1154 6118
3 1155 1676
3 1156 24951
3 1157 5237
3 1158 17709
3 1159 11046
3 1160 8097
3 1161 3721
3 1162 14733
3 1163 13204
3 1164 21882
3 1165 42848
3 1166 14230
3 1167 14660
3 1168 2381
3 1169 14296
3 1170 6696
3 1172 6905
3 1173 4396
3 1174 25849
3 1175 20793
3 1176 2030
3 1177 25880
3 1178 5201
3 1180 5517
3 1181 884
3 1183 23108
3 1184 27119
3 1185 11066
3 1186 19918
3 1187 20795
3 1188 156
3 1189 20437
3 1190 24202
3 1191 6349
3 1192 4797
3 1193 4808
3 1194 2855
3 1195 528
3 1196 4704
3 1197 3904
3 1198 5290
3 1200 24396
3 1201 8798
3 1202 7902
3 1203 1026
3 1204 1231
3 1205 3055
3 1206 13049
3 1207 28989
3 1208 18170
3 1209 26735
3 1210 763
3 1212 4388
3 1213 18798
3 1214 6569
3 1215 45328
3 1217 527
3 1218 18191
3 1219 9670
3 1220 5201
3 1221 8871
3 1222 2628
3 1223 6889
3 1224 4494
3 1225 5179
3 1226 29039
3 1227 9954
3 1229 19260
3 1230 9590
3 1231 16558
3 1232 12024
3 1233 413
3 1234 8899
3 1235 71
3 1236 10845
3 1237 978
3 1238 21
3 1239 1998
3 1240 595
3 1241 5530
3 1242 12524
3 1243 1264
3 1245 2447
3 1246 1574
3 1247 13500
3 1248 3491
3 1250 6303
3 1251 7405
3 1252 6662
3 1253 4624
3 1254 17964
3 1256 13452
3 1257 10267
3 1258 14423
3 1259 220
3 1260 10986
3 1261 13963
3 1263 6344
3 1265 20846
3 1267 2075
3 1268 20024
3 1269 6613
3 1270 13340
3 1271 2295
3 1272 7551
3 1273 11400
3 1274 4294
3 1275 4696
3 1276 302
3 1277 19492
3 1278 7132
3 1280 5186
3 1281 7587
3 1282 8011
3 1283 11957
3 1284 24358
3 1285 447
3 1286 8478
3 1287 7082
3 1288 2720
3 1289 6559
3 1290 26360
3 1291 5734
3 1292 5412
3 1293 4755
3 1294 27005
3 1295 8184
3 1296 11511
3 1297 2206
3 1298 13320
3 1299 2925
3 1300 18775
3 1301 1256
3 1302 2513
3 1304 4106
3 1305 6492
3 1306 24857
3 1307 29327
3 1308 1320
3 1309 319
3 1310 6060
3 1311 17422
3 1312 11656
3 1313 2748
3 1314 89
3 1315 1965
3 1316 37548
3 1317 277
3 1318 5495
3 1320 3587
3 1321 5899
3 1322 4201
3 1323 14648
3 1325 1263
3 1326 17961
3 1327 1474
3 1328 2203
3 1329 10182
3 1330 23339
3 1331 11077
3 1332 2501
3 1334 9809
3 1335 4404
3 1336 9
3 1337 22978
3 1338 885
3 1339 4215
3 1340 7338
3 1341 6613
3 1342 3435
3 1343 5267
3 1344 15660
3 1345 4342
3 1346 12195
3 1347 11453
3 1348 4402
3 1349 5520
3 1350 2675
3 1351 3797
3 1352 946
3 1353 9714
3 1354 5803
3 1355 32172
3 1356 12989
3 1357 9951
3 1358 3379
3 1359 8767
3 1360 18773
3 1361 27037
3 1362 8525
3 1364 19494
3 1365 1822
3 1366 9695
3 1367 7129
3 1368 31416
3 1370 7050
3 1371 7964
3 1372 13621
3 1373 2903
3 1374 20231
3 1377 1369
3 1378 9990
3 1379 4049
3 1380 14588
3 1381 169
3 1382 10112
3 1383 20321
3 1384 4244
3 1385 1039
3 1387 37299
3 1388 5807
3 1389 4437
3 1390 304
3 1392 4921
3 1393 6985
3 1394 4456
3 1395 5945
3 1396 5019
3 1397 5502
3 1398 3674
3 1399 14038
3 1400 36925
3 1401 27285
3 1402 8966
3 1403 10015
3 1404 2684
3 1405 10731
3 1406 2
3 1407 5430
3 1408 5784
3 1409 6195
3 1410 1918
3 1411 21351
3 1412 23249
3 1413 2495
3 1414 5183
3 1416 9523
3 1417 6515
3 1419 11396
3 1420 12783
3 1421 13380
3 1422 12043
3 1423 1444
3 1424 11931
3 1425 3636
3 1426 17837
3 1428 14153
3 1429 16057
3 1430 2235
3 1431 22723
3 1433 5880
3 1434 1051
3 1435 4488
3 1436 4834
3 1437 12633
3 1438 9086
3 1439 2522
3 1440 48019
3 1441 10314
3 1442 8017
3 1444 95
3 1445 4785
3 1446 27085
3 1447 4934
3 1448 35440
3 1449 14588
3 1450 4479
3 1451 16918
3 1452 219
3 1454 1596
3 1456 9976
3 1457 11774
3 1458 1467
3 1459 4425
3 1460 9396
3 1462 13910
3 1463 2536
3 1464 36454
3 1465 20869
3 1466 14665
3 1467 108
3 1468 4844
3 1469 909
3 1470 22330
3 1471 13461
3 1472 5205
3 1473 11628
3 1474 6224
3 1475 14923
3 1476 1008
3 1478 7595
3 1479 4413
3 1480 31635
3 1481 298
3 1482 506
3 1483 5123
3 1484 17006
3 1485 3920
3 1486 26034
3 1487 7577
3 1488 9534
3 1490 6463
3 1491 14429
3 1492 13712
3 1493 13348
3 1494 2814
3 1495 10762
3 1496 15513
3 1497 25103
3 1498 1885
3 1499 588
3 1500 9978
3 1501 2537
3 1502 37
3 1504 13738
3 1505 2144
3 1507 667
3 1508 13776
3 1509 32626
3 1510 1839
3 1513 3358
3 1514 6969
3 1515 15625
3 1516 4119
3 1517 6166
3 1518 27963
3 1519 13341
3 1520 8190
3 1521 9686
3 1522 22222
3 1523 643
3 1524 604
3 1525 21894
3 1526 5014
3 1527 7417
3 1528 8497
3 1529 20006
3 1530 10763
3 1531 5571
3 1532 960
3 1533 7915
3 1535 1318
3 1536 16477
3 1537 3749
3 1538 5215
3 1539 7443
3 1542 36326
3 1544 4587
3 1545 12232
3 1546 5823
3 1548 2202
3 1549 19248
3 1550 13632
3 1551 10870
3 1552 3607
3 1553 33
3 1554 785
3 1555 5125
3 1556 1202
3 1557 390
3 1558 2452
3 1559 8155
3 1560 3625
3 1561 10092
3 1562 45494
3 1563 9436
3 1564 9086
3 1565 11977
3 1566 5521
3 1567 7822
3 1568 2132
3 1569 9090
3 1570 1495
3 1571 12452
3 1572 1260
3 1573 4732
3 1574 20409
3 1575 19811
3 1576 11933
3 1577 38330
3 1578 17721
3 1579 12816
3 1581 5380
3 1582 15270
3 1583 34896
3 1584 8357
3 1585 299
3 1587 697
3 1588 32911
3 1589 5293
3 1591 17028
3 1592 11063
3 1593 10343
3 1596 4591
3 1598 11310
3 1599 1993
3 1600 4428
3 1602 5638
3 1604 1426
3 1605 3579
3 1606 2633
3 1607 31335
3 1608 19731
3 1609 31130
3 1610 10357
3 1611 7461
3 1612 14642
3 1613 7365
3 1614 3557
3 1615 10345
3 1616 23125
3 1617 7495
3 1618 1199
3 1619 8196
3 1620 3497
3 1621 1149
3 1622 4944
3 1623 35702
3 1624 1110
3 1625 34059
3 1626 1381
3 1627 5970
3 1628 43
3 1629 16852
3 1631 590
3 1632 7091
3 1633 9667
3 1634 1250
3 1635 8516
3 1636 8889
3 1637 7474
3 1638 6858
3 1639 33695
3 1640 1091
3 1642 9013
3 1643 17491
3 1644 2605
3 1645 16752
3 1646 25512
3 1647 2647
3 1649 12021
3 1650 9420
3 1651 2681
3 1652 10470
3 1653 16738
3 1654 14202
3 1655 4049
3 1656 30758
3 1657 3602
3 1658 3323
3 1659 25935
3 1660 6060
3 1662 4292
3 1663 402
3 1664 4378
3 1666 123
3 1667 7180
3 1668 5759
3 1669 4043
3 1671 2104
3 1672 17809
3 1674 19665
3 1675 5336
3 1676 14055
3 1677 230
3 1678 368
3 1679 16692
3 1683 31430
3 1686 17052
3 1687 4705
3 1688 12461
3 1689 15114
3 1690 10190
3 1692 6233
3 1693 201
3 1694 5988
3 1695 16613
3 1696 712
3 1697 2536
3 1698 22536
3 1700 8198
3 1701 7801
3 1702 157
3 1703 20209
3 1704 20324
3 1705 7841
3 1706 9591
3 1707 1220
3 1708 10036
3 1709 17470
3 1710 7836
3 1711 1524
3 1712 30113
3 1713 18960
3 1715 15363
3 1716 14851
3 1717 7824
3 1719 28925
3 1721 6382
3 1722 43894
3 1723 1183
3 1724 10035
3 1725 17058
3 1726 6186
3 1727 4334
3 1728 955
3 1730 15437
3 1731 21510
3 1732 8574
3 1733 1658
3 1734 26618
3 1735 8335
3 1736 6250
3 1737 6283
3 1738 5626
3 1739 6848
3 1741 263
3 1742 14577
3 1743 34688
3 1744 7271
3 1745 25743
3 1747 15861
3 1748 3148
3 1749 18038
3 1750 2400
3 1751 3396
3 1752 25276
3 1753 3659
3 1754 417
3 1755 9520
3 1756 3904
3 1757 18466
3 1758 7385
3 1759 20312
3 1760 104
3 1761 8238
3 1762 7538
3 1763 10013
3 1764 6374
3 1765 19476
3 1766 8341
3 1767 166
3 1768 3514
3 1769 27792
3 1771 24287
3 1772 5990
3 1773 16202
3 1774 4800
3 1775 10044
3 1776 11662
3 1777 10066
3 1778 41835
3 1779 11880
3 1781 6326
3 1782 9431
3 1783 6646
3 1785 4347
3 1786 2725
3 1787 20242
3 1788 1500
3 1789 11740
3 1792 16194
3 1793 3862
3 1794 11491
3 1795 150
3 1796 2747
3 1797 13939
3 1799 21176
3 1800 22525
3 1801 6036
3 1802 3261
3 1803 6271
3 1804 7950
3 1805 6982
3 1806 20341
3 1807 1165
3 1808 10507
3 1809 20196
3 1810 2553
3 1811 6220
3 1812 1065
3 1813 22822
3 1814 3024
3 1815 5819
3 1817 2277
3 1818 357
3 1820 5736
3 1821 10477
3 1822 747
3 1823 2843
3 1824 4134
3 1825 4334
3 1826 31440
3 1827 20116
3 1828 8731
3 1829 7283
3 1830 7932
3 1831 7811
3 1832 6032
3 1833 927
3 1834 16264
3 1835 897
3 1837 28250
3 1839 14104
3 1841 4294
3 1842 4286
3 1843 26051
3 1845 10011
3 1846 4127
3 1847 5699
3 1848 4379
3 1849 9950
3 1850 2399
3 1851 247
3 1852 4903
3 1853 26971
3 1854 14584
3 1857 4505
3 1858 11977
3 1859 19352
3 1861 30575
3 1862 26976
3 1863 1490
3 1864 4052
3 1866 14776
3 1867 4739
3 1868 379
3 1870 9051
3 1871 11868
3 1872 9373
3 1873 14725
3 1874 11456
3 1875 25255
3 1876 7375
3 1877 10775
3 1878 11883
3 1879 16868
3 1880 8159
3 1881 11378
3 1882 3193
3 1883 20491
3 1884 19126
3 1885 31987
3 1886 15237
3 1887 5933
3 1888 23510
3 1889 7401
3 1890 8
3 1891 6519
3 1892 226
3 1893 8810
3 1896 17203
3 1897 6411
3 1898 3390
3 1899 8362
3 1900 11510
3 1901 20013
3 1902 7069
3 1903 15649
3 1904 5516
3 1905 14332
3 1906 8469
3 1907 2514
3 1908 17606
3 1909 2451
3 1910 918
3 1911 17921
3 1912 4575
3 1913 19476
3 1915 1061
3 1916 5518
3 1917 10191
3 1918 6195
3 1920 16588
3 1922 163
3 1923 2309
3 1924 30443
3 1925 7424
3 1926 11050
3 1927 8399
3 1928 34089
3 1929 21858
3 1930 30147
3 1931 575
3 1932 13758
3 1933 23006
3 1934 17091
3 1935 413
3 1936 3144
3 1937 11754
3 1938 2174
3 1940 1513
3 1942 15189
3 1943 17417
3 1944 1357
3 1945 683
3 1946 16750
3 1947 21111
3 1948 2933
3 1949 10110
3 1950 48436
3 1951 7281
3 1952 1481
3 1953 1374
3 1954 17083
3 1955 10472
3 1956 6481
3 1957 9756
3 1958 3353
3 1959 27995
3 1960 6817
3 1961 245
3 1962 4995
3 1963 22922
3 1964 5007
3 1965 1794
3 1966 181
3 1967 7523
3 1968 15923
3 1969 24656
3 1970 482
3 1971 325
3 1972 3752
3 1973 26129
3 1974 5460
3 1975 13385
3 1976 9621
3 1977 2420
3 1978 7
3 1979 25543
3 1980 229
3 1981 7242
3 1982 14415
3 1983 17098
3 1984 15547
3 1985 24412
3 1986 3635
3 1987 4086
3 1988 23780
3 1989 15183
3 1991 6048
3 1992 1253
3 1994 86
3 1995 14796
3 1996 14095
3 1997 2152
3 1998 11336
3 1999 239
4 0 1676
4 1 6446
4 2 376
4 3 2306
4 4 20185
4 5 5941
4 6 13054
4 7 7148
4 8 301
4 9 4481
4 10 6044
4 11 9796
4 12 4972
4 13 11374
4 15 5528
4 16 14497
4 17 14524
4 18 8263
4 19 2818
4 20 1411
4 21 21189
4 22 35672
4 23 25097
4 24 1924
4 25 1779
4 26 2370
4 27 4990
4 28 2990
4 30 6614
4 31 13161
4 32 21759
4 33 11294
4 35 4907
4 36 7
4 37 23744
4 38 13054
4 40 15795
4 41 329
4 42 17991
4 45 7945
4 46 3214
4 47 36114
4 48 236
4 49 5802
4 50 1867
4 51 3070
4 53 12961
4 54 10508
4 55 4404
4 56 12283
4 57 9544
4 58 19075
4 60 17921
4 61 14805
4 62 18289
4 64 9063
4 65 7366
4 66 128
4 67 11827
4 68 13669
4 69 5774
4 70 11867
4 71 11922
4 72 2451
4 73 8821
4 74 4835
4 75 4586
4 76 12542
4 77 11579
4 78 613
4 79 141
4 81 3513
4 83 1806
4 84 1988
4 85 2268
4 86 3058
4 88 1598
4 89 3096
4 90 2150
4 91 507
4 93 15845
4 94 11452
4 95 1881
4 96 6058
4 97 26273
4 98 2453
4 99 8161
4 101 5122
4 102 19779
4 103 11219
4 106 26980
4 107 3513
4 108 8766
4 109 1795
4 110 6583
4 111 15820
4 113 2768
4 114 4522
4 115 1419
4 116 8909
4 117 4895
4 118 2504
4 119 12194
4 120 451
4 121 34253
4 123 2457
4 125 13719
4 127 2441
4 128 115
4 129 7522
4 130 2465
4 131 6115
4 132 13337
4 133 26572
4 134 4373
4 135 13220
4 136 2662
4 137 3055
4 138 26406
4 139 7714
4 140 17203
4 141 2936
4 143 4364
4 144 11021
4 146 3518
4 147 7291
4 148 2802
4 149 13033
4 150 26415
4 151 8671
4 152 12948
4 153 15239
4 154 35713
4 155 6923
4 156 23469
4 157 11734
4 158 30116
4 159 420
4 160 8941
4 161 16503
4 162 18465
4 163 5242
4 164 181
4 165 10295
4 166 10942
4 167 8278
4 168 2802
4 169 9585
4 170 12671
4 171 950
4 172 4612
4 173 23565
4 174 4873
4 175 2692
4 176 3275
4 177 7141
4 178 9042
4 179 20249
4 180 4043
4 181 18917
4 182 1
4 183 18259
4 184 9474
4 185 8533
4 186 6554
4 187 21815
4 188 28055
4 189 6848
4 190 2581
4 191 15076
4 192 5940
4 193 24533
4 194 1678
4 195 25909
4 196 3471
4 197 20489
4 198 14234
4 199 6927
4 200 17388
4 201 11629
4 202 21261
4 203 3747
4 204 4655
4 205 1338
4 206 25162
4 208 14727
4 209 2041
4 210 720
4 211 24118
4 212 1870
4 213 5842
4 214 12616
4 215 1782
4 216 18921
4 217 266
4 218 12215
4 219 5440
4 220 17863
4 221 486
4 223 33839
4 224 4379
4 225 10136
4 226 28078
4 227 29603
4 228 6443
4 229 20136
4 231 704
4 232 9786
4 233 1535
4 234 12670
4 235 6302
4 236 156
4 237 14147
4 238 1793
4 239 5246
4 240 511
4 241 6276
4 242 16440
4 243 35351
4 244 3875
4 246 24567
4 247 7657
4 248 11867
4 249 6167
4 250 8637
4 252 7936
4 254 33010
4 255 7388
4 257 1415
4 258 18923
4 259 2983
4 260 27462
4 262 3981
4 264 5926
4 265 240
4 266 32
4 267 5822
4 268 1888
4 269 21737
4 270 38713
4 271 11029
4 272 9753
4 273 3794
4 274 1226
4 275 7209
4 276 10604
4 278 2518
4 279 6625
4 280 16000
4 281 1329
4 283 19940
4 284 1152
4 285 2261
4 287 8536
4 288 27019
4 289 9416
4 290 8081
4 291 32227
4 292 6848
4 293 9309
4 295 11787
4 298 2859
4 299 8067
4 300 2882
4 302 6398
4 303 5967
4 304 5756
4 305 8048
4 306 20469
4 307 2519
4 308 12320
4 309 29544
4 310 4878
4 311 14346
4 312 17119
4 313 34300
4 314 317
4 315 32003
4 316 36095
4 317 5753
4 318 12922
4 319 15510
4 320 22963
4 321 4994
4 322 12853
4 323 2218
4 324 34804
4 325 2070
4 326 425
4 327 1606
4 328 6597
4 329 5349
4 331 30593
4 332 5884
4 334 2381
4 335 21443
4 337 8180
4 338 2473
4 339 3758
4 340 5600
4 341 29781
4 342 6151
4 344 16596
4 345 10541
4 346 7744
4 347 5865
4 348 6975
4 349 3892
4 350 13934
4 351 5055
4 352 19066
4 353 11898
4 354 5248
4 355 7521
4 356 5017
4 357 6602
4 358 30152
4 359 1886
4 360 5885
4 361 1650
4 362 4749
4 364 13959
4 365 17092
4 366 3640
4 367 6325
4 369 3551
4 370 3878
4 371 1774
4 372 2698
4 373 1935
4 374 3883
4 375 19084
4 376 1647
4 378 5042
4 379 5635
4 380 9083
4 381 7523
4 382 14208
4 383 2815
4 384 28005
4 385 22460
4 386 2305
4 387 9148
4 388 4444
4 389 4143
4 390 1393
4 391 2899
4 392 12461
4 394 1057
4 395 20660
4 396 156
4 397 8192
4 398 9257
4 399 10961
4 400 17288
4 401 7391
4 402 2899
4 403 5939
4 404 4267
4 405 630
4 406 13137
4 407 5419
4 408 15843
4 409 2606
4 410 1061
4 411 2717
4 412 4121
4 413 3941
4 415 188
4 416 12059
4 417 23407
4 418 5846
4 419 5245
4 420 6503
4 421 375
4 422 10703
4 423 2272
4 424 3056
4 425 4178
4 426 11892
4 427 18035
4 429 1164
4 430 6708
4 431 9081
4 432 1390
4 433 4749
4 434 17616
4 435 13563
4 436 6486
4 437 2752
4 438 15939
4 439 17543
4 440 17538
4 441 4813
4 442 25260
4 443 13201
4 444 11692
4 445 11126
4 446 480
4 447 16254
4 448 924
4 449 12892
4 452 1262
4 453 4768
4 454 4204
4 455 729
4 456 3643
4 457 1275
4 458 1625
4 459 5113
4 460 28210
4 462 4003
4 463 24695
4 464 4619
4 466 9754
4 468 3002
4 469 35342
4 470 5712
4 471 17931
4 473 9368
4 474 4376
4 475 21770
4 476 20160
4 477 31029
4 478 4878
4 479 17828
4 480 17316
4 481 7213
4 482 6866
4 483 27428
4 484 4021
4 485 5729
4 486 17724
4 487 9910
4 488 640
4 489 5284
4 490 3609
4 491 6476
4 492 13527
4 493 10410
4 494 805
4 495 21013
4 496 943
4 497 39
4 499 8615
4 500 9412
4 502 7782
4 503 16080
4 504 5200
4 505 6345
4 506 12491
4 507 13713
4 508 5162
4 509 9572
4 510 2544
4 511 3116
4 512 9329
4 513 25062
4 514 27216
4 515 12762
4 516 18532
4 517 3540
4 518 3878
4 519 5618
4 520 18388
4 521 36464
4 523 6743
4 525 2835
4 526 10293
4 527 11574
4 528 332
4 529 7116
4 530 28762
4 531 10180
4 533 5423
4 534 14017
4 535 20369
4 536 2286
4 537 9895
4 538 1824
4 539 4339
4 540 3616
4 541 3382
4 542 3618
4 543 4804
4 544 3937
4 545 8097
4 546 12814
4 547 20542
4 549 1902
4 550 14912
4 551 18773
4 552 7154
4 553 9798
4 554 19093
4 555 8822
4 556 458
4 557 34595
4 558 8329
4 559 532
4 561 8108
4 562 353
4 563 18496
4 564 1721
4 565 8993
4 567 4877
4 568 8194
4 569 6356
4 570 14062
4 571 12756
4 574 9437
4 575 21893
4 576 2735
4 577 298
4 578 23762
4 579 13947
4 580 4976
4 581 15370
4 582 20058
4 583 55154
4 584 4202
4 585 2599
4 586 17987
4 587 6485
4 589 18
4 590 17515
4 591 12792
4 592 10721
4 593 2478
4 594 3244
4 595 11159
4 597 19648
4 598 5491
4 599 1363
4 600 1006
4 601 30053
4 602 16502
4 603 11876
4 605 3749
4 606 339
4 607 1708
4 608 4491
4 609 2931
4 610 17118
4 611 4779
4 612 9218
4 613 7402
4 614 10234
4 616 6591
4 617 19633
4 618 4237
4 619 7009
4 620 4344
4 621 22188
4 622 1905
4 624 5123
4 625 3301
4 626 11357
4 627 7017
4 628 7488
4 629 145
4 630 12689
4 631 8594
4 632 5656
4 633 15608
4 634 28740
4 635 8843
4 636 28268
4 637 6334
4 638 8788
4 639 28440
4 640 5788
4 641 4695
4 642 22120
4 643 9288
4 645 21534
4 646 6327
4 647 2744
4 648 16700
4 649 23041
4 650 27386
4 652 1988
4 653 11318
4 654 1374
4 655 7441
4 656 1385
4 657 868
4 658 4525
4 659 8555
4 660 4858
4 661 5165
4 662 33771
4 663 17326
4 665 7521
4 667 7466
4 668 18260
4 669 4571
4 670 2157
4 671 14823
4 672 28858
4 673 3596
4 674 2642
4 675 12
4 676 7786
4 677 5239
4 678 3458
4 679 9588
4 680 4121
4 681 15558
4 682 5168
4 683 10323
4 684 9026
4 687 18535
4 688 21940
4 689 5061
4 692 23453
4 693 10023
4 694 1144
4 695 1990
4 696 7721
4 698 830
4 699 12501
4 700 7644
4 701 18108
4 702 12443
4 703 23
4 704 7557
4 705 1937
4 706 13392
4 707 14393
4 708 5796
4 709 4551
4 710 3552
4 711 10399
4 712 5205
4 713 268
4 714 7000
4 715 34404
4 716 16215
4 717 4914
4 718 12391
4 719 2047
4 720 19310
4 721 20195
4 722 5451
4 723 5038
4 724 888
4 725 22815
4 726 12385
4 727 586
4 729 1643
4 730 13148
4 731 5677
4 732 1004
4 733 3233
4 735 3273
4 736 14474
4 737 14954
4 738 11798
4 739 1465
4 740 27229
4 741 24795
4 742 18890
4 744 610
4 745 5885
4 746 23110
4 747 43
4 748 1867
4 749 1753
4 750 225
4 751 4708
4 752 10873
4 753 24842
4 754 11957
4 755 4778
4 756 5106
4 757 7223
4 758 11749
4 759 548
4 760 13230
4 761 20243
4 762 24778
4 763 11330
4 764 1716
4 765 9617
4 766 9394
4 767 188
4 768 4424
4 769 30303
4 770 19847
4 771 8220
4 772 9932
4 774 9216
4 775 6764
4 777 12763
4 778 1074
4 779 7
4 780 2625
4 781 16726
4 782 2041
4 783 965
4 784 8235
4 785 13166
4 786 3946
4 787 11939
4 788 2290
4 789 13383
4 790 7736
4 791 546
4 793 5685
4 794 3224
4 795 1779
4 796 5794
4 797 20864
4 798 16227
4 799 460
4 800 4236
4 801 4683
4 802 6336
4 803 7212
4 804 11910
4 806 7430
4 807 23029
4 808 4466
4 809 4804
4 810 1641
4 811 3886
4 813 2633
4 814 3006
4 816 4244
4 818 2245
4 819 9288
4 820 6078
4 821 7627
4 822 8687
4 823 4629
4 824 7955
4 825 14433
4 826 3089
4 827 659
4 828 2066
4 829 14611
4 830 7769
4 831 10725
4 832 10031
4 833 2107
4 834 4946
4 835 2967
4 836 10345
4 837 14341
4 838 162
4 839 13361
4 840 18239
4 841 4514
4 842 880
4 843 7270
4 845 6071
4 846 14870
4 847 3979
4 848 29141
4 849 3788
4 850 21458
4 851 3425
4 852 775
4 853 292
4 854 22483
4 855 5646
4 856 22638
4 857 36150
4 858 7269
4 860 4376
4 861 7977
4 862 1028
4 864 26186
4 865 2579
4 866 13695
4 867 3030
4 868 2278
4 869 4515
4 870 5124
4 871 7729
4 872 7128
4 873 6143
4 875 10964
4 876 2257
4 877 7139
4 878 4773
4 879 14791
4 880 5685
4 881 10339
4 882 2332
4 884 12096
4 885 15659
4 887 28155
4 889 2935
4 890 3157
4 892 6785
4 894 15450
4 895 6861
4 896 10159
4 897 13583
4 898 38044
4 900 5419
4 901 6442
4 902 3792
4 903 733
4 904 3943
4 905 7040
4 906 12126
4 907 4085
4 908 2502
4 909 2717
4 910 5476
4 911 3883
4 914 18233
4 915 18293
4 916 11360
4 917 4505
4 918 5705
4 919 3872
4 920 6278
4 921 4050
4 922 7685
4 923 559
4 925 6013
4 927 14731
4 928 8452
4 929 8548
4 930 6725
4 931 3237
4 932 4868
4 934 7989
4 935 28405
4 936 7298
4 937 19799
4 938 17841
4 939 25909
4 940 25110
4 941 18590
4 942 14478
4 943 18954
4 944 5879
4 945 6317
4 946 4517
4 947 319
4 948 14135
4 949 2860
4 950 1675
4 951 25307
4 952 8388
4 953 7561
4 954 20262
4 955 4431
4 956 781
4 958 6226
4 959 13929
4 960 10139
4 961 5257
4 962 34151
4 964 7911
4 965 12593
4 966 12147
4 967 11861
4 968 15643
4 969 19426
4 970 8245
4 972 31615
4 973 3818
4 974 4795
4 975 871
4 976 9843
4 977 1948
4 978 4480
4 979 23248
4 980 18699
4 981 14488
4 982 9754
4 983 1464
4 984 1805
4 985 18634
4 986 17642
4 987 25960
4 988 4028
4 990 6650
4 991 8726
4 992 2036
4 993 10475
4 995 22479
4 996 7213
4 997 14521
4 998 9533
4 999 13637
4 1000 5003
4 1001 17398
4 1002 8033
4 1003 34092
4 1004 5462
4 1006 14624
4 1009 1558
4 1010 6467
4 1011 15470
4 1012 9670
4 1013 3201
4 1015 11897
4 1016 565
4 1017 2554
4 1018 21968
4 1019 5428
4 1020 16388
4 1021 5264
4 1022 1774
4 1023 1958
4 1024 2100
4 1025 15084
4 1026 287
4 1027 1397
4 1028 4554
4 1029 7564
4 1031 16917
4 1033 9356
4 1034 13034
4 1038 85
4 1039 2472
4 1040 36118
4 1041 3528
4 1042 19719
4 1043 5848
4 1044 26747
4 1045 4807
4 1046 9640
4 1047 28312
4 1048 6704
4 1049 17328
4 1052 15730
4 1053 1476
4 1054 9916
4 1055 10964
4 1056 14158
4 1057 3099
4 1058 3025
4 1059 28588
4 1061 7638
4 1062 7897
4 1063 5980
4 1064 13533
4 1065 1102
4 1066 11062
4 1067 23583
4 1069 15710
4 1070 2198
4 1072 22
4 1073 1077
4 1074 13392
4 1076 4390
4 1077 4547
4 1078 13309
4 1080 21487
4 1081 5466
4 1082 7722
4 1083 7102
4 1084 4622
4 1085 7086
4 1086 25646
4 1087 14248
4 1088 12464
4 1090 4351
4 1091 1815
4 1092 23552
4 1094 4257
4 1095 17509
4 1096 2287
4 1097 12223
4 1098 4403
4 1099 11336
4 1100 10984
4 1101 22584
4 1102 15254
4 1103 6410
4 1104 3819
4 1105 4200
4 1106 3377
4 1107 1216
4 1108 947
4 1109 6562
4 1110 5660
4 1111 8181
4 1112 2952
4 1114 5052
4 1115 6585
4 1116 4255
4 1117 3475
4 1118 38100
4 1119 7667
4 1120 5810
4 1121 22802
4 1122 2901
4 1123 6211
4 1124 9759
4 1125 23836
4 1126 7928
4 1127 18141
4 1128 6360
4 1129 2509
4 1130 31697
4 1131 6614
4 1132 1118
4 1133 5762
4 1134 2106
4 1135 7722
4 1136 4733
4 1137 10290
4 1138 20556
4 1139 11122
4 1140 7999
4 1141 154
4 1142 901
4 1143 440
4 1144 7906
4 1145 9202
4 1146 1056
4 1147 7370
4 1149 3693
4 1150 27231
4 1151 10087
4 1152 34089
4 1153 20435
4 1154 11634
4 1155 10596
4 1156 499
4 1157 5824
4 1158 7701
4 1159 24525
4 1160 18675
4 1161 4
4 1162 14270
4 1163 11854
4 1164 15964
4 1165 12377
4 1166 5492
4 1168 5611
4 1169 23765
4 1170 24194
4 1171 15010
4 1172 9767
4 1173 16079
4 1174 26141
4 1175 13215
4 1176 6845
4 1177 36473
4 1178 8480
4 1179 6785
4 1180 9000
4 1181 7540
4 1182 9949
4 1183 27363
4 1184 4430
4 1185 4635
4 1186 6899
4 1187 2808
4 1188 2142
4 1189 7590
4 1191 5868
4 1193 6228
4 1194 3355
4 1195 29512
4 1196 17588
4 1197 11239
4 1198 12167
4 1199 4356
4 1200 32156
4 1202 16
4 1203 4927
4 1204 1190
4 1205 6371
4 1206 3557
4 1207 1093
4 1208 6798
4 1209 5497
4 1210 7190
4 1211 6361
4 1212 20251
4 1213 8322
4 1214 446
4 1216 5392
4 1217 2666
4 1219 10138
4 1220 27077
4 1221 3705
4 1222 25558
4 1223 6658
4 1224 7451
4 1225 7264
4 1226 1207
4 1227 230
4 1228 5036
4 1229 6163
4 1231 13725
4 1234 4812
4 1235 14042
4 1237 6310
4 1238 1063
4 1239 3140
4 1241 7206
4 1242 14331
4 1243 278
4 1244 350
4 1245 6186
4 1247 1582
4 1248 16043
4 1249 628
4 1250 13911
4 1252 11173
4 1253 1062
4 1255 14896
4 1257 5018
4 1258 12779
4 1259 21893
4 1260 19695
4 1262 14868
4 1263 2245
4 1264 4937
4 1266 9043
4 1268 35862
4 1269 5145
4 1271 8082
4 1272 9018
4 1273 10954
4 1274 15757
4 1275 18440
4 1276 17642
4 1277 19999
4 1278 2825
4 1279 1267
4 1280 6686
4 1282 7920
4 1283 1595
4 1284 7477
4 1285 2203
4 1286 4205
4 1287 14422
4 1289 11188
4 1290 3244
4 1291 1563
4 1292 24951
4 1294 17971
4 1295 19734
4 1297 5826
4 1298 19612
4 1299 44065
4 1300 11319
4 1301 553
4 1302 12515
4 1304 2599
4 1305 1658
4 1307 11075
4 1308 2328
4 1310 9916
4 1311 11268
4 1312 8781
4 1313 27604
4 1314 2085
4 1315 730
4 1316 16558
4 1317 9801
4 1318 17700
4 1320 62
4 1321 1062
4 1322 7802
4 1323 5819
4 1324 4560
4 1325 16179
4 1326 3810
4 1327 13355
4 1328 2721
4 1329 12173
4 1330 13266
4 1331 594
4 1332 23603
4 1333 9418
4 1334 4490
4 1335 10035
4 1336 14656
4 1338 13934
4 1340 6491
4 1342 4977
4 1343 3658
4 1344 4100
4 1345 2769
4 1346 31196
4 1347 16829
4 1348 330
4 1349 9854
4 1350 45
4 1351 2087
4 1352 13262
4 1354 1305
4 1355 20840
4 1356 5088
4 1357 2940
4 1358 10679
4 1359 21398
4 1360 18273
4 1361 14992
4 1362 7775
4 1363 20396
4 1365 8554
4 1366 5284
4 1367 9648
4 1368 3627
4 1371 5665
4 1372 20848
4 1373 7502
4 1374 11726
4 1376 8908
4 1377 31771
4 1378 17526
4 1379 1326
4 1380 12617
4 1381 4876
4 1382 7866
4 1383 1215
4 1384 9147
4 1385 6869
4 1386 28087
4 1387 6437
4 1388 1826
4 1389 2664
4 1390 6496
4 1391 10450
4 1392 10590
4 1393 19190
4 1394 20537
4 1395 2048
4 1398 14903
4 1399 7113
4 1400 3891
4 1401 5024
4 1402 9401
4 1403 12418
4 1404 34562
4 1405 17359
4 1406 1786
4 1407 13249
4 1408 15557
4 1409 28789
4 1410 4674
4 1411 34041
4 1412 210
4 1414 9378
4 1415 26641
4 1416 208
4 1417 11455
4 1418 7661
4 1419 6877
4 1420 4819
4 1422 3343
4 1423 12104
4 1424 2619
4 1425 954
4 1426 24962
4 1427 11493
4 1428 8756
4 1429 246
4 1430 1148
4 1431 3344
4 1433 24693
4 1434 13821
4 1435 19854
4 1436 11540
4 1437 3900
4 1438 16210
4 1439 6219
4 1440 3017
4 1441 5301
4 1442 10115
4 1443 129
4 1444 26709
4 1445 4474
4 1446 2756
4 1447 5840
4 1448 29970
4 1449 1662
4 1450 13004
4 1451 2776
4 1454 32339
4 1455 18617
4 1456 2019
4 1457 4788
4 1458 968
4 1459 25678
4 1461 2665
4 1462 14369
4 1463 936
4 1464 20992
4 1465 5460
4 1466 1080
4 1467 8739
4 1468 6783
4 1469 11719
4 1470 7722
4 1471 2473
4 1472 5804
4 1473 25669
4 1474 12302
4 1475 712
4 1476 681
4 1477 10646
4 1478 20784
4 1482 17712
4 1483 28393
4 1484 4081
4 1485 19418
4 1486 19057
4 1487 1030
4 1490 3657
4 1491 24005
4 1492 7591
4 1495 11165
4 1497 5022
4 1498 16679
4 1500 4145
4 1501 9363
4 1502 410
4 1504 6225
4 1505 37214
4 1506 2781
4 1507 932
4 1509 2802
4 1511 3845
4 1512 4138
4 1514 18061
4 1515 25210
4 1516 25772
4 1517 12270
4 1518 6024
4 1519 322
4 1520 185
4 1521 6768
4 1522 19940
4 1523 676
4 1524 3829
4 1525 6893
4 1526 5635
4 1527 5619
4 1528 31165
4 1529 21589
4 1530 2248
4 1531 1460
4 1532 11134
4 1533 4264
4 1534 6822
4 1536 12827
4 1537 36387
4 1538 16913
4 1539 2122
4 1540 7614
4 1541 4537
4 1542 11829
4 1543 5463
4 1544 14233
4 1545 1561
4 1546 2170
4 1547 80
4 1548 467
4 1549 1731
4 1550 7552
4 1552 481
4 1553 19256
4 1555 7019
4 1556 2118
4 1557 12852
4 1558 21499
4 1560 5602
4 1561 1
4 1562 32695
4 1563 8940
4 1564 9447
4 1565 5379
4 1566 14928
4 1567 9306
4 1568 8207
4 1570 4778
4 1571 14722
4 1572 6653
4 1573 1099
4 1574 23046
4 1575 14007
4 1576 2586
4 1577 3580
4 1578 7017
4 1579 510
4 1580 3896
4 1581 9675
4 1582 17405
4 1583 40285
4 1584 16305
4 1585 429
4 1588 10314
4 1589 6829
4 1590 18097
4 1591 13924
4 1593 4294
4 1594 3617
4 1595 7472
4 1596 266
4 1597 5665
4 1598 8
4 1599 4792
4 1600 5568
4 1601 266
4 1602 10829
4 1603 6881
4 1604 11352
4 1605 17467
4 1606 14252
4 1607 1281
4 1608 19268
4 1609 1780
4 1610 3375
4 1611 16493
4 1612 15344
4 1614 8331
4 1615 23787
4 1616 8296
4 1619 2314
4 1620 6982
4 1621 15366
4 1622 10808
4 1623 3782
4 1624 6912
4 1625 9253
4 1626 5072
4 1627 8261
4 1628 5728
4 1629 1205
4 1630 2768
4 1632 6892
4 1633 25824
4 1636 2304
4 1637 16309
4 1638 18805
4 1640 8958
4 1641 352
4 1642 21138
4 1644 26048
4 1645 5
4 1647 8557
4 1648 9435
4 1649 10266
4 1650 5890
4 1651 4421
4 1652 4909
4 1653 20
4 1654 5319
4 1655 11085
4 1656 20705
4 1657 14498
4 1658 14357
4 1659 19634
4 1660 1200
4 1661 6540
4 1662 19494
4 1663 3753
4 1664 25724
4 1668 361
4 1669 23616
4 1670 12897
4 1672 5425
4 1674 6012
4 1675 5622
4 1676 4011
4 1677 8434
4 1678 250
4 1679 1736
4 1681 8641
4 1682 24926
4 1683 4084
4 1684 12783
4 1685 7087
4 1686 5527
4 1688 7389
4 1689 30346
4 1690 29998
4 1691 9730
4 1692 1160
4 1693 2959
4 1694 1200
4 1695 9802
4 1696 9980
4 1697 1915
4 1698 9990
4 1699 19661
4 1700 6849
4 1701 4620
4 1702 18713
4 1703 6761
4 1704 7572
4 1705 7187
4 1706 5470
4 1707 9184
4 1708 6248
4 1709 9948
4 1710 27014
4 1711 3731
4 1712 2277
4 1713 4535
4 1714 6661
4 1715 9702
4 1717 2187
4 1718 22828
4 1719 11302
4 1720 18903
4 1721 8829
4 1722 4506
4 1723 23311
4 1724 6705
4 1725 29749
4 1726 2633
4 1727 15324
4 1728 7443
4 1729 862
4 1731 18111
4 1732 14
4 1733 20678
4 1734 19722
4 1735 10784
4 1736 20444
4 1737 23295
4 1738 22322
4 1739 12705
4 1740 6338
4 1741 2029
4 1742 3020
4 1743 3044
4 1744 5588
4 1745 10164
4 1746 1145
4 1747 1471
4 1748 1604
4 1749 19683
4 1751 1662
4 1752 1943
4 1753 13094
4 1754 3472
4 1755 20397
4 1756 7313
4 1758 4502
4 1759 13084
4 1760 41443
4 1761 23019
4 1762 9111
4 1763 133
4 1764 2250
4 1765 11251
4 1766 14374
4 1768 8361
4 1769 1604
4 1771 11973
4 1772 8062
4 1773 626
4 1775 24773
4 1777 13708
4 1778 3364
4 1779 3930
4 1781 27651
4 1782 3891
4 1783 5734
4 1784 5574
4 1785 5464
4 1786 6524
4 1787 2102
4 1788 9678
4 1789 7404
4 1790 2384
4 1791 34520
4 1793 3928
4 1794 6561
4 1795 1366
4 1796 20477
4 1798 14514
4 1799 1915
4 1800 18274
4 1801 14475
4 1802 5805
4 1803 2916
4 1804 6872
4 1805 2797
4 1806 2635
4 1807 6226
4 1808 5035
4 1809 7681
4 1810 4167
4 1811 24691
4 1812 1061
4 1813 10018
4 1814 22586
4 1815 12239
4 1817 23868
4 1818 6030
4 1819 764
4 1821 13705
4 1823 3642
4 1824 8345
4 1825 1451
4 1826 12252
4 1827 24656
4 1828 6446
4 1829 14828
4 1830 21203
4 1831 5973
4 1832 5617
4 1833 6373
4 1835 11611
4 1836 1212
4 1837 16862
4 1838 3627
4 1839 33856
4 1840 5936
4 1841 1643
4 1842 13040
4 1843 5225
4 1845 4237
4 1846 1103
4 1847 42581
4 1848 1340
4 1850 31987
4 1851 6023
4 1852 21693
4 1853 14978
4 1854 19777
4 1855 9461
4 1856 9687
4 1857 11507
4 1859 8934
4 1860 6255
4 1861 15506
4 1862 8708
4 1863 9995
4 1864 19691
4 1865 29113
4 1866 16556
4 1867 20
4 1868 9832
4 1869 6257
4 1870 23561
4 1871 3132
4 1872 3013
4 1873 8988
4 1874 15775
4 1875 7440
4 1876 14386
4 1877 8312
4 1878 9499
4 1879 543
4 1880 14385
4 1881 3759
4 1882 21365
4 1883 2723
4 1884 3583
4 1886 4956
4 1887 14221
4 1891 1198
4 1892 1986
4 1893 5552
4 1896 31262
4 1897 492
4 1898 3073
4 1899 12984
4 1901 1074
4 1903 4394
4 1904 4105
4 1906 24690
4 1907 10239
4 1908 7913
4 1909 6048
4 1910 3032
4 1911 4864
4 1912 11107
4 1913 18814
4 1914 26849
4 1915 9244
4 1916 6322
4 1917 22414
4 1918 5141
4 1919 5434
4 1920 19352
4 1921 180
4 1922 17722
4 1923 1712
4 1924 3145
4 1926 5158
4 1927 27718
4 1928 16568
4 1929 4026
4 1931 15956
4 1932 2521
4 1933 3636
4 1934 17661
4 1935 8
4 1936 8057
4 1937 1330
4 1938 3895
4 1939 3356
4 1940 12025
4 1941 11782
4 1942 1264
4 1943 22192
4 1944 8166
4 1945 10096
4 1947 1128
4 1948 5055
4 1949 4665
4 1950 13572
4 1951 135
4 1952 22685
4 1953 61
4 1954 26666
4 1956 13297
4 1957 11476
4 1958 9024
4 1959 11470
4 1961 17895
4 1962 4303
4 1963 11039
4 1964 9379
4 1965 36817
4 1966 5618
4 1967 1900
4 1968 19310
4 1969 3645
4 1970 8269
4 1972 12050
4 1973 13819
4 1974 7852
4 1975 8472
4 1977 5826
4 1978 12869
4 1979 2419
4 1980 2686
4 1981 1362
4 1982 384
4 1983 21005
4 1984 2655
4 1985 4071
4 1986 4911
4 1987 4536
4 1988 6985
4 1989 2539
4 1990 1165
4 1991 7895
4 1992 14527
4 1994 2124
4 1995 16062
4 1996 17149
4 1997 18717
4 1998 9567
4 1999 5924
5 0 9769
5 2 14145
5 3 2464
5 4 27167
5 5 5309
5 7 5120
5 8 3399
5 9 24244
5 10 16192
5 11 33403
5 12 4397
5 14 9
5 15 13416
5 16 4875
5 18 297
5 19 3284
5 20 22805
5 21 45283
5 22 25176
5 23 2933
5 26 6347
5 27 11846
5 28 5332
5 29 22647
5 30 11238
5 31 1051
5 33 13167
5 35 5792
5 36 4754
5 37 28450
5 38 12730
5 39 700
5 40 5072
5 41 353
5 42 10054
5 44 4675
5 46 6924
5 47 9379
5 48 24112
5 49 9555
5 50 8667
5 51 11965
5 52 190
5 53 3746
5 56 4732
5 57 9132
5 58 12217
5 59 14842
5 60 19630
5 61 14814
5 62 4072
5 63 8235
5 64 8647
5 65 12209
5 66 4348
5 67 2878
5 69 7331
5 70 15523
5 71 900
5 72 4755
5 75 7378
5 76 6175
5 77 16304
5 78 3497
5 79 21713
5 80 13074
5 81 15000
5 82 10462
5 83 19423
5 84 3454
5 85 6833
5 86 2016
5 87 18458
5 88 7344
5 89 13033
5 90 8993
5 91 11230
5 92 11935
5 93 8332
5 95 3179
5 96 8553
5 97 19793
5 98 754
5 99 20683
5 100 4090
5 101 2323
5 102 19769
5 104 26145
5 105 2234
5 107 14
5 109 6462
5 110 35532
5 111 739
5 112 23444
5 113 17888
5 114 4233
5 115 800
5 116 14022
5 118 14124
5 119 3534
5 120 5270
5 121 8486
5 122 11636
5 123 4233
5 124 19916
5 125 2581
5 126 16504
5 127 3970
5 128 16952
5 129 12975
5 130 6203
5 131 24756
5 132 936
5 133 17930
5 134 10941
5 135 166
5 136 10433
5 137 8733
5 138 871
5 139 9107
5 140 19806
5 141 3533
5 142 12853
5 143 8
5 144 9797
5 145 19692
5 146 2273
5 147 3337
5 148 4687
5 149 2669
5 150 2509
5 151 3504
5 152 30657
5 153 265
5 154 3135
5 156 9005
5 157 358
5 158 1358
5 159 122
5 160 7014
5 161 10865
5 162 9547
5 163 3022
5 164 9756
5 165 4306
5 166 8154
5 167 5355
5 169 6863
5 170 11957
5 171 3283
5 172 7308
5 173 3273
5 174 6712
5 175 9854
5 176 6333
5 177 46584
5 178 5349
5 179 1510
5 180 7429
5 181 11374
5 183 14313
5 185 14488
5 186 30013
5 187 12996
5 189 12071
5 190 1633
5 191 17885
5 192 32684
5 194 1862
5 195 6548
5 196 9209
5 197 330
5 198 373
5 199 5786
5 200 8285
5 201 22362
5 202 4033
5 203 4031
5 204 23294
5 205 13355
5 206 30459
5 207 15880
5 209 2334
5 210 8973
5 211 8386
5 212 8177
5 213 6784
5 214 7770
5 215 9748
5 217 26719
5 218 10040
5 219 37856
5 220 258
5 221 8123
5 222 2054
5 223 28392
5 224 8040
5 225 4410
5 226 6659
5 227 6938
5 228 7696
5 229 20355
5 230 1400
5 231 19865
5 232 3401
5 233 13344
5 234 11874
5 235 16362
5 236 3869
5 237 3824
5 238 4790
5 239 2274
5 241 242
5 242 12807
5 243 4671
5 244 3776
5 245 3096
5 246 774
5 247 12444
5 248 28266
5 249 14487
5 250 12074
5 251 10514
5 252 20952
5 253 9700
5 254 6279
5 255 22981
5 256 11100
5 257 20288
5 258 8263
5 261 6630
5 262 16215
5 264 15322
5 265 11072
5 266 13701
5 267 16630
5 268 19215
5 269 6326
5 270 2323
5 271 10070
5 272 5102
5 273 18810
5 274 13491
5 275 2188
5 276 4566
5 277 4115
5 278 22474
5 279 9893
5 280 6358
5 282 5853
5 283 20981
5 284 11156
5 285 11948
5 286 9692
5 287 11102
5 288 10684
5 289 26005
5 290 3645
5 291 11544
5 292 2321
5 293 8506
5 294 24466
5 295 27079
5 296 15741
5 297 19692
5 298 2136
5 299 16771
5 300 10948
5 301 24215
5 302 6870
5 303 2526
5 304 18488
5 306 11700
5 307 9121
5 308 777
5 309 567
5 310 15557
5 311 10563
5 312 9436
5 313 6249
5 314 3566
5 315 6339
5 316 4395
5 317 4241
5 318 8501
5 319 12899
5 320 311
5 321 22969
5 322 13696
5 323 24559
5 324 7330
5 325 3712
5 326 6183
5 327 35468
5 328 3210
5 329 9381
5 330 2465
5 331 6235
5 332 1304
5 333 471
5 335 5758
5 336 8776
5 337 5740
5 338 17475
5 339 473
5 340 4140
5 342 13342
5 344 26360
5 345 14518
5 346 4794
5 347 32760
5 348 19334
5 349 5605
5 350 17001
5 351 25557
5 352 6081
5 353 3345
5 354 1774
5 355 17365
5 356 3912
5 357 6689
5 358 270
5 359 27080
5 360 2673
5 362 19259
5 364 3294
5 365 25308
5 366 8367
5 367 4254
5 368 5251
5 369 19302
5 370 12490
5 371 1710
5 372 6066
5 373 2716
5 374 2181
5 375 8330
5 376 2718
5 377 18479
5 378 21514
5 379 162
5 380 8078
5 381 18913
5 382 37981
5 383 4803
5 384 10598
5 385 2690
5 386 7040
5 387 3640
5 388 7
5 389 19551
5 390 968
5 391 18083
5 392 21396
5 393 6930
5 394 4992
5 395 2259
5 396 12769
5 397 2376
5 398 9715
5 399 17100
5 400 18444
5 401 24009
5 402 4895
5 403 4222
5 404 4477
5 405 25371
5 406 2509
5 407 6302
5 408 9075
5 409 3447
5 410 1166
5 412 6617
5 413 7739
5 414 5863
5 415 15794
5 416 4833
5 417 9442
5 418 8307
5 420 10792
5 421 9545
5 422 15688
5 424 251
5 425 9583
5 427 9109
5 429 3544
5 430 21142
5 431 6238
5 432 5641
5 433 3201
5 434 3897
5 435 5988
5 436 4527
5 437 17068
5 438 14792
5 439 7698
5 440 10547
5 441 12596
5 442 4269
5 443 5264
5 444 2702
5 445 11928
5 446 22340
5 447 26405
5 448 20041
5 449 5525
5 450 1842
5 451 1303
5 452 4298
5 453 8192
5 454 21397
5 455 13331
5 456 4502
5 457 6060
5 459 32594
5 460 24830
5 462 19255
5 463 6575
5 464 4108
5 465 242
5 468 6147
5 469 12294
5 471 1379
5 472 30525
5 473 1878
5 475 28708
5 476 4439
5 477 2174
5 478 18478
5 479 1603
5 480 8153
5 482 3781
5 483 8206
5 485 8391
5 486 7518
5 487 16440
5 488 1913
5 489 5521
5 490 5411
5 491 9048
5 492 17798
5 494 8407
5 496 2352
5 497 19114
5 498 3275
5 499 2100
5 500 8399
5 501 5339
5 502 16061
5 504 3930
5 505 8442
5 506 19677
5 507 7741
5 509 3338
5 510 13945
5 512 4824
5 513 10406
5 514 2792
5 515 2185
5 517 2263
5 518 4666
5 519 20151
5 520 24836
5 521 1165
5 522 2158
5 523 15701
5 524 48
5 525 10596
5 526 3907
5 527 19292
5 528 15176
5 529 13939
5 530 12898
5 531 9250
5 532 12044
5 533 9400
5 534 8097
5 535 23310
5 536 8618
5 538 5732
5 539 4289
5 540 4699
5 541 9204
5 542 11188
5 543 36493
5 544 14589
5 545 5878
5 547 5449
5 548 511
5 549 25265
5 550 8025
5 551 9005
5 552 1155
5 553 5500
5 554 2078
5 555 14562
5 556 24202
5 557 14863
5 558 3211
5 559 4711
5 560 9476
5 561 3739
5 562 10527
5 563 11114
5 564 14468
5 565 3248
5 567 15924
5 568 22585
5 569 28959
5 570 4341
5 571 5765
5 572 393
5 573 1
5 574 3970
5 576 7541
5 577 13171
5 578 12550
5 579 19360
5 580 7637
5 581 3250
5 582 17643
5 583 2697
5 584 14541
5 585 3458
5 586 19813
5 587 4770
5 588 16766
5 589 15461
5 590 3765
5 591 39574
5 592 32734
5 593 27661
5 594 2687
5 595 5828
5 596 9437
5 597 548
5 598 4636
5 599 10227
5 600 21
5 601 2424
5 603 2866
5 604 23306
5 605 6631
5 606 11663
5 607 1680
5 608 9264
5 609 2082
5 610 3361
5 611 9323
5 612 2938
5 613 11163
5 614 4305
5 615 10479
5 616 3157
5 617 19951
5 618 19204
5 619 4878
5 620 9063
5 621 28555
5 622 4698
5 623 4661
5 624 29541
5 626 18589
5 627 10750
5 628 30634
5 629 39307
5 630 1778
5 631 483
5 632 11793
5 633 7109
5 634 6870
5 635 11903
5 636 15463
5 637 5549
5 638 1889
5 639 2803
5 641 14155
5 642 7512
5 643 3145
5 644 29769
5 646 34473
5 648 1230
5 649 4142
5 650 18073
5 651 7127
5 652 7371
5 653 1959
5 654 19028
5 655 5060
5 656 13977
5 657 1904
5 658 5686
5 659 21130
5 661 8247
5 662 878
5 663 6991
5 665 36320
5 666 2491
5 667 26307
5 668 25847
5 669 9256
5 670 9277
5 671 2167
5 672 30642
5 673 16214
5 674 1694
5 675 5837
5 676 3251
5 677 11577
5 678 26731
5 679 19497
5 680 868
5 681 24314
5 682 5415
5 683 7
5 684 772
5 685 14175
5 687 24294
5 688 533
5 690 12966
5 691 10913
5 692 25347
5 693 8364
5 694 3640
5 695 15728
5 696 119
5 697 23177
5 698 10511
5 699 5941
5 700 6575
5 701 31285
5 702 13825
5 703 1254
5 704 25673
5 705 8988
5 706 25484
5 707 8019
5 708 3650
5 709 943
5 710 865
5 711 31848
5 712 28798
5 713 27950
5 714 28937
5 715 960
5 717 20067
5 718 6425
5 719 10603
5 720 1578
5 721 2658
5 722 198
5 723 9416
5 724 787
5 725 1260
5 728 12113
5 729 42605
5 730 7133
5 731 13069
5 732 5514
5 734 19391
5 735 4781
5 736 16750
5 738 30054
5 739 4433
5 740 1273
5 741 1906
5 742 15156
5 743 805
5 744 43806
5 745 3225
5 746 3193
5 747 6156
5 748 93
5 750 8692
5 751 27382
5 752 11596
5 753 10364
5 754 4336
5 756 2397
5 758 27514
5 759 1879
5 760 4503
5 761 1575
5 763 4284
5 764 28388
5 765 24460
5 766 3946
5 767 655
5 768 25840
5 769 5161
5 770 34705
5 771 15242
5 772 22015
5 773 18630
5 774 4212
5 775 14609
5 776 4442
5 777 2895
5 778 4043
5 779 13272
5 781 9332
5 782 9643
5 783 898
5 784 13206
5 785 27056
5 786 5596
5 787 2055
5 788 27077
5 789 836
5 790 34995
5 791 18596
5 792 3508
5 793 9480
5 794 7081
5 795 12693
5 796 14130
5 797 5506
5 799 4
5 800 4950
5 801 6972
5 803 39466
5 805 95
5 806 5456
5 807 631
5 808 28486
5 809 17633
5 811 20669
5 812 13264
5 813 1814
5 814 4104
5 815 5489
5 816 26838
5 818 1570
5 819 4626
5 820 4558
5 821 8757
5 822 6147
5 823 8442
5 824 10083
5 825 27536
5 827 803
5 828 6477
5 829 3183
5 830 15475
5 831 9586
5 832 18234
5 833 25
5 834 5060
5 835 2480
5 836 13172
5 838 16240
5 839 8145
5 840 6797
5 841 14142
5 842 166
5 843 1909
5 844 17360
5 845 8340
5 846 9341
5 847 33094
5 848 9791
5 850 7
5 851 9845
5 852 17756
5 853 4897
5 854 9512
5 855 736
5 856 25336
5 857 571
5 858 1521
5 859 18924
5 860 65997
5 861 26073
5 862 14338
5 863 1910
5 864 8418
5 865 23749
5 866 20415
5 867 5374
5 868 9154
5 869 9025
5 870 5131
5 871 2888
5 872 3872
5 873 15405
5 874 4209
5 875 11402
5 876 4653
5 877 34768
5 878 738
5 879 3626
5 880 4169
5 881 4053
5 882 2093
5 883 24818
5 884 1871
5 885 16479
5 886 25208
5 887 19646
5 888 623
5 889 10712
5 890 20424
5 891 13675
5 892 2421
5 893 2331
5 895 3847
5 896 8672
5 897 9308
5 898 16172
5 899 2316
5 900 6235
5 901 16777
5 902 54
5 903 19925
5 904 12935
5 905 14337
5 906 41681
5 907 10375
5 908 23929
5 909 4097
5 910 17417
5 911 5243
5 912 1236
5 913 5308
5 914 85
5 915 27533
5 916 10386
5 917 18504
5 918 9607
5 919 1895
5 920 1404
5 921 4503
5 922 186
5 923 10733
5 924 23003
5 925 17313
5 926 329
5 927 3441
5 928 7127
5 929 2558
5 930 3085
5 931 2549
5 932 782
5 933 1619
5 934 20264
5 935 989
5 936 1182
5 937 20470
5 938 15670
5 939 855
5 940 10077
5 941 9111
5 942 4901
5 943 762
5 945 2413
5 946 6770
5 947 1345
5 948 22782
5 949 2645
5 950 24754
5 951 4117
5 953 2085
5 954 23057
5 955 7409
5 956 3718
5 957 374
5 958 3971
5 961 21812
5 962 3249
5 963 18096
5 964 2509
5 965 10568
5 966 19250
5 967 22089
5 968 7830
5 970 34002
5 971 23026
5 972 19089
5 973 8029
5 974 29033
5 975 7788
5 976 38616
5 977 712
5 978 7262
5 979 16758
5 980 28741
5 981 8784
5 982 4347
5 983 2700
5 984 16710
5 985 1491
5 986 5789
5 987 17882
5 988 824
5 989 12254
5 990 30648
5 991 11344
5 992 7063
5 993 33208
5 994 17872
5 995 7968
5 996 16535
5 997 1642
5 998 5350
5 999 7667
5 1000 7872
5 1001 5963
5 1002 2146
5 1003 7560
5 1004 3565
5 1005 6206
5 1006 23797
5 1007 8935
5 1008 10967
5 1009 7121
5 1010 3267
5 1011 10604
5 1012 16122
5 1013 3322
5 1014 1642
5 1015 1925
5 1016 6190
5 1017 3975
5 1019 17693
5 1020 1288
5 1021 5518
5 1022 24269
5 1023 637
5 1024 13778
5 1025 4104
5 1026 7449
5 1027 2630
5 1028 4064
5 1029 42322
5 1030 22277
5 1032 34074
5 1033 27063
5 1034 16649
5 1036 3162
5 1038 250
5 1039 11401
5 1040 11985
5 1041 1284
5 1042 11952
5 1043 26028
5 1044 4204
5 1045 10833
5 1046 20725
5 1047 10224
5 1048 15188
5 1049 14533
5 1050 28167
5 1053 15845
5 1054 7296
5 1055 5316
5 1056 3894
5 1057 3755
5 1058 657
5 1059 2750
5 1060 19786
5 1061 6270
5 1062 9570
5 1063 27206
5 1064 3802
5 1065 15284
5 1066 2765
5 1067 9019
5 1068 1365
5 1069 539
5 1070 9146
5 1071 16639
5 1072 33672
5 1073 11626
5 1074 4035
5 1075 1090
5 1076 5
5 1077 2988
5 1078 10
5 1079 24527
5 1080 3128
5 1081 5161
5 1082 10305
5 1083 9436
5 1084 7287
5 1085 6827
5 1086 1498
5 1088 29829
5 1089 68
5 1090 4946
5 1091 7921
5 1092 2774
5 1093 6728
5 1094 297
5 1095 17764
5 1097 21762
5 1098 7328
5 1099 24355
5 1100 11357
5 1102 601
5 1103 6825
5 1104 9017
5 1106 3953
5 1107 19651
5 1108 5591
5 1109 14591
5 1110 14023
5 1111 34699
5 1112 4993
5 1113 10088
5 1114 3086
5 1115 6024
5 1116 23513
5 1117 17839
5 1118 17564
5 1119 5448
5 1120 2679
5 1121 13482
5 1122 11843
5 1123 8098
5 1124 12648
5 1125 12949
5 1126 12726
5 1127 40069
5 1128 8610
5 1129 20097
5 1130 20724
5 1131 6701
5 1132 3547
5 1133 2681
5 1134 30361
5 1135 6193
5 1136 18747
5 1137 12249
5 1138 14972
5 1139 13078
5 1140 20661
5 1141 22718
5 1142 4717
5 1143 5868
5 1144 3870
5 1145 116
5 1146 17496
5 1147 11368
5 1148 8934
5 1149 6636
5 1150 4234
5 1151 15291
5 1152 16338
5 1153 945
5 1154 29546
5 1155 31
5 1156 12500
5 1157 22382
5 1158 2084
5 1159 3799
5 1160 17659
5 1161 4399
5 1162 2944
5 1163 2973
5 1164 9999
5 1165 5859
5 1166 25186
5 1167 23516
5 1168 180
5 1169 7849
5 1170 290
5 1172 17384
5 1173 30503
5 1174 13020
5 1175 4269
5 1176 73
5 1177 5313
5 1178 19410
5 1179 13235
5 1180 9099
5 1181 6533
5 1182 1283
5 1183 14012
5 1184 12062
5 1185 9065
5 1186 2160
5 1187 4873
5 1188 33726
5 1189 2136
5 1190 27141
5 1191 20794
5 1192 13153
5 1193 6254
5 1195 16380
5 1196 20969
5 1197 2851
5 1198 10963
5 1200 22183
5 1201 10961
5 1202 4355
5 1203 32819
5 1204 9000
5 1205 16903
5 1206 1979
5 1207 24549
5 1208 7542
5 1209 27958
5 1210 9183
5 1211 8483
5 1212 10724
5 1213 5664
5 1215 3338
5 1217 401
5 1218 2936
5 1219 2083
5 1220 10557
5 1221 2025
5 1222 6818
5 1223 7433
5 1224 18057
5 1225 8839
5 1226 8637
5 1227 2285
5 1229 21031
5 1230 21152
5 1231 2827
5 1233 17412
5 1234 14609
5 1235 8041
5 1236 10041
5 1238 11393
5 1239 4628
5 1240 6626
5 1241 13777
5 1242 5096
5 1243 7870
5 1244 21994
5 1245 6090
5 1246 2180
5 1247 1326
5 1248 25399
5 1249 1965
5 1251 5181
5 1252 6359
5 1253 24208
5 1255 7715
5 1257 5101
5 1258 9959
5 1259 7129
5 1260 6501
5 1261 5920
5 1262 1191
5 1263 4067
5 1264 7885
5 1265 8913
5 1266 5060
5 1267 7202
5 1268 7764
5 1269 14383
5 1270 10148
5 1271 19476
5 1272 8472
5 1273 19160
5 1274 26522
5 1275 5198
5 1276 7865
5 1277 12456
5 1278 4761
5 1280 12871
5 1281 7940
5 1282 1520
5 1283 3939
5 1284 8
5 1285 6406
5 1286 14628
5 1287 10
5 1289 15832
5 1290 8529
5 1291 8152
5 1292 4835
5 1294 16777
5 1295 9470
5 1296 2818
5 1297 2431
5 1298 6636
5 1299 13260
5 1300 2917
5 1301 7843
5 1302 235
5 1303 21890
5 1304 2088
5 1305 8886
5 1306 17451
5 1307 7662
5 1308 34748
5 1309 27411
5 1311 3680
5 1312 1194
5 1313 1951
5 1314 5894
5 1315 14169
5 1316 371
5 1317 12903
5 1318 3234
5 1319 27700
5 1320 249
5 1321 10749
5 1323 31865
5 1324 9002
5 1326 1485
5 1327 13703
5 1328 2734
5 1330 13574
5 1331 3871
5 1333 1090
5 1334 9446
5 1335 3226
5 1336 6599
5 1337 13508
5 1338 18689
5 1339 3964
5 1340 7624
5 1341 6222
5 1342 7466
5 1343 5539
5 1344 634
5 1345 4675
5 1346 5424
5 1347 15813
5 1348 22783
5 1349 18024
5 1350 23811
5 1351 10089
5 1352 15835
5 1353 4235
5 1354 55028
5 1355 8721
5 1356 9300
5 1358 24887
5 1359 14698
5 1360 16120
5 1361 7249
5 1362 15958
5 1363 15442
5 1364 11200
5 1365 27157
5 1366 9562
5 1367 6080
5 1368 2462
5 1369 2847
5 1370 6262
5 1371 2001
5 1372 5498
5 1374 15816
5 1375 11809
5 1376 16126
5 1377 268
5 1378 7216
5 1379 2589
5 1380 1315
5 1381 13792
5 1382 8013
5 1383 3682
5 1384 5330
5 1385 16009
5 1387 151
5 1388 13396
5 1389 9054
5 1390 5120
5 1391 3203
5 1392 4723
5 1393 4674
5 1394 3356
5 1395 17062
5 1396 24412
5 1397 3921
5 1398 2518
5 1399 17044
5 1400 13369
5 1401 25827
5 1402 4163
5 1403 3655
5 1404 4736
5 1405 14856
5 1406 24880
5 1407 3010
5 1408 7781
5 1409 1158
5 1410 3807
5 1411 8997
5 1413 25477
5 1414 813
5 1416 5690
5 1417 901
5 1418 10111
5 1419 14745
5 1421 3510
5 1422 16494
5 1423 3807
5 1425 1385
5 1426 12777
5 1427 10451
5 1428 5970
5 1429 3365
5 1432 48339
5 1433 6582
5 1434 2527
5 1435 23507
5 1437 25323
5 1438 35189
5 1439 1287
5 1440 13534
5 1441 3022
5 1442 2107
5 1443 3789
5 1444 14683
5 1445 25366
5 1446 8962
5 1447 1649
5 1448 6073
5 1449 4733
5 1450 6496
5 1451 5196
5 1452 11512
5 1453 15254
5 1454 1713
5 1455 5950
5 1456 12163
5 1457 7402
5 1458 9665
5 1459 3334
5 1460 14913
5 1462 40575
5 1463 9893
5 1464 20325
5 1465 6273
5 1466 22032
5 1467 4293
5 1468 42627
5 1469 9547
5 1470 10677
5 1471 9117
5 1472 8299
5 1473 3530
5 1474 4567
5 1475 6398
5 1476 1405
5 1477 15194
5 1478 33818
5 1479 8918
5 1480 22287
5 1481 23658
5 1482 7420
5 1483 13436
5 1484 9695
5 1485 18534
5 1486 522
5 1488 1764
5 1489 14194
5 1490 11351
5 1491 26746
5 1492 8979
5 1493 173
5 1494 15572
5 1495 2894
5 1496 2251
5 1498 3904
5 1499 239
5 1500 399
5 1501 9673
5 1502 4875
5 1503 1939
5 1504 2243
5 1505 24697
5 1506 16155
5 1507 3387
5 1509 8177
5 1510 208
5 1512 3345
5 1513 2867
5 1514 32790
5 1515 15044
5 1516 5654
5 1517 3437
5 1519 14393
5 1520 9614
5 1521 28263
5 1522 5826
5 1523 7298
5 1524 14538
5 1526 15781
5 1527 765
5 1528 17171
5 1529 894
5 1530 27170
5 1531 9304
5 1532 3969
5 1533 4192
5 1534 23976
5 1535 28162
5 1537 23228
5 1538 3035
5 1540 31891
5 1541 8968
5 1542 4166
5 1543 2421
5 1544 4202
5 1545 13948
5 1548 28179
5 1551 14617
5 1552 10958
5 1553 4109
5 1554 13207
5 1555 4269
5 1556 7499
5 1557 16214
5 1558 3125
5 1559 10756
5 1560 19770
5 1561 7601
5 1562 303
5 1563 7195
5 1564 5954
5 1565 1148
5 1566 22117
5 1568 6253
5 1570 2142
5 1571 15840
5 1573 368
5 1574 6800
5 1575 3186
5 1577 2780
5 1578 5629
5 1579 228
5 1580 27545
5 1581 1773
5 1582 15075
5 1583 2535
5 1584 11128
5 1585 7124
5 1586 5653
5 1587 16885
5 1588 17341
5 1589 2371
5 1590 3607
5 1591 14430
5 1592 8439
5 1593 6220
5 1595 7221
5 1596 12903
5 1597 11069
5 1598 2990
5 1599 6808
5 1600 19478
5 1602 781
5 1603 11625
5 1604 3768
5 1606 16702
5 1607 6897
5 1608 53004
5 1609 311
5 1610 24441
5 1611 5915
5 1612 7060
5 1613 9618
5 1614 5457
5 1615 288
5 1616 20300
5 1618 24240
5 1621 11142
5 1625 9420
5 1626 7208
5 1627 46076
5 1628 6355
5 1629 2146
5 1630 1491
5 1631 294
5 1632 2161
5 1633 10537
5 1634 2062
5 1635 2987
5 1637 6103
5 1638 6991
5 1639 494
5 1640 3549
5 1641 8051
5 1642 8666
5 1643 645
5 1645 1832
5 1646 3702
5 1647 1157
5 1648 3688
5 1649 5986
5 1650 4138
5 1651 3608
5 1652 22
5 1653 10079
5 1655 16421
5 1656 4695
5 1658 5200
5 1659 13181
5 1661 5212
5 1662 1525
5 1663 22280
5 1664 3657
5 1665 8858
5 1666 1487
5 1667 9402
5 1668 27459
5 1669 7834
5 1671 8346
5 1672 2429
5 1673 5509
5 1674 5614
5 1677 6054
5 1678 788
5 1679 5204
5 1681 6177
5 1682 31326
5 1683 6869
5 1684 5074
5 1685 7597
5 1686 15879
5 1687 24626
5 1688 180
5 1689 6783
5 1690 1695
5 1691 25466
5 1692 15100
5 1693 770
5 1694 3289
5 1695 16968
5 1696 27373
5 1698 9623
5 1699 23901
5 1700 2784
5 1701 16898
5 1703 4772
5 1704 4652
5 1705 14
5 1706 1074
5 1707 5418
5 1708 2743
5 1709 5445
5 1710 9511
5 1711 3675
5 1712 3994
5 1713 14457
5 1714 8319
5 1715 5248
5 1716 7286
5 1717 2068
5 1718 24026
5 1719 18816
5 1720 11577
5 1721 3871
5 1724 5888
5 1725 3823
5 1726 6812
5 1727 23924
5 1728 15286
5 1729 24609
5 1730 5765
5 1731 18173
5 1733 22629
5 1734 10754
5 1735 8869
5 1736 3970
5 1737 25317
5 1738 4798
5 1739 6063
5 1741 6747
5 1742 14050
5 1744 8001
5 1746 4555
5 1747 249
5 1748 349
5 1751 2295
5 1752 6780
5 1753 25703
5 1754 10111
5 1756 10
5 1757 6619
5 1758 2050
5 1759 11302
5 1760 1313
5 1762 9277
5 1763 15085
5 1764 11463
5 1765 25758
5 1766 4453
5 1767 3596
5 1768 25035
5 1769 1002
5 1770 14291
5 1771 9126
5 1772 7765
5 1773 7796
5 1774 3574
5 1775 5996
5 1776 2038
5 1777 3857
5 1778 3604
5 1779 2621
5 1780 17205
5 1781 23308
5 1782 25701
5 1783 620
5 1784 3250
5 1785 19851
5 1786 7636
5 1788 4312
5 1789 710
5 1790 7727
5 1791 508
5 1792 2078
5 1793 186
5 1794 798
5 1795 20940
5 1796 21992
5 1797 10875
5 1798 9177
5 1799 9130
5 1800 10299
5 1801 545
5 1802 11474
5 1803 15122
5 1804 25586
5 1805 12964
5 1806 1473
5 1808 6883
5 1809 4702
5 1810 2173
5 1811 4887
5 1812 1748
5 1813 688
5 1814 4218
5 1815 15835
5 1816 9431
5 1817 7186
5 1818 18913
5 1819 1379
5 1820 8133
5 1821 3035
5 1822 11702
5 1823 9866
5 1824 1808
5 1827 6503
5 1828 13608
5 1829 20887
5 1830 4103
5 1831 19977
5 1832 27
5 1833 20882
5 1834 16404
5 1835 12102
5 1836 2358
5 1837 9403
5 1838 886
5 1839 3625
5 1841 3561
5 1842 271
5 1843 15696
5 1844 2271
5 1845 13719
5 1846 26228
5 1847 10682
5 1848 410
5 1850 6294
5 1851 8106
5 1852 6250
5 1854 22850
5 1855 12488
5 1856 2347
5 1857 4732
5 1858 330
5 1859 1179
5 1860 24032
5 1861 4812
5 1862 6727
5 1863 15476
5 1864 58
5 1865 3601
5 1866 23519
5 1867 9503
5 1868 5362
5 1870 9570
5 1871 1521
5 1872 42021
5 1873 11754
5 1874 4436
5 1875 9111
5 1876 8305
5 1877 14106
5 1878 6228
5 1879 11021
5 1880 15133
5 1881 27673
5 1882 796
5 1883 9822
5 1884 2844
5 1885 3203
5 1886 8706
5 1887 6550
5 1888 14199
5 1889 14478
5 1890 12794
5 1891 12717
5 1892 5572
5 1893 12836
5 1894 11275
5 1895 13209
5 1896 5637
5 1897 10790
5 1898 3827
5 1899 558
5 1900 5560
5 1901 6062
5 1902 481
5 1903 9855
5 1904 5010
5 1905 256
5 1906 12107
5 1907 24194
5 1908 12872
5 1909 11070
5 1910 7387
5 1911 8502
5 1913 4312
5 1914 129
5 1915 7912
5 1916 7368
5 1918 3250
5 1919 4013
5 1920 12686
5 1921 205
5 1922 2826
5 1923 31090
5 1924 16382
5 1925 17315
5 1927 28916
5 1929 18193
5 1930 6364
5 1931 1016
5 1932 33664
5 1934 2884
5 1935 11433
5 1936 16587
5 1937 11383
5 1938 2139
5 1939 7562
5 1940 19879
5 1941 2071
5 1943 8872
5 1944 425
5 1945 9585
5 1946 4912
5 1947 479
5 1948 7709
5 1949 10110
5 1950 1113
5 1951 172
5 1952 16445
5 1953 3604
5 1954 352
5 1955 23727
5 1956 3887
5 1957 33326
5 1958 15041
5 1959 25442
5 1960 2737
5 1961 28092
5 1962 15069
5 1963 24652
5 1964 4447
5 1965 10915
5 1966 7470
5 1967 2547
5 1968 3752
5 1969 443
5 1970 4349
5 1971 12058
5 1972 17567
5 1973 26449
5 1976 3111
5 1977 7496
5 1978 26369
5 1979 6985
5 1980 2429
5 1981 6739
5 1983 3646
5 1984 6671
5 1985 25043
5 1986 7468
5 1987 8739
5 1988 8434
5 1989 13629
5 1990 20959
5 1991 1475
5 1993 115
5 1994 783
5 1995 3849
5 1996 22077
5 1997 35
5 1998 3843
5 1999 2685
6 0 16130
6 1 7597
6 2 57772
6 3 816
6 4 10266
6 5 2010
6 7 95
6 8 13133
6 9 14337
6 10 3020
6 11 6360
6 12 10324
6 13 6237
6 14 4422
6 15 17567
6 16 25043
6 17 14461
6 19 17499
6 20 280
6 22 9789
6 23 2219
6 24 6539
6 25 18929
6 26 2166
6 27 418
6 30 9680
6 31 206
6 32 27534
6 33 12762
6 35 11890
6 36 12
6 37 948
6 39 1871
6 40 22372
6 41 5716
6 42 6271
6 43 571
6 44 6095
6 45 13563
6 46 4053
6 48 18042
6 49 6544
6 51 10061
6 52 8622
6 53 3712
6 54 329
6 55 4385
6 56 1881
6 57 6892
6 58 668
6 60 3888
6 61 2732
6 62 1397
6 63 9823
6 64 2494
6 65 6994
6 66 5063
6 67 23761
6 68 2812
6 69 1743
6 70 15868
6 71 36776
6 73 6177
6 74 9586
6 75 10679
6 76 140
6 77 5053
6 78 8092
6 79 7572
6 80 19938
6 81 3128
6 82 22684
6 83 847
6 84 17561
6 85 17878
6 86 14026
6 87 16777
6 88 32813
6 90 9272
6 91 3824
6 93 659
6 94 23645
6 95 1353
6 96 19880
6 97 14104
6 99 8605
6 100 42760
6 101 16861
6 103 7385
6 104 23753
6 105 23111
6 106 3532
6 107 3529
6 108 20408
6 111 4398
6 112 649
6 113 7605
6 115 5154
6 116 16792
6 117 3909
6 118 5122
6 119 33
6 120 4458
6 121 1485
6 122 6282
6 123 203
6 124 10222
6 125 9065
6 126 14658
6 128 18622
6 129 9422
6 130 1190
6 131 10399
6 132 18955
6 133 4656
6 134 13112
6 135 2022
6 136 12111
6 137 23739
6 138 6613
6 139 47516
6 140 21673
6 141 4757
6 142 3724
6 143 11185
6 144 10802
6 145 14177
6 146 1701
6 147 13661
6 148 12877
6 149 4970
6 150 8944
6 151 1971
6 152 3834
6 153 9968
6 154 6655
6 155 4247
6 156 6399
6 158 6278
6 159 1863
6 160 22146
6 161 20726
6 162 13068
6 164 10572
6 165 3198
6 166 10616
6 167 4142
6 169 19708
6 170 6022
6 171 3084
6 172 1150
6 173 4965
6 174 35490
6 176 11111
6 177 380
6 178 15205
6 179 9609
6 180 35170
6 181 20092
6 182 2291
6 183 3667
6 184 4079
6 185 33012
6 186 34313
6 187 4332
6 189 9286
6 190 5002
6 191 20898
6 192 939
6 193 25826
6 194 13452
6 197 3901
6 198 16312
6 199 5051
6 200 17463
6 201 157
6 202 13741
6 203 30736
6 204 17485
6 205 1145
6 206 15696
6 207 5194
6 208 489
6 209 9647
6 210 5484
6 211 3895
6 212 6852
6 213 4216
6 214 1670
6 215 39033
6 216 6001
6 218 1043
6 219 1118
6 220 1706
6 221 830
6 222 7507
6 223 5170
6 224 2379
6 226 5542
6 228 12535
6 229 3031
6 230 2275
6 231 5764
6 232 1273
6 233 3910
6 234 4927
6 235 5483
6 236 11227
6 237 7400
6 238 21157
6 240 508
6 241 12540
6 242 4208
6 243 2227
6 244 2129
6 245 14485
6 248 18509
6 250 6867
6 251 8440
6 252 26189
6 253 11606
6 254 39401
6 255 17248
6 256 4908
6 257 2247
6 259 3064
6 260 2424
6 261 5925
6 262 21103
6 263 23599
6 264 4284
6 265 11518
6 266 6295
6 267 24236
6 268 15312
6 269 3008
6 270 8148
6 271 21610
6 272 11756
6 274 5154
6 275 11130
6 277 795
6 278 2995
6 279 3782
6 280 3534
6 282 5878
6 283 32120
6 286 6334
6 287 16362
6 288 30931
6 290 621
6 291 2780
6 292 11814
6 293 4639
6 294 7290
6 295 3219
6 296 12502
6 297 15338
6 298 326
6 299 34459
6 300 5848
6 301 12950
6 302 5720
6 303 11424
6 304 1446
6 305 25649
6 306 3416
6 307 4034
6 308 9624
6 309 4941
6 310 10802
6 311 3821
6 312 18815
6 313 8589
6 314 138
6 315 2774
6 316 38133
6 317 10083
6 318 26187
6 319 6196
6 320 8279
6 321 21340
6 322 3848
6 323 24322
6 324 186
6 325 2929
6 327 1272
6 328 22626
6 329 3192
6 330 732
6 331 4610
6 332 16542
6 333 4127
6 334 14040
6 335 19160
6 336 8669
6 337 29947
6 338 8323
6 339 11535
6 340 3651
6 341 20264
6 342 24213
6 345 6225
6 346 14028
6 347 13488
6 348 1732
6 349 26736
6 350 35541
6 351 10814
6 352 8939
6 353 20262
6 355 24560
6 356 7159
6 357 10937
6 358 17746
6 359 19685
6 360 6274
6 361 8345
6 363 11187
6 364 708
6 365 9422
6 366 3942
6 367 13051
6 368 1120
6 369 5124
6 370 9938
6 372 14741
6 373 229
6 374 5690
6 375 10133
6 376 10690
6 377 549
6 378 18704
6 380 14666
6 381 4229
6 382 53
6 384 17298
6 385 7143
6 386 7991
6 387 9168
6 388 10253
6 389 13994
6 391 2734
6 392 14002
6 395 26297
6 396 7704
6 397 19867
6 398 11275
6 399 8316
6 400 15661
6 401 641
6 402 2498
6 403 6888
6 404 5369
6 405 4391
6 406 7906
6 407 921
6 409 18287
6 410 6635
6 412 6630
6 413 959
6 414 9108
6 415 10069
6 417 5513
6 418 21675
6 419 1018
6 420 28370
6 421 1386
6 422 3788
6 423 1520
6 424 4653
6 426 1201
6 427 6920
6 428 3476
6 429 627
6 430 19479
6 431 8644
6 432 6933
6 433 57671
6 434 2245
6 435 6134
6 436 23686
6 437 14545
6 438 1631
6 439 7222
6 440 729
6 441 8565
6 442 19776
6 443 2884
6 444 345
6 445 4132
6 446 20115
6 448 5948
6 449 10005
6 450 7991
6 451 11652
6 452 11133
6 453 41311
6 454 27868
6 455 568
6 456 4624
6 457 11115
6 458 5383
6 459 9532
6 462 33017
6 464 742
6 465 7173
6 466 7158
6 467 38548
6 468 10480
6 469 1518
6 470 9363
6 471 7410
6 472 16086
6 473 4952
6 474 2900
6 475 4124
6 476 2761
6 477 315
6 480 7147
6 481 16775
6 482 3789
6 483 37619
6 484 11179
6 485 12774
6 486 10891
6 487 18411
6 488 1937
6 489 7920
6 490 10077
6 491 3984
6 492 3783
6 493 11816
6 494 105
6 495 4615
6 496 10521
6 497 10715
6 498 150
6 499 965
6 500 4226
6 501 2883
6 502 963
6 503 934
6 504 2576
6 505 22666
6 506 27757
6 508 2304
6 509 20729
6 510 4169
6 511 1279
6 513 17577
6 514 1191
6 515 1504
6 516 45010
6 517 1160
6 518 26802
6 519 11658
6 520 2022
6 521 3377
6 522 15749
6 523 1037
6 524 9262
6 525 640
6 526 21083
6 527 5217
6 528 4311
6 529 1853
6 530 1330
6 531 37512
6 532 6042
6 533 11061
6 534 9051
6 535 27965
6 536 19467
6 537 2516
6 539 9009
6 540 1991
6 541 11819
6 542 431
6 543 11336
6 544 6494
6 545 1997
6 546 5317
6 547 3657
6 548 841
6 549 5695
6 550 23799
6 551 7881
6 552 313
6 553 25073
6 554 4468
6 555 4318
6 556 10192
6 557 1051
6 559 7404
6 560 19446
6 561 827
6 562 3134
6 563 26853
6 564 8493
6 565 16791
6 566 21592
6 567 5412
6 568 16961
6 569 19204
6 571 6970
6 572 10608
6 573 7561
6 574 21294
6 575 14891
6 576 7832
6 577 2765
6 578 29015
6 579 18583
6 580 14855
6 582 5182
6 583 8978
6 584 957
6 585 13049
6 586 5797
6 587 7266
6 588 23304
6 590 19003
6 591 5931
6 592 10118
6 593 17754
6 594 4918
6 595 8392
6 596 9034
6 597 10033
6 598 5126
6 599 37263
6 600 4417
6 601 9567
6 602 2138
6 603 5487
6 604 5876
6 605 4299
6 607 847
6 609 5979
6 610 300
6 611 6712
6 613 10701
6 614 20689
6 615 5
6 616 27643
6 617 6022
6 618 3784
6 619 8727
6 620 7046
6 621 3743
6 622 4393
6 623 10433
6 624 8788
6 625 12301
6 626 15997
6 628 5349
6 629 5130
6 630 1790
6 631 19381
6 633 13125
6 634 5
6 635 37038
6 636 19617
6 637 846
6 638 28303
6 639 5193
6 640 2950
6 641 5864
6 643 9713
6 644 10531
6 645 1166
6 646 23967
6 647 20298
6 648 18273
6 650 23144
6 651 19890
6 652 17916
6 653 21477
6 654 2566
6 655 8963
6 656 500
6 657 1422
6 658 20934
6 659 14504
6 660 23447
6 661 11313
6 662 1132
6 663 6628
6 664 4806
6 666 28602
6 667 19829
6 669 14419
6 670 24580
6 671 17120
6 672 9930
6 673 4905
6 674 6117
6 675 19709
6 676 12766
6 678 2157
6 679 3939
6 680 5402
6 681 4504
6 682 870
6 683 2583
6 684 16837
6 686 270
6 687 20873
6 688 12794
6 689 14936
6 690 715
6 691 5898
6 692 5529
6 694 319
6 695 4813
6 696 3821
6 697 7012
6 699 9086
6 700 4326
6 701 9209
6 702 1686
6 704 10911
6 706 12160
6 707 34328
6 708 3647
6 709 26791
6 710 5248
6 711 8956
6 712 11524
6 714 31744
6 715 7730
6 717 21027
6 719 5356
6 720 2469
6 721 14125
6 722 1428
6 723 10886
6 724 11494
6 725 10556
6 726 5360
6 727 7407
6 728 1925
6 729 7966
6 730 20962
6 731 11383
6 732 10385
6 733 5433
6 734 3927
6 735 9174
6 736 43568
6 737 16181
6 738 1966
6 739 24454
6 740 1866
6 743 5484
6 744 16684
6 745 7291
6 746 14774
6 747 11021
6 749 12884
6 750 6900
6 751 5457
6 752 5580
6 753 17984
6 754 410
6 755 2380
6 756 9630
6 757 14285
6 758 11801
6 759 17597
6 760 6647
6 761 2693
6 762 5354
6 764 1791
6 765 14291
6 766 2191
6 767 7051
6 768 8040
6 769 3167
6 770 5364
6 771 2507
6 772 3269
6 774 8842
6 775 14656
6 776 3815
6 778 4220
6 779 15564
6 780 7652
6 781 2547
6 782 16936
6 783 26385
6 784 17467
6 786 22646
6 787 16685
6 788 2811
6 789 4703
6 790 5336
6 791 8990
6 792 10467
6 793 2810
6 794 10593
6 795 27532
6 796 12952
6 798 1486
6 799 6019
6 800 10927
6 802 8033
6 803 2689
6 804 3634
6 806 2526
6 807 28173
6 808 28877
6 809 368
6 811 5513
6 812 30042
6 813 24672
6 814 23401
6 815 5097
6 816 8571
6 817 5630
6 818 378
6 820 1817
6 821 32149
6 822 22765
6 823 8095
6 824 21241
6 825 15625
6 826 11702
6 827 19322
6 828 3633
6 829 26034
6 830 25000
6 832 2137
6 833 4190
6 834 35356
6 835 3303
6 837 5963
6 838 16980
6 839 5966
6 840 682
6 842 30268
6 843 29849
6 844 5007
6 845 1790
6 846 15051
6 847 7947
6 848 1869
6 849 1769
6 850 19737
6 851 1136
6 852 1111
6 853 15629
6 854 14683
6 855 7093
6 857 27
6 858 9062
6 859 5548
6 862 375
6 863 5176
6 864 291
6 865 3482
6 866 14918
6 867 1591
6 868 12983
6 869 2636
6 870 17440
6 871 1650
6 873 4106
6 874 7499
6 875 7613
6 876 15803
6 877 4600
6 878 9785
6 879 6
6 880 2096
6 881 34464
6 882 6499
6 884 9901
6 885 13546
6 886 8924
6 887 1154
6 888 15062
6 889 8512
6 890 22735
6 891 14316
6 892 4405
6 893 3116
6 894 23907
6 895 11438
6 896 13895
6 897 17986
6 898 1833
6 899 8662
6 900 6503
6 901 9988
6 903 8611
6 904 436
6 906 5510
6 907 69
6 908 5996
6 909 23192
6 910 2
6 911 4073
6 912 26229
6 913 684
6 914 29182
6 915 5906
6 916 15172
6 917 14238
6 918 25594
6 919 17167
6 920 20466
6 921 10342
6 922 7545
6 923 17726
6 924 3768
6 926 944
6 927 5860
6 928 1301
6 929 664
6 930 12673
6 931 3776
6 932 14415
6 933 17474
6 934 12493
6 936 12096
6 937 18103
6 938 7328
6 939 6217
6 940 15350
6 941 8826
6 942 8960
6 943 15990
6 944 6821
6 945 2065
6 946 21963
6 947 24947
6 948 15781
6 950 17252
6 951 14206
6 952 464
6 953 3834
6 954 9656
6 956 2889
6 957 6933
6 958 6723
6 959 2235
6 960 2020
6 961 13737
6 962 2228
6 963 25808
6 964 15517
6 965 13825
6 966 2986
6 967 20718
6 968 1854
6 969 4393
6 970 16671
6 971 18660
6 972 18730
6 973 6660
6 974 11004
6 975 3972
6 976 4849
6 977 25789
6 978 6700
6 979 10869
6 981 20962
6 982 593
6 983 7915
6 984 1770
6 985 11845
6 986 4665
6 987 3302
6 988 17135
6 989 5198
6 990 10502
6 991 5357
6 992 2228
6 993 3645
6 994 5318
6 996 2868
6 997 9059
6 998 11703
6 999 18155
6 1000 4153
6 1001 23867
6 1002 5859
6 1003 10072
6 1004 2736
6 1005 10292
6 1006 10363
6 1007 24853
6 1008 12795
6 1009 18996
6 1010 6224
6 1011 31680
6 1012 15428
6 1013 2418
6 1014 3436
6 1017 3363
6 1018 3408
6 1019 25165
6 1020 7935
6 1021 1412
6 1022 3637
6 1023 17247
6 1025 22880
6 1026 3999
6 1028 12814
6 1029 23117
6 1030 4910
6 1031 4276
6 1032 20554
6 1033 491
6 1034 9441
6 1035 9910
6 1036 12524
6 1037 6702
6 1038 39297
6 1039 3583
6 1040 10671
6 1041 27508
6 1042 30109
6 1043 2191
6 1044 14174
6 1045 6154
6 1046 14338
6 1047 14475
6 1048 3738
6 1049 6504
6 1051 24843
6 1052 31931
6 1053 3620
6 1054 5990
6 1055 2357
6 1056 4200
6 1057 3141
6 1058 2806
6 1059 1844
6 1060 9360
6 1061 8125
6 1062 20856
6 1064 12484
6 1066 1726
6 1067 16775
6 1068 5469
6 1069 16012
6 1070 3886
6 1071 1497
6 1073 4441
6 1074 152
6 1075 6844
6 1076 7985
6 1077 22758
6 1078 1682
6 1079 25693
6 1081 3148
6 1084 26277
6 1085 7387
6 1086 4291
6 1087 6768
6 1088 7113
6 1089 10691
6 1090 7055
6 1091 15487
6 1092 17374
6 1093 17457
6 1094 12126
6 1095 8109
6 1096 24545
6 1097 4506
6 1098 15384
6 1099 19944
6 1100 32052
6 1101 2636
6 1102 37900
6 1103 2025
6 1104 2914
6 1105 570
6 1106 12045
6 1107 9543
6 1108 17046
6 1109 880
6 1110 15545
6 1111 11289
6 1112 13907
6 1113 10610
6 1114 26895
6 1115 1243
6 1116 11424
6 1117 15113
6 1118 7499
6 1119 1298
6 1121 30602
6 1122 365
6 1123 1904
6 1124 7223
6 1125 2716
6 1127 48
6 1128 13628
6 1129 31801
6 1130 7953
6 1131 7939
6 1132 205
6 1133 5292
6 1134 17570
6 1135 8528
6 1137 10039
6 1138 4194
6 1139 19274
6 1140 7215
6 1142 3132
6 1143 2162
6 1144 2988
6 1145 15093
6 1147 17026
6 1148 13970
6 1149 2911
6 1150 22105
6 1151 5917
6 1153 3529
6 1154 7945
6 1155 2085
6 1157 30100
6 1158 8795
6 1159 3661
6 1160 27641
6 1161 632
6 1162 3533
6 1163 8547
6 1164 3042
6 1165 19074
6 1167 4239
6 1168 13474
6 1169 6749
6 1170 4450
6 1172 3541
6 1173 4704
6 1175 8202
6 1176 1543
6 1177 24888
6 1178 8262
6 1179 297
6 1180 11881
6 1181 25332
6 1182 12958
6 1183 8444
6 1184 3233
6 1185 1469
6 1186 13068
6 1187 836
6 1188 24048
6 1189 7263
6 1190 23773
6 1191 5006
6 1192 9975
6 1193 10995
6 1194 210
6 1195 8915
6 1196 5959
6 1197 6556
6 1198 3629
6 1199 5003
6 1200 4717
6 1202 16294
6 1203 23282
6 1204 12014
6 1205 6140
6 1206 6416
6 1208 6455
6 1209 6075
6 1210 2424
6 1211 2753
6 1213 9913
6 1214 5759
6 1215 4838
6 1216 17130
6 1217 3957
6 1218 6370
6 1219 4345
6 1220 24086
6 1221 512
6 1222 1736
6 1223 5784
6 1224 236
6 1226 1748
6 1227 43
6 1228 15619
6 1230 16378
6 1231 1877
6 1232 24760
6 1233 1170
6 1234 4256
6 1235 6544
6 1236 20674
6 1237 5479
6 1238 271
6 1239 8210
6 1240 6192
6 1241 5360
6 1242 12656
6 1243 7640
6 1244 16010
6 1245 10079
6 1246 4177
6 1247 7695
6 1248 7208
6 1249 353
6 1250 9034
6 1251 17108
6 1252 27116
6 1253 11300
6 1254 6637
6 1255 57
6 1256 3927
6 1257 17517
6 1258 222
6 1259 8733
6 1261 14208
6 1262 15744
6 1264 3916
6 1265 19092
6 1266 4863
6 1267 10273
6 1268 5139
6 1269 692
6 1270 26439
6 1271 5161
6 1272 5171
6 1273 4650
6 1274 22315
6 1275 18322
6 1276 12012
6 1278 5477
6 1279 12530
6 1280 1473
6 1281 3869
6 1282 6355
6 1283 15808
6 1284 3523
6 1285 4863
6 1286 32650
6 1287 10853
6 1288 3926
6 1290 27517
6 1291 7333
6 1292 25078
6 1293 2059
6 1294 185
6 1295 26753
6 1296 6897
6 1297 4362
6 1298 8220
6 1299 6511
6 1300 24089
6 1301 3048
6 1302 11057
6 1303 19268
6 1304 16735
6 1305 133
6 1307 2705
6 1308 1975
6 1309 7
6 1311 5335
6 1312 2206
6 1313 22533
6 1314 229
6 1315 12222
6 1316 13492
6 1317 5749
6 1318 1452
6 1319 3917
6 1320 12713
6 1321 15025
6 1322 7637
6 1323 12436
6 1324 4744
6 1325 23876
6 1326 1569
6 1328 12816
6 1329 40558
6 1330 19208
6 1331 7872
6 1333 4828
6 1334 8153
6 1335 11316
6 1336 4718
6 1337 14031
6 1338 19224
6 1339 11054
6 1340 10604
6 1341 1226
6 1342 24420
6 1344 24082
6 1345 15475
6 1346 7214
6 1347 7655
6 1348 11668
6 1349 8491
6 1350 5403
6 1351 2607
6 1352 21581
6 1353 6032
6 1354 8712
6 1355 11831
6 1356 15139
6 1357 8017
6 1358 18135
6 1359 3970
6 1360 2610
6 1361 277
6 1363 9056
6 1364 18124
6 1366 1359
6 1367 5614
6 1368 8537
6 1369 7509
6 1370 23292
6 1371 10313
6 1372 4564
6 1373 8743
6 1374 18776
6 1375 42767
6 1376 1815
6 1377 7480
6 1378 3606
6 1379 8680
6 1381 16656
6 1382 8985
6 1383 13146
6 1385 9361
6 1386 11424
6 1387 5161
6 1388 4932
6 1389 18589
6 1390 13737
6 1391 5393
6 1392 11551
6 1393 21
6 1395 11727
6 1396 11839
6 1397 1919
6 1398 8100
6 1399 32760
6 1400 22893
6 1401 12393
6 1402 290
6 1403 3965
6 1404 289
6 1405 8726
6 1406 10988
6 1407 13021
6 1408 9034
6 1409 16261
6 1411 12400
6 1412 2722
6 1413 5749
6 1414 17767
6 1415 1655
6 1416 2720
6 1417 3789
6 1418 39898
6 1419 16392
6 1420 4283
6 1421 2142
6 1422 4406
6 1423 847
6 1424 8015
6 1425 712
6 1426 2352
6 1428 4874
6 1429 17340
6 1430 5987
6 1431 4162
6 1433 9867
6 1434 1085
6 1435 3189
6 1436 14920
6 1437 11044
6 1438 13088
6 1439 3291
6 1441 11641
6 1442 10076
6 1443 33419
6 1444 4060
6 1445 2141
6 1446 176
6 1447 14082
6 1448 1151
6 1449 32769
6 1451 8221
6 1452 10879
6 1453 6348
6 1454 2556
6 1456 3942
6 1457 7011
6 1458 6631
6 1459 16304
6 1460 14209
6 1461 4972
6 1462 14353
6 1463 7213
6 1464 918
6 1465 5718
6 1466 5623
6 1467 19526
6 1468 44605
6 1469 2348
6 1470 1594
6 1471 2668
6 1472 11811
6 1473 279
6 1474 8905
6 1475 2580
6 1476 11745
6 1477 16016
6 1479 37109
6 1480 1325
6 1481 1910
6 1483 5750
6 1484 1809
6 1485 12556
6 1486 9310
6 1487 3032
6 1488 5742
6 1489 2809
6 1490 929
6 1491 12399
6 1492 31169
6 1494 19317
6 1495 28187
6 1496 34532
6 1497 3127
6 1499 6896
6 1501 25337
6 1502 2676
6 1503 13209
6 1504 4206
6 1505 248
6 1506 14404
6 1508 4775
6 1509 2098
6 1511 6256
6 1512 2401
6 1513 2340
6 1514 6101
6 1515 2157
6 1516 24161
6 1517 5037
6 1518 5159
6 1519 7081
6 1520 218
6 1521 18955
6 1522 3505
6 1524 1820
6 1525 4933
6 1526 9078
6 1527 15047
6 1529 2559
6 1530 4891
6 1531 14964
6 1532 5688
6 1533 18836
6 1534 20632
6 1535 9249
6 1536 7867
6 1537 2453
6 1538 9199
6 1539 2267
6 1540 28953
6 1541 18326
6 1542 7894
6 1543 22871
6 1544 10155
6 1545 7665
6 1546 28674
6 1548 16958
6 1549 10370
6 1550 2992
6 1552 6776
6 1553 1909
6 1554 5517
6 1555 3083
6 1556 25264
6 1557 13385
6 1558 326
6 1561 8519
6 1563 19505
6 1564 8070
6 1565 6057
6 1566 1667
6 1567 10342
6 1568 12413
6 1569 5038
6 1570 851
6 1571 6655
6 1572 1926
6 1573 7741
6 1574 2570
6 1575 15915
6 1576 10679
6 1577 580
6 1579 2252
6 1580 7268
6 1581 10026
6 1582 24170
6 1583 1590
6 1585 19827
6 1586 4147
6 1587 399
6 1588 4403
6 1589 1469
6 1590 9559
6 1591 2684
6 1592 25945
6 1593 10719
6 1594 20164
6 1595 8356
6 1596 4550
6 1597 7661
6 1598 7559
6 1599 5023
6 1600 5708
6 1601 868
6 1602 1136
6 1603 18373
6 1604 10386
6 1605 5690
6 1606 2395
6 1607 27710
6 1608 25410
6 1610 19475
6 1611 28982
6 1614 6498
6 1615 6470
6 1616 2437
6 1618 9440
6 1619 84
6 1620 2253
6 1621 4704
6 1623 16781
6 1624 8777
6 1626 8527
6 1627 4505
6 1628 3784
6 1629 9987
6 1630 16604
6 1631 24727
6 1632 1999
6 1633 33900
6 1635 18892
6 1637 12949
6 1638 1429
6 1639 1428
6 1640 10155
6 1641 12358
6 1642 21366
6 1643 1821
6 1644 1315
6 1645 14618
6 1646 20417
6 1647 3362
6 1648 915
6 1650 45701
6 1651 2820
6 1652 1793
6 1653 11076
6 1654 4488
6 1655 3284
6 1656 13010
6 1657 16206
6 1658 12841
6 1659 5634
6 1660 2163
6 1661 6266
6 1662 66
6 1663 8256
6 1664 9080
6 1665 5777
6 1666 10956
6 1667 6328
6 1668 5044
6 1669 2093
6 1671 16924
6 1672 27319
6 1673 5290
6 1674 23733
6 1675 87
6 1676 7027
6 1677 4051
6 1678 17091
6 1679 29118
6 1681 14085
6 1682 7011
6 1683 8905
6 1684 3570
6 1685 2520
6 1686 2586
6 1687 424
6 1688 2258
6 1689 19018
6 1690 1614
6 1691 13567
6 1692 17687
6 1693 31833
6 1695 13896
6 1696 2169
6 1697 3525
6 1698 22942
6 1699 24571
6 1700 15029
6 1701 2440
6 1702 3144
6 1703 5189
6 1704 6169
6 1705 2439
6 1706 33985
6 1707 18341
6 1708 15773
6 1709 447
6 1710 33516
6 1711 8158
6 1712 28471
6 1713 76
6 1714 4079
6 1715 8369
6 1716 6895
6 1717 356
6 1718 6085
6 1719 20019
6 1720 17309
6 1721 19075
6 1722 6700
6 1723 5453
6 1724 9471
6 1725 300
6 1726 8493
6 1727 13067
6 1728 5776
6 1729 8542
6 1730 18293
6 1731 912
6 1732 13571
6 1733 4668
6 1734 14915
6 1735 455
6 1736 38826
6 1737 36297
6 1738 9220
6 1739 5443
6 1740 13543
6 1741 22261
6 1742 1352
6 1744 7282
6 1745 19873
6 1747 5301
6 1749 1814
6 1750 4448
6 1751 3408
6 1752 35935
6 1754 310
6 1755 29610
6 1756 9193
6 1757 7789
6 1758 18002
6 1759 17027
6 1760 5846
6 1761 290
6 1762 8368
6 1763 19511
6 1764 2694
6 1765 22697
6 1766 24062
6 1767 3009
6 1768 1529
6 1769 1846
6 1770 18556
6 1771 21468
6 1772 9344
6 1773 3254
6 1774 4286
6 1775 32308
6 1776 28878
6 1777 2327
6 1778 5803
6 1779 2611
6 1780 4515
6 1781 1528
6 1782 22462
6 1783 4398
6 1784 16087
6 1785 15234
6 1786 3241
6 1787 14790
6 1788 11836
6 1789 8778
6 1790 1941
6 1791 4791
6 1792 8226
6 1793 23451
6 1794 8726
6 1795 18781
6 1796 14821
6 1797 19226
6 1798 716
6 1799 3197
6 1800 9533
6 1801 1813
6 1802 6530
6 1803 522
6 1804 7360
6 1805 4369
6 1806 12223
6 1807 32832
6 1808 6911
6 1809 1957
6 1810 20714
6 1811 35050
6 1814 6382
6 1815 10301
6 1816 9
6 1817 5321
6 1818 11519
6 1819 4358
6 1820 21446
6 1821 7888
6 1822 8457
6 1823 10769
6 1824 28404
6 1825 28224
6 1826 15114
6 1827 20570
6 1828 4527
6 1829 4038
6 1830 19337
6 1831 4403
6 1832 10735
6 1833 4566
6 1834 8441
6 1835 35747
6 1837 6672
6 1838 9219
6 1839 5254
6 1840 3428
6 1841 17370
6 1842 12490
6 1843 959
6 1844 18827
6 1845 26432
6 1846 1364
6 1847 37146
6 1848 11837
6 1850 8965
6 1851 24848
6 1852 3039
6 1853 11182
6 1854 4402
6 1855 24697
6 1856 20150
6 1857 14796
6 1858 2145
6 1859 1425
6 1860 7645
6 1861 2189
6 1862 7000
6 1863 11097
6 1864 5552
6 1865 13070
6 1866 16242
6 1867 828
6 1868 8799
6 1869 5920
6 1870 7034
6 1871 9944
6 1872 6165
6 1873 2696
6 1874 32683
6 1875 114
6 1876 19216
6 1877 12770
6 1878 3111
6 1879 5990
6 1881 4222
6 1882 6159
6 1883 3137
6 1885 6
6 1886 6512
6 1887 37268
6 1888 11704
6 1889 6995
6 1890 14130
6 1891 15787
6 1892 3101
6 1893 5490
6 1894 9294
6 1895 44246
6 1896 14012
6 1898 8673
6 1899 4707
6 1900 28551
6 1901 23634
6 1903 2468
6 1904 16884
6 1905 13759
6 1906 6322
6 1907 24772
6 1908 3853
6 1909 11685
6 1910 532
6 1911 1274
6 1912 7387
6 1913 5077
6 1914 1749
6 1915 1788
6 1916 6895
6 1917 13879
6 1918 13243
6 1919 7565
6 1920 4684
6 1922 3014
6 1923 4407
6 1924 3473
6 1925 9048
6 1926 3712
6 1927 3329
6 1928 4750
6 1929 13757
6 1930 4385
6 1931 13192
6 1932 9306
6 1933 11713
6 1934 14632
6 1935 6464
6 1936 3658
6 1937 166
6 1938 7660
6 1939 549
6 1940 4503
6 1941 24096
6 1942 404
6 1943 33651
6 1944 7097
6 1945 3661
6 1946 210
6 1949 9969
6 1950 2893
6 1951 16425
6 1952 22920
6 1954 9065
6 1955 9646
6 1956 12866
6 1957 1226
6 1958 13146
6 1959 3701
6 1960 1476
6 1961 24229
6 1963 19822
6 1964 21578
6 1965 3067
6 1966 7913
6 1968 31541
6 1969 2387
6 1970 1687
6 1972 4080
6 1973 14
6 1974 2847
6 1975 1377
6 1976 7475
6 1977 38329
6 1978 22318
6 1979 19
6 1980 1472
6 1981 9672
6 1982 4896
6 1983 18096
6 1985 9140
6 1986 11368
6 1987 2077
6 1988 9541
6 1989 9507
6 1990 888
6 1991 11681
6 1992 11857
6 1995 21404
6 1997 21503
6 1998 18140
6 1999 26432
7 0 3045
7 1 23992
7 2 140
7 3 15102
7 4 6601
7 5 2365
7 6 8266
7 7 3271
7 8 24583
7 9 20005
7 10 6768
7 11 43350
7 12 12543
7 14 20058
7 15 8771
7 16 7104
7 17 2520
7 19 4786
7 20 10314
7 21 414
7 22 2244
7 23 20486
7 24 8069
7 25 14515
7 26 27901
7 27 3319
7 28 7342
7 29 23566
7 30 32774
7 31 11492
7 32 12836
7 33 20446
7 34 21537
7 35 10274
7 36 3657
7 37 8438
7 38 5212
7 39 1185
7 41 598
7 43 38296
7 44 3238
7 45 12449
7 47 15379
7 48 13156
7 49 4164
7 50 8102
7 51 18163
7 52 6492
7 53 18719
7 54 970
7 55 21824
7 56 6033
7 57 9486
7 58 6112
7 59 9132
7 60 30562
7 62 16313
7 63 2254
7 64 3602
7 65 23518
7 66 16253
7 67 59803
7 68 17444
7 69 854
7 70 5517
7 71 2136
7 72 6791
7 73 3338
7 74 2987
7 75 26322
7 76 3527
7 77 3148
7 78 17894
7 79 12469
7 80 34443
7 81 3820
7 82 4769
7 83 18978
7 84 5207
7 85 7015
7 86 31861
7 87 15998
7 88 17069
7 89 999
7 90 17450
7 91 9325
7 92 21551
7 93 7821
7 94 3405
7 95 11191
7 96 1571
7 98 22025
7 99 10758
7 100 202
7 101 13491
7 102 32066
7 103 8549
7 104 4657
7 105 5412
7 106 18763
7 107 7378
7 108 30027
7 109 5751
7 110 9519
7 111 346
7 112 1014
7 113 8872
7 114 22913
7 115 1476
7 116 25157
7 117 1250
7 118 5144
7 119 2826
7 120 4222
7 122 11083
7 123 22919
7 124 1747
7 127 14532
7 128 8075
7 129 948
7 130 2216
7 131 22447
7 132 972
7 133 13254
7 134 38009
7 135 502
7 136 1263
7 137 20674
7 139 23240
7 140 9345
7 141 12004
7 142 7998
7 143 6037
7 144 27174
7 145 7921
7 146 6843
7 147 5030
7 148 36909
7 149 20682
7 151 14204
7 152 27719
7 153 2085
7 156 8600
7 157 4277
7 158 24659
7 159 7066
7 160 4176
7 161 2873
7 162 15143
7 163 4720
7 164 22222
7 165 18830
7 166 22919
7 167 14822
7 168 11305
7 169 12075
7 170 1151
7 171 22326
7 172 18907
7 174 5227
7 175 4298
7 176 3587
7 177 5886
7 178 277
7 179 12689
7 180 4934
7 182 1740
7 184 23661
7 185 13638
7 186 42086
7 189 11329
7 190 7795
7 191 22645
7 192 5099
7 193 14480
7 194 50656
7 195 26256
7 196 795
7 197 5259
7 198 16275
7 199 7684
7 200 23396
7 201 6193
7 202 5388
7 203 7721
7 204 1758
7 205 20856
7 206 24196
7 207 2822
7 208 5134
7 209 152
7 210 3911
7 211 9346
7 212 10892
7 213 18779
7 214 11880
7 215 20680
7 216 17672
7 217 3815
7 218 6637
7 219 3889
7 220 3671
7 221 21789
7 222 14175
7 223 20828
7 224 3383
7 225 9990
7 226 5461
7 227 7223
7 228 29954
7 230 2332
7 231 4018
7 232 17779
7 233 2372
7 235 7674
7 236 7071
7 237 5158
7 238 2430
7 239 22249
7 240 10929
7 241 8845
7 242 6638
7 243 9973
7 244 7449
7 245 13391
7 246 5572
7 247 39989
7 248 8237
7 249 12739
7 250 4424
7 251 11506
7 252 8745
7 253 11199
7 254 6817
7 255 29532
7 256 18670
7 257 208
7 258 11620
7 260 5471
7 262 12105
7 263 4305
7 264 18773
7 265 1817
7 266 20706
7 267 5557
7 268 2948
7 269 3912
7 270 4723
7 271 5418
7 272 4412
7 273 4602
7 274 18593
7 275 1825
7 278 16591
7 279 6261
7 280 6588
7 281 20809
7 282 6669
7 283 849
7 284 18268
7 285 7476
7 286 8806
7 287 928
7 288 11
7 289 972
7 290 6784
7 291 6766
7 292 6894
7 294 20402
7 297 20611
7 298 12031
7 301 33813
7 302 8006
7 304 30367
7 306 914
7 308 2996
7 309 13155
7 310 11390
7 311 11955
7 312 22739
7 313 12747
7 314 88
7 315 1332
7 316 9270
7 317 4715
7 318 2885
7 319 39027
7 320 3372
7 321 21216
7 322 821
7 323 9590
7 324 27763
7 325 28615
7 327 8833
7 328 28133
7 329 2477
7 330 4074
7 331 16921
7 332 9869
7 333 19791
7 335 10374
7 336 5685
7 337 2089
7 338 6010
7 339 27800
7 340 4318
7 341 22
7 342 625
7 344 1471
7 345 2177
7 346 2732
7 347 6344
7 348 2568
7 349 2604
7 350 2720
7 351 3104
7 352 9022
7 353 15
7 354 6198
7 355 23427
7 356 10668
7 357 2360
7 359 1113
7 360 1475
7 361 11718
7 362 27549
7 363 20734
7 364 12717
7 365 2784
7 366 262
7 367 6068
7 369 12818
7 370 4149
7 371 15414
7 372 6456
7 373 4758
7 374 10081
7 375 7876
7 376 3579
7 377 11565
7 378 14961
7 379 2155
7 380 36178
7 381 7657
7 382 11568
7 383 11586
7 384 1129
7 385 9454
7 386 11782
7 387 7574
7 388 15033
7 389 225
7 390 443
7 391 2371
7 394 15294
7 395 6083
7 396 3590
7 397 17943
7 398 5205
7 399 499
7 400 2165
7 401 6865
7 402 6015
7 403 6636
7 404 2105
7 405 6
7 406 12444
7 407 7443
7 408 5104
7 410 19755
7 412 3329
7 413 17443
7 414 3238
7 415 1088
7 416 6277
7 417 11945
7 418 11360
7 419 14093
7 420 3476
7 421 3661
7 422 5879
7 423 887
7 424 3013
7 426 3170
7 427 19484
7 428 6143
7 430 35167
7 431 12026
7 432 323
7 433 6503
7 434 14390
7 435 8724
7 436 7349
7 437 9053
7 439 2266
7 440 40447
7 442 17389
7 444 5859
7 445 2016
7 446 13834
7 447 10618
7 448 32388
7 449 12335
7 450 16622
7 451 18120
7 452 3631
7 453 9443
7 454 24194
7 455 6054
7 456 11763
7 457 11473
7 458 10084
7 459 11511
7 461 10654
7 462 3666
7 463 12733
7 465 13508
7 466 5545
7 467 14740
7 468 10519
7 469 260
7 470 7038
7 471 2805
7 472 25409
7 473 4882
7 474 1894
7 475 24085
7 476 5715
7 477 19868
7 478 6366
7 479 3217
7 480 3869
7 481 155
7 482 1792
7 483 7836
7 484 8825
7 485 11503
7 486 1078
7 487 10808
7 488 17543
7 489 7119
7 490 1405
7 491 1501
7 493 1049
7 494 5730
7 495 26931
7 496 14098
7 497 3204
7 498 11783
7 499 10537
7 500 12291
7 501 5895
7 502 3199
7 503 8440
7 504 9921
7 505 3529
7 507 2632
7 508 4658
7 509 21411
7 510 19783
7 511 18276
7 512 8234
7 513 248
7 514 4296
7 515 24425
7 516 13575
7 517 8367
7 518 6999
7 519 4656
7 520 434
7 521 10797
7 523 5223
7 524 19146
7 525 3145
7 526 3345
7 527 14721
7 528 12160
7 529 28
7 530 9414
7 531 12699
7 532 25886
7 533 7617
7 534 4181
7 535 4234
7 536 8396
7 537 4176
7 538 20079
7 539 938
7 540 31256
7 541 10443
7 542 8901
7 544 2341
7 545 8289
7 546 3736
7 547 1951
7 548 11074
7 549 1254
7 550 17687
7 551 10409
7 552 2559
7 553 20458
7 554 6894
7 555 1884
7 556 10782
7 557 3277
7 558 6462
7 559 11295
7 560 17489
7 561 6189
7 563 8910
7 564 12233
7 565 3780
7 566 9807
7 567 17908
7 568 23790
7 570 8953
7 571 70
7 572 6920
7 573 22775
7 575 8004
7 576 19498
7 577 7141
7 578 11458
7 579 10039
7 580 4885
7 581 18924
7 582 4150
7 583 11321
7 584 3401
7 585 2122
7 586 9003
7 587 967
7 589 23921
7 592 6118
7 593 4369
7 594 8501
7 595 8470
7 596 19
7 597 4067
7 598 12874
7 600 369
7 601 86
7 603 22183
7 604 5452
7 605 21395
7 606 8579
7 607 2487
7 608 23165
7 609 753
7 610 5625
7 612 4381
7 614 12653
7 615 2232
7 616 1154
7 617 2051
7 618 17021
7 619 334
7 620 17893
7 621 14187
7 622 10071
7 623 963
7 624 46347
7 625 14805
7 626 1588
7 627 263
7 629 8368
7 630 11362
7 631 1400
7 633 11107
7 634 13101
7 635 7020
7 636 3564
7 637 4918
7 638 4469
7 639 14430
7 640 10326
7 641 8354
7 642 8991
7 644 1058
7 646 4510
7 647 3656
7 648 19577
7 649 13771
7 650 7704
7 651 422
7 652 4628
7 653 688
7 654 316
7 656 641
7 657 9692
7 658 3935
7 659 2936
7 660 22933
7 662 11116
7 663 2705
7 664 5345
7 665 5319
7 666 20957
7 667 7107
7 668 9232
7 669 3582
7 670 9354
7 671 12699
7 672 1370
7 673 6364
7 674 7886
7 675 16222
7 676 6607
7 677 3102
7 679 29383
7 680 2678
7 682 13034
7 683 7017
7 684 8260
7 686 4408
7 687 1087
7 688 17499
7 689 13975
7 690 8859
7 691 6690
7 692 2897
7 694 7234
7 695 9197
7 696 9748
7 698 1745
7 699 8079
7 702 13068
7 703 7183
7 704 8711
7 705 8173
7 706 1597
7 707 8584
7 708 11699
7 709 5090
7 710 11588
7 711 8260
7 712 4533
7 714 19415
7 715 3849
7 716 21206
7 717 8450
7 718 30727
7 720 13971
7 721 2163
7 722 1515
7 723 6055
7 724 12270
7 725 3656
7 726 19544
7 727 11516
7 728 8239
7 729 8234
7 731 19562
7 733 19778
7 735 2264
7 736 18293
7 737 11546
7 738 7284
7 739 1527
7 740 8282
7 741 12809
7 743 5693
7 744 16115
7 745 7158
7 746 27584
7 747 13201
7 748 14940
7 749 11874
7 750 6279
7 752 11115
7 753 20165
7 756 12394
7 757 9163
7 758 19438
7 759 27503
7 760 13766
7 761 23277
7 762 14824
7 763 11526
7 764 16868
7 765 9279
7 766 4412
7 767 4470
7 768 3669
7 769 9431
7 770 6050
7 771 31785
7 772 8368
7 773 19638
7 774 7682
7 775 16672
7 776 403
7 779 2223
7 780 2480
7 781 15488
7 782 2503
7 783 1813
7 784 6391
7 785 6560
7 786 88
7 787 1338
7 788 19817
7 789 35419
7 790 6555
7 791 14356
7 792 38787
7 793 26184
7 794 27103
7 796 8533
7 797 9063
7 798 21440
7 799 9926
7 800 11619
7 802 41525
7 803 40402
7 804 10467
7 805 5543
7 806 28725
7 807 398
7 808 4241
7 809 2565
7 810 16710
7 811 13040
7 813 18305
7 814 1346
7 815 2648
7 816 1699
7 817 9515
7 818 5516
7 819 2236
7 820 14456
7 821 3854
7 822 408
7 824 16664
7 825 20792
7 827 5175
7 828 8117
7 829 30451
7 830 539
7 831 4371
7 832 6292
7 833 6229
7 834 7870
7 835 5077
7 837 18590
7 838 10065
7 839 7240
7 840 11074
7 841 29662
7 842 4952
7 843 18586
7 844 30434
7 846 8292
7 848 1528
7 849 2581
7 850 441
7 851 16700
7 852 17035
7 853 7486
7 854 6984
7 855 32031
7 856 18325
7 857 2151
7 858 7480
7 859 8986
7 860 9888
7 861 21283
7 862 7574
7 863 17363
7 864 8280
7 866 1697
7 867 6145
7 868 3870
7 869 19780
7 870 4181
7 871 2
7 872 13581
7 873 1627
7 874 25792
7 877 5155
7 878 1160
7 880 43185
7 881 26098
7 882 22460
7 883 8849
7 885 7169
7 886 26594
7 887 8557
7 889 7804
7 890 2035
7 892 32837
7 893 372
7 894 7428
7 895 1612
7 897 8869
7 898 699
7 899 9022
7 900 16606
7 901 1839
7 902 909
7 904 38812
7 905 9783
7 907 9018
7 908 1121
7 909 20729
7 911 1152
7 912 18050
7 913 6324
7 914 7752
7 915 23195
7 916 33517
7 917 1329
7 918 3162
7 919 44281
7 920 473
7 921 8024
7 922 4562
7 923 8496
7 924 4413
7 925 180
7 926 6825
7 927 15721
7 928 21019
7 929 1550
7 930 4308
7 932 5335
7 933 16015
7 935 9598
7 936 9596
7 937 7968
7 938 5888
7 939 10620
7 940 9877
7 941 1592
7 942 7248
7 943 8631
7 944 15378
7 945 6718
7 946 7336
7 947 1817
7 948 4273
7 949 25523
7 950 14440
7 951 1063
7 952 3505
7 953 435
7 954 10459
7 956 8199
7 957 4913
7 958 501
7 959 15246
7 960 490
7 961 13581
7 963 276
7 964 3777
7 965 8402
7 966 15435
7 969 9547
7 970 3614
7 975 5580
7 976 2684
7 977 1599
7 978 4493
7 979 4416
7 980 17648
7 983 901
7 984 8737
7 985 21315
7 986 6310
7 987 3175
7 988 157
7 989 4308
7 990 36884
7 991 2675
7 992 6670
7 993 5727
7 994 8880
7 995 6709
7 996 16322
7 998 7155
7 999 8484
7 1002 20864
7 1003 83
7 1004 3714
7 1005 15716
7 1006 4051
7 1007 4544
7 1008 429
7 1009 13417
7 1010 15501
7 1011 37106
7 1012 7232
7 1013 4858
7 1014 4421
7 1015 6050
7 1016 5412
7 1017 33283
7 1018 11609
7 1019 2932
7 1020 6170
7 1022 6393
7 1023 3174
7 1024 7311
7 1025 5805
7 1026 3609
7 1027 8138
7 1028 7237
7 1029 7819
7 1030 6923
7 1031 3395
7 1032 785
7 1033 12200
7 1034 24557
7 1035 970
7 1036 1815
7 1037 33264
7 1038 5370
7 1039 15287
7 1040 17246
7 1041 9608
7 1042 21225
7 1043 47262
7 1044 4196
7 1045 3209
7 1046 23016
7 1047 350
7 1049 599
7 1050 2499
7 1051 186
7 1052 17536
7 1053 8535
7 1054 7217
7 1055 28985
7 1056 23001
7 1057 1603
7 1058 622
7 1059 26368
7 1061 3225
7 1062 2075
7 1063 16511
7 1064 5012
7 1066 21125
7 1067 17862
7 1068 24306
7 1069 791
7 1070 18673
7 1072 2196
7 1073 2986
7 1074 2
7 1075 5515
7 1076 1451
7 1077 2257
7 1078 21633
7 1079 4672
7 1080 3229
7 1081 726
7 1082 5035
7 1083 8089
7 1084 3812
7 1085 9339
7 1087 7634
7 1088 5062
7 1089 19533
7 1090 2040
7 1091 541
7 1092 17463
7 1093 9817
7 1095 12467
7 1096 1233
7 1097 9569
7 1098 6149
7 1099 12805
7 1100 3547
7 1101 6335
7 1102 387
7 1104 4080
7 1105 3867
7 1106 12307
7 1107 1776
7 1109 7086
7 1110 807
7 1111 14309
7 1112 1339
7 1113 17448
7 1114 25593
7 1115 5320
7 1117 7139
7 1118 13313
7 1119 15202
7 1120 2049
7 1121 7659
7 1122 13748
7 1123 5827
7 1124 12894
7 1125 2201
7 1126 941
7 1127 23188
7 1128 161
7 1129 9376
7 1130 1200
7 1131 11093
7 1132 3603
7 1133 3814
7 1134 19489
7 1137 3302
7 1138 4733
7 1139 87
7 1140 20600
7 1141 431
7 1142 1235
7 1143 13109
7 1144 29776
7 1145 13994
7 1146 7319
7 1147 17276
7 1148 21635
7 1149 19184
7 1150 7925
7 1152 1805
7 1153 10983
7 1154 3008
7 1155 3541
7 1156 27145
7 1157 9359
7 1158 13101
7 1159 19161
7 1160 11199
7 1161 66
7 1162 3400
7 1163 24913
7 1164 26879
7 1165 13460
7 1166 25147
7 1168 9078
7 1169 5943
7 1170 8747
7 1171 9865
7 1172 4619
7 1173 9251
7 1174 12965
7 1176 13857
7 1177 17155
7 1178 6775
7 1179 4458
7 1180 15196
7 1181 5829
7 1182 8615
7 1183 14271
7 1184 617
7 1185 8432
7 1186 4179
7 1187 19739
7 1188 10469
7 1189 5432
7 1190 8373
7 1191 7547
7 1192 3580
7 1193 8518
7 1194 24720
7 1195 7860
7 1196 3802
7 1197 6532
7 1198 3657
7 1199 3774
7 1200 3183
7 1201 38910
7 1202 13250
7 1203 4672
7 1204 240
7 1205 9810
7 1206 16040
7 1208 317
7 1209 18925
7 1210 28151
7 1211 6153
7 1212 7118
7 1213 821
7 1216 170
7 1217 10599
7 1218 2181
7 1219 4778
7 1220 13467
7 1221 21237
7 1222 10445
7 1223 3358
7 1226 3402
7 1227 4176
7 1228 3157
7 1230 4823
7 1231 13166
7 1233 7041
7 1234 11825
7 1236 17524
7 1237 19054
7 1238 24466
7 1239 5467
7 1240 6508
7 1241 4563
7 1242 10751
7 1243 13255
7 1244 1973
7 1245 3669
7 1246 248
7 1247 2311
7 1248 2228
7 1249 7921
7 1250 10153
7 1251 13956
7 1252 348
7 1253 20499
7 1254 12521
7 1255 19448
7 1256 21807
7 1257 5106
7 1258 7494
7 1259 11508
7 1261 25722
7 1262 12616
7 1263 4019
7 1264 4121
7 1265 3002
7 1266 452
7 1267 2660
7 1268 13284
7 1269 4264
7 1270 27702
7 1271 3191
7 1272 2075
7 1273 13345
7 1274 17964
7 1275 72
7 1277 1639
7 1278 3900
7 1279 4133
7 1280 7308
7 1282 1475
7 1283 1028
7 1284 18954
7 1285 27703
7 1287 8051
7 1288 12370
7 1290 326
7 1291 7621
7 1292 8547
7 1293 29026
7 1295 9342
7 1296 1722
7 1297 29434
7 1298 4827
7 1299 8613
7 1300 13124
7 1301 7118
7 1302 17153
7 1303 4386
7 1304 306
7 1306 9628
7 1307 1640
7 1308 13503
7 1309 5068
7 1310 2231
7 1311 34871
7 1312 8955
7 1313 2828
7 1314 3984
7 1315 1451
7 1316 25148
7 1317 15576
7 1318 2090
7 1319 8227
7 1320 5895
7 1321 4686
7 1322 30832
7 1323 10242
7 1324 3341
7 1325 18123
7 1326 5474
7 1327 1549
7 1328 9478
7 1329 17209
7 1330 7514
7 1333 7196
7 1334 24229
7 1335 523
7 1336 8150
7 1337 1931
7 1338 7393
7 1339 14432
7 1340 5971
7 1341 42216
7 1342 20404
7 1345 595
7 1346 24774
7 1347 13380
7 1348 1065
7 1349 15499
7 1350 8058
7 1351 4770
7 1353 6598
7 1354 32524
7 1355 8018
7 1356 3624
7 1357 15276
7 1360 12979
7 1361 806
7 1362 34168
7 1363 11964
7 1364 18761
7 1365 900
7 1366 7578
7 1367 52323
7 1368 5885
7 1369 3743
7 1370 16771
7 1371 14392
7 1372 1473
7 1373 8082
7 1374 26824
7 1375 22565
7 1377 7421
7 1378 18225
7 1379 20794
7 1380 24651
7 1383 14111
7 1384 29616
7 1385 6638
7 1386 3964
7 1387 10309
7 1388 13392
7 1389 3428
7 1390 8448
7 1391 3206
7 1392 6175
7 1397 14746
7 1398 355
7 1399 15809
7 1400 7107
7 1401 10214
7 1403 18370
7 1404 4663
7 1405 31398
7 1406 12131
7 1407 183
7 1408 3516
7 1409 15016
7 1410 6488
7 1411 1425
7 1412 6367
7 1413 8191
7 1414 14284
7 1415 24384
7 1417 7445
7 1418 7098
7 1420 16078
7 1421 4659
7 1422 17218
7 1423 4880
7 1424 7695
7 1425 9233
7 1426 1057
7 1427 17571
7 1428 4664
7 1429 1727
7 1430 6262
7 1431 959
7 1432 11786
7 1433 12964
7 1434 4890
7 1435 16504
7 1436 22666
7 1437 18571
7 1438 3712
7 1439 306
7 1441 11036
7 1442 236
7 1443 1201
7 1444 18140
7 1445 13737
7 1446 20042
7 1448 13831
7 1449 26825
7 1450 998
7 1451 910
7 1452 14738
7 1453 1672
7 1454 2639
7 1455 22615
7 1456 8442
7 1457 26075
7 1459 1072
7 1460 6480
7 1462 22255
7 1463 336
7 1464 7006
7 1465 13722
7 1466 648
7 1467 21532
7 1468 28570
7 1470 4164
7 1471 25577
7 1472 6103
7 1473 21723
7 1474 6068
7 1476 3711
7 1477 924
7 1478 8667
7 1479 8180
7 1480 5565
7 1481 4682
7 1482 17134
7 1483 14446
7 1484 24099
7 1485 19322
7 1487 214
7 1488 34098
7 1489 3799
7 1490 28189
7 1491 5073
7 1492 3809
7 1493 8420
7 1494 10368
7 1495 5579
7 1496 108
7 1497 16344
7 1498 9665
7 1499 7
7 1500 5833
7 1501 8149
7 1502 11200
7 1503 4778
7 1504 7175
7 1505 427
7 1506 3065
7 1507 12139
7 1508 352
7 1509 4134
7 1510 9240
7 1512 2187
7 1513 35804
7 1514 11961
7 1515 4099
7 1516 4743
7 1517 7704
7 1518 4974
7 1520 3627
7 1522 19120
7 1523 26789
7 1524 15618
7 1526 26
7 1527 6747
7 1528 2941
7 1529 3620
7 1530 20630
7 1531 19471
7 1532 9880
7 1533 3627
7 1534 2797
7 1535 3461
7 1536 17768
7 1537 16420
7 1538 37389
7 1539 18156
7 1541 22726
7 1542 27017
7 1543 10990
7 1544 7255
7 1545 2062
7 1546 10086
7 1547 24630
7 1548 11851
7 1549 33697
7 1550 23868
7 1551 11210
7 1552 2989
7 1553 2213
7 1554 9132
7 1555 5331
7 1556 1002
7 1557 5789
7 1558 2647
7 1559 2512
7 1560 9018
7 1561 5983
7 1562 1745
7 1563 7588
7 1564 26553
7 1565 16056
7 1566 6192
7 1567 935
7 1570 6226
7 1571 6038
7 1572 3513
7 1574 2611
7 1575 6572
7 1576 8489
7 1577 1850
7 1578 11268
7 1579 697
7 1581 4688
7 1582 22018
7 1584 19146
7 1585 7123
7 1586 3836
7 1587 3051
7 1588 9447
7 1589 7995
7 1590 284
7 1591 20580
7 1592 4551
7 1593 8345
7 1594 5294
7 1595 6562
7 1598 11523
7 1599 908
7 1600 2711
7 1601 5205
7 1602 16023
7 1604 858
7 1605 7911
7 1606 16551
7 1608 15451
7 1610 1140
7 1611 8645
7 1612 2616
7 1613 3632
7 1614 9518
7 1615 30
7 1616 9139
7 1617 33420
7 1618 18801
7 1619 13845
7 1620 7308
7 1621 3746
7 1622 5540
7 1623 27020
7 1624 5168
7 1625 6899
7 1626 8249
7 1628 3583
7 1629 12199
7 1630 14810
7 1631 7064
7 1632 883
7 1633 9933
7 1634 8758
7 1635 12552
7 1636 18746
7 1637 1857
7 1638 9236
7 1639 7383
7 1640 6539
7 1641 40914
7 1642 3830
7 1643 6230
7 1644 946
7 1645 15530
7 1646 2890
7 1647 10147
7 1648 16549
7 1649 22595
7 1650 38
7 1652 3988
7 1653 2240
7 1654 11711
7 1655 11744
7 1656 5374
7 1658 11979
7 1659 1196
7 1660 21742
7 1661 24967
7 1662 11430
7 1663 32220
7 1664 3760
7 1666 16618
7 1667 9646
7 1669 2894
7 1670 38061
7 1671 12136
7 1672 9163
7 1673 4008
7 1675 7945
7 1676 7739
7 1678 15958
7 1680 14986
7 1681 192
7 1682 3021
7 1683 14195
7 1684 15121
7 1685 13813
7 1686 23691
7 1687 7321
7 1688 4630
7 1689 28214
7 1690 7312
7 1691 7097
7 1692 35826
7 1693 651
7 1694 21502
7 1695 12085
7 1696 11543
7 1697 17907
7 1698 10599
7 1699 5442
7 1701 4
7 1702 6355
7 1703 3852
7 1704 2604
7 1705 39592
7 1706 4727
7 1707 6630
7 1709 16942
7 1710 22345
7 1711 93
7 1712 14447
7 1713 3386
7 1714 1598
7 1715 19906
7 1716 4667
7 1717 9094
7 1719 127
7 1720 15874
7 1721 6915
7 1724 7635
7 1725 743
7 1726 9362
7 1727 1197
7 1728 24861
7 1729 11422
7 1730 5873
7 1732 5217
7 1733 3539
7 1734 12573
7 1735 9642
7 1736 341
7 1737 20651
7 1738 26303
7 1739 718
7 1740 348
7 1741 9654
7 1742 16076
7 1743 9210
7 1744 8484
7 1745 11505
7 1747 6687
7 1748 7245
7 1749 15568
7 1750 32585
7 1751 7269
7 1752 7788
7 1753 1713
7 1754 6207
7 1755 7469
7 1756 21131
7 1758 6079
7 1759 4488
7 1760 18842
7 1761 14848
7 1762 9814
7 1763 30560
7 1764 7668
7 1765 5058
7 1766 2480
7 1767 7034
7 1768 14085
7 1769 3194
7 1770 4454
7 1771 9991
7 1773 12380
7 1775 6040
7 1776 21428
7 1777 4105
7 1778 9492
7 1779 4463
7 1780 2603
7 1781 8882
7 1782 17941
7 1784 4676
7 1785 19780
7 1786 2343
7 1787 13367
7 1789 39397
7 1790 56
7 1791 21018
7 1792 2444
7 1794 22268
7 1795 8842
7 1796 390
7 1797 4291
7 1799 4169
7 1800 12592
7 1801 9895
7 1802 7204
7 1803 13099
7 1804 9704
7 1806 7285
7 1807 5638
7 1809 10865
7 1810 2848
7 1811 1205
7 1812 4646
7 1813 11911
7 1814 2493
7 1815 5095
7 1817 6475
7 1818 18986
7 1819 374
7 1820 7060
7 1821 2009
7 1822 27573
7 1823 18650
7 1824 27650
7 1826 15916
7 1827 13723
7 1828 22649
7 1830 5629
7 1831 35373
7 1832 23052
7 1833 5051
7 1834 2590
7 1835 10556
7 1836 17191
7 1838 10918
7 1840 8354
7 1841 20009
7 1842 13879
7 1844 7871
7 1845 2902
7 1846 2545
7 1847 5828
7 1849 6702
7 1850 798
7 1851 12017
7 1852 10
7 1853 11538
7 1854 5639
7 1855 1595
7 1856 17555
7 1857 5816
7 1858 5896
7 1859 12150
7 1861 3044
7 1862 5318
7 1863 20920
7 1864 25422
7 1865 27352
7 1866 16610
7 1867 11296
7 1868 11591
7 1869 233
7 1871 18542
7 1872 1795
7 1873 20153
7 1874 24335
7 1875 8581
7 1876 12059
7 1877 2110
7 1878 12046
7 1880 2081
7 1882 16230
7 1883 16653
7 1884 1275
7 1885 12250
7 1886 2578
7 1887 10552
7 1889 9849
7 1890 13415
7 1891 10101
7 1892 4336
7 1893 7916
7 1894 5262
7 1895 3715
7 1896 4825
7 1897 24810
7 1898 34814
7 1899 8652
7 1900 7731
7 1901 9174
7 1902 3960
7 1903 9975
7 1904 13211
7 1905 3428
7 1906 27591
7 1907 16691
7 1908 204
7 1909 1802
7 1910 2091
7 1911 19120
7 1913 9000
7 1914 4418
7 1915 7414
7 1916 6
7 1917 8220
7 1918 7932
7 1919 4080
7 1920 2389
7 1921 4097
7 1922 20071
7 1923 26424
7 1924 10396
7 1925 11913
7 1926 2622
7 1927 23568
7 1930 19340
7 1931 21042
7 1932 3044
7 1933 10163
7 1934 4673
7 1935 16257
7 1936 5537
7 1937 13030
7 1938 330
7 1939 3301
7 1940 6270
7 1941 7528
7 1942 4977
7 1943 8799
7 1944 7732
7 1945 528
7 1946 12994
7 1947 5958
7 1948 22673
7 1949 2873
7 1950 7510
7 1951 4442
7 1952 6119
7 1953 11161
7 1954 9381
7 1955 8511
7 1956 2523
7 1957 17340
7 1958 699
7 1959 20765
7 1960 8621
7 1961 3268
7 1962 245
7 1963 12641
7 1964 16295
7 1966 2591
7 1967 22700
7 1968 12347
7 1969 319
7 1970 8513
7 1971 5494
7 1973 2129
7 1974 3465
7 1975 25554
7 1976 40592
7 1977 24793
7 1978 16522
7 1979 35432
7 1980 1309
7 1981 8418
7 1982 14181
7 1984 17403
7 1985 23432
7 1986 10951
7 1987 16562
7 1988 6147
7 1989 9187
7 1990 5376
7 1991 10228
7 1992 19641
7 1993 3481
7 1994 6095
7 1995 14541
7 1996 2746
7 1997 7094
7 1998 10126
7 1999 1958
8 0 29902
8 1 6254
8 2 3564
8 4 4388
8 5 1911
8 6 19515
8 7 28257
8 8 7308
8 9 1325
8 10 650
8 11 8654
8 12 10691
8 13 9152
8 14 24839
8 15 6004
8 16 21690
8 17 14197
8 19 20153
8 20 5340
8 21 4442
8 22 13882
8 23 12153
8 24 16872
8 25 6841
8 27 8502
8 29 8231
8 30 3210
8 31 17277
8 32 6894
8 33 5175
8 34 4945
8 35 4013
8 36 16497
8 37 12843
8 38 2026
8 39 16163
8 40 5540
8 41 3667
8 42 22055
8 43 7168
8 44 17185
8 45 68
8 46 19225
8 48 6494
8 51 3783
8 53 261
8 54 2654
8 55 5907
8 56 12157
8 57 10424
8 59 1815
8 61 5296
8 62 16468
8 63 5932
8 64 3364
8 65 23038
8 66 3110
8 67 27711
8 69 4790
8 70 15872
8 71 10233
8 72 17580
8 73 10294
8 74 10364
8 75 19471
8 76 7973
8 77 9968
8 78 6544
8 79 7507
8 80 16531
8 81 17327
8 82 21999
8 83 15449
8 84 2867
8 85 6904
8 88 1121
8 89 7360
8 90 10549
8 91 5575
8 92 3436
8 93 24959
8 94 5169
8 95 489
8 96 1578
8 98 37524
8 99 7556
8 100 11218
8 101 701
8 102 7498
8 103 3908
8 104 3867
8 105 32542
8 107 9156
8 108 5002
8 109 14620
8 110 6755
8 111 11556
8 112 14596
8 113 2926
8 114 12173
8 115 21495
8 116 693
8 117 21280
8 118 14213
8 120 3727
8 121 4420
8 122 15940
8 124 23773
8 125 13464
8 126 15055
8 127 26037
8 128 7367
8 129 5322
8 130 10229
8 131 4192
8 132 17807
8 133 21861
8 134 22389
8 135 16901
8 136 3603
8 138 20954
8 139 5899
8 140 2618
8 141 6760
8 142 9504
8 143 8305
8 145 10586
8 146 4268
8 147 18732
8 148 2089
8 149 1740
8 150 22666
8 151 1883
8 152 9515
8 153 27362
8 154 9511
8 155 6713
8 156 21146
8 157 30854
8 158 7395
8 159 6003
8 160 13070
8 161 16608
8 162 19139
8 163 27
8 164 17428
8 165 6305
8 166 11024
8 167 15669
8 168 9081
8 169 15031
8 170 24110
8 171 22596
8 172 11947
8 175 5100
8 176 16838
8 177 18449
8 178 9013
8 179 4923
8 180 8373
8 182 10949
8 183 3859
8 185 5642
8 186 10489
8 187 18016
8 188 13144
8 189 5764
8 190 3242
8 191 23633
8 192 1005
8 193 6316
8 194 35724
8 195 4131
8 196 17960
8 198 4930
8 199 6096
8 200 3435
8 201 5606
8 202 1300
8 203 10183
8 204 689
8 205 17257
8 206 17029
8 207 8513
8 208 11458
8 209 5989
8 210 2163
8 211 5048
8 212 6893
8 213 3506
8 214 600
8 215 272
8 216 8259
8 217 4678
8 218 4657
8 219 8603
8 221 24580
8 222 571
8 223 18377
8 224 7533
8 225 8949
8 227 14758
8 228 34281
8 229 1762
8 230 10342
8 232 8060
8 233 9719
8 234 9581
8 235 7974
8 236 7130
8 238 4005
8 239 1947
8 240 10031
8 241 28258
8 242 2081
8 244 14160
8 245 23519
8 247 6498
8 248 8049
8 249 11488
8 250 480
8 251 307
8 254 7232
8 255 19948
8 256 6780
8 257 1232
8 258 13007
8 259 19638
8 260 9792
8 261 7989
8 262 3104
8 263 10553
8 264 4550
8 268 1209
8 269 5176
8 270 2511
8 271 2242
8 272 4774
8 273 7777
8 275 3398
8 276 5394
8 277 13129
8 278 17160
8 279 3115
8 280 1298
8 281 5580
8 282 16785
8 283 14634
8 284 10571
8 285 2842
8 286 24469
8 287 6685
8 288 3527
8 289 6996
8 291 10638
8 292 1390
8 294 6200
8 296 30442
8 298 9137
8 299 3505
8 300 14845
8 302 4114
8 303 13147
8 304 22731
8 305 11457
8 306 7048
8 307 8932
8 308 10748
8 309 6404
8 310 9993
8 311 17977
8 312 12893
8 313 19163
8 314 18499
8 316 1566
8 317 2408
8 318 29077
8 319 1957
8 320 4034
8 322 23278
8 323 2188
8 324 17288
8 327 7013
8 328 20933
8 329 25406
8 330 364
8 331 18756
8 332 9027
8 333 1401
8 334 5667
8 335 16089
8 336 8789
8 337 9883
8 338 8045
8 339 1112
8 340 15831
8 341 23547
8 343 5591
8 345 2158
8 346 31838
8 347 1623
8 349 4351
8 351 21471
8 352 5322
8 353 20838
8 354 7186
8 355 6935
8 356 23115
8 357 7498
8 358 4961
8 359 4719
8 360 11016
8 361 13764
8 362 6685
8 363 11997
8 364 3870
8 365 1235
8 366 14620
8 367 4179
8 368 642
8 369 17878
8 370 325
8 371 4776
8 374 22444
8 375 2118
8 376 25500
8 377 27291
8 378 5334
8 379 15428
8 380 5322
8 381 6094
8 382 5000
8 383 24514
8 384 31115
8 385 3539
8 386 21444
8 387 2841
8 388 201
8 389 8935
8 390 521
8 391 9627
8 392 133
8 394 280
8 395 2156
8 396 24731
8 397 3007
8 398 15812
8 399 35028
8 400 17395
8 401 14071
8 403 29427
8 404 7305
8 405 18425
8 406 10227
8 407 30150
8 408 527
8 409 8358
8 410 2671
8 411 1436
8 412 8576
8 413 1258
8 414 6362
8 416 4145
8 417 18171
8 419 1193
8 420 14642
8 422 8654
8 423 7233
8 424 10118
8 425 4264
8 426 36466
8 427 10189
8 428 7923
8 429 34127
8 430 5933
8 431 17216
8 432 14604
8 433 3328
8 435 20780
8 438 6025
8 439 4980
8 440 14409
8 441 7419
8 442 14628
8 443 21983
8 444 3788
8 445 7798
8 446 10625
8 449 5737
8 450 3044
8 451 17097
8 452 7812
8 453 2362
8 455 6289
8 456 17478
8 457 9260
8 458 7547
8 459 32935
8 461 8820
8 462 25726
8 463 22335
8 464 5291
8 465 18414
8 466 664
8 467 3864
8 468 6134
8 469 1300
8 470 3659
8 471 16549
8 472 30717
8 473 7581
8 474 16227
8 475 200
8 476 9234
8 477 23083
8 478 946
8 480 7439
8 481 7396
8 482 2486
8 483 25756
8 484 12627
8 485 30442
8 486 17719
8 487 32822
8 489 19763
8 490 4031
8 491 19132
8 492 1528
8 493 4244
8 494 13596
8 495 9312
8 496 921
8 497 10209
8 498 1441
8 499 4220
8 500 3868
8 501 15300
8 502 3844
8 503 21272
8 504 4276
8 505 25473
8 506 4481
8 508 4404
8 509 17036
8 510 28710
8 511 10155
8 512 3511
8 513 2840
8 514 524
8 515 10710
8 516 13868
8 518 9157
8 519 7848
8 520 20404
8 522 5683
8 523 2187
8 524 6114
8 525 4693
8 526 1957
8 527 7645
8 528 23371
8 530 25717
8 531 3142
8 532 4439
8 533 7862
8 534 9830
8 535 12628
8 536 2042
8 537 5165
8 538 10731
8 540 2716
8 541 30601
8 542 15825
8 543 4026
8 544 6738
8 545 8997
8 546 22537
8 547 8421
8 548 3799
8 549 1227
8 550 12403
8 551 18677
8 552 3089
8 553 1934
8 554 3431
8 555 16665
8 556 883
8 557 19135
8 558 24000
8 559 114
8 560 21335
8 561 5137
8 562 10091
8 563 2087
8 564 23865
8 565 8756
8 566 7482
8 567 9066
8 568 18503
8 569 16
8 570 24814
8 571 2223
8 573 7229
8 574 273
8 575 8353
8 576 7024
8 577 35434
8 578 5401
8 579 34364
8 580 14188
8 582 2892
8 583 2097
8 584 18953
8 585 10095
8 586 15914
8 587 18067
8 588 15485
8 589 7623
8 590 2680
8 591 1930
8 592 3969
8 593 15905
8 594 2349
8 595 13538
8 596 10699
8 597 26136
8 598 6856
8 599 5955
8 600 6371
8 602 20866
8 603 15231
8 604 917
8 605 4125
8 606 10999
8 607 6651
8 608 13972
8 609 18262
8 610 5334
8 611 3548
8 612 1139
8 613 21460
8 614 9886
8 615 6123
8 617 2444
8 618 11490
8 619 19118
8 621 24486
8 622 16263
8 623 4334
8 624 1726
8 625 5932
8 626 7740
8 627 4116
8 629 14072
8 630 7
8 631 4570
8 632 3132
8 633 11352
8 634 4139
8 635 3728
8 637 19423
8 638 8044
8 639 15201
8 640 796
8 641 2202
8 642 28967
8 643 3015
8 644 2332
8 645 18145
8 646 20123
8 647 16860
8 648 3445
8 649 14345
8 650 17816
8 651 33
8 652 6437
8 653 7367
8 654 107
8 655 4425
8 656 27616
8 658 50
8 659 22924
8 660 5212
8 661 11568
8 663 9320
8 664 2681
8 665 3240
8 666 2112
8 668 4502
8 670 2936
8 671 1423
8 672 14310
8 673 4205
8 674 9463
8 675 815
8 676 8570
8 677 13810
8 678 20725
8 679 5440
8 680 989
8 681 654
8 682 5941
8 683 21177
8 685 10360
8 686 5616
8 687 3025
8 688 8561
8 689 1446
8 691 7834
8 692 20338
8 693 27415
8 694 12180
8 695 14126
8 697 19885
8 698 5065
8 699 1473
8 700 58
8 701 2349
8 702 13440
8 703 17946
8 705 5511
8 707 16417
8 708 2650
8 709 13247
8 710 34532
8 711 11443
8 712 7903
8 713 6156
8 714 13506
8 715 3212
8 716 14533
8 718 22191
8 719 28907
8 721 3625
8 722 31420
8 723 3688
8 724 8073
8 725 2147
8 726 16054
8 728 33219
8 729 2114
8 730 10991
8 731 13373
8 732 5573
8 733 12937
8 734 8935
8 735 35986
8 736 19218
8 737 4292
8 738 407
8 740 472
8 741 1825
8 742 3206
8 743 16129
8 744 9879
8 745 1927
8 746 4239
8 748 16079
8 749 19238
8 750 30993
8 751 23856
8 752 3575
8 753 8021
8 754 28889
8 755 1619
8 756 15109
8 757 16608
8 758 15272
8 759 14146
8 761 6017
8 762 9198
8 763 3215
8 764 9687
8 765 825
8 766 35022
8 767 7408
8 768 7168
8 769 3005
8 770 3324
8 771 14483
8 772 14271
8 773 5293
8 774 18110
8 775 2037
8 776 4173
8 777 17798
8 779 20686
8 780 10087
8 781 1201
8 782 3235
8 783 7847
8 785 6179
8 786 23986
8 787 7611
8 788 3379
8 789 2936
8 790 2078
8 791 5119
8 792 9616
8 793 21727
8 794 5980
8 796 27400
8 798 9838
8 799 8707
8 800 3528
8 801 11988
8 802 21522
8 804 3078
8 805 1739
8 806 2397
8 807 10026
8 808 12689
8 809 2476
8 811 12970
8 813 7753
8 814 7322
8 815 4522
8 816 1580
8 817 4822
8 818 319
8 819 11318
8 821 250
8 822 7272
8 823 1309
8 825 20354
8 826 2580
8 827 6121
8 829 5830
8 830 6175
8 833 3113
8 834 36797
8 835 13770
8 836 12511
8 837 30434
8 840 8554
8 841 7012
8 842 388
8 843 2157
8 844 592
8 845 9294
8 846 18489
8 847 15315
8 848 10829
8 849 8870
8 850 180
8 851 278
8 852 12738
8 856 12095
8 857 28657
8 858 31083
8 859 4541
8 861 5668
8 863 27890
8 864 21153
8 865 8973
8 866 8314
8 867 5640
8 868 20392
8 869 1314
8 870 4693
8 871 6130
8 872 1666
8 873 5374
8 874 1634
8 875 20000
8 876 2014
8 877 655
8 878 7877
8 879 3849
8 880 4496
8 881 8
8 882 14339
8 883 4066
8 885 3975
8 886 13860
8 887 18126
8 888 7143
8 890 728
8 891 3713
8 892 15692
8 893 19142
8 894 28477
8 895 55
8 896 386
8 897 20832
8 898 8758
8 900 5528
8 901 11754
8 902 1849
8 903 2731
8 905 17771
8 906 2
8 907 6588
8 908 7382
8 909 1643
8 910 26283
8 911 4851
8 912 4050
8 913 7654
8 914 13533
8 915 2622
8 916 6972
8 917 3152
8 918 16602
8 919 2477
8 920 8289
8 921 5118
8 922 2493
8 923 4210
8 924 10805
8 925 8108
8 926 13857
8 927 784
8 928 5438
8 929 11913
8 930 4966
8 931 454
8 932 6144
8 933 4146
8 934 26354
8 935 3452
8 936 2498
8 937 258
8 938 4721
8 939 416
8 940 25756
8 941 8476
8 942 3076
8 943 19651
8 944 2452
8 945 7607
8 946 5992
8 947 16721
8 948 3379
8 949 925
8 951 13512
8 952 12976
8 953 146
8 954 1703
8 955 838
8 956 9140
8 957 16158
8 958 5542
8 960 2384
8 961 5602
8 963 5435
8 964 1210
8 965 9815
8 966 16816
8 968 10746
8 969 3952
8 970 15578
8 971 9435
8 973 9476
8 974 7103
8 975 5677
8 976 2412
8 977 39809
8 978 1367
8 979 22118
8 980 20471
8 981 3701
8 982 1250
8 983 4966
8 984 11581
8 985 11871
8 987 4915
8 988 17727
8 989 1367
8 990 6172
8 991 7524
8 992 12280
8 993 3552
8 994 19867
8 995 28645
8 996 6734
8 997 5742
8 998 8109
8 999 5994
8 1000 2162
8 1001 212
8 1002 17356
8 1003 8353
8 1004 11688
8 1005 3899
8 1006 1531
8 1007 15604
8 1008 1992
8 1009 28026
8 1010 26669
8 1011 9506
8 1012 3770
8 1014 294
8 1015 3313
8 1017 3659
8 1018 9795
8 1020 26446
8 1022 178
8 1023 28182
8 1024 18379
8 1025 29351
8 1026 12758
8 1027 246
8 1028 17242
8 1029 8259
8 1030 2085
8 1031 4023
8 1032 9621
8 1033 22357
8 1034 7352
8 1035 3749
8 1036 7179
8 1037 21315
8 1038 4479
8 1039 8520
8 1040 8592
8 1041 3520
8 1042 2070
8 1043 16732
8 1044 86
8 1046 5780
8 1047 18894
8 1048 20378
8 1049 528
8 1050 12653
8 1051 5381
8 1052 12258
8 1053 38
8 1054 28580
8 1055 526
8 1056 20878
8 1057 1964
8 1058 1395
8 1059 11781
8 1061 20829
8 1062 507
8 1063 112
8 1065 4254
8 1066 7299
8 1067 5742
8 1068 1543
8 1070 4206
8 1072 8186
8 1073 30413
8 1074 11816
8 1075 7713
8 1076 4745
8 1077 3438
8 1078 13368
8 1079 23755
8 1080 2405
8 1081 20013
8 1082 8649
8 1084 5066
8 1085 19691
8 1086 277
8 1087 14328
8 1088 3344
8 1089 8261
8 1090 17102
8 1091 7249
8 1092 24879
8 1093 6305
8 1094 2809
8 1095 10102
8 1096 291
8 1097 2770
8 1099 10742
8 1100 39365
8 1101 14699
8 1103 9124
8 1104 11641
8 1105 17425
8 1106 8680
8 1107 14806
8 1108 4170
8 1110 7975
8 1111 17596
8 1112 24280
8 1113 1334
8 1114 2542
8 1116 8658
8 1117 14047
8 1119 23559
8 1121 1564
8 1122 2910
8 1123 177
8 1124 5831
8 1125 8995
8 1126 341
8 1127 1365
8 1128 2401
8 1129 16480
8 1130 8270
8 1131 8830
8 1132 10000
8 1133 219
8 1134 26063
8 1135 2353
8 1136 17527
8 1138 6511
8 1139 214
8 1141 6555
8 1142 26097
8 1144 6145
8 1145 1801
8 1146 19997
8 1147 5465
8 1148 3752
8 1149 1256
8 1150 15674
8 1151 6698
8 1152 4841
8 1153 2625
8 1154 9394
8 1155 19202
8 1156 18477
8 1157 2135
8 1158 341
8 1159 16000
8 1160 2568
8 1161 9622
8 1162 3178
8 1163 11613
8 1164 25394
8 1165 6121
8 1166 4622
8 1168 8951
8 1169 427
8 1171 3180
8 1172 833
8 1173 9943
8 1174 6693
8 1175 16901
8 1176 8088
8 1177 12468
8 1178 4632
8 1179 11620
8 1180 13034
8 1181 3427
8 1182 20139
8 1183 22164
8 1184 6329
8 1185 7097
8 1186 2978
8 1187 1966
8 1188 303
8 1189 5125
8 1190 6169
8 1192 4151
8 1193 2165
8 1194 2589
8 1195 28291
8 1196 1521
8 1197 22318
8 1198 6864
8 1199 7855
8 1200 5592
8 1201 2239
8 1203 11238
8 1204 38553
8 1205 11199
8 1206 11178
8 1208 3177
8 1209 4505
8 1210 3616
8 1211 11776
8 1213 4928
8 1214 9328
8 1215 23766
8 1216 3853
8 1217 1562
8 1218 1982
8 1219 8697
8 1221 18606
8 1222 25324
8 1223 126
8 1224 12779
8 1225 3422
8 1226 18211
8 1227 7793
8 1228 10596
8 1229 20546
8 1230 4460
8 1231 2165
8 1232 239
8 1233 16121
8 1234 6582
8 1235 21956
8 1236 157
8 1237 43
8 1239 12089
8 1240 3585
8 1241 12247
8 1242 5017
8 1243 50
8 1244 8518
8 1245 8596
8 1247 5805
8 1248 22693
8 1250 783
8 1251 18436
8 1252 3145
8 1253 690
8 1254 15193
8 1255 1345
8 1256 7065
8 1257 8083
8 1258 2344
8 1259 19448
8 1260 2780
8 1261 23440
8 1262 9120
8 1263 12964
8 1264 19161
8 1265 12574
8 1266 20404
8 1267 10
8 1268 21314
8 1270 728
8 1271 3350
8 1272 1103
8 1273 5070
8 1274 8192
8 1275 3121
8 1276 304
8 1277 9942
8 1278 5852
8 1279 2983
8 1280 4682
8 1281 1054
8 1282 13940
8 1283 4600
8 1285 4289
8 1286 1276
8 1287 8009
8 1288 13510
8 1290 3911
8 1291 11367
8 1292 1575
8 1293 16156
8 1294 12501
8 1295 17571
8 1296 25770
8 1297 2731
8 1298 6170
8 1299 10773
8 1300 10442
8 1302 19330
8 1303 6282
8 1304 12654
8 1305 5290
8 1306 733
8 1307 25599
8 1308 2620
8 1309 40173
8 1310 179
8 1311 2089
8 1312 17522
8 1313 2881
8 1314 15827
8 1315 12395
8 1316 4651
8 1317 24582
8 1318 6545
8 1319 19902
8 1320 3447
8 1321 12467
8 1322 15419
8 1323 1093
8 1324 22367
8 1325 325
8 1326 7402
8 1328 19861
8 1329 2823
8 1330 2002
8 1331 245
8 1332 3417
8 1333 1952
8 1335 1206
8 1336 13303
8 1337 8905
8 1338 3444
8 1339 22597
8 1340 1818
8 1341 3563
8 1342 32973
8 1343 12386
8 1344 3135
8 1345 16641
8 1346 21329
8 1347 20798
8 1348 33610
8 1349 5284
8 1350 21316
8 1351 2200
8 1353 9250
8 1354 688
8 1355 18872
8 1356 2506
8 1357 19596
8 1359 28348
8 1360 110
8 1362 7691
8 1363 1427
8 1364 2704
8 1366 17173
8 1367 31
8 1368 3792
8 1369 4429
8 1370 29080
8 1372 11271
8 1373 8910
8 1374 5626
8 1375 2005
8 1376 15559
8 1377 36184
8 1378 14730
8 1379 12969
8 1380 5758
8 1382 12283
8 1383 19663
8 1384 2352
8 1385 1350
8 1386 6525
8 1387 1169
8 1388 7191
8 1389 1661
8 1390 890
8 1391 10804
8 1392 850
8 1393 1824
8 1394 3932
8 1395 10653
8 1396 5863
8 1397 2517
8 1398 6623
8 1399 5081
8 1400 2028
8 1401 8954
8 1402 3157
8 1403 4136
8 1404 9368
8 1405 4345
8 1406 5668
8 1407 3681
8 1408 10034
8 1409 17573
8 1410 69
8 1411 8860
8 1412 30469
8 1413 22890
8 1414 17135
8 1415 339
8 1416 495
8 1417 4162
8 1418 3769
8 1419 4146
8 1420 23932
8 1422 25416
8 1423 246
8 1424 15152
8 1425 5841
8 1427 4869
8 1428 1387
8 1429 22444
8 1430 13727
8 1431 296
8 1432 200
8 1433 2074
8 1434 3378
8 1435 20668
8 1436 20867
8 1437 1724
8 1438 10071
8 1439 57
8 1440 1638
8 1441 6376
8 1442 5482
8 1443 9
8 1445 18203
8 1446 12032
8 1447 18544
8 1448 6245
8 1449 19224
8 1450 85
8 1451 1461
8 1452 2210
8 1453 2422
8 1455 8243
8 1456 32547
8 1457 6740
8 1459 2407
8 1460 14807
8 1461 22367
8 1462 26383
8 1463 7354
8 1464 13275
8 1465 4520
8 1466 9446
8 1467 13203
8 1469 7352
8 1471 4141
8 1472 811
8 1473 5705
8 1474 6326
8 1475 2784
8 1476 28885
8 1477 11064
8 1478 6265
8 1479 5273
8 1481 2280
8 1482 4698
8 1483 6657
8 1484 1237
8 1486 223
8 1487 6883
8 1488 6178
8 1490 15315
8 1491 3048
8 1492 504
8 1493 2473
8 1494 3841
8 1495 27848
8 1496 28147
8 1497 30283
8 1498 6321
8 1499 15049
8 1500 28479
8 1503 9474
8 1504 8681
8 1505 4567
8 1506 7256
8 1507 2731
8 1508 864
8 1509 22833
8 1510 7119
8 1511 23171
8 1512 868
8 1513 208
8 1514 14038
8 1515 21858
8 1516 3669
8 1517 1545
8 1518 33122
8 1519 4763
8 1520 1628
8 1522 5423
8 1524 269
8 1525 2800
8 1527 15801
8 1528 18159
8 1529 1
8 1530 4578
8 1531 1835
8 1532 4804
8 1533 2110
8 1534 3259
8 1535 1665
8 1536 16863
8 1537 11716
8 1540 1707
8 1541 14311
8 1542 467
8 1543 6452
8 1544 5141
8 1545 7592
8 1546 3017
8 1547 5360
8 1548 20027
8 1549 2180
8 1550 3527
8 1551 21515
8 1552 4907
8 1553 271
8 1554 10123
8 1556 6708
8 1559 8686
8 1560 11138
8 1561 34408
8 1562 7244
8 1564 11621
8 1565 5245
8 1566 15596
8 1567 5263
8 1568 7312
8 1569 20356
8 1570 10309
8 1571 9777
8 1572 688
8 1573 37985
8 1574 5247
8 1575 7189
8 1576 22914
8 1577 27028
8 1578 2734
8 1579 11036
8 1580 68
8 1581 13951
8 1582 8387
8 1583 25148
8 1584 6787
8 1586 13837
8 1587 39
8 1589 11984
8 1590 20317
8 1591 2889
8 1592 19155
8 1593 4262
8 1594 2048
8 1595 113
8 1596 4967
8 1597 6609
8 1598 12786
8 1599 2977
8 1600 4175
8 1601 4320
8 1602 2175
8 1603 32856
8 1604 8178
8 1605 3852
8 1606 12116
8 1607 17905
8 1608 2575
8 1609 25738
8 1610 1974
8 1611 4756
8 1612 1452
8 1613 4727
8 1614 14376
8 1615 22207
8 1616 595
8 1617 4903
8 1618 8733
8 1619 18353
8 1620 2325
8 1621 24861
8 1622 1891
8 1623 3366
8 1624 13758
8 1625 14217
8 1626 20922
8 1627 9926
8 1628 11382
8 1629 37367
8 1630 9375
8 1631 2013
8 1632 10499
8 1633 2084
8 1634 2519
8 1635 22119
8 1636 8241
8 1637 25944
8 1638 552
8 1640 3148
8 1641 7812
8 1642 2205
8 1644 12131
8 1645 55
8 1646 64
8 1647 3963
8 1648 19781
8 1649 333
8 1650 9232
8 1651 2426
8 1652 2593
8 1653 2539
8 1654 7217
8 1655 9928
8 1656 7644
8 1657 17080
8 1658 25849
8 1659 4243
8 1660 8356
8 1661 16617
8 1662 3285
8 1663 5086
8 1664 9541
8 1665 2998
8 1666 825
8 1667 8010
8 1668 1542
8 1669 1191
8 1670 16088
8 1671 24001
8 1672 2356
8 1673 670
8 1674 1600
8 1675 6533
8 1676 41503
8 1677 8993
8 1678 8583
8 1679 74
8 1680 6582
8 1681 31208
8 1682 15582
8 1683 11342
8 1684 6815
8 1685 7906
8 1686 2981
8 1687 12585
8 1688 911
8 1689 6089
8 1690 25605
8 1691 15282
8 1692 16540
8 1693 1038
8 1694 10288
8 1695 266
8 1696 525
8 1697 33371
8 1698 28920
8 1699 1246
8 1700 27659
8 1701 13416
8 1702 2353
8 1703 55
8 1704 11737
8 1705 2836
8 1706 59
8 1707 9803
8 1708 4797
8 1709 11772
8 1710 13522
8 1711 4686
8 1712 8940
8 1713 11070
8 1714 22049
8 1715 3553
8 1717 106
8 1718 11575
8 1719 4745
8 1721 48
8 1722 3813
8 1723 19466
8 1724 13786
8 1725 6790
8 1726 5602
8 1727 8672
8 1728 83
8 1729 10493
8 1730 1558
8 1731 8251
8 1732 13092
8 1733 15131
8 1734 7739
8 1735 2477
8 1736 1268
8 1737 19238
8 1738 13444
8 1739 5362
8 1740 19532
8 1741 15853
8 1742 3673
8 1743 8309
8 1744 6950
8 1745 1256
8 1746 1165
8 1748 105
8 1749 4404
8 1750 10927
8 1752 2288
8 1754 1236
8 1755 3250
8 1756 4049
8 1757 24391
8 1758 3835
8 1759 5139
8 1760 2697
8 1761 6013
8 1762 3923
8 1763 304
8 1764 6276
8 1766 1502
8 1767 24737
8 1768 40425
8 1769 25715
8 1770 1501
8 1771 6295
8 1772 2388
8 1773 13452
8 1774 695
8 1775 17213
8 1777 21859
8 1778 7164
8 1779 21335
8 1780 16460
8 1781 19262
8 1782 1371
8 1783 12499
8 1784 28887
8 1785 8568
8 1786 3108
8 1787 20092
8 1788 15082
8 1789 6075
8 1790 6336
8 1791 21786
8 1792 7198
8 1794 18782
8 1795 8299
8 1796 325
8 1797 28244
8 1798 16181
8 1799 2462
8 1801 15203
8 1802 154
8 1803 11431
8 1804 17926
8 1805 2133
8 1806 7128
8 1807 4712
8 1808 490
8 1809 1052
8 1810 17193
8 1811 5737
8 1812 1432
8 1813 6185
8 1814 10535
8 1816 7409
8 1817 3544
8 1818 7826
8 1819 522
8 1820 16665
8 1821 2464
8 1822 2120
8 1823 2176
8 1824 1956
8 1825 7763
8 1827 18439
8 1828 21305
8 1829 7518
8 1830 6252
8 1831 7688
8 1832 6053
8 1833 16089
8 1834 3360
8 1835 17137
8 1836 3668
8 1837 13420
8 1838 19706
8 1839 12065
8 1840 20978
8 1843 2410
8 1844 6338
8 1845 4916
8 1846 6789
8 1847 2735
8 1848 20417
8 1851 3349
8 1852 22418
8 1853 17039
8 1854 30106
8 1855 2487
8 1856 9072
8 1857 7383
8 1858 22527
8 1859 28511
8 1860 11099
8 1861 6053
8 1862 10774
8 1863 19869
8 1864 6806
8 1865 45997
8 1866 2486
8 1867 24690
8 1868 2147
8 1869 8233
8 1870 14796
8 1871 8508
8 1872 3779
8 1873 1804
8 1874 7363
8 1875 3214
8 1876 10082
8 1877 306
8 1879 2302
8 1880 11509
8 1881 4983
8 1882 1481
8 1883 20139
8 1884 18235
8 1885 18771
8 1886 694
8 1887 15567
8 1888 5569
8 1890 8741
8 1891 10521
8 1892 15276
8 1893 2894
8 1894 7893
8 1895 13072
8 1896 1512
8 1897 6138
8 1898 24577
8 1899 514
8 1900 20806
8 1901 6300
8 1902 1739
8 1903 5268
8 1905 6375
8 1906 5526
8 1907 13154
8 1908 10431
8 1909 8073
8 1910 23814
8 1911 3447
8 1912 1012
8 1913 9300
8 1914 20500
8 1915 2697
8 1916 5706
8 1917 4706
8 1919 11149
8 1920 19487
8 1922 2470
8 1923 5893
8 1924 2538
8 1925 9390
8 1926 4041
8 1927 12388
8 1928 6836
8 1929 3616
8 1930 68
8 1931 10354
8 1932 3618
8 1933 32
8 1934 793
8 1935 22318
8 1936 10
8 1937 7298
8 1938 5599
8 1939 36558
8 1940 1432
8 1941 9950
8 1942 3338
8 1943 4215
8 1944 13073
8 1945 18517
8 1946 2297
8 1947 4493
8 1948 2217
8 1949 16803
8 1950 11188
8 1951 957
8 1953 703
8 1954 29055
8 1955 10746
8 1956 7792
8 1957 23489
8 1958 14886
8 1959 20691
8 1960 6658
8 1961 19145
8 1962 7934
8 1964 24067
8 1965 1406
8 1966 20541
8 1967 11307
8 1968 5324
8 1969 3307
8 1970 16525
8 1972 5188
8 1973 27370
8 1974 15101
8 1975 156
8 1976 25082
8 1977 3516
8 1978 16830
8 1979 33421
8 1980 11112
8 1981 457
8 1982 26526
8 1983 8633
8 1984 3828
8 1986 3374
8 1987 5081
8 1988 5706
8 1990 11828
8 1991 3553
8 1992 9335
8 1993 1695
8 1994 21616
8 1995 5465
8 1997 11510
8 1998 1983
8 1999 17465
9 0 10779
9 1 4363
9 2 22896
9 3 18861
9 5 15507
9 6 64
9 7 18378
9 8 2647
9 9 3155
9 10 35473
9 11 3399
9 12 11619
9 13 19954
9 14 17835
9 15 6578
9 16 4205
9 17 1538
9 18 3372
9 19 22553
9 20 5637
9 21 15
9 22 10275
9 23 2904
9 24 11109
9 25 4826
9 26 2874
9 27 14034
9 28 18894
9 29 8686
9 30 4956
9 31 16998
9 32 10910
9 33 24285
9 34 9628
9 35 5500
9 36 19157
9 37 13491
9 38 17476
9 41 16298
9 42 944
9 43 3259
9 44 1929
9 45 31189
9 46 26521
9 47 26189
9 48 1002
9 49 9985
9 50 16496
9 51 12668
9 52 11508
9 53 1016
9 54 13609
9 55 1160
9 56 3518
9 58 12577
9 59 3821
9 60 10474
9 61 22940
9 62 18793
9 63 7574
9 64 15517
9 65 2437
9 66 16138
9 67 15157
9 68 16382
9 69 19136
9 70 335
9 71 8804
9 72 2777
9 73 14784
9 74 7229
9 75 3170
9 76 20599
9 77 8063
9 78 7811
9 79 3679
9 80 6485
9 81 9219
9 82 4522
9 83 10792
9 84 952
9 85 2103
9 86 2431
9 87 393
9 88 530
9 89 7504
9 90 21889
9 91 18517
9 92 20198
9 93 10123
9 94 10521
9 96 3317
9 97 4640
9 99 10362
9 100 14990
9 101 8151
9 102 11234
9 103 7982
9 104 24323
9 106 9216
9 107 11548
9 108 3437
9 109 203
9 111 4420
9 114 11059
9 115 5416
9 117 12432
9 118 3308
9 120 10899
9 121 18168
9 122 3007
9 123 7474
9 124 17267
9 125 3584
9 126 6049
9 128 2136
9 129 23107
9 130 3446
9 131 9435
9 132 16437
9 133 13731
9 134 7623
9 135 3301
9 136 5118
9 137 1554
9 138 17816
9 139 14001
9 140 9975
9 141 23967
9 142 4958
9 143 3481
9 144 16002
9 145 5166
9 146 5664
9 148 10640
9 149 1382
9 150 7305
9 152 1158
9 153 2909
9 154 7225
9 155 6787
9 157 78
9 158 10977
9 160 361
9 161 9231
9 162 7370
9 163 2659
9 164 31240
9 166 28930
9 167 6703
9 168 18301
9 169 9264
9 170 2153
9 171 4437
9 172 10203
9 173 23654
9 174 1661
9 175 12590
9 176 24461
9 177 1370
9 178 9461
9 179 9694
9 180 1058
9 182 1825
9 183 10895
9 184 392
9 185 3893
9 186 3044
9 187 6921
9 188 18771
9 189 15628
9 190 1940
9 191 15241
9 192 11909
9 193 12788
9 194 12517
9 195 3859
9 196 5269
9 197 14350
9 198 5056
9 199 3937
9 200 2339
9 201 28175
9 202 2252
9 203 3407
9 204 8820
9 205 6243
9 206 7247
9 207 19110
9 209 8559
9 210 2781
9 211 10146
9 212 4784
9 214 3141
9 215 1578
9 216 19471
9 217 10179
9 218 10227
9 219 5845
9 220 5640
9 221 696
9 222 2379
9 223 1740
9 224 22755
9 225 13445
9 226 23817
9 227 5616
9 228 8300
9 229 7731
9 230 830
9 231 32312
9 232 34683
9 234 27519
9 235 7656
9 236 4280
9 237 5180
9 238 31817
9 239 27262
9 241 4714
9 242 18394
9 243 12007
9 244 22142
9 245 13961
9 246 4918
9 247 7191
9 248 8945
9 249 9342
9 250 283
9 251 1468
9 252 2592
9 255 2137
9 256 10757
9 257 21698
9 258 1047
9 260 14866
9 261 3100
9 262 4233
9 263 9155
9 264 29180
9 265 145
9 266 3229
9 267 18512
9 268 3875
9 269 2108
9 270 16011
9 272 14361
9 273 17239
9 274 11675
9 275 8613
9 276 21488
9 277 346
9 278 13142
9 280 1188
9 281 15846
9 282 1276
9 283 17186
9 284 16733
9 285 3819
9 286 1227
9 287 2760
9 288 4740
9 289 11430
9 290 3161
9 291 5280
9 292 13657
9 293 11624
9 294 14879
9 295 4520
9 296 13519
9 297 4936
9 298 16285
9 299 18
9 300 12819
9 301 1095
9 302 4219
9 303 4
9 304 7655
9 305 10534
9 306 3142
9 307 18610
9 308 6903
9 309 8021
9 310 17588
9 311 11592
9 312 15438
9 313 6962
9 314 18702
9 315 11152
9 316 7865
9 317 19377
9 318 8634
9 319 2116
9 320 1073
9 321 4252
9 322 3862
9 324 8239
9 326 4708
9 327 16970
9 329 3442
9 330 4364
9 331 8846
9 332 16520
9 333 26692
9 334 782
9 335 13322
9 336 18117
9 337 7074
9 338 15190
9 339 11913
9 340 9658
9 341 27996
9 342 7752
9 343 12614
9 344 367
9 346 1564
9 348 3415
9 349 3536
9 350 12038
9 352 3416
9 353 8632
9 354 629
9 355 3259
9 356 9010
9 357 1027
9 359 7927
9 360 6134
9 361 9751
9 362 3145
9 363 32048
9 364 4035
9 365 33283
9 366 4135
9 367 3058
9 368 5703
9 369 7060
9 370 6978
9 371 19804
9 372 16237
9 373 17868
9 374 33735
9 375 27698
9 376 40679
9 377 28
9 378 14237
9 379 22630
9 380 12992
9 382 7685
9 383 10401
9 384 7063
9 385 13140
9 386 14182
9 387 2923
9 388 19
9 389 24907
9 390 23889
9 391 1160
9 393 11674
9 394 13341
9 395 16053
9 396 31114
9 397 22999
9 398 24898
9 399 7577
9 400 7651
9 401 1058
9 403 9038
9 404 15398
9 405 9231
9 406 16168
9 407 37040
9 408 16873
9 409 4845
9 410 5273
9 411 5674
9 412 5008
9 413 303
9 414 25331
9 415 8907
9 416 3098
9 417 219
9 418 16760
9 420 16123
9 422 5275
9 423 1275
9 424 38682
9 425 33644
9 426 13108
9 427 7828
9 428 25842
9 429 5238
9 430 20434
9 431 1045
9 432 3463
9 433 748
9 434 10167
9 435 17689
9 436 2696
9 437 2454
9 438 1074
9 439 25210
9 441 13549
9 442 7433
9 443 12654
9 445 1934
9 446 5696
9 447 7756
9 448 2102
9 449 16817
9 450 1218
9 451 5442
9 452 18919
9 453 6799
9 454 7528
9 456 29659
9 457 28238
9 458 272
9 459 5386
9 460 15283
9 461 2682
9 462 4215
9 463 19857
9 464 2279
9 465 14864
9 466 298
9 467 8752
9 468 21308
9 469 4755
9 470 1633
9 471 939
9 472 4422
9 474 464
9 475 1726
9 476 4244
9 477 3173
9 478 11384
9 479 20030
9 480 3565
9 481 3105
9 482 7213
9 483 11171
9 484 20602
9 485 4274
9 486 26417
9 489 8697
9 490 6017
9 491 8889
9 493 18122
9 494 12439
9 495 364
9 496 1793
9 497 4353
9 498 6331
9 499 540
9 500 826
9 501 8662
9 502 13761
9 503 133
9 505 12176
9 506 9589
9 508 2470
9 509 4220
9 511 6557
9 512 9115
9 513 11519
9 515 1926
9 516 198
9 517 4687
9 518 8179
9 519 10218
9 521 3380
9 522 18936
9 523 12969
9 524 3733
9 525 9442
9 526 18624
9 527 2708
9 528 11640
9 529 7672
9 530 9965
9 531 2713
9 532 9375
9 533 4370
9 534 23606
9 535 7595
9 536 7875
9 537 279
9 538 4348
9 539 334
9 540 18429
9 542 23485
9 543 660
9 544 5533
9 545 2999
9 546 9161
9 547 7849
9 548 6099
9 550 6212
9 551 4120
9 552 46156
9 553 42041
9 554 196
9 556 12200
9 557 6121
9 558 4147
9 559 17845
9 560 35153
9 561 15958
9 562 3337
9 563 2782
9 564 15206
9 566 3999
9 567 20715
9 568 3642
9 569 827
9 570 496
9 571 10677
9 572 3952
9 573 5335
9 574 19473
9 575 14781
9 576 21688
9 577 15220
9 578 15784
9 579 12749
9 580 9013
9 581 16145
9 583 2012
9 585 2183
9 586 3081
9 587 12741
9 588 979
9 589 11316
9 590 12742
9 592 7608
9 593 10269
9 594 17628
9 595 348
9 597 3838
9 598 20207
9 599 22496
9 600 18836
9 601 5690
9 602 2195
9 603 11014
9 604 13996
9 605 3061
9 606 10596
9 607 23868
9 608 8728
9 609 6801
9 610 4700
9 611 39
9 612 34739
9 613 14738
9 614 27625
9 617 16208
9 618 20738
9 619 1856
9 620 11307
9 621 2956
9 622 6850
9 623 2521
9 624 19600
9 625 18849
9 627 2959
9 628 1692
9 629 16656
9 630 3169
9 631 1991
9 632 16536
9 633 10091
9 634 1008
9 635 23518
9 637 3248
9 638 16317
9 639 8964
9 641 8417
9 642 15662
9 643 19596
9 645 897
9 646 1415
9 647 3148
9 648 7267
9 649 5369
9 650 13446
9 651 15927
9 652 15596
9 653 25838
9 654 21763
9 655 169
9 656 17361
9 657 17356
9 658 10754
9 660 6515
9 661 11356
9 662 521
9 663 22829
9 664 501
9 665 24684
9 667 6552
9 668 2239
9 669 7566
9 670 9034
9 671 9954
9 672 8625
9 673 6447
9 674 10588
9 675 5115
9 676 763
9 677 2576
9 678 16129
9 679 3352
9 680 3198
9 681 2962
9 682 1073
9 683 206
9 684 1635
9 685 2653
9 686 6876
9 687 4008
9 688 4178
9 689 17991
9 691 5045
9 692 3924
9 693 15531
9 694 15274
9 696 8402
9 697 1111
9 698 1280
9 699 25351
9 700 6494
9 701 19542
9 702 10853
9 703 1135
9 704 2280
9 705 9240
9 706 5978
9 708 4038
9 709 486
9 710 11572
9 711 3442
9 712 29282
9 713 4429
9 714 5111
9 715 12712
9 716 5643
9 718 15486
9 719 16970
9 720 24015
9 721 9005
9 723 12545
9 724 23788
9 725 2698
9 727 2251
9 728 410
9 729 21835
9 730 4684
9 731 1939
9 732 4894
9 733 10875
9 734 4105
9 736 10557
9 738 21835
9 739 9487
9 740 12918
9 741 17838
9 742 33036
9 743 7202
9 745 427
9 746 10718
9 747 3614
9 748 18942
9 749 7075
9 751 6707
9 752 4934
9 753 14683
9 754 8472
9 756 25
9 757 688
9 758 21677
9 759 35608
9 760 10082
9 761 3493
9 763 16051
9 764 2326
9 765 7688
9 766 538
9 769 33786
9 770 8162
9 772 4485
9 774 56
9 775 7334
9 776 17771
9 777 15464
9 778 1587
9 779 3914
9 780 2008
9 781 2550
9 782 4268
9 783 22002
9 784 479
9 785 5341
9 786 19706
9 787 18421
9 788 6053
9 790 20239
9 791 4084
9 792 10273
9 793 3698
9 794 30815
9 795 15175
9 797 13643
9 798 16743
9 799 10910
9 800 3411
9 801 15255
9 802 1932
9 803 51
9 804 13278
9 805 3978
9 806 865
9 807 9665
9 808 11658
9 809 4961
9 810 6447
9 811 9119
9 812 18921
9 813 45138
9 814 10196
9 815 15879
9 816 2520
9 817 11563
9 818 5315
9 819 6379
9 820 1939
9 821 11385
9 823 7413
9 824 4489
9 825 4209
9 826 5117
9 827 11592
9 829 12324
9 830 8508
9 831 22256
9 832 11178
9 834 11335
9 835 11717
9 836 16830
9 837 7373
9 838 1725
9 839 21839
9 840 13477
9 841 4997
9 842 17738
9 843 32764
9 844 22240
9 845 8586
9 846 13054
9 847 13045
9 848 9910
9 849 261
9 850 20797
9 851 4991
9 852 7762
9 853 1523
9 854 24300
9 855 7297
9 857 31700
9 859 6895
9 860 1988
9 861 3983
9 863 8331
9 864 16721
9 865 27499
9 866 17803
9 868 8566
9 869 1884
9 870 801
9 871 868
9 872 6733
9 873 1750
9 874 14023
9 875 7861
9 876 2572
9 877 23100
9 879 5292
9 880 22927
9 881 3723
9 882 10461
9 883 335
9 884 2686
9 885 15
9 886 24297
9 887 12474
9 888 24082
9 889 7512
9 890 1811
9 891 1572
9 892 9629
9 893 13959
9 894 10856
9 895 144
9 896 15226
9 897 9062
9 898 28326
9 899 14759
9 900 4536
9 901 11701
9 902 5539
9 903 6938
9 904 2135
9 905 12976
9 906 3040
9 907 22759
9 908 6704
9 910 6346
9 913 6567
9 914 24621
9 915 7285
9 916 4923
9 917 9377
9 918 2320
9 920 7
9 921 2397
9 922 21755
9 923 4785
9 925 27609
9 926 3018
9 927 11758
9 928 8
9 929 5152
9 930 17457
9 931 1330
9 932 11205
9 933 15736
9 934 2117
9 935 5559
9 936 11251
9 937 4740
9 938 7962
9 939 17968
9 941 2765
9 943 6423
9 945 6977
9 946 13113
9 947 13420
9 948 666
9 950 26438
9 952 7799
9 953 37052
9 954 23001
9 955 21397
9 956 3324
9 958 15
9 959 14225
9 961 11016
9 962 10953
9 963 19785
9 964 7260
9 965 30271
9 966 4471
9 967 19493
9 968 31409
9 969 26112
9 970 18085
9 971 16461
9 972 6122
9 973 7516
9 974 2059
9 975 3929
9 976 5671
9 977 2297
9 978 9491
9 979 7342
9 980 6240
9 981 15858
9 982 11547
9 983 5938
9 984 29408
9 987 11272
9 988 2702
9 989 6377
9 990 4948
9 991 6255
9 993 18756
9 994 2188
9 995 3249
9 996 24518
9 998 9903
9 999 2311
9 1000 15421
9 1001 9248
9 1002 16181
9 1003 13014
9 1004 2310
9 1005 20866
9 1006 5317
9 1007 3093
9 1008 11323
9 1009 27325
9 1010 6535
9 1012 9491
9 1013 12954
9 1014 3385
9 1015 13559
9 1016 18750
9 1017 29465
9 1018 6827
9 1019 13907
9 1020 4730
9 1021 7436
9 1022 8107
9 1023 6930
9 1024 12065
9 1025 16782
9 1026 8354
9 1028 3102
9 1030 20299
9 1031 9493
9 1032 15171
9 1033 4838
9 1034 1988
9 1035 4138
9 1037 9016
9 1038 2373
9 1039 1086
9 1040 2284
9 1042 2934
9 1043 2940
9 1044 24142
9 1045 1693
9 1046 2847
9 1047 28462
9 1048 26610
9 1049 3868
9 1051 885
9 1052 14186
9 1054 10525
9 1055 28248
9 1056 1176
9 1057 578
9 1058 726
9 1059 6238
9 1060 2497
9 1061 7020
9 1062 9868
9 1063 22709
9 1064 11531
9 1065 1078
9 1066 4557
9 1068 470
9 1071 542
9 1073 3182
9 1074 15467
9 1075 17843
9 1076 1161
9 1077 24892
9 1078 28316
9 1079 16077
9 1080 15768
9 1081 17966
9 1082 15113
9 1083 33241
9 1084 9525
9 1086 1777
9 1087 19447
9 1088 1762
9 1089 10002
9 1090 2898
9 1091 6289
9 1092 7143
9 1094 3667
9 1095 28331
9 1096 6699
9 1097 8266
9 1098 9246
9 1099 16003
9 1100 50605
9 1101 5293
9 1102 374
9 1103 4643
9 1104 20228
9 1105 3487
9 1106 620
9 1107 32321
9 1108 11905
9 1109 3560
9 1110 6921
9 1111 487
9 1112 6770
9 1113 34000
9 1114 12634
9 1115 7613
9 1116 7992
9 1117 10614
9 1118 8412
9 1119 4079
9 1120 7784
9 1121 11828
9 1122 2641
9 1123 5074
9 1124 6988
9 1125 5088
9 1126 866
9 1127 22191
9 1128 5489
9 1129 5637
9 1130 2971
9 1131 8639
9 1132 27794
9 1133 21131
9 1134 839
9 1135 4692
9 1136 12863
9 1137 11850
9 1138 2785
9 1140 12170
9 1141 787
9 1142 199
9 1143 15961
9 1144 15502
9 1145 1790
9 1146 29505
9 1147 16361
9 1148 13562
9 1150 22180
9 1151 17750
9 1152 6741
9 1153 25665
9 1154 1183
9 1155 4817
9 1156 34657
9 1157 4273
9 1158 13342
9 1159 1301
9 1161 3224
9 1162 8450
9 1163 11481
9 1164 13470
9 1165 2041
9 1166 661
9 1167 2829
9 1168 2479
9 1169 9042
9 1171 9780
9 1172 4201
9 1173 12396
9 1174 42899
9 1175 10147
9 1176 5038
9 1177 29239
9 1178 27823
9 1179 20989
9 1180 9014
9 1181 2289
9 1182 21782
9 1183 23404
9 1184 3295
9 1185 10279
9 1187 6698
9 1188 12822
9 1189 2229
9 1190 4294
9 1191 6693
9 1194 2625
9 1196 3444
9 1197 3347
9 1198 3478
9 1199 3399
9 1200 15659
9 1201 12732
9 1202 20170
9 1203 9211
9 1204 980
9 1205 22073
9 1206 8507
9 1207 1923
9 1209 19151
9 1210 5072
9 1211 17515
9 1212 20676
9 1213 7104
9 1214 7620
9 1215 24794
9 1216 14892
9 1217 25886
9 1218 14168
9 1219 2141
9 1220 3655
9 1221 243
9 1222 13565
9 1223 7452
9 1224 283
9 1225 27545
9 1226 4015
9 1228 948
9 1229 9707
9 1230 11200
9 1231 8749
9 1232 8080
9 1233 2928
9 1234 3686
9 1235 4694
9 1236 1958
9 1237 2485
9 1238 2170
9 1239 127
9 1240 24842
9 1241 14159
9 1242 8614
9 1243 2408
9 1244 6128
9 1245 2970
9 1247 2222
9 1248 8284
9 1249 6409
9 1250 9652
9 1251 2583
9 1252 7307
9 1253 13363
9 1254 1293
9 1255 32609
9 1256 6913
9 1257 1387
9 1258 33976
9 1259 3739
9 1260 2235
9 1261 3345
9 1262 8103
9 1263 4897
9 1264 14588
9 1265 16897
9 1266 5230
9 1267 15043
9 1268 1739
9 1269 3036
9 1270 10470
9 1271 4798
9 1272 2469
9 1273 5698
9 1274 13413
9 1275 2671
9 1276 7952
9 1277 29438
9 1278 8799
9 1279 17799
9 1280 4845
9 1281 4431
9 1282 16517
9 1283 3926
9 1284 11468
9 1285 11041
9 1286 7215
9 1287 41
9 1288 3089
9 1289 2415
9 1290 692
9 1291 64
9 1292 6565
9 1293 10708
9 1294 182
9 1295 10119
9 1296 2545
9 1297 4753
9 1298 14548
9 1299 3482
9 1300 1884
9 1301 630
9 1303 2036
9 1305 5454
9 1306 8619
9 1307 817
9 1308 23610
9 1309 3190
9 1310 6180
9 1311 19257
9 1312 16204
9 1313 1862
9 1314 5416
9 1315 2597
9 1316 13288
9 1317 5134
9 1318 12862
9 1319 8577
9 1321 2362
9 1322 2595
9 1324 12794
9 1325 5011
9 1326 5439
9 1328 46276
9 1329 207
9 1330 5220
9 1331 16694
9 1333 2599
9 1334 12446
9 1335 19082
9 1336 9416
9 1337 13917
9 1338 9775
9 1339 17643
9 1340 33465
9 1342 3623
9 1343 9040
9 1344 2863
9 1345 22545
9 1346 3030
9 1347 39
9 1348 13040
9 1349 10828
9 1350 14096
9 1351 7298
9 1353 8995
9 1354 17682
9 1355 18314
9 1356 4561
9 1357 10783
9 1358 206
9 1359 8169
9 1360 5159
9 1361 3902
9 1363 1353
9 1364 5957
9 1365 3213
9 1366 632
9 1368 10812
9 1369 16553
9 1370 4238
9 1371 2123
9 1372 11031
9 1375 11302
9 1376 2934
9 1377 2073
9 1378 542
9 1379 15370
9 1380 37769
9 1381 9163
9 1382 3954
9 1383 1282
9 1384 23054
9 1386 13207
9 1387 7732
9 1388 11846
9 1389 51
9 1390 14882
9 1391 9714
9 1392 17705
9 1393 3592
9 1395 14015
9 1396 20696
9 1397 15054
9 1399 6234
9 1400 29456
9 1402 16190
9 1404 8599
9 1405 9328
9 1406 17653
9 1407 6487
9 1408 2087
9 1409 7878
9 1410 13091
9 1411 8510
9 1412 1177
9 1413 7299
9 1414 30625
9 1415 5045
9 1416 19604
9 1418 12823
9 1419 1890
9 1420 6945
9 1422 16824
9 1423 4301
9 1424 7290
9 1425 14961
9 1426 10520
9 1427 5728
9 1428 7139
9 1429 4709
9 1430 6967
9 1432 9164
9 1433 5702
9 1435 17481
9 1436 3217
9 1437 1502
9 1438 16566
9 1439 2097
9 1440 1634
9 1441 27582
9 1443 6088
9 1444 5314
9 1445 6190
9 1446 3404
9 1448 1268
9 1449 615
9 1450 13671
9 1451 3463
9 1452 3724
9 1453 7081
9 1454 22445
9 1455 2359
9 1456 17670
9 1457 18399
9 1458 9460
9 1459 3107
9 1460 7619
9 1461 7107
9 1462 5576
9 1463 15408
9 1464 4335
9 1465 21502
9 1466 8076
9 1467 4011
9 1468 30523
9 1471 10425
9 1472 29001
9 1473 1985
9 1475 5766
9 1476 8878
9 1477 299
9 1478 10158
9 1480 3473
9 1481 5147
9 1482 2092
9 1483 306
9 1484 12499
9 1485 2733
9 1486 8836
9 1487 13668
9 1489 27270
9 1490 19148
9 1491 5577
9 1492 15533
9 1493 1550
9 1494 19717
9 1495 3800
9 1496 15913
9 1497 18829
9 1498 2723
9 1499 9421
9 1500 375
9 1502 7425
9 1503 9843
9 1504 26345
9 1505 2631
9 1506 1408
9 1507 6789
9 1508 4601
9 1509 1673
9 1510 24061
9 1511 11314
9 1512 1663
9 1515 7582
9 1516 3552
9 1517 19174
9 1518 7397
9 1519 1027
9 1520 6390
9 1521 22440
9 1522 23516
9 1523 11064
9 1524 9763
9 1525 6636
9 1527 2572
9 1528 728
9 1529 7894
9 1531 24383
9 1532 7280
9 1533 1672
9 1534 26577
9 1535 1866
9 1536 20533
9 1537 20420
9 1538 164
9 1539 20056
9 1540 3728
9 1542 2706
9 1544 29708
9 1545 28731
9 1546 3285
9 1547 23806
9 1548 3058
9 1549 4206
9 1550 4829
9 1551 1724
9 1552 24708
9 1553 7134
9 1554 3408
9 1555 13710
9 1556 4671
9 1557 3902
9 1558 16418
9 1559 3013
9 1560 4196
9 1562 18817
9 1563 7349
9 1564 12328
9 1565 23258
9 1566 20198
9 1567 7966
9 1568 17412
9 1569 1776
9 1570 4930
9 1571 6283
9 1572 6921
9 1573 5965
9 1574 4844
9 1575 17196
9 1576 14166
9 1578 1011
9 1579 28523
9 1580 3290
9 1581 21283
9 1582 4910
9 1583 10123
9 1584 1412
9 1586 1590
9 1587 12256
9 1588 4775
9 1589 4122
9 1590 2783
9 1591 4049
9 1592 6158
9 1593 926
9 1594 13132
9 1595 28402
9 1596 3610
9 1597 5734
9 1598 18025
9 1600 28112
9 1601 1378
9 1603 24572
9 1604 3348
9 1605 3677
9 1606 13291
9 1608 3849
9 1609 5580
9 1611 28682
9 1612 7738
9 1613 14262
9 1614 30636
9 1615 17005
9 1616 13981
9 1618 32489
9 1619 1457
9 1620 17872
9 1621 2998
9 1622 13336
9 1623 7284
9 1624 2965
9 1625 34924
9 1626 2260
9 1627 1115
9 1628 4128
9 1631 9
9 1632 34347
9 1633 2224
9 1634 5247
9 1635 6970
9 1636 11891
9 1637 7302
9 1638 9506
9 1640 15844
9 1642 14229
9 1643 9194
9 1644 6331
9 1646 2295
9 1647 2317
9 1648 1798
9 1649 13117
9 1650 8654
9 1651 17442
9 1652 2880
9 1653 29079
9 1654 19
9 1656 17971
9 1657 16956
9 1659 4737
9 1660 3797
9 1661 2263
9 1662 6065
9 1664 25377
9 1665 10967
9 1666 7525
9 1667 4797
9 1668 25290
9 1669 11863
9 1670 6474
9 1672 6413
9 1675 18303
9 1676 16472
9 1677 22620
9 1678 1912
9 1679 15726
9 1680 16491
9 1681 41570
9 1682 21237
9 1683 3887
9 1684 16908
9 1685 13454
9 1686 7610
9 1687 21601
9 1688 108
9 1689 2719
9 1690 7777
9 1691 14890
9 1692 540
9 1693 4260
9 1694 1586
9 1695 213
9 1696 15337
9 1697 6853
9 1698 5912
9 1700 2811
9 1701 6837
9 1702 17716
9 1703 5413
9 1704 10242
9 1705 3155
9 1706 3347
9 1707 12487
9 1708 4733
9 1709 14947
9 1710 4610
9 1711 12601
9 1713 5648
9 1715 9975
9 1716 836
9 1717 13016
9 1718 10442
9 1719 7251
9 1720 17692
9 1722 6180
9 1723 15747
9 1724 11213
9 1725 15617
9 1726 8853
9 1727 21
9 1728 5041
9 1730 9973
9 1731 21067
9 1732 19739
9 1733 19915
9 1735 41876
9 1736 29925
9 1737 2611
9 1738 3433
9 1739 13532
9 1740 10616
9 1741 2231
9 1742 22317
9 1743 18137
9 1744 5018
9 1745 3064
9 1746 41380
9 1747 7276
9 1748 11354
9 1749 9664
9 1750 19500
9 1751 11219
9 1752 24033
9 1753 12338
9 1754 7037
9 1756 2745
9 1757 20106
9 1758 42797
9 1759 18175
9 1760 42152
9 1761 5753
9 1762 659
9 1764 22
9 1765 21449
9 1766 17820
9 1767 9923
9 1768 2862
9 1769 1643
9 1770 7202
9 1771 12166
9 1772 5001
9 1773 1659
9 1774 25762
9 1775 5592
9 1776 2969
9 1777 1118
9 1778 5326
9 1779 7031
9 1780 14932
9 1782 1331
9 1783 22376
9 1784 14967
9 1785 9296
9 1786 7116
9 1787 9273
9 1788 6447
9 1789 23450
9 1792 6103
9 1793 1025
9 1794 7495
9 1795 16532
9 1796 4382
9 1797 14325
9 1798 17242
9 1799 6404
9 1800 4106
9 1801 2691
9 1803 1555
9 1804 33631
9 1805 124
9 1806 1739
9 1807 16400
9 1808 16929
9 1809 1039
9 1810 14503
9 1811 7799
9 1812 4459
9 1814 4179
9 1815 18577
9 1817 804
9 1818 4020
9 1819 19664
9 1820 36377
9 1822 19084
9 1823 3503
9 1824 1194
9 1825 19644
9 1826 8510
9 1827 14165
9 1828 16537
9 1829 8633
9 1830 7593
9 1832 20223
9 1833 18158
9 1834 22649
9 1835 5408
9 1836 10556
9 1837 5491
9 1838 3258
9 1839 4603
9 1840 15318
9 1841 8476
9 1842 26615
9 1843 9113
9 1844 18636
9 1845 51954
9 1846 5796
9 1847 9873
9 1849 4370
9 1850 2015
9 1851 5294
9 1852 13747
9 1853 8916
9 1854 8699
9 1855 2591
9 1856 21410
9 1857 9041
9 1858 7487
9 1859 24284
9 1860 12652
9 1861 4507
9 1862 8152
9 1863 16607
9 1865 7878
9 1866 3696
9 1867 8239
9 1868 2017
9 1869 258
9 1871 7620
9 1872 5324
9 1873 650
9 1874 4402
9 1875 12154
9 1876 6604
9 1877 31540
9 1878 21295
9 1880 25574
9 1881 30831
9 1883 28488
9 1884 21627
9 1885 1300
9 1886 8586
9 1887 11575
9 1888 1083
9 1890 12150
9 1891 7985
9 1892 6866
9 1894 26726
9 1895 1978
9 1896 10971
9 1897 6288
9 1898 17366
9 1899 630
9 1900 14773
9 1901 24840
9 1902 24229
9 1903 2823
9 1904 27122
9 1905 6823
9 1906 22271
9 1907 21
9 1908 2675
9 1909 3145
9 1910 1891
9 1911 15239
9 1913 2352
9 1914 5832
9 1916 3053
9 1917 5034
9 1920 8697
9 1922 38288
9 1923 894
9 1924 8648
9 1925 4142
9 1927 4667
9 1928 9237
9 1930 17432
9 1931 2960
9 1932 7520
9 1933 1355
9 1934 4606
9 1935 18570
9 1936 2141
9 1937 21186
9 1938 7115
9 1939 7657
9 1940 9300
9 1941 7524
9 1942 22495
9 1943 3383
9 1944 6323
9 1945 5498
9 1947 1264
9 1948 154
9 1949 3051
9 1950 1509
9 1951 7663
9 1952 8440
9 1953 12395
9 1955 8240
9 1956 17674
9 1957 2411
9 1958 7366
9 1959 24041
9 1960 11537
9 1961 19941
9 1962 774
9 1963 7466
9 1964 7656
9 1965 6160
9 1966 20537
9 1967 7039
9 1969 6953
9 1970 6406
9 1971 5101
9 1972 1392
9 1973 5989
9 1974 279
9 1975 19843
9 1976 28366
9 1977 22196
9 1980 1484
9 1981 10839
9 1982 3460
9 1983 6404
9 1984 15285
9 1985 1204
9 1986 3331
9 1987 604
9 1988 1177
9 1990 15385
9 1991 11691
9 1992 14764
9 1993 7959
9 1994 17491
9 1995 10509
9 1996 5697
9 1997 10117
9 1998 5282
9 1999 34720
